date_time(UTC:PDT+7),raw_pressure(cm),barocorrected_pressure(cm),water_temperature(deg_C),discharge_flag
2024-08-21 18:00:00,787.59,29.28295710000009,13.426,0
2024-08-21 18:30:00,787.49,29.213548100000025,12.972,0
2024-08-21 19:00:00,787.34,29.189990899999998,12.91,0
2024-08-21 19:30:00,787.45,29.497812700000054,12.906,0
2024-08-21 20:00:00,787.27,29.30455660000007,12.924,0
2024-08-21 20:30:00,787.21,29.299620400000094,12.956,0
2024-08-21 21:00:00,787.08,29.35724520000008,12.998,0
2024-08-21 21:30:00,786.86,29.29937749999999,13.048,0
2024-08-21 22:00:00,786.74,29.38739630000009,13.098,0
2024-08-21 22:30:00,786.52,29.329528600000003,13.15,0
2024-08-21 23:00:00,786.27,29.277350400000046,13.202,0
2024-08-21 23:30:00,786.11,29.37227540000015,13.255,0
2024-08-22 00:00:00,785.92,29.312797000000046,13.308,0
2024-08-22 00:30:00,785.85,29.35394430000008,13.362,0
2024-08-22 01:00:00,785.74,29.311244500000043,13.42,0
2024-08-22 01:30:00,785.7,29.376273600000104,13.476,0
2024-08-22 02:00:00,785.63,29.304234199999996,13.53,0
2024-08-22 02:30:00,785.76,29.31696869999996,13.578,0
2024-08-22 03:00:00,785.78,29.352264200000036,13.619,0
2024-08-22 03:30:00,785.94,29.41335330000004,13.654,0
2024-08-22 04:00:00,786.11,29.413063400000055,13.686,0
2024-08-22 04:30:00,786.04,29.373654399999964,13.708,0
2024-08-22 05:00:00,785.93,29.420688199999972,13.725,0
2024-08-22 05:30:00,785.76,29.34450060000006,13.736,0
2024-08-22 06:00:00,785.53,29.357189199999993,13.739,0
2024-08-22 06:30:00,785.19,29.27517330000012,13.737,0
2024-08-22 07:00:00,785.21,29.27579900000012,13.72,0
2024-08-22 07:30:00,785.2,29.248464100000206,13.696,0
2024-08-22 08:00:00,785.28,29.283597299999997,13.661,0
2024-08-22 08:30:00,785.21,29.318626400000085,13.621,0
2024-08-22 09:00:00,784.94,29.29029530000014,13.569,0
2024-08-22 09:30:00,784.84,29.244339400000058,13.51,0
2024-08-22 10:00:00,784.7,29.240979200000083,13.446,0
2024-08-22 10:30:00,784.65,29.20321560000002,13.378,0
2024-08-22 11:00:00,784.5,29.160284100000013,13.305,0
2024-08-22 11:30:00,784.36,29.165081500000042,13.232,0
2024-08-22 12:00:00,784.28,29.15544079999995,13.154,0
2024-08-22 12:30:00,784.15,29.09478039999999,13.074,0
2024-08-22 13:00:00,784.1,29.082509300000083,12.989,0
2024-08-22 13:30:00,784.14,29.02971660000003,12.9,0
2024-08-22 14:00:00,784.2,29.03159370000003,12.809,0
2024-08-22 14:30:00,784.01,29.015962400000035,12.72,0
2024-08-22 15:00:00,783.91,28.96898680000004,12.638,0
2024-08-22 15:30:00,783.67,28.970655700000066,12.574,0
2024-08-22 16:00:00,783.34,28.91903380000008,12.548,0
2024-08-22 16:30:00,783.12,28.942742100000032,12.551,0
2024-08-22 17:00:00,783.15,28.92889500000001,12.572,0
2024-08-22 17:30:00,783.07,28.794850900000142,12.603,0
2024-08-22 18:00:00,783.0,28.717713000000003,12.645,0
2024-08-22 18:30:00,782.98,28.798663300000044,12.691,0
2024-08-22 19:00:00,782.93,28.81902260000004,12.738,0
2024-08-22 19:30:00,782.9,29.031711200000018,12.792,0
2024-08-22 20:00:00,782.8,28.88480500000003,12.85,0
2024-08-22 20:30:00,782.53,28.840158700000075,12.911,0
2024-08-22 21:00:00,782.6,28.92239510000013,12.974,0
2024-08-22 21:30:00,782.37,28.94222160000004,13.044,0
2024-08-22 22:00:00,782.46,29.23208280000017,13.112,0
2024-08-22 22:30:00,781.99,28.93441210000003,13.174,0
2024-08-22 23:00:00,782.02,29.17549000000008,13.234,0
2024-08-22 23:30:00,781.91,29.14502660000005,13.295,0
2024-08-23 00:00:00,781.73,29.085351200000105,13.353,0
2024-08-23 00:30:00,781.87,29.156011600000056,13.409,0
2024-08-23 01:00:00,781.82,29.143740500000035,13.465,0
2024-08-23 01:30:00,781.81,29.13476019999996,13.516,0
2024-08-23 02:00:00,781.86,29.13377520000006,13.566,0
2024-08-23 02:30:00,781.98,29.17015980000008,13.604,0
2024-08-23 03:00:00,782.01,29.18486429999996,13.634,0
2024-08-23 03:30:00,781.91,29.114435600000093,13.659,0
2024-08-23 04:00:00,781.8,29.175745199999938,13.674,0
2024-08-23 04:30:00,781.66,29.179522899999938,13.687,0
2024-08-23 05:00:00,781.63,29.187251800000126,13.693,0
2024-08-23 05:30:00,781.33,29.09425090000002,13.694,0
2024-08-23 06:00:00,781.32,29.144413200000145,13.689,0
2024-08-23 06:30:00,781.09,29.124471400000175,13.679,0
2024-08-23 07:00:00,781.0,29.072200300000077,13.654,0
2024-08-23 07:30:00,780.86,29.138179700000137,13.619,0
2024-08-23 08:00:00,780.5,29.07491240000013,13.58,0
2024-08-23 08:30:00,780.35,29.01260660000014,13.536,0
2024-08-23 09:00:00,780.28,28.99869010000009,13.483,0
2024-08-23 09:30:00,780.1,29.03078770000002,13.425,0
2024-08-23 10:00:00,779.92,28.93134400000008,13.365,0
2024-08-23 10:30:00,779.93,29.025979099999972,13.297,0
2024-08-23 11:00:00,779.85,28.93782150000004,13.228,0
2024-08-23 11:30:00,779.79,28.892097300000046,13.152,0
2024-08-23 12:00:00,779.65,28.88873710000007,13.078,0
2024-08-23 12:30:00,779.44,28.740938800000094,13.011,0
2024-08-23 13:00:00,779.44,28.72768270000006,12.942,0
2024-08-23 13:30:00,779.53,28.67594440000005,12.873,0
2024-08-23 14:00:00,779.45,28.69281590000014,12.805,0
2024-08-23 14:30:00,779.42,28.600614199999995,12.732,0
2024-08-23 15:00:00,779.5,28.571506300000124,12.651,0
2024-08-23 15:30:00,779.75,28.340207899999996,12.578,0
2024-08-23 16:00:00,780.06,28.477878600000054,12.546,0
2024-08-23 16:30:00,780.19,28.621134700000198,12.548,0
2024-08-23 17:00:00,780.35,28.516012700000033,12.569,0
2024-08-23 17:30:00,780.68,28.66348640000001,12.598,0
2024-08-23 18:00:00,780.75,28.45918710000001,12.636,0
2024-08-23 18:30:00,780.85,28.55102950000014,12.682,0
2024-08-23 19:00:00,781.0,28.757113000000004,12.731,0
2024-08-23 19:30:00,780.62,28.30981280000003,12.783,0
2024-08-23 20:00:00,780.99,28.431006000000025,12.841,0
2024-08-23 20:30:00,781.09,28.563636400000064,12.9,0
2024-08-23 21:00:00,780.94,28.510507900000107,12.954,0
2024-08-23 21:30:00,781.03,28.54646379999997,13.011,0
2024-08-23 22:00:00,780.86,28.450901900000076,13.06,0
2024-08-23 22:30:00,780.87,28.512906600000065,13.104,0
2024-08-23 23:00:00,780.48,28.422698400000172,13.135,0
2024-08-23 23:30:00,780.71,28.553787500000112,13.164,0
2024-08-24 00:00:00,780.77,28.64743759999999,13.185,0
2024-08-24 00:30:00,781.05,28.693926300000044,13.203,0
2024-08-24 01:00:00,780.89,28.718492000000083,13.221,0
2024-08-24 01:30:00,780.62,28.673845700000015,13.234,0
2024-08-24 02:00:00,780.52,28.5055258000001,13.238,0
2024-08-24 02:30:00,780.95,28.661226500000225,13.241,0
2024-08-24 03:00:00,780.74,28.559314700000073,13.238,0
2024-08-24 03:30:00,780.52,28.506545500000016,13.231,0
2024-08-24 04:00:00,780.52,28.559569900000042,13.211,0
2024-08-24 04:30:00,780.38,28.40631380000002,13.186,0
2024-08-24 05:00:00,780.3,28.512918900000045,13.155,0
2024-08-24 05:30:00,780.44,28.43980160000001,13.117,0
2024-08-24 06:00:00,780.7,28.490763100000095,13.071,0
2024-08-24 06:30:00,780.65,28.47951169999999,13.024,0
2024-08-24 07:00:00,780.69,28.374714300000164,12.972,0
2024-08-24 07:30:00,780.74,28.465502300000026,12.922,0
2024-08-24 08:00:00,780.66,28.38244320000001,12.876,0
2024-08-24 08:30:00,780.72,28.4434629000001,12.828,0
2024-08-24 09:00:00,780.23,28.40620970000009,12.779,0
2024-08-24 09:30:00,780.12,28.46649960000002,12.728,0
2024-08-24 10:00:00,780.22,28.489002400000118,12.683,0
2024-08-24 10:30:00,779.96,28.438040900000146,12.632,0
2024-08-24 11:00:00,780.12,28.455282900000157,12.583,0
2024-08-24 11:30:00,780.08,28.412223800000106,12.527,0
2024-08-24 12:00:00,780.07,28.302293200000122,12.467,0
2024-08-24 12:30:00,779.91,28.208573699999988,12.403,0
2024-08-24 13:00:00,780.01,28.166835399999968,12.336,0
2024-08-24 13:30:00,780.58,28.304482600000142,12.266,0
2024-08-24 14:00:00,780.37,28.427924500000017,12.2,0
2024-08-24 14:30:00,780.61,28.34162050000009,12.14,0
2024-08-24 15:00:00,780.73,28.434088599999995,12.084,0
2024-08-24 15:30:00,781.49,28.507830499999955,12.027,0
2024-08-24 16:00:00,782.19,28.670448600000213,11.96,0
2024-08-24 16:30:00,781.87,28.560506799999985,11.902,0
2024-08-24 17:00:00,782.22,28.576045200000067,11.86,0
2024-08-24 17:30:00,782.5,28.574608000000012,11.83,0
2024-08-24 18:00:00,782.68,28.627145500000097,11.81,0
2024-08-24 18:30:00,782.72,28.532545100000107,11.807,0
2024-08-24 19:00:00,782.82,28.649880000000167,11.81,0
2024-08-24 19:30:00,782.69,28.517840600000113,11.816,0
2024-08-24 20:00:00,782.81,28.57461920000003,11.825,0
2024-08-24 20:30:00,782.89,28.535314300000095,11.838,0
2024-08-24 21:00:00,782.96,28.636925000000133,11.859,0
2024-08-24 21:30:00,783.01,28.61452630000008,11.893,0
2024-08-24 22:00:00,783.03,28.74159480000003,11.927,0
2024-08-24 22:30:00,782.75,28.5758012,11.962,0
2024-08-24 23:00:00,782.57,28.51408640000011,11.991,0
2024-08-24 23:30:00,782.76,28.56642690000001,12.017,0
2024-08-25 00:00:00,782.86,28.61646159999998,12.04,0
2024-08-25 00:30:00,782.81,28.590934400000037,12.06,0
2024-08-25 01:00:00,782.47,28.52421400000003,12.08,0
2024-08-25 01:30:00,782.55,28.581780600000002,12.094,0
2024-08-25 02:00:00,782.42,28.40487440000004,12.101,0
2024-08-25 02:30:00,782.87,28.517353700000058,12.094,0
2024-08-25 03:00:00,783.22,28.620586300000127,12.077,0
2024-08-25 03:30:00,783.33,28.640852699999982,12.052,0
2024-08-25 04:00:00,783.57,28.591257900000187,12.026,0
2024-08-25 04:30:00,783.55,28.621223199999918,11.998,0
2024-08-25 05:00:00,783.58,28.648164100000145,11.965,0
2024-08-25 05:30:00,783.57,28.68710970000018,11.927,0
2024-08-25 06:00:00,783.6,28.7313855000001,11.884,0
2024-08-25 06:30:00,783.65,28.833390200000053,11.84,0
2024-08-25 07:00:00,783.69,28.836681000000112,11.79,0
2024-08-25 07:30:00,783.72,28.855464300000108,11.736,0
2024-08-25 08:00:00,783.67,28.898256999999944,11.679,0
2024-08-25 08:30:00,783.71,28.99026170000002,11.621,0
2024-08-25 09:00:00,783.8,29.006843300000014,11.557,0
2024-08-25 09:30:00,784.02,29.061651900000015,11.49,0
2024-08-25 10:00:00,784.2,29.100933300000065,11.425,0
2024-08-25 10:30:00,784.41,29.17429350000009,11.36,0
2024-08-25 11:00:00,784.63,29.18117619999998,11.294,0
2024-08-25 11:30:00,784.88,29.18848760000003,11.223,0
2024-08-25 12:00:00,785.08,29.258985700000153,11.151,0
2024-08-25 12:30:00,785.2,29.273956600000133,11.076,0
2024-08-25 13:00:00,785.24,29.331291500000134,10.999,0
2024-08-25 13:30:00,785.33,29.34175490000007,10.907,0
2024-08-25 14:00:00,785.57,29.38291340000012,10.821,0
2024-08-25 14:30:00,785.75,29.433411500000034,10.748,0
2024-08-25 15:00:00,785.77,29.431997799999976,10.679,0
2024-08-25 15:30:00,785.88,29.46144150000009,10.626,0
2024-08-25 16:00:00,785.79,29.472391800000082,10.608,0
2024-08-25 16:30:00,785.85,29.52321450000011,10.618,0
2024-08-25 17:00:00,785.98,29.521673200000123,10.64,0
2024-08-25 17:30:00,786.01,29.499668500000098,10.669,0
2024-08-25 18:00:00,786.03,29.500294199999985,10.706,0
2024-08-25 18:30:00,786.1,29.558057800000142,10.747,0
2024-08-25 19:00:00,786.09,29.563353300000017,10.799,0
2024-08-25 19:30:00,786.07,29.462797000000137,10.854,0
2024-08-25 20:00:00,786.1,29.43161500000008,10.913,0
2024-08-25 20:30:00,786.1,29.347999600000094,10.981,0
2024-08-25 21:00:00,786.23,29.366852300000005,11.051,0
2024-08-25 21:30:00,786.26,29.343827900000065,11.126,0
2024-08-25 22:00:00,786.36,29.306168400000047,11.198,0
2024-08-25 22:30:00,786.34,29.160745300000144,11.266,0
2024-08-25 23:00:00,786.39,29.116932899999938,11.335,0
2024-08-25 23:30:00,786.38,29.040652400000113,11.397,0
2024-08-26 00:00:00,786.54,29.014047300000016,11.459,0
2024-08-26 00:30:00,786.69,28.988658900000132,11.52,0
2024-08-26 01:00:00,786.67,28.81978270000002,11.579,0
2024-08-26 01:30:00,786.74,28.805147600000055,11.638,0
2024-08-26 02:00:00,786.79,28.678739500000006,11.693,0
2024-08-26 02:30:00,787.01,28.63055840000004,11.744,0
2024-08-26 03:00:00,787.29,28.578136200000017,11.79,0
2024-08-26 03:30:00,787.47,28.558275000000094,11.83,0
2024-08-26 04:00:00,787.69,28.512133300000187,11.869,0
2024-08-26 04:30:00,787.85,28.519178300000135,11.899,0
2024-08-26 05:00:00,787.94,28.462341500000093,11.922,0
2024-08-26 05:30:00,787.96,28.38954880000017,11.946,0
2024-08-26 06:00:00,787.84,28.297080700000038,11.963,0
2024-08-26 06:30:00,787.77,28.246455000000083,11.973,0
2024-08-26 07:00:00,787.78,28.184056300000066,11.979,0
2024-08-26 07:30:00,787.82,28.095574100000135,11.979,0
2024-08-26 08:00:00,787.81,28.05396339999993,11.972,0
2024-08-26 08:30:00,787.66,28.05080020000014,11.954,0
2024-08-26 09:00:00,787.61,28.028332100000057,11.93,0
2024-08-26 09:30:00,787.6,27.991819899999996,11.902,0
2024-08-26 10:00:00,787.56,27.946721400000115,11.867,0
2024-08-26 10:30:00,787.54,27.926721400000133,11.826,0
2024-08-26 11:00:00,787.4,27.851982200000066,11.78,0
2024-08-26 11:30:00,787.38,27.8085291000001,11.731,0
2024-08-26 12:00:00,787.39,27.770603200000096,11.674,0
2024-08-26 12:30:00,787.4,27.741854600000124,11.617,0
2024-08-26 13:00:00,787.61,27.70508719999998,11.557,0
2024-08-26 13:30:00,787.75,27.652363899999955,11.493,0
2024-08-26 14:00:00,787.89,27.671019600000022,11.428,0
2024-08-26 14:30:00,787.85,27.591251300000067,11.362,0
2024-08-26 15:00:00,787.82,27.530660300000022,11.298,0
2024-08-26 15:30:00,787.72,27.489802900000086,11.251,0
2024-08-26 16:00:00,787.67,27.428586199999927,11.235,0
2024-08-26 16:30:00,787.7,27.411680000000047,11.246,0
2024-08-26 17:00:00,787.78,27.39786760000004,11.274,0
2024-08-26 17:30:00,787.75,27.33523720000005,11.31,0
2024-08-26 18:00:00,787.88,27.39079909999998,11.352,0
2024-08-26 18:30:00,787.87,27.348168700000087,11.404,0
2024-08-26 19:00:00,787.67,27.286847899999998,11.462,0
2024-08-26 19:30:00,787.65,27.31069500000001,11.528,0
2024-08-26 20:00:00,787.58,27.237635900000214,11.6,0
2024-08-26 20:30:00,787.55,27.254542100000094,11.679,0
2024-08-26 21:00:00,787.41,27.10740420000002,11.765,0
2024-08-26 21:30:00,787.4,27.186118100000044,11.855,0
2024-08-26 22:00:00,787.23,27.106871400000045,11.941,0
2024-08-26 22:30:00,787.18,27.056871399999977,12.025,0
2024-08-26 23:00:00,787.17,27.083580600000005,12.105,0
2024-08-26 23:30:00,787.05,27.02068380000003,12.183,0
2024-08-27 00:00:00,787.05,27.01354589999994,12.252,0
2024-08-27 00:30:00,786.99,26.929073100000096,12.319,0
2024-08-27 01:00:00,787.0,26.911541199999988,12.381,0
2024-08-27 01:30:00,786.98,26.852792600000043,12.44,0
2024-08-27 02:00:00,786.99,26.868910800000094,12.492,0
2024-08-27 02:30:00,787.24,26.86602520000008,12.539,0
2024-08-27 03:00:00,787.33,26.865271900000153,12.578,0
2024-08-27 03:30:00,787.5,26.85274560000005,12.611,0
2024-08-27 04:00:00,787.63,26.875677100000075,12.638,0
2024-08-27 04:30:00,787.64,26.852027000000135,12.66,0
2024-08-27 05:00:00,787.71,26.954657400000087,12.677,0
2024-08-27 05:30:00,787.68,26.894066400000042,12.687,0
2024-08-27 06:00:00,787.68,26.918539200000055,12.693,0
2024-08-27 06:30:00,787.64,26.93462270000009,12.696,0
2024-08-27 07:00:00,787.56,26.886233399999924,12.694,0
2024-08-27 07:30:00,787.58,26.885839400000123,12.683,0
2024-08-27 08:00:00,787.5,26.850706200000104,12.664,0
2024-08-27 08:30:00,787.39,26.86612930000001,12.633,0
2024-08-27 09:00:00,787.2,26.897404200000096,12.593,0
2024-08-27 09:30:00,787.12,26.843916400000012,12.542,0
2024-08-27 10:00:00,786.97,26.852989600000114,12.487,0
2024-08-27 10:30:00,786.74,26.839165999999977,12.431,0
2024-08-27 11:00:00,786.64,26.826860200000056,12.372,0
2024-08-27 11:30:00,786.66,26.79587520000007,12.313,0
2024-08-27 12:00:00,786.7,26.810382700000105,12.258,0
2024-08-27 12:30:00,786.68,26.743476500000043,12.201,0
2024-08-27 13:00:00,786.73,26.72311720000016,12.145,0
2024-08-27 13:30:00,786.71,26.70107780000012,12.083,0
2024-08-27 14:00:00,786.67,26.669235399999934,12.015,0
2024-08-27 14:30:00,786.66,26.6612748,11.946,0
2024-08-27 15:00:00,786.66,26.598053400000026,11.879,0
2024-08-27 15:30:00,786.4,26.54301309999994,11.83,0
2024-08-27 16:00:00,786.19,26.50228330000016,11.815,0
2024-08-27 16:30:00,786.15,26.449027200000046,11.825,0
2024-08-27 17:00:00,786.03,26.428957800000035,11.853,0
2024-08-27 17:30:00,786.07,26.405736400000137,11.89,0
2024-08-27 18:00:00,785.98,26.366721400000188,11.938,0
2024-08-27 18:30:00,785.86,26.375203600000077,11.993,0
2024-08-27 19:00:00,785.76,26.28336120000006,12.056,0
2024-08-27 19:30:00,785.68,26.364473799999928,12.131,0
2024-08-27 20:00:00,785.54,26.192863100000068,12.21,0
2024-08-27 20:30:00,785.49,26.243813400000022,12.298,0
2024-08-27 21:00:00,785.38,26.164404399999967,12.393,0
2024-08-27 21:30:00,785.32,26.147231800000213,12.493,0
2024-08-27 22:00:00,785.26,26.133118300000092,12.586,0
2024-08-27 22:30:00,785.03,26.059132399999953,12.675,0
2024-08-27 23:00:00,784.98,26.005053599999997,12.758,0
2024-08-27 23:30:00,784.79,25.91294479999999,12.834,0
2024-08-28 00:00:00,784.71,25.932875400000057,12.907,0
2024-08-28 00:30:00,784.57,25.856096800000046,12.973,0
2024-08-28 01:00:00,784.51,25.799155900000073,13.033,0
2024-08-28 01:30:00,784.55,25.834057400000006,13.094,0
2024-08-28 02:00:00,784.57,25.831624000000147,13.139,0
2024-08-28 02:30:00,784.59,25.772087400000032,13.185,0
2024-08-28 03:00:00,784.78,25.81117180000001,13.22,0
2024-08-28 03:30:00,784.99,25.777463500000067,13.247,0
2024-08-28 04:00:00,785.18,25.77677959999994,13.263,0
2024-08-28 04:30:00,785.26,25.799676399999953,13.275,0
2024-08-28 05:00:00,785.2,25.79575990000012,13.279,0
2024-08-28 05:30:00,785.21,25.824114500000064,13.275,0
2024-08-28 06:00:00,785.21,25.828193300000066,13.264,0
2024-08-28 06:30:00,785.13,25.87361640000006,13.241,0
2024-08-28 07:00:00,785.09,25.85808920000011,13.212,0
2024-08-28 07:30:00,785.2,25.934439100000077,13.179,0
2024-08-28 08:00:00,785.2,25.91302540000015,13.15,0
2024-08-28 08:30:00,785.15,25.963975700000105,13.113,0
2024-08-28 09:00:00,785.15,26.002724300000068,13.079,0
2024-08-28 09:30:00,785.11,25.994335000000092,13.037,0
2024-08-28 10:00:00,785.15,26.026177399999938,12.996,0
2024-08-28 10:30:00,785.05,25.997556400000008,12.948,0
2024-08-28 11:00:00,784.88,26.003964500000166,12.895,0
2024-08-28 11:30:00,784.7,25.995274100000074,12.837,0
2024-08-28 12:00:00,784.72,26.016293800000085,12.775,0
2024-08-28 12:30:00,784.74,25.95981630000017,12.71,0
2024-08-28 13:00:00,784.84,25.99047670000016,12.646,0
2024-08-28 13:30:00,784.95,25.95975810000016,12.576,0
2024-08-28 14:00:00,785.04,25.922295599999984,12.504,0
2024-08-28 14:30:00,785.01,25.911669900000106,12.433,0
2024-08-28 15:00:00,784.89,25.86712769999997,12.368,0
2024-08-28 15:30:00,784.68,25.821299400000044,12.318,0
2024-08-28 16:00:00,784.48,25.796687799999972,12.298,0
2024-08-28 16:30:00,784.4,25.754416700000093,12.303,0
2024-08-28 17:00:00,784.32,25.793721600000026,12.327,0
2024-08-28 17:30:00,784.31,25.709283500000083,12.362,0
2024-08-28 18:00:00,784.34,25.76681540000004,12.405,0
2024-08-28 18:30:00,784.24,25.719839800000045,12.46,0
2024-08-28 19:00:00,783.95,25.585853900000075,12.524,0
2024-08-28 19:30:00,783.69,25.660315500000138,12.601,0
2024-08-28 20:00:00,783.66,25.580350199999998,12.686,0
2024-08-28 20:30:00,783.54,25.57047780000005,12.776,0
2024-08-28 21:00:00,783.5,25.631428100000107,12.876,0
2024-08-28 21:30:00,783.34,25.520373700000164,12.976,0
2024-08-28 22:00:00,783.27,25.52583149999998,13.08,0
2024-08-28 22:30:00,783.16,25.596318400000087,13.173,0
2024-08-28 23:00:00,783.03,25.455101700000114,13.259,0
2024-08-28 23:30:00,783.03,25.47447599999998,13.337,0
2024-08-29 00:00:00,783.06,25.429018199999973,13.412,0
2024-08-29 00:30:00,782.99,25.37941220000016,13.48,0
2024-08-29 01:00:00,782.87,25.290003200000115,13.542,0
2024-08-29 01:30:00,783.03,25.330698299999995,13.596,0
2024-08-29 02:00:00,783.24,25.337778000000185,13.638,0
2024-08-29 02:30:00,783.28,25.305379300000027,13.676,0
2024-08-29 03:00:00,783.53,25.32492710000008,13.703,0
2024-08-29 03:30:00,783.69,25.300361400000043,13.722,0
2024-08-29 04:00:00,783.92,25.333559299999934,13.733,0
2024-08-29 04:30:00,784.0,25.35747580000009,13.737,0
2024-08-29 05:00:00,784.07,25.33876190000001,13.731,0
2024-08-29 05:30:00,784.14,25.363895100000036,13.719,0
2024-08-29 06:00:00,784.3,25.43925999999999,13.7,0
2024-08-29 06:30:00,784.24,25.46899360000009,13.674,0
2024-08-29 07:00:00,784.34,25.54554050000013,13.641,0
2024-08-29 07:30:00,784.48,25.598866000000157,13.598,0
2024-08-29 08:00:00,784.5,25.670870700000023,13.556,0
2024-08-29 08:30:00,784.57,25.734752500000127,13.514,0
2024-08-29 09:00:00,784.52,25.81629380000004,13.468,0
2024-08-29 09:30:00,784.61,25.893037700000036,13.42,0
2024-08-29 10:00:00,784.67,25.900013299999955,13.364,0
2024-08-29 10:30:00,784.73,25.919225300000107,13.306,0
2024-08-29 11:00:00,784.71,25.93695420000006,13.251,0
2024-08-29 11:30:00,784.85,25.96376750000013,13.193,0
2024-08-29 12:00:00,784.91,25.995215900000062,13.142,0
2024-08-29 12:30:00,785.0,25.998541400000022,13.087,0
2024-08-29 13:00:00,784.99,25.947753400000124,13.032,0
2024-08-29 13:30:00,785.22,25.961577000000034,12.978,0
2024-08-29 14:00:00,785.36,25.930267400000048,12.921,0
2024-08-29 14:30:00,785.45,25.93053380000015,12.86,0
2024-08-29 15:00:00,785.51,25.92119420000006,12.8,0
2024-08-29 15:30:00,785.4,25.900927799999977,12.749,0
2024-08-29 16:00:00,785.45,25.90912010000011,12.722,0
2024-08-29 16:30:00,785.42,25.911750499999926,12.722,0
2024-08-29 17:00:00,785.47,25.926061000000118,12.749,0
2024-08-29 17:30:00,785.48,25.845307700000035,12.793,0
2024-08-29 18:00:00,785.37,25.789351800000077,12.851,0
2024-08-29 18:30:00,785.36,25.758957800000076,12.92,0
2024-08-29 19:00:00,785.27,25.703627600000118,12.99,0
2024-08-29 19:30:00,785.24,25.819444699999963,13.064,0
2024-08-29 20:00:00,785.09,25.650070400000118,13.143,0
2024-08-29 20:30:00,785.07,25.704508500000202,13.233,0
2024-08-29 21:00:00,785.04,25.72039499999994,13.33,0
2024-08-29 21:30:00,784.92,25.643222400000013,13.432,0
2024-08-29 22:00:00,784.78,25.62456670000006,13.527,0
2024-08-29 22:30:00,784.71,25.57088190000013,13.622,0
2024-08-29 23:00:00,784.74,25.612098599999968,13.712,0
2024-08-29 23:30:00,784.96,25.779074200000082,13.797,0
2024-08-30 00:00:00,784.88,25.504311500000085,13.876,0
2024-08-30 00:30:00,784.97,25.57799630000011,13.948,0
2024-08-30 01:00:00,785.08,25.48915480000005,14.011,0
2024-08-30 01:30:00,785.26,25.56310600000006,14.064,0
2024-08-30 02:00:00,785.38,25.62396339999998,14.112,0
2024-08-30 02:30:00,785.53,25.676072200000135,14.151,0
2024-08-30 03:00:00,785.81,25.770486799999958,14.179,0
2024-08-30 03:30:00,786.11,25.816581499999984,14.202,0
2024-08-30 04:00:00,786.28,25.819350700000086,14.211,0
2024-08-30 04:30:00,786.48,25.886789700000122,14.219,0
2024-08-30 05:00:00,786.64,25.8989332000001,14.216,0
2024-08-30 05:30:00,786.79,25.972455699999955,14.208,0
2024-08-30 06:00:00,786.9,26.054923800000097,14.193,0
2024-08-30 06:30:00,787.03,26.080914400000097,14.173,0
2024-08-30 07:00:00,787.14,26.19091440000011,14.149,0
2024-08-30 07:30:00,787.15,26.26821460000008,14.117,0
2024-08-30 08:00:00,787.12,26.336105800000155,14.079,0
2024-08-30 08:30:00,787.09,26.469257800000037,14.035,0
2024-08-30 09:00:00,787.03,26.495932299999936,13.983,0
2024-08-30 09:30:00,787.08,26.525538300000107,13.936,0
2024-08-30 10:00:00,787.05,26.58221279999998,13.883,0
2024-08-30 10:30:00,787.06,26.600370399999974,13.828,0
2024-08-30 11:00:00,787.07,26.586917300000096,13.767,0
2024-08-30 11:30:00,787.08,26.60609460000012,13.699,0
2024-08-30 12:00:00,787.13,26.620405100000085,13.631,0
2024-08-30 12:30:00,787.2,26.64247920000014,13.559,0
2024-08-30 13:00:00,787.18,26.588829100000112,13.487,0
2024-08-30 13:30:00,787.35,26.608933200000138,13.416,0
2024-08-30 14:00:00,787.58,26.619697700000074,13.345,0
2024-08-30 14:30:00,787.81,26.620265200000063,13.279,0
2024-08-30 15:00:00,787.86,26.582571000000144,13.217,0
2024-08-30 15:30:00,787.84,26.566649800000164,13.163,0
2024-08-30 16:00:00,787.86,26.499975300000074,13.135,0
2024-08-30 16:30:00,787.9,26.556290500000046,13.132,0
2024-08-30 17:00:00,787.96,26.594876800000065,13.149,0
2024-08-30 17:30:00,787.91,26.4969509,13.179,0
2024-08-30 18:00:00,787.98,26.468039999999974,13.222,0
2024-08-30 18:30:00,788.01,26.51843400000007,13.28,0
2024-08-30 19:00:00,787.93,26.423138499999936,13.344,0
2024-08-30 19:30:00,787.8,26.520531600000027,13.414,0
2024-08-30 20:00:00,787.63,26.416812100000016,13.497,0
2024-08-30 20:30:00,787.63,26.505526000000145,13.581,0
2024-08-30 21:00:00,787.56,26.561968800000045,13.668,0
2024-08-30 21:30:00,787.65,26.62341719999995,13.747,0
2024-08-30 22:00:00,787.48,26.467693000000054,13.818,0
2024-08-30 22:30:00,787.5,26.542756800000006,13.881,0
2024-08-30 23:00:00,787.31,26.530184600000098,13.939,0
2024-08-30 23:30:00,787.56,26.7291995999999,13.994,0
2024-08-31 00:00:00,787.57,26.653544800000077,14.047,0
2024-08-31 00:30:00,787.58,26.69923430000017,14.091,0
2024-08-31 01:00:00,787.78,26.8635448,14.129,0
2024-08-31 01:30:00,787.74,26.835781200000042,14.166,0
2024-08-31 02:00:00,787.99,26.891018500000087,14.198,0
2024-08-31 02:30:00,788.27,26.949743600000147,14.222,0
2024-08-31 03:00:00,788.62,27.02340490000006,14.243,0
2024-08-31 03:30:00,788.9,27.113740699999994,14.253,0
2024-08-31 04:00:00,789.13,27.16325380000012,14.258,0
2024-08-31 04:30:00,789.29,27.282465800000068,14.255,0
2024-08-31 05:00:00,789.46,27.348456400000146,14.246,0
2024-08-31 05:30:00,789.6,27.418097100000068,14.23,0
2024-08-31 06:00:00,789.57,27.50332320000018,14.209,0
2024-08-31 06:30:00,789.36,27.479928300000097,14.181,0
2024-08-31 07:00:00,789.38,27.511145000000056,14.146,0
2024-08-31 07:30:00,789.39,27.582326999999964,14.1,0
2024-08-31 08:00:00,789.5,27.63216470000009,14.053,0
2024-08-31 08:30:00,789.41,27.689001500000018,13.999,0
2024-08-31 09:00:00,789.27,27.685641300000043,13.941,0
2024-08-31 09:30:00,789.17,27.746753900000044,13.883,0
2024-08-31 10:00:00,789.09,27.719778300000144,13.824,0
2024-08-31 10:30:00,788.98,27.726024100000018,13.769,0
2024-08-31 11:00:00,788.84,27.744077600000082,13.708,0
2024-08-31 11:30:00,788.74,27.71647630000018,13.641,0
2024-08-31 12:00:00,788.68,27.719697699999983,13.575,0
2024-08-31 12:30:00,788.54,27.719396599999982,13.502,0
2024-08-31 13:00:00,788.63,27.69926899999996,13.426,0
2024-08-31 13:30:00,788.86,27.740624500000195,13.346,0
2024-08-31 14:00:00,789.14,27.771817700000156,13.269,0
2024-08-31 14:30:00,789.09,27.743231400000127,13.194,0
2024-08-31 15:00:00,789.1,27.723660100000075,13.13,0
2024-08-31 15:30:00,789.0,27.698098200000004,13.076,0
2024-08-31 16:00:00,788.95,27.68378770000004,13.046,0
2024-08-31 16:30:00,788.99,27.67892089999998,13.046,0
2024-08-31 17:00:00,789.08,27.755664799999977,13.063,0
2024-08-31 17:30:00,789.08,27.67408880000005,13.094,0
2024-08-31 18:00:00,789.19,27.6851779000001,13.134,0
2024-08-31 18:30:00,788.95,27.61750720000009,13.184,0
2024-08-31 19:00:00,789.01,27.844738000000007,13.245,0
2024-08-31 19:30:00,788.43,27.585943499999985,13.314,0
2024-08-31 20:00:00,788.38,27.772513900000035,13.385,0
2024-08-31 20:30:00,788.26,27.772838500000148,13.46,0
2024-08-31 21:00:00,788.04,27.70987230000003,13.535,0
2024-08-31 21:30:00,787.8,27.79005810000001,13.61,0
2024-08-31 22:00:00,787.65,27.744067500000142,13.689,0
2024-08-31 22:30:00,787.75,27.846106899999995,13.77,0
2024-08-31 23:00:00,787.61,27.820313300000066,13.842,0
2024-08-31 23:30:00,787.73,27.926037500000007,13.912,0
2024-09-01 00:00:00,787.71,27.82752060000007,13.975,0
2024-09-01 00:30:00,787.95,27.987984000000097,14.033,0
2024-09-01 01:00:00,788.26,27.874808499999972,14.081,0
2024-09-01 01:30:00,788.13,28.04460030000007,14.113,0
2024-09-01 02:00:00,788.05,28.08084610000003,14.143,0
2024-09-01 02:30:00,788.25,28.10953649999999,14.168,0
2024-09-01 03:00:00,788.59,28.275167800000077,14.181,0
2024-09-01 03:30:00,789.05,28.401725900000088,14.196,0
2024-09-01 04:00:00,789.38,28.54716020000012,14.203,0
2024-09-01 04:30:00,789.65,28.709072000000106,14.21,0
2024-09-01 05:00:00,789.65,28.825317799999993,14.207,0
2024-09-01 05:30:00,789.74,29.017287800000076,14.204,0
2024-09-01 06:00:00,789.78,29.122548600000073,14.195,0
2024-09-01 06:30:00,789.68,29.212212799999975,14.18,0
2024-09-01 07:00:00,789.5,29.099513000000115,14.165,0
2024-09-01 07:30:00,789.35,28.946453900000165,14.139,0
2024-09-01 08:00:00,789.14,28.784379800000124,14.104,0
2024-09-01 08:30:00,788.88,28.73137889999998,14.067,0
2024-09-01 09:00:00,788.69,28.639270100000203,14.019,0
2024-09-01 09:30:00,788.48,28.53327950000005,13.967,0
2024-09-01 10:00:00,788.37,28.550742000000128,13.913,0
2024-09-01 10:30:00,788.24,28.524751400000127,13.853,0
2024-09-01 11:00:00,788.06,28.424288000000047,13.792,0
2024-09-01 11:30:00,787.96,28.473164200000156,13.728,0
2024-09-01 12:00:00,787.99,28.515400600000135,13.663,0
2024-09-01 12:30:00,787.86,28.47411450000004,13.594,0
2024-09-01 13:00:00,787.85,28.43862200000001,13.524,0
2024-09-01 13:30:00,787.83,28.437996300000123,13.451,0
2024-09-01 14:00:00,787.91,28.45681430000002,13.378,0
2024-09-01 14:30:00,787.85,28.376420300000177,13.304,0
2024-09-01 15:00:00,787.97,28.45155350000016,13.238,0
2024-09-01 15:30:00,788.02,28.342480300000034,13.177,0
2024-09-01 16:00:00,788.0,28.316362100000106,13.146,0
2024-09-01 16:30:00,788.04,28.268667900000082,13.141,0
2024-09-01 17:00:00,788.21,28.376466200000095,13.151,0
2024-09-01 17:30:00,788.17,28.349722300000053,13.173,0
2024-09-01 18:00:00,788.21,28.218412700000044,13.206,0
2024-09-01 18:30:00,788.02,28.065121900000122,13.249,0
2024-09-01 19:00:00,788.04,28.220742000000087,13.293,0
2024-09-01 19:30:00,788.08,28.26787990000014,13.355,0
2024-09-01 20:00:00,787.61,28.000800200000185,13.425,0
2024-09-01 20:30:00,787.9,28.419282400000043,13.499,0
2024-09-01 21:00:00,787.66,28.208853699999963,13.569,0
2024-09-01 21:30:00,787.59,28.138853700000027,13.649,0
2024-09-01 22:00:00,787.45,28.40265490000013,13.729,0
2024-09-01 22:30:00,787.2,28.068019800000116,13.807,0
2024-09-01 23:00:00,787.17,28.344949499999984,13.876,0
2024-09-01 23:30:00,787.1,28.309619300000122,13.932,0
2024-09-02 00:00:00,787.1,28.296363200000087,13.989,0
2024-09-02 00:30:00,787.12,28.44688480000002,14.042,0
2024-09-02 01:00:00,787.07,28.448889500000064,14.09,0
2024-09-02 01:30:00,787.17,28.479549900000052,14.134,0
2024-09-02 02:00:00,787.12,28.429549900000097,14.18,0
2024-09-02 02:30:00,787.12,28.41731350000009,14.219,0
2024-09-02 03:00:00,787.26,28.44820560000005,14.251,0
2024-09-02 03:30:00,787.41,28.45034910000004,14.271,0
2024-09-02 04:00:00,787.59,28.516142700000046,14.287,0
2024-09-02 04:30:00,787.65,28.512921300000016,14.296,0
2024-09-02 05:00:00,787.73,28.55723180000018,14.306,0
2024-09-02 05:30:00,787.79,28.518320899999935,14.307,0
2024-09-02 06:00:00,787.88,28.62361640000006,14.303,0
2024-09-02 06:30:00,787.9,28.583454100000154,14.296,0
2024-09-02 07:00:00,787.9,28.590592000000015,14.282,0
2024-09-02 07:30:00,787.82,28.650290900000073,14.263,0
2024-09-02 08:00:00,787.63,28.63873840000008,14.237,0
2024-09-02 08:30:00,787.44,28.57824030000006,14.206,0
2024-09-02 09:00:00,787.31,28.5981362,14.168,0
2024-09-02 09:30:00,787.17,28.579480500000045,14.122,0
2024-09-02 10:00:00,787.0,28.603223500000126,14.073,0
2024-09-02 10:30:00,786.83,28.548449600000026,14.018,0
2024-09-02 11:00:00,786.8,28.57045430000005,13.96,0
2024-09-02 11:30:00,786.75,28.554104400000142,13.899,0
2024-09-02 12:00:00,786.62,28.494463700000097,13.834,0
2024-09-02 12:30:00,786.58,28.50238960000013,13.768,0
2024-09-02 13:00:00,786.57,28.418971200000215,13.702,0
2024-09-02 13:30:00,786.62,28.464892400000053,13.634,0
2024-09-02 14:00:00,786.79,28.499272300000143,13.563,0
2024-09-02 14:30:00,786.81,28.37141579999991,13.497,0
2024-09-02 15:00:00,786.87,28.34474130000001,13.435,0
2024-09-02 15:30:00,786.92,28.347835099999998,13.378,0
2024-09-02 16:00:00,786.95,28.269746900000086,13.345,0
2024-09-02 16:30:00,787.07,28.27859960000012,13.33,0
2024-09-02 17:00:00,787.3,28.359723400000007,13.333,0
2024-09-02 17:30:00,787.19,28.282353800000124,13.343,0
2024-09-02 18:00:00,787.18,28.315181199999984,13.36,0
2024-09-02 18:30:00,787.29,28.37113709999994,13.38,0
2024-09-02 19:00:00,787.29,28.407846300000074,13.411,0
2024-09-02 19:30:00,787.23,28.389654000000064,13.448,0
2024-09-02 20:00:00,787.23,28.397811600000182,13.496,0
2024-09-02 20:30:00,787.22,28.579515200000174,13.549,0
2024-09-02 21:00:00,787.01,28.40214560000004,13.598,0
2024-09-02 21:30:00,787.08,28.6607901000001,13.64,0
2024-09-02 22:00:00,786.94,28.753281700000116,13.676,0
2024-09-02 22:30:00,787.03,28.677070600000093,13.711,0
2024-09-02 23:00:00,787.19,28.864602500000046,13.747,0
2024-09-02 23:30:00,787.11,28.87433610000005,13.78,0
2024-09-03 00:00:00,786.92,28.63131169999997,13.807,0
2024-09-03 00:30:00,786.89,28.812389600000074,13.836,0
2024-09-03 01:00:00,786.94,28.826700100000153,13.855,0
2024-09-03 01:30:00,786.97,28.861798600000157,13.871,0
2024-09-03 02:00:00,786.92,29.023896199999967,13.884,0
2024-09-03 02:30:00,787.0,28.968276100000026,13.89,0
2024-09-03 03:00:00,787.2,28.8847995000001,13.898,0
2024-09-03 03:30:00,787.44,29.009573400000136,13.895,0
2024-09-03 04:00:00,787.58,29.03230790000009,13.891,0
2024-09-03 04:30:00,787.74,29.02303770000003,13.884,0
2024-09-03 05:00:00,787.79,28.9853435,13.874,0
2024-09-03 05:30:00,787.99,29.06501890000004,13.863,0
2024-09-03 06:00:00,787.98,29.114161500000023,13.845,0
2024-09-03 06:30:00,787.97,29.10722060000012,13.825,0
2024-09-03 07:00:00,787.96,29.1278116000002,13.799,0
2024-09-03 07:30:00,788.0,29.18718590000003,13.768,0
2024-09-03 08:00:00,787.9,29.137151200000062,13.733,0
2024-09-03 08:30:00,787.8,29.174810699999966,13.694,0
2024-09-03 09:00:00,787.7,29.15128820000018,13.649,0
2024-09-03 09:30:00,787.71,29.170465500000205,13.601,0
2024-09-03 10:00:00,787.79,29.190303200000017,13.549,0
2024-09-03 10:30:00,787.9,29.268692500000157,13.494,0
2024-09-03 11:00:00,787.88,29.249712199999976,13.434,0
2024-09-03 11:30:00,787.88,29.222180300000105,13.373,0
2024-09-03 12:00:00,787.94,29.282180300000164,13.309,0
2024-09-03 12:30:00,788.1,29.293304100000114,13.249,0
2024-09-03 13:00:00,788.28,29.33870370000011,13.181,0
2024-09-03 13:30:00,788.41,29.311669900000084,13.111,0
2024-09-03 14:00:00,788.61,29.35259670000005,13.04,0
2024-09-03 14:30:00,788.63,29.309375299999942,12.97,0
2024-09-03 15:00:00,788.62,29.30549350000001,12.899,0
2024-09-03 15:30:00,788.54,29.186744900000008,12.839,0
2024-09-03 16:00:00,788.71,29.157903400000123,12.811,0
2024-09-03 16:30:00,788.8,29.20099719999996,12.805,0
2024-09-03 17:00:00,788.89,29.214519700000096,12.815,0
2024-09-03 17:30:00,788.92,29.195574100000044,12.836,0
2024-09-03 18:00:00,789.08,29.330081600000085,12.863,0
2024-09-03 18:30:00,789.0,29.350012200000037,12.898,0
2024-09-03 19:00:00,789.09,29.412480300000084,12.94,0
2024-09-03 19:30:00,789.04,29.506258000000003,12.99,0
2024-09-03 20:00:00,788.98,29.386095700000055,13.049,0
2024-09-03 20:30:00,789.0,29.447903400000087,13.114,0
2024-09-03 21:00:00,788.8,29.329479400000082,13.181,0
2024-09-03 21:30:00,788.94,29.55207510000014,13.256,0
2024-09-03 22:00:00,788.8,29.52934060000007,13.332,0
2024-09-03 22:30:00,788.75,29.606803100000093,13.397,0
2024-09-03 23:00:00,788.84,29.691704600000094,13.467,0
2024-09-03 23:30:00,788.81,29.634172699999908,13.528,0
2024-09-04 00:00:00,788.69,29.533547000000112,13.592,0
2024-09-04 00:30:00,788.8,29.57420740000009,13.654,0
2024-09-04 01:00:00,789.04,29.606188599999996,13.714,0
2024-09-04 01:30:00,789.15,29.681518799999935,13.772,0
2024-09-04 02:00:00,789.23,29.695238300000142,13.826,0
2024-09-04 02:30:00,789.42,29.696593800000073,13.878,0
2024-09-04 03:00:00,789.54,29.741135999999983,13.92,0
2024-09-04 03:30:00,789.76,29.781668800000034,13.957,0
2024-09-04 04:00:00,789.95,29.7993395000002,13.99,0
2024-09-04 04:30:00,790.2,29.8453995000001,14.014,0
2024-09-04 05:00:00,790.32,29.90625690000013,14.032,0
2024-09-04 05:30:00,790.29,29.91806459999998,14.043,0
2024-09-04 06:00:00,790.28,29.945793500000036,14.051,0
2024-09-04 06:30:00,790.41,29.941193100000078,14.049,0
2024-09-04 07:00:00,790.53,29.939848799999936,14.044,0
2024-09-04 07:30:00,790.48,30.012212800000043,14.032,0
2024-09-04 08:00:00,790.42,29.932838500000116,14.011,0
2024-09-04 08:30:00,790.4,29.943429500000093,13.982,0
2024-09-04 09:00:00,790.32,29.908296300000075,13.942,0
2024-09-04 09:30:00,790.3,29.90665089999993,13.897,0
2024-09-04 10:00:00,790.36,29.917705299999966,13.84,0
2024-09-04 10:30:00,790.25,29.86684790000004,13.782,0
2024-09-04 11:00:00,790.2,29.8453995000001,13.728,0
2024-09-04 11:30:00,790.16,29.86352240000008,13.67,0
2024-09-04 12:00:00,790.29,29.891552400000023,13.613,0
2024-09-04 12:30:00,790.32,29.87158710000017,13.549,0
2024-09-04 13:00:00,790.39,29.86103079999998,13.485,0
2024-09-04 13:30:00,790.51,29.854588000000035,13.416,0
2024-09-04 14:00:00,790.76,29.810914400000115,13.347,0
2024-09-04 14:30:00,790.91,29.76819110000008,13.274,0
2024-09-04 15:00:00,790.9,29.78266389999999,13.204,0
2024-09-04 15:30:00,790.91,29.691713599999957,13.143,0
2024-09-04 16:00:00,790.93,29.644413400000076,13.106,0
2024-09-04 16:30:00,790.93,29.71069389999991,13.098,0
2024-09-04 17:00:00,790.89,29.605433100000027,13.103,0
2024-09-04 17:30:00,790.96,29.598955600000068,13.118,0
2024-09-04 18:00:00,790.91,29.565270800000008,13.141,0
2024-09-04 18:30:00,791.05,29.762374000000023,13.163,0
2024-09-04 19:00:00,791.1,29.759349600000064,13.195,0
2024-09-04 19:30:00,791.07,29.770137600000112,13.233,0
2024-09-04 20:00:00,791.07,29.778295200000116,13.279,0
2024-09-04 20:30:00,791.05,29.738920899999925,13.331,0
2024-09-04 21:00:00,791.16,29.731655400000022,13.391,0
2024-09-04 21:30:00,791.21,29.801029700000072,13.46,0
2024-09-04 22:00:00,791.31,29.974448100000018,13.537,0
2024-09-04 22:30:00,791.35,29.94102970000006,13.613,0
2024-09-04 23:00:00,791.43,29.949650700000007,13.683,0
2024-09-04 23:30:00,791.41,29.848074699999984,13.753,0
2024-09-05 00:00:00,791.53,29.8803805,13.822,0
2024-09-05 00:30:00,791.72,29.908248200000116,13.89,0
2024-09-05 01:00:00,791.8,29.947460200000137,13.957,0
2024-09-05 01:30:00,791.84,29.914041800000064,14.023,0
2024-09-05 02:00:00,791.89,29.859012699999994,14.082,0
2024-09-05 02:30:00,792.07,29.88095920000012,14.14,0
2024-09-05 03:00:00,792.3,29.877447899999993,14.189,0
2024-09-05 03:30:00,792.56,29.924330600000076,14.231,0
2024-09-05 04:00:00,792.92,29.97944030000008,14.268,0
2024-09-05 04:30:00,793.1,30.041155100000083,14.299,0
2024-09-05 05:00:00,793.15,30.021815500000116,14.327,0
2024-09-05 05:30:00,793.21,30.06753970000011,14.346,0
2024-09-05 06:00:00,793.22,29.996983399999976,14.359,0
2024-09-05 06:30:00,793.19,30.03122450000012,14.367,0
2024-09-05 07:00:00,793.13,30.009973100000025,14.372,0
2024-09-05 07:30:00,793.1,29.97181550000016,14.372,0
2024-09-05 08:00:00,793.07,29.964248900000143,14.362,0
2024-09-05 08:30:00,793.03,29.933426199999985,14.346,0
2024-09-05 09:00:00,793.01,29.885894300000132,14.313,0
2024-09-05 09:30:00,793.01,29.8247123000001,14.267,0
2024-09-05 10:00:00,793.09,29.880239500000016,14.215,0
2024-09-05 10:30:00,793.0,29.827968400000145,14.151,0
2024-09-05 11:00:00,792.86,29.833785499999976,14.084,0
2024-09-05 11:30:00,792.82,29.819278000000168,14.019,0
2024-09-05 12:00:00,792.85,29.80237180000006,13.945,0
2024-09-05 12:30:00,792.77,29.781514400000106,13.871,0
2024-09-05 13:00:00,792.93,29.757968400000095,13.801,0
2024-09-05 13:30:00,793.24,29.78347210000004,13.734,0
2024-09-05 14:00:00,793.43,29.758315400000015,13.665,0
2024-09-05 14:30:00,793.35,29.719103400000108,13.598,0
2024-09-05 15:00:00,793.32,29.659532100000206,13.528,0
2024-09-05 15:30:00,793.27,29.658477699999935,13.469,0
2024-09-05 16:00:00,793.18,29.617423299999928,13.433,0
2024-09-05 16:30:00,793.17,29.567654999999945,13.422,0
2024-09-05 17:00:00,793.2,29.567064000000073,13.427,0
2024-09-05 17:30:00,793.18,29.57051709999996,13.439,0
2024-09-05 18:00:00,793.1,29.566994600000044,13.46,0
2024-09-05 18:30:00,793.1,29.60574320000012,13.484,0
2024-09-05 19:00:00,793.01,29.54939330000002,13.517,0
2024-09-05 19:30:00,792.87,29.501166300000136,13.556,0
2024-09-05 20:00:00,792.78,29.51823479999996,13.603,0
2024-09-05 20:30:00,792.76,29.505372700000066,13.661,0
2024-09-05 21:00:00,792.64,29.513854899999956,13.721,0
2024-09-05 21:30:00,792.5,29.54822360000003,13.791,0
2024-09-05 22:00:00,792.47,29.650784600000065,13.862,0
2024-09-05 22:30:00,792.49,29.731966600000078,13.938,0
2024-09-05 23:00:00,792.37,29.62420300000008,14.01,0
2024-09-05 23:30:00,792.23,29.521931900000027,14.086,0
2024-09-06 00:00:00,792.31,29.528513499999917,14.154,0
2024-09-06 00:30:00,792.38,29.655616699999996,14.224,0
2024-09-06 01:00:00,792.25,29.600054800000066,14.298,0
2024-09-06 01:30:00,792.15,29.61833999999999,14.364,0
2024-09-06 02:00:00,792.15,29.570414099999994,14.424,0
2024-09-06 02:30:00,792.22,29.625118600000178,14.481,0
2024-09-06 03:00:00,792.38,29.61890750000009,14.531,0
2024-09-06 03:30:00,792.71,29.691943100000117,14.57,0
2024-09-06 04:00:00,792.85,29.69122450000009,14.603,0
2024-09-06 04:30:00,792.95,29.70556970000007,14.631,0
2024-09-06 05:00:00,793.01,29.75231359999998,14.655,0
2024-09-06 05:30:00,793.07,29.765407400000072,14.67,0
2024-09-06 06:00:00,793.04,29.78537270000004,14.68,0
2024-09-06 06:30:00,793.11,29.737087500000143,14.684,0
2024-09-06 07:00:00,793.07,29.74807250000015,14.685,0
2024-09-06 07:30:00,793.03,29.727446800000052,14.675,0
2024-09-06 08:00:00,792.98,29.7131363000002,14.664,0
2024-09-06 08:30:00,792.98,29.688663500000075,14.644,0
2024-09-06 09:00:00,792.94,29.733298600000126,14.612,0
2024-09-06 09:30:00,792.86,29.704283600000053,14.568,0
2024-09-06 10:00:00,792.73,29.69052940000006,14.518,0
2024-09-06 10:30:00,792.55,29.674701099999993,14.469,0
2024-09-06 11:00:00,792.37,29.68028650000008,14.417,0
2024-09-06 11:30:00,792.17,29.663832500000012,14.363,0
2024-09-06 12:00:00,792.07,29.6678419000001,14.308,0
2024-09-06 12:30:00,792.02,29.63007830000015,14.25,0
2024-09-06 13:00:00,791.99,29.6133344000001,14.19,0
2024-09-06 13:30:00,792.13,29.62281280000002,14.126,0
2024-09-06 14:00:00,792.24,29.603310899999997,14.063,0
2024-09-06 14:30:00,792.21,29.63245350000011,14.0,0
2024-09-06 15:00:00,792.12,29.605674900000054,13.936,0
2024-09-06 15:30:00,791.95,29.564157100000102,13.882,0
2024-09-06 16:00:00,791.74,29.52036820000012,13.846,0
2024-09-06 16:30:00,791.52,29.389082099999996,13.833,0
2024-09-06 17:00:00,791.73,29.54095920000009,13.832,0
2024-09-06 17:30:00,791.7,29.425304400000073,13.838,0
2024-09-06 18:00:00,791.64,29.461156200000005,13.852,0
2024-09-06 18:30:00,791.82,29.469846599999983,13.866,0
2024-09-06 19:00:00,791.83,29.603230300000064,13.885,0
2024-09-06 19:30:00,791.85,29.533496700000114,13.906,0
2024-09-06 20:00:00,791.58,29.53779600000007,13.925,0
2024-09-06 20:30:00,791.52,29.538978000000043,13.95,0
2024-09-06 21:00:00,791.49,29.700681600000053,13.979,0
2024-09-06 21:30:00,791.24,29.50370600000008,14.009,0
2024-09-06 22:00:00,791.78,29.706185300000016,14.046,0
2024-09-06 22:30:00,791.33,29.640612200000078,14.085,0
2024-09-06 23:00:00,791.37,29.685710700000072,14.117,0
2024-09-06 23:30:00,791.12,29.70593120000001,14.148,0
2024-09-07 00:00:00,791.04,29.77786649999996,14.172,0
2024-09-07 00:30:00,790.9,29.784703300000047,14.199,0
2024-09-07 01:00:00,790.85,29.833614200000056,14.224,0
2024-09-07 01:30:00,790.84,29.89397350000013,14.255,0
2024-09-07 02:00:00,790.84,29.87357950000012,14.282,0
2024-09-07 02:30:00,790.84,29.907229600000164,14.306,0
2024-09-07 03:00:00,791.06,29.97835340000006,14.32,0
2024-09-07 03:30:00,791.22,29.943590700000186,14.327,0
2024-09-07 04:00:00,791.4,29.98389180000015,14.334,0
2024-09-07 04:30:00,791.41,29.93270980000011,14.333,0
2024-09-07 05:00:00,791.38,29.933300800000097,14.327,0
2024-09-07 05:30:00,791.42,29.952906799999937,14.314,0
2024-09-07 06:00:00,791.43,29.971064399999932,14.292,0
2024-09-07 06:30:00,791.4,29.963497800000027,14.262,0
2024-09-07 07:00:00,791.54,30.031099100000006,14.227,0
2024-09-07 07:30:00,791.47,29.996788600000173,14.186,0
2024-09-07 08:00:00,791.21,29.90401940000004,14.143,0
2024-09-07 08:30:00,791.12,29.974112300000115,14.101,0
2024-09-07 09:00:00,790.8,29.94166770000004,14.058,0
2024-09-07 09:30:00,790.45,29.920011100000124,14.013,0
2024-09-07 10:00:00,790.33,29.987635900000214,13.962,0
2024-09-07 10:30:00,790.12,29.945886400000063,13.911,0
2024-09-07 11:00:00,789.93,29.95370820000005,13.858,0
2024-09-07 11:30:00,789.87,29.95794930000011,13.796,0
2024-09-07 12:00:00,789.8,29.96238740000001,13.737,0
2024-09-07 12:30:00,789.7,29.870545000000106,13.669,0
2024-09-07 13:00:00,789.75,29.866500900000005,13.602,0
2024-09-07 13:30:00,789.8,29.858378000000016,13.531,0
2024-09-07 14:00:00,789.9,29.82581700000003,13.46,0
2024-09-07 14:30:00,789.97,29.835654700000077,13.386,0
2024-09-07 15:00:00,789.82,29.698910800000135,13.314,0
2024-09-07 15:30:00,789.71,29.699038400000177,13.253,0
2024-09-07 16:00:00,789.66,29.67249149999998,13.214,0
2024-09-07 16:30:00,789.54,29.602456800000027,13.195,0
2024-09-07 17:00:00,789.7,29.5493395000002,13.188,0
2024-09-07 17:30:00,789.83,29.769073100000128,13.199,0
2024-09-07 18:00:00,789.67,29.740614400000027,13.217,0
2024-09-07 18:30:00,789.49,29.40052150000008,13.236,0
2024-09-07 19:00:00,789.77,29.849791700000083,13.259,0
2024-09-07 19:30:00,789.45,29.70518010000012,13.286,0
2024-09-07 20:00:00,789.23,29.51883020000014,13.309,0
2024-09-07 20:30:00,789.14,29.672538500000087,13.34,0
2024-09-07 21:00:00,788.97,29.772759000000065,13.373,0
2024-09-07 21:30:00,789.0,29.803778700000066,13.414,0
2024-09-07 22:00:00,788.85,29.89748700000007,13.461,0
2024-09-07 22:30:00,788.37,29.652017999999998,13.513,0
2024-09-07 23:00:00,788.28,29.72822910000002,13.563,0
2024-09-07 23:30:00,788.21,29.761218800000165,13.612,0
2024-09-08 00:00:00,787.95,29.727592200000117,13.659,0
2024-09-08 00:30:00,787.97,29.7761438,13.704,0
2024-09-08 01:00:00,787.8,29.751960899999972,13.746,0
2024-09-08 01:30:00,787.6,29.644753600000172,13.787,0
2024-09-08 02:00:00,787.58,29.70938870000009,13.827,0
2024-09-08 02:30:00,787.59,29.5276851000001,13.855,0
2024-09-08 03:00:00,787.75,29.564301399999977,13.882,0
2024-09-08 03:30:00,787.85,29.5235828000001,13.899,0
2024-09-08 04:00:00,788.09,29.599411099999998,13.91,0
2024-09-08 04:30:00,788.17,29.609051799999975,13.92,0
2024-09-08 05:00:00,788.16,29.59089419999998,13.92,0
2024-09-08 05:30:00,788.28,29.63951520000012,13.916,0
2024-09-08 06:00:00,788.11,29.669376400000147,13.91,0
2024-09-08 06:30:00,787.97,29.56914470000015,13.898,0
2024-09-08 07:00:00,787.89,29.561543400000005,13.88,0
2024-09-08 07:30:00,787.78,29.47907530000009,13.856,0
2024-09-08 08:00:00,787.79,29.552296699999943,13.821,0
2024-09-08 08:30:00,787.59,29.487916799999994,13.784,0
2024-09-08 09:00:00,787.33,29.475703900000212,13.743,0
2024-09-08 09:30:00,787.25,29.4538268,13.695,0
2024-09-08 10:00:00,787.18,29.49191499999995,13.645,0
2024-09-08 10:30:00,787.09,29.453919700000142,13.59,0
2024-09-08 11:00:00,786.96,29.44730340000001,13.536,0
2024-09-08 11:30:00,786.94,29.41302760000019,13.478,0
2024-09-08 12:00:00,786.97,29.410397200000034,13.419,0
2024-09-08 12:30:00,786.93,29.34286529999997,13.356,0
2024-09-08 13:00:00,786.99,29.26214670000013,13.286,0
2024-09-08 13:30:00,787.16,29.290408400000047,13.215,0
2024-09-08 14:00:00,787.41,29.27732579999997,13.143,0
2024-09-08 14:30:00,787.48,29.270848300000125,13.072,0
2024-09-08 15:00:00,787.54,29.25844959999995,13.0,0
2024-09-08 15:30:00,787.42,29.1924937,12.935,0
2024-09-08 16:00:00,787.28,29.08104530000014,12.894,0
2024-09-08 16:30:00,787.36,29.085587500000088,12.882,0
2024-09-08 17:00:00,787.41,29.015262899999925,12.892,0
2024-09-08 17:30:00,787.65,29.071716899999956,12.913,0
2024-09-08 18:00:00,787.71,29.26937640000017,12.943,0
2024-09-08 18:30:00,787.65,29.217534,12.981,0
2024-09-08 19:00:00,787.73,29.29345520000004,13.024,0
2024-09-08 19:30:00,787.75,29.252273200000104,13.077,0
2024-09-08 20:00:00,787.59,28.994382000000087,13.132,0
2024-09-08 20:30:00,787.53,29.25762689999999,13.19,0
2024-09-08 21:00:00,787.6,29.29295710000008,13.254,0
2024-09-08 21:30:00,787.48,29.2178239000001,13.321,0
2024-09-08 22:00:00,787.39,29.27364100000011,13.39,0
2024-09-08 22:30:00,787.22,29.324915900000065,13.453,0
2024-09-08 23:00:00,787.16,29.245541600000024,13.516,0
2024-09-08 23:30:00,786.99,29.140802399999984,13.576,0
2024-09-09 00:00:00,786.85,29.19250599999998,13.629,0
2024-09-09 00:30:00,786.73,29.237697400000116,13.679,0
2024-09-09 01:00:00,786.68,29.136712399999965,13.726,0
2024-09-09 01:30:00,786.69,29.185461000000032,13.767,0
2024-09-09 02:00:00,786.7,29.194441300000108,13.804,0
2024-09-09 02:30:00,786.89,29.172343700000056,13.838,0
2024-09-09 03:00:00,787.09,29.166364300000055,13.865,0
2024-09-09 03:30:00,787.52,29.2190753000001,13.882,0
2024-09-09 04:00:00,787.75,29.30835669999999,13.897,0
2024-09-09 04:30:00,787.8,29.283918599999993,13.905,0
2024-09-09 05:00:00,787.92,29.297869799999944,13.907,0
2024-09-09 05:30:00,787.95,29.302377300000103,13.901,0
2024-09-09 06:00:00,787.84,29.2688548000001,13.887,0
2024-09-09 06:30:00,787.86,29.272539600000187,13.869,0
2024-09-09 07:00:00,787.77,29.28348989999995,13.84,0
2024-09-09 07:30:00,787.86,29.2133970000001,13.806,0
2024-09-09 08:00:00,787.97,29.236722500000155,13.762,0
2024-09-09 08:30:00,787.93,29.23037260000001,13.712,0
2024-09-09 09:00:00,787.74,29.200465500000178,13.658,0
2024-09-09 09:30:00,787.66,29.22447490000002,13.604,0
2024-09-09 10:00:00,787.57,29.12835670000004,13.545,0
2024-09-09 10:30:00,787.42,29.170060300000046,13.484,0
2024-09-09 11:00:00,787.49,29.144208500000104,13.42,0
2024-09-09 11:30:00,787.5,29.081809800000087,13.353,0
2024-09-09 12:00:00,787.64,29.11780040000008,13.282,0
2024-09-09 12:30:00,787.55,29.06552929999998,13.21,0
2024-09-09 13:00:00,787.42,29.035459899999978,13.135,0
2024-09-09 13:30:00,787.67,29.022377300000016,13.062,0
2024-09-09 14:00:00,787.79,29.01491479999993,12.985,0
2024-09-09 14:30:00,787.87,29.02557520000005,12.905,0
2024-09-09 15:00:00,787.9,28.93423089999999,12.832,0
2024-09-09 15:30:00,787.83,28.95600390000004,12.761,0
2024-09-09 16:00:00,787.65,28.880013299999973,12.711,0
2024-09-09 16:30:00,787.67,28.838831299999924,12.7,0
2024-09-09 17:00:00,787.76,28.77995509999994,12.712,0
2024-09-09 17:30:00,787.95,28.91795040000011,12.734,0
2024-09-09 18:00:00,787.94,28.808019800000125,12.767,0
2024-09-09 18:30:00,788.05,28.838483199999928,12.803,0
2024-09-09 19:00:00,788.04,29.008970100000056,12.846,0
2024-09-09 19:30:00,787.97,28.818645500000116,12.897,0
2024-09-09 20:00:00,787.83,28.995772200000147,12.955,0
2024-09-09 20:30:00,787.62,28.84491479999997,13.013,0
2024-09-09 21:00:00,787.57,28.83876190000001,13.08,0
2024-09-09 21:30:00,787.51,28.97862310000005,13.147,0
2024-09-09 22:00:00,787.38,29.052563100000043,13.215,0
2024-09-09 22:30:00,787.33,29.193247000000042,13.282,0
2024-09-09 23:00:00,787.37,29.280153200000086,13.345,0
2024-09-09 23:30:00,787.09,29.054197300000055,13.404,0
2024-09-10 00:00:00,787.01,29.039458100000047,13.462,0
2024-09-10 00:30:00,786.89,28.98267950000013,13.513,0
2024-09-10 01:00:00,786.93,29.027778000000126,13.565,0
2024-09-10 01:30:00,787.07,29.0872217000001,13.612,0
2024-09-10 02:00:00,787.0,29.03251720000003,13.652,0
2024-09-10 02:30:00,786.98,28.947256400000015,13.691,0
2024-09-10 03:00:00,787.1,28.974463700000115,13.723,0
2024-09-10 03:30:00,787.34,28.92690830000015,13.747,0
2024-09-10 04:00:00,787.53,28.92214560000002,13.761,0
2024-09-10 04:30:00,787.61,28.93688480000003,13.768,0
2024-09-10 05:00:00,787.36,28.89490360000002,13.769,0
2024-09-10 05:30:00,787.15,28.868449599999963,13.757,0
2024-09-10 06:00:00,787.03,28.81371039999999,13.734,0
2024-09-10 06:30:00,787.0,28.8591682,13.702,0
2024-09-10 07:00:00,786.79,28.725645700000086,13.668,0
2024-09-10 07:30:00,786.66,28.780211399999985,13.629,0
2024-09-10 08:00:00,786.53,28.732807099999945,13.586,0
2024-09-10 08:30:00,786.59,28.72550690000014,13.539,0
2024-09-10 09:00:00,786.41,28.717836199999965,13.488,0
2024-09-10 09:30:00,786.36,28.692309000000137,13.427,0
2024-09-10 10:00:00,786.24,28.730362500000183,13.365,0
2024-09-10 10:30:00,786.06,28.599308099999917,13.296,0
2024-09-10 11:00:00,785.78,28.63847420000002,13.228,0
2024-09-10 11:30:00,785.67,28.645739699999922,13.158,0
2024-09-10 12:00:00,785.49,28.595241600000122,13.085,0
2024-09-10 12:30:00,785.35,28.570467699999995,13.007,0
2024-09-10 13:00:00,785.2,28.574442400000066,12.927,0
2024-09-10 13:30:00,785.12,28.560722900000087,12.84,0
2024-09-10 14:00:00,785.18,28.572797000000037,12.751,0
2024-09-10 14:30:00,785.28,28.563689100000033,12.667,0
2024-09-10 15:00:00,785.18,28.515693800000008,12.582,0
2024-09-10 15:30:00,785.07,28.52805780000017,12.504,0
2024-09-10 16:00:00,784.8,28.440584100000024,12.452,0
2024-09-10 16:30:00,784.62,28.442090700000108,12.439,0
2024-09-10 17:00:00,784.79,28.45199779999996,12.451,0
2024-09-10 17:30:00,784.64,28.389692000000082,12.477,0
2024-09-10 18:00:00,784.59,28.399854300000015,12.515,0
2024-09-10 18:30:00,784.61,28.46676050000019,12.554,0
2024-09-10 19:00:00,784.36,28.414582300000006,12.599,0
2024-09-10 19:30:00,784.11,28.30632060000005,12.649,0
2024-09-10 20:00:00,784.09,28.531048600000076,12.71,0
2024-09-10 20:30:00,783.9,28.586796299999946,12.769,0
2024-09-10 21:00:00,783.51,28.50882450000006,12.833,0
2024-09-10 21:30:00,783.38,28.434908000000064,12.904,0
2024-09-10 22:00:00,783.14,28.338685700000042,12.976,0
2024-09-10 22:30:00,783.15,28.577098500000034,13.041,0
2024-09-10 23:00:00,782.87,28.310354600000096,13.102,0
2024-09-10 23:30:00,782.58,28.28751600000021,13.161,0
2024-09-11 00:00:00,782.62,28.493727100000115,13.218,0
2024-09-11 00:30:00,782.61,28.48984530000007,13.264,0
2024-09-11 01:00:00,782.37,28.349775900000054,13.31,0
2024-09-11 01:30:00,782.25,28.345002000000136,13.349,0
2024-09-11 02:00:00,782.23,28.369868800000177,13.383,0
2024-09-11 02:30:00,782.05,28.319370700000036,13.412,0
2024-09-11 03:00:00,782.04,28.282858499999975,13.432,0
2024-09-11 03:30:00,782.17,28.21911549999993,13.441,0
2024-09-11 04:00:00,782.38,28.264943800000083,13.442,0
2024-09-11 04:30:00,782.22,28.31092320000016,13.433,0
2024-09-11 05:00:00,782.22,28.296647400000097,13.406,0
2024-09-11 05:30:00,782.23,28.349474800000053,13.374,0
2024-09-11 06:00:00,782.1,28.302070500000013,13.327,0
2024-09-11 06:30:00,782.07,28.199671800000147,13.28,0
2024-09-11 07:00:00,781.84,28.233774100000005,13.227,0
2024-09-11 07:30:00,781.53,28.179718800000046,13.174,0
2024-09-11 08:00:00,781.58,28.226659700000027,13.116,0
2024-09-11 08:30:00,781.39,28.169220699999983,13.052,0
2024-09-11 09:00:00,781.31,28.20138769999994,12.983,0
2024-09-11 09:30:00,781.01,28.19404159999999,12.913,0
2024-09-11 10:00:00,781.16,28.136022799999978,12.837,0
2024-09-11 10:30:00,780.95,28.09835210000017,12.759,0
2024-09-11 11:00:00,780.77,28.091701100000023,12.683,0
2024-09-11 11:30:00,780.57,28.097680500000138,12.604,0
2024-09-11 12:00:00,780.28,28.049349399999983,12.516,0
2024-09-11 12:30:00,780.41,28.020276200000126,12.426,0
2024-09-11 13:00:00,780.28,27.923926300000062,12.333,0
2024-09-11 13:30:00,780.39,27.916660800000045,12.246,0
2024-09-11 14:00:00,780.38,27.9087002,12.158,0
2024-09-11 14:30:00,780.34,27.919685200000117,12.055,0
2024-09-11 15:00:00,780.08,27.823856900000123,11.959,0
2024-09-11 15:30:00,780.0,27.875398200000063,11.86,0
2024-09-11 16:00:00,779.84,27.749048300000027,11.781,0
2024-09-11 16:30:00,779.75,27.746742499999982,11.775,0
2024-09-11 17:00:00,779.75,27.78956990000006,11.801,0
2024-09-11 17:30:00,779.84,27.76842260000012,11.843,0
2024-09-11 18:00:00,779.71,27.797495800000092,11.897,0
2024-09-11 18:30:00,779.76,27.975978000000055,11.959,0
2024-09-11 19:00:00,779.54,27.85692830000005,12.012,0
2024-09-11 19:30:00,779.21,27.735966800000142,12.08,0
2024-09-11 20:00:00,779.04,27.673035299999924,12.147,0
2024-09-11 20:30:00,778.95,27.679906800000026,12.215,0
2024-09-11 21:00:00,778.8,27.5197098000001,12.284,0
2024-09-11 21:30:00,778.9,27.66661600000009,12.352,0
2024-09-11 22:00:00,778.71,27.71420610000007,12.422,0
2024-09-11 22:30:00,778.68,27.674009100000035,12.484,0
2024-09-11 23:00:00,778.63,27.855481000000054,12.541,0
2024-09-11 23:30:00,778.18,27.588007300000072,12.589,0
2024-09-12 00:00:00,778.06,27.640336599999955,12.627,0
2024-09-12 00:30:00,777.89,27.592700599999944,12.665,0
2024-09-12 01:00:00,777.88,27.573523300000033,12.699,0
2024-09-12 01:30:00,777.68,27.536675299999956,12.725,0
2024-09-12 02:00:00,777.49,27.521044000000074,12.749,0
2024-09-12 02:30:00,777.47,27.472492400000192,12.763,0
2024-09-12 03:00:00,777.51,27.43193610000003,12.771,0
2024-09-12 03:30:00,777.73,27.434740000000147,12.763,0
2024-09-12 04:00:00,777.84,27.377509200000077,12.741,0
2024-09-12 04:30:00,777.81,27.376060800000005,12.705,0
2024-09-12 05:00:00,777.78,27.344021399999974,12.66,0
2024-09-12 05:30:00,777.63,27.27967620000004,12.603,0
2024-09-12 06:00:00,777.56,27.238227800000004,12.555,0
2024-09-12 06:30:00,777.33,27.209108700000115,12.509,0
2024-09-12 07:00:00,777.15,27.23304870000004,12.453,0
2024-09-12 07:30:00,777.09,27.18936389999999,12.389,0
2024-09-12 08:00:00,776.99,27.212747600000057,12.31,0
2024-09-12 08:30:00,776.77,27.18547090000004,12.235,0
2024-09-12 09:00:00,776.67,27.199677300000076,12.189,0
2024-09-12 09:30:00,776.58,27.186154800000054,12.104,0
2024-09-12 10:00:00,776.46,27.108982200000128,12.03,0
2024-09-12 10:30:00,776.34,27.115425000000187,11.96,0
2024-09-12 11:00:00,776.3,27.060129500000016,11.891,0
2024-09-12 11:30:00,776.2,27.06515860000013,11.828,0
2024-09-12 12:00:00,776.15,27.022296499999925,11.745,0
2024-09-12 12:30:00,776.08,27.007360300000187,11.656,0
2024-09-12 13:00:00,776.02,26.983049800000117,11.56,0
2024-09-12 13:30:00,776.14,26.96029180000005,11.463,0
2024-09-12 14:00:00,776.31,26.945726100000115,11.365,0
2024-09-12 14:30:00,776.54,27.019712000000027,11.275,0
2024-09-12 15:00:00,776.4,26.97658350000006,11.193,0
2024-09-12 15:30:00,776.15,26.926444699999934,11.113,0
2024-09-12 16:00:00,776.1,26.8927599000001,11.067,0
2024-09-12 16:30:00,776.17,26.87506570000005,11.068,0
2024-09-12 17:00:00,776.24,26.81862290000015,11.098,0
2024-09-12 17:30:00,776.12,26.836282400000073,11.144,0
2024-09-12 18:00:00,776.04,26.636977499999944,11.2,0
2024-09-12 18:30:00,776.35,26.747116300000016,11.264,0
2024-09-12 19:00:00,776.47,26.823269200000027,11.337,0
2024-09-12 19:30:00,776.4,26.74715100000003,11.406,0
2024-09-12 20:00:00,776.34,26.681032800000025,11.483,0
2024-09-12 20:30:00,776.21,26.626490600000125,11.56,0
2024-09-12 21:00:00,776.13,26.60971200000006,11.642,0
2024-09-12 21:30:00,776.18,26.642377099999976,11.726,0
2024-09-12 22:00:00,776.14,26.6054362000001,11.807,0
2024-09-12 22:30:00,776.08,26.54135740000015,11.879,0
2024-09-12 23:00:00,776.2,26.555308600000103,11.946,0
2024-09-12 23:30:00,776.05,26.42060409999999,12.004,0
2024-09-13 00:00:00,776.12,26.404949300000112,12.057,0
2024-09-13 00:30:00,776.23,26.322226000000114,12.102,0
2024-09-13 01:00:00,776.44,26.3782513000001,12.144,0
2024-09-13 01:30:00,776.51,26.3146706,12.178,0
2024-09-13 02:00:00,776.61,26.31270059999997,12.21,0
2024-09-13 02:30:00,776.67,26.289085200000045,12.233,0
2024-09-13 03:00:00,776.92,26.333105800000112,12.25,0
2024-09-13 03:30:00,776.99,26.351101100000164,12.256,0
2024-09-13 04:00:00,777.18,26.378968800000052,12.245,0
2024-09-13 04:30:00,777.14,26.31347630000016,12.224,0
2024-09-13 05:00:00,777.21,26.258053200000063,12.202,0
2024-09-13 05:30:00,777.38,26.29243310000004,12.177,0
2024-09-13 06:00:00,777.36,26.294866500000012,12.152,0
2024-09-13 06:30:00,777.38,26.283255800000006,12.127,0
2024-09-13 07:00:00,777.5,26.31352220000008,12.1,0
2024-09-13 07:30:00,777.52,26.33964040000012,12.066,0
2024-09-13 08:00:00,777.49,26.365723900000148,12.024,0
2024-09-13 08:30:00,777.47,26.370196700000065,11.975,0
2024-09-13 09:00:00,777.44,26.354472500000156,11.925,0
2024-09-13 09:30:00,777.32,26.347659200000066,11.869,0
2024-09-13 10:00:00,777.23,26.355550400000197,11.808,0
2024-09-13 10:30:00,777.22,26.334333700000116,11.75,0
2024-09-13 11:00:00,777.31,26.321344000000067,11.683,0
2024-09-13 11:30:00,777.31,26.27341810000007,11.615,0
2024-09-13 12:00:00,777.48,26.27108880000003,11.543,0
2024-09-13 12:30:00,777.66,26.223695700000007,11.477,0
2024-09-13 13:00:00,777.75,26.179095300000085,11.41,0
2024-09-13 13:30:00,777.96,26.17495830000007,11.342,0
2024-09-13 14:00:00,778.13,26.15733350000005,11.271,0
2024-09-13 14:30:00,778.24,26.13273310000011,11.2,0
2024-09-13 15:00:00,778.13,26.143057699999986,11.126,0
2024-09-13 15:30:00,778.04,26.13667309999994,11.06,0
2024-09-13 16:00:00,777.98,26.1164414000001,11.027,0
2024-09-13 16:30:00,778.0,26.01917590000005,11.031,0
2024-09-13 17:00:00,778.04,26.027565200000026,11.067,0
2024-09-13 17:30:00,778.03,25.998190900000054,11.115,0
2024-09-13 18:00:00,778.04,25.921516400000087,11.17,0
2024-09-13 18:30:00,778.15,25.993787500000053,11.233,0
2024-09-13 19:00:00,778.09,25.79612800000018,11.307,0
2024-09-13 19:30:00,778.27,25.921064200000046,11.389,0
2024-09-13 20:00:00,778.22,25.741562300000055,11.476,0
2024-09-13 20:30:00,778.15,25.762315599999965,11.571,0
2024-09-13 21:00:00,778.04,25.762443200000007,11.666,0
2024-09-13 21:30:00,777.98,25.686128000000167,11.767,0
2024-09-13 22:00:00,778.02,25.680241499999966,11.864,0
2024-09-13 22:30:00,777.97,25.62514299999998,11.953,0
2024-09-13 23:00:00,778.16,25.653010700000095,12.032,0
2024-09-13 23:30:00,778.32,25.62742530000014,12.099,0
2024-09-14 00:00:00,778.4,25.548352100000102,12.158,0
2024-09-14 00:30:00,778.47,25.604076300000088,12.211,0
2024-09-14 01:00:00,778.48,25.546776100000102,12.259,0
2024-09-14 01:30:00,778.52,25.49602279999999,12.298,0
2024-09-14 02:00:00,778.57,25.500136300000236,12.332,0
2024-09-14 02:30:00,778.9,25.489556500000162,12.364,0
2024-09-14 03:00:00,779.07,25.44745890000013,12.386,0
2024-09-14 03:30:00,779.35,25.481711200000063,12.4,0
2024-09-14 04:00:00,779.4,25.46441100000004,12.404,0
2024-09-14 04:30:00,779.48,25.522997300000156,12.396,0
2024-09-14 05:00:00,779.54,25.514677399999982,12.374,0
2024-09-14 05:30:00,779.51,25.53158360000009,12.34,0
2024-09-14 06:00:00,779.52,25.538524499999994,12.302,0
2024-09-14 06:30:00,779.47,25.52931250000006,12.263,0
2024-09-14 07:00:00,779.46,25.54072620000011,12.222,0
2024-09-14 07:30:00,779.41,25.535593000000063,12.182,0
2024-09-14 08:00:00,779.38,25.592267500000048,12.144,0
2024-09-14 08:30:00,779.41,25.602893199999926,12.102,0
2024-09-14 09:00:00,779.38,25.628976700000067,12.058,0
2024-09-14 09:30:00,779.27,25.607690599999955,12.004,0
2024-09-14 10:00:00,779.23,25.6115377000001,11.95,0
2024-09-14 10:30:00,779.17,25.640251600000056,11.896,0
2024-09-14 11:00:00,779.01,25.601595900000007,11.838,0
2024-09-14 11:30:00,778.96,25.62909310000009,11.782,0
2024-09-14 12:00:00,778.95,25.645605300000057,11.724,0
2024-09-14 12:30:00,778.91,25.573994599999992,11.667,0
2024-09-14 13:00:00,778.97,25.58504900000014,11.609,0
2024-09-14 13:30:00,779.22,25.575025500000038,11.548,0
2024-09-14 14:00:00,779.46,25.61006580000003,11.483,0
2024-09-14 14:30:00,779.57,25.565071400000193,11.418,0
2024-09-14 15:00:00,779.47,25.49974120000013,11.352,0
2024-09-14 15:30:00,779.4,25.513356600000066,11.292,0
2024-09-14 16:00:00,779.28,25.47799169999996,11.26,0
2024-09-14 16:30:00,779.2,25.4163463000001,11.269,0
2024-09-14 17:00:00,779.12,25.418942000000015,11.301,0
2024-09-14 17:30:00,779.07,25.414828500000226,11.346,0
2024-09-14 18:00:00,779.04,25.340981400000032,11.401,0
2024-09-14 18:30:00,779.06,25.324272199999996,11.467,0
2024-09-14 19:00:00,779.12,25.455651200000148,11.546,0
2024-09-14 19:30:00,779.01,25.378281600000037,11.633,0
2024-09-14 20:00:00,779.07,25.46275440000022,11.727,0
2024-09-14 20:30:00,778.95,25.31930130000012,11.829,0
2024-09-14 21:00:00,778.82,25.32696080000005,11.934,0
2024-09-14 21:30:00,778.72,25.245315400000095,12.037,0
2024-09-14 22:00:00,778.69,25.22245330000021,12.13,0
2024-09-14 22:30:00,778.58,25.143044300000156,12.222,0
2024-09-14 23:00:00,778.59,25.18975350000005,12.296,0
2024-09-14 23:30:00,778.5,25.06406400000003,12.358,0
2024-09-15 00:00:00,778.45,25.02833980000014,12.412,0
2024-09-15 00:30:00,778.42,25.076856700000008,12.459,0
2024-09-15 01:00:00,778.32,24.98603400000013,12.504,0
2024-09-15 01:30:00,778.28,24.925640000000044,12.539,0
2024-09-15 02:00:00,778.33,24.92975350000006,12.568,0
2024-09-15 02:30:00,778.43,24.961433600000078,12.59,0
2024-09-15 03:00:00,778.58,24.93808460000014,12.6,0
2024-09-15 03:30:00,778.8,24.922533900000076,12.603,0
2024-09-15 04:00:00,778.8,24.886844400000086,12.596,0
2024-09-15 04:30:00,778.86,24.87240630000008,12.574,0
2024-09-15 05:00:00,778.8,24.852174600000012,12.539,0
2024-09-15 05:30:00,778.79,24.843194299999936,12.492,0
2024-09-15 06:00:00,778.75,24.865396000000032,12.439,0
2024-09-15 06:30:00,778.62,24.880193400000053,12.385,0
2024-09-15 07:00:00,778.54,24.865454200000045,12.331,0
2024-09-15 07:30:00,778.46,24.876207500000078,12.274,0
2024-09-15 08:00:00,778.51,24.884399800000097,12.218,0
2024-09-15 08:30:00,778.33,24.884886700000038,12.16,0
2024-09-15 09:00:00,778.05,24.932210399999917,12.106,0
2024-09-15 09:30:00,777.84,24.910854900000004,12.052,0
2024-09-15 10:00:00,777.68,24.943578200000047,11.997,0
2024-09-15 10:30:00,777.36,24.95803980000005,11.942,0
2024-09-15 11:00:00,777.11,24.95990570000015,11.885,0
2024-09-15 11:30:00,777.06,24.93539820000001,11.825,0
2024-09-15 12:00:00,777.02,24.99430910000001,11.766,0
2024-09-15 12:30:00,776.99,25.001018300000055,11.701,0
2024-09-15 13:00:00,776.91,25.003614000000084,11.632,0
2024-09-15 13:30:00,776.84,24.97236260000011,11.565,0
2024-09-15 14:00:00,776.7,24.987357000000202,11.498,0
2024-09-15 14:30:00,776.61,24.952420800000027,11.427,0
2024-09-15 15:00:00,776.4,24.944321400000035,11.354,0
2024-09-15 15:30:00,776.17,24.89684770000008,11.291,0
2024-09-15 16:00:00,775.91,24.845886199999995,11.261,0
2024-09-15 16:30:00,775.67,24.825121700000068,11.269,0
2024-09-15 17:00:00,775.55,24.937613300000066,11.313,0
2024-09-15 17:30:00,775.54,24.978598300000044,11.377,0
2024-09-15 18:00:00,775.33,24.813465100000144,11.446,0
2024-09-15 18:30:00,775.33,25.0327006,11.522,0
2024-09-15 19:00:00,774.97,24.744079600000077,11.613,0
2024-09-15 19:30:00,774.68,24.808935200000064,11.703,0
2024-09-15 20:00:00,774.51,24.867347999999993,11.805,0
2024-09-15 20:30:00,774.12,24.878090100000122,11.903,0
2024-09-15 21:00:00,773.84,24.916236500000082,12.005,0
2024-09-15 21:30:00,773.71,24.90656110000009,12.103,0
2024-09-15 22:00:00,773.55,24.81182190000004,12.198,0
2024-09-15 22:30:00,773.33,24.70194950000007,12.272,0
2024-09-15 23:00:00,773.32,24.881613700000003,12.33,0
2024-09-15 23:30:00,772.84,24.70650400000011,12.374,0
2024-09-16 00:00:00,772.53,24.632054700000026,12.411,0
2024-09-16 00:30:00,772.32,24.645369000000187,12.44,0
2024-09-16 01:00:00,771.98,24.503190800000084,12.457,0
2024-09-16 01:30:00,771.91,24.48825460000012,12.462,0
2024-09-16 02:00:00,771.7,24.477096100000153,12.458,0
2024-09-16 02:30:00,771.7,24.460780900000145,12.44,0
2024-09-16 03:00:00,771.64,24.532322200000067,12.413,0
2024-09-16 03:30:00,771.58,24.45702670000003,12.373,0
2024-09-16 04:00:00,771.69,24.587420700000052,12.323,0
2024-09-16 04:30:00,771.26,24.56428100000005,12.271,0
2024-09-16 05:00:00,770.85,24.635579400000097,12.225,0
2024-09-16 05:30:00,770.68,24.502288600000043,12.181,0
2024-09-16 06:00:00,770.53,24.458337400000005,12.127,0
2024-09-16 06:30:00,770.4,24.480272700000114,12.074,0
2024-09-16 07:00:00,770.16,24.55128119999995,12.022,0
2024-09-16 07:30:00,770.04,24.360921899999994,11.969,0
2024-09-16 08:00:00,770.04,24.375197700000058,11.914,0
2024-09-16 08:30:00,769.76,24.329728700000032,11.861,0
2024-09-16 09:00:00,769.78,24.488407900000084,11.804,0
2024-09-16 09:30:00,769.41,24.400864800000022,11.744,0
2024-09-16 10:00:00,769.23,24.375859200000036,11.698,0
2024-09-16 10:30:00,769.19,24.497991500000126,11.649,0
2024-09-16 11:00:00,769.04,24.46627669999998,11.595,0
2024-09-16 11:30:00,769.08,24.45529170000009,11.541,0
2024-09-16 12:00:00,769.03,24.491966200000093,11.487,0
2024-09-16 12:30:00,768.96,24.36996150000016,11.43,0
2024-09-16 13:00:00,768.88,24.411305800000036,11.375,0
2024-09-16 13:30:00,768.87,24.364596600000027,11.319,0
2024-09-16 14:00:00,768.92,24.45640430000003,11.258,0
2024-09-16 14:30:00,768.8,24.462847099999976,11.194,0
2024-09-16 15:00:00,768.94,24.481502800000158,11.131,0
2024-09-16 15:30:00,769.04,24.48769040000002,11.075,0
2024-09-16 16:00:00,769.28,24.533947400000102,11.031,0
2024-09-16 16:30:00,769.33,24.55029730000001,11.033,0
2024-09-16 17:00:00,769.36,24.549706300000025,11.065,0
2024-09-16 17:30:00,769.47,24.42721470000015,11.113,0
2024-09-16 18:00:00,769.8,24.584885399999962,11.17,0
2024-09-16 18:30:00,769.84,24.568801900000153,11.236,0
2024-09-16 19:00:00,769.76,24.584653700000104,11.311,0
2024-09-16 19:30:00,769.65,24.49402800000007,11.392,0
2024-09-16 20:00:00,769.76,24.430679000000055,11.479,0
2024-09-16 20:30:00,770.26,24.52789750000011,11.564,0
2024-09-16 21:00:00,770.59,24.54077080000002,11.632,0
2024-09-16 21:30:00,770.68,24.578766100000053,11.679,0
2024-09-16 22:00:00,770.68,24.49820980000004,11.708,0
2024-09-16 22:30:00,770.93,24.521836399999984,11.729,0
2024-09-16 23:00:00,771.2,24.530793200000062,11.734,0
2024-09-16 23:30:00,771.51,24.598104600000056,11.713,0
2024-09-17 00:00:00,771.7,24.6269920000002,11.679,0
2024-09-17 00:30:00,771.88,24.608150499999965,11.637,0
2024-09-17 01:00:00,772.1,24.67417580000017,11.59,0
2024-09-17 01:30:00,772.31,24.65270390000012,11.536,0
2024-09-17 02:00:00,772.31,24.629250800000023,11.478,0
2024-09-17 02:30:00,772.2,24.671186100000114,11.419,0
2024-09-17 03:00:00,772.53,24.692217000000028,11.355,0
2024-09-17 03:30:00,772.85,24.721602500000017,11.29,0
2024-09-17 04:00:00,772.96,24.766341699999998,11.223,0
2024-09-17 04:30:00,773.13,24.73648049999997,11.153,0
2024-09-17 05:00:00,773.29,24.74046640000006,11.083,0
2024-09-17 05:30:00,773.18,24.77628350000009,11.018,0
2024-09-17 06:00:00,773.26,24.827731900000003,10.952,0
2024-09-17 06:30:00,773.33,24.846746900000085,10.885,0
2024-09-17 07:00:00,773.56,24.88912210000001,10.818,0
2024-09-17 07:30:00,773.82,24.968635200000108,10.75,0
2024-09-17 08:00:00,773.94,25.045807800000148,10.68,0
2024-09-17 08:30:00,773.94,25.097812500000146,10.614,0
2024-09-17 09:00:00,774.19,25.137754300000097,10.545,0
2024-09-17 09:30:00,773.83,25.16116150000005,10.48,0
2024-09-17 10:00:00,773.99,25.21307330000002,10.413,0
2024-09-17 10:30:00,774.47,25.260720500000048,10.346,0
2024-09-17 11:00:00,774.07,25.18804420000015,10.282,0
2024-09-17 11:30:00,773.88,25.1224476000001,10.223,0
2024-09-17 12:00:00,774.02,25.098275899999976,10.168,0
2024-09-17 12:30:00,774.28,25.06052349999993,10.115,0
2024-09-17 13:00:00,774.27,25.024011300000097,10.063,0
2024-09-17 13:30:00,774.6,24.98997840000004,10.014,0
2024-09-17 14:00:00,774.94,24.94963030000008,9.966,0
2024-09-17 14:30:00,775.15,25.01993140000002,9.923,0
2024-09-17 15:00:00,775.41,24.987277500000005,9.881,0
2024-09-17 15:30:00,775.64,24.99600260000011,9.842,0
2024-09-17 16:00:00,775.91,25.000880600000073,9.809,0
2024-09-17 16:30:00,775.88,25.023905000000013,9.781,0
2024-09-17 17:00:00,776.09,24.942270800000074,9.779,0
2024-09-17 17:30:00,776.13,24.95779800000014,9.81,0
2024-09-17 18:00:00,776.37,25.068296099999998,9.858,0
2024-09-17 18:30:00,776.39,25.144379600000093,9.921,0
2024-09-17 19:00:00,776.51,25.13487770000006,9.988,0
2024-09-17 19:30:00,776.4,25.173753900000065,10.064,0
2024-09-17 20:00:00,776.49,25.22194620000016,10.138,0
2024-09-17 20:30:00,776.43,25.257798000000093,10.212,0
2024-09-17 21:00:00,776.5,25.27885240000012,10.286,0
2024-09-17 21:30:00,776.47,25.433418100000154,10.361,0
2024-09-17 22:00:00,776.4,25.32466950000014,10.434,0
2024-09-17 22:30:00,776.38,25.46476240000004,10.5,0
2024-09-17 23:00:00,776.42,25.507821499999977,10.562,0
2024-09-17 23:30:00,776.66,25.618319600000063,10.621,0
2024-09-18 00:00:00,776.75,25.62776329999997,10.67,0
2024-09-18 00:30:00,776.96,25.69806440000002,10.716,0
2024-09-18 01:00:00,776.92,25.756975300000022,10.754,0
2024-09-18 01:30:00,777.13,25.82319760000007,10.786,0
2024-09-18 02:00:00,777.28,25.9069171000001,10.814,0
2024-09-18 02:30:00,777.47,25.994947100000104,10.832,0
2024-09-18 03:00:00,777.72,26.075676900000076,10.843,0
2024-09-18 03:30:00,777.85,26.122061500000086,10.838,0
2024-09-18 04:00:00,778.03,26.180717200000004,10.826,0
2024-09-18 04:30:00,777.87,26.26748459999999,10.809,0
2024-09-18 05:00:00,777.7,26.325897400000144,10.787,0
2024-09-18 05:30:00,777.53,26.348620700000083,10.764,0
2024-09-18 06:00:00,777.33,26.4392352000001,10.743,0
2024-09-18 06:30:00,777.37,26.485353400000122,10.723,0
2024-09-18 07:00:00,777.46,26.515191100000152,10.697,0
2024-09-18 07:30:00,777.51,26.544797099999982,10.669,0
2024-09-18 08:00:00,777.63,26.56690590000005,10.637,0
2024-09-18 08:30:00,777.63,26.631147000000055,10.608,0
2024-09-18 09:00:00,777.54,26.620683600000007,10.575,0
2024-09-18 09:30:00,777.3,26.68965270000001,10.539,0
2024-09-18 10:00:00,777.1,26.658922899999993,10.5,0
2024-09-18 10:30:00,777.02,26.7043460000001,10.459,0
2024-09-18 11:00:00,776.76,26.70334980000007,10.421,0
2024-09-18 11:30:00,776.36,26.70307220000018,10.382,0
2024-09-18 12:00:00,776.14,26.72576079999999,10.346,0
2024-09-18 12:30:00,776.19,26.716618200000198,10.311,0
2024-09-18 13:00:00,776.18,26.760662300000035,10.281,0
2024-09-18 13:30:00,776.1,26.703095700000063,10.251,0
2024-09-18 14:00:00,776.29,26.766652900000054,10.218,0
2024-09-18 14:30:00,776.42,26.77734799999996,10.182,0
2024-09-18 15:00:00,776.49,26.743338600000016,10.148,0
2024-09-18 15:30:00,776.63,26.75893520000011,10.116,0
2024-09-18 16:00:00,776.66,26.77873820000002,10.098,0
2024-09-18 16:30:00,776.63,26.77728979999995,10.092,0
2024-09-18 17:00:00,776.47,26.77228420000006,10.104,0
2024-09-18 17:30:00,776.43,26.79040710000004,10.123,0
2024-09-18 18:00:00,776.44,26.818761700000096,10.15,0
2024-09-18 18:30:00,776.37,26.795667900000126,10.173,0
2024-09-18 19:00:00,776.42,26.78958440000008,10.202,0
2024-09-18 19:30:00,776.99,26.82628130000012,10.229,0
2024-09-18 20:00:00,777.04,26.847729699999945,10.243,0
2024-09-18 20:30:00,776.74,26.88423069999999,10.259,0
2024-09-18 21:00:00,776.47,26.92829830000005,10.277,0
2024-09-18 21:30:00,776.26,26.89368669999999,10.298,0
2024-09-18 22:00:00,776.44,26.981913700000064,10.322,0
2024-09-18 22:30:00,776.47,26.92319980000002,10.344,0
2024-09-18 23:00:00,776.21,26.950755200000117,10.359,0
2024-09-18 23:30:00,776.18,26.99621300000001,10.376,0
2024-09-19 00:00:00,776.41,27.020233599999983,10.386,0
2024-09-19 00:30:00,776.39,26.990036600000053,10.396,0
2024-09-19 01:00:00,776.44,26.974775800000202,10.402,0
2024-09-19 01:30:00,776.71,27.086722300000133,10.399,0
2024-09-19 02:00:00,776.9,27.160476500000073,10.391,0
2024-09-19 02:30:00,776.88,27.15067350000004,10.381,0
2024-09-19 03:00:00,777.2,27.19943330000001,10.369,0
2024-09-19 03:30:00,777.46,27.341148100000055,10.351,0
2024-09-19 04:00:00,777.77,27.434971700000006,10.331,0
2024-09-19 04:30:00,777.67,27.396153700000013,10.311,0
2024-09-19 05:00:00,777.78,27.339942599999972,10.286,0
2024-09-19 05:30:00,777.68,27.284809400000086,10.26,0
2024-09-19 06:00:00,777.54,27.1172775,10.231,0
2024-09-19 06:30:00,777.41,27.008691200000044,10.203,0
2024-09-19 07:00:00,777.33,26.948065500000098,10.173,0
2024-09-19 07:30:00,777.2,26.832341300000053,10.145,0
2024-09-19 08:00:00,777.19,26.765238100000147,10.113,0
2024-09-19 08:30:00,777.26,26.84543510000003,10.085,0
2024-09-19 09:00:00,777.07,26.796153700000104,10.056,0
2024-09-19 09:30:00,776.81,26.720719400000007,10.034,0
2024-09-19 10:00:00,776.98,26.67250360000014,10.007,0
2024-09-19 10:30:00,777.09,26.577543900000137,9.979,0
2024-09-19 11:00:00,777.35,26.771263400000066,9.952,0
2024-09-19 11:30:00,777.24,26.6714604,9.929,0
2024-09-19 12:00:00,777.16,26.636327199999982,9.913,0
2024-09-19 12:30:00,776.79,26.533488600000055,9.886,0
2024-09-19 13:00:00,776.78,26.48881879999999,9.856,0
2024-09-19 13:30:00,776.74,26.411089900000093,9.826,0
2024-09-19 14:00:00,776.95,26.416130200000225,9.79,0
2024-09-19 14:30:00,777.14,26.369559800000047,9.752,0
2024-09-19 15:00:00,777.29,26.267693899999927,9.719,0
2024-09-19 15:30:00,777.37,26.249802700000032,9.689,0
2024-09-19 16:00:00,777.56,26.392896500000006,9.682,0
2024-09-19 16:30:00,777.37,26.219211700000074,9.693,0
2024-09-19 17:00:00,777.33,26.165955600000075,9.726,0
2024-09-19 17:30:00,777.4,26.14112350000005,9.768,0
2024-09-19 18:00:00,777.17,26.041645100000096,9.82,0
2024-09-19 18:30:00,777.15,25.960463100000084,9.873,0
2024-09-19 19:00:00,777.46,26.154217300000028,9.931,0
2024-09-19 19:30:00,777.24,25.914843000000133,9.994,0
2024-09-19 20:00:00,777.32,26.008099100000095,10.058,0
2024-09-19 20:30:00,777.3,25.956488400000012,10.121,0
2024-09-19 21:00:00,777.24,25.985202300000083,10.174,0
2024-09-19 21:30:00,777.28,25.988493100000028,10.22,0
2024-09-19 22:00:00,777.07,25.946743600000218,10.258,0
2024-09-19 22:30:00,777.34,25.810903000000167,10.287,0
2024-09-19 23:00:00,777.4,25.80054370000005,10.31,0
2024-09-19 23:30:00,777.43,25.81932699999993,10.322,0
2024-09-20 00:00:00,777.55,25.83123880000005,10.333,0
2024-09-20 00:30:00,777.38,25.725479899999982,10.336,0
2024-09-20 01:00:00,777.37,25.71038139999996,10.333,0
2024-09-20 01:30:00,777.41,25.823799800000074,10.329,0
2024-09-20 02:00:00,777.7,25.811968600000114,10.326,0
2024-09-20 02:30:00,777.89,25.88776220000011,10.32,0
2024-09-20 03:00:00,778.06,25.775305300000014,10.309,0
2024-09-20 03:30:00,778.32,25.87521240000001,10.297,0
2024-09-20 04:00:00,778.3,25.866429100000005,10.282,0
2024-09-20 04:30:00,778.17,25.845537000000036,10.268,0
2024-09-20 05:00:00,778.29,25.871724599999993,10.252,0
2024-09-20 05:30:00,778.51,25.81334650000008,10.235,0
2024-09-20 06:00:00,778.89,25.797702900000104,10.215,0
2024-09-20 06:30:00,778.76,25.774771400000077,10.191,0
2024-09-20 07:00:00,778.74,25.80983520000018,10.167,0
2024-09-20 07:30:00,778.58,25.86193280000009,10.141,0
2024-09-20 08:00:00,778.42,25.74068139999997,10.114,0
2024-09-20 08:30:00,778.2,25.747054800000114,10.081,0
2024-09-20 09:00:00,778.22,25.7711336000001,10.052,0
2024-09-20 09:30:00,778.16,25.747842800000058,10.023,0
2024-09-20 10:00:00,778.1,25.749024800000143,9.993,0
2024-09-20 10:30:00,777.98,25.742211500000053,9.959,0
2024-09-20 11:00:00,777.82,25.734146800000076,9.907,0
2024-09-20 11:30:00,777.8,25.80082129999994,9.872,0
2024-09-20 12:00:00,777.83,25.81042730000013,9.829,0
2024-09-20 12:30:00,777.95,25.822339100000136,9.781,0
2024-09-20 13:00:00,777.98,25.857437600000026,9.731,0
2024-09-20 13:30:00,778.4,25.84508480000011,9.678,0
2024-09-20 14:00:00,778.59,25.821967500000028,9.624,0
2024-09-20 14:30:00,778.79,25.81598810000014,9.57,0
2024-09-20 15:00:00,778.77,25.832697300000063,9.521,0
2024-09-20 15:30:00,778.77,25.812303300000053,9.472,0
2024-09-20 16:00:00,778.86,25.864574400000038,9.45,0
2024-09-20 16:30:00,778.82,25.871480600000154,9.463,0
2024-09-20 17:00:00,778.93,25.90194400000007,9.495,0
2024-09-20 17:30:00,778.93,25.917239499999937,9.537,0
2024-09-20 18:00:00,779.11,25.997308900000007,9.584,0
2024-09-20 18:30:00,779.39,25.97853680000003,9.64,0
2024-09-20 19:00:00,779.39,26.13557060000005,9.706,0
2024-09-20 19:30:00,779.31,26.085141900000053,9.78,0
2024-09-20 20:00:00,779.34,26.197737600000096,9.858,0
2024-09-20 20:30:00,779.26,26.060634400000026,9.936,0
2024-09-20 21:00:00,779.27,26.184840800000075,10.011,0
2024-09-20 21:30:00,779.47,26.344052799999986,10.087,0
2024-09-20 22:00:00,779.44,26.320171000000073,10.155,0
2024-09-20 22:30:00,779.38,26.422303300000067,10.214,0
2024-09-20 23:00:00,779.42,26.532662600000094,10.268,0
2024-09-20 23:30:00,779.5,26.50253500000008,10.316,0
2024-09-21 00:00:00,779.47,26.553091300000006,10.359,0
2024-09-21 00:30:00,779.59,26.522175700000048,10.4,0
2024-09-21 01:00:00,779.95,26.72106310000015,10.434,0
2024-09-21 01:30:00,780.02,26.630970200000093,10.464,0
2024-09-21 02:00:00,780.28,26.641143700000043,10.489,0
2024-09-21 02:30:00,780.57,26.638489800000116,10.51,0
2024-09-21 03:00:00,780.75,26.648199900000122,10.527,0
2024-09-21 03:30:00,780.92,26.643831200000022,10.536,0
2024-09-21 04:00:00,781.22,26.702162300000055,10.54,0
2024-09-21 04:30:00,781.17,26.682753299999945,10.537,0
2024-09-21 05:00:00,781.2,26.666866800000093,10.527,0
2024-09-21 05:30:00,781.22,26.662394000000063,10.514,0
2024-09-21 06:00:00,781.04,26.594561000000112,10.493,0
2024-09-21 06:30:00,781.11,26.643147300000123,10.468,0
2024-09-21 07:00:00,780.93,26.58041280000009,10.438,0
2024-09-21 07:30:00,780.97,26.611235500000134,10.401,0
2024-09-21 08:00:00,780.95,26.589196100000095,10.363,0
2024-09-21 08:30:00,780.83,26.580343400000174,10.328,0
2024-09-21 09:00:00,780.78,26.570111700000098,10.288,0
2024-09-21 09:30:00,780.82,26.583599500000105,10.249,0
2024-09-21 10:00:00,780.69,26.57596350000017,10.2,0
2024-09-21 10:30:00,780.41,26.458095800000137,10.163,0
2024-09-21 11:00:00,780.44,26.556415700000116,10.124,0
2024-09-21 11:30:00,780.38,26.4423716,10.083,0
2024-09-21 12:00:00,780.32,26.384411000000114,10.036,0
2024-09-21 12:30:00,780.47,26.37635750000004,9.983,0
2024-09-21 13:00:00,780.49,26.3270179000001,9.93,0
2024-09-21 13:30:00,780.53,26.32928900000013,9.88,0
2024-09-21 14:00:00,780.71,26.303309600000148,9.829,0
2024-09-21 14:30:00,780.8,26.209763600000088,9.772,0
2024-09-21 15:00:00,780.94,26.2029268,9.719,0
2024-09-21 15:30:00,780.85,26.182266400000117,9.67,0
2024-09-21 16:00:00,780.71,26.156472800000074,9.653,0
2024-09-21 16:30:00,780.72,26.12568480000016,9.655,0
2024-09-21 17:00:00,780.57,26.063379000000168,9.677,0
2024-09-21 17:30:00,780.54,26.05071390000012,9.71,0
2024-09-21 18:00:00,780.52,26.04091089999997,9.751,0
2024-09-21 18:30:00,780.35,25.96574300000009,9.803,0
2024-09-21 19:00:00,780.19,26.015801200000055,9.86,0
2024-09-21 19:30:00,780.13,25.985372500000153,9.928,0
2024-09-21 20:00:00,780.16,26.02760890000002,10.003,0
2024-09-21 20:30:00,780.2,26.0757665000001,10.085,0
2024-09-21 21:00:00,779.99,25.838234599999964,10.171,0
2024-09-21 21:30:00,779.95,25.817608900000096,10.259,0
2024-09-21 22:00:00,779.96,25.791919400000097,10.347,0
2024-09-21 22:30:00,779.92,25.734584499999983,10.432,0
2024-09-21 23:00:00,780.08,25.777319000000148,10.513,0
2024-09-21 23:30:00,780.07,25.65413230000013,10.584,0
2024-09-22 00:00:00,780.14,25.616044100000067,10.643,0
2024-09-22 00:30:00,780.45,25.621153800000002,10.701,0
2024-09-22 01:00:00,780.42,25.627863000000048,10.757,0
2024-09-22 01:30:00,780.5,25.535533700000087,10.809,0
2024-09-22 02:00:00,780.71,25.54159370000002,10.853,0
2024-09-22 02:30:00,780.87,25.522126500000013,10.894,0
2024-09-22 03:00:00,781.16,25.513354400000026,10.924,0
2024-09-22 03:30:00,781.28,25.443690199999992,10.944,0
2024-09-22 04:00:00,781.5,25.478104800000096,10.964,0
2024-09-22 04:30:00,781.61,25.46064230000013,10.977,0
2024-09-22 05:00:00,781.67,25.4778149,10.982,0
2024-09-22 05:30:00,781.72,25.481928400000015,10.979,0
2024-09-22 06:00:00,781.71,25.473967800000082,10.974,0
2024-09-22 06:30:00,781.72,25.487026900000046,10.96,0
2024-09-22 07:00:00,781.88,25.45226420000006,10.947,0
2024-09-22 07:30:00,782.0,25.502924600000142,10.925,0
2024-09-22 08:00:00,782.05,25.461151600000107,10.905,0
2024-09-22 08:30:00,782.13,25.54523040000015,10.88,0
2024-09-22 09:00:00,782.01,25.488451800000007,10.854,0
2024-09-22 09:30:00,781.99,25.527594400000112,10.827,0
2024-09-22 10:00:00,782.04,25.55312159999994,10.8,0
2024-09-22 10:30:00,781.93,25.539993099999947,10.771,0
2024-09-22 11:00:00,781.81,25.517884300000105,10.737,0
2024-09-22 11:30:00,781.78,25.5072586,10.699,0
2024-09-22 12:00:00,781.8,25.519100999999978,10.664,0
2024-09-22 12:30:00,781.88,25.516505300000063,10.625,0
2024-09-22 13:00:00,781.95,25.482495900000117,10.584,0
2024-09-22 13:30:00,782.06,25.4752304000001,10.539,0
2024-09-22 14:00:00,782.14,25.42776790000005,10.499,0
2024-09-22 14:30:00,782.47,25.458995800000025,10.453,0
2024-09-22 15:00:00,782.48,25.390478900000062,10.408,0
2024-09-22 15:30:00,782.56,25.39808019999998,10.362,0
2024-09-22 16:00:00,782.44,25.356597100000158,10.344,0
2024-09-22 16:30:00,782.38,25.350641200000155,10.347,0
2024-09-22 17:00:00,782.51,25.38682879999999,10.368,0
2024-09-22 17:30:00,782.36,25.263341000000082,10.403,0
2024-09-22 18:00:00,782.45,25.348242500000083,10.447,0
2024-09-22 18:30:00,782.39,25.35758210000006,10.501,0
2024-09-22 19:00:00,782.27,25.323236900000097,10.568,0
2024-09-22 19:30:00,782.09,25.262541800000008,10.638,0
2024-09-22 20:00:00,781.99,25.21250710000004,10.711,0
2024-09-22 20:30:00,781.76,25.245589700000096,10.788,0
2024-09-22 21:00:00,781.51,25.267849599999977,10.863,0
2024-09-22 21:30:00,781.25,25.13939090000008,10.942,0
2024-09-22 22:00:00,781.17,25.176656399999956,11.026,0
2024-09-22 22:30:00,781.1,25.081163900000092,11.103,0
2024-09-22 23:00:00,781.09,25.024257700000135,11.176,0
2024-09-22 23:30:00,781.05,25.003631999999925,11.243,0
2024-09-23 00:00:00,781.12,25.00327270000014,11.3,0
2024-09-23 00:30:00,781.12,24.949228600000083,11.349,0
2024-09-23 01:00:00,781.19,24.95294810000007,11.389,0
2024-09-23 01:30:00,781.22,24.85446590000015,11.426,0
2024-09-23 02:00:00,781.37,24.88108220000015,11.458,0
2024-09-23 02:30:00,781.57,24.87510280000015,11.48,0
2024-09-23 03:00:00,781.89,24.886133700000073,11.495,0
2024-09-23 03:30:00,782.14,24.84246010000004,11.502,0
2024-09-23 04:00:00,782.35,24.870953500000155,11.504,0
2024-09-23 04:30:00,782.45,24.847569800000088,11.501,0
2024-09-23 05:00:00,782.42,24.872633599999972,11.488,0
2024-09-23 05:30:00,782.31,24.80342159999998,11.471,0
2024-09-23 06:00:00,782.33,24.82546100000002,11.444,0
2024-09-23 06:30:00,782.28,24.795855000000074,11.408,0
2024-09-23 07:00:00,782.26,24.77075650000006,11.37,0
2024-09-23 07:30:00,782.19,24.793549200000143,11.332,0
2024-09-23 08:00:00,782.14,24.788415999999984,11.288,0
2024-09-23 08:30:00,782.27,24.77055949999999,11.244,0
2024-09-23 09:00:00,782.34,24.807929100000138,11.2,0
2024-09-23 09:30:00,782.48,24.798033200000077,11.157,0
2024-09-23 10:00:00,782.28,24.812170200000082,11.113,0
2024-09-23 10:30:00,782.25,24.764835300000072,11.065,0
2024-09-23 11:00:00,782.15,24.784140200000138,11.021,0
2024-09-23 11:30:00,782.15,24.788219000000026,10.97,0
2024-09-23 12:00:00,782.15,24.856538900000032,10.922,0
2024-09-23 12:30:00,782.2,24.82088410000017,10.873,0
2024-09-23 13:00:00,782.31,24.787106400000084,10.819,0
2024-09-23 13:30:00,782.42,24.77780150000001,10.766,0
2024-09-23 14:00:00,782.66,24.81896000000006,10.712,0
2024-09-23 14:30:00,782.94,24.85729110000011,10.654,0
2024-09-23 15:00:00,783.0,24.80206499999997,10.602,0
2024-09-23 15:30:00,782.83,24.7789018000002,10.555,0
2024-09-23 16:00:00,782.78,24.729921499999932,10.537,0
2024-09-23 16:30:00,782.83,24.68203030000018,10.541,0
2024-09-23 17:00:00,782.75,24.70705940000005,10.564,0
2024-09-23 17:30:00,782.77,24.646503100000018,10.6,0
2024-09-23 18:00:00,782.59,24.633733900000152,10.651,0
2024-09-23 18:30:00,782.34,24.56320110000013,10.711,0
2024-09-23 19:00:00,782.2,24.573097000000075,10.785,0
2024-09-23 19:30:00,781.97,24.549076400000104,10.871,0
2024-09-23 20:00:00,781.81,24.55732690000002,10.961,0
2024-09-23 20:30:00,781.51,24.520409500000028,11.058,0
2024-09-23 21:00:00,781.22,24.459842000000094,11.158,0
2024-09-23 21:30:00,780.91,24.454732300000046,11.259,0
2024-09-23 22:00:00,780.78,24.444037200000025,11.358,0
2024-09-23 22:30:00,780.76,24.474002499999983,11.449,0
2024-09-23 23:00:00,780.67,24.33403720000001,11.53,0
2024-09-23 23:30:00,780.68,24.310387099999957,11.602,0
2024-09-24 00:00:00,780.68,24.33282049999991,11.662,0
2024-09-24 00:30:00,780.79,24.288845800000104,11.714,0
2024-09-24 01:00:00,780.84,24.284801700000116,11.755,0
2024-09-24 01:30:00,780.87,24.244442400000025,11.79,0
2024-09-24 02:00:00,780.99,24.30020130000014,11.814,0
2024-09-24 02:30:00,781.07,24.31188140000006,11.829,0
2024-09-24 03:00:00,781.29,24.28613370000005,11.838,0
2024-09-24 03:30:00,781.52,24.29078000000004,11.838,0
2024-09-24 04:00:00,781.63,24.265159899999958,11.828,0
2024-09-24 04:30:00,781.64,24.228253699999982,11.809,0
2024-09-24 05:00:00,781.6,24.264731200000142,11.78,0
2024-09-24 05:30:00,781.62,24.2398644000001,11.742,0
2024-09-24 06:00:00,781.7,24.268879400000174,11.698,0
2024-09-24 06:30:00,781.56,24.25634189999994,11.649,0
2024-09-24 07:00:00,781.56,24.220652400000063,11.596,0
2024-09-24 07:30:00,781.51,24.178810000000112,11.542,0
2024-09-24 08:00:00,781.49,24.227129900000023,11.494,0
2024-09-24 08:30:00,781.49,24.24548450000009,11.445,0
2024-09-24 09:00:00,781.42,24.212193699999943,11.393,0
2024-09-24 09:30:00,781.36,24.243966699999987,11.341,0
2024-09-24 10:00:00,781.22,24.208995800000025,11.289,0
2024-09-24 10:30:00,781.15,24.19405960000006,11.233,0
2024-09-24 11:00:00,781.1,24.229714400000034,11.176,0
2024-09-24 11:30:00,781.02,24.19662059999996,11.119,0
2024-09-24 12:00:00,781.03,24.227014600000075,11.062,0
2024-09-24 12:30:00,781.02,24.2180343,10.998,0
2024-09-24 13:00:00,781.05,24.242935800000055,10.938,0
2024-09-24 13:30:00,781.11,24.232576500000164,10.878,0
2024-09-24 14:00:00,781.23,24.218995800000016,10.816,0
2024-09-24 14:30:00,781.44,24.22709520000012,10.751,0
2024-09-24 15:00:00,781.49,24.20877530000007,10.689,0
2024-09-24 15:30:00,781.46,24.232819400000153,10.637,0
2024-09-24 16:00:00,781.42,24.197917900000107,10.611,0
2024-09-24 16:30:00,781.3,24.179887899999926,10.611,0
2024-09-24 17:00:00,781.22,24.153932000000054,10.637,0
2024-09-24 17:30:00,781.25,24.176794100000166,10.678,0
2024-09-24 18:00:00,781.18,24.22507930000006,10.736,0
2024-09-24 18:30:00,780.95,24.170467700000017,10.805,0
2024-09-24 19:00:00,780.66,24.097663800000078,10.898,0
2024-09-24 19:30:00,780.58,24.172658200000114,10.993,0
2024-09-24 20:00:00,780.51,24.231140400000072,11.097,0
2024-09-24 20:30:00,780.19,24.111001600000122,11.205,0
2024-09-24 21:00:00,780.02,24.138823400000092,11.317,0
2024-09-24 21:30:00,779.71,24.11535910000009,11.422,0
2024-09-24 22:00:00,779.59,23.99943790000009,11.526,0
2024-09-24 22:30:00,779.57,23.990654600000084,11.622,0
2024-09-24 23:00:00,779.64,24.012728700000025,11.704,0
2024-09-24 23:30:00,779.55,23.972694000000047,11.775,0
2024-09-25 00:00:00,779.57,23.917236200000048,11.841,0
2024-09-25 00:30:00,779.45,23.89104860000009,11.891,0
2024-09-25 01:00:00,779.43,23.835359100000005,11.937,0
2024-09-25 01:30:00,779.52,23.889669600000047,11.972,0
2024-09-25 02:00:00,779.63,23.901778400000126,11.999,0
2024-09-25 02:30:00,779.72,23.89796600000011,12.02,0
2024-09-25 03:00:00,779.66,23.904246500000113,12.027,0
2024-09-25 03:30:00,779.89,23.88645940000015,12.023,0
2024-09-25 04:00:00,780.15,23.892554100000098,12.003,0
2024-09-25 04:30:00,780.27,23.888150699999983,11.969,0
2024-09-25 05:00:00,780.17,23.824859900000092,11.921,0
2024-09-25 05:30:00,780.1,23.846632900000145,11.868,0
2024-09-25 06:00:00,780.0,23.794558800000118,11.812,0
2024-09-25 06:30:00,779.91,23.81162729999994,11.756,0
2024-09-25 07:00:00,779.78,23.765242700000044,11.7,0
2024-09-25 07:30:00,779.71,23.755404999999996,11.643,0
2024-09-25 08:00:00,779.64,23.778197700000078,11.585,0
2024-09-25 08:30:00,779.5,23.749345000000062,11.528,0
2024-09-25 09:00:00,779.5,23.7952315,11.466,0
2024-09-25 09:30:00,779.26,23.73469870000008,11.404,0
2024-09-25 10:00:00,779.15,23.774594600000114,11.342,0
2024-09-25 10:30:00,779.08,23.792288800000165,11.285,0
2024-09-25 11:00:00,778.98,23.77794360000007,11.222,0
2024-09-25 11:30:00,778.91,23.841524299999946,11.163,0
2024-09-25 12:00:00,778.85,23.88043520000008,11.105,0
2024-09-25 12:30:00,778.76,23.87710970000012,11.044,0
2024-09-25 13:00:00,778.78,23.854282300000136,10.981,0
2024-09-25 13:30:00,778.77,23.885070300000052,10.922,0
2024-09-25 14:00:00,778.88,23.87168660000009,10.859,0
2024-09-25 14:30:00,778.99,23.898071200000118,10.797,0
2024-09-25 15:00:00,779.04,23.884849799999984,10.736,0
2024-09-25 15:30:00,778.96,23.835440800000015,10.684,0
2024-09-25 16:00:00,778.91,23.831327300000112,10.659,0
2024-09-25 16:30:00,778.74,23.796947400000136,10.663,0
2024-09-25 17:00:00,778.83,23.87878980000005,10.691,0
2024-09-25 17:30:00,778.69,23.82852340000011,10.744,0
2024-09-25 18:00:00,778.89,24.169242000000054,10.813,0
2024-09-25 18:30:00,778.85,23.886553400000025,10.896,0
2024-09-25 19:00:00,778.72,23.799380799999994,10.987,0
2024-09-25 19:30:00,778.43,23.77450280000005,11.085,0
2024-09-25 20:00:00,778.39,23.856866800000034,11.188,0
2024-09-25 20:30:00,778.09,23.82810700000016,11.296,0
2024-09-25 21:00:00,777.88,23.856716800000072,11.406,0
2024-09-25 21:30:00,777.62,23.860819099999958,11.516,0
2024-09-25 22:00:00,777.37,23.741340700000137,11.637,0
2024-09-25 22:30:00,777.31,23.710912000000008,11.721,0
2024-09-25 23:00:00,777.24,23.71738950000008,11.796,0
2024-09-25 23:30:00,777.34,23.6970649000001,11.866,0
2024-09-26 00:00:00,777.39,23.701178400000003,11.924,0
2024-09-26 00:30:00,777.42,23.64960240000005,11.969,0
2024-09-26 01:00:00,777.44,23.616578000000118,12.009,0
2024-09-26 01:30:00,777.53,23.550563900000043,12.041,0
2024-09-26 02:00:00,777.68,23.50784060000001,12.061,0
2024-09-26 02:30:00,777.92,23.602023499999973,12.07,0
2024-09-26 03:00:00,778.25,23.56085269999994,12.066,0
2024-09-26 03:30:00,778.34,23.603946500000006,12.053,0
2024-09-26 04:00:00,778.46,23.569971800000076,12.028,0
2024-09-26 04:30:00,778.55,23.583494299999984,11.985,0
2024-09-26 05:00:00,778.63,23.58089860000007,11.935,0
2024-09-26 05:30:00,778.58,23.601257900000178,11.874,0
2024-09-26 06:00:00,778.67,23.588268200000016,11.812,0
2024-09-26 06:30:00,778.66,23.50892859999999,11.746,0
2024-09-26 07:00:00,778.69,23.57767720000004,11.679,0
2024-09-26 07:30:00,778.58,23.45849990000022,11.607,0
2024-09-26 08:00:00,778.65,23.449982999999975,11.533,0
2024-09-26 08:30:00,778.75,23.472485800000072,11.455,0
2024-09-26 09:00:00,778.88,23.50051580000013,11.376,0
2024-09-26 09:30:00,778.81,23.52228880000007,11.298,0
2024-09-26 10:00:00,778.67,23.509751299999948,11.22,0
2024-09-26 10:30:00,778.63,23.49524380000014,11.142,0
2024-09-26 11:00:00,778.67,23.499554300000113,11.058,0
2024-09-26 11:30:00,778.59,23.506228800000144,10.974,0
2024-09-26 12:00:00,778.59,23.49909090000017,10.892,0
2024-09-26 12:30:00,778.56,23.51089860000002,10.809,0
2024-09-26 13:00:00,778.64,23.543992400000093,10.724,0
2024-09-26 13:30:00,778.78,23.5524511000001,10.638,0
2024-09-26 14:00:00,778.97,23.542589900000166,10.55,0
2024-09-26 14:30:00,779.04,23.59117619999995,10.459,0
2024-09-26 15:00:00,779.09,23.558580500000062,10.376,0
2024-09-26 15:30:00,779.13,23.635289700000044,10.309,0
2024-09-26 16:00:00,779.09,23.613644300000146,10.263,0
2024-09-26 16:30:00,779.19,23.586181800000077,10.26,0
2024-09-26 17:00:00,779.26,23.585822500000063,10.297,0
2024-09-26 17:30:00,779.35,23.596285899999998,10.356,0
2024-09-26 18:00:00,779.39,23.56796600000007,10.43,0
2024-09-26 18:30:00,779.42,23.584709900000007,10.519,0
2024-09-26 19:00:00,779.38,23.612010100000134,10.614,0
2024-09-26 19:30:00,779.37,23.555103900000063,10.722,0
2024-09-26 20:00:00,779.38,23.604872200000045,10.834,0
2024-09-26 20:30:00,779.35,23.564675200000124,10.952,0
2024-09-26 21:00:00,779.21,23.4634238000001,11.073,0
2024-09-26 21:30:00,779.08,23.374211800000012,11.189,0
2024-09-26 22:00:00,779.24,23.49444349999999,11.3,0
2024-09-26 22:30:00,779.17,23.362241800000106,11.399,0
2024-09-26 23:00:00,779.29,23.38639000000012,11.485,0
2024-09-26 23:30:00,779.48,23.40304100000003,11.557,0
2024-09-27 00:00:00,779.56,23.320908700000018,11.622,0
2024-09-27 00:30:00,779.68,23.348116000000005,11.674,0
2024-09-27 01:00:00,779.82,23.310688200000072,11.721,0
2024-09-27 01:30:00,780.02,23.351615000000038,11.755,0
2024-09-27 02:00:00,780.24,23.338103700000033,11.784,0
2024-09-27 02:30:00,780.42,23.323341000000028,11.797,0
2024-09-27 03:00:00,780.55,23.315681500000096,11.796,0
2024-09-27 03:30:00,780.84,23.28447600000004,11.78,0
2024-09-27 04:00:00,781.07,23.32991030000005,11.744,0
2024-09-27 04:30:00,781.2,23.334487200000126,11.69,0
2024-09-27 05:00:00,781.19,23.309191700000156,11.632,0
2024-09-27 05:30:00,781.24,23.2786354000001,11.562,0
2024-09-27 06:00:00,781.23,23.27169450000008,11.489,0
2024-09-27 06:30:00,781.21,23.22518230000003,11.415,0
2024-09-27 07:00:00,781.14,23.253073500000028,11.335,0
2024-09-27 07:30:00,780.89,23.25188030000004,11.258,0
2024-09-27 08:00:00,780.69,23.24358390000009,11.177,0
2024-09-27 08:30:00,780.65,23.22703700000011,11.101,0
2024-09-27 09:00:00,780.66,23.280884100000094,11.021,0
2024-09-27 09:30:00,780.68,23.27131279999992,10.95,0
2024-09-27 10:00:00,780.67,23.323514499999987,10.875,0
2024-09-27 10:30:00,780.52,23.26018899999997,10.804,0
2024-09-27 11:00:00,780.47,23.350907600000028,10.729,0
2024-09-27 11:30:00,780.37,23.317188100000067,10.651,0
2024-09-27 12:00:00,780.42,23.343734999999924,10.58,0
2024-09-27 12:30:00,780.43,23.344557699999996,10.512,0
2024-09-27 13:00:00,780.52,23.33768620000012,10.445,0
2024-09-27 13:30:00,780.69,23.393479800000136,10.386,0
2024-09-27 14:00:00,780.76,23.39414020000015,10.322,0
2024-09-27 14:30:00,780.89,23.401776200000086,10.259,0
2024-09-27 15:00:00,780.92,23.40628370000013,10.197,0
2024-09-27 15:30:00,780.91,23.341219900000056,10.144,0
2024-09-27 16:00:00,780.79,23.357859700000063,10.111,0
2024-09-27 16:30:00,780.78,23.326446000000033,10.115,0
2024-09-27 17:00:00,780.79,23.330327799999964,10.155,0
2024-09-27 17:30:00,780.83,23.379505100000074,10.219,0
2024-09-27 18:00:00,780.75,23.366805300000124,10.301,0
2024-09-27 18:30:00,780.56,23.294070799999986,10.401,0
2024-09-27 19:00:00,780.39,23.33514869999999,10.514,0
2024-09-27 19:30:00,780.24,23.35747800000013,10.636,0
2024-09-27 20:00:00,780.0,23.342831700000033,10.763,0
2024-09-27 20:30:00,780.04,23.434836399999995,10.892,0
2024-09-27 21:00:00,779.72,23.207629100000077,11.024,0
2024-09-27 21:30:00,779.7,23.377293300000133,11.154,0
2024-09-27 22:00:00,779.57,23.262588800000117,11.276,0
2024-09-27 22:30:00,779.56,23.251569099999983,11.375,0
2024-09-27 23:00:00,779.41,23.083214500000054,11.464,0
2024-09-27 23:30:00,779.53,23.234825199999932,11.541,0
2024-09-28 00:00:00,779.48,23.148116000000073,11.605,0
2024-09-28 00:30:00,779.52,23.123874900000146,11.658,0
2024-09-28 01:00:00,779.51,23.072067199999992,11.704,0
2024-09-28 01:30:00,779.64,23.118451800000003,11.739,0
2024-09-28 02:00:00,779.73,23.1146394000001,11.761,0
2024-09-28 02:30:00,779.83,23.08921630000009,11.774,0
2024-09-28 03:00:00,780.0,23.086887000000047,11.769,0
2024-09-28 03:30:00,780.07,23.079389800000172,11.75,0
2024-09-28 04:00:00,780.1,23.067582100000095,11.705,0
2024-09-28 04:30:00,780.08,23.099586799999997,11.648,0
2024-09-28 05:00:00,779.93,23.062773499999935,11.58,0
2024-09-28 05:30:00,780.04,23.12790670000004,11.506,0
2024-09-28 06:00:00,779.89,23.072738800000025,11.433,0
2024-09-28 06:30:00,779.91,23.01524160000008,11.36,0
2024-09-28 07:00:00,779.98,22.990409500000055,11.282,0
2024-09-28 07:30:00,780.06,22.952124300000037,11.2,0
2024-09-28 08:00:00,780.03,22.994523000000072,11.12,0
2024-09-28 08:30:00,779.96,22.957153400000152,11.043,0
2024-09-28 09:00:00,779.97,22.95287760000008,10.973,0
2024-09-28 09:30:00,779.91,22.952020199999993,10.899,0
2024-09-28 10:00:00,779.9,23.00014310000006,10.821,0
2024-09-28 10:30:00,779.73,22.967802600000027,10.743,0
2024-09-28 11:00:00,779.61,23.00177730000007,10.664,0
2024-09-28 11:30:00,779.5,23.0335156000001,10.59,0
2024-09-28 12:00:00,779.5,23.0620672,10.513,0
2024-09-28 12:30:00,779.55,23.060062500000072,10.44,0
2024-09-28 13:00:00,779.63,23.092136600000003,10.365,0
2024-09-28 13:30:00,779.74,23.081812000000127,10.29,0
2024-09-28 14:00:00,779.75,23.08467410000003,10.219,0
2024-09-28 14:30:00,779.85,23.11737390000019,10.148,0
2024-09-28 15:00:00,779.84,23.08494050000013,10.081,0
2024-09-28 15:30:00,779.81,23.06717690000005,10.023,0
2024-09-28 16:00:00,779.71,23.100757600000065,9.993,0
2024-09-28 16:30:00,779.63,23.063585000000103,10.002,0
2024-09-28 17:00:00,779.61,23.04868350000004,10.049,0
2024-09-28 17:30:00,779.6,23.127397400000063,10.122,0
2024-09-28 18:00:00,779.58,23.10331860000008,10.212,0
2024-09-28 18:30:00,779.45,23.02124450000008,10.314,0
2024-09-28 19:00:00,779.53,23.120618800000102,10.433,0
2024-09-28 19:30:00,779.54,23.14999309999996,10.559,0
2024-09-28 20:00:00,779.27,23.204257700000085,10.693,0
2024-09-28 20:30:00,779.05,23.086227699999995,10.831,0
2024-09-28 21:00:00,778.91,23.010468800000012,10.971,0
2024-09-28 21:30:00,778.84,23.180098300000168,11.102,0
2024-09-28 22:00:00,778.64,23.15854580000007,11.227,0
2024-09-28 22:30:00,778.44,23.075811300000055,11.335,0
2024-09-28 23:00:00,778.49,22.87292570000011,11.426,0
2024-09-28 23:30:00,778.64,22.88934500000005,11.506,0
2024-09-29 00:00:00,778.71,22.843099200000097,11.571,0
2024-09-29 00:30:00,778.73,22.924281199999996,11.629,0
2024-09-29 01:00:00,778.68,22.832473499999992,11.672,0
2024-09-29 01:30:00,778.88,22.836691100000053,11.705,0
2024-09-29 02:00:00,779.21,22.856702300000165,11.728,0
2024-09-29 02:30:00,779.38,22.85947150000004,11.737,0
2024-09-29 03:00:00,779.48,22.839146900000173,11.741,0
2024-09-29 03:30:00,779.75,22.849123400000053,11.724,0
2024-09-29 04:00:00,779.88,22.848601800000097,11.694,0
2024-09-29 04:30:00,779.88,22.854720000000157,11.65,0
2024-09-29 05:00:00,780.01,22.854198400000087,11.594,0
2024-09-29 05:30:00,779.92,22.79580909999993,11.526,0
2024-09-29 06:00:00,779.99,22.84133630000008,11.459,0
2024-09-29 06:30:00,779.93,22.83130159999996,11.39,0
2024-09-29 07:00:00,779.91,22.84699109999997,11.317,0
2024-09-29 07:30:00,779.87,22.802912300000003,11.24,0
2024-09-29 08:00:00,779.82,22.807976100000133,11.163,0
2024-09-29 08:30:00,779.75,22.794059600000082,11.082,0
2024-09-29 09:00:00,779.65,22.797049300000026,11.004,0
2024-09-29 09:30:00,779.44,22.790989300000092,10.919,0
2024-09-29 10:00:00,779.18,22.839958400000114,10.838,0
2024-09-29 10:30:00,779.02,22.76867230000005,10.757,0
2024-09-29 11:00:00,779.18,22.75940209999999,10.677,0
2024-09-29 11:30:00,779.3,22.767235099999994,10.603,0
2024-09-29 12:00:00,779.2,22.773283900000138,10.527,0
2024-09-29 12:30:00,779.32,22.804570000000126,10.44,0
2024-09-29 13:00:00,779.28,22.770688199999995,10.363,0
2024-09-29 13:30:00,779.54,22.80431479999993,10.287,0
2024-09-29 14:00:00,779.85,22.830838200000017,10.218,0
2024-09-29 14:30:00,780.04,22.84748920000004,10.15,0
2024-09-29 15:00:00,780.17,22.87347980000004,10.083,0
2024-09-29 15:30:00,780.15,22.854499500000088,10.031,0
2024-09-29 16:00:00,780.13,22.844696500000055,10.005,0
2024-09-29 16:30:00,780.1,22.831011699999976,10.014,0
2024-09-29 17:00:00,780.06,22.85321339999996,10.061,0
2024-09-29 17:30:00,780.06,22.952124300000037,10.132,0
2024-09-29 18:00:00,780.01,22.94189259999996,10.222,0
2024-09-29 18:30:00,779.93,22.945508000000018,10.329,0
2024-09-29 19:00:00,779.7,22.87967970000011,10.453,0
2024-09-29 19:30:00,779.67,22.940432999999985,10.586,0
2024-09-29 20:00:00,779.56,22.98338799999999,10.721,0
2024-09-29 20:30:00,779.29,22.960155399999962,10.867,0
2024-09-29 21:00:00,779.12,22.942090700000108,11.006,0
2024-09-29 21:30:00,778.96,22.915671400000065,11.142,0
2024-09-29 22:00:00,778.88,22.96007480000003,11.266,0
2024-09-29 22:30:00,778.95,22.852647000000047,11.375,0
2024-09-29 23:00:00,778.96,22.799425600000177,11.464,0
2024-09-29 23:30:00,778.98,22.77659820000008,11.54,0
2024-09-30 00:00:00,778.98,22.752125400000068,11.605,0
2024-09-30 00:30:00,779.01,22.725022200000012,11.656,0
2024-09-30 01:00:00,779.1,22.70999310000002,11.7,0
2024-09-30 01:30:00,779.23,22.709471500000063,11.734,0
2024-09-30 02:00:00,779.44,22.73694520000015,11.76,0
2024-09-30 02:30:00,779.74,22.720838200000003,11.767,0
2024-09-30 03:00:00,780.06,22.73186910000004,11.767,0
2024-09-30 03:30:00,780.15,22.746411299999977,11.748,0
2024-09-30 04:00:00,780.33,22.706156100000157,11.714,0
2024-09-30 04:30:00,780.32,22.695136400000138,11.664,0
2024-09-30 05:00:00,780.52,22.695275200000083,11.596,0
2024-09-30 05:30:00,780.67,22.731068800000003,11.53,0
2024-09-30 06:00:00,780.69,22.72047780000014,11.455,0
2024-09-30 06:30:00,780.6,22.713073500000064,11.383,0
2024-09-30 07:00:00,780.82,22.687325800000053,11.302,0
2024-09-30 07:30:00,780.78,22.706468400000063,11.223,0
2024-09-30 08:00:00,780.84,22.60739520000004,11.14,0
2024-09-30 08:30:00,780.99,22.61565690000009,11.063,0
2024-09-30 09:00:00,781.03,22.64138109999999,10.986,0
2024-09-30 09:30:00,780.87,22.598646600000052,10.907,0
2024-09-30 10:00:00,780.88,22.62904059999994,10.831,0
2024-09-30 10:30:00,780.82,22.652656000000093,10.746,0
2024-09-30 11:00:00,780.89,22.724695400000087,10.668,0
2024-09-30 11:30:00,780.92,22.69759220000003,10.595,0
2024-09-30 12:00:00,780.97,22.74657250000007,10.529,0
2024-09-30 12:30:00,781.2,22.720627800000102,10.462,0
2024-09-30 13:00:00,781.3,22.76964279999993,10.398,0
2024-09-30 13:30:00,781.48,22.771195300000045,10.332,0
2024-09-30 14:00:00,781.63,22.772319100000004,10.267,0
2024-09-30 14:30:00,781.64,22.816988899999956,10.207,0
2024-09-30 15:00:00,781.78,22.823408200000017,10.141,0
2024-09-30 15:30:00,781.84,22.784497300000112,10.089,0
2024-09-30 16:00:00,781.91,22.784138000000098,10.047,0
2024-09-30 16:30:00,781.99,22.74585280000008,10.058,0
2024-09-30 17:00:00,782.09,22.80608450000011,10.11,0
2024-09-30 17:30:00,782.16,22.786350900000116,10.187,0
2024-09-30 18:00:00,782.13,22.694149200000084,10.286,0
2024-09-30 18:30:00,782.11,22.733291800000075,10.402,0
2024-09-30 19:00:00,782.01,22.75667550000003,10.529,0
2024-09-30 19:30:00,781.82,22.684960700000147,10.664,0
2024-09-30 20:00:00,781.75,22.804624900000135,10.806,0
2024-09-30 20:30:00,781.59,22.751693400000136,10.953,0
2024-09-30 21:00:00,781.63,22.7641615,11.101,0
2024-09-30 21:30:00,781.66,22.684033900000145,11.243,0
2024-09-30 22:00:00,781.78,22.627625800000033,11.376,0
2024-09-30 22:30:00,781.83,22.68374400000016,11.487,0
2024-09-30 23:00:00,781.9,22.610986000000025,11.578,0
2024-09-30 23:30:00,782.02,22.58414920000007,11.653,0
2024-10-01 00:00:00,782.08,22.569711100000063,11.718,0
2024-10-01 00:30:00,782.21,22.528401500000086,11.771,0
2024-10-01 01:00:00,782.48,22.526141600000187,11.811,0
2024-10-01 01:30:00,782.78,22.505955800000038,11.84,0
2024-10-01 02:00:00,782.95,22.546453900000188,11.859,0
2024-10-01 02:30:00,783.27,22.51159830000006,11.87,0
2024-10-01 03:00:00,783.62,22.555688300000043,11.866,0
2024-10-01 03:30:00,784.0,22.55839930000002,11.837,0
2024-10-01 04:00:00,784.3,22.558607499999994,11.788,0
2024-10-01 04:30:00,784.46,22.589105600000153,11.723,0
2024-10-01 05:00:00,784.58,22.5388157000001,11.644,0
2024-10-01 05:30:00,784.68,22.582732200000123,11.556,0
2024-10-01 06:00:00,784.8,22.523265000000038,11.47,0
2024-10-01 06:30:00,784.87,22.539220900000032,11.382,0
2024-10-01 07:00:00,785.03,22.526891600000113,11.292,0
2024-10-01 07:30:00,785.05,22.516300600000136,11.2,0
2024-10-01 08:00:00,785.08,22.506532300000117,11.106,0
2024-10-01 08:30:00,785.1,22.472488200000043,11.018,0
2024-10-01 09:00:00,785.19,22.45440000000019,10.926,0
2024-10-01 09:30:00,785.21,22.43769080000004,10.835,0
2024-10-01 10:00:00,785.2,22.42667110000002,10.75,0
2024-10-01 10:30:00,785.06,22.395778999999948,10.666,0
2024-10-01 11:00:00,785.18,22.470912200000043,10.582,0
2024-10-01 11:30:00,785.06,22.464098900000067,10.51,0
2024-10-01 12:00:00,785.14,22.52268520000007,10.425,0
2024-10-01 12:30:00,785.27,22.508907500000078,10.352,0
2024-10-01 13:00:00,785.38,22.562823999999978,10.279,0
2024-10-01 13:30:00,785.52,22.581479700000045,10.211,0
2024-10-01 14:00:00,785.8,22.618791100000067,10.145,0
2024-10-01 14:30:00,785.94,22.61399370000015,10.073,0
2024-10-01 15:00:00,786.12,22.61554620000004,10.005,0
2024-10-01 15:30:00,786.16,22.603541500000006,9.953,0
2024-10-01 16:00:00,786.15,22.552753499999994,9.918,0
2024-10-01 16:30:00,786.16,22.54235950000009,9.933,0
2024-10-01 17:00:00,786.14,22.5906794,9.995,0
2024-10-01 17:30:00,786.11,22.559659699999997,10.081,0
2024-10-01 18:00:00,785.99,22.602811700000075,10.184,0
2024-10-01 18:30:00,785.92,22.578698200000076,10.302,0
2024-10-01 19:00:00,785.98,22.67438770000001,10.429,0
2024-10-01 19:30:00,785.78,22.572278900000015,10.565,0
2024-10-01 20:00:00,785.62,22.683519100000126,10.708,0
2024-10-01 20:30:00,785.37,22.73127150000016,10.854,0
2024-10-01 21:00:00,785.08,22.568734000000063,10.998,0
2024-10-01 21:30:00,784.86,22.4792556000001,11.141,0
2024-10-01 22:00:00,784.84,22.481689000000074,11.27,0
2024-10-01 22:30:00,784.81,22.652569900000003,11.384,0
2024-10-01 23:00:00,784.5,22.477170300000125,11.479,0
2024-10-01 23:30:00,784.4,22.473022100000094,11.556,0
2024-10-02 00:00:00,784.37,22.525617800000077,11.627,0
2024-10-02 00:30:00,784.34,22.45177070000011,11.686,0
2024-10-02 01:00:00,784.35,22.403647800000044,11.732,0
2024-10-02 01:30:00,784.46,22.416776300000038,11.77,0
2024-10-02 02:00:00,784.7,22.460993900000062,11.79,0
2024-10-02 02:30:00,784.78,22.422708700000044,11.802,0
2024-10-02 03:00:00,784.9,22.426462900000047,11.797,0
2024-10-02 03:30:00,785.21,22.39894220000008,11.775,0
2024-10-02 04:00:00,785.24,22.35756319999996,11.733,0
2024-10-02 04:30:00,785.29,22.410622300000114,11.68,0
2024-10-02 05:00:00,785.33,22.38944030000016,11.611,0
2024-10-02 05:30:00,785.33,22.404735800000026,11.539,0
2024-10-02 06:00:00,785.26,22.435686099999998,11.464,0
2024-10-02 06:30:00,785.27,22.425292100000092,11.382,0
2024-10-02 07:00:00,785.1,22.414365299999986,11.305,0
2024-10-02 07:30:00,784.91,22.375280900000007,11.227,0
2024-10-02 08:00:00,784.77,22.38415710000004,11.148,0
2024-10-02 08:30:00,784.61,22.389348500000096,11.072,0
2024-10-02 09:00:00,784.51,22.390298800000096,10.994,0
2024-10-02 09:30:00,784.4,22.38328850000005,10.915,0
2024-10-02 10:00:00,784.18,22.385583099999963,10.835,0
2024-10-02 10:30:00,784.04,22.40159719999997,10.758,0
2024-10-02 11:00:00,783.98,22.378306400000042,10.681,0
2024-10-02 11:30:00,783.93,22.389488400000005,10.608,0
2024-10-02 12:00:00,783.85,22.396162900000036,10.543,0
2024-10-02 12:30:00,783.84,22.416753900000117,10.473,0
2024-10-02 13:00:00,783.84,22.413694800000144,10.405,0
2024-10-02 13:30:00,783.79,22.413660100000016,10.339,0
2024-10-02 14:00:00,783.81,22.418364600000018,10.272,0
2024-10-02 14:30:00,783.83,22.452640400000178,10.199,0
2024-10-02 15:00:00,783.77,22.448723900000118,10.127,0
2024-10-02 15:30:00,783.71,22.43053160000011,10.068,0
2024-10-02 16:00:00,783.64,22.443127300000015,10.031,0
2024-10-02 16:30:00,783.62,22.451678900000047,10.044,0
2024-10-02 17:00:00,783.55,22.453057899999976,10.097,0
2024-10-02 17:30:00,783.45,22.46522490000018,10.18,0
2024-10-02 18:00:00,783.24,22.542780300000118,10.285,0
2024-10-02 18:30:00,783.03,22.458203400000002,10.405,0
2024-10-02 19:00:00,782.95,22.541355400000157,10.531,0
2024-10-02 19:30:00,782.6,22.44628040000009,10.664,0
2024-10-02 20:00:00,782.43,22.532225100000005,10.809,0
2024-10-02 20:30:00,782.18,22.569780500000093,10.953,0
2024-10-02 21:00:00,781.85,22.599734600000033,11.097,0
2024-10-02 21:30:00,781.5,22.44347760000005,11.238,0
2024-10-02 22:00:00,781.31,22.447220600000037,11.369,0
2024-10-02 22:30:00,781.26,22.44922530000008,11.485,0
2024-10-02 23:00:00,781.12,22.43464840000013,11.585,0
2024-10-02 23:30:00,781.01,22.495958000000087,11.666,0
2024-10-03 00:00:00,780.82,22.418125000000146,11.731,0
2024-10-03 00:30:00,780.7,22.348090300000194,11.79,0
2024-10-03 01:00:00,780.66,22.344799500000022,11.832,0
2024-10-03 01:30:00,780.75,22.325691600000027,11.868,0
2024-10-03 02:00:00,780.98,22.342574300000138,11.89,0
2024-10-03 02:30:00,781.16,22.40938760000006,11.901,0
2024-10-03 03:00:00,781.23,22.364161500000023,11.897,0
2024-10-03 03:30:00,781.35,22.344462600000043,11.876,0
2024-10-03 04:00:00,781.47,22.34311830000013,11.839,0
2024-10-03 04:30:00,781.51,22.337231800000154,11.782,0
2024-10-03 05:00:00,781.48,22.334763700000053,11.715,0
2024-10-03 05:30:00,781.48,22.33782280000014,11.638,0
2024-10-03 06:00:00,781.45,22.347591100000045,11.56,0
2024-10-03 06:30:00,781.35,22.314891300000113,11.477,0
2024-10-03 07:00:00,781.3,22.344427900000028,11.392,0
2024-10-03 07:30:00,781.17,22.304161499999964,11.307,0
2024-10-03 08:00:00,781.09,22.288402600000154,11.224,0
2024-10-03 08:30:00,781.07,22.325505800000087,11.137,0
2024-10-03 09:00:00,781.0,22.298333200000116,11.052,0
2024-10-03 09:30:00,780.97,22.29382570000007,10.968,0
2024-10-03 10:00:00,780.86,22.324544300000184,10.884,0
2024-10-03 10:30:00,780.74,22.3258886000001,10.801,0
2024-10-03 11:00:00,780.68,22.325031200000012,10.719,0
2024-10-03 11:30:00,780.66,22.331543399999987,10.637,0
2024-10-03 12:00:00,780.78,22.375065900000095,10.558,0
2024-10-03 12:30:00,780.76,22.388716000000045,10.477,0
2024-10-03 13:00:00,780.7,22.367464600000062,10.401,0
2024-10-03 13:30:00,780.68,22.365819200000033,10.323,0
2024-10-03 14:00:00,780.77,22.426247900000135,10.251,0
2024-10-03 14:30:00,780.94,22.41474130000006,10.176,0
2024-10-03 15:00:00,781.06,22.43888949999996,10.109,0
2024-10-03 15:30:00,780.99,22.408657800000015,10.051,0
2024-10-03 16:00:00,780.99,22.40559870000004,10.022,0
2024-10-03 16:30:00,781.04,22.415830400000004,10.04,0
2024-10-03 17:00:00,780.98,22.46697770000003,10.101,0
2024-10-03 17:30:00,780.82,22.417105300000117,10.183,0
2024-10-03 18:00:00,780.79,22.51354809999998,10.284,0
2024-10-03 18:30:00,780.69,22.437001200000168,10.398,0
2024-10-03 19:00:00,780.54,22.475645700000086,10.525,0
2024-10-03 19:30:00,780.3,22.458960000000047,10.664,0
2024-10-03 20:00:00,780.16,22.489249900000118,10.807,0
2024-10-03 20:30:00,779.92,22.41953979999994,10.947,0
2024-10-03 21:00:00,779.73,22.444696500000077,11.092,0
2024-10-03 21:30:00,779.68,22.55988789999992,11.235,0
2024-10-03 22:00:00,779.43,22.409818499999915,11.364,0
2024-10-03 22:30:00,779.43,22.478138400000034,11.477,0
2024-10-03 23:00:00,779.45,22.482842900000037,11.567,0
2024-10-03 23:30:00,779.35,22.399158100000136,11.642,0
2024-10-04 00:00:00,779.43,22.415936699999975,11.709,0
2024-10-04 00:30:00,779.35,22.36754740000015,11.765,0
2024-10-04 01:00:00,779.4,22.321695600000112,11.806,0
2024-10-04 01:30:00,779.51,22.323607400000128,11.837,0
2024-10-04 02:00:00,779.76,22.32276120000006,11.855,0
2024-10-04 02:30:00,779.97,22.348195500000088,11.859,0
2024-10-04 03:00:00,780.1,22.341555700000185,11.846,0
2024-10-04 03:30:00,780.32,22.314788300000146,11.816,0
2024-10-04 04:00:00,780.46,22.33854250000013,11.773,0
2024-10-04 04:30:00,780.62,22.30785860000003,11.717,0
2024-10-04 05:00:00,780.77,22.31714000000011,11.652,0
2024-10-04 05:30:00,780.86,22.314347300000122,11.579,0
2024-10-04 06:00:00,780.93,22.283397000000036,11.5,0
2024-10-04 06:30:00,781.08,22.28859960000011,11.416,0
2024-10-04 07:00:00,781.13,22.29781160000016,11.332,0
2024-10-04 07:30:00,781.14,22.268043300000045,11.249,0
2024-10-04 08:00:00,781.19,22.311925100000053,11.17,0
2024-10-04 08:30:00,781.23,22.327452300000118,11.089,0
2024-10-04 09:00:00,781.27,22.330743100000063,11.01,0
2024-10-04 09:30:00,781.14,22.334323800000107,10.934,0
2024-10-04 10:00:00,780.91,22.315401700000052,10.863,0
2024-10-04 10:30:00,780.78,22.30572630000006,10.779,0
2024-10-04 11:00:00,780.59,22.32272540000008,10.705,0
2024-10-04 11:30:00,780.61,22.34476480000012,10.639,0
2024-10-04 12:00:00,780.51,22.3049271000001,10.57,0
2024-10-04 12:30:00,780.6,22.378611900000124,10.502,0
2024-10-04 13:00:00,780.69,22.369701000000077,10.433,0
2024-10-04 13:30:00,780.81,22.36937640000008,10.366,0
2024-10-04 14:00:00,781.13,22.432412000000113,10.301,0
2024-10-04 14:30:00,781.12,22.210314400000016,10.237,0
2024-10-04 15:00:00,781.92,22.353627600000095,10.185,0
2024-10-04 15:30:00,781.53,22.476536699999997,10.15,0
2024-10-04 16:00:00,781.64,22.42848319999996,10.138,0
2024-10-04 16:30:00,781.8,22.447764600000028,10.166,0
2024-10-04 17:00:00,782.0,22.422410900000045,10.22,0
2024-10-04 17:30:00,782.15,22.390904300000102,10.289,0
2024-10-04 18:00:00,782.28,22.509687600000007,10.371,0
2024-10-04 18:30:00,782.37,22.501796400000103,10.466,0
2024-10-04 19:00:00,782.46,22.497984000000088,10.573,0
2024-10-04 19:30:00,782.52,22.61814630000015,10.687,0
2024-10-04 20:00:00,782.49,22.635052500000143,10.802,0
2024-10-04 20:30:00,782.29,22.47482080000009,10.917,0
2024-10-04 21:00:00,782.19,22.533894000000032,11.033,0
2024-10-04 21:30:00,782.32,22.58843620000016,11.153,0
2024-10-04 22:00:00,782.28,22.526002800000015,11.268,0
2024-10-04 22:30:00,782.32,22.517057200000067,11.357,0
2024-10-04 23:00:00,782.24,22.43909659999997,11.434,0
2024-10-04 23:30:00,782.41,22.54485550000004,11.498,0
2024-10-05 00:00:00,782.14,22.37070730000005,11.548,0
2024-10-05 00:30:00,782.23,22.40054500000008,11.587,0
2024-10-05 01:00:00,782.3,22.343082500000037,11.618,0
2024-10-05 01:30:00,782.43,22.35785640000006,11.64,0
2024-10-05 02:00:00,782.58,22.419142500000135,11.651,0
2024-10-05 02:30:00,782.79,22.40786760000003,11.646,0
2024-10-05 03:00:00,783.0,22.37721840000006,11.622,0
2024-10-05 03:30:00,783.15,22.385480099999995,11.583,0
2024-10-05 04:00:00,783.31,22.392525099999943,11.527,0
2024-10-05 04:30:00,783.41,22.406870300000037,11.463,0
2024-10-05 05:00:00,783.56,22.39677740000002,11.39,0
2024-10-05 05:30:00,783.83,22.381261400000085,11.314,0
2024-10-05 06:00:00,783.88,22.410867400000143,11.237,0
2024-10-05 06:30:00,783.9,22.3819218000001,11.157,0
2024-10-05 07:00:00,783.89,22.37192180000011,11.074,0
2024-10-05 07:30:00,783.92,22.34073980000005,10.995,0
2024-10-05 08:00:00,783.85,22.333961199999976,10.916,0
2024-10-05 08:30:00,783.86,22.312350500000093,10.834,0
2024-10-05 09:00:00,783.9,22.28505030000008,10.75,0
2024-10-05 09:30:00,783.87,22.311133799999993,10.665,0
2024-10-05 10:00:00,783.75,22.310438700000077,10.583,0
2024-10-05 10:30:00,783.65,22.327704200000085,10.512,0
2024-10-05 11:00:00,783.65,22.35523610000007,10.438,0
2024-10-05 11:30:00,783.72,22.36915260000012,10.372,0
2024-10-05 12:00:00,783.75,22.418526900000074,10.304,0
2024-10-05 12:30:00,783.84,22.427970600000208,10.236,0
2024-10-05 13:00:00,784.01,22.411365499999988,10.168,0
2024-10-05 13:30:00,784.2,22.487159099999985,10.093,0
2024-10-05 14:00:00,784.4,22.462825100000032,10.032,0
2024-10-05 14:30:00,784.59,22.480495800000085,9.971,0
2024-10-05 15:00:00,784.81,22.543461999999977,9.91,0
2024-10-05 15:30:00,784.86,22.476196500000015,9.858,0
2024-10-05 16:00:00,784.86,22.48843290000002,9.83,0
2024-10-05 16:30:00,784.93,22.465640200000053,9.853,0
2024-10-05 17:00:00,784.97,22.49850230000004,9.914,0
2024-10-05 17:30:00,785.0,22.58866460000013,9.995,0
2024-10-05 18:00:00,784.97,22.56580250000013,10.091,0
2024-10-05 18:30:00,785.04,22.685767800000008,10.205,0
2024-10-05 19:00:00,784.72,22.548294100000135,10.329,0
2024-10-05 19:30:00,784.48,22.586672200000066,10.448,0
2024-10-05 20:00:00,784.42,22.554204100000106,10.579,0
2024-10-05 20:30:00,784.35,22.600449900000058,10.72,0
2024-10-05 21:00:00,784.18,22.67211880000002,10.858,0
2024-10-05 21:30:00,784.04,22.666719200000102,10.981,0
2024-10-05 22:00:00,783.87,22.593590700000163,11.095,0
2024-10-05 22:30:00,783.93,22.597507199999995,11.193,0
2024-10-05 23:00:00,783.74,22.447275500000046,11.281,0
2024-10-05 23:30:00,783.73,22.472965000000045,11.355,0
2024-10-06 00:00:00,783.67,22.419083200000046,11.424,0
2024-10-06 00:30:00,783.82,22.494645100000184,11.474,0
2024-10-06 01:00:00,783.79,22.46158600000001,11.524,0
2024-10-06 01:30:00,783.93,22.419059699999934,11.558,0
2024-10-06 02:00:00,784.06,22.440971500000046,11.586,0
2024-10-06 02:30:00,784.26,22.441110300000105,11.603,0
2024-10-06 03:00:00,784.45,22.438387000000148,11.605,0
2024-10-06 03:30:00,784.64,22.422407600000042,11.588,0
2024-10-06 04:00:00,784.64,22.425466700000015,11.556,0
2024-10-06 04:30:00,784.74,22.43981190000011,11.512,0
2024-10-06 05:00:00,784.77,22.422905700000115,11.458,0
2024-10-06 05:30:00,784.83,22.404388800000106,11.392,0
2024-10-06 06:00:00,784.93,22.467679599999997,11.32,0
2024-10-06 06:30:00,784.9,22.43564020000008,11.247,0
2024-10-06 07:00:00,784.86,22.43336910000005,11.17,0
2024-10-06 07:30:00,784.88,22.4758025000001,11.09,0
2024-10-06 08:00:00,784.77,22.431063300000005,11.011,0
2024-10-06 08:30:00,784.73,22.417575500000112,10.934,0
2024-10-06 09:00:00,784.69,22.430599900000175,10.862,0
2024-10-06 09:30:00,784.53,22.40825940000002,10.787,0
2024-10-06 10:00:00,784.37,22.4307857,10.717,0
2024-10-06 10:30:00,784.24,22.404795100000115,10.65,0
2024-10-06 11:00:00,784.14,22.4016666,10.582,0
2024-10-06 11:30:00,784.17,22.424528699999996,10.519,0
2024-10-06 12:00:00,784.23,22.434563400000002,10.46,0
2024-10-06 12:30:00,784.3,22.42298740000001,10.399,0
2024-10-06 13:00:00,784.45,22.45572190000007,10.335,0
2024-10-06 13:30:00,784.52,22.430889800000045,10.272,0
2024-10-06 14:00:00,784.58,22.456220000000144,10.206,0
2024-10-06 14:30:00,784.65,22.441584900000066,10.136,0
2024-10-06 15:00:00,784.75,22.49569840000015,10.067,0
2024-10-06 15:30:00,784.75,22.4742847,10.003,0
2024-10-06 16:00:00,784.75,22.470205899999996,9.975,0
2024-10-06 16:30:00,784.73,22.480796899999973,9.998,0
2024-10-06 17:00:00,784.72,22.52280159999998,10.059,0
2024-10-06 17:30:00,784.71,22.519939500000078,10.137,0
2024-10-06 18:00:00,784.69,22.592732200000228,10.23,0
2024-10-06 18:30:00,784.54,22.640553999999952,10.339,0
2024-10-06 19:00:00,784.41,22.578873900000076,10.454,0
2024-10-06 19:30:00,784.2,22.56771540000011,10.575,0
2024-10-06 20:00:00,784.04,22.660601000000042,10.7,0
2024-10-06 20:30:00,783.94,22.583034400000088,10.818,0
2024-10-06 21:00:00,783.8,22.645954699999947,10.929,0
2024-10-06 21:30:00,783.57,22.581146100000183,11.031,0
2024-10-06 22:00:00,783.33,22.617484800000057,11.133,0
2024-10-06 22:30:00,783.66,22.637495999999942,11.222,0
2024-10-06 23:00:00,783.69,22.568585100000064,11.308,0
2024-10-06 23:30:00,784.07,22.494818600000144,11.37,0
2024-10-07 00:00:00,784.52,22.610357000000135,11.421,0
2024-10-07 00:30:00,784.31,22.66241990000003,11.447,0
2024-10-07 01:00:00,784.11,22.69185240000013,11.463,0
2024-10-07 01:30:00,783.87,22.646615099999963,11.467,0
2024-10-07 02:00:00,783.81,22.686545699999897,11.467,0
2024-10-07 02:30:00,783.98,22.704610400000092,11.456,0
2024-10-07 03:00:00,784.11,22.712246400000026,11.434,0
2024-10-07 03:30:00,784.12,22.70389180000018,11.397,0
2024-10-07 04:00:00,784.26,22.720508100000075,11.351,0
2024-10-07 04:30:00,784.18,22.656823300000042,11.296,0
2024-10-07 05:00:00,784.11,22.674517500000093,11.238,0
2024-10-07 05:30:00,784.0,22.69096030000003,11.182,0
2024-10-07 06:00:00,783.88,22.632142300000055,11.123,0
2024-10-07 06:30:00,783.81,22.65085620000002,11.062,0
2024-10-07 07:00:00,783.67,22.662791500000026,11.01,0
2024-10-07 07:30:00,783.62,22.621968800000104,10.955,0
2024-10-07 08:00:00,783.46,22.582293400000026,10.894,0
2024-10-07 08:30:00,783.41,22.59245569999996,10.839,0
2024-10-07 09:00:00,783.33,22.63074090000009,10.775,0
2024-10-07 09:30:00,783.18,22.66938540000001,10.71,0
2024-10-07 10:00:00,782.94,22.70674380000014,10.647,0
2024-10-07 10:30:00,782.8,22.72989580000001,10.579,0
2024-10-07 11:00:00,782.71,22.69699900000012,10.515,0
2024-10-07 11:30:00,782.67,22.730417399999965,10.45,0
2024-10-07 12:00:00,782.59,22.75748590000012,10.387,0
2024-10-07 12:30:00,782.59,22.748308600000087,10.322,0
2024-10-07 13:00:00,782.54,22.73093899999992,10.262,0
2024-10-07 13:30:00,782.54,22.72278140000003,10.206,0
2024-10-07 14:00:00,782.51,22.73153000000002,10.153,0
2024-10-07 14:30:00,782.7,22.708412700000054,10.095,0
2024-10-07 15:00:00,782.76,22.729664100000036,10.044,0
2024-10-07 15:30:00,782.76,22.71436860000017,9.998,0
2024-10-07 16:00:00,782.71,22.734727900000053,9.973,0
2024-10-07 16:30:00,782.66,22.715318899999943,9.984,0
2024-10-07 17:00:00,782.54,22.72787990000006,10.026,0
2024-10-07 17:30:00,782.48,22.7474165000001,10.084,0
2024-10-07 18:00:00,782.3,22.77951410000003,10.155,0
2024-10-07 18:30:00,782.18,22.887926900000025,10.239,0
2024-10-07 19:00:00,782.02,22.815621100000044,10.336,0
2024-10-07 19:30:00,781.82,22.81446260000007,10.437,0
2024-10-07 20:00:00,781.67,22.88777689999995,10.547,0
2024-10-07 20:30:00,781.4,22.86556399999995,10.66,0
2024-10-07 21:00:00,781.16,22.9681832,10.766,0
2024-10-07 21:30:00,780.81,22.8078473999999,10.874,0
2024-10-07 22:00:00,781.15,22.858252600000128,10.983,0
2024-10-07 22:30:00,781.15,22.842957100000035,11.079,0
2024-10-07 23:00:00,781.18,22.853582800000027,11.162,0
2024-10-07 23:30:00,781.43,22.691624000000047,11.228,0
2024-10-08 00:00:00,781.42,22.792771300000027,11.283,0
2024-10-08 00:30:00,781.1,22.770523700000012,11.33,0
2024-10-08 01:00:00,780.91,22.7181832,11.36,0
2024-10-08 01:30:00,780.7,22.779423400000155,11.377,0
2024-10-08 02:00:00,780.77,22.754591300000016,11.387,0
2024-10-08 02:30:00,780.8,22.719330499999955,11.386,0
2024-10-08 03:00:00,780.84,22.774626000000126,11.368,0
2024-10-08 03:30:00,780.71,22.747615700000097,11.333,0
2024-10-08 04:00:00,780.82,22.789295800000104,11.287,0
2024-10-08 04:30:00,780.89,22.780778900000087,11.226,0
2024-10-08 05:00:00,781.05,22.78068600000006,11.163,0
2024-10-08 05:30:00,781.13,22.77911000000006,11.087,0
2024-10-08 06:00:00,781.05,22.82045430000005,11.012,0
2024-10-08 06:30:00,781.01,22.81206499999996,10.937,0
2024-10-08 07:00:00,780.91,22.823212300000023,10.864,0
2024-10-08 07:30:00,780.83,22.86863540000013,10.792,0
2024-10-08 08:00:00,780.77,22.863699199999928,10.722,0
2024-10-08 08:30:00,780.66,22.843432800000073,10.652,0
2024-10-08 09:00:00,780.57,22.846225500000173,10.584,0
2024-10-08 09:30:00,780.47,22.85635309999998,10.512,0
2024-10-08 10:00:00,780.32,22.80934280000008,10.441,0
2024-10-08 10:30:00,780.19,22.79456890000006,10.367,0
2024-10-08 11:00:00,780.03,22.754893500000094,10.3,0
2024-10-08 11:30:00,779.9,22.767651500000056,10.231,0
2024-10-08 12:00:00,779.86,22.75926220000008,10.166,0
2024-10-08 12:30:00,779.79,22.738207800000055,10.099,0
2024-10-08 13:00:00,779.83,22.791463900000167,10.037,0
2024-10-08 13:30:00,779.82,22.830409500000087,9.974,0
2024-10-08 14:00:00,779.92,22.83761680000009,9.908,0
2024-10-08 14:30:00,779.92,22.841695600000094,9.835,0
2024-10-08 15:00:00,779.92,22.95386259999998,9.775,0
2024-10-08 15:30:00,780.0,22.835021100000063,9.729,0
2024-10-08 16:00:00,780.09,22.906666500000142,9.714,0
2024-10-08 16:30:00,780.07,22.893804400000136,9.739,0
2024-10-08 17:00:00,780.1,22.945218100000034,9.794,0
2024-10-08 17:30:00,780.19,23.005646800000136,9.859,0
2024-10-08 18:00:00,780.23,22.95387380000011,9.93,0
2024-10-08 18:30:00,780.07,22.97130160000006,10.005,0
2024-10-08 19:00:00,780.0,22.990015500000027,10.082,0
2024-10-08 19:30:00,779.9,23.041950799999995,10.163,0
2024-10-08 20:00:00,779.71,22.937605600000097,10.246,0
2024-10-08 20:30:00,779.47,23.014732300000105,10.328,0
2024-10-08 21:00:00,779.32,23.008510000000115,10.41,0
2024-10-08 21:30:00,779.1,23.0138637,10.489,0
2024-10-08 22:00:00,779.08,23.071360900000172,10.573,0
2024-10-08 22:30:00,778.77,22.981616099999997,10.646,0
2024-10-08 23:00:00,778.73,22.9599707000001,10.701,0
2024-10-08 23:30:00,778.82,22.970434100000034,10.744,0
2024-10-09 00:00:00,778.89,22.926227700000027,10.782,0
2024-10-09 00:30:00,779.05,22.930213600000002,10.815,0
2024-10-09 01:00:00,779.08,22.929622600000016,10.841,0
2024-10-09 01:30:00,779.16,22.90765260000012,10.861,0
2024-10-09 02:00:00,779.29,22.92752500000006,10.869,0
2024-10-09 02:30:00,779.53,22.92381670000009,10.86,0
2024-10-09 03:00:00,779.73,22.918857000000116,10.832,0
2024-10-09 03:30:00,779.93,22.925114000000008,10.786,0
2024-10-09 04:00:00,780.1,22.88607550000006,10.731,0
2024-10-09 04:30:00,780.29,22.91496290000009,10.67,0
2024-10-09 05:00:00,780.46,22.88918050000018,10.601,0
2024-10-09 05:30:00,780.6,22.89254070000004,10.53,0
2024-10-09 06:00:00,780.54,22.895762099999956,10.458,0
2024-10-09 06:30:00,780.58,22.880698300000063,10.384,0
2024-10-09 07:00:00,780.61,22.887245200000052,10.314,0
2024-10-09 07:30:00,780.69,22.87955100000022,10.243,0
2024-10-09 08:00:00,780.69,22.892807100000027,10.168,0
2024-10-09 08:30:00,780.67,22.90747690000012,10.095,0
2024-10-09 09:00:00,780.6,22.915993800000138,10.015,0
2024-10-09 09:30:00,780.49,22.905924400000117,9.942,0
2024-10-09 10:00:00,780.41,22.912598900000035,9.875,0
2024-10-09 10:30:00,780.35,22.916840000000093,9.811,0
2024-10-09 11:00:00,780.46,22.937106400000175,9.749,0
2024-10-09 11:30:00,780.58,22.978589500000112,9.682,0
2024-10-09 12:00:00,780.64,22.96517110000002,9.611,0
2024-10-09 12:30:00,780.72,22.95645720000016,9.551,0
2024-10-09 13:00:00,780.78,22.943038800000068,9.488,0
2024-10-09 13:30:00,781.01,22.97113820000004,9.427,0
2024-10-09 14:00:00,781.0,22.928507800000034,9.356,0
2024-10-09 14:30:00,781.19,22.923745100000133,9.276,0
2024-10-09 15:00:00,781.38,22.91694300000006,9.216,0
2024-10-09 15:30:00,781.49,22.94230790000006,9.153,0
2024-10-09 16:00:00,781.47,22.935564,9.126,0
2024-10-09 16:30:00,781.49,22.913756300000045,9.146,0
2024-10-09 17:00:00,781.41,22.930627800000025,9.205,0
2024-10-09 17:30:00,781.38,22.982203800000093,9.28,0
2024-10-09 18:00:00,781.43,23.001612799999975,9.369,0
2024-10-09 18:30:00,781.42,23.09052369999995,9.462,0
2024-10-09 19:00:00,781.27,23.014961800000037,9.568,0
2024-10-09 19:30:00,781.12,22.995483400000012,9.678,0
2024-10-09 20:00:00,780.93,22.999226399999998,9.797,0
2024-10-09 20:30:00,780.82,23.03096470000014,9.926,0
2024-10-09 21:00:00,780.57,23.054244300000164,10.049,0
2024-10-09 21:30:00,780.53,22.98059420000004,10.172,0
2024-10-09 22:00:00,780.43,22.94075650000002,10.287,0
2024-10-09 22:30:00,780.36,22.858520100000078,10.385,0
2024-10-09 23:00:00,780.37,22.89299290000008,10.47,0
2024-10-09 23:30:00,780.41,22.935032300000103,10.545,0
2024-10-10 00:00:00,780.53,22.890860599999996,10.611,0
2024-10-10 00:30:00,780.66,22.844452500000102,10.661,0
2024-10-10 01:00:00,780.71,22.839388700000086,10.707,0
2024-10-10 01:30:00,780.9,22.82340929999998,10.744,0
2024-10-10 02:00:00,781.15,22.86946929999999,10.764,0
2024-10-10 02:30:00,781.28,22.797568699999943,10.768,0
2024-10-10 03:00:00,781.42,22.84579569999994,10.755,0
2024-10-10 03:30:00,781.61,22.853269400000045,10.727,0
2024-10-10 04:00:00,781.54,22.80570279999995,10.684,0
2024-10-10 04:30:00,781.45,22.811554600000022,10.627,0
2024-10-10 05:00:00,781.57,22.78675720000001,10.564,0
2024-10-10 05:30:00,781.62,22.80106770000009,10.499,0
2024-10-10 06:00:00,781.67,22.716467299999977,10.434,0
2024-10-10 06:30:00,781.73,22.77034910000009,10.371,0
2024-10-10 07:00:00,781.81,22.77285190000009,10.305,0
2024-10-10 07:30:00,781.77,22.76650200000006,10.24,0
2024-10-10 08:00:00,781.65,22.74031439999999,10.177,0
2024-10-10 08:30:00,781.65,22.74949170000002,10.11,0
2024-10-10 09:00:00,781.56,22.763501099999985,10.044,0
2024-10-10 09:30:00,781.47,22.72244670000009,9.977,0
2024-10-10 10:00:00,781.28,22.727209400000106,9.908,0
2024-10-10 10:30:00,781.2,22.770593100000042,9.85,0
2024-10-10 11:00:00,781.16,22.798913000000084,9.799,0
2024-10-10 11:30:00,781.11,22.745853900000043,9.749,0
2024-10-10 12:00:00,781.12,22.779307000000017,9.693,0
2024-10-10 12:30:00,781.27,22.75493830000005,9.64,0
2024-10-10 13:00:00,781.14,22.72792800000002,9.584,0
2024-10-10 13:30:00,781.25,22.73901710000007,9.522,0
2024-10-10 14:00:00,781.43,22.76504239999997,9.447,0
2024-10-10 14:30:00,781.52,22.728599600000052,9.363,0
2024-10-10 15:00:00,781.55,22.767776899999944,9.295,0
2024-10-10 15:30:00,781.69,22.735447600000157,9.234,0
2024-10-10 16:00:00,781.49,22.7077769,9.211,0
2024-10-10 16:30:00,781.41,22.726687799999922,9.235,0
2024-10-10 17:00:00,781.3,22.730894199999966,9.291,0
2024-10-10 17:30:00,781.25,22.733918600000038,9.357,0
2024-10-10 18:00:00,781.24,22.781021800000076,9.426,0
2024-10-10 18:30:00,781.11,22.787661600000092,9.496,0
2024-10-10 19:00:00,781.06,22.81719820000012,9.574,0
2024-10-10 19:30:00,781.07,22.83739520000006,9.656,0
2024-10-10 20:00:00,780.76,22.816990000000033,9.74,0
2024-10-10 20:30:00,780.68,22.742088500000023,9.824,0
2024-10-10 21:00:00,780.58,22.80116170000008,9.909,0
2024-10-10 21:30:00,780.56,22.80257539999991,9.993,0
2024-10-10 22:00:00,780.52,22.785008800000014,10.068,0
2024-10-10 22:30:00,780.69,22.7836992,10.135,0
2024-10-10 23:00:00,780.71,22.749655100000155,10.196,0
2024-10-10 23:30:00,780.77,22.757650400000102,10.249,0
2024-10-11 00:00:00,780.65,22.757974999999988,10.293,0
2024-10-11 00:30:00,780.58,22.717546300000095,10.328,0
2024-10-11 01:00:00,780.67,22.690280799999982,10.363,0
2024-10-11 01:30:00,780.66,22.723108199999956,10.386,0
2024-10-11 02:00:00,780.77,22.704626000000076,10.403,0
2024-10-11 02:30:00,780.84,22.682853000000136,10.407,0
2024-10-11 03:00:00,781.09,22.689144700000156,10.395,0
2024-10-11 03:30:00,781.26,22.676618400000166,10.356,0
2024-10-11 04:00:00,781.42,22.680604300000027,10.301,0
2024-10-11 04:30:00,781.36,22.6257028,10.233,0
2024-10-11 05:00:00,781.3,22.590175600000066,10.157,0
2024-10-11 05:30:00,781.26,22.582806000000005,10.079,0
2024-10-11 06:00:00,781.14,22.584150300000033,10.001,0
2024-10-11 06:30:00,781.25,22.58606210000005,9.921,0
2024-10-11 07:00:00,781.14,22.569874500000083,9.836,0
2024-10-11 07:30:00,781.07,22.53352460000019,9.756,0
2024-10-11 08:00:00,780.98,22.54345520000004,9.674,0
2024-10-11 08:30:00,780.91,22.558090300000117,9.59,0
2024-10-11 09:00:00,780.99,22.54733699999997,9.509,0
2024-10-11 09:30:00,781.06,22.544938300000013,9.428,0
2024-10-11 10:00:00,781.02,22.54368690000001,9.347,0
2024-10-11 10:30:00,780.9,22.51851899999997,9.265,0
2024-10-11 11:00:00,780.89,22.550326700000028,9.184,0
2024-10-11 11:30:00,780.89,22.566641900000036,9.103,0
2024-10-11 12:00:00,780.92,22.577267599999914,9.025,0
2024-10-11 12:30:00,780.82,22.58637550000003,8.946,0
2024-10-11 13:00:00,780.79,22.563513400000033,8.862,0
2024-10-11 13:30:00,780.83,22.579040599999985,8.779,0
2024-10-11 14:00:00,780.78,22.583084699999972,8.696,0
2024-10-11 14:30:00,780.84,22.5533511000001,8.614,0
2024-10-11 15:00:00,780.99,22.565691600000036,8.533,0
2024-10-11 15:30:00,781.11,22.55924880000009,8.467,0
2024-10-11 16:00:00,781.12,22.575367000000142,8.433,0
2024-10-11 16:30:00,781.04,22.56572630000005,8.431,0
2024-10-11 17:00:00,781.0,22.562435499999992,8.471,0
2024-10-11 17:30:00,780.84,22.56864660000008,8.539,0
2024-10-11 18:00:00,780.66,22.525286400000027,8.627,0
2024-10-11 18:30:00,780.55,22.51317759999995,8.727,0
2024-10-11 19:00:00,780.53,22.541103499999963,8.845,0
2024-10-11 19:30:00,780.64,22.677615700000047,8.973,0
2024-10-11 20:00:00,780.49,22.606132600000024,9.112,0
2024-10-11 20:30:00,780.56,22.600674800000093,9.255,0
2024-10-11 21:00:00,780.67,22.741265800000065,9.4,0
2024-10-11 21:30:00,780.8,22.658148499999925,9.546,0
2024-10-11 22:00:00,780.67,22.614823000000115,9.675,0
2024-10-11 22:30:00,780.62,22.59439430000009,9.781,0
2024-10-11 23:00:00,780.54,22.58067480000011,9.869,0
2024-10-11 23:30:00,780.33,22.456329600000117,9.943,0
2024-10-12 00:00:00,780.47,22.473965600000042,9.999,0
2024-10-12 00:30:00,780.45,22.491694500000108,10.041,0
2024-10-12 01:00:00,780.56,22.455877400000077,10.073,0
2024-10-12 01:30:00,780.78,22.47295710000003,10.092,0
2024-10-12 02:00:00,780.92,22.502829500000075,10.102,0
2024-10-12 02:30:00,781.15,22.477904500000022,10.093,0
2024-10-12 03:00:00,781.14,22.480140900000038,10.071,0
2024-10-12 03:30:00,781.42,22.483802200000014,10.031,0
2024-10-12 04:00:00,781.61,22.46884250000005,9.979,0
2024-10-12 04:30:00,781.63,22.482724300000086,9.922,0
2024-10-12 05:00:00,781.64,22.46417269999995,9.857,0
2024-10-12 05:30:00,781.56,22.497359399999937,9.786,0
2024-10-12 06:00:00,781.58,22.47759110000004,9.709,0
2024-10-12 06:30:00,781.47,22.406339700000103,9.637,0
2024-10-12 07:00:00,781.56,22.44535469999994,9.561,0
2024-10-12 07:30:00,781.41,22.466664300000048,9.485,0
2024-10-12 08:00:00,781.39,22.447684000000095,9.41,0
2024-10-12 08:30:00,781.22,22.425540500000125,9.333,0
2024-10-12 09:00:00,781.26,22.45942230000003,9.255,0
2024-10-12 09:30:00,781.1,22.405471100000113,9.179,0
2024-10-12 10:00:00,780.91,22.418391400000132,9.097,0
2024-10-12 10:30:00,780.79,22.37180980000005,9.024,0
2024-10-12 11:00:00,780.76,22.347928000000024,8.95,0
2024-10-12 11:30:00,780.61,22.342725400000063,8.874,0
2024-10-12 12:00:00,780.58,22.35861190000014,8.804,0
2024-10-12 12:30:00,780.67,22.336444899999947,8.735,0
2024-10-12 13:00:00,780.78,22.307765700000004,8.662,0
2024-10-12 13:30:00,780.85,22.290071500000067,8.592,0
2024-10-12 14:00:00,781.08,22.327348200000074,8.513,0
2024-10-12 14:30:00,781.09,22.34040730000015,8.437,0
2024-10-12 15:00:00,781.19,22.29968870000016,8.369,0
2024-10-12 15:30:00,781.16,22.335969200000022,8.303,0
2024-10-12 16:00:00,781.06,22.277776899999935,8.285,0
2024-10-12 16:30:00,781.05,22.278993600000035,8.312,0
2024-10-12 17:00:00,781.02,22.24389510000003,8.375,0
2024-10-12 17:30:00,781.23,22.44879660000015,8.466,0
2024-10-12 18:00:00,781.25,22.566687799999954,8.574,0
2024-10-12 18:30:00,781.15,22.49014090000003,8.699,0
2024-10-12 19:00:00,781.12,22.513165300000082,8.832,0
2024-10-12 19:30:00,781.23,22.657835100000057,8.972,0
2024-10-12 20:00:00,780.89,22.57989800000007,9.109,0
2024-10-12 20:30:00,780.67,22.40884360000007,9.248,0
2024-10-12 21:00:00,780.6,22.539724500000148,9.38,0
2024-10-12 21:30:00,780.45,22.487615700000106,9.503,0
2024-10-12 22:00:00,780.33,22.386990000000083,9.607,0
2024-10-12 22:30:00,780.31,22.36902939999993,9.694,0
2024-10-12 23:00:00,780.31,22.3955416,9.764,0
2024-10-12 23:30:00,780.25,22.432413100000076,9.816,0
2024-10-13 00:00:00,780.3,22.358009700000025,9.852,0
2024-10-13 00:30:00,780.31,22.325182299999938,9.877,0
2024-10-13 01:00:00,780.38,22.300350200000025,9.893,0
2024-10-13 01:30:00,780.29,22.306201999999985,9.901,0
2024-10-13 02:00:00,780.58,22.301508700000113,9.896,0
2024-10-13 02:30:00,780.9,22.275830400000018,9.877,0
2024-10-13 03:00:00,780.79,22.31572630000005,9.842,0
2024-10-13 03:30:00,780.7,22.285888600000135,9.796,0
2024-10-13 04:00:00,780.58,22.254602500000033,9.739,0
2024-10-13 04:30:00,780.61,22.289701000000036,9.674,0
2024-10-13 05:00:00,780.57,22.26805560000014,9.607,0
2024-10-13 05:30:00,780.59,22.22789330000012,9.536,0
2024-10-13 06:00:00,780.58,22.26174040000012,9.464,0
2024-10-13 06:30:00,780.37,22.26281830000005,9.393,0
2024-10-13 07:00:00,780.39,22.254266700000016,9.306,0
2024-10-13 07:30:00,780.23,22.2563990000001,9.242,0
2024-10-13 08:00:00,780.06,22.281161699999984,9.169,0
2024-10-13 08:30:00,779.82,22.253259300000195,9.092,0
2024-10-13 09:00:00,779.69,22.239505100000088,9.017,0
2024-10-13 09:30:00,779.61,22.25943570000004,8.94,0
2024-10-13 10:00:00,779.47,22.238740600000142,8.864,0
2024-10-13 10:30:00,779.2,22.228764100000035,8.787,0
2024-10-13 11:00:00,779.18,22.2148823,8.709,0
2024-10-13 11:30:00,778.98,22.189251000000127,8.625,0
2024-10-13 12:00:00,779.04,22.195206900000017,8.545,0
2024-10-13 12:30:00,779.0,22.12563560000001,8.464,0
2024-10-13 13:00:00,778.97,22.12010840000005,8.382,0
2024-10-13 13:30:00,779.05,22.117512699999907,8.302,0
2024-10-13 14:00:00,779.11,22.139783800000032,8.219,0
2024-10-13 14:30:00,779.1,22.126724700000068,8.134,0
2024-10-13 15:00:00,779.13,22.118995799999993,8.061,0
2024-10-13 15:30:00,779.17,22.099853199999984,7.989,0
2024-10-13 16:00:00,779.17,22.14777909999998,7.965,0
2024-10-13 16:30:00,779.09,22.117744399999992,7.996,0
2024-10-13 17:00:00,778.99,22.155403900000124,8.064,0
2024-10-13 17:30:00,778.81,22.171186300000045,8.151,0
2024-10-13 18:00:00,778.62,22.175948999999946,8.256,0
2024-10-13 18:30:00,778.54,22.241766100000063,8.368,0
2024-10-13 19:00:00,778.54,22.300908700000036,8.492,0
2024-10-13 19:30:00,778.5,22.22114040000008,8.628,0
2024-10-13 20:00:00,778.43,22.29797719999999,8.772,0
2024-10-13 20:30:00,778.31,22.290144199999986,8.924,0
2024-10-13 21:00:00,778.22,22.321488500000214,9.074,0
2024-10-13 21:30:00,778.19,22.2945476000001,9.217,0
2024-10-13 22:00:00,778.13,22.28043409999998,9.345,0
2024-10-13 22:30:00,778.27,22.364350599999966,9.456,0
2024-10-13 23:00:00,778.17,22.22764140000004,9.542,0
2024-10-13 23:30:00,778.31,22.285045699999955,9.613,0
2024-10-14 00:00:00,778.32,22.249159200000122,9.671,0
2024-10-14 00:30:00,778.35,22.224095400000124,9.716,0
2024-10-14 01:00:00,778.52,22.21666760000005,9.749,0
2024-10-14 01:30:00,778.7,22.229436800000144,9.771,0
2024-10-14 02:00:00,778.99,22.218625299999985,9.781,0
2024-10-14 02:30:00,779.07,22.183399200000167,9.777,0
2024-10-14 03:00:00,779.26,22.150084900000024,9.751,0
2024-10-14 03:30:00,779.35,22.166666500000133,9.708,0
2024-10-14 04:00:00,779.34,22.150548300000082,9.651,0
2024-10-14 04:30:00,779.38,22.176272500000096,9.592,0
2024-10-14 05:00:00,779.51,22.13394320000009,9.529,0
2024-10-14 05:30:00,779.66,22.127929100000074,9.468,0
2024-10-14 06:00:00,779.6,22.081185200000164,9.404,0
2024-10-14 06:30:00,779.62,22.04816080000012,9.343,0
2024-10-14 07:00:00,779.51,22.080918800000063,9.284,0
2024-10-14 07:30:00,779.31,22.05120869999996,9.221,0
2024-10-14 08:00:00,779.4,22.04229780000003,9.152,0
2024-10-14 08:30:00,779.43,22.00805670000011,9.075,0
2024-10-14 09:00:00,779.46,22.001347500000065,8.997,0
2024-10-14 09:30:00,779.44,21.990524800000117,8.918,0
2024-10-14 10:00:00,779.42,21.99805670000012,8.835,0
2024-10-14 10:30:00,779.3,21.960652400000072,8.75,0
2024-10-14 11:00:00,779.2,21.952425400000152,8.669,0
2024-10-14 11:30:00,779.28,21.984499500000084,8.594,0
2024-10-14 12:00:00,779.29,21.983282799999984,8.517,0
2024-10-14 12:30:00,779.36,22.01045540000007,8.44,0
2024-10-14 13:00:00,779.47,22.011347500000056,8.363,0
2024-10-14 13:30:00,779.52,21.998126100000036,8.285,0
2024-10-14 14:00:00,779.73,21.992969400000106,8.211,0
2024-10-14 14:30:00,779.91,21.999620400000026,8.136,0
2024-10-14 15:00:00,780.07,21.96179860000018,8.072,0
2024-10-14 15:30:00,780.29,22.004370799999947,8.013,0
2024-10-14 16:00:00,780.29,21.970720700000015,7.991,0
2024-10-14 16:30:00,780.12,21.950616600000103,8.018,0
2024-10-14 17:00:00,780.16,21.996734800000013,8.087,0
2024-10-14 17:30:00,780.12,22.008739500000047,8.175,0
2024-10-14 18:00:00,780.13,21.995286400000055,8.279,0
2024-10-14 18:30:00,780.11,21.96305000000018,8.392,0
2024-10-14 19:00:00,780.09,22.05215790000011,8.516,0
2024-10-14 19:30:00,779.92,22.05448720000004,8.648,0
2024-10-14 20:00:00,779.5,22.06174150000004,8.779,0
2024-10-14 20:30:00,779.37,22.104070800000045,8.919,0
2024-10-14 21:00:00,779.21,22.005252800000108,9.056,0
2024-10-14 21:30:00,779.31,22.05732690000002,9.194,0
2024-10-14 22:00:00,779.3,22.009597999999983,9.325,0
2024-10-14 22:30:00,779.4,22.037199299999997,9.438,0
2024-10-14 23:00:00,779.46,22.000327800000036,9.532,0
2024-10-14 23:30:00,779.46,22.028879400000164,9.612,0
2024-10-15 00:00:00,779.52,21.987929100000088,9.671,0
2024-10-15 00:30:00,779.75,21.985437500000103,9.716,0
2024-10-15 01:00:00,779.94,21.956202000000076,9.753,0
2024-10-15 01:30:00,780.17,21.9424937,9.778,0
2024-10-15 02:00:00,780.27,21.9415434,9.795,0
2024-10-15 02:30:00,780.33,21.934243200000196,9.799,0
2024-10-15 03:00:00,780.48,21.91191390000006,9.786,0
2024-10-15 03:30:00,780.5,21.947209400000133,9.76,0
2024-10-15 04:00:00,780.6,21.948298500000078,9.713,0
2024-10-15 04:30:00,780.65,21.93915590000006,9.657,0
2024-10-15 05:00:00,780.72,21.926560200000154,9.595,0
2024-10-15 05:30:00,780.77,21.905181200000015,9.531,0
2024-10-15 06:00:00,780.92,21.95423089999997,9.466,0
2024-10-15 06:30:00,780.92,21.92058080000004,9.397,0
2024-10-15 07:00:00,780.9,21.88222619999999,9.321,0
2024-10-15 07:30:00,780.91,21.906502000000046,9.243,0
2024-10-15 08:00:00,780.97,21.900221500000043,9.167,0
2024-10-15 08:30:00,780.9,21.894462599999997,9.092,0
2024-10-15 09:00:00,780.79,21.87113709999994,9.014,0
2024-10-15 09:30:00,780.67,21.839850999999953,8.94,0
2024-10-15 10:00:00,780.48,21.817081800000096,8.86,0
2024-10-15 10:30:00,780.41,21.833756300000005,8.78,0
2024-10-15 11:00:00,780.26,21.808159700000033,8.699,0
2024-10-15 11:30:00,780.33,21.793524600000183,8.61,0
2024-10-15 12:00:00,780.37,21.79375630000004,8.525,0
2024-10-15 12:30:00,780.43,21.778298500000005,8.443,0
2024-10-15 13:00:00,780.49,21.80872720000002,8.359,0
2024-10-15 13:30:00,780.53,21.783466400000066,8.28,0
2024-10-15 14:00:00,780.51,21.762446700000055,8.199,0
2024-10-15 14:30:00,780.57,21.79287540000007,8.115,0
2024-10-15 15:00:00,780.69,21.77317650000009,8.032,0
2024-10-15 15:30:00,780.78,21.80607329999998,7.957,0
2024-10-15 16:00:00,780.82,21.796108000000004,7.921,0
2024-10-15 16:30:00,780.78,21.79791570000009,7.943,0
2024-10-15 17:00:00,780.63,21.813107100000025,8.012,0
2024-10-15 17:30:00,780.54,21.798564900000088,8.107,0
2024-10-15 18:00:00,780.5,21.87073190000001,8.221,0
2024-10-15 18:30:00,780.43,21.940430799999945,8.345,0
2024-10-15 19:00:00,780.25,21.918484300000046,8.483,0
2024-10-15 19:30:00,780.08,21.951404600000046,8.644,0
2024-10-15 20:00:00,779.8,21.889620400000013,8.803,0
2024-10-15 20:30:00,779.55,21.88434840000002,8.963,0
2024-10-15 21:00:00,779.36,21.903386899999987,9.119,0
2024-10-15 21:30:00,779.25,21.940223700000047,9.266,0
2024-10-15 22:00:00,779.23,21.90390850000017,9.405,0
2024-10-15 22:30:00,779.16,21.885913200000118,9.519,0
2024-10-15 23:00:00,779.19,21.878184300000044,9.612,0
2024-10-15 23:30:00,779.21,21.86045540000009,9.68,0
2024-10-16 00:00:00,779.03,21.790583000000083,9.735,0
2024-10-16 00:30:00,779.06,21.86443010000005,9.777,0
2024-10-16 01:00:00,778.95,21.831927300000075,9.804,0
2024-10-16 01:30:00,779.08,21.86403610000002,9.82,0
2024-10-16 02:00:00,779.16,21.847164600000156,9.822,0
2024-10-16 02:30:00,779.19,21.828219000000104,9.806,0
2024-10-16 03:00:00,779.22,21.812332500000025,9.758,0
2024-10-16 03:30:00,779.36,21.817732100000057,9.687,0
2024-10-16 04:00:00,779.47,21.79109230000006,9.608,0
2024-10-16 04:30:00,779.6,21.81198440000003,9.544,0
2024-10-16 05:00:00,779.55,21.76810260000002,9.48,0
2024-10-16 05:30:00,779.44,21.795762100000047,9.409,0
2024-10-16 06:00:00,779.25,21.751579200000037,9.329,0
2024-10-16 06:30:00,779.14,21.81390850000014,9.25,0
2024-10-16 07:00:00,778.94,21.734233100000097,9.166,0
2024-10-16 07:30:00,778.77,21.76307459999998,9.083,0
2024-10-16 08:00:00,778.59,21.77273880000007,9.0,0
2024-10-16 08:30:00,778.53,21.766782900000067,8.92,0
2024-10-16 09:00:00,778.33,21.728915200000074,8.842,0
2024-10-16 09:30:00,778.14,21.722461199999998,8.77,0
2024-10-16 10:00:00,777.89,21.73350440000013,8.693,0
2024-10-16 10:30:00,777.71,21.724814000000038,8.614,0
2024-10-16 11:00:00,777.46,21.711384400000043,8.536,0
2024-10-16 11:30:00,777.16,21.67344730000002,8.447,0
2024-10-16 12:00:00,777.03,21.715776600000027,8.364,0
2024-10-16 12:30:00,776.92,21.668997999999988,8.29,0
2024-10-16 13:00:00,776.96,21.718175300000098,8.22,0
2024-10-16 13:30:00,776.94,21.71143140000015,8.15,0
2024-10-16 14:00:00,776.78,21.67685449999999,8.071,0
2024-10-16 14:30:00,776.55,21.689543100000037,7.993,0
2024-10-16 15:00:00,776.52,21.662602200000038,7.917,0
2024-10-16 15:30:00,776.56,21.69240519999994,7.853,0
2024-10-16 16:00:00,776.4,21.690458700000022,7.822,0
2024-10-16 16:30:00,776.19,21.714989700000046,7.851,0
2024-10-16 17:00:00,775.89,21.751490699999977,7.917,0
2024-10-16 17:30:00,775.72,21.7171108,8.018,0
2024-10-16 18:00:00,775.49,21.70328720000009,8.147,0
2024-10-16 18:30:00,775.33,21.797192500000165,8.287,0
2024-10-16 19:00:00,775.16,21.930043400000045,8.449,0
2024-10-16 19:30:00,774.96,21.982929000000013,8.614,0
2024-10-16 20:00:00,774.47,21.955872800000066,8.779,0
2024-10-16 20:30:00,774.49,22.103335300000026,8.932,0
2024-10-16 21:00:00,774.22,22.011782800000105,9.044,0
2024-10-16 21:30:00,774.16,21.93342819999998,9.13,0
2024-10-16 22:00:00,773.81,22.044332600000075,9.189,0
2024-10-16 22:30:00,773.51,21.97784390000004,9.221,0
2024-10-16 23:00:00,773.03,21.984240800000066,9.24,0
2024-10-16 23:30:00,773.25,22.174669500000164,9.257,0
2024-10-17 00:00:00,774.25,22.46189920000006,9.263,0
2024-10-17 00:30:00,774.9,23.033382300000085,9.25,0
2024-10-17 01:00:00,774.76,23.145248200000083,9.231,0
2024-10-17 01:30:00,774.81,23.03005680000001,9.194,0
2024-10-17 02:00:00,774.76,23.027982700000052,9.156,0
2024-10-17 02:30:00,775.01,23.04956990000005,9.12,0
2024-10-17 03:00:00,775.27,23.13826030000007,9.082,0
2024-10-17 03:30:00,775.17,23.261574599999904,9.036,0
2024-10-17 04:00:00,774.79,23.262942400000043,8.989,0
2024-10-17 04:30:00,774.81,23.27580450000005,8.937,0
2024-10-17 05:00:00,774.42,23.269211700000028,8.88,0
2024-10-17 05:30:00,774.47,23.23559630000011,8.816,0
2024-10-17 06:00:00,774.34,23.248354300000074,8.753,0
2024-10-17 06:30:00,774.48,23.329211700000087,8.698,0
2024-10-17 07:00:00,774.27,23.337427500000103,8.641,0
2024-10-17 07:30:00,774.24,23.369629200000077,8.577,0
2024-10-17 08:00:00,774.17,23.39446129999999,8.511,0
2024-10-17 08:30:00,773.83,23.338957600000185,8.451,0
2024-10-17 09:00:00,773.7,23.36293230000001,8.377,0
2024-10-17 09:30:00,773.48,23.338714700000082,8.312,0
2024-10-17 10:00:00,773.33,23.345748500000127,8.243,0
2024-10-17 10:30:00,773.13,23.375180999999998,8.172,0
2024-10-17 11:00:00,773.37,23.38065000000006,8.105,0
2024-10-17 11:30:00,773.35,23.423871400000053,8.038,0
2024-10-17 12:00:00,773.16,23.465343299999972,7.965,0
2024-10-17 12:30:00,773.24,23.47906279999995,7.887,0
2024-10-17 13:00:00,773.33,23.510939900000153,7.82,0
2024-10-17 13:30:00,773.29,23.530082499999935,7.762,0
2024-10-17 14:00:00,773.29,23.523964300000102,7.694,0
2024-10-17 14:30:00,773.18,23.494520599999987,7.637,0
2024-10-17 15:00:00,772.82,23.433292700000152,7.583,0
2024-10-17 15:30:00,772.54,23.422493499999973,7.515,0
2024-10-17 16:00:00,772.28,23.37357140000006,7.464,0
2024-10-17 16:30:00,772.18,23.286827500000072,7.471,0
2024-10-17 17:00:00,771.98,23.273432600000092,7.52,0
2024-10-17 17:30:00,771.68,23.16921500000001,7.593,0
2024-10-17 18:00:00,771.21,23.211104400000067,7.677,0
2024-10-17 18:30:00,771.11,23.173306100000104,7.762,0
2024-10-17 19:00:00,770.85,23.116226400000073,7.852,0
2024-10-17 19:30:00,770.55,23.17006230000004,7.947,0
2024-10-17 20:00:00,769.81,23.145891699999993,8.039,0
2024-10-17 20:30:00,770.17,23.035810000000083,8.141,0
2024-10-17 21:00:00,770.11,23.04922840000006,8.229,0
2024-10-17 21:30:00,769.68,23.091349500000092,8.304,0
2024-10-17 22:00:00,769.43,23.112589700000058,8.365,0
2024-10-17 22:30:00,769.38,23.141106600000057,8.42,0
2024-10-17 23:00:00,769.74,23.164605600000073,8.454,0
2024-10-17 23:30:00,769.63,23.17594990000009,8.479,0
2024-10-18 00:00:00,769.27,23.111662900000056,8.481,0
2024-10-18 00:30:00,769.21,23.04656440000008,8.465,0
2024-10-18 01:00:00,769.17,23.004525000000058,8.437,0
2024-10-18 01:30:00,769.41,23.106865500000026,8.401,0
2024-10-18 02:00:00,769.53,23.156506199999967,8.36,0
2024-10-18 02:30:00,769.66,23.234501499999965,8.323,0
2024-10-18 03:00:00,769.77,23.301674100000014,8.293,0
2024-10-18 03:30:00,769.8,23.34493020000002,8.261,0
2024-10-18 04:00:00,769.99,23.4717088000001,8.226,0
2024-10-18 04:30:00,770.48,23.67619280000008,8.184,0
2024-10-18 05:00:00,770.87,23.629761200000075,8.094,0
2024-10-18 05:30:00,771.44,23.7256007000002,7.984,0
2024-10-18 06:00:00,771.46,23.75987650000002,7.884,0
2024-10-18 06:30:00,771.41,23.831220800000096,7.775,0
2024-10-18 07:00:00,771.79,23.781927100000075,7.663,0
2024-10-18 07:30:00,771.64,23.870536900000047,7.552,0
2024-10-18 08:00:00,771.82,23.977118500000074,7.46,0
2024-10-18 08:30:00,771.53,24.047072600000092,7.37,0
2024-10-18 09:00:00,771.48,23.90326020000009,7.275,0
2024-10-18 09:30:00,772.23,24.1648239000001,7.211,0
2024-10-18 10:00:00,772.59,24.186283500000172,7.172,0
2024-10-18 10:30:00,772.94,24.164093000000094,7.126,0
2024-10-18 11:00:00,772.95,23.988507600000048,7.085,0
2024-10-18 11:30:00,773.06,24.00673459999996,7.042,0
2024-10-18 12:00:00,773.06,24.101566700000035,7.01,0
2024-10-18 12:30:00,773.46,23.931554400000095,6.973,0
2024-10-18 13:00:00,774.01,24.19807780000008,6.939,0
2024-10-18 13:30:00,774.49,24.2579614,6.901,0
2024-10-18 14:00:00,775.04,24.273638600000027,6.859,0
2024-10-18 14:30:00,775.16,24.151969699999995,6.823,0
2024-10-18 15:00:00,775.31,24.183684499999913,6.788,0
2024-10-18 15:30:00,775.69,24.237380500000086,6.759,0
2024-10-18 16:00:00,775.98,24.267357000000175,6.735,0
2024-10-18 16:30:00,776.21,24.150659000000132,6.725,0
2024-10-18 17:00:00,776.64,24.23702010000011,6.729,0
2024-10-18 17:30:00,776.7,24.12774990000014,6.747,0
2024-10-18 18:00:00,776.87,24.237587599999983,6.786,0
2024-10-18 18:30:00,777.2,24.191318300000034,6.839,0
2024-10-18 19:00:00,777.36,24.19428449999998,6.902,0
2024-10-18 19:30:00,777.35,24.122082800000157,6.978,0
2024-10-18 20:00:00,777.7,24.11008930000014,7.063,0
2024-10-18 20:30:00,777.73,24.161503000000152,7.147,0
2024-10-18 21:00:00,777.63,24.05028630000004,7.232,0
2024-10-18 21:30:00,777.95,24.18266150000011,7.308,0
2024-10-18 22:00:00,778.01,24.085627700000032,7.374,0
2024-10-18 22:30:00,778.23,24.03336780000018,7.424,0
2024-10-18 23:00:00,778.59,23.845788900000116,7.452,0
2024-10-18 23:30:00,778.6,23.906773900000076,7.452,0
2024-10-19 00:00:00,778.38,23.870319900000027,7.434,0
2024-10-19 00:30:00,778.47,23.889960599999995,7.382,0
2024-10-19 01:00:00,778.29,23.622266400000058,7.33,0
2024-10-19 01:30:00,778.53,23.846970899999974,7.269,0
2024-10-19 02:00:00,778.75,24.04759660000002,7.214,0
2024-10-19 02:30:00,778.87,23.599623700000166,7.15,0
2024-10-19 03:00:00,779.12,23.73439760000008,7.083,0
2024-10-19 03:30:00,779.33,23.70680750000008,7.017,0
2024-10-19 04:00:00,779.76,23.44035240000005,6.958,0
2024-10-19 04:30:00,780.24,23.515531500000066,6.914,0
2024-10-19 05:00:00,780.58,23.593468600000165,6.886,0
2024-10-19 05:30:00,780.68,23.511961999999926,6.864,0
2024-10-19 06:00:00,780.77,23.533642100000066,6.844,0
2024-10-19 06:30:00,780.48,23.44350330000009,6.815,0
2024-10-19 07:00:00,780.45,23.443074600000045,6.779,0
2024-10-19 07:30:00,780.42,23.353931999999986,6.724,0
2024-10-19 08:00:00,780.34,23.387118700000087,6.669,0
2024-10-19 08:30:00,780.47,23.336631800000077,6.635,0
2024-10-19 09:00:00,780.38,23.6055662,6.614,0
2024-10-19 09:30:00,779.99,23.503121599999986,6.595,0
2024-10-19 10:00:00,779.81,23.450584100000015,6.577,0
2024-10-19 10:30:00,779.79,23.459135700000047,6.553,0
2024-10-19 11:00:00,779.74,23.393840200000113,6.531,0
2024-10-19 11:30:00,779.8,23.296806400000037,6.505,0
2024-10-19 12:00:00,779.99,23.137049300000058,6.454,0
2024-10-19 12:30:00,779.93,23.012808199999995,6.44,0
2024-10-19 13:00:00,780.14,23.052518300000088,6.416,0
2024-10-19 13:30:00,780.18,22.880420699999945,6.392,0
2024-10-19 14:00:00,780.07,22.97945920000018,6.365,0
2024-10-19 14:30:00,780.04,22.986168399999997,6.337,0
2024-10-19 15:00:00,780.2,23.016666500000156,6.305,0
2024-10-19 15:30:00,780.33,22.95292350000011,6.275,0
2024-10-19 16:00:00,780.46,23.025820300000078,6.254,0
2024-10-19 16:30:00,780.38,23.022297800000047,6.251,0
2024-10-19 17:00:00,780.32,22.940884100000176,6.262,0
2024-10-19 17:30:00,780.58,22.95513640000013,6.292,0
2024-10-19 18:00:00,780.69,22.889748000000054,6.344,0
2024-10-19 18:30:00,780.78,23.010339000000045,6.408,0
2024-10-19 19:00:00,780.44,22.829412200000206,6.488,0
2024-10-19 19:30:00,780.56,22.879052900000033,6.575,0
2024-10-19 20:00:00,780.5,22.897569800000042,6.667,0
2024-10-19 20:30:00,780.23,22.868219000000067,6.766,0
2024-10-19 21:00:00,780.03,22.891533300000106,6.862,0
2024-10-19 21:30:00,779.89,22.87185790000001,6.955,0
2024-10-19 22:00:00,780.01,22.844001400000025,7.042,0
2024-10-19 22:30:00,780.02,22.705125199999998,7.117,0
2024-10-19 23:00:00,780.15,22.73213550000014,7.18,0
2024-10-19 23:30:00,780.13,22.79677060000006,7.222,0
2024-10-20 00:00:00,779.93,22.732390699999996,7.25,0
2024-10-20 00:30:00,779.81,22.687848500000086,7.266,0
2024-10-20 01:00:00,779.88,22.666075500000034,7.27,0
2024-10-20 01:30:00,779.86,22.678705900000068,7.269,0
2024-10-20 02:00:00,779.88,22.660977000000003,7.265,0
2024-10-20 02:30:00,779.97,22.737720900000113,7.25,0
2024-10-20 03:00:00,779.99,22.664928200000077,7.228,0
2024-10-20 03:30:00,779.85,22.609563300000104,7.194,0
2024-10-20 04:00:00,779.78,22.666006100000004,7.157,0
2024-10-20 04:30:00,779.63,22.596562400000153,7.116,0
2024-10-20 05:00:00,779.66,22.5460061,7.072,0
2024-10-20 05:30:00,779.66,22.51031660000001,7.025,0
2024-10-20 06:00:00,779.66,22.44811489999995,6.975,0
2024-10-20 06:30:00,779.71,22.486898200000155,6.923,0
2024-10-20 07:00:00,779.82,22.486770600000114,6.871,0
2024-10-20 07:30:00,779.72,22.4632481000001,6.813,0
2024-10-20 08:00:00,779.76,22.522622400000046,6.759,0
2024-10-20 08:30:00,779.87,22.511278100000027,6.705,0
2024-10-20 09:00:00,780.07,22.60318990000019,6.653,0
2024-10-20 09:30:00,780.12,22.56141690000004,6.597,0
2024-10-20 10:00:00,780.21,22.562703000000056,6.542,0
2024-10-20 10:30:00,780.3,22.57316639999999,6.488,0
2024-10-20 11:00:00,780.26,22.55152099999998,6.439,0
2024-10-20 11:30:00,780.47,22.504556600000114,6.39,0
2024-10-20 12:00:00,780.5,22.53761570000006,6.347,0
2024-10-20 12:30:00,780.48,22.487024700000006,6.302,0
2024-10-20 13:00:00,780.7,22.468414900000084,6.253,0
2024-10-20 13:30:00,780.79,22.453385799999978,6.209,0
2024-10-20 14:00:00,780.74,22.47782390000009,6.171,0
2024-10-20 14:30:00,780.7,22.46127700000011,6.132,0
2024-10-20 15:00:00,780.78,22.441346400000157,6.09,0
2024-10-20 15:30:00,780.94,22.398426100000165,6.053,0
2024-10-20 16:00:00,781.05,22.41155459999993,6.03,0
2024-10-20 16:30:00,780.96,22.42556400000001,6.041,0
2024-10-20 17:00:00,780.79,22.42789330000005,6.065,0
2024-10-20 17:30:00,780.72,22.39970100000005,6.108,0
2024-10-20 18:00:00,780.6,22.36535580000009,6.157,0
2024-10-20 18:30:00,780.33,22.397187000000145,6.222,0
2024-10-20 19:00:00,780.28,22.43488119999995,6.3,0
2024-10-20 19:30:00,780.12,22.37787090000006,6.394,0
2024-10-20 20:00:00,780.2,22.416063200000053,6.507,0
2024-10-20 20:30:00,780.0,22.44345629999998,6.635,0
2024-10-20 21:00:00,779.77,22.384765900000048,6.764,0
2024-10-20 21:30:00,779.68,22.412031399999933,6.885,0
2024-10-20 22:00:00,779.58,22.39258770000015,7.002,0
2024-10-20 22:30:00,779.49,22.372947000000067,7.107,0
2024-10-20 23:00:00,779.56,22.369528599999967,7.197,0
2024-10-20 23:30:00,779.66,22.381834400000116,7.269,0
2024-10-21 00:00:00,779.64,22.4046618000001,7.33,0
2024-10-21 00:30:00,779.72,22.327628000000118,7.375,0
2024-10-21 01:00:00,779.93,22.327569799999992,7.409,0
2024-10-21 01:30:00,780.07,22.362540700000068,7.432,0
2024-10-21 02:00:00,780.12,22.37787090000006,7.442,0
2024-10-21 02:30:00,780.17,22.290211399999976,7.437,0
2024-10-21 03:00:00,780.32,22.279098800000043,7.414,0
2024-10-21 03:30:00,780.37,22.267916799999966,7.382,0
2024-10-21 04:00:00,780.42,22.267951500000095,7.334,0
2024-10-21 04:30:00,780.7,22.263455200000067,7.28,0
2024-10-21 05:00:00,780.65,22.258322000000135,7.223,0
2024-10-21 05:30:00,780.77,22.25289889999999,7.158,0
2024-10-21 06:00:00,780.74,22.22901710000008,7.092,0
2024-10-21 06:30:00,780.64,22.189179400000057,7.031,0
2024-10-21 07:00:00,780.46,22.18048900000008,6.968,0
2024-10-21 07:30:00,780.2,22.151960900000063,6.908,0
2024-10-21 08:00:00,780.02,22.15652660000012,6.849,0
2024-10-21 08:30:00,779.78,22.157175800000118,6.795,0
2024-10-21 09:00:00,779.78,22.130663600000048,6.743,0
2024-10-21 09:30:00,779.65,22.15973680000002,6.688,0
2024-10-21 10:00:00,779.39,22.130188999999973,6.634,0
2024-10-21 10:30:00,779.36,22.084893500000135,6.57,0
2024-10-21 11:00:00,779.5,22.09743100000003,6.516,0
2024-10-21 11:30:00,779.43,22.081475100000034,6.467,0
2024-10-21 12:00:00,779.67,22.131810900000005,6.419,0
2024-10-21 12:30:00,779.59,22.1242096000002,6.361,0
2024-10-21 13:00:00,779.57,22.140918800000122,6.31,0
2024-10-21 13:30:00,779.77,22.159412200000133,6.262,0
2024-10-21 14:00:00,779.84,22.13152100000002,6.217,0
2024-10-21 14:30:00,779.93,22.13076769999998,6.176,0
2024-10-21 15:00:00,779.98,22.116526600000157,6.135,0
2024-10-21 15:30:00,780.2,22.095877400000177,6.095,0
2024-10-21 16:00:00,780.19,22.06650310000009,6.073,0
2024-10-21 16:30:00,780.06,22.093536900000004,6.081,0
2024-10-21 17:00:00,780.05,22.04580800000008,6.122,0
2024-10-21 17:30:00,779.89,22.072413100000063,6.184,0
2024-10-21 18:00:00,779.74,22.090663600000084,6.26,0
2024-10-21 18:30:00,779.67,22.172598900000025,6.353,0
2024-10-21 19:00:00,779.73,22.18875180000009,6.46,0
2024-10-21 19:30:00,779.76,22.251382199999966,6.581,0
2024-10-21 20:00:00,779.55,22.217790300000047,6.708,0
2024-10-21 20:30:00,779.44,22.240351300000157,6.84,0
2024-10-21 21:00:00,779.32,22.273306300000172,6.969,0
2024-10-21 21:30:00,779.12,22.25379320000002,7.095,0
2024-10-21 22:00:00,779.05,22.358161900000027,7.211,0
2024-10-21 22:30:00,778.99,22.3073392,7.312,0
2024-10-21 23:00:00,779.01,22.249842000000058,7.399,0
2024-10-21 23:30:00,778.99,22.26655119999998,7.467,0
2024-10-22 00:00:00,779.08,22.21175380000011,7.523,0
2024-10-22 00:30:00,779.12,22.20382790000008,7.564,0
2024-10-22 01:00:00,779.08,22.19543859999999,7.595,0
2024-10-22 01:30:00,779.16,22.17448830000012,7.617,0
2024-10-22 02:00:00,779.29,22.202518300000065,7.621,0
2024-10-22 02:30:00,779.38,22.18341040000007,7.614,0
2024-10-22 03:00:00,779.43,22.159992000000102,7.592,0
2024-10-22 03:30:00,779.51,22.15841599999999,7.554,0
2024-10-22 04:00:00,779.72,22.153259300000173,7.509,0
2024-10-22 04:30:00,779.68,22.146909400000027,7.453,0
2024-10-22 05:00:00,779.8,22.148624199999972,7.392,0
2024-10-22 05:30:00,779.96,22.13935400000014,7.33,0
2024-10-22 06:00:00,779.92,22.11872829999993,7.266,0
2024-10-22 06:30:00,779.97,22.10958570000014,7.198,0
2024-10-22 07:00:00,779.81,22.0954028000001,7.131,0
2024-10-22 07:30:00,779.68,22.09898350000003,7.069,0
2024-10-22 08:00:00,779.67,22.076747100000034,7.006,0
2024-10-22 08:30:00,779.73,22.08576210000001,6.942,0
2024-10-22 09:00:00,779.85,22.063004100000057,6.881,0
2024-10-22 09:30:00,780.03,22.03702469999996,6.813,0
2024-10-22 10:00:00,780.05,22.042748900000106,6.741,0
2024-10-22 10:30:00,779.99,22.04800970000008,6.679,0
2024-10-22 11:00:00,779.88,22.018566000000078,6.619,0
2024-10-22 11:30:00,779.82,22.0054722000001,6.565,0
2024-10-22 12:00:00,779.82,22.008531300000186,6.508,0
2024-10-22 12:30:00,779.88,22.034881199999973,6.453,0
2024-10-22 13:00:00,780.15,21.970419600000014,6.398,0
2024-10-22 13:30:00,780.04,21.939956200000097,6.347,0
2024-10-22 14:00:00,780.08,21.992192600000067,6.293,0
2024-10-22 14:30:00,780.09,21.968542500000126,6.25,0
2024-10-22 15:00:00,780.26,21.933582800000067,6.204,0
2024-10-22 15:30:00,780.62,21.929549900000097,6.154,0
2024-10-22 16:00:00,780.61,21.90221500000007,6.12,0
2024-10-22 16:30:00,780.57,21.8815893000002,6.14,0
2024-10-22 17:00:00,780.79,21.89968870000007,6.193,0
2024-10-22 17:30:00,780.68,21.97935289999998,6.268,0
2024-10-22 18:00:00,780.58,21.981322900000123,6.359,0
2024-10-22 18:30:00,780.81,22.110372600000005,6.464,0
2024-10-22 19:00:00,780.79,22.112805999999978,6.588,0
2024-10-22 19:30:00,780.72,22.092771300000095,6.719,0
2024-10-22 20:00:00,780.58,22.061879200000135,6.857,0
2024-10-22 20:30:00,780.4,22.17147399999999,6.999,0
2024-10-22 21:00:00,780.27,22.07308469999998,7.135,0
2024-10-22 21:30:00,780.19,22.125645700000177,7.266,0
2024-10-22 22:00:00,780.21,22.142586600000072,7.385,0
2024-10-22 22:30:00,780.3,22.265217000000007,7.489,0
2024-10-22 23:00:00,780.25,22.13466070000004,7.577,0
2024-10-22 23:30:00,780.24,22.115483400000016,7.645,0
2024-10-23 00:00:00,780.23,22.03512410000019,7.703,0
2024-10-23 00:30:00,780.42,22.05585389999999,7.746,0
2024-10-23 01:00:00,780.49,22.0524355,7.78,0
2024-10-23 01:30:00,780.72,22.0448454000001,7.804,0
2024-10-23 02:00:00,780.98,22.058078000000023,7.811,0
2024-10-23 02:30:00,781.1,22.02920180000001,7.799,0
2024-10-23 03:00:00,781.22,21.998286200000166,7.767,0
2024-10-23 03:30:00,781.34,22.02957230000004,7.718,0
2024-10-23 04:00:00,781.3,22.030360300000098,7.656,0
2024-10-23 04:30:00,781.5,22.014183900000035,7.59,0
2024-10-23 05:00:00,781.63,22.000406200000043,7.525,0
2024-10-23 05:30:00,781.73,22.00761350000016,7.454,0
2024-10-23 06:00:00,781.62,22.031194200000073,7.39,0
2024-10-23 06:30:00,781.66,21.98146059999999,7.322,0
2024-10-23 07:00:00,781.66,21.972283300000072,7.253,0
2024-10-23 07:30:00,781.72,21.93133300000011,7.183,0
2024-10-23 08:00:00,781.79,21.97482080000009,7.114,0
2024-10-23 08:30:00,781.74,21.955411800000093,7.041,0
2024-10-23 09:00:00,781.71,21.932549700000095,6.966,0
2024-10-23 09:30:00,781.76,21.899954000000093,6.888,0
2024-10-23 10:00:00,781.75,21.923604100000034,6.812,0
2024-10-23 10:30:00,781.55,21.912248599999998,6.739,0
2024-10-23 11:00:00,781.53,21.883071299999983,6.666,0
2024-10-23 11:30:00,781.36,21.86296720000007,6.59,0
2024-10-23 12:00:00,781.48,21.8595835000001,6.525,0
2024-10-23 12:30:00,781.53,21.802515000000085,6.464,0
2024-10-23 13:00:00,781.71,21.836697900000104,6.407,0
2024-10-23 13:30:00,781.72,21.83242210000003,6.355,0
2024-10-23 14:00:00,781.65,21.812387400000034,6.295,0
2024-10-23 14:30:00,781.6,21.79705720000004,6.252,0
2024-10-23 15:00:00,781.76,21.77860970000006,6.2,0
2024-10-23 15:30:00,781.96,21.780787900000064,6.15,0
2024-10-23 16:00:00,781.93,21.777300100000048,6.118,0
2024-10-23 16:30:00,781.79,21.750486799999976,6.138,0
2024-10-23 17:00:00,781.72,21.780417400000033,6.195,0
2024-10-23 17:30:00,781.54,21.761529999999993,6.275,0
2024-10-23 18:00:00,781.36,21.82727770000008,6.368,0
2024-10-23 18:30:00,781.32,21.88312950000011,6.478,0
2024-10-23 19:00:00,781.23,21.8981586000001,6.601,0
2024-10-23 19:30:00,781.23,21.924670800000058,6.745,0
2024-10-23 20:00:00,780.96,21.929989800000158,6.902,0
2024-10-23 20:30:00,780.79,22.03021030000002,7.063,0
2024-10-23 21:00:00,780.5,21.916618400000175,7.223,0
2024-10-23 21:30:00,780.44,22.009573400000136,7.375,0
2024-10-23 22:00:00,780.44,21.998356700000045,7.518,0
2024-10-23 22:30:00,780.14,22.01242430000002,7.64,0
2024-10-23 23:00:00,779.96,21.973142900000084,7.742,0
2024-10-23 23:30:00,780.02,21.883246999999983,7.819,0
2024-10-24 00:00:00,780.09,21.92163630000016,7.871,0
2024-10-24 00:30:00,779.9,21.966167300000052,7.905,0
2024-10-24 01:00:00,779.64,21.871358700000087,7.925,0
2024-10-24 01:30:00,779.67,21.891161699999998,7.933,0
2024-10-24 02:00:00,779.85,21.79482300000018,7.921,0
2024-10-24 02:30:00,780.02,21.796572500000025,7.893,0
2024-10-24 03:00:00,779.95,21.805089400000043,7.856,0
2024-10-24 03:30:00,780.02,21.884266700000012,7.82,0
2024-10-24 04:00:00,780.19,21.8900950000002,7.788,0
2024-10-24 04:30:00,780.04,21.88999089999993,7.744,0
2024-10-24 05:00:00,780.01,21.867128800000046,7.69,0
2024-10-24 05:30:00,779.94,21.845054700000105,7.628,0
2024-10-24 06:00:00,779.81,21.81498529999999,7.563,0
2024-10-24 06:30:00,779.64,21.826491900000065,7.492,0
2024-10-24 07:00:00,779.6,21.79362980000019,7.419,0
2024-10-24 07:30:00,779.64,21.811196400000085,7.339,0
2024-10-24 08:00:00,779.41,21.80145159999995,7.262,0
2024-10-24 08:30:00,779.31,21.816677700000014,7.18,0
2024-10-24 09:00:00,779.08,21.826307200000088,7.103,0
2024-10-24 09:30:00,779.04,21.799563300000045,7.025,0
2024-10-24 10:00:00,778.91,21.812321300000008,6.944,0
2024-10-24 10:30:00,778.79,21.7963307,6.866,0
2024-10-24 11:00:00,778.48,21.841186300000118,6.788,0
2024-10-24 11:30:00,778.38,21.76973790000011,6.711,0
2024-10-24 12:00:00,778.44,21.763457400000107,6.641,0
2024-10-24 12:30:00,778.33,21.736053100000163,6.574,0
2024-10-24 13:00:00,778.06,21.732194800000002,6.51,0
2024-10-24 13:30:00,777.99,21.687687300000107,6.443,0
2024-10-24 14:00:00,777.94,21.69071170000018,6.38,0
2024-10-24 14:30:00,777.9,21.677223900000058,6.324,0
2024-10-24 15:00:00,777.98,21.607328000000052,6.267,0
2024-10-24 15:30:00,778.13,21.597235100000034,6.213,0
2024-10-24 16:00:00,778.24,21.587930200000073,6.17,0
2024-10-24 16:30:00,778.17,21.559737900000073,6.163,0
2024-10-24 17:00:00,777.95,21.580387100000053,6.189,0
2024-10-24 17:30:00,777.69,21.553898400000094,6.247,0
2024-10-24 18:00:00,777.61,21.56669110000007,6.328,0
2024-10-24 18:30:00,777.58,21.602971600000046,6.421,0
2024-10-24 19:00:00,777.62,21.691917200000034,6.533,0
2024-10-24 19:30:00,777.5,21.65349320000007,6.665,0
2024-10-24 20:00:00,777.44,21.78213770000002,6.82,0
2024-10-24 20:30:00,777.3,21.85831410000003,6.993,0
2024-10-24 21:00:00,776.98,21.80139670000017,7.163,0
2024-10-24 21:30:00,776.79,21.89691270000003,7.331,0
2024-10-24 22:00:00,776.64,21.847863000000075,7.471,0
2024-10-24 22:30:00,776.6,21.888419300000123,7.602,0
2024-10-24 23:00:00,776.5,21.842463400000042,7.712,0
2024-10-24 23:30:00,776.45,21.812857400000212,7.799,0
2024-10-25 00:00:00,776.4,21.82301970000003,7.869,0
2024-10-25 00:30:00,776.42,21.8144681,7.917,0
2024-10-25 01:00:00,776.42,21.80427110000005,7.953,0
2024-10-25 01:30:00,776.55,21.82516320000002,7.975,0
2024-10-25 02:00:00,776.85,21.812115300000073,7.977,0
2024-10-25 02:30:00,777.13,21.783146200000033,7.964,0
2024-10-25 03:00:00,777.11,21.79883570000004,7.925,0
2024-10-25 03:30:00,777.1,21.766402300000095,7.868,0
2024-10-25 04:00:00,777.21,21.731604900000093,7.795,0
2024-10-25 04:30:00,777.31,21.71637880000003,7.722,0
2024-10-25 05:00:00,777.47,21.720364700000005,7.643,0
2024-10-25 05:30:00,777.63,21.74474459999999,7.568,0
2024-10-25 06:00:00,777.74,21.719124500000135,7.489,0
2024-10-25 06:30:00,777.89,21.656007199999976,7.409,0
2024-10-25 07:00:00,777.95,21.68439650000016,7.331,0
2024-10-25 07:30:00,778.04,21.64795370000013,7.254,0
2024-10-25 08:00:00,778.11,21.643515600000114,7.174,0
2024-10-25 08:30:00,778.1,21.564176000000202,7.093,0
2024-10-25 09:00:00,778.22,21.588324199999988,7.015,0
2024-10-25 09:30:00,778.19,21.580757600000084,6.936,0
2024-10-25 10:00:00,778.07,21.582101900000225,6.858,0
2024-10-25 10:30:00,777.93,21.54917039999998,6.78,0
2024-10-25 11:00:00,777.85,21.56196310000007,6.707,0
2024-10-25 11:30:00,777.86,21.549529700000107,6.63,0
2024-10-25 12:00:00,777.92,21.555485599999997,6.558,0
2024-10-25 12:30:00,778.02,21.53312159999996,6.484,0
2024-10-25 13:00:00,778.09,21.48075760000006,6.414,0
2024-10-25 13:30:00,778.15,21.5040484000001,6.346,0
2024-10-25 14:00:00,778.25,21.47250710000003,6.285,0
2024-10-25 14:30:00,778.16,21.45286640000006,6.223,0
2024-10-25 15:00:00,778.42,21.48139450000008,6.164,0
2024-10-25 15:30:00,778.65,21.46462710000003,6.11,0
2024-10-25 16:00:00,779.01,21.44020020000005,6.082,0
2024-10-25 16:30:00,778.92,21.461347499999988,6.101,0
2024-10-25 17:00:00,778.59,21.474986400000034,6.154,0
2024-10-25 17:30:00,778.49,21.455542700000137,6.235,0
2024-10-25 18:00:00,778.71,21.494036100000017,6.331,0
2024-10-25 18:30:00,778.77,21.597883199999956,6.439,0
2024-10-25 19:00:00,778.77,21.534661800000094,6.559,0
2024-10-25 19:30:00,778.51,21.563236900000106,6.686,0
2024-10-25 20:00:00,778.69,21.591301600000065,6.818,0
2024-10-25 20:30:00,778.3,21.580630000000042,6.94,0
2024-10-25 21:00:00,778.41,21.564187200000106,7.055,0
2024-10-25 21:30:00,778.51,21.645832600000062,7.168,0
2024-10-25 22:00:00,778.48,21.619911400000092,7.269,0
2024-10-25 22:30:00,778.34,21.62470880000012,7.36,0
2024-10-25 23:00:00,778.48,21.533236900000134,7.44,0
2024-10-25 23:30:00,778.53,21.537350400000037,7.513,0
2024-10-26 00:00:00,778.54,21.609552100000087,7.572,0
2024-10-26 00:30:00,778.68,21.56294700000001,7.619,0
2024-10-26 01:00:00,778.87,21.63364210000009,7.652,0
2024-10-26 01:30:00,779.03,21.5948006000001,7.675,0
2024-10-26 02:00:00,779.29,21.544811800000048,7.675,0
2024-10-26 02:30:00,779.45,21.580408400000124,7.654,0
2024-10-26 03:00:00,779.72,21.56387270000016,7.616,0
2024-10-26 03:30:00,779.91,21.567267599999923,7.561,0
2024-10-26 04:00:00,780.04,21.504544300000134,7.498,0
2024-10-26 04:30:00,780.34,21.481299400000125,7.43,0
2024-10-26 05:00:00,780.57,21.47472900000014,7.352,0
2024-10-26 05:30:00,780.77,21.432040400000005,7.275,0
2024-10-26 06:00:00,780.9,21.481484100000102,7.196,0
2024-10-26 06:30:00,780.88,21.43089310000005,7.114,0
2024-10-26 07:00:00,780.75,21.417138900000054,7.033,0
2024-10-26 07:30:00,780.74,21.40611920000015,6.952,0
2024-10-26 08:00:00,780.81,21.350696099999936,6.871,0
2024-10-26 08:30:00,780.74,21.384705499999995,6.786,0
2024-10-26 09:00:00,780.73,21.37776460000009,6.711,0
2024-10-26 09:30:00,780.81,21.343558200000075,6.632,0
2024-10-26 10:00:00,780.82,21.3107308000001,6.554,0
2024-10-26 10:30:00,780.61,21.333222400000068,6.476,0
2024-10-26 11:00:00,780.34,21.315088300000184,6.403,0
2024-10-26 11:30:00,780.28,21.263245900000015,6.331,0
2024-10-26 12:00:00,780.28,21.29281720000006,6.257,0
2024-10-26 12:30:00,780.32,21.252260900000124,6.185,0
2024-10-26 13:00:00,780.52,21.248320899999953,6.123,0
2024-10-26 13:30:00,780.56,21.235296500000004,6.065,0
2024-10-26 14:00:00,780.62,21.245331200000123,6.009,0
2024-10-26 14:30:00,780.78,21.23708069999998,5.953,0
2024-10-26 15:00:00,780.94,21.235968100000036,5.902,0
2024-10-26 15:30:00,781.27,21.2427232,5.851,0
2024-10-26 16:00:00,781.33,21.202792600000066,5.817,0
2024-10-26 16:30:00,781.18,21.212885500000084,5.814,0
2024-10-26 17:00:00,781.12,21.224264500000004,5.837,0
2024-10-26 17:30:00,781.05,21.175678199999993,5.885,0
2024-10-26 18:00:00,780.98,21.26883020000014,5.951,0
2024-10-26 18:30:00,780.79,21.235863999999992,6.028,0
2024-10-26 19:00:00,780.74,21.27355820000014,6.119,0
2024-10-26 19:30:00,780.49,21.283581700000013,6.221,0
2024-10-26 20:00:00,780.31,21.315679300000056,6.331,0
2024-10-26 20:30:00,780.14,21.283338800000024,6.449,0
2024-10-26 21:00:00,779.91,21.323559299999943,6.575,0
2024-10-26 21:30:00,779.84,21.39223850000019,6.699,0
2024-10-26 22:00:00,779.79,21.383026500000028,6.816,0
2024-10-26 22:30:00,779.88,21.42204150000009,6.933,0
2024-10-26 23:00:00,780.14,21.36185569999998,7.029,0
2024-10-26 23:30:00,780.13,21.396722500000124,7.115,0
2024-10-27 00:00:00,780.17,21.38369810000006,7.186,0
2024-10-27 00:30:00,780.14,21.344520800000055,7.241,0
2024-10-27 01:00:00,780.12,21.462180300000114,7.281,0
2024-10-27 01:30:00,780.06,21.369549900000038,7.311,0
2024-10-27 02:00:00,780.29,21.34360520000007,7.326,0
2024-10-27 02:30:00,780.47,21.303350000000023,7.32,0
2024-10-27 03:00:00,780.45,21.261936300000116,7.298,0
2024-10-27 03:30:00,780.28,21.340743100000054,7.264,0
2024-10-27 04:00:00,780.45,21.34657140000013,7.223,0
2024-10-27 04:30:00,780.65,21.231484100000102,7.173,0
2024-10-27 05:00:00,780.67,21.284114499999987,7.121,0
2024-10-27 05:30:00,780.68,21.31246909999993,7.065,0
2024-10-27 06:00:00,780.79,21.332735500000013,7.007,0
2024-10-27 06:30:00,780.53,21.344995400000016,6.948,0
2024-10-27 07:00:00,780.28,21.323408200000017,6.887,0
2024-10-27 07:30:00,780.02,21.314254400000095,6.826,0
2024-10-27 08:00:00,779.87,21.33964279999998,6.763,0
2024-10-27 08:30:00,779.65,21.255262899999934,6.699,0
2024-10-27 09:00:00,779.53,21.267823900000053,6.639,0
2024-10-27 09:30:00,779.48,21.264730100000065,6.582,0
2024-10-27 10:00:00,779.03,21.264417800000047,6.522,0
2024-10-27 10:30:00,778.76,21.278914100000065,6.467,0
2024-10-27 11:00:00,778.63,21.265159899999958,6.414,0
2024-10-27 11:30:00,778.57,21.23473120000017,6.36,0
2024-10-27 12:00:00,778.78,21.164313700000093,6.31,0
2024-10-27 12:30:00,778.64,21.260884100000112,6.264,0
2024-10-27 13:00:00,778.72,21.160397200000034,6.216,0
2024-10-27 13:30:00,778.69,21.237465700000143,6.17,0
2024-10-27 14:00:00,778.7,21.172007900000153,6.123,0
2024-10-27 14:30:00,778.71,21.221776200000136,6.076,0
2024-10-27 15:00:00,778.53,21.167199299999993,6.029,0
2024-10-27 15:30:00,778.51,21.202263099999982,5.988,0
2024-10-27 16:00:00,778.6,21.092401900000027,5.946,0
2024-10-27 16:30:00,778.61,21.069771500000115,5.94,0
2024-10-27 17:00:00,778.5,21.160652400000117,5.985,0
2024-10-27 17:30:00,778.39,21.1832134,6.064,0
2024-10-27 18:00:00,778.39,21.395311000000106,6.166,0
2024-10-27 18:30:00,778.12,21.412866400000098,6.276,0
2024-10-27 19:00:00,777.94,21.410294200000067,6.394,0
2024-10-27 19:30:00,777.63,21.49593779999998,6.522,0
2024-10-27 20:00:00,777.33,21.508985700000153,6.656,0
2024-10-27 20:30:00,777.03,21.71373719999997,6.78,0
2024-10-27 21:00:00,776.55,21.681385500000033,6.895,0
2024-10-27 21:30:00,776.4,21.55483860000004,6.992,0
2024-10-27 22:00:00,776.3,21.420168799999942,7.08,0
2024-10-27 22:30:00,776.3,21.487469000000033,7.156,0
2024-10-27 23:00:00,775.98,21.403019700000073,7.214,0
2024-10-27 23:30:00,775.7,21.2953490000001,7.256,0
2024-10-28 00:00:00,775.43,21.379184899999927,7.288,0
2024-10-28 00:30:00,775.26,21.344805000000065,7.307,0
2024-10-28 01:00:00,775.2,21.34904610000001,7.31,0
2024-10-28 01:30:00,774.95,21.281572400000186,7.306,0
2024-10-28 02:00:00,775.03,21.364631500000087,7.288,0
2024-10-28 02:30:00,774.91,21.33640450000007,7.264,0
2024-10-28 03:00:00,774.75,21.304886699999997,7.234,0
2024-10-28 03:30:00,774.28,21.316185099999984,7.201,0
2024-10-28 04:00:00,774.18,21.228421499999968,7.165,0
2024-10-28 04:30:00,774.07,21.217332400000146,7.126,0
2024-10-28 05:00:00,773.95,21.243149500000072,7.08,0
2024-10-28 05:30:00,773.79,21.268734900000027,7.031,0
2024-10-28 06:00:00,773.63,21.276985400000058,6.976,0
2024-10-28 06:30:00,773.53,21.211655199999996,6.919,0
2024-10-28 07:00:00,773.13,21.2837763,6.856,0
2024-10-28 07:30:00,772.88,21.314193800000112,6.798,0
2024-10-28 08:00:00,772.83,21.270312000000217,6.74,0
2024-10-28 08:30:00,772.58,21.330300800000146,6.678,0
2024-10-28 09:00:00,772.21,21.34676710000008,6.615,0
2024-10-28 09:30:00,772.0,21.352943500000038,6.553,0
2024-10-28 10:00:00,771.52,21.269606800000133,6.486,0
2024-10-28 10:30:00,771.21,21.24716220000016,6.422,0
2024-10-28 11:00:00,770.83,21.274022500000115,6.362,0
2024-10-28 11:30:00,770.34,21.270419400000037,6.31,0
2024-10-28 12:00:00,770.05,21.19659580000007,6.264,0
2024-10-28 12:30:00,769.93,21.231590200000028,6.225,0
2024-10-28 13:00:00,769.55,21.256411099999923,6.184,0
2024-10-28 13:30:00,769.08,21.257512500000075,6.147,0
2024-10-28 14:00:00,768.89,21.242900899999995,6.111,0
2024-10-28 14:30:00,768.85,21.221255500000098,6.081,0
2024-10-28 15:00:00,768.97,21.23520670000005,6.05,0
2024-10-28 15:30:00,769.32,21.313966499999992,6.023,0
2024-10-28 16:00:00,769.11,21.245704800000112,5.996,0
2024-10-28 16:30:00,769.43,21.246538699999974,5.968,0
2024-10-28 17:00:00,769.54,21.283120300000064,5.95,0
2024-10-28 17:30:00,769.61,21.290918600000055,5.933,0
2024-10-28 18:00:00,769.87,21.324545200000102,5.914,0
2024-10-28 18:30:00,769.74,21.343421400000125,5.895,0
2024-10-28 19:00:00,769.67,21.353977699999973,5.885,0
2024-10-28 19:30:00,769.37,21.433306100000095,5.902,0
2024-10-28 20:00:00,768.99,21.447930000000042,5.935,0
2024-10-28 20:30:00,768.67,21.503179599999953,5.985,0
2024-10-28 21:00:00,768.32,21.522311000000172,6.049,0
2024-10-28 21:30:00,768.15,21.56134950000012,6.113,0
2024-10-28 22:00:00,768.07,21.672033400000146,6.187,0
2024-10-28 22:30:00,767.97,21.617919900000174,6.257,0
2024-10-28 23:00:00,767.87,21.764687300000105,6.318,0
2024-10-28 23:30:00,767.76,21.72504660000004,6.368,0
2024-10-29 00:00:00,767.51,21.683065400000032,6.402,0
2024-10-29 00:30:00,767.33,21.70904480000013,6.41,0
2024-10-29 01:00:00,767.36,21.646252100000083,6.409,0
2024-10-29 01:30:00,767.4,21.67401570000004,6.396,0
2024-10-29 02:00:00,767.35,21.669902200000138,6.377,0
2024-10-29 02:30:00,767.15,21.676901300000054,6.35,0
2024-10-29 03:00:00,767.05,21.70538350000004,6.324,0
2024-10-29 03:30:00,767.12,21.699925700000108,6.291,0
2024-10-29 04:00:00,767.02,21.70801389999997,6.257,0
2024-10-29 04:30:00,766.97,21.643738100000178,6.224,0
2024-10-29 05:00:00,767.03,21.615024200000107,6.188,0
2024-10-29 05:30:00,766.92,21.694688399999905,6.154,0
2024-10-29 06:00:00,766.96,21.592950100000166,6.114,0
2024-10-29 06:30:00,766.84,21.59633380000014,6.073,0
2024-10-29 07:00:00,766.75,21.54916120000007,6.03,0
2024-10-29 07:30:00,766.6,21.567411700000093,5.99,0
2024-10-29 08:00:00,766.7,21.511397600000123,5.949,0
2024-10-29 08:30:00,766.58,21.540273800000136,5.901,0
2024-10-29 09:00:00,766.5,21.519416399999955,5.843,0
2024-10-29 09:30:00,766.59,21.509485800000107,5.783,0
2024-10-29 10:00:00,766.37,21.476090900000145,5.722,0
2024-10-29 10:30:00,766.36,21.48138640000002,5.672,0
2024-10-29 11:00:00,766.24,21.44092300000011,5.631,0
2024-10-29 11:30:00,766.22,21.396450200000004,5.589,0
2024-10-29 12:00:00,766.28,21.42687890000002,5.543,0
2024-10-29 12:30:00,766.46,21.332579600000145,5.507,0
2024-10-29 13:00:00,766.44,21.351328200000125,5.465,0
2024-10-29 13:30:00,766.61,21.286797200000137,5.424,0
2024-10-29 14:00:00,766.66,21.247063599999933,5.388,0
2024-10-29 14:30:00,766.91,21.261512899999957,5.348,0
2024-10-29 15:00:00,767.09,21.182509100000175,5.309,0
2024-10-29 15:30:00,767.45,21.13972760000013,5.272,0
2024-10-29 16:00:00,767.91,21.139842899999962,5.238,0
2024-10-29 16:30:00,767.96,21.090932000000066,5.225,0
2024-10-29 17:00:00,768.0,21.13603050000006,5.244,0
2024-10-29 17:30:00,768.12,21.148961999999983,5.271,0
2024-10-29 18:00:00,768.3,21.084233999999924,5.283,0
2024-10-29 18:30:00,768.55,21.118057600000043,5.281,0
2024-10-29 19:00:00,768.67,21.16056040000001,5.284,0
2024-10-29 19:30:00,768.41,21.21054920000006,5.3,0
2024-10-29 20:00:00,768.2,21.198371000000066,5.325,0
2024-10-29 20:30:00,768.16,21.195080200000007,5.356,0
2024-10-29 21:00:00,768.23,21.225311900000065,5.402,0
2024-10-29 21:30:00,768.33,21.26718900000003,5.458,0
2024-10-29 22:00:00,768.54,21.337490099999968,5.52,0
2024-10-29 22:30:00,768.45,21.246470400000135,5.581,0
2024-10-29 23:00:00,768.72,21.29111670000009,5.633,0
2024-10-29 23:30:00,769.05,21.265241400000036,5.672,0
2024-10-30 00:00:00,769.24,21.190119399999958,5.703,0
2024-10-30 00:30:00,769.51,21.223549000000048,5.715,0
2024-10-30 01:00:00,769.7,21.189215000000104,5.71,0
2024-10-30 01:30:00,769.79,21.21191479999993,5.694,0
2024-10-30 02:00:00,769.89,21.185472000000004,5.666,0
2024-10-30 02:30:00,770.03,21.11643349999997,5.64,0
2024-10-30 03:00:00,770.05,21.12827589999995,5.605,0
2024-10-30 03:30:00,770.08,21.098113600000147,5.569,0
2024-10-30 04:00:00,770.24,21.112296499999957,5.528,0
2024-10-30 04:30:00,770.46,21.095726100000206,5.482,0
2024-10-30 05:00:00,770.65,21.048136,5.428,0
2024-10-30 05:30:00,770.85,21.07172790000004,5.381,0
2024-10-30 06:00:00,770.85,21.026861100000133,5.343,0
2024-10-30 06:30:00,771.11,21.003384500000152,5.3,0
2024-10-30 07:00:00,771.38,21.031715600000098,5.259,0
2024-10-30 07:30:00,771.53,21.029780300000084,5.22,0
2024-10-30 08:00:00,771.65,20.981529799999976,5.184,0
2024-10-30 08:30:00,771.51,21.020996999999966,5.148,0
2024-10-30 09:00:00,771.36,21.002538300000083,5.12,0
2024-10-30 09:30:00,771.19,20.991611500000204,5.088,0
2024-10-30 10:00:00,771.28,20.935794399999963,5.054,0
2024-10-30 10:30:00,771.39,20.951982000000157,5.02,0
2024-10-30 11:00:00,771.28,20.94293229999994,4.985,0
2024-10-30 11:30:00,771.35,20.889548600000126,4.95,0
2024-10-30 12:00:00,771.62,20.870973500000105,4.914,0
2024-10-30 12:30:00,771.83,20.86785620000012,4.878,0
2024-10-30 13:00:00,772.0,20.753359900000078,4.839,0
2024-10-30 13:30:00,771.69,20.652398400000152,4.805,0
2024-10-30 14:00:00,771.71,20.580625400000145,4.767,0
2024-10-30 14:30:00,771.93,20.521227599999975,4.73,0
2024-10-30 15:00:00,772.01,20.471725700000093,4.692,0
2024-10-30 15:30:00,772.14,20.419199400000025,4.658,0
2024-10-30 16:00:00,772.39,20.398978899999975,4.626,0
2024-10-30 16:30:00,772.78,20.39027620000013,4.6,0
2024-10-30 17:00:00,772.59,20.343034200000147,4.584,0
2024-10-30 17:30:00,772.47,20.336220900000058,4.591,0
2024-10-30 18:00:00,772.26,20.233289400000103,4.611,0
2024-10-30 18:30:00,772.09,20.25703240000007,4.643,0
2024-10-30 19:00:00,772.4,20.38858490000007,4.695,0
2024-10-30 19:30:00,772.64,20.531713400000058,4.757,0
2024-10-30 20:00:00,772.86,20.70786630000009,4.813,0
2024-10-30 20:30:00,772.81,20.891377600000055,4.867,0
2024-10-30 21:00:00,772.93,21.10213090000002,4.917,0
2024-10-30 21:30:00,773.01,21.21170219999999,4.968,0
2024-10-30 22:00:00,773.23,21.342988300000115,5.016,0
2024-10-30 22:30:00,773.26,21.374008000000003,5.056,0
2024-10-30 23:00:00,773.2,21.382327900000178,5.091,0
2024-10-30 23:30:00,773.36,21.400589600000103,5.125,0
2024-10-31 00:00:00,773.26,21.383185300000036,5.149,0
2024-10-31 00:30:00,773.38,21.332895399999984,5.165,0
2024-10-31 01:00:00,773.52,21.273034200000097,5.172,0
2024-10-31 01:30:00,773.41,21.228295000000003,5.169,0
2024-10-31 02:00:00,773.63,21.227020100000118,5.155,0
2024-10-31 02:30:00,773.58,21.16172460000007,5.127,0
2024-10-31 03:00:00,773.31,21.136452599999984,5.103,0
2024-10-31 03:30:00,773.22,21.12191040000016,5.077,0
2024-10-31 04:00:00,773.17,21.048457299999995,5.053,0
2024-10-31 04:30:00,772.99,21.057101800000055,5.029,0
2024-10-31 05:00:00,773.17,21.050496700000053,5.007,0
2024-10-31 05:30:00,772.91,21.02400799999998,4.981,0
2024-10-31 06:00:00,772.75,20.99147049999999,4.958,0
2024-10-31 06:30:00,772.43,20.963104699999917,4.931,0
2024-10-31 07:00:00,772.06,20.947960299999977,4.905,0
2024-10-31 07:30:00,772.1,20.9094434000001,4.872,0
2024-10-31 08:00:00,772.04,20.904507200000012,4.844,0
2024-10-31 08:30:00,771.82,20.871112300000163,4.824,0
2024-10-31 09:00:00,771.58,20.821796200000108,4.799,0
2024-10-31 09:30:00,771.44,20.924484800000073,4.777,0
2024-10-31 10:00:00,771.39,20.87346510000009,4.755,0
2024-10-31 10:30:00,771.47,20.955504500000075,4.736,0
2024-10-31 11:00:00,771.33,20.929710900000146,4.714,0
2024-10-31 11:30:00,770.99,20.975157500000137,4.692,0
2024-10-31 12:00:00,770.98,20.944763500000022,4.672,0
2024-10-31 12:30:00,771.33,20.846095500000047,4.65,0
2024-10-31 13:00:00,771.32,20.84935160000009,4.629,0
2024-10-31 13:30:00,771.13,20.942828200000008,4.606,0
2024-10-31 14:00:00,771.37,20.91158800000005,4.587,0
2024-10-31 14:30:00,771.43,20.977706200000057,4.57,0
2024-10-31 15:00:00,771.51,20.99856360000001,4.552,0
2024-10-31 15:30:00,771.69,21.005214600000045,4.535,0
2024-10-31 16:00:00,772.0,20.9103937000001,4.519,0
2024-10-31 16:30:00,772.16,20.939872100000116,4.5,0
2024-10-31 17:00:00,772.09,20.97388150000006,4.487,0
2024-10-31 17:30:00,772.39,21.016917100000114,4.485,0
2024-10-31 18:00:00,772.15,21.021645100000114,4.495,0
2024-10-31 18:30:00,772.25,21.034970600000065,4.521,0
2024-10-31 19:00:00,772.0,21.06742750000012,4.568,0
2024-10-31 19:30:00,771.67,21.146327199999973,4.633,0
2024-10-31 20:00:00,771.43,21.10618839999995,4.713,0
2024-10-31 20:30:00,771.24,21.156837600000017,4.8,0
2024-10-31 21:00:00,771.15,21.130059000000074,4.89,0
2024-10-31 21:30:00,771.1,21.20650180000007,4.979,0
2024-10-31 22:00:00,771.11,21.19712750000008,5.071,0
2024-10-31 22:30:00,771.25,21.173975500000097,5.156,0
2024-10-31 23:00:00,771.71,21.24954860000014,5.229,0
2024-10-31 23:30:00,771.7,21.170209000000114,5.293,0
2024-11-01 00:00:00,771.71,21.24954860000014,5.338,0
2024-11-01 00:30:00,771.59,21.19277000000011,5.374,0
2024-11-01 01:00:00,771.72,21.205504500000075,5.399,0
2024-11-01 01:30:00,771.97,21.154693000000066,5.407,0
2024-11-01 02:00:00,772.15,21.158284900000012,5.397,0
2024-11-01 02:30:00,772.13,21.131147000000055,5.376,0
2024-11-01 03:00:00,771.99,21.12880650000011,5.341,0
2024-11-01 03:30:00,772.05,21.107230500000014,5.304,0
2024-11-01 04:00:00,771.91,21.09265359999995,5.26,0
2024-11-01 04:30:00,771.94,21.026801800000044,5.214,0
2024-11-01 05:00:00,772.08,20.95470420000015,5.167,0
2024-11-01 05:30:00,772.04,20.96263010000007,5.125,0
2024-11-01 06:00:00,772.29,20.923035299999924,5.087,0
2024-11-01 06:30:00,772.36,20.882907700000146,5.05,0
2024-11-01 07:00:00,772.24,20.86385800000005,5.01,0
2024-11-01 07:30:00,772.22,20.86833080000008,4.972,0
2024-11-01 08:00:00,771.96,20.854078500000128,4.938,0
2024-11-01 08:30:00,771.95,20.819605700000125,4.902,0
2024-11-01 09:00:00,771.98,20.83736930000009,4.866,0
2024-11-01 09:30:00,771.6,20.855052300000125,4.834,0
2024-11-01 10:00:00,771.35,20.76922400000001,4.793,0
2024-11-01 10:30:00,771.57,20.79548100000011,4.756,0
2024-11-01 11:00:00,771.55,20.75202790000003,4.718,0
2024-11-01 11:30:00,771.53,20.754461300000003,4.674,0
2024-11-01 12:00:00,771.42,20.76274650000005,4.636,0
2024-11-01 12:30:00,771.51,20.72834309999996,4.595,0
2024-11-01 13:00:00,771.58,20.737161100000094,4.555,0
2024-11-01 13:30:00,771.61,20.742688300000054,4.515,0
2024-11-01 14:00:00,771.34,20.67152980000003,4.47,0
2024-11-01 14:30:00,771.19,20.57965270000011,4.433,0
2024-11-01 15:00:00,771.23,20.491170499999953,4.395,0
2024-11-01 15:30:00,771.36,20.452920000000063,4.356,0
2024-11-01 16:00:00,771.34,20.39213200000006,4.328,0
2024-11-01 16:30:00,771.2,20.36225960000013,4.32,0
2024-11-01 17:00:00,771.01,20.361923800000113,4.32,0
2024-11-01 17:30:00,770.68,20.343951999999945,4.328,0
2024-11-01 18:00:00,770.53,20.409108700000047,4.354,0
2024-11-01 18:30:00,770.25,20.409526200000073,4.393,0
2024-11-01 19:00:00,769.94,20.43704690000004,4.448,0
2024-11-01 19:30:00,769.87,20.467997200000013,4.511,0
2024-11-01 20:00:00,770.0,20.6092139000001,4.591,0
2024-11-01 20:30:00,769.83,20.76755730000002,4.668,0
2024-11-01 21:00:00,769.67,21.034811600000126,4.739,0
2024-11-01 21:30:00,769.58,21.20687450000014,4.805,0
2024-11-01 22:00:00,769.72,21.296909200000073,4.863,0
2024-11-01 22:30:00,769.82,21.393850100000122,4.911,0
2024-11-01 23:00:00,770.08,21.55289980000009,4.955,0
2024-11-01 23:30:00,770.23,21.654973900000073,4.993,0
2024-11-02 00:00:00,770.33,21.69583130000001,5.023,0
2024-11-02 00:30:00,770.38,21.725437300000067,5.048,0
2024-11-02 01:00:00,770.15,21.579052700000034,5.06,0
2024-11-02 01:30:00,770.18,21.600895100000002,5.064,0
2024-11-02 02:00:00,770.07,21.530663400000208,5.054,0
2024-11-02 02:30:00,770.06,21.44418589999998,5.033,0
2024-11-02 03:00:00,769.86,21.387963600000035,5.01,0
2024-11-02 03:30:00,769.67,21.282598699999994,4.981,0
2024-11-02 04:00:00,769.47,21.30897210000012,4.951,0
2024-11-02 04:30:00,769.51,21.25923850000015,4.926,0
2024-11-02 05:00:00,769.24,21.285971200000176,4.904,0
2024-11-02 05:30:00,768.93,21.213561300000038,4.881,0
2024-11-02 06:00:00,768.8,21.208984399999963,4.861,0
2024-11-02 06:30:00,768.57,21.222692700000152,4.843,0
2024-11-02 07:00:00,768.24,21.210839100000157,4.83,0
2024-11-02 07:30:00,768.13,21.161001400000032,4.818,0
2024-11-02 08:00:00,768.46,21.186111100000176,4.804,0
2024-11-02 08:30:00,768.05,21.224779099999978,4.789,0
2024-11-02 09:00:00,767.67,21.336274499999945,4.77,0
2024-11-02 09:30:00,767.39,21.28264790000003,4.755,0
2024-11-02 10:00:00,767.19,21.28760760000023,4.735,0
2024-11-02 10:30:00,767.13,21.28675020000003,4.713,0
2024-11-02 11:00:00,767.02,21.39904480000007,4.693,0
2024-11-02 11:30:00,767.25,21.335371200000054,4.672,0
2024-11-02 12:00:00,767.14,21.33345940000015,4.646,0
2024-11-02 12:30:00,767.05,21.314838399999985,4.623,0
2024-11-02 13:00:00,767.1,21.280203300000153,4.599,0
2024-11-02 13:30:00,766.98,21.31213860000014,4.568,0
2024-11-02 14:00:00,766.91,21.381837500000074,4.541,0
2024-11-02 14:30:00,766.98,21.322335599999974,4.515,0
2024-11-02 15:00:00,767.05,21.289345900000058,4.489,0
2024-11-02 15:30:00,767.21,21.256622600000014,4.464,0
2024-11-02 16:00:00,767.42,21.28307659999996,4.444,0
2024-11-02 16:30:00,767.57,21.283180700000116,4.448,0
2024-11-02 17:00:00,767.79,21.287004300000035,4.49,0
2024-11-02 17:30:00,767.79,21.354304500000012,4.544,0
2024-11-02 18:00:00,767.62,21.40354000000002,4.605,0
2024-11-02 18:30:00,767.85,21.453053100000147,4.669,0
2024-11-02 19:00:00,767.87,21.488348599999995,4.746,0
2024-11-02 19:30:00,767.83,21.53196400000013,4.837,0
2024-11-02 20:00:00,767.88,21.62479140000005,4.937,0
2024-11-02 20:30:00,767.58,21.593992200000116,5.038,0
2024-11-02 21:00:00,767.59,21.657016600000134,5.139,0
2024-11-02 21:30:00,767.64,21.708036300000003,5.238,0
2024-11-02 22:00:00,767.75,21.664061600000082,5.333,0
2024-11-02 22:30:00,767.96,21.74557940000011,5.414,0
2024-11-02 23:00:00,768.13,21.78403810000009,5.484,0
2024-11-02 23:30:00,768.37,21.776251000000116,5.541,0
2024-11-03 00:00:00,768.5,21.72678380000002,5.581,0
2024-11-03 00:30:00,768.36,21.779507100000046,5.61,0
2024-11-03 01:00:00,768.23,21.72190580000006,5.623,0
2024-11-03 01:30:00,768.33,21.677108400000066,5.628,0
2024-11-03 02:00:00,768.62,21.63162710000006,5.623,0
2024-11-03 02:30:00,768.71,21.64514960000008,5.612,0
2024-11-03 03:00:00,768.82,21.639923500000123,5.598,0
2024-11-03 03:30:00,768.47,21.600932000000057,5.579,0
2024-11-03 04:00:00,768.21,21.579541800000015,5.56,0
2024-11-03 04:30:00,768.43,21.543597100000056,5.535,0
2024-11-03 05:00:00,768.45,21.488139300000057,5.505,0
2024-11-03 05:30:00,768.64,21.476238699999953,5.472,0
2024-11-03 06:00:00,768.65,21.494396300000062,5.437,0
2024-11-03 06:30:00,768.37,21.51418810000007,5.398,0
2024-11-03 07:00:00,768.24,21.383168400000045,5.357,0
2024-11-03 07:30:00,768.24,21.419877600000063,5.317,0
2024-11-03 08:00:00,768.07,21.407931100000155,5.274,0
2024-11-03 08:30:00,768.05,21.3818129,5.232,0
2024-11-03 09:00:00,767.96,21.39990110000008,5.195,0
2024-11-03 09:30:00,767.76,21.38548650000007,5.157,0
2024-11-03 10:00:00,767.88,21.306645000000003,5.119,0
2024-11-03 10:30:00,767.69,21.30732890000013,5.084,0
2024-11-03 11:00:00,767.76,21.25802400000009,5.051,0
2024-11-03 11:30:00,767.43,21.26452500000005,5.016,0
2024-11-03 12:00:00,767.35,21.309948100000042,4.981,0
2024-11-03 12:30:00,767.57,21.187328900000125,4.943,0
2024-11-03 13:00:00,767.84,21.247270700000172,4.907,0
2024-11-03 13:30:00,767.86,21.193852300000003,4.866,0
2024-11-03 14:00:00,768.13,21.187513600000102,4.824,0
2024-11-03 14:30:00,768.27,21.17353890000004,4.778,0
2024-11-03 15:00:00,768.57,21.1166439000001,4.733,0
2024-11-03 15:30:00,768.88,21.192112900000097,4.686,0
2024-11-03 16:00:00,769.21,21.261069700000007,4.642,0
2024-11-03 16:30:00,769.3,21.234823900000038,4.612,0
2024-11-03 17:00:00,769.17,21.177222599999936,4.607,0
2024-11-03 17:30:00,769.46,21.09401240000011,4.605,0
2024-11-03 18:00:00,769.51,20.756526400000098,4.606,0
2024-11-03 18:30:00,769.8,20.925182099999915,4.613,0
2024-11-03 19:00:00,769.86,20.940315300000066,4.63,0
2024-11-03 19:30:00,770.29,21.09295689999999,4.653,0
2024-11-03 20:00:00,769.92,21.32763900000009,4.684,0
2024-11-03 20:30:00,770.38,21.24107980000008,4.721,0
2024-11-03 21:00:00,770.0,21.31076750000011,4.762,0
2024-11-03 21:30:00,770.52,21.391276800000128,4.804,0
2024-11-03 22:00:00,770.61,21.353814300000067,4.847,0
2024-11-03 22:30:00,770.52,21.386178300000097,4.888,0
2024-11-03 23:00:00,770.47,21.397360300000173,4.931,0
2024-11-03 23:30:00,770.91,21.502898699999946,4.961,0
2024-11-04 00:00:00,770.94,21.473756100000173,4.979,0
2024-11-04 00:30:00,771.17,21.567116299999952,4.985,0
2024-11-04 01:00:00,771.39,21.49242300000003,4.978,0
2024-11-04 01:30:00,771.42,21.32256180000013,4.961,0
2024-11-04 02:00:00,771.25,21.362619999999993,4.934,0
2024-11-04 02:30:00,771.23,21.30795020000005,4.91,0
2024-11-04 03:00:00,771.56,21.24944449999998,4.884,0
2024-11-04 03:30:00,771.65,21.202804700000115,4.859,0
2024-11-04 04:00:00,771.87,21.14340690000006,4.83,0
2024-11-04 04:30:00,771.99,21.125747400000023,4.801,0
2024-11-04 05:00:00,772.51,21.163429300000075,4.77,0
2024-11-04 05:30:00,772.45,21.19418260000009,4.742,0
2024-11-04 06:00:00,772.25,21.204240800000093,4.716,0
2024-11-04 06:30:00,772.57,21.066395500000112,4.682,0
2024-11-04 07:00:00,772.66,21.047287600000118,4.653,0
2024-11-04 07:30:00,772.66,21.02587390000008,4.626,0
2024-11-04 08:00:00,772.77,20.90134290000003,4.596,0
2024-11-04 08:30:00,773.45,21.053138300000114,4.563,0
2024-11-04 09:00:00,773.78,20.911017199999947,4.532,0
2024-11-04 09:30:00,773.9,20.863786400000095,4.503,0
2024-11-04 10:00:00,774.25,20.950703800000042,4.475,0
2024-11-04 10:30:00,774.15,20.868038700000056,4.452,0
2024-11-04 11:00:00,774.02,20.843067800000085,4.427,0
2024-11-04 11:30:00,773.87,20.87967290000006,4.406,0
2024-11-04 12:00:00,773.64,20.48244210000007,4.384,0
2024-11-04 12:30:00,773.85,20.347783500000105,4.36,0
2024-11-04 13:00:00,773.64,20.12248800000009,4.335,0
2024-11-04 13:30:00,773.59,20.00824690000013,4.311,0
2024-11-04 14:00:00,773.85,19.91645040000003,4.287,0
2024-11-04 14:30:00,774.26,19.72686680000004,4.264,0
2024-11-04 15:00:00,774.5,19.794537500000047,4.247,0
2024-11-04 15:30:00,774.68,19.875626600000032,4.23,0
2024-11-04 16:00:00,774.97,20.113621900000112,4.213,0
2024-11-04 16:30:00,775.3,20.32431699999995,4.231,0
2024-11-04 17:00:00,775.87,20.730145300000117,4.285,0
2024-11-04 17:30:00,776.26,20.95801300000005,4.34,0
2024-11-04 18:00:00,776.61,21.091836599999965,4.385,0
2024-11-04 18:30:00,776.59,21.275776600000086,4.427,0
2024-11-04 19:00:00,776.68,21.265846000000124,4.464,0
2024-11-04 19:30:00,776.63,21.262752200000136,4.51,0
2024-11-04 20:00:00,776.36,21.38125790000015,4.569,0
2024-11-04 20:30:00,776.1,21.433286100000032,4.638,0
2024-11-04 21:00:00,775.84,21.29972889999999,4.716,0
2024-11-04 21:30:00,776.25,21.337538400000085,4.806,0
2024-11-04 22:00:00,776.11,21.20671570000013,4.905,0
2024-11-04 22:30:00,775.48,21.19873270000005,4.998,0
2024-11-04 23:00:00,775.66,21.278802100000007,5.087,0
2024-11-04 23:30:00,775.72,21.27762010000015,5.165,0
2024-11-05 00:00:00,775.96,21.14950840000006,5.233,0
2024-11-05 00:30:00,776.02,21.175858300000073,5.29,0
2024-11-05 01:00:00,776.15,21.143726000000015,5.333,0
2024-11-05 01:30:00,776.28,21.17277569999999,5.36,0
2024-11-05 02:00:00,776.51,21.154988600000024,5.373,0
2024-11-05 02:30:00,776.56,21.23863869999991,5.363,0
2024-11-05 03:00:00,776.66,21.188742800000114,5.339,0
2024-11-05 03:30:00,776.93,21.094709899999998,5.306,0
2024-11-05 04:00:00,777.02,21.166355299999964,5.264,0
2024-11-05 04:30:00,777.08,21.231453800000054,5.218,0
2024-11-05 05:00:00,777.27,21.204257700000085,5.169,0
2024-11-05 05:30:00,777.28,21.23057289999997,5.12,0
2024-11-05 06:00:00,777.18,21.260074799999984,5.073,0
2024-11-05 06:30:00,777.09,21.278163000000177,5.025,0
2024-11-05 07:00:00,777.06,21.275694899999962,4.983,0
2024-11-05 07:30:00,777.05,21.270793400000002,4.945,0
2024-11-05 08:00:00,776.92,21.294768100000056,4.909,0
2024-11-05 08:30:00,776.83,21.257792500000164,4.876,0
2024-11-05 09:00:00,776.7,21.241998900000112,4.846,0
2024-11-05 09:30:00,776.64,21.173841299999935,4.815,0
2024-11-05 10:00:00,776.07,21.25033110000004,4.782,0
2024-11-05 10:30:00,775.76,21.15548780000006,4.747,0
2024-11-05 11:00:00,776.09,21.274409900000023,4.713,0
2024-11-05 11:30:00,775.61,21.18903380000006,4.676,0
2024-11-05 12:00:00,775.45,21.180969100000084,4.637,0
2024-11-05 12:30:00,775.25,21.164515100000017,4.593,0
2024-11-05 13:00:00,775.21,21.11533780000002,4.554,0
2024-11-05 13:30:00,775.47,21.088802100000066,4.512,0
2024-11-05 14:00:00,775.27,21.1039588000001,4.474,0
2024-11-05 14:30:00,774.87,21.100622100000123,4.438,0
2024-11-05 15:00:00,774.65,21.022360400000025,4.402,0
2024-11-05 15:30:00,774.34,20.881630600000108,4.37,0
2024-11-05 16:00:00,774.63,20.686253400000055,4.341,0
2024-11-05 16:30:00,774.74,20.685106100000098,4.318,0
2024-11-05 17:00:00,774.34,20.573681200000124,4.306,0
2024-11-05 17:30:00,774.01,20.585280700000112,4.307,0
2024-11-05 18:00:00,773.93,20.756126899999913,4.324,0
2024-11-05 18:30:00,773.61,20.81137650000005,4.359,0
2024-11-05 19:00:00,773.4,21.022512600000027,4.403,0
2024-11-05 19:30:00,773.32,21.143393500000116,4.46,0
2024-11-05 20:00:00,773.05,21.312884199999985,4.519,0
2024-11-05 20:30:00,772.79,21.41181860000006,4.591,0
2024-11-05 21:00:00,772.37,21.485353400000122,4.662,0
2024-11-05 21:30:00,772.25,21.5570570000001,4.737,0
2024-11-05 22:00:00,772.24,21.630672400000094,4.812,0
2024-11-05 22:30:00,772.18,21.628795300000093,4.883,0
2024-11-05 23:00:00,772.06,21.65869120000002,4.946,0
2024-11-05 23:30:00,772.13,21.594090800000004,5.004,0
2024-11-06 00:00:00,771.87,21.50438070000007,5.054,0
2024-11-06 00:30:00,771.96,21.575006400000007,5.097,0
2024-11-06 01:00:00,771.56,21.561472699999968,5.129,0
2024-11-06 01:30:00,771.68,21.55604960000005,5.151,0
2024-11-06 02:00:00,771.58,21.48052240000004,5.158,0
2024-11-06 02:30:00,771.33,21.449757900000122,5.156,0
2024-11-06 03:00:00,771.09,21.40452060000007,5.142,0
2024-11-06 03:30:00,771.11,21.314392999999995,5.122,0
2024-11-06 04:00:00,771.01,21.24396430000013,5.093,0
2024-11-06 04:30:00,771.0,21.291067500000167,5.065,0
2024-11-06 05:00:00,771.06,21.30212190000009,5.03,0
2024-11-06 05:30:00,771.21,21.257359199999996,4.994,0
2024-11-06 06:00:00,770.94,21.379943700000013,4.96,0
2024-11-06 06:30:00,770.85,21.362342400000102,4.926,0
2024-11-06 07:00:00,770.74,21.35329270000011,4.891,0
2024-11-06 07:30:00,770.8,21.34905159999994,4.854,0
2024-11-06 08:00:00,770.65,21.438681100000053,4.818,0
2024-11-06 08:30:00,770.46,21.553571400000124,4.78,0
2024-11-06 09:00:00,770.21,21.931706600000098,4.741,0
2024-11-06 09:30:00,770.02,21.451092099999983,4.699,0
2024-11-06 10:00:00,769.96,21.177974800000015,4.651,0
2024-11-06 10:30:00,769.49,21.29022350000014,4.606,0
2024-11-06 11:00:00,769.85,21.285170900000026,4.562,0
2024-11-06 11:30:00,769.97,21.27974780000011,4.522,0
2024-11-06 12:00:00,769.38,21.338277000000062,4.477,0
2024-11-06 12:30:00,769.08,21.5868756000001,4.436,0
2024-11-06 13:00:00,768.88,21.686667400000033,4.395,0
2024-11-06 13:30:00,768.88,21.472530399999982,4.351,0
2024-11-06 14:00:00,768.56,21.294268699999975,4.306,0
2024-11-06 14:30:00,768.97,21.197477800000115,4.263,0
2024-11-06 15:00:00,768.85,21.364013500000056,4.221,0
2024-11-06 15:30:00,770.24,22.222749800000088,4.179,0
2024-11-06 16:00:00,771.29,23.11163720000002,4.122,0
2024-11-06 16:30:00,772.38,23.91714090000005,4.074,0
2024-11-06 17:00:00,772.95,24.025216800000067,4.029,0
2024-11-06 17:30:00,771.24,22.387615500000038,3.996,0
2024-11-06 18:00:00,770.47,21.227070400000116,3.979,0
2024-11-06 18:30:00,770.23,20.59346620000008,3.979,0
2024-11-06 19:00:00,769.86,20.356027200000085,3.998,0
2024-11-06 19:30:00,769.73,20.419770200000016,4.032,0
2024-11-06 20:00:00,769.71,20.450755200000117,4.078,0
2024-11-06 20:30:00,770.27,20.145029900000054,4.128,0
2024-11-06 21:00:00,770.95,20.1071611000001,4.174,0
2024-11-06 21:30:00,771.31,20.334600100000102,4.22,0
2024-11-06 22:00:00,772.07,20.949802700000077,4.267,0
2024-11-06 22:30:00,772.76,21.623487500000124,4.307,0
2024-11-06 23:00:00,772.83,21.872954700000037,4.337,0
2024-11-06 23:30:00,773.32,21.94487770000012,4.359,0
2024-11-07 00:00:00,773.66,21.972849500000052,4.372,0
2024-11-07 00:30:00,773.56,21.903440499999988,4.379,0
2024-11-07 01:00:00,773.77,21.57605860000001,4.387,0
2024-11-07 01:30:00,773.87,21.3864638,4.387,0
2024-11-07 02:00:00,773.97,21.238676700000042,4.381,0
2024-11-07 02:30:00,773.92,21.119337100000052,4.373,0
2024-11-07 03:00:00,774.23,21.013299500000016,4.356,0
2024-11-07 03:30:00,774.39,21.07336889999999,4.339,0
2024-11-07 04:00:00,774.68,21.101306000000022,4.317,0
2024-11-07 04:30:00,774.76,21.079336000000012,4.29,0
2024-11-07 05:00:00,774.73,21.196172800000113,4.26,0
2024-11-07 05:30:00,774.75,21.130518000000052,4.226,0
2024-11-07 06:00:00,774.7,20.998942000000056,4.198,0
2024-11-07 06:30:00,774.83,20.93621870000004,4.168,0
2024-11-07 07:00:00,774.79,20.829938200000015,4.136,0
2024-11-07 07:30:00,774.53,20.72901139999999,4.106,0
2024-11-07 08:00:00,774.47,20.581317200000058,4.074,0
2024-11-07 08:30:00,774.06,20.48028629999999,4.042,0
2024-11-07 09:00:00,773.95,20.35499080000011,4.012,0
2024-11-07 09:30:00,774.02,20.33627690000003,3.986,0
2024-11-07 10:00:00,774.2,20.357203700000127,3.957,0
2024-11-07 10:30:00,774.25,20.436775000000125,3.931,0
2024-11-07 11:00:00,774.38,20.453588300000092,3.898,0
2024-11-07 11:30:00,774.47,20.482406300000093,3.867,0
2024-11-07 12:00:00,774.48,20.488327500000082,3.841,0
2024-11-07 12:30:00,774.16,20.357991699999957,3.813,0
2024-11-07 13:00:00,774.16,20.261120199999937,3.79,0
2024-11-07 13:30:00,774.29,20.155569499999956,3.767,0
2024-11-07 14:00:00,774.34,20.028141700000106,3.739,0
2024-11-07 14:30:00,774.56,19.956507500000043,3.71,0
2024-11-07 15:00:00,774.91,19.88231230000008,3.692,0
2024-11-07 15:30:00,774.95,19.784652800000117,3.67,0
2024-11-07 16:00:00,775.17,19.79561430000001,3.643,0
2024-11-07 16:30:00,775.32,19.746772800000144,3.641,0
2024-11-07 17:00:00,775.53,19.75181310000005,3.673,0
2024-11-07 17:30:00,775.83,19.97839470000008,3.729,0
2024-11-07 18:00:00,776.33,20.27037590000009,3.788,0
2024-11-07 18:30:00,776.38,20.335671400000024,3.844,0
2024-11-07 19:00:00,776.61,20.55853350000018,3.904,0
2024-11-07 19:30:00,776.72,20.80721270000015,3.962,0
2024-11-07 20:00:00,776.9,21.065729600000054,4.028,0
2024-11-07 20:30:00,777.05,21.313620799999967,4.101,0
2024-11-07 21:00:00,777.08,21.379310300000043,4.176,0
2024-11-07 21:30:00,777.09,21.445393800000033,4.25,0
2024-11-07 22:00:00,777.23,21.588452900000107,4.326,0
2024-11-07 22:30:00,777.42,21.791709000000083,4.398,0
2024-11-07 23:00:00,777.56,21.883783100000073,4.464,0
2024-11-07 23:30:00,777.63,21.87424650000014,4.522,0
2024-11-08 00:00:00,777.76,21.9349069000001,4.571,0
2024-11-08 00:30:00,777.63,21.87424650000014,4.611,0
2024-11-08 01:00:00,777.51,21.727734300000066,4.642,0
2024-11-08 01:30:00,777.54,21.611917199999993,4.666,0
2024-11-08 02:00:00,777.71,21.522913400000107,4.672,0
2024-11-08 02:30:00,777.84,21.509135700000115,4.671,0
2024-11-08 03:00:00,777.91,21.395589700000073,4.659,0
2024-11-08 03:30:00,777.93,21.296284799999967,4.634,0
2024-11-08 04:00:00,777.98,21.17191610000009,4.604,0
2024-11-08 04:30:00,778.06,21.133630899999957,4.564,0
2024-11-08 05:00:00,778.18,21.096597100000054,4.533,0
2024-11-08 05:30:00,778.3,21.0748587999999,4.507,0
2024-11-08 06:00:00,778.21,20.999134600000048,4.477,0
2024-11-08 06:30:00,778.12,20.94992260000015,4.447,0
2024-11-08 07:00:00,778.03,20.999621500000103,4.419,0
2024-11-08 07:30:00,778.06,20.906237799999985,4.388,0
2024-11-08 08:00:00,777.88,20.874094300000024,4.353,0
2024-11-08 08:30:00,777.75,20.831788500000016,4.317,0
2024-11-08 09:00:00,777.71,20.760177800000065,4.281,0
2024-11-08 09:30:00,777.59,20.73602960000005,4.243,0
2024-11-08 10:00:00,777.45,20.663329800000156,4.207,0
2024-11-08 10:30:00,777.31,20.62326040000005,4.175,0
2024-11-08 11:00:00,777.2,20.57750150000004,4.138,0
2024-11-08 11:30:00,776.97,20.39950620000002,4.107,0
2024-11-08 12:00:00,776.74,20.360190100000068,4.068,0
2024-11-08 12:30:00,776.65,20.263052199999947,4.031,0
2024-11-08 13:00:00,776.6,20.27117510000005,3.999,0
2024-11-08 13:30:00,776.47,20.282913400000098,3.968,0
2024-11-08 14:00:00,776.59,20.32745560000012,3.936,0
2024-11-08 14:30:00,776.74,20.409135700000093,3.9,0
2024-11-08 15:00:00,776.92,20.471870200000012,3.865,0
2024-11-08 15:30:00,776.97,20.37095460000012,3.835,0
2024-11-08 16:00:00,777.06,20.348787600000037,3.809,0
2024-11-08 16:30:00,776.86,20.24667880000004,3.805,0
2024-11-08 17:00:00,776.58,20.189993100000038,3.834,0
2024-11-08 17:30:00,776.3,20.12514980000003,3.882,0
2024-11-08 18:00:00,776.02,20.095996000000014,3.942,0
2024-11-08 18:30:00,775.75,20.07786190000013,4.013,0
2024-11-08 19:00:00,775.54,20.053447300000016,4.086,0
2024-11-08 19:30:00,775.27,20.186228800000094,4.172,0
2024-11-08 20:00:00,775.12,20.396182899999985,4.276,0
2024-11-08 20:30:00,775.21,20.636078800000064,4.396,0
2024-11-08 21:00:00,775.27,20.844955000000027,4.519,0
2024-11-08 21:30:00,775.38,21.207840600000054,4.646,0
2024-11-08 22:00:00,775.45,21.419578900000147,4.766,0
2024-11-08 22:30:00,775.62,21.59671680000008,4.876,0
2024-11-08 23:00:00,775.76,21.828489800000057,4.975,0
2024-11-08 23:30:00,775.92,21.858987900000102,5.056,0
2024-11-09 00:00:00,775.99,21.925928800000065,5.124,0
2024-11-09 00:30:00,776.03,21.905766500000027,5.181,0
2024-11-09 01:00:00,775.89,21.905465400000026,5.215,0
2024-11-09 01:30:00,775.78,21.804642700000045,5.233,0
2024-11-09 02:00:00,775.73,21.654712100000097,5.226,0
2024-11-09 02:30:00,775.69,21.51988000000017,5.196,0
2024-11-09 03:00:00,775.5,21.46346070000004,5.151,0
2024-11-09 03:30:00,775.31,21.326485100000014,5.088,0
2024-11-09 04:00:00,775.27,21.231421299999965,5.02,0
2024-11-09 04:30:00,775.25,21.17369240000005,4.946,0
2024-11-09 05:00:00,775.3,21.0432055,4.874,0
2024-11-09 05:30:00,775.39,21.003703599999994,4.81,0
2024-11-09 06:00:00,775.42,20.937851799999976,4.754,0
2024-11-09 06:30:00,775.28,20.94978709999998,4.703,0
2024-11-09 07:00:00,775.04,20.91882559999999,4.659,0
2024-11-09 07:30:00,774.93,20.871027300000037,4.614,0
2024-11-09 08:00:00,774.8,20.88480500000003,4.57,0
2024-11-09 08:30:00,774.57,20.878119300000094,4.529,0
2024-11-09 09:00:00,774.39,20.833739400000013,4.484,0
2024-11-09 09:30:00,774.34,20.80413340000007,4.439,0
2024-11-09 10:00:00,774.29,20.778606200000127,4.401,0
2024-11-09 10:30:00,774.22,20.76774880000005,4.348,0
2024-11-09 11:00:00,774.02,20.694191600000067,4.306,0
2024-11-09 11:30:00,773.74,20.590599700000098,4.261,0
2024-11-09 12:00:00,773.45,20.507598800000096,4.215,0
2024-11-09 12:30:00,773.44,20.360959000000207,4.176,0
2024-11-09 13:00:00,773.42,20.30424979999998,4.134,0
2024-11-09 13:30:00,773.39,20.274249800000007,4.097,0
2024-11-09 14:00:00,773.41,20.323821100000032,4.052,0
2024-11-09 14:30:00,773.46,20.35954530000015,4.008,0
2024-11-09 15:00:00,773.48,20.40911660000006,3.97,0
2024-11-09 15:30:00,773.57,20.408363300000133,3.934,0
2024-11-09 16:00:00,773.59,20.407969300000104,3.9,0
2024-11-09 16:30:00,773.51,20.362639100000024,3.884,0
2024-11-09 17:00:00,773.39,20.31503780000014,3.903,0
2024-11-09 17:30:00,773.23,20.244771400000104,3.939,0
2024-11-09 18:00:00,773.18,20.21822450000002,3.978,0
2024-11-09 18:30:00,773.05,20.21262790000003,4.029,0
2024-11-09 19:00:00,772.86,20.333636400000046,4.091,0
2024-11-09 19:30:00,772.75,20.346000400000094,4.166,0
2024-11-09 20:00:00,772.51,20.517959200000064,4.256,0
2024-11-09 20:30:00,772.43,20.56950049999989,4.361,0
2024-11-09 21:00:00,772.51,20.854460200000176,4.459,0
2024-11-09 21:30:00,772.69,21.1537651000001,4.564,0
2024-11-09 22:00:00,772.83,21.39369570000008,4.67,0
2024-11-09 22:30:00,773.17,21.617449899999997,4.764,0
2024-11-09 23:00:00,773.25,21.865700400000037,4.848,0
2024-11-09 23:30:00,773.41,21.889060600000107,4.917,0
2024-11-10 00:00:00,773.49,21.920115000000123,4.972,0
2024-11-10 00:30:00,773.54,21.954819499999985,5.017,0
2024-11-10 01:00:00,773.55,21.89649959999997,5.049,0
2024-11-10 01:30:00,773.7,21.807889800000112,5.063,0
2024-11-10 02:00:00,773.75,21.687599900000123,5.059,0
2024-11-10 02:30:00,773.79,21.589940399999932,5.035,0
2024-11-10 03:00:00,773.74,21.50832969999999,5.001,0
2024-11-10 03:30:00,773.81,21.396823100000006,4.955,0
2024-11-10 04:00:00,773.87,21.275316500000145,4.906,0
2024-11-10 04:30:00,773.92,21.245779900000002,4.855,0
2024-11-10 05:00:00,773.95,21.150356800000168,4.805,0
2024-11-10 05:30:00,773.99,21.108780799999977,4.756,0
2024-11-10 06:00:00,773.88,21.06302190000008,4.711,0
2024-11-10 06:30:00,773.75,21.02071609999996,4.665,0
2024-11-10 07:00:00,773.77,20.97137650000002,4.623,0
2024-11-10 07:30:00,773.72,20.96522360000006,4.581,0
2024-11-10 08:00:00,773.68,20.944597900000076,4.541,0
2024-11-10 08:30:00,773.62,20.890716099999963,4.5,0
2024-11-10 09:00:00,773.61,20.836869000000092,4.457,0
2024-11-10 09:30:00,773.51,20.827622300000144,4.413,0
2024-11-10 10:00:00,773.58,20.804829600000062,4.369,0
2024-11-10 10:30:00,773.54,20.77298719999999,4.326,0
2024-11-10 11:00:00,773.42,20.770252700000015,4.287,0
2024-11-10 11:30:00,773.32,20.696764900000062,4.245,0
2024-11-10 12:00:00,773.2,20.65324240000018,4.202,0
2024-11-10 12:30:00,773.1,20.538966600000094,4.162,0
2024-11-10 13:00:00,773.08,20.431272400000125,4.124,0
2024-11-10 13:30:00,773.02,20.336602599999992,4.088,0
2024-11-10 14:00:00,773.08,20.228352100000166,4.053,0
2024-11-10 14:30:00,773.16,20.247170100000062,4.017,0
2024-11-10 15:00:00,773.45,20.234319200000073,3.982,0
2024-11-10 15:30:00,773.87,20.241340700000137,3.952,0
2024-11-10 16:00:00,774.02,20.269996399999968,3.918,0
2024-11-10 16:30:00,774.13,20.277006700000015,3.902,0
2024-11-10 17:00:00,773.96,20.26200110000002,3.914,0
2024-11-10 17:30:00,773.9,20.222395100000085,3.946,0
2024-11-10 18:00:00,773.71,20.19248800000014,3.988,0
2024-11-10 18:30:00,773.62,20.131039600000122,4.037,0
2024-11-10 19:00:00,773.5,20.23741300000006,4.108,0
2024-11-10 19:30:00,773.42,20.264481499999988,4.191,0
2024-11-10 20:00:00,773.37,20.485721700000113,4.286,0
2024-11-10 20:30:00,773.38,20.54160820000004,4.401,0
2024-11-10 21:00:00,773.47,20.87429680000014,4.514,0
2024-11-10 21:30:00,773.76,21.04703130000007,4.629,0
2024-11-10 22:00:00,773.99,21.24236150000013,4.738,0
2024-11-10 22:30:00,774.21,21.479696400000194,4.837,0
2024-11-10 23:00:00,774.38,21.621144800000025,4.921,0
2024-11-10 23:30:00,774.55,21.739140099999986,4.994,0
2024-11-11 00:00:00,774.74,21.845524700000055,5.051,0
2024-11-11 00:30:00,774.86,21.80237270000009,5.091,0
2024-11-11 01:00:00,774.91,21.74836330000005,5.117,0
2024-11-11 01:30:00,775.28,21.635025499999983,5.125,0
2024-11-11 02:00:00,775.4,21.58371590000013,5.117,0
2024-11-11 02:30:00,775.43,21.41997290000006,5.089,0
2024-11-11 03:00:00,775.41,21.325534800000014,5.046,0
2024-11-11 03:30:00,775.32,21.2436924000001,4.993,0
2024-11-11 04:00:00,775.21,21.27950950000013,4.933,0
2024-11-11 04:30:00,774.98,21.167794700000172,4.873,0
2024-11-11 05:00:00,774.88,20.995396000000028,4.815,0
2024-11-11 05:30:00,774.99,21.06664740000008,4.762,0
2024-11-11 06:00:00,774.93,20.995430700000043,4.712,0
2024-11-11 06:30:00,774.84,20.909509500000127,4.664,0
2024-11-11 07:00:00,774.62,20.96278910000001,4.616,0
2024-11-11 07:30:00,774.46,20.839498300000173,4.57,0
2024-11-11 08:00:00,774.37,20.92182760000003,4.526,0
2024-11-11 08:30:00,774.16,20.870900800000072,4.478,0
2024-11-11 09:00:00,773.92,20.87053030000004,4.433,0
2024-11-11 09:30:00,773.77,20.852071600000045,4.386,0
2024-11-11 10:00:00,773.82,20.833751700000107,4.339,0
2024-11-11 10:30:00,773.47,20.747854000000075,4.295,0
2024-11-11 11:00:00,772.93,20.651423499999964,4.25,0
2024-11-11 11:30:00,772.53,20.427831600000104,4.204,0
2024-11-11 12:00:00,772.08,20.46218910000016,4.163,0
2024-11-11 12:30:00,771.76,20.491946200000143,4.118,0
2024-11-11 13:00:00,771.35,20.49390500000004,4.08,0
2024-11-11 13:30:00,771.13,20.55126340000004,4.042,0
2024-11-11 14:00:00,771.05,20.52530749999994,4.006,0
2024-11-11 14:30:00,770.96,20.31192380000016,3.968,0
2024-11-11 15:00:00,770.81,20.331193999999982,3.935,0
2024-11-11 15:30:00,770.62,20.275794399999995,3.902,0
2024-11-11 16:00:00,770.61,20.170962300000156,3.873,0
2024-11-11 16:30:00,770.4,20.33621190000008,3.861,0
2024-11-11 17:00:00,770.34,20.178320700000086,3.899,0
2024-11-11 17:30:00,770.23,20.340580600000067,3.957,0
2024-11-11 18:00:00,770.22,20.230650000000082,4.001,0
2024-11-11 18:30:00,769.98,20.421983100000034,4.027,0
2024-11-11 19:00:00,769.12,20.490929800000004,4.053,0
2024-11-11 19:30:00,768.55,20.357361399999945,4.086,0
2024-11-11 20:00:00,768.32,20.534221700000103,4.121,0
2024-11-11 20:30:00,768.06,21.01044509999997,4.15,0
2024-11-11 21:00:00,768.69,21.007211400000074,4.161,0
2024-11-11 21:30:00,768.46,21.41656330000012,4.16,0
2024-11-11 22:00:00,767.82,21.622914300000048,4.157,0
2024-11-11 22:30:00,768.22,21.864860800000088,4.151,0
2024-11-11 23:00:00,768.57,21.66626220000012,4.143,0
2024-11-11 23:30:00,769.53,21.89003880000007,4.131,0
2024-11-12 00:00:00,769.64,21.996979699999997,4.116,0
2024-11-12 00:30:00,769.88,22.065670100000148,4.092,0
2024-11-12 01:00:00,769.58,22.191904700000123,4.068,0
2024-11-12 01:30:00,769.38,22.0367715000001,4.045,0
2024-11-12 02:00:00,769.33,21.866446900000028,4.022,0
2024-11-12 02:30:00,769.43,21.69010819999994,3.996,0
2024-11-12 03:00:00,769.24,21.46951720000004,3.967,0
2024-11-12 03:30:00,769.42,21.179435499999954,3.938,0
2024-11-12 04:00:00,769.07,21.014001200000166,3.911,0
2024-11-12 04:30:00,769.18,20.62230880000004,3.88,0
2024-11-12 05:00:00,769.27,20.54915679999999,3.85,0
2024-11-12 05:30:00,769.33,20.36442880000004,3.819,0
2024-11-12 06:00:00,769.48,20.31660700000009,3.785,0
2024-11-12 06:30:00,769.47,20.32088280000005,3.748,0
2024-11-12 07:00:00,769.69,20.38282930000014,3.711,0
2024-11-12 07:30:00,769.82,20.53934150000009,3.678,0
2024-11-12 08:00:00,770.13,20.519978400000014,3.644,0
2024-11-12 08:30:00,770.4,20.577880800000003,3.61,0
2024-11-12 09:00:00,770.3,20.65122980000001,3.578,0
2024-11-12 09:30:00,770.4,20.663535600000046,3.547,0
2024-11-12 10:00:00,770.62,20.69081230000006,3.516,0
2024-11-12 10:30:00,770.78,20.7376256,3.486,0
2024-11-12 11:00:00,770.85,20.760719400000085,3.455,0
2024-11-12 11:30:00,771.11,20.7290852000001,3.43,0
2024-11-12 12:00:00,771.22,20.798297200000093,3.406,0
2024-11-12 12:30:00,771.58,20.783047600000145,3.38,0
2024-11-12 13:00:00,771.8,20.950023200000032,3.356,0
2024-11-12 13:30:00,772.15,21.022664799999916,3.333,0
2024-11-12 14:00:00,772.23,20.96602500000006,3.311,0
2024-11-12 14:30:00,772.11,21.031610399999977,3.29,0
2024-11-12 15:00:00,772.16,21.05305880000003,3.272,0
2024-11-12 15:30:00,772.73,21.056105600000137,3.25,0
2024-11-12 16:00:00,772.96,21.032200300000113,3.228,0
2024-11-12 16:30:00,772.86,20.946476100000154,3.213,0
2024-11-12 17:00:00,772.77,20.88094890000002,3.203,0
2024-11-12 17:30:00,772.78,20.88177159999998,3.197,0
2024-11-12 18:00:00,772.91,20.90674249999995,3.205,0
2024-11-12 18:30:00,772.98,20.957368200000133,3.224,0
2024-11-12 19:00:00,773.21,21.014019200000007,3.26,0
2024-11-12 19:30:00,773.23,21.12783160000015,3.309,0
2024-11-12 20:00:00,773.03,21.155224700000076,3.37,0
2024-11-12 20:30:00,773.1,21.322096200000146,3.436,0
2024-11-12 21:00:00,773.11,21.382061500000077,3.49,0
2024-11-12 21:30:00,773.25,21.380323200000134,3.537,0
2024-11-12 22:00:00,773.54,21.447008900000014,3.582,0
2024-11-12 22:30:00,773.73,21.526881300000127,3.628,0
2024-11-12 23:00:00,773.69,21.63065900000015,3.667,0
2024-11-12 23:30:00,773.94,21.70323120000012,3.704,0
2024-11-13 00:00:00,774.44,21.838178600000106,3.729,0
2024-11-13 00:30:00,774.6,21.948213300000134,3.742,0
2024-11-13 01:00:00,774.74,22.008676700000024,3.75,0
2024-11-13 01:30:00,774.96,22.018618500000116,3.75,0
2024-11-13 02:00:00,775.28,21.976625000000013,3.738,0
2024-11-13 02:30:00,775.31,21.99438859999998,3.723,0
2024-11-13 03:00:00,775.65,21.931607100000065,3.707,0
2024-11-13 03:30:00,775.85,21.87668210000004,3.688,0
2024-11-13 04:00:00,775.84,21.808559200000104,3.669,0
2024-11-13 04:30:00,776.17,21.75209289999998,3.646,0
2024-11-13 05:00:00,776.17,21.650122900000042,3.621,0
2024-11-13 05:30:00,776.15,21.653576000000044,3.593,0
2024-11-13 06:00:00,776.17,21.60933490000002,3.566,0
2024-11-13 06:30:00,775.98,21.54679740000006,3.541,0
2024-11-13 07:00:00,775.83,21.47429460000012,3.512,0
2024-11-13 07:30:00,775.76,21.39919610000004,3.483,0
2024-11-13 08:00:00,775.81,21.31867449999993,3.452,0
2024-11-13 08:30:00,775.53,21.24159480000003,3.426,0
2024-11-13 09:00:00,775.2,21.22362300000009,3.396,0
2024-11-13 09:30:00,774.94,21.12677500000018,3.368,0
2024-11-13 10:00:00,774.75,21.113183100000015,3.344,0
2024-11-13 10:30:00,774.57,21.088177500000143,3.32,0
2024-11-13 11:00:00,774.55,20.98966059999998,3.296,0
2024-11-13 11:30:00,774.39,20.97241859999997,3.271,0
2024-11-13 12:00:00,774.33,20.891004900000098,3.249,0
2024-11-13 12:30:00,774.36,20.837389500000086,3.228,0
2024-11-13 13:00:00,774.32,20.820842600000105,3.207,0
2024-11-13 13:30:00,774.22,20.77284730000008,3.187,0
2024-11-13 14:00:00,774.0,20.750669100000096,3.168,0
2024-11-13 14:30:00,773.99,20.609127800000124,3.145,0
2024-11-13 15:00:00,774.07,20.559625900000015,3.125,0
2024-11-13 15:30:00,774.23,20.507528300000104,3.104,0
2024-11-13 16:00:00,774.31,20.509011399999963,3.082,0
2024-11-13 16:30:00,774.25,20.409243100000026,3.069,0
2024-11-13 17:00:00,774.18,20.433055500000023,3.062,0
2024-11-13 17:30:00,774.02,20.346473900000092,3.07,0
2024-11-13 18:00:00,774.04,20.34607989999995,3.088,0
2024-11-13 18:30:00,774.28,20.544272200000023,3.115,0
2024-11-13 19:00:00,774.0,20.650738500000102,3.152,0
2024-11-13 19:30:00,773.98,20.71129480000002,3.2,0
2024-11-13 20:00:00,774.16,20.721004900000025,3.257,0
2024-11-13 20:30:00,774.18,20.96024040000009,3.317,0
2024-11-13 21:00:00,774.27,21.118560300000013,3.371,0
2024-11-13 21:30:00,774.46,21.246358600000008,3.42,0
2024-11-13 22:00:00,774.52,21.30024040000012,3.465,0
2024-11-13 22:30:00,774.62,21.30540830000018,3.496,0
2024-11-13 23:00:00,774.73,21.48576760000003,3.516,0
2024-11-13 23:30:00,774.75,21.560831400000097,3.528,0
2024-11-14 00:00:00,774.66,21.584018100000094,3.537,0
2024-11-14 00:30:00,774.53,21.539672900000028,3.541,0
2024-11-14 01:00:00,774.47,21.653021900000113,3.542,0
2024-11-14 01:30:00,774.37,21.576475000000073,3.54,0
2024-11-14 02:00:00,774.45,21.538189800000055,3.535,0
2024-11-14 02:30:00,774.38,21.504899000000023,3.526,0
2024-11-14 03:00:00,774.31,21.490982499999973,3.519,0
2024-11-14 03:30:00,773.99,21.472813700000074,3.509,0
2024-11-14 04:00:00,774.07,21.411075400000072,3.498,0
2024-11-14 04:30:00,773.92,21.406892500000026,3.486,0
2024-11-14 05:00:00,773.96,21.344922500000052,3.473,0
2024-11-14 05:30:00,773.98,21.325154200000043,3.458,0
2024-11-14 06:00:00,773.88,21.25574519999998,3.442,0
2024-11-14 06:30:00,773.63,21.28718240000012,3.424,0
2024-11-14 07:00:00,773.59,21.306325000000015,3.41,0
2024-11-14 07:30:00,773.42,21.32700890000001,3.395,0
2024-11-14 08:00:00,773.17,21.32581570000002,3.378,0
2024-11-14 08:30:00,773.08,21.3194311000002,3.359,0
2024-11-14 09:00:00,772.97,21.341992100000084,3.339,0
2024-11-14 09:30:00,772.73,21.31714880000004,3.32,0
2024-11-14 10:00:00,772.68,21.295700399999987,3.299,0
2024-11-14 10:30:00,772.48,21.357763299999988,3.275,0
2024-11-14 11:00:00,772.22,21.31597910000005,3.255,0
2024-11-14 11:30:00,771.88,21.274751200000082,3.23,0
2024-11-14 12:00:00,771.77,21.25958330000003,3.207,0
2024-11-14 12:30:00,771.62,21.12793790000012,3.183,0
2024-11-14 13:00:00,771.55,21.083430399999997,3.158,0
2024-11-14 13:30:00,771.23,21.039769100000058,3.133,0
2024-11-14 14:00:00,771.14,20.869212800000014,3.107,0
2024-11-14 14:30:00,771.08,20.852040200000033,3.084,0
2024-11-14 15:00:00,771.07,20.72375500000021,3.065,0
2024-11-14 15:30:00,771.03,20.655203400000005,3.046,0
2024-11-14 16:00:00,770.9,20.62615370000003,3.028,0
2024-11-14 16:30:00,770.75,20.595458600000143,3.015,0
2024-11-14 17:00:00,770.59,20.709757900000113,3.003,0
2024-11-14 17:30:00,770.31,20.693860200000017,2.996,0
2024-11-14 18:00:00,770.15,20.793883700000038,2.998,0
2024-11-14 18:30:00,769.84,20.945807800000125,3.008,0
2024-11-14 19:00:00,769.52,21.091810699999996,3.027,0
2024-11-14 19:30:00,769.18,21.13521789999993,3.057,0
2024-11-14 20:00:00,768.9,21.313063199999988,3.099,0
2024-11-14 20:30:00,768.68,21.31535780000013,3.153,0
2024-11-14 21:00:00,768.53,21.518174000000045,3.215,0
2024-11-14 21:30:00,768.39,21.753423600000133,3.273,0
2024-11-14 22:00:00,768.23,21.734142200000065,3.333,0
2024-11-14 22:30:00,767.95,21.938499700000193,3.383,0
2024-11-14 23:00:00,767.87,21.97474550000004,3.423,0
2024-11-14 23:30:00,767.68,22.014178000000015,3.448,0
2024-11-15 00:00:00,767.62,22.185649900000044,3.468,0
2024-11-15 00:30:00,767.55,22.243112399999973,3.475,0
2024-11-15 01:00:00,767.36,22.23563869999998,3.47,0
2024-11-15 01:30:00,767.08,22.19628790000013,3.458,0
2024-11-15 02:00:00,766.83,22.157365800000093,3.439,0
2024-11-15 02:30:00,766.52,22.11452720000011,3.416,0
2024-11-15 03:00:00,766.37,22.049162300000035,3.393,0
2024-11-15 03:30:00,766.29,22.035442800000055,3.367,0
2024-11-15 04:00:00,766.19,21.898733600000014,3.34,0
2024-11-15 04:30:00,765.91,22.007239299999924,3.313,0
2024-11-15 05:00:00,765.59,21.961538600000154,3.288,0
2024-11-15 05:30:00,765.36,21.985443900000064,3.261,0
2024-11-15 06:00:00,765.17,21.884157800000025,3.238,0
2024-11-15 06:30:00,764.75,21.857762000000093,3.213,0
2024-11-15 07:00:00,764.42,21.79186429999993,3.189,0
2024-11-15 07:30:00,764.09,21.772872800000073,3.163,0
2024-11-15 08:00:00,763.65,21.800915099999997,3.144,0
2024-11-15 08:30:00,763.3,21.80373129999998,3.123,0
2024-11-15 09:00:00,763.03,21.74684860000002,3.104,0
2024-11-15 09:30:00,762.83,21.660035300000004,3.088,0
2024-11-15 10:00:00,762.82,21.6530944000001,3.075,0
2024-11-15 10:30:00,762.7,21.616709800000194,3.061,0
2024-11-15 11:00:00,762.61,21.72555130000012,3.046,0
2024-11-15 11:30:00,762.5,21.748112300000116,3.032,0
2024-11-15 12:00:00,762.54,21.777915300000018,3.018,0
2024-11-15 12:30:00,762.3,21.74083559999997,3.002,0
2024-11-15 13:00:00,762.35,21.665412500000002,2.987,0
2024-11-15 13:30:00,762.28,21.67902790000005,2.975,0
2024-11-15 14:00:00,762.24,21.666559800000073,2.963,0
2024-11-15 14:30:00,762.24,21.573767100000055,2.948,0
2024-11-15 15:00:00,762.51,21.47769480000011,2.93,0
2024-11-15 15:30:00,762.66,21.435991200000103,2.916,0
2024-11-15 16:00:00,762.86,21.3698495000001,2.9,0
2024-11-15 16:30:00,762.93,21.417416100000082,2.888,0
2024-11-15 17:00:00,763.0,21.339559600000143,2.876,0
2024-11-15 17:30:00,763.08,21.318609300000162,2.871,0
2024-11-15 18:00:00,763.19,21.342954500000133,2.866,0
2024-11-15 18:30:00,763.24,21.403151500000035,2.868,0
2024-11-15 19:00:00,763.25,21.410092400000053,2.873,0
2024-11-15 19:30:00,763.25,21.533476100000144,2.882,0
2024-11-15 20:00:00,763.2,21.677219100000116,2.889,0
2024-11-15 20:30:00,763.25,21.653800700000033,2.896,0
2024-11-15 21:00:00,763.41,21.742421700000023,2.903,0
2024-11-15 21:30:00,763.51,21.741471400000137,2.906,0
2024-11-15 22:00:00,763.59,21.75825000000009,2.91,0
2024-11-15 22:30:00,763.56,21.800648699999897,2.914,0
2024-11-15 23:00:00,763.62,21.800486400000068,2.915,0
2024-11-15 23:30:00,763.72,21.832166500000085,2.916,0
2024-11-16 00:00:00,763.84,21.76862050000011,2.916,0
2024-11-16 00:30:00,763.86,21.83042820000003,2.911,0
2024-11-16 01:00:00,764.1,21.731887800000095,2.901,0
2024-11-16 01:30:00,764.27,21.684691700000144,2.889,0
2024-11-16 02:00:00,764.26,21.651238600000056,2.874,0
2024-11-16 02:30:00,764.29,21.61903689999997,2.857,0
2024-11-16 03:00:00,764.42,21.571609100000046,2.838,0
2024-11-16 03:30:00,764.55,21.5598708,2.818,0
2024-11-16 04:00:00,764.58,21.421620300000086,2.797,0
2024-11-16 04:30:00,764.67,21.362744099999986,2.775,0
2024-11-16 05:00:00,764.8,21.274528300000043,2.753,0
2024-11-16 05:30:00,764.95,21.270553600000085,2.736,0
2024-11-16 06:00:00,764.86,21.224400700000047,2.717,0
2024-11-16 06:30:00,764.92,21.16815489999999,2.7,0
2024-11-16 07:00:00,764.91,21.194864100000018,2.68,0
2024-11-16 07:30:00,764.86,21.12141100000008,2.66,0
2024-11-16 08:00:00,764.94,21.13920930000006,2.646,0
2024-11-16 08:30:00,765.0,21.097239299999956,2.629,0
2024-11-16 09:00:00,765.11,21.145037600000137,2.613,0
2024-11-16 09:30:00,765.03,21.054840600000034,2.599,0
2024-11-16 10:00:00,765.22,20.986856500000044,2.585,0
2024-11-16 10:30:00,765.26,21.021757999999977,2.571,0
2024-11-16 11:00:00,765.22,21.03376270000001,2.559,0
2024-11-16 11:30:00,765.14,20.963959700000032,2.545,0
2024-11-16 12:00:00,765.09,20.948629500000038,2.535,0
2024-11-16 12:30:00,765.26,20.901433400000087,2.524,0
2024-11-16 13:00:00,765.46,20.926045000000045,2.512,0
2024-11-16 13:30:00,765.55,20.97117819999994,2.499,0
2024-11-16 14:00:00,765.65,20.78260309999996,2.488,0
2024-11-16 14:30:00,765.69,20.765499900000236,2.477,0
2024-11-16 15:00:00,765.86,20.593900400000052,2.464,0
2024-11-16 15:30:00,766.14,20.691374100000075,2.452,0
2024-11-16 16:00:00,766.32,20.637862800000107,2.444,0
2024-11-16 16:30:00,766.29,20.531385300000125,2.431,0
2024-11-16 17:00:00,766.48,20.544977200000062,2.426,0
2024-11-16 17:30:00,766.56,20.5087314000001,2.43,0
2024-11-16 18:00:00,766.64,20.525510000000054,2.44,0
2024-11-16 18:30:00,766.75,20.56311130000006,2.458,0
2024-11-16 19:00:00,766.89,20.611338300000057,2.483,0
2024-11-16 19:30:00,766.74,20.748893700000053,2.512,0
2024-11-16 20:00:00,766.85,20.840539100000115,2.545,0
2024-11-16 20:30:00,766.77,20.954282100000114,2.577,0
2024-11-16 21:00:00,766.96,20.95767699999999,2.6,0
2024-11-16 21:30:00,767.0,20.982381500000088,2.617,0
2024-11-16 22:00:00,767.1,21.064026900000044,2.637,0
2024-11-16 22:30:00,767.18,21.125672299999906,2.648,0
2024-11-16 23:00:00,767.34,21.1735053000001,2.656,0
2024-11-16 23:30:00,767.43,21.15133830000002,2.661,0
2024-11-17 00:00:00,767.67,21.129275400000097,2.66,0
2024-11-17 00:30:00,767.89,21.15247330000011,2.653,0
2024-11-17 01:00:00,768.06,21.197050200000035,2.643,0
2024-11-17 01:30:00,768.16,21.19915900000001,2.628,0
2024-11-17 02:00:00,768.34,21.24965710000015,2.612,0
2024-11-17 02:30:00,768.47,21.152264000000173,2.597,0
2024-11-17 03:00:00,768.62,21.105461900000137,2.581,0
2024-11-17 03:30:00,768.78,21.112506900000085,2.565,0
2024-11-17 04:00:00,768.94,21.035936500000048,2.548,0
2024-11-17 04:30:00,769.02,20.958902700000067,2.533,0
2024-11-17 05:00:00,769.17,20.870292900000095,2.518,0
2024-11-17 05:30:00,769.26,20.831810700000005,2.5,0
2024-11-17 06:00:00,769.28,20.874244100000055,2.488,0
2024-11-17 06:30:00,769.42,20.82254050000006,2.471,0
2024-11-17 07:00:00,769.58,20.76942320000012,2.457,0
2024-11-17 07:30:00,769.66,20.73317739999993,2.444,0
2024-11-17 08:00:00,769.67,20.754394100000013,2.429,0
2024-11-17 08:30:00,769.48,20.54094100000009,2.416,0
2024-11-17 09:00:00,769.35,20.54044290000013,2.402,0
2024-11-17 09:30:00,769.09,20.469087400000035,2.387,0
2024-11-17 10:00:00,769.19,20.437546100000077,2.378,0
2024-11-17 10:30:00,769.41,20.372030100000075,2.363,0
2024-11-17 11:00:00,769.41,20.337360300000114,2.349,0
2024-11-17 11:30:00,769.29,20.346862200000032,2.34,0
2024-11-17 12:00:00,769.48,20.3125282000002,2.331,0
2024-11-17 12:30:00,769.69,20.23905160000004,2.321,0
2024-11-17 13:00:00,769.74,20.248263600000087,2.308,0
2024-11-17 13:30:00,769.7,20.267406200000096,2.294,0
2024-11-17 14:00:00,769.47,20.212794600000052,2.285,0
2024-11-17 14:30:00,769.59,20.095204500000136,2.277,0
2024-11-17 15:00:00,769.86,20.07866880000006,2.267,0
2024-11-17 15:30:00,769.98,19.96617720000006,2.259,0
2024-11-17 16:00:00,769.95,20.000418300000206,2.252,0
2024-11-17 16:30:00,769.94,20.04140330000007,2.243,0
2024-11-17 17:00:00,770.09,20.031310400000166,2.242,0
2024-11-17 17:30:00,770.01,20.042063700000085,2.254,0
2024-11-17 18:00:00,770.2,20.090325400000097,2.273,0
2024-11-17 18:30:00,770.15,20.162689399999977,2.293,0
2024-11-17 19:00:00,769.95,20.28287520000015,2.311,0
2024-11-17 19:30:00,769.94,20.39727860000005,2.332,0
2024-11-17 20:00:00,769.81,20.499770199999944,2.356,0
2024-11-17 20:30:00,769.71,20.582296499999984,2.378,0
2024-11-17 21:00:00,769.82,20.61683870000013,2.4,0
2024-11-17 21:30:00,769.88,20.74719800000014,2.415,0
2024-11-17 22:00:00,769.82,20.89215770000021,2.434,0
2024-11-17 22:30:00,769.71,21.03300390000004,2.453,0
2024-11-17 23:00:00,769.78,21.036723400000028,2.466,0
2024-11-17 23:30:00,770.17,21.106537600000024,2.478,0
2024-11-18 00:00:00,770.15,21.297615500000006,2.486,0
2024-11-18 00:30:00,770.04,21.25287629999991,2.485,0
2024-11-18 01:00:00,770.14,21.334521700000096,2.482,0
2024-11-18 01:30:00,770.15,21.297615500000006,2.471,0
2024-11-18 02:00:00,770.34,21.362192400000026,2.46,0
2024-11-18 02:30:00,770.55,21.32644469999991,2.445,0
2024-11-18 03:00:00,770.58,21.381937200000152,2.433,0
2024-11-18 03:30:00,770.66,21.335494399999902,2.423,0
2024-11-18 04:00:00,770.76,21.342701700000134,2.411,0
2024-11-18 04:30:00,770.81,21.30296809999993,2.401,0
2024-11-18 05:00:00,771.09,21.304590000000076,2.391,0
2024-11-18 05:30:00,770.83,21.380071300000054,2.379,0
2024-11-18 06:00:00,770.39,21.31430119999993,2.371,0
2024-11-18 06:30:00,770.29,21.272424099999967,2.357,0
2024-11-18 07:00:00,770.49,21.28581900000006,2.35,0
2024-11-18 07:30:00,770.22,21.303374400000052,2.339,0
2024-11-18 08:00:00,769.7,21.388056500000175,2.328,0
2024-11-18 08:30:00,769.6,21.269701900000086,2.318,0
2024-11-18 09:00:00,769.45,21.2716372000001,2.308,0
2024-11-18 09:30:00,769.08,21.239157900000123,2.299,0
2024-11-18 10:00:00,769.08,21.18919260000007,2.294,0
2024-11-18 10:30:00,768.97,21.14955190000012,2.287,0
2024-11-18 11:00:00,768.8,21.167176700000027,2.281,0
2024-11-18 11:30:00,768.43,21.178544500000044,2.273,0
2024-11-18 12:00:00,768.34,21.1517659000001,2.266,0
2024-11-18 12:30:00,768.09,21.061858799999982,2.259,0
2024-11-18 13:00:00,768.08,21.123237800000084,2.252,0
2024-11-18 13:30:00,767.73,21.196413300000017,2.243,0
2024-11-18 14:00:00,767.49,21.13384110000004,2.236,0
2024-11-18 14:30:00,767.53,21.070851400000038,2.23,0
2024-11-18 15:00:00,767.59,21.013585900000066,2.224,0
2024-11-18 15:30:00,767.81,20.910341000000017,2.216,0
2024-11-18 16:00:00,767.94,20.943469500000106,2.207,0
2024-11-18 16:30:00,767.89,20.81087380000008,2.202,0
2024-11-18 17:00:00,768.06,20.853411299999948,2.2,0
2024-11-18 17:30:00,768.11,20.837130799999954,2.216,0
2024-11-18 18:00:00,768.09,20.945613000000094,2.244,0
2024-11-18 18:30:00,768.04,20.977188999999953,2.272,0
2024-11-18 19:00:00,767.83,21.11898550000012,2.307,0
2024-11-18 19:30:00,767.6,21.103122500000154,2.35,0
2024-11-18 20:00:00,767.65,21.16229980000014,2.4,0
2024-11-18 20:30:00,767.72,21.267989300000067,2.449,0
2024-11-18 21:00:00,767.71,21.350782000000095,2.493,0
2024-11-18 21:30:00,767.72,21.385254800000098,2.527,0
2024-11-18 22:00:00,768.0,21.426645000000008,2.559,0
2024-11-18 22:30:00,768.05,21.677525899999978,2.584,0
2024-11-18 23:00:00,768.17,21.618058700000006,2.597,0
2024-11-18 23:30:00,768.21,21.715161900000112,2.607,0
2024-11-19 00:00:00,768.22,21.606876700000043,2.61,0
2024-11-19 00:30:00,768.54,21.56998169999997,2.604,0
2024-11-19 01:00:00,768.6,21.548405700000103,2.592,0
2024-11-19 01:30:00,768.56,21.493110199999933,2.577,0
2024-11-19 02:00:00,768.77,21.40535780000016,2.56,0
2024-11-19 02:30:00,768.81,21.360722699999997,2.541,0
2024-11-19 03:00:00,768.85,21.308949700000085,2.52,0
2024-11-19 03:30:00,769.0,21.20606410000005,2.501,0
2024-11-19 04:00:00,768.95,21.201950600000032,2.48,0
2024-11-19 04:30:00,768.84,21.139876500000014,2.456,0
2024-11-19 05:00:00,768.86,21.06708380000009,2.439,0
2024-11-19 05:30:00,768.94,20.97475450000013,2.42,0
2024-11-19 06:00:00,768.81,20.885542500000042,2.397,0
2024-11-19 06:30:00,768.83,20.77706030000013,2.378,0
2024-11-19 07:00:00,768.94,20.64845050000008,2.361,0
2024-11-19 07:30:00,768.91,20.55522910000002,2.344,0
2024-11-19 08:00:00,768.82,20.449933600000122,2.326,0
2024-11-19 08:30:00,768.56,20.43262219999997,2.309,0
2024-11-19 09:00:00,768.42,20.33035110000003,2.292,0
2024-11-19 09:30:00,768.61,20.234835100000055,2.277,0
2024-11-19 10:00:00,768.68,20.17839230000004,2.267,0
2024-11-19 10:30:00,768.88,20.127546100000018,2.251,0
2024-11-19 11:00:00,768.95,20.037453200000073,2.236,0
2024-11-19 11:30:00,768.82,20.058368800000153,2.221,0
2024-11-19 12:00:00,768.64,20.02418590000002,2.206,0
2024-11-19 12:30:00,768.55,19.97395419999998,2.19,0
2024-11-19 13:00:00,768.53,20.03553020000004,2.175,0
2024-11-19 13:30:00,768.55,19.96885569999995,2.158,0
2024-11-19 14:00:00,768.53,19.95905270000003,2.145,0
2024-11-19 14:30:00,768.7,19.947546100000068,2.131,0
2024-11-19 15:00:00,768.88,19.912389400000052,2.117,0
2024-11-19 15:30:00,769.15,19.868321800000103,2.103,0
2024-11-19 16:00:00,769.23,19.834115400000087,2.091,0
2024-11-19 16:30:00,769.52,19.80596900000012,2.082,0
2024-11-19 17:00:00,769.51,19.851032799999984,2.077,0
2024-11-19 17:30:00,769.5,19.849190399999998,2.071,0
2024-11-19 18:00:00,769.68,19.90784610000003,2.07,0
2024-11-19 18:30:00,769.32,19.913918400000057,2.075,0
2024-11-19 19:00:00,769.45,20.114277700000116,2.095,0
2024-11-19 19:30:00,769.24,20.180616400000076,2.123,0
2024-11-19 20:00:00,769.36,20.31489220000003,2.156,0
2024-11-19 20:30:00,769.54,20.427592000000004,2.184,0
2024-11-19 21:00:00,769.64,20.62140439999996,2.201,0
2024-11-19 21:30:00,769.59,20.758009500000185,2.214,0
2024-11-19 22:00:00,769.58,20.842841600000156,2.216,0
2024-11-19 22:30:00,769.52,20.70840350000003,2.215,0
2024-11-19 23:00:00,769.85,20.842621100000088,2.209,0
2024-11-19 23:30:00,770.13,20.914602299999956,2.203,0
2024-11-20 00:00:00,770.33,20.890268300000116,2.2,0
2024-11-20 00:30:00,770.65,20.9920525,2.192,0
2024-11-20 01:00:00,770.62,21.023234500000058,2.185,0
2024-11-20 01:30:00,770.84,21.094358300000067,2.176,0
2024-11-20 02:00:00,771.01,21.081832000000077,2.165,0
2024-11-20 02:30:00,771.23,21.061182800000097,2.156,0
2024-11-20 03:00:00,771.31,21.00148390000004,2.148,0
2024-11-20 03:30:00,771.16,20.979966099999956,2.141,0
2024-11-20 04:00:00,771.18,20.908193100000062,2.135,0
2024-11-20 04:30:00,771.58,20.88807670000017,2.13,0
2024-11-20 05:00:00,771.99,20.81269950000012,2.125,0
2024-11-20 05:30:00,772.16,20.761424600000055,2.124,0
2024-11-20 06:00:00,771.89,20.818748300000152,2.119,0
2024-11-20 06:30:00,771.9,20.78796030000001,2.117,0
2024-11-20 07:00:00,772.16,20.775700400000005,2.115,0
2024-11-20 07:30:00,772.15,20.783035299999938,2.111,0
2024-11-20 08:00:00,772.21,20.753301700000065,2.108,0
2024-11-20 08:30:00,772.12,20.7377398000001,2.104,0
2024-11-20 09:00:00,772.32,20.622652500000072,2.103,0
2024-11-20 09:30:00,772.34,20.63959340000008,2.097,0
2024-11-20 10:00:00,772.14,20.665966800000092,2.093,0
2024-11-20 10:30:00,772.05,20.72688239999991,2.093,0
2024-11-20 11:00:00,772.12,20.607218200000148,2.087,0
2024-11-20 11:30:00,772.27,20.571632799999975,2.086,0
2024-11-20 12:00:00,772.23,20.494923600000106,2.08,0
2024-11-20 12:30:00,772.21,20.534066200000098,2.078,0
2024-11-20 13:00:00,772.36,20.39855020000016,2.075,0
2024-11-20 13:30:00,772.36,20.52499300000011,2.072,0
2024-11-20 14:00:00,772.37,20.423845700000015,2.066,0
2024-11-20 14:30:00,772.33,20.395062400000143,2.062,0
2024-11-20 15:00:00,772.31,20.387298800000053,2.059,0
2024-11-20 15:30:00,772.39,20.219511699999998,2.054,0
2024-11-20 16:00:00,772.71,20.257054800000105,2.053,0
2024-11-20 16:30:00,772.72,20.177321200000165,2.052,0
2024-11-20 17:00:00,773.01,20.208317400000055,2.051,0
2024-11-20 17:30:00,773.28,20.331480600000077,2.071,0
2024-11-20 18:00:00,773.54,20.32431919999999,2.095,0
2024-11-20 18:30:00,773.87,20.464654999999993,2.122,0
2024-11-20 19:00:00,773.62,20.519545300000118,2.146,0
2024-11-20 19:30:00,773.76,20.455605300000002,2.163,0
2024-11-20 20:00:00,773.63,20.658027500000003,2.177,0
2024-11-20 20:30:00,773.67,20.53997400000003,2.192,0
2024-11-20 21:00:00,773.98,20.664388600000052,2.203,0
2024-11-20 21:30:00,773.9,20.63333420000015,2.212,0
2024-11-20 22:00:00,773.89,20.642708500000026,2.219,0
2024-11-20 22:30:00,773.9,20.768954300000132,2.225,0
2024-11-20 23:00:00,773.86,20.6504374000001,2.233,0
2024-11-20 23:30:00,774.06,20.634261000000038,2.236,0
2024-11-21 00:00:00,774.04,20.695836999999983,2.236,0
2024-11-21 00:30:00,774.02,20.609556500000167,2.238,0
2024-11-21 01:00:00,774.12,20.58719250000013,2.234,0
2024-11-21 01:30:00,774.22,20.562789100000032,2.234,0
2024-11-21 02:00:00,774.23,20.55035570000007,2.227,0
2024-11-21 02:30:00,774.17,20.517887599999995,2.216,0
2024-11-21 03:00:00,774.29,20.466578000000027,2.209,0
2024-11-21 03:30:00,774.17,20.462823800000137,2.2,0
2024-11-21 04:00:00,774.25,20.427597700000092,2.191,0
2024-11-21 04:30:00,774.48,20.398593900000037,2.181,0
2024-11-21 05:00:00,774.72,20.467284300000074,2.177,0
2024-11-21 05:30:00,774.66,20.398107000000095,2.169,0
2024-11-21 06:00:00,774.9,20.22104969999998,2.165,0
2024-11-21 06:30:00,775.0,20.2884193000001,2.159,0
2024-11-21 07:00:00,775.13,20.221617200000082,2.156,0
2024-11-21 07:30:00,775.07,20.330887400000165,2.154,0
2024-11-21 08:00:00,775.01,20.453413700000056,2.151,0
2024-11-21 08:30:00,775.05,20.307828300000097,2.149,0
2024-11-21 09:00:00,774.76,20.34821110000007,2.145,0
2024-11-21 09:30:00,774.74,20.412846200000104,2.138,0
2024-11-21 10:00:00,774.66,20.364456899999936,2.136,0
2024-11-21 10:30:00,774.62,20.321397800000113,2.128,0
2024-11-21 11:00:00,774.59,20.233274900000083,2.123,0
2024-11-21 11:30:00,774.65,20.20965949999993,2.119,0
2024-11-21 12:00:00,774.76,20.197295499999996,2.114,0
2024-11-21 12:30:00,774.83,20.178581600000143,2.11,0
2024-11-21 13:00:00,774.81,20.204468099999985,2.104,0
2024-11-21 13:30:00,774.87,20.127828300000147,2.099,0
2024-11-21 14:00:00,775.07,20.154479300000048,2.094,0
2024-11-21 14:30:00,775.11,20.009913600000118,2.085,0
2024-11-21 15:00:00,775.16,19.996692199999984,2.08,0
2024-11-21 15:30:00,775.15,20.077445499999953,2.074,0
2024-11-21 16:00:00,775.24,19.990017700000067,2.071,0
2024-11-21 16:30:00,775.3,19.91541730000006,2.067,0
2024-11-21 17:00:00,775.38,19.93729440000004,2.084,0
2024-11-21 17:30:00,775.7,19.982995100000153,2.137,0
2024-11-21 18:00:00,775.81,20.001222100000064,2.213,0
2024-11-21 18:30:00,775.78,19.992635800000016,2.293,0
2024-11-21 19:00:00,775.71,20.170422900000062,2.375,0
2024-11-21 19:30:00,775.55,20.288801000000035,2.46,0
2024-11-21 20:00:00,775.34,20.33984420000013,2.544,0
2024-11-21 20:30:00,775.14,20.437596600000006,2.628,0
2024-11-21 21:00:00,775.1,20.60969420000015,2.697,0
2024-11-21 21:30:00,775.22,20.854097600000046,2.753,0
2024-11-21 22:00:00,775.27,20.893900600000052,2.798,0
2024-11-21 22:30:00,775.31,20.90025049999997,2.828,0
2024-11-21 23:00:00,775.17,20.871397800000068,2.85,0
2024-11-21 23:30:00,775.13,20.928269300000125,2.862,0
2024-11-22 00:00:00,775.34,21.038338700000168,2.869,0
2024-11-22 00:30:00,775.8,21.47182650000002,2.867,0
2024-11-22 01:00:00,775.88,21.406009400000016,2.857,0
2024-11-22 01:30:00,776.02,21.24723730000005,2.842,0
2024-11-22 02:00:00,775.9,21.13641460000008,2.822,0
2024-11-22 02:30:00,775.55,21.15962479999996,2.799,0
2024-11-22 03:00:00,775.73,20.76655340000002,2.776,0
2024-11-22 03:30:00,775.54,21.011965300000043,2.75,0
2024-11-22 04:00:00,775.47,20.772695100000078,2.722,0
2024-11-22 04:30:00,775.55,20.82108440000013,2.691,0
2024-11-22 05:00:00,775.61,20.79339020000009,2.662,0
2024-11-22 05:30:00,775.4,20.693517799999995,2.636,0
2024-11-22 06:00:00,775.36,20.680029999999988,2.608,0
2024-11-22 06:30:00,775.37,20.64516320000007,2.584,0
2024-11-22 07:00:00,775.31,20.660620999999992,2.558,0
2024-11-22 07:30:00,775.18,20.479636000000028,2.532,0
2024-11-22 08:00:00,775.2,20.43437520000009,2.509,0
2024-11-22 08:30:00,775.09,20.39371480000011,2.484,0
2024-11-22 09:00:00,774.75,20.21380769999996,2.463,0
2024-11-22 09:30:00,774.36,20.135835900000075,2.441,0
2024-11-22 10:00:00,774.24,20.029092000000105,2.418,0
2024-11-22 10:30:00,774.25,19.973831200000063,2.4,0
2024-11-22 11:00:00,774.09,19.969845300000088,2.381,0
2024-11-22 11:30:00,774.03,19.93941659999996,2.363,0
2024-11-22 12:00:00,773.97,20.03543070000012,2.348,0
2024-11-22 12:30:00,773.85,20.04289319999998,2.334,0
2024-11-22 13:00:00,773.88,20.09124780000002,2.32,0
2024-11-22 13:30:00,773.88,20.087169000000017,2.307,0
2024-11-22 14:00:00,773.9,20.23769059999995,2.299,0
2024-11-22 14:30:00,774.16,20.290691500000094,2.288,0
2024-11-22 15:00:00,774.2,20.251154900000074,2.281,0
2024-11-22 15:30:00,774.4,20.221722399999976,2.273,0
2024-11-22 16:00:00,774.41,20.357145500000115,2.268,0
2024-11-22 16:30:00,774.39,20.42076090000012,2.265,0
2024-11-22 17:00:00,774.26,20.460031100000037,2.28,0
2024-11-22 17:30:00,773.96,20.63725069999998,2.308,0
2024-11-22 18:00:00,773.74,20.666057499999965,2.335,0
2024-11-22 18:30:00,773.56,20.789928099999997,2.368,0
2024-11-22 19:00:00,772.97,21.046279100000106,2.405,0
2024-11-22 19:30:00,772.62,21.194912400000135,2.453,0
2024-11-22 20:00:00,772.53,20.975410499999953,2.505,0
2024-11-22 20:30:00,772.37,21.166187300000047,2.557,0
2024-11-22 21:00:00,771.81,21.207810300000006,2.605,0
2024-11-22 21:30:00,772.01,21.110057900000015,2.652,0
2024-11-22 22:00:00,772.28,21.169999700000062,2.689,0
2024-11-22 22:30:00,771.92,21.274982900000055,2.719,0
2024-11-22 23:00:00,771.7,21.18142570000009,2.742,0
2024-11-22 23:30:00,771.94,20.96052130000021,2.759,0
2024-11-23 00:00:00,771.7,21.225272800000084,2.771,0
2024-11-23 00:30:00,771.55,21.134415399999966,2.778,0
2024-11-23 01:00:00,771.19,21.19453180000005,2.78,0
2024-11-23 01:30:00,770.99,21.151565600000026,2.775,0
2024-11-23 02:00:00,770.73,20.936432400000058,2.769,0
2024-11-23 02:30:00,771.12,20.915493300000094,2.762,0
2024-11-23 03:00:00,770.98,21.044694100000015,2.753,0
2024-11-23 03:30:00,770.6,21.09704690000001,2.744,0
2024-11-23 04:00:00,770.8,21.127776700000027,2.731,0
2024-11-23 04:30:00,771.31,20.93928219999998,2.722,0
2024-11-23 05:00:00,771.18,21.098877000000016,2.71,0
2024-11-23 05:30:00,770.73,21.021067500000186,2.697,0
2024-11-23 06:00:00,770.26,21.343374400000016,2.685,0
2024-11-23 06:30:00,769.69,21.13944670000012,2.668,0
2024-11-23 07:00:00,769.52,21.171347300000093,2.648,0
2024-11-23 07:30:00,768.73,21.190989100000024,2.635,0
2024-11-23 08:00:00,768.21,21.248139300000048,2.615,0
2024-11-23 08:30:00,767.62,21.28219569999999,2.597,0
2024-11-23 09:00:00,767.19,21.142810200000213,2.583,0
2024-11-23 09:30:00,766.66,21.030887200000052,2.57,0
2024-11-23 10:00:00,765.7,20.68474660000004,2.559,0
2024-11-23 10:30:00,765.61,20.506032700000105,2.55,0
2024-11-23 11:00:00,765.19,20.30322880000017,2.542,0
2024-11-23 11:30:00,764.43,20.00311350000004,2.541,0
2024-11-23 12:00:00,764.24,19.947713900000167,2.534,0
2024-11-23 12:30:00,764.36,19.747528100000068,2.533,0
2024-11-23 13:00:00,764.28,19.512533700000063,2.532,0
2024-11-23 13:30:00,764.37,19.596415500000035,2.531,0
2024-11-23 14:00:00,764.21,19.269184700000096,2.532,0
2024-11-23 14:30:00,764.52,19.515963300000067,2.533,0
2024-11-23 15:00:00,765.19,19.494606700000077,2.53,0
2024-11-23 15:30:00,765.73,19.7603074000001,2.527,0
2024-11-23 16:00:00,765.79,19.905962199999976,2.526,0
2024-11-23 16:30:00,765.78,20.07237029999999,2.52,0
2024-11-23 17:00:00,765.91,20.001489400000082,2.517,0
2024-11-23 17:30:00,766.34,20.196958400000085,2.515,0
2024-11-23 18:00:00,766.26,20.31274080000003,2.511,0
2024-11-23 18:30:00,766.28,20.23688900000002,2.505,0
2024-11-23 19:00:00,766.38,20.345046600000046,2.504,0
2024-11-23 19:30:00,766.19,20.392636700000025,2.502,0
2024-11-23 20:00:00,765.74,20.86954400000002,2.498,0
2024-11-23 20:30:00,765.66,20.59070250000002,2.498,0
2024-11-23 21:00:00,765.59,20.77868660000013,2.495,0
2024-11-23 21:30:00,765.3,20.643681000000015,2.496,0
2024-11-23 22:00:00,765.17,20.7257785999999,2.494,0
2024-11-23 22:30:00,765.28,20.449312299999974,2.493,0
2024-11-23 23:00:00,765.39,20.635789799999998,2.489,0
2024-11-23 23:30:00,765.44,20.494086200000083,2.488,0
2024-11-24 00:00:00,765.38,20.668617200000085,2.485,0
2024-11-24 00:30:00,765.58,20.590239100000076,2.481,0
2024-11-24 01:00:00,765.64,20.58905709999999,2.478,0
2024-11-24 01:30:00,765.46,20.571189400000094,2.475,0
2024-11-24 02:00:00,765.65,20.547052399999984,2.47,0
2024-11-24 02:30:00,765.63,20.55356459999996,2.466,0
2024-11-24 03:00:00,765.87,20.57534880000003,2.46,0
2024-11-24 03:30:00,765.87,20.68241730000011,2.456,0
2024-11-24 04:00:00,766.02,20.68252140000004,2.453,0
2024-11-24 04:30:00,766.15,20.690157399999975,2.446,0
2024-11-24 05:00:00,766.59,20.712080400000104,2.443,0
2024-11-24 05:30:00,766.55,20.75671550000004,2.439,0
2024-11-24 06:00:00,766.44,20.828222100000175,2.434,0
2024-11-24 06:30:00,766.43,20.872266200000126,2.429,0
2024-11-24 07:00:00,766.43,20.825359999999932,2.425,0
2024-11-24 07:30:00,766.58,20.948847800000067,2.421,0
2024-11-24 08:00:00,766.67,21.00111890000005,2.416,0
2024-11-24 08:30:00,766.42,21.100876000000085,2.41,0
2024-11-24 09:00:00,766.38,21.149589900000137,2.408,0
2024-11-24 09:30:00,766.31,21.194815999999946,2.402,0
2024-11-24 10:00:00,766.27,21.276160300000015,2.397,0
2024-11-24 10:30:00,766.61,21.23275310000008,2.394,0
2024-11-24 11:00:00,766.78,21.257955700000025,2.39,0
2024-11-24 11:30:00,766.77,21.267330000000015,2.384,0
2024-11-24 12:00:00,766.99,21.264015700000073,2.379,0
2024-11-24 12:30:00,767.33,21.320539100000133,2.372,0
2024-11-24 13:00:00,767.5,21.360017500000026,2.37,0
2024-11-24 13:30:00,767.7,21.42337770000006,2.366,0
2024-11-24 14:00:00,767.88,21.46163940000008,2.358,0
2024-11-24 14:30:00,768.14,21.460596200000168,2.354,0
2024-11-24 15:00:00,768.38,21.42731660000004,2.35,0
2024-11-24 15:30:00,768.65,21.50561300000004,2.345,0
2024-11-24 16:00:00,768.93,21.53884560000006,2.341,0
2024-11-24 16:30:00,769.2,21.602866200000108,2.338,0
2024-11-24 17:00:00,769.38,21.618694499999947,2.332,0
2024-11-24 17:30:00,769.54,21.679783600000064,2.332,0
2024-11-24 18:00:00,769.65,21.698010599999975,2.336,0
2024-11-24 18:30:00,769.76,21.773340800000028,2.347,0
2024-11-24 19:00:00,769.84,21.85232110000004,2.357,0
2024-11-24 19:30:00,769.67,21.978034099999945,2.369,0
2024-11-24 20:00:00,769.67,22.018822099999966,2.382,0
2024-11-24 20:30:00,769.78,22.061521900000116,2.396,0
2024-11-24 21:00:00,769.86,22.15783710000005,2.407,0
2024-11-24 21:30:00,769.96,22.20685210000022,2.42,0
2024-11-24 22:00:00,770.1,22.26017760000002,2.427,0
2024-11-24 22:30:00,770.28,22.29232109999998,2.431,0
2024-11-24 23:00:00,770.55,22.265588399999956,2.434,0
2024-11-24 23:30:00,770.66,22.287894199999982,2.433,0
2024-11-25 00:00:00,770.68,22.280362300000093,2.431,0
2024-11-25 00:30:00,770.67,22.306051799999977,2.423,0
2024-11-25 01:00:00,770.8,22.25046640000005,2.412,0
2024-11-25 01:30:00,771.08,22.221497300000124,2.402,0
2024-11-25 02:00:00,771.15,22.203803100000073,2.388,0
2024-11-25 02:30:00,771.24,22.12249350000002,2.37,0
2024-11-25 03:00:00,771.42,22.005760799999962,2.35,0
2024-11-25 03:30:00,771.67,21.976362999999992,2.33,0
2024-11-25 04:00:00,771.79,21.964821700000016,2.315,0
2024-11-25 04:30:00,771.88,21.804995200000008,2.296,0
2024-11-25 05:00:00,771.94,21.79463590000023,2.277,0
2024-11-25 05:30:00,771.93,21.763222199999973,2.262,0
2024-11-25 06:00:00,771.94,21.729375100000084,2.245,0
2024-11-25 06:30:00,772.01,21.59237600000006,2.23,0
2024-11-25 07:00:00,771.92,21.655331000000047,2.213,0
2024-11-25 07:30:00,771.94,21.54786850000005,2.2,0
2024-11-25 08:00:00,771.87,21.490104900000006,2.187,0
2024-11-25 08:30:00,771.62,21.369606800000156,2.172,0
2024-11-25 09:00:00,771.57,21.427695000000085,2.158,0
2024-11-25 09:30:00,771.19,21.366861100000165,2.147,0
2024-11-25 10:00:00,771.64,21.261124600000016,2.136,0
2024-11-25 10:30:00,771.39,21.14368560000014,2.128,0
2024-11-25 11:00:00,770.7,21.119549700000107,2.115,0
2024-11-25 11:30:00,771.67,21.125933200000077,2.106,0
2024-11-25 12:00:00,771.34,21.096744700000045,2.096,0
2024-11-25 12:30:00,771.42,21.04622310000002,2.089,0
2024-11-25 13:00:00,771.24,21.096675300000015,2.083,0
2024-11-25 13:30:00,770.76,21.19178610000006,2.079,0
2024-11-25 14:00:00,770.82,21.022353600000088,2.076,0
2024-11-25 14:30:00,770.78,21.082284200000004,2.069,0
2024-11-25 15:00:00,771.07,21.08778790000008,2.065,0
2024-11-25 15:30:00,770.98,21.192550600000118,2.061,0
2024-11-25 16:00:00,771.36,21.012735300000145,2.054,0
2024-11-25 16:30:00,771.13,21.04887700000006,2.053,0
2024-11-25 17:00:00,771.09,21.147556200000054,2.05,0
2024-11-25 17:30:00,771.25,21.09137980000014,2.048,0
2024-11-25 18:00:00,771.42,20.963627400000064,2.048,0
2024-11-25 18:30:00,771.43,21.111286899999982,2.046,0
2024-11-25 19:00:00,771.75,21.18859830000008,2.044,0
2024-11-25 19:30:00,771.32,21.235817900000143,2.046,0
2024-11-25 20:00:00,771.04,21.23521570000014,2.044,0
2024-11-25 20:30:00,770.99,21.25659470000005,2.045,0
2024-11-25 21:00:00,771.01,21.41935269999999,2.044,0
2024-11-25 21:30:00,770.94,21.389121000000046,2.045,0
2024-11-25 22:00:00,771.14,21.37600370000007,2.044,0
2024-11-25 22:30:00,770.9,21.246131300000002,2.046,0
2024-11-25 23:00:00,771.09,21.34843710000007,2.047,0
2024-11-25 23:30:00,771.31,21.507255099999952,2.048,0
2024-11-26 00:00:00,771.26,21.24311810000006,2.052,0
2024-11-26 00:30:00,771.64,21.236651800000118,2.049,0
2024-11-26 01:00:00,771.34,21.305783200000064,2.05,0
2024-11-26 01:30:00,771.48,21.302005500000064,2.051,0
2024-11-26 02:00:00,771.61,21.421808499999997,2.053,0
2024-11-26 02:30:00,771.58,21.332665900000165,2.053,0
2024-11-26 03:00:00,771.93,21.359420999999998,2.052,0
2024-11-26 03:30:00,771.75,21.327277500000037,2.053,0
2024-11-26 04:00:00,771.97,21.484056100000203,2.053,0
2024-11-26 04:30:00,772.16,21.372224900000106,2.054,0
2024-11-26 05:00:00,772.08,21.42784500000016,2.053,0
2024-11-26 05:30:00,772.33,21.410683600000084,2.051,0
2024-11-26 06:00:00,772.01,21.47205139999994,2.051,0
2024-11-26 06:30:00,771.83,21.613256900000124,2.051,0
2024-11-26 07:00:00,771.81,21.53105519999997,2.05,0
2024-11-26 07:30:00,771.36,21.574590000000057,2.05,0
2024-11-26 08:00:00,771.39,21.674949300000094,2.049,0
2024-11-26 08:30:00,770.9,21.807986000000028,2.05,0
2024-11-26 09:00:00,770.59,21.844684000000143,2.048,0
2024-11-26 09:30:00,770.42,21.75931909999997,2.048,0
2024-11-26 10:00:00,769.99,21.368067700000097,2.049,0
2024-11-26 10:30:00,769.54,21.14240170000005,2.053,0
2024-11-26 11:00:00,769.56,20.933988899999918,2.052,0
2024-11-26 11:30:00,769.66,20.980964500000027,2.057,0
2024-11-26 12:00:00,770.01,21.13722150000001,2.058,0
2024-11-26 12:30:00,770.19,21.411033900000234,2.058,0
2024-11-26 13:00:00,770.58,21.5644635000001,2.06,0
2024-11-26 13:30:00,770.71,21.714857500000107,2.061,0
2024-11-26 14:00:00,771.25,21.88980490000006,2.059,0
2024-11-26 14:30:00,771.71,22.014323600000125,2.058,0
2024-11-26 15:00:00,772.16,22.234891100000027,2.058,0
2024-11-26 15:30:00,772.54,22.177439800000002,2.057,0
2024-11-26 16:00:00,772.51,22.24329160000002,2.056,0
2024-11-26 16:30:00,772.82,22.31060300000013,2.056,0
2024-11-26 17:00:00,772.66,22.248494200000096,2.056,0
2024-11-26 17:30:00,772.89,22.23580560000005,2.058,0
2024-11-26 18:00:00,772.63,22.281715600000098,2.059,0
2024-11-26 18:30:00,772.74,22.159223999999995,2.059,0
2024-11-26 19:00:00,772.41,22.318679999999972,2.06,0
2024-11-26 19:30:00,772.04,22.266826400000014,2.061,0
2024-11-26 20:00:00,772.19,22.3240337000002,2.061,0
2024-11-26 20:30:00,771.69,22.333883700000115,2.063,0
2024-11-26 21:00:00,772.03,22.285378000000037,2.063,0
2024-11-26 21:30:00,771.59,22.263455000000135,2.065,0
2024-11-26 22:00:00,771.69,22.269642599999997,2.063,0
2024-11-26 22:30:00,771.4,22.268217700000037,2.065,0
2024-11-26 23:00:00,770.99,21.99485750000008,2.064,0
2024-11-26 23:30:00,771.06,22.015911899999992,2.066,0
2024-11-27 00:00:00,771.38,21.80872700000009,2.067,0
2024-11-27 00:30:00,771.32,21.815007500000092,2.069,0
2024-11-27 01:00:00,771.35,21.64310690000002,2.069,0
2024-11-27 01:30:00,771.52,21.591832000000068,2.071,0
2024-11-27 02:00:00,771.66,21.389212799999996,2.074,0
2024-11-27 02:30:00,771.73,21.38171560000012,2.073,0
2024-11-27 03:00:00,771.81,21.301622700000053,2.077,0
2024-11-27 03:30:00,772.0,21.273406900000055,2.08,0
2024-11-27 04:00:00,772.13,21.182132000000024,2.082,0
2024-11-27 04:30:00,772.23,21.107763299999988,2.085,0
2024-11-27 05:00:00,772.29,21.1014828000001,2.087,0
2024-11-27 05:30:00,772.24,21.054541900000117,2.088,0
2024-11-27 06:00:00,772.39,21.000601900000106,2.091,0
2024-11-27 06:30:00,772.36,20.967542800000047,2.092,0
2024-11-27 07:00:00,772.34,20.96895649999999,2.096,0
2024-11-27 07:30:00,772.44,20.8752135000002,2.095,0
2024-11-27 08:00:00,772.63,20.842918900000086,2.098,0
2024-11-27 08:30:00,772.33,20.834553100000107,2.097,0
2024-11-27 09:00:00,772.23,20.836523100000022,2.101,0
2024-11-27 09:30:00,772.0,20.837994999999978,2.102,0
2024-11-27 10:00:00,771.94,20.86874830000022,2.103,0
2024-11-27 10:30:00,771.84,20.873777400000108,2.103,0
2024-11-27 11:00:00,771.76,20.832526000000144,2.104,0
2024-11-27 11:30:00,771.57,20.88215550000018,2.103,0
2024-11-27 12:00:00,771.58,20.941101100000196,2.102,0
2024-11-27 12:30:00,771.54,20.941889100000026,2.102,0
2024-11-27 13:00:00,771.99,20.906511900000055,2.101,0
2024-11-27 13:30:00,772.08,20.938389000000143,2.099,0
2024-11-27 14:00:00,772.15,20.984935899999982,2.099,0
2024-11-27 14:30:00,772.23,21.023128200000087,2.099,0
2024-11-27 15:00:00,772.48,21.03349870000011,2.095,0
2024-11-27 15:30:00,772.29,21.05457660000002,2.096,0
2024-11-27 16:00:00,772.71,21.126858900000116,2.092,0
2024-11-27 16:30:00,772.79,21.194622500000037,2.089,0
2024-11-27 17:00:00,772.97,21.188017400000035,2.088,0
2024-11-27 17:30:00,773.12,21.235027700000046,2.086,0
2024-11-27 18:00:00,773.15,21.295618699999977,2.083,0
2024-11-27 18:30:00,773.04,21.381401099999948,2.082,0
2024-11-27 19:00:00,772.83,21.48444900000004,2.079,0
2024-11-27 19:30:00,772.57,21.599698600000124,2.076,0
2024-11-27 20:00:00,772.32,21.617879700000117,2.076,0
2024-11-27 20:30:00,772.12,21.74826250000001,2.075,0
2024-11-27 21:00:00,772.03,21.818355400000087,2.074,0
2024-11-27 21:30:00,771.94,21.89354680000008,2.074,0
2024-11-27 22:00:00,771.9,21.945319800000107,2.073,0
2024-11-27 22:30:00,771.87,21.95202900000004,2.073,0
2024-11-27 23:00:00,772.01,21.976802900000052,2.075,0
2024-11-27 23:30:00,772.01,21.969664999999964,2.073,0
2024-11-28 00:00:00,772.18,22.047892000000047,2.073,0
2024-11-28 00:30:00,772.28,22.042862900000046,2.074,0
2024-11-28 01:00:00,772.52,22.063627400000087,2.072,0
2024-11-28 01:30:00,772.66,22.10879530000011,2.073,0
2024-11-28 02:00:00,772.84,22.179687400000148,2.071,0
2024-11-28 02:30:00,773.08,22.21268830000008,2.073,0
2024-11-28 03:00:00,773.35,22.25019670000006,2.073,0
2024-11-28 03:30:00,773.57,22.26523700000007,2.069,0
2024-11-28 04:00:00,773.78,22.30596680000008,2.067,0
2024-11-28 04:30:00,774.0,22.322026800000117,2.065,0
2024-11-28 05:00:00,774.33,22.444008000000053,2.062,0
2024-11-28 05:30:00,774.54,22.506151499999987,2.058,0
2024-11-28 06:00:00,774.7,22.619245300000102,2.055,0
2024-11-28 06:30:00,774.94,22.688955400000168,2.052,0
2024-11-28 07:00:00,775.33,22.788340900000208,2.047,0
2024-11-28 07:30:00,775.71,22.957263000000125,2.042,0
2024-11-28 08:00:00,775.82,23.09683430000007,2.036,0
2024-11-28 08:30:00,775.85,23.243080100000043,2.028,0
2024-11-28 09:00:00,775.91,23.432582000000025,2.024,0
2024-11-28 09:30:00,776.22,23.578410300000087,2.017,0
2024-11-28 10:00:00,776.43,23.793508799999927,2.009,0
2024-11-28 10:30:00,776.51,23.90511950000007,2.002,0
2024-11-28 11:00:00,776.66,24.07857260000003,1.994,0
2024-11-28 11:30:00,776.85,24.230843700000037,1.986,0
2024-11-28 12:00:00,776.96,24.37143470000001,1.981,0
2024-11-28 12:30:00,777.12,24.493705800000043,1.973,0
2024-11-28 13:00:00,777.19,24.62692720000007,1.965,0
2024-11-28 13:30:00,777.44,24.746405600000116,1.96,0
2024-11-28 14:00:00,777.73,24.879371800000058,1.952,0
2024-11-28 14:30:00,778.0,25.00253500000008,1.945,0
2024-11-28 15:00:00,778.28,25.127540599999975,1.941,0
2024-11-28 15:30:00,778.5,25.234353899999974,1.933,0
2024-11-28 16:00:00,778.67,25.27383229999998,1.926,0
2024-11-28 16:30:00,778.89,25.40205930000002,1.92,0
2024-11-28 17:00:00,779.03,25.55531540000004,1.914,0
2024-11-28 17:30:00,778.96,25.497551799999997,1.907,0
2024-11-28 18:00:00,778.95,25.4783745000002,1.904,0
2024-11-28 18:30:00,778.56,25.475860500000067,1.901,0
2024-11-28 19:00:00,778.19,25.340391500000123,1.897,0
2024-11-28 19:30:00,777.89,25.31774990000008,1.896,0
2024-11-28 20:00:00,777.57,25.190473200000042,1.895,0
2024-11-28 20:30:00,777.47,25.138399100000015,1.894,0
2024-11-28 21:00:00,777.23,25.108457300000055,1.891,0
2024-11-28 21:30:00,777.1,25.000890700000014,1.893,0
2024-11-28 22:00:00,777.07,24.922964800000045,1.895,0
2024-11-28 22:30:00,777.16,24.860009800000057,1.896,0
2024-11-28 23:00:00,777.15,24.78168990000006,1.896,0
2024-11-28 23:30:00,777.27,24.72528180000006,1.901,0
2024-11-29 00:00:00,777.29,24.65860729999997,1.899,0
2024-11-29 00:30:00,777.49,24.602662600000144,1.901,0
2024-11-29 01:00:00,777.63,24.56217570000001,1.903,0
2024-11-29 01:30:00,777.7,24.510831400000143,1.904,0
2024-11-29 02:00:00,777.85,24.54152650000003,1.902,0
2024-11-29 02:30:00,777.96,24.51896550000015,1.906,0
2024-11-29 03:00:00,778.23,24.53404050000006,1.907,0
2024-11-29 03:30:00,778.47,24.54460800000004,1.908,0
2024-11-29 04:00:00,778.69,24.527017900000146,1.907,0
2024-11-29 04:30:00,778.66,24.53270740000005,1.91,0
2024-11-29 05:00:00,778.74,24.595372500000167,1.906,0
2024-11-29 05:30:00,778.82,24.558107000000177,1.907,0
2024-11-29 06:00:00,778.97,24.583703600000035,1.905,0
2024-11-29 06:30:00,779.12,24.553216700000007,1.906,0
2024-11-29 07:00:00,779.39,24.622335799999973,1.904,0
2024-11-29 07:30:00,779.35,24.642498100000125,1.903,0
2024-11-29 08:00:00,779.29,24.699763600000097,1.9,0
2024-11-29 08:30:00,779.19,24.70785180000007,1.897,0
2024-11-29 09:00:00,779.09,24.750609800000007,1.894,0
2024-11-29 09:30:00,779.05,24.780969099999993,1.894,0
2024-11-29 10:00:00,779.03,24.765047900000013,1.891,0
2024-11-29 10:30:00,779.1,24.81159480000008,1.886,0
2024-11-29 11:00:00,779.09,24.872973800000068,1.884,0
2024-11-29 11:30:00,779.1,24.900308699999982,1.881,0
2024-11-29 12:00:00,778.99,24.989150200000154,1.877,0
2024-11-29 12:30:00,779.11,25.000042300000132,1.872,0
2024-11-29 13:00:00,779.25,25.09313610000015,1.869,0
2024-11-29 13:30:00,779.49,25.151629500000013,1.865,0
2024-11-29 14:00:00,779.58,25.19880210000008,1.86,0
2024-11-29 14:30:00,779.68,25.243738300000132,1.856,0
2024-11-29 15:00:00,779.83,25.264236400000073,1.853,0
2024-11-29 15:30:00,780.11,25.315823600000158,1.849,0
2024-11-29 16:00:00,780.22,25.38809470000001,1.845,0
2024-11-29 16:30:00,780.39,25.43063219999999,1.841,0
2024-11-29 17:00:00,780.41,25.426159400000074,1.838,0
2024-11-29 17:30:00,780.43,25.420666900000015,1.834,0
2024-11-29 18:00:00,780.4,25.509971800000017,1.831,0
2024-11-29 18:30:00,780.32,25.582926799999996,1.827,0
2024-11-29 19:00:00,780.17,25.686832099999947,1.824,0
2024-11-29 19:30:00,779.9,25.70438749999994,1.821,0
2024-11-29 20:00:00,779.72,25.700795600000106,1.821,0
2024-11-29 20:30:00,779.58,25.710691500000166,1.818,0
2024-11-29 21:00:00,779.49,25.840946700000018,1.815,0
2024-11-29 21:30:00,779.47,25.9157788,1.814,0
2024-11-29 22:00:00,779.41,25.951630600000044,1.812,0
2024-11-29 22:30:00,779.54,26.016369800000007,1.811,0
2024-11-29 23:00:00,779.63,26.041109000000006,1.811,0
2024-11-29 23:30:00,779.84,26.073681200000124,1.81,0
2024-11-30 00:00:00,779.98,26.11680970000009,1.81,0
2024-11-30 00:30:00,780.24,26.131062000000156,1.809,0
2024-11-30 01:00:00,780.44,26.089393100000166,1.809,0
2024-11-30 01:30:00,780.54,26.001768300000094,1.809,0
2024-11-30 02:00:00,780.57,25.91042400000015,1.809,0
2024-11-30 02:30:00,780.74,25.860168799999997,1.812,0
2024-11-30 03:00:00,780.89,25.729751299999975,1.811,0
2024-11-30 03:30:00,780.99,25.65334320000011,1.812,0
2024-11-30 04:00:00,781.07,25.61607770000012,1.812,0
2024-11-30 04:30:00,781.12,25.603876000000128,1.814,0
2024-11-30 05:00:00,781.23,25.633319700000015,1.814,0
2024-11-30 05:30:00,781.31,25.571581400000014,1.814,0
2024-11-30 06:00:00,781.41,25.503330899999924,1.813,0
2024-11-30 06:30:00,781.52,25.517479099999946,1.813,0
2024-11-30 07:00:00,781.77,25.522751099999937,1.813,0
2024-11-30 07:30:00,781.89,25.596864600000004,1.812,0
2024-11-30 08:00:00,781.91,25.578116000000023,1.813,0
2024-11-30 08:30:00,781.83,25.571534400000132,1.81,0
2024-11-30 09:00:00,781.78,25.622484700000086,1.808,0
2024-11-30 09:30:00,781.65,25.58527740000011,1.807,0
2024-11-30 10:00:00,781.83,25.627617900000132,1.803,0
2024-11-30 10:30:00,781.93,25.669494999999984,1.801,0
2024-11-30 11:00:00,781.84,25.677386200000115,1.798,0
2024-11-30 11:30:00,781.88,25.712287700000047,1.795,0
2024-11-30 12:00:00,781.81,25.787085100000013,1.795,0
2024-11-30 12:30:00,781.69,25.805764300000078,1.791,0
2024-11-30 13:00:00,781.7,25.788232400000197,1.788,0
2024-11-30 13:30:00,781.78,25.78665639999997,1.786,0
2024-11-30 14:00:00,782.03,25.81844060000003,1.784,0
2024-11-30 14:30:00,782.15,25.818116000000032,1.782,0
2024-11-30 15:00:00,782.26,25.80371260000004,1.78,0
2024-11-30 15:30:00,782.51,25.888521200000014,1.776,0
2024-11-30 16:00:00,782.58,25.948324200000002,1.774,0
2024-11-30 16:30:00,782.69,25.852344800000196,1.773,0
2024-11-30 17:00:00,782.61,25.84984200000008,1.768,0
2024-11-30 17:30:00,782.53,25.79431479999994,1.766,0
2024-11-30 18:00:00,782.48,25.745334500000126,1.764,0
2024-11-30 18:30:00,782.44,25.836875800000143,1.763,0
2024-11-30 19:00:00,782.09,25.72548560000007,1.76,0
2024-11-30 19:30:00,781.64,25.683365600000116,1.761,0
2024-11-30 20:00:00,781.25,25.644142399999964,1.761,0
2024-11-30 20:30:00,781.11,25.597954800000025,1.761,0
2024-11-30 21:00:00,781.0,25.588905100000034,1.76,0
2024-11-30 21:30:00,780.85,25.56432820000009,1.761,0
2024-11-30 22:00:00,780.63,25.445278500000086,1.76,0
2024-11-30 22:30:00,780.59,25.384884500000112,1.762,0
2024-11-30 23:00:00,780.61,25.308013000000074,1.761,0
2024-11-30 23:30:00,780.68,25.24035349999997,1.764,0
2024-12-01 00:00:00,780.68,25.135324399999945,1.763,0
2024-12-01 00:30:00,780.82,25.08056170000009,1.765,0
2024-12-01 01:00:00,781.01,24.95751380000013,1.766,0
2024-12-01 01:30:00,781.13,24.913342100000023,1.767,0
2024-12-01 02:00:00,781.1,24.908834600000205,1.77,0
2024-12-01 02:30:00,781.2,24.83854470000017,1.77,0
2024-12-01 03:00:00,781.44,24.87868350000008,1.775,0
2024-12-01 03:30:00,781.49,24.899112200000104,1.774,0
2024-12-01 04:00:00,781.48,24.840166599999975,1.775,0
2024-12-01 04:30:00,781.66,24.86721160000002,1.775,0
2024-12-01 05:00:00,781.95,24.897188100000108,1.777,0
2024-12-01 05:30:00,782.11,24.91137100000003,1.78,0
2024-12-01 06:00:00,782.03,24.95883349999997,1.778,0
2024-12-01 06:30:00,782.11,24.925646800000095,1.778,0
2024-12-01 07:00:00,782.3,24.88009610000006,1.778,0
2024-12-01 07:30:00,782.36,24.960490100000015,1.78,0
2024-12-01 08:00:00,782.29,24.887430999999992,1.778,0
2024-12-01 08:30:00,782.21,24.937952600000017,1.778,0
2024-12-01 09:00:00,782.12,24.869366300000024,1.779,0
2024-12-01 09:30:00,782.08,24.88137100000006,1.776,0
2024-12-01 10:00:00,782.01,24.894986399999993,1.775,0
2024-12-01 10:30:00,782.0,24.9084395000001,1.775,0
2024-12-01 11:00:00,781.78,24.932147800000052,1.775,0
2024-12-01 11:30:00,781.55,24.950954600000046,1.774,0
2024-12-01 12:00:00,781.36,24.87822010000002,1.773,0
2024-12-01 12:30:00,781.27,24.889170400000012,1.772,0
2024-12-01 13:00:00,781.3,24.91101279999998,1.77,0
2024-12-01 13:30:00,781.44,24.88480170000014,1.769,0
2024-12-01 14:00:00,781.71,24.894778200000133,1.769,0
2024-12-01 14:30:00,781.87,24.88142920000007,1.766,0
2024-12-01 15:00:00,781.98,24.89353800000015,1.765,0
2024-12-01 15:30:00,782.04,24.858705900000018,1.766,0
2024-12-01 16:00:00,782.22,24.851081099999988,1.762,0
2024-12-01 16:30:00,782.35,24.838323100000025,1.764,0
2024-12-01 17:00:00,782.47,24.79211200000009,1.761,0
2024-12-01 17:30:00,782.39,24.753919700000097,1.76,0
2024-12-01 18:00:00,782.45,24.75477710000007,1.759,0
2024-12-01 18:30:00,782.24,24.691613899999993,1.759,0
2024-12-01 19:00:00,782.04,24.769992000000116,1.758,0
2024-12-01 19:30:00,781.78,24.89441890000012,1.759,0
2024-12-01 20:00:00,781.55,24.984604699999977,1.756,0
2024-12-01 20:30:00,781.34,24.988741700000105,1.759,0
2024-12-01 21:00:00,781.04,24.993631999999934,1.759,0
2024-12-01 21:30:00,780.99,24.938533500000176,1.76,0
2024-12-01 22:00:00,781.01,24.9004106000001,1.761,0
2024-12-01 22:30:00,781.15,24.89051470000004,1.76,0
2024-12-01 23:00:00,781.33,24.899205100000017,1.763,0
2024-12-01 23:30:00,781.45,24.877466800000093,1.763,0
2024-12-02 00:00:00,781.48,24.881974300000138,1.765,0
2024-12-02 00:30:00,781.37,24.886180700000068,1.766,0
2024-12-02 01:00:00,781.35,24.848845800000163,1.766,0
2024-12-02 01:30:00,781.4,24.84582140000009,1.766,0
2024-12-02 02:00:00,781.58,24.840236000000118,1.767,0
2024-12-02 02:30:00,781.7,24.8032022000001,1.77,0
2024-12-02 03:00:00,781.84,24.821857900000055,1.767,0
2024-12-02 03:30:00,781.9,24.87675939999997,1.768,0
2024-12-02 04:00:00,781.99,24.906597100000113,1.769,0
2024-12-02 04:30:00,782.01,24.830745300000103,1.767,0
2024-12-02 05:00:00,781.98,24.853769700000157,1.77,0
2024-12-02 05:30:00,781.98,24.824198400000114,1.768,0
2024-12-02 06:00:00,782.02,24.815252800000053,1.766,0
2024-12-02 06:30:00,782.15,24.88305109999999,1.767,0
2024-12-02 07:00:00,782.2,24.82088410000017,1.765,0
2024-12-02 07:30:00,782.24,24.87719930000003,1.765,0
2024-12-02 08:00:00,782.18,24.877361599999972,1.765,0
2024-12-02 08:30:00,782.14,24.8771299,1.764,0
2024-12-02 09:00:00,782.09,24.908705900000086,1.764,0
2024-12-02 09:30:00,782.12,24.916272500000105,1.762,0
2024-12-02 10:00:00,782.16,24.941996700000004,1.761,0
2024-12-02 10:30:00,782.31,25.02775560000009,1.761,0
2024-12-02 11:00:00,782.15,24.992159000000015,1.759,0
2024-12-02 11:30:00,782.0,25.03998080000008,1.757,0
2024-12-02 12:00:00,782.05,25.074685299999942,1.757,0
2024-12-02 12:30:00,782.04,25.109552100000087,1.755,0
2024-12-02 13:00:00,782.11,25.130606500000113,1.755,0
2024-12-02 13:30:00,782.12,25.141626200000132,1.752,0
2024-12-02 14:00:00,782.27,25.16722279999999,1.749,0
2024-12-02 14:30:00,782.44,25.183248100000128,1.747,0
2024-12-02 15:00:00,782.69,25.220130799999993,1.745,0
2024-12-02 15:30:00,782.76,25.227929100000097,1.742,0
2024-12-02 16:00:00,782.87,25.26960919999999,1.742,0
2024-12-02 16:30:00,783.01,25.221984399999997,1.739,0
2024-12-02 17:00:00,782.98,25.206260200000088,1.734,0
2024-12-02 17:30:00,782.84,25.15395440000009,1.734,0
2024-12-02 18:00:00,782.7,25.083294000000137,1.733,0
2024-12-02 18:30:00,782.52,25.08378090000008,1.73,0
2024-12-02 19:00:00,782.16,25.16327160000003,1.73,0
2024-12-02 19:30:00,781.81,25.15691049999998,1.73,0
2024-12-02 20:00:00,781.44,25.160120700000107,1.73,0
2024-12-02 20:30:00,781.24,25.168139500000052,1.734,0
2024-12-02 21:00:00,781.16,25.18705040000009,1.74,0
2024-12-02 21:30:00,780.96,25.250133000000005,1.75,0
2024-12-02 22:00:00,780.83,25.23739850000004,1.759,0
2024-12-02 22:30:00,780.95,25.206482900000083,1.77,0
2024-12-02 23:00:00,781.04,25.203690199999983,1.78,0
2024-12-02 23:30:00,781.11,25.151326200000085,1.786,0
2024-12-03 00:00:00,781.23,25.10307570000009,1.791,0
2024-12-03 00:30:00,781.37,25.089101000000028,1.794,0
2024-12-03 01:00:00,781.45,25.1181160000001,1.796,0
2024-12-03 01:30:00,781.61,25.106806400000096,1.798,0
2024-12-03 02:00:00,781.72,25.07506810000018,1.798,0
2024-12-03 02:30:00,781.71,25.03141800000003,1.798,0
2024-12-03 03:00:00,781.68,25.052403000000027,1.797,0
2024-12-03 03:30:00,781.75,25.047964900000125,1.797,0
2024-12-03 04:00:00,781.78,25.120792300000062,1.794,0
2024-12-03 04:30:00,781.81,25.114083100000016,1.793,0
2024-12-03 05:00:00,781.94,25.11254180000003,1.793,0
2024-12-03 05:30:00,781.97,25.116029600000047,1.791,0
2024-12-03 06:00:00,781.96,25.141719100000046,1.791,0
2024-12-03 06:30:00,782.05,25.197049300000003,1.786,0
2024-12-03 07:00:00,781.94,25.214511800000082,1.785,0
2024-12-03 07:30:00,782.0,25.25003900000013,1.781,0
2024-12-03 08:00:00,781.92,25.26079230000005,1.78,0
2024-12-03 08:30:00,781.77,25.284141299999987,1.776,0
2024-12-03 09:00:00,781.65,25.36400249999997,1.773,0
2024-12-03 09:30:00,781.56,25.366795199999956,1.769,0
2024-12-03 10:00:00,781.7,25.349761400000148,1.767,0
2024-12-03 10:30:00,781.8,25.43038709999996,1.762,0
2024-12-03 11:00:00,781.68,25.476598200000012,1.759,0
2024-12-03 11:30:00,781.54,25.489553199999932,1.756,0
2024-12-03 12:00:00,781.53,25.509124500000098,1.753,0
2024-12-03 12:30:00,781.5,25.525011000000063,1.748,0
2024-12-03 13:00:00,781.47,25.509286800000154,1.744,0
2024-12-03 13:30:00,781.43,25.50293690000001,1.741,0
2024-12-03 14:00:00,781.53,25.518301800000017,1.734,0
2024-12-03 14:30:00,781.63,25.52856820000011,1.731,0
2024-12-03 15:00:00,781.77,25.50133740000001,1.727,0
2024-12-03 15:30:00,781.93,25.50940209999999,1.724,0
2024-12-03 16:00:00,782.09,25.496053100000154,1.72,0
2024-12-03 16:30:00,782.16,25.458984600000008,1.716,0
2024-12-03 17:00:00,782.13,25.39431479999996,1.712,0
2024-12-03 17:30:00,781.97,25.28326040000013,1.709,0
2024-12-03 18:00:00,781.86,25.249737900000127,1.705,0
2024-12-03 18:30:00,781.69,25.19088520000014,1.705,0
2024-12-03 19:00:00,781.39,25.190676999999937,1.704,0
2024-12-03 19:30:00,781.02,25.163296200000104,1.703,0
2024-12-03 20:00:00,780.69,25.15654110000014,1.702,0
2024-12-03 20:30:00,780.51,25.226367600000117,1.707,0
2024-12-03 21:00:00,780.43,25.15350550000005,1.714,0
2024-12-03 21:30:00,780.33,25.126923900000065,1.724,0
2024-12-03 22:00:00,780.32,25.07511620000014,1.734,0
2024-12-03 22:30:00,780.28,25.072845099999995,1.746,0
2024-12-03 23:00:00,780.38,25.027028000000087,1.756,0
2024-12-03 23:30:00,780.49,24.997329100000115,1.765,0
2024-12-04 00:00:00,780.56,25.00002889999996,1.768,0
2024-12-04 00:30:00,780.79,24.935335599999917,1.773,0
2024-12-04 01:00:00,780.92,24.898104800000056,1.775,0
2024-12-04 01:30:00,781.1,24.86192840000001,1.777,0
2024-12-04 02:00:00,781.22,24.87384020000013,1.776,0
2024-12-04 02:30:00,781.38,24.846215400000006,1.777,0
2024-12-04 03:00:00,781.55,24.88059529999998,1.776,0
2024-12-04 03:30:00,781.7,24.887837300000115,1.775,0
2024-12-04 04:00:00,781.9,24.891035200000033,1.773,0
2024-12-04 04:30:00,782.06,24.910316599999987,1.77,0
2024-12-04 05:00:00,782.16,24.95423310000001,1.768,0
2024-12-04 05:30:00,782.27,24.95104640000011,1.763,0
2024-12-04 06:00:00,782.38,24.948879400000123,1.76,0
2024-12-04 06:30:00,782.61,24.927013500000044,1.757,0
2024-12-04 07:00:00,782.77,25.004417800000056,1.753,0
2024-12-04 07:30:00,782.92,25.008600700000102,1.746,0
2024-12-04 08:00:00,782.88,24.990014400000064,1.742,0
2024-12-04 08:30:00,782.87,25.02692060000004,1.737,0
2024-12-04 09:00:00,782.97,25.014753600000176,1.731,0
2024-12-04 09:30:00,782.89,25.066294900000116,1.726,0
2024-12-04 10:00:00,782.9,25.05284180000001,1.721,0
2024-12-04 10:30:00,782.93,25.048172000000022,1.715,0
2024-12-04 11:00:00,783.05,25.035611000000017,1.709,0
2024-12-04 11:30:00,783.01,25.06291120000003,1.703,0
2024-12-04 12:00:00,782.96,25.093467500000088,1.699,0
2024-12-04 12:30:00,783.02,25.113699199999928,1.695,0
2024-12-04 13:00:00,783.03,25.12369919999992,1.687,0
2024-12-04 13:30:00,783.11,25.141497500000128,1.683,0
2024-12-04 14:00:00,783.14,25.108276100000012,1.677,0
2024-12-04 14:30:00,783.27,25.091439300000047,1.674,0
2024-12-04 15:00:00,783.45,25.11950400000012,1.666,0
2024-12-04 15:30:00,783.52,25.04470660000004,1.66,0
2024-12-04 16:00:00,783.64,25.089248800000064,1.655,0
2024-12-04 16:30:00,783.75,24.992249700000116,1.651,0
2024-12-04 17:00:00,783.67,24.95405740000001,1.648,0
2024-12-04 17:30:00,783.51,24.833825700000034,1.645,0
2024-12-04 18:00:00,783.42,24.769318200000043,1.642,0
2024-12-04 18:30:00,783.29,24.70050020000008,1.641,0
2024-12-04 19:00:00,783.04,24.67687360000002,1.638,0
2024-12-04 19:30:00,782.67,24.72597029999997,1.638,0
2024-12-04 20:00:00,782.36,24.69026960000008,1.641,0
2024-12-04 20:30:00,782.24,24.674278999999956,1.646,0
2024-12-04 21:00:00,782.04,24.711869100000058,1.654,0
2024-12-04 21:30:00,781.98,24.720189000000005,1.665,0
2024-12-04 22:00:00,781.86,24.681765000000155,1.678,0
2024-12-04 22:30:00,781.85,24.573873800000115,1.69,0
2024-12-04 23:00:00,781.88,24.55288880000012,1.702,0
2024-12-04 23:30:00,782.05,24.4842789999999,1.709,0
2024-12-05 00:00:00,782.15,24.50576209999997,1.718,0
2024-12-05 00:30:00,782.25,24.496654199999966,1.723,0
2024-12-05 01:00:00,782.31,24.429191700000047,1.724,0
2024-12-05 01:30:00,782.49,24.377719800000136,1.728,0
2024-12-05 02:00:00,782.57,24.444463700000142,1.728,0
2024-12-05 02:30:00,782.62,24.333351100000073,1.726,0
2024-12-05 03:00:00,782.78,24.40667659999997,1.725,0
2024-12-05 03:30:00,782.79,24.42279480000002,1.721,0
2024-12-05 04:00:00,782.91,24.452041500000064,1.719,0
2024-12-05 04:30:00,783.0,24.455367000000138,1.715,0
2024-12-05 05:00:00,783.05,24.49618970000006,1.71,0
2024-12-05 05:30:00,783.11,24.531716899999992,1.707,0
2024-12-05 06:00:00,783.2,24.538101500000153,1.701,0
2024-12-05 06:30:00,783.2,24.62477600000011,1.696,0
2024-12-05 07:00:00,783.27,24.582608999999934,1.688,0
2024-12-05 07:30:00,783.34,24.597545200000127,1.683,0
2024-12-05 08:00:00,783.25,24.62073190000001,1.677,0
2024-12-05 08:30:00,783.14,24.682041500000082,1.672,0
2024-12-05 09:00:00,782.97,24.688449600000013,1.665,0
2024-12-05 09:30:00,782.9,24.638843600000087,1.66,0
2024-12-05 10:00:00,783.06,24.66628259999993,1.653,0
2024-12-05 10:30:00,783.21,24.60520470000006,1.645,0
2024-12-05 11:00:00,783.32,24.65096360000007,1.64,0
2024-12-05 11:30:00,783.25,24.64214560000005,1.632,0
2024-12-05 12:00:00,783.18,24.684312599999885,1.626,0
2024-12-05 12:30:00,783.2,24.642110900000148,1.62,0
2024-12-05 13:00:00,783.12,24.672238500000162,1.614,0
2024-12-05 13:30:00,783.03,24.658716000000027,1.607,0
2024-12-05 14:00:00,782.99,24.65542520000008,1.604,0
2024-12-05 14:30:00,783.05,24.68279480000001,1.596,0
2024-12-05 15:00:00,782.96,24.64377980000006,1.589,0
2024-12-05 15:30:00,782.97,24.624208500000123,1.584,0
2024-12-05 16:00:00,783.08,24.640396100000203,1.578,0
2024-12-05 16:30:00,783.01,24.541844500000025,1.572,0
2024-12-05 17:00:00,782.93,24.461844499999984,1.569,0
2024-12-05 17:30:00,782.85,24.35023380000007,1.563,0
2024-12-05 18:00:00,782.74,24.283061200000134,1.563,0
2024-12-05 18:30:00,782.46,24.219237600000042,1.562,0
2024-12-05 19:00:00,782.1,24.244684200000165,1.562,0
2024-12-05 19:30:00,781.72,24.226677700000096,1.564,0
2024-12-05 20:00:00,781.33,24.26189260000001,1.567,0
2024-12-05 20:30:00,780.93,24.278949900000043,1.57,0
2024-12-05 21:00:00,780.82,24.36881110000013,1.577,0
2024-12-05 21:30:00,780.64,24.427420900000016,1.587,0
2024-12-05 22:00:00,780.43,24.386691100000007,1.599,0
2024-12-05 22:30:00,780.28,24.360074800000007,1.606,0
2024-12-05 23:00:00,780.22,24.334744600000022,1.618,0
2024-12-05 23:30:00,780.33,24.33563670000001,1.625,0
2024-12-06 00:00:00,780.54,24.32334209999999,1.63,0
2024-12-06 00:30:00,780.58,24.295022200000062,1.635,0
2024-12-06 01:00:00,780.78,24.273747300000082,1.636,0
2024-12-06 01:30:00,780.96,24.137640300000044,1.637,0
2024-12-06 02:00:00,781.17,24.120247199999994,1.637,0
2024-12-06 02:30:00,781.3,24.096272500000055,1.634,0
2024-12-06 03:00:00,781.36,24.099169300000085,1.632,0
2024-12-06 03:30:00,781.47,24.16634190000002,1.627,0
2024-12-06 04:00:00,781.43,24.211996699999986,1.627,0
2024-12-06 04:30:00,781.33,24.270050200000128,1.619,0
2024-12-06 05:00:00,781.72,24.17773210000007,1.615,0
2024-12-06 05:30:00,781.95,24.28944690000003,1.609,0
2024-12-06 06:00:00,782.01,24.261752699999988,1.604,0
2024-12-06 06:30:00,782.21,24.31083710000007,1.599,0
2024-12-06 07:00:00,782.38,24.302389600000083,1.594,0
2024-12-06 07:30:00,782.69,24.33911000000012,1.587,0
2024-12-06 08:00:00,782.84,24.38714000000016,1.579,0
2024-12-06 08:30:00,783.05,24.407475800000043,1.575,0
2024-12-06 09:00:00,782.97,24.44576100000006,1.568,0
2024-12-06 09:30:00,782.61,24.442656000000056,1.562,0
2024-12-06 10:00:00,782.6,24.44081360000007,1.557,0
2024-12-06 10:30:00,782.45,24.47028080000007,1.551,0
2024-12-06 11:00:00,782.25,24.521127000000092,1.545,0
2024-12-06 11:30:00,782.07,24.501219900000137,1.539,0
2024-12-06 12:00:00,782.06,24.49325930000009,1.533,0
2024-12-06 12:30:00,782.12,24.540003200000115,1.528,0
2024-12-06 13:00:00,781.95,24.53009610000015,1.52,0
2024-12-06 13:30:00,782.18,24.437870900000007,1.515,0
2024-12-06 14:00:00,782.42,24.47699,1.509,0
2024-12-06 14:30:00,782.57,24.463838000000123,1.504,0
2024-12-06 15:00:00,782.62,24.403710400000023,1.5,0
2024-12-06 15:30:00,782.81,24.457070600000065,1.492,0
2024-12-06 16:00:00,782.78,24.438287299999956,1.486,0
2024-12-06 16:30:00,782.77,24.39055840000003,1.483,0
2024-12-06 17:00:00,782.69,24.311578100000133,1.478,0
2024-12-06 17:30:00,782.8,24.140140900000006,1.477,0
2024-12-06 18:00:00,782.73,24.025274100000047,1.476,0
2024-12-06 18:30:00,782.46,24.009179400000107,1.48,0
2024-12-06 19:00:00,782.12,23.986306100000093,1.481,0
2024-12-06 19:30:00,781.86,24.01590090000002,1.483,0
2024-12-06 20:00:00,781.58,24.027535100000023,1.488,0
2024-12-06 20:30:00,781.27,24.092784699999925,1.493,0
2024-12-06 21:00:00,781.12,24.210965800000054,1.501,0
2024-12-06 21:30:00,780.9,24.2540484000001,1.511,0
2024-12-06 22:00:00,780.77,24.28312159999996,1.522,0
2024-12-06 22:30:00,780.68,24.275717299999997,1.531,0
2024-12-06 23:00:00,780.83,24.273782000000097,1.542,0
2024-12-06 23:30:00,781.17,24.13350330000003,1.551,0
2024-12-07 00:00:00,781.41,24.19403609999995,1.557,0
2024-12-07 00:30:00,781.77,24.08905290000007,1.563,0
2024-12-07 01:00:00,781.84,24.043826800000033,1.564,0
2024-12-07 01:30:00,781.79,23.969354000000067,1.565,0
2024-12-07 02:00:00,781.82,23.99017670000012,1.561,0
2024-12-07 02:30:00,781.89,24.03672359999996,1.56,0
2024-12-07 03:00:00,781.95,24.024324900000124,1.556,0
2024-12-07 03:30:00,782.06,24.067024699999934,1.552,0
2024-12-07 04:00:00,782.11,24.008936500000118,1.547,0
2024-12-07 04:30:00,782.31,24.076375499999926,1.543,0
2024-12-07 05:00:00,782.56,24.13365220000003,1.539,0
2024-12-07 05:30:00,782.59,24.212597800000026,1.532,0
2024-12-07 06:00:00,782.72,24.16211090000013,1.525,0
2024-12-07 06:30:00,782.8,24.238032100000055,1.523,0
2024-12-07 07:00:00,782.78,24.278194400000075,1.516,0
2024-12-07 07:30:00,782.78,24.257800400000065,1.511,0
2024-12-07 08:00:00,782.64,24.374764800000094,1.504,0
2024-12-07 08:30:00,782.48,24.41564570000014,1.498,0
2024-12-07 09:00:00,782.44,24.423571600000173,1.489,0
2024-12-07 09:30:00,782.34,24.44899470000007,1.483,0
2024-12-07 10:00:00,782.36,24.495506900000123,1.478,0
2024-12-07 10:30:00,782.38,24.53692060000003,1.469,0
2024-12-07 11:00:00,782.36,24.601555700000176,1.462,0
2024-12-07 11:30:00,782.52,24.59024610000006,1.458,0
2024-12-07 12:00:00,782.48,24.668531300000154,1.452,0
2024-12-07 12:30:00,782.52,24.614718899999957,1.445,0
2024-12-07 13:00:00,782.51,24.597581000000105,1.438,0
2024-12-07 13:30:00,782.68,24.66255190000004,1.431,0
2024-12-07 14:00:00,782.78,24.609596900000042,1.428,0
2024-12-07 14:30:00,782.93,24.67394210000009,1.422,0
2024-12-07 15:00:00,782.98,24.656641900000068,1.415,0
2024-12-07 15:30:00,783.04,24.614671899999962,1.41,0
2024-12-07 16:00:00,783.04,24.686050900000055,1.404,0
2024-12-07 16:30:00,782.87,24.61598150000009,1.401,0
2024-12-07 17:00:00,782.75,24.526572500000043,1.398,0
2024-12-07 17:30:00,782.56,24.423246999999947,1.396,0
2024-12-07 18:00:00,782.4,24.362157900000057,1.402,0
2024-12-07 18:30:00,782.23,24.352250800000093,1.408,0
2024-12-07 19:00:00,781.81,24.32891410000002,1.413,0
2024-12-07 19:30:00,781.59,24.30061770000009,1.416,0
2024-12-07 20:00:00,781.44,24.33416370000009,1.421,0
2024-12-07 20:30:00,781.22,24.407837300000097,1.432,0
2024-12-07 21:00:00,780.9,24.463086900000008,1.442,0
2024-12-07 21:30:00,780.77,24.485022200000003,1.455,0
2024-12-07 22:00:00,780.67,24.493110399999978,1.469,0
2024-12-07 22:30:00,780.92,24.499402099999998,1.483,0
2024-12-07 23:00:00,780.86,24.543411500000047,1.498,0
2024-12-07 23:30:00,780.81,24.418973399999913,1.511,0
2024-12-08 00:00:00,780.84,24.48670230000016,1.516,0
2024-12-08 00:30:00,780.89,24.44187020000004,1.523,0
2024-12-08 01:00:00,781.11,24.386551199999985,1.523,0
2024-12-08 01:30:00,781.15,24.366388899999947,1.524,0
2024-12-08 02:00:00,781.25,24.30425660000003,1.517,0
2024-12-08 02:30:00,781.28,24.29142920000004,1.513,0
2024-12-08 03:00:00,781.17,24.331325100000072,1.509,0
2024-12-08 03:30:00,781.29,24.310606500000063,1.503,0
2024-12-08 04:00:00,781.34,24.29840480000007,1.497,0
2024-12-08 04:30:00,781.4,24.301301599999988,1.493,0
2024-12-08 05:00:00,781.38,24.321069899999998,1.487,0
2024-12-08 05:30:00,781.21,24.37336449999998,1.484,0
2024-12-08 06:00:00,781.1,24.34494050000012,1.478,0
2024-12-08 06:30:00,781.05,24.34592550000002,1.473,0
2024-12-08 07:00:00,780.95,24.376447100000064,1.47,0
2024-12-08 07:30:00,780.9,24.443712600000026,1.464,0
2024-12-08 08:00:00,780.68,24.48679519999996,1.458,0
2024-12-08 08:30:00,780.37,24.46435059999999,1.452,0
2024-12-08 09:00:00,780.05,24.531836599999906,1.447,0
2024-12-08 09:30:00,779.93,24.486274699999967,1.443,0
2024-12-08 10:00:00,779.97,24.479368500000078,1.439,0
2024-12-08 10:30:00,780.03,24.54140790000008,1.432,0
2024-12-08 11:00:00,779.88,24.4994961000001,1.43,0
2024-12-08 11:30:00,779.96,24.531570200000147,1.422,0
2024-12-08 12:00:00,779.86,24.54067810000015,1.416,0
2024-12-08 12:30:00,779.8,24.54593890000001,1.412,0
2024-12-08 13:00:00,779.86,24.551894800000014,1.406,0
2024-12-08 13:30:00,779.85,24.528638699999988,1.403,0
2024-12-08 14:00:00,779.92,24.514003600000024,1.398,0
2024-12-08 14:30:00,779.95,24.584791600000017,1.392,0
2024-12-08 15:00:00,779.99,24.57380660000001,1.388,0
2024-12-08 15:30:00,780.02,24.493679000000043,1.382,0
2024-12-08 16:00:00,780.02,24.52630940000006,1.378,0
2024-12-08 16:30:00,779.99,24.55035350000003,1.373,0
2024-12-08 17:00:00,779.8,24.503111500000045,1.372,0
2024-12-08 17:30:00,779.8,24.45416590000002,1.376,0
2024-12-08 18:00:00,779.69,24.487943600000108,1.381,0
2024-12-08 18:30:00,779.49,24.52859280000007,1.385,0
2024-12-08 19:00:00,779.09,24.55278800000019,1.39,0
2024-12-08 19:30:00,778.9,24.53307790000008,1.399,0
2024-12-08 20:00:00,778.87,24.56833870000014,1.413,0
2024-12-08 20:30:00,778.65,24.659347199999957,1.427,0
2024-12-08 21:00:00,778.3,24.7243651,1.444,0
2024-12-08 21:30:00,778.17,24.64840920000006,1.46,0
2024-12-08 22:00:00,778.13,24.72261560000004,1.479,0
2024-12-08 22:30:00,778.02,24.71764470000005,1.494,0
2024-12-08 23:00:00,777.97,24.6717235000001,1.507,0
2024-12-08 23:30:00,777.98,24.762279799999988,1.518,0
2024-12-09 00:00:00,778.04,24.680541500000004,1.526,0
2024-12-09 00:30:00,778.04,24.808004000000096,1.53,0
2024-12-09 01:00:00,778.01,24.69642799999997,1.525,0
2024-12-09 01:30:00,778.12,24.66061090000005,1.52,0
2024-12-09 02:00:00,778.23,24.604399800000124,1.512,0
2024-12-09 02:30:00,778.37,24.602661500000067,1.503,0
2024-12-09 03:00:00,778.4,24.512336900000037,1.494,0
2024-12-09 03:30:00,778.49,24.523820000000114,1.484,0
2024-12-09 04:00:00,778.53,24.494480400000043,1.476,0
2024-12-09 04:30:00,778.45,24.531745900000146,1.464,0
2024-12-09 05:00:00,778.47,24.441618300000073,1.454,0
2024-12-09 05:30:00,778.56,24.438825599999973,1.442,0
2024-12-09 06:00:00,778.5,24.481815300000108,1.431,0
2024-12-09 06:30:00,778.43,24.532139899999947,1.423,0
2024-12-09 07:00:00,778.46,24.485662400000137,1.414,0
2024-12-09 07:30:00,778.42,24.479312499999992,1.403,0
2024-12-09 08:00:00,778.24,24.519567700000152,1.391,0
2024-12-09 08:30:00,778.21,24.490587400000095,1.38,0
2024-12-09 09:00:00,778.2,24.48364650000019,1.369,0
2024-12-09 09:30:00,778.14,24.458316300000092,1.362,0
2024-12-09 10:00:00,778.2,24.43877970000017,1.35,0
2024-12-09 10:30:00,778.24,24.465523600000097,1.342,0
2024-12-09 11:00:00,778.32,24.43131720000008,1.334,0
2024-12-09 11:30:00,778.3,24.48065680000002,1.324,0
2024-12-09 12:00:00,778.25,24.435755300000096,1.316,0
2024-12-09 12:30:00,778.26,24.43453860000011,1.308,0
2024-12-09 13:00:00,778.19,24.374735600000122,1.299,0
2024-12-09 13:30:00,778.26,24.475326600000017,1.297,0
2024-12-09 14:00:00,778.32,24.45171120000009,1.291,0
2024-12-09 14:30:00,778.52,24.482440999999994,1.286,0
2024-12-09 15:00:00,778.67,24.44685560000005,1.277,0
2024-12-09 15:30:00,778.69,24.431166100000155,1.272,0
2024-12-09 16:00:00,778.82,24.359265500000106,1.267,0
2024-12-09 16:30:00,779.01,24.30861630000004,1.26,0
2024-12-09 17:00:00,779.0,24.234375200000045,1.255,0
2024-12-09 17:30:00,779.0,24.138523400000054,1.258,0
2024-12-09 18:00:00,779.06,24.099612500000035,1.264,0
2024-12-09 18:30:00,779.03,24.18789770000012,1.276,0
2024-12-09 19:00:00,778.79,24.2364728,1.286,0
2024-12-09 19:30:00,778.46,24.242973800000073,1.298,0
2024-12-09 20:00:00,778.28,24.157805900000085,1.307,0
2024-12-09 20:30:00,778.23,24.261780600000066,1.319,0
2024-12-09 21:00:00,778.12,24.172174600000062,1.331,0
2024-12-09 21:30:00,778.2,24.343947600000206,1.346,0
2024-12-09 22:00:00,778.14,24.228883800000062,1.357,0
2024-12-09 22:30:00,778.28,24.19553480000002,1.373,0
2024-12-09 23:00:00,778.55,24.13005350000003,1.387,0
2024-12-09 23:30:00,778.9,24.24960130000011,1.397,0
2024-12-10 00:00:00,779.29,24.296982100000037,1.401,0
2024-12-10 00:30:00,779.21,24.122150000000147,1.402,0
2024-12-10 01:00:00,779.51,24.125417300000095,1.395,0
2024-12-10 01:30:00,779.85,24.115660200000093,1.388,0
2024-12-10 02:00:00,780.08,24.162114200000133,1.382,0
2024-12-10 02:30:00,779.99,24.002774600000066,1.373,0
2024-12-10 03:00:00,780.05,23.991395600000033,1.367,0
2024-12-10 03:30:00,780.06,23.90656350000006,1.358,0
2024-12-10 04:00:00,780.3,23.831476199999997,1.351,0
2024-12-10 04:30:00,780.52,23.82612250000011,1.344,0
2024-12-10 05:00:00,780.67,23.92411780000009,1.339,0
2024-12-10 05:30:00,780.91,23.89389730000005,1.333,0
2024-12-10 06:00:00,781.18,23.827396300000032,1.325,0
2024-12-10 06:30:00,781.37,23.874638300000015,1.314,0
2024-12-10 07:00:00,781.83,23.788079100000118,1.31,0
2024-12-10 07:30:00,782.05,23.959133500000007,1.305,0
2024-12-10 08:00:00,781.96,23.93541400000015,1.3,0
2024-12-10 08:30:00,781.96,24.057778000000212,1.293,0
2024-12-10 09:00:00,782.01,24.030280800000014,1.286,0
2024-12-10 09:30:00,782.35,23.95118410000009,1.278,0
2024-12-10 10:00:00,782.81,23.929885700000114,1.271,0
2024-12-10 10:30:00,782.98,23.909201800000005,1.264,0
2024-12-10 11:00:00,783.15,23.97417269999994,1.258,0
2024-12-10 11:30:00,783.07,24.012457900000072,1.254,0
2024-12-10 12:00:00,783.04,24.05995509999991,1.249,0
2024-12-10 12:30:00,783.21,24.051507600000036,1.241,0
2024-12-10 13:00:00,783.35,24.019178300000135,1.235,0
2024-12-10 13:30:00,783.52,24.031124800000043,1.23,0
2024-12-10 14:00:00,783.67,24.082213900000056,1.228,0
2024-12-10 14:30:00,783.91,24.041796400000067,1.216,0
2024-12-10 15:00:00,784.04,24.06574760000001,1.214,0
2024-12-10 15:30:00,784.03,24.012920200000053,1.208,0
2024-12-10 16:00:00,784.33,24.010069300000055,1.2,0
2024-12-10 16:30:00,784.48,23.9020852000001,1.196,0
2024-12-10 17:00:00,784.48,23.789918200000102,1.192,0
2024-12-10 17:30:00,784.57,23.72390410000014,1.198,0
2024-12-10 18:00:00,784.53,23.70225870000013,1.206,0
2024-12-10 18:30:00,784.35,23.74455330000012,1.218,0
2024-12-10 19:00:00,783.99,23.721054300000105,1.232,0
2024-12-10 19:30:00,783.5,23.620579700000008,1.243,0
2024-12-10 20:00:00,783.13,23.627868700000022,1.254,0
2024-12-10 20:30:00,782.93,23.653222400000004,1.274,0
2024-12-10 21:00:00,782.72,23.62676840000006,1.289,0
2024-12-10 21:30:00,782.88,23.747000100000037,1.307,0
2024-12-10 22:00:00,782.86,23.767788100000075,1.327,0
2024-12-10 22:30:00,782.97,23.78091660000007,1.344,0
2024-12-10 23:00:00,783.01,23.87292130000003,1.359,0
2024-12-10 23:30:00,783.09,23.918251499999997,1.371,0
2024-12-11 00:00:00,783.17,23.956443799999988,1.376,0
2024-12-11 00:30:00,783.15,23.932365000000004,1.373,0
2024-12-11 01:00:00,783.4,23.850962500000037,1.364,0
2024-12-11 01:30:00,783.35,23.793824599999994,1.356,0
2024-12-11 02:00:00,783.35,23.79688370000008,1.348,0
2024-12-11 02:30:00,783.27,23.768888400000037,1.337,0
2024-12-11 03:00:00,783.17,23.73210979999999,1.331,0
2024-12-11 03:30:00,783.19,23.68888840000011,1.322,0
2024-12-11 04:00:00,783.3,23.668366800000058,1.314,0
2024-12-11 04:30:00,783.31,23.724253299999987,1.306,0
2024-12-11 05:00:00,783.28,23.6973124000001,1.296,0
2024-12-11 05:30:00,783.27,23.668957800000044,1.287,0
2024-12-11 06:00:00,783.3,23.66734710000003,1.277,0
2024-12-11 06:30:00,783.3,23.676524400000062,1.271,0
2024-12-11 07:00:00,783.27,23.68629270000008,1.263,0
2024-12-11 07:30:00,783.18,23.761484100000075,1.254,0
2024-12-11 08:00:00,782.99,23.776443800000038,1.244,0
2024-12-11 08:30:00,782.81,23.815679300000056,1.238,0
2024-12-11 09:00:00,782.68,23.80600389999995,1.234,0
2024-12-11 09:30:00,782.52,23.830569600000103,1.224,0
2024-12-11 10:00:00,782.51,23.838924200000065,1.218,0
2024-12-11 10:30:00,782.26,23.802041500000087,1.21,0
2024-12-11 11:00:00,782.02,23.867951500000117,1.205,0
2024-12-11 11:30:00,781.74,23.826561300000094,1.199,0
2024-12-11 12:00:00,781.71,23.820014400000105,1.194,0
2024-12-11 12:30:00,781.51,23.874939400000017,1.187,0
2024-12-11 13:00:00,781.53,23.779713300000026,1.18,0
2024-12-11 13:30:00,781.75,23.756005000000073,1.177,0
2024-12-11 14:00:00,781.63,23.85014200000012,1.171,0
2024-12-11 14:30:00,781.47,23.855333400000177,1.167,0
2024-12-11 15:00:00,781.33,23.92641130000004,1.162,0
2024-12-11 15:30:00,781.09,23.87607550000007,1.157,0
2024-12-11 16:00:00,780.97,23.839690900000164,1.151,0
2024-12-11 16:30:00,780.99,23.848474200000055,1.146,0
2024-12-11 17:00:00,780.76,23.831591499999945,1.145,0
2024-12-11 17:30:00,780.62,23.75889170000005,1.146,0
2024-12-11 18:00:00,780.51,23.792669400000023,1.155,0
2024-12-11 18:30:00,780.24,23.903017500000033,1.168,0
2024-12-11 19:00:00,779.73,23.891650800000093,1.182,0
2024-12-11 19:30:00,779.26,23.911106800000084,1.194,0
2024-12-11 20:00:00,778.81,23.875105000000076,1.209,0
2024-12-11 20:30:00,778.54,24.05275329999995,1.229,0
2024-12-11 21:00:00,778.2,24.218524500000058,1.246,0
2024-12-11 21:30:00,778.02,24.304666200000042,1.267,0
2024-12-11 22:00:00,777.69,24.291792900000132,1.286,0
2024-12-11 22:30:00,777.51,24.38405279999995,1.301,0
2024-12-11 23:00:00,777.47,24.434806100000174,1.315,0
2024-12-11 23:30:00,777.41,24.423751700000025,1.328,0
2024-12-12 00:00:00,777.39,24.434342700000002,1.331,0
2024-12-12 00:30:00,777.3,24.38003219999996,1.332,0
2024-12-12 01:00:00,777.18,24.39973109999994,1.324,0
2024-12-12 01:30:00,776.91,24.345907500000067,1.316,0
2024-12-12 02:00:00,776.77,24.332350300000144,1.308,0
2024-12-12 02:30:00,776.44,24.390856000000213,1.299,0
2024-12-12 03:00:00,776.09,24.249894500000096,1.288,0
2024-12-12 03:30:00,775.92,24.2634405,1.279,0
2024-12-12 04:00:00,775.59,24.25260660000015,1.271,0
2024-12-12 04:30:00,775.25,24.25114700000006,1.26,0
2024-12-12 05:00:00,774.82,24.207613300000162,1.249,0
2024-12-12 05:30:00,774.55,24.257799099999943,1.241,0
2024-12-12 06:00:00,774.04,24.155679100000043,1.229,0
2024-12-12 06:30:00,773.67,24.228228899999976,1.221,0
2024-12-12 07:00:00,773.35,24.211079800000107,1.214,0
2024-12-12 07:30:00,772.61,23.889156800000023,1.206,0
2024-12-12 08:00:00,772.02,23.956863300000123,1.197,0
2024-12-12 08:30:00,771.78,23.922842699999933,1.197,0
2024-12-12 09:00:00,771.47,23.947304300000155,1.195,0
2024-12-12 09:30:00,771.05,24.059587700000066,1.196,0
2024-12-12 10:00:00,770.81,24.103064300000028,1.195,0
2024-12-12 10:30:00,770.6,24.08374820000006,1.198,0
2024-12-12 11:00:00,770.39,24.23268260000009,1.197,0
2024-12-12 11:30:00,769.58,23.912138600000162,1.195,0
2024-12-12 12:00:00,769.07,23.89873250000005,1.195,0
2024-12-12 12:30:00,768.6,24.106833000000165,1.195,0
2024-12-12 13:00:00,768.45,24.308629500000052,1.194,0
2024-12-12 13:30:00,768.41,23.991271100000063,1.193,0
2024-12-12 14:00:00,768.09,24.275953200000117,1.193,0
2024-12-12 14:30:00,767.72,24.323010500000123,1.19,0
2024-12-12 15:00:00,767.57,24.315768500000104,1.188,0
2024-12-12 15:30:00,766.87,24.37340560000007,1.185,0
2024-12-12 16:00:00,766.07,24.13526030000014,1.183,0
2024-12-12 16:30:00,766.38,24.099582000000055,1.18,0
2024-12-12 17:00:00,766.75,24.16877050000005,1.18,0
2024-12-12 17:30:00,767.09,24.30992900000001,1.177,0
2024-12-12 18:00:00,767.47,24.343231000000173,1.176,0
2024-12-12 18:30:00,767.85,24.378572400000166,1.175,0
2024-12-12 19:00:00,767.13,24.617090400000052,1.174,0
2024-12-12 19:30:00,766.72,24.53339440000002,1.176,0
2024-12-12 20:00:00,766.84,24.488203000000112,1.177,0
2024-12-12 20:30:00,766.91,24.46133150000003,1.18,0
2024-12-12 21:00:00,767.03,24.406962799999974,1.182,0
2024-12-12 21:30:00,767.07,24.457159800000113,1.184,0
2024-12-12 22:00:00,767.22,24.365490900000054,1.185,0
2024-12-12 22:30:00,767.42,24.257541500000002,1.187,0
2024-12-12 23:00:00,767.64,24.273601500000154,1.188,0
2024-12-12 23:30:00,767.94,24.249336900000117,1.19,0
2024-12-13 00:00:00,768.01,24.201051700000107,1.192,0
2024-12-13 00:30:00,768.1,24.188062000000173,1.192,0
2024-12-13 01:00:00,768.27,24.091920300000083,1.192,0
2024-12-13 01:30:00,768.33,24.089718600000083,1.192,0
2024-12-13 02:00:00,768.52,24.000320800000054,1.19,0
2024-12-13 02:30:00,768.73,23.952336700000046,1.188,0
2024-12-13 03:00:00,768.93,23.930042100000037,1.188,0
2024-12-13 03:30:00,768.86,23.984445499999993,1.188,0
2024-12-13 04:00:00,768.86,23.933460500000024,1.188,0
2024-12-13 04:30:00,768.98,23.873993300000052,1.186,0
2024-12-13 05:00:00,768.98,23.914781300000072,1.185,0
2024-12-13 05:30:00,769.1,23.85021560000007,1.184,0
2024-12-13 06:00:00,769.05,23.788998900000024,1.183,0
2024-12-13 06:30:00,769.36,23.724769000000038,1.182,0
2024-12-13 07:00:00,769.53,23.73569580000003,1.181,0
2024-12-13 07:30:00,770.02,23.60979700000007,1.179,0
2024-12-13 08:00:00,769.98,23.780874900000185,1.177,0
2024-12-13 08:30:00,770.15,23.744895500000098,1.176,0
2024-12-13 09:00:00,770.7,23.613735900000165,1.176,0
2024-12-13 09:30:00,771.17,23.575925299999994,1.174,0
2024-12-13 10:00:00,771.23,23.554349300000126,1.172,0
2024-12-13 10:30:00,771.71,23.595878300000095,1.17,0
2024-12-13 11:00:00,771.82,23.554962700000146,1.166,0
2024-12-13 11:30:00,772.27,23.535900699999956,1.166,0
2024-12-13 12:00:00,772.36,23.549423200000092,1.166,0
2024-12-13 12:30:00,772.42,23.650211199999944,1.164,0
2024-12-13 13:00:00,772.24,23.630304100000103,1.16,0
2024-12-13 13:30:00,772.63,23.595089200000075,1.16,0
2024-12-13 14:00:00,772.62,23.656468200000063,1.157,0
2024-12-13 14:30:00,772.74,23.672458800000072,1.153,0
2024-12-13 15:00:00,772.55,23.495714900000053,1.151,0
2024-12-13 15:30:00,773.19,23.555505600000174,1.147,0
2024-12-13 16:00:00,773.81,23.48516870000003,1.144,0
2024-12-13 16:30:00,773.88,23.496026099999995,1.139,0
2024-12-13 17:00:00,774.26,23.39370800000006,1.136,0
2024-12-13 17:30:00,774.59,23.389246400000047,1.134,0
2024-12-13 18:00:00,775.23,23.3103579000001,1.131,0
2024-12-13 18:30:00,775.36,23.312895400000002,1.131,0
2024-12-13 19:00:00,775.3,23.30591979999997,1.132,0
2024-12-13 19:30:00,775.25,23.310983599999986,1.13,0
2024-12-13 20:00:00,775.11,23.40551460000006,1.133,0
2024-12-13 20:30:00,774.9,23.405572800000073,1.132,0
2024-12-13 21:00:00,774.85,23.412676000000147,1.133,0
2024-12-13 21:30:00,774.78,23.47217790000002,1.134,0
2024-12-13 22:00:00,774.54,23.40042840000001,1.135,0
2024-12-13 22:30:00,774.75,23.44625670000005,1.137,0
2024-12-13 23:00:00,775.25,23.409894500000064,1.135,0
2024-12-13 23:30:00,775.36,23.38631380000004,1.137,0
2024-12-14 00:00:00,775.32,23.52272190000008,1.137,0
2024-12-14 00:30:00,775.75,23.543822200000136,1.138,0
2024-12-14 01:00:00,775.75,23.467344700000012,1.14,0
2024-12-14 01:30:00,775.79,23.442083900000057,1.14,0
2024-12-14 02:00:00,775.85,23.472512600000073,1.138,0
2024-12-14 02:30:00,775.79,23.52162050000004,1.138,0
2024-12-14 03:00:00,775.77,23.372118600000135,1.139,0
2024-12-14 03:30:00,775.79,23.54609329999994,1.138,0
2024-12-14 04:00:00,775.84,23.471689900000115,1.139,0
2024-12-14 04:30:00,775.71,23.533393500000102,1.14,0
2024-12-14 05:00:00,775.55,23.46924530000001,1.139,0
2024-12-14 05:30:00,775.22,23.502258500000153,1.139,0
2024-12-14 06:00:00,774.87,23.597867400000155,1.139,0
2024-12-14 06:30:00,774.37,23.56590970000002,1.139,0
2024-12-14 07:00:00,774.26,23.579293399999983,1.14,0
2024-12-14 07:30:00,774.03,23.422711800000002,1.138,0
2024-12-14 08:00:00,773.78,23.594867600000043,1.139,0
2024-12-14 08:30:00,773.97,23.568691200000103,1.139,0
2024-12-14 09:00:00,774.45,23.552097300000128,1.139,0
2024-12-14 09:30:00,774.56,23.60397439999997,1.137,0
2024-12-14 10:00:00,774.92,23.61931579999998,1.14,0
2024-12-14 10:30:00,775.23,23.632583100000033,1.136,0
2024-12-14 11:00:00,775.41,23.668805399999997,1.137,0
2024-12-14 11:30:00,775.54,23.64075189999994,1.137,0
2024-12-14 12:00:00,774.41,23.753766200000086,1.135,0
2024-12-14 12:30:00,773.55,23.79824009999993,1.131,0
2024-12-14 13:00:00,772.94,24.077418500000135,1.134,0
2024-12-14 13:30:00,772.58,23.999875400000064,1.131,0
2024-12-14 14:00:00,771.89,23.970641000000114,1.131,0
2024-12-14 14:30:00,771.24,24.134361600000034,1.13,0
2024-12-14 15:00:00,771.28,24.12745540000003,1.13,0
2024-12-14 15:30:00,771.09,23.916041700000164,1.13,0
2024-12-14 16:00:00,771.19,23.86104730000011,1.129,0
2024-12-14 16:30:00,771.16,23.67503320000003,1.129,0
2024-12-14 17:00:00,770.26,23.95176700000013,1.13,0
2024-12-14 17:30:00,770.23,24.435695800000076,1.129,0
2024-12-14 18:00:00,769.85,23.977178900000126,1.129,0
2024-12-14 18:30:00,769.71,24.247098300000175,1.127,0
2024-12-14 19:00:00,769.45,24.57750460000011,1.126,0
2024-12-14 19:30:00,768.96,24.81149160000018,1.126,0
2024-12-14 20:00:00,769.59,24.982626600000117,1.125,0
2024-12-14 20:30:00,768.93,24.81310229999997,1.125,0
2024-12-14 21:00:00,769.33,25.14274300000011,1.125,0
2024-12-14 21:30:00,769.61,25.356462500000134,1.124,0
2024-12-14 22:00:00,770.37,25.186496100000113,1.124,0
2024-12-14 22:30:00,770.92,25.110400299999924,1.122,0
2024-12-14 23:00:00,771.82,25.298649700000055,1.121,0
2024-12-14 23:30:00,772.29,24.970224599999938,1.117,0
2024-12-15 00:00:00,773.34,25.104534000000058,1.118,0
2024-12-15 00:30:00,774.17,25.069828400000006,1.115,0
2024-12-15 01:00:00,774.82,24.932620000000043,1.113,0
2024-12-15 01:30:00,775.49,24.77462360000004,1.113,0
2024-12-15 02:00:00,775.71,24.732560700000022,1.115,0
2024-12-15 02:30:00,775.79,24.641251099999977,1.113,0
2024-12-15 03:00:00,775.61,24.518354300000055,1.112,0
2024-12-15 03:30:00,775.73,24.52210850000006,1.113,0
2024-12-15 04:00:00,775.71,24.456222000000025,1.116,0
2024-12-15 04:30:00,775.68,24.39155219999998,1.116,0
2024-12-15 05:00:00,776.01,24.30245549999995,1.116,0
2024-12-15 05:30:00,776.31,24.335294100000056,1.115,0
2024-12-15 06:00:00,776.5,24.3050389,1.116,0
2024-12-15 06:30:00,776.95,24.34715890000018,1.116,0
2024-12-15 07:00:00,777.03,24.2945979000001,1.116,0
2024-12-15 07:30:00,776.92,24.30390280000006,1.115,0
2024-12-15 08:00:00,776.77,24.29054259999998,1.115,0
2024-12-15 08:30:00,776.64,24.3573447,1.115,0
2024-12-15 09:00:00,776.69,24.370635500000162,1.114,0
2024-12-15 09:30:00,776.79,24.36968520000005,1.113,0
2024-12-15 10:00:00,777.23,24.283520000000067,1.112,0
2024-12-15 10:30:00,777.53,24.344910200000072,1.112,0
2024-12-15 11:00:00,777.44,24.4333577000001,1.112,0
2024-12-15 11:30:00,777.49,24.362013400000137,1.113,0
2024-12-15 12:00:00,777.66,24.384156900000107,1.109,0
2024-12-15 12:30:00,777.61,24.430008700000144,1.11,0
2024-12-15 13:00:00,777.62,24.430831400000102,1.109,0
2024-12-15 13:30:00,777.59,24.347807000000103,1.109,0
2024-12-15 14:00:00,777.96,24.522024600000123,1.109,0
2024-12-15 14:30:00,778.28,24.47799169999996,1.108,0
2024-12-15 15:00:00,778.27,24.50164180000013,1.107,0
2024-12-15 15:30:00,778.38,24.497435400000086,1.106,0
2024-12-15 16:00:00,778.36,24.48355360000005,1.106,0
2024-12-15 16:30:00,778.5,24.488953200000083,1.105,0
2024-12-15 17:00:00,778.63,24.427249600000096,1.106,0
2024-12-15 17:30:00,778.66,24.541884700000082,1.106,0
2024-12-15 18:00:00,778.65,24.532904400000007,1.103,0
2024-12-15 18:30:00,778.42,24.517041399999925,1.104,0
2024-12-15 19:00:00,778.47,24.48852450000004,1.104,0
2024-12-15 19:30:00,778.53,24.614805000000047,1.103,0
2024-12-15 20:00:00,778.38,24.61674030000006,1.102,0
2024-12-15 20:30:00,778.5,24.61641570000006,1.103,0
2024-12-15 21:00:00,778.38,24.638153999999986,1.102,0
2024-12-15 21:30:00,778.3,24.6366708999999,1.102,0
2024-12-15 22:00:00,778.44,24.652267500000107,1.103,0
2024-12-15 22:30:00,778.71,24.657145500000183,1.099,0
2024-12-15 23:00:00,778.75,24.600274000000127,1.101,0
2024-12-15 23:30:00,778.96,24.690969100000075,1.101,0
2024-12-16 00:00:00,779.01,24.766461599999957,1.102,0
2024-12-16 00:30:00,778.95,24.747249600000146,1.101,0
2024-12-16 01:00:00,779.22,24.70012290000011,1.099,0
2024-12-16 01:30:00,779.49,24.80595119999998,1.1,0
2024-12-16 02:00:00,779.77,24.86161720000007,1.1,0
2024-12-16 02:30:00,780.19,24.857422000000156,1.098,0
2024-12-16 03:00:00,780.35,24.985811300000023,1.099,0
2024-12-16 03:30:00,780.24,24.983899500000007,1.099,0
2024-12-16 04:00:00,780.27,25.100573999999938,1.097,0
2024-12-16 04:30:00,780.37,25.088407000000075,1.096,0
2024-12-16 05:00:00,780.6,25.09509270000001,1.096,0
2024-12-16 05:30:00,780.86,25.125660200000084,1.095,0
2024-12-16 06:00:00,781.11,25.232902200000126,1.095,0
2024-12-16 06:30:00,781.05,25.311581400000023,1.092,0
2024-12-16 07:00:00,780.74,25.30647170000009,1.093,0
2024-12-16 07:30:00,780.9,25.31759550000004,1.094,0
2024-12-16 08:00:00,780.76,25.402949199999966,1.092,0
2024-12-16 08:30:00,780.6,25.4754408,1.092,0
2024-12-16 09:00:00,780.57,25.44646050000017,1.091,0
2024-12-16 09:30:00,780.97,25.444698700000117,1.09,0
2024-12-16 10:00:00,780.88,25.497456700000043,1.091,0
2024-12-16 10:30:00,780.82,25.443574900000158,1.09,0
2024-12-16 11:00:00,780.78,25.52593890000003,1.09,0
2024-12-16 11:30:00,780.52,25.594282300000145,1.088,0
2024-12-16 12:00:00,780.4,25.57523260000005,1.089,0
2024-12-16 12:30:00,780.4,25.47632169999997,1.087,0
2024-12-16 13:00:00,780.37,25.57378420000009,1.086,0
2024-12-16 13:30:00,780.06,25.648211100000026,1.087,0
2024-12-16 14:00:00,779.96,25.730737400000066,1.085,0
2024-12-16 14:30:00,779.92,25.72642689999998,1.087,0
2024-12-16 15:00:00,779.92,25.75293910000005,1.086,0
2024-12-16 15:30:00,779.9,25.634028200000103,1.084,0
2024-12-16 16:00:00,780.21,25.757423100000096,1.084,0
2024-12-16 16:30:00,780.52,25.754375200000027,1.084,0
2024-12-16 17:00:00,780.6,25.794606900000076,1.085,0
2024-12-16 17:30:00,780.04,25.748535699999934,1.083,0
2024-12-16 18:00:00,780.37,25.782822699999997,1.084,0
2024-12-16 18:30:00,780.56,25.79947370000002,1.081,0
2024-12-16 19:00:00,780.26,25.794167000000016,1.081,0
2024-12-16 19:30:00,779.82,25.984341600000107,1.082,0
2024-12-16 20:00:00,779.32,25.860610900000097,1.081,0
2024-12-16 20:30:00,778.77,25.923450600000024,1.079,0
2024-12-16 21:00:00,778.4,25.936857800000098,1.078,0
2024-12-16 21:30:00,778.14,25.975629900000058,1.079,0
2024-12-16 22:00:00,779.55,26.073276000000078,1.079,0
2024-12-16 22:30:00,779.83,26.34409870000013,1.077,0
2024-12-16 23:00:00,779.4,26.430066900000043,1.075,0
2024-12-16 23:30:00,779.87,26.3402516000001,1.076,0
2024-12-17 00:00:00,780.08,26.399336000000062,1.074,0
2024-12-17 00:30:00,780.04,26.501074300000028,1.071,0
2024-12-17 01:00:00,779.8,26.521097800000007,1.071,0
2024-12-17 01:30:00,779.84,26.677343600000086,1.071,0
2024-12-17 02:00:00,779.99,26.65807340000015,1.071,0
2024-12-17 02:30:00,780.02,26.708467400000018,1.068,0
2024-12-17 03:00:00,779.86,26.747308900000007,1.067,0
2024-12-17 03:30:00,779.93,26.715338900000006,1.068,0
2024-12-17 04:00:00,780.27,26.687227200000052,1.069,0
2024-12-17 04:30:00,780.15,26.680413900000076,1.068,0
2024-12-17 05:00:00,780.49,26.726740300000074,1.067,0
2024-12-17 05:30:00,780.39,26.782754400000158,1.069,0
2024-12-17 06:00:00,780.53,26.788153999999963,1.066,0
2024-12-17 06:30:00,780.73,26.7709579000001,1.066,0
2024-12-17 07:00:00,781.38,26.82443340000009,1.064,0
2024-12-17 07:30:00,781.67,26.95332080000003,1.064,0
2024-12-17 08:00:00,781.77,26.966646300000093,1.062,0
2024-12-17 08:30:00,782.17,26.992416400000025,1.063,0
2024-12-17 09:00:00,782.27,27.096495199999936,1.06,0
2024-12-17 09:30:00,782.11,27.12412000000006,1.06,0
2024-12-17 10:00:00,782.38,27.089229700000033,1.06,0
2024-12-17 10:30:00,782.48,26.95979720000014,1.06,0
2024-12-17 11:00:00,782.5,27.02568370000006,1.058,0
2024-12-17 11:30:00,782.49,27.00038820000009,1.058,0
2024-12-17 12:00:00,782.61,26.981709000000137,1.057,0
2024-12-17 12:30:00,782.58,26.935393800000043,1.058,0
2024-12-17 13:00:00,782.47,26.899831900000095,1.056,0
2024-12-17 13:30:00,782.51,26.80217240000013,1.058,0
2024-12-17 14:00:00,782.86,26.791198600000143,1.058,0
2024-12-17 14:30:00,782.99,26.740711700000134,1.059,0
2024-12-17 15:00:00,783.12,26.707559700000047,1.06,0
2024-12-17 15:30:00,783.16,26.592565300000047,1.059,0
2024-12-17 16:00:00,783.63,26.584326000000033,1.058,0
2024-12-17 16:30:00,783.99,26.585391600000094,1.057,0
2024-12-17 17:00:00,784.37,26.540176700000075,1.058,0
2024-12-17 17:30:00,784.68,26.462690700000053,1.057,0
2024-12-17 18:00:00,784.97,26.43658370000003,1.058,0
2024-12-17 18:30:00,784.98,26.401716899999997,1.057,0
2024-12-17 19:00:00,784.98,26.409874500000114,1.057,0
2024-12-17 19:30:00,784.57,26.39755750000006,1.058,0
2024-12-17 20:00:00,784.56,26.380419599999982,1.058,0
2024-12-17 20:30:00,784.15,26.395634500000142,1.057,0
2024-12-17 21:00:00,783.79,26.207963800000016,1.059,0
2024-12-17 21:30:00,784.17,26.183142900000007,1.056,0
2024-12-17 22:00:00,784.21,26.183374600000093,1.058,0
2024-12-17 22:30:00,784.17,26.143374600000016,1.06,0
2024-12-17 23:00:00,784.18,26.125842699999907,1.06,0
2024-12-17 23:30:00,784.48,25.980233800000065,1.059,0
2024-12-18 00:00:00,784.61,26.042933600000083,1.059,0
2024-12-18 00:30:00,784.82,25.959260000000086,1.061,0
2024-12-18 01:00:00,785.19,25.824508500000206,1.061,0
2024-12-18 01:30:00,785.64,25.769757000000027,1.062,0
2024-12-18 02:00:00,786.01,25.691089000000034,1.059,0
2024-12-18 02:30:00,786.2,25.652676200000087,1.063,0
2024-12-18 03:00:00,786.28,25.718400400000064,1.061,0
2024-12-18 03:30:00,786.41,25.6138694,1.062,0
2024-12-18 04:00:00,786.32,25.618701500000157,1.061,0
2024-12-18 04:30:00,786.21,25.55050920000008,1.06,0
2024-12-18 05:00:00,786.17,25.538041099999987,1.062,0
2024-12-18 05:30:00,786.32,25.553440700000124,1.061,0
2024-12-18 06:00:00,786.38,25.567554200000018,1.06,0
2024-12-18 06:30:00,786.34,25.51429810000002,1.057,0
2024-12-18 07:00:00,786.34,25.53979060000006,1.057,0
2024-12-18 07:30:00,786.35,25.552849700000138,1.058,0
2024-12-18 08:00:00,786.32,25.46982530000014,1.058,0
2024-12-18 08:30:00,786.39,25.501076700000112,1.057,0
2024-12-18 09:00:00,786.45,25.527426600000013,1.056,0
2024-12-18 09:30:00,786.53,25.499338400000056,1.055,0
2024-12-18 10:00:00,786.72,25.485398400000122,1.054,0
2024-12-18 10:30:00,786.9,25.581782999999973,1.052,0
2024-12-18 11:00:00,786.86,25.66006820000007,1.052,0
2024-12-18 11:30:00,786.8,25.670427500000073,1.054,0
2024-12-18 12:00:00,786.83,25.68921080000007,1.052,0
2024-12-18 12:30:00,786.8,25.671447200000102,1.051,0
2024-12-18 13:00:00,786.98,25.688295200000084,1.048,0
2024-12-18 13:30:00,787.05,25.69609349999996,1.05,0
2024-12-18 14:00:00,787.09,25.729975300000092,1.047,0
2024-12-18 14:30:00,787.22,25.801852400000143,1.047,0
2024-12-18 15:00:00,787.4,25.7983064,1.045,0
2024-12-18 15:30:00,787.57,25.7969968000001,1.043,0
2024-12-18 16:00:00,787.68,25.87742549999996,1.043,0
2024-12-18 16:30:00,787.72,25.898051200000054,1.044,0
2024-12-18 17:00:00,787.84,25.888549300000022,1.044,0
2024-12-18 17:30:00,787.89,25.926312900000084,1.043,0
2024-12-18 18:00:00,787.85,25.995420800000034,1.041,0
2024-12-18 18:30:00,787.56,26.032744500000035,1.041,0
2024-12-18 19:00:00,787.17,26.009836500000006,1.041,0
2024-12-18 19:30:00,786.74,26.027484800000025,1.039,0
2024-12-18 20:00:00,786.32,25.993951100000118,1.038,0
2024-12-18 20:30:00,785.89,26.108470900000043,1.041,0
2024-12-18 21:00:00,785.51,26.07924770000011,1.04,0
2024-12-18 21:30:00,785.34,26.099931600000104,1.04,0
2024-12-18 22:00:00,785.12,26.11344290000011,1.041,0
2024-12-18 22:30:00,785.14,26.1783097,1.042,0
2024-12-18 23:00:00,785.17,26.23074310000004,1.045,0
2024-12-18 23:30:00,785.23,26.195911000000137,1.046,0
2024-12-19 00:00:00,785.19,25.976443800000084,1.05,0
2024-12-19 00:30:00,785.5,26.2007890000001,1.052,0
2024-12-19 01:00:00,785.64,26.19497190000004,1.051,0
2024-12-19 01:30:00,785.84,26.198169800000073,1.052,0
2024-12-19 02:00:00,785.86,26.095805800000107,1.051,0
2024-12-19 02:30:00,785.91,26.07442679999997,1.051,0
2024-12-19 03:00:00,786.07,26.05801870000016,1.051,0
2024-12-19 03:30:00,786.24,26.0750637000001,1.049,0
2024-12-19 04:00:00,786.31,26.082861999999977,1.05,0
2024-12-19 04:30:00,786.32,26.05921190000015,1.048,0
2024-12-19 05:00:00,786.58,26.097937000000115,1.049,0
2024-12-19 05:30:00,786.54,26.06201580000004,1.047,0
2024-12-19 06:00:00,786.6,26.089385400000083,1.047,0
2024-12-19 06:30:00,786.61,26.143232500000067,1.046,0
2024-12-19 07:00:00,786.72,26.130868500000133,1.046,0
2024-12-19 07:30:00,786.65,26.178134,1.044,0
2024-12-19 08:00:00,786.43,26.161054300000046,1.043,0
2024-12-19 08:30:00,786.16,26.214299200000028,1.042,0
2024-12-19 09:00:00,786.15,26.282816100000105,1.042,0
2024-12-19 09:30:00,786.07,26.253801100000146,1.04,0
2024-12-19 10:00:00,786.08,26.299490600000127,1.039,0
2024-12-19 10:30:00,786.13,26.301564700000085,1.039,0
2024-12-19 11:00:00,785.98,26.345307700000035,1.038,0
2024-12-19 11:30:00,785.9,26.413164200000097,1.037,0
2024-12-19 12:00:00,785.78,26.46651320000001,1.037,0
2024-12-19 12:30:00,785.65,26.463975700000105,1.035,0
2024-12-19 13:00:00,785.62,26.553280599999994,1.034,0
2024-12-19 13:30:00,785.72,26.59311830000013,1.031,0
2024-12-19 14:00:00,785.87,26.59934060000012,1.033,0
2024-12-19 14:30:00,786.1,26.667208300000084,1.032,0
2024-12-19 15:00:00,786.42,26.724125699999945,1.03,0
2024-12-19 15:30:00,786.56,26.832515000000058,1.03,0
2024-12-19 16:00:00,786.77,26.830417399999988,1.026,0
2024-12-19 16:30:00,786.85,26.901240099999995,1.027,0
2024-12-19 17:00:00,786.82,26.901831100000095,1.024,0
2024-12-19 17:30:00,786.91,26.917392999999947,1.026,0
2024-12-19 18:00:00,786.89,26.95143710000002,1.024,0
2024-12-19 18:30:00,786.69,26.958436200000165,1.024,0
2024-12-19 19:00:00,786.51,27.07210980000002,1.023,0
2024-12-19 19:30:00,786.14,27.010059200000114,1.021,0
2024-12-19 20:00:00,785.87,27.040870700000028,1.022,0
2024-12-19 20:30:00,785.47,27.028356700000018,1.023,0
2024-12-19 21:00:00,785.18,26.992261999999982,1.024,0
2024-12-19 21:30:00,784.9,27.10280709999995,1.026,0
2024-12-19 22:00:00,784.75,27.13431370000012,1.032,0
2024-12-19 22:30:00,784.57,27.038948800000185,1.034,0
2024-12-19 23:00:00,784.84,27.19882120000011,1.038,0
2024-12-19 23:30:00,784.91,27.172969400000056,1.041,0
2024-12-20 00:00:00,784.89,27.183560400000147,1.045,0
2024-12-20 00:30:00,785.01,27.093502200000103,1.044,0
2024-12-20 01:00:00,785.0,27.116132600000014,1.046,0
2024-12-20 01:30:00,785.07,27.042354900000078,1.044,0
2024-12-20 02:00:00,785.08,27.081926199999998,1.047,0
2024-12-20 02:30:00,785.23,27.176862400000118,1.045,0
2024-12-20 03:00:00,785.24,27.190941199999997,1.045,0
2024-12-20 03:30:00,785.3,27.095946800000092,1.043,0
2024-12-20 04:00:00,785.36,27.035622200000034,1.042,0
2024-12-20 04:30:00,785.34,27.09821790000001,1.038,0
2024-12-20 05:00:00,785.47,27.09973570000011,1.04,0
2024-12-20 05:30:00,785.55,27.137927999999988,1.039,0
2024-12-20 06:00:00,785.67,27.18756869999993,1.037,0
2024-12-20 06:30:00,785.73,27.19658370000002,1.034,0
2024-12-20 07:00:00,785.85,27.285992700000065,1.033,0
2024-12-20 07:30:00,785.73,27.311809800000105,1.031,0
2024-12-20 08:00:00,785.63,27.373942100000136,1.03,0
2024-12-20 08:30:00,785.56,27.385518100000013,1.028,0
2024-12-20 09:00:00,785.68,27.470848300000057,1.026,0
2024-12-20 09:30:00,785.75,27.475587500000074,1.026,0
2024-12-20 10:00:00,785.84,27.47177510000006,1.023,0
2024-12-20 10:30:00,785.85,27.556213200000002,1.023,0
2024-12-20 11:00:00,786.02,27.665031200000044,1.021,0
2024-12-20 11:30:00,786.01,27.739666300000067,1.019,0
2024-12-20 12:00:00,785.9,27.79281830000002,1.018,0
2024-12-20 12:30:00,785.8,27.81008380000003,1.016,0
2024-12-20 13:00:00,785.71,27.846526600000175,1.016,0
2024-12-20 13:30:00,785.69,27.925437500000157,1.014,0
2024-12-20 14:00:00,785.81,28.048496599999908,1.013,0
2024-12-20 14:30:00,785.92,28.06876299999999,1.01,0
2024-12-20 15:00:00,786.09,28.10824140000011,1.009,0
2024-12-20 15:30:00,786.29,28.04923759999997,1.007,0
2024-12-20 16:00:00,786.49,28.156444899999997,1.007,0
2024-12-20 16:30:00,786.72,28.19066250000003,1.005,0
2024-12-20 17:00:00,786.81,28.274544300000116,1.004,0
2024-12-20 17:30:00,786.91,28.298066800000015,1.003,0
2024-12-20 18:00:00,786.84,28.347371700000167,1.001,0
2024-12-20 18:30:00,786.62,28.337429900000075,1.001,0
2024-12-20 19:00:00,786.22,28.323896200000036,0.998,0
2024-12-20 19:30:00,785.87,28.369539799999984,0.999,0
2024-12-20 20:00:00,785.39,28.27906519999999,0.998,0
2024-12-20 20:30:00,785.26,28.51003900000012,1.002,0
2024-12-20 21:00:00,784.98,28.485983700000133,1.004,0
2024-12-20 21:30:00,784.77,28.44729330000007,1.011,0
2024-12-20 22:00:00,784.79,28.39489459999993,1.017,0
2024-12-20 22:30:00,785.08,28.33921630000009,1.019,0
2024-12-20 23:00:00,785.01,28.439506199999983,1.027,0
2024-12-20 23:30:00,785.12,28.51279700000009,1.031,0
2024-12-21 00:00:00,785.34,28.525797900000043,1.03,0
2024-12-21 00:30:00,785.51,28.562217200000077,1.03,0
2024-12-21 01:00:00,785.67,28.54173030000004,1.033,0
2024-12-21 01:30:00,785.81,28.539992000000098,1.031,0
2024-12-21 02:00:00,786.15,28.554707699999994,1.029,0
2024-12-21 02:30:00,786.32,28.569713300000103,1.028,0
2024-12-21 03:00:00,786.45,28.62323580000009,1.026,0
2024-12-21 03:30:00,786.39,28.620339000000058,1.026,0
2024-12-21 04:00:00,786.4,28.668067900000096,1.023,0
2024-12-21 04:30:00,786.39,28.712112000000047,1.021,0
2024-12-21 05:00:00,786.3,28.687372799999935,1.02,0
2024-12-21 05:30:00,786.27,28.7307912,1.019,0
2024-12-21 06:00:00,786.24,28.759933800000113,1.015,0
2024-12-21 06:30:00,786.11,28.80124340000009,1.013,0
2024-12-21 07:00:00,785.61,28.733596200000193,1.012,0
2024-12-21 07:30:00,785.75,28.801197500000058,1.008,0
2024-12-21 08:00:00,785.79,28.853433900000027,1.007,0
2024-12-21 08:30:00,785.54,28.878752899999995,1.005,0
2024-12-21 09:00:00,785.52,28.81592550000005,1.004,0
2024-12-21 09:30:00,785.66,28.924314799999934,1.004,0
2024-12-21 10:00:00,785.3,28.913052199999925,1.003,0
2024-12-21 10:30:00,785.58,28.9197726000001,1.0,0
2024-12-21 11:00:00,785.38,28.985914300000104,0.999,0
2024-12-21 11:30:00,785.46,28.978220100000044,0.997,0
2024-12-21 12:00:00,785.32,29.065613200000143,0.995,0
2024-12-21 12:30:00,785.13,29.0928093,0.994,0
2024-12-21 13:00:00,785.41,29.11992369999996,0.994,0
2024-12-21 13:30:00,785.55,29.178347700000018,0.99,0
2024-12-21 14:00:00,785.27,29.181824300000017,0.99,0
2024-12-21 14:30:00,785.15,29.273921900000005,0.986,0
2024-12-21 15:00:00,785.24,29.31191720000004,0.987,0
2024-12-21 15:30:00,785.3,29.258730499999956,0.985,0
2024-12-21 16:00:00,785.53,29.465277400000105,0.984,0
2024-12-21 16:30:00,785.58,29.544848700000102,0.981,0
2024-12-21 17:00:00,785.3,29.434118900000044,0.98,0
2024-12-21 17:30:00,785.67,29.455381500000044,0.979,0
2024-12-21 18:00:00,786.07,29.566806400000132,0.976,0
2024-12-21 18:30:00,786.08,29.706308300000046,0.975,0
2024-12-21 19:00:00,785.88,29.779587900000138,0.973,0
2024-12-21 19:30:00,785.83,29.893759600000067,0.973,0
2024-12-21 20:00:00,785.53,30.11686569999995,0.971,0
2024-12-21 20:30:00,785.46,30.073377900000082,0.974,0
2024-12-21 21:00:00,785.25,29.984722199999965,0.973,0
2024-12-21 21:30:00,785.15,30.22224289999997,0.975,0
2024-12-21 22:00:00,785.28,30.139125600000057,0.978,0
2024-12-21 22:30:00,784.88,29.750342300000057,0.979,0
2024-12-21 23:00:00,785.18,29.894328200000018,0.981,0
2024-12-21 23:30:00,785.53,29.987363800000026,0.979,0
2024-12-22 00:00:00,785.57,30.11607770000012,0.981,0
2024-12-22 00:30:00,785.69,30.160619900000142,0.98,0
2024-12-22 01:00:00,785.48,30.27386480000007,0.98,0
2024-12-22 01:30:00,785.47,30.39948490000006,0.978,0
2024-12-22 02:00:00,785.56,30.407908900000052,0.978,0
2024-12-22 02:30:00,785.79,30.50024940000003,0.975,0
2024-12-22 03:00:00,785.94,30.556437000000187,0.974,0
2024-12-22 03:30:00,786.09,30.608545800000115,0.972,0
2024-12-22 04:00:00,786.03,30.68416590000004,0.971,0
2024-12-22 04:30:00,786.02,30.65377190000015,0.972,0
2024-12-22 05:00:00,786.18,30.631245599999943,0.968,0
2024-12-22 05:30:00,786.19,30.73709740000004,0.968,0
2024-12-22 06:00:00,786.06,30.732520500000078,0.965,0
2024-12-22 06:30:00,786.03,30.777978299999972,0.966,0
2024-12-22 07:00:00,785.9,30.771362000000067,0.964,0
2024-12-22 07:30:00,785.87,30.807642500000043,0.964,0
2024-12-22 08:00:00,785.69,30.829543100000137,0.961,0
2024-12-22 08:30:00,785.62,30.872729800000116,0.96,0
2024-12-22 09:00:00,785.24,30.858802100000048,0.959,0
2024-12-22 09:30:00,785.35,30.83828050000011,0.96,0
2024-12-22 10:00:00,785.42,30.904201700000044,0.96,0
2024-12-22 10:30:00,785.32,30.950018800000066,0.956,0
2024-12-22 11:00:00,785.37,30.981664200000182,0.956,0
2024-12-22 11:30:00,785.29,31.098466299999927,0.956,0
2024-12-22 12:00:00,785.22,31.129416600000013,0.954,0
2024-12-22 12:30:00,785.23,31.14247570000009,0.953,0
2024-12-22 13:00:00,785.18,31.186288099999956,0.951,0
2024-12-22 13:30:00,785.3,31.18086500000004,0.949,0
2024-12-22 14:00:00,785.35,31.308362200000033,0.95,0
2024-12-22 14:30:00,785.18,31.31273090000002,0.948,0
2024-12-22 15:00:00,785.35,31.364445700000033,0.948,0
2024-12-22 15:30:00,785.72,31.31840810000017,0.946,0
2024-12-22 16:00:00,786.15,31.333390200000053,0.946,0
2024-12-22 16:30:00,786.59,31.414455800000155,0.944,0
2024-12-22 17:00:00,786.81,31.506993299999976,0.94,0
2024-12-22 17:30:00,787.47,31.99466400000017,0.94,0
2024-12-22 18:00:00,787.99,32.29950730000007,0.939,0
2024-12-22 18:30:00,788.35,32.54326149999997,0.936,0
2024-12-22 19:00:00,788.2,32.71446700000013,0.93,0
2024-12-22 19:30:00,787.88,32.811524299999974,0.929,0
2024-12-22 20:00:00,787.68,32.92457220000006,0.928,0
2024-12-22 20:30:00,787.92,33.06974009999999,0.928,0
2024-12-22 21:00:00,787.76,33.28600940000001,0.926,0
2024-12-22 21:30:00,787.36,33.24290440000004,0.928,0
2024-12-22 22:00:00,787.0,33.063391300000035,0.93,0
2024-12-22 22:30:00,787.26,33.06336780000015,0.932,0
2024-12-22 23:00:00,787.42,33.16116610000006,0.934,0
2024-12-22 23:30:00,788.22,33.10971660000007,0.935,0
2024-12-23 00:00:00,789.36,33.27080460000002,0.935,0
2024-12-23 00:30:00,789.52,33.55826710000008,0.937,0
2024-12-23 01:00:00,789.92,33.613608500000055,0.937,0
2024-12-23 01:30:00,789.89,33.72942560000013,0.934,0
2024-12-23 02:00:00,789.86,33.86359730000004,0.933,0
2024-12-23 02:30:00,789.72,33.87655230000007,0.934,0
2024-12-23 03:00:00,789.85,33.85359730000005,0.931,0
2024-12-23 03:30:00,789.7,33.74948380000001,0.931,0
2024-12-23 04:00:00,789.65,33.71070050000003,0.93,0
2024-12-23 04:30:00,789.77,33.62981960000002,0.929,0
2024-12-23 05:00:00,789.89,33.55097809999995,0.927,0
2024-12-23 05:30:00,789.86,33.42920509999999,0.925,0
2024-12-23 06:00:00,789.28,33.32540499999993,0.925,0
2024-12-23 06:30:00,789.5,33.14670230000013,0.923,0
2024-12-23 07:00:00,789.24,33.16610010000011,0.924,0
2024-12-23 07:30:00,789.2,32.96090870000012,0.923,0
2024-12-23 08:00:00,789.05,32.80071170000008,0.922,0
2024-12-23 08:30:00,788.99,32.7519284,0.921,0
2024-12-23 09:00:00,788.63,32.709055100000114,0.921,0
2024-12-23 09:30:00,788.56,32.56971550000003,0.921,0
2024-12-23 10:00:00,788.3,32.47796600000004,0.92,0
2024-12-23 10:30:00,788.51,32.408568200000104,0.92,0
2024-12-23 11:00:00,788.12,32.24086280000006,0.918,0
2024-12-23 11:30:00,788.19,32.15382900000009,0.92,0
2024-12-23 12:00:00,787.78,32.17924089999997,0.919,0
2024-12-23 12:30:00,787.53,32.013876000000096,0.918,0
2024-12-23 13:00:00,787.46,31.899009200000023,0.917,0
2024-12-23 13:30:00,787.63,31.708035400000085,0.916,0
2024-12-23 14:00:00,787.77,31.652253000000087,0.918,0
2024-12-23 14:30:00,787.84,31.610086000000024,0.915,0
2024-12-23 15:00:00,787.75,31.503770799999984,0.914,0
2024-12-23 15:30:00,787.73,31.376702300000147,0.914,0
2024-12-23 16:00:00,787.74,31.32959910000011,0.913,0
2024-12-23 16:30:00,787.61,31.209796100000062,0.913,0
2024-12-23 17:00:00,787.87,31.142472399999974,0.912,0
2024-12-23 17:30:00,787.77,30.975172200000088,0.914,0
2024-12-23 18:00:00,787.39,30.874570000000062,0.913,0
2024-12-23 18:30:00,787.58,30.777014600000143,0.913,0
2024-12-23 19:00:00,787.62,30.590641200000164,0.914,0
2024-12-23 19:30:00,787.17,30.445531500000016,0.911,0
2024-12-23 20:00:00,787.08,30.269876700000054,0.914,0
2024-12-23 20:30:00,786.52,30.149367400000074,0.916,0
2024-12-23 21:00:00,786.31,29.960781100000077,0.919,0
2024-12-23 21:30:00,786.13,29.830746400000066,0.924,0
2024-12-23 22:00:00,786.18,29.79815069999995,0.927,0
2024-12-23 22:30:00,785.97,29.696238900000026,0.929,0
2024-12-23 23:00:00,785.9,29.580352400000038,0.934,0
2024-12-23 23:30:00,786.08,29.485033400000134,0.936,0
2024-12-24 00:00:00,786.14,29.485890800000107,0.939,0
2024-12-24 00:30:00,785.81,29.32108220000009,0.941,0
2024-12-24 01:00:00,785.78,29.197269799999958,0.943,0
2024-12-24 01:30:00,785.9,29.194905800000015,0.945,0
2024-12-24 02:00:00,785.63,29.026875800000084,0.946,0
2024-12-24 02:30:00,785.74,29.020630000000097,0.944,0
2024-12-24 03:00:00,785.62,28.991383300000052,0.946,0
2024-12-24 03:30:00,785.47,28.921939600000087,0.946,0
2024-12-24 04:00:00,785.24,28.856111300000066,0.946,0
2024-12-24 04:30:00,785.16,28.81587960000013,0.946,0
2024-12-24 05:00:00,785.14,28.814234199999987,0.944,0
2024-12-24 05:30:00,785.08,28.78278580000017,0.946,0
2024-12-24 06:00:00,784.93,28.72863760000007,0.943,0
2024-12-24 06:30:00,784.91,28.729031599999985,0.943,0
2024-12-24 07:00:00,784.84,28.72633180000014,0.943,0
2024-12-24 07:30:00,784.39,28.81677280000008,0.94,0
2024-12-24 08:00:00,783.89,28.71751489999997,0.936,0
2024-12-24 08:30:00,783.55,28.781316100000026,0.938,0
2024-12-24 09:00:00,783.19,28.7924869000002,0.937,0
2024-12-24 09:30:00,782.81,28.727574199999935,0.933,0
2024-12-24 10:00:00,782.92,28.72540719999995,0.932,0
2024-12-24 10:30:00,782.12,28.73300960000006,0.931,0
2024-12-24 11:00:00,782.44,28.647169000000076,0.931,0
2024-12-24 11:30:00,781.55,28.869661699999938,0.928,0
2024-12-24 12:00:00,781.08,28.693335300000058,0.927,0
2024-12-24 12:30:00,781.06,28.754911300000003,0.924,0
2024-12-24 13:00:00,780.88,28.797205899999994,0.921,0
2024-12-24 13:30:00,780.48,28.84587390000013,0.92,0
2024-12-24 14:00:00,780.2,28.933985600000028,0.92,0
2024-12-24 14:30:00,779.97,28.820231400000125,0.919,0
2024-12-24 15:00:00,779.64,28.857323400000155,0.92,0
2024-12-24 15:30:00,779.25,28.698795300000143,0.916,0
2024-12-24 16:00:00,778.68,29.047545000000014,0.915,0
2024-12-24 16:30:00,778.18,28.556722300000047,0.913,0
2024-12-24 17:00:00,777.99,28.956108900000118,0.914,0
2024-12-24 17:30:00,777.39,28.92816060000007,0.911,0
2024-12-24 18:00:00,777.93,28.847163300000034,0.91,0
2024-12-24 18:30:00,778.59,29.015667900000153,0.91,0
2024-12-24 19:00:00,778.53,29.15145030000008,0.908,0
2024-12-24 19:30:00,777.7,29.2126681000002,0.907,0
2024-12-24 20:00:00,776.95,29.26619170000015,0.907,0
2024-12-24 20:30:00,776.15,29.364547400000106,0.906,0
2024-12-24 21:00:00,775.86,29.335590600000046,0.905,0
2024-12-24 21:30:00,775.83,29.21177820000014,0.906,0
2024-12-24 22:00:00,776.25,29.018938500000104,0.904,0
2024-12-24 22:30:00,776.59,29.20904260000009,0.904,0
2024-12-24 23:00:00,777.09,29.25425640000003,0.904,0
2024-12-24 23:30:00,776.74,29.282565100000056,0.902,0
2024-12-25 00:00:00,776.51,29.35541599999999,0.902,0
2024-12-25 00:30:00,776.14,29.30458210000006,0.902,0
2024-12-25 01:00:00,775.94,29.227965800000106,0.9,0
2024-12-25 01:30:00,776.5,29.13637749999998,0.898,0
2024-12-25 02:00:00,777.2,29.068543400000067,0.899,0
2024-12-25 02:30:00,777.47,29.159076200000072,0.898,0
2024-12-25 03:00:00,777.71,29.193096800000035,0.896,0
2024-12-25 03:30:00,777.91,29.110639900000024,0.896,0
2024-12-25 04:00:00,777.92,29.125738400000046,0.896,0
2024-12-25 04:30:00,777.83,29.14178720000018,0.895,0
2024-12-25 05:00:00,778.31,29.110917500000028,0.895,0
2024-12-25 05:30:00,778.24,29.157163300000093,0.892,0
2024-12-25 06:00:00,777.99,29.180442900000116,0.893,0
2024-12-25 06:30:00,777.95,29.097615500000074,0.893,0
2024-12-25 07:00:00,778.1,29.143606100000056,0.892,0
2024-12-25 07:30:00,778.4,29.07957320000014,0.891,0
2024-12-25 08:00:00,777.9,29.25155550000011,0.892,0
2024-12-25 08:30:00,777.35,29.214464600000042,0.889,0
2024-12-25 09:00:00,777.37,29.185519,0.888,0
2024-12-25 09:30:00,777.8,29.105669000000034,0.888,0
2024-12-25 10:00:00,778.97,28.97657120000008,0.889,0
2024-12-25 10:30:00,778.76,29.106131300000015,0.887,0
2024-12-25 11:00:00,779.14,29.033384500000125,0.886,0
2024-12-25 11:30:00,779.19,29.089502700000025,0.885,0
2024-12-25 12:00:00,778.8,29.211392100000012,0.886,0
2024-12-25 12:30:00,779.0,29.152388299999984,0.886,0
2024-12-25 13:00:00,778.95,29.171727900000064,0.882,0
2024-12-25 13:30:00,778.85,29.19409189999999,0.882,0
2024-12-25 14:00:00,779.37,29.12266590000013,0.882,0
2024-12-25 14:30:00,779.81,29.13847069999997,0.882,0
2024-12-25 15:00:00,780.32,29.283418100000176,0.882,0
2024-12-25 15:30:00,780.18,29.251506300000074,0.879,0
2024-12-25 16:00:00,779.87,29.189293399999997,0.878,0
2024-12-25 16:30:00,779.94,29.258273700000018,0.877,0
2024-12-25 17:00:00,780.12,29.23025490000009,0.879,0
2024-12-25 17:30:00,779.92,29.25662829999999,0.876,0
2024-12-25 18:00:00,780.16,29.29064889999995,0.875,0
2024-12-25 18:30:00,780.15,29.323476300000152,0.874,0
2024-12-25 19:00:00,779.76,29.34747450000009,0.876,0
2024-12-25 19:30:00,779.34,29.38328039999999,0.874,0
2024-12-25 20:00:00,779.38,29.227498000000082,0.873,0
2024-12-25 20:30:00,779.66,29.32191260000002,0.872,0
2024-12-25 21:00:00,780.0,29.31419489999996,0.873,0
2024-12-25 21:30:00,779.77,29.30037130000005,0.873,0
2024-12-25 22:00:00,779.69,29.286651800000186,0.872,0
2024-12-25 22:30:00,779.98,29.216697700000054,0.874,0
2024-12-25 23:00:00,779.85,29.27330280000001,0.874,0
2024-12-25 23:30:00,780.18,29.201540999999906,0.872,0
2024-12-26 00:00:00,780.1,29.271436900000026,0.875,0
2024-12-26 00:30:00,780.36,29.22756630000015,0.876,0
2024-12-26 01:00:00,780.54,29.223000599999978,0.874,0
2024-12-26 01:30:00,780.51,29.219512800000075,0.873,0
2024-12-26 02:00:00,780.87,29.1797904,0.871,0
2024-12-26 02:30:00,781.16,29.247495800000024,0.874,0
2024-12-26 03:00:00,781.18,29.149210599999947,0.873,0
2024-12-26 03:30:00,781.21,29.169013600000085,0.872,0
2024-12-26 04:00:00,781.29,29.14296479999996,0.872,0
2024-12-26 04:30:00,782.02,29.14183990000015,0.871,0
2024-12-26 05:00:00,783.25,29.20734249999998,0.87,0
2024-12-26 05:30:00,783.22,29.227307800000062,0.87,0
2024-12-26 06:00:00,782.99,29.29506020000008,0.871,0
2024-12-26 06:30:00,782.85,29.017400700000053,0.869,0
2024-12-26 07:00:00,783.05,29.10829279999996,0.871,0
2024-12-26 07:30:00,782.94,29.145129600000132,0.869,0
2024-12-26 08:00:00,782.91,29.101873500000124,0.868,0
2024-12-26 08:30:00,782.2,29.177042500000198,0.869,0
2024-12-26 09:00:00,781.95,29.173809900000037,0.869,0
2024-12-26 09:30:00,783.23,29.170007600000076,0.867,0
2024-12-26 10:00:00,783.5,29.19527960000005,0.864,0
2024-12-26 10:30:00,783.19,29.082081700000117,0.867,0
2024-12-26 11:00:00,782.85,29.296798500000023,0.866,0
2024-12-26 11:30:00,782.02,29.47018330000003,0.867,0
2024-12-26 12:00:00,782.29,29.188525600000048,0.865,0
2024-12-26 12:30:00,782.2,29.28207160000011,0.864,0
2024-12-26 13:00:00,781.86,29.338734900000077,0.864,0
2024-12-26 13:30:00,781.7,29.214424400000212,0.864,0
2024-12-26 14:00:00,782.13,29.29874610000013,0.863,0
2024-12-26 14:30:00,782.26,29.331874599999992,0.863,0
2024-12-26 15:00:00,782.83,29.397123100000158,0.861,0
2024-12-26 15:30:00,782.35,29.489174800000114,0.863,0
2024-12-26 16:00:00,781.6,29.644668400000114,0.86,0
2024-12-26 16:30:00,781.67,29.514807200000064,0.859,0
2024-12-26 17:00:00,782.66,29.47898900000007,0.859,0
2024-12-26 17:30:00,783.1,29.59880320000002,0.857,0
2024-12-26 18:00:00,782.76,29.51780700000006,0.855,0
2024-12-26 18:30:00,782.3,29.75324240000009,0.856,0
2024-12-26 19:00:00,781.74,29.706151500000033,0.854,0
2024-12-26 19:30:00,782.1,29.727611100000104,0.856,0
2024-12-26 20:00:00,782.1,29.762280900000064,0.853,0
2024-12-26 20:30:00,781.83,29.903220000000147,0.852,0
2024-12-26 21:00:00,781.1,30.21637310000017,0.852,0
2024-12-26 21:30:00,781.87,29.97381100000007,0.851,0
2024-12-26 22:00:00,782.33,30.052443200000084,0.85,0
2024-12-26 22:30:00,781.65,30.20247900000004,0.845,0
2024-12-26 23:00:00,781.48,30.131389900000045,0.848,0
2024-12-26 23:30:00,781.57,30.185700400000087,0.847,0
2024-12-27 00:00:00,781.26,30.32844720000014,0.847,0
2024-12-27 00:30:00,781.47,30.13872480000009,0.846,0
2024-12-27 01:00:00,781.26,30.094935899999996,0.847,0
2024-12-27 01:30:00,781.36,30.105202300000087,0.846,0
2024-12-27 02:00:00,780.94,30.200150800000188,0.846,0
2024-12-27 02:30:00,781.16,30.056117900000004,0.846,0
2024-12-27 03:00:00,781.02,30.20469300000002,0.846,0
2024-12-27 03:30:00,780.5,30.21799610000005,0.846,0
2024-12-27 04:00:00,780.06,30.242979300000002,0.846,0
2024-12-27 04:30:00,779.71,30.272307700000056,0.845,0
2024-12-27 05:00:00,779.27,30.166769300000055,0.845,0
2024-12-27 05:30:00,778.99,30.144753400000127,0.845,0
2024-12-27 06:00:00,778.83,30.221323800000164,0.845,0
2024-12-27 06:30:00,779.23,30.17979370000012,0.846,0
2024-12-27 07:00:00,779.17,30.156502899999964,0.845,0
2024-12-27 07:30:00,778.98,30.210211200000003,0.845,0
2024-12-27 08:00:00,778.77,30.374441100000126,0.843,0
2024-12-27 08:30:00,778.56,30.29088390000004,0.843,0
2024-12-27 09:00:00,778.26,30.473202000000015,0.843,0
2024-12-27 09:30:00,778.06,30.382309899999996,0.843,0
2024-12-27 10:00:00,778.39,30.404360500000053,0.84,0
2024-12-27 10:30:00,778.16,30.587339000000043,0.84,0
2024-12-27 11:00:00,777.89,30.53453509999997,0.841,0
2024-12-27 11:30:00,777.96,30.461777100000063,0.841,0
2024-12-27 12:00:00,777.31,30.610202200000003,0.842,0
2024-12-27 12:30:00,776.7,30.647711700000173,0.841,0
2024-12-27 13:00:00,776.87,30.686170400000037,0.84,0
2024-12-27 13:30:00,777.48,30.57524250000006,0.838,0
2024-12-27 14:00:00,778.15,30.74558950000005,0.838,0
2024-12-27 14:30:00,778.43,30.527975900000115,0.837,0
2024-12-27 15:00:00,778.9,30.455495500000097,0.836,0
2024-12-27 15:30:00,779.23,30.455112700000086,0.834,0
2024-12-27 16:00:00,779.47,30.434069500000078,0.835,0
2024-12-27 16:30:00,779.91,30.411125699999957,0.834,0
2024-12-27 17:00:00,780.62,30.2594792000001,0.833,0
2024-12-27 17:30:00,780.97,30.16896880000013,0.832,0
2024-12-27 18:00:00,781.45,30.150335500000097,0.832,0
2024-12-27 18:30:00,781.57,30.130636600000116,0.835,0
2024-12-27 19:00:00,781.58,30.04682420000006,0.833,0
2024-12-27 19:30:00,781.48,29.99169100000006,0.836,0
2024-12-27 20:00:00,781.44,30.03020790000005,0.838,0
2024-12-27 20:30:00,781.47,29.913371100000063,0.843,0
2024-12-27 21:00:00,781.32,29.95813380000004,0.849,0
2024-12-27 21:30:00,781.62,30.161262299999976,0.855,0
2024-12-27 22:00:00,781.6,30.25750810000011,0.863,0
2024-12-27 22:30:00,781.58,29.97646490000011,0.869,0
2024-12-27 23:00:00,781.75,29.79874719999998,0.873,0
2024-12-27 23:30:00,781.73,29.707368200000133,0.875,0
2024-12-28 00:00:00,781.89,29.61856140000009,0.878,0
2024-12-28 00:30:00,782.22,29.528445000000147,0.882,0
2024-12-28 01:00:00,782.69,29.422314500000198,0.881,0
2024-12-28 01:30:00,782.75,29.413994600000024,0.882,0
2024-12-28 02:00:00,783.12,29.33532660000003,0.882,0
2024-12-28 02:30:00,782.86,29.307818200000042,0.882,0
2024-12-28 03:00:00,783.04,29.275720600000113,0.88,0
2024-12-28 03:30:00,783.22,29.204874400000108,0.88,0
2024-12-28 04:00:00,783.66,29.047330200000033,0.878,0
2024-12-28 04:30:00,783.72,29.133842400000162,0.875,0
2024-12-28 05:00:00,783.98,29.002277600000184,0.876,0
2024-12-28 05:30:00,784.05,29.032509300000015,0.874,0
2024-12-28 06:00:00,783.84,29.091710100000114,0.872,0
2024-12-28 06:30:00,783.77,29.091049699999985,0.87,0
2024-12-28 07:00:00,783.7,29.067955900000015,0.87,0
2024-12-28 07:30:00,783.72,29.167492500000094,0.869,0
2024-12-28 08:00:00,783.75,29.105719500000077,0.866,0
2024-12-28 08:30:00,783.62,29.01344840000013,0.865,0
2024-12-28 09:00:00,783.42,29.04797940000003,0.862,0
2024-12-28 09:30:00,783.44,29.026171700000077,0.862,0
2024-12-28 10:00:00,783.58,29.078477500000076,0.86,0
2024-12-28 10:30:00,783.48,29.174259900000152,0.859,0
2024-12-28 11:00:00,783.58,29.14169890000005,0.856,0
2024-12-28 11:30:00,783.47,29.093900600000097,0.854,0
2024-12-28 12:00:00,783.33,29.064028200000166,0.853,0
2024-12-28 12:30:00,783.51,29.06354130000011,0.853,0
2024-12-28 13:00:00,783.56,29.076832099999933,0.85,0
2024-12-28 13:30:00,783.8,29.098616300000003,0.849,0
2024-12-28 14:00:00,784.02,29.04839579999998,0.849,0
2024-12-28 14:30:00,784.21,29.073204400000122,0.846,0
2024-12-28 15:00:00,784.05,29.10082920000002,0.844,0
2024-12-28 15:30:00,784.02,29.157503700000007,0.844,0
2024-12-28 16:00:00,784.27,29.064884500000062,0.843,0
2024-12-28 16:30:00,784.54,29.09219589999998,0.84,0
2024-12-28 17:00:00,784.74,29.07194070000014,0.84,0
2024-12-28 17:30:00,784.87,29.078557000000046,0.839,0
2024-12-28 18:00:00,785.08,29.175370300000168,0.838,0
2024-12-28 18:30:00,784.98,29.1824388,0.834,0
2024-12-28 19:00:00,784.83,29.185393800000043,0.833,0
2024-12-28 19:30:00,784.57,29.280249400000116,0.831,0
2024-12-28 20:00:00,784.48,29.35034230000008,0.831,0
2024-12-28 20:30:00,784.35,29.158140600000138,0.828,0
2024-12-28 21:00:00,784.17,29.265696000000048,0.827,0
2024-12-28 21:30:00,783.99,29.28249810000011,0.828,0
2024-12-28 22:00:00,783.95,29.411768300000176,0.826,0
2024-12-28 22:30:00,783.98,29.483576000000085,0.826,0
2024-12-28 23:00:00,783.99,29.45176830000014,0.825,0
2024-12-28 23:30:00,784.05,29.43631049999999,0.824,0
2024-12-29 00:00:00,784.1,29.38943900000004,0.828,0
2024-12-29 00:30:00,784.08,29.339867700000127,0.826,0
2024-12-29 01:00:00,784.2,29.3946069000001,0.827,0
2024-12-29 01:30:00,784.24,29.329577800000038,0.826,0
2024-12-29 02:00:00,784.43,29.34113030000003,0.826,0
2024-12-29 02:30:00,784.43,29.368662200000017,0.826,0
2024-12-29 03:00:00,784.41,29.4231003000001,0.826,0
2024-12-29 03:30:00,784.51,29.369125600000075,0.825,0
2024-12-29 04:00:00,784.67,29.466923899999983,0.824,0
2024-12-29 04:30:00,784.76,29.521234400000026,0.825,0
2024-12-29 05:00:00,784.76,29.54366779999998,0.822,0
2024-12-29 05:30:00,784.62,29.586194100000057,0.821,0
2024-12-29 06:00:00,784.59,29.5612926,0.82,0
2024-12-29 06:30:00,784.6,29.551918300000125,0.819,0
2024-12-29 07:00:00,784.5,29.607932400000095,0.817,0
2024-12-29 07:30:00,784.42,29.636020599999938,0.816,0
2024-12-29 08:00:00,784.35,29.70877859999996,0.814,0
2024-12-29 08:30:00,784.22,29.709300200000143,0.812,0
2024-12-29 09:00:00,784.13,29.775314300000105,0.81,0
2024-12-29 09:30:00,783.99,29.753599500000064,0.809,0
2024-12-29 10:00:00,783.93,29.87408640000001,0.808,0
2024-12-29 10:30:00,784.03,29.849683000000027,0.807,0
2024-12-29 11:00:00,783.98,29.952638000000093,0.803,0
2024-12-29 11:30:00,783.51,30.000645599999984,0.803,0
2024-12-29 12:00:00,782.86,30.031805200000008,0.8,0
2024-12-29 12:30:00,782.41,30.120206800000005,0.799,0
2024-12-29 13:00:00,782.14,30.092895399999975,0.797,0
2024-12-29 13:30:00,782.09,30.134668400000123,0.796,0
2024-12-29 14:00:00,781.94,30.28446020000024,0.794,0
2024-12-29 14:30:00,781.7,30.37484300000017,0.792,0
2024-12-29 15:00:00,781.19,30.19930460000012,0.788,0
2024-12-29 15:30:00,781.39,30.34220140000002,0.787,0
2024-12-29 16:00:00,780.92,30.365736200000015,0.786,0
2024-12-29 16:30:00,780.5,30.36075410000001,0.784,0
2024-12-29 17:00:00,780.76,30.476976400000012,0.782,0
2024-12-29 17:30:00,780.76,30.44842480000011,0.778,0
2024-12-29 18:00:00,781.09,30.55409080000004,0.778,0
2024-12-29 18:30:00,781.01,30.57606080000005,0.777,0
2024-12-29 19:00:00,780.89,30.6742766000001,0.775,0
2024-12-29 19:30:00,780.67,30.662295400000062,0.774,0
2024-12-29 20:00:00,780.69,30.883176300000173,0.772,0
2024-12-29 20:30:00,780.71,30.866467100000023,0.769,0
2024-12-29 21:00:00,780.79,31.002550600000063,0.769,0
2024-12-29 21:30:00,780.81,30.951171600000066,0.766,0
2024-12-29 22:00:00,780.98,31.24557500000003,0.765,0
2024-12-29 22:30:00,781.03,31.312909900000022,0.765,0
2024-12-29 23:00:00,781.31,31.38285170000006,0.763,0
2024-12-29 23:30:00,781.78,31.548981099999992,0.762,0
2024-12-30 00:00:00,782.47,31.415063500000088,0.76,0
2024-12-30 00:30:00,782.81,31.542965900000127,0.759,0
2024-12-30 01:00:00,782.97,31.534715400000096,0.757,0
2024-12-30 01:30:00,783.25,31.704587800000013,0.758,0
2024-12-30 02:00:00,783.41,31.756499599999984,0.755,0
2024-12-30 02:30:00,783.48,31.738805400000047,0.755,0
2024-12-30 03:00:00,783.79,31.865259400000014,0.754,0
2024-12-30 03:30:00,783.96,31.83437850000007,0.755,0
2024-12-30 04:00:00,784.14,31.810438500000032,0.753,0
2024-12-30 04:30:00,784.18,31.73317300000008,0.753,0
2024-12-30 05:00:00,784.42,31.784528499999965,0.753,0
2024-12-30 05:30:00,784.55,31.71364760000006,0.753,0
2024-12-30 06:00:00,784.64,31.622141000000056,0.753,0
2024-12-30 06:30:00,784.8,31.602673800000048,0.751,0
2024-12-30 07:00:00,784.8,31.498664400000052,0.751,0
2024-12-30 07:30:00,784.8,31.47929010000007,0.752,0
2024-12-30 08:00:00,784.59,31.46711190000019,0.75,0
2024-12-30 08:30:00,784.54,31.3967179,0.751,0
2024-12-30 09:00:00,784.44,31.35891960000015,0.75,0
2024-12-30 09:30:00,784.58,31.323531200000048,0.751,0
2024-12-30 10:00:00,784.73,31.229822900000045,0.751,0
2024-12-30 10:30:00,784.7,31.212059300000078,0.75,0
2024-12-30 11:00:00,784.64,31.199985200000015,0.75,0
2024-12-30 11:30:00,784.45,31.202708500000085,0.75,0
2024-12-30 12:00:00,784.42,31.1451765999999,0.749,0
2024-12-30 12:30:00,784.33,31.171422400000097,0.748,0
2024-12-30 13:00:00,784.28,31.128560300000004,0.747,0
2024-12-30 13:30:00,784.25,31.118954300000155,0.748,0
2024-12-30 14:00:00,784.39,31.07438860000002,0.746,0
2024-12-30 14:30:00,784.58,31.100216900000078,0.747,0
2024-12-30 15:00:00,784.83,31.139139000000114,0.746,0
2024-12-30 15:30:00,784.95,31.139834100000144,0.745,0
2024-12-30 16:00:00,785.16,31.14487440000005,0.744,0
2024-12-30 16:30:00,785.29,31.137214900000117,0.744,0
2024-12-30 17:00:00,785.32,31.14580120000005,0.745,0
2024-12-30 17:30:00,785.41,31.21948599999996,0.744,0
2024-12-30 18:00:00,785.4,31.224781500000063,0.742,0
2024-12-30 18:30:00,785.01,31.261016100000006,0.742,0
2024-12-30 19:00:00,784.73,31.327714100000094,0.74,0
2024-12-30 19:30:00,784.34,31.413914000000204,0.74,0
2024-12-30 20:00:00,784.01,31.468340900000157,0.739,0
2024-12-30 20:30:00,783.82,31.495537000000127,0.741,0
2024-12-30 21:00:00,783.87,31.48537470000008,0.739,0
2024-12-30 21:30:00,783.76,31.46306889999994,0.74,0
2024-12-30 22:00:00,783.48,31.489998600000035,0.74,0
2024-12-30 22:30:00,783.61,31.503752800000143,0.74,0
2024-12-30 23:00:00,783.73,31.579905700000154,0.742,0
2024-12-30 23:30:00,783.77,31.681087700000035,0.741,0
2024-12-31 00:00:00,783.64,31.699963900000057,0.739,0
2024-12-31 00:30:00,783.5,31.70068249999997,0.739,0
2024-12-31 01:00:00,783.44,31.748770700000136,0.738,0
2024-12-31 01:30:00,783.18,31.79977919999999,0.739,0
2024-12-31 02:00:00,783.29,31.791494000000057,0.738,0
2024-12-31 02:30:00,783.24,31.861818600000106,0.738,0
2024-12-31 03:00:00,783.36,31.82784390000006,0.737,0
2024-12-31 03:30:00,783.63,31.899002400000086,0.736,0
2024-12-31 04:00:00,783.71,31.96574630000009,0.736,0
2024-12-31 04:30:00,783.66,32.00853900000004,0.734,0
2024-12-31 05:00:00,783.82,32.08288420000008,0.732,0
2024-12-31 05:30:00,783.91,32.11068249999994,0.732,0
2024-12-31 06:00:00,784.15,32.23749580000003,0.73,0
2024-12-31 06:30:00,783.99,32.32936170000016,0.729,0
2024-12-31 07:00:00,784.2,32.34052020000013,0.729,0
2024-12-31 07:30:00,784.41,32.363915099999986,0.727,0
2024-12-31 08:00:00,784.05,32.516824199999974,0.725,0
2024-12-31 08:30:00,784.0,32.57491240000013,0.725,0
2024-12-31 09:00:00,784.27,32.59508590000007,0.723,0
2024-12-31 09:30:00,784.43,32.71429790000002,0.722,0
2024-12-31 10:00:00,784.61,32.72094890000005,0.722,0
2024-12-31 10:30:00,784.82,32.90035790000013,0.72,0
2024-12-31 11:00:00,784.84,32.93973220000021,0.722,0
2024-12-31 11:30:00,784.94,33.015259400000105,0.72,0
2024-12-31 12:00:00,784.91,33.15758870000002,0.719,0
2024-12-31 12:30:00,784.82,33.14304650000008,0.715,0
2024-12-31 13:00:00,784.71,33.38586270000019,0.714,0
2024-12-31 13:30:00,785.04,33.42218910000008,0.713,0
2024-12-31 14:00:00,785.65,33.483590500000105,0.711,0
2024-12-31 14:30:00,785.8,33.661122399999954,0.71,0
2024-12-31 15:00:00,786.0,33.63882780000006,0.708,0
2024-12-31 15:30:00,786.39,33.78002100000003,0.707,0
2024-12-31 16:00:00,786.79,33.730333299999984,0.708,0
2024-12-31 16:30:00,786.78,33.77131829999996,0.707,0
2024-12-31 17:00:00,787.34,33.921398899999986,0.705,0
2024-12-31 17:30:00,787.63,33.9442375000001,0.704,0
2024-12-31 18:00:00,787.44,34.1488614000001,0.702,0
2024-12-31 18:30:00,787.17,34.16233799999998,0.702,0
2024-12-31 19:00:00,787.21,34.26759880000009,0.701,0
2024-12-31 19:30:00,786.98,34.41284840000003,0.7,0
2024-12-31 20:00:00,786.72,34.394517300000075,0.698,0
2024-12-31 20:30:00,786.67,34.47605859999999,0.7,0
2024-12-31 21:00:00,786.51,34.544471400000134,0.7,0
2024-12-31 21:30:00,786.51,34.49042730000008,0.7,0
2024-12-31 22:00:00,786.61,34.593486400000074,0.697,0
2024-12-31 22:30:00,786.61,34.571053000000006,0.699,0
2024-12-31 23:00:00,786.74,34.57766930000014,0.7,0
2024-12-31 23:30:00,786.95,34.593926300000135,0.7,0
2025-01-01 00:00:00,786.82,34.49757640000007,0.701,0
2025-01-01 00:30:00,786.95,34.38794690000009,0.7,0
2025-01-01 01:00:00,786.88,34.399522899999965,0.701,0
2025-01-01 01:30:00,786.88,34.336301500000104,0.7,0
2025-01-01 02:00:00,787.18,34.32631270000002,0.699,0
2025-01-01 02:30:00,787.42,34.293033100000116,0.698,0
2025-01-01 03:00:00,787.64,34.301955200000066,0.699,0
2025-01-01 03:30:00,787.52,34.36040270000001,0.698,0
2025-01-01 04:00:00,787.55,34.30372820000002,0.698,0
2025-01-01 04:30:00,787.75,34.35995050000008,0.697,0
2025-01-01 05:00:00,788.16,34.40387820000012,0.698,0
2025-01-01 05:30:00,787.87,34.44222160000004,0.695,0
2025-01-01 06:00:00,788.25,34.45512960000008,0.698,0
2025-01-01 06:30:00,788.06,34.473148400000014,0.694,0
2025-01-01 07:00:00,788.16,34.478316300000074,0.694,0
2025-01-01 07:30:00,788.3,34.45006579999995,0.694,0
2025-01-01 08:00:00,788.22,34.46591760000001,0.693,0
2025-01-01 08:30:00,788.12,34.474005799999986,0.693,0
2025-01-01 09:00:00,788.2,34.53055270000016,0.696,0
2025-01-01 09:30:00,788.39,34.54006579999998,0.691,0
2025-01-01 10:00:00,788.6,34.5522440000002,0.692,0
2025-01-01 10:30:00,788.67,34.590633300000036,0.69,0
2025-01-01 11:00:00,788.48,34.598455100000024,0.691,0
2025-01-01 11:30:00,788.4,34.58065680000004,0.69,0
2025-01-01 12:00:00,788.54,34.65437629999997,0.689,0
2025-01-01 12:30:00,788.7,34.56964830000004,0.687,0
2025-01-01 13:00:00,788.83,34.6863922,0.689,0
2025-01-01 13:30:00,788.8,34.67882559999998,0.688,0
2025-01-01 14:00:00,788.98,34.71708730000012,0.687,0
2025-01-01 14:30:00,789.39,34.668222300000025,0.685,0
2025-01-01 15:00:00,789.58,34.7266810000001,0.688,0
2025-01-01 15:30:00,789.57,34.718720400000166,0.686,0
2025-01-01 16:00:00,789.54,34.72848869999996,0.683,0
2025-01-01 16:30:00,789.77,34.775962400000026,0.684,0
2025-01-01 17:00:00,790.17,34.76502329999994,0.683,0
2025-01-01 17:30:00,790.18,34.71588069999996,0.684,0
2025-01-01 18:00:00,790.35,34.70131500000002,0.682,0
2025-01-01 18:30:00,790.44,34.676088900000195,0.682,0
2025-01-01 19:00:00,790.12,34.73439760000008,0.682,0
2025-01-01 19:30:00,789.76,34.74148960000002,0.682,0
2025-01-01 20:00:00,789.39,34.74368010000012,0.684,0
2025-01-01 20:30:00,789.22,34.876531,0.683,0
2025-01-01 21:00:00,789.02,34.932475700000055,0.682,0
2025-01-01 21:30:00,789.61,35.51635750000003,0.682,0
2025-01-01 22:00:00,789.93,35.86490909999998,0.681,0
2025-01-01 22:30:00,790.05,35.68409759999997,0.679,0
2025-01-01 23:00:00,790.1,35.71064450000017,0.677,0
2025-01-01 23:30:00,790.09,35.54463040000019,0.678,0
2025-01-02 00:00:00,789.95,35.375059100000044,0.679,0
2025-01-02 00:30:00,789.79,35.16611350000005,0.68,0
2025-01-02 01:00:00,789.76,35.04943900000001,0.679,0
2025-01-02 01:30:00,789.82,34.89122320000001,0.679,0
2025-01-02 02:00:00,789.9,34.82744549999995,0.681,0
2025-01-02 02:30:00,790.2,34.80522030000009,0.68,0
2025-01-02 03:00:00,790.13,34.6658807,0.682,0
2025-01-02 03:30:00,790.25,34.601315,0.682,0
2025-01-02 04:00:00,790.14,34.518846900000085,0.683,0
2025-01-02 04:30:00,790.34,34.43333089999999,0.683,0
2025-01-02 05:00:00,790.43,34.37241530000006,0.683,0
2025-01-02 05:30:00,790.39,34.321198600000116,0.681,0
2025-01-02 06:00:00,790.38,34.25205600000004,0.684,0
2025-01-02 06:30:00,790.52,34.15854470000011,0.685,0
2025-01-02 07:00:00,790.43,34.10627360000001,0.685,0
2025-01-02 07:30:00,790.48,34.03696869999999,0.685,0
2025-01-02 08:00:00,790.56,34.0598655,0.685,0
2025-01-02 08:30:00,790.55,33.9693092,0.686,0
2025-01-02 09:00:00,790.62,33.96793020000007,0.687,0
2025-01-02 09:30:00,790.51,33.83957559999999,0.685,0
2025-01-02 10:00:00,790.66,33.75402489999999,0.685,0
2025-01-02 10:30:00,790.8,33.706400099999996,0.685,0
2025-01-02 11:00:00,790.83,33.652784699999984,0.684,0
2025-01-02 11:30:00,790.63,33.66080350000004,0.685,0
2025-01-02 12:00:00,790.5,33.666423600000144,0.686,0
2025-01-02 12:30:00,790.15,33.597860800000035,0.687,0
2025-01-02 13:00:00,790.14,33.58276230000001,0.686,0
2025-01-02 13:30:00,790.19,33.58177730000011,0.688,0
2025-01-02 14:00:00,790.17,33.55361970000001,0.685,0
2025-01-02 14:30:00,790.21,33.53753620000009,0.686,0
2025-01-02 15:00:00,790.3,33.547999600000026,0.686,0
2025-01-02 15:30:00,790.36,33.56007370000009,0.686,0
2025-01-02 16:00:00,790.32,33.53842830000019,0.684,0
2025-01-02 16:30:00,790.41,33.53665530000001,0.687,0
2025-01-02 17:00:00,790.53,33.603630899999985,0.686,0
2025-01-02 17:30:00,790.52,33.529389800000104,0.687,0
2025-01-02 18:00:00,790.56,33.4990305,0.687,0
2025-01-02 18:30:00,790.34,33.47685230000002,0.687,0
2025-01-02 19:00:00,790.1,33.53052590000004,0.689,0
2025-01-02 19:30:00,789.84,33.570317700000146,0.687,0
2025-01-02 20:00:00,789.25,33.63190600000007,0.69,0
2025-01-02 20:30:00,788.87,33.664884500000085,0.688,0
2025-01-02 21:00:00,788.71,33.681292600000006,0.69,0
2025-01-02 21:30:00,788.55,33.77417819999994,0.691,0
2025-01-02 22:00:00,789.16,34.40661160000002,0.694,0
2025-01-02 22:30:00,789.28,34.50213880000001,0.694,0
2025-01-02 23:00:00,789.13,34.348060000000146,0.695,0
2025-01-02 23:30:00,788.83,34.04602060000002,0.696,0
2025-01-03 00:00:00,788.68,33.93782830000009,0.698,0
2025-01-03 00:30:00,788.52,33.80332080000005,0.697,0
2025-01-03 01:00:00,788.4,33.613981200000126,0.7,0
2025-01-03 01:30:00,788.29,33.55700560000014,0.7,0
2025-01-03 02:00:00,788.2,33.46190710000019,0.702,0
2025-01-03 02:30:00,788.01,33.40242870000009,0.7,0
2025-01-03 03:00:00,787.89,33.23960130000012,0.703,0
2025-01-03 03:30:00,787.92,33.245128499999964,0.7,0
2025-01-03 04:00:00,787.86,33.15657690000012,0.704,0
2025-01-03 04:30:00,787.76,33.087167900000054,0.702,0
2025-01-03 05:00:00,787.58,33.087654799999996,0.703,0
2025-01-03 05:30:00,787.42,33.001073200000064,0.704,0
2025-01-03 06:00:00,787.39,32.974132300000065,0.705,0
2025-01-03 06:30:00,787.22,32.758245800000054,0.703,0
2025-01-03 07:00:00,787.12,32.87136310000017,0.702,0
2025-01-03 07:30:00,786.98,32.839451300000064,0.702,0
2025-01-03 08:00:00,786.68,32.764805000000024,0.703,0
2025-01-03 08:30:00,786.55,32.681711199999995,0.702,0
2025-01-03 09:00:00,786.34,32.7286756000002,0.701,0
2025-01-03 09:30:00,786.41,32.784399800000074,0.702,0
2025-01-03 10:00:00,786.09,32.761132500000144,0.702,0
2025-01-03 10:30:00,786.12,32.752383900000154,0.703,0
2025-01-03 11:00:00,786.01,32.765767600000004,0.7,0
2025-01-03 11:30:00,785.32,32.87929120000001,0.7,0
2025-01-03 12:00:00,785.15,32.6868578000001,0.699,0
2025-01-03 12:30:00,784.91,32.727275299999974,0.7,0
2025-01-03 13:00:00,784.66,32.789303500000074,0.702,0
2025-01-03 13:30:00,784.47,32.7063720000001,0.699,0
2025-01-03 14:00:00,784.55,32.67828380000003,0.698,0
2025-01-03 14:30:00,784.28,32.63669660000005,0.701,0
2025-01-03 15:00:00,784.32,32.67363750000004,0.7,0
2025-01-03 15:30:00,784.24,32.613011800000095,0.698,0
2025-01-03 16:00:00,784.31,32.609593399999994,0.699,0
2025-01-03 16:30:00,783.97,32.758029700000066,0.698,0
2025-01-03 17:00:00,783.73,32.658748300000184,0.7,0
2025-01-03 17:30:00,784.1,32.64024260000008,0.697,0
2025-01-03 18:00:00,784.13,32.65290770000013,0.698,0
2025-01-03 18:30:00,784.25,32.597519300000044,0.697,0
2025-01-03 19:00:00,783.38,32.76863300000002,0.699,0
2025-01-03 19:30:00,782.58,32.77521570000022,0.698,0
2025-01-03 20:00:00,781.91,32.785355600000116,0.698,0
2025-01-03 20:30:00,781.31,32.680929799999944,0.698,0
2025-01-03 21:00:00,781.13,32.8251944000001,0.699,0
2025-01-03 21:30:00,780.54,32.756261100000074,0.699,0
2025-01-03 22:00:00,779.23,32.92584580000016,0.7,0
2025-01-03 22:30:00,779.06,32.620225700000105,0.699,0
2025-01-03 23:00:00,779.76,32.3729244000001,0.702,0
2025-01-03 23:30:00,779.92,32.597165500000074,0.7,0
2025-01-04 00:00:00,780.04,32.631510700000035,0.702,0
2025-01-04 00:30:00,779.82,32.47269270000015,0.7,0
2025-01-04 01:00:00,780.02,32.599274299999934,0.702,0
2025-01-04 01:30:00,780.21,32.497640100000126,0.699,0
2025-01-04 02:00:00,780.34,32.38087270000017,0.7,0
2025-01-04 02:30:00,780.72,32.58956310000008,0.702,0
2025-01-04 03:00:00,780.55,32.46850870000003,0.701,0
2025-01-04 03:30:00,780.46,32.498833300000115,0.702,0
2025-01-04 04:00:00,780.63,32.310918600000036,0.699,0
2025-01-04 04:30:00,780.62,32.33966720000001,0.699,0
2025-01-04 05:00:00,780.58,32.315982400000166,0.7,0
2025-01-04 05:30:00,780.8,32.21273750000012,0.701,0
2025-01-04 06:00:00,781.25,32.18857700000001,0.701,0
2025-01-04 06:30:00,781.67,32.19151970000007,0.7,0
2025-01-04 07:00:00,781.49,32.24809010000013,0.7,0
2025-01-04 07:30:00,781.39,32.162365900000054,0.7,0
2025-01-04 08:00:00,781.25,32.21406950000005,0.699,0
2025-01-04 08:30:00,781.21,32.13838000000021,0.698,0
2025-01-04 09:00:00,781.24,32.00216890000013,0.698,0
2025-01-04 09:30:00,781.57,31.975273900000047,0.7,0
2025-01-04 10:00:00,781.98,31.94068470000002,0.699,0
2025-01-04 10:30:00,782.05,31.910754099999963,0.699,0
2025-01-04 11:00:00,782.22,31.859479200000123,0.698,0
2025-01-04 11:30:00,782.31,31.845469800000046,0.697,0
2025-01-04 12:00:00,782.5,31.761170499999935,0.698,0
2025-01-04 12:30:00,782.4,31.79169210000009,0.699,0
2025-01-04 13:00:00,782.75,31.71749690000013,0.697,0
2025-01-04 13:30:00,782.55,31.749988500000086,0.698,0
2025-01-04 14:00:00,782.61,31.70495940000012,0.697,0
2025-01-04 14:30:00,782.42,31.63426430000004,0.697,0
2025-01-04 15:00:00,782.7,31.554310200000145,0.7,0
2025-01-04 15:30:00,782.99,31.53126229999998,0.697,0
2025-01-04 16:00:00,783.21,31.503475200000025,0.698,0
2025-01-04 16:30:00,783.57,31.501481700000113,0.697,0
2025-01-04 17:00:00,783.72,31.420009800000116,0.699,0
2025-01-04 17:30:00,783.75,31.403103600000122,0.698,0
2025-01-04 18:00:00,783.82,31.398665500000106,0.698,0
2025-01-04 18:30:00,783.89,31.29735590000007,0.696,0
2025-01-04 19:00:00,783.74,31.3880051000001,0.7,0
2025-01-04 19:30:00,783.57,31.35056610000015,0.698,0
2025-01-04 20:00:00,783.84,31.364621400000033,0.697,0
2025-01-04 20:30:00,783.6,31.436649600000123,0.699,0
2025-01-04 21:00:00,783.56,31.44049670000004,0.698,0
2025-01-04 21:30:00,783.47,31.455525800000146,0.699,0
2025-01-04 22:00:00,783.46,31.468978900000025,0.699,0
2025-01-04 22:30:00,783.55,31.46924530000001,0.699,0
2025-01-04 23:00:00,783.73,31.39737940000009,0.703,0
2025-01-04 23:30:00,784.04,31.47080900000003,0.7,0
2025-01-05 00:00:00,784.14,31.49127240000007,0.701,0
2025-01-05 00:30:00,784.29,31.469962799999962,0.701,0
2025-01-05 01:00:00,784.92,31.408606200000122,0.702,0
2025-01-05 01:30:00,785.38,31.532105200000046,0.7,0
2025-01-05 02:00:00,785.35,31.470494500000086,0.702,0
2025-01-05 02:30:00,785.5,31.440007600000058,0.703,0
2025-01-05 03:00:00,785.58,31.438431600000058,0.702,0
2025-01-05 03:30:00,785.95,31.43420170000013,0.701,0
2025-01-05 04:00:00,786.08,31.525453100000163,0.7,0
2025-01-05 04:30:00,786.28,31.473587199999997,0.701,0
2025-01-05 05:00:00,786.21,31.497399600000108,0.7,0
2025-01-05 05:30:00,786.55,31.516194100000007,0.698,0
2025-01-05 06:00:00,786.97,31.471210900000074,0.701,0
2025-01-05 06:30:00,787.13,31.552694000000088,0.698,0
2025-01-05 07:00:00,787.45,31.499483800000007,0.698,0
2025-01-05 07:30:00,787.63,31.520410600000105,0.699,0
2025-01-05 08:00:00,787.58,31.614188300000137,0.701,0
2025-01-05 08:30:00,787.55,31.63517330000002,0.697,0
2025-01-05 09:00:00,787.45,31.60145380000006,0.696,0
2025-01-05 09:30:00,787.4,31.661581400000046,0.698,0
2025-01-05 10:00:00,787.38,31.665034499999933,0.697,0
2025-01-05 10:30:00,787.26,31.71430470000007,0.696,0
2025-01-05 11:00:00,787.27,31.733482000000095,0.695,0
2025-01-05 11:30:00,787.14,31.747259700000086,0.696,0
2025-01-05 12:00:00,787.06,31.791663099999937,0.695,0
2025-01-05 12:30:00,787.12,31.70788540000001,0.695,0
2025-01-05 13:00:00,787.29,31.74022590000004,0.693,0
2025-01-05 13:30:00,787.4,31.774768100000074,0.693,0
2025-01-05 14:00:00,787.49,31.786251200000038,0.692,0
2025-01-05 14:30:00,787.91,31.735149800000045,0.692,0
2025-01-05 15:00:00,787.96,31.785149800000113,0.69,0
2025-01-05 15:30:00,787.97,31.821662000000174,0.69,0
2025-01-05 16:00:00,788.11,31.79749030000005,0.688,0
2025-01-05 16:30:00,788.36,31.75381670000013,0.689,0
2025-01-05 17:00:00,788.24,31.82348090000005,0.688,0
2025-01-05 17:30:00,788.47,31.750630000000115,0.69,0
2025-01-05 18:00:00,788.66,31.69692169999996,0.687,0
2025-01-05 18:30:00,788.49,31.760433000000035,0.687,0
2025-01-05 19:00:00,788.48,31.8044771000001,0.689,0
2025-01-05 19:30:00,788.08,31.828672300000107,0.687,0
2025-01-05 20:00:00,787.87,31.743075700000077,0.687,0
2025-01-05 20:30:00,787.61,31.712508200000002,0.687,0
2025-01-05 21:00:00,787.61,31.779808400000093,0.691,0
2025-01-05 21:30:00,787.21,31.72956550000015,0.691,0
2025-01-05 22:00:00,787.29,31.72595010000009,0.692,0
2025-01-05 22:30:00,787.52,31.80197540000006,0.693,0
2025-01-05 23:00:00,787.63,31.704976300000112,0.695,0
2025-01-05 23:30:00,787.8,31.725080400000024,0.696,0
2025-01-06 00:00:00,787.96,31.701534400000128,0.696,0
2025-01-06 00:30:00,787.88,31.70005130000004,0.697,0
2025-01-06 01:00:00,788.1,31.586609400000043,0.696,0
2025-01-06 01:30:00,788.27,31.615890800000102,0.696,0
2025-01-06 02:00:00,788.3,31.66628479999997,0.696,0
2025-01-06 02:30:00,788.4,31.655137500000023,0.699,0
2025-01-06 03:00:00,788.46,31.660073700000112,0.697,0
2025-01-06 03:30:00,788.51,31.613202200000046,0.696,0
2025-01-06 04:00:00,788.67,31.563143999999966,0.696,0
2025-01-06 04:30:00,788.87,31.528613000000064,0.696,0
2025-01-06 05:00:00,788.93,31.524371900000006,0.695,0
2025-01-06 05:30:00,789.06,31.519771500000047,0.695,0
2025-01-06 06:00:00,789.05,31.519968500000004,0.693,0
2025-01-06 06:30:00,789.05,31.497535099999936,0.693,0
2025-01-06 07:00:00,788.94,31.569041700000184,0.694,0
2025-01-06 07:30:00,788.9,31.60755860000006,0.693,0
2025-01-06 08:00:00,788.63,31.659783800000014,0.691,0
2025-01-06 08:30:00,788.4,31.633723799999984,0.69,0
2025-01-06 09:00:00,788.17,31.658648800000037,0.691,0
2025-01-06 09:30:00,787.9,31.658869299999992,0.692,0
2025-01-06 10:00:00,787.68,31.699912499999982,0.691,0
2025-01-06 10:30:00,787.57,31.655173300000115,0.687,0
2025-01-06 11:00:00,787.38,31.660955700000045,0.689,0
2025-01-06 11:30:00,787.21,31.69999420000022,0.688,0
2025-01-06 12:00:00,786.76,31.778198800000155,0.687,0
2025-01-06 12:30:00,786.62,31.75750370000003,0.687,0
2025-01-06 13:00:00,786.89,31.764421099999936,0.687,0
2025-01-06 13:30:00,786.65,31.7589521000001,0.687,0
2025-01-06 14:00:00,786.67,31.822799200000077,0.685,0
2025-01-06 14:30:00,786.31,31.7891032,0.687,0
2025-01-06 15:00:00,786.33,31.779531900000165,0.684,0
2025-01-06 15:30:00,786.57,31.82374950000019,0.683,0
2025-01-06 16:00:00,786.55,31.84657690000006,0.682,0
2025-01-06 16:30:00,786.64,31.888651000000095,0.682,0
2025-01-06 17:00:00,786.71,31.88421290000008,0.684,0
2025-01-06 17:30:00,786.55,31.86187240000004,0.681,0
2025-01-06 18:00:00,786.41,31.909497200000033,0.681,0
2025-01-06 18:30:00,786.23,31.854920300000117,0.681,0
2025-01-06 19:00:00,785.78,31.916809700000044,0.68,0
2025-01-06 19:30:00,785.31,31.98623100000009,0.681,0
2025-01-06 20:00:00,784.77,31.959140100000013,0.68,0
2025-01-06 20:30:00,784.33,32.00859610000009,0.68,0
2025-01-06 21:00:00,783.85,32.03538700000013,0.68,0
2025-01-06 21:30:00,783.52,31.981725700000084,0.682,0
2025-01-06 22:00:00,783.2,31.976812999999993,0.685,0
2025-01-06 22:30:00,783.14,31.943325200000004,0.686,0
2025-01-06 23:00:00,783.01,31.97137870000006,0.687,0
2025-01-06 23:30:00,783.01,31.968319600000086,0.687,0
2025-01-07 00:00:00,783.03,32.003615099999934,0.687,0
2025-01-07 00:30:00,782.96,31.833684500000004,0.688,0
2025-01-07 01:00:00,783.02,31.85901469999999,0.691,0
2025-01-07 01:30:00,782.97,31.830428400000073,0.691,0
2025-01-07 02:00:00,783.04,31.812734200000023,0.691,0
2025-01-07 02:30:00,782.96,31.792896500000097,0.69,0
2025-01-07 03:00:00,783.33,31.72646490000011,0.687,0
2025-01-07 03:30:00,783.28,31.767218200000116,0.69,0
2025-01-07 04:00:00,783.25,31.8238927000001,0.689,0
2025-01-07 04:30:00,783.22,31.775538100000063,0.688,0
2025-01-07 05:00:00,783.21,31.757380500000068,0.689,0
2025-01-07 05:30:00,783.46,31.82893300000012,0.686,0
2025-01-07 06:00:00,783.65,31.65693950000002,0.688,0
2025-01-07 06:30:00,783.81,31.774112100000025,0.688,0
2025-01-07 07:00:00,784.29,31.71469079999997,0.685,0
2025-01-07 07:30:00,784.12,31.731295899999964,0.684,0
2025-01-07 08:00:00,783.93,31.780925400000115,0.688,0
2025-01-07 08:30:00,783.83,31.638098000000014,0.686,0
2025-01-07 09:00:00,783.81,31.70579220000002,0.687,0
2025-01-07 09:30:00,783.78,31.800195600000052,0.686,0
2025-01-07 10:00:00,783.69,31.678584900000146,0.685,0
2025-01-07 10:30:00,783.55,31.705815700000016,0.681,0
2025-01-07 11:00:00,783.72,31.501585800000043,0.681,0
2025-01-07 11:30:00,783.47,31.557495800000083,0.68,0
2025-01-07 12:00:00,783.23,31.57853900000009,0.679,0
2025-01-07 12:30:00,782.77,31.575364600000057,0.679,0
2025-01-07 13:00:00,782.16,31.54047539999999,0.679,0
2025-01-07 13:30:00,782.02,31.457578600000033,0.678,0
2025-01-07 14:00:00,782.69,31.61364980000019,0.672,0
2025-01-07 14:30:00,783.46,31.39759990000016,0.669,0
2025-01-07 15:00:00,784.17,31.311214199999995,0.663,0
2025-01-07 15:30:00,784.51,31.246393300000022,0.66,0
2025-01-07 16:00:00,784.71,31.225118400000156,0.66,0
2025-01-07 16:30:00,784.93,31.09740069999998,0.662,0
2025-01-07 17:00:00,785.25,31.14921960000015,0.662,0
2025-01-07 17:30:00,785.64,31.007955899999956,0.665,0
2025-01-07 18:00:00,785.83,31.056217600000082,0.667,0
2025-01-07 18:30:00,786.03,31.184838600000035,0.668,0
2025-01-07 19:00:00,786.01,31.09855809999999,0.667,0
2025-01-07 19:30:00,785.39,31.177052600000025,0.667,0
2025-01-07 20:00:00,785.05,31.0216183,0.669,0
2025-01-07 20:30:00,784.71,31.16597580000007,0.67,0
2025-01-07 21:00:00,784.61,31.15061090000006,0.67,0
2025-01-07 21:30:00,784.45,31.305698200000165,0.669,0
2025-01-07 22:00:00,783.8,31.14005570000006,0.669,0
2025-01-07 22:30:00,783.69,31.0198587000001,0.669,0
2025-01-07 23:00:00,783.73,30.909962800000017,0.669,0
2025-01-07 23:30:00,784.08,31.006057499999997,0.67,0
2025-01-08 00:00:00,783.83,30.85700780000002,0.67,0
2025-01-08 00:30:00,783.92,30.912337999999977,0.671,0
2025-01-08 01:00:00,784.19,30.978398000000084,0.671,0
2025-01-08 01:30:00,784.5,30.971271300000126,0.673,0
2025-01-08 02:00:00,784.75,30.94697199999996,0.672,0
2025-01-08 02:30:00,784.47,30.917818200000056,0.671,0
2025-01-08 03:00:00,784.44,30.975512400000184,0.668,0
2025-01-08 03:30:00,784.19,31.013067800000158,0.667,0
2025-01-08 04:00:00,783.98,30.80306780000012,0.666,0
2025-01-08 04:30:00,784.06,30.830043400000022,0.665,0
2025-01-08 05:00:00,784.73,30.75362300000006,0.664,0
2025-01-08 05:30:00,785.16,30.858338700000104,0.662,0
2025-01-08 06:00:00,785.28,30.83456100000012,0.66,0
2025-01-08 06:30:00,785.61,30.91167540000015,0.657,0
2025-01-08 07:00:00,785.38,30.71124670000006,0.656,0
2025-01-08 07:30:00,785.5,30.882231700000034,0.655,0
2025-01-08 08:00:00,785.32,30.759334900000113,0.653,0
2025-01-08 08:30:00,785.11,30.817516000000182,0.654,0
2025-01-08 09:00:00,785.0,30.86251040000002,0.652,0
2025-01-08 09:30:00,785.03,30.93941659999996,0.653,0
2025-01-08 10:00:00,784.6,30.806149300000016,0.65,0
2025-01-08 10:30:00,784.81,30.791815300000053,0.649,0
2025-01-08 11:00:00,784.84,30.938061100000027,0.647,0
2025-01-08 11:30:00,784.72,30.844573300000093,0.647,0
2025-01-08 12:00:00,784.81,30.799972900000057,0.646,0
2025-01-08 12:30:00,784.9,30.56264920000001,0.643,0
2025-01-08 13:00:00,785.25,30.627133200000003,0.646,0
2025-01-08 13:30:00,785.65,30.425510200000076,0.645,0
2025-01-08 14:00:00,785.62,30.433239100000037,0.648,0
2025-01-08 14:30:00,785.83,30.729913600000145,0.648,0
2025-01-08 15:00:00,786.17,30.669171499999948,0.649,0
2025-01-08 15:30:00,786.45,31.010353500000065,0.649,0
2025-01-08 16:00:00,786.68,30.954837500000053,0.648,0
2025-01-08 16:30:00,786.93,31.112044800000035,0.649,0
2025-01-08 17:00:00,787.3,31.037455600000044,0.65,0
2025-01-08 17:30:00,788.23,31.118045499999994,0.651,0
2025-01-08 18:00:00,788.08,30.99353800000017,0.653,0
2025-01-08 18:30:00,787.94,31.03300520000016,0.652,0
2025-01-08 19:00:00,788.21,30.943051100000048,0.654,0
2025-01-08 19:30:00,787.74,30.94721160000006,0.654,0
2025-01-08 20:00:00,787.45,30.850954600000136,0.656,0
2025-01-08 20:30:00,787.34,30.983643200000074,0.655,0
2025-01-08 21:00:00,786.76,30.783991300000025,0.657,0
2025-01-08 21:30:00,786.53,30.9343394,0.661,0
2025-01-08 22:00:00,786.89,30.7569575,0.663,0
2025-01-08 22:30:00,787.16,30.781209800000056,0.664,0
2025-01-08 23:00:00,787.26,30.94647060000011,0.666,0
2025-01-08 23:30:00,786.82,30.85214890000009,0.67,0
2025-01-09 00:00:00,786.78,30.833562599999937,0.671,0
2025-01-09 00:30:00,787.02,30.806401200000096,0.672,0
2025-01-09 01:00:00,787.41,30.802797000000055,0.673,0
2025-01-09 01:30:00,787.46,30.816087800000105,0.676,0
2025-01-09 02:00:00,787.91,30.85106989999997,0.675,0
2025-01-09 02:30:00,788.32,30.925588600000083,0.675,0
2025-01-09 03:00:00,788.22,30.941834400000175,0.676,0
2025-01-09 03:30:00,788.21,30.976701200000093,0.677,0
2025-01-09 04:00:00,788.29,31.09748920000004,0.679,0
2025-01-09 04:30:00,788.44,31.0139779000001,0.677,0
2025-01-09 05:00:00,788.22,31.0152528000001,0.678,0
2025-01-09 05:30:00,787.95,31.03280820000009,0.677,0
2025-01-09 06:00:00,787.99,31.073827900000083,0.677,0
2025-01-09 06:30:00,788.21,30.91347980000012,0.675,0
2025-01-09 07:00:00,787.91,31.103955499999984,0.675,0
2025-01-09 07:30:00,787.59,30.999112200000127,0.676,0
2025-01-09 08:00:00,787.14,31.030410600000096,0.675,0
2025-01-09 08:30:00,786.8,30.9922418000001,0.673,0
2025-01-09 09:00:00,786.65,30.912601100000074,0.673,0
2025-01-09 09:30:00,786.65,31.043122700000026,0.673,0
2025-01-09 10:00:00,786.74,30.96487220000006,0.674,0
2025-01-09 10:30:00,787.19,30.900943400000074,0.67,0
2025-01-09 11:00:00,787.23,30.8991357000001,0.67,0
2025-01-09 11:30:00,787.22,30.766771700000163,0.669,0
2025-01-09 12:00:00,787.43,30.75957559999995,0.668,0
2025-01-09 12:30:00,787.38,30.645334500000104,0.665,0
2025-01-09 13:00:00,787.28,30.63200900000004,0.666,0
2025-01-09 13:30:00,787.53,30.575079300000084,0.665,0
2025-01-09 14:00:00,787.55,30.574685299999942,0.664,0
2025-01-09 14:30:00,787.41,30.53971439999998,0.664,0
2025-01-09 15:00:00,787.24,30.515531500000066,0.665,0
2025-01-09 15:30:00,787.26,30.576319499999954,0.665,0
2025-01-09 16:00:00,787.51,30.556099000000017,0.665,0
2025-01-09 16:30:00,787.85,30.609563300000104,0.664,0
2025-01-09 17:00:00,788.0,30.48118520000014,0.66,0
2025-01-09 17:30:00,788.26,30.49135870000009,0.661,0
2025-01-09 18:00:00,788.2,30.481324000000086,0.661,0
2025-01-09 18:30:00,788.02,30.43082590000006,0.66,0
2025-01-09 19:00:00,787.91,30.408520100000032,0.659,0
2025-01-09 19:30:00,787.62,30.340814700000124,0.657,0
2025-01-09 20:00:00,787.24,30.3044536000001,0.659,0
2025-01-09 20:30:00,786.93,30.32075759999998,0.659,0
2025-01-09 21:00:00,786.73,30.389958400000182,0.661,0
2025-01-09 21:30:00,786.34,30.41395660000012,0.663,0
2025-01-09 22:00:00,786.32,30.268533500000217,0.665,0
2025-01-09 22:30:00,786.38,30.224524100000053,0.667,0
2025-01-09 23:00:00,786.6,30.069274500000006,0.669,0
2025-01-09 23:30:00,786.83,30.17079230000013,0.67,0
2025-01-10 00:00:00,786.9,30.076620599999956,0.674,0
2025-01-10 00:30:00,787.29,29.97410549999995,0.675,0
2025-01-10 01:00:00,787.59,30.038554800000043,0.676,0
2025-01-10 01:30:00,788.01,29.888542500000085,0.676,0
2025-01-10 02:00:00,788.04,29.843084699999963,0.677,0
2025-01-10 02:30:00,788.06,29.90285300000005,0.677,0
2025-01-10 03:00:00,787.85,29.94369919999997,0.68,0
2025-01-10 03:30:00,787.81,29.8914628,0.68,0
2025-01-10 04:00:00,787.91,29.793641000000093,0.681,0
2025-01-10 04:30:00,788.49,29.695540500000106,0.678,0
2025-01-10 05:00:00,788.76,29.652492600000073,0.68,0
2025-01-10 05:30:00,789.0,29.610035700000026,0.681,0
2025-01-10 06:00:00,789.16,29.66500659999997,0.679,0
2025-01-10 06:30:00,789.25,29.621425900000077,0.679,0
2025-01-10 07:00:00,789.76,29.572630300000014,0.678,0
2025-01-10 07:30:00,790.0,29.58115840000005,0.679,0
2025-01-10 08:00:00,789.5,29.626697900000067,0.679,0
2025-01-10 08:30:00,789.28,29.527022500000157,0.677,0
2025-01-10 09:00:00,789.14,29.504288000000088,0.679,0
2025-01-10 09:30:00,789.1,29.51221390000012,0.677,0
2025-01-10 10:00:00,788.9,29.38869139999997,0.675,0
2025-01-10 10:30:00,788.85,29.52529650000008,0.674,0
2025-01-10 11:00:00,788.82,29.35355820000018,0.676,0
2025-01-10 11:30:00,789.04,29.300278599999956,0.673,0
2025-01-10 12:00:00,789.24,29.304496200000017,0.674,0
2025-01-10 12:30:00,789.12,29.2997223000001,0.676,0
2025-01-10 13:00:00,789.06,29.255017799999905,0.673,0
2025-01-10 13:30:00,789.1,29.239954000000125,0.671,0
2025-01-10 14:00:00,788.84,29.198169800000073,0.673,0
2025-01-10 14:30:00,788.94,29.242086300000096,0.67,0
2025-01-10 15:00:00,788.83,29.15553940000018,0.669,0
2025-01-10 15:30:00,789.17,29.09785640000007,0.669,0
2025-01-10 16:00:00,789.28,29.10690610000006,0.67,0
2025-01-10 16:30:00,789.12,29.064171600000122,0.669,0
2025-01-10 17:00:00,789.25,29.049374200000102,0.666,0
2025-01-10 17:30:00,789.25,29.007566500000166,0.667,0
2025-01-10 18:00:00,789.12,29.03358060000005,0.667,0
2025-01-10 18:30:00,789.01,28.98272320000001,0.666,0
2025-01-10 19:00:00,788.69,29.00534240000013,0.666,0
2025-01-10 19:30:00,788.31,29.02404510000008,0.67,0
2025-01-10 20:00:00,787.79,29.02409209999996,0.67,0
2025-01-10 20:30:00,787.47,28.984509600000024,0.668,0
2025-01-10 21:00:00,787.3,28.950129700000048,0.673,0
2025-01-10 21:30:00,787.25,28.96029199999998,0.674,0
2025-01-10 22:00:00,787.08,29.012586600000077,0.677,0
2025-01-10 22:30:00,786.84,29.012216100000046,0.681,0
2025-01-10 23:00:00,786.63,28.87257539999996,0.683,0
2025-01-10 23:30:00,786.89,28.863374600000043,0.686,0
2025-01-11 00:00:00,786.92,29.05346750000001,0.689,0
2025-01-11 00:30:00,786.61,29.046318400000132,0.692,0
2025-01-11 01:00:00,786.22,29.01423310000007,0.692,0
2025-01-11 01:30:00,786.12,28.930548300000055,0.694,0
2025-01-11 02:00:00,786.31,28.98696760000007,0.696,0
2025-01-11 02:30:00,786.36,28.927859700000113,0.696,0
2025-01-11 03:00:00,786.13,28.846735900000112,0.697,0
2025-01-11 03:30:00,786.11,28.835913200000164,0.699,0
2025-01-11 04:00:00,786.15,28.8228888000001,0.697,0
2025-01-11 04:30:00,785.91,28.8561684,0.696,0
2025-01-11 05:00:00,785.73,28.80872940000006,0.695,0
2025-01-11 05:30:00,785.4,28.782600000000002,0.697,0
2025-01-11 06:00:00,785.17,28.713712600000008,0.694,0
2025-01-11 06:30:00,784.94,28.69784960000004,0.695,0
2025-01-11 07:00:00,784.68,28.630572899999947,0.695,0
2025-01-11 07:30:00,784.38,28.642601100000093,0.694,0
2025-01-11 08:00:00,784.14,28.65344730000004,0.693,0
2025-01-11 08:30:00,783.67,28.6718836,0.69,0
2025-01-11 09:00:00,783.1,28.630088200000046,0.691,0
2025-01-11 09:30:00,782.95,28.55248690000019,0.69,0
2025-01-11 10:00:00,782.86,28.54610230000003,0.687,0
2025-01-11 10:30:00,782.66,28.514352799999983,0.687,0
2025-01-11 11:00:00,782.45,28.474642700000118,0.687,0
2025-01-11 11:30:00,782.16,28.475257199999987,0.685,0
2025-01-11 12:00:00,781.8,28.463994599999978,0.684,0
2025-01-11 12:30:00,781.76,28.367911100000015,0.682,0
2025-01-11 13:00:00,782.06,28.2477947000001,0.681,0
2025-01-11 13:30:00,782.21,28.29480500000011,0.68,0
2025-01-11 14:00:00,782.31,28.366253400000005,0.679,0
2025-01-11 14:30:00,782.56,28.361328400000048,0.675,0
2025-01-11 15:00:00,782.41,28.39997290000008,0.676,0
2025-01-11 15:30:00,782.51,28.234850900000083,0.674,0
2025-01-11 16:00:00,782.55,28.34521020000011,0.673,0
2025-01-11 16:30:00,782.33,28.2139241000001,0.672,0
2025-01-11 17:00:00,782.3,28.203298400000108,0.671,0
2025-01-11 17:30:00,782.35,28.283889400000135,0.67,0
2025-01-11 18:00:00,782.04,28.320587400000022,0.669,0
2025-01-11 18:30:00,781.69,28.284655000000043,0.669,0
2025-01-11 19:00:00,781.48,28.302048100000093,0.671,0
2025-01-11 19:30:00,780.89,28.29735590000007,0.67,0
2025-01-11 20:00:00,780.26,28.191481700000054,0.671,0
2025-01-11 20:30:00,779.76,28.2900456000001,0.673,0
2025-01-11 21:00:00,779.62,28.17451840000001,0.675,0
2025-01-11 21:30:00,779.44,28.242305500000157,0.678,0
2025-01-11 22:00:00,779.68,28.2080062,0.679,0
2025-01-11 22:30:00,779.56,28.25829609999994,0.681,0
2025-01-11 23:00:00,779.73,28.15603620000013,0.683,0
2025-01-11 23:30:00,779.67,28.139883300000065,0.687,0
2025-01-12 00:00:00,780.03,28.024703100000124,0.69,0
2025-01-12 00:30:00,779.84,28.026406700000166,0.693,0
2025-01-12 01:00:00,779.79,27.906047400000034,0.692,0
2025-01-12 01:30:00,780.08,28.02473780000014,0.693,0
2025-01-12 02:00:00,779.95,28.024239700000066,0.693,0
2025-01-12 02:30:00,779.96,27.940427300000124,0.694,0
2025-01-12 03:00:00,779.98,28.010392600000046,0.69,0
2025-01-12 03:30:00,779.94,28.0346337000002,0.688,0
2025-01-12 04:00:00,779.5,28.054518400000006,0.689,0
2025-01-12 04:30:00,779.19,27.957635700000196,0.687,0
2025-01-12 05:00:00,778.91,27.884634799999958,0.687,0
2025-01-12 05:30:00,779.23,27.694784800000093,0.684,0
2025-01-12 06:00:00,779.63,27.768480800000134,0.683,0
2025-01-12 06:30:00,779.78,27.66253610000001,0.681,0
2025-01-12 07:00:00,779.99,27.590079200000105,0.682,0
2025-01-12 07:30:00,779.72,27.645363500000144,0.682,0
2025-01-12 08:00:00,779.52,27.742096200000105,0.677,0
2025-01-12 08:30:00,779.03,27.576360799999975,0.677,0
2025-01-12 09:00:00,778.79,27.679999700000053,0.678,0
2025-01-12 09:30:00,778.57,27.716964100000155,0.676,0
2025-01-12 10:00:00,778.33,27.588111400000116,0.674,0
2025-01-12 10:30:00,778.59,27.720648900000015,0.674,0
2025-01-12 11:00:00,778.29,27.626628299999993,0.672,0
2025-01-12 11:30:00,778.21,27.524194899999998,0.672,0
2025-01-12 12:00:00,777.72,27.699039300000095,0.672,0
2025-01-12 12:30:00,777.44,27.38436950000016,0.668,0
2025-01-12 13:00:00,777.1,27.377811400000155,0.669,0
2025-01-12 13:30:00,777.02,27.45994369999994,0.67,0
2025-01-12 14:00:00,777.16,27.18390610000006,0.666,0
2025-01-12 14:30:00,777.37,27.22259650000001,0.666,0
2025-01-12 15:00:00,777.61,27.18625780000002,0.662,0
2025-01-12 15:30:00,777.76,27.146593600000074,0.663,0
2025-01-12 16:00:00,777.97,27.188343099999997,0.66,0
2025-01-12 16:30:00,777.99,27.19916580000006,0.66,0
2025-01-12 17:00:00,778.2,27.02983740000002,0.658,0
2025-01-12 17:30:00,778.19,27.124866500000053,0.658,0
2025-01-12 18:00:00,777.95,27.1112399000001,0.658,0
2025-01-12 18:30:00,778.02,27.155747399999996,0.659,0
2025-01-12 19:00:00,777.78,27.23491350000006,0.658,0
2025-01-12 19:30:00,777.68,27.31743979999999,0.66,0
2025-01-12 20:00:00,777.31,27.42771849999997,0.66,0
2025-01-12 20:30:00,777.32,27.330650000000105,0.661,0
2025-01-12 21:00:00,777.37,27.202202500000112,0.663,0
2025-01-12 21:30:00,777.21,27.248181900000077,0.666,0
2025-01-12 22:00:00,777.08,27.255841400000122,0.666,0
2025-01-12 22:30:00,776.84,27.36355910000009,0.671,0
2025-01-12 23:00:00,776.95,27.16459000000009,0.671,0
2025-01-12 23:30:00,777.03,27.11100930000009,0.674,0
2025-01-13 00:00:00,776.91,27.205146300000138,0.676,0
2025-01-13 00:30:00,776.48,27.08717450000006,0.677,0
2025-01-13 01:00:00,776.81,27.050082499999917,0.679,0
2025-01-13 01:30:00,776.8,26.959526200000028,0.678,0
2025-01-13 02:00:00,776.84,27.05255060000013,0.679,0
2025-01-13 02:30:00,776.95,26.882133100000146,0.679,0
2025-01-13 03:00:00,776.95,26.908645300000103,0.678,0
2025-01-13 03:30:00,776.84,26.877162200000157,0.678,0
2025-01-13 04:00:00,776.83,26.912029000000075,0.678,0
2025-01-13 04:30:00,776.47,26.828367700000058,0.677,0
2025-01-13 05:00:00,776.42,26.884416500000043,0.674,0
2025-01-13 05:30:00,776.58,26.77623540000002,0.672,0
2025-01-13 06:00:00,776.74,26.822029000000043,0.673,0
2025-01-13 06:30:00,776.84,26.814960500000097,0.672,0
2025-01-13 07:00:00,776.93,26.776478300000008,0.669,0
2025-01-13 07:30:00,777.11,26.92690700000003,0.669,0
2025-01-13 08:00:00,777.16,26.8168141000001,0.668,0
2025-01-13 08:30:00,777.3,26.779386300000056,0.663,0
2025-01-13 09:00:00,777.42,26.599594499999967,0.664,0
2025-01-13 09:30:00,777.89,26.50875950000011,0.66,0
2025-01-13 10:00:00,777.87,26.69983739999998,0.661,0
2025-01-13 10:30:00,777.77,26.545793300000128,0.657,0
2025-01-13 11:00:00,777.87,26.54892180000013,0.656,0
2025-01-13 11:30:00,777.68,26.639339300000074,0.653,0
2025-01-13 12:00:00,777.43,26.65548100000001,0.654,0
2025-01-13 12:30:00,777.28,26.559525099999973,0.651,0
2025-01-13 13:00:00,777.28,26.457555100000036,0.649,0
2025-01-13 13:30:00,777.13,26.488042000000064,0.647,0
2025-01-13 14:00:00,777.51,26.274576600000046,0.645,0
2025-01-13 14:30:00,777.93,26.247948000000065,0.646,0
2025-01-13 15:00:00,778.16,26.222003299999983,0.642,0
2025-01-13 15:30:00,778.61,26.298793100000125,0.64,0
2025-01-13 16:00:00,779.13,26.223288300000036,0.638,0
2025-01-13 16:30:00,779.39,26.20694960000003,0.637,0
2025-01-13 17:00:00,779.77,26.229034899999988,0.634,0
2025-01-13 17:30:00,780.03,26.236149299999965,0.635,0
2025-01-13 18:00:00,780.31,26.278559200000018,0.636,0
2025-01-13 18:30:00,780.45,26.190146400000117,0.635,0
2025-01-13 19:00:00,780.45,26.328825600000073,0.636,0
2025-01-13 19:30:00,780.28,26.246519799999987,0.637,0
2025-01-13 20:00:00,780.08,26.354469200000153,0.637,0
2025-01-13 20:30:00,779.95,26.402916700000105,0.639,0
2025-01-13 21:00:00,779.69,26.492673800000148,0.641,0
2025-01-13 21:30:00,779.53,26.398954300000128,0.645,0
2025-01-13 22:00:00,779.44,26.077482400000235,0.646,0
2025-01-13 22:30:00,779.67,26.294226300000105,0.648,0
2025-01-13 23:00:00,779.71,26.27814280000007,0.651,0
2025-01-13 23:30:00,779.8,26.03674030000002,0.652,0
2025-01-14 00:00:00,779.89,26.138976700000057,0.655,0
2025-01-14 00:30:00,780.02,26.105824700000085,0.656,0
2025-01-14 01:00:00,780.17,25.963170800000057,0.657,0
2025-01-14 01:30:00,780.51,25.907527200000118,0.658,0
2025-01-14 02:00:00,780.62,25.973680100000138,0.658,0
2025-01-14 02:30:00,780.76,25.835301999999956,0.657,0
2025-01-14 03:00:00,780.89,25.90208060000009,0.657,0
2025-01-14 03:30:00,781.2,25.867422000000147,0.659,0
2025-01-14 04:00:00,781.71,25.800271800000132,0.657,0
2025-01-14 04:30:00,782.06,25.84640120000006,0.656,0
2025-01-14 05:00:00,782.34,25.831707900000083,0.657,0
2025-01-14 05:30:00,782.6,25.818428300000164,0.655,0
2025-01-14 06:00:00,782.82,25.79777910000007,0.655,0
2025-01-14 06:30:00,782.92,25.95488230000001,0.654,0
2025-01-14 07:00:00,782.84,25.898335400000065,0.654,0
2025-01-14 07:30:00,782.71,25.867246300000147,0.653,0
2025-01-14 08:00:00,782.43,25.82585610000001,0.653,0
2025-01-14 08:30:00,782.33,25.7258561000001,0.648,0
2025-01-14 09:00:00,782.57,25.697675000000118,0.651,0
2025-01-14 09:30:00,782.9,25.762553000000025,0.649,0
2025-01-14 10:00:00,782.85,25.84715340000014,0.648,0
2025-01-14 10:30:00,782.56,25.842669399999977,0.646,0
2025-01-14 11:00:00,782.51,25.883422699999983,0.647,0
2025-01-14 11:30:00,782.41,25.679413299999965,0.645,0
2025-01-14 12:00:00,782.27,25.739274499999965,0.642,0
2025-01-14 12:30:00,782.09,25.733643200000074,0.643,0
2025-01-14 13:00:00,782.13,25.731835500000102,0.641,0
2025-01-14 13:30:00,782.36,25.71812720000014,0.642,0
2025-01-14 14:00:00,782.47,25.879112200000122,0.642,0
2025-01-14 14:30:00,782.77,25.809980800000062,0.641,0
2025-01-14 15:00:00,783.05,25.838114899999937,0.643,0
2025-01-14 15:30:00,783.31,25.68717580000009,0.639,0
2025-01-14 16:00:00,783.62,25.733073500000046,0.641,0
2025-01-14 16:30:00,783.97,25.882192600000053,0.638,0
2025-01-14 17:00:00,784.2,25.75937640000018,0.638,0
2025-01-14 17:30:00,784.21,25.795888600000126,0.64,0
2025-01-14 18:00:00,784.24,25.759608100000037,0.639,0
2025-01-14 18:30:00,784.29,25.747406400000045,0.64,0
2025-01-14 19:00:00,784.21,25.658229100000085,0.64,0
2025-01-14 19:30:00,783.9,25.703084699999977,0.642,0
2025-01-14 20:00:00,783.56,25.74343280000005,0.647,0
2025-01-14 20:30:00,783.27,25.648195500000043,0.651,0
2025-01-14 21:00:00,783.11,25.772691800000075,0.656,0
2025-01-14 21:30:00,782.88,25.69972560000008,0.665,0
2025-01-14 22:00:00,782.88,25.723178700000062,0.673,0
2025-01-14 22:30:00,782.95,25.771765000000187,0.683,0
2025-01-14 23:00:00,783.2,25.81068710000011,0.689,0
2025-01-14 23:30:00,783.43,25.854082000000062,0.699,0
2025-01-15 00:00:00,783.52,25.883919700000092,0.709,0
2025-01-15 00:30:00,783.72,25.96869360000005,0.717,0
2025-01-15 01:00:00,783.83,25.96142810000015,0.718,0
2025-01-15 01:30:00,783.7,26.047604500000034,0.72,0
2025-01-15 02:00:00,783.74,26.015205800000103,0.718,0
2025-01-15 02:30:00,783.64,25.962112000000047,0.716,0
2025-01-15 03:00:00,783.54,25.926353099999915,0.712,0
2025-01-15 03:30:00,783.6,25.936387800000148,0.707,0
2025-01-15 04:00:00,783.75,25.842679500000145,0.705,0
2025-01-15 04:30:00,783.92,25.920906500000115,0.7,0
2025-01-15 05:00:00,784.14,25.817661600000065,0.695,0
2025-01-15 05:30:00,784.36,25.882667200000014,0.691,0
2025-01-15 06:00:00,784.74,25.96389510000006,0.689,0
2025-01-15 06:30:00,784.95,25.888379100000066,0.686,0
2025-01-15 07:00:00,784.86,25.94827500000008,0.682,0
2025-01-15 07:30:00,784.66,25.89817089999997,0.678,0
2025-01-15 08:00:00,784.42,25.94878540000002,0.672,0
2025-01-15 08:30:00,784.16,25.847858599999995,0.671,0
2025-01-15 09:00:00,784.15,25.859272300000157,0.669,0
2025-01-15 09:30:00,784.07,25.738484300000096,0.666,0
2025-01-15 10:00:00,784.12,25.768090300000154,0.664,0
2025-01-15 10:30:00,784.15,25.71243549999997,0.662,0
2025-01-15 11:00:00,784.11,25.59493830000008,0.658,0
2025-01-15 11:30:00,783.87,25.62515880000001,0.656,0
2025-01-15 12:00:00,783.87,25.632296699999984,0.655,0
2025-01-15 12:30:00,783.76,25.600813600000038,0.652,0
2025-01-15 13:00:00,783.67,25.66172920000008,0.649,0
2025-01-15 13:30:00,783.56,25.59557630000006,0.647,0
2025-01-15 14:00:00,783.53,25.60024610000005,0.645,0
2025-01-15 14:30:00,783.66,25.561995599999932,0.642,0
2025-01-15 15:00:00,783.67,25.551601600000026,0.64,0
2025-01-15 15:30:00,783.75,25.485784500000022,0.638,0
2025-01-15 16:00:00,783.87,25.50891300000012,0.637,0
2025-01-15 16:30:00,784.0,25.568553700000052,0.635,0
2025-01-15 17:00:00,783.94,25.499376400000187,0.632,0
2025-01-15 17:30:00,784.07,25.50191390000009,0.631,0
2025-01-15 18:00:00,784.02,25.44783510000002,0.629,0
2025-01-15 18:30:00,783.79,25.397302300000092,0.63,0
2025-01-15 19:00:00,783.62,25.484266700000035,0.633,0
2025-01-15 19:30:00,783.29,25.420408400000042,0.635,0
2025-01-15 20:00:00,782.95,25.47503230000018,0.643,0
2025-01-15 20:30:00,782.51,25.502054900000076,0.652,0
2025-01-15 21:00:00,782.17,25.47918160000006,0.664,0
2025-01-15 21:30:00,781.88,25.504268900000056,0.676,0
2025-01-15 22:00:00,781.62,25.52978489999998,0.689,0
2025-01-15 22:30:00,781.46,25.51968080000006,0.707,0
2025-01-15 23:00:00,781.45,25.51987780000013,0.724,0
2025-01-15 23:30:00,781.47,25.533759600000053,0.741,0
2025-01-16 00:00:00,781.48,25.575370300000145,0.759,0
2025-01-16 00:30:00,781.53,25.539715500000057,0.768,0
2025-01-16 01:00:00,781.53,25.53665639999997,0.772,0
2025-01-16 01:30:00,781.62,25.52978489999998,0.771,0
2025-01-16 02:00:00,781.59,25.5110016000001,0.765,0
2025-01-16 02:30:00,781.56,25.53402600000004,0.758,0
2025-01-16 03:00:00,781.51,25.45139560000007,0.751,0
2025-01-16 03:30:00,781.49,25.50583370000004,0.742,0
2025-01-16 04:00:00,781.51,25.466691100000048,0.733,0
2025-01-16 04:30:00,781.47,25.421592600000054,0.728,0
2025-01-16 05:00:00,781.61,25.43616950000012,0.719,0
2025-01-16 05:30:00,781.64,25.429460300000073,0.713,0
2025-01-16 06:00:00,781.6,25.374164800000017,0.707,0
2025-01-16 06:30:00,781.6,25.376204200000075,0.699,0
2025-01-16 07:00:00,781.66,25.39643590000003,0.691,0
2025-01-16 07:30:00,781.42,25.369553199999928,0.686,0
2025-01-16 08:00:00,781.46,25.37794250000013,0.681,0
2025-01-16 08:30:00,781.27,25.312345900000082,0.676,0
2025-01-16 09:00:00,781.16,25.36855700000001,0.671,0
2025-01-16 09:30:00,781.03,25.301778400000103,0.664,0
2025-01-16 10:00:00,781.12,25.242902200000117,0.658,0
2025-01-16 10:30:00,781.14,25.230271800000082,0.655,0
2025-01-16 11:00:00,781.11,25.253296200000136,0.652,0
2025-01-16 11:30:00,780.96,25.224640500000078,0.645,0
2025-01-16 12:00:00,780.73,25.18940320000013,0.639,0
2025-01-16 12:30:00,780.55,25.139924800000017,0.634,0
2025-01-16 13:00:00,780.41,25.098835699999995,0.632,0
2025-01-16 13:30:00,780.25,25.142775700000016,0.627,0
2025-01-16 14:00:00,780.16,25.086425800000143,0.624,0
2025-01-16 14:30:00,780.04,25.0571791000001,0.62,0
2025-01-16 15:00:00,779.85,25.068060000000173,0.616,0
2025-01-16 15:30:00,779.74,25.070227000000045,0.613,0
2025-01-16 16:00:00,779.65,25.02203469999995,0.61,0
2025-01-16 16:30:00,779.53,24.971374300000093,0.605,0
2025-01-16 17:00:00,779.45,24.953576000000112,0.603,0
2025-01-16 17:30:00,779.32,24.947979400000122,0.6,0
2025-01-16 18:00:00,779.14,24.929092000000082,0.602,0
2025-01-16 18:30:00,779.02,24.924318100000164,0.601,0
2025-01-16 19:00:00,778.73,24.98305550000009,0.602,0
2025-01-16 19:30:00,778.33,25.040900800000145,0.606,0
2025-01-16 20:00:00,777.84,25.068908400000055,0.612,0
2025-01-16 20:30:00,777.42,25.058827800000017,0.625,0
2025-01-16 21:00:00,777.09,25.08062430000018,0.639,0
2025-01-16 21:30:00,776.81,25.13814500000001,0.66,0
2025-01-16 22:00:00,776.64,25.133336399999962,0.679,0
2025-01-16 22:30:00,776.53,25.177311099999997,0.698,0
2025-01-16 23:00:00,776.45,25.191123500000117,0.719,0
2025-01-16 23:30:00,776.51,25.184843000000114,0.735,0
2025-01-17 00:00:00,776.5,25.209512800000084,0.75,0
2025-01-17 00:30:00,776.61,25.179813900000113,0.758,0
2025-01-17 01:00:00,776.71,25.2104743000001,0.762,0
2025-01-17 01:30:00,776.79,25.16403150000008,0.757,0
2025-01-17 02:00:00,776.91,25.18206150000003,0.754,0
2025-01-17 02:30:00,776.95,25.169037100000082,0.742,0
2025-01-17 03:00:00,776.97,25.14722940000013,0.735,0
2025-01-17 03:30:00,777.0,25.084436700000083,0.725,0
2025-01-17 04:00:00,776.97,25.114599,0.716,0
2025-01-17 04:30:00,777.07,25.0891759000001,0.706,0
2025-01-17 05:00:00,777.26,25.067078300000162,0.697,0
2025-01-17 05:30:00,777.26,25.073196499999995,0.688,0
2025-01-17 06:00:00,777.34,25.053265900000042,0.682,0
2025-01-17 06:30:00,777.44,25.01968520000014,0.672,0
2025-01-17 07:00:00,777.27,25.038329699999963,0.666,0
2025-01-17 07:30:00,777.18,24.98605859999998,0.66,0
2025-01-17 08:00:00,777.0,24.976348500000086,0.656,0
2025-01-17 08:30:00,777.05,24.972304399999985,0.646,0
2025-01-17 09:00:00,777.22,24.966916000000083,0.642,0
2025-01-17 09:30:00,777.31,24.895803399999977,0.633,0
2025-01-17 10:00:00,777.31,24.913138300000014,0.629,0
2025-01-17 10:30:00,777.3,24.90007920000005,0.623,0
2025-01-17 11:00:00,777.31,24.87336999999991,0.617,0
2025-01-17 11:30:00,777.18,24.895305300000018,0.614,0
2025-01-17 12:00:00,777.04,24.848097999999936,0.609,0
2025-01-17 12:30:00,776.93,24.846186200000034,0.604,0
2025-01-17 13:00:00,776.92,24.778063299999985,0.6,0
2025-01-17 13:30:00,777.05,24.750009800000043,0.593,0
2025-01-17 14:00:00,777.07,24.734320300000036,0.593,0
2025-01-17 14:30:00,777.01,24.71000980000008,0.588,0
2025-01-17 15:00:00,776.91,24.673231200000032,0.585,0
2025-01-17 15:30:00,776.8,24.718225599999982,0.578,0
2025-01-17 16:00:00,776.92,24.605733999999984,0.575,0
2025-01-17 16:30:00,777.23,24.54354350000017,0.572,0
2025-01-17 17:00:00,777.29,24.505652300000065,0.568,0
2025-01-17 17:30:00,777.37,24.47654440000008,0.567,0
2025-01-17 18:00:00,777.51,24.425860500000113,0.566,0
2025-01-17 18:30:00,777.55,24.466880200000105,0.57,0
2025-01-17 19:00:00,777.41,24.524702000000048,0.572,0
2025-01-17 19:30:00,777.41,24.554273299999977,0.579,0
2025-01-17 20:00:00,777.26,24.565385900000138,0.587,0
2025-01-17 20:30:00,776.98,24.646359700000062,0.602,0
2025-01-17 21:00:00,776.9,24.751945099999944,0.62,0
2025-01-17 21:30:00,776.77,24.82078660000002,0.643,0
2025-01-17 22:00:00,776.67,24.66470310000011,0.667,0
2025-01-17 22:30:00,776.64,24.754008,0.691,0
2025-01-17 23:00:00,776.85,24.791678700000148,0.716,0
2025-01-17 23:30:00,776.92,24.833127099999956,0.737,0
2025-01-18 00:00:00,776.99,24.875595200000134,0.753,0
2025-01-18 00:30:00,777.11,24.851817500000152,0.763,0
2025-01-18 01:00:00,777.23,24.85659140000007,0.765,0
2025-01-18 01:30:00,777.47,24.77640560000009,0.759,0
2025-01-18 02:00:00,777.62,24.709209500000043,0.748,0
2025-01-18 02:30:00,777.61,24.711445900000058,0.739,0
2025-01-18 03:00:00,777.59,24.70470200000011,0.73,0
2025-01-18 03:30:00,777.64,24.693520000000035,0.716,0
2025-01-18 04:00:00,777.77,24.718490900000006,0.708,0
2025-01-18 04:30:00,777.93,24.62560529999996,0.697,0
2025-01-18 05:00:00,778.16,24.612916700000028,0.686,0
2025-01-18 05:30:00,778.38,24.609602400000085,0.674,0
2025-01-18 06:00:00,778.48,24.502603300000033,0.669,0
2025-01-18 06:30:00,778.56,24.52550009999993,0.659,0
2025-01-18 07:00:00,778.68,24.444619200000034,0.649,0
2025-01-18 07:30:00,778.7,24.499289000000203,0.641,0
2025-01-18 08:00:00,778.63,24.45070270000008,0.631,0
2025-01-18 08:30:00,778.69,24.41179180000006,0.623,0
2025-01-18 09:00:00,778.71,24.39202350000005,0.615,0
2025-01-18 09:30:00,778.72,24.360215800000105,0.607,0
2025-01-18 10:00:00,778.82,24.229763600000183,0.6,0
2025-01-18 10:30:00,778.92,24.261443699999973,0.594,0
2025-01-18 11:00:00,778.92,24.249207299999966,0.585,0
2025-01-18 11:30:00,778.85,24.196542200000067,0.578,0
2025-01-18 12:00:00,778.84,24.129439000000048,0.572,0
2025-01-18 12:30:00,778.98,24.159311400000092,0.567,0
2025-01-18 13:00:00,778.9,24.05381890000001,0.56,0
2025-01-18 13:30:00,779.01,23.958859200000006,0.555,0
2025-01-18 14:00:00,779.11,23.993598399999996,0.549,0
2025-01-18 14:30:00,779.16,23.938569299999926,0.543,0
2025-01-18 15:00:00,779.23,24.067711900000063,0.537,0
2025-01-18 15:30:00,779.26,23.907028000000082,0.534,0
2025-01-18 16:00:00,779.44,23.8810486000001,0.525,0
2025-01-18 16:30:00,779.52,23.889669600000047,0.525,0
2025-01-18 17:00:00,779.6,23.925822500000095,0.519,0
2025-01-18 17:30:00,779.7,23.96769960000006,0.519,0
2025-01-18 18:00:00,779.83,24.006946300000095,0.522,0
2025-01-18 18:30:00,779.84,24.074049500000115,0.523,0
2025-01-18 19:00:00,779.78,24.187398499999972,0.529,0
2025-01-18 19:30:00,779.48,24.234096500000078,0.531,0
2025-01-18 20:00:00,779.19,24.172509300000115,0.538,0
2025-01-18 20:30:00,778.94,24.320192300000144,0.547,0
2025-01-18 21:00:00,778.72,24.30617170000005,0.561,0
2025-01-18 21:30:00,778.62,24.30814170000008,0.58,0
2025-01-18 22:00:00,778.56,24.245082600000046,0.603,0
2025-01-18 22:30:00,778.64,24.317944699999998,0.624,0
2025-01-18 23:00:00,778.66,24.294097599999986,0.648,0
2025-01-18 23:30:00,778.76,24.353309600000102,0.669,0
2025-01-19 00:00:00,778.84,24.319103200000086,0.685,0
2025-01-19 00:30:00,779.06,24.339242000000013,0.693,0
2025-01-19 01:00:00,779.21,24.360759800000096,0.692,0
2025-01-19 01:30:00,779.31,24.283332000000087,0.687,0
2025-01-19 02:00:00,779.65,24.236865699999953,0.679,0
2025-01-19 02:30:00,779.72,24.199797200000148,0.671,0
2025-01-19 03:00:00,779.75,24.152300000000082,0.663,0
2025-01-19 03:30:00,779.8,24.171709000000078,0.655,0
2025-01-19 04:00:00,779.69,24.15552140000011,0.645,0
2025-01-19 04:30:00,779.76,24.101118000000156,0.638,0
2025-01-19 05:00:00,779.8,24.065660200000025,0.63,0
2025-01-19 05:30:00,779.79,24.078093600000102,0.622,0
2025-01-19 06:00:00,779.74,24.014837500000112,0.614,0
2025-01-19 06:30:00,779.74,23.978128300000094,0.608,0
2025-01-19 07:00:00,779.78,23.93451289999996,0.599,0
2025-01-19 07:30:00,779.74,23.9302024000001,0.592,0
2025-01-19 08:00:00,779.49,23.905556100000126,0.585,0
2025-01-19 08:30:00,779.27,23.879299100000026,0.58,0
2025-01-19 09:00:00,779.21,23.871303800000078,0.571,0
2025-01-19 09:30:00,779.28,23.82199890000004,0.563,0
2025-01-19 10:00:00,779.24,23.844200600000022,0.559,0
2025-01-19 10:30:00,779.16,23.875347900000065,0.556,0
2025-01-19 11:00:00,778.98,23.811593700000003,0.548,0
2025-01-19 11:30:00,778.72,23.87993710000012,0.544,0
2025-01-19 12:00:00,778.49,23.79983300000015,0.538,0
2025-01-19 12:30:00,778.36,23.794236400000045,0.533,0
2025-01-19 13:00:00,778.22,23.77762010000015,0.527,0
2025-01-19 13:30:00,778.16,23.708442800000057,0.522,0
2025-01-19 14:00:00,778.22,23.691965300000106,0.518,0
2025-01-19 14:30:00,778.27,23.66650750000008,0.51,0
2025-01-19 15:00:00,778.2,23.627098500000102,0.506,0
2025-01-19 15:30:00,778.21,23.629960600000004,0.501,0
2025-01-19 16:00:00,778.08,23.575418400000103,0.497,0
2025-01-19 16:30:00,778.09,23.51709850000009,0.493,0
2025-01-19 17:00:00,778.09,23.544630400000187,0.489,0
2025-01-19 17:30:00,778.03,23.55295030000002,0.487,0
2025-01-19 18:00:00,778.09,23.566044100000113,0.491,0
2025-01-19 18:30:00,777.9,23.717643599999974,0.492,0
2025-01-19 19:00:00,777.63,23.864700900000116,0.498,0
2025-01-19 19:30:00,777.24,23.96109780000006,0.501,0
2025-01-19 20:00:00,776.85,23.924933699999997,0.507,0
2025-01-19 20:30:00,776.59,24.031006000000048,0.521,0
2025-01-19 21:00:00,776.14,24.074540800000023,0.537,0
2025-01-19 21:30:00,775.81,24.107553999999936,0.554,0
2025-01-19 22:00:00,775.66,24.11458779999998,0.575,0
2025-01-19 22:30:00,775.57,24.244843000000174,0.598,0
2025-01-19 23:00:00,775.49,24.208690100000126,0.613,0
2025-01-19 23:30:00,775.4,24.29815730000007,0.627,0
2025-01-20 00:00:00,775.21,24.31209730000012,0.641,0
2025-01-20 00:30:00,775.24,24.255422800000133,0.648,0
2025-01-20 01:00:00,775.15,24.274530700000014,0.645,0
2025-01-20 01:30:00,775.2,24.19400910000013,0.639,0
2025-01-20 02:00:00,775.17,24.2466048,0.63,0
2025-01-20 02:30:00,775.09,24.231865600000106,0.624,0
2025-01-20 03:00:00,774.91,24.25172680000003,0.614,0
2025-01-20 03:30:00,774.79,24.223499800000013,0.606,0
2025-01-20 04:00:00,774.79,24.131726800000024,0.598,0
2025-01-20 04:30:00,774.76,24.065017600000033,0.594,0
2025-01-20 05:00:00,774.81,24.066072000000077,0.584,0
2025-01-20 05:30:00,774.8,24.012224900000092,0.578,0
2025-01-20 06:00:00,774.7,24.013175200000205,0.57,0
2025-01-20 06:30:00,774.64,24.074519500000065,0.564,0
2025-01-20 07:00:00,774.61,23.97517990000017,0.558,0
2025-01-20 07:30:00,774.62,23.956628300000034,0.554,0
2025-01-20 08:00:00,774.81,23.91617610000003,0.549,0
2025-01-20 08:30:00,774.83,23.86275770000009,0.545,0
2025-01-20 09:00:00,774.83,23.69450720000009,0.538,0
2025-01-20 09:30:00,775.09,23.70060190000015,0.535,0
2025-01-20 10:00:00,774.95,23.712537200000156,0.533,0
2025-01-20 10:30:00,774.85,23.56155220000005,0.528,0
2025-01-20 11:00:00,775.09,23.609848600000078,0.523,0
2025-01-20 11:30:00,775.05,23.573927400000002,0.518,0
2025-01-20 12:00:00,775.21,23.575873900000147,0.512,0
2025-01-20 12:30:00,775.3,23.447658100000126,0.507,0
2025-01-20 13:00:00,774.98,23.642606600000136,0.503,0
2025-01-20 13:30:00,774.55,23.521575700000085,0.498,0
2025-01-20 14:00:00,774.52,23.73324459999992,0.493,0
2025-01-20 14:30:00,775.38,23.654100900000117,0.49,0
2025-01-20 15:00:00,775.79,23.5562903,0.485,0
2025-01-20 15:30:00,776.12,23.528375600000118,0.482,0
2025-01-20 16:00:00,776.42,23.38990459999991,0.479,0
2025-01-20 16:30:00,776.86,23.469950500000095,0.474,0
2025-01-20 17:00:00,777.18,23.357597700000042,0.475,0
2025-01-20 17:30:00,777.38,23.390366900000004,0.475,0
2025-01-20 18:00:00,777.91,23.490053500000045,0.475,0
2025-01-20 18:30:00,778.54,23.60714440000004,0.479,0
2025-01-20 19:00:00,778.76,23.45903270000008,0.482,0
2025-01-20 19:30:00,779.15,23.428916300000083,0.487,0
2025-01-20 20:00:00,778.93,23.52502329999993,0.493,0
2025-01-20 20:30:00,778.6,23.61412000000007,0.502,0
2025-01-20 21:00:00,778.14,23.684364000000073,0.512,0
2025-01-20 21:30:00,778.05,23.74324020000006,0.521,0
2025-01-20 22:00:00,778.01,23.943889400000103,0.532,0
2025-01-20 22:30:00,778.21,23.845117300000084,0.542,0
2025-01-20 23:00:00,778.77,23.775962400000026,0.551,0
2025-01-20 23:30:00,779.24,23.54542850000007,0.559,0
2025-01-21 00:00:00,779.64,23.639518500000122,0.564,0
2025-01-21 00:30:00,780.14,23.626609400000007,0.565,0
2025-01-21 01:00:00,780.58,23.5791928000001,0.562,0
2025-01-21 01:30:00,780.99,23.533386899999982,0.559,0
2025-01-21 02:00:00,781.23,23.52458009999998,0.553,0
2025-01-21 02:30:00,781.54,23.44607439999993,0.549,0
2025-01-21 03:00:00,781.57,23.385321100000056,0.541,0
2025-01-21 03:30:00,781.53,23.35041960000001,0.538,0
2025-01-21 04:00:00,781.79,23.33204150000006,0.533,0
2025-01-21 04:30:00,782.19,23.27929470000015,0.527,0
2025-01-21 05:00:00,782.28,23.279561100000024,0.523,0
2025-01-21 05:30:00,782.62,23.26470549999999,0.513,0
2025-01-21 06:00:00,782.78,23.21566699999994,0.51,0
2025-01-21 06:30:00,783.04,23.291101300000037,0.506,0
2025-01-21 07:00:00,783.3,23.079999900000075,0.503,0
2025-01-21 07:30:00,783.38,23.055990500000007,0.5,0
2025-01-21 08:00:00,783.76,23.064819700000044,0.496,0
2025-01-21 08:30:00,783.67,22.982977299999902,0.491,0
2025-01-21 09:00:00,783.9,22.982525099999975,0.487,0
2025-01-21 09:30:00,784.06,22.871284899999978,0.48,0
2025-01-21 10:00:00,784.34,22.86576890000015,0.477,0
2025-01-21 10:30:00,784.29,22.87491149999994,0.469,0
2025-01-21 11:00:00,783.98,22.8330926000001,0.464,0
2025-01-21 11:30:00,784.0,22.852072900000053,0.46,0
2025-01-21 12:00:00,784.02,22.775201400000014,0.453,0
2025-01-21 12:30:00,784.04,22.675896500000135,0.448,0
2025-01-21 13:00:00,784.29,22.60673040000006,0.442,0
2025-01-21 13:30:00,784.54,22.598746300000016,0.438,0
2025-01-21 14:00:00,784.66,22.610658100000137,0.431,0
2025-01-21 14:30:00,784.63,22.61736730000007,0.426,0
2025-01-21 15:00:00,784.81,22.550599900000066,0.421,0
2025-01-21 15:30:00,784.89,22.54596479999998,0.416,0
2025-01-21 16:00:00,784.92,22.518861600000037,0.411,0
2025-01-21 16:30:00,785.11,22.603832500000067,0.408,0
2025-01-21 17:00:00,785.26,22.589660800000047,0.402,0
2025-01-21 17:30:00,785.43,22.691340900000114,0.401,0
2025-01-21 18:00:00,785.53,22.67101630000002,0.405,0
2025-01-21 18:30:00,785.4,22.74699570000007,0.409,0
2025-01-21 19:00:00,785.27,22.773009800000068,0.413,0
2025-01-21 19:30:00,785.04,22.89888510000003,0.418,0
2025-01-21 20:00:00,784.87,23.008282900000154,0.419,0
2025-01-21 20:30:00,784.53,22.96909440000013,0.429,0
2025-01-21 21:00:00,784.29,23.014610400000038,0.444,0
2025-01-21 21:30:00,784.34,23.39193410000007,0.461,0
2025-01-21 22:00:00,784.25,23.452849700000115,0.479,0
2025-01-21 22:30:00,784.0,23.375179000000003,0.497,0
2025-01-21 23:00:00,783.99,23.35294260000012,0.515,0
2025-01-21 23:30:00,784.07,23.25347540000007,0.528,0
2025-01-22 00:00:00,784.15,23.299825300000066,0.538,0
2025-01-22 00:30:00,784.15,23.350810300000035,0.541,0
2025-01-22 01:00:00,784.41,23.397693000000004,0.534,0
2025-01-22 01:30:00,784.67,23.43131960000005,0.527,0
2025-01-22 02:00:00,784.84,23.331099100000074,0.516,0
2025-01-22 02:30:00,785.05,23.30044989999999,0.505,0
2025-01-22 03:00:00,785.03,23.23864219999996,0.5,0
2025-01-22 03:30:00,784.84,23.244424600000116,0.492,0
2025-01-22 04:00:00,784.92,23.226533399999994,0.486,0
2025-01-22 04:30:00,784.88,23.244656300000088,0.481,0
2025-01-22 05:00:00,784.77,23.276394600000003,0.474,0
2025-01-22 05:30:00,784.86,23.240971500000114,0.468,0
2025-01-22 06:00:00,784.73,23.208862700000168,0.463,0
2025-01-22 06:30:00,784.81,23.226661000000036,0.456,0
2025-01-22 07:00:00,784.85,23.275838300000146,0.455,0
2025-01-22 07:30:00,784.83,23.311921800000164,0.45,0
2025-01-22 08:00:00,784.8,23.338005299999963,0.447,0
2025-01-22 08:30:00,784.73,23.39546780000012,0.444,0
2025-01-22 09:00:00,784.63,23.366846799999962,0.44,0
2025-01-22 09:30:00,784.57,23.363950000000045,0.437,0
2025-01-22 10:00:00,784.79,23.581910600000015,0.433,0
2025-01-22 10:30:00,784.36,23.416012900000055,0.427,0
2025-01-22 11:00:00,784.14,23.391795300000126,0.422,0
2025-01-22 11:30:00,783.93,23.36942010000007,0.418,0
2025-01-22 12:00:00,783.81,23.391158399999995,0.412,0
2025-01-22 12:30:00,783.75,23.318922000000043,0.41,0
2025-01-22 13:00:00,783.81,23.239223100000004,0.404,0
2025-01-22 13:30:00,783.75,23.221030799999994,0.399,0
2025-01-22 14:00:00,783.68,23.186720300000047,0.391,0
2025-01-22 14:30:00,783.61,23.145271900000125,0.386,0
2025-01-22 15:00:00,783.67,23.185897599999976,0.381,0
2025-01-22 15:30:00,783.64,23.107971700000007,0.377,0
2025-01-22 16:00:00,783.7,23.195503600000166,0.371,0
2025-01-22 16:30:00,783.91,23.301494200000093,0.367,0
2025-01-22 17:00:00,784.11,23.390346900000054,0.362,0
2025-01-22 17:30:00,784.25,23.34782060000009,0.364,0
2025-01-22 18:00:00,784.47,23.390392799999972,0.367,0
2025-01-22 18:30:00,784.64,23.541018500000064,0.37,0
2025-01-22 19:00:00,784.95,23.848979100000065,0.374,0
2025-01-22 19:30:00,784.88,23.786117000000104,0.373,0
2025-01-22 20:00:00,784.84,24.02551480000011,0.38,0
2025-01-22 20:30:00,784.76,24.226951999999983,0.388,0
2025-01-22 21:00:00,784.57,24.34388170000011,0.4,0
2025-01-22 21:30:00,784.46,24.377659400000084,0.41,0
2025-01-22 22:00:00,784.4,24.328876100000002,0.42,0
2025-01-22 22:30:00,784.32,24.27844740000012,0.429,0
2025-01-22 23:00:00,784.39,24.33111250000013,0.439,0
2025-01-22 23:30:00,784.52,24.28572410000004,0.446,0
2025-01-23 00:00:00,784.52,24.31223630000011,0.452,0
2025-01-23 00:30:00,784.38,24.326210999999944,0.451,0
2025-01-23 01:00:00,784.44,24.27710310000009,0.448,0
2025-01-23 01:30:00,784.51,24.326709100000016,0.443,0
2025-01-23 02:00:00,784.71,24.469605900000033,0.437,0
2025-01-23 02:30:00,784.85,24.415862900000093,0.429,0
2025-01-23 03:00:00,785.07,24.418666800000096,0.425,0
2025-01-23 03:30:00,785.26,24.25789000000009,0.418,0
2025-01-23 04:00:00,785.28,24.250358100000085,0.416,0
2025-01-23 04:30:00,785.4,24.243915300000026,0.412,0
2025-01-23 05:00:00,785.3,24.173486600000047,0.407,0
2025-01-23 05:30:00,785.35,24.14802880000002,0.406,0
2025-01-23 06:00:00,785.29,24.121678900000006,0.401,0
2025-01-23 06:30:00,785.36,24.088689199999976,0.399,0
2025-01-23 07:00:00,785.31,24.13658040000007,0.397,0
2025-01-23 07:30:00,785.22,24.061875900000018,0.395,0
2025-01-23 08:00:00,785.39,23.859685400000103,0.392,0
2025-01-23 08:30:00,785.6,23.765814800000044,0.39,0
2025-01-23 09:00:00,785.45,23.764691000000084,0.39,0
2025-01-23 09:30:00,785.34,23.78215350000005,0.388,0
2025-01-23 10:00:00,785.17,23.629488400000014,0.387,0
2025-01-23 10:30:00,785.12,23.663103800000044,0.385,0
2025-01-23 11:00:00,784.97,23.630369300000098,0.387,0
2025-01-23 11:30:00,785.0,23.65425110000001,0.385,0
2025-01-23 12:00:00,784.99,23.64832990000002,0.388,0
2025-01-23 12:30:00,785.12,23.684517500000084,0.385,0
2025-01-23 13:00:00,785.22,23.60505030000013,0.384,0
2025-01-23 13:30:00,785.07,23.609025000000088,0.384,0
2025-01-23 14:00:00,785.13,23.4875184,0.385,0
2025-01-23 14:30:00,785.07,23.38367130000006,0.382,0
2025-01-23 15:00:00,785.13,23.286637499999983,0.378,0
2025-01-23 15:30:00,785.3,23.369962999999984,0.376,0
2025-01-23 16:00:00,785.36,23.27292920000002,0.373,0
2025-01-23 16:30:00,785.4,23.23441230000003,0.369,0
2025-01-23 17:00:00,785.43,23.26135320000003,0.367,0
2025-01-23 17:30:00,785.34,23.262106500000073,0.367,0
2025-01-23 18:00:00,785.28,23.314273500000013,0.368,0
2025-01-23 18:30:00,785.3,23.568804500000056,0.372,0
2025-01-23 19:00:00,785.2,23.701296100000036,0.371,0
2025-01-23 19:30:00,785.05,23.989767099999995,0.38,0
2025-01-23 20:00:00,784.71,23.950578600000085,0.402,0
2025-01-23 20:30:00,784.4,23.905700599999932,0.432,0
2025-01-23 21:00:00,784.29,23.942537400000106,0.457,0
2025-01-23 21:30:00,784.02,23.953974600000038,0.485,0
2025-01-23 22:00:00,783.99,23.995353600000044,0.505,0
2025-01-23 22:30:00,783.95,24.08893430000012,0.524,0
2025-01-23 23:00:00,783.86,24.17432270000006,0.537,0
2025-01-23 23:30:00,783.7,24.200927800000045,0.544,0
2025-01-24 00:00:00,783.74,24.265400600000135,0.546,0
2025-01-24 00:30:00,783.75,24.293755200000078,0.539,0
2025-01-24 01:00:00,783.69,24.236814300000106,0.529,0
2025-01-24 01:30:00,783.73,24.244183900000053,0.514,0
2025-01-24 02:00:00,783.81,24.166130400000043,0.494,0
2025-01-24 02:30:00,783.91,24.14886489999992,0.48,0
2025-01-24 03:00:00,783.92,24.142549700000018,0.464,0
2025-01-24 03:30:00,783.68,24.06774109999992,0.455,0
2025-01-24 04:00:00,783.55,24.07438090000005,0.442,0
2025-01-24 04:30:00,783.43,24.035956899999974,0.436,0
2025-01-24 05:00:00,783.52,24.02806570000007,0.43,0
2025-01-24 05:30:00,783.41,24.059803999999986,0.424,0
2025-01-24 06:00:00,783.34,23.99490250000008,0.418,0
2025-01-24 06:30:00,783.15,23.958877200000074,0.415,0
2025-01-24 07:00:00,782.97,23.995053600000006,0.411,0
2025-01-24 07:30:00,782.63,23.933431700000142,0.409,0
2025-01-24 08:00:00,782.18,23.893351100000018,0.405,0
2025-01-24 08:30:00,781.76,23.855738599999995,0.4,0
2025-01-24 09:00:00,781.68,23.81040840000003,0.396,0
2025-01-24 09:30:00,781.4,23.76799850000009,0.392,0
2025-01-24 10:00:00,781.25,23.75973680000004,0.388,0
2025-01-24 10:30:00,780.95,23.71160270000007,0.387,0
2025-01-24 11:00:00,780.79,23.650513600000068,0.384,0
2025-01-24 11:30:00,780.45,23.636817600000086,0.382,0
2025-01-24 12:00:00,780.05,23.6416385,0.379,0
2025-01-24 12:30:00,779.63,23.55813950000004,0.377,0
2025-01-24 13:00:00,779.29,23.46592659999999,0.375,0
2025-01-24 13:30:00,779.07,23.451906000000122,0.374,0
2025-01-24 14:00:00,778.82,23.409924800000113,0.37,0
2025-01-24 14:30:00,778.73,23.42087509999999,0.368,0
2025-01-24 15:00:00,778.59,23.450145300000145,0.365,0
2025-01-24 15:30:00,778.31,23.389380799999913,0.367,0
2025-01-24 16:00:00,778.07,23.40736490000006,0.365,0
2025-01-24 16:30:00,777.84,23.379265500000088,0.363,0
2025-01-24 17:00:00,777.77,23.36942780000004,0.363,0
2025-01-24 17:30:00,777.55,23.512440999999967,0.367,0
2025-01-24 18:00:00,777.24,23.575651200000152,0.372,0
2025-01-24 18:30:00,776.83,23.659186000000204,0.379,0
2025-01-24 19:00:00,776.45,23.716637300000002,0.391,0
2025-01-24 19:30:00,776.27,23.8833353,0.412,0
2025-01-24 20:00:00,775.61,23.958539000000087,0.441,0
2025-01-24 20:30:00,775.08,24.0209847000001,0.472,0
2025-01-24 21:00:00,774.59,24.237636800000132,0.502,0
2025-01-24 21:30:00,774.11,24.372515900000053,0.526,0
2025-01-24 22:00:00,773.73,24.448321800000144,0.545,0
2025-01-24 22:30:00,773.4,24.38242409999998,0.556,0
2025-01-24 23:00:00,773.13,24.47339790000001,0.563,0
2025-01-24 23:30:00,773.1,24.47194950000005,0.562,0
2025-01-25 00:00:00,772.96,24.49306210000009,0.555,0
2025-01-25 00:30:00,772.77,24.47437170000012,0.539,0
2025-01-25 01:00:00,772.74,24.541243200000167,0.524,0
2025-01-25 01:30:00,772.51,24.550872700000127,0.505,0
2025-01-25 02:00:00,772.32,24.603561300000138,0.492,0
2025-01-25 02:30:00,771.99,24.672264000000155,0.478,0
2025-01-25 03:00:00,771.62,24.629587700000116,0.466,0
2025-01-25 03:30:00,771.3,24.674640299999965,0.456,0
2025-01-25 04:00:00,771.02,24.658742600000096,0.451,0
2025-01-25 04:30:00,770.61,24.65662259999999,0.443,0
2025-01-25 05:00:00,770.14,24.752556100000106,0.434,0
2025-01-25 05:30:00,769.93,24.71896419999996,0.431,0
2025-01-25 06:00:00,769.81,24.661165900000015,0.429,0
2025-01-25 06:30:00,769.57,24.702603100000033,0.425,0
2025-01-25 07:00:00,769.5,24.702962400000047,0.422,0
2025-01-25 07:30:00,769.1,24.663936200000194,0.421,0
2025-01-25 08:00:00,768.69,24.686289000000215,0.415,0
2025-01-25 08:30:00,768.25,24.699035800000047,0.415,0
2025-01-25 09:00:00,767.79,24.74888580000004,0.414,0
2025-01-25 09:30:00,767.7,24.682338900000104,0.412,0
2025-01-25 10:00:00,767.54,24.682431800000018,0.41,0
2025-01-25 10:30:00,767.28,24.672258300000067,0.407,0
2025-01-25 11:00:00,766.98,24.728133600000092,0.406,0
2025-01-25 11:30:00,766.83,24.782073600000217,0.405,0
2025-01-25 12:00:00,766.41,24.735283800000047,0.405,0
2025-01-25 12:30:00,766.07,24.694055900000194,0.402,0
2025-01-25 13:00:00,765.78,24.705887099999927,0.403,0
2025-01-25 13:30:00,765.28,24.751426599999945,0.399,0
2025-01-25 14:00:00,765.08,24.88486850000004,0.402,0
2025-01-25 14:30:00,764.79,24.71825220000005,0.397,0
2025-01-25 15:00:00,764.83,24.82453270000019,0.396,0
2025-01-25 15:30:00,764.3,24.56067440000004,0.395,0
2025-01-25 16:00:00,763.81,24.24912190000009,0.392,0
2025-01-25 16:30:00,763.77,24.316190399999982,0.392,0
2025-01-25 17:00:00,763.75,24.401219500000025,0.389,0
2025-01-25 17:30:00,763.7,24.44809100000009,0.393,0
2025-01-25 18:00:00,763.81,24.387801100000047,0.4,0
2025-01-25 18:30:00,763.67,24.469075999999973,0.418,0
2025-01-25 19:00:00,763.61,24.470258000000058,0.452,0
2025-01-25 19:30:00,763.4,24.574325599999952,0.49,0
2025-01-25 20:00:00,763.14,24.71200859999999,0.521,0
2025-01-25 20:30:00,762.87,24.760155000000054,0.542,0
2025-01-25 21:00:00,762.87,24.80808090000005,0.554,0
2025-01-25 21:30:00,762.75,24.818602499999997,0.563,0
2025-01-25 22:00:00,762.47,24.902635400000122,0.559,0
2025-01-25 22:30:00,762.33,24.88296000000014,0.55,0
2025-01-25 23:00:00,762.51,24.795798600000126,0.537,0
2025-01-25 23:30:00,762.56,24.761163499999952,0.526,0
2025-01-26 00:00:00,762.66,24.71126759999993,0.515,0
2025-01-26 00:30:00,762.73,24.687455200000045,0.501,0
2025-01-26 01:00:00,762.78,24.76192800000001,0.493,0
2025-01-26 01:30:00,763.35,24.59672430000012,0.484,0
2025-01-26 02:00:00,763.29,24.698856600000113,0.477,0
2025-01-26 02:30:00,763.32,24.581000099999983,0.473,0
2025-01-26 03:00:00,763.4,24.641625800000043,0.467,0
2025-01-26 03:30:00,763.6,24.496967200000086,0.463,0
2025-01-26 04:00:00,763.84,24.400466200000096,0.459,0
2025-01-26 04:30:00,764.25,24.3750543000001,0.457,0
2025-01-26 05:00:00,764.52,24.366676199999915,0.454,0
2025-01-26 05:30:00,764.77,24.292411600000037,0.451,0
2025-01-26 06:00:00,765.09,24.270812100000057,0.451,0
2025-01-26 06:30:00,765.33,24.260985600000026,0.447,0
2025-01-26 07:00:00,765.51,24.287010900000155,0.443,0
2025-01-26 07:30:00,765.55,24.282144100000096,0.443,0
2025-01-26 08:00:00,765.55,24.279085000000123,0.44,0
2025-01-26 08:30:00,765.58,24.260139400000185,0.436,0
2025-01-26 09:00:00,765.68,24.322410499999933,0.434,0
2025-01-26 09:30:00,765.66,24.04544610000005,0.429,0
2025-01-26 10:00:00,765.77,24.100382300000092,0.426,0
2025-01-26 10:30:00,765.94,24.10926970000014,0.423,0
2025-01-26 11:00:00,765.89,24.026639300000056,0.419,0
2025-01-26 11:30:00,765.89,24.05009240000004,0.415,0
2025-01-26 12:00:00,765.94,23.939999500000226,0.412,0
2025-01-26 12:30:00,766.09,23.87688220000007,0.408,0
2025-01-26 13:00:00,766.36,23.77979019999998,0.405,0
2025-01-26 13:30:00,766.56,23.670821100000012,0.402,0
2025-01-26 14:00:00,766.81,23.724019,0.4,0
2025-01-26 14:30:00,767.11,23.692616499999986,0.397,0
2025-01-26 15:00:00,767.25,23.601144599999998,0.393,0
2025-01-26 15:30:00,767.3,23.553253400000017,0.391,0
2025-01-26 16:00:00,767.46,23.53480590000015,0.391,0
2025-01-26 16:30:00,767.64,23.448664200000167,0.39,0
2025-01-26 17:00:00,767.82,23.515477500000088,0.392,0
2025-01-26 17:30:00,768.08,23.711236400000075,0.392,0
2025-01-26 18:00:00,768.48,23.70437609999999,0.392,0
2025-01-26 18:30:00,768.75,23.711293500000124,0.396,0
2025-01-26 19:00:00,769.04,23.84120059999998,0.399,0
2025-01-26 19:30:00,769.26,23.86031969999999,0.401,0
2025-01-26 20:00:00,769.25,23.88295010000013,0.402,0
2025-01-26 20:30:00,769.19,23.897388200000137,0.402,0
2025-01-26 21:00:00,769.18,23.94551110000009,0.403,0
2025-01-26 21:30:00,769.2,23.897191200000066,0.406,0
2025-01-26 22:00:00,769.07,23.881397600000128,0.407,0
2025-01-26 22:30:00,768.97,23.74366870000017,0.411,0
2025-01-26 23:00:00,769.12,23.915082400000074,0.41,0
2025-01-26 23:30:00,769.58,23.953946300000098,0.413,0
2025-01-27 00:00:00,769.65,23.818986600000017,0.414,0
2025-01-27 00:30:00,769.97,23.91057380000018,0.414,0
2025-01-27 01:00:00,770.11,23.94146590000014,0.413,0
2025-01-27 01:30:00,770.21,23.892589700000144,0.411,0
2025-01-27 02:00:00,770.42,23.85684200000003,0.41,0
2025-01-27 02:30:00,770.57,23.8538870000001,0.408,0
2025-01-27 03:00:00,770.9,23.738278100000002,0.405,0
2025-01-27 03:30:00,770.97,23.669598900000096,0.403,0
2025-01-27 04:00:00,771.09,23.703944100000058,0.402,0
2025-01-27 04:30:00,771.17,23.56164949999993,0.402,0
2025-01-27 05:00:00,771.39,23.56751250000002,0.399,0
2025-01-27 05:30:00,771.63,23.54341020000004,0.398,0
2025-01-27 06:00:00,771.86,23.46138200000007,0.396,0
2025-01-27 06:30:00,772.15,23.64839230000007,0.392,0
2025-01-27 07:00:00,772.21,23.568693400000143,0.39,0
2025-01-27 07:30:00,772.21,23.638033000000064,0.388,0
2025-01-27 08:00:00,772.23,23.57543730000009,0.388,0
2025-01-27 08:30:00,772.44,23.791555500000186,0.386,0
2025-01-27 09:00:00,772.26,23.542215900000087,0.384,0
2025-01-27 09:30:00,772.12,23.533757199999968,0.381,0
2025-01-27 10:00:00,772.18,23.661057400000004,0.38,0
2025-01-27 10:30:00,772.08,23.729307900000094,0.378,0
2025-01-27 11:00:00,771.87,23.613120300000105,0.379,0
2025-01-27 11:30:00,771.82,23.682425200000125,0.375,0
2025-01-27 12:00:00,771.9,23.649238500000138,0.375,0
2025-01-27 12:30:00,771.83,23.728114699999992,0.37,0
2025-01-27 13:00:00,771.91,23.837686000000076,0.37,0
2025-01-27 13:30:00,771.85,23.775646600000073,0.367,0
2025-01-27 14:00:00,771.78,23.662819200000058,0.366,0
2025-01-27 14:30:00,772.06,23.63283039999999,0.364,0
2025-01-27 15:00:00,771.85,23.514603400000055,0.36,0
2025-01-27 15:30:00,772.17,23.61740730000008,0.359,0
2025-01-27 16:00:00,772.12,23.689771300000075,0.354,0
2025-01-27 16:30:00,772.33,23.680535800000143,0.354,0
2025-01-27 17:00:00,772.44,23.627383800000075,0.351,0
2025-01-27 17:30:00,772.68,23.667522599999984,0.352,0
2025-01-27 18:00:00,773.09,23.679839600000037,0.354,0
2025-01-27 18:30:00,773.34,23.655540300000098,0.357,0
2025-01-27 19:00:00,773.38,23.798530000000028,0.359,0
2025-01-27 19:30:00,773.34,23.86865760000012,0.361,0
2025-01-27 20:00:00,773.19,23.888947500000086,0.362,0
2025-01-27 20:30:00,772.9,23.9507440000001,0.367,0
2025-01-27 21:00:00,772.69,23.860048900000038,0.37,0
2025-01-27 21:30:00,772.6,23.960732800000187,0.373,0
2025-01-27 22:00:00,772.52,23.89806770000007,0.377,0
2025-01-27 22:30:00,772.57,23.87566900000013,0.38,0
2025-01-27 23:00:00,772.79,23.870315300000016,0.385,0
2025-01-27 23:30:00,773.01,23.786444699999947,0.387,0
2025-01-28 00:00:00,773.08,23.76875050000001,0.388,0
2025-01-28 00:30:00,773.18,23.872829300000035,0.388,0
2025-01-28 01:00:00,773.18,23.82490340000004,0.389,0
2025-01-28 01:30:00,773.11,23.752864000000045,0.388,0
2025-01-28 02:00:00,773.3,23.710372399999983,0.386,0
2025-01-28 02:30:00,773.42,23.731461500000023,0.384,0
2025-01-28 03:00:00,773.54,23.657718499999987,0.382,0
2025-01-28 03:30:00,773.65,23.601507399999946,0.383,0
2025-01-28 04:00:00,773.57,23.52558620000002,0.383,0
2025-01-28 04:30:00,773.58,23.48052240000004,0.381,0
2025-01-28 05:00:00,773.54,23.445620899999994,0.38,0
2025-01-28 05:30:00,773.58,23.43565560000002,0.378,0
2025-01-28 06:00:00,773.63,23.394902300000012,0.374,0
2025-01-28 06:30:00,773.45,23.409665000000018,0.37,0
2025-01-28 07:00:00,773.29,23.33124100000009,0.367,0
2025-01-28 07:30:00,773.2,23.28916690000017,0.363,0
2025-01-28 08:00:00,773.18,23.25998960000004,0.357,0
2025-01-28 08:30:00,772.93,23.25981610000008,0.352,0
2025-01-28 09:00:00,772.83,23.21895870000003,0.349,0
2025-01-28 09:30:00,772.64,23.19720920000009,0.345,0
2025-01-28 10:00:00,772.72,23.355726100000197,0.337,0
2025-01-28 10:30:00,772.45,23.13671110000007,0.332,0
2025-01-28 11:00:00,772.21,23.10065110000005,0.325,0
2025-01-28 11:30:00,772.18,23.07269050000002,0.323,0
2025-01-28 12:00:00,772.14,23.12140439999996,0.317,0
2025-01-28 12:30:00,772.01,23.020975700000122,0.312,0
2025-01-28 13:00:00,771.95,22.954857500000116,0.305,0
2025-01-28 13:30:00,771.83,22.9786352000001,0.299,0
2025-01-28 14:00:00,772.0,22.93755729999998,0.295,0
2025-01-28 14:30:00,772.04,22.93574960000001,0.291,0
2025-01-28 15:00:00,772.13,22.861577900000157,0.285,0
2025-01-28 15:30:00,772.16,22.846711099999993,0.281,0
2025-01-28 16:00:00,772.14,22.82671110000001,0.275,0
2025-01-28 16:30:00,772.35,22.82869230000017,0.271,0
2025-01-28 17:00:00,772.47,22.83244650000006,0.269,0
2025-01-28 17:30:00,772.47,22.858958700000017,0.27,0
2025-01-28 18:00:00,772.3,22.86026830000003,0.274,0
2025-01-28 18:30:00,772.16,22.988449399999922,0.279,0
2025-01-28 19:00:00,772.0,23.04156670000009,0.283,0
2025-01-28 19:30:00,771.78,23.191717800000106,0.287,0
2025-01-28 20:00:00,771.5,23.196214100000134,0.29,0
2025-01-28 20:30:00,771.22,23.391394300000115,0.293,0
2025-01-28 21:00:00,771.01,23.38431460000004,0.298,0
2025-01-28 21:30:00,770.74,23.336609199999998,0.3,0
2025-01-28 22:00:00,770.74,23.40390940000009,0.305,0
2025-01-28 22:30:00,770.9,23.691371900000036,0.312,0
2025-01-28 23:00:00,770.84,23.522264000000177,0.314,0
2025-01-28 23:30:00,770.77,23.567490099999986,0.317,0
2025-01-29 00:00:00,770.71,23.54521900000009,0.318,0
2025-01-29 00:30:00,770.57,23.492913200000203,0.319,0
2025-01-29 01:00:00,770.57,23.463341900000046,0.32,0
2025-01-29 01:30:00,770.6,23.43623869999999,0.319,0
2025-01-29 02:00:00,770.71,23.4860764,0.316,0
2025-01-29 02:30:00,770.84,23.62525370000003,0.315,0
2025-01-29 03:00:00,771.11,23.613816500000098,0.314,0
2025-01-29 03:30:00,771.23,23.55129020000004,0.314,0
2025-01-29 04:00:00,771.34,23.56747780000012,0.312,0
2025-01-29 04:30:00,771.34,23.498138200000085,0.31,0
2025-01-29 05:00:00,771.49,23.526793900000143,0.312,0
2025-01-29 05:30:00,771.62,23.56298150000009,0.311,0
2025-01-29 06:00:00,771.76,23.552065900000116,0.31,0
2025-01-29 06:30:00,771.67,23.47634169999992,0.31,0
2025-01-29 07:00:00,771.64,23.47285390000002,0.309,0
2025-01-29 07:30:00,771.66,23.503050900000062,0.309,0
2025-01-29 08:00:00,771.52,23.421173800000133,0.31,0
2025-01-29 08:30:00,771.45,23.56633050000005,0.31,0
2025-01-29 09:00:00,771.32,23.502611000000115,0.312,0
2025-01-29 09:30:00,771.26,23.377350200000024,0.308,0
2025-01-29 10:00:00,771.37,23.40679390000014,0.31,0
2025-01-29 10:30:00,771.28,23.29843930000004,0.308,0
2025-01-29 11:00:00,771.4,23.21042049999994,0.309,0
2025-01-29 11:30:00,771.38,23.234267599999953,0.31,0
2025-01-29 12:00:00,771.36,23.2152873,0.313,0
2025-01-29 12:30:00,771.48,23.16499740000006,0.313,0
2025-01-29 13:00:00,771.43,23.086445800000092,0.315,0
2025-01-29 13:30:00,771.57,23.084707500000036,0.314,0
2025-01-29 14:00:00,771.68,23.043791900000087,0.312,0
2025-01-29 14:30:00,772.03,23.023640800000067,0.309,0
2025-01-29 15:00:00,772.33,23.060558200000173,0.307,0
2025-01-29 15:30:00,772.58,22.947545000000105,0.304,0
2025-01-29 16:00:00,772.8,22.971762600000034,0.303,0
2025-01-29 16:30:00,772.98,23.00696520000008,0.298,0
2025-01-29 17:00:00,773.16,23.004438900000082,0.297,0
2025-01-29 17:30:00,773.23,23.00713870000004,0.298,0
2025-01-29 18:00:00,773.3,23.02003549999995,0.302,0
2025-01-29 18:30:00,773.39,23.045794399999977,0.307,0
2025-01-29 19:00:00,773.3,23.117926699999998,0.319,0
2025-01-29 19:30:00,773.22,23.14907400000004,0.339,0
2025-01-29 20:00:00,773.11,23.163477400000033,0.361,0
2025-01-29 20:30:00,772.86,23.18165850000014,0.386,0
2025-01-29 21:00:00,772.8,23.16652529999999,0.408,0
2025-01-29 21:30:00,772.7,23.222539400000187,0.426,0
2025-01-29 22:00:00,772.85,23.356224200000042,0.446,0
2025-01-29 22:30:00,773.06,23.481589100000065,0.456,0
2025-01-29 23:00:00,772.97,23.45583020000015,0.464,0
2025-01-29 23:30:00,772.98,23.43931800000007,0.466,0
2025-01-30 00:00:00,773.15,23.47675700000002,0.465,0
2025-01-30 00:30:00,773.31,23.361437999999907,0.456,0
2025-01-30 01:00:00,773.5,23.357695000000035,0.444,0
2025-01-30 01:30:00,773.72,23.408424800000148,0.43,0
2025-01-30 02:00:00,774.0,23.332549500000027,0.413,0
2025-01-30 02:30:00,774.04,23.438830000000053,0.402,0
2025-01-30 03:00:00,774.14,23.43584030000011,0.389,0
2025-01-30 03:30:00,774.31,23.267299900000012,0.381,0
2025-01-30 04:00:00,774.53,23.27826140000002,0.374,0
2025-01-30 04:30:00,774.61,23.263429300000098,0.367,0
2025-01-30 05:00:00,774.75,23.290242600000056,0.362,0
2025-01-30 05:30:00,774.86,23.157554000000005,0.359,0
2025-01-30 06:00:00,775.12,23.231968600000073,0.354,0
2025-01-30 06:30:00,775.17,23.106580200000053,0.35,0
2025-01-30 07:00:00,775.25,23.119280000000003,0.347,0
2025-01-30 07:30:00,775.21,23.093555800000104,0.344,0
2025-01-30 08:00:00,775.33,23.00247790000003,0.338,0
2025-01-30 08:30:00,775.27,22.923103600000104,0.335,0
2025-01-30 09:00:00,775.15,22.910172099999954,0.332,0
2025-01-30 09:30:00,775.13,22.869778100000076,0.33,0
2025-01-30 10:00:00,775.14,22.816556700000092,0.323,0
2025-01-30 10:30:00,775.1,22.777576400000044,0.321,0
2025-01-30 11:00:00,775.12,22.73435500000005,0.318,0
2025-01-30 11:30:00,775.11,22.675409400000035,0.316,0
2025-01-30 12:00:00,775.28,22.689395300000115,0.314,0
2025-01-30 12:30:00,775.24,22.61778460000005,0.313,0
2025-01-30 13:00:00,775.39,22.62502660000007,0.309,0
2025-01-30 13:30:00,775.37,22.63561760000016,0.309,0
2025-01-30 14:00:00,775.44,22.543485300000157,0.303,0
2025-01-30 14:30:00,775.71,22.490240400000175,0.301,0
2025-01-30 15:00:00,775.9,22.449788200000057,0.298,0
2025-01-30 15:30:00,776.06,22.473148400000014,0.294,0
2025-01-30 16:00:00,776.27,22.45473560000005,0.289,0
2025-01-30 16:30:00,776.39,22.40342600000008,0.286,0
2025-01-30 17:00:00,776.38,22.454608000000007,0.285,0
2025-01-30 17:30:00,776.4,22.48480500000005,0.288,0
2025-01-30 18:00:00,776.54,22.540169900000137,0.294,0
2025-01-30 18:30:00,776.5,22.588883800000076,0.3,0
2025-01-30 19:00:00,776.47,22.623124900000107,0.307,0
2025-01-30 19:30:00,776.44,22.64105080000013,0.323,0
2025-01-30 20:00:00,776.35,22.716242200000124,0.343,0
2025-01-30 20:30:00,776.12,22.6983398000001,0.364,0
2025-01-30 21:00:00,775.99,22.65093550000006,0.391,0
2025-01-30 21:30:00,776.17,22.920669100000055,0.418,0
2025-01-30 22:00:00,776.1,22.828235700000164,0.442,0
2025-01-30 22:30:00,776.31,22.962777899999992,0.462,0
2025-01-30 23:00:00,776.47,23.0636353000001,0.477,0
2025-01-30 23:30:00,776.67,23.04643920000001,0.483,0
2025-01-31 00:00:00,776.91,23.133484199999998,0.487,0
2025-01-31 00:30:00,776.91,23.221178399999985,0.485,0
2025-01-31 01:00:00,777.14,23.184017000000154,0.472,0
2025-01-31 01:30:00,777.11,23.14178060000006,0.458,0
2025-01-31 02:00:00,777.3,23.107446600000003,0.44,0
2025-01-31 02:30:00,777.42,23.045939999999973,0.428,0
2025-01-31 03:00:00,777.57,23.113344300000108,0.419,0
2025-01-31 03:30:00,777.71,23.018813300000147,0.411,0
2025-01-31 04:00:00,777.84,22.995858300000123,0.404,0
2025-01-31 04:30:00,777.87,22.953459600000087,0.396,0
2025-01-31 05:00:00,778.02,22.930110600000035,0.393,0
2025-01-31 05:30:00,778.21,22.892717500000003,0.388,0
2025-01-31 06:00:00,778.31,22.86933380000005,0.382,0
2025-01-31 06:30:00,778.33,22.86078220000013,0.378,0
2025-01-31 07:00:00,778.38,22.764965100000154,0.373,0
2025-01-31 07:30:00,778.45,22.823748400000113,0.371,0
2025-01-31 08:00:00,778.41,22.88877750000006,0.365,0
2025-01-31 08:30:00,778.09,22.83797830000003,0.363,0
2025-01-31 09:00:00,777.94,22.801165000000083,0.36,0
2025-01-31 09:30:00,777.95,22.7520224000001,0.358,0
2025-01-31 10:00:00,777.71,22.726159400000142,0.354,0
2025-01-31 10:30:00,777.41,22.650493400000073,0.353,0
2025-01-31 11:00:00,777.17,22.563448400000084,0.352,0
2025-01-31 11:30:00,777.07,22.554201700000135,0.35,0
2025-01-31 12:00:00,777.01,22.3993696,0.347,0
2025-01-31 12:30:00,776.8,22.3464034000001,0.343,0
2025-01-31 13:00:00,776.72,22.43975240000009,0.343,0
2025-01-31 13:30:00,776.56,22.37356479999994,0.342,0
2025-01-31 14:00:00,776.52,22.34376180000004,0.34,0
2025-01-31 14:30:00,777.21,22.275105000000167,0.338,0
2025-01-31 15:00:00,777.02,22.29312379999999,0.338,0
2025-01-31 15:30:00,777.14,22.30605530000014,0.334,0
2025-01-31 16:00:00,776.9,21.82336669999995,0.332,0
2025-01-31 16:30:00,777.72,22.229368500000078,0.33,0
2025-01-31 17:00:00,777.96,22.104315900000188,0.331,0
2025-01-31 17:30:00,778.08,22.320167700000184,0.331,0
2025-01-31 18:00:00,778.05,22.324837500000058,0.33,0
2025-01-31 18:30:00,778.31,22.496123600000033,0.334,0
2025-01-31 19:00:00,778.4,22.440306500000133,0.336,0
2025-01-31 19:30:00,778.49,22.592508199999997,0.34,0
2025-01-31 20:00:00,778.57,22.570538200000215,0.345,0
2025-01-31 20:30:00,777.89,22.548244700000055,0.349,0
2025-01-31 21:00:00,777.65,22.621292599999947,0.352,0
2025-01-31 21:30:00,777.02,22.60413230000006,0.356,0
2025-01-31 22:00:00,777.13,22.582591000000093,0.359,0
2025-01-31 22:30:00,777.07,22.759161400000153,0.361,0
2025-01-31 23:00:00,776.83,22.72004230000016,0.364,0
2025-01-31 23:30:00,776.36,22.764990800000078,0.366,0
2025-02-01 00:00:00,775.97,22.754319200000054,0.367,2
2025-02-01 00:30:00,776.03,22.68277790000002,0.364,2
2025-02-01 01:00:00,775.91,22.629058400000076,0.367,2
2025-02-01 01:30:00,776.44,22.743020800000068,0.369,2
2025-02-01 02:00:00,776.54,22.718617400000085,0.366,2
2025-02-01 02:30:00,776.77,22.765071400000124,0.364,2
2025-02-01 03:00:00,776.83,22.6863922,0.366,2
2025-02-01 03:30:00,776.62,22.747632400000043,0.365,2
2025-02-01 04:00:00,776.48,22.731016100000033,0.361,2
2025-02-01 04:30:00,776.26,22.6945621000001,0.362,2
2025-02-01 05:00:00,776.4,22.677528300000063,0.36,2
2025-02-01 05:30:00,776.66,22.757041399999935,0.36,2
2025-02-01 06:00:00,776.44,22.714469200000167,0.361,2
2025-02-01 06:30:00,776.48,22.706543300000135,0.359,2
2025-02-01 07:00:00,776.38,22.674863200000004,0.358,2
2025-02-01 07:30:00,776.31,22.72008930000004,0.359,2
2025-02-01 08:00:00,776.28,22.72169999999994,0.358,2
2025-02-01 08:30:00,776.21,22.681271300000162,0.356,2
2025-02-01 09:00:00,775.93,22.752048100000025,0.357,2
2025-02-01 09:30:00,775.66,22.704342699999984,0.354,2
2025-02-01 10:00:00,775.49,22.697494700000107,0.354,2
2025-02-01 10:30:00,775.38,22.729233000000022,0.354,2
2025-02-01 11:00:00,775.07,22.63744880000013,0.356,2
2025-02-01 11:30:00,774.98,22.79421620000005,0.352,2
2025-02-01 12:00:00,774.87,22.8106590000001,0.351,2
2025-02-01 12:30:00,774.94,22.730763100000104,0.352,2
2025-02-01 13:00:00,775.29,22.796266800000126,0.351,2
2025-02-01 13:30:00,774.99,22.80421620000004,0.35,2
2025-02-01 14:00:00,774.98,22.84622090000005,0.35,2
2025-02-01 14:30:00,775.06,22.81405390000009,0.35,2
2025-02-01 15:00:00,774.94,22.857205900000054,0.35,2
2025-02-01 15:30:00,774.84,22.712339100000122,0.349,2
2025-02-01 16:00:00,775.25,22.83886250000012,0.348,2
2025-02-01 16:30:00,775.18,22.80353230000003,0.349,2
2025-02-01 17:00:00,775.38,22.88524710000013,0.351,2
2025-02-01 17:30:00,775.47,22.819233000000054,0.352,2
2025-02-01 18:00:00,775.72,22.946869000000106,0.354,2
2025-02-01 18:30:00,775.78,22.939568800000075,0.358,2
2025-02-01 19:00:00,775.99,22.982338000000027,0.364,2
2025-02-01 19:30:00,775.71,23.04597690000014,0.37,2
2025-02-01 20:00:00,775.74,23.06679960000008,0.378,2
2025-02-01 20:30:00,775.75,23.107390600000144,0.386,2
2025-02-01 21:00:00,775.76,23.100055700000098,0.393,2
2025-02-01 21:30:00,775.88,23.28633620000005,0.398,2
2025-02-01 22:00:00,776.21,23.502129800000148,0.397,2
2025-02-01 22:30:00,776.32,23.665154200000075,0.4,2
2025-02-01 23:00:00,776.54,23.83518890000005,0.397,2
2025-02-01 23:30:00,776.53,23.991400000000112,0.396,2
2025-02-02 00:00:00,777.01,24.25828270000011,0.395,2
2025-02-02 00:30:00,777.15,24.460484399999928,0.396,2
2025-02-02 01:00:00,777.54,24.66591870000002,0.394,2
2025-02-02 01:30:00,777.51,24.81844500000011,0.391,2
2025-02-02 02:00:00,777.96,24.91970760000015,0.389,2
2025-02-02 02:30:00,778.08,25.075397100000146,0.386,2
2025-02-02 03:00:00,778.63,25.14613810000003,0.385,2
2025-02-02 03:30:00,778.61,25.291329500000188,0.383,2
2025-02-02 04:00:00,778.79,25.37343830000009,0.381,2
2025-02-02 04:30:00,779.08,25.518640900000037,0.381,2
2025-02-02 05:00:00,779.0,25.476369800000043,0.38,2
2025-02-02 05:30:00,778.84,25.490738500000134,0.379,2
2025-02-02 06:00:00,778.99,25.8171466,0.378,2
2025-02-02 06:30:00,779.52,26.140147500000126,0.383,2
2025-02-02 07:00:00,779.72,26.409487100000092,0.384,2
2025-02-02 07:30:00,780.21,26.709822900000063,0.385,2
2025-02-02 08:00:00,780.25,26.738606200000163,0.386,2
2025-02-02 08:30:00,780.16,27.058525600000053,0.388,2
2025-02-02 09:00:00,779.79,26.735431800000015,0.385,2
2025-02-02 09:30:00,780.2,26.9853389000001,0.385,2
2025-02-02 10:00:00,780.46,27.16070380000008,0.381,2
2025-02-02 10:30:00,780.46,27.25145710000004,0.378,2
2025-02-02 11:00:00,780.41,27.489012499999944,0.373,2
2025-02-02 11:30:00,780.35,27.58604630000002,0.367,2
2025-02-02 12:00:00,780.44,27.68318420000014,0.363,2
2025-02-02 12:30:00,780.28,27.85254729999997,0.356,2
2025-02-02 13:00:00,780.34,27.88807450000013,0.352,2
2025-02-02 13:30:00,780.37,28.00984750000009,0.344,2
2025-02-02 14:00:00,780.47,28.154714300000137,0.342,2
2025-02-02 14:30:00,780.34,28.215398200000095,0.334,2
2025-02-02 15:00:00,780.55,28.31731000000002,0.329,2
2025-02-02 15:30:00,780.63,28.405467600000065,0.327,2
2025-02-02 16:00:00,780.58,28.41155110000011,0.32,2
2025-02-02 16:30:00,780.75,28.513231200000064,0.315,2
2025-02-02 17:00:00,780.99,28.645142999999962,0.312,2
2025-02-02 17:30:00,781.08,28.653567000000066,0.309,2
2025-02-02 18:00:00,781.5,28.86758759999998,0.307,2
2025-02-02 18:30:00,781.62,28.902952500000083,0.302,2
2025-02-02 19:00:00,781.78,29.036440300000095,0.306,2
2025-02-02 19:30:00,781.75,29.101272400000084,0.303,2
2025-02-02 20:00:00,781.63,29.23211860000015,0.304,2
2025-02-02 20:30:00,781.4,29.338619600000015,0.307,2
2025-02-02 21:00:00,781.46,29.566870100000074,0.31,2
2025-02-02 21:30:00,781.55,29.724170300000083,0.315,2
2025-02-02 22:00:00,781.51,29.76370689999999,0.319,2
2025-02-02 22:30:00,781.28,29.71929230000012,0.318,2
2025-02-02 23:00:00,781.32,29.74705590000019,0.316,2
2025-02-02 23:30:00,781.31,29.674854200000027,0.314,2
2025-02-03 00:00:00,781.14,29.41817970000011,0.312,2
2025-02-03 00:30:00,781.1,29.311899200000084,0.311,2
2025-02-03 01:00:00,780.99,29.16111120000005,0.309,2
2025-02-03 01:30:00,780.97,29.05341700000008,0.305,2
2025-02-03 02:00:00,781.06,29.027171199999998,0.303,2
2025-02-03 02:30:00,781.03,28.916614900000013,0.302,2
2025-02-03 03:00:00,780.76,28.721052999999984,0.301,2
2025-02-03 03:30:00,780.37,28.496244400000023,0.299,2
2025-02-03 04:00:00,780.13,28.2878551,0.301,2
2025-02-03 04:30:00,779.89,28.172258500000112,0.3,2
2025-02-03 05:00:00,779.65,27.97304650000001,0.299,2
2025-02-03 05:30:00,779.42,27.890903000000094,0.3,2
2025-02-03 06:00:00,779.3,27.829025900000033,0.302,2
2025-02-03 06:30:00,779.22,27.758203200000025,0.3,2
2025-02-03 07:00:00,779.13,27.636592500000006,0.301,2
2025-02-03 07:30:00,778.87,27.569315800000027,0.3,2
2025-02-03 08:00:00,778.68,27.608748300000116,0.301,2
2025-02-03 08:30:00,778.28,27.43104290000008,0.3,2
2025-02-03 09:00:00,778.08,27.36666300000013,0.302,2
2025-02-03 09:30:00,777.84,27.265342200000077,0.3,2
2025-02-03 10:00:00,777.62,27.287011100000086,0.301,2
2025-02-03 10:30:00,777.32,27.203187500000126,0.3,2
2025-02-03 11:00:00,777.08,27.13857590000009,0.302,2
2025-02-03 11:30:00,776.61,27.075436200000127,0.3,2
2025-02-03 12:00:00,776.44,27.15322330000015,0.3,2
2025-02-03 12:30:00,776.34,27.068518799999993,0.299,2
2025-02-03 13:00:00,776.34,27.06342030000019,0.3,2
2025-02-03 13:30:00,776.22,27.032134200000087,0.297,2
2025-02-03 14:00:00,776.1,27.00390720000007,0.299,2
2025-02-03 14:30:00,775.96,27.005645500000128,0.298,2
2025-02-03 15:00:00,775.88,26.90015300000016,0.296,2
2025-02-03 15:30:00,775.88,26.853246799999965,0.296,2
2025-02-03 16:00:00,775.9,26.802887499999997,0.295,2
2025-02-03 16:30:00,775.84,26.734729900000048,0.296,2
2025-02-03 17:00:00,775.86,26.863837800000056,0.295,2
2025-02-03 17:30:00,775.65,26.866955099999927,0.297,2
2025-02-03 18:00:00,775.64,27.027244999999994,0.301,2
2025-02-03 18:30:00,775.68,26.80416240000011,0.309,2
2025-02-03 19:00:00,775.54,26.788565800000015,0.32,2
2025-02-03 19:30:00,775.37,26.761323800000127,0.331,2
2025-02-03 20:00:00,774.94,26.923769500000162,0.337,2
2025-02-03 20:30:00,774.55,26.56945900000005,0.343,2
2025-02-03 21:00:00,774.56,26.927176700000018,0.347,2
2025-02-03 21:30:00,774.34,26.69290090000004,0.347,2
2025-02-03 22:00:00,773.94,26.885346600000048,0.346,2
2025-02-03 22:30:00,773.61,26.896946100000036,0.341,2
2025-02-03 23:00:00,773.51,26.858128100000044,0.339,2
2025-02-03 23:30:00,773.7,26.902311000000168,0.336,2
2025-02-04 00:00:00,773.48,26.85973880000006,0.333,2
2025-02-04 00:30:00,773.46,26.917236000000116,0.329,2
2025-02-04 01:00:00,773.39,26.89108310000006,0.328,2
2025-02-04 01:30:00,773.06,26.951628200000073,0.322,2
2025-02-04 02:00:00,772.94,26.875475300000176,0.32,2
2025-02-04 02:30:00,772.89,26.906031600000006,0.318,2
2025-02-04 03:00:00,772.83,26.809322400000156,0.316,2
2025-02-04 03:30:00,772.94,26.99376050000012,0.314,2
2025-02-04 04:00:00,773.16,27.02205689999994,0.311,2
2025-02-04 04:30:00,773.37,26.98528950000002,0.309,2
2025-02-04 05:00:00,773.46,27.131373000000053,0.306,2
2025-02-04 05:30:00,773.67,27.13641329999996,0.305,2
2025-02-04 06:00:00,773.68,27.2483833,0.304,2
2025-02-04 06:30:00,773.53,27.180979000000093,0.301,2
2025-02-04 07:00:00,773.6,27.350909600000136,0.298,2
2025-02-04 07:30:00,773.44,27.38771170000018,0.297,2
2025-02-04 08:00:00,773.32,27.479809300000056,0.296,2
2025-02-04 08:30:00,773.2,27.571906900000158,0.296,2
2025-02-04 09:00:00,773.05,27.590157399999953,0.294,2
2025-02-04 09:30:00,773.11,27.56552230000011,0.292,2
2025-02-04 10:00:00,772.87,27.64774750000015,0.291,2
2025-02-04 10:30:00,772.95,27.743043000000057,0.288,2
2025-02-04 11:00:00,773.12,27.819230600000083,0.287,2
2025-02-04 11:30:00,773.0,27.824653700000113,0.286,2
2025-02-04 12:00:00,773.09,27.851432300000056,0.286,2
2025-02-04 12:30:00,773.21,27.695093600000178,0.283,2
2025-02-04 13:00:00,773.27,27.869300000000067,0.283,2
2025-02-04 13:30:00,772.61,27.708953000000065,0.28,2
2025-02-04 14:00:00,772.66,27.81911530000002,0.28,2
2025-02-04 14:30:00,772.39,27.979428700000085,0.278,2
2025-02-04 15:00:00,771.97,28.18246540000007,0.277,2
2025-02-04 15:30:00,771.89,28.154470100000026,0.275,2
2025-02-04 16:00:00,771.3,27.86834070000009,0.273,2
2025-02-04 16:30:00,771.35,27.838804100000175,0.271,2
2025-02-04 17:00:00,771.53,28.024922299999957,0.272,2
2025-02-04 17:30:00,772.09,28.16276650000009,0.275,2
2025-02-04 18:00:00,772.39,28.018177300000048,0.285,2
2025-02-04 18:30:00,772.34,27.898837700000172,0.296,2
2025-02-04 19:00:00,772.45,28.227053500000125,0.306,2
2025-02-04 19:30:00,772.48,28.100019700000075,0.315,2
2025-02-04 20:00:00,772.42,28.30820080000001,0.324,2
2025-02-04 20:30:00,772.25,28.48489880000011,0.331,2
2025-02-04 21:00:00,771.92,28.459789099999966,0.335,2
2025-02-04 21:30:00,772.14,28.543149299999982,0.339,2
2025-02-04 22:00:00,771.92,28.792211300000076,0.344,2
2025-02-04 22:30:00,771.59,28.856835200000205,0.345,2
2025-02-04 23:00:00,771.12,28.875271500000167,0.342,2
2025-02-04 23:30:00,770.9,28.860231200000044,0.341,2
2025-02-05 00:00:00,771.08,28.977009800000133,0.334,2
2025-02-05 00:30:00,771.31,28.886823999999933,0.325,2
2025-02-05 01:00:00,771.27,28.749952500000063,0.319,2
2025-02-05 01:30:00,770.62,28.8341365,0.312,2
2025-02-05 02:00:00,770.05,28.78826229999993,0.307,2
2025-02-05 02:30:00,770.06,28.90023229999997,0.302,2
2025-02-05 03:00:00,769.95,28.981935900000053,0.298,2
2025-02-05 03:30:00,770.02,29.223245500000075,0.297,2
2025-02-05 04:00:00,770.0,29.233836500000052,0.292,2
2025-02-05 04:30:00,770.04,29.335018500000047,0.286,2
2025-02-05 05:00:00,770.39,29.41377829999999,0.284,2
2025-02-05 05:30:00,770.66,29.5685522,0.282,2
2025-02-05 06:00:00,770.9,29.597474300000044,0.281,2
2025-02-05 06:30:00,771.29,29.7019583,0.278,2
2025-02-05 07:00:00,771.36,29.502757500000143,0.28,2
2025-02-05 07:30:00,771.78,29.55158670000003,0.278,2
2025-02-05 08:00:00,771.8,29.62257169999998,0.279,2
2025-02-05 08:30:00,772.03,29.992270599999983,0.277,2
2025-02-05 09:00:00,772.05,29.756325900000093,0.276,2
2025-02-05 09:30:00,772.44,30.042316500000197,0.276,2
2025-02-05 10:00:00,772.69,29.918086600000038,0.277,2
2025-02-05 10:30:00,773.24,30.0031034000001,0.273,2
2025-02-05 11:00:00,773.42,29.958769399999937,0.272,2
2025-02-05 11:30:00,773.95,29.89122520000012,0.27,2
2025-02-05 12:00:00,774.49,30.1793593000001,0.27,2
2025-02-05 12:30:00,775.06,30.08145580000007,0.268,2
2025-02-05 13:00:00,775.59,30.078152700000032,0.269,2
2025-02-05 13:30:00,776.25,30.115116000000057,0.267,2
2025-02-05 14:00:00,776.79,30.133029599999986,0.265,2
2025-02-05 14:30:00,777.22,30.186760300000174,0.266,2
2025-02-05 15:00:00,777.56,30.194338100000095,0.263,2
2025-02-05 15:30:00,778.1,30.29484739999998,0.263,2
2025-02-05 16:00:00,778.37,30.301764800000115,0.262,2
2025-02-05 16:30:00,778.57,30.275391400000217,0.26,2
2025-02-05 17:00:00,778.98,30.281590200000096,0.261,2
2025-02-05 17:30:00,779.19,30.24482280000018,0.26,2
2025-02-05 18:00:00,779.55,30.308090100000072,0.257,2
2025-02-05 18:30:00,779.95,30.355273900000043,0.257,2
2025-02-05 19:00:00,780.1,30.250348900000063,0.258,2
2025-02-05 19:30:00,780.05,30.289062799999897,0.257,2
2025-02-05 20:00:00,779.94,30.340175400000135,0.258,2
2025-02-05 20:30:00,779.63,30.166815199999974,0.26,2
2025-02-05 21:00:00,779.33,30.256340600000044,0.259,2
2025-02-05 21:30:00,779.2,30.139596700000084,0.265,2
2025-02-05 22:00:00,779.11,30.166862200000082,0.268,2
2025-02-05 22:30:00,779.06,30.049562000000037,0.271,2
2025-02-05 23:00:00,779.12,30.04939969999998,0.273,2
2025-02-05 23:30:00,779.19,30.104104200000165,0.276,2
2025-02-06 00:00:00,779.26,30.05072050000001,0.275,2
2025-02-06 00:30:00,779.09,30.027557300000012,0.273,2
2025-02-06 01:00:00,778.82,29.9523200000001,0.275,2
2025-02-06 01:30:00,778.63,29.844915700000115,0.274,2
2025-02-06 02:00:00,778.55,29.794487000000004,0.273,2
2025-02-06 02:30:00,778.54,29.673339700000042,0.273,2
2025-02-06 03:00:00,778.45,29.577221500000064,0.27,2
2025-02-06 03:30:00,778.22,29.52974780000011,0.271,2
2025-02-06 04:00:00,778.09,29.422181200000068,0.271,2
2025-02-06 04:30:00,777.87,29.26336320000007,0.27,2
2025-02-06 05:00:00,777.79,29.230269399999997,0.27,2
2025-02-06 05:30:00,777.64,29.154707499999972,0.271,2
2025-02-06 06:00:00,777.36,29.057233800000063,0.27,2
2025-02-06 06:30:00,777.28,28.98335200000008,0.27,2
2025-02-06 07:00:00,777.22,28.833618400000205,0.27,2
2025-02-06 07:30:00,777.05,28.81351429999995,0.27,2
2025-02-06 08:00:00,776.78,28.778045300000144,0.271,2
2025-02-06 08:30:00,776.55,28.686724500000082,0.27,2
2025-02-06 09:00:00,776.18,28.71542719999991,0.27,2
2025-02-06 09:30:00,775.98,28.624535100000003,0.271,2
2025-02-06 10:00:00,775.65,28.59126779999997,0.271,2
2025-02-06 10:30:00,775.56,28.605277200000046,0.272,2
2025-02-06 11:00:00,775.21,28.500005200000146,0.27,2
2025-02-06 11:30:00,774.94,28.46453620000011,0.272,2
2025-02-06 12:00:00,774.57,28.45449030000009,0.269,2
2025-02-06 12:30:00,774.47,28.442184500000053,0.271,2
2025-02-06 13:00:00,774.35,28.461883400000033,0.271,2
2025-02-06 13:30:00,774.16,28.43095660000006,0.268,2
2025-02-06 14:00:00,773.74,28.433112400000027,0.267,2
2025-02-06 14:30:00,773.18,28.317701599999964,0.268,2
2025-02-06 15:00:00,772.91,28.29242959999999,0.266,2
2025-02-06 15:30:00,773.5,28.20432910000011,0.267,2
2025-02-06 16:00:00,773.42,28.23445670000001,0.266,2
2025-02-06 16:30:00,773.64,28.165881600000034,0.268,2
2025-02-06 17:00:00,773.51,28.272452000000044,0.266,2
2025-02-06 17:30:00,773.5,28.267550500000084,0.266,2
2025-02-06 18:00:00,773.27,28.280239100000017,0.267,2
2025-02-06 18:30:00,773.24,28.371583400000077,0.266,2
2025-02-06 19:00:00,773.12,28.37496710000005,0.266,2
2025-02-06 19:30:00,773.31,28.365105900000003,0.265,2
2025-02-06 20:00:00,772.57,28.425570400000083,0.267,2
2025-02-06 20:30:00,772.4,28.564539500000024,0.266,2
2025-02-06 21:00:00,771.71,28.480241300000102,0.267,2
2025-02-06 21:30:00,771.25,28.49134270000002,0.267,2
2025-02-06 22:00:00,770.75,28.55523679999999,0.267,2
2025-02-06 22:30:00,771.06,28.611331500000006,0.266,2
2025-02-06 23:00:00,771.25,28.579036900000006,0.267,2
2025-02-06 23:30:00,771.98,28.856290100000137,0.267,2
2025-02-07 00:00:00,771.77,28.822698200000104,0.267,2
2025-02-07 00:30:00,771.37,28.389048100000082,0.267,2
2025-02-07 01:00:00,771.31,28.628839900000116,0.266,2
2025-02-07 01:30:00,770.99,28.593336199999953,0.265,2
2025-02-07 02:00:00,771.89,28.776487100000054,0.264,2
2025-02-07 02:30:00,771.56,28.925746100000083,0.264,2
2025-02-07 03:00:00,771.91,28.892338900000027,0.264,2
2025-02-07 03:30:00,772.11,28.726266600000145,0.265,2
2025-02-07 04:00:00,771.43,28.846731099999943,0.262,2
2025-02-07 04:30:00,771.88,28.888851100000124,0.264,2
2025-02-07 05:00:00,771.73,28.864274200000068,0.263,2
2025-02-07 05:30:00,772.16,29.10562970000001,0.262,2
2025-02-07 06:00:00,772.67,29.08130689999996,0.263,2
2025-02-07 06:30:00,772.93,29.07618489999993,0.261,2
2025-02-07 07:00:00,772.91,28.866520700000024,0.263,2
2025-02-07 07:30:00,773.1,29.073855600000115,0.261,2
2025-02-07 08:00:00,772.97,29.022372500000074,0.261,2
2025-02-07 08:30:00,773.05,28.713866800000005,0.262,2
2025-02-07 09:00:00,773.43,28.948049699999956,0.26,2
2025-02-07 09:30:00,773.72,29.04226730000005,0.26,2
2025-02-07 10:00:00,773.86,29.071120000000064,0.26,2
2025-02-07 10:30:00,773.94,28.999184700000114,0.261,2
2025-02-07 11:00:00,774.02,29.063889200000062,0.261,2
2025-02-07 11:30:00,773.7,28.96720350000021,0.262,2
2025-02-07 12:00:00,773.97,29.242301999999995,0.261,2
2025-02-07 12:30:00,774.29,28.982092699999953,0.259,2
2025-02-07 13:00:00,774.27,29.049786899999958,0.26,2
2025-02-07 13:30:00,774.54,29.26166400000011,0.26,2
2025-02-07 14:00:00,774.72,29.007271800000126,0.26,2
2025-02-07 14:30:00,774.47,28.998940700000162,0.261,2
2025-02-07 15:00:00,774.89,28.973331800000096,0.259,2
2025-02-07 15:30:00,775.15,28.918244500000014,0.26,2
2025-02-07 16:00:00,775.46,28.920295100000203,0.26,2
2025-02-07 16:30:00,775.67,29.007931100000064,0.259,2
2025-02-07 17:00:00,775.83,28.933400100000085,0.258,2
2025-02-07 17:30:00,776.08,28.98251920000007,0.258,2
2025-02-07 18:00:00,776.04,28.97922840000001,0.259,2
2025-02-07 18:30:00,776.18,29.0988344000001,0.257,2
2025-02-07 19:00:00,776.45,29.082298700000024,0.258,2
2025-02-07 19:30:00,776.51,29.065821200000073,0.259,2
2025-02-07 20:00:00,776.1,28.970908500000178,0.258,2
2025-02-07 20:30:00,776.35,29.06693380000013,0.259,2
2025-02-07 21:00:00,776.42,29.043121400000018,0.258,2
2025-02-07 21:30:00,776.68,29.177698299999975,0.257,2
2025-02-07 22:00:00,776.83,29.12681740000005,0.256,2
2025-02-07 22:30:00,777.18,29.034267599999907,0.257,2
2025-02-07 23:00:00,777.78,29.063235599999985,0.257,2
2025-02-07 23:30:00,778.23,29.102296499999966,0.258,2
2025-02-08 00:00:00,778.36,29.05078990000004,0.257,2
2025-02-08 00:30:00,778.62,29.06402250000008,0.258,2
2025-02-08 01:00:00,778.7,29.099155700000097,0.258,2
2025-02-08 01:30:00,778.8,29.070673499999998,0.256,2
2025-02-08 02:00:00,779.01,29.094068400000083,0.257,2
2025-02-08 02:30:00,779.11,29.126768200000015,0.257,2
2025-02-08 03:00:00,779.56,29.169907900000112,0.257,2
2025-02-08 03:30:00,779.7,29.21711520000008,0.258,2
2025-02-08 04:00:00,779.97,29.207717400000092,0.257,2
2025-02-08 04:30:00,779.98,29.276860000000056,0.256,2
2025-02-08 05:00:00,780.25,29.300092600000085,0.257,2
2025-02-08 05:30:00,780.38,29.258782999999994,0.256,2
2025-02-08 06:00:00,780.48,29.280266100000063,0.257,2
2025-02-08 06:30:00,780.35,29.25529520000009,0.257,2
2025-02-08 07:00:00,780.71,29.239025900000115,0.257,2
2025-02-08 07:30:00,780.81,29.282942400000024,0.257,2
2025-02-08 08:00:00,780.94,29.268145000000118,0.256,2
2025-02-08 08:30:00,780.69,29.231262300000026,0.256,2
2025-02-08 09:00:00,780.8,29.221957400000065,0.254,2
2025-02-08 09:30:00,780.62,29.204089700000168,0.255,2
2025-02-08 10:00:00,780.6,29.173892700000124,0.255,2
2025-02-08 10:30:00,780.58,29.147774500000082,0.255,2
2025-02-08 11:00:00,780.58,29.17836550000004,0.256,2
2025-02-08 11:30:00,780.25,29.198122600000033,0.256,2
2025-02-08 12:00:00,780.16,29.20499410000002,0.258,2
2025-02-08 12:30:00,780.35,29.208389000000125,0.254,2
2025-02-08 13:00:00,780.46,29.197044700000106,0.256,2
2025-02-08 13:30:00,780.47,29.167276400000105,0.254,2
2025-02-08 14:00:00,780.53,29.211980899999958,0.257,2
2025-02-08 14:30:00,780.67,29.24899120000009,0.253,2
2025-02-08 15:00:00,780.7,29.172942400000125,0.255,2
2025-02-08 15:30:00,780.94,29.1753523000001,0.256,2
2025-02-08 16:00:00,781.25,29.17332410000006,0.256,2
2025-02-08 16:30:00,781.3,29.20802859999992,0.253,2
2025-02-08 17:00:00,781.07,29.098353200000133,0.254,2
2025-02-08 17:30:00,781.32,29.075073600000223,0.255,2
2025-02-08 18:00:00,781.33,29.10546760000011,0.254,2
2025-02-08 18:30:00,781.41,29.135502299999985,0.255,2
2025-02-08 19:00:00,781.29,29.183752800000093,0.255,2
2025-02-08 19:30:00,781.14,29.17855020000013,0.255,2
2025-02-08 20:00:00,781.07,29.172791300000085,0.254,2
2025-02-08 20:30:00,780.76,29.276789500000064,0.254,2
2025-02-08 21:00:00,780.61,29.255271700000094,0.254,2
2025-02-08 21:30:00,780.48,29.29658130000007,0.255,2
2025-02-08 22:00:00,780.59,29.322965900000213,0.254,2
2025-02-08 22:30:00,780.51,29.339837399999965,0.254,2
2025-02-08 23:00:00,780.64,29.391320500000006,0.254,2
2025-02-08 23:30:00,780.68,29.39665070000001,0.254,2
2025-02-09 00:00:00,780.69,29.422965900000236,0.253,2
2025-02-09 00:30:00,780.57,29.440625400000158,0.254,2
2025-02-09 01:00:00,780.82,29.51523700000007,0.252,2
2025-02-09 01:30:00,780.75,29.514576600000055,0.254,2
2025-02-09 02:00:00,780.68,29.453753900000038,0.255,2
2025-02-09 02:30:00,780.91,29.51958220000006,0.253,2
2025-02-09 03:00:00,780.99,29.53228200000001,0.254,2
2025-02-09 03:30:00,781.08,29.528469600000108,0.252,2
2025-02-09 04:00:00,781.15,29.526070900000036,0.253,2
2025-02-09 04:30:00,781.39,29.563150600000085,0.253,2
2025-02-09 05:00:00,781.63,29.604309100000023,0.254,2
2025-02-09 05:30:00,781.48,29.62867779999999,0.254,2
2025-02-09 06:00:00,781.49,29.66213090000008,0.252,2
2025-02-09 06:30:00,781.88,29.7248072000001,0.253,2
2025-02-09 07:00:00,782.06,29.694749,0.251,2
2025-02-09 07:30:00,782.05,29.731655199999977,0.251,2
2025-02-09 08:00:00,781.56,29.677067100000045,0.251,2
2025-02-09 08:30:00,781.12,29.683695700000044,0.252,2
2025-02-09 09:00:00,780.98,29.667079400000034,0.251,2
2025-02-09 09:30:00,781.02,29.71727640000006,0.251,2
2025-02-09 10:00:00,781.07,29.721389900000077,0.251,2
2025-02-09 10:30:00,780.98,29.673197600000094,0.252,2
2025-02-09 11:00:00,780.93,29.696616000000063,0.252,2
2025-02-09 11:30:00,780.83,29.724078500000132,0.25,2
2025-02-09 12:00:00,780.81,29.7428271,0.25,2
2025-02-09 12:30:00,780.93,29.752699500000062,0.25,2
2025-02-09 13:00:00,780.92,29.77431020000006,0.25,2
2025-02-09 13:30:00,780.91,29.817334600000095,0.249,2
2025-02-09 14:00:00,780.72,29.72522580000009,0.247,2
2025-02-09 14:30:00,780.7,29.724600100000202,0.249,2
2025-02-09 15:00:00,780.85,29.79098470000008,0.248,2
2025-02-09 15:30:00,780.82,29.78137870000012,0.247,2
2025-02-09 16:00:00,780.88,29.773058800000058,0.249,2
2025-02-09 16:30:00,780.89,29.790196700000024,0.248,2
2025-02-09 17:00:00,780.87,29.789571000000137,0.247,2
2025-02-09 17:30:00,780.79,29.801344000000086,0.248,2
2025-02-09 18:00:00,780.79,29.755457500000034,0.246,2
2025-02-09 18:30:00,780.56,29.767126400000052,0.247,2
2025-02-09 19:00:00,780.28,29.834844100000055,0.245,2
2025-02-09 19:30:00,779.99,29.942527100000007,0.245,2
2025-02-09 20:00:00,779.71,30.000047800000175,0.245,2
2025-02-09 20:30:00,779.63,30.11583020000012,0.245,2
2025-02-09 21:00:00,779.41,30.165031,0.244,2
2025-02-09 21:30:00,779.17,30.181995400000005,0.244,2
2025-02-09 22:00:00,778.98,30.17146260000004,0.243,2
2025-02-09 22:30:00,778.77,30.143988899999954,0.242,2
2025-02-09 23:00:00,778.9,30.167940100000123,0.243,2
2025-02-09 23:30:00,778.98,30.165344400000095,0.243,2
2025-02-10 00:00:00,779.05,30.228206499999942,0.243,2
2025-02-10 00:30:00,779.04,30.25083690000008,0.243,2
2025-02-10 01:00:00,779.07,30.2859354000002,0.242,2
2025-02-10 01:30:00,779.09,30.251891300000125,0.241,2
2025-02-10 02:00:00,779.28,30.347059200000103,0.241,2
2025-02-10 02:30:00,779.45,30.404892200000063,0.241,2
2025-02-10 03:00:00,779.42,30.412621100000024,0.241,2
2025-02-10 03:30:00,779.43,30.355320899999924,0.24,2
2025-02-10 04:00:00,779.32,30.34933030000002,0.24,2
2025-02-10 04:30:00,779.47,30.411636100000123,0.238,2
2025-02-10 05:00:00,779.73,30.3585882000001,0.237,2
2025-02-10 05:30:00,779.68,30.393223300000045,0.238,2
2025-02-10 06:00:00,779.7,30.45910980000008,0.238,2
2025-02-10 06:30:00,779.8,30.455100399999992,0.239,2
2025-02-10 07:00:00,779.84,30.480824600000005,0.237,2
2025-02-10 07:30:00,779.98,30.56678050000005,0.237,2
2025-02-10 08:00:00,779.99,30.520697000000155,0.236,2
2025-02-10 08:30:00,779.8,30.539735500000006,0.237,2
2025-02-10 09:00:00,779.59,30.512261800000147,0.237,2
2025-02-10 09:30:00,779.75,30.615158600000086,0.235,2
2025-02-10 10:00:00,779.54,30.562192399999958,0.235,2
2025-02-10 10:30:00,779.59,30.62136970000006,0.235,2
2025-02-10 11:00:00,779.41,30.622876299999916,0.235,2
2025-02-10 11:30:00,779.44,30.58047760000011,0.234,2
2025-02-10 12:00:00,779.49,30.630477600000063,0.236,2
2025-02-10 12:30:00,779.32,30.588959800000225,0.235,2
2025-02-10 13:00:00,779.25,30.5362947000001,0.234,2
2025-02-10 13:30:00,779.2,30.64434820000008,0.234,2
2025-02-10 14:00:00,779.02,30.676445800000124,0.235,2
2025-02-10 14:30:00,779.15,30.714672800000017,0.235,2
2025-02-10 15:00:00,779.3,30.691323800000077,0.233,2
2025-02-10 15:30:00,779.3,30.670929799999954,0.231,2
2025-02-10 16:00:00,779.38,30.727476700000125,0.23,2
2025-02-10 16:30:00,779.33,30.66626000000008,0.23,2
2025-02-10 17:00:00,779.09,30.62102270000014,0.23,2
2025-02-10 17:30:00,779.02,30.658091200000058,0.23,2
2025-02-10 18:00:00,778.93,30.686376399999972,0.231,2
2025-02-10 18:30:00,778.94,30.727987100000178,0.23,2
2025-02-10 19:00:00,778.86,30.766272300000196,0.231,2
2025-02-10 19:30:00,778.74,30.835936500000003,0.23,2
2025-02-10 20:00:00,778.53,30.929807099999948,0.23,2
2025-02-10 20:30:00,778.15,30.928115800000114,0.228,2
2025-02-10 21:00:00,777.85,30.955439500000125,0.231,2
2025-02-10 21:30:00,777.53,30.945428300000117,0.231,2
2025-02-10 22:00:00,777.54,30.981940500000064,0.229,2
2025-02-10 22:30:00,777.48,30.994339200000013,0.23,2
2025-02-10 23:00:00,777.42,31.052624400000013,0.229,2
2025-02-10 23:30:00,777.42,31.07505780000008,0.226,2
2025-02-11 00:00:00,777.4,31.15396869999995,0.228,2
2025-02-11 00:30:00,777.35,31.1437370000001,0.228,2
2025-02-11 01:00:00,777.43,31.210480899999993,0.227,2
2025-02-11 01:30:00,777.28,31.08189459999994,0.226,2
2025-02-11 02:00:00,777.32,31.134131000000025,0.226,2
2025-02-11 02:30:00,777.47,31.163806400000112,0.225,2
2025-02-11 03:00:00,777.61,31.188580300000012,0.226,2
2025-02-11 03:30:00,777.44,31.18479140000011,0.225,2
2025-02-11 04:00:00,777.28,31.180805500000133,0.224,2
2025-02-11 04:30:00,777.34,31.191859900000168,0.224,2
2025-02-11 05:00:00,777.6,31.237722900000108,0.224,2
2025-02-11 05:30:00,777.21,31.279056000000082,0.224,2
2025-02-11 06:00:00,777.14,31.271257700000092,0.223,2
2025-02-11 06:30:00,777.01,31.29115360000003,0.223,2
2025-02-11 07:00:00,776.82,31.285719300000096,0.222,2
2025-02-11 07:30:00,776.54,31.266762499999913,0.22,2
2025-02-11 08:00:00,776.52,31.26817619999997,0.222,2
2025-02-11 08:30:00,776.37,31.286426700000106,0.222,2
2025-02-11 09:00:00,775.91,31.2526613,0.221,2
2025-02-11 09:30:00,775.74,31.27028610000002,0.221,2
2025-02-11 10:00:00,775.75,31.24051780000002,0.22,2
2025-02-11 10:30:00,775.59,31.254886499999998,0.22,2
2025-02-11 11:00:00,775.49,31.350668900000073,0.219,2
2025-02-11 11:30:00,775.17,31.259081700000024,0.22,2
2025-02-11 12:00:00,774.92,31.22933690000002,0.22,2
2025-02-11 12:30:00,774.79,31.25433129999999,0.219,2
2025-02-11 13:00:00,774.72,31.247552700000142,0.219,2
2025-02-11 13:30:00,774.73,31.251434500000073,0.219,2
2025-02-11 14:00:00,774.64,31.230774099999962,0.219,2
2025-02-11 14:30:00,774.69,31.21143450000011,0.22,2
2025-02-11 15:00:00,774.66,31.175316300000077,0.219,2
2025-02-11 15:30:00,774.57,31.188306000000125,0.219,2
2025-02-11 16:00:00,774.41,31.14659119999999,0.22,2
2025-02-11 16:30:00,774.29,31.06941859999995,0.219,2
2025-02-11 17:00:00,774.33,31.0594533000002,0.22,2
2025-02-11 17:30:00,774.25,31.023300400000153,0.221,2
2025-02-11 18:00:00,774.31,31.10981259999994,0.219,2
2025-02-11 18:30:00,774.5,31.123404500000106,0.222,2
2025-02-11 19:00:00,774.49,31.076695299999983,0.219,2
2025-02-11 19:30:00,774.37,31.123926100000062,0.22,2
2025-02-11 20:00:00,774.26,31.07918690000008,0.22,2
2025-02-11 20:30:00,774.05,31.097599700000046,0.219,2
2025-02-11 21:00:00,773.85,31.06381080000017,0.22,2
2025-02-11 21:30:00,773.51,31.109257400000047,0.221,2
2025-02-11 22:00:00,773.19,31.185920699999997,0.221,2
2025-02-11 22:30:00,773.19,31.189999500000226,0.221,2
2025-02-11 23:00:00,773.22,31.18634940000004,0.221,2
2025-02-11 23:30:00,773.46,31.211192700000197,0.22,2
2025-02-12 00:00:00,773.57,31.189651400000116,0.221,2
2025-02-12 00:30:00,773.89,31.231273299999998,0.219,2
2025-02-12 01:00:00,773.54,31.217774299999974,0.22,2
2025-02-12 01:30:00,773.04,31.221506100000056,0.222,2
2025-02-12 02:00:00,773.46,31.198956300000077,0.221,2
2025-02-12 02:30:00,773.56,31.147020999999995,0.22,2
2025-02-12 03:00:00,773.53,31.136395300000117,0.22,2
2025-02-12 03:30:00,773.15,31.15713740000001,0.22,2
2025-02-12 04:00:00,772.73,31.182746300000076,0.222,2
2025-02-12 04:30:00,772.64,31.18044050000003,0.22,2
2025-02-12 05:00:00,772.91,31.134333500000025,0.22,2
2025-02-12 05:30:00,772.95,31.088678700000173,0.219,2
2025-02-12 06:00:00,772.62,31.097219100000075,0.22,2
2025-02-12 06:30:00,772.45,31.04754370000012,0.22,2
2025-02-12 07:00:00,772.34,31.07622290000006,0.221,2
2025-02-12 07:30:00,772.47,31.050208800000178,0.221,2
2025-02-12 08:00:00,772.51,31.042282900000146,0.223,2
2025-02-12 08:30:00,772.67,31.0054808000001,0.219,2
2025-02-12 09:00:00,772.71,31.055677800000012,0.223,2
2025-02-12 09:30:00,772.74,31.001042700000085,0.221,2
2025-02-12 10:00:00,772.66,31.001598999999942,0.221,2
2025-02-12 10:30:00,772.36,30.936130000000162,0.221,2
2025-02-12 11:00:00,772.03,30.944670400000064,0.22,2
2025-02-12 11:30:00,771.78,30.911866499999974,0.22,2
2025-02-12 12:00:00,771.78,30.896571000000108,0.221,2
2025-02-12 12:30:00,772.04,30.835365499999966,0.221,2
2025-02-12 13:00:00,772.12,30.883754800000133,0.221,2
2025-02-12 13:30:00,772.15,30.79750899999999,0.22,2
2025-02-12 14:00:00,772.05,30.801518399999964,0.223,2
2025-02-12 14:30:00,771.84,30.728158200000053,0.22,2
2025-02-12 15:00:00,772.21,30.717810100000065,0.221,2
2025-02-12 15:30:00,772.42,30.707554900000105,0.221,2
2025-02-12 16:00:00,772.45,30.6417031000002,0.22,2
2025-02-12 16:30:00,772.38,30.582919800000013,0.22,2
2025-02-12 17:00:00,772.36,30.570057700000007,0.22,2
2025-02-12 17:30:00,772.32,30.4719348000001,0.22,2
2025-02-12 18:00:00,772.14,30.460185300000035,0.222,2
2025-02-12 18:30:00,772.15,30.476303500000085,0.22,2
2025-02-12 19:00:00,772.0,30.49761310000008,0.222,2
2025-02-12 19:30:00,772.08,30.453209700000116,0.224,2
2025-02-12 20:00:00,771.92,30.446164700000054,0.221,2
2025-02-12 20:30:00,772.06,30.51988419999998,0.223,2
2025-02-12 21:00:00,771.9,30.480208800000128,0.223,2
2025-02-12 21:30:00,771.78,30.460139400000116,0.223,2
2025-02-12 22:00:00,771.7,30.51066100000014,0.223,2
2025-02-12 22:30:00,771.86,30.48711500000013,0.224,2
2025-02-12 23:00:00,771.82,30.449154399999998,0.222,2
2025-02-12 23:30:00,771.68,30.448853299999996,0.224,2
2025-02-13 00:00:00,771.74,30.391587800000025,0.225,2
2025-02-13 00:30:00,771.91,30.3933373000001,0.225,2
2025-02-13 01:00:00,772.03,30.388933899999984,0.225,2
2025-02-13 01:30:00,772.09,30.34798360000002,0.226,2
2025-02-13 02:00:00,772.23,30.26466930000015,0.225,2
2025-02-13 02:30:00,772.38,30.32595540000011,0.229,2
2025-02-13 03:00:00,772.53,30.343394399999966,0.226,2
2025-02-13 03:30:00,772.41,30.282537000000048,0.227,2
2025-02-13 04:00:00,772.07,30.232131800000047,0.228,2
2025-02-13 04:30:00,771.99,30.254101800000058,0.229,2
2025-02-13 05:00:00,771.83,30.13387010000008,0.23,2
2025-02-13 05:30:00,771.95,30.210023000000092,0.23,2
2025-02-13 06:00:00,772.01,30.117068000000017,0.228,2
2025-02-13 06:30:00,771.86,30.12614120000012,0.23,2
2025-02-13 07:00:00,771.72,30.0605793000002,0.232,2
2025-02-13 07:30:00,771.53,30.00416000000007,0.233,2
2025-02-13 08:00:00,771.55,30.078204100000107,0.231,2
2025-02-13 08:30:00,771.11,30.004276400000094,0.231,2
2025-02-13 09:00:00,770.68,30.040279300000066,0.233,2
2025-02-13 09:30:00,770.27,29.98819400000002,0.233,2
2025-02-13 10:00:00,769.67,29.889886400000023,0.233,2
2025-02-13 10:30:00,769.58,29.943664100000092,0.234,2
2025-02-13 11:00:00,769.42,29.89583110000001,0.233,2
2025-02-13 11:30:00,769.16,30.08551879999993,0.233,2
2025-02-13 12:00:00,768.72,29.936133300000165,0.234,2
2025-02-13 12:30:00,768.21,29.9002938000001,0.235,2
2025-02-13 13:00:00,767.58,29.593538700000067,0.236,2
2025-02-13 13:30:00,767.71,30.095729200000164,0.238,2
2025-02-13 14:00:00,767.66,29.906030299999998,0.235,2
2025-02-13 14:30:00,767.6,30.00918230000002,0.237,2
2025-02-13 15:00:00,767.39,30.037792100000047,0.238,2
2025-02-13 15:30:00,767.36,29.906841800000052,0.236,2
2025-02-13 16:00:00,767.65,29.958232000000066,0.237,2
2025-02-13 16:30:00,767.72,30.06698060000008,0.238,2
2025-02-13 17:00:00,767.52,30.188186100000053,0.236,2
2025-02-13 17:30:00,767.01,30.021825000000035,0.237,2
2025-02-13 18:00:00,766.67,29.880666500000075,0.236,2
2025-02-13 18:30:00,767.0,30.06892819999996,0.236,2
2025-02-13 19:00:00,766.75,30.030006100000037,0.235,2
2025-02-13 19:30:00,766.92,30.175533300000097,0.236,2
2025-02-13 20:00:00,767.55,30.339530399999944,0.238,2
2025-02-13 20:30:00,766.98,30.209021100000086,0.238,2
2025-02-13 21:00:00,768.52,30.861882100000116,0.239,2
2025-02-13 21:30:00,767.68,30.117733900000076,0.237,2
2025-02-13 22:00:00,768.02,30.17527700000005,0.238,2
2025-02-13 22:30:00,768.01,30.22645900000009,0.238,2
2025-02-13 23:00:00,766.58,29.948720000000208,0.239,2
2025-02-13 23:30:00,766.27,29.856935800000088,0.238,2
2025-02-14 00:00:00,766.28,29.95055119999995,0.24,2
2025-02-14 00:30:00,766.04,30.190829899999926,0.24,2
2025-02-14 01:00:00,766.47,29.806089600000064,0.239,2
2025-02-14 01:30:00,768.28,29.98762869999996,0.239,2
2025-02-14 02:00:00,768.84,30.15300480000019,0.24,2
2025-02-14 02:30:00,769.46,30.20401220000008,0.239,2
2025-02-14 03:00:00,769.24,30.013583500000095,0.239,2
2025-02-14 03:30:00,769.36,30.089736399999992,0.239,2
2025-02-14 04:00:00,769.42,30.050825500000087,0.241,2
2025-02-14 04:30:00,769.76,30.105309499999976,0.242,2
2025-02-14 05:00:00,769.61,29.98590050000007,0.241,2
2025-02-14 05:30:00,769.96,29.989202500000147,0.241,2
2025-02-14 06:00:00,770.65,30.228495100000032,0.242,2
2025-02-14 06:30:00,771.03,30.259757700000023,0.24,2
2025-02-14 07:00:00,770.84,30.29613110000014,0.241,2
2025-02-14 07:30:00,770.97,30.189560700000015,0.241,2
2025-02-14 08:00:00,770.57,30.274937900000168,0.24,2
2025-02-14 08:30:00,770.98,30.385146100000156,0.241,2
2025-02-14 09:00:00,771.02,30.468993200000114,0.242,2
2025-02-14 09:30:00,771.22,30.48850630000004,0.24,2
2025-02-14 10:00:00,771.4,30.645053200000007,0.241,2
2025-02-14 10:30:00,772.21,31.149143200000026,0.241,2
2025-02-14 11:00:00,772.26,31.076779200000033,0.239,2
2025-02-14 11:30:00,772.25,31.058621600000038,0.238,2
2025-02-14 12:00:00,772.45,31.053661900000066,0.24,2
2025-02-14 12:30:00,773.05,31.022467600000027,0.239,2
2025-02-14 13:00:00,773.7,31.169755500000065,0.238,2
2025-02-14 13:30:00,774.27,31.24418130000015,0.237,2
2025-02-14 14:00:00,774.63,31.306428900000128,0.238,2
2025-02-14 14:30:00,775.12,31.470124900000087,0.239,2
2025-02-14 15:00:00,775.71,31.605338700000175,0.239,2
2025-02-14 15:30:00,776.07,31.74814260000005,0.24,2
2025-02-14 16:00:00,776.71,31.923159400000145,0.237,2
2025-02-14 16:30:00,777.22,32.09461900000019,0.237,2
2025-02-14 17:00:00,777.64,32.26377280000008,0.238,2
2025-02-14 17:30:00,778.47,32.519681700000206,0.237,2
2025-02-14 18:00:00,778.74,32.65814040000009,0.235,2
2025-02-14 18:30:00,779.53,33.096343899999965,0.236,2
2025-02-14 19:00:00,779.98,33.281221900000105,0.236,2
2025-02-14 19:30:00,780.64,33.493573600000104,0.236,2
2025-02-14 20:00:00,780.96,33.77380530000016,0.232,2
2025-02-14 20:30:00,781.2,33.90163830000006,0.233,2
2025-02-14 21:00:00,781.26,34.07380530000012,0.231,2
2025-02-14 21:30:00,781.46,34.16571710000005,0.231,2
2025-02-14 22:00:00,781.71,34.277037900000096,0.23,2
2025-02-14 22:30:00,782.03,34.31764010000006,0.229,2
2025-02-14 23:00:00,782.3,34.413271399999985,0.229,2
2025-02-14 23:30:00,782.67,34.47634169999992,0.229,2
2025-02-15 00:00:00,783.0,34.55039700000009,0.227,2
2025-02-15 00:30:00,783.16,34.64717560000008,0.229,2
2025-02-15 01:00:00,783.52,34.7634673,0.227,2
2025-02-15 01:30:00,783.98,34.81456760000003,0.227,2
2025-02-15 02:00:00,784.32,34.834381800000074,0.228,2
2025-02-15 02:30:00,784.86,34.910418300000174,0.227,2
2025-02-15 03:00:00,785.22,34.92983850000007,0.227,2
2025-02-15 03:30:00,785.51,35.028134900000055,0.226,2
2025-02-15 04:00:00,785.87,35.08732340000017,0.227,2
2025-02-15 04:30:00,786.26,35.23361509999995,0.228,2
2025-02-15 05:00:00,786.49,35.208690100000126,0.227,2
2025-02-15 05:30:00,786.82,35.20932700000003,0.226,2
2025-02-15 06:00:00,787.17,35.32377629999996,0.227,2
2025-02-15 06:30:00,787.33,35.362432000000126,0.227,2
2025-02-15 07:00:00,787.72,35.44142350000004,0.225,2
2025-02-15 07:30:00,788.2,35.487031300000126,0.226,2
2025-02-15 08:00:00,788.28,35.49361290000013,0.227,2
2025-02-15 08:30:00,788.67,35.52875730000005,0.226,2
2025-02-15 09:00:00,788.78,35.53168879999998,0.225,2
2025-02-15 09:30:00,788.76,35.532082800000126,0.225,2
2025-02-15 10:00:00,789.06,35.547586499999966,0.227,2
2025-02-15 10:30:00,789.16,35.466079899999954,0.224,2
2025-02-15 11:00:00,788.94,35.39495610000006,0.225,2
2025-02-15 11:30:00,789.01,35.477192500000115,0.227,2
2025-02-15 12:00:00,789.15,35.42242980000003,0.226,2
2025-02-15 12:30:00,789.57,35.49573180000016,0.224,2
2025-02-15 13:00:00,789.83,35.53853570000001,0.226,2
2025-02-15 13:30:00,789.87,35.589752400000066,0.223,2
2025-02-15 14:00:00,790.24,35.576345200000105,0.222,2
2025-02-15 14:30:00,790.22,35.524734500000136,0.224,2
2025-02-15 15:00:00,790.32,35.529902400000196,0.225,2
2025-02-15 15:30:00,790.24,35.58552250000014,0.224,2
2025-02-15 16:00:00,790.64,35.57968189999997,0.222,2
2025-02-15 16:30:00,791.14,35.56167430000005,0.224,2
2025-02-15 17:00:00,791.38,35.57224180000014,0.224,2
2025-02-15 17:30:00,791.61,35.46268170000019,0.223,2
2025-02-15 18:00:00,791.71,35.437258600000064,0.225,2
2025-02-15 18:30:00,791.6,35.44758320000017,0.222,2
2025-02-15 19:00:00,791.94,35.61015540000005,0.222,2
2025-02-15 19:30:00,791.69,35.64159260000008,0.223,2
2025-02-15 20:00:00,791.7,35.63425770000015,0.222,2
2025-02-15 20:30:00,791.59,35.599715500000116,0.222,2
2025-02-15 21:00:00,791.43,35.688522300000045,0.222,2
2025-02-15 21:30:00,791.0,35.65110680000009,0.222,2
2025-02-15 22:00:00,790.88,35.56373719999999,0.222,2
2025-02-15 22:30:00,791.51,35.69000540000013,0.221,2
2025-02-15 23:00:00,791.63,35.732508199999984,0.221,2
2025-02-15 23:30:00,791.91,35.801430300000106,0.217,2
2025-02-16 00:00:00,791.82,35.68593780000003,0.221,2
2025-02-16 00:30:00,791.86,35.81159260000004,0.219,2
2025-02-16 01:00:00,791.94,35.79472110000006,0.219,2
2025-02-16 01:30:00,791.98,35.78373610000017,0.218,2
2025-02-16 02:00:00,792.34,35.76644710000005,0.222,2
2025-02-16 02:30:00,792.5,35.785728500000005,0.219,2
2025-02-16 03:00:00,792.58,35.753561500000046,0.218,2
2025-02-16 03:30:00,792.41,35.796678799999995,0.218,2
2025-02-16 04:00:00,792.37,35.78625009999996,0.219,2
2025-02-16 04:30:00,792.45,35.73878760000014,0.218,2
2025-02-16 05:00:00,792.36,35.74973790000013,0.218,2
2025-02-16 05:30:00,792.2,35.722298900000055,0.217,2
2025-02-16 06:00:00,792.0,35.68545090000009,0.219,2
2025-02-16 06:30:00,792.04,35.72851000000003,0.218,2
2025-02-16 07:00:00,791.95,35.74455880000016,0.216,2
2025-02-16 07:30:00,791.76,35.7350457,0.216,2
2025-02-16 08:00:00,791.55,35.67698100000007,0.217,2
2025-02-16 08:30:00,791.47,35.68875400000013,0.215,2
2025-02-16 09:00:00,791.21,35.67654110000012,0.215,2
2025-02-16 09:30:00,791.13,35.542497000000026,0.215,2
2025-02-16 10:00:00,790.94,35.596205300000065,0.214,2
2025-02-16 10:30:00,790.8,35.55715559999999,0.215,2
2025-02-16 11:00:00,790.66,35.55583480000007,0.215,2
2025-02-16 11:30:00,790.37,35.531976500000155,0.215,2
2025-02-16 12:00:00,790.34,35.46016880000002,0.213,2
2025-02-16 12:30:00,790.14,35.41516320000005,0.214,2
2025-02-16 13:00:00,790.07,35.39308910000011,0.214,2
2025-02-16 13:30:00,789.78,35.29785179999999,0.213,2
2025-02-16 14:00:00,789.91,35.29427110000006,0.214,2
2025-02-16 14:30:00,789.9,35.24756190000005,0.213,2
2025-02-16 15:00:00,789.86,35.140261699999996,0.213,2
2025-02-16 15:30:00,789.83,35.136773900000094,0.213,2
2025-02-16 16:00:00,790.13,35.1104699,0.212,2
2025-02-16 16:30:00,790.15,35.102937999999995,0.212,2
2025-02-16 17:00:00,789.88,35.03483860000006,0.211,2
2025-02-16 17:30:00,789.45,34.95867450000003,0.212,2
2025-02-16 18:00:00,789.31,34.955314300000055,0.211,2
2025-02-16 18:30:00,789.2,34.93810700000017,0.211,2
2025-02-16 19:00:00,789.17,34.87751600000013,0.212,2
2025-02-16 19:30:00,788.65,34.692997300000116,0.21,2
2025-02-16 20:00:00,788.54,34.768582700000024,0.209,2
2025-02-16 20:30:00,788.0,34.82408750000013,0.209,2
2025-02-16 21:00:00,788.01,34.85040270000002,0.209,2
2025-02-16 21:30:00,787.3,34.7940304,0.207,2
2025-02-16 22:00:00,787.23,34.838236800000004,0.209,2
2025-02-16 22:30:00,786.84,34.78983630000016,0.206,2
2025-02-16 23:00:00,786.77,34.798353200000065,0.208,2
2025-02-16 23:30:00,786.61,34.74440200000015,0.207,2
2025-02-17 00:00:00,786.43,34.72755399999994,0.207,2
2025-02-17 00:30:00,786.14,34.669025900000065,0.204,2
2025-02-17 01:00:00,785.95,34.583035300000006,0.204,2
2025-02-17 01:30:00,785.72,34.56105410000009,0.204,2
2025-02-17 02:00:00,785.75,34.63184209999997,0.203,2
2025-02-17 02:30:00,785.55,34.56542280000008,0.202,2
2025-02-17 03:00:00,785.33,34.526929400000085,0.203,2
2025-02-17 03:30:00,785.4,34.54084590000002,0.201,2
2025-02-17 04:00:00,785.47,34.54354569999998,0.202,2
2025-02-17 04:30:00,785.58,34.53729990000011,0.202,2
2025-02-17 05:00:00,785.62,34.5181573000001,0.201,2
2025-02-17 05:30:00,785.68,34.4282614,0.201,2
2025-02-17 06:00:00,785.57,34.37740400000007,0.199,2
2025-02-17 06:30:00,785.27,34.32825020000007,0.201,2
2025-02-17 07:00:00,785.11,34.339559800000075,0.201,2
2025-02-17 07:30:00,784.98,34.24524930000018,0.2,2
2025-02-17 08:00:00,785.02,34.14860950000002,0.2,2
2025-02-17 08:30:00,784.97,34.22301290000007,0.199,2
2025-02-17 09:00:00,784.77,34.1137662000001,0.199,2
2025-02-17 09:30:00,784.45,33.93550450000009,0.199,2
2025-02-17 10:00:00,784.12,33.710533600000076,0.198,2
2025-02-17 10:30:00,783.36,33.342098400000054,0.199,2
2025-02-17 11:00:00,782.12,32.722076000000015,0.201,2
2025-02-17 11:30:00,781.41,32.093652000000134,0.2,2
2025-02-17 12:00:00,781.41,31.836687600000005,0.206,2
2025-02-17 12:30:00,781.72,31.927452100000096,0.208,2
2025-02-17 13:00:00,781.98,32.177255100000025,0.208,2
2025-02-17 13:30:00,782.3,32.540082499999926,0.21,2
2025-02-17 14:00:00,782.65,32.85541269999999,0.209,2
2025-02-17 14:30:00,782.84,33.16981610000016,0.209,2
2025-02-17 15:00:00,782.95,33.32060410000008,0.208,2
2025-02-17 15:30:00,783.22,33.4682401,0.203,2
2025-02-17 16:00:00,783.46,33.57873820000009,0.201,2
2025-02-17 16:30:00,783.54,33.70564439999998,0.202,2
2025-02-17 17:00:00,783.5,33.774752300000046,0.198,2
2025-02-17 17:30:00,783.55,33.89511159999995,0.197,2
2025-02-17 18:00:00,783.69,33.906629400000156,0.196,2
2025-02-17 18:30:00,783.87,33.93979260000003,0.195,2
2025-02-17 19:00:00,784.03,34.08959560000005,0.192,2
2025-02-17 19:30:00,783.93,34.128274799999986,0.193,2
2025-02-17 20:00:00,783.48,34.13917920000006,0.19,2
2025-02-17 20:30:00,783.23,34.170616400000085,0.189,2
2025-02-17 21:00:00,783.29,34.3050545000001,0.189,2
2025-02-17 21:30:00,783.0,34.38010710000003,0.187,2
2025-02-17 22:00:00,782.72,34.417233800000076,0.187,2
2025-02-17 22:30:00,782.92,34.57746550000013,0.187,2
2025-02-17 23:00:00,782.95,34.63397770000006,0.184,2
2025-02-17 23:30:00,783.32,34.69296920000011,0.184,2
2025-02-18 00:00:00,783.49,34.73856580000006,0.181,2
2025-02-18 00:30:00,783.53,34.80099919999998,0.182,2
2025-02-18 01:00:00,783.78,34.9235367,0.179,2
2025-02-18 01:30:00,783.78,34.943930700000124,0.179,2
2025-02-18 02:00:00,783.74,34.9538960000001,0.178,2
2025-02-18 02:30:00,784.05,35.03854230000002,0.177,2
2025-02-18 03:00:00,784.34,35.104208300000096,0.176,2
2025-02-18 03:30:00,784.42,35.127105099999994,0.176,2
2025-02-18 04:00:00,784.26,35.17308450000007,0.173,2
2025-02-18 04:30:00,784.53,35.1687852,0.174,2
2025-02-18 05:00:00,784.6,35.13885460000006,0.175,2
2025-02-18 05:30:00,784.74,35.24010600000008,0.173,2
2025-02-18 06:00:00,784.81,35.286652900000036,0.171,2
2025-02-18 06:30:00,784.78,35.28928330000008,0.172,2
2025-02-18 07:00:00,784.7,35.31023360000006,0.172,2
2025-02-18 07:30:00,784.82,35.3354015000001,0.17,2
2025-02-18 08:00:00,785.01,35.3235009,0.171,2
2025-02-18 08:30:00,785.15,35.323802,0.169,2
2025-02-18 09:00:00,785.22,35.34995490000006,0.168,2
2025-02-18 09:30:00,785.24,35.35363970000003,0.167,2
2025-02-18 10:00:00,785.33,35.34574850000013,0.168,2
2025-02-18 10:30:00,785.27,35.27963030000001,0.167,2
2025-02-18 11:00:00,785.07,35.2927476000001,0.166,2
2025-02-18 11:30:00,784.85,35.31237710000005,0.166,2
2025-02-18 12:00:00,784.94,35.29632830000014,0.165,2
2025-02-18 12:30:00,785.18,35.32117160000007,0.165,2
2025-02-18 13:00:00,785.38,35.35088170000006,0.164,2
2025-02-18 13:30:00,785.79,35.339745600000015,0.163,2
2025-02-18 14:00:00,786.16,35.438505400000054,0.164,2
2025-02-18 14:30:00,786.2,35.45403260000012,0.163,2
2025-02-18 15:00:00,786.28,35.41268830000001,0.161,2
2025-02-18 15:30:00,786.47,35.53232900000012,0.162,2
2025-02-18 16:00:00,786.62,35.56200440000009,0.162,2
2025-02-18 16:30:00,786.93,35.53448370000001,0.16,2
2025-02-18 17:00:00,786.9,35.4871488,0.161,2
2025-02-18 17:30:00,787.01,35.46356810000009,0.16,2
2025-02-18 18:00:00,787.02,35.43787860000009,0.158,2
2025-02-18 18:30:00,787.18,35.46123880000005,0.159,2
2025-02-18 19:00:00,787.43,35.44407739999997,0.159,2
2025-02-18 19:30:00,787.28,35.50413560000004,0.157,2
2025-02-18 20:00:00,787.45,35.5334170000001,0.158,2
2025-02-18 20:30:00,787.38,35.55009150000001,0.157,2
2025-02-18 21:00:00,787.22,35.569558700000016,0.157,2
2025-02-18 21:30:00,787.22,35.63685890000011,0.158,2
2025-02-18 22:00:00,787.22,35.682745400000044,0.156,2
2025-02-18 22:30:00,787.43,35.706140300000015,0.157,2
2025-02-18 23:00:00,787.74,35.69901360000006,0.154,2
2025-02-18 23:30:00,788.01,35.72938410000006,0.156,2
2025-02-19 00:00:00,788.02,35.678202100000135,0.155,2
2025-02-19 00:30:00,788.07,35.81079780000016,0.156,2
2025-02-19 01:00:00,788.29,35.83501540000009,0.154,2
2025-02-19 01:30:00,788.78,35.83963820000008,0.153,2
2025-02-19 02:00:00,789.19,35.87540830000023,0.151,2
2025-02-19 02:30:00,789.25,35.87116720000006,0.152,2
2025-02-19 03:00:00,789.27,35.83100490000004,0.154,2
2025-02-19 03:30:00,789.52,35.85157240000012,0.152,2
2025-02-19 04:00:00,789.75,35.905164300000024,0.15,2
2025-02-19 04:30:00,790.04,35.93106200000011,0.152,2
2025-02-19 05:00:00,790.19,35.93932370000016,0.148,2
2025-02-19 05:30:00,790.33,35.91923080000015,0.146,2
2025-02-19 06:00:00,790.44,35.97620640000014,0.147,2
2025-02-19 06:30:00,790.54,35.99870920000012,0.149,2
2025-02-19 07:00:00,790.43,36.03860509999993,0.147,2
2025-02-19 07:30:00,790.68,35.9826951,0.146,2
2025-02-19 08:00:00,790.93,36.066483999999946,0.147,2
2025-02-19 08:30:00,790.91,36.08829170000001,0.145,2
2025-02-19 09:00:00,790.88,36.11845400000004,0.145,2
2025-02-19 09:30:00,790.74,36.05697090000001,0.146,2
2025-02-19 10:00:00,790.83,36.07763130000012,0.146,2
2025-02-19 10:30:00,790.9,36.11907969999993,0.144,2
2025-02-19 11:00:00,790.75,36.143448400000125,0.144,2
2025-02-19 11:30:00,790.95,36.18947370000012,0.143,2
2025-02-19 12:00:00,791.05,36.200759800000014,0.143,2
2025-02-19 12:30:00,790.79,36.16611350000005,0.141,2
2025-02-19 13:00:00,790.85,36.23019230000011,0.141,2
2025-02-19 13:30:00,791.04,36.21115379999992,0.141,2
2025-02-19 14:00:00,791.0,36.254769200000055,0.139,2
2025-02-19 14:30:00,791.07,36.331907100000194,0.141,2
2025-02-19 15:00:00,790.76,36.267654799999946,0.14,2
2025-02-19 15:30:00,791.02,36.35940430000005,0.139,2
2025-02-19 16:00:00,791.06,36.35453749999999,0.138,2
2025-02-19 16:30:00,791.23,36.38993710000011,0.14,2
2025-02-19 17:00:00,791.23,36.38075980000008,0.14,2
2025-02-19 17:30:00,791.44,36.42862750000006,0.138,2
2025-02-19 18:00:00,791.47,36.43007590000013,0.137,2
2025-02-19 18:30:00,791.37,36.51362190000009,0.138,2
2025-02-19 19:00:00,791.31,36.55967069999997,0.136,2
2025-02-19 19:30:00,791.03,36.43874390000008,0.138,2
2025-02-19 20:00:00,790.78,36.75875619999999,0.137,2
2025-02-19 20:30:00,790.56,36.56628809999995,0.136,2
2025-02-19 21:00:00,790.19,36.66535010000018,0.137,2
2025-02-19 21:30:00,789.71,36.7920716000001,0.134,2
2025-02-19 22:00:00,789.62,36.94883900000002,0.135,2
2025-02-19 22:30:00,789.22,36.839453500000104,0.133,2
2025-02-19 23:00:00,789.34,36.86360170000012,0.135,2
2025-02-19 23:30:00,789.24,37.05013740000004,0.135,2
2025-02-20 00:00:00,789.05,37.034506100000044,0.135,2
2025-02-20 00:30:00,789.19,37.16328940000017,0.134,2
2025-02-20 01:00:00,789.27,37.15253610000002,0.133,2
2025-02-20 01:30:00,789.15,37.18956990000004,0.133,2
2025-02-20 02:00:00,789.67,37.67795920000003,0.132,2
2025-02-20 02:30:00,790.28,38.19516650000003,0.131,2
2025-02-20 03:00:00,790.66,38.268236799999954,0.131,2
2025-02-20 03:30:00,790.41,38.16201449999994,0.13,2
2025-02-20 04:00:00,790.67,38.25070489999996,0.13,2
2025-02-20 04:30:00,790.75,38.03499190000002,0.128,2
2025-02-20 05:00:00,790.68,38.00577989999999,0.127,2
2025-02-20 05:30:00,790.66,37.92153880000012,0.128,2
2025-02-20 06:00:00,790.64,37.9086767,0.129,2
2025-02-20 06:30:00,790.64,37.89440090000005,0.127,2
2025-02-20 07:00:00,790.57,37.9120951000001,0.129,2
2025-02-20 07:30:00,790.61,37.95923300000004,0.126,2
2025-02-20 08:00:00,790.49,37.9177499000001,0.126,2
2025-02-20 08:30:00,790.5,37.96343939999997,0.127,2
2025-02-20 09:00:00,790.45,38.002153300000145,0.124,2
2025-02-20 09:30:00,790.4,38.04800510000007,0.123,2
2025-02-20 10:00:00,790.37,38.054714300000114,0.125,2
2025-02-20 10:30:00,790.22,38.06684659999996,0.125,2
2025-02-20 11:00:00,790.14,38.06740290000005,0.125,2
2025-02-20 11:30:00,790.21,38.12516650000009,0.125,2
2025-02-20 12:00:00,790.23,38.15230440000005,0.122,2
2025-02-20 12:30:00,790.29,38.14398449999999,0.122,2
2025-02-20 13:00:00,790.5,38.114355000000046,0.122,2
2025-02-20 13:30:00,790.53,38.16882780000003,0.123,2
2025-02-20 14:00:00,790.63,38.16379870000003,0.12,2
2025-02-20 14:30:00,790.7,38.21034560000021,0.12,2
2025-02-20 15:00:00,790.85,38.25735590000011,0.121,2
2025-02-20 15:30:00,790.73,38.20363640000005,0.121,2
2025-02-20 16:00:00,790.86,38.28876960000002,0.12,2
2025-02-20 16:30:00,790.83,38.242454400000156,0.12,2
2025-02-20 17:00:00,790.75,38.26544409999997,0.122,2
2025-02-20 17:30:00,790.67,38.30882780000002,0.118,2
2025-02-20 18:00:00,790.5,38.37539820000006,0.117,2
2025-02-20 18:30:00,790.17,38.31153990000007,0.118,2
2025-02-20 19:00:00,790.26,38.469859799999995,0.118,2
2025-02-20 19:30:00,790.12,38.43488890000003,0.117,2
2025-02-20 20:00:00,790.05,38.49439080000002,0.116,2
2025-02-20 20:30:00,789.82,38.42550340000014,0.116,2
2025-02-20 21:00:00,789.59,38.4912164000001,0.116,2
2025-02-20 21:30:00,789.56,38.60397439999997,0.115,2
2025-02-20 22:00:00,789.58,38.55973330000006,0.114,2
2025-02-20 22:30:00,789.72,38.63855130000013,0.114,2
2025-02-20 23:00:00,789.77,38.72220140000002,0.113,2
2025-02-20 23:30:00,789.81,38.72957100000008,0.112,2
2025-02-21 00:00:00,789.94,38.71375390000014,0.114,2
2025-02-21 00:30:00,790.24,38.80267600000013,0.111,2
2025-02-21 01:00:00,790.45,38.82097240000007,0.11,2
2025-02-21 01:30:00,790.71,38.90048550000017,0.11,2
2025-02-21 02:00:00,790.87,38.94627910000008,0.11,2
2025-02-21 02:30:00,791.24,38.90635970000005,0.11,2
2025-02-21 03:00:00,791.56,39.020380300000056,0.108,2
2025-02-21 03:30:00,791.55,38.99406510000006,0.109,2
2025-02-21 04:00:00,791.54,39.07175930000005,0.109,2
2025-02-21 04:30:00,791.9,39.11973109999997,0.107,2
2025-02-21 05:00:00,792.29,39.21809689999998,0.107,2
2025-02-21 05:30:00,792.54,39.200935500000014,0.108,2
2025-02-21 06:00:00,792.65,39.154921400000035,0.106,2
2025-02-21 06:30:00,792.8,39.25903489999996,0.106,2
2025-02-21 07:00:00,792.84,39.34288200000003,0.106,2
2025-02-21 07:30:00,792.67,39.414550899999995,0.106,2
2025-02-21 08:00:00,792.57,39.467505900000106,0.105,2
2025-02-21 08:30:00,792.73,39.48882670000012,0.105,2
2025-02-21 09:00:00,792.58,39.50401810000017,0.103,2
2025-02-21 09:30:00,792.55,39.557633500000065,0.103,2
2025-02-21 10:00:00,792.57,39.57253500000013,0.101,2
2025-02-21 10:30:00,792.85,39.703658800000085,0.103,2
2025-02-21 11:00:00,792.86,39.74628920000009,0.102,2
2025-02-21 11:30:00,792.94,39.74063440000009,0.101,2
2025-02-21 12:00:00,793.31,39.824098700000036,0.102,2
2025-02-21 12:30:00,793.42,39.81275440000013,0.1,2
2025-02-21 13:00:00,793.54,39.87361180000005,0.1,2
2025-02-21 13:30:00,793.6,39.93463150000014,0.101,2
2025-02-21 14:00:00,793.63,39.985025500000006,0.099,2
2025-02-21 14:30:00,793.61,39.98847860000012,0.098,2
2025-02-21 15:00:00,793.71,40.02321780000011,0.099,2
2025-02-21 15:30:00,793.71,40.02219810000008,0.097,2
2025-02-21 16:00:00,793.74,40.05525720000003,0.097,2
2025-02-21 16:30:00,793.75,40.098907300000064,0.098,2
2025-02-21 17:00:00,793.79,40.10219810000001,0.099,2
2025-02-21 17:30:00,793.91,40.109011399999986,0.094,2
2025-02-21 18:00:00,793.93,40.12901139999997,0.096,2
2025-02-21 18:30:00,793.97,40.17716900000005,0.096,2
2025-02-21 19:00:00,794.21,40.287667100000135,0.095,2
2025-02-21 19:30:00,794.2,40.271548900000084,0.095,2
2025-02-21 20:00:00,794.17,40.33740069999999,0.095,2
2025-02-21 20:30:00,794.26,40.43045980000011,0.095,2
2025-02-21 21:00:00,794.39,40.52680970000006,0.094,2
2025-02-21 21:30:00,794.47,40.665952300000185,0.094,2
2025-02-21 22:00:00,794.67,40.78743540000005,0.092,2
2025-02-21 22:30:00,794.63,40.72500200000013,0.093,2
2025-02-21 23:00:00,794.96,40.83066800000006,0.092,2
2025-02-21 23:30:00,795.12,40.82241750000014,0.091,2
2025-02-22 00:00:00,795.23,40.78456100000017,0.089,2
2025-02-22 00:30:00,795.36,40.760586300000114,0.091,2
2025-02-22 01:00:00,795.38,40.74285740000016,0.089,2
2025-02-22 01:30:00,795.49,40.79779360000009,0.089,2
2025-02-22 02:00:00,795.57,40.80641460000015,0.09,2
2025-02-22 02:30:00,795.73,40.821617200000105,0.088,2
2025-02-22 03:00:00,796.2,40.86946140000009,0.088,2
2025-02-22 03:30:00,796.39,40.86979720000011,0.088,2
2025-02-22 04:00:00,796.39,40.88101389999997,0.089,2
2025-02-22 04:30:00,796.44,40.9330533000001,0.086,2
2025-02-22 05:00:00,796.31,40.98252050000008,0.086,2
2025-02-22 05:30:00,796.5,41.007329100000106,0.085,2
2025-02-22 06:00:00,796.73,41.049704300000144,0.086,2
2025-02-22 06:30:00,796.82,41.04691160000016,0.084,2
2025-02-22 07:00:00,797.2,41.11590310000008,0.085,2
2025-02-22 07:30:00,797.55,41.133480899999995,0.084,2
2025-02-22 08:00:00,797.75,41.15605310000012,0.083,2
2025-02-22 08:30:00,797.63,41.173712600000044,0.082,2
2025-02-22 09:00:00,798.1,41.20422190000011,0.082,2
2025-02-22 09:30:00,798.29,41.266759399999955,0.083,2
2025-02-22 10:00:00,798.18,41.267906700000026,0.081,2
2025-02-22 10:30:00,798.26,41.31425660000002,0.081,2
2025-02-22 11:00:00,798.12,41.311916100000076,0.079,2
2025-02-22 11:30:00,798.04,41.33286640000006,0.08,2
2025-02-22 12:00:00,798.2,41.416388900000015,0.079,2
2025-02-22 12:30:00,797.53,41.42143030000011,0.08,2
2025-02-22 13:00:00,797.14,41.41177840000012,0.079,2
2025-02-22 13:30:00,797.91,41.39049120000004,0.078,2
2025-02-22 14:00:00,798.28,41.381162800000084,0.077,2
2025-02-22 14:30:00,798.79,41.45677060000003,0.076,2
2025-02-22 15:00:00,799.2,41.44461480000007,0.076,2
2025-02-22 15:30:00,799.21,41.4484966,0.077,2
2025-02-22 16:00:00,799.3,41.485472200000004,0.076,2
2025-02-22 16:30:00,799.56,41.40285300000005,0.075,2
2025-02-22 17:00:00,799.55,41.349005900000066,0.074,2
2025-02-22 17:30:00,799.46,41.380350200000066,0.073,2
2025-02-22 18:00:00,799.37,41.331138200000055,0.075,2
2025-02-22 18:30:00,799.6,41.3582179,0.073,2
2025-02-22 19:00:00,799.92,41.38148519999993,0.074,2
2025-02-22 19:30:00,799.97,41.341751600000066,0.073,2
2025-02-22 20:00:00,799.88,41.38737170000013,0.072,2
2025-02-22 20:30:00,799.52,41.316966500000035,0.074,2
2025-02-22 21:00:00,799.19,41.26024610000013,0.073,2
2025-02-22 21:30:00,799.05,41.27116169999999,0.074,2
2025-02-22 22:00:00,799.02,41.28194970000004,0.071,2
2025-02-22 22:30:00,798.88,41.232703000000015,0.074,2
2025-02-22 23:00:00,798.8,41.22612140000001,0.074,2
2025-02-22 23:30:00,798.76,41.313583900000026,0.072,2
2025-02-23 00:00:00,799.28,41.61128930000007,0.075,2
2025-02-23 00:30:00,799.44,41.819215200000144,0.074,2
2025-02-23 01:00:00,799.59,41.88763920000008,0.073,2
2025-02-23 01:30:00,799.68,41.528971200000115,0.075,2
2025-02-23 02:00:00,799.91,41.20425440000008,0.074,2
2025-02-23 02:30:00,799.81,40.992087399999946,0.073,2
2025-02-23 03:00:00,799.87,40.842029199999956,0.073,2
2025-02-23 03:30:00,800.0,40.678355600000145,0.074,2
2025-02-23 04:00:00,800.53,40.57818099999997,0.074,2
2025-02-23 04:30:00,800.37,40.36413689999995,0.073,2
2025-02-23 05:00:00,800.51,40.1859905,0.075,2
2025-02-23 05:30:00,800.44,40.149640600000225,0.074,2
2025-02-23 06:00:00,800.32,39.863429500000166,0.075,2
2025-02-23 06:30:00,800.16,39.669779399999925,0.075,2
2025-02-23 07:00:00,799.75,39.43924660000005,0.077,2
2025-02-23 07:30:00,799.56,39.23599049999996,0.077,2
2025-02-23 08:00:00,799.35,38.9882616000001,0.079,2
2025-02-23 08:30:00,799.0,38.67599050000001,0.078,2
2025-02-23 09:00:00,798.74,38.44148299999995,0.08,2
2025-02-23 09:30:00,798.05,38.14712660000009,0.079,2
2025-02-23 10:00:00,797.68,37.82811159999994,0.082,2
2025-02-23 10:30:00,797.11,37.622144500000104,0.082,2
2025-02-23 11:00:00,796.76,37.41490250000004,0.084,2
2025-02-23 11:30:00,796.34,37.17436970000006,0.084,2
2025-02-23 12:00:00,795.98,36.95100950000017,0.087,2
2025-02-23 12:30:00,795.63,36.747846300000106,0.087,2
2025-02-23 13:00:00,795.79,36.61519240000007,0.088,2
2025-02-23 13:30:00,795.66,36.41993160000004,0.09,2
2025-02-23 14:00:00,795.68,36.29921300000001,0.09,2
2025-02-23 14:30:00,795.56,36.15372049999996,0.09,2
2025-02-23 15:00:00,795.65,36.05711540000004,0.093,2
2025-02-23 15:30:00,795.64,35.938007500000026,0.093,2
2025-02-23 16:00:00,795.69,35.800382700000114,0.096,2
2025-02-23 16:30:00,795.72,35.71413689999997,0.096,2
2025-02-23 17:00:00,795.68,35.649664099999995,0.097,2
2025-02-23 17:30:00,795.67,35.602954899999986,0.097,2
2025-02-23 18:00:00,795.63,35.52726540000015,0.095,2
2025-02-23 18:30:00,795.79,35.409906999999976,0.098,2
2025-02-23 19:00:00,796.02,35.390080499999954,0.098,2
2025-02-23 19:30:00,795.76,35.3238235,0.096,2
2025-02-23 20:00:00,795.32,35.30393990000016,0.098,2
2025-02-23 20:30:00,795.19,35.354426800000056,0.1,2
2025-02-23 21:00:00,794.99,35.28698780000002,0.101,2
2025-02-23 21:30:00,794.43,35.234798400000045,0.101,2
2025-02-23 22:00:00,794.12,35.19909770000004,0.102,2
2025-02-23 22:30:00,794.11,35.23192510000001,0.1,2
2025-02-23 23:00:00,793.93,35.1895846000001,0.104,2
2025-02-23 23:30:00,793.9,35.26869250000016,0.101,2
2025-02-24 00:00:00,794.12,35.347973900000056,0.104,2
2025-02-24 00:30:00,794.08,35.3477422000002,0.103,2
2025-02-24 01:00:00,793.98,35.341554599999995,0.106,2
2025-02-24 01:30:00,793.74,35.2738839000001,0.104,2
2025-02-24 02:00:00,793.76,35.24493830000006,0.106,2
2025-02-24 02:30:00,793.95,35.21264370000017,0.105,2
2025-02-24 03:00:00,794.13,35.17850670000007,0.105,2
2025-02-24 03:30:00,794.29,35.14986220000003,0.107,2
2025-02-24 04:00:00,794.15,35.140383799999995,0.105,2
2025-02-24 04:30:00,794.21,35.05048790000012,0.108,2
2025-02-24 05:00:00,794.24,34.982596700000045,0.107,2
2025-02-24 05:30:00,794.25,34.93549350000001,0.107,2
2025-02-24 06:00:00,794.15,34.94358169999998,0.11,2
2025-02-24 06:30:00,793.91,34.901403500000015,0.107,2
2025-02-24 07:00:00,793.79,34.84258550000004,0.109,2
2025-02-24 07:30:00,793.66,34.8186343000001,0.109,2
2025-02-24 08:00:00,793.53,34.743698100000074,0.111,2
2025-02-24 08:30:00,793.51,34.72981630000015,0.112,2
2025-02-24 09:00:00,793.23,34.6874064000001,0.11,2
2025-02-24 09:30:00,793.05,34.65118410000002,0.112,2
2025-02-24 10:00:00,792.87,34.55479950000006,0.113,2
2025-02-24 10:30:00,792.61,34.54462600000011,0.111,2
2025-02-24 11:00:00,792.35,34.51201910000009,0.113,2
2025-02-24 11:30:00,792.18,34.48069829999997,0.113,2
2025-02-24 12:00:00,791.93,34.48052480000001,0.113,2
2025-02-24 12:30:00,791.92,34.39200790000007,0.115,2
2025-02-24 13:00:00,791.82,34.3460520000001,0.112,2
2025-02-24 13:30:00,791.9,34.30164860000002,0.114,2
2025-02-24 14:00:00,791.85,34.2608259000001,0.115,2
2025-02-24 14:30:00,791.92,34.25740750000011,0.115,2
2025-02-24 15:00:00,791.88,34.20619080000006,0.114,2
2025-02-24 15:30:00,792.07,34.1993887000001,0.116,2
2025-02-24 16:00:00,792.09,34.173502200000144,0.116,2
2025-02-24 16:30:00,791.98,34.07267950000016,0.117,2
2025-02-24 17:00:00,792.2,34.01226200000008,0.116,2
2025-02-24 17:30:00,792.73,34.01813620000007,0.118,2
2025-02-24 18:00:00,792.84,34.123037700000054,0.117,2
2025-02-24 18:30:00,792.23,33.93213440000011,0.118,2
2025-02-24 19:00:00,791.99,34.06228550000003,0.117,2
2025-02-24 19:30:00,791.82,34.01159040000016,0.119,2
2025-02-24 20:00:00,791.39,33.931347500000015,0.12,2
2025-02-24 20:30:00,791.01,34.03366559999995,0.12,2
2025-02-24 21:00:00,791.06,34.080606500000044,0.121,2
2025-02-24 21:30:00,790.94,34.14109340000016,0.121,2
2025-02-24 22:00:00,790.26,34.248301800000036,0.124,2
2025-02-24 22:30:00,790.56,34.17815069999995,0.125,2
2025-02-24 23:00:00,790.6,34.255879600000185,0.124,2
2025-02-24 23:30:00,790.7,34.376273600000104,0.123,2
2025-02-25 00:00:00,790.72,34.482948100000044,0.123,0
2025-02-25 00:30:00,790.74,34.63550910000015,0.125,0
2025-02-25 01:00:00,790.86,34.76162729999999,0.124,0
2025-02-25 01:30:00,791.66,35.37094339999999,0.125,0
2025-02-25 02:00:00,792.6,36.045821400000136,0.123,0
2025-02-25 02:30:00,792.77,36.31065350000006,0.125,0
2025-02-25 03:00:00,793.02,36.4984518,0.124,0
2025-02-25 03:30:00,793.06,36.57516099999998,0.121,0
2025-02-25 04:00:00,793.38,36.60454649999997,0.121,0
2025-02-25 04:30:00,793.36,36.44178850000003,0.122,0
2025-02-25 05:00:00,793.3,36.20436070000005,0.122,0
2025-02-25 05:30:00,793.14,36.11675939999998,0.122,0
2025-02-25 06:00:00,792.77,35.960896400000024,0.123,0
2025-02-25 06:30:00,792.66,35.808069000000046,0.124,0
2025-02-25 07:00:00,792.73,35.70879880000007,0.123,0
2025-02-25 07:30:00,792.68,35.64452300000005,0.122,0
2025-02-25 08:00:00,792.29,35.37484759999995,0.121,0
2025-02-25 08:30:00,792.1,35.31740860000002,0.122,0
2025-02-25 09:00:00,792.2,35.39497520000009,0.123,0
2025-02-25 09:30:00,792.04,35.289019300000064,0.121,0
2025-02-25 10:00:00,791.96,35.232472400000006,0.123,0
2025-02-25 10:30:00,791.76,35.13546210000004,0.123,0
2025-02-25 11:00:00,791.66,35.12927449999995,0.125,0
2025-02-25 11:30:00,791.48,35.09815070000002,0.125,0
2025-02-25 12:00:00,791.2,35.0404453000001,0.126,0
2025-02-25 12:30:00,790.98,35.01010950000011,0.124,0
2025-02-25 13:00:00,791.03,34.96221830000002,0.126,0
2025-02-25 13:30:00,790.99,34.83350440000015,0.126,0
2025-02-25 14:00:00,790.94,34.82633180000016,0.128,0
2025-02-25 14:30:00,790.95,34.83123330000012,0.125,0
2025-02-25 15:00:00,790.75,34.729124500000125,0.125,0
2025-02-25 15:30:00,790.73,34.72034120000012,0.128,0
2025-02-25 16:00:00,790.61,34.69925210000008,0.127,0
2025-02-25 16:30:00,790.4,34.65750260000004,0.127,0
2025-02-25 17:00:00,790.14,34.64223060000006,0.127,0
2025-02-25 17:30:00,789.87,34.58228880000013,0.13,0
2025-02-25 18:00:00,789.74,34.5552785000001,0.127,0
2025-02-25 18:30:00,789.69,34.55218470000011,0.129,0
2025-02-25 19:00:00,789.67,34.57297270000004,0.129,0
2025-02-25 19:30:00,789.44,34.57648400000005,0.129,0
2025-02-25 20:00:00,789.29,34.58045870000001,0.129,0
2025-02-25 20:30:00,788.9,34.52797940000005,0.13,0
2025-02-25 21:00:00,788.6,34.503298400000176,0.131,0
2025-02-25 21:30:00,788.36,34.56410990000006,0.131,0
2025-02-25 22:00:00,788.15,34.61005460000001,0.133,0
2025-02-25 22:30:00,788.14,34.62758650000001,0.133,0
2025-02-25 23:00:00,788.07,34.72073850000015,0.134,0
2025-02-25 23:30:00,788.07,34.718699100000094,0.133,0
2025-02-26 00:00:00,788.06,34.78007810000008,0.133,0
2025-02-26 00:30:00,787.93,34.78365880000001,0.135,0
2025-02-26 01:00:00,787.98,34.820402700000045,0.134,0
2025-02-26 01:30:00,788.17,34.823797600000034,0.132,0
2025-02-26 02:00:00,788.25,34.88034449999998,0.134,0
2025-02-26 02:30:00,788.45,34.88762120000001,0.134,0
2025-02-26 03:00:00,788.82,34.82322900000008,0.134,0
2025-02-26 03:30:00,788.78,34.763854700000024,0.135,0
2025-02-26 04:00:00,788.99,34.71383120000007,0.135,0
2025-02-26 04:30:00,789.05,34.64127020000001,0.136,0
2025-02-26 05:00:00,789.16,34.606472800000006,0.133,0
2025-02-26 05:30:00,789.21,34.53614820000007,0.134,0
2025-02-26 06:00:00,789.31,34.50562660000003,0.135,0
2025-02-26 06:30:00,789.38,34.469577800000025,0.135,0
2025-02-26 07:00:00,789.3,34.429346099999975,0.135,0
2025-02-26 07:30:00,789.24,34.42644930000006,0.134,0
2025-02-26 08:00:00,789.06,34.338222299999984,0.137,0
2025-02-26 08:30:00,789.21,34.35974010000007,0.135,0
2025-02-26 09:00:00,789.2,34.2905975000001,0.136,0
2025-02-26 09:30:00,789.07,34.2564493000001,0.137,0
2025-02-26 10:00:00,788.95,34.18947370000012,0.137,0
2025-02-26 10:30:00,788.84,34.19571950000011,0.139,0
2025-02-26 11:00:00,788.66,34.13910320000002,0.135,0
2025-02-26 11:30:00,788.48,34.114097600000036,0.138,0
2025-02-26 12:00:00,788.28,34.09356479999997,0.138,0
2025-02-26 12:30:00,788.27,34.09274210000001,0.137,0
2025-02-26 13:00:00,788.23,34.03030869999998,0.138,0
2025-02-26 13:30:00,788.41,34.015546000000086,0.139,0
2025-02-26 14:00:00,788.48,33.97031990000005,0.137,0
2025-02-26 14:30:00,788.7,33.91704030000017,0.138,0
2025-02-26 15:00:00,788.96,33.94760780000013,0.138,0
2025-02-26 15:30:00,789.22,33.90475690000005,0.141,0
2025-02-26 16:00:00,789.28,33.916831,0.14,0
2025-02-26 16:30:00,789.34,33.945220300000074,0.139,0
2025-02-26 17:00:00,789.38,33.99235820000001,0.14,0
2025-02-26 17:30:00,789.32,33.8497625,0.139,0
2025-02-26 18:00:00,789.25,33.77466400000014,0.14,0
2025-02-26 18:30:00,789.31,33.814269999999965,0.142,0
2025-02-26 19:00:00,789.49,33.88618180000003,0.141,0
2025-02-26 19:30:00,789.48,33.917989499999976,0.142,0
2025-02-26 20:00:00,789.32,33.90992480000011,0.144,0
2025-02-26 20:30:00,789.3,33.911338500000056,0.143,0
2025-02-26 21:00:00,789.3,34.00413119999996,0.147,0
2025-02-26 21:30:00,789.23,34.09014530000013,0.146,0
2025-02-26 22:00:00,789.39,34.20527850000008,0.148,0
2025-02-26 22:30:00,789.35,34.28458340000009,0.149,0
2025-02-26 23:00:00,789.49,34.34096800000009,0.149,0
2025-02-26 23:30:00,789.68,34.475904199999945,0.15,0
2025-02-27 00:00:00,789.89,34.55844170000012,0.149,0
2025-02-27 00:30:00,790.13,34.65670340000008,0.15,0
2025-02-27 01:00:00,790.54,34.72510390000002,0.148,0
2025-02-27 01:30:00,790.92,34.82264699999996,0.149,0
2025-02-27 02:00:00,791.41,34.950653500000044,0.147,0
2025-02-27 02:30:00,791.84,34.980931100000134,0.148,0
2025-02-27 03:00:00,791.97,34.935542700000155,0.147,0
2025-02-27 03:30:00,792.05,34.890119599999935,0.147,0
2025-02-27 04:00:00,792.31,34.97065240000006,0.146,0
2025-02-27 04:30:00,792.42,34.86855479999997,0.147,0
2025-02-27 05:00:00,792.51,34.7260632,0.146,0
2025-02-27 05:30:00,792.55,34.71609790000002,0.146,0
2025-02-27 06:00:00,792.34,34.66823020000015,0.146,0
2025-02-27 06:30:00,792.18,34.672401899999954,0.146,0
2025-02-27 07:00:00,791.99,34.53644600000007,0.148,0
2025-02-27 07:30:00,791.87,34.44499760000008,0.146,0
2025-02-27 08:00:00,791.79,34.33746570000005,0.147,0
2025-02-27 08:30:00,791.8,34.29444130000002,0.148,0
2025-02-27 09:00:00,791.66,34.26762800000006,0.148,0
2025-02-27 09:30:00,791.52,34.30097699999999,0.149,0
2025-02-27 10:00:00,791.26,34.206168400000024,0.147,0
2025-02-27 10:30:00,791.32,34.19886820000022,0.149,0
2025-02-27 11:00:00,791.16,34.156133700000055,0.149,0
2025-02-27 11:30:00,791.0,34.14195080000002,0.151,0
2025-02-27 12:00:00,791.0,34.14195080000002,0.149,0
2025-02-27 12:30:00,791.17,34.16919280000002,0.151,0
2025-02-27 13:00:00,791.4,34.26153330000011,0.151,0
2025-02-27 13:30:00,791.51,34.3185089000001,0.151,0
2025-02-27 14:00:00,791.54,34.30160269999999,0.149,0
2025-02-27 14:30:00,791.83,34.39887940000017,0.149,0
2025-02-27 15:00:00,792.03,34.519342800000004,0.148,0
2025-02-27 15:30:00,792.2,34.542506,0.149,0
2025-02-27 16:00:00,792.12,34.49105760000009,0.148,0
2025-02-27 16:30:00,791.91,34.37283060000004,0.149,0
2025-02-27 17:00:00,791.86,34.318751800000086,0.149,0
2025-02-27 17:30:00,791.71,34.27378090000013,0.151,0
2025-02-27 18:00:00,791.55,34.275913200000105,0.15,0
2025-02-27 18:30:00,791.53,34.29874060000009,0.149,0
2025-02-27 19:00:00,791.54,34.31485879999991,0.15,0
2025-02-27 19:30:00,791.45,34.3849517000001,0.151,0
2025-02-27 20:00:00,791.18,34.36681759999999,0.15,0
2025-02-27 20:30:00,791.04,34.34612250000009,0.153,0
2025-02-27 21:00:00,790.69,34.26124450000009,0.153,0
2025-02-27 21:30:00,790.59,34.37742090000006,0.155,0
2025-02-27 22:00:00,790.48,34.36225300000012,0.156,0
2025-02-27 22:30:00,790.4,34.51678400000003,0.157,0
2025-02-27 23:00:00,790.38,34.70072400000004,0.158,0
2025-02-27 23:30:00,790.47,34.63267050000002,0.157,0
2025-02-28 00:00:00,790.38,34.7068422000001,0.158,0
2025-02-28 00:30:00,790.44,34.86779250000018,0.158,0
2025-02-28 01:00:00,790.49,35.01466400000015,0.157,0
2025-02-28 01:30:00,790.47,35.04870810000011,0.159,0
2025-02-28 02:00:00,790.48,35.079102100000114,0.158,0
2025-02-28 02:30:00,790.68,35.11900919999994,0.159,0
2025-02-28 03:00:00,790.74,35.144339400000035,0.156,0
2025-02-28 03:30:00,790.71,35.15512740000008,0.156,0
2025-02-28 04:00:00,790.57,35.19459460000019,0.158,0
2025-02-28 04:30:00,790.72,35.20591539999998,0.156,0
2025-02-28 05:00:00,790.64,35.22482630000013,0.157,0
2025-02-28 05:30:00,790.62,35.18239290000008,0.157,0
2025-02-28 06:00:00,790.55,35.180712799999924,0.158,0
2025-02-28 06:30:00,790.32,35.106726900000126,0.155,0
2025-02-28 07:00:00,790.08,35.1461247000002,0.156,0
2025-02-28 07:30:00,789.86,35.06276450000007,0.156,0
2025-02-28 08:00:00,789.65,34.96187240000006,0.157,0
2025-02-28 08:30:00,789.59,35.18942780000009,0.156,0
2025-02-28 09:00:00,789.5,35.19527960000005,0.157,0
2025-02-28 09:30:00,789.19,35.056589200000076,0.157,0
2025-02-28 10:00:00,788.83,34.985164300000065,0.156,0
2025-02-28 10:30:00,788.4,34.91409870000007,0.156,0
2025-02-28 11:00:00,788.25,34.91807340000014,0.156,0
2025-02-28 11:30:00,788.07,35.01645150000013,0.157,0
2025-02-28 12:00:00,787.79,34.93223390000003,0.156,0
2025-02-28 12:30:00,787.81,34.95121419999998,0.155,0
2025-02-28 13:00:00,787.76,34.926706699999954,0.156,0
2025-02-28 13:30:00,787.92,35.061214199999995,0.158,0
2025-02-28 14:00:00,787.85,35.11357820000012,0.157,0
2025-02-28 14:30:00,787.84,35.181075400000054,0.157,0
2025-02-28 15:00:00,788.01,35.269499400000086,0.157,0
2025-02-28 15:30:00,788.11,35.300159800000074,0.157,0
2025-02-28 16:00:00,788.32,35.32865320000019,0.156,0
2025-02-28 16:30:00,788.33,35.2071119000002,0.156,0
2025-02-28 17:00:00,788.52,35.27474790000008,0.157,0
2025-02-28 17:30:00,788.55,35.181364200000075,0.157,0
2025-02-28 18:00:00,788.57,35.19626570000014,0.157,0
2025-02-28 18:30:00,788.68,35.236926100000005,0.154,0
2025-02-28 19:00:00,788.72,35.29222160000006,0.157,0
2025-02-28 19:30:00,788.32,35.17059970000014,0.158,0
2025-02-28 20:00:00,788.12,35.26427330000001,0.157,0
2025-02-28 20:30:00,787.87,35.288572600000066,0.158,0
2025-02-28 21:00:00,787.44,35.25931470000012,0.16,0
2025-02-28 21:30:00,787.42,35.34842260000005,0.162,0
2025-02-28 22:00:00,787.21,35.393347600000084,0.163,0
2025-02-28 22:30:00,787.2,35.434332600000175,0.164,0
2025-02-28 23:00:00,787.3,35.473150600000054,0.165,0
2025-02-28 23:30:00,787.46,35.648446100000115,0.165,0
2025-03-01 00:00:00,787.63,35.7878551,0.163,0
2025-03-01 00:30:00,787.63,35.86025380000012,0.164,0
2025-03-01 01:00:00,787.53,35.81837669999993,0.165,0
2025-03-01 01:30:00,787.62,35.91959340000005,0.163,0
2025-03-01 02:00:00,787.87,35.94729880000011,0.163,0
2025-03-01 02:30:00,788.08,36.03595450000023,0.161,0
2025-03-01 03:00:00,787.97,36.011609300000146,0.161,0
2025-03-01 03:30:00,788.11,36.077171200000066,0.16,0
2025-03-01 04:00:00,787.97,36.041180600000075,0.16,0
2025-03-01 04:30:00,787.78,35.9541703000001,0.16,0
2025-03-01 05:00:00,787.69,35.95492360000014,0.162,0
2025-03-01 05:30:00,787.43,35.85093770000003,0.16,0
2025-03-01 06:00:00,787.42,35.81034669999997,0.161,0
2025-03-01 06:30:00,787.48,35.919292300000166,0.16,0
2025-03-01 07:00:00,787.53,35.90709060000006,0.161,0
2025-03-01 07:30:00,787.26,35.66156339999998,0.162,0
2025-03-01 08:00:00,787.13,35.60702120000008,0.16,0
2025-03-01 08:30:00,787.27,35.54614030000005,0.161,0
2025-03-01 09:00:00,787.36,35.57393860000002,0.163,0
2025-03-01 09:30:00,787.28,35.623440500000015,0.162,0
2025-03-01 10:00:00,787.15,35.57399680000003,0.162,0
2025-03-01 10:30:00,786.92,35.55507469999998,0.161,0
2025-03-01 11:00:00,786.57,35.46407850000014,0.163,0
2025-03-01 11:30:00,786.34,35.36765920000005,0.162,0
2025-03-01 12:00:00,786.29,35.275851500000044,0.161,0
2025-03-01 12:30:00,786.16,35.1601273,0.163,0
2025-03-01 13:00:00,786.12,35.20476240000005,0.163,0
2025-03-01 13:30:00,786.11,35.1682502000001,0.164,0
2025-03-01 14:00:00,785.88,35.159525099999996,0.163,0
2025-03-01 14:30:00,785.73,35.11047540000004,0.164,0
2025-03-01 15:00:00,785.69,35.150012000000174,0.164,0
2025-03-01 15:30:00,785.7,35.23954860000015,0.165,0
2025-03-01 16:00:00,785.47,35.19207490000008,0.164,0
2025-03-01 16:30:00,785.28,35.033685600000126,0.165,0
2025-03-01 17:00:00,785.2,34.944508300000166,0.166,0
2025-03-01 17:30:00,785.16,34.9493751,0.165,0
2025-03-01 18:00:00,784.92,34.88782260000005,0.167,0
2025-03-01 18:30:00,784.81,34.90222600000004,0.165,0
2025-03-01 19:00:00,784.63,34.94248120000009,0.165,0
2025-03-01 19:30:00,784.58,34.96080110000014,0.168,0
2025-03-01 20:00:00,784.29,34.960395900000094,0.171,0
2025-03-01 20:30:00,783.88,35.095935400000144,0.171,0
2025-03-01 21:00:00,783.47,34.97349080000015,0.172,0
2025-03-01 21:30:00,783.36,34.98789420000003,0.178,0
2025-03-01 22:00:00,783.38,35.119041500000094,0.176,0
2025-03-01 22:30:00,783.47,35.32732670000007,0.18,0
2025-03-01 23:00:00,783.51,35.41525260000003,0.18,0
2025-03-01 23:30:00,783.61,35.61314379999999,0.177,0
2025-03-02 00:00:00,784.16,35.81848519999994,0.178,0
2025-03-02 00:30:00,784.86,35.87505450000015,0.178,0
2025-03-02 01:00:00,785.16,36.06900570000005,0.178,0
2025-03-02 01:30:00,785.46,36.20789310000009,0.178,0
2025-03-02 02:00:00,785.57,36.277105100000085,0.176,0
2025-03-02 02:30:00,785.5,36.31621300000006,0.174,0
2025-03-02 03:00:00,785.21,36.400442900000144,0.173,0
2025-03-02 03:30:00,784.81,36.400165300000026,0.173,0
2025-03-02 04:00:00,785.2,36.43734910000012,0.173,0
2025-03-02 04:30:00,785.26,36.41475340000011,0.172,0
2025-03-02 05:00:00,785.08,36.41727970000011,0.172,0
2025-03-02 05:30:00,784.86,36.444047100000034,0.17,0
2025-03-02 06:00:00,784.59,36.2923323,0.17,0
2025-03-02 06:30:00,783.9,36.32427990000008,0.173,0
2025-03-02 07:00:00,783.66,36.17911200000003,0.171,0
2025-03-02 07:30:00,783.16,36.13185879999992,0.173,0
2025-03-02 08:00:00,782.64,36.06460560000005,0.172,0
2025-03-02 08:30:00,782.54,36.067595299999994,0.169,0
2025-03-02 09:00:00,782.05,36.13945000000001,0.171,0
2025-03-02 09:30:00,781.93,36.111222999999995,0.17,0
2025-03-02 10:00:00,781.71,36.05437500000005,0.17,0
2025-03-02 10:30:00,781.14,36.026855400000045,0.169,0
2025-03-02 11:00:00,780.73,35.876878900000065,0.171,0
2025-03-02 11:30:00,780.29,35.8131482,0.173,0
2025-03-02 12:00:00,779.82,35.77142220000019,0.171,0
2025-03-02 12:30:00,779.28,35.80653300000006,0.171,0
2025-03-02 13:00:00,778.68,35.8142742,0.171,0
2025-03-02 13:30:00,778.73,35.73681170000009,0.171,0
2025-03-02 14:00:00,779.42,35.80173560000003,0.169,0
2025-03-02 14:30:00,779.63,35.82003200000008,0.172,0
2025-03-02 15:00:00,779.79,35.84747100000004,0.17,0
2025-03-02 15:30:00,780.06,35.865605099999925,0.17,0
2025-03-02 16:00:00,780.24,35.88755160000005,0.17,0
2025-03-02 16:30:00,780.44,35.94887240000003,0.171,0
2025-03-02 17:00:00,780.6,35.958976500000176,0.171,0
2025-03-02 17:30:00,780.38,35.80219790000001,0.17,0
2025-03-02 18:00:00,780.33,35.772591900000066,0.169,0
2025-03-02 18:30:00,780.21,35.66074950000018,0.172,0
2025-03-02 19:00:00,780.25,35.70278890000009,0.172,0
2025-03-02 19:30:00,780.03,35.59903469999995,0.173,0
2025-03-02 20:00:00,779.94,35.60998500000005,0.172,0
2025-03-02 20:30:00,779.78,35.43570920000013,0.173,0
2025-03-02 21:00:00,779.89,35.5722214000001,0.173,0
2025-03-02 21:30:00,779.64,35.528200800000036,0.173,0
2025-03-02 22:00:00,779.5,35.358629500000006,0.172,0
2025-03-02 22:30:00,779.26,35.288919400000054,0.172,0
2025-03-02 23:00:00,779.07,35.27838660000009,0.173,0
2025-03-02 23:30:00,779.07,35.24167740000007,0.173,0
2025-03-03 00:00:00,778.95,35.19815490000008,0.173,0
2025-03-03 00:30:00,778.87,35.15282470000011,0.172,0
2025-03-03 01:00:00,778.74,35.13601140000003,0.173,0
2025-03-03 01:30:00,778.81,35.21009019999997,0.172,0
2025-03-03 02:00:00,778.98,35.25976560000015,0.174,0
2025-03-03 02:30:00,779.03,35.23226839999995,0.172,0
2025-03-03 03:00:00,778.95,35.122697100000096,0.171,0
2025-03-03 03:30:00,778.87,35.06615020000015,0.174,0
2025-03-03 04:00:00,778.87,35.00292880000006,0.173,0
2025-03-03 04:30:00,778.86,34.95316049999997,0.173,0
2025-03-03 05:00:00,778.8,34.861549800000034,0.173,0
2025-03-03 05:30:00,778.84,34.83628900000019,0.171,0
2025-03-03 06:00:00,778.86,34.87668300000007,0.173,0
2025-03-03 06:30:00,778.69,34.76786500000014,0.175,0
2025-03-03 07:00:00,778.48,34.68736690000003,0.174,0
2025-03-03 07:30:00,778.32,34.68745980000017,0.174,0
2025-03-03 08:00:00,778.26,34.58769150000012,0.174,0
2025-03-03 08:30:00,778.47,34.71713520000003,0.174,0
2025-03-03 09:00:00,778.7,34.86351980000006,0.175,0
2025-03-03 09:30:00,778.65,34.869603299999994,0.175,0
2025-03-03 10:00:00,778.42,34.670194299999935,0.175,0
2025-03-03 10:30:00,778.36,34.5979579000001,0.176,0
2025-03-03 11:00:00,778.35,34.557366900000034,0.174,0
2025-03-03 11:30:00,778.34,34.54226840000001,0.176,0
2025-03-03 12:00:00,778.56,34.53793440000004,0.174,0
2025-03-03 12:30:00,778.65,34.507609799999955,0.175,0
2025-03-03 13:00:00,778.95,34.691364000000135,0.176,0
2025-03-03 13:30:00,779.04,34.757910899999956,0.174,0
2025-03-03 14:00:00,779.26,34.7301238,0.177,0
2025-03-03 14:30:00,779.57,34.75052900000003,0.175,0
2025-03-03 15:00:00,780.2,34.72282250000012,0.176,0
2025-03-03 15:30:00,780.31,34.59829150000007,0.174,0
2025-03-03 16:00:00,780.35,34.55059730000005,0.173,0
2025-03-03 16:30:00,780.61,34.43840680000005,0.174,0
2025-03-03 17:00:00,780.69,34.456205100000034,0.174,0
2025-03-03 17:30:00,780.89,34.423713500000076,0.176,0
2025-03-03 18:00:00,780.89,34.40841799999998,0.176,0
2025-03-03 18:30:00,780.85,34.36841800000002,0.176,0
2025-03-03 19:00:00,780.97,34.37115250000011,0.177,0
2025-03-03 19:30:00,781.19,34.45553240000004,0.177,0
2025-03-03 20:00:00,781.47,34.47754830000008,0.178,0
2025-03-03 20:30:00,781.85,34.55673680000007,0.178,0
2025-03-03 21:00:00,781.83,34.49594880000018,0.181,0
2025-03-03 21:30:00,781.82,34.49002760000019,0.182,0
2025-03-03 22:00:00,782.15,34.691545399999995,0.183,0
2025-03-03 22:30:00,782.52,34.90349190000006,0.185,0
2025-03-03 23:00:00,782.83,34.958566900000164,0.183,0
2025-03-03 23:30:00,783.06,34.96627230000013,0.185,0
2025-03-04 00:00:00,783.35,34.9636184000002,0.184,0
2025-03-04 00:30:00,783.89,34.958078900000146,0.185,0
2025-03-04 01:00:00,783.92,35.02478810000002,0.183,0
2025-03-04 01:30:00,784.3,35.19065109999997,0.181,0
2025-03-04 02:00:00,784.35,35.10809010000014,0.179,0
2025-03-04 02:30:00,784.62,35.07421950000003,0.18,0
2025-03-04 03:00:00,784.55,34.98892400000011,0.18,0
2025-03-04 03:30:00,784.72,34.984555300000125,0.18,0
2025-03-04 04:00:00,784.89,35.0107776000001,0.181,0
2025-03-04 04:30:00,785.18,34.9540796,0.179,0
2025-03-04 05:00:00,785.36,34.833268100000055,0.18,0
2025-03-04 05:30:00,785.69,34.77782150000007,0.18,0
2025-03-04 06:00:00,785.95,34.722734200000104,0.18,0
2025-03-04 06:30:00,785.99,34.72602500000005,0.182,0
2025-03-04 07:00:00,786.19,34.72310470000002,0.18,0
2025-03-04 07:30:00,786.18,34.742676000000074,0.18,0
2025-03-04 08:00:00,786.29,34.69870130000004,0.179,0
2025-03-04 08:30:00,786.27,34.63179510000009,0.181,0
2025-03-04 09:00:00,786.15,34.49649959999999,0.18,0
2025-03-04 09:30:00,786.11,34.39225850000014,0.18,0
2025-03-04 10:00:00,786.2,34.316047400000116,0.179,0
2025-03-04 10:30:00,785.96,34.2320615000001,0.178,0
2025-03-04 11:00:00,786.11,34.22094890000005,0.179,0
2025-03-04 11:30:00,785.99,34.21821440000008,0.18,0
2025-03-04 12:00:00,786.03,34.30002210000009,0.181,0
2025-03-04 12:30:00,785.91,34.311563399999955,0.178,0
2025-03-04 13:00:00,786.01,34.31367220000004,0.18,0
2025-03-04 13:30:00,786.02,34.111574599999926,0.18,0
2025-03-04 14:00:00,786.35,34.123428200000035,0.182,0
2025-03-04 14:30:00,786.31,34.100763099999995,0.179,0
2025-03-04 15:00:00,786.62,34.086498500000175,0.181,0
2025-03-04 15:30:00,786.53,34.03932590000011,0.18,0
2025-03-04 16:00:00,786.44,33.97481840000012,0.181,0
2025-03-04 16:30:00,786.3,33.93678840000007,0.179,0
2025-03-04 17:00:00,786.89,34.05364760000009,0.179,0
2025-03-04 17:30:00,786.92,34.15094780000004,0.181,0
2025-03-04 18:00:00,786.95,34.11262790000012,0.181,0
2025-03-04 18:30:00,787.2,34.04652090000013,0.179,0
2025-03-04 19:00:00,787.17,34.16743650000001,0.179,0
2025-03-04 19:30:00,787.21,34.0351072000002,0.179,0
2025-03-04 20:00:00,787.11,34.0646091000001,0.181,0
2025-03-04 20:30:00,786.87,34.08463259999996,0.181,0
2025-03-04 21:00:00,786.42,33.95583810000005,0.18,0
2025-03-04 21:30:00,786.28,33.99326589999998,0.181,0
2025-03-04 22:00:00,785.82,33.846313800000075,0.181,0
2025-03-04 22:30:00,785.75,33.8996975,0.181,0
2025-03-04 23:00:00,785.56,33.91261780000002,0.181,0
2025-03-04 23:30:00,785.65,33.8761750000001,0.183,0
2025-03-05 00:00:00,785.38,33.852942400000074,0.183,0
2025-03-05 00:30:00,785.32,33.860242600000106,0.184,0
2025-03-05 01:00:00,785.51,33.793278200000145,0.184,0
2025-03-05 01:30:00,785.18,33.84362629999998,0.184,0
2025-03-05 02:00:00,784.68,33.87896880000005,0.184,0
2025-03-05 02:30:00,784.82,33.88130930000011,0.184,0
2025-03-05 03:00:00,785.12,33.82747340000003,0.185,0
2025-03-05 03:30:00,785.0,33.826778300000115,0.184,0
2025-03-05 04:00:00,784.91,33.82039370000007,0.184,0
2025-03-05 04:30:00,784.99,33.84736930000008,0.183,0
2025-03-05 05:00:00,785.0,33.916511900000046,0.182,0
2025-03-05 05:30:00,784.66,33.95584030000009,0.184,0
2025-03-05 06:00:00,784.48,33.95326810000006,0.182,0
2025-03-05 06:30:00,784.2,33.92105520000007,0.185,0
2025-03-05 07:00:00,784.26,33.71695290000014,0.182,0
2025-03-05 07:30:00,784.04,33.693755000000124,0.183,0
2025-03-05 08:00:00,784.12,33.700336600000014,0.185,0
2025-03-05 08:30:00,783.82,33.8265712000001,0.182,0
2025-03-05 09:00:00,783.94,33.901704400000085,0.183,0
2025-03-05 09:30:00,783.82,33.93363970000007,0.183,0
2025-03-05 10:00:00,783.26,33.877371500000095,0.182,0
2025-03-05 10:30:00,783.0,33.75095220000003,0.183,0
2025-03-05 11:00:00,782.12,33.61635290000004,0.184,0
2025-03-05 11:30:00,781.82,33.79255280000007,0.185,0
2025-03-05 12:00:00,781.53,33.78297029999999,0.183,0
2025-03-05 12:30:00,781.37,33.874836200000004,0.184,0
2025-03-05 13:00:00,780.96,33.85844040000006,0.183,0
2025-03-05 13:30:00,780.79,33.88320310000006,0.185,0
2025-03-05 14:00:00,780.51,33.71944890000009,0.182,0
2025-03-05 14:30:00,779.9,33.668244500000014,0.183,0
2025-03-05 15:00:00,779.6,33.63846500000011,0.182,0
2025-03-05 15:30:00,779.2,33.63104950000013,0.183,0
2025-03-05 16:00:00,779.0,33.61255610000012,0.184,0
2025-03-05 16:30:00,778.71,33.60603270000013,0.183,0
2025-03-05 17:00:00,778.11,33.62601030000019,0.184,0
2025-03-05 17:30:00,777.6,33.595269300000155,0.185,0
2025-03-05 18:00:00,777.52,33.611121100000105,0.184,0
2025-03-05 18:30:00,777.51,33.8254551,0.185,0
2025-03-05 19:00:00,777.4,33.903079899999966,0.183,0
2025-03-05 19:30:00,777.03,33.863462700000014,0.185,0
2025-03-05 20:00:00,776.51,33.7625594000001,0.185,0
2025-03-05 20:30:00,775.97,33.685503200000085,0.184,0
2025-03-05 21:00:00,775.44,33.57256050000012,0.184,0
2025-03-05 21:30:00,775.13,33.55521440000007,0.185,0
2025-03-05 22:00:00,774.65,33.60035990000006,0.187,0
2025-03-05 22:30:00,774.48,33.66183180000007,0.187,0
2025-03-05 23:00:00,774.21,33.63554010000007,0.186,0
2025-03-05 23:30:00,774.1,33.5235007,0.184,0
2025-03-06 00:00:00,774.03,33.585042000000044,0.185,0
2025-03-06 00:30:00,774.11,33.72520430000009,0.186,0
2025-03-06 01:00:00,773.95,33.82522780000011,0.186,0
2025-03-06 01:30:00,773.88,33.79805520000002,0.184,0
2025-03-06 02:00:00,773.63,33.78258619999997,0.185,0
2025-03-06 02:30:00,773.47,33.78675790000011,0.184,0
2025-03-06 03:00:00,773.29,33.744417399999975,0.185,0
2025-03-06 03:30:00,773.35,33.80747650000012,0.185,0
2025-03-06 04:00:00,773.13,33.81079079999995,0.182,0
2025-03-06 04:30:00,772.97,33.64569230000018,0.185,0
2025-03-06 05:00:00,772.75,33.56845030000011,0.185,0
2025-03-06 05:30:00,772.46,33.58232090000001,0.183,0
2025-03-06 06:00:00,772.26,33.65254140000002,0.183,0
2025-03-06 06:30:00,772.14,33.71608739999999,0.185,0
2025-03-06 07:00:00,772.1,33.819865100000015,0.186,0
2025-03-06 07:30:00,772.16,33.82989980000002,0.185,0
2025-03-06 08:00:00,771.96,33.78591390000008,0.185,0
2025-03-06 08:30:00,771.72,33.671336999999994,0.183,0
2025-03-06 09:00:00,771.51,33.61939050000001,0.185,0
2025-03-06 09:30:00,771.34,33.56869540000014,0.185,0
2025-03-06 10:00:00,771.19,33.63487180000004,0.184,0
2025-03-06 10:30:00,770.86,33.631175800000165,0.183,0
2025-03-06 11:00:00,770.58,33.699913200000196,0.183,0
2025-03-06 11:30:00,770.67,33.74402669999995,0.183,0
2025-03-06 12:00:00,770.58,33.64281000000017,0.184,0
2025-03-06 12:30:00,770.36,33.57168620000016,0.184,0
2025-03-06 13:00:00,770.1,33.56457180000018,0.184,0
2025-03-06 13:30:00,769.83,33.502590600000076,0.185,0
2025-03-06 14:00:00,770.0,33.47068999999999,0.184,0
2025-03-06 14:30:00,770.18,33.552798800000005,0.184,0
2025-03-06 15:00:00,770.42,33.57866180000008,0.183,0
2025-03-06 15:30:00,770.62,33.62672650000013,0.184,0
2025-03-06 16:00:00,770.85,33.56713170000012,0.184,0
2025-03-06 16:30:00,771.13,33.82571800000005,0.184,0
2025-03-06 17:00:00,771.28,33.952264900000046,0.184,0
2025-03-06 17:30:00,771.57,34.05464010000003,0.185,0
2025-03-06 18:00:00,771.69,34.176679500000205,0.183,0
2025-03-06 18:30:00,771.83,34.22898530000009,0.182,0
2025-03-06 19:00:00,771.93,34.35957630000007,0.182,0
2025-03-06 19:30:00,772.09,34.47165040000016,0.182,0
2025-03-06 20:00:00,772.12,34.517965600000025,0.182,0
2025-03-06 20:30:00,772.39,34.48409500000014,0.18,0
2025-03-06 21:00:00,772.3,34.531754500000034,0.181,0
2025-03-06 21:30:00,772.69,34.52713060000019,0.18,0
2025-03-06 22:00:00,772.96,34.55852080000011,0.18,0
2025-03-06 22:30:00,773.22,34.60030500000005,0.18,0
2025-03-06 23:00:00,773.37,34.63201980000008,0.179,0
2025-03-06 23:30:00,773.71,34.64673550000009,0.179,0
2025-03-07 00:00:00,773.97,34.615101300000106,0.177,0
2025-03-07 00:30:00,774.31,34.60024570000007,0.177,0
2025-03-07 01:00:00,774.69,34.66617810000014,0.178,0
2025-03-07 01:30:00,775.0,34.69983940000009,0.179,0
2025-03-07 02:00:00,775.37,34.72008230000006,0.179,0
2025-03-07 02:30:00,775.6,34.706374000000096,0.177,0
2025-03-07 03:00:00,776.07,34.82253810000009,0.176,0
2025-03-07 03:30:00,776.59,34.78374250000002,0.175,0
2025-03-07 04:00:00,776.64,34.73483160000012,0.177,0
2025-03-07 04:30:00,776.54,34.67256050000003,0.176,0
2025-03-07 05:00:00,776.8,34.75615240000002,0.176,0
2025-03-07 05:30:00,777.23,34.73136620000014,0.175,0
2025-03-07 06:00:00,777.49,34.79762320000009,0.175,0
2025-03-07 06:30:00,777.79,34.801910200000066,0.175,0
2025-03-07 07:00:00,778.06,34.818004900000005,0.174,0
2025-03-07 07:30:00,778.26,34.75900109999998,0.176,0
2025-03-07 08:00:00,778.28,34.757587400000034,0.173,0
2025-03-07 08:30:00,778.29,34.74311460000001,0.174,0
2025-03-07 09:00:00,778.51,34.798942900000156,0.173,0
2025-03-07 09:30:00,778.74,34.772998200000075,0.171,0
2025-03-07 10:00:00,778.64,34.70562860000007,0.173,0
2025-03-07 10:30:00,778.83,34.73145690000001,0.171,0
2025-03-07 11:00:00,778.68,34.650796499999956,0.172,0
2025-03-07 11:30:00,778.83,34.76306760000011,0.171,0
2025-03-07 12:00:00,778.76,34.72161920000008,0.171,0
2025-03-07 12:30:00,778.96,34.76254600000016,0.171,0
2025-03-07 13:00:00,779.1,34.79343810000012,0.173,0
2025-03-07 13:30:00,779.19,34.807980300000054,0.17,0
2025-03-07 14:00:00,779.38,34.74101590000009,0.172,0
2025-03-07 14:30:00,779.39,34.66026260000001,0.17,0
2025-03-07 15:00:00,779.81,34.65198859999998,0.17,0
2025-03-07 15:30:00,780.1,34.689103000000046,0.171,0
2025-03-07 16:00:00,779.76,34.62748110000007,0.17,0
2025-03-07 16:30:00,779.89,34.58413210000003,0.169,0
2025-03-07 17:00:00,780.05,34.50654199999997,0.171,0
2025-03-07 17:30:00,780.3,34.60460669999998,0.172,0
2025-03-07 18:00:00,780.22,34.633714600000076,0.17,0
2025-03-07 18:30:00,780.39,34.67319300000008,0.169,0
2025-03-07 19:00:00,780.82,34.645347700000116,0.171,0
2025-03-07 19:30:00,781.2,34.596054000000095,0.17,0
2025-03-07 20:00:00,781.65,34.685080200000016,0.171,0
2025-03-07 20:30:00,782.02,34.96330720000003,0.17,0
2025-03-07 21:00:00,782.3,35.00061860000005,0.168,0
2025-03-07 21:30:00,782.27,34.853353099999936,0.168,0
2025-03-07 22:00:00,782.5,34.616330500000004,0.17,0
2025-03-07 22:30:00,783.05,34.66259869999999,0.171,0
2025-03-07 23:00:00,783.28,34.64685099999997,0.17,0
2025-03-07 23:30:00,783.54,34.5958425,0.168,0
2025-03-08 00:00:00,784.02,34.779109800000015,0.169,0
2025-03-08 00:30:00,784.27,34.65182080000011,0.169,0
2025-03-08 01:00:00,784.42,34.689653799999974,0.168,0
2025-03-08 01:30:00,784.72,34.53690700000004,0.169,0
2025-03-08 02:00:00,785.22,34.64024370000004,0.168,0
2025-03-08 02:30:00,785.54,34.616604800000005,0.168,0
2025-03-08 03:00:00,785.85,34.45550340000011,0.166,0
2025-03-08 03:30:00,786.1,34.436302599999976,0.166,0
2025-03-08 04:00:00,786.11,34.37594330000002,0.169,0
2025-03-08 04:30:00,786.57,34.33527060000006,0.168,0
2025-03-08 05:00:00,786.89,34.34324240000012,0.168,0
2025-03-08 05:30:00,787.18,34.434400900000014,0.169,0
2025-03-08 06:00:00,787.59,34.49362410000015,0.168,0
2025-03-08 06:30:00,787.68,34.55303310000011,0.168,0
2025-03-08 07:00:00,787.54,34.46605749999992,0.168,0
2025-03-08 07:30:00,787.7,34.45066910000014,0.166,0
2025-03-08 08:00:00,787.63,34.3694524,0.166,0
2025-03-08 08:30:00,787.7,34.45066910000014,0.164,0
2025-03-08 09:00:00,787.91,34.57399459999999,0.166,0
2025-03-08 09:30:00,787.86,34.38021690000005,0.167,0
2025-03-08 10:00:00,787.82,34.26679850000005,0.167,0
2025-03-08 10:30:00,787.75,34.255941100000086,0.167,0
2025-03-08 11:00:00,787.78,34.14114370000004,0.165,0
2025-03-08 11:30:00,787.89,34.125720600000136,0.166,0
2025-03-08 12:00:00,787.99,34.08194290000017,0.167,0
2025-03-08 12:30:00,788.22,34.160007600000085,0.165,0
2025-03-08 13:00:00,788.34,34.19027400000016,0.166,0
2025-03-08 13:30:00,788.44,34.175047900000095,0.165,0
2025-03-08 14:00:00,788.46,34.03597470000011,0.165,0
2025-03-08 14:30:00,788.47,33.96541840000009,0.164,0
2025-03-08 15:00:00,788.79,33.985626600000046,0.165,0
2025-03-08 15:30:00,789.03,33.92277569999999,0.164,0
2025-03-08 16:00:00,789.34,33.894235300000105,0.165,0
2025-03-08 16:30:00,789.4,33.84104860000002,0.166,0
2025-03-08 17:00:00,789.49,33.81684220000011,0.165,0
2025-03-08 17:30:00,789.47,33.76931030000003,0.166,0
2025-03-08 18:00:00,789.56,33.76855699999999,0.167,0
2025-03-08 18:30:00,789.7,33.88918269999999,0.165,0
2025-03-08 19:00:00,789.93,34.062079500000095,0.165,0
2025-03-08 19:30:00,789.79,34.04138439999997,0.167,0
2025-03-08 20:00:00,789.53,33.97206829999993,0.168,0
2025-03-08 20:30:00,789.3,33.968441700000085,0.173,0
2025-03-08 21:00:00,789.22,33.92617060000009,0.175,0
2025-03-08 21:30:00,789.3,34.058175300000016,0.177,0
2025-03-08 22:00:00,789.66,34.38758430000007,0.179,0
2025-03-08 22:30:00,789.87,34.46298390000004,0.179,0
2025-03-08 23:00:00,790.11,34.533713700000135,0.178,0
2025-03-08 23:30:00,790.32,34.59075870000015,0.177,0
2025-03-09 00:00:00,790.5,34.74118740000017,0.175,0
2025-03-09 00:30:00,790.57,34.816285900000025,0.174,0
2025-03-09 01:00:00,790.78,34.88148850000016,0.173,0
2025-03-09 01:30:00,790.9,34.99944909999999,0.172,0
2025-03-09 02:00:00,791.14,35.08241530000009,0.169,0
2025-03-09 02:30:00,791.36,35.10357380000016,0.169,0
2025-03-09 03:00:00,791.55,35.12940209999999,0.166,0
2025-03-09 03:30:00,791.74,35.15828950000002,0.168,0
2025-03-09 04:00:00,791.9,35.06642360000012,0.164,0
2025-03-09 04:30:00,791.92,35.01708400000007,0.163,0
2025-03-09 05:00:00,791.98,34.94350330000009,0.163,0
2025-03-09 05:30:00,791.99,34.917813799999976,0.164,0
2025-03-09 06:00:00,791.88,34.908764099999985,0.163,0
2025-03-09 06:30:00,791.92,34.95386259999998,0.164,0
2025-03-09 07:00:00,791.88,34.86491699999999,0.162,0
2025-03-09 07:30:00,791.73,34.844418900000164,0.162,0
2025-03-09 08:00:00,791.58,34.769876700000054,0.16,0
2025-03-09 08:30:00,791.53,34.82592550000004,0.161,0
2025-03-09 09:00:00,791.67,35.00569380000002,0.16,0
2025-03-09 09:30:00,791.42,34.94841710000003,0.16,0
2025-03-09 10:00:00,791.11,34.93514980000009,0.159,0
2025-03-09 10:30:00,790.84,34.96800070000006,0.158,0
2025-03-09 11:00:00,790.66,35.0245711,0.159,0
2025-03-09 11:30:00,790.5,35.06545200000005,0.159,0
2025-03-09 12:00:00,790.41,35.1069933,0.157,0
2025-03-09 12:30:00,790.34,35.08491920000006,0.156,0
2025-03-09 13:00:00,790.2,35.0254755000002,0.155,0
2025-03-09 13:30:00,790.12,34.98320440000009,0.156,0
2025-03-09 14:00:00,790.06,35.03945019999992,0.157,0
2025-03-09 14:30:00,789.98,34.990041200000064,0.153,0
2025-03-09 15:00:00,790.0,34.96925320000014,0.153,0
2025-03-09 15:30:00,789.94,34.90007590000016,0.153,0
2025-03-09 16:00:00,789.82,34.85961250000014,0.152,0
2025-03-09 16:30:00,789.6,34.74566130000005,0.153,0
2025-03-09 17:00:00,789.28,34.70913789999997,0.153,0
2025-03-09 17:30:00,788.94,34.65057510000008,0.153,0
2025-03-09 18:00:00,788.84,34.654584500000055,0.152,0
2025-03-09 18:30:00,788.83,34.67313610000019,0.153,0
2025-03-09 19:00:00,788.91,34.75313610000012,0.155,0
2025-03-09 19:30:00,788.64,34.69421399999999,0.155,0
2025-03-09 20:00:00,788.3,34.6162769,0.158,0
2025-03-09 20:30:00,788.1,34.4733801000001,0.161,0
2025-03-09 21:00:00,788.17,34.686138099999994,0.164,0
2025-03-09 21:30:00,788.07,34.82882670000015,0.165,0
2025-03-09 22:00:00,787.85,34.97897780000005,0.167,0
2025-03-09 22:30:00,787.46,35.001956300000074,0.169,0
2025-03-09 23:00:00,787.47,35.01399570000012,0.168,0
2025-03-09 23:30:00,787.48,35.080079200000114,0.165,0
2025-03-10 00:00:00,787.33,35.138098000000014,0.165,0
2025-03-10 00:30:00,787.38,35.303324100000054,0.164,0
2025-03-10 01:00:00,787.51,35.360925400000156,0.163,0
2025-03-10 01:30:00,787.55,35.50595450000014,0.163,0
2025-03-10 02:00:00,787.6,35.55391510000004,0.159,0
2025-03-10 02:30:00,787.6,35.60897890000001,0.159,0
2025-03-10 03:00:00,787.72,35.62496950000002,0.16,0
2025-03-10 03:30:00,787.62,35.64121530000011,0.156,0
2025-03-10 04:00:00,787.64,35.66835320000007,0.155,0
2025-03-10 04:30:00,787.81,35.69151640000007,0.155,0
2025-03-10 05:00:00,787.76,35.60990570000013,0.154,0
2025-03-10 05:30:00,787.38,35.35532880000005,0.152,0
2025-03-10 06:00:00,787.33,35.356313800000066,0.152,0
2025-03-10 06:30:00,787.28,35.47762339999997,0.151,0
2025-03-10 07:00:00,787.0,35.41481950000002,0.15,0
2025-03-10 07:30:00,786.78,35.40181860000007,0.15,0
2025-03-10 08:00:00,786.56,35.42654660000005,0.149,0
2025-03-10 08:30:00,786.4,35.45723050000004,0.148,0
2025-03-10 09:00:00,786.15,35.51314049999996,0.148,0
2025-03-10 09:30:00,785.75,35.48940980000009,0.149,0
2025-03-10 10:00:00,785.6,35.531113400000095,0.147,0
2025-03-10 10:30:00,785.37,35.60498400000006,0.148,0
2025-03-10 11:00:00,785.11,35.6305000000001,0.148,0
2025-03-10 11:30:00,785.0,35.75707040000009,0.146,0
2025-03-10 12:00:00,784.81,35.75061640000001,0.144,0
2025-03-10 12:30:00,784.76,35.67512390000013,0.145,0
2025-03-10 13:00:00,784.79,35.66739499999994,0.146,0
2025-03-10 13:30:00,784.75,35.60700100000008,0.144,0
2025-03-10 14:00:00,784.65,35.51617830000009,0.141,0
2025-03-10 14:30:00,784.61,35.40174020000006,0.142,0
2025-03-10 15:00:00,784.59,35.419469100000015,0.142,0
2025-03-10 15:30:00,784.46,35.30986310000014,0.143,0
2025-03-10 16:00:00,784.36,35.33120740000015,0.141,0
2025-03-10 16:30:00,784.13,35.24090630000012,0.142,0
2025-03-10 17:00:00,783.81,35.21050109999999,0.144,0
2025-03-10 17:30:00,783.51,35.193977700000005,0.141,0
2025-03-10 18:00:00,783.21,35.14482390000012,0.142,0
2025-03-10 18:30:00,782.94,35.17563540000015,0.143,0
2025-03-10 19:00:00,782.74,35.07760540000015,0.144,0
2025-03-10 19:30:00,782.67,35.081023800000025,0.145,0
2025-03-10 20:00:00,782.49,35.18246099999999,0.145,0
2025-03-10 20:30:00,782.12,35.091858799999954,0.146,0
2025-03-10 21:00:00,781.71,35.03161590000002,0.147,0
2025-03-10 21:30:00,781.44,35.04203340000015,0.148,0
2025-03-10 22:00:00,781.27,35.04640210000002,0.151,0
2025-03-10 22:30:00,781.2,35.160967800000094,0.151,0
2025-03-10 23:00:00,781.27,35.16978580000011,0.152,0
2025-03-10 23:30:00,780.98,35.13165170000002,0.151,0
2025-03-11 00:00:00,780.94,35.12836090000019,0.151,0
2025-03-11 00:30:00,781.08,35.22247440000001,0.151,0
2025-03-11 01:00:00,781.12,35.3430307000001,0.152,0
2025-03-11 01:30:00,780.92,35.18585810000002,0.15,0
2025-03-11 02:00:00,780.82,35.11950820000004,0.149,0
2025-03-11 02:30:00,780.94,35.1171442000001,0.152,0
2025-03-11 03:00:00,781.1,35.13438620000011,0.146,0
2025-03-11 03:30:00,781.21,35.17300720000003,0.147,0
2025-03-11 04:00:00,781.1,35.26490780000006,0.147,0
2025-03-11 04:30:00,781.14,35.13665730000014,0.146,0
2025-03-11 05:00:00,781.28,35.062520300000074,0.146,0
2025-03-11 05:30:00,781.2,35.0569584000001,0.147,0
2025-03-11 06:00:00,781.09,35.0315935000001,0.146,0
2025-03-11 06:30:00,781.04,34.99484959999995,0.145,0
2025-03-11 07:00:00,780.79,34.931454699999904,0.146,0
2025-03-11 07:30:00,780.6,34.91786280000008,0.146,0
2025-03-11 08:00:00,780.45,34.904502600000114,0.146,0
2025-03-11 08:30:00,780.26,34.85828030000005,0.145,0
2025-03-11 09:00:00,780.13,34.80781690000015,0.145,0
2025-03-11 09:30:00,779.83,34.70155990000012,0.146,0
2025-03-11 10:00:00,779.54,34.64711060000002,0.144,0
2025-03-11 10:30:00,779.28,34.688941800000066,0.144,0
2025-03-11 11:00:00,779.03,34.66633490000004,0.145,0
2025-03-11 11:30:00,778.8,34.632117300000004,0.147,0
2025-03-11 12:00:00,778.5,34.64822430000004,0.146,0
2025-03-11 12:30:00,778.19,34.514632400000096,0.146,0
2025-03-11 13:00:00,777.97,34.508769400000006,0.147,0
2025-03-11 13:30:00,777.95,34.492848200000026,0.144,0
2025-03-11 14:00:00,777.86,34.47728630000006,0.145,0
2025-03-11 14:30:00,777.83,34.4799167000001,0.144,0
2025-03-11 15:00:00,778.03,34.45864180000012,0.143,0
2025-03-11 15:30:00,777.95,34.396996400000035,0.145,0
2025-03-11 16:00:00,778.03,34.38420370000006,0.145,0
2025-03-11 16:30:00,777.72,34.3627788,0.144,0
2025-03-11 17:00:00,777.52,34.343265700000075,0.146,0
2025-03-11 17:30:00,777.42,34.351353899999935,0.146,0
2025-03-11 18:00:00,777.23,34.32858470000008,0.146,0
2025-03-11 18:30:00,777.2,34.25677700000017,0.147,0
2025-03-11 19:00:00,777.25,34.18645240000001,0.148,0
2025-03-11 19:30:00,777.34,34.11941860000002,0.151,0
2025-03-11 20:00:00,777.18,34.15418130000012,0.153,0
2025-03-11 20:30:00,777.09,34.18654530000015,0.153,0
2025-03-11 21:00:00,776.74,34.095549100000085,0.158,0
2025-03-11 21:30:00,776.61,34.2143559000001,0.157,0
2025-03-11 22:00:00,776.52,34.150868100000025,0.163,0
2025-03-11 22:30:00,776.68,34.21399659999997,0.162,0
2025-03-11 23:00:00,776.87,34.22147030000008,0.161,0
2025-03-11 23:30:00,776.97,34.15831830000002,0.163,0
2025-03-12 00:00:00,777.0,34.0639149000001,0.162,0
2025-03-12 00:30:00,777.04,34.081481499999995,0.164,0
2025-03-12 01:00:00,777.07,34.07579200000009,0.162,0
2025-03-12 01:30:00,777.07,34.04520100000002,0.16,0
2025-03-12 02:00:00,777.29,34.06839889999992,0.16,0
2025-03-12 02:30:00,777.06,34.01684640000008,0.161,0
2025-03-12 03:00:00,777.33,34.05741390000014,0.161,0
2025-03-12 03:30:00,777.56,34.102848199999926,0.16,0
2025-03-12 04:00:00,777.5,34.034690599999976,0.16,0
2025-03-12 04:30:00,777.52,33.96087820000014,0.16,0
2025-03-12 05:00:00,777.72,33.89167740000005,0.161,0
2025-03-12 05:30:00,777.65,33.848189599999955,0.159,0
2025-03-12 06:00:00,777.63,33.889371600000004,0.159,0
2025-03-12 06:30:00,777.9,34.05536219999999,0.158,0
2025-03-12 07:00:00,777.92,34.1039138000001,0.158,0
2025-03-12 07:30:00,777.89,33.972963500000105,0.158,0
2025-03-12 08:00:00,777.53,33.78019429999995,0.158,0
2025-03-12 08:30:00,777.25,33.79692699999998,0.158,0
2025-03-12 09:00:00,777.37,33.80170090000013,0.159,0
2025-03-12 09:30:00,777.13,33.78093640000009,0.159,0
2025-03-12 10:00:00,776.69,33.71210720000022,0.16,0
2025-03-12 10:30:00,775.9,33.72053230000006,0.159,0
2025-03-12 11:00:00,776.16,33.80922270000008,0.158,0
2025-03-12 11:30:00,776.4,33.921760199999994,0.158,0
2025-03-12 12:00:00,776.16,33.81432120000011,0.158,0
2025-03-12 12:30:00,776.08,33.67415890000018,0.158,0
2025-03-12 13:00:00,776.34,33.7353174000001,0.16,0
2025-03-12 13:30:00,776.15,33.73702100000003,0.158,0
2025-03-12 14:00:00,776.29,33.78014949999999,0.158,0
2025-03-12 14:30:00,776.12,33.63156319999996,0.156,0
2025-03-12 15:00:00,776.04,33.46488869999996,0.158,0
2025-03-12 15:30:00,776.23,33.73238590000017,0.156,0
2025-03-12 16:00:00,776.4,33.73107630000004,0.155,0
2025-03-12 16:30:00,776.34,33.73735680000016,0.157,0
2025-03-12 17:00:00,776.22,33.65304630000003,0.157,0
2025-03-12 17:30:00,776.58,33.73364850000007,0.158,0
2025-03-12 18:00:00,776.79,33.82332389999999,0.158,0
2025-03-12 18:30:00,776.63,33.814239499999985,0.158,0
2025-03-12 19:00:00,776.34,33.75163259999999,0.159,0
2025-03-12 19:30:00,776.41,33.64318509999998,0.159,0
2025-03-12 20:00:00,776.19,33.696464700000206,0.163,0
2025-03-12 20:30:00,776.13,33.693567900000176,0.163,0
2025-03-12 21:00:00,775.78,33.360902800000076,0.164,0
2025-03-12 21:30:00,775.35,33.582491100000084,0.165,0
2025-03-12 22:00:00,774.82,33.435898300000076,0.163,0
2025-03-12 22:30:00,774.59,33.47203999999999,0.164,0
2025-03-12 23:00:00,774.27,33.29581770000016,0.165,0
2025-03-12 23:30:00,773.82,33.30570240000009,0.163,0
2025-03-13 00:00:00,773.5,33.21819400000004,0.164,0
2025-03-13 00:30:00,773.1,33.24952710000002,0.162,0
2025-03-13 01:00:00,772.52,33.14368760000002,0.164,0
2025-03-13 01:30:00,771.73,33.29996920000008,0.162,0
2025-03-13 02:00:00,771.11,33.07255370000007,0.163,0
2025-03-13 02:30:00,771.18,33.195578100000034,0.164,0
2025-03-13 03:00:00,771.2,33.17479010000011,0.161,0
2025-03-13 03:30:00,770.95,33.104257300000086,0.162,0
2025-03-13 04:00:00,770.61,33.097699199999965,0.16,0
2025-03-13 04:30:00,770.56,33.18535870000005,0.16,0
2025-03-13 05:00:00,770.79,33.14615790000005,0.163,0
2025-03-13 05:30:00,771.33,33.05700300000012,0.161,0
2025-03-13 06:00:00,771.65,33.11697949999996,0.162,0
2025-03-13 06:30:00,771.36,33.15226380000013,0.162,0
2025-03-13 07:00:00,770.94,33.11159220000013,0.162,0
2025-03-13 07:30:00,770.6,33.06118700000013,0.161,0
2025-03-13 08:00:00,770.49,33.088846500000045,0.161,0
2025-03-13 08:30:00,770.07,33.14504640000007,0.162,0
2025-03-13 09:00:00,770.19,32.82147690000022,0.161,0
2025-03-13 09:30:00,770.06,32.43655190000004,0.161,0
2025-03-13 10:00:00,769.74,32.299078200000054,0.164,0
2025-03-13 10:30:00,769.61,32.5035398,0.163,0
2025-03-13 11:00:00,769.67,32.64001730000007,0.167,0
2025-03-13 11:30:00,769.58,32.7366224000001,0.167,0
2025-03-13 12:00:00,769.35,32.84210370000005,0.166,0
2025-03-13 12:30:00,769.05,32.70423600000004,0.167,0
2025-03-13 13:00:00,768.98,32.63627540000016,0.166,0
2025-03-13 13:30:00,768.87,32.618048400000134,0.167,0
2025-03-13 14:00:00,768.65,32.64889459999995,0.167,0
2025-03-13 14:30:00,768.89,32.71962440000004,0.166,0
2025-03-13 15:00:00,769.06,32.75808310000002,0.168,0
2025-03-13 15:30:00,769.08,32.780122500000175,0.171,0
2025-03-13 16:00:00,769.15,32.81749209999998,0.168,0
2025-03-13 16:30:00,769.15,32.770585900000015,0.168,0
2025-03-13 17:00:00,769.35,32.84006430000011,0.166,0
2025-03-13 17:30:00,769.37,32.81927630000007,0.167,0
2025-03-13 18:00:00,769.56,32.82776970000009,0.166,0
2025-03-13 18:30:00,769.65,32.81987849999996,0.165,0
2025-03-13 19:00:00,769.72,32.76955390000012,0.166,0
2025-03-13 19:30:00,769.98,32.83071240000004,0.165,0
2025-03-13 20:00:00,770.37,33.109565100000054,0.164,0
2025-03-13 20:30:00,770.2,33.29340100000013,0.166,0
2025-03-13 21:00:00,770.44,33.428371900000116,0.165,0
2025-03-13 21:30:00,770.39,33.47014490000004,0.164,0
2025-03-13 22:00:00,770.68,33.67856889999996,0.164,0
2025-03-13 22:30:00,770.79,33.7294263,0.163,0
2025-03-13 23:00:00,771.06,33.78936809999993,0.163,0
2025-03-13 23:30:00,771.29,33.958186100000034,0.163,0
2025-03-14 00:00:00,771.64,34.059379300000046,0.161,0
2025-03-14 00:30:00,771.91,34.24984269999993,0.161,0
2025-03-14 01:00:00,772.19,34.40747870000007,0.158,0
2025-03-14 01:30:00,772.74,34.63831259999995,0.158,0
2025-03-14 02:00:00,773.02,34.772495500000105,0.158,0
2025-03-14 02:30:00,773.41,34.97691009999994,0.154,0
2025-03-14 03:00:00,773.92,35.07393160000004,0.155,0
2025-03-14 03:30:00,774.18,35.2003509000001,0.15,0
2025-03-14 04:00:00,774.53,35.31378050000001,0.151,0
2025-03-14 04:30:00,774.88,35.38438270000006,0.148,0
2025-03-14 05:00:00,775.3,35.46482260000005,0.149,0
2025-03-14 05:30:00,775.56,35.533119000000056,0.147,0
2025-03-14 06:00:00,775.82,35.674833800000215,0.145,0
2025-03-14 06:30:00,776.21,35.76504200000011,0.144,0
2025-03-14 07:00:00,776.38,35.83715080000013,0.142,0
2025-03-14 07:30:00,776.59,35.94925960000012,0.143,0
2025-03-14 08:00:00,776.42,35.96382530000005,0.141,0
2025-03-14 08:30:00,776.9,36.16952600000013,0.14,0
2025-03-14 09:00:00,777.23,36.254798000000164,0.137,0
2025-03-14 09:30:00,777.13,36.33222580000006,0.137,0
2025-03-14 10:00:00,777.21,36.4642305000001,0.137,0
2025-03-14 10:30:00,776.69,36.525459500000125,0.134,0
2025-03-14 11:00:00,776.62,36.627788800000076,0.133,0
2025-03-14 11:30:00,776.67,36.69206459999998,0.128,0
2025-03-14 12:00:00,776.41,36.77366410000002,0.132,0
2025-03-14 12:30:00,776.42,36.886653799999976,0.129,0
2025-03-14 13:00:00,776.48,36.90994460000013,0.131,0
2025-03-14 13:30:00,776.37,37.03141650000009,0.129,0
2025-03-14 14:00:00,776.25,37.055194200000074,0.129,0
2025-03-14 14:30:00,776.46,37.0969437,0.128,0
2025-03-14 15:00:00,776.52,37.16204219999997,0.127,0
2025-03-14 15:30:00,776.98,37.27636389999998,0.125,0
2025-03-14 16:00:00,776.54,37.367627600000105,0.125,0
2025-03-14 16:30:00,776.96,37.31142770000008,0.122,0
2025-03-14 17:00:00,776.68,37.468879000000015,0.124,0
2025-03-14 17:30:00,776.99,37.539249500000096,0.124,0
2025-03-14 18:00:00,776.86,37.74065200000018,0.121,0
2025-03-14 18:30:00,776.77,37.7811736000001,0.12,0
2025-03-14 19:00:00,776.56,37.98313239999993,0.121,0
2025-03-14 19:30:00,776.21,38.21436140000003,0.119,0
2025-03-14 20:00:00,776.2,38.374651300000096,0.117,0
2025-03-14 20:30:00,775.51,38.405579200000034,0.116,0
2025-03-14 21:00:00,775.58,38.61425840000004,0.116,0
2025-03-14 21:30:00,776.74,38.694396100000176,0.114,0
2025-03-14 22:00:00,777.47,38.85540350000008,0.114,0
2025-03-14 22:30:00,777.84,38.925611700000104,0.113,0
2025-03-14 23:00:00,777.98,39.14514829999996,0.113,0
2025-03-14 23:30:00,777.95,39.235472900000104,0.11,0
2025-03-15 00:00:00,778.32,39.4127496000001,0.107,0
2025-03-15 00:30:00,778.71,39.64775520000012,0.106,0
2025-03-15 01:00:00,779.41,39.74307310000006,0.105,0
2025-03-15 01:30:00,779.8,39.85979350000002,0.104,0
2025-03-15 02:00:00,780.34,40.00924840000005,0.101,0
2025-03-15 02:30:00,780.94,40.11469390000002,0.1,0
2025-03-15 03:00:00,781.32,40.2407886000002,0.1,0
2025-03-15 03:30:00,781.7,40.36280450000015,0.098,0
2025-03-15 04:00:00,782.13,40.53991890000009,0.1,0
2025-03-15 04:30:00,782.25,40.60587480000004,0.097,0
2025-03-15 05:00:00,782.87,40.769049200000154,0.098,0
2025-03-15 05:30:00,783.22,40.83557260000009,0.095,0
2025-03-15 06:00:00,783.83,40.92960440000013,0.095,0
2025-03-15 06:30:00,784.0,41.08124980000002,0.092,0
2025-03-15 07:00:00,784.14,41.17434360000004,0.093,0
2025-03-15 07:30:00,784.68,41.26567560000012,0.092,0
2025-03-15 08:00:00,785.14,41.338189599999964,0.09,0
2025-03-15 08:30:00,785.6,41.52083120000009,0.09,0
2025-03-15 09:00:00,785.95,41.54860600000018,0.089,0
2025-03-15 09:30:00,785.78,41.68043720000014,0.087,0
2025-03-15 10:00:00,786.12,41.810379000000125,0.089,0
2025-03-15 10:30:00,786.55,41.904897700000106,0.087,0
2025-03-15 11:00:00,786.56,42.052557200000024,0.086,0
2025-03-15 11:30:00,786.59,42.02239490000011,0.085,0
2025-03-15 12:00:00,787.1,42.13879070000007,0.082,0
2025-03-15 12:30:00,787.49,42.37583570000004,0.084,0
2025-03-15 13:00:00,788.21,42.380006300000105,0.083,0
2025-03-15 13:30:00,788.4,42.474154500000054,0.079,0
2025-03-15 14:00:00,788.53,42.514420900000005,0.077,0
2025-03-15 14:30:00,789.22,42.657861700000126,0.079,0
2025-03-15 15:00:00,789.32,42.80272850000006,0.08,0
2025-03-15 15:30:00,789.98,42.84581000000014,0.077,0
2025-03-15 16:00:00,790.26,42.915751800000066,0.076,0
2025-03-15 16:30:00,790.18,42.989726500000074,0.076,0
2025-03-15 17:00:00,790.96,43.0783699000001,0.074,0
2025-03-15 17:30:00,791.45,43.12480040000014,0.075,0
2025-03-15 18:00:00,791.62,43.22138200000006,0.075,0
2025-03-15 18:30:00,792.0,43.35257520000005,0.073,0
2025-03-15 19:00:00,792.66,43.45887809999999,0.07,0
2025-03-15 19:30:00,792.61,43.55571490000011,0.071,0
2025-03-15 20:00:00,792.94,43.67871580000008,0.068,0
2025-03-15 20:30:00,793.13,43.76674579999997,0.068,0
2025-03-15 21:00:00,793.07,43.82299160000014,0.07,0
2025-03-15 21:30:00,793.25,44.05295690000003,0.069,0
2025-03-15 22:00:00,793.25,44.109040400000026,0.069,0
2025-03-15 22:30:00,793.39,44.15624770000011,0.065,0
2025-03-15 23:00:00,793.76,44.27642120000007,0.065,0
2025-03-15 23:30:00,793.89,44.46556380000004,0.064,0
2025-03-16 00:00:00,793.89,44.509410900000034,0.064,0
2025-03-16 00:30:00,794.09,44.57175140000015,0.063,0
2025-03-16 01:00:00,794.52,44.672388299999966,0.064,0
2025-03-16 01:30:00,794.71,44.757359199999996,0.06,0
2025-03-16 02:00:00,794.92,44.84703460000003,0.061,0
2025-03-16 02:30:00,795.37,44.905469800000105,0.059,0
2025-03-16 03:00:00,795.99,45.03703350000012,0.061,0
2025-03-16 03:30:00,796.08,45.0005907000002,0.057,0
2025-03-16 04:00:00,796.48,45.0773458000001,0.057,0
2025-03-16 04:30:00,796.79,45.22113470000011,0.058,0
2025-03-16 05:00:00,796.98,45.266337300000146,0.058,0
2025-03-16 05:30:00,797.14,45.240751899999964,0.057,0
2025-03-16 06:00:00,797.28,45.33384569999998,0.056,0
2025-03-16 06:30:00,797.42,45.401447000000076,0.056,0
2025-03-16 07:00:00,797.59,45.501087700000085,0.056,0
2025-03-16 07:30:00,797.54,45.47658020000006,0.056,0
2025-03-16 08:00:00,797.43,45.50016089999997,0.055,0
2025-03-16 08:30:00,797.64,45.57046200000002,0.054,0
2025-03-16 09:00:00,797.57,45.568781900000204,0.055,0
2025-03-16 09:30:00,797.57,45.58305770000004,0.054,0
2025-03-16 10:00:00,797.6,45.6201956000001,0.052,0
2025-03-16 10:30:00,797.46,45.633150600000135,0.054,0
2025-03-16 11:00:00,797.39,45.654923600000075,0.052,0
2025-03-16 11:30:00,797.32,45.66547990000004,0.05,0
2025-03-16 12:00:00,797.36,45.740149700000075,0.05,0
2025-03-16 12:30:00,797.35,45.67610560000014,0.051,0
2025-03-16 13:00:00,797.35,45.72913000000017,0.051,0
2025-03-16 13:30:00,797.55,45.78739170000006,0.051,0
2025-03-16 14:00:00,797.7,45.87009150000006,0.048,0
2025-03-16 14:30:00,797.84,45.84897890000002,0.051,0
2025-03-16 15:00:00,798.08,45.812640200000146,0.048,0
2025-03-16 15:30:00,798.19,45.87573400000008,0.049,0
2025-03-16 16:00:00,798.31,45.89580339999998,0.049,0
2025-03-16 16:30:00,798.34,45.89827150000019,0.047,0
2025-03-16 17:00:00,798.3,45.871527600000036,0.046,0
2025-03-16 17:30:00,798.31,45.91517770000007,0.048,0
2025-03-16 18:00:00,798.47,46.05682310000009,0.049,0
2025-03-16 18:30:00,798.64,46.0249225,0.047,0
2025-03-16 19:00:00,798.69,46.05962700000009,0.048,0
2025-03-16 19:30:00,798.65,46.11853789999998,0.046,0
2025-03-16 20:00:00,798.53,46.26060080000002,0.048,0
2025-03-16 20:30:00,798.41,46.37411210000005,0.048,0
2025-03-16 21:00:00,797.98,46.233706900000016,0.047,0
2025-03-16 21:30:00,797.89,46.438400200000046,0.047,0
2025-03-16 22:00:00,797.91,46.55221259999996,0.047,0
2025-03-16 22:30:00,797.83,46.40899120000017,0.047,0
2025-03-16 23:00:00,797.81,46.37063660000001,0.045,0
2025-03-16 23:30:00,797.85,46.46570040000006,0.044,0
2025-03-17 00:00:00,797.79,46.530103800000006,0.045,0
2025-03-17 00:30:00,797.84,46.55767040000012,0.044,0
2025-03-17 01:00:00,797.72,46.60388150000006,0.042,0
2025-03-17 01:30:00,797.8,46.6604284,0.043,0
2025-03-17 02:00:00,797.9,46.71250250000003,0.043,0
2025-03-17 02:30:00,797.81,46.692861799999946,0.042,0
2025-03-17 03:00:00,797.98,46.743556900000044,0.038,0
2025-03-17 03:30:00,798.09,46.65165630000013,0.041,0
2025-03-17 04:00:00,798.01,46.754182600000036,0.04,0
2025-03-17 04:30:00,797.8,46.76137870000002,0.04,0
2025-03-17 05:00:00,797.86,46.81831960000011,0.04,0
2025-03-17 05:30:00,797.58,46.910510100000124,0.04,0
2025-03-17 06:00:00,797.34,46.73373150000009,0.038,0
2025-03-17 06:30:00,797.04,46.98742859999993,0.038,0
2025-03-17 07:00:00,796.95,46.94331510000018,0.038,0
2025-03-17 07:30:00,796.56,46.949978399999964,0.036,0
2025-03-17 08:00:00,796.25,46.9754597000001,0.037,0
2025-03-17 08:30:00,795.95,46.95893630000012,0.037,0
2025-03-17 09:00:00,795.75,47.00876280000011,0.036,0
2025-03-17 09:30:00,795.28,46.9680565000001,0.034,0
2025-03-17 10:00:00,794.9,47.01633049999998,0.035,0
2025-03-17 10:30:00,794.31,46.9769685,0.035,0
2025-03-17 11:00:00,794.42,47.13285500000006,0.034,0
2025-03-17 11:30:00,794.02,47.04998169999999,0.033,0
2025-03-17 12:00:00,793.78,46.99658679999993,0.032,0
2025-03-17 12:30:00,793.21,47.0628796000002,0.033,0
2025-03-17 13:00:00,793.05,47.117016600000056,0.034,0
2025-03-17 13:30:00,792.94,46.990701400000034,0.032,0
2025-03-17 14:00:00,792.28,47.06998390000001,0.032,0
2025-03-17 14:30:00,792.15,47.03889479999998,0.031,0
2025-03-17 15:00:00,792.0,47.00208150000003,0.032,0
2025-03-17 15:30:00,792.26,47.04590510000003,0.031,0
2025-03-17 16:00:00,792.03,47.077968000000055,0.032,0
2025-03-17 16:30:00,792.05,47.046982999999955,0.031,0
2025-03-17 17:00:00,791.6,47.05686770000011,0.029,0
2025-03-17 17:30:00,791.68,47.072626600000035,0.028,0
2025-03-17 18:00:00,791.23,47.149811500000055,0.03,0
2025-03-17 18:30:00,790.9,46.8789541000001,0.032,0
2025-03-17 19:00:00,790.72,46.888618300000076,0.029,0
2025-03-17 19:30:00,790.52,46.956799400000136,0.032,0
2025-03-17 20:00:00,790.51,46.93966150000006,0.032,0
2025-03-17 20:30:00,790.44,46.82071590000021,0.03,0
2025-03-17 21:00:00,790.5,46.797100500000056,0.03,0
2025-03-17 21:30:00,790.39,46.79110990000004,0.031,0
2025-03-17 22:00:00,790.42,46.81703110000001,0.028,0
2025-03-17 22:30:00,790.94,46.925072300000124,0.03,0
2025-03-17 23:00:00,790.41,46.81212960000005,0.029,0
2025-03-17 23:30:00,790.15,46.71834070000011,0.03,0
2025-03-18 00:00:00,790.13,46.673867900000005,0.031,0
2025-03-18 00:30:00,790.55,46.68088940000007,0.029,0
2025-03-18 01:00:00,790.63,46.58550100000002,0.031,0
2025-03-18 01:30:00,790.78,46.56827020000003,0.029,0
2025-03-18 02:00:00,790.61,46.509417500000154,0.03,0
2025-03-18 02:30:00,790.72,46.45422610000014,0.029,0
2025-03-18 03:00:00,790.92,46.47781800000007,0.028,0
2025-03-18 03:30:00,791.38,46.46467719999998,0.029,0
2025-03-18 04:00:00,791.74,46.421895700000164,0.03,0
2025-03-18 04:30:00,791.82,46.39074840000012,0.03,0
2025-03-18 05:00:00,791.77,46.294861900000114,0.031,0
2025-03-18 05:30:00,792.16,46.319809299999974,0.029,0
2025-03-18 06:00:00,792.31,46.291361800000004,0.029,0
2025-03-18 06:30:00,792.74,46.21457090000001,0.029,0
2025-03-18 07:00:00,792.99,46.23717780000004,0.029,0
2025-03-18 07:30:00,793.22,46.14189350000015,0.03,0
2025-03-18 08:00:00,793.45,46.143480700000055,0.031,0
2025-03-18 08:30:00,793.72,46.05760540000017,0.031,0
2025-03-18 09:00:00,793.95,46.0877442000002,0.029,0
2025-03-18 09:30:00,794.28,46.03841579999994,0.03,0
2025-03-18 10:00:00,794.51,46.05121970000005,0.03,0
2025-03-18 10:30:00,794.83,46.00820650000003,0.031,0
2025-03-18 11:00:00,795.0,45.99873930000001,0.031,0
2025-03-18 11:30:00,795.49,45.9431998,0.029,0
2025-03-18 12:00:00,795.91,45.93390610000006,0.032,0
2025-03-18 12:30:00,795.94,45.89048770000022,0.027,0
2025-03-18 13:00:00,796.21,45.922897600000056,0.03,0
2025-03-18 13:30:00,796.68,45.979919100000075,0.03,0
2025-03-18 14:00:00,797.32,46.008099100000095,0.03,0
2025-03-18 14:30:00,797.79,46.08551460000001,0.029,0
2025-03-18 15:00:00,798.22,46.097437600000035,0.031,0
2025-03-18 15:30:00,798.5,46.038897200000065,0.028,0
2025-03-18 16:00:00,798.38,46.01474900000005,0.029,0
2025-03-18 16:30:00,798.6,46.011434699999995,0.029,0
2025-03-18 17:00:00,798.81,45.99914009999998,0.028,0
2025-03-18 17:30:00,799.11,45.992210399999976,0.029,0
2025-03-18 18:00:00,799.3,46.00784169999997,0.03,0
2025-03-18 18:30:00,799.61,46.09146830000009,0.028,0
2025-03-18 19:00:00,799.58,46.06758650000006,0.029,0
2025-03-18 19:30:00,799.99,46.135987,0.028,0
2025-03-18 20:00:00,800.08,46.12197760000015,0.029,0
2025-03-18 20:30:00,800.25,46.20224400000018,0.029,0
2025-03-18 21:00:00,800.43,46.219092000000046,0.029,0
2025-03-18 21:30:00,800.39,46.253530100000035,0.027,0
2025-03-18 22:00:00,800.65,46.25248690000012,0.027,0
2025-03-18 22:30:00,800.61,46.36034340000015,0.029,0
2025-03-18 23:00:00,800.52,46.32438749999994,0.028,0
2025-03-18 23:30:00,800.56,46.30524490000005,0.027,0
2025-03-19 00:00:00,800.68,46.305939999999964,0.029,0
2025-03-19 00:30:00,801.07,46.40532550000012,0.027,0
2025-03-19 01:00:00,801.2,46.45986770000013,0.027,0
2025-03-19 01:30:00,801.52,46.48211530000003,0.027,0
2025-03-19 02:00:00,801.46,46.50369130000013,0.027,0
2025-03-19 02:30:00,801.55,46.48458340000002,0.025,0
2025-03-19 03:00:00,802.07,46.5232850000001,0.026,0
2025-03-19 03:30:00,802.63,46.57853350000016,0.026,0
2025-03-19 04:00:00,802.85,46.60581020000018,0.025,0
2025-03-19 04:30:00,803.0,46.5855203000001,0.025,0
2025-03-19 05:00:00,803.34,46.627767900000094,0.027,0
2025-03-19 05:30:00,803.5,46.65112810000005,0.025,0
2025-03-19 06:00:00,803.54,46.68500990000007,0.024,0
2025-03-19 06:30:00,803.74,46.706562400000166,0.024,0
2025-03-19 07:00:00,803.83,46.7129470000001,0.023,0
2025-03-19 07:30:00,803.92,46.759099900000024,0.027,0
2025-03-19 08:00:00,804.04,46.702691800000025,0.024,0
2025-03-19 08:30:00,804.15,46.73009610000008,0.022,0
2025-03-19 09:00:00,803.95,46.6799920000002,0.022,0
2025-03-19 09:30:00,803.65,46.62370030000011,0.023,0
2025-03-19 10:00:00,803.47,46.59461590000001,0.024,0
2025-03-19 10:30:00,803.27,46.597536200000036,0.024,0
2025-03-19 11:00:00,803.27,46.63322570000014,0.022,0
2025-03-19 11:30:00,802.88,46.596041900000046,0.021,0
2025-03-19 12:00:00,802.87,46.708405900000116,0.022,0
2025-03-19 12:30:00,802.81,46.59538150000003,0.022,0
2025-03-19 13:00:00,802.78,46.63981960000001,0.023,0
2025-03-19 13:30:00,802.99,46.621406800000045,0.021,0
2025-03-19 14:00:00,803.19,46.57565910000005,0.021,0
2025-03-19 14:30:00,803.16,46.526284799999985,0.021,0
2025-03-19 15:00:00,803.06,46.45279700000003,0.022,0
2025-03-19 15:30:00,803.11,46.39572850000002,0.022,0
2025-03-19 16:00:00,803.22,46.41701460000013,0.022,0
2025-03-19 16:30:00,803.2,46.351128100000096,0.022,0
2025-03-19 17:00:00,803.15,46.276655300000016,0.021,0
2025-03-19 17:30:00,803.32,46.368138400000134,0.021,0
2025-03-19 18:00:00,803.15,46.2960296,0.021,0
2025-03-19 18:30:00,802.96,46.335462100000086,0.02,0
2025-03-19 19:00:00,802.69,46.25410660000023,0.021,0
2025-03-19 19:30:00,802.61,46.34031770000013,0.022,0
2025-03-19 20:00:00,802.69,46.406041900000105,0.022,0
2025-03-19 20:30:00,802.46,46.29942560000018,0.021,0
2025-03-19 21:00:00,802.22,46.37553260000004,0.021,0
2025-03-19 21:30:00,801.91,46.26947259999997,0.021,0
2025-03-19 22:00:00,801.85,46.29104860000007,0.021,0
2025-03-19 22:30:00,802.08,46.384408800000074,0.022,0
2025-03-19 23:00:00,801.92,46.197896600000036,0.021,0
2025-03-19 23:30:00,801.34,46.20626350000009,0.022,0
2025-03-20 00:00:00,801.08,46.22974010000007,0.022,0
2025-03-20 00:30:00,801.24,46.23882450000008,0.021,0
2025-03-20 01:00:00,801.34,46.239913600000136,0.02,0
2025-03-20 01:30:00,801.31,46.21909090000008,0.021,0
2025-03-20 02:00:00,801.07,46.172833900000114,0.02,0
2025-03-20 02:30:00,800.56,46.10946250000006,0.02,0
2025-03-20 03:00:00,800.52,46.20100380000008,0.02,0
2025-03-20 03:30:00,800.64,46.1813049000001,0.02,0
2025-03-20 04:00:00,800.71,46.176866800000084,0.018,0
2025-03-20 04:30:00,800.73,46.23561540000014,0.016,0
2025-03-20 05:00:00,800.79,46.23443340000006,0.019,0
2025-03-20 05:30:00,800.39,46.20866330000001,0.019,0
2025-03-20 06:00:00,800.61,46.1227533,0.019,0
2025-03-20 06:30:00,800.49,46.121038500000054,0.019,0
2025-03-20 07:00:00,800.17,46.113066700000104,0.017,0
2025-03-20 07:30:00,798.93,46.01411099999996,0.017,0
2025-03-20 08:00:00,798.56,45.99284839999996,0.017,0
2025-03-20 08:30:00,798.61,45.96025270000007,0.017,0
2025-03-20 09:00:00,798.43,45.83837560000006,0.018,0
2025-03-20 09:30:00,798.17,45.85165519999998,0.017,0
2025-03-20 10:00:00,798.01,45.83747230000006,0.018,0
2025-03-20 10:30:00,798.04,45.74714770000014,0.017,0
2025-03-20 11:00:00,797.8,45.68865430000005,0.018,0
2025-03-20 11:30:00,797.7,45.67328940000016,0.019,0
2025-03-20 12:00:00,798.13,45.655641100000025,0.019,0
2025-03-20 12:30:00,798.33,45.63436620000016,0.021,0
2025-03-20 13:00:00,797.99,45.57886250000013,0.017,0
2025-03-20 13:30:00,798.52,45.623485300000084,0.02,0
2025-03-20 14:00:00,798.96,45.581167200000095,0.02,0
2025-03-20 14:30:00,798.5,45.530066900000065,0.019,0
2025-03-20 15:00:00,798.19,45.45153880000021,0.018,0
2025-03-20 15:30:00,798.02,45.4090013,0.019,0
2025-03-20 16:00:00,798.47,45.495988100000204,0.018,0
2025-03-20 16:30:00,798.59,45.428363300000115,0.02,0
2025-03-20 17:00:00,798.67,45.41659030000005,0.019,0
2025-03-20 17:30:00,798.95,45.35906960000011,0.02,0
2025-03-20 18:00:00,798.72,45.376856700000076,0.019,0
2025-03-20 18:30:00,798.61,45.22708840000007,0.018,0
2025-03-20 19:00:00,798.62,45.20751710000002,0.019,0
2025-03-20 19:30:00,798.31,45.16365880000001,0.021,0
2025-03-20 20:00:00,798.19,45.12013630000024,0.02,0
2025-03-20 20:30:00,798.02,45.01437740000006,0.02,0
2025-03-20 21:00:00,797.78,44.9569037,0.023,0
2025-03-20 21:30:00,797.65,44.89012509999998,0.02,0
2025-03-20 22:00:00,797.51,44.778676700000005,0.023,0
2025-03-20 22:30:00,797.46,44.78068140000005,0.024,0
2025-03-20 23:00:00,797.32,44.73959230000003,0.023,0
2025-03-20 23:30:00,797.28,44.718966600000044,0.021,0
2025-03-21 00:00:00,797.12,44.675212399999964,0.024,0
2025-03-21 00:30:00,797.11,44.660113900000056,0.023,0
2025-03-21 01:00:00,797.06,44.62948819999997,0.023,0
2025-03-21 01:30:00,797.07,44.63337000000001,0.023,0
2025-03-21 02:00:00,797.25,44.660414999999944,0.022,0
2025-03-21 02:30:00,797.61,44.75325360000011,0.021,0
2025-03-21 03:00:00,797.78,44.66424979999999,0.021,0
2025-03-21 03:30:00,797.87,44.571723500000076,0.023,0
2025-03-21 04:00:00,797.96,44.54853680000008,0.021,0
2025-03-21 04:30:00,798.12,44.54130600000008,0.022,0
2025-03-21 05:00:00,798.15,44.528478600000085,0.021,0
2025-03-21 05:30:00,798.27,44.549567700000125,0.022,0
2025-03-21 06:00:00,798.35,44.51230220000002,0.02,0
2025-03-21 06:30:00,798.3,44.47453860000007,0.02,0
2025-03-21 07:00:00,797.99,44.455153100000075,0.02,0
2025-03-21 07:30:00,798.11,44.42729660000009,0.02,0
2025-03-21 08:00:00,798.4,44.3787562,0.022,0
2025-03-21 08:30:00,798.18,44.29539599999998,0.021,0
2025-03-21 09:00:00,797.64,44.22547769999994,0.02,0
2025-03-21 09:30:00,797.61,44.158768500000065,0.02,0
2025-03-21 10:00:00,797.28,44.118363300000055,0.019,0
2025-03-21 10:30:00,796.75,44.00746000000015,0.022,0
2025-03-21 11:00:00,796.63,43.98433150000005,0.021,0
2025-03-21 11:30:00,796.6,43.8829525000001,0.021,0
2025-03-21 12:00:00,796.41,43.82245440000008,0.019,0
2025-03-21 12:30:00,796.12,43.76596570000015,0.022,0
2025-03-21 13:00:00,796.25,43.697124200000076,0.022,0
2025-03-21 13:30:00,796.32,43.69778460000009,0.021,0
2025-03-21 14:00:00,796.32,43.610090400000104,0.022,0
2025-03-21 14:30:00,796.38,43.55690370000002,0.023,0
2025-03-21 15:00:00,796.34,43.534238600000094,0.022,0
2025-03-21 15:30:00,796.33,43.402894300000185,0.023,0
2025-03-21 16:00:00,796.54,43.40385580000009,0.024,0
2025-03-21 16:30:00,796.71,43.36991580000006,0.023,0
2025-03-21 17:00:00,796.73,43.2838670000001,0.025,0
2025-03-21 17:30:00,796.71,43.23021690000007,0.027,0
2025-03-21 18:00:00,796.64,43.30093550000004,0.025,0
2025-03-21 18:30:00,796.26,43.14832860000001,0.024,0
2025-03-21 19:00:00,795.98,43.21298720000004,0.026,0
2025-03-21 19:30:00,795.89,43.13930240000002,0.025,0
2025-03-21 20:00:00,796.03,43.00500309999995,0.027,0
2025-03-21 20:30:00,795.64,43.063671099999965,0.028,0
2025-03-21 21:00:00,795.61,43.054065100000116,0.027,0
2025-03-21 21:30:00,795.33,43.077935700000126,0.028,0
2025-03-21 22:00:00,795.26,43.14661490000003,0.027,0
2025-03-21 22:30:00,795.27,43.26980159999994,0.028,0
2025-03-21 23:00:00,795.55,43.3927678,0.028,0
2025-03-21 23:30:00,795.29,43.54880539999999,0.027,0
2025-03-22 00:00:00,795.31,43.694228499999895,0.028,0
2025-03-22 00:30:00,795.51,43.94725289999997,0.027,0
2025-03-22 01:00:00,795.32,43.94385800000009,0.026,0
2025-03-22 01:30:00,795.26,44.00010380000003,0.025,0
2025-03-22 02:00:00,795.96,44.093382300000144,0.023,0
2025-03-22 02:30:00,796.28,44.19720589999997,0.023,0
2025-03-22 03:00:00,796.51,44.40681190000009,0.024,0
2025-03-22 03:30:00,796.58,44.510462000000075,0.021,0
2025-03-22 04:00:00,796.89,44.665467600000056,0.022,0
2025-03-22 04:30:00,797.32,44.73959230000003,0.02,0
2025-03-22 05:00:00,797.24,44.71261670000001,0.021,0
2025-03-22 05:30:00,797.64,44.77305660000002,0.02,0
2025-03-22 06:00:00,797.5,44.800287400000116,0.021,0
2025-03-22 06:30:00,797.39,44.8269272,0.019,0
2025-03-22 07:00:00,797.37,44.84669550000001,0.021,0
2025-03-22 07:30:00,797.29,44.952280900000005,0.021,0
2025-03-22 08:00:00,797.05,44.75714770000013,0.018,0
2025-03-22 08:30:00,796.91,44.63448260000007,0.019,0
2025-03-22 09:00:00,796.78,44.59115710000003,0.019,0
2025-03-22 09:30:00,796.63,44.59819090000008,0.021,0
2025-03-22 10:00:00,796.36,44.66979040000001,0.018,0
2025-03-22 10:30:00,796.18,44.644784800000025,0.019,0
2025-03-22 11:00:00,796.15,44.72899120000011,0.02,0
2025-03-22 11:30:00,796.12,44.83970980000015,0.02,0
2025-03-22 12:00:00,796.16,44.91132049999999,0.019,0
2025-03-22 12:30:00,796.19,44.93214320000004,0.019,0
2025-03-22 13:00:00,796.23,44.98641900000007,0.019,0
2025-03-22 13:30:00,796.26,45.019478100000015,0.018,0
2025-03-22 14:00:00,796.53,45.1008336000001,0.018,0
2025-03-22 14:30:00,796.66,45.09521350000011,0.018,0
2025-03-22 15:00:00,796.65,45.124981800000114,0.018,0
2025-03-22 15:30:00,796.53,45.046789500000045,0.017,0
2025-03-22 16:00:00,796.54,44.91301180000005,0.018,0
2025-03-22 16:30:00,796.65,44.82722940000008,0.017,0
2025-03-22 17:00:00,796.58,44.72153990000015,0.017,0
2025-03-22 17:30:00,796.54,44.6703232000001,0.02,0
2025-03-22 18:00:00,796.62,44.59634850000009,0.019,0
2025-03-22 18:30:00,796.76,44.67822560000002,0.02,0
2025-03-22 19:00:00,796.65,44.659998599999994,0.019,0
2025-03-22 19:30:00,796.47,44.73084480000011,0.017,0
2025-03-22 20:00:00,796.41,45.01550340000006,0.018,0
2025-03-22 20:30:00,796.05,44.95223610000005,0.019,0
2025-03-22 21:00:00,796.07,45.017102900000054,0.021,0
2025-03-22 21:30:00,796.16,45.208053199999995,0.022,0
2025-03-22 22:00:00,796.41,45.409107600000084,0.021,0
2025-03-22 22:30:00,796.66,45.682560699999954,0.022,0
2025-03-22 23:00:00,797.0,46.03785620000008,0.021,0
2025-03-22 23:30:00,797.2,46.42038250000007,0.021,0
2025-03-23 00:00:00,797.45,46.66426430000013,0.021,0
2025-03-23 00:30:00,797.54,46.951066399999945,0.02,0
2025-03-23 01:00:00,797.8,47.10399790000008,0.021,0
2025-03-23 01:30:00,798.04,47.27771740000003,0.022,0
2025-03-23 02:00:00,798.23,47.487091700000065,0.019,0
2025-03-23 02:30:00,798.66,47.76107760000002,0.019,0
2025-03-23 03:00:00,799.05,48.026674200000116,0.017,0
2025-03-23 03:30:00,799.53,48.25786740000012,0.018,0
2025-03-23 04:00:00,799.87,48.42043960000001,0.017,0
2025-03-23 04:30:00,800.2,48.6280756000001,0.017,0
2025-03-23 05:00:00,800.66,48.79644140000005,0.017,0
2025-03-23 05:30:00,800.82,48.96255960000019,0.018,0
2025-03-23 06:00:00,801.0,49.04058960000009,0.016,0
2025-03-23 06:30:00,800.91,49.08620970000004,0.015,0
2025-03-23 07:00:00,801.08,49.169535200000155,0.015,0
2025-03-23 07:30:00,801.29,49.21332410000002,0.016,0
2025-03-23 08:00:00,801.44,49.215467600000125,0.015,0
2025-03-23 08:30:00,801.07,49.250288500000124,0.016,0
2025-03-23 09:00:00,801.48,49.277901000000156,0.014,0
2025-03-23 09:30:00,801.35,49.29779689999998,0.014,0
2025-03-23 10:00:00,801.81,49.31422740000005,0.014,0
2025-03-23 10:30:00,801.83,49.28222270000015,0.014,0
2025-03-23 11:00:00,802.03,49.29663729999993,0.011,0
2025-03-23 11:30:00,802.35,49.34131830000001,0.013,0
2025-03-23 12:00:00,801.93,49.285351200000036,0.013,0
2025-03-23 12:30:00,801.88,49.32100600000001,0.013,0
2025-03-23 13:00:00,802.0,49.290090400000054,0.012,0
2025-03-23 13:30:00,802.35,49.36069260000011,0.013,0
2025-03-23 14:00:00,802.47,49.33487550000007,0.013,0
2025-03-23 14:30:00,802.61,49.27909310000007,0.013,0
2025-03-23 15:00:00,802.8,49.26515310000002,0.011,0
2025-03-23 15:30:00,802.91,49.22525719999999,0.01,0
2025-03-23 16:00:00,803.2,49.31029750000005,0.011,0
2025-03-23 16:30:00,803.37,49.24168770000006,0.01,0
2025-03-23 17:00:00,803.48,49.22218580000015,0.01,0
2025-03-23 17:30:00,803.57,49.150053500000126,0.01,0
2025-03-23 18:00:00,803.74,49.17117730000007,0.009,0
2025-03-23 18:30:00,803.9,49.16394649999995,0.009,0
2025-03-23 19:00:00,803.92,49.20841930000006,0.013,0
2025-03-23 19:30:00,803.98,49.12566130000005,0.015,0
2025-03-23 20:00:00,804.28,49.32573070000001,0.016,0
2025-03-23 20:30:00,804.62,49.59231230000012,0.016,0
2025-03-23 21:00:00,804.65,49.67227760000014,0.02,0
2025-03-23 21:30:00,804.73,49.725765400000114,0.021,0
2025-03-23 22:00:00,804.9,49.87945019999995,0.023,0
2025-03-23 22:30:00,805.41,50.03765370000008,0.026,0
2025-03-23 23:00:00,805.73,50.31788540000002,0.025,0
2025-03-23 23:30:00,806.13,50.67709739999998,0.025,0
2025-03-24 00:00:00,806.63,51.078186500000015,0.023,0
2025-03-24 00:30:00,807.01,51.39598479999995,0.025,0
2025-03-24 01:00:00,807.34,51.6535861000001,0.023,0
2025-03-24 01:30:00,807.9,51.861789600000066,0.024,0
2025-03-24 02:00:00,808.3,52.009923699999945,0.021,0
2025-03-24 02:30:00,808.43,52.14400249999994,0.022,0
2025-03-24 03:00:00,808.75,52.229471500000045,0.022,0
2025-03-24 03:30:00,809.2,52.35010840000007,0.022,0
2025-03-24 04:00:00,809.51,52.369493900000066,0.02,0
2025-03-24 04:30:00,809.59,52.359760300000175,0.02,0
2025-03-24 05:00:00,809.85,52.39032780000002,0.019,0
2025-03-24 05:30:00,810.04,52.34783619999996,0.016,0
2025-03-24 06:00:00,810.19,52.389748000000054,0.018,0
2025-03-24 06:30:00,810.16,52.28734930000007,0.015,0
2025-03-24 07:00:00,810.23,52.300246100000095,0.015,0
2025-03-24 07:30:00,810.26,52.256827700000144,0.015,0
2025-03-24 08:00:00,810.19,52.25718700000016,0.014,0
2025-03-24 08:30:00,810.23,52.24722170000007,0.012,0
2025-03-24 09:00:00,810.21,52.23130050000009,0.013,0
2025-03-24 09:30:00,810.2,52.20498530000009,0.014,0
2025-03-24 10:00:00,810.12,52.21267950000015,0.013,0
2025-03-24 10:30:00,809.88,52.162343700000065,0.012,0
2025-03-24 11:00:00,809.91,52.19744220000007,0.013,0
2025-03-24 11:30:00,809.87,52.15948160000016,0.01,0
2025-03-24 12:00:00,809.91,52.17704820000006,0.008,0
2025-03-24 12:30:00,810.02,52.188137299999994,0.009,0
2025-03-24 13:00:00,810.21,52.23028080000006,0.009,0
2025-03-24 13:30:00,810.35,52.17143930000009,0.006,0
2025-03-24 14:00:00,810.56,52.20605090000004,0.007,0
2025-03-24 14:30:00,810.73,52.22309590000009,0.004,0
2025-03-24 15:00:00,810.75,52.22882010000001,0.005,0
2025-03-24 15:30:00,810.53,52.21276010000008,0.005,0
2025-03-24 16:00:00,810.49,52.24209970000015,0.004,0
2025-03-24 16:30:00,810.39,52.213478699999996,0.004,0
2025-03-24 17:00:00,810.55,52.20420850000005,0.005,0
2025-03-24 17:30:00,810.61,52.26420850000011,0.006,0
2025-03-24 18:00:00,810.66,52.28565690000005,0.009,0
2025-03-24 18:30:00,811.11,52.705065900000136,0.01,0
2025-03-24 19:00:00,811.35,53.030720700000074,0.014,0
2025-03-24 19:30:00,811.39,53.1410800000001,0.017,0
2025-03-24 20:00:00,811.4,53.22755749999999,0.021,0
2025-03-24 20:30:00,811.55,53.415286400000014,0.027,0
2025-03-24 21:00:00,811.75,53.79067480000015,0.03,0
2025-03-24 21:30:00,811.93,54.080802399999925,0.031,0
2025-03-24 22:00:00,812.08,54.33073300000001,0.035,0
2025-03-24 22:30:00,812.27,54.62168329999997,0.034,0
2025-03-24 23:00:00,812.37,54.859342800000036,0.033,0
2025-03-24 23:30:00,812.49,55.29035130000011,0.033,0
2025-03-25 00:00:00,812.94,55.72811490000004,0.032,0
2025-03-25 00:30:00,813.43,56.198740600000065,0.03,0
2025-03-25 01:00:00,813.76,56.37884470000006,0.03,0
2025-03-25 01:30:00,814.02,56.59193850000008,0.027,0
2025-03-25 02:00:00,814.29,56.75283060000004,0.027,0
2025-03-25 02:30:00,814.33,56.81934280000007,0.022,0
2025-03-25 03:00:00,814.62,56.85951630000011,0.02,0
2025-03-25 03:30:00,814.95,56.91419730000007,0.019,0
2025-03-25 04:00:00,815.03,56.92077890000007,0.018,0
2025-03-25 04:30:00,815.16,56.95900590000008,0.017,0
2025-03-25 05:00:00,815.15,56.98877420000008,0.015,0
2025-03-25 05:30:00,815.15,56.96532109999998,0.013,0
2025-03-25 06:00:00,815.12,56.94041960000004,0.012,0
2025-03-25 06:30:00,815.02,56.913838000000055,0.01,0
2025-03-25 07:00:00,815.02,56.94035020000001,0.011,0
2025-03-25 07:30:00,814.94,56.932748900000206,0.011,0
2025-03-25 08:00:00,814.71,56.905669200000034,0.009,0
2025-03-25 08:30:00,814.55,56.836422500000026,0.009,0
2025-03-25 09:00:00,814.42,56.791057600000045,0.007,0
2025-03-25 09:30:00,814.2,56.760721800000056,0.007,0
2025-03-25 10:00:00,814.06,56.694140200000106,0.005,0
2025-03-25 10:30:00,813.79,56.71985319999999,0.006,0
2025-03-25 11:00:00,813.56,56.74375850000001,0.005,0
2025-03-25 11:30:00,813.58,56.76477820000014,0.004,0
2025-03-25 12:00:00,813.6,56.74908870000013,0.001,0
2025-03-25 12:30:00,813.51,56.773295100000155,0.002,0
2025-03-25 13:00:00,813.41,56.843585000000076,0.002,0
2025-03-25 13:30:00,813.45,56.8662501,0.002,0
2025-03-25 14:00:00,813.51,56.864048400000115,-0.001,0
2025-03-25 14:30:00,813.69,56.91862530000003,0.0,0
2025-03-25 15:00:00,813.75,56.97352680000006,-0.001,0
2025-03-25 15:30:00,813.73,57.08404840000014,-0.002,0
2025-03-25 16:00:00,813.68,57.15233360000002,-0.0,0
2025-03-25 16:30:00,813.7,57.25085050000018,-0.002,0
2025-03-25 17:00:00,813.71,57.32713100000001,0.001,0
2025-03-25 17:30:00,813.85,57.46101280000005,0.002,0
2025-03-25 18:00:00,813.88,57.55729330000008,0.004,0
2025-03-25 18:30:00,814.01,57.888174200000094,0.007,0
2025-03-25 19:00:00,814.75,58.62307570000007,0.012,0
2025-03-25 19:30:00,815.06,59.03300630000001,0.017,0
2025-03-25 20:00:00,815.25,59.309680800000024,0.022,0
2025-03-25 20:30:00,815.46,59.72973900000011,0.029,0
2025-03-25 21:00:00,815.66,60.186703400000056,0.035,0
2025-03-25 21:30:00,816.02,60.68946140000003,0.038,0
2025-03-25 22:00:00,816.52,61.37708620000001,0.045,0
2025-03-25 22:30:00,816.88,61.93082920000006,0.047,0
2025-03-25 23:00:00,817.36,62.55460690000007,0.047,0
2025-03-25 23:30:00,817.9,63.158848000000035,0.045,0
2025-03-26 00:00:00,818.64,64.12624110000002,0.042,0
2025-03-26 00:30:00,819.45,64.99640340000019,0.039,0
2025-03-26 01:00:00,820.4,65.92498969999997,0.035,0
2025-03-26 01:30:00,821.51,66.95137430000011,0.031,0
2025-03-26 02:00:00,822.43,67.84588179999992,0.024,0
2025-03-26 02:30:00,823.32,68.71242870000015,0.025,0
2025-03-26 03:00:00,824.24,69.37138550000009,0.02,0
2025-03-26 03:30:00,825.09,70.11941550000006,0.015,0
2025-03-26 04:00:00,825.75,70.7620806000001,0.011,0
2025-03-26 04:30:00,826.26,71.45868570000005,0.009,0
2025-03-26 05:00:00,826.66,72.08098029999996,0.007,0
2025-03-26 05:30:00,827.16,72.72577769999998,0.003,0
2025-03-26 06:00:00,827.8,73.47182650000002,0.001,0
2025-03-26 06:30:00,828.6,74.13008820000005,0.0,0
2025-03-26 07:00:00,829.39,74.94660040000008,0.0,0
2025-03-26 07:30:00,830.11,75.59726080000007,-0.005,0
2025-03-26 08:00:00,830.79,76.36189590000004,-0.005,0
2025-03-26 08:30:00,831.48,77.0916642000002,-0.007,0
2025-03-26 09:00:00,832.1,77.87175710000008,-0.007,0
2025-03-26 09:30:00,832.67,78.68444569999997,-0.011,0
2025-03-26 10:00:00,833.31,79.4937159000001,-0.013,0
2025-03-26 10:30:00,834.03,80.33913900000005,-0.012,0
2025-03-26 11:00:00,834.87,81.24236040000005,-0.013,0
2025-03-26 11:30:00,835.67,82.08110899999997,-0.014,0
2025-03-26 12:00:00,836.45,82.92127130000017,-0.016,0
2025-03-26 12:30:00,837.04,83.7886297,-0.016,0
2025-03-26 13:00:00,837.96,84.62705370000015,-0.018,0
2025-03-26 13:30:00,838.75,85.5006691000001,-0.018,0
2025-03-26 14:00:00,839.61,86.3005068,-0.018,0
2025-03-26 14:30:00,840.47,87.16254620000007,-0.019,0
2025-03-26 15:00:00,841.15,88.02609220000011,-0.018,0
2025-03-26 15:30:00,841.83,88.86312600000008,-0.019,0
2025-03-26 16:00:00,842.46,89.69604630000003,-0.017,0
2025-03-26 16:30:00,843.2,90.52068140000006,-0.018,0
2025-03-26 17:00:00,843.96,91.1542386000001,-0.013,0
2025-03-26 17:30:00,844.9,92.05956880000008,-0.008,0
2025-03-26 18:00:00,845.53,92.80989339999996,-0.0,0
2025-03-26 18:30:00,846.05,93.4797893,0.008,0
2025-03-26 19:00:00,846.67,94.18340469999998,0.021,0
2025-03-26 19:30:00,847.44,94.99623210000016,0.034,0
2025-03-26 20:00:00,848.26,95.72649850000016,0.049,0
2025-03-26 20:30:00,848.46,96.44552580000015,0.064,0
2025-03-26 21:00:00,849.2,97.23447140000019,0.077,0
2025-03-26 21:30:00,849.95,97.8926984000002,0.09,0
2025-03-26 22:00:00,850.51,98.65561869999999,0.101,0
2025-03-26 22:30:00,851.25,99.30180630000018,0.11,0
2025-03-26 23:00:00,851.71,100.06261780000011,0.114,0
2025-03-26 23:30:00,852.23,100.6315634,0.117,0
2025-03-27 00:00:00,852.94,101.37827260000006,0.116,0
2025-03-27 00:30:00,853.58,102.04274540000006,0.115,0
2025-03-27 01:00:00,854.26,102.7706713,0.112,0
2025-03-27 01:30:00,854.86,103.44714880000004,0.112,0
2025-03-27 02:00:00,855.73,104.1030118000001,0.108,0
2025-03-27 02:30:00,856.44,104.7712041000002,0.108,0
2025-03-27 03:00:00,857.08,105.57843490000005,0.104,0
2025-03-27 03:30:00,858.05,106.25578099999996,0.101,0
2025-03-27 04:00:00,859.03,106.95944230000009,0.099,0
2025-03-27 04:30:00,859.82,107.66990570000019,0.098,0
2025-03-27 05:00:00,860.51,108.24365990000001,0.093,0
2025-03-27 05:30:00,861.06,108.86911769999995,0.091,0
2025-03-27 06:00:00,861.54,109.29609329999994,0.089,0
2025-03-27 06:30:00,861.66,109.68019560000005,0.086,0
2025-03-27 07:00:00,862.0,110.01203800000008,0.085,0
2025-03-27 07:30:00,862.03,110.25923410000007,0.084,0
2025-03-27 08:00:00,862.19,110.53038140000001,0.079,0
2025-03-27 08:30:00,862.23,110.7111000000001,0.081,0
2025-03-27 09:00:00,862.13,110.71816850000005,0.079,0
2025-03-27 09:30:00,862.33,110.89879420000011,0.079,0
2025-03-27 10:00:00,862.35,111.07480830000009,0.077,0
2025-03-27 10:30:00,862.46,111.20520230000011,0.078,0
2025-03-27 11:00:00,862.35,111.32871360000001,0.078,0
2025-03-27 11:30:00,862.42,111.46703350000007,0.073,0
2025-03-27 12:00:00,862.29,111.56442659999993,0.076,0
2025-03-27 12:30:00,861.91,111.6035233,0.075,0
2025-03-27 13:00:00,861.8,111.84531980000008,0.075,0
2025-03-27 13:30:00,862.15,111.8904295000001,0.074,0
2025-03-27 14:00:00,862.78,112.04422960000011,0.073,0
2025-03-27 14:30:00,862.72,112.13922400000001,0.074,0
2025-03-27 15:00:00,862.86,112.31797259999996,0.072,0
2025-03-27 15:30:00,862.88,112.5041837,0.073,0
2025-03-27 16:00:00,862.97,112.63701110000011,0.073,0
2025-03-27 16:30:00,863.23,112.86947920000011,0.076,0
2025-03-27 17:00:00,863.62,113.13609550000001,0.083,0
2025-03-27 17:30:00,863.66,113.26277000000005,0.097,0
2025-03-27 18:00:00,863.83,113.34711520000008,0.12,0
2025-03-27 18:30:00,863.87,113.53293229999997,0.151,0
2025-03-27 19:00:00,863.78,113.56427660000008,0.192,0
2025-03-27 19:30:00,863.56,113.66242299999999,0.235,0
2025-03-27 20:00:00,863.44,113.80448590000015,0.277,0
2025-03-27 20:30:00,862.97,113.83515860000011,0.315,0
2025-03-27 21:00:00,862.34,113.54573840000012,0.348,0
2025-03-27 21:30:00,862.11,113.53293450000001,0.377,0
2025-03-27 22:00:00,861.9,113.50648049999995,0.395,0
2025-03-27 22:30:00,862.12,113.8070368000001,0.402,0
2025-03-27 23:00:00,862.25,113.97884450000004,0.405,0
2025-03-27 23:30:00,862.34,114.10759310000003,0.403,0
2025-03-28 00:00:00,862.12,113.95387360000007,0.396,0
2025-03-28 00:30:00,862.22,113.74082570000007,0.39,0
2025-03-28 01:00:00,861.82,113.30411650000008,0.38,0
2025-03-28 01:30:00,861.11,112.86127790000012,0.37,0
2025-03-28 02:00:00,860.5,112.26249459999997,0.358,0
2025-03-28 02:30:00,859.88,111.67614470000012,0.349,0
2025-03-28 03:00:00,859.29,111.00048989999993,0.337,0
2025-03-28 03:30:00,858.25,110.21439520000001,0.326,0
2025-03-28 04:00:00,857.74,109.61262220000003,0.32,0
2025-03-28 04:30:00,857.3,108.7769786,0.307,0
2025-03-28 05:00:00,856.36,108.03174130000002,0.301,0
2025-03-28 05:30:00,855.16,107.29774420000012,0.292,0
2025-03-28 06:00:00,854.42,106.50268040000003,0.285,0
2025-03-28 06:30:00,853.61,105.81096560000003,0.278,0
2025-03-28 07:00:00,852.96,105.23642340000015,0.272,0
2025-03-28 07:30:00,852.3,104.78342249999992,0.265,0
2025-03-28 08:00:00,851.94,104.39283150000006,0.261,0
2025-03-28 08:30:00,851.54,104.10091970000008,0.255,0
2025-03-28 09:00:00,851.24,103.93959890000008,0.249,0
2025-03-28 09:30:00,850.95,103.88514960000009,0.245,0
2025-03-28 10:00:00,850.83,103.97826690000011,0.24,0
2025-03-28 10:30:00,850.94,104.10968060000005,0.237,0
2025-03-28 11:00:00,851.26,104.41132600000003,0.232,0
2025-03-28 11:30:00,851.48,104.82404930000007,0.229,0
2025-03-28 12:00:00,851.68,105.31160469999998,0.223,0
2025-03-28 12:30:00,852.0,105.8263674000001,0.219,0
2025-03-28 13:00:00,852.59,106.28584580000017,0.215,0
2025-03-28 13:30:00,853.15,106.78262440000003,0.212,0
2025-03-28 14:00:00,853.7,107.29183640000008,0.208,0
2025-03-28 14:30:00,854.33,107.78927540000018,0.204,0
2025-03-28 15:00:00,854.97,108.21207930000014,0.203,0
2025-03-28 15:30:00,855.44,108.55869560000019,0.199,0
2025-03-28 16:00:00,855.93,108.83251919999998,0.194,0
2025-03-28 16:30:00,856.33,109.13972650000017,0.193,0
2025-03-28 17:00:00,856.52,109.17269270000008,0.192,0
2025-03-28 17:30:00,856.47,109.09006230000011,0.193,0
2025-03-28 18:00:00,856.24,108.84476680000012,0.197,0
2025-03-28 18:30:00,855.83,108.46229870000002,0.203,0
2025-03-28 19:00:00,855.29,108.10992350000004,0.21,0
2025-03-28 19:30:00,854.77,107.58278560000008,0.221,0
2025-03-28 20:00:00,854.27,107.15518429999997,0.234,0
2025-03-28 20:30:00,853.79,106.81590289999997,0.245,0
2025-03-28 21:00:00,853.79,106.82202110000003,0.255,0
2025-03-28 21:30:00,853.79,106.94948360000001,0.264,0
2025-03-28 22:00:00,854.13,107.44243859999995,0.271,0
2025-03-28 22:30:00,854.23,107.67296020000015,0.276,0
2025-03-28 23:00:00,854.36,107.73871910000003,0.281,0
2025-03-28 23:30:00,854.12,107.6781863,0.285,0
2025-03-29 00:00:00,853.52,107.10265909999998,0.285,0
2025-03-29 00:30:00,852.59,106.1430878000001,0.284,0
2025-03-29 01:00:00,851.47,105.05775760000006,0.284,0
2025-03-29 01:30:00,849.91,103.71903250000003,0.282,0
2025-03-29 02:00:00,848.58,102.37067790000015,0.278,0
2025-03-29 02:30:00,847.05,100.76725950000002,0.277,0
2025-03-29 03:00:00,845.67,99.24450149999996,0.274,0
2025-03-29 03:30:00,844.09,97.64104840000016,0.269,0
2025-03-29 04:00:00,842.56,96.11002870000004,0.269,0
2025-03-29 04:30:00,841.24,94.79716659999997,0.267,0
2025-03-29 05:00:00,840.15,93.46141890000013,0.262,0
2025-03-29 05:30:00,839.03,92.3291825,0.26,0
2025-03-29 06:00:00,837.73,91.29022570000018,0.256,0
2025-03-29 06:30:00,836.42,90.18620509999994,0.254,0
2025-03-29 07:00:00,835.46,89.18745650000005,0.252,0
2025-03-29 07:30:00,834.34,88.09906720000004,0.249,0
2025-03-29 08:00:00,833.07,86.96162820000018,0.246,0
2025-03-29 08:30:00,832.17,85.91173230000004,0.244,0
2025-03-29 09:00:00,830.91,84.81386459999999,0.239,0
2025-03-29 09:30:00,829.84,83.70919480000009,0.237,0
2025-03-29 10:00:00,828.72,82.68402690000005,0.236,0
2025-03-29 10:30:00,827.63,81.82651850000002,0.232,0
2025-03-29 11:00:00,826.83,81.07342470000003,0.229,0
2025-03-29 11:30:00,826.15,80.45256730000006,0.227,0
2025-03-29 12:00:00,825.53,79.97634500000004,0.224,0
2025-03-29 12:30:00,825.25,79.58009920000006,0.22,0
2025-03-29 13:00:00,824.96,79.24013390000016,0.219,0
2025-03-29 13:30:00,824.74,78.9630307000001,0.214,0
2025-03-29 14:00:00,824.72,78.77070140000001,0.213,0
2025-03-29 14:30:00,824.65,78.57527830000004,0.209,0
2025-03-29 15:00:00,824.52,78.34432800000002,0.205,0
2025-03-29 15:30:00,824.18,78.05531299999996,0.203,0
2025-03-29 16:00:00,823.86,77.69962350000014,0.2,0
2025-03-29 16:30:00,823.54,77.3041657,0.201,0
2025-03-29 17:00:00,823.38,76.89331949999996,0.197,0
2025-03-29 17:30:00,823.2,76.50937950000014,0.198,0
2025-03-29 18:00:00,822.81,75.95010930000001,0.199,0
2025-03-29 18:30:00,822.14,75.4147097,0.2,0
2025-03-29 19:00:00,821.62,74.91408400000012,0.204,0
2025-03-29 19:30:00,821.06,74.4122069,0.204,0
2025-03-29 20:00:00,820.49,74.01861500000007,0.209,0
2025-03-29 20:30:00,819.96,73.85468730000014,0.209,0
2025-03-29 21:00:00,819.18,73.37142000000006,0.214,0
2025-03-29 21:30:00,819.09,73.18862730000001,0.215,0
2025-03-29 22:00:00,818.8,73.1810842000001,0.216,0
2025-03-29 22:30:00,818.6,73.00555700000007,0.216,0
2025-03-29 23:00:00,818.3,72.79121179999993,0.217,0
2025-03-29 23:30:00,818.51,72.59435150000013,0.213,0
2025-03-30 00:00:00,818.54,72.28479140000002,0.213,0
2025-03-30 00:30:00,818.24,72.17649500000005,0.211,0
2025-03-30 01:00:00,818.0,71.97524360000011,0.208,0
2025-03-30 01:30:00,817.9,71.70393400000012,0.207,0
2025-03-30 02:00:00,817.28,71.39596219999999,0.204,0
2025-03-30 02:30:00,817.21,70.99354000000005,0.201,0
2025-03-30 03:00:00,817.04,70.66956530000004,0.198,0
2025-03-30 03:30:00,816.64,70.26854560000004,0.198,0
2025-03-30 04:00:00,816.01,69.95465260000014,0.197,0
2025-03-30 04:30:00,815.75,69.60695840000005,0.194,0
2025-03-30 05:00:00,815.45,69.38343590000011,0.19,0
2025-03-30 05:30:00,815.3,69.06416569999999,0.193,0
2025-03-30 06:00:00,815.08,68.91656440000008,0.192,0
2025-03-30 06:30:00,814.73,68.69912540000007,0.188,0
2025-03-30 07:00:00,814.77,68.54436270000008,0.188,0
2025-03-30 07:30:00,814.23,68.37859260000005,0.183,0
2025-03-30 08:00:00,814.33,68.28586930000006,0.182,0
2025-03-30 08:30:00,813.29,68.12994919999994,0.181,0
2025-03-30 09:00:00,813.52,68.05098010000006,0.18,0
2025-03-30 09:30:00,812.38,67.88071480000008,0.179,0
2025-03-30 10:00:00,812.16,67.7749212,0.176,0
2025-03-30 10:30:00,812.09,67.62436490000005,0.174,0
2025-03-30 11:00:00,812.14,67.61930110000003,0.173,0
2025-03-30 11:30:00,811.96,67.54331050000008,0.173,0
2025-03-30 12:00:00,811.67,67.54494469999997,0.169,0
2025-03-30 12:30:00,811.69,67.53231430000017,0.167,0
2025-03-30 13:00:00,811.72,67.5409006000001,0.166,0
2025-03-30 13:30:00,811.18,67.33230309999999,0.166,0
2025-03-30 14:00:00,811.33,67.29263890000004,0.163,0
2025-03-30 14:30:00,811.6,67.30567450000001,0.163,0
2025-03-30 15:00:00,811.85,67.20387800000015,0.162,0
2025-03-30 15:30:00,811.82,67.14022790000001,0.159,0
2025-03-30 16:00:00,812.22,67.05281130000003,0.158,0
2025-03-30 16:30:00,812.42,67.04989100000012,0.155,0
2025-03-30 17:00:00,812.67,67.09799040000007,0.156,0
2025-03-30 17:30:00,812.53,66.96104950000006,0.156,0
2025-03-30 18:00:00,812.74,66.76113010000006,0.152,0
2025-03-30 18:30:00,813.07,66.89534770000012,0.153,0
2025-03-30 19:00:00,813.33,67.00953060000006,0.151,0
2025-03-30 19:30:00,813.77,66.98658679999994,0.154,0
2025-03-30 20:00:00,813.77,66.93968059999997,0.153,0
2025-03-30 20:30:00,813.75,67.04408400000011,0.154,0
2025-03-30 21:00:00,814.41,67.17078090000007,0.153,0
2025-03-30 21:30:00,814.28,66.97348069999998,0.154,0
2025-03-30 22:00:00,814.24,66.7438165000001,0.156,0
2025-03-30 22:30:00,813.93,66.56229869999993,0.154,0
2025-03-30 23:00:00,814.04,66.59990000000005,0.154,0
2025-03-30 23:30:00,814.13,66.80512610000005,0.155,0
2025-03-31 00:00:00,813.9,66.94425750000005,0.152,0
2025-03-31 00:30:00,813.76,66.7655089000001,0.155,0
2025-03-31 01:00:00,813.77,66.5756477000001,0.154,0
2025-03-31 01:30:00,813.41,66.27886910000007,0.153,0
2025-03-31 02:00:00,813.06,66.13280909999992,0.151,0
2025-03-31 02:30:00,812.56,65.79902019999997,0.151,0
2025-03-31 03:00:00,812.41,65.59803520000003,0.151,0
2025-03-31 03:30:00,812.23,65.42007460000002,0.15,0
2025-03-31 04:00:00,812.38,65.32534659999999,0.149,0
2025-03-31 04:30:00,812.31,65.09525369999994,0.149,0
2025-03-31 05:00:00,811.88,64.95892730000003,0.148,0
2025-03-31 05:30:00,811.59,64.77701550000006,0.147,0
2025-03-31 06:00:00,811.52,64.66826690000005,0.145,0
2025-03-31 06:30:00,811.28,64.4986262000001,0.144,0
2025-03-31 07:00:00,810.97,64.24980820000007,0.143,0
2025-03-31 07:30:00,810.41,64.23126890000003,0.143,0
2025-03-31 08:00:00,810.38,64.43681960000004,0.143,0
2025-03-31 08:30:00,810.01,64.11678489999997,0.141,0
2025-03-31 09:00:00,809.63,63.890759600000024,0.141,0
2025-03-31 09:30:00,809.6,63.853621700000076,0.142,0
2025-03-31 10:00:00,809.07,63.86814150000009,0.139,0
2025-03-31 10:30:00,808.68,63.64231319999999,0.138,0
2025-03-31 11:00:00,808.45,63.794700700000135,0.138,0
2025-03-31 11:30:00,808.31,63.65164160000006,0.138,0
2025-03-31 12:00:00,808.22,63.83084240000005,0.137,0
2025-03-31 12:30:00,808.58,63.91348400000004,0.135,0
2025-03-31 13:00:00,808.29,63.644897700000115,0.135,0
2025-03-31 13:30:00,808.58,63.840065600000116,0.132,0
2025-03-31 14:00:00,808.89,63.87576630000001,0.132,0
2025-03-31 14:30:00,809.3,63.92887130000008,0.132,0
2025-03-31 15:00:00,809.14,63.91774750000013,0.131,0
2025-03-31 15:30:00,808.75,63.94072600000004,0.13,0
2025-03-31 16:00:00,808.87,63.77724940000007,0.128,0
2025-03-31 16:30:00,808.33,63.702232600000116,0.126,0
2025-03-31 17:00:00,808.71,63.937435200000095,0.126,0
2025-03-31 17:30:00,808.66,63.77628790000006,0.126,0
2025-03-31 18:00:00,808.7,63.94578980000006,0.124,0
2025-03-31 18:30:00,808.36,63.59457310000005,0.123,0
2025-03-31 19:00:00,808.47,63.8942373000001,0.125,0
2025-03-31 19:30:00,808.39,63.973310500000025,0.124,0
2025-03-31 20:00:00,808.27,64.13372800000002,0.12,0
2025-03-31 20:30:00,808.38,64.29267360000006,0.122,0
2025-03-31 21:00:00,808.8,64.5954081000001,0.123,0
2025-03-31 21:30:00,808.36,64.43684530000007,0.12,0
2025-03-31 22:00:00,807.92,64.6892216,0.121,0
2025-03-31 22:30:00,807.4,64.11823660000005,0.119,0
2025-03-31 23:00:00,806.85,63.88026480000008,0.118,0
2025-03-31 23:30:00,806.77,63.80638299999998,0.118,0
2025-04-01 00:00:00,806.69,64.08531740000012,0.119,0
2025-04-01 00:30:00,807.06,64.20141209999997,0.118,0
2025-04-01 01:00:00,807.34,64.42430890000003,0.117,0
2025-04-01 01:30:00,807.46,64.31487640000012,0.115,0
2025-04-01 02:00:00,807.38,64.47858470000006,0.117,0
2025-04-01 02:30:00,807.1,64.53202660000011,0.114,0
2025-04-01 03:00:00,806.77,64.51201540000011,0.114,0
2025-04-01 03:30:00,807.07,64.45715980000011,0.113,0
2025-04-01 04:00:00,807.16,64.66748439999992,0.111,0
2025-04-01 04:30:00,807.18,64.52433240000005,0.109,0
2025-04-01 05:00:00,807.37,64.69597780000004,0.11,0
2025-04-01 05:30:00,807.53,64.61023009999997,0.109,0
2025-04-01 06:00:00,807.62,64.76753030000009,0.108,0
2025-04-01 06:30:00,807.7,64.92910630000006,0.107,0
2025-04-01 07:00:00,807.83,64.87861940000005,0.107,0
2025-04-01 07:30:00,807.91,64.87398430000007,0.108,0
2025-04-01 08:00:00,808.13,64.99507340000014,0.106,0
2025-04-01 08:30:00,808.26,65.03228070000011,0.103,0
2025-04-01 09:00:00,808.41,65.07725160000007,0.105,0
2025-04-01 09:30:00,808.55,64.95314929999995,0.103,0
2025-04-01 10:00:00,808.44,64.84212960000013,0.102,0
2025-04-01 10:30:00,808.31,64.78860710000004,0.102,0
2025-04-01 11:00:00,808.0,64.69886230000009,0.1,0
2025-04-01 11:30:00,807.7,64.6058614000001,0.101,0
2025-04-01 12:00:00,807.51,64.5545406,0.1,0
2025-04-01 12:30:00,807.52,64.58085580000011,0.102,0
2025-04-01 13:00:00,807.45,64.48332390000007,0.1,0
2025-04-01 13:30:00,807.51,64.54536330000008,0.101,0
2025-04-01 14:00:00,807.59,64.6692104,0.099,0
2025-04-01 14:30:00,807.48,64.62855000000013,0.099,0
2025-04-01 15:00:00,807.7,64.72108750000018,0.099,0
2025-04-01 15:30:00,807.75,64.67319629999997,0.099,0
2025-04-01 16:00:00,807.3,64.55357910000009,0.098,0
2025-04-01 16:30:00,807.29,64.44976670000005,0.098,0
2025-04-01 17:00:00,807.49,64.39382200000011,0.096,0
2025-04-01 17:30:00,807.51,64.20478350000008,0.095,0
2025-04-01 18:00:00,807.13,64.04911750000008,0.096,0
2025-04-01 18:30:00,806.69,63.9323624000001,0.095,0
2025-04-01 19:00:00,806.4,63.87485400000003,0.094,0
2025-04-01 19:30:00,806.38,63.98639530000014,0.095,0
2025-04-01 20:00:00,806.1,63.95520210000018,0.092,0
2025-04-01 20:30:00,806.15,64.21220119999998,0.092,0
2025-04-01 21:00:00,805.98,64.53879510000013,0.09,0
2025-04-01 21:30:00,806.03,64.73359249999999,0.091,0
2025-04-01 22:00:00,806.25,64.90974540000002,0.088,0
2025-04-01 22:30:00,806.3,65.25545840000007,0.086,0
2025-04-01 23:00:00,806.45,65.48295560000008,0.084,0
2025-04-01 23:30:00,806.55,65.82054569999991,0.082,0
2025-04-02 00:00:00,806.49,66.07155420000004,0.081,0
2025-04-02 00:30:00,806.4,66.34048860000007,0.08,0
2025-04-02 01:00:00,806.65,66.6720646,0.078,0
2025-04-02 01:30:00,806.76,66.9258423,0.078,0
2025-04-02 02:00:00,806.71,67.09609750000016,0.075,0
2025-04-02 02:30:00,806.93,67.2375806,0.074,0
2025-04-02 03:00:00,807.34,67.42936480000014,0.072,0
2025-04-02 03:30:00,807.6,67.51091730000007,0.071,0
2025-04-02 04:00:00,807.83,67.66443980000008,0.07,0
2025-04-02 04:30:00,807.9,67.67631690000007,0.071,0
2025-04-02 05:00:00,807.75,67.66193700000008,0.069,0
2025-04-02 05:30:00,807.6,67.55476440000007,0.068,0
2025-04-02 06:00:00,807.52,67.51555239999993,0.065,0
2025-04-02 06:30:00,807.21,67.39113780000014,0.067,0
2025-04-02 07:00:00,807.21,67.3136406000001,0.065,0
2025-04-02 07:30:00,807.23,67.2459464000001,0.064,0
2025-04-02 08:00:00,807.18,67.13374469999997,0.063,0
2025-04-02 08:30:00,807.11,67.0260158000001,0.065,0
2025-04-02 09:00:00,806.94,66.9783798000002,0.066,0
2025-04-02 09:30:00,806.74,66.92419690000008,0.064,0
2025-04-02 10:00:00,806.55,66.80047739999998,0.062,0
2025-04-02 10:30:00,806.45,66.7371866000002,0.063,0
2025-04-02 11:00:00,806.33,66.67123070000002,0.063,0
2025-04-02 11:30:00,806.2,66.66767350000009,0.061,0
2025-04-02 12:00:00,806.21,66.64606279999998,0.062,0
2025-04-02 12:30:00,806.14,66.61990990000004,0.06,0
2025-04-02 13:00:00,805.86,66.5091801000001,0.059,0
2025-04-02 13:30:00,805.83,66.41289960000017,0.06,0
2025-04-02 14:00:00,805.78,66.24257499999999,0.059,0
2025-04-02 14:30:00,805.99,66.19051209999998,0.061,0
2025-04-02 15:00:00,806.12,66.1328873,0.058,0
2025-04-02 15:30:00,805.96,66.01163590000021,0.059,0
2025-04-02 16:00:00,805.86,65.93304960000012,0.057,0
2025-04-02 16:30:00,805.59,65.69160120000004,0.058,0
2025-04-02 17:00:00,805.5,65.54245860000015,0.057,0
2025-04-02 17:30:00,805.45,65.37927190000016,0.055,0
2025-04-02 18:00:00,805.37,65.3023310000001,0.055,0
2025-04-02 18:30:00,805.31,65.18216870000003,0.057,0
2025-04-02 19:00:00,805.23,65.15723250000008,0.057,0
2025-04-02 19:30:00,805.3,65.26496139999995,0.058,0
2025-04-02 20:00:00,805.43,65.25220339999998,0.056,0
2025-04-02 20:30:00,805.73,65.46858800000007,0.056,0
2025-04-02 21:00:00,805.94,65.80299140000011,0.054,0
2025-04-02 21:30:00,806.02,66.03288729999997,0.055,0
2025-04-02 22:00:00,806.39,66.35802050000007,0.054,0
2025-04-02 22:30:00,806.72,66.55342010000015,0.053,0
2025-04-02 23:00:00,807.01,66.69148480000001,0.053,0
2025-04-02 23:30:00,807.46,67.12516960000005,0.05,0
2025-04-03 00:00:00,807.69,67.35313020000024,0.048,0
2025-04-03 00:30:00,807.98,67.66046510000012,0.048,0
2025-04-03 01:00:00,808.3,67.83158890000004,0.048,0
2025-04-03 01:30:00,808.46,68.00076620000016,0.047,0
2025-04-03 02:00:00,808.57,68.06487970000012,0.048,0
2025-04-03 02:30:00,808.93,68.17811230000007,0.041,0
2025-04-03 03:00:00,809.09,68.09134490000008,0.043,0
2025-04-03 03:30:00,809.2,67.96477450000009,0.043,0
2025-04-03 04:00:00,809.26,67.76679039999999,0.043,0
2025-04-03 04:30:00,809.24,67.54794890000005,0.042,0
2025-04-03 05:00:00,809.07,67.3055502000002,0.042,0
2025-04-03 05:30:00,809.07,67.1536149000001,0.041,0
2025-04-03 06:00:00,808.88,66.93200420000016,0.041,0
2025-04-03 06:30:00,808.74,66.77364960000011,0.041,0
2025-04-03 07:00:00,808.76,66.53668520000008,0.04,0
2025-04-03 07:30:00,808.91,66.36446000000012,0.04,0
2025-04-03 08:00:00,808.78,66.1253521000001,0.037,0
2025-04-03 08:30:00,808.74,65.96910630000002,0.04,0
2025-04-03 09:00:00,808.66,65.77489990000004,0.038,0
2025-04-03 09:30:00,808.33,65.48160910000013,0.039,0
2025-04-03 10:00:00,808.21,65.32286050000016,0.039,0
2025-04-03 10:30:00,807.95,65.08733330000007,0.037,0
2025-04-03 11:00:00,807.84,64.93654530000015,0.039,0
2025-04-03 11:30:00,807.51,64.72381080000014,0.04,0
2025-04-03 12:00:00,807.44,64.51309220000019,0.039,0
2025-04-03 12:30:00,807.37,64.36865410000007,0.038,0
2025-04-03 13:00:00,807.05,64.12105279999992,0.04,0
2025-04-03 13:30:00,807.02,63.941156900000124,0.039,0
2025-04-03 14:00:00,806.98,63.7828717000001,0.041,0
2025-04-03 14:30:00,806.99,63.65011370000002,0.041,0
2025-04-03 15:00:00,807.09,63.42279000000008,0.04,0
2025-04-03 15:30:00,806.98,63.19654420000006,0.039,0
2025-04-03 16:00:00,806.77,63.06710050000004,0.042,0
2025-04-03 16:30:00,806.53,62.8536127000001,0.042,0
2025-04-03 17:00:00,806.46,62.58171210000012,0.044,0
2025-04-03 17:30:00,806.41,62.49194380000006,0.044,0
2025-04-03 18:00:00,806.28,62.22836310000014,0.047,0
2025-04-03 18:30:00,806.22,62.265234599999985,0.048,0
2025-04-03 19:00:00,806.36,62.261456899999985,0.048,0
2025-04-03 19:30:00,806.49,62.399614499999984,0.05,0
2025-04-03 20:00:00,806.53,62.56197850000001,0.05,0
2025-04-03 20:30:00,806.99,62.86392500000011,0.05,0
2025-04-03 21:00:00,807.45,63.16281240000012,0.053,0
2025-04-03 21:30:00,807.8,63.428177300000016,0.051,0
2025-04-03 22:00:00,808.13,63.685778599999935,0.049,0
2025-04-03 22:30:00,808.38,63.97656660000007,0.052,0
2025-04-03 23:00:00,808.64,64.08259190000001,0.049,0
2025-04-03 23:30:00,808.92,64.17802620000009,0.05,0
2025-04-04 00:00:00,808.81,64.09963689999995,0.048,0
2025-04-04 00:30:00,808.76,63.925233500000104,0.045,0
2025-04-04 01:00:00,808.86,63.76724940000008,0.046,0
2025-04-04 01:30:00,809.0,63.6043985,0.043,0
2025-04-04 02:00:00,809.02,63.37559169999997,0.045,0
2025-04-04 02:30:00,808.96,63.14836090000017,0.043,0
2025-04-04 03:00:00,809.07,62.96978580000018,0.043,0
2025-04-04 03:30:00,809.14,62.723678800000016,0.044,0
2025-04-04 04:00:00,809.37,62.49277440000003,0.042,0
2025-04-04 04:30:00,809.6,62.34956420000003,0.04,0
2025-04-04 05:00:00,809.77,62.09434930000009,0.04,0
2025-04-04 05:30:00,809.68,61.95540370000003,0.041,0
2025-04-04 06:00:00,809.92,61.739597799999956,0.042,0
2025-04-04 06:30:00,810.0,61.59016530000008,0.041,0
2025-04-04 07:00:00,810.13,61.50194950000002,0.042,0
2025-04-04 07:30:00,810.11,61.33511270000008,0.04,0
2025-04-04 08:00:00,810.03,61.1490639000001,0.04,0
2025-04-04 08:30:00,809.96,60.959759000000076,0.042,0
2025-04-04 09:00:00,809.97,60.78723270000012,0.041,0
2025-04-04 09:30:00,809.79,60.62966610000001,0.041,0
2025-04-04 10:00:00,809.79,60.438982200000055,0.041,0
2025-04-04 10:30:00,809.87,60.351751400000126,0.04,0
2025-04-04 11:00:00,809.84,60.19938740000009,0.041,0
2025-04-04 11:30:00,809.88,60.06297930000005,0.041,0
2025-04-04 12:00:00,810.02,59.97456650000004,0.041,0
2025-04-04 12:30:00,810.01,59.85137980000013,0.042,0
2025-04-04 13:00:00,810.09,59.73763680000013,0.041,0
2025-04-04 13:30:00,809.92,59.56763680000006,0.041,0
2025-04-04 14:00:00,810.11,59.49965270000007,0.04,0
2025-04-04 14:30:00,810.26,59.37025490000008,0.04,0
2025-04-04 15:00:00,810.63,59.28750810000008,0.042,0
2025-04-04 15:30:00,810.41,59.11849310000002,0.04,0
2025-04-04 16:00:00,810.47,59.01840020000009,0.042,0
2025-04-04 16:30:00,810.25,58.89017320000005,0.038,0
2025-04-04 17:00:00,810.29,58.7935334,0.041,0
2025-04-04 17:30:00,810.42,58.78995270000007,0.043,0
2025-04-04 18:00:00,810.21,58.7431047,0.042,0
2025-04-04 18:30:00,810.52,58.803278200000136,0.044,0
2025-04-04 19:00:00,810.8,58.79776220000008,0.043,0
2025-04-04 19:30:00,810.93,58.71056610000005,0.046,0
2025-04-04 20:00:00,810.6,58.63549110000008,0.045,0
2025-04-04 20:30:00,810.86,58.628329699999995,0.048,0
2025-04-04 21:00:00,810.82,58.671945100000016,0.049,0
2025-04-04 21:30:00,810.68,58.69407739999997,0.05,0
2025-04-04 22:00:00,810.76,58.62316180000005,0.051,0
2025-04-04 22:30:00,810.76,58.52425089999997,0.051,0
2025-04-04 23:00:00,810.92,58.59961580000004,0.052,0
2025-04-04 23:30:00,810.81,58.54773869999997,0.051,0
2025-04-05 00:00:00,811.16,58.662188000000015,0.053,0
2025-04-05 00:30:00,811.25,58.5135782000001,0.049,0
2025-04-05 01:00:00,811.47,58.46641680000005,0.05,0
2025-04-05 01:30:00,811.57,58.35431920000008,0.048,0
2025-04-05 02:00:00,811.47,58.281851100000154,0.048,0
2025-04-05 02:30:00,811.44,58.135605300000066,0.047,0
2025-04-05 03:00:00,811.65,58.084562100000085,0.047,0
2025-04-05 03:30:00,811.9,58.003159600000004,0.047,0
2025-04-05 04:00:00,812.18,57.89159480000001,0.045,0
2025-04-05 04:30:00,812.5,57.851640700000075,0.043,0
2025-04-05 05:00:00,812.85,57.86208060000013,0.046,0
2025-04-05 05:30:00,812.9,57.781559000000016,0.043,0
2025-04-05 06:00:00,812.88,57.76971660000004,0.043,0
2025-04-05 06:30:00,812.79,57.75415470000007,0.043,0
2025-04-05 07:00:00,812.73,57.61155900000006,0.04,0
2025-04-05 07:30:00,812.91,57.57640230000004,0.045,0
2025-04-05 08:00:00,813.21,57.68877750000013,0.042,0
2025-04-05 08:30:00,812.87,57.48235820000002,0.04,0
2025-04-05 09:00:00,812.7,57.4377813000001,0.041,0
2025-04-05 09:30:00,812.79,57.421732500000076,0.04,0
2025-04-05 10:00:00,812.78,57.33933380000008,0.039,0
2025-04-05 10:30:00,812.84,57.26473340000007,0.039,0
2025-04-05 11:00:00,812.79,57.150492299999996,0.041,0
2025-04-05 11:30:00,812.75,57.09825590000003,0.039,0
2025-04-05 12:00:00,812.76,56.97671460000004,0.039,0
2025-04-05 12:30:00,812.76,56.917572000000064,0.039,0
2025-04-05 13:00:00,812.81,56.8982324000001,0.039,0
2025-04-05 13:30:00,812.88,56.798962200000005,0.04,0
2025-04-05 14:00:00,813.1,56.785450900000114,0.039,0
2025-04-05 14:30:00,813.28,56.73091990000012,0.037,0
2025-04-05 15:00:00,813.35,56.6061572000001,0.038,0
2025-04-05 15:30:00,813.45,56.4889611000001,0.04,0
2025-04-05 16:00:00,813.62,56.44788319999998,0.038,0
2025-04-05 16:30:00,813.53,56.2069676000001,0.04,0
2025-04-05 17:00:00,813.61,56.120756500000084,0.041,0
2025-04-05 17:30:00,813.61,56.01266830000009,0.043,0
2025-04-05 18:00:00,813.57,55.82685120000008,0.045,0
2025-04-05 18:30:00,813.37,55.86852010000007,0.047,0
2025-04-05 19:00:00,813.27,55.88986440000008,0.049,0
2025-04-05 19:30:00,813.19,55.84453420000011,0.049,0
2025-04-05 20:00:00,813.3,55.91680530000008,0.052,0
2025-04-05 20:30:00,813.17,55.835750899999994,0.054,0
2025-04-05 21:00:00,813.1,55.843248100000096,0.057,0
2025-04-05 21:30:00,812.95,55.79317870000011,0.056,0
2025-04-05 22:00:00,812.98,55.71712990000003,0.058,0
2025-04-05 22:30:00,812.91,55.76031660000001,0.06,0
2025-04-05 23:00:00,813.0,55.831961999999976,0.06,0
2025-04-05 23:30:00,813.1,55.98906520000003,0.058,0
2025-04-06 00:00:00,813.27,56.05403609999996,0.058,0
2025-04-06 00:30:00,813.5,56.11884470000007,0.057,0
2025-04-06 01:00:00,813.76,56.187141100000076,0.058,0
2025-04-06 01:30:00,813.87,56.18599380000012,0.057,0
2025-04-06 02:00:00,813.99,56.21524050000005,0.055,0
2025-04-06 02:30:00,814.14,56.25103409999997,0.053,0
2025-04-06 03:00:00,814.44,56.35219260000008,0.054,0
2025-04-06 03:30:00,814.74,56.38809030000016,0.051,0
2025-04-06 04:00:00,815.06,56.48273659999995,0.051,0
2025-04-06 04:30:00,815.22,56.55912120000005,0.051,0
2025-04-06 05:00:00,815.51,56.62580689999993,0.049,0
2025-04-06 05:30:00,815.45,56.61985100000004,0.047,0
2025-04-06 06:00:00,815.56,56.74718589999998,0.049,0
2025-04-06 06:30:00,815.72,56.868437300000096,0.046,0
2025-04-06 07:00:00,815.72,56.94695420000005,0.047,0
2025-04-06 07:30:00,815.71,57.00323470000012,0.045,0
2025-04-06 08:00:00,815.81,57.117510500000094,0.044,0
2025-04-06 08:30:00,815.8,57.17379099999994,0.043,0
2025-04-06 09:00:00,815.63,57.20365220000008,0.04,0
2025-04-06 09:30:00,815.5,57.23782390000008,0.041,0
2025-04-06 10:00:00,815.36,57.314000299999975,0.039,0
2025-04-06 10:30:00,815.23,57.289029400000004,0.039,0
2025-04-06 11:00:00,815.07,57.27892530000008,0.039,0
2025-04-06 11:30:00,814.99,57.18159040000012,0.038,0
2025-04-06 12:00:00,814.95,57.13853130000018,0.037,0
2025-04-06 12:30:00,814.85,57.04362980000019,0.038,0
2025-04-06 13:00:00,814.86,56.93942340000012,0.037,0
2025-04-06 13:30:00,814.92,56.81587740000009,0.036,0
2025-04-06 14:00:00,814.94,56.77061660000015,0.036,0
2025-04-06 14:30:00,814.8,56.67548339999996,0.036,0
2025-04-06 15:00:00,814.58,56.69817200000011,0.037,0
2025-04-06 15:30:00,814.42,56.546329600000035,0.038,0
2025-04-06 16:00:00,814.21,56.54128930000013,0.038,0
2025-04-06 16:30:00,814.03,56.48671239999999,0.037,0
2025-04-06 17:00:00,813.89,56.366086700000096,0.04,0
2025-04-06 17:30:00,813.96,56.289249900000186,0.041,0
2025-04-06 18:00:00,813.99,56.25806790000013,0.043,0
2025-04-06 18:30:00,813.85,56.13948160000018,0.046,0
2025-04-06 19:00:00,813.63,56.09079120000001,0.048,0
2025-04-06 19:30:00,813.48,56.0070717000001,0.049,0
2025-04-06 20:00:00,813.26,55.97163740000008,0.055,0
2025-04-06 20:30:00,813.23,55.921243400000094,0.059,0
2025-04-06 21:00:00,813.05,55.75144039999998,0.06,0
2025-04-06 21:30:00,813.06,55.72881000000007,0.064,0
2025-04-06 22:00:00,813.01,55.86643480000009,0.065,0
2025-04-06 22:30:00,812.71,55.856029600000056,0.065,0
2025-04-06 23:00:00,812.39,55.827663800000096,0.066,0
2025-04-06 23:30:00,812.58,55.98605310000016,0.066,0
2025-04-07 00:00:00,812.61,56.158811100000094,0.065,0
2025-04-07 00:30:00,812.77,56.23111689999996,0.067,0
2025-04-07 01:00:00,813.11,56.41612250000014,0.064,0
2025-04-07 01:30:00,813.07,56.554570000000126,0.063,0
2025-04-07 02:00:00,813.07,56.62594899999999,0.066,0
2025-04-07 02:30:00,813.27,56.766806400000064,0.065,0
2025-04-07 03:00:00,813.56,56.94667879999997,0.066,0
2025-04-07 03:30:00,813.99,57.08912340000006,0.063,0
2025-04-07 04:00:00,814.34,57.28208960000006,0.063,0
2025-04-07 04:30:00,814.54,57.48412900000005,0.062,0
2025-04-07 05:00:00,814.6,57.756226600000105,0.062,0
2025-04-07 05:30:00,814.85,58.03885700000012,0.06,0
2025-04-07 06:00:00,815.07,58.22724630000016,0.061,0
2025-04-07 06:30:00,815.22,58.53529980000019,0.061,0
2025-04-07 07:00:00,815.33,58.79723510000008,0.057,0
2025-04-07 07:30:00,815.24,59.07126800000003,0.056,0
2025-04-07 08:00:00,815.4,59.3791245000001,0.057,0
2025-04-07 08:30:00,815.38,59.69766490000006,0.056,0
2025-04-07 09:00:00,815.39,59.94933380000009,0.053,0
2025-04-07 09:30:00,815.7,60.230782200000135,0.053,0
2025-04-07 10:00:00,816.07,60.52124560000004,0.053,0
2025-04-07 10:30:00,815.85,60.76316970000016,0.052,0
2025-04-07 11:00:00,816.0,61.02125790000014,0.05,0
2025-04-07 11:30:00,816.23,61.23188360000006,0.048,0
2025-04-07 12:00:00,816.68,61.483042100000034,0.049,0
2025-04-07 12:30:00,816.82,61.658731600000124,0.048,0
2025-04-07 13:00:00,816.94,61.852150000000165,0.046,0
2025-04-07 13:30:00,816.97,62.06365660000006,0.049,0
2025-04-07 14:00:00,817.34,62.20320440000012,0.047,0
2025-04-07 14:30:00,817.35,62.330469900000026,0.045,0
2025-04-07 15:00:00,817.46,62.429253200000176,0.047,0
2025-04-07 15:30:00,817.38,62.51750370000002,0.045,0
2025-04-07 16:00:00,817.27,62.57473450000009,0.044,0
2025-04-07 16:30:00,816.96,62.61959010000021,0.045,0
2025-04-07 17:00:00,816.85,62.55547660000002,0.045,0
2025-04-07 17:30:00,817.18,62.7671914,0.046,0
2025-04-07 18:00:00,817.2,62.844294600000126,0.048,0
2025-04-07 18:30:00,817.16,62.93991470000003,0.051,0
2025-04-07 19:00:00,817.22,63.11514080000018,0.054,0
2025-04-07 19:30:00,817.23,63.2668791000001,0.057,0
2025-04-07 20:00:00,817.37,63.25392410000006,0.06,0
2025-04-07 20:30:00,817.48,63.41083030000004,0.062,0
2025-04-07 21:00:00,817.36,63.41625340000007,0.067,0
2025-04-07 21:30:00,817.46,63.68246450000015,0.069,0
2025-04-07 22:00:00,817.28,63.7553501000001,0.069,0
2025-04-07 22:30:00,817.51,63.96699550000005,0.073,0
2025-04-07 23:00:00,817.29,63.75719250000009,0.073,0
2025-04-07 23:30:00,816.93,63.366601500000115,0.073,0
2025-04-08 00:00:00,816.79,63.20008930000006,0.075,0
2025-04-08 00:30:00,816.55,62.9743651,0.077,0
2025-04-08 01:00:00,816.44,62.796045200000094,0.076,0
2025-04-08 01:30:00,816.34,62.62670560000015,0.076,0
2025-04-08 02:00:00,815.99,62.369498300000146,0.076,0
2025-04-08 02:30:00,815.77,62.29531540000005,0.076,0
2025-04-08 03:00:00,815.76,62.362812599999984,0.075,0
2025-04-08 03:30:00,815.89,62.37146830000006,0.076,0
2025-04-08 04:00:00,816.36,62.572267500000066,0.074,0
2025-04-08 04:30:00,816.87,62.777377200000046,0.074,0
2025-04-08 05:00:00,817.08,62.91089970000007,0.074,0
2025-04-08 05:30:00,817.38,63.15277680000008,0.073,0
2025-04-08 06:00:00,817.79,63.37923080000007,0.075,0
2025-04-08 06:30:00,817.98,63.666102300000034,0.074,0
2025-04-08 07:00:00,818.16,63.88485090000006,0.074,0
2025-04-08 07:30:00,818.47,64.11531430000014,0.07,0
2025-04-08 08:00:00,818.65,64.32794469999999,0.073,0
2025-04-08 08:30:00,818.72,64.52336780000019,0.07,0
2025-04-08 09:00:00,818.71,64.71322900000007,0.071,0
2025-04-08 09:30:00,818.82,64.9078641000001,0.071,0
2025-04-08 10:00:00,818.95,65.15207050000004,0.07,0
2025-04-08 10:30:00,819.06,65.34364650000009,0.069,0
2025-04-08 11:00:00,819.3,65.58262680000007,0.068,0
2025-04-08 11:30:00,819.51,65.80384349999997,0.067,0
2025-04-08 12:00:00,819.7,66.05298610000011,0.069,0
2025-04-08 12:30:00,819.92,66.18019340000001,0.067,0
2025-04-08 13:00:00,820.17,66.40877970000008,0.066,0
2025-04-08 13:30:00,820.48,66.55256860000009,0.067,0
2025-04-08 14:00:00,820.83,66.69760890000009,0.068,0
2025-04-08 14:30:00,821.18,66.81817639999997,0.066,0
2025-04-08 15:00:00,821.51,66.92486210000015,0.067,0
2025-04-08 15:30:00,821.56,66.93203469999992,0.067,0
2025-04-08 16:00:00,821.58,67.04074860000003,0.066,0
2025-04-08 16:30:00,821.57,66.95223170000008,0.069,0
2025-04-08 17:00:00,821.66,66.86684330000003,0.07,0
2025-04-08 17:30:00,821.76,66.8087898,0.072,0
2025-04-08 18:00:00,821.94,66.8134014000002,0.071,0
2025-04-08 18:30:00,822.11,66.97524380000016,0.077,0
2025-04-08 19:00:00,822.4,67.1204464000001,0.079,0
2025-04-08 19:30:00,822.2,66.88883570000007,0.083,0
2025-04-08 20:00:00,821.85,66.61633290000009,0.085,0
2025-04-08 20:30:00,821.67,66.52810590000001,0.09,0
2025-04-08 21:00:00,822.99,67.90316970000015,0.093,0
2025-04-08 21:30:00,823.1,68.01316970000016,0.094,0
2025-04-08 22:00:00,822.95,67.97941550000007,0.097,0
2025-04-08 22:30:00,822.85,67.92836110000007,0.099,0
2025-04-08 23:00:00,822.71,67.77306560000011,0.099,0
2025-04-08 23:30:00,823.19,68.44171010000014,0.098,0
2025-04-09 00:00:00,822.98,68.27759660000004,0.1,0
2025-04-09 00:30:00,823.05,68.2599024000001,0.1,0
2025-04-09 01:00:00,822.73,67.99904500000002,0.098,0
2025-04-09 01:30:00,822.5,67.59161720000009,0.098,0
2025-04-09 02:00:00,822.81,67.77415470000005,0.098,0
2025-04-09 02:30:00,823.18,68.06869689999996,0.099,0
2025-04-09 03:00:00,823.69,68.38597360000006,0.098,0
2025-04-09 03:30:00,824.28,68.65068930000007,0.1,0
2025-04-09 04:00:00,824.78,68.98243879999995,0.098,0
2025-04-09 04:30:00,825.34,69.28547440000011,0.097,0
2025-04-09 05:00:00,825.81,69.5668298999999,0.097,0
2025-04-09 05:30:00,826.19,69.92439650000017,0.096,0
2025-04-09 06:00:00,826.71,70.30469760000017,0.096,0
2025-04-09 06:30:00,827.16,70.72614599999997,0.099,0
2025-04-09 07:00:00,827.78,71.29312159999995,0.098,0
2025-04-09 07:30:00,828.38,71.83397900000011,0.098,0
2025-04-09 08:00:00,829.1,72.46322570000018,0.095,0
2025-04-09 08:30:00,829.59,72.96036360000005,0.097,0
2025-04-09 09:00:00,830.07,73.5810822000002,0.097,0
2025-04-09 09:30:00,830.96,74.49147620000008,0.098,0
2025-04-09 10:00:00,831.58,75.17571730000009,0.098,0
2025-04-09 10:30:00,832.32,75.86167320000015,0.094,0
2025-04-09 11:00:00,832.82,76.30457000000013,0.097,0
2025-04-09 11:30:00,833.43,76.7891469000001,0.095,0
2025-04-09 12:00:00,833.8,77.15710750000005,0.096,0
2025-04-09 12:30:00,834.23,77.54733920000001,0.097,0
2025-04-09 13:00:00,834.6,77.85819660000016,0.098,0
2025-04-09 13:30:00,834.96,78.07645830000013,0.096,0
2025-04-09 14:00:00,835.5,78.36765150000008,0.099,0
2025-04-09 14:30:00,835.9,78.56982970000001,0.098,0
2025-04-09 15:00:00,836.2,78.77499760000012,0.099,0
2025-04-09 15:30:00,836.38,78.88871710000001,0.099,0
2025-04-09 16:00:00,836.57,79.08483530000012,0.101,0
2025-04-09 16:30:00,836.53,79.08154450000006,0.1,0
2025-04-09 17:00:00,836.8,79.25467300000003,0.103,0
2025-04-09 17:30:00,837.33,79.61132400000008,0.106,0
2025-04-09 18:00:00,837.44,79.55817200000013,0.107,0
2025-04-09 18:30:00,837.77,79.9136645000001,0.111,0
2025-04-09 19:00:00,837.3,79.43448720000004,0.113,0
2025-04-09 19:30:00,836.94,79.23661950000007,0.117,0
2025-04-09 20:00:00,836.94,79.20602850000012,0.116,0
2025-04-09 20:30:00,837.71,79.94135870000014,0.122,0
2025-04-09 21:00:00,838.17,80.42889060000005,0.124,0
2025-04-09 21:30:00,838.12,80.40030430000013,0.126,0
2025-04-09 22:00:00,837.28,79.4848465,0.128,0
2025-04-09 22:30:00,836.41,78.69642250000004,0.129,0
2025-04-09 23:00:00,836.45,78.65892530000008,0.132,0
2025-04-09 23:30:00,836.02,78.11267950000013,0.132,0
2025-04-10 00:00:00,835.41,77.57201910000003,0.134,0
2025-04-10 00:30:00,835.31,77.36902939999993,0.137,0
2025-04-10 01:00:00,835.13,77.16251720000002,0.137,0
2025-04-10 01:30:00,834.72,76.70867010000018,0.138,0
2025-04-10 02:00:00,834.57,76.32413910000002,0.141,0
2025-04-10 02:30:00,834.55,76.1705584,0.14,0
2025-04-10 03:00:00,835.23,76.66497300000003,0.146,0
2025-04-10 03:30:00,835.87,77.13264370000013,0.146,0
2025-04-10 04:00:00,836.83,77.73676840000007,0.148,0
2025-04-10 04:30:00,837.84,78.58157700000004,0.147,0
2025-04-10 05:00:00,838.75,79.33556290000001,0.148,0
2025-04-10 05:30:00,839.46,80.12815860000012,0.151,0
2025-04-10 06:00:00,840.25,80.90898130000005,0.15,0
2025-04-10 06:30:00,840.78,81.41450850000012,0.154,0
2025-04-10 07:00:00,841.3,81.92125240000007,0.154,0
2025-04-10 07:30:00,841.82,82.30869140000004,0.154,0
2025-04-10 08:00:00,842.4,82.6531407,0.156,0
2025-04-10 08:30:00,842.73,83.06777580000016,0.157,0
2025-04-10 09:00:00,843.19,83.37686020000012,0.158,0
2025-04-10 09:30:00,843.45,83.78573640000013,0.16,0
2025-04-10 10:00:00,843.78,84.19323359999999,0.161,0
2025-04-10 10:30:00,844.07,84.49343060000012,0.165,0
2025-04-10 11:00:00,844.42,84.9056323000001,0.163,0
2025-04-10 11:30:00,844.66,85.1935582000001,0.165,0
2025-04-10 12:00:00,844.94,85.52454320000004,0.169,0
2025-04-10 12:30:00,845.1,85.72737059999997,0.17,0
2025-04-10 13:00:00,845.35,85.9865479,0.17,0
2025-04-10 13:30:00,845.61,86.20168110000009,0.172,0
2025-04-10 14:00:00,846.01,86.47319890000006,0.174,0
2025-04-10 14:30:00,846.32,86.65267730000016,0.178,0
2025-04-10 15:00:00,846.79,86.90650089999997,0.179,0
2025-04-10 15:30:00,846.89,86.96571290000009,0.181,0
2025-04-10 16:00:00,846.81,87.07435740000005,0.182,0
2025-04-10 16:30:00,846.71,87.03553940000018,0.186,0
2025-04-10 17:00:00,847.08,87.36781050000013,0.187,0
2025-04-10 17:30:00,847.6,87.75015100000007,0.191,0
2025-04-10 18:00:00,846.31,86.31535359999998,0.195,0
2025-04-10 18:30:00,847.73,87.67213220000008,0.198,0
2025-04-10 19:00:00,849.01,89.11732360000008,0.202,0
2025-04-10 19:30:00,850.21,90.26022040000021,0.205,0
2025-04-10 20:00:00,853.06,93.08268850000002,0.207,0
2025-04-10 20:30:00,855.15,95.21041739999998,0.212,0
2025-04-10 21:00:00,855.75,95.64726540000015,0.214,0
2025-04-10 21:30:00,855.1,95.07374290000007,0.216,0
2025-04-10 22:00:00,853.65,93.74814630000014,0.221,0
2025-04-10 22:30:00,852.38,92.61682550000012,0.225,0
2025-04-10 23:00:00,850.66,90.94373170000006,0.225,0
2025-04-10 23:30:00,848.88,89.20248030000005,0.23,0
2025-04-11 00:00:00,847.57,88.09845970000015,0.234,0
2025-04-11 00:30:00,846.48,87.1165479,0.239,0
2025-04-11 01:00:00,847.71,88.44341940000004,0.242,0
2025-04-11 01:30:00,849.17,90.04719709999995,0.244,0
2025-04-11 02:00:00,849.75,90.76179750000006,0.247,0
2025-04-11 02:30:00,851.03,92.14478720000011,0.248,0
2025-04-11 03:00:00,851.83,92.92847200000006,0.25,0
2025-04-11 03:30:00,852.74,93.65492600000016,0.252,0
2025-04-11 04:00:00,853.98,94.46155350000015,0.254,0
2025-04-11 04:30:00,855.87,96.0415647000001,0.255,0
2025-04-11 05:00:00,857.72,97.81610690000002,0.257,0
2025-04-11 05:30:00,859.43,99.65968759999998,0.258,0
2025-04-11 06:00:00,860.79,101.25013980000006,0.257,0
2025-04-11 06:30:00,863.04,103.5144156,0.259,0
2025-04-11 07:00:00,865.27,105.86474020000003,0.259,0
2025-04-11 07:30:00,867.1,107.69881900000007,0.258,0
2025-04-11 08:00:00,868.18,108.98887720000005,0.257,0
2025-04-11 08:30:00,868.67,109.60430029999998,0.256,0
2025-04-11 09:00:00,868.88,110.06718590000003,0.256,0
2025-04-11 09:30:00,868.96,110.36540170000012,0.257,0
2025-04-11 10:00:00,869.08,110.66996740000013,0.255,0
2025-04-11 10:30:00,869.23,111.02900590000013,0.255,0
2025-04-11 11:00:00,869.1,111.19064010000011,0.254,0
2025-04-11 11:30:00,869.14,111.19902939999997,0.255,0
2025-04-11 12:00:00,868.87,111.25227430000007,0.258,0
2025-04-11 12:30:00,869.12,111.50023490000012,0.257,0
2025-04-11 13:00:00,869.47,111.76356040000019,0.258,0
2025-04-11 13:30:00,870.01,112.15978270000005,0.26,0
2025-04-11 14:00:00,870.44,112.46232020000014,0.259,0
2025-04-11 14:30:00,870.6,112.80586620000008,0.262,0
2025-04-11 15:00:00,871.16,113.16804439999999,0.262,0
2025-04-11 15:30:00,871.13,113.44803320000005,0.26,0
2025-04-11 16:00:00,870.73,113.58745450000015,0.262,0
2025-04-11 16:30:00,870.46,113.50202020000006,0.262,0
2025-04-11 17:00:00,869.63,112.8749405000001,0.264,0
2025-04-11 17:30:00,868.46,112.32797720000008,0.264,0
2025-04-11 18:00:00,868.11,111.80156910000005,0.267,0
2025-04-11 18:30:00,868.3,111.86206719999996,0.268,0
2025-04-11 19:00:00,868.23,111.8308158000001,0.272,0
2025-04-11 19:30:00,867.36,110.90575200000012,0.275,0
2025-04-11 20:00:00,866.9,110.3906882,0.278,0
2025-04-11 20:30:00,866.99,110.66525390000004,0.278,0
2025-04-11 21:00:00,866.85,110.62416480000002,0.281,0
2025-04-11 21:30:00,864.8,109.11358610000002,0.281,0
2025-04-11 22:00:00,863.09,107.3638178000001,0.284,0
2025-04-11 22:30:00,862.12,106.89652990000013,0.286,0
2025-04-11 23:00:00,862.39,107.27767719999997,0.29,0
2025-04-11 23:30:00,861.15,106.44963600000005,0.291,0
2025-04-12 00:00:00,860.47,105.72884800000008,0.292,0
2025-04-12 00:30:00,859.98,105.33877859999996,0.294,0
2025-04-12 01:00:00,859.35,105.19823459999998,0.297,0
2025-04-12 01:30:00,858.76,104.54297380000003,0.298,0
2025-04-12 02:00:00,858.71,104.5184663,0.299,0
2025-04-12 02:30:00,858.93,105.04641570000001,0.303,0
2025-04-12 03:00:00,859.01,105.0682928,0.303,0
2025-04-12 03:30:00,858.95,105.01645040000005,0.304,0
2025-04-12 04:00:00,859.07,105.15990350000015,0.305,0
2025-04-12 04:30:00,859.49,105.4269485000001,0.305,0
2025-04-12 05:00:00,859.77,105.57744660000003,0.309,0
2025-04-12 05:30:00,858.18,104.0955348,0.311,0
2025-04-12 06:00:00,859.42,105.48033220000002,0.311,0
2025-04-12 06:30:00,859.96,106.15493260000005,0.313,0
2025-04-12 07:00:00,860.49,106.5554307000001,0.312,0
2025-04-12 07:30:00,860.64,107.01745890000007,0.315,0
2025-04-12 08:00:00,860.98,107.31769059999999,0.314,0
2025-04-12 08:30:00,861.02,107.65748240000016,0.316,0
2025-04-12 09:00:00,861.06,107.91875730000004,0.315,0
2025-04-12 09:30:00,860.87,108.15907070000003,0.315,0
2025-04-12 10:00:00,860.64,108.31145820000006,0.317,0
2025-04-12 10:30:00,860.64,108.50927999999999,0.318,0
2025-04-12 11:00:00,860.84,108.66645260000007,0.318,0
2025-04-12 11:30:00,860.92,108.80865430000006,0.318,0
2025-04-12 12:00:00,860.79,108.78062430000011,0.319,0
2025-04-12 12:30:00,860.86,108.84144700000013,0.32,0
2025-04-12 13:00:00,861.05,108.89582690000009,0.32,0
2025-04-12 13:30:00,860.78,108.73187569999993,0.32,0
2025-04-12 14:00:00,860.8,108.67437849999999,0.317,0
2025-04-12 14:30:00,860.81,108.61707830000012,0.321,0
2025-04-12 15:00:00,860.6,108.4437875000001,0.318,0
2025-04-12 15:30:00,860.18,108.18591979999997,0.321,0
2025-04-12 16:00:00,859.65,107.78032320000011,0.32,0
2025-04-12 16:30:00,859.46,107.71064780000006,0.322,0
2025-04-12 17:00:00,858.18,106.37660369999992,0.325,0
2025-04-12 17:30:00,857.5,105.53651080000009,0.329,0
2025-04-12 18:00:00,856.46,104.52608210000005,0.332,0
2025-04-12 18:30:00,854.14,102.28255960000013,0.335,0
2025-04-12 19:00:00,852.69,100.97225850000018,0.338,0
2025-04-12 19:30:00,850.53,98.95399680000003,0.345,0
2025-04-12 20:00:00,848.87,97.31031200000018,0.348,0
2025-04-12 20:30:00,847.28,95.9191535,0.354,0
2025-04-12 21:00:00,844.75,93.49724170000002,0.355,0
2025-04-12 21:30:00,843.98,92.75069480000013,0.357,0
2025-04-12 22:00:00,843.5,92.3981573000001,0.36,0
2025-04-12 22:30:00,843.0,92.16735810000011,0.362,0
2025-04-12 23:00:00,842.06,91.2895598,0.359,0
2025-04-12 23:30:00,842.06,91.37929339999994,0.359,0
2025-04-13 00:00:00,841.55,91.00593320000007,0.357,0
2025-04-13 00:30:00,841.38,90.9113910000001,0.358,0
2025-04-13 01:00:00,840.57,90.28901580000013,0.356,0
2025-04-13 01:30:00,839.98,89.68372030000012,0.357,0
2025-04-13 02:00:00,839.31,89.15036010000006,0.355,0
2025-04-13 02:30:00,839.48,89.45801960000006,0.356,0
2025-04-13 03:00:00,840.03,89.7265824000001,0.356,0
2025-04-13 03:30:00,840.3,89.71310580000011,0.357,0
2025-04-13 04:00:00,840.6,89.86524930000019,0.358,0
2025-04-13 04:30:00,841.42,90.36710289999996,0.36,0
2025-04-13 05:00:00,841.91,90.86526050000009,0.36,0
2025-04-13 05:30:00,842.39,91.34831960000008,0.36,0
2025-04-13 06:00:00,842.81,91.7550635,0.359,0
2025-04-13 06:30:00,843.22,92.24154099999998,0.36,0
2025-04-13 07:00:00,843.62,92.69864419999999,0.36,0
2025-04-13 07:30:00,843.98,92.95769389999998,0.363,0
2025-04-13 08:00:00,844.09,93.16864420000002,0.361,0
2025-04-13 08:30:00,844.06,93.31199320000007,0.36,0
2025-04-13 09:00:00,844.23,93.49320990000012,0.357,0
2025-04-13 09:30:00,844.25,93.6569876000001,0.36,0
2025-04-13 10:00:00,844.24,93.70307109999999,0.355,0
2025-04-13 10:30:00,844.13,93.63283940000008,0.355,0
2025-04-13 11:00:00,843.82,93.38504110000008,0.354,0
2025-04-13 11:30:00,843.65,93.3588188,0.353,0
2025-04-13 12:00:00,843.0,92.79957210000009,0.351,0
2025-04-13 12:30:00,842.74,92.47329160000004,0.35,0
2025-04-13 13:00:00,842.4,91.99971090000008,0.349,0
2025-04-13 13:30:00,842.12,91.43827369999997,0.349,0
2025-04-13 14:00:00,841.97,91.08229430000017,0.348,0
2025-04-13 14:30:00,841.71,90.63263010000014,0.349,0
2025-04-13 15:00:00,841.33,90.25772860000006,0.347,0
2025-04-13 15:30:00,841.09,89.84030080000014,0.349,0
2025-04-13 16:00:00,840.72,89.43665070000009,0.349,0
2025-04-13 16:30:00,840.37,88.9724443,0.351,0
2025-04-13 17:00:00,839.9,88.35050899999999,0.353,0
2025-04-13 17:30:00,839.97,88.30018440000015,0.352,0
2025-04-13 18:00:00,839.24,87.51919940000005,0.355,0
2025-04-13 18:30:00,839.13,87.07167870000012,0.356,0
2025-04-13 19:00:00,838.99,86.89802859999998,0.358,0
2025-04-13 19:30:00,838.53,86.39316180000003,0.36,0
2025-04-13 20:00:00,838.25,86.22532880000006,0.36,0
2025-04-13 20:30:00,836.57,84.42806330000008,0.361,0
2025-04-13 21:00:00,836.8,84.72026500000004,0.365,0
2025-04-13 21:30:00,836.91,84.71503889999997,0.368,0
2025-04-13 22:00:00,837.73,85.59622090000005,0.371,0
2025-04-13 22:30:00,838.33,86.17684659999998,0.375,0
2025-04-13 23:00:00,837.93,86.00729880000006,0.377,0
2025-04-13 23:30:00,836.76,84.77407740000001,0.378,0
2025-04-14 00:00:00,836.54,84.61525940000001,0.383,0
2025-04-14 00:30:00,837.17,85.11473780000006,0.386,0
2025-04-14 01:00:00,835.55,83.38257080000005,0.387,0
2025-04-14 01:30:00,837.7,85.3388278000001,0.389,0
2025-04-14 02:00:00,838.88,86.40666080000005,0.391,0
2025-04-14 02:30:00,839.12,86.41518890000009,0.392,0
2025-04-14 03:00:00,840.65,87.69332300000008,0.394,0
2025-04-14 03:30:00,841.37,88.05030980000015,0.394,0
2025-04-14 04:00:00,842.08,88.51150300000018,0.399,0
2025-04-14 04:30:00,842.95,89.19999640000003,0.398,0
2025-04-14 05:00:00,843.61,89.8120705,0.4,0
2025-04-14 05:30:00,843.91,90.21607989999995,0.402,0
2025-04-14 06:00:00,844.16,90.58538480000004,0.403,0
2025-04-14 06:30:00,844.41,90.9179805,0.403,0
2025-04-14 07:00:00,844.45,91.02833980000014,0.406,0
2025-04-14 07:30:00,844.39,90.92755179999995,0.405,0
2025-04-14 08:00:00,843.7,90.29669440000009,0.405,0
2025-04-14 08:30:00,843.48,90.1745856,0.408,0
2025-04-14 09:00:00,842.73,89.50106310000012,0.411,0
2025-04-14 09:30:00,842.45,89.25879200000008,0.412,0
2025-04-14 10:00:00,842.37,89.08497960000011,0.413,0
2025-04-14 10:30:00,841.89,88.68961469999999,0.414,0
2025-04-14 11:00:00,841.32,88.01866440000015,0.416,0
2025-04-14 11:30:00,840.88,87.49402930000008,0.415,0
2025-04-14 12:00:00,840.47,87.12277790000007,0.418,0
2025-04-14 12:30:00,840.01,86.74333420000016,0.418,0
2025-04-14 13:00:00,839.74,86.44988110000008,0.418,0
2025-04-14 13:30:00,839.34,85.97238390000018,0.421,0
2025-04-14 14:00:00,839.12,85.73606870000003,0.421,0
2025-04-14 14:30:00,838.87,85.46363530000008,0.423,0
2025-04-14 15:00:00,838.92,85.51363530000003,0.425,0
2025-04-14 15:30:00,838.67,85.33195520000004,0.424,0
2025-04-14 16:00:00,838.03,84.61445800000013,0.426,0
2025-04-14 16:30:00,837.77,84.24127130000011,0.428,0
2025-04-14 17:00:00,838.04,84.48781819999999,0.431,0
2025-04-14 17:30:00,837.52,83.86686789999999,0.433,0
2025-04-14 18:00:00,836.49,82.73897670000008,0.434,0
2025-04-14 18:30:00,835.76,81.86825810000005,0.437,0
2025-04-14 19:00:00,834.51,80.72634630000005,0.439,0
2025-04-14 19:30:00,833.15,79.30414459999997,0.443,0
2025-04-14 20:00:00,831.41,77.7578876,0.446,0
2025-04-14 20:30:00,830.93,77.38087729999995,0.451,0
2025-04-14 21:00:00,829.95,76.34785290000002,0.451,0
2025-04-14 21:30:00,829.72,76.20758650000005,0.454,0
2025-04-14 22:00:00,829.83,76.42771410000012,0.455,0
2025-04-14 22:30:00,829.75,76.52310249999994,0.459,0
2025-04-14 23:00:00,830.35,77.33520010000007,0.455,0
2025-04-14 23:30:00,830.32,77.23789990000012,0.456,0
2025-04-15 00:00:00,830.27,77.31638210000006,0.456,0
2025-04-15 00:30:00,831.36,78.35335770000006,0.456,0
2025-04-15 01:00:00,833.21,80.09730890000003,0.455,0
2025-04-15 01:30:00,832.54,79.38550120000002,0.457,0
2025-04-15 02:00:00,833.96,80.72290550000014,0.457,0
2025-04-15 02:30:00,833.12,79.78603400000009,0.457,0
2025-04-15 03:00:00,834.84,81.38468970000008,0.459,0
2025-04-15 03:30:00,836.41,82.64164180000012,0.46,0
2025-04-15 04:00:00,840.0,85.73606760000007,0.462,0
2025-04-15 04:30:00,840.86,86.33706380000001,0.464,0
2025-04-15 05:00:00,841.16,86.61666980000007,0.466,0
2025-04-15 05:30:00,841.26,86.79110790000004,0.466,0
2025-04-15 06:00:00,841.22,86.87755070000003,0.469,0
2025-04-15 06:30:00,840.16,85.80837340000005,0.469,0
2025-04-15 07:00:00,839.92,85.60610229999998,0.471,0
2025-04-15 07:30:00,839.61,85.39705260000005,0.472,0
2025-04-15 08:00:00,839.29,85.21573180000007,0.472,0
2025-04-15 08:30:00,838.6,84.75210520000007,0.476,0
2025-04-15 09:00:00,838.17,84.50769059999993,0.475,0
2025-04-15 09:30:00,837.73,84.36238390000017,0.478,0
2025-04-15 10:00:00,837.2,83.99553590000005,0.48,0
2025-04-15 10:30:00,836.8,83.70056499999998,0.48,0
2025-04-15 11:00:00,836.34,83.31398339999998,0.482,0
2025-04-15 11:30:00,836.33,83.32539710000015,0.482,0
2025-04-15 12:00:00,835.87,82.93371700000012,0.482,0
2025-04-15 12:30:00,835.54,82.58230330000004,0.481,0
2025-04-15 13:00:00,835.11,82.16250030000003,0.482,0
2025-04-15 13:30:00,834.92,81.96026389999997,0.482,0
2025-04-15 14:00:00,834.95,81.81997400000012,0.481,0
2025-04-15 14:30:00,834.71,81.46576760000005,0.48,0
2025-04-15 15:00:00,834.42,81.1808661,0.481,0
2025-04-15 15:30:00,833.61,80.53809690000003,0.48,0
2025-04-15 16:00:00,833.17,80.07362410000007,0.48,0
2025-04-15 16:30:00,833.18,80.04487549999999,0.482,0
2025-04-15 17:00:00,833.68,80.54181640000002,0.48,0
2025-04-15 17:30:00,832.61,79.4687573000001,0.483,0
2025-04-15 18:00:00,831.02,77.83491020000008,0.486,0
2025-04-15 18:30:00,830.41,77.32688020000012,0.486,0
2025-04-15 19:00:00,831.2,78.37078550000001,0.489,0
2025-04-15 19:30:00,827.98,75.42814390000012,0.49,0
2025-04-15 20:00:00,827.86,75.60487660000013,0.492,0
2025-04-15 20:30:00,829.86,77.75171340000009,0.493,0
2025-04-15 21:00:00,827.21,74.93550230000005,0.495,0
2025-04-15 21:30:00,829.59,76.91985870000008,0.499,0
2025-04-15 22:00:00,827.2,74.96832970000003,0.498,0
2025-04-15 22:30:00,826.52,74.6095352000001,0.498,0
2025-04-15 23:00:00,826.75,74.68046200000003,0.496,0
2025-04-15 23:30:00,826.05,73.92743759999996,0.493,0
2025-04-16 00:00:00,827.28,75.30529410000008,0.491,0
2025-04-16 00:30:00,825.97,73.86885130000019,0.482,0
2025-04-16 01:00:00,827.39,75.94961690000002,0.482,0
2025-04-16 01:30:00,828.17,76.69596680000006,0.478,0
2025-04-16 02:00:00,827.56,76.3398721000001,0.473,0
2025-04-16 02:30:00,827.54,76.27908409999998,0.466,0
2025-04-16 03:00:00,827.83,76.52931580000006,0.461,0
2025-04-16 03:30:00,827.65,76.38194620000013,0.455,0
2025-04-16 04:00:00,827.92,76.49083360000009,0.451,0
2025-04-16 04:30:00,828.2,76.66682420000006,0.444,0
2025-04-16 05:00:00,827.74,76.24353340000005,0.442,0
2025-04-16 05:30:00,827.56,76.21954749999998,0.433,0
2025-04-16 06:00:00,827.06,75.80214319999993,0.431,0
2025-04-16 06:30:00,827.06,75.93266479999988,0.43,0
2025-04-16 07:00:00,826.65,75.56855130000008,0.427,0
2025-04-16 07:30:00,826.24,75.27173800000003,0.423,0
2025-04-16 08:00:00,825.78,74.93920050000008,0.42,0
2025-04-16 08:30:00,825.46,74.77623430000017,0.417,0
2025-04-16 09:00:00,824.54,74.1448094000001,0.417,0
2025-04-16 09:30:00,824.17,74.06542390000004,0.412,0
2025-04-16 10:00:00,823.77,73.79594550000002,0.409,0
2025-04-16 10:30:00,823.06,73.18485640000006,0.407,0
2025-04-16 11:00:00,822.95,73.13501870000016,0.403,0
2025-04-16 11:30:00,822.16,72.50511159999996,0.402,0
2025-04-16 12:00:00,821.79,72.30948030000002,0.392,0
2025-04-16 12:30:00,821.42,71.89767260000008,0.387,0
2025-04-16 13:00:00,821.06,71.59273639999992,0.385,0
2025-04-16 13:30:00,821.03,71.51990899999998,0.385,0
2025-04-16 14:00:00,820.77,71.31395310000005,0.384,0
2025-04-16 14:30:00,820.49,71.10329270000011,0.384,0
2025-04-16 15:00:00,820.41,70.97944560000008,0.381,0
2025-04-16 15:30:00,819.93,70.65444000000002,0.379,0
2025-04-16 16:00:00,819.52,70.38515860000007,0.378,0
2025-04-16 16:30:00,819.74,70.66532089999998,0.38,0
2025-04-16 17:00:00,818.85,69.89360610000006,0.38,0
2025-04-16 17:30:00,819.14,70.23357140000007,0.383,0
2025-04-16 18:00:00,817.83,69.0020883000002,0.383,0
2025-04-16 18:30:00,817.63,68.86938850000001,0.387,0
2025-04-16 19:00:00,816.82,68.28780130000007,0.39,0
2025-04-16 19:30:00,816.88,68.48342140000011,0.401,0
2025-04-16 20:00:00,815.6,67.21973660000003,0.405,0
2025-04-16 20:30:00,815.65,67.42473100000007,0.413,0
2025-04-16 21:00:00,814.97,66.90278450000005,0.418,0
2025-04-16 21:30:00,814.29,66.29620290000003,0.426,0
2025-04-16 22:00:00,814.5,66.72645810000006,0.429,0
2025-04-16 22:30:00,814.57,66.8596795000002,0.433,0
2025-04-16 23:00:00,812.69,65.0520782000001,0.435,0
2025-04-16 23:30:00,813.73,66.27664390000007,0.438,0
2025-04-17 00:00:00,813.25,65.97203230000014,0.441,0
2025-04-17 00:30:00,812.95,65.81173120000017,0.446,0
2025-04-17 01:00:00,814.84,67.67317960000003,0.447,0
2025-04-17 01:30:00,814.45,67.3209085000002,0.449,0
2025-04-17 02:00:00,813.58,66.49373590000016,0.452,0
2025-04-17 02:30:00,812.91,65.83903139999995,0.457,0
2025-04-17 03:00:00,813.0,65.87906610000016,0.457,0
2025-04-17 03:30:00,813.7,66.32414110000013,0.459,0
2025-04-17 04:00:00,814.21,66.63122080000016,0.456,0
2025-04-17 04:30:00,813.95,66.31819640000015,0.458,0
2025-04-17 05:00:00,813.79,66.21326020000004,0.455,0
2025-04-17 05:30:00,813.42,65.96052569999995,0.456,0
2025-04-17 06:00:00,813.5,66.03542719999996,0.451,0
2025-04-17 06:30:00,813.4,66.03025930000013,0.454,0
2025-04-17 07:00:00,813.2,65.86798820000013,0.454,0
2025-04-17 07:30:00,812.85,65.57917020000014,0.453,0
2025-04-17 08:00:00,812.65,65.54232220000006,0.451,0
2025-04-17 08:30:00,812.41,65.44813929999998,0.449,0
2025-04-17 09:00:00,812.42,65.70796580000001,0.45,0
2025-04-17 09:30:00,811.58,64.99134950000018,0.447,0
2025-04-17 10:00:00,811.56,64.96523130000003,0.447,0
2025-04-17 10:30:00,811.49,65.01861500000007,0.448,0
2025-04-17 11:00:00,811.17,64.87808220000011,0.445,0
2025-04-17 11:30:00,810.95,64.74781580000013,0.442,0
2025-04-17 12:00:00,810.91,64.70781580000005,0.441,0
2025-04-17 12:30:00,810.72,64.4331807000001,0.438,0
2025-04-17 13:00:00,810.57,64.4147220000001,0.438,0
2025-04-17 13:30:00,810.66,64.50880080000013,0.436,0
2025-04-17 14:00:00,810.71,64.32223040000008,0.435,0
2025-04-17 14:30:00,810.42,64.03528949999998,0.43,0
2025-04-17 15:00:00,810.51,63.988649699999996,0.432,0
2025-04-17 15:30:00,810.53,64.1656835,0.432,0
2025-04-17 16:00:00,809.8,63.49278670000001,0.43,0
2025-04-17 16:30:00,809.8,63.597815800000035,0.431,0
2025-04-17 17:00:00,810.13,63.77384110000003,0.435,0
2025-04-17 17:30:00,810.59,64.09414220000008,0.438,0
2025-04-17 18:00:00,810.14,63.46059620000017,0.445,0
2025-04-17 18:30:00,809.34,62.699344800000176,0.451,0
2025-04-17 19:00:00,809.67,63.022206900000015,0.462,0
2025-04-17 19:30:00,809.52,62.90177820000008,0.479,0
2025-04-17 20:00:00,809.23,62.61279790000003,0.498,0
2025-04-17 20:30:00,808.18,61.55667970000002,0.519,0
2025-04-17 21:00:00,810.08,63.5005268000001,0.549,0
2025-04-17 21:30:00,808.74,62.106482700000015,0.582,0
2025-04-17 22:00:00,810.03,63.568812000000094,0.613,0
2025-04-17 22:30:00,809.96,63.55999400000019,0.642,0
2025-04-17 23:00:00,811.21,64.65499960000011,0.663,0
2025-04-17 23:30:00,811.81,65.26723600000003,0.684,0
2025-04-18 00:00:00,812.07,65.52519660000019,0.701,0
2025-04-18 00:30:00,811.66,65.08664499999998,0.713,0
2025-04-18 01:00:00,812.34,65.5045821000001,0.718,0
2025-04-18 01:30:00,812.6,65.80842920000009,0.725,0
2025-04-18 02:00:00,813.97,67.32628570000008,0.729,0
2025-04-18 02:30:00,813.97,67.3028326000001,0.731,0
2025-04-18 03:00:00,814.75,67.8799123,0.733,0
2025-04-18 03:30:00,815.29,68.30876500000011,0.731,0
2025-04-18 04:00:00,815.93,68.68466269999999,0.729,0
2025-04-18 04:30:00,816.31,68.88009699999998,0.727,0
2025-04-18 05:00:00,816.33,68.66658570000016,0.725,0
2025-04-18 05:30:00,816.67,69.11977239999999,0.723,0
2025-04-18 06:00:00,816.06,68.55259979999994,0.719,0
2025-04-18 06:30:00,814.96,67.49338780000016,0.715,0
2025-04-18 07:00:00,816.22,68.61776770000006,0.714,0
2025-04-18 07:30:00,815.89,68.31835870000009,0.712,0
2025-04-18 08:00:00,816.03,68.63680620000002,0.71,0
2025-04-18 08:30:00,814.94,67.71403700000019,0.708,0
2025-04-18 09:00:00,814.54,67.44557830000008,0.703,0
2025-04-18 09:30:00,814.1,67.14527720000012,0.704,0
2025-04-18 10:00:00,813.94,67.02606520000006,0.702,0
2025-04-18 10:30:00,813.5,66.70740950000004,0.702,0
2025-04-18 11:00:00,813.28,66.46497610000006,0.699,0
2025-04-18 11:30:00,813.3,66.50333069999999,0.7,0
2025-04-18 12:00:00,812.62,66.05990110000005,0.699,0
2025-04-18 12:30:00,812.13,65.6168073,0.696,0
2025-04-18 13:00:00,812.26,65.69174350000003,0.695,0
2025-04-18 13:30:00,812.03,65.41483730000004,0.693,0
2025-04-18 14:00:00,811.62,64.86105960000009,0.695,0
2025-04-18 14:30:00,811.49,64.62501080000004,0.694,0
2025-04-18 15:00:00,811.48,64.5324151000001,0.694,0
2025-04-18 15:30:00,811.43,64.47119840000005,0.693,0
2025-04-18 16:00:00,811.02,64.07853330000012,0.695,0
2025-04-18 16:30:00,811.48,64.55280909999999,0.696,0
2025-04-18 17:00:00,811.86,64.94300610000005,0.698,0
2025-04-18 17:30:00,811.94,64.80988880000018,0.701,0
2025-04-18 18:00:00,811.21,64.13189350000016,0.707,0
2025-04-18 18:30:00,810.9,63.96873029999995,0.712,0
2025-04-18 19:00:00,810.79,63.486539799999946,0.719,0
2025-04-18 19:30:00,812.89,65.39891499999999,0.728,0
2025-04-18 20:00:00,813.12,65.4881964000001,0.744,0
2025-04-18 20:30:00,811.72,64.02905380000004,0.766,0
2025-04-18 21:00:00,811.86,64.09767480000016,0.789,0
2025-04-18 21:30:00,811.45,63.60303970000007,0.814,0
2025-04-18 22:00:00,811.63,63.617848300000105,0.839,0
2025-04-18 22:30:00,811.05,63.036828600000035,0.864,0
2025-04-18 23:00:00,815.15,66.99305090000007,0.883,0
2025-04-18 23:30:00,813.47,65.1753914000002,0.905,0
2025-04-19 00:00:00,811.11,62.56352550000008,0.922,0
2025-04-19 00:30:00,811.72,62.849260900000104,0.934,0
2025-04-19 01:00:00,811.49,62.30111450000004,0.943,0
2025-04-19 01:30:00,811.95,62.56023360000006,0.953,0
2025-04-19 02:00:00,811.87,62.326258900000084,0.958,0
2025-04-19 02:30:00,812.25,62.28920160000007,0.964,0
2025-04-19 03:00:00,812.82,62.56042950000017,0.967,0
2025-04-19 03:30:00,812.63,62.17974560000005,0.966,0
2025-04-19 04:00:00,813.27,62.281344000000104,0.967,0
2025-04-19 04:30:00,813.38,62.1904631000001,0.965,0
2025-04-19 05:00:00,813.47,62.17135520000011,0.965,0
2025-04-19 05:30:00,813.47,62.20092650000004,0.96,0
2025-04-19 06:00:00,813.61,62.23181860000011,0.959,0
2025-04-19 06:30:00,813.32,61.92346400000008,0.955,0
2025-04-19 07:00:00,813.88,62.170416100000125,0.954,0
2025-04-19 07:30:00,814.0,62.34955869999999,0.948,0
2025-04-19 08:00:00,814.25,62.27835320000008,0.947,0
2025-04-19 08:30:00,813.89,61.99177159999999,0.944,0
2025-04-19 09:00:00,813.46,61.7320615000001,0.942,0
2025-04-19 09:30:00,813.07,61.50113470000019,0.938,0
2025-04-19 10:00:00,812.78,61.30494710000005,0.937,0
2025-04-19 10:30:00,812.6,61.050509000000034,0.936,0
2025-04-19 11:00:00,812.52,61.112247300000035,0.934,0
2025-04-19 11:30:00,812.72,61.193962100000135,0.931,0
2025-04-19 12:00:00,812.57,61.11432140000011,0.928,0
2025-04-19 12:30:00,812.39,61.03629139999998,0.926,0
2025-04-19 13:00:00,812.72,61.04406620000009,0.924,0
2025-04-19 13:30:00,812.94,60.82049670000015,0.921,0
2025-04-19 14:00:00,812.88,60.59020680000003,0.92,0
2025-04-19 14:30:00,812.72,60.22524710000016,0.919,0
2025-04-19 15:00:00,812.12,59.39683430000002,0.917,0
2025-04-19 15:30:00,812.08,59.40679960000011,0.916,0
2025-04-19 16:00:00,812.12,59.38969640000016,0.915,0
2025-04-19 16:30:00,812.12,59.48044970000012,0.919,0
2025-04-19 17:00:00,812.59,59.907622300000185,0.92,0
2025-04-19 17:30:00,813.44,60.62608100000011,0.924,0
2025-04-19 18:00:00,814.05,61.22486429999992,0.927,0
2025-04-19 18:30:00,814.53,61.75075079999999,0.93,0
2025-04-19 19:00:00,813.96,61.08795810000004,0.939,0
2025-04-19 19:30:00,813.07,60.175524700000096,0.948,0
2025-04-19 20:00:00,812.97,59.967436500000076,0.961,0
2025-04-19 20:30:00,813.25,60.0332995,0.978,0
2025-04-19 21:00:00,813.25,59.97109780000005,1.0,0
2025-04-19 21:30:00,813.37,59.93712310000012,1.02,0
2025-04-19 22:00:00,814.59,61.45487550000007,1.045,0
2025-04-19 22:30:00,813.33,60.26115600000003,1.071,0
2025-04-19 23:00:00,814.52,61.46747120000009,1.096,0
2025-04-19 23:30:00,814.37,61.17573290000007,1.124,0
2025-04-20 00:00:00,814.87,61.779742300000066,1.146,0
2025-04-20 00:30:00,814.75,61.54043740000009,1.167,0
2025-04-20 01:00:00,815.02,61.79106310000009,1.188,0
2025-04-20 01:30:00,817.96,64.65560530000005,1.204,0
2025-04-20 02:00:00,817.31,63.874063999999976,1.217,0
2025-04-20 02:30:00,816.72,63.25755179999999,1.226,0
2025-04-20 03:00:00,817.83,64.09121310000012,1.234,0
2025-04-20 03:30:00,818.37,64.46500200000014,1.239,0
2025-04-20 04:00:00,818.79,64.7453031,1.239,0
2025-04-20 04:30:00,818.94,64.74846630000002,1.239,0
2025-04-20 05:00:00,819.09,64.85359950000009,1.237,0
2025-04-20 05:30:00,819.16,65.04494380000006,1.232,0
2025-04-20 06:00:00,818.82,64.61419050000018,1.228,0
2025-04-20 06:30:00,818.71,64.55823459999999,1.224,0
2025-04-20 07:00:00,818.85,64.74616049999997,1.22,0
2025-04-20 07:30:00,818.5,64.45734249999998,1.213,0
2025-04-20 08:00:00,818.34,64.38299730000017,1.208,0
2025-04-20 08:30:00,818.11,64.22437630000002,1.204,0
2025-04-20 09:00:00,817.61,63.90996170000005,1.197,0
2025-04-20 09:30:00,817.33,63.830842600000096,1.195,0
2025-04-20 10:00:00,817.15,63.67837450000013,1.189,0
2025-04-20 10:30:00,816.81,63.30778350000003,1.185,0
2025-04-20 11:00:00,816.54,63.11833980000006,1.181,0
2025-04-20 11:30:00,816.42,62.96672909999995,1.175,0
2025-04-20 12:00:00,816.15,62.71202460000006,1.172,0
2025-04-20 12:30:00,816.05,62.58041390000005,1.167,0
2025-04-20 13:00:00,816.07,62.551468300000124,1.162,0
2025-04-20 13:30:00,816.37,62.73420280000005,1.156,0
2025-04-20 14:00:00,816.68,62.9116418000001,1.151,0
2025-04-20 14:30:00,816.74,62.8013519000001,1.147,0
2025-04-20 15:00:00,815.86,62.01414460000001,1.14,0
2025-04-20 15:30:00,815.58,61.797366000000125,1.136,0
2025-04-20 16:00:00,815.47,61.815848200000005,1.137,0
2025-04-20 16:30:00,815.83,62.13506020000011,1.134,0
2025-04-20 17:00:00,816.82,63.01085380000018,1.135,0
2025-04-20 17:30:00,815.75,62.01835100000005,1.136,0
2025-04-20 18:00:00,814.9,61.20607989999996,1.14,0
2025-04-20 18:30:00,814.75,61.204956100000004,1.147,0
2025-04-20 19:00:00,816.85,63.338606200000186,1.161,0
2025-04-20 19:30:00,815.57,62.0626850000001,1.178,0
2025-04-20 20:00:00,814.2,60.733473000000004,1.198,0
2025-04-20 20:30:00,817.17,63.68103960000008,1.223,0
2025-04-20 21:00:00,816.15,62.65900020000004,1.25,0
2025-04-20 21:30:00,814.96,61.576068700000064,1.283,0
2025-04-20 22:00:00,815.71,62.484122200000115,1.317,0
2025-04-20 22:30:00,815.03,61.889777000000095,1.348,0
2025-04-20 23:00:00,815.84,62.71915130000002,1.384,0
2025-04-20 23:30:00,817.2,64.1576682000001,1.414,0
2025-04-21 00:00:00,818.18,65.12339239999994,1.444,0
2025-04-21 00:30:00,819.3,66.27092430000005,1.468,0
2025-04-21 01:00:00,819.62,66.60825920000002,1.486,0
2025-04-21 01:30:00,821.83,68.90187460000004,1.5,0
2025-04-21 02:00:00,822.31,69.49914009999998,1.507,0
2025-04-21 02:30:00,823.25,70.34838680000007,1.513,0
2025-04-21 03:00:00,823.64,70.6282592,1.51,0
2025-04-21 03:30:00,824.34,71.11514190000014,1.507,0
2025-04-21 04:00:00,825.29,71.68683320000002,1.5,0
2025-04-21 04:30:00,827.98,74.34318310000003,1.49,0
2025-04-21 05:00:00,828.79,75.22354240000004,1.479,0
2025-04-21 05:30:00,828.66,75.08844390000002,1.472,0
2025-04-21 06:00:00,827.23,73.88481730000012,1.461,0
2025-04-21 06:30:00,826.8,73.58941770000001,1.453,0
2025-04-21 07:00:00,826.2,72.87113250000016,1.443,0
2025-04-21 07:30:00,826.08,72.6889308000001,1.433,0
2025-04-21 08:00:00,825.32,72.03395990000013,1.426,0
2025-04-21 08:30:00,825.12,72.07868790000009,1.419,0
2025-04-21 09:00:00,824.32,71.48976580000021,1.408,0
2025-04-21 09:30:00,824.0,71.26255849999995,1.402,0
2025-04-21 10:00:00,822.75,70.07985870000005,1.393,0
2025-04-21 10:30:00,821.85,69.36646380000002,1.388,0
2025-04-21 11:00:00,821.8,69.38988219999999,1.382,0
2025-04-21 11:30:00,821.47,69.11494600000015,1.377,0
2025-04-21 12:00:00,821.41,69.07635970000001,1.372,0
2025-04-21 12:30:00,820.44,68.27970870000013,1.365,0
2025-04-21 13:00:00,820.27,68.04852670000002,1.36,0
2025-04-21 13:30:00,819.64,67.38283720000004,1.354,0
2025-04-21 14:00:00,819.7,67.26846850000004,1.35,0
2025-04-21 14:30:00,819.54,67.04014860000007,1.345,0
2025-04-21 15:00:00,818.86,66.4396852000001,1.342,0
2025-04-21 15:30:00,818.51,66.23346290000006,1.338,0
2025-04-21 16:00:00,818.36,66.20174810000015,1.335,0
2025-04-21 16:30:00,818.71,66.71184100000005,1.333,0
2025-04-21 17:00:00,818.71,66.77098360000002,1.333,0
2025-04-21 17:30:00,817.93,65.90736820000006,1.335,0
2025-04-21 18:00:00,817.34,65.22151640000016,1.337,0
2025-04-21 18:30:00,817.29,65.18579220000004,1.345,0
2025-04-21 19:00:00,817.24,65.17148170000007,1.355,0
2025-04-21 19:30:00,817.36,65.36591980000003,1.372,0
2025-04-21 20:00:00,816.88,64.9817716,1.394,0
2025-04-21 20:30:00,817.47,65.61663840000017,1.417,0
2025-04-21 21:00:00,818.42,66.56561869999996,1.445,0
2025-04-21 21:30:00,817.75,65.99860839999997,1.476,0
2025-04-21 22:00:00,817.65,65.97100710000007,1.507,0
2025-04-21 22:30:00,819.57,67.87265250000007,1.537,0
2025-04-21 23:00:00,820.28,68.6550512,1.565,0
2025-04-21 23:30:00,821.1,69.52909530000011,1.593,0
2025-04-22 00:00:00,820.98,69.44784390000007,1.614,0
2025-04-22 00:30:00,821.68,70.28448370000001,1.628,0
2025-04-22 01:00:00,823.46,71.99004560000014,1.643,0
2025-04-22 01:30:00,823.75,72.18317410000009,1.654,0
2025-04-22 02:00:00,824.18,72.63866659999997,1.657,0
2025-04-22 02:30:00,825.27,73.57571159999998,1.659,0
2025-04-22 03:00:00,825.95,74.04361400000016,1.66,0
2025-04-22 03:30:00,826.83,74.67276780000009,1.659,0
2025-04-22 04:00:00,827.37,75.08224619999999,1.655,0
2025-04-22 04:30:00,827.65,75.20113360000005,1.652,0
2025-04-22 05:00:00,827.49,74.98505010000008,1.651,0
2025-04-22 05:30:00,826.73,74.25156230000005,1.647,0
2025-04-22 06:00:00,825.8,73.3664291,1.645,0
2025-04-22 06:30:00,826.27,73.87007920000008,1.647,0
2025-04-22 07:00:00,825.65,73.31635970000002,1.648,0
2025-04-22 07:30:00,825.66,73.37938410000004,1.648,0
2025-04-22 08:00:00,825.41,73.15079780000008,1.645,0
2025-04-22 08:30:00,824.83,72.73496950000003,1.647,0
2025-04-22 09:00:00,824.45,72.54565340000022,1.649,0
2025-04-22 09:30:00,823.84,72.14673130000006,1.648,0
2025-04-22 10:00:00,823.01,71.54106530000013,1.65,0
2025-04-22 10:30:00,822.66,71.35931579999999,1.653,0
2025-04-22 11:00:00,822.1,70.9532905000001,1.653,0
2025-04-22 11:30:00,821.94,70.93604850000008,1.651,0
2025-04-22 12:00:00,820.74,69.92571270000008,1.651,0
2025-04-22 12:30:00,820.75,70.01626899999997,1.649,0
2025-04-22 13:00:00,820.28,69.53709170000002,1.647,0
2025-04-22 13:30:00,819.82,69.06995380000012,1.643,0
2025-04-22 14:00:00,819.45,68.69077650000008,1.635,0
2025-04-22 14:30:00,819.28,68.44225960000006,1.63,0
2025-04-22 15:00:00,818.78,68.00140220000014,1.623,0
2025-04-22 15:30:00,818.66,67.94768269999997,1.617,0
2025-04-22 16:00:00,818.32,67.67804200000012,1.609,0
2025-04-22 16:30:00,817.6,67.0630711,1.604,0
2025-04-22 17:00:00,817.51,66.95063770000002,1.601,0
2025-04-22 17:30:00,817.16,66.64550450000002,1.602,0
2025-04-22 18:00:00,817.02,66.53303640000013,1.604,0
2025-04-22 18:30:00,816.7,66.34967620000009,1.612,0
2025-04-22 19:00:00,816.49,66.13967620000005,1.623,0
2025-04-22 19:30:00,816.09,65.82737040000006,1.641,0
2025-04-22 20:00:00,816.31,66.11874939999996,1.667,0
2025-04-22 20:30:00,816.24,66.14460120000001,1.694,0
2025-04-22 21:00:00,815.98,65.8672663000001,1.731,0
2025-04-22 21:30:00,816.48,66.50900460000014,1.769,0
2025-04-22 22:00:00,816.78,66.84469409999997,1.813,0
2025-04-22 22:30:00,817.59,67.8576144000001,1.858,0
2025-04-22 23:00:00,818.21,68.57958440000016,1.905,0
2025-04-22 23:30:00,819.01,69.34389490000012,1.953,0
2025-04-23 00:00:00,819.73,70.16076640000017,2.0,0
2025-04-23 00:30:00,820.64,71.18803190000006,2.045,0
2025-04-23 01:00:00,821.64,72.23187900000005,2.088,0
2025-04-23 01:30:00,822.52,73.28930680000008,2.124,0
2025-04-23 02:00:00,823.04,73.89802070000007,2.16,0
2025-04-23 02:30:00,823.73,74.57680400000004,2.184,0
2025-04-23 03:00:00,824.28,74.99220360000004,2.208,0
2025-04-23 03:30:00,824.93,75.47089399999993,2.227,0
2025-04-23 04:00:00,824.98,75.37099810000018,2.236,0
2025-04-23 04:30:00,824.98,75.35876170000006,2.246,0
2025-04-23 05:00:00,824.91,75.25613129999999,2.248,0
2025-04-23 05:30:00,824.78,75.19853,2.251,0
2025-04-23 06:00:00,824.97,75.38343150000014,2.249,0
2025-04-23 06:30:00,824.35,74.74813600000004,2.246,0
2025-04-23 07:00:00,824.51,74.92547090000005,2.242,0
2025-04-23 07:30:00,824.01,74.45300280000004,2.238,0
2025-04-23 08:00:00,823.82,74.39862290000019,2.229,0
2025-04-23 08:30:00,822.91,73.64565670000002,2.221,0
2025-04-23 09:00:00,822.83,73.79406950000009,2.212,0
2025-04-23 09:30:00,821.89,73.14366430000007,2.203,0
2025-04-23 10:00:00,821.9,73.18527500000005,2.191,0
2025-04-23 10:30:00,821.19,72.59356020000018,2.179,0
2025-04-23 11:00:00,820.86,72.3023088000001,2.164,0
2025-04-23 11:30:00,820.41,71.97059400000012,2.148,0
2025-04-23 12:00:00,819.84,71.49236700000017,2.135,0
2025-04-23 12:30:00,819.56,71.36838109999997,2.114,0
2025-04-23 13:00:00,818.69,70.51877510000008,2.096,0
2025-04-23 13:30:00,818.47,70.37321320000001,2.078,0
2025-04-23 14:00:00,817.88,69.79341020000004,2.057,0
2025-04-23 14:30:00,817.74,69.60242520000008,2.035,0
2025-04-23 15:00:00,817.59,69.53298150000012,2.013,0
2025-04-23 15:30:00,817.01,69.04679390000013,1.991,0
2025-04-23 16:00:00,816.3,68.47241400000007,1.973,0
2025-04-23 16:30:00,816.35,68.46938960000011,1.953,0
2025-04-23 17:00:00,816.11,68.07133610000005,1.939,0
2025-04-23 17:30:00,816.04,68.05436050000003,1.925,0
2025-04-23 18:00:00,815.6,67.5511391,1.918,0
2025-04-23 18:30:00,815.42,67.44761660000006,1.912,0
2025-04-23 19:00:00,815.37,67.43840460000001,1.914,0
2025-04-23 19:30:00,814.84,67.01547310000012,1.922,0
2025-04-23 20:00:00,814.99,67.09307439999998,1.937,0
2025-04-23 20:30:00,814.68,66.78715320000003,1.958,0
2025-04-23 21:00:00,814.9,66.95922729999995,1.985,0
2025-04-23 21:30:00,814.8,66.77663159999997,2.017,0
2025-04-23 22:00:00,815.43,67.49534549999998,2.058,0
2025-04-23 22:30:00,815.78,67.87185770000008,2.1,0
2025-04-23 23:00:00,815.72,67.79656220000015,2.145,0
2025-04-23 23:30:00,816.43,68.57386239999994,2.188,0
2025-04-24 00:00:00,816.9,68.96126670000001,2.231,0
2025-04-24 00:30:00,817.94,69.94314380000003,2.275,0
2025-04-24 01:00:00,818.13,70.08011939999994,2.313,0
2025-04-24 01:30:00,818.73,70.5567357000001,2.347,0
2025-04-24 02:00:00,818.71,70.32565780000004,2.377,0
2025-04-24 02:30:00,819.45,70.97796360000007,2.401,0
2025-04-24 03:00:00,819.47,70.95717560000014,2.423,0
2025-04-24 03:30:00,819.6,70.99438290000012,2.439,0
2025-04-24 04:00:00,819.45,70.77300390000005,2.452,0
2025-04-24 04:30:00,819.94,71.09271400000011,2.46,0
2025-04-24 05:00:00,819.47,70.53807890000019,2.467,0
2025-04-24 05:30:00,819.53,70.53383780000001,2.472,0
2025-04-24 06:00:00,819.42,70.38101040000004,2.472,0
2025-04-24 06:30:00,819.22,70.04335090000018,2.472,0
2025-04-24 07:00:00,819.2,69.86529740000014,2.467,0
2025-04-24 07:30:00,819.22,69.88631710000016,2.46,0
2025-04-24 08:00:00,818.63,69.25450940000007,2.451,0
2025-04-24 08:30:00,818.42,69.29637529999991,2.444,0
2025-04-24 09:00:00,818.19,68.99805540000011,2.433,0
2025-04-24 09:30:00,817.73,68.7154832,2.421,0
2025-04-24 10:00:00,817.53,68.68271400000003,2.408,0
2025-04-24 10:30:00,816.68,67.9724129,2.391,0
2025-04-24 11:00:00,816.41,67.84109209999997,2.377,0
2025-04-24 11:30:00,816.05,67.68809120000003,2.359,0
2025-04-24 12:00:00,815.94,67.73512500000015,2.341,0
2025-04-24 12:30:00,815.44,67.10766250000006,2.318,0
2025-04-24 13:00:00,815.2,66.82789420000006,2.298,0
2025-04-24 13:30:00,815.41,66.93184540000004,2.275,0
2025-04-24 14:00:00,814.6,66.09941200000014,2.252,0
2025-04-24 14:30:00,814.36,65.89306210000007,2.227,0
2025-04-24 15:00:00,814.03,65.66503210000008,2.205,0
2025-04-24 15:30:00,813.56,65.27456869999992,2.182,0
2025-04-24 16:00:00,813.43,64.96816060000003,2.158,0
2025-04-24 16:30:00,813.62,65.27338669999995,2.138,0
2025-04-24 17:00:00,813.45,65.11664280000002,2.118,0
2025-04-24 17:30:00,813.42,65.01934260000007,2.101,0
2025-04-24 18:00:00,813.32,64.86223940000013,2.088,0
2025-04-24 18:30:00,813.39,64.95161369999994,2.08,0
2025-04-24 19:00:00,812.69,64.36072160000003,2.075,0
2025-04-24 19:30:00,812.56,64.39897210000004,2.079,0
2025-04-24 20:00:00,812.6,64.50525260000006,2.086,0
2025-04-24 20:30:00,812.63,64.53219349999995,2.099,0
2025-04-24 21:00:00,812.39,64.41659690000006,2.12,0
2025-04-24 21:30:00,812.33,64.49017760000004,2.148,0
2025-04-24 22:00:00,812.42,64.7779994,2.18,0
2025-04-24 22:30:00,812.32,64.94312140000011,2.215,0
2025-04-24 23:00:00,812.7,65.43834750000008,2.255,0
2025-04-24 23:30:00,812.9,65.7138053000001,2.295,0
2025-04-25 00:00:00,813.18,65.97749009999995,2.335,0
2025-04-25 00:30:00,813.43,66.20709610000006,2.376,0
2025-04-25 01:00:00,813.8,66.56078090000005,2.415,0
2025-04-25 01:30:00,814.26,67.09521900000004,2.45,0
2025-04-25 02:00:00,814.11,67.08593759999997,2.483,0
2025-04-25 02:30:00,814.2,67.3360305000001,2.511,0
2025-04-25 03:00:00,814.1,67.22481379999999,2.534,0
2025-04-25 03:30:00,814.44,67.57501080000009,2.555,0
2025-04-25 04:00:00,814.77,67.77448920000006,2.572,0
2025-04-25 04:30:00,814.13,67.29254270000013,2.587,0
2025-04-25 05:00:00,813.86,67.35088610000014,2.599,0
2025-04-25 05:30:00,813.42,67.26268260000006,2.607,0
2025-04-25 06:00:00,813.3,67.24771170000008,2.614,0
2025-04-25 06:30:00,812.92,66.81366760000003,2.617,0
2025-04-25 07:00:00,812.9,66.72330829999999,2.619,0
2025-04-25 07:30:00,812.7,66.63853440000014,2.619,0
2025-04-25 08:00:00,812.51,66.60760760000016,2.615,0
2025-04-25 08:30:00,811.84,66.13135060000002,2.614,0
2025-04-25 09:00:00,811.75,66.2656846000001,2.609,0
2025-04-25 09:30:00,811.21,66.04383100000007,2.603,0
2025-04-25 10:00:00,810.44,65.67661250000015,2.599,0
2025-04-25 10:30:00,810.13,65.53690240000014,2.593,0
2025-04-25 11:00:00,809.7,65.30778330000021,2.585,0
2025-04-25 11:30:00,809.78,65.41633490000004,2.577,0
2025-04-25 12:00:00,809.35,64.88232550000009,2.57,0
2025-04-25 12:30:00,809.42,64.97985740000013,2.558,0
2025-04-25 13:00:00,809.2,64.85061070000017,2.549,0
2025-04-25 13:30:00,808.67,64.4654081000001,2.537,0
2025-04-25 14:00:00,808.36,64.1492899000001,2.526,0
2025-04-25 14:30:00,808.24,64.02011260000006,2.513,0
2025-04-25 15:00:00,808.23,63.927516900000114,2.5,0
2025-04-25 15:30:00,808.03,63.779521600000066,2.487,0
2025-04-25 16:00:00,808.04,63.708965300000045,2.474,0
2025-04-25 16:30:00,807.98,63.64182740000001,2.461,0
2025-04-25 17:00:00,807.13,62.94478240000001,2.448,0
2025-04-25 17:30:00,807.21,63.093102300000055,2.436,0
2025-04-25 18:00:00,806.86,62.72882650000008,2.429,0
2025-04-25 18:30:00,807.06,62.85132930000009,2.421,0
2025-04-25 19:00:00,806.87,62.81122520000008,2.423,0
2025-04-25 19:30:00,806.54,62.34356570000011,2.428,0
2025-04-25 20:00:00,806.83,62.587679200000025,2.438,0
2025-04-25 20:30:00,806.9,62.64544280000007,2.453,0
2025-04-25 21:00:00,806.9,62.672974700000054,2.474,0
2025-04-25 21:30:00,807.09,62.89866420000021,2.5,0
2025-04-25 22:00:00,806.75,62.636161400000105,2.523,0
2025-04-25 22:30:00,806.71,62.67773740000007,2.549,0
2025-04-25 23:00:00,806.96,63.036845300000095,2.579,0
2025-04-25 23:30:00,806.84,63.182987000000026,2.607,0
2025-04-26 00:00:00,806.87,63.36594200000002,2.635,0
2025-04-26 00:30:00,806.59,63.30517750000013,2.663,0
2025-04-26 01:00:00,807.03,63.765571499999965,2.69,0
2025-04-26 01:30:00,807.08,63.67077410000002,2.715,0
2025-04-26 02:00:00,807.16,64.00162030000001,2.735,0
2025-04-26 02:30:00,807.07,63.8718520000001,2.754,0
2025-04-26 03:00:00,807.3,64.16405370000007,2.767,0
2025-04-26 03:30:00,807.13,63.89820190000012,2.779,0
2025-04-26 04:00:00,807.11,63.93836420000014,2.786,0
2025-04-26 04:30:00,807.23,64.01859590000004,2.792,0
2025-04-26 05:00:00,807.09,63.94181730000014,2.795,0
2025-04-26 05:30:00,807.09,64.03359030000013,2.794,0
2025-04-26 06:00:00,806.6,63.708781700000145,2.792,0
2025-04-26 06:30:00,806.51,63.74726390000001,2.788,0
2025-04-26 07:00:00,806.21,63.62367200000017,2.783,0
2025-04-26 07:30:00,805.78,63.34356790000015,2.778,0
2025-04-26 08:00:00,805.82,63.44271050000009,2.77,0
2025-04-26 08:30:00,805.46,63.368226500000105,2.759,0
2025-04-26 09:00:00,804.93,63.04624530000001,2.749,0
2025-04-26 09:30:00,804.67,63.037091499999974,2.739,0
2025-04-26 10:00:00,804.52,63.1430362000001,2.726,0
2025-04-26 10:30:00,804.25,63.00763660000007,2.716,0
2025-04-26 11:00:00,804.0,62.92180829999995,2.703,0
2025-04-26 11:30:00,803.63,62.76084679999997,2.689,0
2025-04-26 12:00:00,803.55,62.74202879999996,2.672,0
2025-04-26 12:30:00,803.23,62.52195940000013,2.657,0
2025-04-26 13:00:00,803.05,62.33380179999995,2.641,0
2025-04-26 13:30:00,803.14,62.34120610000002,2.623,0
2025-04-26 14:00:00,803.04,62.050522200000046,2.601,0
2025-04-26 14:30:00,802.83,61.78137960000015,2.58,0
2025-04-26 15:00:00,802.81,61.89598000000001,2.557,0
2025-04-26 15:30:00,802.89,62.00147250000009,2.533,0
2025-04-26 16:00:00,802.14,61.379954699999985,2.504,0
2025-04-26 16:30:00,802.39,61.51982710000004,2.479,0
2025-04-26 17:00:00,802.29,61.54830930000003,2.451,0
2025-04-26 17:30:00,802.42,61.52841340000009,2.425,0
2025-04-26 18:00:00,802.36,61.44496030000005,2.398,0
2025-04-26 18:30:00,802.63,61.59361600000011,2.371,0
2025-04-26 19:00:00,802.33,61.107010900000205,2.347,0
2025-04-26 19:30:00,802.38,61.143754800000124,2.321,0
2025-04-26 20:00:00,802.06,60.791124399999944,2.298,0
2025-04-26 20:30:00,802.33,61.01625760000002,2.274,0
2025-04-26 21:00:00,802.01,60.59020880000014,2.255,0
2025-04-26 21:30:00,801.78,60.362248199999954,2.237,0
2025-04-26 22:00:00,802.03,60.46541140000011,2.223,0
2025-04-26 22:30:00,802.05,60.49662809999995,2.21,0
2025-04-26 23:00:00,801.8,60.35981479999998,2.199,0
2025-04-26 23:30:00,801.69,60.15396300000009,2.193,0
2025-04-27 00:00:00,801.73,60.07261870000002,2.191,0
2025-04-27 00:30:00,802.23,60.40130910000005,2.188,0
2025-04-27 01:00:00,801.8,59.956013600000006,2.184,0
2025-04-27 01:30:00,801.6,59.665260300000114,2.183,0
2025-04-27 02:00:00,801.55,59.462305300000025,2.18,0
2025-04-27 02:30:00,801.55,59.30629119999992,2.179,0
2025-04-27 03:00:00,801.8,59.4033361999999,2.178,0
2025-04-27 03:30:00,802.06,59.57462229999999,2.176,0
2025-04-27 04:00:00,801.89,59.204761100000155,2.169,0
2025-04-27 04:30:00,802.26,59.1964524,2.168,0
2025-04-27 05:00:00,802.0,58.85385670000005,2.161,0
2025-04-27 05:30:00,801.85,58.73954620000006,2.156,0
2025-04-27 06:00:00,802.01,58.95766910000009,2.148,0
2025-04-27 06:30:00,801.45,58.30895520000013,2.14,0
2025-04-27 07:00:00,801.64,58.495896100000095,2.133,0
2025-04-27 07:30:00,801.84,58.539882000000034,2.122,0
2025-04-27 08:00:00,801.46,58.15886230000012,2.114,0
2025-04-27 08:30:00,801.59,58.31333510000013,2.103,0
2025-04-27 09:00:00,801.14,57.97550209999997,2.094,0
2025-04-27 09:30:00,800.52,57.55536330000007,2.084,0
2025-04-27 10:00:00,800.5,57.62203780000016,2.073,0
2025-04-27 10:30:00,800.22,57.39710160000004,2.063,0
2025-04-27 11:00:00,800.44,57.58141210000008,2.05,0
2025-04-27 11:30:00,800.34,57.47121510000011,2.041,0
2025-04-27 12:00:00,800.46,57.491284500000006,2.029,0
2025-04-27 12:30:00,800.57,57.3953051000002,2.02,0
2025-04-27 13:00:00,800.73,57.23715870000012,2.008,0
2025-04-27 13:30:00,800.92,57.10187440000004,1.998,0
2025-04-27 14:00:00,800.89,56.67011260000004,1.987,0
2025-04-27 14:30:00,801.48,56.998049700000024,1.976,0
2025-04-27 15:00:00,801.41,56.780193199999985,1.964,0
2025-04-27 15:30:00,801.3,56.405071200000066,1.955,0
2025-04-27 16:00:00,801.6,56.669381700000145,1.94,0
2025-04-27 16:30:00,801.8,56.73682069999995,1.931,0
2025-04-27 17:00:00,802.13,56.675255900000025,1.924,0
2025-04-27 17:30:00,802.18,56.46115359999999,1.915,0
2025-04-27 18:00:00,801.96,56.105533500000206,1.907,0
2025-04-27 18:30:00,802.41,56.36382989999993,1.901,0
2025-04-27 19:00:00,802.52,56.37899779999998,1.898,0
2025-04-27 19:30:00,802.2,56.1446526000002,1.897,0
2025-04-27 20:00:00,802.2,55.91318070000011,1.901,0
2025-04-27 20:30:00,802.74,56.12381760000005,1.906,0
2025-04-27 21:00:00,802.99,56.02813930000002,1.913,0
2025-04-27 21:30:00,802.96,55.92064210000012,1.923,0
2025-04-27 22:00:00,802.91,55.631012600000076,1.935,0
2025-04-27 22:30:00,803.11,55.74535780000019,1.949,0
2025-04-27 23:00:00,803.27,55.70651630000009,1.962,0
2025-04-27 23:30:00,803.28,55.67980709999995,1.976,0
2025-04-28 00:00:00,803.33,55.61356130000013,1.994,0
2025-04-28 00:30:00,803.52,55.576168199999984,2.006,0
2025-04-28 01:00:00,803.57,55.5517301000001,2.022,0
2025-04-28 01:30:00,803.62,55.517095000000154,2.039,0
2025-04-28 02:00:00,803.57,55.321277900000155,2.055,0
2025-04-28 02:30:00,803.76,55.3511850000001,2.065,0
2025-04-28 03:00:00,803.98,55.36316620000002,2.078,0
2025-04-28 03:30:00,803.91,55.115738400000055,2.089,0
2025-04-28 04:00:00,804.11,55.053675500000054,2.098,0
2025-04-28 04:30:00,804.2,54.87651410000012,2.106,0
2025-04-28 05:00:00,804.14,54.779804900000045,2.111,0
2025-04-28 05:30:00,804.22,54.88529740000013,2.115,0
2025-04-28 06:00:00,804.15,54.79184429999998,2.119,0
2025-04-28 06:30:00,803.92,54.43030299999998,2.119,0
2025-04-28 07:00:00,804.02,54.346757000000025,2.117,0
2025-04-28 07:30:00,804.14,54.31074290000004,2.115,0
2025-04-28 08:00:00,804.17,54.262226000000055,2.111,0
2025-04-28 08:30:00,804.22,54.350974600000086,2.104,0
2025-04-28 09:00:00,804.01,54.17054589999998,2.096,0
2025-04-28 09:30:00,803.57,53.77643240000009,2.089,0
2025-04-28 10:00:00,803.77,54.02843710000002,2.077,0
2025-04-28 10:30:00,803.75,54.019653800000015,2.067,0
2025-04-28 11:00:00,803.53,53.67423069999995,2.056,0
2025-04-28 11:30:00,803.55,53.56166970000004,2.046,0
2025-04-28 12:00:00,803.62,53.59394080000004,2.033,0
2025-04-28 12:30:00,803.53,53.46927100000005,2.019,0
2025-04-28 13:00:00,803.84,53.4784595000001,2.006,0
2025-04-28 13:30:00,803.99,53.30113580000011,1.993,0
2025-04-28 14:00:00,804.08,53.05055600000014,1.978,0
2025-04-28 14:30:00,804.53,53.230335500000024,1.963,0
2025-04-28 15:00:00,804.24,52.8261291,1.95,0
2025-04-28 15:30:00,804.39,52.953695700000026,1.937,0
2025-04-28 16:00:00,804.46,52.98188800000014,1.929,0
2025-04-28 16:30:00,804.85,53.157751000000076,1.919,0
2025-04-28 17:00:00,805.17,53.396175000000085,1.913,0
2025-04-28 17:30:00,805.6,53.582466700000055,1.908,0
2025-04-28 18:00:00,805.48,53.40230440000005,1.911,0
2025-04-28 18:30:00,805.08,52.996186200000125,1.918,0
2025-04-28 19:00:00,805.14,53.00010269999996,1.929,0
2025-04-28 19:30:00,805.23,53.04421620000005,1.947,0
2025-04-28 20:00:00,805.32,53.10464490000015,1.968,0
2025-04-28 20:30:00,805.53,53.26365989999999,1.997,0
2025-04-28 21:00:00,805.98,53.528074500000116,2.033,0
2025-04-28 21:30:00,806.07,53.482454400000165,2.076,0
2025-04-28 22:00:00,806.53,53.96488780000004,2.126,0
2025-04-28 22:30:00,806.4,53.9368578000001,2.181,0
2025-04-28 23:00:00,806.46,53.991759300000126,2.242,0
2025-04-28 23:30:00,807.03,54.417981600000076,2.304,0
2025-04-29 00:00:00,807.39,54.67091310000001,2.363,0
2025-04-29 00:30:00,807.61,54.713485300000116,2.421,0
2025-04-29 01:00:00,807.84,54.87312600000007,2.473,0
2025-04-29 01:30:00,808.1,55.050530300000105,2.525,0
2025-04-29 02:00:00,808.57,55.427737600000114,2.57,0
2025-04-29 02:30:00,808.61,55.21791110000004,2.611,0
2025-04-29 03:00:00,808.95,55.40903490000005,2.653,0
2025-04-29 03:30:00,809.6,55.74904609999999,2.69,0
2025-04-29 04:00:00,809.83,55.69353010000009,2.723,0
2025-04-29 04:30:00,809.82,55.507122000000095,2.754,0
2025-04-29 05:00:00,810.38,55.718384600000036,2.78,0
2025-04-29 05:30:00,810.7,55.825267300000064,2.801,0
2025-04-29 06:00:00,810.5,55.54369130000009,2.817,0
2025-04-29 06:30:00,810.69,55.64089860000013,2.831,0
2025-04-29 07:00:00,810.67,55.623957700000005,2.842,0
2025-04-29 07:30:00,810.48,55.502277600000184,2.848,0
2025-04-29 08:00:00,810.48,55.70519790000003,2.852,0
2025-04-29 08:30:00,809.94,55.4068668000001,2.85,0
2025-04-29 09:00:00,809.73,55.17443340000011,2.845,0
2025-04-29 09:30:00,809.72,55.274561000000176,2.841,0
2025-04-29 10:00:00,809.54,55.11393529999998,2.833,0
2025-04-29 10:30:00,809.53,55.192649200000005,2.822,0
2025-04-29 11:00:00,809.03,54.73853569999994,2.81,0
2025-04-29 11:30:00,808.93,54.80678620000003,2.797,0
2025-04-29 12:00:00,809.0,54.88290440000003,2.783,0
2025-04-29 12:30:00,808.73,54.7393472,2.766,0
2025-04-29 13:00:00,808.65,54.58592880000003,2.75,0
2025-04-29 13:30:00,809.01,54.71241750000013,2.733,0
2025-04-29 14:00:00,808.82,54.5193584000001,2.713,0
2025-04-29 14:30:00,808.68,54.30084149999993,2.695,0
2025-04-29 15:00:00,808.63,54.31610230000001,2.673,0
2025-04-29 15:30:00,808.52,54.168373400000064,2.655,0
2025-04-29 16:00:00,808.61,54.22574300000008,2.639,0
2025-04-29 16:30:00,808.4,54.14218580000011,2.625,0
2025-04-29 17:00:00,808.19,53.87202350000007,2.61,0
2025-04-29 17:30:00,808.12,53.80610230000002,2.6,0
2025-04-29 18:00:00,808.18,54.00580119999995,2.597,0
2025-04-29 18:30:00,808.01,53.98977590000004,2.596,0
2025-04-29 19:00:00,807.8,53.952105200000005,2.601,0
2025-04-29 19:30:00,807.59,53.91239510000014,2.614,0
2025-04-29 20:00:00,807.51,53.88949830000013,2.633,0
2025-04-29 20:30:00,807.58,54.10123660000011,2.658,0
2025-04-29 21:00:00,807.75,54.148872600000004,2.69,0
2025-04-29 21:30:00,808.04,54.52962589999993,2.73,0
2025-04-29 22:00:00,808.18,54.87152649999996,2.774,0
2025-04-29 22:30:00,808.68,55.50000870000008,2.819,0
2025-04-29 23:00:00,809.0,55.913821100000064,2.871,0
2025-04-29 23:30:00,810.33,57.27747120000015,2.924,0
2025-04-30 00:00:00,811.1,58.073983399999975,2.975,0
2025-04-30 00:30:00,811.87,58.84704250000016,3.028,0
2025-04-30 01:00:00,813.03,60.11920950000001,3.079,0
2025-04-30 01:30:00,813.95,61.02289430000019,3.127,0
2025-04-30 02:00:00,814.62,61.589904599999954,3.168,0
2025-04-30 02:30:00,815.17,62.10421510000003,3.209,0
2025-04-30 03:00:00,816.04,62.81004340000004,3.238,0
2025-04-30 03:30:00,816.65,63.250773200000026,3.266,0
2025-04-30 04:00:00,817.21,63.663936400000125,3.288,0
2025-04-30 04:30:00,817.83,64.1105874000001,3.306,0
2025-04-30 05:00:00,817.5,63.83157240000014,3.318,0
2025-04-30 05:30:00,817.98,64.35439980000012,3.327,0
2025-04-30 06:00:00,817.67,64.142291,3.333,0
2025-04-30 06:30:00,817.79,64.354064,3.336,0
2025-04-30 07:00:00,817.57,64.28803870000013,3.334,0
2025-04-30 07:30:00,817.1,64.05766820000008,3.33,0
2025-04-30 08:00:00,817.28,64.34983520000014,3.324,0
2025-04-30 08:30:00,817.03,64.30071609999993,3.314,0
2025-04-30 09:00:00,816.77,64.21406510000008,3.304,0
2025-04-30 09:30:00,816.61,64.25698540000008,3.293,0
2025-04-30 10:00:00,816.38,64.15036910000003,3.28,0
2025-04-30 10:30:00,815.89,63.722570800000085,3.265,0
2025-04-30 11:00:00,816.15,64.0396740000001,3.249,0
2025-04-30 11:30:00,815.95,63.902895400000034,3.232,0
2025-04-30 12:00:00,815.46,63.508747200000016,3.217,0
2025-04-30 12:30:00,815.4,63.472200300000054,3.201,0
2025-04-30 13:00:00,815.06,63.19440200000008,3.182,0
2025-04-30 13:30:00,815.23,63.280786600000056,3.163,0
2025-04-30 14:00:00,814.88,62.79414680000002,3.144,0
2025-04-30 14:30:00,815.35,63.19888600000013,3.126,0
2025-04-30 15:00:00,815.04,62.87868900000001,3.105,0
2025-04-30 15:30:00,814.84,62.8316440000001,3.09,0
2025-04-30 16:00:00,814.54,62.70805210000003,3.072,0
2025-04-30 16:30:00,813.72,62.005317600000126,3.059,0
2025-04-30 17:00:00,813.67,61.986928300000045,3.044,0
2025-04-30 17:30:00,813.81,62.14834200000007,3.033,0
2025-04-30 18:00:00,813.64,61.848840100000075,3.026,0
2025-04-30 18:30:00,813.79,62.07429790000003,3.024,0
2025-04-30 19:00:00,812.92,61.358272599999964,3.021,0
2025-04-30 19:30:00,812.98,61.630370200000016,3.029,0
2025-04-30 20:00:00,813.02,61.842699500000094,3.036,0
2025-04-30 20:30:00,812.79,61.63309349999997,3.049,0
2025-04-30 21:00:00,813.46,61.88603620000015,3.063,0
2025-04-30 21:30:00,813.85,62.32498180000016,3.079,0
2025-04-30 22:00:00,813.8,62.46872480000002,3.094,0
2025-04-30 22:30:00,813.9,62.81957100000011,3.106,0
2025-04-30 23:00:00,814.12,62.93148280000014,3.117,0
2025-04-30 23:30:00,814.68,63.7168365,3.127,0
2025-05-01 00:00:00,815.14,64.10545750000006,3.137,0
2025-05-01 00:30:00,816.23,64.6672529,3.145,0
2025-05-01 01:00:00,817.44,65.39187570000001,3.155,0
2025-05-01 01:30:00,817.58,65.94485420000012,3.162,0
2025-05-01 02:00:00,817.72,66.12258310000004,3.167,0
2025-05-01 02:30:00,817.51,65.89422849999994,3.172,0
2025-05-01 03:00:00,817.54,66.0751441000001,3.172,0
2025-05-01 03:30:00,818.07,66.52356810000015,3.171,0
2025-05-01 04:00:00,818.32,66.70626790000017,3.168,0
2025-05-01 04:30:00,818.76,66.96680070000002,3.163,0
2025-05-01 05:00:00,819.16,67.17713649999996,3.153,0
2025-05-01 05:30:00,818.98,67.21229320000009,3.144,0
2025-05-01 06:00:00,818.63,66.8480174,3.134,0
2025-05-01 06:30:00,818.88,67.22140109999998,3.121,0
2025-05-01 07:00:00,818.34,66.73748460000002,3.106,0
2025-05-01 07:30:00,818.26,66.58814500000005,3.092,0
2025-05-01 08:00:00,818.44,66.80077540000013,3.074,0
2025-05-01 08:30:00,818.03,66.4050512,3.058,0
2025-05-01 09:00:00,817.69,66.1129771000002,3.04,0
2025-05-01 09:30:00,817.38,65.86415909999994,3.022,0
2025-05-01 10:00:00,817.29,65.72011500000008,3.004,0
2025-05-01 10:30:00,817.24,65.46311590000005,2.988,0
2025-05-01 11:00:00,817.33,65.58778570000004,2.967,0
2025-05-01 11:30:00,817.14,65.43653429999995,2.949,0
2025-05-01 12:00:00,816.81,65.09939640000005,2.928,0
2025-05-01 12:30:00,816.29,64.60284950000005,2.908,0
2025-05-01 13:00:00,816.1,64.32821440000009,2.886,0
2025-05-01 13:30:00,816.15,64.2721656,2.866,0
2025-05-01 14:00:00,816.15,64.1314470000001,2.844,0
2025-05-01 14:30:00,815.92,63.94835320000004,2.823,0
2025-05-01 15:00:00,815.7,63.74466840000014,2.8,0
2025-05-01 15:30:00,815.38,63.522559600000136,2.78,0
2025-05-01 16:00:00,815.09,63.174436700000115,2.759,0
2025-05-01 16:30:00,815.03,63.087924499999986,2.741,0
2025-05-01 17:00:00,815.02,62.90559520000011,2.722,0
2025-05-01 17:30:00,815.04,62.835861600000044,2.711,0
2025-05-01 18:00:00,814.77,62.42004450000013,2.702,0
2025-05-01 18:30:00,815.17,62.74050790000001,2.699,0
2025-05-01 19:00:00,814.72,62.370044500000176,2.7,0
2025-05-01 19:30:00,814.72,62.456719000000135,2.71,0
2025-05-01 20:00:00,814.95,62.8090830000001,2.725,0
2025-05-01 20:30:00,815.25,63.17740290000006,2.749,0
2025-05-01 21:00:00,815.5,63.48450610000009,2.779,0
2025-05-01 21:30:00,816.11,64.16384570000002,2.814,0
2025-05-01 22:00:00,816.7,64.87315060000014,2.856,0
2025-05-01 22:30:00,817.93,66.3132088000001,2.901,0
2025-05-01 23:00:00,818.88,67.40494710000007,2.946,0
2025-05-01 23:30:00,820.67,69.25714879999998,2.995,0
2025-05-02 00:00:00,821.68,70.22228199999995,3.042,0
2025-05-02 00:30:00,822.73,71.3273458000001,3.087,0
2025-05-02 01:00:00,823.86,72.44918819999998,3.133,0
2025-05-02 01:30:00,824.72,73.21027730000003,3.169,0
2025-05-02 02:00:00,825.05,73.49031200000013,3.198,0
2025-05-02 02:30:00,825.83,74.09696300000007,3.223,0
2025-05-02 03:00:00,826.58,74.4390830000001,3.24,0
2025-05-02 03:30:00,826.92,74.52823679999995,3.255,0
2025-05-02 04:00:00,827.65,75.00229210000009,3.266,0
2025-05-02 04:30:00,827.95,75.1360810000001,3.272,0
2025-05-02 05:00:00,827.89,74.97920950000002,3.272,0
2025-05-02 05:30:00,828.3,75.30049559999998,3.274,0
2025-05-02 06:00:00,828.29,75.21809689999998,3.271,0
2025-05-02 06:30:00,828.28,75.15507249999996,3.265,0
2025-05-02 07:00:00,828.47,75.30632390000005,3.256,0
2025-05-02 07:30:00,828.23,74.98678730000006,3.248,0
2025-05-02 08:00:00,828.1,74.93224510000005,3.236,0
2025-05-02 08:30:00,828.02,74.94095900000013,3.222,0
2025-05-02 09:00:00,827.52,74.66631270000005,3.209,0
2025-05-02 09:30:00,826.83,74.1802527000001,3.197,0
2025-05-02 10:00:00,826.56,73.92860729999995,3.179,0
2025-05-02 10:30:00,826.36,73.63887370000009,3.166,0
2025-05-02 11:00:00,826.36,73.63479490000009,3.148,0
2025-05-02 11:30:00,825.48,72.87002100000007,3.128,0
2025-05-02 12:00:00,825.39,72.8463015000001,3.107,0
2025-05-02 12:30:00,825.07,72.47837560000016,3.084,0
2025-05-02 13:00:00,824.47,71.88245440000014,3.062,0
2025-05-02 13:30:00,824.43,71.73742530000004,3.035,0
2025-05-02 14:00:00,824.33,71.52933710000013,3.011,0
2025-05-02 14:30:00,823.87,71.1539722,2.983,0
2025-05-02 15:00:00,823.15,70.52472550000005,2.957,0
2025-05-02 15:30:00,822.87,70.30692720000002,2.927,0
2025-05-02 16:00:00,822.54,70.00751819999994,2.902,0
2025-05-02 16:30:00,822.42,69.85182870000006,2.878,0
2025-05-02 17:00:00,822.06,69.42656790000012,2.857,0
2025-05-02 17:30:00,821.81,69.13985869999999,2.836,0
2025-05-02 18:00:00,821.63,68.75489900000002,2.826,0
2025-05-02 18:30:00,821.5,68.65243090000013,2.817,0
2025-05-02 19:00:00,821.28,68.44262790000005,2.821,0
2025-05-02 19:30:00,821.49,68.71890840000003,2.825,0
2025-05-02 20:00:00,821.37,68.69272080000007,2.841,0
2025-05-02 20:30:00,821.95,69.45320770000012,2.862,0
2025-05-02 21:00:00,822.12,69.7404732,2.889,0
2025-05-02 21:30:00,823.5,70.89002100000005,2.928,0
2025-05-02 22:00:00,825.19,72.64834090000022,2.967,0
2025-05-02 22:30:00,826.62,74.04571050000004,3.008,0
2025-05-02 23:00:00,827.96,75.3908090000001,3.054,0
2025-05-02 23:30:00,829.25,76.63900130000002,3.096,0
2025-05-03 00:00:00,830.33,77.79140000000018,3.136,0
2025-05-03 00:30:00,831.78,79.19041499999992,3.173,0
2025-05-03 01:00:00,832.69,80.00558290000004,3.206,0
2025-05-03 01:30:00,832.85,80.36748350000005,3.233,0
2025-05-03 02:00:00,833.34,81.07264020000014,3.254,0
2025-05-03 02:30:00,833.48,81.37885130000018,3.272,0
2025-05-03 03:00:00,833.7,81.70388040000023,3.285,0
2025-05-03 03:30:00,834.09,82.04697420000002,3.293,0
2025-05-03 04:00:00,834.36,82.3322697000001,3.299,0
2025-05-03 04:30:00,834.79,82.67049670000006,3.304,0
2025-05-03 05:00:00,834.83,82.66155110000011,3.304,0
2025-05-03 05:30:00,834.68,82.59720589999995,3.302,0
2025-05-03 06:00:00,834.34,82.38058960000012,3.3,0
2025-05-03 06:30:00,834.33,82.40322000000015,3.296,0
2025-05-03 07:00:00,833.96,82.06890950000002,3.291,0
2025-05-03 07:30:00,833.73,81.83788980000008,3.281,0
2025-05-03 08:00:00,832.73,81.14481950000004,3.27,0
2025-05-03 08:30:00,831.82,80.57743870000013,3.257,0
2025-05-03 09:00:00,831.37,80.3762455000001,3.242,0
2025-05-03 09:30:00,831.12,80.19660480000005,3.226,0
2025-05-03 10:00:00,830.45,79.54903820000015,3.204,0
2025-05-03 10:30:00,829.64,78.95215550000012,3.184,0
2025-05-03 11:00:00,828.99,78.33784500000013,3.159,0
2025-05-03 11:30:00,828.3,77.8609623000001,3.135,0
2025-05-03 12:00:00,827.46,77.32585260000008,3.11,0
2025-05-03 12:30:00,827.3,77.07305989999998,3.079,0
2025-05-03 13:00:00,826.78,76.94360500000005,3.053,0
2025-05-03 13:30:00,826.21,76.38788080000006,3.025,0
2025-05-03 14:00:00,825.84,76.14942210000004,2.996,0
2025-05-03 14:30:00,825.53,75.62120630000004,2.968,0
2025-05-03 15:00:00,825.46,75.66133390000005,2.943,0
2025-05-03 15:30:00,825.39,75.47712750000005,2.915,0
2025-05-03 16:00:00,824.71,75.00820540000007,2.891,0
2025-05-03 16:30:00,824.07,74.32129920000011,2.865,0
2025-05-03 17:00:00,824.12,74.3845553000001,2.841,0
2025-05-03 17:30:00,823.67,73.87031419999994,2.822,0
2025-05-03 18:00:00,823.46,73.7112992000001,2.8,0
2025-05-03 18:30:00,823.29,73.76971200000003,2.782,0
2025-05-03 19:00:00,822.89,73.35339680000004,2.764,0
2025-05-03 19:30:00,822.76,73.49157790000015,2.749,0
2025-05-03 20:00:00,821.94,73.14879750000011,2.735,0
2025-05-03 20:30:00,822.24,73.38455640000006,2.724,0
2025-05-03 21:00:00,822.2,73.24360610000008,2.713,0
2025-05-03 21:30:00,821.97,73.14616710000007,2.708,0
2025-05-03 22:00:00,822.26,73.38416240000015,2.705,0
2025-05-03 22:30:00,821.1,72.96446460000004,2.701,0
2025-05-03 23:00:00,820.98,73.12998060000007,2.699,0
2025-05-03 23:30:00,820.78,73.01461570000004,2.7,0
2025-05-04 00:00:00,820.72,72.9709309000001,2.7,0
2025-05-04 00:30:00,820.19,72.51842810000016,2.698,0
2025-05-04 01:00:00,819.86,72.54430339999999,2.696,0
2025-05-04 01:30:00,818.97,71.88067680000006,2.696,0
2025-05-04 02:00:00,818.82,71.92645920000018,2.696,0
2025-05-04 02:30:00,818.35,71.56862620000015,2.695,0
2025-05-04 03:00:00,817.82,71.29763000000014,2.696,0
2025-05-04 03:30:00,817.49,71.08999400000016,2.696,0
2025-05-04 04:00:00,816.94,70.4278270000001,2.697,0
2025-05-04 04:30:00,816.92,70.43229980000012,2.695,0
2025-05-04 05:00:00,816.4,70.09482610000009,2.695,0
2025-05-04 05:30:00,815.69,69.71214980000013,2.691,0
2025-05-04 06:00:00,815.39,69.76496600000007,2.689,0
2025-05-04 06:30:00,814.65,69.40123530000005,2.686,0
2025-05-04 07:00:00,814.16,68.99179159999994,2.683,0
2025-05-04 07:30:00,814.26,69.12748110000007,2.677,0
2025-05-04 08:00:00,813.66,68.77934699999992,2.671,0
2025-05-04 08:30:00,812.48,67.93788740000014,2.664,0
2025-05-04 09:00:00,812.59,68.38030960000015,2.656,0
2025-05-04 09:30:00,812.01,67.9369494,2.649,0
2025-05-04 10:00:00,811.1,67.22885000000008,2.639,0
2025-05-04 10:30:00,811.05,67.24716990000013,2.632,0
2025-05-04 11:00:00,811.17,67.51094760000012,2.62,0
2025-05-04 11:30:00,810.61,67.11817840000003,2.612,0
2025-05-04 12:00:00,810.13,66.7054786000001,2.604,0
2025-05-04 12:30:00,809.92,66.61682289999999,2.592,0
2025-05-04 13:00:00,809.8,66.43666059999998,2.582,0
2025-05-04 13:30:00,809.43,66.10744860000011,2.571,0
2025-05-04 14:00:00,809.45,65.89699640000003,2.56,0
2025-05-04 14:30:00,809.19,65.54420370000014,2.55,0
2025-05-04 15:00:00,809.27,65.75676469999996,2.536,0
2025-05-04 15:30:00,808.56,65.04268590000004,2.525,0
2025-05-04 16:00:00,808.68,65.10252360000004,2.514,0
2025-05-04 16:30:00,808.76,65.1753857000001,2.506,0
2025-05-04 17:00:00,808.42,64.82212960000004,2.499,0
2025-05-04 17:30:00,808.09,64.59307990000002,2.496,0
2025-05-04 18:00:00,808.07,64.5516662,2.493,0
2025-05-04 18:30:00,808.1,64.48887350000018,2.493,0
2025-05-04 19:00:00,807.78,64.36057710000011,2.498,0
2025-05-04 19:30:00,807.38,64.21958089999998,2.505,0
2025-05-04 20:00:00,807.68,64.40639419999991,2.517,0
2025-05-04 20:30:00,807.02,63.96664940000005,2.535,0
2025-05-04 21:00:00,807.52,64.3126747,2.555,0
2025-05-04 21:30:00,807.65,64.63233890000004,2.578,0
2025-05-04 22:00:00,807.16,64.20352090000006,2.605,0
2025-05-04 22:30:00,807.9,64.89967380000007,2.632,0
2025-05-04 23:00:00,806.99,64.1456879000001,2.662,0
2025-05-04 23:30:00,807.67,64.56566440000006,2.693,0
2025-05-05 00:00:00,808.02,64.83000960000004,2.721,0
2025-05-05 00:30:00,808.4,64.89288290000002,2.748,0
2025-05-05 01:00:00,808.94,65.30949920000012,2.773,0
2025-05-05 01:30:00,809.43,65.54763330000003,2.796,0
2025-05-05 02:00:00,809.3,65.09846720000007,2.824,0
2025-05-05 02:30:00,810.02,65.36368100000004,2.844,0
2025-05-05 03:00:00,809.98,65.19621849999999,2.866,0
2025-05-05 03:30:00,810.17,65.42292770000006,2.883,0
2025-05-05 04:00:00,810.15,65.21734229999993,2.9,0
2025-05-05 04:30:00,810.17,65.12619500000005,2.912,0
2025-05-05 05:00:00,810.11,64.72765460000005,2.929,0
2025-05-05 05:30:00,810.28,64.82729530000006,2.936,0
2025-05-05 06:00:00,810.29,64.89439849999997,2.942,0
2025-05-05 06:30:00,810.06,64.6419651000001,2.947,0
2025-05-05 07:00:00,810.12,65.02317060000007,2.95,0
2025-05-05 07:30:00,809.68,64.34761990000004,2.951,0
2025-05-05 08:00:00,809.81,64.55715650000002,2.952,0
2025-05-05 08:30:00,809.77,63.94102600000008,2.948,0
2025-05-05 09:00:00,810.55,64.2662398,2.947,0
2025-05-05 09:30:00,810.2,64.00393400000019,2.94,0
2025-05-05 10:00:00,809.95,63.691732300000126,2.934,0
2025-05-05 10:30:00,810.48,63.91582230000006,2.929,0
2025-05-05 11:00:00,810.04,63.389147800000046,2.922,0
2025-05-05 11:30:00,809.84,63.49301839999998,2.914,0
2025-05-05 12:00:00,809.32,63.08824450000009,2.903,0
2025-05-05 12:30:00,809.39,63.1694612,2.895,0
2025-05-05 13:00:00,809.36,62.97936830000003,2.885,0
2025-05-05 13:30:00,809.2,62.55526600000019,2.876,0
2025-05-05 14:00:00,809.37,62.577409500000044,2.866,0
2025-05-05 14:30:00,809.34,62.366922600000066,2.855,0
2025-05-05 15:00:00,809.22,62.2163316000001,2.842,0
2025-05-05 15:30:00,809.05,62.00656330000004,2.834,0
2025-05-05 16:00:00,809.13,62.30477910000002,2.823,0
2025-05-05 16:30:00,808.58,62.087201300000174,2.816,0
2025-05-05 17:00:00,808.15,61.72654090000003,2.811,0
2025-05-05 17:30:00,808.21,61.489808200000084,2.809,0
2025-05-05 18:00:00,808.89,61.859819400000106,2.811,0
2025-05-05 18:30:00,809.2,61.829239600000165,2.816,0
2025-05-05 19:00:00,808.82,61.39111670000011,2.824,0
2025-05-05 19:30:00,808.7,61.35983060000012,2.837,0
2025-05-05 20:00:00,809.35,61.934372800000006,2.858,0
2025-05-05 20:30:00,810.07,62.80834750000008,2.882,0
2025-05-05 21:00:00,810.67,63.25131370000008,2.913,0
2025-05-05 21:30:00,811.98,64.55621520000011,2.946,0
2025-05-05 22:00:00,812.97,65.69713079999997,2.984,0
2025-05-05 22:30:00,814.33,66.91845160000003,3.024,0
2025-05-05 23:00:00,815.51,68.15657450000003,3.067,0
2025-05-05 23:30:00,816.9,69.47519550000004,3.113,0
2025-05-06 00:00:00,818.4,70.62237930000003,3.158,0
2025-05-06 00:30:00,819.46,71.51514850000001,3.204,0
2025-05-06 01:00:00,820.56,72.56620290000001,3.252,0
2025-05-06 01:30:00,821.44,73.49412880000011,3.291,0
2025-05-06 02:00:00,822.13,73.92818410000007,3.333,0
2025-05-06 02:30:00,822.63,74.18345610000006,3.366,0
2025-05-06 03:00:00,823.22,74.62050110000007,3.394,0
2025-05-06 03:30:00,823.21,74.42287629999998,3.414,0
2025-05-06 04:00:00,823.26,74.4504429000001,3.433,0
2025-05-06 04:30:00,823.67,74.27513510000006,3.447,0
2025-05-06 05:00:00,823.54,74.14003660000003,3.454,0
2025-05-06 05:30:00,823.74,74.29618950000008,3.458,0
2025-05-06 06:00:00,823.29,73.76869230000011,3.456,0
2025-05-06 06:30:00,822.62,73.30773080000006,3.453,0
2025-05-06 07:00:00,822.51,73.26707040000008,3.444,0
2025-05-06 07:30:00,822.54,73.07987430000014,3.433,0
2025-05-06 08:00:00,821.85,72.67029180000009,3.42,0
2025-05-06 08:30:00,821.6,72.52736030000017,3.406,0
2025-05-06 09:00:00,821.31,72.39133500000003,3.39,0
2025-05-06 09:30:00,820.74,71.79074400000013,3.371,0
2025-05-06 10:00:00,820.95,71.64792780000005,3.352,0
2025-05-06 10:30:00,820.47,71.1424353000001,3.333,0
2025-05-06 11:00:00,820.44,71.13282930000014,3.311,0
2025-05-06 11:30:00,819.86,70.73025710000013,3.293,0
2025-05-06 12:00:00,819.45,70.51400010000009,3.269,0
2025-05-06 12:30:00,818.97,70.36948140000015,3.246,0
2025-05-06 13:00:00,818.49,69.86194950000004,3.221,0
2025-05-06 13:30:00,818.4,69.52620179999997,3.195,0
2025-05-06 14:00:00,818.39,69.41933029999996,3.168,0
2025-05-06 14:30:00,817.93,68.97156670000004,3.141,0
2025-05-06 15:00:00,817.87,68.89321210000014,3.113,0
2025-05-06 15:30:00,817.52,68.82362960000012,3.086,0
2025-05-06 16:00:00,817.05,68.44234349999999,3.06,0
2025-05-06 16:30:00,816.88,68.06942320000007,3.032,0
2025-05-06 17:00:00,816.92,68.144093,3.01,0
2025-05-06 17:30:00,816.18,67.45405829999993,2.991,0
2025-05-06 18:00:00,816.48,67.57561080000005,2.972,0
2025-05-06 18:30:00,816.15,67.23847290000003,2.958,0
2025-05-06 19:00:00,816.31,67.1894344000001,2.953,0
2025-05-06 19:30:00,816.21,66.9334203000002,2.958,0
2025-05-06 20:00:00,816.41,67.22009480000008,2.966,0
2025-05-06 20:30:00,816.37,67.30959670000004,2.98,0
2025-05-06 21:00:00,816.94,67.65628240000012,3.006,0
2025-05-06 21:30:00,817.08,67.91762670000003,3.032,0
2025-05-06 22:00:00,817.67,68.41075520000004,3.066,0
2025-05-06 22:30:00,818.86,69.69864640000003,3.105,0
2025-05-06 23:00:00,819.77,70.66574960000003,3.146,0
2025-05-06 23:30:00,820.76,71.48342030000015,3.187,0
2025-05-07 00:00:00,822.24,72.80944560000012,3.229,0
2025-05-07 00:30:00,823.28,73.76379079999992,3.271,0
2025-05-07 01:00:00,824.1,74.42369790000009,3.311,0
2025-05-07 01:30:00,825.0,75.0361425000001,3.351,0
2025-05-07 02:00:00,825.86,75.67078880000008,3.384,0
2025-05-07 02:30:00,826.32,75.98089290000007,3.414,0
2025-05-07 03:00:00,827.06,76.26610670000002,3.438,0
2025-05-07 03:30:00,827.08,76.1535457,3.46,0
2025-05-07 04:00:00,827.36,76.1174387000001,3.476,0
2025-05-07 04:30:00,827.59,76.12412440000014,3.488,0
2025-05-07 05:00:00,827.82,76.05025380000018,3.494,0
2025-05-07 05:30:00,827.63,75.80213090000007,3.498,0
2025-05-07 06:00:00,827.62,75.7370671000001,3.497,0
2025-05-07 06:30:00,827.71,75.67309240000009,3.491,0
2025-05-07 07:00:00,827.75,75.65802859999997,3.487,0
2025-05-07 07:30:00,827.42,75.31783160000009,3.476,0
2025-05-07 08:00:00,827.34,75.28677720000019,3.463,0
2025-05-07 08:30:00,827.01,75.06690479999997,3.446,0
2025-05-07 09:00:00,827.23,75.06970870000009,3.429,0
2025-05-07 09:30:00,826.96,74.70691600000009,3.412,0
2025-05-07 10:00:00,826.78,74.4371824000001,3.391,0
2025-05-07 10:30:00,826.49,74.06560640000009,3.37,0
2025-05-07 11:00:00,826.19,73.75438970000005,3.348,0
2025-05-07 11:30:00,826.01,73.4866955,3.323,0
2025-05-07 12:00:00,825.56,73.0305773,3.298,0
2025-05-07 12:30:00,825.28,72.69857260000003,3.27,0
2025-05-07 13:00:00,824.79,72.05459790000009,3.241,0
2025-05-07 13:30:00,824.8,71.81579110000007,3.209,0
2025-05-07 14:00:00,824.88,71.82237270000007,3.178,0
2025-05-07 14:30:00,824.23,71.19888490000017,3.147,0
2025-05-07 15:00:00,824.41,71.1861616000001,3.113,0
2025-05-07 15:30:00,824.06,70.82392520000008,3.082,0
2025-05-07 16:00:00,823.76,70.44846740000003,3.049,0
2025-05-07 16:30:00,823.94,70.4082122000001,3.021,0
2025-05-07 17:00:00,823.39,69.69098140000006,2.993,0
2025-05-07 17:30:00,823.55,69.71332189999998,2.973,0
2025-05-07 18:00:00,823.57,69.65276560000018,2.953,0
2025-05-07 18:30:00,823.4,69.33388940000009,2.939,0
2025-05-07 19:00:00,823.25,69.05846629999996,2.936,0
2025-05-07 19:30:00,823.22,68.98971770000003,2.94,0
2025-05-07 20:00:00,823.14,68.83833870000012,2.953,0
2025-05-07 20:30:00,824.03,69.72935840000002,2.972,0
2025-05-07 21:00:00,823.88,69.41518670000005,2.999,0
2025-05-07 21:30:00,825.1,70.59745780000014,3.034,0
2025-05-07 22:00:00,826.11,71.68189590000009,3.073,0
2025-05-07 22:30:00,827.59,73.15169890000004,3.115,0
2025-05-07 23:00:00,829.1,74.6882111000001,3.164,0
2025-05-07 23:30:00,830.65,76.1994625000001,3.213,0
2025-05-08 00:00:00,832.7,78.1791032000001,3.262,0
2025-05-08 00:30:00,834.34,79.75384240000017,3.312,0
2025-05-08 01:00:00,835.42,80.90012290000004,3.365,0
2025-05-08 01:30:00,836.75,82.2270638,3.414,0
2025-05-08 02:00:00,837.45,82.77614820000008,3.458,0
2025-05-08 02:30:00,838.4,83.57217349999996,3.495,0
2025-05-08 03:00:00,839.01,84.00168660000008,3.53,0
2025-05-08 03:30:00,839.42,84.13942670000006,3.558,0
2025-05-08 04:00:00,840.4,84.94505800000002,3.583,0
2025-05-08 04:30:00,840.76,84.9950692000001,3.605,0
2025-05-08 05:00:00,841.69,85.82411890000014,3.621,0
2025-05-08 05:30:00,841.59,85.62622770000007,3.63,0
2025-05-08 06:00:00,842.0,85.97096690000001,3.638,0
2025-05-08 06:30:00,842.36,86.13926330000004,3.643,0
2025-05-08 07:00:00,842.11,85.89844060000007,3.646,0
2025-05-08 07:30:00,842.17,85.82384020000006,3.642,0
2025-05-08 08:00:00,842.0,85.69258880000007,3.634,0
2025-05-08 08:30:00,841.29,85.09679519999997,3.621,0
2025-05-08 09:00:00,840.42,84.31346970000004,3.606,0
2025-05-08 09:30:00,840.37,84.21146500000009,3.588,0
2025-05-08 10:00:00,840.02,83.77784959999997,3.566,0
2025-05-08 10:30:00,839.86,83.43532330000005,3.542,0
2025-05-08 11:00:00,839.28,82.77782610000008,3.512,0
2025-05-08 11:30:00,838.82,82.3035503000001,3.48,0
2025-05-08 12:00:00,838.34,81.76236830000005,3.446,0
2025-05-08 12:30:00,837.61,81.0588805000001,3.408,0
2025-05-08 13:00:00,837.33,80.49540390000016,3.37,0
2025-05-08 13:30:00,837.38,80.32616840000003,3.33,0
2025-05-08 14:00:00,836.95,79.74933160000012,3.294,0
2025-05-08 14:30:00,836.45,79.25443010000015,3.254,0
2025-05-08 15:00:00,835.77,78.50407080000002,3.215,0
2025-05-08 15:30:00,835.53,78.13762800000006,3.177,0
2025-05-08 16:00:00,835.19,77.75276120000012,3.145,0
2025-05-08 16:30:00,834.47,77.03887940000016,3.112,0
2025-05-08 17:00:00,833.94,76.44259890000012,3.084,0
2025-05-08 17:30:00,833.92,76.30023490000008,3.062,0
2025-05-08 18:00:00,833.62,75.8268859000001,3.046,0
2025-05-08 18:30:00,833.24,75.43668890000004,3.036,0
2025-05-08 19:00:00,833.36,75.50060540000015,3.033,0
2025-05-08 19:30:00,833.04,75.21425550000004,3.036,0
2025-05-08 20:00:00,833.33,75.43083710000008,3.051,0
2025-05-08 20:30:00,833.31,75.50159040000005,3.073,0
2025-05-08 21:00:00,834.69,76.85813730000007,3.102,0
2025-05-08 21:30:00,835.92,78.16461479999998,3.136,0
2025-05-08 22:00:00,837.62,79.93293470000003,3.179,0
2025-05-08 22:30:00,839.27,81.69000320000009,3.227,0
2025-05-08 23:00:00,840.88,83.24188030000005,3.278,0
2025-05-08 23:30:00,843.33,85.67352570000003,3.335,0
2025-05-09 00:00:00,845.43,87.70520580000004,3.398,0
2025-05-09 00:30:00,847.35,89.59869360000005,3.461,0
2025-05-09 01:00:00,848.74,90.95708290000005,3.528,0
2025-05-09 01:30:00,850.39,92.61218140000005,3.595,0
2025-05-09 02:00:00,851.5,93.62530990000005,3.656,0
2025-05-09 02:30:00,852.46,94.50271420000013,3.716,0
2025-05-09 03:00:00,853.4,95.08276010000009,3.765,0
2025-05-09 03:30:00,854.42,95.81214560000001,3.806,0
2025-05-09 04:00:00,855.39,96.46501890000002,3.844,0
2025-05-09 04:30:00,856.31,97.18005920000007,3.872,0
2025-05-09 05:00:00,856.51,97.2077299,3.892,0
2025-05-09 05:30:00,856.92,97.46375520000004,3.905,0
2025-05-09 06:00:00,857.08,97.60947940000017,3.912,0
2025-05-09 06:30:00,856.72,97.2474400000001,3.908,0
2025-05-09 07:00:00,856.7,97.08060320000016,3.899,0
2025-05-09 07:30:00,856.19,96.5043227000001,3.885,0
2025-05-09 08:00:00,855.69,96.0757017000002,3.865,0
2025-05-09 08:30:00,854.82,95.3107308000001,3.838,0
2025-05-09 09:00:00,854.38,94.95944469999995,3.802,0
2025-05-09 09:30:00,853.05,93.84969990000002,3.764,0
2025-05-09 10:00:00,853.12,93.88808920000008,3.719,0
2025-05-09 10:30:00,852.05,92.74671020000005,3.674,0
2025-05-09 11:00:00,851.51,92.11289780000004,3.626,0
2025-05-09 11:30:00,850.68,91.27983870000003,3.58,0
2025-05-09 12:00:00,850.06,90.63638560000004,3.532,0
2025-05-09 12:30:00,848.93,89.43908539999995,3.486,0
2025-05-09 13:00:00,848.29,88.77359289999993,3.439,0
2025-05-09 13:30:00,848.07,88.41797280000003,3.394,0
2025-05-09 14:00:00,847.33,87.65350000000012,3.353,0
2025-05-09 14:30:00,846.52,86.97504130000004,3.31,0
2025-05-09 15:00:00,845.66,86.16806570000006,3.27,0
2025-05-09 15:30:00,844.67,85.3442768000001,3.234,0
2025-05-09 16:00:00,844.17,84.83407980000004,3.2,0
2025-05-09 16:30:00,843.74,84.47341940000001,3.171,0
2025-05-09 17:00:00,843.19,83.85917830000017,3.145,0
2025-05-09 17:30:00,842.57,83.15760230000001,3.125,0
2025-05-09 18:00:00,842.37,82.92701130000012,3.111,0
2025-05-09 18:30:00,841.87,82.27201690000004,3.106,0
2025-05-09 19:00:00,841.72,82.21786870000005,3.106,0
2025-05-09 19:30:00,841.09,81.63273550000008,3.113,0
2025-05-09 20:00:00,841.31,82.02404510000008,3.128,0
2025-05-09 20:30:00,841.85,82.67111360000013,3.154,0
2025-05-09 21:00:00,842.57,83.52979280000011,3.185,0
2025-05-09 21:30:00,844.47,85.63883129999999,3.224,0
2025-05-09 22:00:00,845.74,86.88741760000005,3.273,0
2025-05-09 22:30:00,847.59,88.99948050000012,3.327,0
2025-05-09 23:00:00,850.12,91.7058886000001,3.39,0
2025-05-09 23:30:00,852.8,94.49907530000007,3.464,0
2025-05-10 00:00:00,854.47,96.15989800000011,3.542,0
2025-05-10 00:30:00,856.04,97.83288770000001,3.632,0
2025-05-10 01:00:00,856.71,98.46719820000021,3.72,0
2025-05-10 01:30:00,857.93,99.70045430000005,3.807,0
2025-05-10 02:00:00,859.78,101.45052369999996,3.887,0
2025-05-10 02:30:00,860.75,102.42562220000002,3.959,0
2025-05-10 03:00:00,861.92,103.55993269999999,4.023,0
2025-05-10 03:30:00,862.1,103.59003680000012,4.075,0
2025-05-10 04:00:00,863.46,104.7165255000001,4.116,0
2025-05-10 04:30:00,864.09,105.08446260000005,4.146,0
2025-05-10 05:00:00,864.48,105.43061550000004,4.161,0
2025-05-10 05:30:00,864.15,105.00986220000004,4.167,0
2025-05-10 06:00:00,864.01,104.89433500000007,4.16,0
2025-05-10 06:30:00,864.17,105.12571400000002,4.14,0
2025-05-10 07:00:00,863.54,104.37029089999999,4.113,0
2025-05-10 07:30:00,863.19,104.10084720000009,4.079,0
2025-05-10 08:00:00,861.77,102.79913239999996,4.032,0
2025-05-10 08:30:00,861.6,102.76985100000002,3.984,0
2025-05-10 09:00:00,860.61,101.99194860000011,3.927,0
2025-05-10 09:30:00,859.3,100.77372159999993,3.873,0
2025-05-10 10:00:00,858.61,100.1438839000001,3.812,0
2025-05-10 10:30:00,857.48,99.1413464000002,3.753,0
2025-05-10 11:00:00,856.82,98.4925631000001,3.695,0
2025-05-10 11:30:00,855.7,97.42558750000012,3.638,0
2025-05-10 12:00:00,854.5,96.47337460000006,3.584,0
2025-05-10 12:30:00,853.34,95.42044310000017,3.532,0
2025-05-10 13:00:00,852.03,94.13491590000001,3.481,0
2025-05-10 13:30:00,851.11,93.27915700000005,3.437,0
2025-05-10 14:00:00,850.04,92.18978270000002,3.393,0
2025-05-10 14:30:00,849.22,91.53803320000009,3.354,0
2025-05-10 15:00:00,848.71,91.08921520000013,3.315,0
2025-05-10 15:30:00,847.7,90.38104640000017,3.278,0
2025-05-10 16:00:00,847.15,89.73825369999997,3.248,0
2025-05-10 16:30:00,846.62,89.2041749,3.22,0
2025-05-10 17:00:00,845.74,88.38739630000009,3.195,0
2025-05-10 17:30:00,844.81,87.3880567000001,3.177,0
2025-05-10 18:00:00,844.68,87.0500379,3.166,0
2025-05-10 18:30:00,844.54,86.83559979999995,3.16,0
2025-05-10 19:00:00,843.6,86.04447600000003,3.167,0
2025-05-10 19:30:00,843.82,86.33891410000012,3.176,0
2025-05-10 20:00:00,843.95,86.58719930000007,3.199,0
2025-05-10 20:30:00,844.12,87.07534570000007,3.231,0
2025-05-10 21:00:00,846.24,89.23307460000001,3.272,0
2025-05-10 21:30:00,847.86,91.28032890000009,3.322,0
2025-05-10 22:00:00,849.75,93.47419950000005,3.383,0
2025-05-10 22:30:00,852.46,96.18216010000003,3.457,0
2025-05-10 23:00:00,855.8,99.85560199999998,3.539,0
2025-05-10 23:30:00,858.16,102.29513860000009,3.636,0
2025-05-11 00:00:00,859.86,104.11852230000011,3.741,0
2025-05-11 00:30:00,862.07,106.42131500000005,3.85,0
2025-05-11 01:00:00,863.64,108.1758807,3.953,0
2025-05-11 01:30:00,865.4,110.10005239999998,4.048,0
2025-05-11 02:00:00,866.08,110.91363310000008,4.129,0
2025-05-11 02:30:00,867.35,112.24175600000001,4.192,0
2025-05-11 03:00:00,868.0,113.01717910000013,4.24,0
2025-05-11 03:30:00,868.48,113.42478040000003,4.275,0
2025-05-11 04:00:00,869.23,113.99225410000008,4.29,0
2025-05-11 04:30:00,868.89,113.76034230000005,4.296,0
2025-05-11 05:00:00,869.17,113.94856929999992,4.288,0
2025-05-11 05:30:00,868.54,113.38586950000001,4.266,0
2025-05-11 06:00:00,868.76,113.7567851,4.235,0
2025-05-11 06:30:00,867.66,112.82809469999995,4.197,0
2025-05-11 07:00:00,866.86,112.17085269999995,4.153,0
2025-05-11 07:30:00,865.79,111.37923080000007,4.102,0
2025-05-11 08:00:00,864.69,110.40057510000008,4.044,0
2025-05-11 08:30:00,863.47,109.36208170000009,3.981,0
2025-05-11 09:00:00,862.38,108.3495789000001,3.921,0
2025-05-11 09:30:00,860.79,107.12667089999991,3.86,0
2025-05-11 10:00:00,859.67,106.11068030000013,3.8,0
2025-05-11 10:30:00,858.83,105.26150300000018,3.742,0
2025-05-11 11:00:00,857.57,104.06064560000004,3.69,0
2025-05-11 11:30:00,856.67,103.27077320000001,3.639,0
2025-05-11 12:00:00,854.83,101.63981170000011,3.592,0
2025-05-11 12:30:00,853.2,100.44318420000013,3.547,0
2025-05-11 13:00:00,852.57,99.88150410000014,3.506,0
2025-05-11 13:30:00,851.9,99.20640560000004,3.468,0
2025-05-11 14:00:00,850.56,97.7980857,3.433,0
2025-05-11 14:30:00,849.63,96.99350879999997,3.401,0
2025-05-11 15:00:00,849.04,96.49834090000013,3.368,0
2025-05-11 15:30:00,848.03,95.80648730000007,3.341,0
2025-05-11 16:00:00,846.91,94.77724060000003,3.313,0
2025-05-11 16:30:00,845.89,93.68484190000004,3.292,0
2025-05-11 17:00:00,845.01,92.7987237000001,3.278,0
2025-05-11 17:30:00,844.31,92.056916,3.265,0
2025-05-11 18:00:00,843.78,91.50040379999996,3.259,0
2025-05-11 18:30:00,843.78,91.38415800000007,3.261,0
2025-05-11 19:00:00,843.45,90.79515420000007,3.273,0
2025-05-11 19:30:00,842.93,90.3842621,3.294,0
2025-05-11 20:00:00,842.92,90.33143469999993,3.323,0
2025-05-11 20:30:00,843.74,91.12594220000005,3.359,0
2025-05-11 21:00:00,844.37,91.88442440000017,3.401,0
2025-05-11 21:30:00,845.45,93.09392630000013,3.453,0
2025-05-11 22:00:00,846.72,94.61375280000016,3.514,0
2025-05-11 22:30:00,848.35,96.45585040000003,3.583,0
2025-05-11 23:00:00,850.22,98.41966280000008,3.662,0
2025-05-11 23:30:00,851.51,99.92074070000001,3.75,0
2025-05-12 00:00:00,852.67,101.16435609999996,3.845,0
2025-05-12 00:30:00,853.95,102.62076420000017,3.939,0
2025-05-12 01:00:00,854.44,103.21375390000014,4.031,0
2025-05-12 01:30:00,853.94,103.0329200000001,4.115,0
2025-05-12 02:00:00,854.54,104.01836660000004,4.189,0
2025-05-12 02:30:00,854.8,104.28856359999997,4.25,0
2025-05-12 03:00:00,855.0,104.68944450000004,4.297,0
2025-05-12 03:30:00,854.86,104.63815840000007,4.325,0
2025-05-12 04:00:00,854.77,104.84795020000001,4.34,0
2025-05-12 04:30:00,854.86,104.98179730000004,4.338,0
2025-05-12 05:00:00,853.49,104.45712860000015,4.325,0
2025-05-12 05:30:00,853.47,104.65228530000002,4.3,0
2025-05-12 06:00:00,852.47,103.72774310000011,4.27,0
2025-05-12 06:30:00,851.67,102.85228529999995,4.231,0
2025-05-12 07:00:00,850.77,102.36322440000004,4.187,0
2025-05-12 07:30:00,850.39,101.65692039999999,4.142,0
2025-05-12 08:00:00,849.59,100.63768490000007,4.092,0
2025-05-12 08:30:00,849.28,100.14209950000009,4.037,0
2025-05-12 09:00:00,847.81,98.77304980000008,3.981,0
2025-05-12 09:30:00,846.72,97.9940583,3.923,0
2025-05-12 10:00:00,845.52,97.0714167000001,3.865,0
2025-05-12 10:30:00,843.73,95.92280800000015,3.808,0
2025-05-12 11:00:00,842.52,94.74951720000001,3.751,0
2025-05-12 11:30:00,841.45,94.23933250000005,3.695,0
2025-05-12 12:00:00,840.13,92.9794948,3.642,0
2025-05-12 12:30:00,839.64,92.59248450000007,3.588,0
2025-05-12 13:00:00,838.79,91.9331684,3.539,0
2025-05-12 13:30:00,837.73,91.09444329999997,3.489,0
2025-05-12 14:00:00,836.62,90.18940300000008,3.444,0
2025-05-12 14:30:00,835.63,89.39518540000006,3.4,0
2025-05-12 15:00:00,835.34,89.13067790000014,3.358,0
2025-05-12 15:30:00,834.17,88.11771170000009,3.318,0
2025-05-12 16:00:00,833.65,87.80267140000001,3.283,0
2025-05-12 16:30:00,833.05,87.05175579999991,3.251,0
2025-05-12 17:00:00,832.54,86.45304190000002,3.224,0
2025-05-12 17:30:00,831.83,86.08464140000012,3.203,0
2025-05-12 18:00:00,831.51,85.67286840000008,3.184,0
2025-05-12 18:30:00,830.58,85.01716770000019,3.177,0
2025-05-12 19:00:00,829.78,84.56080659999998,3.181,0
2025-05-12 19:30:00,829.09,83.80758520000018,3.198,0
2025-05-12 20:00:00,828.21,83.49657780000007,3.225,0
2025-05-12 20:30:00,828.23,83.80107410000005,3.255,0
2025-05-12 21:00:00,828.11,83.49548870000001,3.291,0
2025-05-12 21:30:00,828.23,83.76028610000003,3.331,0
2025-05-12 22:00:00,828.42,83.83506000000011,3.373,0
2025-05-12 22:30:00,828.71,84.20969510000009,3.422,0
2025-05-12 23:00:00,828.8,84.31397089999996,3.474,0
2025-05-12 23:30:00,829.45,84.94459660000007,3.531,0
2025-05-13 00:00:00,829.86,85.25772510000013,3.589,0
2025-05-13 00:30:00,829.98,85.1166819,3.649,0
2025-05-13 01:00:00,829.93,85.07993799999997,3.707,0
2025-05-13 01:30:00,830.01,85.12424850000014,3.764,0
2025-05-13 02:00:00,829.83,85.02990330000011,3.813,0
2025-05-13 02:30:00,829.39,84.59704120000004,3.857,0
2025-05-13 03:00:00,829.19,84.41947460000006,3.896,0
2025-05-13 03:30:00,829.4,84.59276540000008,3.927,0
2025-05-13 04:00:00,829.15,84.22753929999999,3.949,0
2025-05-13 04:30:00,828.73,83.82895300000007,3.968,0
2025-05-13 05:00:00,828.59,83.62471190000008,3.971,0
2025-05-13 05:30:00,828.34,83.14425970000013,3.969,0
2025-05-13 06:00:00,828.31,82.99087600000007,3.964,0
2025-05-13 06:30:00,828.07,82.7202850000001,3.95,0
2025-05-13 07:00:00,827.63,82.29252140000006,3.933,0
2025-05-13 07:30:00,827.34,82.08613680000008,3.914,0
2025-05-13 08:00:00,826.67,81.59254490000012,3.892,0
2025-05-13 08:30:00,826.17,81.2322438000001,3.864,0
2025-05-13 09:00:00,825.82,80.9750365000001,3.836,0
2025-05-13 09:30:00,825.46,80.6915140000001,3.807,0
2025-05-13 10:00:00,824.88,80.30219790000001,3.771,0
2025-05-13 10:30:00,824.32,79.91350750000015,3.735,0
2025-05-13 11:00:00,823.68,79.35406379999995,3.698,0
2025-05-13 11:30:00,823.15,78.80774859999997,3.657,0
2025-05-13 12:00:00,823.07,78.68900000000008,3.616,0
2025-05-13 12:30:00,822.8,78.27726169999994,3.577,0
2025-05-13 13:00:00,822.4,77.92722700000002,3.533,0
2025-05-13 13:30:00,822.26,77.58226730000001,3.489,0
2025-05-13 14:00:00,822.48,77.45149049999998,3.445,0
2025-05-13 14:30:00,822.06,76.86120059999996,3.402,0
2025-05-13 15:00:00,821.62,76.44159460000014,3.36,0
2025-05-13 15:30:00,821.71,76.29400450000003,3.318,0
2025-05-13 16:00:00,821.65,75.96786280000003,3.28,0
2025-05-13 16:30:00,821.25,75.36596220000001,3.244,0
2025-05-13 17:00:00,821.47,75.1954171000001,3.209,0
2025-05-13 17:30:00,821.7,75.23677260000011,3.174,0
2025-05-13 18:00:00,821.75,74.92477910000002,3.142,0
2025-05-13 18:30:00,821.62,74.75297140000009,3.116,0
2025-05-13 19:00:00,821.35,74.3779423000002,3.089,0
2025-05-13 19:30:00,821.18,74.15797699999996,3.062,0
2025-05-13 20:00:00,821.69,74.47423400000002,3.04,0
2025-05-13 20:30:00,821.41,74.14936720000003,3.021,0
2025-05-13 21:00:00,821.28,73.98061860000007,3.002,0
2025-05-13 21:30:00,821.36,73.95966830000009,2.983,0
2025-05-13 22:00:00,820.84,73.52226400000018,2.968,0
2025-05-13 22:30:00,821.16,73.50372359999994,2.952,0
2025-05-13 23:00:00,821.03,73.40227520000008,2.943,0
2025-05-13 23:30:00,821.2,73.55086150000011,2.938,0
2025-05-14 00:00:00,820.45,72.74477800000022,2.932,0
2025-05-14 00:30:00,820.38,72.8002011000001,2.925,0
2025-05-14 01:00:00,819.96,72.31697970000005,2.922,0
2025-05-14 01:30:00,820.07,72.4086251,2.921,0
2025-05-14 02:00:00,820.12,72.29343370000004,2.919,0
2025-05-14 02:30:00,820.01,72.01926200000003,2.915,0
2025-05-14 03:00:00,820.18,71.91394300000002,2.913,0
2025-05-14 03:30:00,819.91,71.41858930000012,2.912,0
2025-05-14 04:00:00,820.25,71.6209298,2.907,0
2025-05-14 04:30:00,820.51,71.41696630000001,2.904,0
2025-05-14 05:00:00,819.87,70.90340909999998,2.899,0
2025-05-14 05:30:00,819.76,70.67206480000004,2.894,0
2025-05-14 06:00:00,819.4,70.31512390000012,2.888,0
2025-05-14 06:30:00,819.43,70.41650289999995,2.877,0
2025-05-14 07:00:00,819.21,69.93545970000014,2.869,0
2025-05-14 07:30:00,819.13,69.92275990000007,2.858,0
2025-05-14 08:00:00,818.24,69.20814829999995,2.847,0
2025-05-14 08:30:00,817.9,68.78861170000005,2.833,0
2025-05-14 09:00:00,817.64,68.73663050000005,2.818,0
2025-05-14 09:30:00,817.23,68.54994480000005,2.803,0
2025-05-14 10:00:00,817.02,68.203305,2.787,0
2025-05-14 10:30:00,817.06,67.89762669999993,2.767,0
2025-05-14 11:00:00,817.05,67.87946909999994,2.748,0
2025-05-14 11:30:00,816.56,67.59544849999997,2.729,0
2025-05-14 12:00:00,816.06,67.15561079999998,2.71,0
2025-05-14 12:30:00,815.88,67.02557610000008,2.688,0
2025-05-14 13:00:00,815.87,66.8116361000001,2.666,0
2025-05-14 13:30:00,815.81,66.47835650000002,2.644,0
2025-05-14 14:00:00,816.0,66.38997840000002,2.623,0
2025-05-14 14:30:00,815.65,65.91863410000008,2.603,0
2025-05-14 15:00:00,815.2,65.44620070000008,2.582,0
2025-05-14 15:30:00,815.15,65.22795020000001,2.561,0
2025-05-14 16:00:00,815.45,65.33420720000015,2.547,0
2025-05-14 16:30:00,816.13,65.85309460000008,2.531,0
2025-05-14 17:00:00,816.95,66.61293230000001,2.516,0
2025-05-14 17:30:00,817.4,66.9405683,2.501,0
2025-05-14 18:00:00,817.26,66.64863300000002,2.49,0
2025-05-14 18:30:00,817.49,66.82764800000007,2.482,0
2025-05-14 19:00:00,817.91,67.22929339999996,2.479,0
2025-05-14 19:30:00,817.95,67.14387030000012,2.483,0
2025-05-14 20:00:00,818.63,67.70762450000018,2.498,0
2025-05-14 20:30:00,818.7,67.65118170000017,2.521,0
2025-05-14 21:00:00,818.58,67.44450720000009,2.553,0
2025-05-14 21:30:00,818.05,67.02973329999998,2.59,0
2025-05-14 22:00:00,818.53,67.62699880000002,2.636,0
2025-05-14 22:30:00,818.51,67.63045190000014,2.687,0
2025-05-14 23:00:00,818.25,67.32864419999999,2.743,0
2025-05-14 23:30:00,818.7,67.75417140000013,2.802,0
2025-05-15 00:00:00,818.59,67.60236370000007,2.864,0
2025-05-15 00:30:00,818.69,67.59223610000015,2.931,0
2025-05-15 01:00:00,818.57,67.59561980000001,2.997,0
2025-05-15 01:30:00,818.98,68.01479710000001,3.062,0
2025-05-15 02:00:00,818.45,67.48377740000012,3.124,0
2025-05-15 02:30:00,818.82,67.89150630000017,3.18,0
2025-05-15 03:00:00,818.77,67.76706820000004,3.235,0
2025-05-15 03:30:00,818.79,67.6096404000001,3.285,0
2025-05-15 04:00:00,819.2,67.78510940000001,3.331,0
2025-05-15 04:30:00,819.36,67.7289330000001,3.37,0
2025-05-15 05:00:00,819.41,67.65860839999993,3.406,0
2025-05-15 05:30:00,819.02,67.42156339999997,3.438,0
2025-05-15 06:00:00,819.04,67.52110000000005,3.463,0
2025-05-15 06:30:00,818.89,67.44145930000002,3.482,0
2025-05-15 07:00:00,819.01,67.61346400000002,3.498,0
2025-05-15 07:30:00,818.67,67.22145929999999,3.507,0
2025-05-15 08:00:00,818.8,67.48503999999991,3.509,0
2025-05-15 08:30:00,818.54,67.18731109999999,3.515,0
2025-05-15 09:00:00,818.48,67.1895128000001,3.509,0
2025-05-15 09:30:00,818.75,67.52375390000009,3.504,0
2025-05-15 10:00:00,818.63,67.38641900000005,3.496,0
2025-05-15 10:30:00,818.04,66.92999970000005,3.485,0
2025-05-15 11:00:00,818.05,66.75645370000007,3.471,0
2025-05-15 11:30:00,818.26,67.06026610000004,3.456,0
2025-05-15 12:00:00,818.16,66.90010380000001,3.44,0
2025-05-15 12:30:00,817.3,66.33989559999998,3.419,0
2025-05-15 13:00:00,817.82,66.7324331000001,3.399,0
2025-05-15 13:30:00,817.75,66.33307000000013,3.377,0
2025-05-15 14:00:00,817.95,66.20778570000004,3.354,0
2025-05-15 14:30:00,818.04,66.28962809999996,3.328,0
2025-05-15 15:00:00,817.81,66.06268720000003,3.303,0
2025-05-15 15:30:00,817.61,65.71687010000005,3.277,0
2025-05-15 16:00:00,817.74,65.7051318,3.252,0
2025-05-15 16:30:00,817.59,65.61631380000006,3.23,0
2025-05-15 17:00:00,817.2,65.19368340000017,3.209,0
2025-05-15 17:30:00,817.39,65.56722940000009,3.192,0
2025-05-15 18:00:00,817.13,65.24094890000003,3.178,0
2025-05-15 18:30:00,816.75,64.80588510000007,3.167,0
2025-05-15 19:00:00,816.89,64.85717120000004,3.167,0
2025-05-15 19:30:00,817.17,65.04029969999999,3.17,0
2025-05-15 20:00:00,816.75,64.63151640000012,3.184,0
2025-05-15 20:30:00,817.33,65.12586160000012,3.204,0
2025-05-15 21:00:00,817.75,65.46428560000004,3.233,0
2025-05-15 21:30:00,817.66,65.41201449999994,3.266,0
2025-05-15 22:00:00,818.23,66.05033440000011,3.311,0
2025-05-15 22:30:00,819.59,67.52352110000015,3.362,0
2025-05-15 23:00:00,820.44,68.29194510000002,3.421,0
2025-05-15 23:30:00,822.0,69.77750700000001,3.486,0
2025-05-16 00:00:00,822.72,70.40369460000011,3.561,0
2025-05-16 00:30:00,823.98,71.66675370000007,3.64,0
2025-05-16 01:00:00,824.48,72.29625560000011,3.723,0
2025-05-16 01:30:00,825.2,73.06928000000005,3.809,0
2025-05-16 02:00:00,825.88,73.71155110000007,3.89,0
2025-05-16 02:30:00,826.91,74.54882780000003,3.972,0
2025-05-16 03:00:00,827.25,74.93675370000005,4.043,0
2025-05-16 03:30:00,827.74,75.32070490000001,4.109,0
2025-05-16 04:00:00,828.24,75.73708950000014,4.167,0
2025-05-16 04:30:00,828.95,76.32064670000011,4.215,0
2025-05-16 05:00:00,829.3,76.7053165000001,4.256,0
2025-05-16 05:30:00,829.84,77.2748878000001,4.29,0
2025-05-16 06:00:00,829.89,77.56961580000007,4.315,0
2025-05-16 06:30:00,829.97,77.65369460000011,4.334,0
2025-05-16 07:00:00,829.91,77.60083250000002,4.345,0
2025-05-16 07:30:00,830.0,77.65106420000006,4.347,0
2025-05-16 08:00:00,829.85,77.5938569000001,4.342,0
2025-05-16 08:30:00,829.46,77.48937290000015,4.333,0
2025-05-16 09:00:00,829.14,77.22749580000004,4.319,0
2025-05-16 09:30:00,828.6,76.85880540000005,4.302,0
2025-05-16 10:00:00,828.24,76.71090300000014,4.276,0
2025-05-16 10:30:00,827.97,76.45619850000003,4.25,0
2025-05-16 11:00:00,827.73,76.33856250000008,4.221,0
2025-05-16 11:30:00,826.91,75.64092649999998,4.186,0
2025-05-16 12:00:00,826.29,75.07599029999994,4.15,0
2025-05-16 12:30:00,825.97,74.91200440000011,4.113,0
2025-05-16 13:00:00,825.65,74.63585150000006,4.069,0
2025-05-16 13:30:00,825.29,74.12289650000002,4.027,0
2025-05-16 14:00:00,824.99,74.02275770000006,3.985,0
2025-05-16 14:30:00,824.18,73.4534069,3.939,0
2025-05-16 15:00:00,823.76,73.01199320000012,3.896,0
2025-05-16 15:30:00,823.6,72.82344160000002,3.854,0
2025-05-16 16:00:00,823.45,72.72442660000002,3.815,0
2025-05-16 16:30:00,823.01,72.22426430000007,3.779,0
2025-05-16 17:00:00,822.6,71.72453070000006,3.746,0
2025-05-16 17:30:00,822.72,71.8057821000001,3.715,0
2025-05-16 18:00:00,822.36,71.41519110000013,3.693,0
2025-05-16 18:30:00,822.04,70.8841132,3.676,0
2025-05-16 19:00:00,821.99,70.94526050000013,3.667,0
2025-05-16 19:30:00,822.01,70.98769389999995,3.667,0
2025-05-16 20:00:00,821.4,70.52860950000002,3.675,0
2025-05-16 20:30:00,821.23,70.45140220000019,3.689,0
2025-05-16 21:00:00,821.62,70.87811140000008,3.716,0
2025-05-16 21:30:00,821.97,71.08535340000014,3.749,0
2025-05-16 22:00:00,822.51,71.74873710000008,3.792,0
2025-05-16 22:30:00,823.85,73.13666300000011,3.845,0
2025-05-16 23:00:00,825.18,74.58086939999998,3.904,0
2025-05-16 23:30:00,826.41,75.95056829999999,3.97,0
2025-05-17 00:00:00,828.0,77.50589849999994,4.046,0
2025-05-17 00:30:00,829.58,79.22151860000008,4.13,0
2025-05-17 01:00:00,831.73,80.99524930000018,4.22,0
2025-05-17 01:30:00,833.07,82.1873928,4.313,0
2025-05-17 02:00:00,833.86,82.92844720000016,4.408,0
2025-05-17 02:30:00,834.16,83.54761330000008,4.495,0
2025-05-17 03:00:00,835.19,84.66224840000007,4.571,0
2025-05-17 03:30:00,836.32,85.37519110000017,4.639,0
2025-05-17 04:00:00,837.07,86.0548318000001,4.695,0
2025-05-17 04:30:00,837.81,86.60312820000001,4.741,0
2025-05-17 05:00:00,838.14,87.0106254000001,4.775,0
2025-05-17 05:30:00,838.67,87.74864419999994,4.802,0
2025-05-17 06:00:00,838.87,87.70085710000001,4.818,0
2025-05-17 06:30:00,838.62,87.53243310000005,4.82,0
2025-05-17 07:00:00,839.08,87.98835430000008,4.817,0
2025-05-17 07:30:00,838.99,87.97993030000009,4.805,0
2025-05-17 08:00:00,838.38,87.28835430000004,4.784,0
2025-05-17 08:30:00,838.1,87.33873710000012,4.756,0
2025-05-17 09:00:00,836.75,86.65256180000017,4.722,0
2025-05-17 09:30:00,836.38,86.34374380000008,4.684,0
2025-05-17 10:00:00,835.65,86.21128800000008,4.639,0
2025-05-17 10:30:00,834.99,85.39935270000001,4.591,0
2025-05-17 11:00:00,834.42,84.7946829,4.543,0
2025-05-17 11:30:00,833.4,84.3069663,4.491,0
2025-05-17 12:00:00,832.58,83.79287629999999,4.438,0
2025-05-17 12:30:00,831.78,83.34773189999999,4.385,0
2025-05-17 13:00:00,830.84,82.61473100000012,4.332,0
2025-05-17 13:30:00,829.71,81.70702560000018,4.277,0
2025-05-17 14:00:00,828.9,81.07037460000004,4.223,0
2025-05-17 14:30:00,828.5,80.92224050000004,4.169,0
2025-05-17 15:00:00,827.99,80.52236810000011,4.117,0
2025-05-17 15:30:00,826.92,80.16615810000008,4.067,0
2025-05-17 16:00:00,825.2,79.09060850000014,4.018,0
2025-05-17 16:30:00,825.84,79.03925190000007,3.973,0
2025-05-17 17:00:00,825.82,78.42476680000016,3.934,0
2025-05-17 17:30:00,825.16,78.03192820000004,3.895,0
2025-05-17 18:00:00,824.02,77.44256619999999,3.86,0
2025-05-17 18:30:00,823.36,77.23225390000005,3.828,0
2025-05-17 19:00:00,822.93,76.81041149999999,3.804,0
2025-05-17 19:30:00,822.19,76.42118830000015,3.786,0
2025-05-17 20:00:00,822.1,76.13540590000014,3.776,0
2025-05-17 20:30:00,821.91,75.68844150000007,3.778,0
2025-05-17 21:00:00,822.24,75.87262440000006,3.786,0
2025-05-17 21:30:00,821.75,75.12464030000001,3.799,0
2025-05-17 22:00:00,821.69,75.30019100000004,3.82,0
2025-05-17 22:30:00,821.59,75.17265910000003,3.846,0
2025-05-17 23:00:00,822.03,75.32000520000008,3.873,0
2025-05-17 23:30:00,821.86,75.13165060000006,3.904,0
2025-05-18 00:00:00,821.6,74.90835980000008,3.935,0
2025-05-18 00:30:00,822.23,75.21307550000006,3.967,0
2025-05-18 01:00:00,822.43,75.31416460000003,3.996,0
2025-05-18 01:30:00,822.47,75.19305200000008,4.026,0
2025-05-18 02:00:00,822.17,74.67177709999999,4.051,0
2025-05-18 02:30:00,822.18,74.70828930000005,4.069,0
2025-05-18 03:00:00,822.25,74.42547310000009,4.089,0
2025-05-18 03:30:00,822.09,74.28484739999999,4.1,0
2025-05-18 04:00:00,822.06,73.92242520000002,4.11,0
2025-05-18 04:30:00,822.0,73.61667750000004,4.113,0
2025-05-18 05:00:00,821.57,73.19789420000006,4.112,0
2025-05-18 05:30:00,821.55,73.1269092,4.109,0
2025-05-18 06:00:00,821.11,72.73483510000005,4.1,0
2025-05-18 06:30:00,821.2,72.79934260000016,4.088,0
2025-05-18 07:00:00,820.52,72.08059400000013,4.073,0
2025-05-18 07:30:00,820.39,71.88227410000002,4.057,0
2025-05-18 08:00:00,820.23,71.61724500000003,4.038,0
2025-05-18 08:30:00,819.96,71.37579660000006,4.018,0
2025-05-18 09:00:00,819.73,71.18352550000009,3.994,0
2025-05-18 09:30:00,819.12,70.71526380000012,3.969,0
2025-05-18 10:00:00,819.2,70.88397770000006,3.942,0
2025-05-18 10:30:00,819.01,70.48697860000004,3.912,0
2025-05-18 11:00:00,818.48,69.96003770000004,3.88,0
2025-05-18 11:30:00,818.6,69.96991009999999,3.85,0
2025-05-18 12:00:00,818.9,70.05679280000004,3.814,0
2025-05-18 12:30:00,818.02,69.16863520000004,3.779,0
2025-05-18 13:00:00,817.95,69.0303153000001,3.741,0
2025-05-18 13:30:00,817.68,68.66548319999993,3.704,0
2025-05-18 14:00:00,817.38,68.22170549999998,3.666,0
2025-05-18 14:30:00,817.48,68.19934150000006,3.627,0
2025-05-18 15:00:00,817.36,68.11910980000005,3.587,0
2025-05-18 15:30:00,817.15,67.84894750000001,3.55,0
2025-05-18 16:00:00,817.07,67.63128800000015,3.514,0
2025-05-18 16:30:00,816.94,67.45642120000014,3.479,0
2025-05-18 17:00:00,817.31,67.64185550000002,3.447,0
2025-05-18 17:30:00,817.1,67.30643240000006,3.419,0
2025-05-18 18:00:00,816.99,66.98943329999997,3.396,0
2025-05-18 18:30:00,817.08,66.87141450000013,3.381,0
2025-05-18 19:00:00,816.58,66.38161150000019,3.373,0
2025-05-18 19:30:00,817.23,66.98266590000014,3.378,0
2025-05-18 20:00:00,816.77,66.37582910000015,3.391,0
2025-05-18 20:30:00,817.38,66.78902700000015,3.416,0
2025-05-18 21:00:00,817.2,66.68346510000015,3.442,0
2025-05-18 21:30:00,817.51,67.0260955,3.477,0
2025-05-18 22:00:00,817.64,66.94909640000014,3.521,0
2025-05-18 22:30:00,818.03,67.27383559999998,3.571,0
2025-05-18 23:00:00,818.56,67.81607200000008,3.63,0
2025-05-18 23:30:00,819.45,68.55413670000007,3.694,0
2025-05-19 00:00:00,820.19,69.28495940000016,3.762,0
2025-05-19 00:30:00,820.99,69.9768712,3.836,0
2025-05-19 01:00:00,821.92,70.94561979999992,3.913,0
2025-05-19 01:30:00,822.91,71.69497060000003,3.995,0
2025-05-19 02:00:00,823.5,71.94846960000007,4.07,0
2025-05-19 02:30:00,824.22,72.54202680000014,4.148,0
2025-05-19 03:00:00,825.15,73.01520119999998,4.218,0
2025-05-19 03:30:00,825.69,73.1840304000001,4.288,0
2025-05-19 04:00:00,826.66,73.7492095,4.344,0
2025-05-19 04:30:00,827.14,74.00691490000008,4.395,0
2025-05-19 05:00:00,827.48,74.05018220000011,4.438,0
2025-05-19 05:30:00,827.74,74.35606870000004,4.47,0
2025-05-19 06:00:00,828.2,74.71001990000013,4.498,0
2025-05-19 06:30:00,828.11,74.78521130000013,4.515,0
2025-05-19 07:00:00,828.32,75.15836330000013,4.526,0
2025-05-19 07:30:00,828.12,75.06543180000006,4.527,0
2025-05-19 08:00:00,828.08,74.9255012000001,4.516,0
2025-05-19 08:30:00,828.04,74.90895430000012,4.5,0
2025-05-19 09:00:00,827.62,74.59296370000015,4.483,0
2025-05-19 09:30:00,827.32,74.36638210000012,4.459,0
2025-05-19 10:00:00,827.46,74.3371119000002,4.434,0
2025-05-19 10:30:00,827.15,74.02507249999996,4.405,0
2025-05-19 11:00:00,827.15,73.89455090000001,4.378,0
2025-05-19 11:30:00,826.77,73.35139889999994,4.344,0
2025-05-19 12:00:00,826.62,73.122882,4.315,0
2025-05-19 12:30:00,826.23,72.62683320000008,4.28,0
2025-05-19 13:00:00,826.16,72.46404050000001,4.244,0
2025-05-19 13:30:00,826.16,72.23970650000001,4.205,0
2025-05-19 14:00:00,825.7,71.48093440000014,4.166,0
2025-05-19 14:30:00,825.62,71.18169890000001,4.124,0
2025-05-19 15:00:00,825.55,71.20653099999993,4.081,0
2025-05-19 15:30:00,825.48,70.93565010000009,4.038,0
2025-05-19 16:00:00,825.18,70.77942780000001,3.993,0
2025-05-19 16:30:00,825.06,70.38410879999992,3.954,0
2025-05-19 17:00:00,825.18,70.16658810000001,3.918,0
2025-05-19 17:30:00,824.93,69.86254399999996,3.884,0
2025-05-19 18:00:00,824.7,69.47245110000017,3.858,0
2025-05-19 18:30:00,824.77,69.46189479999998,3.837,0
2025-05-19 19:00:00,823.87,68.49765370000011,3.824,0
2025-05-19 19:30:00,824.44,69.0411415000001,3.824,0
2025-05-19 20:00:00,824.09,68.79005240000004,3.833,0
2025-05-19 20:30:00,823.83,68.58613590000016,3.847,0
2025-05-19 21:00:00,824.65,69.33781599999998,3.874,0
2025-05-19 21:30:00,824.7,69.30216120000011,3.912,0
2025-05-19 22:00:00,825.43,70.03114149999999,3.956,0
2025-05-19 22:30:00,826.51,71.15498860000002,4.016,0
2025-05-19 23:00:00,827.72,72.44350550000013,4.079,0
2025-05-19 23:30:00,828.84,73.61754960000019,4.155,0
2025-05-20 00:00:00,830.21,75.01916030000007,4.236,0
2025-05-20 00:30:00,831.53,76.34833760000004,4.326,0
2025-05-20 01:00:00,832.67,77.41186010000001,4.42,0
2025-05-20 01:30:00,833.51,78.39155900000003,4.511,0
2025-05-20 02:00:00,834.7,79.47041170000011,4.602,0
2025-05-20 02:30:00,835.56,80.42116499999997,4.687,0
2025-05-20 03:00:00,836.77,81.50778130000003,4.761,0
2025-05-20 03:30:00,837.65,82.32863869999994,4.826,0
2025-05-20 04:00:00,838.59,83.04736380000008,4.877,0
2025-05-20 04:30:00,839.09,83.48210300000005,4.918,0
2025-05-20 05:00:00,839.75,84.19104860000004,4.944,0
2025-05-20 05:30:00,839.98,84.5270974,4.958,0
2025-05-20 06:00:00,840.32,84.8334473000001,4.96,0
2025-05-20 06:30:00,840.3,84.8572944,4.948,0
2025-05-20 07:00:00,840.62,85.17729440000005,4.929,0
2025-05-20 07:30:00,840.23,84.85765370000013,4.903,0
2025-05-20 08:00:00,840.04,84.76554490000012,4.867,0
2025-05-20 08:30:00,839.26,84.17418940000005,4.827,0
2025-05-20 09:00:00,839.05,83.87649519999991,4.78,0
2025-05-20 09:30:00,838.4,83.43859280000004,4.729,0
2025-05-20 10:00:00,837.61,82.85559190000004,4.675,0
2025-05-20 10:30:00,837.08,82.39391180000018,4.619,0
2025-05-20 11:00:00,836.59,81.91818760000001,4.569,0
2025-05-20 11:30:00,835.53,81.02133960000003,4.517,0
2025-05-20 12:00:00,835.03,80.5080835,4.465,0
2025-05-20 12:30:00,834.49,80.0027533,4.412,0
2025-05-20 13:00:00,833.8,79.29235930000004,4.359,0
2025-05-20 13:30:00,833.47,78.80430580000007,4.306,0
2025-05-20 14:00:00,832.82,78.06865100000016,4.249,0
2025-05-20 14:30:00,832.84,78.04480390000015,4.196,0
2025-05-20 15:00:00,832.29,77.43056279999996,4.14,0
2025-05-20 15:30:00,831.4,76.6496707,4.082,0
2025-05-20 16:00:00,831.03,76.29292679999992,4.026,0
2025-05-20 16:30:00,831.04,76.21727199999998,3.977,0
2025-05-20 17:00:00,830.44,75.47757310000009,3.93,0
2025-05-20 17:30:00,829.98,75.04102620000015,3.888,0
2025-05-20 18:00:00,829.89,74.83987890000003,3.854,0
2025-05-20 18:30:00,829.36,74.26093330000003,3.826,0
2025-05-20 19:00:00,829.04,73.92767719999995,3.81,0
2025-05-20 19:30:00,828.64,73.46547550000014,3.81,0
2025-05-20 20:00:00,828.68,73.54320440000004,3.818,0
2025-05-20 20:30:00,828.24,73.0838301,3.836,0
2025-05-20 21:00:00,828.55,73.40912560000004,3.867,0
2025-05-20 21:30:00,828.6,73.46626350000008,3.904,0
2025-05-20 22:00:00,829.33,74.25132730000018,3.949,0
2025-05-20 22:30:00,829.93,74.94717910000008,4.006,0
2025-05-20 23:00:00,830.93,75.99918380000008,4.073,0
2025-05-20 23:30:00,831.82,76.92997180000009,4.144,0
2025-05-21 00:00:00,833.08,78.2307598000001,4.226,0
2025-05-21 00:30:00,834.26,79.41993710000008,4.313,0
2025-05-21 01:00:00,835.4,80.55381890000001,4.405,0
2025-05-21 01:30:00,836.89,82.01424759999998,4.499,0
2025-05-21 02:00:00,838.01,83.10671570000011,4.589,0
2025-05-21 02:30:00,838.98,83.97882450000009,4.674,0
2025-05-21 03:00:00,840.22,85.14846520000003,4.751,0
2025-05-21 03:30:00,841.14,85.80334320000009,4.819,0
2025-05-21 04:00:00,842.44,86.9452897000001,4.874,0
2025-05-21 04:30:00,843.0,87.34825590000003,4.918,0
2025-05-21 05:00:00,843.57,87.87950730000011,4.953,0
2025-05-21 05:30:00,844.03,88.41598479999993,4.971,0
2025-05-21 06:00:00,844.1,88.44825590000005,4.976,0
2025-05-21 06:30:00,844.01,88.62337790000004,4.969,0
2025-05-21 07:00:00,843.79,88.5430768,4.948,0
2025-05-21 07:30:00,843.69,88.31255520000013,4.919,0
2025-05-21 08:00:00,843.38,88.00561430000005,4.88,0
2025-05-21 08:30:00,842.61,87.34064339999998,4.833,0
2025-05-21 09:00:00,842.3,87.1173179000001,4.779,0
2025-05-21 09:30:00,841.5,86.636484,4.722,0
2025-05-21 10:00:00,840.33,85.65003000000002,4.663,0
2025-05-21 10:30:00,840.13,85.51223170000003,4.612,0
2025-05-21 11:00:00,839.44,84.72128140000007,4.556,0
2025-05-21 11:30:00,838.72,83.95641460000013,4.504,0
2025-05-21 12:00:00,838.18,83.47657690000005,4.455,0
2025-05-21 12:30:00,837.45,82.75779360000013,4.405,0
2025-05-21 13:00:00,836.57,81.93591650000019,4.355,0
2025-05-21 13:30:00,836.02,81.32065570000009,4.301,0
2025-05-21 14:00:00,835.82,81.06763130000013,4.249,0
2025-05-21 14:30:00,835.18,80.36135079999997,4.197,0
2025-05-21 15:00:00,834.67,79.74326259999998,4.142,0
2025-05-21 15:30:00,834.08,79.33680860000015,4.088,0
2025-05-21 16:00:00,833.57,78.97058630000015,4.042,0
2025-05-21 16:30:00,833.03,78.35716790000004,3.995,0
2025-05-21 17:00:00,832.46,77.83407410000007,3.954,0
2025-05-21 17:30:00,832.34,77.49381890000006,3.918,0
2025-05-21 18:00:00,831.85,76.99260220000008,3.889,0
2025-05-21 18:30:00,831.45,76.42333200000019,3.868,0
2025-05-21 19:00:00,831.05,76.01313500000003,3.861,0
2025-05-21 19:30:00,830.78,75.8134943,3.866,0
2025-05-21 20:00:00,830.68,75.6859624,3.883,0
2025-05-21 20:30:00,830.16,75.11395770000001,3.908,0
2025-05-21 21:00:00,830.51,75.47925320000013,3.943,0
2025-05-21 21:30:00,830.91,75.9271791000001,3.986,0
2025-05-21 22:00:00,831.64,76.6286275,4.038,0
2025-05-21 22:30:00,832.56,77.72809469999993,4.102,0
2025-05-21 23:00:00,833.79,79.01417819999995,4.18,0
2025-05-21 23:30:00,835.39,80.6315131,4.264,0
2025-05-22 00:00:00,837.29,82.42342489999999,4.356,0
2025-05-22 00:30:00,839.01,83.98639109999999,4.459,0
2025-05-22 01:00:00,840.46,85.5628339000001,4.563,0
2025-05-22 01:30:00,841.86,86.86086390000003,4.67,0
2025-05-22 02:00:00,843.79,88.7470168000001,4.775,0
2025-05-22 02:30:00,845.15,90.15596240000002,4.875,0
2025-05-22 03:00:00,846.4,91.25402710000003,4.963,0
2025-05-22 03:30:00,847.91,92.65186010000002,5.041,0
2025-05-22 04:00:00,848.9,93.56028409999999,5.108,0
2025-05-22 04:30:00,849.86,94.40199890000008,5.155,0
2025-05-22 05:00:00,850.71,95.13473340000007,5.189,0
2025-05-22 05:30:00,850.95,95.39512740000009,5.202,0
2025-05-22 06:00:00,850.82,95.48640230000012,5.196,0
2025-05-22 06:30:00,850.84,95.67669220000005,5.175,0
2025-05-22 07:00:00,850.66,95.57113030000005,5.14,0
2025-05-22 07:30:00,850.18,95.11356369999999,5.091,0
2025-05-22 08:00:00,850.09,94.9246528000001,5.028,0
2025-05-22 08:30:00,849.33,94.20136200000013,4.958,0
2025-05-22 09:00:00,848.04,93.21217349999995,4.886,0
2025-05-22 09:30:00,847.26,92.68913789999999,4.812,0
2025-05-22 10:00:00,846.25,91.86676269999998,4.743,0
2025-05-22 10:30:00,845.61,91.40419050000014,4.675,0
2025-05-22 11:00:00,844.3,90.23185000000001,4.612,0
2025-05-22 11:30:00,843.7,89.73076090000018,4.549,0
2025-05-22 12:00:00,842.66,88.7988491000001,4.488,0
2025-05-22 12:30:00,841.54,87.83078440000008,4.431,0
2025-05-22 13:00:00,840.77,87.0444692000001,4.374,0
2025-05-22 13:30:00,840.43,86.50154889999999,4.321,0
2025-05-22 14:00:00,839.46,85.39796820000015,4.263,0
2025-05-22 14:30:00,839.05,84.97471210000003,4.211,0
2025-05-22 15:00:00,838.04,84.0595442,4.158,0
2025-05-22 15:30:00,837.45,83.48280030000012,4.11,0
2025-05-22 16:00:00,836.86,82.89280030000009,4.063,0
2025-05-22 16:30:00,836.32,82.28855920000012,4.016,0
2025-05-22 17:00:00,836.13,81.87830400000007,3.976,0
2025-05-22 17:30:00,835.55,81.2452796,3.942,0
2025-05-22 18:00:00,834.91,80.5522552000001,3.916,0
2025-05-22 18:30:00,834.55,80.05867449999994,3.9,0
2025-05-22 19:00:00,833.9,79.3658471,3.895,0
2025-05-22 19:30:00,833.48,78.9958124000002,3.902,0
2025-05-22 20:00:00,832.92,78.50923080000007,3.919,0
2025-05-22 20:30:00,832.71,78.4338312000001,3.945,0
2025-05-22 21:00:00,832.45,78.13304320000009,3.982,0
2025-05-22 21:30:00,832.77,78.4040976,4.024,0
2025-05-22 22:00:00,833.3,78.96264919999999,4.075,0
2025-05-22 22:30:00,834.37,80.11218580000013,4.138,0
2025-05-22 23:00:00,834.84,80.95335660000012,4.21,0
2025-05-22 23:30:00,836.03,82.12296259999994,4.29,0
2025-05-23 00:00:00,836.9,83.11328720000006,4.378,0
2025-05-23 00:30:00,838.26,84.50489789999995,4.469,0
2025-05-23 01:00:00,838.96,85.24568590000013,4.568,0
2025-05-23 01:30:00,840.24,86.61236040000006,4.664,0
2025-05-23 02:00:00,841.39,87.85515310000005,4.759,0
2025-05-23 02:30:00,841.88,88.45732010000006,4.846,0
2025-05-23 03:00:00,842.83,89.33390170000007,4.924,0
2025-05-23 03:30:00,843.6,89.98663620000013,4.992,0
2025-05-23 04:00:00,844.42,90.60677500000008,5.047,0
2025-05-23 04:30:00,844.91,90.99888380000004,5.089,0
2025-05-23 05:00:00,845.41,91.53253390000009,5.115,0
2025-05-23 05:30:00,845.49,91.53095790000009,5.12,0
2025-05-23 06:00:00,845.57,91.66092320000018,5.112,0
2025-05-23 06:30:00,844.94,91.18897670000013,5.087,0
2025-05-23 07:00:00,844.33,90.78903490000005,5.049,0
2025-05-23 07:30:00,843.93,90.5786991,5.001,0
2025-05-23 08:00:00,843.45,90.29754060000005,4.943,0
2025-05-23 08:30:00,842.48,89.3662892000001,4.885,0
2025-05-23 09:00:00,841.66,88.88788869999996,4.825,0
2025-05-23 09:30:00,841.06,88.31949940000004,4.764,0
2025-05-23 10:00:00,840.07,87.66294130000017,4.703,0
2025-05-23 10:30:00,839.18,86.8300445000001,4.647,0
2025-05-23 11:00:00,838.48,86.30441320000011,4.59,0
2025-05-23 11:30:00,837.29,85.23167870000009,4.535,0
2025-05-23 12:00:00,836.86,84.86184100000003,4.481,0
2025-05-23 12:30:00,836.43,84.41858490000004,4.425,0
2025-05-23 13:00:00,835.39,83.34901360000003,4.373,0
2025-05-23 13:30:00,834.63,82.66956990000006,4.318,0
2025-05-23 14:00:00,834.27,82.33404270000005,4.264,0
2025-05-23 14:30:00,833.28,81.5184114000001,4.205,0
2025-05-23 15:00:00,832.55,80.75985979999996,4.154,0
2025-05-23 15:30:00,832.05,80.34143580000011,4.099,0
2025-05-23 16:00:00,831.46,79.81261780000011,4.05,0
2025-05-23 16:30:00,830.98,79.3326178000001,4.002,0
2025-05-23 17:00:00,830.51,78.91054370000006,3.958,0
2025-05-23 17:30:00,830.11,78.56662720000008,3.922,0
2025-05-23 18:00:00,829.52,77.96541049999996,3.893,0
2025-05-23 18:30:00,829.42,77.8552135000001,3.869,0
2025-05-23 19:00:00,828.7,77.18517880000002,3.859,0
2025-05-23 19:30:00,828.29,76.66199210000002,3.863,0
2025-05-23 20:00:00,827.79,76.31086830000004,3.876,0
2025-05-23 20:30:00,827.67,76.181691,3.899,0
2025-05-23 21:00:00,827.7,76.28918820000001,3.931,0
2025-05-23 21:30:00,827.72,76.29797150000013,3.97,0
2025-05-23 22:00:00,827.91,76.55323229999999,4.017,0
2025-05-23 22:30:00,828.45,77.19724170000006,4.077,0
2025-05-23 23:00:00,829.22,78.26397440000005,4.142,0
2025-05-23 23:30:00,830.59,79.62785620000011,4.222,0
2025-05-24 00:00:00,831.37,80.29976799999997,4.306,0
2025-05-24 00:30:00,832.92,81.90585150000004,4.396,0
2025-05-24 01:00:00,834.06,83.13660479999999,4.494,0
2025-05-24 01:30:00,835.6,84.54404380000005,4.593,0
2025-05-24 02:00:00,836.89,85.77286179999999,4.692,0
2025-05-24 02:30:00,838.16,86.86441430000002,4.786,0
2025-05-24 03:00:00,839.15,87.7208336000001,4.876,0
2025-05-24 03:30:00,840.08,88.48564220000003,4.953,0
2025-05-24 04:00:00,840.96,89.35952400000008,5.021,0
2025-05-24 04:30:00,841.72,89.95739170000013,5.078,0
2025-05-24 05:00:00,842.24,90.44170220000001,5.121,0
2025-05-24 05:30:00,842.42,90.47384569999997,5.147,0
2025-05-24 06:00:00,842.63,90.63082129999998,5.159,0
2025-05-24 06:30:00,842.55,90.63443670000004,5.156,0
2025-05-24 07:00:00,842.35,90.49255960000016,5.142,0
2025-05-24 07:30:00,841.87,90.1950859000001,5.116,0
2025-05-24 08:00:00,841.11,89.67471540000008,5.079,0
2025-05-24 08:30:00,840.27,88.99174920000007,5.029,0
2025-05-24 09:00:00,839.97,88.7998374,4.976,0
2025-05-24 09:30:00,839.01,87.76641900000004,4.919,0
2025-05-24 10:00:00,838.29,87.0576357000001,4.86,0
2025-05-24 10:30:00,837.67,86.53348750000009,4.803,0
2025-05-24 11:00:00,837.02,85.93549220000011,4.747,0
2025-05-24 11:30:00,836.34,85.20042840000008,4.698,0
2025-05-24 12:00:00,835.63,84.51184209999997,4.648,0
2025-05-24 12:30:00,835.09,83.93003440000007,4.6,0
2025-05-24 13:00:00,834.7,83.49414790000003,4.555,0
2025-05-24 13:30:00,834.03,82.65589740000007,4.509,0
2025-05-24 14:00:00,833.73,82.18152870000006,4.464,0
2025-05-24 14:30:00,833.13,81.52340579999998,4.422,0
2025-05-24 15:00:00,832.53,80.8367313,4.378,0
2025-05-24 15:30:00,832.07,80.31350990000021,4.34,0
2025-05-24 16:00:00,831.92,80.04828380000004,4.3,0
2025-05-24 16:30:00,831.33,79.46746110000015,4.264,0
2025-05-24 17:00:00,830.64,78.82130820000009,4.23,0
2025-05-24 17:30:00,830.22,78.24733350000008,4.2,0
2025-05-24 18:00:00,830.11,77.92319650000002,4.176,0
2025-05-24 18:30:00,829.8,77.53569930000003,4.161,0
2025-05-24 19:00:00,829.36,77.06612800000016,4.154,0
2025-05-24 19:30:00,828.73,76.4779357000001,4.156,0
2025-05-24 20:00:00,828.78,76.51569930000005,4.169,0
2025-05-24 20:30:00,828.44,76.10432030000004,4.191,0
2025-05-24 21:00:00,828.27,75.80787750000002,4.221,0
2025-05-24 21:30:00,828.65,76.30820210000013,4.259,0
2025-05-24 22:00:00,829.47,77.07415800000012,4.305,0
2025-05-24 22:30:00,829.76,77.52425089999997,4.358,0
2025-05-24 23:00:00,830.17,78.05763460000003,4.419,0
2025-05-24 23:30:00,831.59,79.23392630000012,4.486,0
2025-05-25 00:00:00,833.39,80.7708437,4.56,0
2025-05-25 00:30:00,834.72,81.8183868000001,4.638,0
2025-05-25 01:00:00,836.13,82.9255359,4.715,0
2025-05-25 01:30:00,837.53,83.80344950000006,4.793,0
2025-05-25 02:00:00,838.75,84.7715836000001,4.864,0
2025-05-25 02:30:00,840.21,86.0500770000001,4.931,0
2025-05-25 03:00:00,841.28,87.13435279999999,4.988,0
2025-05-25 03:30:00,842.57,88.34277680000014,5.034,0
2025-05-25 04:00:00,843.48,89.43836220000003,5.069,0
2025-05-25 04:30:00,844.28,90.07317080000007,5.091,0
2025-05-25 05:00:00,844.97,90.51538370000014,5.1,0
2025-05-25 05:30:00,844.98,90.47235930000011,5.095,0
2025-05-25 06:00:00,845.2,90.69031990000008,5.082,0
2025-05-25 06:30:00,844.59,90.07624110000006,5.058,0
2025-05-25 07:00:00,844.21,89.7217336,5.027,0
2025-05-25 07:30:00,843.77,89.23890619999997,4.985,0
2025-05-25 08:00:00,843.15,88.65255630000013,4.938,0
2025-05-25 08:30:00,842.69,88.2975854,4.887,0
2025-05-25 09:00:00,841.72,87.3846886,4.834,0
2025-05-25 09:30:00,841.27,86.92959010000015,4.78,0
2025-05-25 10:00:00,840.69,86.40261450000003,4.73,0
2025-05-25 10:30:00,840.16,85.87669329999994,4.682,0
2025-05-25 11:00:00,839.13,84.8711661000001,4.635,0
2025-05-25 11:30:00,838.64,84.30468859999996,4.589,0
2025-05-25 12:00:00,838.15,83.81876739999996,4.546,0
2025-05-25 12:30:00,837.61,83.27570830000002,4.502,0
2025-05-25 13:00:00,836.9,82.47291559999996,4.461,0
2025-05-25 13:30:00,836.76,82.07799060000002,4.418,0
2025-05-25 14:00:00,835.95,81.1925328000001,4.378,0
2025-05-25 14:30:00,835.73,80.82467630000008,4.338,0
2025-05-25 15:00:00,835.27,80.44829170000003,4.293,0
2025-05-25 15:30:00,834.68,79.806287,4.255,0
2025-05-25 16:00:00,833.97,79.06569600000012,4.215,0
2025-05-25 16:30:00,833.6,78.8160206,4.181,0
2025-05-25 17:00:00,833.02,78.28292679999993,4.147,0
2025-05-25 17:30:00,832.68,77.92151309999997,4.12,0
2025-05-25 18:00:00,832.09,77.28052810000008,4.101,0
2025-05-25 18:30:00,831.86,77.10355250000009,4.085,0
2025-05-25 19:00:00,831.51,76.69542960000001,4.083,0
2025-05-25 19:30:00,830.61,75.97999530000004,4.091,0
2025-05-25 20:00:00,830.74,76.17525610000007,4.108,0
2025-05-25 20:30:00,830.26,75.81863980000014,4.137,0
2025-05-25 21:00:00,830.47,76.01028520000011,4.171,0
2025-05-25 21:30:00,830.87,76.48166420000018,4.221,0
2025-05-25 22:00:00,831.71,77.29209290000006,4.277,0
2025-05-25 22:30:00,832.67,78.34386589999997,4.347,0
2025-05-25 23:00:00,833.84,79.51488560000007,4.426,0
2025-05-25 23:30:00,835.78,81.49567360000003,4.516,0
2025-05-26 00:00:00,837.47,83.16935840000008,4.616,0
2025-05-26 00:30:00,839.7,85.40037810000013,4.728,0
2025-05-26 01:00:00,841.73,87.54458450000004,4.845,0
2025-05-26 01:30:00,843.38,89.32102730000008,4.968,0
2025-05-26 02:00:00,845.32,91.12234810000018,5.091,0
2025-05-26 02:30:00,847.34,93.01488560000007,5.209,0
2025-05-26 03:00:00,848.65,94.23719140000003,5.319,0
2025-05-26 03:30:00,850.28,95.78765479999993,5.414,0
2025-05-26 04:00:00,851.41,96.7636801000001,5.493,0
2025-05-26 04:30:00,852.43,97.75002999999992,5.553,0
2025-05-26 05:00:00,853.21,98.52187240000012,5.591,0
2025-05-26 05:30:00,853.22,98.54512850000003,5.606,0
2025-05-26 06:00:00,853.25,98.5822664000001,5.605,0
2025-05-26 06:30:00,853.51,98.85654220000004,5.586,0
2025-05-26 07:00:00,853.1,98.47305440000002,5.549,0
2025-05-26 07:30:00,852.42,98.0224869000001,5.491,0
2025-05-26 08:00:00,852.12,97.9009344000001,5.421,0
2025-05-26 08:30:00,851.11,97.02961360000006,5.344,0
2025-05-26 09:00:00,850.66,96.67240630000003,5.264,0
2025-05-26 09:30:00,849.67,95.81496729999992,5.181,0
2025-05-26 10:00:00,848.44,94.76953300000014,5.106,0
2025-05-26 10:30:00,847.41,93.90064559999996,5.03,0
2025-05-26 11:00:00,846.51,93.08630040000014,4.959,0
2025-05-26 11:30:00,845.29,92.06718130000013,4.895,0
2025-05-26 12:00:00,843.92,90.8491166,4.83,0
2025-05-26 12:30:00,843.14,89.96816630000012,4.772,0
2025-05-26 13:00:00,842.14,88.95287080000003,4.712,0
2025-05-26 13:30:00,841.34,88.12839800000006,4.658,0
2025-05-26 14:00:00,840.5,87.33224510000002,4.606,0
2025-05-26 14:30:00,839.74,86.49984640000014,4.553,0
2025-05-26 15:00:00,839.07,85.67179290000013,4.508,0
2025-05-26 15:30:00,838.51,85.08935950000011,4.463,0
2025-05-26 16:00:00,837.68,84.31646269999999,4.419,0
2025-05-26 16:30:00,836.6,83.49342710000008,4.377,0
2025-05-26 17:00:00,835.62,82.71430800000007,4.339,0
2025-05-26 17:30:00,835.19,82.31693840000003,4.303,0
2025-05-26 18:00:00,834.65,81.74940650000008,4.271,0
2025-05-26 18:30:00,833.86,81.07769170000017,4.244,0
2025-05-26 19:00:00,833.34,80.46795810000003,4.227,0
2025-05-26 19:30:00,832.91,80.0471354,4.216,0
2025-05-26 20:00:00,832.09,79.33318420000012,4.216,0
2025-05-26 20:30:00,831.48,78.79150410000011,4.222,0
2025-05-26 21:00:00,830.98,78.50564110000005,4.239,0
2025-05-26 21:30:00,830.31,78.01000980000003,4.259,0
2025-05-26 22:00:00,829.8,77.57954640000003,4.29,0
2025-05-26 22:30:00,829.42,77.1699751000001,4.326,0
2025-05-26 23:00:00,829.49,77.27260550000005,4.369,0
2025-05-26 23:30:00,829.41,77.36289539999996,4.42,0
2025-05-27 00:00:00,830.1,77.93359050000015,4.475,0
2025-05-27 00:30:00,830.84,78.53695070000015,4.534,0
2025-05-27 01:00:00,831.47,79.14247790000002,4.599,0
2025-05-27 01:30:00,832.24,79.81458670000006,4.668,0
2025-05-27 02:00:00,833.6,81.0552818000001,4.738,0
2025-05-27 02:30:00,834.45,81.91547880000007,4.808,0
2025-05-27 03:00:00,835.41,82.61749470000007,4.878,0
2025-05-27 03:30:00,836.22,83.30513070000006,4.944,0
2025-05-27 04:00:00,837.31,84.21260440000003,5.007,0
2025-05-27 04:30:00,838.02,84.67379760000006,5.064,0
2025-05-27 05:00:00,838.9,85.41307900000004,5.114,0
2025-05-27 05:30:00,839.3,85.74985760000004,5.149,0
2025-05-27 06:00:00,839.86,86.47504900000013,5.174,0
2025-05-27 06:30:00,839.94,86.55708840000011,5.19,0
2025-05-27 07:00:00,840.4,86.88656679999997,5.194,0
2025-05-27 07:30:00,840.4,86.91817750000007,5.188,0
2025-05-27 08:00:00,840.25,86.76307900000006,5.177,0
2025-05-27 08:30:00,840.46,86.99041390000014,5.157,0
2025-05-27 09:00:00,840.13,86.71649739999998,5.126,0
2025-05-27 09:30:00,839.85,86.43343830000015,5.091,0
2025-05-27 10:00:00,839.52,86.25027509999995,5.049,0
2025-05-27 10:30:00,838.95,85.79448150000007,5.002,0
2025-05-27 11:00:00,838.45,85.11705370000016,4.955,0
2025-05-27 11:30:00,837.96,84.61175820000005,4.909,0
2025-05-27 12:00:00,837.5,84.01307900000006,4.862,0
2025-05-27 12:30:00,837.38,83.72788760000003,4.815,0
2025-05-27 13:00:00,836.78,82.98614929999997,4.774,0
2025-05-27 13:30:00,836.5,82.44918489999998,4.732,0
2025-05-27 14:00:00,836.09,81.91988000000015,4.69,0
2025-05-27 14:30:00,835.62,81.3611661000001,4.649,0
2025-05-27 15:00:00,835.27,80.85923080000009,4.61,0
2025-05-27 15:30:00,834.44,79.92828050000014,4.571,0
2025-05-27 16:00:00,834.32,79.67673920000016,4.534,0
2025-05-27 16:30:00,834.13,79.35009939999998,4.5,0
2025-05-27 17:00:00,833.69,78.9284540000001,4.471,0
2025-05-27 17:30:00,833.19,78.38664630000017,4.446,0
2025-05-27 18:00:00,832.71,77.81181420000007,4.426,0
2025-05-27 18:30:00,832.32,77.25356370000009,4.414,0
2025-05-27 19:00:00,832.01,77.04145489999996,4.41,0
2025-05-27 19:30:00,831.62,76.60250930000007,4.417,0
2025-05-27 20:00:00,831.54,76.60306560000004,4.432,0
2025-05-27 20:30:00,831.13,76.30115379999995,4.457,0
2025-05-27 21:00:00,830.87,76.17473450000011,4.491,0
2025-05-27 21:30:00,831.43,76.72657690000005,4.537,0
2025-05-27 22:00:00,832.37,77.72979830000008,4.591,0
2025-05-27 22:30:00,833.49,79.0109109,4.661,0
2025-05-27 23:00:00,834.77,80.31232460000001,4.74,0
2025-05-27 23:30:00,836.16,81.83692500000006,4.83,0
2025-05-28 00:00:00,838.24,83.68953190000013,4.933,0
2025-05-28 00:30:00,840.31,85.7727880000001,5.044,0
2025-05-28 01:00:00,842.0,87.20072510000011,5.165,0
2025-05-28 01:30:00,844.02,89.10040049999998,5.291,0
2025-05-28 02:00:00,845.51,90.4741547000001,5.412,0
2025-05-28 02:30:00,846.74,91.47268280000003,5.528,0
2025-05-28 03:00:00,848.92,93.43242759999998,5.633,0
2025-05-28 03:30:00,850.5,94.88496510000016,5.723,0
2025-05-28 04:00:00,851.51,95.72671460000004,5.797,0
2025-05-28 04:30:00,852.5,96.4984988,5.85,0
2025-05-28 05:00:00,853.13,97.02652879999994,5.883,0
2025-05-28 05:30:00,853.58,97.54790780000008,5.897,0
2025-05-28 06:00:00,853.27,97.26645940000014,5.89,0
2025-05-28 06:30:00,853.01,97.10129150000012,5.865,0
2025-05-28 07:00:00,852.72,96.72869580000008,5.818,0
2025-05-28 07:30:00,852.07,96.23980840000013,5.759,0
2025-05-28 08:00:00,851.89,96.13628589999996,5.689,0
2025-05-28 08:30:00,851.11,95.41338910000002,5.61,0
2025-05-28 09:00:00,850.25,94.72469870000009,5.529,0
2025-05-28 09:30:00,849.46,93.95917150000002,5.444,0
2025-05-28 10:00:00,848.43,93.12597359999995,5.362,0
2025-05-28 10:30:00,847.26,92.13340140000014,5.282,0
2025-05-28 11:00:00,846.58,91.52478040000005,5.208,0
2025-05-28 11:30:00,845.76,90.84040049999999,5.133,0
2025-05-28 12:00:00,844.7,89.8426022000001,5.068,0
2025-05-28 12:30:00,843.38,88.57766600000002,5.006,0
2025-05-28 13:00:00,842.76,87.81082920000006,4.948,0
2025-05-28 13:30:00,842.0,87.00086390000001,4.891,0
2025-05-28 14:00:00,841.31,86.19461809999996,4.837,0
2025-05-28 14:30:00,840.69,85.63783950000015,4.787,0
2025-05-28 15:00:00,839.82,84.85349430000008,4.739,0
2025-05-28 15:30:00,838.96,84.00063220000004,4.697,0
2025-05-28 16:00:00,838.05,83.15691270000002,4.652,0
2025-05-28 16:30:00,837.43,82.53181419999999,4.615,0
2025-05-28 17:00:00,836.92,82.06260220000001,4.582,0
2025-05-28 17:30:00,836.29,81.53151309999998,4.555,0
2025-05-28 18:00:00,835.82,80.99931140000012,4.532,0
2025-05-28 18:30:00,834.94,80.08770070000014,4.518,0
2025-05-28 19:00:00,834.22,79.47782830000017,4.514,0
2025-05-28 19:30:00,833.86,79.35031990000004,4.518,0
2025-05-28 20:00:00,833.21,78.78393530000005,4.536,0
2025-05-28 20:30:00,833.04,78.88007700000003,4.559,0
2025-05-28 21:00:00,832.86,78.77859390000003,4.596,0
2025-05-28 21:30:00,833.46,79.1756736000001,4.638,0
2025-05-28 22:00:00,834.18,79.9435995,4.688,0
2025-05-28 22:30:00,835.17,81.00803760000008,4.751,0
2025-05-28 23:00:00,836.85,82.61971770000002,4.82,0
2025-05-28 23:30:00,838.46,84.21748130000003,4.898,0
2025-05-29 00:00:00,840.84,86.33031990000006,4.988,0
2025-05-29 00:30:00,842.37,87.99390060000007,5.085,0
2025-05-29 01:00:00,844.22,89.90304320000007,5.189,0
2025-05-29 01:30:00,845.64,91.27715670000009,5.3,0
2025-05-29 02:00:00,847.36,92.85439870000005,5.406,0
2025-05-29 02:30:00,848.68,93.8939812000001,5.506,0
2025-05-29 03:00:00,849.84,94.92651870000009,5.601,0
2025-05-29 03:30:00,851.05,95.96928790000004,5.679,0
2025-05-29 04:00:00,851.73,96.42189480000002,5.741,0
2025-05-29 04:30:00,852.81,97.3876884,5.787,0
2025-05-29 05:00:00,852.7,97.04825590000007,5.817,0
2025-05-29 05:30:00,853.31,97.46553259999996,5.827,0
2025-05-29 06:00:00,853.09,97.14662170000008,5.818,0
2025-05-29 06:30:00,852.75,96.764814,5.791,0
2025-05-29 07:00:00,852.35,96.4157990000001,5.744,0
2025-05-29 07:30:00,851.91,95.99109450000003,5.686,0
2025-05-29 08:00:00,851.03,95.04685340000003,5.618,0
2025-05-29 08:30:00,850.4,94.47293690000004,5.545,0
2025-05-29 09:00:00,849.44,93.6281630000002,5.472,0
2025-05-29 09:30:00,848.61,92.80632060000005,5.396,0
2025-05-29 10:00:00,847.67,91.88569489999998,5.323,0
2025-05-29 10:30:00,846.91,91.14404950000005,5.252,0
2025-05-29 11:00:00,846.08,90.37013300000001,5.187,0
2025-05-29 11:30:00,844.92,89.2600983000001,5.13,0
2025-05-29 12:00:00,844.09,88.51881220000018,5.074,0
2025-05-29 12:30:00,843.18,87.60065459999998,5.022,0
2025-05-29 13:00:00,842.76,87.07766490000006,4.969,0
2025-05-29 13:30:00,842.16,86.35326149999992,4.922,0
2025-05-29 14:00:00,841.15,85.23925210000004,4.874,0
2025-05-29 14:30:00,840.55,84.62089750000007,4.831,0
2025-05-29 15:00:00,840.1,84.13622770000006,4.787,0
2025-05-29 15:30:00,839.41,83.39626240000007,4.745,0
2025-05-29 16:00:00,838.81,82.75343500000008,4.709,0
2025-05-29 16:30:00,838.47,82.26455880000015,4.673,0
2025-05-29 17:00:00,837.79,81.54071170000009,4.648,0
2025-05-29 17:30:00,837.27,80.89834770000004,4.622,0
2025-05-29 18:00:00,837.08,80.56762910000009,4.607,0
2025-05-29 18:30:00,836.78,80.12691050000001,4.599,0
2025-05-29 19:00:00,836.11,79.40796490000014,4.598,0
2025-05-29 19:30:00,835.74,78.94007370000008,4.608,0
2025-05-29 20:00:00,835.65,78.81438420000006,4.628,0
2025-05-29 20:30:00,835.64,78.88799960000006,4.656,0
2025-05-29 21:00:00,835.71,79.0252998000002,4.697,0
2025-05-29 21:30:00,836.28,79.6860531000001,4.748,0
2025-05-29 22:00:00,837.31,80.75072290000003,4.809,0
2025-05-29 22:30:00,838.97,82.41684110000006,4.883,0
2025-05-29 23:00:00,840.66,84.2312445,4.971,0
2025-05-29 23:30:00,842.23,85.64013190000014,5.07,0
2025-05-30 00:00:00,844.51,87.83549679999999,5.184,0
2025-05-30 00:30:00,846.38,89.71569380000005,5.308,0
2025-05-30 01:00:00,848.29,91.61549679999996,5.435,0
2025-05-30 01:30:00,850.75,93.86645830000009,5.564,0
2025-05-30 02:00:00,852.53,95.4955427000001,5.692,0
2025-05-30 02:30:00,854.57,97.25512520000007,5.814,0
2025-05-30 03:00:00,856.33,98.78773210000008,5.925,0
2025-05-30 03:30:00,857.71,99.86896000000013,6.018,0
2025-05-30 04:00:00,859.07,100.87206500000002,6.096,0
2025-05-30 04:30:00,859.62,101.07740640000009,6.155,0
2025-05-30 05:00:00,860.2,101.60540170000013,6.189,0
2025-05-30 05:30:00,860.47,101.86214560000008,6.205,0
2025-05-30 06:00:00,860.46,101.74915590000012,6.198,0
2025-05-30 06:30:00,860.26,101.46044200000006,6.171,0
2025-05-30 07:00:00,859.91,101.01459020000004,6.125,0
2025-05-30 07:30:00,859.33,100.41623560000005,6.062,0
2025-05-30 08:00:00,858.78,99.86827500000004,5.986,0
2025-05-30 08:30:00,858.31,99.30038379999996,5.902,0
2025-05-30 09:00:00,857.48,98.37351230000002,5.817,0
2025-05-30 09:30:00,856.61,97.43417269999998,5.73,0
2025-05-30 10:00:00,855.6,96.32730119999997,5.645,0
2025-05-30 10:30:00,854.91,95.50779929999999,5.564,0
2025-05-30 11:00:00,853.49,93.97257320000017,5.485,0
2025-05-30 11:30:00,853.07,93.3802439000001,5.414,0
2025-05-30 12:00:00,851.89,92.1431407,5.348,0
2025-05-30 12:30:00,851.15,91.23794930000008,5.285,0
2025-05-30 13:00:00,850.41,90.3633489,5.225,0
2025-05-30 13:30:00,849.41,89.21651209999993,5.171,0
2025-05-30 14:00:00,848.5,88.26164530000005,5.119,0
2025-05-30 14:30:00,848.0,87.77388170000006,5.071,0
2025-05-30 15:00:00,847.48,87.07135540000013,5.028,0
2025-05-30 15:30:00,846.79,86.20086850000007,4.985,0
2025-05-30 16:00:00,845.94,85.3885974000001,4.947,0
2025-05-30 16:30:00,845.5,84.89251390000004,4.914,0
2025-05-30 17:00:00,844.75,84.12619870000003,4.884,0
2025-05-30 17:30:00,844.2,83.50991820000013,4.86,0
2025-05-30 18:00:00,843.64,82.88975590000007,4.844,0
2025-05-30 18:30:00,842.99,82.28258330000006,4.842,0
2025-05-30 19:00:00,842.58,81.90725310000005,4.843,0
2025-05-30 19:30:00,842.01,81.37396230000013,4.857,0
2025-05-30 20:00:00,842.01,81.48714900000004,4.882,0
2025-05-30 20:30:00,841.97,81.43389290000005,4.916,0
2025-05-30 21:00:00,842.5,82.14336010000011,4.962,0
2025-05-30 21:30:00,843.35,83.18302430000006,5.015,0
2025-05-30 22:00:00,844.61,84.65206279999995,5.084,0
2025-05-30 22:30:00,846.0,86.18991930000016,5.164,0
2025-05-30 23:00:00,848.33,88.7809625000001,5.26,0
2025-05-30 23:30:00,850.22,90.655667,5.372,0
2025-05-31 00:00:00,852.21,92.76395220000006,5.499,0
2025-05-31 00:30:00,854.57,95.1535235,5.634,0
2025-05-31 01:00:00,856.78,97.36760229999993,5.783,0
2025-05-31 01:30:00,858.81,99.4251342,5.933,0
2025-05-31 02:00:00,860.73,101.35737059999997,6.08,0
2025-05-31 02:30:00,862.28,102.81763699999999,6.215,0
2025-05-31 03:00:00,863.54,104.00931710000009,6.328,0
2025-05-31 03:30:00,864.91,105.19577110000012,6.426,0
2025-05-31 04:00:00,865.93,106.02814630000012,6.502,0
2025-05-31 04:30:00,866.53,106.41604870000003,6.556,0
2025-05-31 05:00:00,867.52,107.23575879999999,6.592,0
2025-05-31 05:30:00,867.32,106.98987230000012,6.599,0
2025-05-31 06:00:00,867.28,106.93967529999998,6.58,0
2025-05-31 06:30:00,866.31,106.12161059999994,6.542,0
2025-05-31 07:00:00,865.94,105.77404400000012,6.484,0
2025-05-31 07:30:00,865.29,105.09753179999996,6.41,0
2025-05-31 08:00:00,864.88,104.72933950000015,6.328,0
2025-05-31 08:30:00,864.1,104.04927010000017,6.24,0
2025-05-31 09:00:00,863.08,103.10268850000011,6.153,0
2025-05-31 09:30:00,862.11,102.18571290000011,6.06,0
2025-05-31 10:00:00,860.89,101.2104409000001,5.972,0
2025-05-31 10:30:00,859.44,99.88076550000005,5.887,0
2025-05-31 11:00:00,858.51,98.91201690000003,5.803,0
2025-05-31 11:30:00,857.03,97.58089310000003,5.724,0
2025-05-31 12:00:00,856.28,96.94407980000005,5.649,0
2025-05-31 12:30:00,854.99,95.60819330000004,5.581,0
2025-05-31 13:00:00,854.28,94.75951410000005,5.513,0
2025-05-31 13:30:00,853.21,93.62221390000013,5.452,0
2025-05-31 14:00:00,852.31,92.72323359999996,5.397,0
2025-05-31 14:30:00,851.35,91.92230680000011,5.343,0
2025-05-31 15:00:00,850.51,90.98849440000004,5.294,0
2025-05-31 15:30:00,849.67,90.16175049999993,5.248,0
2025-05-31 16:00:00,848.63,89.0870807,5.208,0
2025-05-31 16:30:00,848.27,88.81273550000003,5.172,0
2025-05-31 17:00:00,846.83,87.54404510000018,5.142,0
2025-05-31 17:30:00,846.1,86.85483310000006,5.12,0
2025-05-31 18:00:00,845.64,86.42032559999996,5.11,0
2025-05-31 18:30:00,844.66,85.37710420000008,5.106,0
2025-05-31 19:00:00,844.17,85.00233029999993,5.112,0
2025-05-31 19:30:00,843.59,84.59975810000014,5.123,0
2025-05-31 20:00:00,843.79,84.91906299999994,5.143,0
2025-05-31 20:30:00,844.47,85.68063900000016,5.172,0
2025-05-31 21:00:00,845.17,86.31027970000002,5.211,0
2025-05-31 21:30:00,847.01,88.05034910000006,5.259,0
2025-05-31 22:00:00,849.59,90.11845970000013,5.315,0
2025-05-31 22:30:00,852.69,93.47134530000005,5.382,0
2025-05-31 23:00:00,859.42,100.82540170000004,5.461,0
2025-05-31 23:30:00,868.59,110.0667807000001,5.555,0
2025-06-01 00:00:00,874.92,116.6720997000001,5.669,0
2025-06-01 00:30:00,876.35,117.99809030000017,5.786,0
2025-06-01 01:00:00,876.13,118.30629490000013,5.88,0
2025-06-01 01:30:00,875.18,117.36649190000003,5.947,0
2025-06-01 02:00:00,875.25,117.3651129000001,5.998,0
2025-06-01 02:30:00,874.41,116.2416363000001,6.038,0
2025-06-01 03:00:00,874.31,116.16305000000011,6.07,0
2025-06-01 03:30:00,872.81,114.8353793,6.099,0
2025-06-01 04:00:00,871.97,114.25336340000013,6.122,0
2025-06-01 04:30:00,870.85,113.08645720000015,6.138,0
2025-06-01 05:00:00,869.79,112.08050129999992,6.149,0
2025-06-01 05:30:00,868.64,110.87339810000003,6.147,0
2025-06-01 06:00:00,867.49,109.78763920000006,6.138,0
2025-06-01 06:30:00,866.76,109.22079120000001,6.115,0
2025-06-01 07:00:00,865.42,107.97052480000002,6.087,0
2025-06-01 07:30:00,864.39,106.95989910000003,6.052,0
2025-06-01 08:00:00,862.86,105.5563419,6.01,0
2025-06-01 08:30:00,861.93,104.78949390000002,5.963,0
2025-06-01 09:00:00,860.74,103.68718810000007,5.915,0
2025-06-01 09:30:00,859.2,102.20429130000014,5.862,0
2025-06-01 10:00:00,858.1,101.21849770000017,5.809,0
2025-06-01 10:30:00,856.73,100.00961030000008,5.755,0
2025-06-01 11:00:00,855.42,98.80667879999999,5.702,0
2025-06-01 11:30:00,854.47,97.9423336000001,5.652,0
2025-06-01 12:00:00,853.1,96.76301750000005,5.601,0
2025-06-01 12:30:00,852.11,95.70265820000009,5.552,0
2025-06-01 13:00:00,851.4,94.95085050000012,5.505,0
2025-06-01 13:30:00,850.44,94.0275597000001,5.462,0
2025-06-01 14:00:00,849.69,93.36015540000005,5.419,0
2025-06-01 14:30:00,848.11,92.04527740000015,5.379,0
2025-06-01 15:00:00,847.16,91.24823240000012,5.34,0
2025-06-01 15:30:00,846.51,90.76648290000003,5.307,0
2025-06-01 16:00:00,845.61,89.93684220000011,5.278,0
2025-06-01 16:30:00,844.63,89.06798949999995,5.254,0
2025-06-01 17:00:00,843.78,88.33729440000002,5.232,0
2025-06-01 17:30:00,842.95,87.55420060000006,5.221,0
2025-06-01 18:00:00,842.17,86.95978600000001,5.214,0
2025-06-01 18:30:00,841.49,86.46027289999995,5.214,0
2025-06-01 19:00:00,840.67,85.85848869999995,5.223,0
2025-06-01 19:30:00,840.36,85.64434050000011,5.237,0
2025-06-01 20:00:00,839.31,84.74423639999998,5.261,0
2025-06-01 20:30:00,839.53,85.14982180000004,5.288,0
2025-06-01 21:00:00,839.56,85.37458449999997,5.327,0
2025-06-01 21:30:00,840.17,86.05290439999999,5.373,0
2025-06-01 22:00:00,841.52,87.62112019999995,5.428,0
2025-06-01 22:30:00,842.69,89.13883790000011,5.494,0
2025-06-01 23:00:00,844.06,90.6087685,5.57,0
2025-06-01 23:30:00,846.3,92.74373939999998,5.661,0
2025-06-02 00:00:00,847.99,94.51327600000013,5.766,0
2025-06-02 00:30:00,849.53,96.04001990000006,5.884,0
2025-06-02 01:00:00,851.73,98.4725115,6.01,0
2025-06-02 01:30:00,853.5,100.42605749999996,6.139,0
2025-06-02 02:00:00,854.82,101.81539710000015,6.272,0
2025-06-02 02:30:00,856.46,103.32691490000013,6.399,0
2025-06-02 03:00:00,857.56,104.37491020000004,6.514,0
2025-06-02 03:30:00,858.56,105.28007810000008,6.612,0
2025-06-02 04:00:00,859.47,106.05547769999998,6.696,0
2025-06-02 04:30:00,860.36,106.68851330000007,6.763,0
2025-06-02 05:00:00,861.08,107.17704140000001,6.804,0
2025-06-02 05:30:00,861.57,107.59158360000015,6.827,0
2025-06-02 06:00:00,861.14,107.26559300000008,6.827,0
2025-06-02 06:30:00,861.15,107.34493259999999,6.807,0
2025-06-02 07:00:00,860.7,106.90614930000004,6.766,0
2025-06-02 07:30:00,859.87,106.08940540000003,6.714,0
2025-06-02 08:00:00,859.64,105.9185480000001,6.645,0
2025-06-02 08:30:00,858.52,104.82811930000003,6.569,0
2025-06-02 09:00:00,857.62,104.1065668,6.483,0
2025-06-02 09:30:00,856.48,102.99919720000014,6.398,0
2025-06-02 10:00:00,855.17,101.80544299999997,6.306,0
2025-06-02 10:30:00,853.65,100.3578417,6.219,0
2025-06-02 11:00:00,852.46,99.06179290000011,6.13,0
2025-06-02 11:30:00,851.38,97.91347299999995,6.047,0
2025-06-02 12:00:00,850.08,96.6970884000001,5.963,0
2025-06-02 12:30:00,848.85,95.38653210000018,5.885,0
2025-06-02 13:00:00,847.85,94.30801520000011,5.811,0
2025-06-02 13:30:00,846.62,93.00663620000012,5.744,0
2025-06-02 14:00:00,845.58,92.05433040000014,5.678,0
2025-06-02 14:30:00,844.42,90.95551240000009,5.62,0
2025-06-02 15:00:00,843.83,90.3390002000001,5.564,0
2025-06-02 15:30:00,842.81,89.23946360000002,5.515,0
2025-06-02 16:00:00,841.95,88.26117840000006,5.472,0
2025-06-02 16:30:00,841.13,87.35450390000005,5.435,0
2025-06-02 17:00:00,840.49,86.6716765000001,5.401,0
2025-06-02 17:30:00,839.88,86.07595230000015,5.375,0
2025-06-02 18:00:00,838.77,84.84154890000002,5.357,0
2025-06-02 18:30:00,838.36,84.2174119,5.352,0
2025-06-02 19:00:00,837.86,83.71945130000006,5.351,0
2025-06-02 19:30:00,837.3,83.01057509999998,5.362,0
2025-06-02 20:00:00,836.92,82.59284620000005,5.378,0
2025-06-02 20:30:00,836.65,82.44317080000008,5.401,0
2025-06-02 21:00:00,836.54,82.3311314,5.427,0
2025-06-02 21:30:00,836.94,82.84941660000004,5.462,0
2025-06-02 22:00:00,837.59,83.37093440000012,5.499,0
2025-06-02 22:30:00,838.76,84.17180299999995,5.547,0
2025-06-02 23:00:00,840.0,85.12424759999999,5.6,0
2025-06-02 23:30:00,841.16,85.93143140000006,5.655,0
2025-06-03 00:00:00,843.09,87.75946140000008,5.716,0
2025-06-03 00:30:00,844.96,89.3062165,5.779,0
2025-06-03 01:00:00,846.23,90.34984310000004,5.845,0
2025-06-03 01:30:00,846.86,91.29696980000017,5.908,0
2025-06-03 02:00:00,848.83,92.96819770000013,5.972,0
2025-06-03 02:30:00,849.43,93.89042289999998,6.037,0
2025-06-03 03:00:00,849.96,94.91599710000014,6.1,0
2025-06-03 03:30:00,850.89,95.86537139999996,6.161,0
2025-06-03 04:00:00,852.05,96.9193226000001,6.217,0
2025-06-03 04:30:00,852.49,97.1931115000001,6.268,0
2025-06-03 05:00:00,853.41,97.73684220000007,6.311,0
2025-06-03 05:30:00,853.55,97.80036469999993,6.347,0
2025-06-03 06:00:00,853.35,97.64319210000019,6.368,0
2025-06-03 06:30:00,853.23,97.53338910000002,6.377,0
2025-06-03 07:00:00,852.48,96.82519680000007,6.37,0
2025-06-03 07:30:00,852.49,96.85763020000013,6.343,0
2025-06-03 08:00:00,851.77,96.34666870000012,6.304,0
2025-06-03 08:30:00,850.81,95.50189479999995,6.25,0
2025-06-03 09:00:00,849.77,94.55366779999997,6.193,0
2025-06-03 09:30:00,849.11,93.93343610000011,6.133,0
2025-06-03 10:00:00,847.91,92.88537139999994,6.07,0
2025-06-03 10:30:00,846.89,91.97040049999998,6.005,0
2025-06-03 11:00:00,845.71,90.90664630000015,5.942,0
2025-06-03 11:30:00,845.06,90.09553370000003,5.883,0
2025-06-03 12:00:00,843.94,89.07648400000005,5.825,0
2025-06-03 12:30:00,843.3,88.44770070000004,5.768,0
2025-06-03 13:00:00,842.3,87.42730670000003,5.71,0
2025-06-03 13:30:00,841.36,86.3996125000001,5.658,0
2025-06-03 14:00:00,840.76,85.81694740000012,5.608,0
2025-06-03 14:30:00,839.6,84.7354643000001,5.561,0
2025-06-03 15:00:00,838.94,84.07546430000014,5.517,0
2025-06-03 15:30:00,838.22,83.37075980000009,5.476,0
2025-06-03 16:00:00,837.59,82.79378420000012,5.438,0
2025-06-03 16:30:00,837.0,82.23029640000004,5.405,0
2025-06-03 17:00:00,836.29,81.46013410000012,5.378,0
2025-06-03 17:30:00,835.69,80.91927670000007,5.357,0
2025-06-03 18:00:00,835.05,80.24562660000004,5.345,0
2025-06-03 18:30:00,834.49,79.71723730000008,5.338,0
2025-06-03 19:00:00,833.98,79.14911440000014,5.341,0
2025-06-03 19:30:00,833.63,78.74507030000007,5.354,0
2025-06-03 20:00:00,832.8,78.05986770000004,5.372,0
2025-06-03 20:30:00,832.91,78.27387709999994,5.401,0
2025-06-03 21:00:00,832.79,78.26604410000004,5.435,0
2025-06-03 21:30:00,833.0,78.57903380000005,5.48,0
2025-06-03 22:00:00,833.92,79.72846629999992,5.533,0
2025-06-03 22:30:00,834.79,80.85848980000003,5.595,0
2025-06-03 23:00:00,835.75,81.9082234,5.669,0
2025-06-03 23:30:00,837.18,83.3637159000001,5.753,0
2025-06-04 00:00:00,838.67,85.0382816,5.845,0
2025-06-04 00:30:00,839.84,86.41528070000015,5.945,0
2025-06-04 01:00:00,841.35,87.82229100000006,6.054,0
2025-06-04 01:30:00,842.88,89.46445800000015,6.169,0
2025-06-04 02:00:00,844.68,91.08295139999996,6.285,0
2025-06-04 02:30:00,845.91,92.39452740000013,6.403,0
2025-06-04 03:00:00,847.27,93.79939420000005,6.517,0
2025-06-04 03:30:00,848.35,94.83452740000018,6.628,0
2025-06-04 04:00:00,849.38,95.68200109999998,6.728,0
2025-06-04 04:30:00,850.08,96.29532660000007,6.819,0
2025-06-04 05:00:00,850.48,96.65147950000005,6.895,0
2025-06-04 05:30:00,850.35,96.5551296000001,6.949,0
2025-06-04 06:00:00,850.43,96.84008930000005,6.989,0
2025-06-04 06:30:00,850.5,96.91518780000001,7.014,0
2025-06-04 07:00:00,850.2,96.69064560000004,7.02,0
2025-06-04 07:30:00,850.1,96.71300960000008,7.007,0
2025-06-04 08:00:00,849.21,96.02185110000016,6.979,0
2025-06-04 08:30:00,848.17,95.12562880000007,6.935,0
2025-06-04 09:00:00,847.41,94.54407630000003,6.878,0
2025-06-04 09:30:00,846.39,93.61992810000004,6.815,0
2025-06-04 10:00:00,845.2,92.39117950000013,6.743,0
2025-06-04 10:30:00,844.64,91.9443662000001,6.667,0
2025-06-04 11:00:00,843.23,90.69853790000002,6.591,0
2025-06-04 11:30:00,842.11,89.78145820000009,6.513,0
2025-06-04 12:00:00,841.19,88.89510830000017,6.437,0
2025-06-04 12:30:00,840.01,87.73958110000001,6.361,0
2025-06-04 13:00:00,839.35,86.96639440000001,6.289,0
2025-06-04 13:30:00,838.15,85.71438969999997,6.22,0
2025-06-04 14:00:00,837.09,84.77573400000006,6.153,0
2025-06-04 14:30:00,836.39,84.09204920000013,6.089,0
2025-06-04 15:00:00,835.33,83.0973100000001,6.026,0
2025-06-04 15:30:00,835.05,82.85707830000013,5.971,0
2025-06-04 16:00:00,834.03,81.82994039999994,5.919,0
2025-06-04 16:30:00,833.34,81.32654550000007,5.875,0
2025-06-04 17:00:00,832.46,80.50364869999999,5.836,0
2025-06-04 17:30:00,832.1,80.1681215000001,5.804,0
2025-06-04 18:00:00,831.48,79.5318063000002,5.784,0
2025-06-04 18:30:00,830.68,78.59312709999995,5.767,0
2025-06-04 19:00:00,830.39,78.25418150000007,5.761,0
2025-06-04 19:30:00,829.98,77.81257080000012,5.761,0
2025-06-04 20:00:00,829.09,77.01026500000012,5.77,0
2025-06-04 20:30:00,828.84,76.88058960000012,5.78,0
2025-06-04 21:00:00,828.82,76.82388040000023,5.798,0
2025-06-04 21:30:00,829.04,76.93681190000007,5.821,0
2025-06-04 22:00:00,829.08,77.00434380000013,5.845,0
2025-06-04 22:30:00,829.35,76.84403040000007,5.873,0
2025-06-04 23:00:00,830.14,77.35769170000015,5.905,0
2025-06-04 23:30:00,831.3,77.62341479999998,5.941,0
2025-06-05 00:00:00,832.39,78.2759635000001,5.973,0
2025-06-05 00:30:00,832.96,79.1365780000001,6.011,0
2025-06-05 01:00:00,832.92,79.55136420000008,6.045,0
2025-06-05 01:30:00,833.16,80.14621980000004,6.078,0
2025-06-05 02:00:00,833.84,80.97611570000004,6.105,0
2025-06-05 02:30:00,834.09,81.43821330000014,6.137,0
2025-06-05 03:00:00,834.91,82.31327710000005,6.162,0
2025-06-05 03:30:00,834.87,82.40685780000013,6.189,0
2025-06-05 04:00:00,835.35,82.81853790000002,6.21,0
2025-06-05 04:30:00,835.84,83.15150410000012,6.229,0
2025-06-05 05:00:00,836.33,83.39881550000018,6.244,0
2025-06-05 05:30:00,835.94,83.01391400000023,6.254,0
2025-06-05 06:00:00,835.82,83.03973110000004,6.259,0
2025-06-05 06:30:00,835.62,82.94374049999999,6.261,0
2025-06-05 07:00:00,835.31,82.73061199999995,6.253,0
2025-06-05 07:30:00,834.39,81.92073960000005,6.24,0
2025-06-05 08:00:00,833.96,81.57231560000002,6.22,0
2025-06-05 08:30:00,833.72,81.42918710000004,6.193,0
2025-06-05 09:00:00,833.07,80.95151640000017,6.163,0
2025-06-05 09:30:00,832.24,80.14802859999998,6.13,0
2025-06-05 10:00:00,831.7,79.70490010000003,6.089,0
2025-06-05 10:30:00,831.0,79.09973220000018,6.048,0
2025-06-05 11:00:00,830.4,78.46098359999996,6.007,0
2025-06-05 11:30:00,830.12,78.05556050000007,5.962,0
2025-06-05 12:00:00,829.32,77.23006800000007,5.918,0
2025-06-05 12:30:00,828.98,76.80441320000011,5.873,0
2025-06-05 13:00:00,828.42,76.14856140000006,5.827,0
2025-06-05 13:30:00,828.03,75.75652200000002,5.784,0
2025-06-05 14:00:00,827.54,75.18902480000008,5.742,0
2025-06-05 14:30:00,827.08,74.84934940000005,5.698,0
2025-06-05 15:00:00,826.62,74.41178280000008,5.658,0
2025-06-05 15:30:00,826.37,74.20970870000008,5.62,0
2025-06-05 16:00:00,825.85,73.71622090000005,5.586,0
2025-06-05 16:30:00,825.39,73.37450610000008,5.558,0
2025-06-05 17:00:00,825.1,73.09062430000017,5.534,0
2025-06-05 17:30:00,824.34,72.20928000000004,5.513,0
2025-06-05 18:00:00,824.18,72.018689,5.501,0
2025-06-05 18:30:00,824.07,71.85566460000018,5.495,0
2025-06-05 19:00:00,823.67,71.46586160000004,5.497,0
2025-06-05 19:30:00,823.38,71.25233910000009,5.504,0
2025-06-05 20:00:00,823.06,70.90582690000008,5.517,0
2025-06-05 20:30:00,822.58,70.5318757,5.534,0
2025-06-05 21:00:00,822.61,70.71075189999999,5.559,0
2025-06-05 21:30:00,823.3,71.15194509999992,5.587,0
2025-06-05 22:00:00,823.54,71.21451730000001,5.622,0
2025-06-05 22:30:00,824.41,72.08451730000002,5.661,0
2025-06-05 23:00:00,825.27,72.76403040000002,5.705,0
2025-06-05 23:30:00,826.34,73.7748878000001,5.753,0
2025-06-06 00:00:00,827.15,74.90099479999992,5.807,0
2025-06-06 00:30:00,828.67,76.16505010000003,5.863,0
2025-06-06 01:00:00,829.71,77.27846850000003,5.921,0
2025-06-06 01:30:00,830.64,78.15238499999998,5.985,0
2025-06-06 02:00:00,831.46,78.97340470000006,6.052,0
2025-06-06 02:30:00,832.8,80.20327710000004,6.118,0
2025-06-06 03:00:00,834.21,81.5082480000001,6.184,0
2025-06-06 03:30:00,835.39,82.52203689999999,6.251,0
2025-06-06 04:00:00,836.49,83.51496840000016,6.316,0
2025-06-06 04:30:00,837.31,84.03721600000006,6.377,0
2025-06-06 05:00:00,837.88,84.19933600000002,6.43,0
2025-06-06 05:30:00,838.07,84.358745,6.479,0
2025-06-06 06:00:00,838.51,84.87828160000004,6.523,0
2025-06-06 06:30:00,838.08,84.49620750000008,6.557,0
2025-06-06 07:00:00,837.6,84.21198990000005,6.578,0
2025-06-06 07:30:00,837.36,84.01481730000012,6.59,0
2025-06-06 08:00:00,836.78,83.61326480000002,6.589,0
2025-06-06 08:30:00,836.24,83.26598810000019,6.578,0
2025-06-06 09:00:00,835.38,82.44167760000005,6.552,0
2025-06-06 09:30:00,834.9,81.96779580000009,6.522,0
2025-06-06 10:00:00,834.13,81.14579110000011,6.485,0
2025-06-06 10:30:00,833.41,80.44006690000003,6.439,0
2025-06-06 11:00:00,832.88,79.85500309999998,6.392,0
2025-06-06 11:30:00,832.09,79.05684550000012,6.341,0
2025-06-06 12:00:00,831.81,78.68609220000008,6.29,0
2025-06-06 12:30:00,831.05,77.82616160000009,6.237,0
2025-06-06 13:00:00,830.59,77.16630040000018,6.185,0
2025-06-06 13:30:00,830.12,76.50459679999994,6.131,0
2025-06-06 14:00:00,829.84,76.00536130000012,6.08,0
2025-06-06 14:30:00,829.68,75.90858270000001,6.03,0
2025-06-06 15:00:00,829.0,75.21532660000003,5.981,0
2025-06-06 15:30:00,828.42,74.47523369999999,5.933,0
2025-06-06 16:00:00,828.05,74.05220929999996,5.894,0
2025-06-06 16:30:00,827.98,73.85474680000004,5.86,0
2025-06-06 17:00:00,827.46,73.32454980000011,5.831,0
2025-06-06 17:30:00,827.12,72.85198880000007,5.812,0
2025-06-06 18:00:00,826.61,72.22268389999999,5.797,0
2025-06-06 18:30:00,826.51,71.99114259999999,5.79,0
2025-06-06 19:00:00,826.1,71.52913790000002,5.792,0
2025-06-06 19:30:00,825.61,71.1023593000001,5.802,0
2025-06-06 20:00:00,825.42,71.02860509999994,5.82,0
2025-06-06 20:30:00,825.32,71.03465390000008,5.841,0
2025-06-06 21:00:00,825.34,71.11889500000007,5.871,0
2025-06-06 21:30:00,825.91,71.72050569999999,5.908,0
2025-06-06 22:00:00,827.9,72.94777010000007,5.952,0
2025-06-06 22:30:00,830.38,74.96686569999997,6.002,0
2025-06-06 23:00:00,831.16,75.54700450000007,6.056,0
2025-06-06 23:30:00,832.22,76.57947260000003,6.114,0
2025-06-07 00:00:00,833.82,77.92964610000013,6.179,0
2025-06-07 00:30:00,834.83,78.82136090000017,6.242,0
2025-06-07 01:00:00,836.59,80.63438530000019,6.311,0
2025-06-07 01:30:00,838.33,82.47635530000002,6.374,0
2025-06-07 02:00:00,841.52,85.84888160000003,6.441,0
2025-06-07 02:30:00,844.24,88.54542850000007,6.505,0
2025-06-07 03:00:00,845.85,90.0962859,6.568,0
2025-06-07 03:30:00,845.94,90.1281630000002,6.621,0
2025-06-07 04:00:00,846.08,90.2253356,6.661,0
2025-06-07 04:30:00,846.44,90.39159260000008,6.69,0
2025-06-07 05:00:00,846.46,90.13933270000007,6.708,0
2025-06-07 05:30:00,845.98,89.4808852000001,6.721,0
2025-06-07 06:00:00,845.38,88.85539270000004,6.726,0
2025-06-07 06:30:00,845.03,88.52374730000008,6.723,0
2025-06-07 07:00:00,843.97,87.51167320000013,6.71,0
2025-06-07 07:30:00,843.22,86.76983080000014,6.691,0
2025-06-07 08:00:00,842.23,85.85426890000008,6.666,0
2025-06-07 08:30:00,841.38,85.09808129999999,6.632,0
2025-06-07 09:00:00,840.82,84.51564790000009,6.594,0
2025-06-07 09:30:00,839.72,83.51455880000015,6.552,0
2025-06-07 10:00:00,838.86,82.75958790000016,6.508,0
2025-06-07 10:30:00,838.07,81.99915920000012,6.462,0
2025-06-07 11:00:00,837.37,81.28284400000007,6.411,0
2025-06-07 11:30:00,836.84,80.68044530000009,6.362,0
2025-06-07 12:00:00,836.05,79.87514980000003,6.313,0
2025-06-07 12:30:00,835.28,79.0307117000001,6.26,0
2025-06-07 13:00:00,834.93,78.47881110000003,6.213,0
2025-06-07 13:30:00,834.37,77.75667880000003,6.16,0
2025-06-07 14:00:00,833.98,77.19434950000016,6.112,0
2025-06-07 14:30:00,833.78,76.87198550000005,6.064,0
2025-06-07 15:00:00,832.94,75.99017780000008,6.015,0
2025-06-07 15:30:00,832.66,75.63981849999993,5.971,0
2025-06-07 16:00:00,832.44,75.32702580000011,5.932,0
2025-06-07 16:30:00,831.83,74.72722280000005,5.899,0
2025-06-07 17:00:00,831.38,74.33228660000009,5.87,0
2025-06-07 17:30:00,831.01,73.86745450000012,5.851,0
2025-06-07 18:00:00,830.45,73.27992260000019,5.838,0
2025-06-07 18:30:00,830.11,72.94808020000005,5.832,0
2025-06-07 19:00:00,829.52,72.29791790000013,5.838,0
2025-06-07 19:30:00,829.34,72.1709423000002,5.847,0
2025-06-07 20:00:00,829.07,72.02636540000015,5.866,0
2025-06-07 20:30:00,828.54,71.76046769999994,5.891,0
2025-06-07 21:00:00,828.22,71.5964818000001,5.925,0
2025-06-07 21:30:00,828.99,72.42766380000012,5.966,0
2025-06-07 22:00:00,829.92,73.32707280000011,6.017,0
2025-06-07 22:30:00,830.86,74.32621540000002,6.074,0
2025-06-07 23:00:00,831.99,75.3471075000001,6.139,0
2025-06-07 23:30:00,833.37,76.67714220000005,6.215,0
2025-06-08 00:00:00,834.8,78.08572849999996,6.298,0
2025-06-08 00:30:00,836.26,79.30202020000002,6.391,0
2025-06-08 01:00:00,838.36,81.16035130000012,6.489,0
2025-06-08 01:30:00,841.94,84.59861300000011,6.593,0
2025-06-08 02:00:00,845.08,87.13189150000005,6.708,0
2025-06-08 02:30:00,846.76,89.0239891,6.828,0
2025-06-08 03:00:00,847.8,90.04563450000012,6.941,0
2025-06-08 03:30:00,848.32,90.39126580000016,7.042,0
2025-06-08 04:00:00,848.43,90.69296940000004,7.128,0
2025-06-08 04:30:00,849.43,90.94145050000009,7.193,0
2025-06-08 05:00:00,849.48,91.22292240000013,7.248,0
2025-06-08 05:30:00,849.75,91.61222729999997,7.288,0
2025-06-08 06:00:00,849.46,91.27430140000001,7.323,0
2025-06-08 06:30:00,849.11,90.96916820000001,7.347,0
2025-06-08 07:00:00,848.96,90.81916820000004,7.366,0
2025-06-08 07:30:00,848.43,90.39419729999997,7.37,0
2025-06-08 08:00:00,848.05,90.17734930000006,7.369,0
2025-06-08 08:30:00,847.38,89.64908760000003,7.354,0
2025-06-08 09:00:00,847.22,89.60839250000015,7.331,0
2025-06-08 09:30:00,846.49,89.01605200000006,7.297,0
2025-06-08 10:00:00,845.64,88.26190380000003,7.255,0
2025-06-08 10:30:00,844.47,87.17551920000005,7.204,0
2025-06-08 11:00:00,843.67,86.47137099999998,7.143,0
2025-06-08 11:30:00,843.12,85.9641984000001,7.083,0
2025-06-08 12:00:00,842.03,84.83850890000008,7.017,0
2025-06-08 12:30:00,841.41,84.12979500000006,6.951,0
2025-06-08 13:00:00,840.78,83.37539160000006,6.884,0
2025-06-08 13:30:00,839.97,82.52970210000012,6.818,0
2025-06-08 14:00:00,839.14,81.69970210000008,6.75,0
2025-06-08 14:30:00,838.35,81.00249480000002,6.69,0
2025-06-08 15:00:00,837.93,80.61104640000008,6.63,0
2025-06-08 15:30:00,837.16,79.75029310000002,6.576,0
2025-06-08 16:00:00,836.51,79.03197320000004,6.523,0
2025-06-08 16:30:00,835.86,78.39217020000012,6.482,0
2025-06-08 17:00:00,835.15,77.77190380000002,6.448,0
2025-06-08 17:30:00,834.56,77.05648069999995,6.42,0
2025-06-08 18:00:00,834.21,76.60247130000005,6.401,0
2025-06-08 18:30:00,833.78,76.25812610000003,6.389,0
2025-06-08 19:00:00,832.79,75.30891410000004,6.388,0
2025-06-08 19:30:00,832.4,75.08002669999996,6.393,0
2025-06-08 20:00:00,831.99,75.08096580000006,6.408,0
2025-06-08 20:30:00,831.69,74.9369799000001,6.428,0
2025-06-08 21:00:00,832.3,75.15541510000003,6.457,0
2025-06-08 21:30:00,832.93,75.43157919999999,6.493,0
2025-06-08 22:00:00,834.6,76.43163630000015,6.538,0
2025-06-08 22:30:00,835.55,77.23989800000004,6.588,0
2025-06-08 23:00:00,836.78,78.26187920000007,6.645,0
2025-06-08 23:30:00,837.22,78.9935134000001,6.704,0
2025-06-09 00:00:00,838.17,79.34087069999998,6.768,0
2025-06-09 00:30:00,838.76,80.55696650000004,6.832,0
2025-06-09 01:00:00,839.52,81.33532109999999,6.9,0
2025-06-09 01:30:00,840.32,82.49833430000012,6.965,0
2025-06-09 02:00:00,841.13,83.6744066,7.029,0
2025-06-09 02:30:00,841.89,84.31714110000007,7.095,0
2025-06-09 03:00:00,842.6,85.18111580000016,7.154,0
2025-06-09 03:30:00,843.36,85.96252950000007,7.209,0
2025-06-09 04:00:00,843.89,86.46193850000009,7.257,0
2025-06-09 04:30:00,844.18,86.53576209999994,7.299,0
2025-06-09 05:00:00,844.58,86.73692060000008,7.334,0
2025-06-09 05:30:00,844.64,86.74287649999997,7.359,0
2025-06-09 06:00:00,844.36,86.58422080000014,7.377,0
2025-06-09 06:30:00,843.67,86.04207730000007,7.381,0
2025-06-09 07:00:00,843.25,85.68631840000012,7.376,0
2025-06-09 07:30:00,842.74,85.18651540000008,7.358,0
2025-06-09 08:00:00,842.23,84.6051364000001,7.326,0
2025-06-09 08:30:00,841.7,84.30150980000008,7.291,0
2025-06-09 09:00:00,841.07,83.71025840000004,7.241,0
2025-06-09 09:30:00,840.74,83.34864770000013,7.19,0
2025-06-09 10:00:00,840.01,82.64719930000001,7.13,0
2025-06-09 10:30:00,839.24,81.91084940000007,7.072,0
2025-06-09 11:00:00,838.12,80.91933160000008,7.011,0
2025-06-09 11:30:00,837.78,80.54262240000003,6.95,0
2025-06-09 12:00:00,837.13,79.92117400000006,6.893,0
2025-06-09 12:30:00,836.32,79.0510117,6.829,0
2025-06-09 13:00:00,835.73,78.40186910000011,6.772,0
2025-06-09 13:30:00,835.2,77.7943719000001,6.714,0
2025-06-09 14:00:00,834.42,77.01437190000001,6.655,0
2025-06-09 14:30:00,834.02,76.69084940000005,6.6,0
2025-06-09 15:00:00,833.21,75.86555390000012,6.547,0
2025-06-09 15:30:00,832.87,75.42052480000007,6.499,0
2025-06-09 16:00:00,832.18,74.6377321,6.455,0
2025-06-09 16:30:00,831.72,74.21444130000009,6.42,0
2025-06-09 17:00:00,831.34,73.91703700000016,6.388,0
2025-06-09 17:30:00,830.7,73.24542630000008,6.365,0
2025-06-09 18:00:00,830.42,72.96440659999996,6.35,0
2025-06-09 18:30:00,830.11,72.63197320000006,6.346,0
2025-06-09 19:00:00,829.65,72.14546099999995,6.348,0
2025-06-09 19:30:00,829.11,71.71252950000007,6.358,0
2025-06-09 20:00:00,828.94,71.54252950000011,6.374,0
2025-06-09 20:30:00,828.31,70.96759329999998,6.398,0
2025-06-09 21:00:00,828.6,71.32897230000015,6.431,0
2025-06-09 21:30:00,828.58,71.40890290000004,6.474,0
2025-06-09 22:00:00,828.99,71.80360740000015,6.522,0
2025-06-09 22:30:00,829.86,72.74294700000007,6.578,0
2025-06-09 23:00:00,830.11,73.15915810000013,6.645,0
2025-06-09 23:30:00,830.79,73.9166553,6.722,0
2025-06-10 00:00:00,832.12,75.16813840000009,6.805,0
2025-06-10 00:30:00,833.09,76.08613370000012,6.894,0
2025-06-10 01:00:00,834.35,77.3175821000001,6.99,0
2025-06-10 01:30:00,836.29,79.12706049999997,7.095,0
2025-06-10 02:00:00,838.05,80.70147510000004,7.201,0
2025-06-10 02:30:00,840.04,82.49977150000007,7.314,0
2025-06-10 03:00:00,842.15,84.30896000000007,7.426,0
2025-06-10 03:30:00,843.66,85.55281830000001,7.538,0
2025-06-10 04:00:00,844.69,86.4900256000002,7.646,0
2025-06-10 04:30:00,846.06,87.5082291,7.744,0
2025-06-10 05:00:00,847.01,88.33076660000017,7.834,0
2025-06-10 05:30:00,847.42,88.66938760000005,7.917,0
2025-06-10 06:00:00,847.89,89.21382570000003,7.986,0
2025-06-10 06:30:00,847.85,89.25846079999997,8.047,0
2025-06-10 07:00:00,848.21,89.68372160000001,8.093,0
2025-06-10 07:30:00,848.28,89.67724410000005,8.126,0
2025-06-10 08:00:00,847.8,89.26964279999993,8.14,0
2025-06-10 08:30:00,847.59,89.23095240000009,8.138,0
2025-06-10 09:00:00,846.94,88.6411147,8.124,0
2025-06-10 09:30:00,846.3,88.07147399999997,8.085,0
2025-06-10 10:00:00,845.69,87.45025730000009,8.042,0
2025-06-10 10:30:00,844.24,86.19298060000017,7.984,0
2025-06-10 11:00:00,843.59,85.73060540000017,7.92,0
2025-06-10 11:30:00,842.43,84.68277239999998,7.847,0
2025-06-10 12:00:00,841.33,83.60112700000013,7.773,0
2025-06-10 12:30:00,840.42,82.82266830000003,7.697,0
2025-06-10 13:00:00,839.98,82.25316640000005,7.622,0
2025-06-10 13:30:00,838.83,81.12254070000006,7.547,0
2025-06-10 14:00:00,838.16,80.35057069999993,7.473,0
2025-06-10 14:30:00,837.6,79.84971330000008,7.404,0
2025-06-10 15:00:00,836.51,78.80152099999998,7.337,0
2025-06-10 15:30:00,835.91,78.25454539999998,7.277,0
2025-06-10 16:00:00,835.38,77.71128930000009,7.223,0
2025-06-10 16:30:00,834.81,77.24631840000006,7.178,0
2025-06-10 17:00:00,833.76,76.29013079999993,7.139,0
2025-06-10 17:30:00,833.09,75.57118520000017,7.112,0
2025-06-10 18:00:00,832.69,75.18648070000006,7.093,0
2025-06-10 18:30:00,832.29,74.65493939999999,7.083,0
2025-06-10 19:00:00,831.97,74.3685895000001,7.079,0
2025-06-10 19:30:00,831.42,73.80431370000008,7.085,0
2025-06-10 20:00:00,830.76,73.21161389999997,7.099,0
2025-06-10 20:30:00,830.46,73.16449950000015,7.119,0
2025-06-10 21:00:00,830.51,73.18696760000012,7.151,0
2025-06-10 21:30:00,830.45,73.1718344000002,7.192,0
2025-06-10 22:00:00,831.19,74.03521810000007,7.245,0
2025-06-10 22:30:00,831.78,74.70781379999994,7.304,0
2025-06-10 23:00:00,832.78,75.67212430000006,7.377,0
2025-06-10 23:30:00,833.94,76.8545577000001,7.461,0
2025-06-11 00:00:00,835.15,78.17672470000002,7.557,0
2025-06-11 00:30:00,836.27,79.40685229999997,7.659,0
2025-06-11 01:00:00,837.89,81.11352680000005,7.774,0
2025-06-11 01:30:00,839.25,82.57651650000003,7.897,0
2025-06-11 02:00:00,841.34,84.46869470000001,8.026,0
2025-06-11 02:30:00,843.03,86.08221720000006,8.161,0
2025-06-11 03:00:00,844.4,87.37064120000014,8.29,0
2025-06-11 03:30:00,845.8,88.65541510000003,8.416,0
2025-06-11 04:00:00,846.62,89.54271530000017,8.533,0
2025-06-11 04:30:00,847.84,90.48739630000011,8.639,0
2025-06-11 05:00:00,848.3,90.72102289999998,8.729,0
2025-06-11 05:30:00,849.01,91.39635309999994,8.805,0
2025-06-11 06:00:00,849.31,91.59438310000007,8.866,0
2025-06-11 06:30:00,849.27,91.69510170000012,8.909,0
2025-06-11 07:00:00,849.02,91.6612781,8.932,0
2025-06-11 07:30:00,848.79,91.35072179999997,8.932,0
2025-06-11 08:00:00,848.21,90.7880567000002,8.911,0
2025-06-11 08:30:00,847.65,90.41262240000003,8.87,0
2025-06-11 09:00:00,846.55,89.61853240000005,8.815,0
2025-06-11 09:30:00,845.68,88.81073409999999,8.742,0
2025-06-11 10:00:00,844.95,88.08073410000009,8.658,0
2025-06-11 10:30:00,843.71,86.88458120000007,8.568,0
2025-06-11 11:00:00,842.81,86.19259999999997,8.47,0
2025-06-11 11:30:00,841.61,85.03440770000009,8.369,0
2025-06-11 12:00:00,840.7,84.20598370000016,8.273,0
2025-06-11 12:30:00,839.87,83.40555500000005,8.171,0
2025-06-11 13:00:00,839.16,82.5109893,8.077,0
2025-06-11 13:30:00,838.01,81.43644710000001,7.981,0
2025-06-11 14:00:00,836.61,80.27097809999998,7.891,0
2025-06-11 14:30:00,835.95,79.71294810000006,7.802,0
2025-06-11 15:00:00,835.21,79.07287870000005,7.717,0
2025-06-11 15:30:00,834.24,77.94788430000017,7.637,0
2025-06-11 16:00:00,833.29,77.04988900000001,7.565,0
2025-06-11 16:30:00,832.68,76.50107100000002,7.5,0
2025-06-11 17:00:00,831.7,75.69340030000012,7.444,0
2025-06-11 17:30:00,830.76,74.77277460000005,7.399,0
2025-06-11 18:00:00,830.65,74.60669110000003,7.364,0
2025-06-11 18:30:00,830.19,74.15178960000014,7.34,0
2025-06-11 19:00:00,829.67,73.68175489999999,7.327,0
2025-06-11 19:30:00,829.01,72.9442577000001,7.321,0
2025-06-11 20:00:00,828.52,72.58273989999998,7.326,0
2025-06-11 20:30:00,827.93,72.0549416,7.337,0
2025-06-11 21:00:00,828.01,72.16349320000006,7.359,0
2025-06-11 21:30:00,827.41,71.67769959999998,7.388,0
2025-06-11 22:00:00,826.83,70.97839470000008,7.424,0
2025-06-11 22:30:00,826.45,70.81661050000014,7.468,0
2025-06-11 23:00:00,826.46,70.96223060000011,7.515,0
2025-06-11 23:30:00,826.66,71.18772310000008,7.57,0
2025-06-12 00:00:00,827.13,71.81679629999996,7.631,0
2025-06-12 00:30:00,827.59,72.43892860000005,7.7,0
2025-06-12 01:00:00,828.31,73.17422410000006,7.773,0
2025-06-12 01:30:00,828.99,73.94395770000006,7.846,0
2025-06-12 02:00:00,829.51,74.41501210000001,7.923,0
2025-06-12 02:30:00,830.58,75.40751490000002,8.004,0
2025-06-12 03:00:00,831.26,76.07935730000008,8.082,0
2025-06-12 03:30:00,832.7,77.40107210000008,8.16,0
2025-06-12 04:00:00,833.97,78.50995950000004,8.236,0
2025-06-12 04:30:00,835.2,79.55947260000005,8.306,0
2025-06-12 05:00:00,836.15,80.37079340000003,8.373,0
2025-06-12 05:30:00,836.81,81.10115269999994,8.433,0
2025-06-12 06:00:00,837.19,81.61065460000009,8.481,0
2025-06-12 06:30:00,837.21,81.86314620000007,8.521,0
2025-06-12 07:00:00,837.16,82.02626350000003,8.55,0
2025-06-12 07:30:00,836.97,82.00757310000006,8.568,0
2025-06-12 08:00:00,836.69,81.87848870000005,8.575,0
2025-06-12 08:30:00,836.24,81.56410879999999,8.568,0
2025-06-12 09:00:00,835.73,81.06838460000006,8.545,0
2025-06-12 09:30:00,834.86,80.38397000000009,8.507,0
2025-06-12 10:00:00,834.09,79.80159480000009,8.457,0
2025-06-12 10:30:00,833.24,79.03622990000008,8.395,0
2025-06-12 11:00:00,832.57,78.41007700000011,8.325,0
2025-06-12 11:30:00,832.16,77.9827421,8.252,0
2025-06-12 12:00:00,831.15,77.02372710000009,8.171,0
2025-06-12 12:30:00,830.59,76.41784060000009,8.088,0
2025-06-12 13:00:00,830.07,75.73060980000002,8.004,0
2025-06-12 13:30:00,829.21,74.91241750000017,7.917,0
2025-06-12 14:00:00,828.57,74.36317080000015,7.831,0
2025-06-12 14:30:00,827.88,73.85671680000007,7.744,0
2025-06-12 15:00:00,827.23,73.28319429999999,7.663,0
2025-06-12 15:30:00,826.54,72.71351890000005,7.583,0
2025-06-12 16:00:00,825.95,72.25811930000009,7.512,0
2025-06-12 16:30:00,825.06,71.44153770000003,7.448,0
2025-06-12 17:00:00,824.47,71.05955650000021,7.395,0
2025-06-12 17:30:00,824.19,70.70205930000009,7.351,0
2025-06-12 18:00:00,823.56,69.99252270000011,7.318,0
2025-06-12 18:30:00,823.33,69.65647390000015,7.295,0
2025-06-12 19:00:00,822.62,69.04538480000008,7.281,0
2025-06-12 19:30:00,822.43,68.80439980000006,7.279,0
2025-06-12 20:00:00,822.24,68.71535010000014,7.287,0
2025-06-12 20:30:00,821.85,68.43853680000007,7.299,0
2025-06-12 21:00:00,821.18,67.74100490000001,7.32,0
2025-06-12 21:30:00,821.26,67.78021690000003,7.351,0
2025-06-12 22:00:00,820.91,67.37617280000006,7.382,0
2025-06-12 22:30:00,820.59,67.06942890000016,7.424,0
2025-06-12 23:00:00,820.19,66.72653210000021,7.469,0
2025-06-12 23:30:00,819.98,66.72455090000005,7.519,0
2025-06-13 00:00:00,820.18,66.87152649999996,7.576,0
2025-06-13 00:30:00,820.41,67.02300960000002,7.631,0
2025-06-13 01:00:00,820.87,67.48198990000003,7.692,0
2025-06-13 01:30:00,821.01,67.61485200000004,7.753,0
2025-06-13 02:00:00,821.54,68.10202460000005,7.815,0
2025-06-13 02:30:00,822.29,68.7694289000001,7.879,0
2025-06-13 03:00:00,822.62,69.02499080000007,7.94,0
2025-06-13 03:30:00,823.61,69.84470090000013,8.002,0
2025-06-13 04:00:00,824.4,70.48378530000002,8.059,0
2025-06-13 04:30:00,825.2,71.0635301000001,8.117,0
2025-06-13 05:00:00,826.28,71.98445689999994,8.166,0
2025-06-13 05:30:00,827.03,72.68653099999995,8.212,0
2025-06-13 06:00:00,827.93,73.65994939999996,8.255,0
2025-06-13 06:30:00,828.18,73.95583590000001,8.291,0
2025-06-13 07:00:00,828.62,74.43968300000006,8.313,0
2025-06-13 07:30:00,828.76,74.60721490000014,8.334,0
2025-06-13 08:00:00,828.95,74.81251040000006,8.345,0
2025-06-13 08:30:00,828.71,74.66428340000004,8.347,0
2025-06-13 09:00:00,828.42,74.50276560000009,8.34,0
2025-06-13 09:30:00,827.94,74.16552360000014,8.321,0
2025-06-13 10:00:00,827.64,74.01643920000004,8.292,0
2025-06-13 10:30:00,826.86,73.40163060000009,8.25,0
2025-06-13 11:00:00,826.07,72.63610340000014,8.202,0
2025-06-13 11:30:00,825.66,72.28218690000006,8.141,0
2025-06-13 12:00:00,825.0,71.63748240000018,8.078,0
2025-06-13 12:30:00,824.63,71.32050679999998,8.008,0
2025-06-13 13:00:00,824.04,70.72540830000014,7.937,0
2025-06-13 13:30:00,823.54,70.28251149999994,7.864,0
2025-06-13 14:00:00,823.03,69.87142240000003,7.787,0
2025-06-13 14:30:00,822.61,69.55543180000006,7.712,0
2025-06-13 15:00:00,821.75,68.65974230000006,7.637,0
2025-06-13 15:30:00,821.38,68.35806220000018,7.568,0
2025-06-13 16:00:00,821.21,68.04632390000006,7.505,0
2025-06-13 16:30:00,820.76,67.59836330000007,7.447,0
2025-06-13 17:00:00,820.51,67.34530419999999,7.4,0
2025-06-13 17:30:00,820.18,67.01122539999994,7.36,0
2025-06-13 18:00:00,819.56,66.21991579999997,7.33,0
2025-06-13 18:30:00,819.53,66.20215220000011,7.31,0
2025-06-13 19:00:00,819.01,65.52103960000011,7.301,0
2025-06-13 19:30:00,818.83,65.27271970000004,7.3,0
2025-06-13 20:00:00,818.53,64.94212870000001,7.307,0
2025-06-13 20:30:00,818.17,64.69123660000002,7.325,0
2025-06-13 21:00:00,818.27,64.67601050000007,7.346,0
2025-06-13 21:30:00,817.87,64.35758650000002,7.375,0
2025-06-13 22:00:00,817.5,63.98452740000016,7.409,0
2025-06-13 22:30:00,817.48,63.909463600000095,7.451,0
2025-06-13 23:00:00,816.88,63.40837450000015,7.497,0
2025-06-13 23:30:00,816.88,63.37472439999999,7.549,0
2025-06-14 00:00:00,816.82,63.32696080000005,7.603,0
2025-06-14 00:30:00,817.11,63.61492140000007,7.657,0
2025-06-14 01:00:00,817.1,63.618177500000115,7.715,0
2025-06-14 01:30:00,817.42,63.91676380000001,7.775,0
2025-06-14 02:00:00,817.73,64.13397110000005,7.836,0
2025-06-14 02:30:00,818.12,64.47604520000004,7.9,0
2025-06-14 03:00:00,818.6,64.74700670000004,7.96,0
2025-06-14 03:30:00,819.52,65.55382000000009,8.016,0
2025-06-14 04:00:00,820.19,66.00050570000008,8.072,0
2025-06-14 04:30:00,820.86,66.5848509000001,8.125,0
2025-06-14 05:00:00,822.01,67.46870920000015,8.174,0
2025-06-14 05:30:00,822.83,68.15818760000002,8.219,0
2025-06-14 06:00:00,823.34,68.71407410000006,8.258,0
2025-06-14 06:30:00,823.94,69.36505910000005,8.295,0
2025-06-14 07:00:00,824.41,69.82996059999994,8.322,0
2025-06-14 07:30:00,824.52,69.9940047,8.341,0
2025-06-14 08:00:00,824.67,70.11341370000002,8.353,0
2025-06-14 08:30:00,824.77,70.17670450000014,8.355,0
2025-06-14 09:00:00,824.47,69.98887150000007,8.353,0
2025-06-14 09:30:00,824.28,69.73870920000013,8.341,0
2025-06-14 10:00:00,824.05,69.60150190000002,8.325,0
2025-06-14 10:30:00,823.72,69.22663510000018,8.299,0
2025-06-14 11:00:00,823.41,68.84321669999997,8.263,0
2025-06-14 11:30:00,822.9,68.33525610000004,8.218,0
2025-06-14 12:00:00,822.73,68.02249810000012,8.167,0
2025-06-14 12:30:00,822.35,67.70877859999996,8.11,0
2025-06-14 13:00:00,821.97,67.19315850000021,8.048,0
2025-06-14 13:30:00,821.6,66.71303090000015,7.982,0
2025-06-14 14:00:00,821.4,66.39474570000004,7.916,0
2025-06-14 14:30:00,820.81,65.91181419999998,7.85,0
2025-06-14 15:00:00,820.48,65.46760780000011,7.784,0
2025-06-14 15:30:00,820.37,65.3219183000001,7.72,0
2025-06-14 16:00:00,819.73,64.78184890000011,7.665,0
2025-06-14 16:30:00,819.48,64.40336669999999,7.615,0
2025-06-14 17:00:00,818.81,63.79352899999992,7.578,0
2025-06-14 17:30:00,818.96,63.88846520000004,7.547,0
2025-06-14 18:00:00,818.46,63.29465280000011,7.528,0
2025-06-14 18:30:00,818.37,63.002752200000145,7.516,0
2025-06-14 19:00:00,818.04,62.67683099999999,7.515,0
2025-06-14 19:30:00,817.74,62.27384129999996,7.521,0
2025-06-14 20:00:00,817.7,62.20121090000009,7.536,0
2025-06-14 20:30:00,817.44,61.89022590000013,7.556,0
2025-06-14 21:00:00,817.19,61.53315740000005,7.584,0
2025-06-14 21:30:00,816.98,61.30582250000009,7.618,0
2025-06-14 22:00:00,817.06,61.23898570000006,7.658,0
2025-06-14 22:30:00,816.97,60.98073520000003,7.703,0
2025-06-14 23:00:00,816.61,60.69925210000008,7.752,0
2025-06-14 23:30:00,816.47,60.559252100000094,7.808,0
2025-06-15 00:00:00,816.73,60.731557899999984,7.863,0
2025-06-15 00:30:00,816.8,60.80665639999995,7.922,0
2025-06-15 01:00:00,817.01,61.05846410000015,7.984,0
2025-06-15 01:30:00,817.34,61.273238000000106,8.049,0
2025-06-15 02:00:00,817.83,61.59294810000006,8.11,0
2025-06-15 02:30:00,818.09,61.78360850000013,8.172,0
2025-06-15 03:00:00,818.55,62.15897339999992,8.234,0
2025-06-15 03:30:00,818.98,62.54410660000019,8.293,0
2025-06-15 04:00:00,819.63,63.09519569999998,8.349,0
2025-06-15 04:30:00,820.55,63.79596020000008,8.405,0
2025-06-15 05:00:00,821.47,64.5497491000001,8.452,0
2025-06-15 05:30:00,822.49,65.4902125000001,8.498,0
2025-06-15 06:00:00,822.93,65.88228660000004,8.539,0
2025-06-15 06:30:00,823.7,66.70327160000011,8.575,0
2025-06-15 07:00:00,824.24,67.21472000000017,8.602,0
2025-06-15 07:30:00,824.41,67.54685229999995,8.619,0
2025-06-15 08:00:00,824.64,67.82375850000005,8.625,0
2025-06-15 08:30:00,824.35,67.68365440000002,8.624,0
2025-06-15 09:00:00,824.03,67.53190490000009,8.614,0
2025-06-15 09:30:00,823.72,67.2290428,8.6,0
2025-06-15 10:00:00,823.72,67.23923980000006,8.578,0
2025-06-15 10:30:00,823.19,66.7255550000001,8.551,0
2025-06-15 11:00:00,823.15,66.71206719999998,8.512,0
2025-06-15 11:30:00,822.64,66.16331860000003,8.466,0
2025-06-15 12:00:00,822.27,65.75355030000003,8.414,0
2025-06-15 12:30:00,821.93,65.2534574,8.353,0
2025-06-15 13:00:00,821.67,64.96184670000002,8.287,0
2025-06-15 13:30:00,821.86,65.03560090000008,8.222,0
2025-06-15 14:00:00,821.12,64.2364583000001,8.151,0
2025-06-15 14:30:00,820.94,64.10948270000006,8.084,0
2025-06-15 15:00:00,820.56,63.70093110000005,8.015,0
2025-06-15 15:30:00,820.14,63.37372379999999,7.95,0
2025-06-15 16:00:00,819.55,62.85000430000002,7.893,0
2025-06-15 16:30:00,819.25,62.55408310000007,7.841,0
2025-06-15 17:00:00,819.16,62.430432999999994,7.8,0
2025-06-15 17:30:00,818.77,61.95375850000005,7.767,0
2025-06-15 18:00:00,818.41,61.51320220000002,7.747,0
2025-06-15 18:30:00,818.61,61.52455770000006,7.737,0
2025-06-15 19:00:00,818.24,61.07502110000007,7.737,0
2025-06-15 19:30:00,817.81,60.76636540000004,7.74,0
2025-06-15 20:00:00,817.72,60.48772090000011,7.754,0
2025-06-15 20:30:00,817.8,60.41374619999999,7.776,0
2025-06-15 21:00:00,817.57,60.05526400000019,7.804,0
2025-06-15 21:30:00,817.12,59.64911110000014,7.839,0
2025-06-15 22:00:00,817.24,59.66204260000006,7.878,0
2025-06-15 22:30:00,816.84,59.2905942000001,7.925,0
2025-06-15 23:00:00,816.66,59.20032779999997,7.977,0
2025-06-15 23:30:00,816.34,58.981278100000054,8.033,0
2025-06-16 00:00:00,816.66,59.2370370000001,8.092,0
2025-06-16 00:30:00,816.71,59.29519460000006,8.155,0
2025-06-16 01:00:00,816.72,59.44489350000015,8.221,0
2025-06-16 01:30:00,816.84,59.7188682000002,8.289,0
2025-06-16 02:00:00,817.19,60.0484742000001,8.356,0
2025-06-16 02:30:00,817.52,60.42640010000002,8.424,0
2025-06-16 03:00:00,818.11,60.93584380000016,8.49,0
2025-06-16 03:30:00,818.77,61.43269180000004,8.554,0
2025-06-16 04:00:00,819.2,61.89532220000012,8.615,0
2025-06-16 04:30:00,820.55,62.83438310000008,8.677,0
2025-06-16 05:00:00,821.58,63.600280800000064,8.734,0
2025-06-16 05:30:00,822.87,64.8372564,8.79,0
2025-06-16 06:00:00,823.44,65.47863540000014,8.836,0
2025-06-16 06:30:00,824.16,66.30264479999994,8.883,0
2025-06-16 07:00:00,824.7,66.82225080000012,8.919,0
2025-06-16 07:30:00,824.82,67.02688590000014,8.945,0
2025-06-16 08:00:00,824.89,67.14991029999999,8.959,0
2025-06-16 08:30:00,824.79,67.09783619999996,8.966,0
2025-06-16 09:00:00,824.68,67.1091805000001,8.963,0
2025-06-16 09:30:00,824.41,67.0033522,8.956,0
2025-06-16 10:00:00,824.06,66.68292350000002,8.939,0
2025-06-16 10:30:00,823.69,66.37512520000007,8.914,0
2025-06-16 11:00:00,823.27,66.15396669999996,8.88,0
2025-06-16 11:30:00,822.61,65.58472000000017,8.838,0
2025-06-16 12:00:00,822.11,65.1662960000001,8.786,0
2025-06-16 12:30:00,822.09,65.07083820000003,8.725,0
2025-06-16 13:00:00,821.6,64.50130160000003,8.66,0
2025-06-16 13:30:00,821.19,64.12903050000011,8.588,0
2025-06-16 14:00:00,820.52,63.41824250000002,8.515,0
2025-06-16 14:30:00,820.57,63.53758210000012,8.442,0
2025-06-16 15:00:00,820.0,63.09300520000011,8.367,0
2025-06-16 15:30:00,819.74,62.882970500000056,8.299,0
2025-06-16 16:00:00,818.95,62.324442400000066,8.236,0
2025-06-16 16:30:00,818.43,61.90131389999999,8.18,0
2025-06-16 17:00:00,818.06,61.496644100000026,8.138,0
2025-06-16 17:30:00,818.09,61.40224069999999,8.104,0
2025-06-16 18:00:00,817.65,60.81744329999992,8.078,0
2025-06-16 18:30:00,817.56,60.774349500000085,8.066,0
2025-06-16 19:00:00,817.31,60.496817599999986,8.06,0
2025-06-16 19:30:00,817.16,60.22139450000009,8.064,0
2025-06-16 20:00:00,816.61,59.81211310000015,8.075,0
2025-06-16 20:30:00,816.46,59.65599490000011,8.094,0
2025-06-16 21:00:00,816.11,59.30905400000006,8.118,0
2025-06-16 21:30:00,815.92,59.17411780000009,8.151,0
2025-06-16 22:00:00,815.54,58.8389846,8.187,0
2025-06-16 22:30:00,815.26,58.672171299999945,8.23,0
2025-06-16 23:00:00,814.92,58.44637769999997,8.277,0
2025-06-16 23:30:00,814.74,58.370387100000016,8.328,0
2025-06-17 00:00:00,814.87,58.61051470000007,8.38,0
2025-06-17 00:30:00,814.54,58.48241530000007,8.437,0
2025-06-17 01:00:00,814.32,58.30422300000009,8.495,0
2025-06-17 01:30:00,814.61,58.6757990000001,8.552,0
2025-06-17 02:00:00,814.91,59.006390000000124,8.611,0
2025-06-17 02:30:00,814.98,59.03254290000007,8.668,0
2025-06-17 03:00:00,815.15,59.09343500000011,8.72,0
2025-06-17 03:30:00,815.6,59.465937800000006,8.772,0
2025-06-17 04:00:00,816.32,59.98505690000002,8.818,0
2025-06-17 04:30:00,816.95,60.37746680000009,8.862,0
2025-06-17 05:00:00,817.96,61.15701460000014,8.9,0
2025-06-17 05:30:00,819.04,62.25536920000013,8.937,0
2025-06-17 06:00:00,819.4,62.679610300000036,8.969,0
2025-06-17 06:30:00,820.06,63.37326040000005,8.995,0
2025-06-17 07:00:00,820.53,63.874871100000064,9.014,0
2025-06-17 07:30:00,821.09,64.38286640000013,9.021,0
2025-06-17 08:00:00,821.26,64.70072290000007,9.018,0
2025-06-17 08:30:00,821.11,64.70163850000006,9.002,0
2025-06-17 09:00:00,820.84,64.53972670000019,8.979,0
2025-06-17 09:30:00,820.55,64.38024830000006,8.949,0
2025-06-17 10:00:00,820.42,64.39912450000008,8.918,0
2025-06-17 10:30:00,819.99,64.00685340000007,8.883,0
2025-06-17 11:00:00,819.74,63.8139566000001,8.842,0
2025-06-17 11:30:00,819.44,63.49866110000005,8.796,0
2025-06-17 12:00:00,819.11,63.252276499999994,8.743,0
2025-06-17 12:30:00,818.76,62.840074800000025,8.683,0
2025-06-17 13:00:00,818.22,62.23379430000011,8.619,0
2025-06-17 13:30:00,818.17,62.17971550000004,8.547,0
2025-06-17 14:00:00,817.81,61.68205599999999,8.48,0
2025-06-17 14:30:00,817.5,61.46586840000009,8.409,0
2025-06-17 15:00:00,816.97,60.96849880000002,8.338,0
2025-06-17 15:30:00,816.77,60.774617000000035,8.274,0
2025-06-17 16:00:00,816.49,60.524188300000105,8.216,0
2025-06-17 16:30:00,816.24,60.2619519000001,8.165,0
2025-06-17 17:00:00,815.67,59.70724740000003,8.123,0
2025-06-17 17:30:00,815.34,59.41395660000012,8.092,0
2025-06-17 18:00:00,815.36,59.325868400000104,8.072,0
2025-06-17 18:30:00,815.47,59.383863700000006,8.062,0
2025-06-17 19:00:00,814.88,58.82853350000016,8.059,0
2025-06-17 19:30:00,814.64,58.581395600000064,8.069,0
2025-06-17 20:00:00,814.36,58.24633180000012,8.082,0
2025-06-17 20:30:00,814.17,58.107316800000035,8.103,0
2025-06-17 21:00:00,813.8,57.80767609999998,8.131,0
2025-06-17 21:30:00,813.58,57.61316860000011,8.167,0
2025-06-17 22:00:00,813.4,57.44234590000008,8.209,0
2025-06-17 22:30:00,813.22,57.385729600000104,8.255,0
2025-06-17 23:00:00,813.17,57.41220709999993,8.308,0
2025-06-17 23:30:00,812.77,57.005069200000094,8.365,0
2025-06-18 00:00:00,812.72,56.97240410000006,8.426,0
2025-06-18 00:30:00,812.94,57.23115270000005,8.489,0
2025-06-18 01:00:00,812.66,56.977664900000036,8.555,0
2025-06-18 01:30:00,812.9,57.176876900000025,8.62,0
2025-06-18 02:00:00,813.16,57.33184779999999,8.688,0
2025-06-18 02:30:00,813.53,57.584582299999965,8.754,0
2025-06-18 03:00:00,814.05,58.13721270000008,8.819,0
2025-06-18 03:30:00,814.25,58.272971600000005,8.881,0
2025-06-18 04:00:00,815.34,59.241627300000005,8.942,0
2025-06-18 04:30:00,816.3,59.918150699999956,9.001,0
2025-06-18 05:00:00,817.32,60.799471500000095,9.061,0
2025-06-18 05:30:00,818.81,62.11102400000004,9.116,0
2025-06-18 06:00:00,819.65,62.985693800000035,9.173,0
2025-06-18 06:30:00,820.75,64.17236830000002,9.226,0
2025-06-18 07:00:00,821.38,64.93798840000011,9.275,0
2025-06-18 07:30:00,821.7,65.31917040000008,9.317,0
2025-06-18 08:00:00,822.3,65.9395644,9.35,0
2025-06-18 08:30:00,822.25,65.93851000000006,9.374,0
2025-06-18 09:00:00,822.32,66.10538150000014,9.39,0
2025-06-18 09:30:00,822.31,66.09640120000006,9.4,0
2025-06-18 10:00:00,822.25,66.01906630000008,9.403,0
2025-06-18 10:30:00,821.65,65.53531210000006,9.4,0
2025-06-18 11:00:00,821.68,65.61119860000008,9.385,0
2025-06-18 11:30:00,821.08,64.96531210000012,9.365,0
2025-06-18 12:00:00,820.88,64.7704106000001,9.338,0
2025-06-18 12:30:00,820.54,64.43041060000007,9.3,0
2025-06-18 13:00:00,820.12,63.89926330000003,9.254,0
2025-06-18 13:30:00,819.89,63.59890399999995,9.203,0
2025-06-18 14:00:00,819.56,63.185288600000035,9.151,0
2025-06-18 14:30:00,819.09,62.78360850000013,9.094,0
2025-06-18 15:00:00,818.69,62.45090870000013,9.04,0
2025-06-18 15:30:00,818.26,62.09228770000004,8.986,0
2025-06-18 16:00:00,817.78,61.70508040000004,8.94,0
2025-06-18 16:30:00,817.56,61.51873049999995,8.9,0
2025-06-18 17:00:00,817.28,61.25504569999998,8.868,0
2025-06-18 17:30:00,817.01,61.07375960000002,8.843,0
2025-06-18 18:00:00,816.31,60.29830179999999,8.829,0
2025-06-18 18:30:00,816.38,60.16334210000002,8.825,0
2025-06-18 19:00:00,816.26,59.984199500000045,8.822,0
2025-06-18 19:30:00,815.77,59.434037200000034,8.83,0
2025-06-18 20:00:00,815.43,59.04815069999995,8.845,0
2025-06-18 20:30:00,815.48,59.087953700000185,8.867,0
2025-06-18 21:00:00,815.04,58.607165699999996,8.896,0
2025-06-18 21:30:00,814.91,58.485323300000005,8.93,0
2025-06-18 22:00:00,814.58,58.31847530000016,8.972,0
2025-06-18 22:30:00,814.36,58.1494603000001,9.022,0
2025-06-18 23:00:00,813.98,57.92649410000013,9.077,0
2025-06-18 23:30:00,814.27,58.11554380000007,9.139,0
2025-06-19 00:00:00,814.01,57.9524153000001,9.204,0
2025-06-19 00:30:00,814.37,58.30221830000005,9.275,0
2025-06-19 01:00:00,814.43,58.452971599999955,9.348,0
2025-06-19 01:30:00,815.02,59.00320330000011,9.42,0
2025-06-19 02:00:00,815.62,59.59708510000007,9.498,0
2025-06-19 02:30:00,816.11,60.004489400000125,9.571,0
2025-06-19 03:00:00,817.4,61.21495279999999,9.65,0
2025-06-19 03:30:00,818.46,62.318799900000045,9.728,0
2025-06-19 04:00:00,819.88,63.743898400000035,9.807,0
2025-06-19 04:30:00,821.39,65.13051470000005,9.889,0
2025-06-19 05:00:00,822.62,66.29117510000003,9.969,0
2025-06-19 05:30:00,823.86,67.48630830000002,10.046,0
2025-06-19 06:00:00,824.86,68.47815070000001,10.117,0
2025-06-19 06:30:00,825.53,69.29192839999996,10.182,0
2025-06-19 07:00:00,825.97,69.81656350000014,10.235,0
2025-06-19 07:30:00,826.13,70.16214890000003,10.282,0
2025-06-19 08:00:00,826.19,70.53009830000019,10.315,0
2025-06-19 08:30:00,825.97,70.41512740000007,10.338,0
2025-06-19 09:00:00,825.84,70.42788540000004,10.35,0
2025-06-19 09:30:00,825.24,70.01449049999997,10.352,0
2025-06-19 10:00:00,824.92,69.82195300000001,10.338,0
2025-06-19 10:30:00,824.14,69.34174480000001,10.315,0
2025-06-19 11:00:00,823.74,69.08654220000005,10.277,0
2025-06-19 11:30:00,823.06,68.46160600000007,10.228,0
2025-06-19 12:00:00,822.46,68.02679740000008,10.173,0
2025-06-19 12:30:00,821.93,67.58551130000012,10.111,0
2025-06-19 13:00:00,821.36,67.05425990000015,10.044,0
2025-06-19 13:30:00,821.19,66.8485704000002,9.973,0
2025-06-19 14:00:00,820.63,66.14581240000018,9.9,0
2025-06-19 14:30:00,820.43,65.88972889999991,9.825,0
2025-06-19 15:00:00,819.98,65.40709850000007,9.752,0
2025-06-19 15:30:00,819.18,64.88139780000006,9.68,0
2025-06-19 16:00:00,818.4,64.3787562,9.613,0
2025-06-19 16:30:00,817.85,64.09489789999998,9.554,0
2025-06-19 17:00:00,817.21,63.6996259,9.503,0
2025-06-19 17:30:00,816.89,63.40817750000008,9.465,0
2025-06-19 18:00:00,816.58,63.07880320000004,9.434,0
2025-06-19 18:30:00,816.42,62.57210520000001,9.417,0
2025-06-19 19:00:00,815.92,62.06190820000006,9.405,0
2025-06-19 19:30:00,815.73,61.9952919000001,9.402,0
2025-06-19 20:00:00,815.01,61.693368899999996,9.408,0
2025-06-19 20:30:00,814.45,61.299580000000105,9.42,0
2025-06-19 21:00:00,814.16,61.1207273,9.44,0
2025-06-19 21:30:00,813.53,60.57944120000002,9.467,0
2025-06-19 22:00:00,813.3,60.275003099999935,9.496,0
2025-06-19 22:30:00,812.92,59.86441209999998,9.537,0
2025-06-19 23:00:00,813.02,60.04190929999993,9.582,0
2025-06-19 23:30:00,812.91,60.092002200000024,9.628,0
2025-06-20 00:00:00,812.75,59.94933710000009,9.68,0
2025-06-20 00:30:00,812.75,60.084957200000076,9.734,0
2025-06-20 01:00:00,812.99,60.42896660000008,9.795,0
2025-06-20 01:30:00,813.26,60.555188900000076,9.854,0
2025-06-20 02:00:00,813.77,60.86022920000005,9.914,0
2025-06-20 02:30:00,814.41,61.56039150000004,9.976,0
2025-06-20 03:00:00,815.34,62.46489900000006,10.032,0
2025-06-20 03:30:00,816.04,63.21078549999993,10.093,0
2025-06-20 04:00:00,817.22,64.42341590000012,10.15,0
2025-06-20 04:30:00,818.34,65.4781551000001,10.205,0
2025-06-20 05:00:00,819.44,66.55572170000016,10.259,0
2025-06-20 05:30:00,820.64,67.83525830000008,10.305,0
2025-06-20 06:00:00,820.81,68.23673020000001,10.346,0
2025-06-20 06:30:00,821.1,68.98763460000009,10.377,0
2025-06-20 07:00:00,821.33,69.45522470000014,10.398,0
2025-06-20 07:30:00,821.1,69.36492360000011,10.413,0
2025-06-20 08:00:00,821.21,69.64317410000012,10.41,0
2025-06-20 08:30:00,820.91,69.71842370000002,10.399,0
2025-06-20 09:00:00,820.25,69.22361509999996,10.378,0
2025-06-20 09:30:00,819.58,68.69127460000016,10.346,0
2025-06-20 10:00:00,819.41,68.5824566,10.304,0
2025-06-20 10:30:00,818.6,67.95804200000009,10.249,0
2025-06-20 11:00:00,818.38,67.66972210000006,10.181,0
2025-06-20 11:30:00,817.91,67.21093880000001,10.106,0
2025-06-20 12:00:00,817.59,66.91133280000008,10.028,0
2025-06-20 12:30:00,817.21,66.48850540000012,9.944,0
2025-06-20 13:00:00,816.57,65.77814610000019,9.86,0
2025-06-20 13:30:00,816.18,65.35857479999993,9.771,0
2025-06-20 14:00:00,815.68,64.86163390000002,9.684,0
2025-06-20 14:30:00,815.2,64.52847070000007,9.598,0
2025-06-20 15:00:00,815.03,64.33501760000001,9.512,0
2025-06-20 15:30:00,814.27,63.581135800000084,9.434,0
2025-06-20 16:00:00,813.99,63.18081120000011,9.364,0
2025-06-20 16:30:00,813.34,62.75412549999999,9.302,0
2025-06-20 17:00:00,813.11,62.65362740000012,9.245,0
2025-06-20 17:30:00,812.45,62.162897600000065,9.2,0
2025-06-20 18:00:00,812.08,61.72355800000014,9.164,0
2025-06-20 18:30:00,811.72,61.31563210000013,9.142,0
2025-06-20 19:00:00,811.43,60.95935159999999,9.129,0
2025-06-20 19:30:00,811.05,60.69457770000008,9.129,0
2025-06-20 20:00:00,810.53,60.11033659999998,9.133,0
2025-06-20 20:30:00,810.08,59.7827006,9.143,0
2025-06-20 21:00:00,809.49,59.20085819999997,9.163,0
2025-06-20 21:30:00,809.21,58.95450830000016,9.183,0
2025-06-20 22:00:00,809.19,58.989572100000146,9.215,0
2025-06-20 22:30:00,808.93,58.871310400000084,9.25,0
2025-06-20 23:00:00,808.95,59.02693050000016,9.286,0
2025-06-20 23:30:00,808.63,58.715088100000116,9.33,0
2025-06-21 00:00:00,808.12,58.35702340000012,9.372,0
2025-06-21 00:30:00,807.7,58.03695400000015,9.419,0
2025-06-21 01:00:00,807.35,57.9347411,9.463,0
2025-06-21 01:30:00,806.8,57.46835650000003,9.507,0
2025-06-21 02:00:00,806.82,57.47510040000009,9.55,0
2025-06-21 02:30:00,806.57,57.22408070000006,9.588,0
2025-06-21 03:00:00,806.62,57.23839120000014,9.624,0
2025-06-21 03:30:00,806.55,57.102110700000026,9.653,0
2025-06-21 04:00:00,806.65,57.29592309999998,9.68,0
2025-06-21 04:30:00,807.03,57.39754500000004,9.703,0
2025-06-21 05:00:00,807.14,57.22304870000005,9.719,0
2025-06-21 05:30:00,807.58,57.60186670000007,9.733,0
2025-06-21 06:00:00,807.63,57.76913220000006,9.741,0
2025-06-21 06:30:00,807.77,58.02945680000005,9.743,0
2025-06-21 07:00:00,807.93,58.23228419999998,9.738,0
2025-06-21 07:30:00,808.07,58.64454410000019,9.724,0
2025-06-21 08:00:00,807.69,58.64285280000013,9.699,0
2025-06-21 08:30:00,807.78,58.8348228000001,9.662,0
2025-06-21 09:00:00,807.6,58.83429000000001,9.625,0
2025-06-21 09:30:00,807.57,58.89402360000008,9.579,0
2025-06-21 10:00:00,807.33,58.89059400000019,9.528,0
2025-06-21 10:30:00,806.89,58.698381100000006,9.477,0
2025-06-21 11:00:00,806.56,58.49278449999997,9.424,0
2025-06-21 11:30:00,806.42,58.615867099999946,9.37,0
2025-06-21 12:00:00,806.08,58.15044400000011,9.312,0
2025-06-21 12:30:00,805.86,58.132344600000124,9.255,0
2025-06-21 13:00:00,805.77,57.893468400000074,9.195,0
2025-06-21 13:30:00,805.3,57.48770950000005,9.13,0
2025-06-21 14:00:00,804.98,57.3114872000001,9.068,0
2025-06-21 14:30:00,804.5,56.95487090000006,8.999,0
2025-06-21 15:00:00,804.59,57.046910300000036,8.937,0
2025-06-21 15:30:00,803.94,56.435658900000135,8.878,0
2025-06-21 16:00:00,803.88,56.27980709999997,8.824,0
2025-06-21 16:30:00,803.8,56.22122080000008,8.775,0
2025-06-21 17:00:00,803.75,56.246678599999996,8.737,0
2025-06-21 17:30:00,803.23,55.573723599999994,8.704,0
2025-06-21 18:00:00,803.3,55.54379299999994,8.684,0
2025-06-21 18:30:00,803.16,55.06219349999992,8.673,0
2025-06-21 19:00:00,803.09,55.01054810000005,8.67,0
2025-06-21 19:30:00,802.79,54.59124320000012,8.675,0
2025-06-21 20:00:00,802.66,54.40923850000013,8.688,0
2025-06-21 20:30:00,802.4,54.164534,8.709,0
2025-06-21 21:00:00,802.05,53.83084919999999,8.734,0
2025-06-21 21:30:00,801.99,53.64440639999998,8.761,0
2025-06-21 22:00:00,801.69,53.36683980000009,8.793,0
2025-06-21 22:30:00,801.47,53.04283040000007,8.83,0
2025-06-21 23:00:00,801.5,52.90050110000004,8.868,0
2025-06-21 23:30:00,801.41,52.71872810000002,8.91,0
2025-06-22 00:00:00,802.01,52.86700100000007,8.955,0
2025-06-22 00:30:00,802.03,52.819700799999964,8.997,0
2025-06-22 01:00:00,802.16,53.03943440000012,9.047,0
2025-06-22 01:30:00,801.99,52.77052349999997,9.09,0
2025-06-22 02:00:00,802.16,52.72128800000007,9.134,0
2025-06-22 02:30:00,802.29,52.71362850000003,9.175,0
2025-06-22 03:00:00,802.32,52.631461500000114,9.211,0
2025-06-22 03:30:00,802.26,52.42258530000004,9.243,0
2025-06-22 04:00:00,802.16,52.19410310000001,9.269,0
2025-06-22 04:30:00,802.0,52.05653649999999,9.292,0
2025-06-22 05:00:00,802.19,51.96102050000013,9.308,0
2025-06-22 05:30:00,802.41,51.88428780000004,9.318,0
2025-06-22 06:00:00,802.34,51.76738160000002,9.317,0
2025-06-22 06:30:00,802.13,51.7337897000001,9.309,0
2025-06-22 07:00:00,801.97,51.59724280000012,9.29,0
2025-06-22 07:30:00,801.89,51.55599140000004,9.263,0
2025-06-22 08:00:00,801.39,51.32009370000003,9.23,0
2025-06-22 08:30:00,801.79,51.46414900000002,9.192,0
2025-06-22 09:00:00,801.76,51.56671000000017,9.146,0
2025-06-22 09:30:00,801.68,51.495887299999936,9.095,0
2025-06-22 10:00:00,801.47,51.3970346000001,9.039,0
2025-06-22 10:30:00,801.58,51.40098580000006,8.981,0
2025-06-22 11:00:00,801.58,51.46624660000009,8.918,0
2025-06-22 11:30:00,801.65,51.435296300000005,8.852,0
2025-06-22 12:00:00,801.51,51.21779909999998,8.787,0
2025-06-22 12:30:00,801.54,51.23046420000003,8.721,0
2025-06-22 13:00:00,801.65,51.195666800000026,8.658,0
2025-06-22 13:30:00,801.69,50.99195850000012,8.59,0
2025-06-22 14:00:00,801.65,50.90403260000005,8.526,0
2025-06-22 14:30:00,801.63,50.83406730000013,8.465,0
2025-06-22 15:00:00,801.56,50.67025490000003,8.404,0
2025-06-22 15:30:00,801.53,50.604565399999956,8.351,0
2025-06-22 16:00:00,801.45,50.518447200000196,8.3,0
2025-06-22 16:30:00,801.23,50.3004866,8.259,0
2025-06-22 17:00:00,801.28,50.29746220000004,8.227,0
2025-06-22 17:30:00,801.22,50.149767999999995,8.201,0
2025-06-22 18:00:00,801.15,49.98187680000001,8.187,0
2025-06-22 18:30:00,801.04,49.837207000000035,8.182,0
2025-06-22 19:00:00,801.1,49.826847700000144,8.187,0
2025-06-22 19:30:00,801.0,49.64323230000002,8.199,0
2025-06-22 20:00:00,800.9,49.5707642000001,8.219,0
2025-06-22 20:30:00,800.67,49.33056720000002,8.245,0
2025-06-22 21:00:00,800.59,49.30665070000009,8.278,0
2025-06-22 21:30:00,800.57,49.14389270000015,8.316,0
2025-06-22 22:00:00,800.41,48.929848600000014,8.361,0
2025-06-22 22:30:00,800.28,48.781494000000066,8.408,0
2025-06-22 23:00:00,799.98,48.62425200000007,8.461,0
2025-06-22 23:30:00,799.91,48.55017320000002,8.518,0
2025-06-23 00:00:00,799.77,48.449941500000136,8.58,0
2025-06-23 00:30:00,799.65,48.361552200000006,8.644,0
2025-06-23 01:00:00,799.5,48.27681299999995,8.707,0
2025-06-23 01:30:00,799.69,48.24247900000012,8.768,0
2025-06-23 02:00:00,800.12,48.19933820000006,8.834,0
2025-06-23 02:30:00,799.78,48.13363749999996,8.894,0
2025-06-23 03:00:00,799.71,48.12583920000009,8.955,0
2025-06-23 03:30:00,799.81,48.1493617000001,9.011,0
2025-06-23 04:00:00,799.89,48.016244400000005,9.061,0
2025-06-23 04:30:00,800.33,48.337959200000114,9.11,0
2025-06-23 05:00:00,800.51,48.30586160000007,9.153,0
2025-06-23 05:30:00,800.56,48.362999500000114,9.191,0
2025-06-23 06:00:00,800.42,48.272964799999954,9.222,0
2025-06-23 06:30:00,800.64,48.53273310000009,9.25,0
2025-06-23 07:00:00,800.61,48.63733350000007,9.272,0
2025-06-23 07:30:00,800.73,48.82565340000019,9.287,0
2025-06-23 08:00:00,800.93,49.18982510000001,9.293,0
2025-06-23 08:30:00,801.07,49.49297710000019,9.296,0
2025-06-23 09:00:00,801.19,49.74451840000006,9.288,0
2025-06-23 09:30:00,801.35,49.94428670000002,9.277,0
2025-06-23 10:00:00,801.71,50.29714880000006,9.258,0
2025-06-23 10:30:00,801.96,50.61954750000007,9.231,0
2025-06-23 11:00:00,802.18,50.8558627000001,9.201,0
2025-06-23 11:30:00,802.45,51.02797150000015,9.164,0
2025-06-23 12:00:00,802.62,51.10211970000012,9.125,0
2025-06-23 12:30:00,802.71,51.217612200000076,9.079,0
2025-06-23 13:00:00,802.65,51.103568100000075,9.033,0
2025-06-23 13:30:00,802.94,51.27834200000018,8.988,0
2025-06-23 14:00:00,802.92,51.06153990000007,8.941,0
2025-06-23 14:30:00,802.97,50.95450610000012,8.895,0
2025-06-23 15:00:00,803.04,50.96026500000005,8.853,0
2025-06-23 15:30:00,802.87,50.69645260000004,8.812,0
2025-06-23 16:00:00,802.66,50.49562990000004,8.776,0
2025-06-23 16:30:00,802.49,50.46430910000004,8.744,0
2025-06-23 17:00:00,802.41,50.380230299999994,8.716,0
2025-06-23 17:30:00,802.3,50.15500420000012,8.7,0
2025-06-23 18:00:00,802.32,49.98330060000012,8.691,0
2025-06-23 18:30:00,802.21,49.78356700000006,8.692,0
2025-06-23 19:00:00,801.98,49.67287190000013,8.696,0
2025-06-23 19:30:00,801.69,49.36553700000013,8.711,0
2025-06-23 20:00:00,801.75,49.28175930000009,8.728,0
2025-06-23 20:30:00,801.79,49.14433150000002,8.75,0
2025-06-23 21:00:00,801.79,48.986278000000084,8.773,0
2025-06-23 21:30:00,802.29,48.93360059999998,8.799,0
2025-06-23 22:00:00,802.14,48.71732010000005,8.827,0
2025-06-23 22:30:00,802.19,48.432858500000066,8.855,0
2025-06-23 23:00:00,802.5,48.346195200000125,8.879,0
2025-06-23 23:30:00,802.62,48.335673600000064,8.902,0
2025-06-24 00:00:00,802.44,48.182185800000184,8.927,0
2025-06-24 00:30:00,802.17,48.06514080000011,8.948,0
2025-06-24 01:00:00,801.83,47.96680970000011,8.968,0
2025-06-24 01:30:00,801.54,47.82976469999994,8.982,0
2025-06-24 02:00:00,801.4,47.80906960000004,8.999,0
2025-06-24 02:30:00,801.17,47.72182759999998,9.011,0
2025-06-24 03:00:00,800.81,47.58616160000008,9.021,0
2025-06-24 03:30:00,800.58,47.49789990000011,9.03,0
2025-06-24 04:00:00,800.6,47.49546650000002,9.035,0
2025-06-24 04:30:00,800.75,47.458861400000046,9.033,0
2025-06-24 05:00:00,800.88,47.48791110000002,9.029,0
2025-06-24 05:30:00,800.93,47.42370469999992,9.02,0
2025-06-24 06:00:00,800.84,47.3133107000001,9.001,0
2025-06-24 06:30:00,800.88,47.389000200000055,8.978,0
2025-06-24 07:00:00,800.87,47.357586500000025,8.951,0
2025-06-24 07:30:00,800.69,47.381526500000064,8.921,0
2025-06-24 08:00:00,800.63,47.3409008000001,8.881,0
2025-06-24 08:30:00,800.46,47.32691490000013,8.839,0
2025-06-24 09:00:00,800.55,47.31800400000009,8.793,0
2025-06-24 09:30:00,800.39,47.3180969,8.745,0
2025-06-24 10:00:00,800.16,47.20026389999998,8.69,0
2025-06-24 10:30:00,800.25,47.25151530000005,8.641,0
2025-06-24 11:00:00,800.27,47.27355470000009,8.585,0
2025-06-24 11:30:00,800.38,47.35092430000009,8.527,0
2025-06-24 12:00:00,800.32,47.18691490000015,8.47,0
2025-06-24 12:30:00,800.51,47.24537359999999,8.412,0
2025-06-24 13:00:00,800.5,47.14360060000001,8.358,0
2025-06-24 13:30:00,800.62,47.15245330000016,8.299,0
2025-06-24 14:00:00,800.81,47.12729660000002,8.243,0
2025-06-24 14:30:00,800.84,47.09917370000005,8.187,0
2025-06-24 15:00:00,800.91,47.01621869999997,8.136,0
2025-06-24 15:30:00,800.94,46.95240630000012,8.089,0
2025-06-24 16:00:00,801.02,46.96816519999993,8.052,0
2025-06-24 16:30:00,801.02,46.839683000000036,8.019,0
2025-06-24 17:00:00,801.12,46.78264920000004,7.997,0
2025-06-24 17:30:00,801.18,46.7304822000001,7.981,0
2025-06-24 18:00:00,801.16,46.54325140000003,7.975,0
2025-06-24 18:30:00,801.36,46.55358720000004,7.975,0
2025-06-24 19:00:00,801.41,46.46286860000009,7.984,0
2025-06-24 19:30:00,801.27,46.338164100000085,7.995,0
2025-06-24 20:00:00,801.12,46.229971800000044,8.011,0
2025-06-24 20:30:00,801.01,46.14444460000004,8.034,0
2025-06-24 21:00:00,800.86,46.02911440000014,8.052,0
2025-06-24 21:30:00,800.79,45.9438189,8.08,0
2025-06-24 22:00:00,800.8,45.84980949999999,8.112,0
2025-06-24 22:30:00,800.64,45.796878000000106,8.146,0
2025-06-24 23:00:00,800.44,45.62848870000005,8.182,0
2025-06-24 23:30:00,800.27,45.44625229999997,8.226,0
2025-06-25 00:00:00,800.27,45.4227992000001,8.269,0
2025-06-25 00:30:00,800.18,45.26855809999995,8.316,0
2025-06-25 01:00:00,800.19,45.20310030000019,8.361,0
2025-06-25 01:30:00,800.37,45.124096500000064,8.414,0
2025-06-25 02:00:00,800.52,45.093609600000036,8.465,0
2025-06-25 02:30:00,800.65,45.0176302000001,8.515,0
2025-06-25 03:00:00,800.79,45.00671460000001,8.567,0
2025-06-25 03:30:00,800.91,45.02168549999999,8.613,0
2025-06-25 04:00:00,801.16,45.04225300000007,8.657,0
2025-06-25 04:30:00,801.37,44.97591430000011,8.7,0
2025-06-25 05:00:00,801.69,45.08993490000012,8.742,0
2025-06-25 05:30:00,801.81,45.22421069999996,8.778,0
2025-06-25 06:00:00,801.83,45.346180700000104,8.809,0
2025-06-25 06:30:00,801.99,45.489865500000064,8.838,0
2025-06-25 07:00:00,802.31,45.678324199999906,8.86,0
2025-06-25 07:30:00,802.46,45.96802309999998,8.881,0
2025-06-25 08:00:00,802.69,46.18986550000011,8.899,0
2025-06-25 08:30:00,802.92,46.522855200000095,8.913,0
2025-06-25 09:00:00,802.97,46.65545090000012,8.915,0
2025-06-25 09:30:00,803.28,47.02969200000007,8.912,0
2025-06-25 10:00:00,803.64,47.3468646,8.903,0
2025-06-25 10:30:00,803.99,47.71521920000009,8.883,0
2025-06-25 11:00:00,804.13,47.86031770000011,8.853,0
2025-06-25 11:30:00,804.44,48.10301750000008,8.818,0
2025-06-25 12:00:00,804.81,48.40775670000005,8.776,0
2025-06-25 12:30:00,805.25,48.546945200000096,8.729,0
2025-06-25 13:00:00,805.53,48.68418720000011,8.678,0
2025-06-25 13:30:00,805.76,48.75001550000002,8.625,0
2025-06-25 14:00:00,805.9,48.84310930000004,8.571,0
2025-06-25 14:30:00,805.88,48.86287760000005,8.519,0
2025-06-25 15:00:00,805.89,48.81271530000015,8.469,0
2025-06-25 15:30:00,805.8,48.71149860000003,8.427,0
2025-06-25 16:00:00,805.78,48.664986399999975,8.392,0
2025-06-25 16:30:00,805.51,48.47758210000006,8.362,0
2025-06-25 17:00:00,805.54,48.40765150000004,8.341,0
2025-06-25 17:30:00,805.31,48.23475469999994,8.33,0
2025-06-25 18:00:00,805.31,48.13686350000012,8.328,0
2025-06-25 18:30:00,805.07,47.851996700000086,8.331,0
2025-06-25 19:00:00,805.11,47.936863500000186,8.345,0
2025-06-25 19:30:00,804.98,47.77729220000003,8.367,0
2025-06-25 20:00:00,804.81,47.59709520000001,8.396,0
2025-06-25 20:30:00,804.52,47.252031399999964,8.431,0
2025-06-25 21:00:00,804.23,47.09051360000012,8.472,0
2025-06-25 21:30:00,804.15,47.09514869999998,8.526,0
2025-06-25 22:00:00,803.83,46.58956330000012,8.583,0
2025-06-25 22:30:00,803.76,46.73777910000001,8.651,0
2025-06-25 23:00:00,803.41,46.53971439999998,8.725,0
2025-06-25 23:30:00,803.25,46.38583260000007,8.802,0
2025-06-26 00:00:00,802.97,46.28428010000016,8.889,0
2025-06-26 00:30:00,802.69,46.09605310000018,8.978,0
2025-06-26 01:00:00,802.53,46.089008100000115,9.066,0
2025-06-26 01:30:00,802.55,45.99378200000001,9.159,0
2025-06-26 02:00:00,802.66,46.00589080000009,9.246,0
2025-06-26 02:30:00,802.74,46.05020130000014,9.333,0
2025-06-26 03:00:00,803.02,46.14155679999999,9.415,0
2025-06-26 03:30:00,803.17,46.22629600000005,9.494,0
2025-06-26 04:00:00,803.44,46.39942450000012,9.566,0
2025-06-26 04:30:00,803.51,46.52142920000006,9.632,0
2025-06-26 05:00:00,803.83,46.73843950000014,9.692,0
2025-06-26 05:30:00,803.99,46.90251830000011,9.745,0
2025-06-26 06:00:00,804.42,47.30294700000002,9.789,0
2025-06-26 06:30:00,804.85,47.70439540000007,9.826,0
2025-06-26 07:00:00,805.5,48.330942300000174,9.861,0
2025-06-26 07:30:00,806.48,49.253839100000164,9.892,0
2025-06-26 08:00:00,807.3,50.111568000000034,9.916,0
2025-06-26 08:30:00,808.12,51.07738510000013,9.938,0
2025-06-26 09:00:00,808.83,51.92708400000015,9.954,0
2025-06-26 09:30:00,809.33,52.54944800000021,9.964,0
2025-06-26 10:00:00,809.87,53.20059530000003,9.968,0
2025-06-26 10:30:00,810.22,53.576087800000096,9.961,0
2025-06-26 11:00:00,810.22,53.65052590000005,9.946,0
2025-06-26 11:30:00,810.24,53.74700340000015,9.922,0
2025-06-26 12:00:00,810.21,53.77512630000001,9.888,0
2025-06-26 12:30:00,810.16,53.671082200000114,9.847,0
2025-06-26 13:00:00,810.1,53.55907750000017,9.807,0
2025-06-26 13:30:00,809.81,53.393480899999986,9.763,0
2025-06-26 14:00:00,809.59,53.17552030000013,9.719,0
2025-06-26 14:30:00,809.14,52.86012070000004,9.675,0
2025-06-26 15:00:00,808.76,52.70139560000007,9.631,0
2025-06-26 15:30:00,808.38,52.65993600000013,9.592,0
2025-06-26 16:00:00,807.87,52.28453640000009,9.56,0
2025-06-26 16:30:00,807.5,52.04913680000004,9.531,0
2025-06-26 17:00:00,807.23,51.70877750000011,9.511,0
2025-06-26 17:30:00,807.0,51.488974500000154,9.497,0
2025-06-26 18:00:00,806.89,51.37285630000008,9.49,0
2025-06-26 18:30:00,806.64,50.99029530000007,9.488,0
2025-06-26 19:00:00,806.49,50.77503449999995,9.495,0
2025-06-26 19:30:00,806.17,50.51723619999996,9.507,0
2025-06-26 20:00:00,806.05,50.32993600000009,9.527,0
2025-06-26 20:30:00,805.76,50.074605800000086,9.55,0
2025-06-26 21:00:00,805.43,49.63753729999996,9.585,0
2025-06-26 21:30:00,805.46,49.70118740000021,9.627,0
2025-06-26 22:00:00,805.2,49.429970700000126,9.677,0
2025-06-26 22:30:00,804.9,49.28700450000008,9.729,0
2025-06-26 23:00:00,804.64,49.00457110000002,9.79,0
2025-06-26 23:30:00,804.37,48.90588070000001,9.854,0
2025-06-27 00:00:00,804.03,48.68314620000001,9.923,0
2025-06-27 00:30:00,803.79,48.54511620000005,9.995,0
2025-06-27 01:00:00,803.66,48.48547550000012,10.068,0
2025-06-27 01:30:00,803.74,48.49817530000007,10.139,0
2025-06-27 02:00:00,803.92,48.577225,10.214,0
2025-06-27 02:30:00,804.15,48.676703400000065,10.284,0
2025-06-27 03:00:00,804.35,48.79512740000007,10.355,0
2025-06-27 03:30:00,804.56,49.00512739999999,10.42,0
2025-06-27 04:00:00,804.84,49.21884690000013,10.482,0
2025-06-27 04:30:00,805.37,49.584675200000106,10.539,0
2025-06-27 05:00:00,805.95,50.05046880000009,10.589,0
2025-06-27 05:30:00,806.65,50.722936900000036,10.639,0
2025-06-27 06:00:00,807.55,51.75141910000002,10.682,0
2025-06-27 06:30:00,808.62,52.83977370000002,10.723,0
2025-06-27 07:00:00,809.73,53.986482900000055,10.759,0
2025-06-27 07:30:00,810.64,54.95970430000011,10.792,0
2025-06-27 08:00:00,811.58,55.951709000000164,10.817,0
2025-06-27 08:30:00,812.19,56.54437410000014,10.84,0
2025-06-27 09:00:00,812.27,56.726344100000006,10.85,0
2025-06-27 09:30:00,812.46,57.02239290000011,10.847,0
2025-06-27 10:00:00,812.31,57.0039342,10.833,0
2025-06-27 10:30:00,812.19,57.0552438000002,10.808,0
2025-06-27 11:00:00,811.98,56.92274100000009,10.778,0
2025-06-27 11:30:00,811.83,56.87980950000008,10.742,0
2025-06-27 12:00:00,811.41,56.4190215000001,10.706,0
2025-06-27 12:30:00,811.3,56.088766299999975,10.665,0
2025-06-27 13:00:00,810.93,55.7238648,10.617,0
2025-06-27 13:30:00,811.04,55.757387300000005,10.573,0
2025-06-27 14:00:00,810.65,55.359229700000014,10.521,0
2025-06-27 14:30:00,810.33,55.08103740000013,10.47,0
2025-06-27 15:00:00,810.18,54.864756899999975,10.415,0
2025-06-27 15:30:00,809.84,54.45847640000011,10.362,0
2025-06-27 16:00:00,809.73,54.30564900000013,10.313,0
2025-06-27 16:30:00,809.39,53.900388200000066,10.273,0
2025-06-27 17:00:00,809.24,53.75446700000009,10.238,0
2025-06-27 17:30:00,808.98,53.4944670000001,10.212,0
2025-06-27 18:00:00,808.69,53.158580500000085,10.196,0
2025-06-27 18:30:00,808.58,52.768163000000186,10.186,0
2025-06-27 19:00:00,808.42,52.509252100000026,10.183,0
2025-06-27 19:30:00,808.37,52.39399130000004,10.186,0
2025-06-27 20:00:00,808.25,52.21178960000009,10.196,0
2025-06-27 20:30:00,808.27,52.113504400000124,10.212,0
2025-06-27 21:00:00,807.87,51.770607600000176,10.238,0
2025-06-27 21:30:00,807.73,51.50212540000007,10.267,0
2025-06-27 22:00:00,807.6,51.37416480000002,10.306,0
2025-06-27 22:30:00,807.37,51.0075250000001,10.352,0
2025-06-27 23:00:00,807.29,50.969332699999995,10.406,0
2025-06-27 23:30:00,807.0,50.61713099999997,10.462,0
2025-06-28 00:00:00,806.86,50.503643200000056,10.524,0
2025-06-28 00:30:00,806.7,50.33752500000014,10.588,0
2025-06-28 01:00:00,806.78,50.38489459999994,10.657,0
2025-06-28 01:30:00,806.9,50.321348599999965,10.728,0
2025-06-28 02:00:00,807.07,50.36898460000009,10.796,0
2025-06-28 02:30:00,807.25,50.40316750000011,10.866,0
2025-06-28 03:00:00,807.49,50.654384200000095,10.929,0
2025-06-28 03:30:00,808.01,50.98268059999998,10.991,0
2025-06-28 04:00:00,808.57,51.35811490000003,11.05,0
2025-06-28 04:30:00,809.24,51.86700230000008,11.104,0
2025-06-28 05:00:00,810.2,52.65365330000009,11.155,0
2025-06-28 05:30:00,811.22,53.55944690000001,11.203,0
2025-06-28 06:00:00,812.22,54.7113822,11.246,0
2025-06-28 06:30:00,813.41,55.95644600000003,11.286,0
2025-06-28 07:00:00,814.16,56.74213550000013,11.322,0
2025-06-28 07:30:00,814.78,57.385588600000005,11.351,0
2025-06-28 08:00:00,815.17,57.846967600000085,11.378,0
2025-06-28 08:30:00,815.45,58.17183440000019,11.395,0
2025-06-28 09:00:00,815.51,58.3511393,11.401,0
2025-06-28 09:30:00,815.62,58.52945920000013,11.398,0
2025-06-28 10:00:00,815.54,58.53511400000002,11.383,0
2025-06-28 10:30:00,815.36,58.35001550000004,11.365,0
2025-06-28 11:00:00,815.14,58.14429130000008,11.34,0
2025-06-28 11:30:00,814.93,57.86801079999998,11.311,0
2025-06-28 12:00:00,814.75,57.63192730000003,11.277,0
2025-06-28 12:30:00,814.6,57.496203100000116,11.242,0
2025-06-28 13:00:00,814.36,57.175646800000095,11.196,0
2025-06-28 13:30:00,814.23,56.87025840000001,11.149,0
2025-06-28 14:00:00,814.16,56.655460999999946,11.095,0
2025-06-28 14:30:00,813.99,56.28458009999997,11.035,0
2025-06-28 15:00:00,813.69,55.99885590000008,10.972,0
2025-06-28 15:30:00,813.53,55.79296940000006,10.914,0
2025-06-28 16:00:00,813.22,55.47379210000008,10.861,0
2025-06-28 16:30:00,813.04,55.395762099999956,10.815,0
2025-06-28 17:00:00,812.62,55.12667770000007,10.778,0
2025-06-28 17:30:00,812.19,54.61306230000014,10.754,0
2025-06-28 18:00:00,812.02,54.41451070000005,10.734,0
2025-06-28 18:30:00,811.79,54.3150323000001,10.725,0
2025-06-28 19:00:00,811.65,53.99148630000013,10.718,0
2025-06-28 19:30:00,811.48,53.75724520000006,10.718,0
2025-06-28 20:00:00,811.24,53.50908760000004,10.726,0
2025-06-28 20:30:00,811.02,53.28602850000004,10.737,0
2025-06-28 21:00:00,810.67,52.90135870000006,10.756,0
2025-06-28 21:30:00,810.29,52.56622550000009,10.784,0
2025-06-28 22:00:00,810.06,52.3739544,10.816,0
2025-06-28 22:30:00,809.81,52.01892529999998,10.853,0
2025-06-28 23:00:00,809.56,51.89128930000004,10.894,0
2025-06-28 23:30:00,809.46,51.818821200000116,10.944,0
2025-06-29 00:00:00,809.15,51.56898350000006,10.996,0
2025-06-29 00:30:00,808.94,51.561903800000096,11.052,0
2025-06-29 01:00:00,808.93,51.55496290000008,11.113,0
2025-06-29 01:30:00,809.04,51.5935839,11.177,0
2025-06-29 02:00:00,809.29,51.82217020000007,11.239,0
2025-06-29 02:30:00,809.62,52.10730339999998,11.304,0
2025-06-29 03:00:00,810.07,52.36458010000001,11.367,0
2025-06-29 03:30:00,810.4,52.63135870000008,11.426,0
2025-06-29 04:00:00,811.5,53.503965600000015,11.485,0
2025-06-29 04:30:00,812.48,54.305518100000086,11.538,0
2025-06-29 05:00:00,813.43,55.19739519999996,11.589,0
2025-06-29 05:30:00,814.66,56.43861190000007,11.636,0
2025-06-29 06:00:00,815.68,57.495321099999956,11.676,0
2025-06-29 06:30:00,816.71,58.55795150000017,11.716,0
2025-06-29 07:00:00,817.66,59.4477892000001,11.751,0
2025-06-29 07:30:00,817.79,59.73482300000012,11.778,0
2025-06-29 08:00:00,818.42,60.31383800000003,11.799,0
2025-06-29 08:30:00,818.38,60.362551900000085,11.815,0
2025-06-29 09:00:00,818.53,60.54416260000005,11.824,0
2025-06-29 09:30:00,818.59,60.616399000000115,11.822,0
2025-06-29 10:00:00,818.43,60.56652660000009,11.814,0
2025-06-29 10:30:00,818.19,60.51109230000009,11.801,0
2025-06-29 11:00:00,817.96,60.34329400000013,11.779,0
2025-06-29 11:30:00,817.72,60.17977150000013,11.751,0
2025-06-29 12:00:00,817.4,59.77207730000009,11.713,0
2025-06-29 12:30:00,817.38,59.66030430000012,11.672,0
2025-06-29 13:00:00,816.79,59.07336340000006,11.62,0
2025-06-29 13:30:00,816.76,59.008693600000015,11.567,0
2025-06-29 14:00:00,816.47,58.6126448,11.509,0
2025-06-29 14:30:00,816.35,58.456955300000004,11.45,0
2025-06-29 15:00:00,815.78,57.93182209999998,11.394,0
2025-06-29 15:30:00,815.44,57.60303880000015,11.338,0
2025-06-29 16:00:00,814.93,57.27046659999996,11.293,0
2025-06-29 16:30:00,814.6,56.97513640000011,11.249,0
2025-06-29 17:00:00,814.21,56.60553040000002,11.214,0
2025-06-29 17:30:00,814.0,56.38941220000015,11.19,0
2025-06-29 18:00:00,813.71,56.113688000000025,11.174,0
2025-06-29 18:30:00,813.37,55.76756980000005,11.164,0
2025-06-29 19:00:00,813.38,55.68987560000005,11.158,0
2025-06-29 19:30:00,812.84,55.195762100000024,11.158,0
2025-06-29 20:00:00,812.65,55.207662700000014,11.166,0
2025-06-29 20:30:00,811.96,54.6828541000001,11.182,0
2025-06-29 21:00:00,811.61,54.47765150000009,11.201,0
2025-06-29 21:30:00,811.17,54.17021250000005,11.231,0
2025-06-29 22:00:00,810.63,53.74543859999994,11.264,0
2025-06-29 22:30:00,810.3,53.51536920000012,11.303,0
2025-06-29 23:00:00,810.1,53.48769850000008,11.349,0
2025-06-29 23:30:00,809.59,53.02256530000011,11.399,0
2025-06-30 00:00:00,809.35,52.92532330000006,11.451,0
2025-06-30 00:30:00,809.29,52.83881110000004,11.509,0
2025-06-30 01:00:00,809.06,52.7597267000001,11.572,0
2025-06-30 01:30:00,809.03,52.659367400000065,11.632,0
2025-06-30 02:00:00,809.09,52.64594899999997,11.695,0
2025-06-30 02:30:00,809.31,52.85473230000002,11.752,0
2025-06-30 03:00:00,809.47,52.959668500000134,11.812,0
2025-06-30 03:30:00,810.06,53.51601840000001,11.867,0
2025-06-30 04:00:00,810.78,54.03615720000005,11.916,0
2025-06-30 04:30:00,811.68,54.743433900000014,11.964,0
2025-06-30 05:00:00,812.4,55.425704999999994,12.006,0
2025-06-30 05:30:00,813.25,56.35014310000008,12.047,0
2025-06-30 06:00:00,814.11,57.2468523,12.086,0
2025-06-30 06:30:00,814.37,57.59862529999998,12.119,0
2025-06-30 07:00:00,814.81,58.19158029999994,12.147,0
2025-06-30 07:30:00,814.96,58.45782610000015,12.166,0
2025-06-30 08:00:00,815.13,58.71857940000007,12.175,0
2025-06-30 08:30:00,814.77,58.65123330000006,12.173,0
2025-06-30 09:00:00,814.62,58.80306450000012,12.162,0
2025-06-30 09:30:00,814.56,58.89194070000008,12.142,0
2025-06-30 10:00:00,814.35,58.87772310000014,12.113,0
2025-06-30 10:30:00,813.83,58.33630940000012,12.081,0
2025-06-30 11:00:00,813.58,58.18216120000011,12.043,0
2025-06-30 11:30:00,813.59,58.062659300000064,12.003,0
2025-06-30 12:00:00,813.56,57.9653591,11.956,0
2025-06-30 12:30:00,813.41,57.733783100000096,11.908,0
2025-06-30 13:00:00,813.19,57.34961140000007,11.849,0
2025-06-30 13:30:00,813.21,57.32984310000006,11.784,0
2025-06-30 14:00:00,812.96,56.98399130000007,11.714,0
2025-06-30 14:30:00,812.51,56.443238000000065,11.643,0
2025-06-30 15:00:00,812.34,56.244686400000205,11.572,0
2025-06-30 15:30:00,812.04,56.03747909999993,11.508,0
2025-06-30 16:00:00,811.51,55.66859169999998,11.449,0
2025-06-30 16:30:00,811.14,55.48009830000012,11.4,0
2025-06-30 17:00:00,810.72,55.259959500000036,11.361,0
2025-06-30 17:30:00,810.19,54.820712800000024,11.333,0
2025-06-30 18:00:00,810.14,54.69525500000009,11.313,0
2025-06-30 18:30:00,810.04,54.22408420000011,11.302,0
2025-06-30 19:00:00,809.85,54.14013299999999,11.297,0
2025-06-30 19:30:00,809.7,53.95036470000002,11.302,0
2025-06-30 20:00:00,809.26,53.68473340000003,11.309,0
2025-06-30 20:30:00,809.15,53.45440880000001,11.321,0
2025-06-30 21:00:00,808.68,53.141442600000005,11.342,0
2025-06-30 21:30:00,808.23,52.85153550000007,11.367,0
2025-06-30 22:00:00,807.9,52.6326828,11.4,0
2025-06-30 22:30:00,807.4,52.22547550000013,11.441,0
2025-06-30 23:00:00,807.17,51.88942670000006,11.485,0
2025-06-30 23:30:00,806.91,51.73955430000012,11.537,0
2025-07-01 00:00:00,806.61,51.51909090000015,11.59,0
2025-07-01 00:30:00,806.44,51.345012100000076,11.645,0
2025-07-01 01:00:00,806.13,51.098233500000106,11.701,0
2025-07-01 01:30:00,805.97,50.94231230000014,11.758,0
2025-07-01 02:00:00,806.02,50.8964605000001,11.816,0
2025-07-01 02:30:00,806.02,50.82100270000001,11.869,0
2025-07-01 03:00:00,805.99,50.812416400000075,11.922,0
2025-07-01 03:30:00,806.07,50.751697800000215,11.972,0
2025-07-01 04:00:00,806.31,50.825486700000056,12.016,0
2025-07-01 04:30:00,806.63,50.823261499999944,12.058,0
2025-07-01 05:00:00,807.09,51.239414400000214,12.091,0
2025-07-01 05:30:00,807.27,51.52750260000005,12.121,0
2025-07-01 06:00:00,807.6,51.96864990000006,12.15,0
2025-07-01 06:30:00,808.05,52.47881220000011,12.174,0
2025-07-01 07:00:00,808.68,53.05782720000002,12.193,0
2025-07-01 07:30:00,809.33,53.7149651000002,12.208,0
2025-07-01 08:00:00,809.72,54.311964200000034,12.218,0
2025-07-01 08:30:00,809.98,54.756529900000146,12.224,0
2025-07-01 09:00:00,810.3,55.21418940000001,12.22,0
2025-07-01 09:30:00,810.42,55.51569600000005,12.202,0
2025-07-01 10:00:00,810.45,55.52020350000021,12.178,0
2025-07-01 10:30:00,810.61,55.68122319999998,12.144,0
2025-07-01 11:00:00,810.46,55.60362190000012,12.107,0
2025-07-01 11:30:00,810.45,55.53753840000013,12.065,0
2025-07-01 12:00:00,810.67,55.630075900000065,12.021,0
2025-07-01 12:30:00,810.39,55.28787420000003,11.977,0
2025-07-01 13:00:00,810.41,55.28849990000015,11.93,0
2025-07-01 13:30:00,810.43,55.142288800000074,11.88,0
2025-07-01 14:00:00,810.05,54.767387299999996,11.829,0
2025-07-01 14:30:00,809.88,54.605544900000154,11.776,0
2025-07-01 15:00:00,809.69,54.478766300000075,11.726,0
2025-07-01 15:30:00,809.2,54.19576540000014,11.674,0
2025-07-01 16:00:00,808.7,53.8660553000002,11.631,0
2025-07-01 16:30:00,808.41,53.72289210000008,11.591,0
2025-07-01 17:00:00,808.1,53.534236400000054,11.558,0
2025-07-01 17:30:00,808.01,53.26986770000008,11.534,0
2025-07-01 18:00:00,807.77,53.14101500000004,11.519,0
2025-07-01 18:30:00,807.39,52.735522500000116,11.509,0
2025-07-01 19:00:00,807.35,52.60374950000016,11.508,0
2025-07-01 19:30:00,807.07,52.27378420000014,11.512,0
2025-07-01 20:00:00,806.9,52.15069040000003,11.521,0
2025-07-01 20:30:00,806.68,51.97249810000005,11.537,0
2025-07-01 21:00:00,806.25,51.53026169999998,11.559,0
2025-07-01 21:30:00,806.01,51.37285740000016,11.586,0
2025-07-01 22:00:00,805.94,51.254931500000225,11.622,0
2025-07-01 22:30:00,805.53,50.740922100000034,11.66,0
2025-07-01 23:00:00,805.26,50.754398700000024,11.705,0
2025-07-01 23:30:00,804.88,50.4651520000001,11.75,0
2025-07-02 00:00:00,804.64,50.23127020000004,11.796,0
2025-07-02 00:30:00,804.51,50.03397000000007,11.843,0
2025-07-02 01:00:00,804.27,49.99994939999999,11.891,0
2025-07-02 01:30:00,804.09,49.7618265000001,11.932,0
2025-07-02 02:00:00,803.88,49.514097600000014,11.979,0
2025-07-02 02:30:00,803.89,49.417029100000036,12.02,0
2025-07-02 03:00:00,803.89,49.31913789999999,12.059,0
2025-07-02 03:30:00,803.81,49.393112599999995,12.095,0
2025-07-02 04:00:00,803.9,49.351571300000046,12.128,0
2025-07-02 04:30:00,804.18,49.52960130000008,12.157,0
2025-07-02 05:00:00,804.2,49.61282270000004,12.184,0
2025-07-02 05:30:00,804.29,49.766044100000045,12.202,0
2025-07-02 06:00:00,804.43,50.0375853999999,12.219,0
2025-07-02 06:30:00,805.18,50.52858160000005,12.231,0
2025-07-02 07:00:00,805.72,51.019636000000105,12.239,0
2025-07-02 07:30:00,806.39,51.55707499999994,12.245,0
2025-07-02 08:00:00,806.77,52.021710100000064,12.248,0
2025-07-02 08:30:00,807.36,52.57296150000013,12.24,0
2025-07-02 09:00:00,807.6,53.090319900000054,12.225,0
2025-07-02 09:30:00,807.59,53.22613700000011,12.199,0
2025-07-02 10:00:00,807.62,53.3815601,12.164,0
2025-07-02 10:30:00,807.7,53.5512937000002,12.121,0
2025-07-02 11:00:00,807.61,53.5428697000001,12.073,0
2025-07-02 11:30:00,807.55,53.5216183,12.02,0
2025-07-02 12:00:00,807.62,53.4335648,11.967,0
2025-07-02 12:30:00,807.58,53.14373830000022,11.914,0
2025-07-02 13:00:00,807.57,53.073576000000116,11.858,0
2025-07-02 13:30:00,807.35,52.78525610000008,11.802,0
2025-07-02 14:00:00,807.24,52.58654220000005,11.743,0
2025-07-02 14:30:00,807.16,52.54733020000003,11.684,0
2025-07-02 15:00:00,806.85,52.23834990000012,11.629,0
2025-07-02 15:30:00,806.62,52.00325140000007,11.576,0
2025-07-02 16:00:00,806.36,51.88906850000001,11.531,0
2025-07-02 16:30:00,805.96,51.70014640000011,11.485,0
2025-07-02 17:00:00,805.69,51.41689030000009,11.453,0
2025-07-02 17:30:00,805.58,51.332382800000005,11.426,0
2025-07-02 18:00:00,805.32,50.818477500000085,11.406,0
2025-07-02 18:30:00,805.21,50.71663510000019,11.396,0
2025-07-02 19:00:00,805.13,50.52140900000006,11.392,0
2025-07-02 19:30:00,804.91,50.39522140000008,11.393,0
2025-07-02 20:00:00,804.58,50.32830400000012,11.403,0
2025-07-02 20:30:00,804.24,50.06070270000009,11.418,0
2025-07-02 21:00:00,804.14,49.77817640000001,11.438,0
2025-07-02 21:30:00,803.89,49.61485090000008,11.464,0
2025-07-02 22:00:00,803.29,49.128037600000084,11.497,0
2025-07-02 22:30:00,803.1,49.063460700000064,11.535,0
2025-07-02 23:00:00,802.87,48.87016990000018,11.58,0
2025-07-02 23:30:00,803.53,48.80108440000015,11.629,0
2025-07-03 00:00:00,804.31,48.7428910000001,11.681,0
2025-07-03 00:30:00,804.11,48.6570974,11.736,0
2025-07-03 01:00:00,803.79,48.340156500000035,11.789,0
2025-07-03 01:30:00,805.0,48.3856591,11.839,0
2025-07-03 02:00:00,805.76,48.63376970000013,11.886,0
2025-07-03 02:30:00,805.85,49.04395550000004,11.925,0
2025-07-03 03:00:00,805.58,49.145126300000015,11.957,0
2025-07-03 03:30:00,805.43,49.2347557999999,11.982,0
2025-07-03 04:00:00,805.19,49.334315900000206,12.0,0
2025-07-03 04:30:00,805.02,49.358058899999946,12.013,0
2025-07-03 05:00:00,805.58,50.006772800000135,12.02,0
2025-07-03 05:30:00,807.75,52.12374840000007,12.027,0
2025-07-03 06:00:00,813.69,58.01276340000015,12.04,0
2025-07-03 06:30:00,819.82,64.17539380000005,12.065,0
2025-07-03 07:00:00,823.61,68.16423530000009,12.093,0
2025-07-03 07:30:00,825.84,70.45847640000011,12.109,0
2025-07-03 08:00:00,826.98,71.68413120000002,12.106,0
2025-07-03 08:30:00,827.57,72.37814060000017,12.085,0
2025-07-03 09:00:00,827.26,72.35875510000005,12.054,0
2025-07-03 09:30:00,827.01,72.16177950000008,12.013,0
2025-07-03 10:00:00,825.69,70.99371480000013,11.952,0
2025-07-03 10:30:00,824.82,70.11657690000015,11.867,0
2025-07-03 11:00:00,823.47,68.76657690000013,11.762,0
2025-07-03 11:30:00,822.2,67.52206940000008,11.653,0
2025-07-03 12:00:00,821.05,66.47098029999995,11.544,0
2025-07-03 12:30:00,819.78,65.19996059999994,11.439,0
2025-07-03 13:00:00,818.61,63.933089100000075,11.338,0
2025-07-03 13:30:00,817.83,63.12249810000014,11.246,0
2025-07-03 14:00:00,817.1,62.25789770000017,11.154,0
2025-07-03 14:30:00,816.36,61.5321735,11.068,0
2025-07-03 15:00:00,815.9,61.041582500000004,10.987,0
2025-07-03 15:30:00,815.53,60.435012099999994,10.913,0
2025-07-03 16:00:00,814.88,59.65754960000015,10.85,0
2025-07-03 16:30:00,814.36,59.10389950000001,10.792,0
2025-07-03 17:00:00,814.12,58.95771190000005,10.749,0
2025-07-03 17:30:00,813.35,58.28764250000006,10.716,0
2025-07-03 18:00:00,812.89,57.84599710000009,10.689,0
2025-07-03 18:30:00,812.7,57.68352900000002,10.677,0
2025-07-03 19:00:00,812.15,56.96935730000007,10.672,0
2025-07-03 19:30:00,811.89,56.821524299999965,10.672,0
2025-07-03 20:00:00,811.48,56.35136200000011,10.683,0
2025-07-03 20:30:00,811.27,55.98738730000002,10.696,0
2025-07-03 21:00:00,811.03,55.71985540000003,10.719,0
2025-07-03 21:30:00,810.66,55.45386480000002,10.745,0
2025-07-03 22:00:00,810.31,55.15077099999996,10.772,0
2025-07-03 22:30:00,809.92,54.90046989999996,10.799,0
2025-07-03 23:00:00,809.37,54.530956800000126,10.831,0
2025-07-03 23:30:00,809.29,54.3357307,10.867,0
2025-07-04 00:00:00,808.86,53.93122319999998,10.905,0
2025-07-04 00:30:00,808.91,53.932277600000134,10.945,0
2025-07-04 01:00:00,808.5,53.47129259999997,10.986,0
2025-07-04 01:30:00,808.46,53.5302035000002,11.024,0
2025-07-04 02:00:00,808.09,53.21934610000005,11.064,0
2025-07-04 02:30:00,807.98,53.070597500000076,11.104,0
2025-07-04 03:00:00,807.79,53.04578890000005,11.139,0
2025-07-04 03:30:00,807.69,52.851976500000205,11.175,0
2025-07-04 04:00:00,807.73,52.76859280000008,11.207,0
2025-07-04 04:30:00,807.99,52.923563700000045,11.235,0
2025-07-04 05:00:00,808.34,53.0186387,11.259,0
2025-07-04 05:30:00,808.32,53.07613590000017,11.281,0
2025-07-04 06:00:00,808.37,53.36882450000007,11.301,0
2025-07-04 06:30:00,808.71,53.84954310000012,11.316,0
2025-07-04 07:00:00,808.72,53.93806000000018,11.33,0
2025-07-04 07:30:00,808.7,54.1546304000002,11.339,0
2025-07-04 08:00:00,808.58,54.19370360000005,11.339,0
2025-07-04 08:30:00,808.64,54.30264920000002,11.333,0
2025-07-04 09:00:00,808.78,54.470181100000104,11.315,0
2025-07-04 09:30:00,808.63,54.38544190000016,11.296,0
2025-07-04 10:00:00,808.69,54.4974466000001,11.269,0
2025-07-04 10:30:00,808.86,54.72964830000001,11.238,0
2025-07-04 11:00:00,808.86,54.58791000000008,11.209,0
2025-07-04 11:30:00,808.72,54.389787100000035,11.173,0
2025-07-04 12:00:00,808.82,54.41228990000013,11.138,0
2025-07-04 12:30:00,808.54,54.12413230000004,11.098,0
2025-07-04 13:00:00,808.47,53.96133960000009,11.059,0
2025-07-04 13:30:00,808.52,53.73806000000013,11.015,0
2025-07-04 14:00:00,808.35,53.51299620000009,10.972,0
2025-07-04 14:30:00,808.31,53.40365659999998,10.926,0
2025-07-04 15:00:00,808.2,53.08971660000009,10.878,0
2025-07-04 15:30:00,808.2,52.92248580000012,10.835,0
2025-07-04 16:00:00,808.23,52.71591539999997,10.795,0
2025-07-04 16:30:00,808.05,52.48289100000011,10.758,0
2025-07-04 17:00:00,808.16,52.479704300000094,10.726,0
2025-07-04 17:30:00,808.05,52.15352789999997,10.703,0
2025-07-04 18:00:00,808.17,52.12567139999999,10.689,0
2025-07-04 18:30:00,808.09,51.88251940000009,10.682,0
2025-07-04 19:00:00,808.1,51.74568260000012,10.684,0
2025-07-04 19:30:00,807.95,51.58650530000011,10.691,0
2025-07-04 20:00:00,807.72,51.243318600000066,10.704,0
2025-07-04 20:30:00,807.72,51.11483640000006,10.723,0
2025-07-04 21:00:00,807.52,50.834280100000115,10.747,0
2025-07-04 21:30:00,807.57,50.673202200000105,10.777,0
2025-07-04 22:00:00,807.48,50.39761680000015,10.811,0
2025-07-04 22:30:00,807.11,50.04801080000004,10.851,0
2025-07-04 23:00:00,806.9,49.894094300000006,10.897,0
2025-07-04 23:30:00,806.63,49.623074599999995,10.946,0
2025-07-05 00:00:00,806.39,49.43100049999998,11.0,0
2025-07-05 00:30:00,806.2,49.2746506000002,11.054,0
2025-07-05 01:00:00,805.97,49.02935510000009,11.113,0
2025-07-05 01:30:00,805.89,48.83514869999999,11.172,0
2025-07-05 02:00:00,805.88,48.767025800000056,11.229,0
2025-07-05 02:30:00,805.77,48.59176500000012,11.282,0
2025-07-05 03:00:00,805.68,48.453839100000096,11.336,0
2025-07-05 03:30:00,805.57,48.29081470000017,11.38,0
2025-07-05 04:00:00,805.75,48.19651540000007,11.423,0
2025-07-05 04:30:00,805.99,48.10001440000008,11.463,0
2025-07-05 05:00:00,806.21,48.14054720000013,11.495,0
2025-07-05 05:30:00,806.35,48.05519349999997,11.522,0
2025-07-05 06:00:00,806.32,47.95789330000014,11.541,0
2025-07-05 06:30:00,806.35,47.99299180000014,11.56,0
2025-07-05 07:00:00,806.43,48.12193740000009,11.569,0
2025-07-05 07:30:00,806.45,48.1908830000001,11.575,0
2025-07-05 08:00:00,806.53,48.337163499999974,11.569,0
2025-07-05 08:30:00,806.43,48.39215790000003,11.56,0
2025-07-05 09:00:00,806.73,48.75333990000013,11.54,0
2025-07-05 09:30:00,806.77,48.93201910000005,11.514,0
2025-07-05 10:00:00,806.98,49.21849659999998,11.477,0
2025-07-05 10:30:00,807.13,49.46230900000012,11.435,0
2025-07-05 11:00:00,807.12,49.61240190000001,11.384,0
2025-07-05 11:30:00,807.24,49.819076400000085,11.328,0
2025-07-05 12:00:00,807.25,49.836214300000165,11.269,0
2025-07-05 12:30:00,807.5,49.84658480000007,11.204,0
2025-07-05 13:00:00,807.6,49.830339000000095,11.14,0
2025-07-05 13:30:00,807.56,49.709782700000005,11.069,0
2025-07-05 14:00:00,807.63,49.7257386,11.003,0
2025-07-05 14:30:00,807.42,49.55346750000001,10.937,0
2025-07-05 15:00:00,807.29,49.403073500000005,10.873,0
2025-07-05 15:30:00,807.2,49.2773840000001,10.819,0
2025-07-05 16:00:00,807.0,49.07432490000008,10.766,0
2025-07-05 16:30:00,806.98,49.039029400000004,10.725,0
2025-07-05 17:00:00,806.77,48.82087179999996,10.692,0
2025-07-05 17:30:00,806.74,48.71541400000012,10.669,0
2025-07-05 18:00:00,806.58,48.46873950000008,10.657,0
2025-07-05 18:30:00,806.53,48.37591210000005,10.653,0
2025-07-05 19:00:00,806.37,48.22203030000014,10.655,0
2025-07-05 19:30:00,806.36,48.07233140000005,10.663,0
2025-07-05 20:00:00,806.17,47.97512410000013,10.681,0
2025-07-05 20:30:00,806.0,47.80614379999997,10.706,0
2025-07-05 21:00:00,805.84,47.646143800000004,10.735,0
2025-07-05 21:30:00,805.51,47.418113800000015,10.768,0
2025-07-05 22:00:00,805.36,47.24670010000011,10.811,0
2025-07-05 22:30:00,805.04,47.01337460000002,10.859,0
2025-07-05 23:00:00,804.86,46.90679299999999,10.914,0
2025-07-05 23:30:00,804.67,46.78103409999994,10.972,0
2025-07-06 00:00:00,804.56,46.593536900000004,11.035,0
2025-07-06 00:30:00,804.41,46.52613259999998,11.101,0
2025-07-06 01:00:00,804.29,46.44794030000003,11.171,0
2025-07-06 01:30:00,804.28,46.28396559999999,11.241,0
2025-07-06 02:00:00,804.15,46.123374600000034,11.309,0
2025-07-06 02:30:00,804.06,45.95281829999999,11.373,0
2025-07-06 03:00:00,804.05,45.92548339999996,11.434,0
2025-07-06 03:30:00,804.16,45.84683890000008,11.493,0
2025-07-06 04:00:00,804.2,45.73898240000017,11.547,0
2025-07-06 04:30:00,804.37,45.65915590000009,11.597,0
2025-07-06 05:00:00,804.25,45.55037260000006,11.64,0
2025-07-06 05:30:00,804.15,45.52583040000002,11.677,0
2025-07-06 06:00:00,804.1,45.530894200000034,11.709,0
2025-07-06 06:30:00,804.03,45.55980510000006,11.736,0
2025-07-06 07:00:00,803.81,45.56719820000012,11.759,0
2025-07-06 07:30:00,803.82,45.748507800000084,11.776,0
2025-07-06 08:00:00,803.76,45.86491590000003,11.79,0
2025-07-06 08:30:00,803.85,46.21901820000005,11.799,0
2025-07-06 09:00:00,803.95,46.53825370000004,11.804,0
2025-07-06 09:30:00,804.22,46.964267800000016,11.804,0
2025-07-06 10:00:00,804.61,47.42360740000015,11.796,0
2025-07-06 10:30:00,804.85,47.75028190000012,11.779,0
2025-07-06 11:00:00,805.19,48.188173100000085,11.754,0
2025-07-06 11:30:00,805.22,48.34869470000001,11.72,0
2025-07-06 12:00:00,805.44,48.51770970000007,11.68,0
2025-07-06 12:30:00,805.6,48.603271600000085,11.634,0
2025-07-06 13:00:00,805.66,48.68774439999993,11.581,0
2025-07-06 13:30:00,805.72,48.69675940000002,11.525,0
2025-07-06 14:00:00,805.53,48.55570499999999,11.466,0
2025-07-06 14:30:00,805.5,48.512448900000095,11.412,0
2025-07-06 15:00:00,805.37,48.348798800000054,11.361,0
2025-07-06 15:30:00,805.2,48.16248360000009,11.314,0
2025-07-06 16:00:00,804.97,48.07524160000014,11.278,0
2025-07-06 16:30:00,804.73,47.86583260000009,11.245,0
2025-07-06 17:00:00,804.46,47.74572850000004,11.219,0
2025-07-06 17:30:00,804.26,47.56000430000006,11.205,0
2025-07-06 18:00:00,804.23,47.497373900000184,11.196,0
2025-07-06 18:30:00,804.13,47.36576320000006,11.193,0
2025-07-06 19:00:00,803.96,47.19474350000007,11.195,0
2025-07-06 19:30:00,803.82,47.21483640000008,11.206,0
2025-07-06 20:00:00,803.51,47.00272760000007,11.223,0
2025-07-06 20:30:00,803.26,46.77108220000014,11.248,0
2025-07-06 21:00:00,802.95,46.727223900000126,11.28,0
2025-07-06 21:30:00,802.8,46.49870700000008,11.32,0
2025-07-06 22:00:00,802.58,46.29400250000003,11.365,0
2025-07-06 22:30:00,802.48,46.12976140000012,11.418,0
2025-07-06 23:00:00,802.24,45.91627360000007,11.478,0
2025-07-06 23:30:00,802.09,45.773411500000066,11.545,0
2025-07-07 00:00:00,801.86,45.596435900000074,11.613,0
2025-07-07 00:30:00,801.63,45.464327100000105,11.684,0
2025-07-07 01:00:00,801.4,45.259819600000014,11.759,0
2025-07-07 01:30:00,801.35,45.20574080000006,11.834,0
2025-07-07 02:00:00,801.2,45.05472110000005,11.907,0
2025-07-07 02:30:00,801.22,45.0369922000001,11.98,0
2025-07-07 03:00:00,801.19,44.92337680000014,12.044,0
2025-07-07 03:30:00,801.19,44.79999310000005,12.107,0
2025-07-07 04:00:00,801.3,44.786609399999975,12.164,0
2025-07-07 04:30:00,801.42,44.705728499999964,12.214,0
2025-07-07 05:00:00,801.46,44.69066470000007,12.26,0
2025-07-07 05:30:00,801.55,44.71438420000004,12.3,0
2025-07-07 06:00:00,801.58,44.76579790000005,12.334,0
2025-07-07 06:30:00,801.7,44.89395550000006,12.362,0
2025-07-07 07:00:00,801.85,45.16020130000015,12.385,0
2025-07-07 07:30:00,802.14,45.507304500000146,12.405,0
2025-07-07 08:00:00,802.5,45.943782000000056,12.421,0
2025-07-07 08:30:00,802.79,46.38979610000001,12.432,0
2025-07-07 09:00:00,803.33,47.0297267000002,12.44,0
2025-07-07 09:30:00,803.69,47.502913400000125,12.442,0
2025-07-07 10:00:00,804.01,47.95343500000013,12.436,0
2025-07-07 10:30:00,804.24,48.335370300000136,12.421,0
2025-07-07 11:00:00,804.25,48.5166799000001,12.396,0
2025-07-07 11:30:00,804.45,48.6789510000001,12.364,0
2025-07-07 12:00:00,804.57,48.746946300000104,12.324,0
2025-07-07 12:30:00,804.63,48.72842939999998,12.275,0
2025-07-07 13:00:00,804.67,48.699089800000024,12.223,0
2025-07-07 13:30:00,804.82,48.62679520000006,12.166,0
2025-07-07 14:00:00,804.79,48.56416479999996,12.11,0
2025-07-07 14:30:00,804.68,48.40725859999998,12.056,0
2025-07-07 15:00:00,804.67,48.38706160000004,12.003,0
2025-07-07 15:30:00,804.48,48.30311040000004,11.956,0
2025-07-07 16:00:00,804.17,48.108336500000064,11.918,0
2025-07-07 16:30:00,804.06,47.93307570000002,11.882,0
2025-07-07 17:00:00,804.01,47.73623889999999,11.858,0
2025-07-07 17:30:00,804.09,47.566412400000104,11.838,0
2025-07-07 18:00:00,804.03,47.527826100000084,11.825,0
2025-07-07 18:30:00,803.81,47.206875800000034,11.818,0
2025-07-07 19:00:00,803.81,47.09164969999995,11.82,0
2025-07-07 19:30:00,803.93,47.016887,11.827,0
2025-07-07 20:00:00,803.88,46.96586730000001,11.84,0
2025-07-07 20:30:00,803.65,46.768497700000125,11.861,0
2025-07-07 21:00:00,803.41,46.467315700000086,11.888,0
2025-07-07 21:30:00,803.5,46.49817310000003,11.922,0
2025-07-07 22:00:00,803.34,46.23416370000007,11.965,0
2025-07-07 22:30:00,803.27,46.04893759999993,12.012,0
2025-07-07 23:00:00,803.2,45.81170680000014,12.067,0
2025-07-07 23:30:00,802.96,45.466677700000105,12.127,0
2025-07-08 00:00:00,802.96,45.35145160000002,12.19,0
2025-07-08 00:30:00,802.86,45.29223960000013,12.255,0
2025-07-08 01:00:00,802.72,45.152239600000144,12.324,0
2025-07-08 01:30:00,802.62,44.98493940000003,12.389,0
2025-07-08 02:00:00,802.45,44.738461900000175,12.455,0
2025-07-08 02:30:00,802.57,44.68205380000006,12.52,0
2025-07-08 03:00:00,802.58,44.60741870000015,12.576,0
2025-07-08 03:30:00,802.57,44.44956220000017,12.628,0
2025-07-08 04:00:00,802.61,44.275425200000086,12.675,0
2025-07-08 04:30:00,802.89,44.2923426000001,12.715,0
2025-07-08 05:00:00,803.05,44.17192509999995,12.75,0
2025-07-08 05:30:00,803.19,44.12022150000007,12.774,0
2025-07-08 06:00:00,803.22,44.09923650000019,12.795,0
2025-07-08 06:30:00,803.25,44.10068490000003,12.81,0
2025-07-08 07:00:00,803.33,44.23982750000016,12.817,0
2025-07-08 07:30:00,803.48,44.38676840000005,12.82,0
2025-07-08 08:00:00,803.67,44.59614269999997,12.817,0
2025-07-08 08:30:00,803.82,44.93376750000016,12.81,0
2025-07-08 09:00:00,803.88,45.18954990000009,12.8,0
2025-07-08 09:30:00,804.29,45.62606210000001,12.785,0
2025-07-08 10:00:00,804.56,46.06329290000008,12.762,0
2025-07-08 10:30:00,804.81,46.39894770000001,12.74,0
2025-07-08 11:00:00,805.14,46.71059309999998,12.705,0
2025-07-08 11:30:00,805.38,46.91898240000012,12.666,0
2025-07-08 12:00:00,805.55,47.013524600000096,12.623,0
2025-07-08 12:30:00,805.81,47.1501409,12.568,0
2025-07-08 13:00:00,805.91,47.13389510000002,12.508,0
2025-07-08 13:30:00,806.03,47.02956110000002,12.447,0
2025-07-08 14:00:00,806.04,46.88864550000005,12.38,0
2025-07-08 14:30:00,806.03,46.85009390000005,12.316,0
2025-07-08 15:00:00,806.03,46.756281500000114,12.254,0
2025-07-08 15:30:00,806.09,46.696976600000085,12.203,0
2025-07-08 16:00:00,806.0,46.519282400000066,12.157,0
2025-07-08 16:30:00,805.85,46.451878100000044,12.115,0
2025-07-08 17:00:00,805.77,46.235238300000105,12.083,0
2025-07-08 17:30:00,805.95,46.25208630000009,12.057,0
2025-07-08 18:00:00,805.94,46.00347650000015,12.042,0
2025-07-08 18:30:00,805.93,45.8751913000001,12.033,0
2025-07-08 19:00:00,805.86,45.81232920000002,12.028,0
2025-07-08 19:30:00,805.89,45.68223630000011,12.035,0
2025-07-08 20:00:00,805.96,45.47181880000005,12.044,0
2025-07-08 20:30:00,805.67,45.28990699999997,12.065,0
2025-07-08 21:00:00,805.74,45.28037040000004,12.093,0
2025-07-08 21:30:00,805.72,45.09211990000006,12.128,0
2025-07-08 22:00:00,805.53,44.90415929999995,12.169,0
2025-07-08 22:30:00,805.3,44.790405100000044,12.218,0
2025-07-08 23:00:00,805.17,44.60636099999999,12.272,0
2025-07-08 23:30:00,805.01,44.38619870000002,12.329,0
2025-07-09 00:00:00,804.61,44.166685600000164,12.394,0
2025-07-09 00:30:00,804.26,44.01858619999996,12.461,0
2025-07-09 01:00:00,804.1,43.95137890000001,12.531,0
2025-07-09 01:30:00,803.99,43.76694080000004,12.598,0
2025-07-09 02:00:00,803.85,43.60348770000019,12.662,0
2025-07-09 02:30:00,803.76,43.475758799999994,12.724,0
2025-07-09 03:00:00,803.73,43.33257210000011,12.779,0
2025-07-09 03:30:00,803.82,43.37056740000014,12.83,0
2025-07-09 04:00:00,803.93,43.20422869999993,12.875,0
2025-07-09 04:30:00,804.13,43.125850600000035,12.914,0
2025-07-09 05:00:00,804.12,43.031215500000144,12.946,0
2025-07-09 05:30:00,804.03,43.02279150000004,12.97,0
2025-07-09 06:00:00,804.01,43.025224900000126,12.993,0
2025-07-09 06:30:00,803.94,43.027623600000084,13.006,0
2025-07-09 07:00:00,803.99,43.1163722,13.014,0
2025-07-09 07:30:00,804.08,43.302224000000024,13.019,0
2025-07-09 08:00:00,804.17,43.44116959999997,13.011,0
2025-07-09 08:30:00,804.35,43.811853499999984,12.999,0
2025-07-09 09:00:00,804.73,44.2642522000001,12.982,0
2025-07-09 09:30:00,805.11,44.675862900000084,12.956,0
2025-07-09 10:00:00,805.4,45.163684699999976,12.923,0
2025-07-09 10:30:00,805.69,45.5515759000001,12.886,0
2025-07-09 11:00:00,805.93,45.77118189999999,12.839,0
2025-07-09 11:30:00,806.13,46.00585170000011,12.789,0
2025-07-09 12:00:00,806.36,46.17772880000007,12.731,0
2025-07-09 12:30:00,806.66,46.29010400000004,12.664,0
2025-07-09 13:00:00,806.72,46.234877900000015,12.596,0
2025-07-09 13:30:00,806.71,46.228956700000026,12.524,0
2025-07-09 14:00:00,806.52,46.12257210000007,12.444,0
2025-07-09 14:30:00,806.4,46.05253740000012,12.37,0
2025-07-09 15:00:00,806.41,45.93915370000002,12.298,0
2025-07-09 15:30:00,806.27,45.84300080000003,12.23,0
2025-07-09 16:00:00,806.22,45.74813400000005,12.169,0
2025-07-09 16:30:00,806.08,45.62037040000007,12.118,0
2025-07-09 17:00:00,805.71,45.46960590000003,12.077,0
2025-07-09 17:30:00,805.7,45.25566590000017,12.043,0
2025-07-09 18:00:00,805.68,45.16632630000004,12.021,0
2025-07-09 18:30:00,805.61,44.97192289999998,12.005,0
2025-07-09 19:00:00,805.56,44.96271090000005,12.0,0
2025-07-09 19:30:00,805.37,44.894055200000025,12.001,0
2025-07-09 20:00:00,805.15,44.70668560000013,12.009,0
2025-07-09 20:30:00,805.08,44.57958240000016,12.027,0
2025-07-09 21:00:00,805.03,44.534680900000126,12.048,0
2025-07-09 21:30:00,804.68,44.303985799999964,12.08,0
2025-07-09 22:00:00,804.44,44.12720720000016,12.116,0
2025-07-09 22:30:00,804.13,43.92325600000004,12.162,0
2025-07-09 23:00:00,803.81,43.640984900000035,12.213,0
2025-07-09 23:30:00,803.71,43.69292020000012,12.27,0
2025-07-10 00:00:00,803.4,43.49406750000014,12.333,0
2025-07-10 00:30:00,803.13,43.302584400000114,12.398,0
2025-07-10 01:00:00,802.83,43.04949060000013,12.467,0
2025-07-10 01:30:00,802.81,43.0203133,12.537,0
2025-07-10 02:00:00,802.87,42.94061440000007,12.602,0
2025-07-10 02:30:00,802.77,42.72640799999999,12.668,0
2025-07-10 03:00:00,802.74,42.61381230000006,12.725,0
2025-07-10 03:30:00,802.82,42.56329070000015,12.779,0
2025-07-10 04:00:00,802.99,42.50385819999997,12.824,0
2025-07-10 04:30:00,802.83,42.363232500000095,12.864,0
2025-07-10 05:00:00,802.9,42.30271090000008,12.9,0
2025-07-10 05:30:00,802.71,42.22079910000002,12.926,0
2025-07-10 06:00:00,802.58,42.15504020000003,12.95,0
2025-07-10 06:30:00,802.52,42.1235918000001,12.968,0
2025-07-10 07:00:00,802.46,42.15230570000017,12.979,0
2025-07-10 07:30:00,802.3,42.14730010000005,12.982,0
2025-07-10 08:00:00,802.31,42.20522600000004,12.982,0
2025-07-10 08:30:00,802.19,42.248378000000116,12.976,0
2025-07-10 09:00:00,802.13,42.37192400000015,12.962,0
2025-07-10 09:30:00,802.19,42.63076550000005,12.942,0
2025-07-10 10:00:00,802.35,42.93250380000018,12.917,0
2025-07-10 10:30:00,802.48,43.30315300000018,12.888,0
2025-07-10 11:00:00,802.89,43.62953760000005,12.849,0
2025-07-10 11:30:00,803.33,44.11134530000004,12.811,0
2025-07-10 12:00:00,803.68,44.43075429999999,12.764,0
2025-07-10 12:30:00,804.11,44.76286310000012,12.716,0
2025-07-10 13:00:00,804.3,44.97121770000001,12.661,0
2025-07-10 13:30:00,804.44,45.0867449000001,12.6,0
2025-07-10 14:00:00,804.55,45.14372049999997,12.533,0
2025-07-10 14:30:00,804.62,45.18109010000012,12.464,0
2025-07-10 15:00:00,804.52,45.10352349999994,12.398,0
2025-07-10 15:30:00,804.5,45.01316420000012,12.334,0
2025-07-10 16:00:00,804.25,44.963025400000106,12.278,0
2025-07-10 16:30:00,804.19,45.02233030000002,12.23,0
2025-07-10 17:00:00,804.01,44.87394100000006,12.194,0
2025-07-10 17:30:00,803.82,44.649271200000044,12.163,0
2025-07-10 18:00:00,803.7,44.638379100000066,12.143,0
2025-07-10 18:30:00,803.53,44.539758100000086,12.13,0
2025-07-10 19:00:00,803.39,44.30084720000002,12.122,0
2025-07-10 19:30:00,803.27,44.24304889999996,12.126,0
2025-07-10 20:00:00,803.06,44.05650200000002,12.138,0
2025-07-10 20:30:00,802.88,43.9254476000001,12.156,0
2025-07-10 21:00:00,802.68,43.759097699999984,12.18,0
2025-07-10 21:30:00,802.55,43.667846300000065,12.217,0
2025-07-10 22:00:00,802.29,43.54346640000006,12.261,0
2025-07-10 22:30:00,802.11,43.354289100000074,12.311,0
2025-07-10 23:00:00,801.91,43.16448610000009,12.367,0
2025-07-10 23:30:00,801.71,43.12050020000015,12.434,0
2025-07-11 00:00:00,801.5,42.95944580000014,12.503,0
2025-07-11 00:30:00,801.25,42.86851899999999,12.579,0
2025-07-11 01:00:00,801.09,42.713617500000055,12.654,0
2025-07-11 01:30:00,801.09,42.61368690000006,12.734,0
2025-07-11 02:00:00,801.08,42.53026850000015,12.81,0
2025-07-11 02:30:00,800.93,42.409839799999986,12.886,0
2025-07-11 03:00:00,800.71,42.285691600000064,12.952,0
2025-07-11 03:30:00,800.51,42.1927601000001,13.012,0
2025-07-11 04:00:00,800.59,42.082076200000074,13.072,0
2025-07-11 04:30:00,800.78,42.029387600000064,13.125,0
2025-07-11 05:00:00,800.83,41.92643260000011,13.175,0
2025-07-11 05:30:00,800.82,41.94600390000005,13.217,0
2025-07-11 06:00:00,800.61,41.91853020000008,13.249,0
2025-07-11 06:30:00,800.41,41.85618970000007,13.276,0
2025-07-11 07:00:00,800.37,41.863095900000076,13.298,0
2025-07-11 07:30:00,800.24,41.81365220000009,13.313,0
2025-07-11 08:00:00,800.28,41.898518999999965,13.323,0
2025-07-11 08:30:00,800.36,42.01420850000011,13.328,0
2025-07-11 09:00:00,800.53,42.244370799999956,13.326,0
2025-07-11 09:30:00,800.69,42.53897120000022,13.319,0
2025-07-11 10:00:00,800.82,42.96876300000008,13.305,0
2025-07-11 10:30:00,801.26,43.494417800000065,13.289,0
2025-07-11 11:00:00,801.64,43.97740750000014,13.267,0
2025-07-11 11:30:00,802.17,44.47273770000004,13.24,0
2025-07-11 12:00:00,802.59,44.88050129999999,13.207,0
2025-07-11 12:30:00,802.9,45.220072600000094,13.167,0
2025-07-11 13:00:00,803.21,45.41892530000007,13.119,0
2025-07-11 13:30:00,803.36,45.513861500000075,13.066,0
2025-07-11 14:00:00,803.48,45.55636430000004,13.006,0
2025-07-11 14:30:00,803.53,45.556399000000056,12.948,0
2025-07-11 15:00:00,803.52,45.59126580000009,12.891,0
2025-07-11 15:30:00,803.53,45.51867010000012,12.835,0
2025-07-11 16:00:00,803.45,45.438670100000195,12.785,0
2025-07-11 16:30:00,803.22,45.28004910000004,12.742,0
2025-07-11 17:00:00,803.06,45.18632960000002,12.706,0
2025-07-11 17:30:00,802.88,45.04099940000003,12.68,0
2025-07-11 18:00:00,802.79,45.027476900000124,12.661,0
2025-07-11 18:30:00,802.67,44.858531300000095,12.651,0
2025-07-11 19:00:00,802.54,44.76626020000003,12.646,0
2025-07-11 19:30:00,802.46,44.60264480000001,12.65,0
2025-07-11 20:00:00,802.27,44.52277240000001,12.661,0
2025-07-11 20:30:00,802.27,44.331068800000025,12.68,0
2025-07-11 21:00:00,802.3,44.29988679999997,12.708,0
2025-07-11 21:30:00,802.03,43.996236700000054,12.746,0
2025-07-11 22:00:00,801.97,43.85364100000015,12.791,0
2025-07-11 22:30:00,801.89,43.71143930000005,12.846,0
2025-07-11 23:00:00,801.88,43.59335110000006,12.912,0
2025-07-11 23:30:00,801.8,43.5490405999999,12.984,0
2025-07-12 00:00:00,801.44,43.247163500000056,13.063,0
2025-07-12 00:30:00,801.27,43.10469540000008,13.145,0
2025-07-12 01:00:00,801.07,42.99748810000017,13.226,0
2025-07-12 01:30:00,800.91,42.80485770000007,13.305,0
2025-07-12 02:00:00,800.87,42.65778920000014,13.387,0
2025-07-12 02:30:00,800.91,42.59479950000002,13.464,0
2025-07-12 03:00:00,801.02,42.522273200000086,13.537,0
2025-07-12 03:30:00,801.16,42.426722500000096,13.602,0
2025-07-12 04:00:00,801.21,42.31153110000014,13.663,0
2025-07-12 04:30:00,801.36,42.324891300000104,13.715,0
2025-07-12 05:00:00,801.43,42.213384700000006,13.762,0
2025-07-12 05:30:00,801.32,42.22065020000014,13.801,0
2025-07-12 06:00:00,801.48,42.2042421000001,13.837,0
2025-07-12 06:30:00,801.52,42.27177400000005,13.865,0
2025-07-12 07:00:00,801.59,42.41315300000019,13.888,0
2025-07-12 07:30:00,801.79,42.60397570000009,13.908,0
2025-07-12 08:00:00,802.06,42.98104420000004,13.922,0
2025-07-12 08:30:00,802.26,43.29117180000003,13.933,0
2025-07-12 09:00:00,802.75,43.91271310000013,13.938,0
2025-07-12 09:30:00,803.17,44.45813620000001,13.939,0
2025-07-12 10:00:00,803.57,44.960106200000155,13.935,0
2025-07-12 10:30:00,803.93,45.44960809999998,13.926,0
2025-07-12 11:00:00,804.31,45.861218800000074,13.91,0
2025-07-12 11:30:00,804.58,46.11592330000008,13.887,0
2025-07-12 12:00:00,804.83,46.276189700000145,13.858,0
2025-07-12 12:30:00,805.07,46.49273660000006,13.82,0
2025-07-12 13:00:00,805.23,46.556884800000034,13.773,0
2025-07-12 13:30:00,805.21,46.53076660000022,13.723,0
2025-07-12 14:00:00,805.3,46.59425440000007,13.666,0
2025-07-12 14:30:00,805.28,46.53040730000009,13.607,0
2025-07-12 15:00:00,805.33,46.54267840000011,13.552,0
2025-07-12 15:30:00,805.09,46.42606210000008,13.498,0
2025-07-12 16:00:00,804.94,46.3515199000002,13.449,0
2025-07-12 16:30:00,804.92,46.34579569999994,13.412,0
2025-07-12 17:00:00,804.86,46.239909200000056,13.379,0
2025-07-12 17:30:00,804.83,46.03656020000017,13.354,0
2025-07-12 18:00:00,804.95,46.04949170000009,13.334,0
2025-07-12 18:30:00,804.71,45.807452300000136,13.322,0
2025-07-12 19:00:00,804.45,45.694289100000105,13.316,0
2025-07-12 19:30:00,804.31,45.47679190000008,13.316,0
2025-07-12 20:00:00,804.15,45.418761899999936,13.325,0
2025-07-12 20:30:00,803.93,45.16919059999998,13.341,0
2025-07-12 21:00:00,803.73,44.88659490000009,13.366,0
2025-07-12 21:30:00,803.85,44.88015210000003,13.399,0
2025-07-12 22:00:00,803.79,44.647822800000085,13.44,0
2025-07-12 22:30:00,803.71,44.53213330000017,13.49,0
2025-07-12 23:00:00,803.49,44.37025619999997,13.55,0
2025-07-12 23:30:00,803.34,44.27022150000005,13.613,0
2025-07-13 00:00:00,803.12,43.9574288,13.684,0
2025-07-13 00:30:00,802.91,43.79127589999996,13.756,0
2025-07-13 01:00:00,802.74,43.584566700000096,13.836,0
2025-07-13 01:30:00,802.66,43.457660499999974,13.913,0
2025-07-13 02:00:00,802.85,43.37642030000018,13.989,0
2025-07-13 02:30:00,802.79,43.27461260000007,14.064,0
2025-07-13 03:00:00,802.73,43.15954880000015,14.132,0
2025-07-13 03:30:00,802.83,43.073963400000025,14.194,0
2025-07-13 04:00:00,802.92,42.9620627999999,14.252,0
2025-07-13 04:30:00,803.03,42.85792580000009,14.3,0
2025-07-13 05:00:00,803.22,42.81441450000011,14.342,0
2025-07-13 05:30:00,803.36,42.83612930000004,14.375,0
2025-07-13 06:00:00,803.51,42.93514430000005,14.408,0
2025-07-13 06:30:00,803.66,43.0718882000001,14.429,0
2025-07-13 07:00:00,803.91,43.34942010000009,14.448,0
2025-07-13 07:30:00,804.14,43.63754300000005,14.462,0
2025-07-13 08:00:00,804.51,44.11359180000011,14.474,0
2025-07-13 08:30:00,804.85,44.648354500000096,14.482,0
2025-07-13 09:00:00,805.25,45.157462399999986,14.483,0
2025-07-13 09:30:00,805.58,45.67712660000018,14.483,0
2025-07-13 10:00:00,805.95,46.15827390000004,14.475,0
2025-07-13 10:30:00,806.37,46.55584050000016,14.466,0
2025-07-13 11:00:00,806.52,46.792515000000094,14.445,0
2025-07-13 11:30:00,806.78,47.02396339999996,14.417,0
2025-07-13 12:00:00,806.94,47.1982392000001,14.379,0
2025-07-13 12:30:00,807.0,47.274554400000056,14.331,0
2025-07-13 13:00:00,807.16,47.37643150000008,14.28,0
2025-07-13 13:30:00,807.31,47.40100840000002,14.22,0
2025-07-13 14:00:00,807.31,47.36022040000012,14.158,0
2025-07-13 14:30:00,807.28,47.424032799999964,14.1,0
2025-07-13 15:00:00,807.24,47.40136770000004,14.041,0
2025-07-13 15:30:00,807.12,47.30074200000013,13.987,0
2025-07-13 16:00:00,807.06,47.17242209999995,13.939,0
2025-07-13 16:30:00,806.88,47.06889960000012,13.902,0
2025-07-13 17:00:00,806.79,47.01051030000008,13.872,0
2025-07-13 17:30:00,806.8,46.853279499999985,13.847,0
2025-07-13 18:00:00,806.62,46.64574760000005,13.828,0
2025-07-13 18:30:00,806.4,46.50732360000006,13.816,0
2025-07-13 19:00:00,806.36,46.388806700000146,13.811,0
2025-07-13 19:30:00,806.19,46.25551590000009,13.809,0
2025-07-13 20:00:00,805.97,46.02225980000003,13.816,0
2025-07-13 20:30:00,805.85,45.933870500000126,13.826,0
2025-07-13 21:00:00,805.71,45.7683780000001,13.84,0
2025-07-13 21:30:00,805.58,45.605747600000086,13.857,0
2025-07-13 22:00:00,805.38,45.39657030000001,13.882,0
2025-07-13 22:30:00,805.1,45.07578230000013,13.912,0
2025-07-13 23:00:00,804.95,44.906408000000056,13.949,0
2025-07-13 23:30:00,804.74,44.74739299999999,13.988,0
2025-07-14 00:00:00,804.47,44.58344180000006,14.034,0
2025-07-14 00:30:00,804.11,44.362121,14.086,0
2025-07-14 01:00:00,804.05,44.29090430000008,14.143,0
2025-07-14 01:30:00,803.93,44.06077670000002,14.2,0
2025-07-14 02:00:00,803.9,43.969594700000016,14.26,0
2025-07-14 02:30:00,803.95,43.78710310000008,14.317,0
2025-07-14 03:00:00,803.95,43.70144830000015,14.372,0
2025-07-14 03:30:00,804.15,43.64244450000001,14.424,0
2025-07-14 04:00:00,804.16,43.53925779999997,14.468,0
2025-07-14 04:30:00,804.3,43.453904100000045,14.507,0
2025-07-14 05:00:00,804.46,43.44973240000013,14.543,0
2025-07-14 05:30:00,804.71,43.5223046000001,14.572,0
2025-07-14 06:00:00,804.79,43.582930300000044,14.597,0
2025-07-14 06:30:00,804.9,43.77756539999996,14.62,0
2025-07-14 07:00:00,805.1,43.97960480000006,14.637,0
2025-07-14 07:30:00,805.2,44.3365692000001,14.648,0
2025-07-14 08:00:00,805.45,44.71607110000002,14.657,0
2025-07-14 08:30:00,805.8,45.18945480000002,14.662,0
2025-07-14 09:00:00,806.08,45.62240980000013,14.662,0
2025-07-14 09:30:00,806.34,46.0945074,14.658,0
2025-07-14 10:00:00,806.56,46.522526200000016,14.647,0
2025-07-14 10:30:00,806.82,46.810058100000106,14.628,0
2025-07-14 11:00:00,807.05,47.180776700000024,14.602,0
2025-07-14 11:30:00,807.15,47.29301309999994,14.569,0
2025-07-14 12:00:00,807.34,47.45038270000009,14.529,0
2025-07-14 12:30:00,807.32,47.5303133000001,14.483,0
2025-07-14 13:00:00,807.49,47.688076900000056,14.432,0
2025-07-14 13:30:00,807.52,47.75376640000013,14.375,0
2025-07-14 14:00:00,807.68,47.89745119999998,14.319,0
2025-07-14 14:30:00,807.47,47.763928700000065,14.261,0
2025-07-14 15:00:00,807.44,47.77675610000017,14.209,0
2025-07-14 15:30:00,807.28,47.7013912000001,14.158,0
2025-07-14 16:00:00,807.01,47.59046440000009,14.113,0
2025-07-14 16:30:00,806.63,47.3991089000001,14.077,0
2025-07-14 17:00:00,806.5,47.35782280000012,14.048,0
2025-07-14 17:30:00,806.27,47.193083600000136,14.024,0
2025-07-14 18:00:00,806.16,46.942364999999995,14.007,0
2025-07-14 18:30:00,806.12,46.94519240000011,13.995,0
2025-07-14 19:00:00,805.8,46.560951300000056,13.991,0
2025-07-14 19:30:00,805.62,46.482921300000044,13.99,0
2025-07-14 20:00:00,805.31,46.24633970000002,13.998,0
2025-07-14 20:30:00,805.13,46.19992040000011,14.013,0
2025-07-14 21:00:00,804.95,45.93630500000006,14.038,0
2025-07-14 21:30:00,804.65,45.674033900000154,14.066,0
2025-07-14 22:00:00,804.46,45.52788099999998,14.11,0
2025-07-14 22:30:00,804.11,45.3512300000001,14.158,0
2025-07-14 23:00:00,803.89,45.21076660000017,14.212,0
2025-07-14 23:30:00,803.63,45.03438200000005,14.273,0
2025-07-15 00:00:00,803.24,44.80039610000017,14.335,0
2025-07-15 00:30:00,802.92,44.63029199999994,14.402,0
2025-07-15 01:00:00,802.67,44.48226199999999,14.473,0
2025-07-15 01:30:00,802.48,44.336109100000044,14.54,0
2025-07-15 02:00:00,802.38,44.2554834,14.608,0
2025-07-15 02:30:00,802.31,44.13245900000004,14.671,0
2025-07-15 03:00:00,802.22,44.0302226,14.733,0
2025-07-15 03:30:00,802.24,43.89624790000016,14.788,0
2025-07-15 04:00:00,802.24,43.75858840000001,14.838,0
2025-07-15 04:30:00,802.33,43.67116060000012,14.882,0
2025-07-15 05:00:00,802.46,43.6604420000001,14.915,0
2025-07-15 05:30:00,802.4,43.65754520000007,14.945,0
2025-07-15 06:00:00,802.48,43.735505800000055,14.97,0
2025-07-15 06:30:00,802.47,43.78056960000015,14.992,0
2025-07-15 07:00:00,802.49,43.93109120000008,15.005,0
2025-07-15 07:30:00,802.68,44.160859500000015,15.017,0
2025-07-15 08:00:00,802.79,44.437070600000084,15.023,0
2025-07-15 08:30:00,802.99,44.82469540000011,15.023,0
2025-07-15 09:00:00,803.33,45.19630610000013,15.019,0
2025-07-15 09:30:00,803.42,45.53409320000003,15.01,0
2025-07-15 10:00:00,803.57,45.906387800000175,14.995,0
2025-07-15 10:30:00,803.59,46.23943570000006,14.972,0
2025-07-15 11:00:00,803.71,46.42673590000015,14.943,0
2025-07-15 11:30:00,803.71,46.57663180000009,14.905,0
2025-07-15 12:00:00,803.82,46.79064120000021,14.864,0
2025-07-15 12:30:00,803.66,46.78563559999998,14.811,0
2025-07-15 13:00:00,803.91,46.87758210000004,14.749,0
2025-07-15 13:30:00,804.0,46.90945920000013,14.686,0
2025-07-15 14:00:00,804.1,46.920745300000135,14.619,0
2025-07-15 14:30:00,804.21,46.91551920000006,14.554,0
2025-07-15 15:00:00,804.19,46.944464800000105,14.488,0
2025-07-15 15:30:00,804.07,46.96824250000009,14.427,0
2025-07-15 16:00:00,803.75,46.76448830000015,14.374,0
2025-07-15 16:30:00,803.52,46.72007370000006,14.331,0
2025-07-15 17:00:00,803.32,46.606748200000084,14.296,0
2025-07-15 17:30:00,803.19,46.530792300000144,14.268,0
2025-07-15 18:00:00,803.06,46.33655119999992,14.249,0
2025-07-15 18:30:00,802.87,46.20773320000001,14.235,0
2025-07-15 19:00:00,802.75,45.9990193000001,14.227,0
2025-07-15 19:30:00,802.62,45.90980730000001,14.226,0
2025-07-15 20:00:00,802.4,45.69082700000001,14.233,0
2025-07-15 20:30:00,802.16,45.50996960000009,14.246,0
2025-07-15 21:00:00,802.03,45.45134859999996,14.268,0
2025-07-15 21:30:00,801.83,45.2860184000001,14.297,0
2025-07-15 22:00:00,801.52,45.13203250000015,14.332,0
2025-07-15 22:30:00,801.14,44.835647900000026,14.374,0
2025-07-15 23:00:00,800.82,44.69001660000015,14.423,0
2025-07-15 23:30:00,800.6,44.535277400000155,14.477,0
2025-07-16 00:00:00,800.49,44.34676050000019,14.533,0
2025-07-16 00:30:00,800.17,44.18073519999996,14.598,0
2025-07-16 01:00:00,799.94,43.96501100000012,14.659,0
2025-07-16 01:30:00,799.82,43.822577600000045,14.728,0
2025-07-16 02:00:00,799.72,43.69300630000009,14.791,0
2025-07-16 02:30:00,799.73,43.554130100000066,14.855,0
2025-07-16 03:00:00,799.6,43.38436180000008,14.913,0
2025-07-16 03:30:00,799.48,43.268440600000076,14.968,0
2025-07-16 04:00:00,799.5,43.131406800000036,15.013,0
2025-07-16 04:30:00,799.56,43.04457000000002,15.053,0
2025-07-16 05:00:00,799.47,42.917860800000085,15.084,0
2025-07-16 05:30:00,799.36,42.8129593000001,15.113,0
2025-07-16 06:00:00,799.32,42.79743210000004,15.13,0
2025-07-16 06:30:00,799.13,42.6757520000001,15.144,0
2025-07-16 07:00:00,799.01,42.69647060000011,15.154,0
2025-07-16 07:30:00,798.85,42.647617900000114,15.155,0
2025-07-16 08:00:00,798.68,42.65708510000002,15.153,0
2025-07-16 08:30:00,798.58,42.61724740000011,15.142,0
2025-07-16 09:00:00,798.64,42.75678400000004,15.124,0
2025-07-16 09:30:00,798.81,42.963493200000016,15.106,0
2025-07-16 10:00:00,798.82,43.09483750000015,15.074,0
2025-07-16 10:30:00,799.05,43.39111800000012,15.041,0
2025-07-16 11:00:00,799.33,43.701709000000164,15.0,0
2025-07-16 11:30:00,799.52,43.9957184000001,14.956,0
2025-07-16 12:00:00,799.83,44.27410770000006,14.907,0
2025-07-16 12:30:00,800.17,44.44687690000001,14.853,0
2025-07-16 13:00:00,800.42,44.65404950000004,14.794,0
2025-07-16 13:30:00,800.62,44.824478200000044,14.731,0
2025-07-16 14:00:00,800.7,44.87796600000013,14.667,0
2025-07-16 14:30:00,800.86,44.96352790000003,14.6,0
2025-07-16 15:00:00,800.76,44.943064500000105,14.531,0
2025-07-16 15:30:00,800.71,44.9593450000001,14.467,0
2025-07-16 16:00:00,800.62,44.99272870000004,14.405,0
2025-07-16 16:30:00,800.54,44.9647334,14.351,0
2025-07-16 17:00:00,800.41,44.98157020000008,14.307,0
2025-07-16 17:30:00,800.44,44.8892062000001,14.273,0
2025-07-16 18:00:00,800.41,44.85920620000002,14.246,0
2025-07-16 18:30:00,800.2,44.81541730000015,14.227,0
2025-07-16 19:00:00,800.22,44.72936850000008,14.216,0
2025-07-16 19:30:00,800.09,44.548383500000114,14.212,0
2025-07-16 20:00:00,800.08,44.475162100000034,14.216,0
2025-07-16 20:30:00,800.01,44.40006359999995,14.227,0
2025-07-16 21:00:00,799.9,44.303319699999975,14.248,0
2025-07-16 21:30:00,799.78,44.1884182,14.279,0
2025-07-16 22:00:00,799.5,43.93798949999996,14.316,0
2025-07-16 22:30:00,799.4,43.809437900000034,14.361,0
2025-07-16 23:00:00,799.16,43.73360960000002,14.414,0
2025-07-16 23:30:00,798.84,43.45949610000014,14.475,0
2025-07-17 00:00:00,798.7,43.34396890000005,14.54,0
2025-07-17 00:30:00,798.51,43.17946140000004,14.608,0
2025-07-17 01:00:00,798.32,43.11182540000004,14.681,0
2025-07-17 01:30:00,798.14,42.88695860000007,14.751,0
2025-07-17 02:00:00,798.16,42.77133850000007,14.822,0
2025-07-17 02:30:00,798.32,42.689669600000116,14.888,0
2025-07-17 03:00:00,798.33,42.572207100000014,14.949,0
2025-07-17 03:30:00,798.29,42.46694630000002,15.003,0
2025-07-17 04:00:00,798.15,42.34632060000001,15.053,0
2025-07-17 04:30:00,798.32,42.19817420000015,15.096,0
2025-07-17 05:00:00,798.38,42.08686460000001,15.133,0
2025-07-17 05:30:00,798.37,42.055450900000096,15.162,0
2025-07-17 06:00:00,798.16,41.96883460000015,15.185,0
2025-07-17 06:30:00,798.13,41.92761790000009,15.2,0
2025-07-17 07:00:00,798.06,41.91166200000009,15.209,0
2025-07-17 07:30:00,798.01,41.82291340000006,15.212,0
2025-07-17 08:00:00,797.83,41.78159260000007,15.211,0
2025-07-17 08:30:00,797.69,41.830237100000204,15.202,0
2025-07-17 09:00:00,797.62,41.86526620000018,15.189,0
2025-07-17 09:30:00,797.69,41.89651760000004,15.169,0
2025-07-17 10:00:00,797.73,42.03338910000002,15.143,0
2025-07-17 10:30:00,797.84,42.190295300000116,15.116,0
2025-07-17 11:00:00,797.91,42.36226529999999,15.081,0
2025-07-17 11:30:00,798.07,42.50798950000001,15.041,0
2025-07-17 12:00:00,798.32,42.74371370000017,14.996,0
2025-07-17 12:30:00,798.44,42.85657580000009,14.947,0
2025-07-17 13:00:00,798.74,43.03115270000001,14.893,0
2025-07-17 13:30:00,798.96,43.1614191000001,14.836,0
2025-07-17 14:00:00,799.21,43.24418830000013,14.775,0
2025-07-17 14:30:00,799.25,43.27705040000012,14.711,0
2025-07-17 15:00:00,799.23,43.30089750000013,14.652,0
2025-07-17 15:30:00,799.31,43.30645940000011,14.593,0
2025-07-17 16:00:00,799.27,43.270538200000146,14.541,0
2025-07-17 16:30:00,799.22,43.37553260000004,14.494,0
2025-07-17 17:00:00,799.13,43.28757200000007,14.455,0
2025-07-17 17:30:00,799.12,43.165404999999964,14.423,0
2025-07-17 18:00:00,799.22,43.253168600000095,14.399,0
2025-07-17 18:30:00,799.1,43.10869580000008,14.382,0
2025-07-17 19:00:00,799.22,43.07472110000003,14.371,0
2025-07-17 19:30:00,799.32,42.94834770000011,14.365,0
2025-07-17 20:00:00,799.21,42.96275109999999,14.373,0
2025-07-17 20:30:00,799.11,42.95962259999999,14.386,0
2025-07-17 21:00:00,799.11,42.77709630000004,14.404,0
2025-07-17 21:30:00,799.01,42.7882436000001,14.431,0
2025-07-17 22:00:00,798.73,42.53067699999997,14.466,0
2025-07-17 22:30:00,798.82,42.6196573000002,14.509,0
2025-07-17 23:00:00,798.54,42.39676050000014,14.558,0
2025-07-17 23:30:00,798.41,42.27185899999995,14.611,0
2025-07-18 00:00:00,798.19,42.171163900000124,14.672,0
2025-07-18 00:30:00,797.96,42.0492521000001,14.734,0
2025-07-18 01:00:00,797.8,41.877015700000015,14.797,0
2025-07-18 01:30:00,797.67,41.73783839999999,14.863,0
2025-07-18 02:00:00,797.66,41.5911986000001,14.924,0
2025-07-18 02:30:00,797.71,41.53107100000011,14.983,0
2025-07-18 03:00:00,797.73,41.499066300000095,15.041,0
2025-07-18 03:30:00,797.85,41.3621019000002,15.093,0
2025-07-18 04:00:00,798.04,41.344083100000034,15.14,0
2025-07-18 04:30:00,798.17,41.20284289999995,15.183,0
2025-07-18 05:00:00,798.28,41.10380440000006,15.216,0
2025-07-18 05:30:00,798.33,41.036538900000096,15.244,0
2025-07-18 06:00:00,798.22,40.92042070000002,15.264,0
2025-07-18 06:30:00,798.05,40.834036099999935,15.278,0
2025-07-18 07:00:00,798.03,40.78650420000008,15.288,0
2025-07-18 07:30:00,797.95,40.74525280000012,15.29,0
2025-07-18 08:00:00,797.9,40.651405700000055,15.285,0
2025-07-18 08:30:00,797.85,40.6574892000001,15.272,0
2025-07-18 09:00:00,797.69,40.58008490000009,15.252,0
2025-07-18 09:30:00,797.66,40.56843950000007,15.226,0
2025-07-18 10:00:00,797.72,40.602947000000086,15.194,0
2025-07-18 10:30:00,797.71,40.70205490000012,15.153,0
2025-07-18 11:00:00,797.7,40.728764100000035,15.111,0
2025-07-18 11:30:00,797.86,40.827582100000086,15.064,0
2025-07-18 12:00:00,798.13,40.97827720000009,15.009,0
2025-07-18 12:30:00,798.28,41.04058300000008,14.956,0
2025-07-18 13:00:00,798.69,41.144673000000125,14.892,0
2025-07-18 13:30:00,798.91,41.28411670000003,14.83,0
2025-07-18 14:00:00,799.12,41.352378400000134,14.763,0
2025-07-18 14:30:00,799.21,41.478067900000156,14.697,0
2025-07-18 15:00:00,799.27,41.48708290000002,14.631,0
2025-07-18 15:30:00,799.28,41.54908760000001,14.567,0
2025-07-18 16:00:00,799.23,41.51744220000012,14.509,0
2025-07-18 16:30:00,799.23,41.54803320000008,14.457,0
2025-07-18 17:00:00,799.28,41.51951630000008,14.411,0
2025-07-18 17:30:00,799.42,41.520837099999994,14.376,0
2025-07-18 18:00:00,799.39,41.525506900000096,14.346,0
2025-07-18 18:30:00,799.36,41.415970300000026,14.326,0
2025-07-18 19:00:00,799.29,41.39287649999994,14.309,0
2025-07-18 19:30:00,799.35,41.33867010000017,14.304,0
2025-07-18 20:00:00,799.27,41.311694500000044,14.303,0
2025-07-18 20:30:00,799.24,41.311265800000115,14.31,0
2025-07-18 21:00:00,799.22,41.21580800000015,14.323,0
2025-07-18 21:30:00,799.17,41.103606300000024,14.344,0
2025-07-18 22:00:00,798.93,41.07570390000012,14.377,0
2025-07-18 22:30:00,798.84,40.98876300000006,14.41,0
2025-07-18 23:00:00,798.75,40.82636430000002,14.451,0
2025-07-18 23:30:00,798.73,40.81452190000016,14.496,0
2025-07-19 00:00:00,798.64,40.7561326,14.545,0
2025-07-19 00:30:00,798.38,40.727604499999984,14.598,0
2025-07-19 01:00:00,798.38,40.5960632,14.656,0
2025-07-19 01:30:00,798.43,40.50228549999997,14.713,0
2025-07-19 02:00:00,798.4,40.45495059999996,14.773,0
2025-07-19 02:30:00,798.53,40.41466070000001,14.83,0
2025-07-19 03:00:00,798.54,40.39508939999996,14.887,0
2025-07-19 03:30:00,798.62,40.33539050000002,14.941,0
2025-07-19 04:00:00,798.76,40.27552930000002,14.993,0
2025-07-19 04:30:00,798.88,40.210963600000014,15.044,0
2025-07-19 05:00:00,798.99,40.155772200000115,15.087,0
2025-07-19 05:30:00,798.91,40.11452080000004,15.124,0
2025-07-19 06:00:00,798.9,40.08004800000003,15.155,0
2025-07-19 06:30:00,798.81,39.986988899999915,15.175,0
2025-07-19 07:00:00,798.82,39.93784630000016,15.189,0
2025-07-19 07:30:00,798.81,39.90847199999996,15.2,0
2025-07-19 08:00:00,798.75,39.84439320000001,15.205,0
2025-07-19 08:30:00,798.59,39.787382900000125,15.2,0
2025-07-19 09:00:00,798.49,39.725111800000036,15.189,0
2025-07-19 09:30:00,798.38,39.681392300000084,15.173,0
2025-07-19 10:00:00,798.39,39.72198330000003,15.149,0
2025-07-19 10:30:00,798.21,39.73266720000004,15.119,0
2025-07-19 11:00:00,798.16,39.742829500000084,15.083,0
2025-07-19 11:30:00,798.16,39.772400800000014,15.045,0
2025-07-19 12:00:00,798.36,39.83372159999999,15.003,0
2025-07-19 12:30:00,798.64,39.88326940000002,14.955,0
2025-07-19 13:00:00,798.88,40.056988899999965,14.907,0
2025-07-19 13:30:00,799.12,40.2052159000001,14.853,0
2025-07-19 14:00:00,799.22,40.40922530000012,14.797,0
2025-07-19 14:30:00,799.39,40.45788099999993,14.739,0
2025-07-19 15:00:00,799.51,40.54932940000003,14.684,0
2025-07-19 15:30:00,799.68,40.672423200000026,14.629,0
2025-07-19 16:00:00,799.74,40.78544760000011,14.581,0
2025-07-19 16:30:00,799.64,40.84146170000008,14.538,0
2025-07-19 17:00:00,799.63,40.847776899999985,14.499,0
2025-07-19 17:30:00,799.68,40.81620090000001,14.468,0
2025-07-19 18:00:00,799.77,40.91843730000005,14.439,0
2025-07-19 18:30:00,799.71,40.9104420000001,14.41,0
2025-07-19 19:00:00,799.63,40.87734820000003,14.389,0
2025-07-19 19:30:00,799.68,40.80090539999992,14.37,0
2025-07-19 20:00:00,799.58,40.93747580000013,14.357,0
2025-07-19 20:30:00,799.38,40.828229100000044,14.35,0
2025-07-19 21:00:00,799.23,40.744509600000015,14.345,0
2025-07-19 21:30:00,799.16,40.57151990000011,14.347,0
2025-07-19 22:00:00,799.21,40.55931820000012,14.357,0
2025-07-19 22:30:00,799.11,40.57250490000001,14.371,0
2025-07-19 23:00:00,798.89,40.50953870000001,14.393,0
2025-07-19 23:30:00,798.77,40.4935481,14.421,0
2025-07-20 00:00:00,798.53,40.31676950000008,14.452,0
2025-07-20 00:30:00,798.49,40.31551810000008,14.492,0
2025-07-20 01:00:00,798.39,40.25936520000005,14.533,0
2025-07-20 01:30:00,798.34,40.1695969000001,14.575,0
2025-07-20 02:00:00,798.35,40.08272540000007,14.622,0
2025-07-20 02:30:00,798.39,40.1053905,14.667,0
2025-07-20 03:00:00,798.43,40.04545989999997,14.711,0
2025-07-20 03:30:00,798.39,40.00953870000001,14.755,0
2025-07-20 04:00:00,798.49,39.975958000000105,14.796,0
2025-07-20 04:30:00,798.62,39.864289100000065,14.835,0
2025-07-20 05:00:00,798.66,39.83800859999997,14.867,0
2025-07-20 05:30:00,798.52,39.7428754,14.898,0
2025-07-20 06:00:00,798.48,39.69573750000018,14.92,0
2025-07-20 06:30:00,798.41,39.677742200000125,14.935,0
2025-07-20 07:00:00,798.3,39.65237730000001,14.947,0
2025-07-20 07:30:00,798.14,39.57803210000009,14.955,0
2025-07-20 08:00:00,797.95,39.61134640000023,14.956,0
2025-07-20 08:30:00,797.82,39.53437080000003,14.951,0
2025-07-20 09:00:00,797.62,39.546468400000094,14.941,0
2025-07-20 09:30:00,797.48,39.508438400000045,14.927,0
2025-07-20 10:00:00,797.32,39.498334300000124,14.908,0
2025-07-20 10:30:00,797.16,39.51882120000005,14.881,0
2025-07-20 11:00:00,797.08,39.60605200000009,14.852,0
2025-07-20 11:30:00,796.99,39.553780900000106,14.818,0
2025-07-20 12:00:00,797.1,39.609736800000064,14.779,0
2025-07-20 12:30:00,797.17,39.68483530000003,14.735,0
2025-07-20 13:00:00,797.34,39.78855480000004,14.691,0
2025-07-20 13:30:00,797.48,39.95812610000007,14.643,0
2025-07-20 14:00:00,797.54,40.06299290000004,14.59,0
2025-07-20 14:30:00,797.66,40.18605200000002,14.536,0
2025-07-20 15:00:00,797.7,40.30049010000005,14.485,0
2025-07-20 15:30:00,797.74,40.35272650000013,14.434,0
2025-07-20 16:00:00,797.78,40.52630720000002,14.388,0
2025-07-20 16:30:00,797.7,40.57784850000019,14.347,0
2025-07-20 17:00:00,797.73,40.70981849999998,14.314,0
2025-07-20 17:30:00,797.63,40.74441890000014,14.285,0
2025-07-20 18:00:00,797.63,40.78520690000005,14.262,0
2025-07-20 18:30:00,797.47,40.72411780000016,14.247,0
2025-07-20 19:00:00,797.46,40.823225700000194,14.234,0
2025-07-20 19:30:00,797.41,40.83644709999999,14.229,0
2025-07-20 20:00:00,797.3,40.792727600000035,14.229,0
2025-07-20 20:30:00,797.19,40.73065350000013,14.24,0
2025-07-20 21:00:00,797.11,40.84031770000013,14.254,0
2025-07-20 21:30:00,797.0,40.80169669999998,14.277,0
2025-07-20 22:00:00,796.93,40.84896219999996,14.307,0
2025-07-20 22:30:00,796.82,40.76139560000013,14.344,0
2025-07-20 23:00:00,796.69,40.74968080000008,14.389,0
2025-07-20 23:30:00,796.55,40.54543970000009,14.439,0
2025-07-21 00:00:00,796.42,40.521488500000146,14.496,0
2025-07-21 00:30:00,796.23,40.4681283000001,14.556,0
2025-07-21 01:00:00,796.14,40.37302980000004,14.621,0
2025-07-21 01:30:00,796.21,40.32066580000003,14.686,0
2025-07-21 02:00:00,796.2,40.26579900000013,14.752,0
2025-07-21 02:30:00,796.24,40.213006300000075,14.818,0
2025-07-21 03:00:00,796.21,40.10754850000001,14.879,0
2025-07-21 03:30:00,796.25,40.08024830000011,14.938,0
2025-07-21 04:00:00,796.31,40.02808129999994,14.992,0
2025-07-21 04:30:00,796.41,39.94555500000001,15.044,0
2025-07-21 05:00:00,796.41,39.90374730000008,15.093,0
2025-07-21 05:30:00,796.29,39.81841710000003,15.134,0
2025-07-21 06:00:00,796.15,39.790584100000046,15.17,0
2025-07-21 06:30:00,796.07,39.72180080000021,15.198,0
2025-07-21 07:00:00,795.92,39.65235710000002,15.219,0
2025-07-21 07:30:00,795.77,39.601268000000005,15.229,0
2025-07-21 08:00:00,795.56,39.5686958,15.236,0
2025-07-21 08:30:00,795.31,39.570561699999985,15.23,0
2025-07-21 09:00:00,795.13,39.522103000000016,15.216,0
2025-07-21 09:30:00,794.89,39.51051580000012,15.196,0
2025-07-21 10:00:00,794.72,39.504687500000045,15.168,0
2025-07-21 10:30:00,794.57,39.45971660000009,15.132,0
2025-07-21 11:00:00,794.67,39.46284509999998,15.089,0
2025-07-21 11:30:00,794.57,39.4117907000001,15.041,0
2025-07-21 12:00:00,794.59,39.48277570000005,14.991,0
2025-07-21 12:30:00,794.71,39.53853460000005,14.934,0
2025-07-21 13:00:00,794.89,39.633899499999984,14.874,0
2025-07-21 13:30:00,795.08,39.814722200000006,14.81,0
2025-07-21 14:00:00,795.07,39.781269100000145,14.745,0
2025-07-21 14:30:00,795.1,39.9754408,14.678,0
2025-07-21 15:00:00,795.17,40.061755999999946,14.615,0
2025-07-21 15:30:00,795.17,40.18208060000006,14.554,0
2025-07-21 16:00:00,795.08,40.245035600000165,14.5,0
2025-07-21 16:30:00,795.09,40.25401590000013,14.45,0
2025-07-21 17:00:00,795.18,40.318523400000004,14.41,0
2025-07-21 17:30:00,795.2,40.29263690000005,14.374,0
2025-07-21 18:00:00,795.19,40.285696000000144,14.344,0
2025-07-21 18:30:00,795.15,40.3150356000001,14.32,0
2025-07-21 19:00:00,795.14,40.33970540000007,14.304,0
2025-07-21 19:30:00,795.0,40.3445028000001,14.295,0
2025-07-21 20:00:00,794.96,40.36364540000011,14.289,0
2025-07-21 20:30:00,794.89,40.38541840000005,14.296,0
2025-07-21 21:00:00,794.83,40.3774231000001,14.303,0
2025-07-21 21:30:00,794.77,40.35515200000009,14.32,0
2025-07-21 22:00:00,794.69,40.35978710000006,14.341,0
2025-07-21 22:30:00,794.5,40.314584500000024,14.368,0
2025-07-21 23:00:00,794.3,40.25224400000013,14.402,0
2025-07-21 23:30:00,794.23,40.272997300000156,14.442,0
2025-07-22 00:00:00,794.11,40.16727309999999,14.487,0
2025-07-22 00:30:00,794.04,40.14112019999993,14.538,0
2025-07-22 01:00:00,793.95,40.03684440000018,14.593,0
2025-07-22 01:30:00,794.04,39.9953031,14.651,0
2025-07-22 02:00:00,794.02,39.98346070000002,14.707,0
2025-07-22 02:30:00,793.96,39.88063330000011,14.761,0
2025-07-22 03:00:00,794.0,39.80438749999996,14.817,0
2025-07-22 03:30:00,794.08,39.78751600000021,14.871,0
2025-07-22 04:00:00,794.15,39.80245220000006,14.923,0
2025-07-22 04:30:00,794.18,39.64074859999994,14.968,0
2025-07-22 05:00:00,794.2,39.659728900000005,15.008,0
2025-07-22 05:30:00,794.16,39.58505909999997,15.04,0
2025-07-22 06:00:00,794.12,39.45022700000004,15.066,0
2025-07-22 06:30:00,794.04,39.36512849999997,15.086,0
2025-07-22 07:00:00,793.98,39.35713320000002,15.096,0
2025-07-22 07:30:00,793.82,39.327654800000005,15.103,0
2025-07-22 08:00:00,793.63,39.274294600000076,15.101,0
2025-07-22 08:30:00,793.38,39.172151100000065,15.089,0
2025-07-22 09:00:00,793.14,39.13303200000007,15.071,0
2025-07-22 09:30:00,793.0,39.160262800000055,15.045,0
2025-07-22 10:00:00,792.74,39.046079899999995,15.012,0
2025-07-22 10:30:00,792.62,38.91792229999999,14.974,0
2025-07-22 11:00:00,792.56,38.92012399999999,14.93,0
2025-07-22 11:30:00,792.43,38.86252270000011,14.879,0
2025-07-22 12:00:00,792.44,38.77769060000003,14.83,0
2025-07-22 12:30:00,792.49,38.726740300000074,14.772,0
2025-07-22 13:00:00,792.49,38.706346300000064,14.715,0
2025-07-22 13:30:00,792.56,38.665198999999916,14.653,0
2025-07-22 14:00:00,792.53,38.65457330000004,14.59,0
2025-07-22 14:30:00,792.56,38.6641793,14.526,0
2025-07-22 15:00:00,792.7,38.73076090000018,14.466,0
2025-07-22 15:30:00,792.71,38.80908080000006,14.412,0
2025-07-22 16:00:00,792.68,38.925917599999934,14.363,0
2025-07-22 16:30:00,792.66,38.879405399999996,14.319,0
2025-07-22 17:00:00,792.75,38.94697199999996,14.284,0
2025-07-22 17:30:00,792.76,38.97430689999999,14.255,0
2025-07-22 18:00:00,792.78,38.94944010000006,14.231,0
2025-07-22 18:30:00,792.9,38.97052919999999,14.213,0
2025-07-22 19:00:00,792.96,39.02237160000004,14.204,0
2025-07-22 19:30:00,793.02,38.97632280000005,14.198,0
2025-07-22 20:00:00,793.04,39.04832750000003,14.197,0
2025-07-22 20:30:00,792.93,38.95566240000005,14.205,0
2025-07-22 21:00:00,792.86,39.07022810000001,14.216,0
2025-07-22 21:30:00,792.77,39.05772530000013,14.235,0
2025-07-22 22:00:00,792.76,38.98960240000008,14.257,0
2025-07-22 22:30:00,792.79,39.00940539999999,14.285,0
2025-07-22 23:00:00,792.76,39.02427220000004,14.319,0
2025-07-22 23:30:00,792.86,38.981514200000106,14.355,0
2025-07-23 00:00:00,792.78,39.03917369999999,14.397,0
2025-07-23 00:30:00,792.79,39.03591759999995,14.445,0
2025-07-23 01:00:00,792.84,39.114469200000144,14.492,0
2025-07-23 01:30:00,792.87,38.987435400000095,14.54,0
2025-07-23 02:00:00,792.91,38.93770180000001,14.593,0
2025-07-23 02:30:00,793.09,38.88521020000019,14.642,0
2025-07-23 03:00:00,793.35,38.858674500000006,14.69,0
2025-07-23 03:30:00,793.38,38.86216230000002,14.739,0
2025-07-23 04:00:00,793.56,38.91877859999988,14.786,0
2025-07-23 04:30:00,793.69,38.779577800000084,14.83,0
2025-07-23 05:00:00,793.74,38.784711000000016,14.869,0
2025-07-23 05:30:00,793.7,38.72431700000004,14.902,0
2025-07-23 06:00:00,793.67,38.66882450000003,14.93,0
2025-07-23 06:30:00,793.65,38.71306560000005,14.95,0
2025-07-23 07:00:00,793.56,38.681188500000076,14.963,0
2025-07-23 07:30:00,793.47,38.589149099999986,14.972,0
2025-07-23 08:00:00,793.42,38.53914909999992,14.973,0
2025-07-23 08:30:00,793.3,38.518060000000105,14.963,0
2025-07-23 09:00:00,793.19,38.38358720000008,14.948,0
2025-07-23 09:30:00,793.08,38.34802530000002,14.922,0
2025-07-23 10:00:00,793.01,38.264769200000046,14.892,0
2025-07-23 10:30:00,792.95,38.19355250000012,14.852,0
2025-07-23 11:00:00,792.79,38.14673920000007,14.81,0
2025-07-23 11:30:00,792.81,38.057631300000025,14.765,0
2025-07-23 12:00:00,792.75,38.06799060000003,14.712,0
2025-07-23 12:30:00,792.76,37.95766600000002,14.659,0
2025-07-23 13:00:00,792.82,37.964641600000164,14.603,0
2025-07-23 13:30:00,792.89,37.95510500000012,14.543,0
2025-07-23 14:00:00,792.88,37.8604699,14.484,0
2025-07-23 14:30:00,793.03,37.886066500000084,14.423,0
2025-07-23 15:00:00,793.08,37.92179070000009,14.367,0
2025-07-23 15:30:00,793.05,37.9397166,14.317,0
2025-07-23 16:00:00,792.93,38.01855809999995,14.271,0
2025-07-23 16:30:00,793.08,38.07984420000014,14.235,0
2025-07-23 17:00:00,793.13,38.11964720000003,14.198,0
2025-07-23 17:30:00,793.25,38.08567249999999,14.167,0
2025-07-23 18:00:00,793.32,38.16892860000007,14.141,0
2025-07-23 18:30:00,793.42,38.130249400000025,14.122,0
2025-07-23 19:00:00,793.44,38.14922970000009,14.109,0
2025-07-23 19:30:00,793.43,38.204490499999906,14.104,0
2025-07-23 20:00:00,793.5,38.235741899999994,14.104,0
2025-07-23 20:30:00,793.57,38.26597360000005,14.113,0
2025-07-23 21:00:00,793.71,38.20305330000008,14.125,0
2025-07-23 21:30:00,793.81,38.15825589999997,14.144,0
2025-07-23 22:00:00,793.89,38.248452900000075,14.163,0
2025-07-23 22:30:00,793.96,38.095138600000155,14.189,0
2025-07-23 23:00:00,794.01,38.11760670000001,14.216,0
2025-07-23 23:30:00,794.06,38.098267100000044,14.246,0
2025-07-24 00:00:00,794.12,38.09198660000004,14.28,0
2025-07-24 00:30:00,794.16,38.07998190000001,14.314,0
2025-07-24 01:00:00,794.18,38.14178960000004,14.349,0
2025-07-24 01:30:00,794.19,38.093666700000085,14.379,0
2025-07-24 02:00:00,794.36,38.13314510000009,14.416,0
2025-07-24 02:30:00,794.47,38.07489459999999,14.452,0
2025-07-24 03:00:00,794.65,38.06319099999996,14.487,0
2025-07-24 03:30:00,794.76,37.97638889999996,14.516,0
2025-07-24 04:00:00,794.82,37.99764030000006,14.544,0
2025-07-24 04:30:00,795.04,37.9341637,14.57,0
2025-07-24 05:00:00,795.14,37.94035130000009,14.593,0
2025-07-24 05:30:00,795.21,37.88186910000013,14.609,0
2025-07-24 06:00:00,795.26,37.870687100000055,14.624,0
2025-07-24 06:30:00,795.36,37.88707170000009,14.632,0
2025-07-24 07:00:00,795.44,37.76415140000017,14.636,0
2025-07-24 07:30:00,795.48,37.77967860000001,14.633,0
2025-07-24 08:00:00,795.47,37.80230900000015,14.622,0
2025-07-24 08:30:00,795.31,37.815657999999985,14.606,0
2025-07-24 09:00:00,795.18,37.830455400000005,14.583,0
2025-07-24 09:30:00,795.09,37.90258770000014,14.555,0
2025-07-24 10:00:00,795.04,37.951498600000036,14.52,0
2025-07-24 10:30:00,795.03,37.977188100000035,14.479,0
2025-07-24 11:00:00,795.0,38.18987670000001,14.436,0
2025-07-24 11:30:00,795.22,38.373167500000136,14.388,0
2025-07-24 12:00:00,795.39,38.588034300000004,14.338,0
2025-07-24 12:30:00,795.64,38.827837300000056,14.281,0
2025-07-24 13:00:00,795.91,38.97751269999992,14.225,0
2025-07-24 13:30:00,796.21,39.13985320000006,14.167,0
2025-07-24 14:00:00,796.35,39.25436070000012,14.104,0
2025-07-24 14:30:00,796.42,39.442645900000116,14.042,0
2025-07-24 15:00:00,796.43,39.47507930000006,13.984,0
2025-07-24 15:30:00,796.37,39.459946100000025,13.923,0
2025-07-24 16:00:00,796.35,39.45422190000011,13.874,0
2025-07-24 16:30:00,796.23,39.45964500000002,13.826,0
2025-07-24 17:00:00,796.26,39.466191900000126,13.787,0
2025-07-24 17:30:00,796.26,39.37135980000005,13.752,0
2025-07-24 18:00:00,796.22,39.35073410000007,13.722,0
2025-07-24 18:30:00,796.2,39.27567030000023,13.7,0
2025-07-24 19:00:00,796.07,39.25783730000012,13.685,0
2025-07-24 19:30:00,796.0,39.1970146000001,13.68,0
2025-07-24 20:00:00,795.87,39.180201300000135,13.68,0
2025-07-24 20:30:00,795.74,39.182762300000036,13.688,0
2025-07-24 21:00:00,795.69,39.19496400000014,13.702,0
2025-07-24 21:30:00,795.53,38.86161500000003,13.72,0
2025-07-24 22:00:00,795.64,38.816620599999965,13.744,0
2025-07-24 22:30:00,795.67,38.71507930000007,13.771,0
2025-07-24 23:00:00,795.8,38.679887899999926,13.802,0
2025-07-24 23:30:00,795.88,38.64262240000005,13.835,0
2025-07-25 00:00:00,795.96,38.675716200000124,13.872,0
2025-07-25 00:30:00,795.8,38.645218099999965,13.908,0
2025-07-25 01:00:00,795.56,38.656064300000025,13.946,0
2025-07-25 01:30:00,795.3,38.65404840000008,13.986,0
2025-07-25 02:00:00,795.2,38.60503340000014,14.022,0
2025-07-25 02:30:00,795.19,38.51651650000008,14.06,0
2025-07-25 03:00:00,795.24,38.468625299999985,14.096,0
2025-07-25 03:30:00,795.42,38.41307459999996,14.128,0
2025-07-25 04:00:00,795.38,38.414882300000045,14.162,0
2025-07-25 04:30:00,795.51,38.337883199999965,14.189,0
2025-07-25 05:00:00,795.47,38.282587700000136,14.215,0
2025-07-25 05:30:00,795.47,38.23772090000011,14.234,0
2025-07-25 06:00:00,795.45,38.163676800000076,14.251,0
2025-07-25 06:30:00,795.37,38.095913200000155,14.262,0
2025-07-25 07:00:00,795.4,38.03312050000011,14.27,0
2025-07-25 07:30:00,795.33,38.042657100000156,14.271,0
2025-07-25 08:00:00,795.2,37.984036100000026,14.265,0
2025-07-25 08:30:00,795.01,37.955148699999995,14.25,0
2025-07-25 09:00:00,794.85,37.96645830000011,14.233,0
2025-07-25 09:30:00,794.58,37.810664700000075,14.208,0
2025-07-25 10:00:00,794.35,37.83966850000013,14.176,0
2025-07-25 10:30:00,793.91,37.78613480000001,14.141,0
2025-07-25 11:00:00,793.68,37.75803540000004,14.103,0
2025-07-25 11:30:00,793.45,37.69628590000002,14.06,0
2025-07-25 12:00:00,793.36,37.70825590000004,14.014,0
2025-07-25 12:30:00,793.18,37.68630940000003,13.966,0
2025-07-25 13:00:00,792.96,37.587653700000146,13.917,0
2025-07-25 13:30:00,792.75,37.615243800000144,13.864,0
2025-07-25 14:00:00,792.68,37.62274100000002,13.81,0
2025-07-25 14:30:00,792.68,37.57073630000002,13.759,0
2025-07-25 15:00:00,792.62,37.56478040000002,13.709,0
2025-07-25 15:30:00,792.51,37.585301999999956,13.664,0
2025-07-25 16:00:00,792.56,37.59757309999998,13.631,0
2025-07-25 16:30:00,792.49,37.730493400000114,13.601,0
2025-07-25 17:00:00,792.4,37.678222300000016,13.575,0
2025-07-25 17:30:00,792.38,37.71226640000009,13.555,0
2025-07-25 18:00:00,792.4,37.73328609999999,13.539,0
2025-07-25 18:30:00,792.26,37.67894090000004,13.53,0
2025-07-25 19:00:00,792.18,37.754954999999995,13.522,0
2025-07-25 19:30:00,792.23,37.70400470000004,13.52,0
2025-07-25 20:00:00,792.25,37.71074859999999,13.522,0
2025-07-25 20:30:00,792.25,37.77702910000005,13.525,0
2025-07-25 21:00:00,792.19,37.779230800000164,13.531,0
2025-07-25 21:30:00,792.11,37.80527960000006,13.541,0
2025-07-25 22:00:00,792.0,37.687122000000045,13.554,0
2025-07-25 22:30:00,791.84,37.75553480000008,13.567,0
2025-07-25 23:00:00,791.87,37.72435280000002,13.585,0
2025-07-25 23:30:00,791.73,37.685303100000056,13.604,0
2025-07-26 00:00:00,791.61,37.60915020000016,13.625,0
2025-07-26 00:30:00,791.57,37.65276560000018,13.649,0
2025-07-26 01:00:00,791.59,37.613623000000075,13.673,0
2025-07-26 01:30:00,791.69,37.61165300000016,13.703,0
2025-07-26 02:00:00,791.7,37.532939100000135,13.732,0
2025-07-26 02:30:00,791.81,37.52669329999992,13.761,0
2025-07-26 03:00:00,791.74,37.53622990000008,13.791,0
2025-07-26 03:30:00,791.88,37.44373830000018,13.818,0
2025-07-26 04:00:00,791.98,37.42953190000014,13.844,0
2025-07-26 04:30:00,792.08,37.36332080000011,13.872,0
2025-07-26 05:00:00,792.14,37.41108440000016,13.895,0
2025-07-26 05:30:00,792.24,37.39891740000007,13.916,0
2025-07-26 06:00:00,792.14,37.35907969999994,13.93,0
2025-07-26 06:30:00,792.11,37.426970900000015,13.949,0
2025-07-26 07:00:00,792.1,37.330296400000066,13.958,0
2025-07-26 07:30:00,792.01,37.335128499999996,13.962,0
2025-07-26 08:00:00,791.84,37.31706380000003,13.962,0
2025-07-26 08:30:00,791.69,37.31797940000013,13.957,0
2025-07-26 09:00:00,791.47,37.27336780000019,13.945,0
2025-07-26 09:30:00,791.26,37.25099260000013,13.928,0
2025-07-26 10:00:00,791.06,37.249834100000044,13.904,0
2025-07-26 10:30:00,790.81,37.25985760000003,13.874,0
2025-07-26 11:00:00,790.49,37.12340359999996,13.841,0
2025-07-26 11:30:00,790.31,37.11777230000007,13.802,0
2025-07-26 12:00:00,790.29,36.97234919999994,13.763,0
2025-07-26 12:30:00,790.34,36.85409870000012,13.718,0
2025-07-26 13:00:00,790.38,36.80742420000013,13.672,0
2025-07-26 13:30:00,790.37,36.69341480000003,13.625,0
2025-07-26 14:00:00,790.53,36.66171120000001,13.575,0
2025-07-26 14:30:00,790.56,36.55915020000009,13.531,0
2025-07-26 15:00:00,790.67,36.56921960000011,13.48,0
2025-07-26 15:30:00,790.72,36.64165300000013,13.435,0
2025-07-26 16:00:00,790.67,36.67934719999994,13.394,0
2025-07-26 16:30:00,790.55,36.784700900000075,13.363,0
2025-07-26 17:00:00,790.51,36.81404050000003,13.336,0
2025-07-26 17:30:00,790.53,36.79631160000008,13.32,0
2025-07-26 18:00:00,790.61,36.880390400000124,13.306,0
2025-07-26 18:30:00,790.67,36.81088849999992,13.3,0
2025-07-26 19:00:00,790.77,36.84868680000011,13.299,0
2025-07-26 19:30:00,790.88,36.834283400000004,13.297,0
2025-07-26 20:00:00,790.94,36.95750480000015,13.299,0
2025-07-26 20:30:00,790.98,36.92306670000016,13.304,0
2025-07-26 21:00:00,790.99,36.95753950000005,13.313,0
2025-07-26 21:30:00,791.0,36.89819990000012,13.325,0
2025-07-26 22:00:00,791.03,37.018953200000055,13.339,0
2025-07-26 22:30:00,791.02,36.97632280000005,13.354,0
2025-07-26 23:00:00,791.02,37.08950950000008,13.373,0
2025-07-26 23:30:00,791.05,37.029775900000004,13.395,0
2025-07-27 00:00:00,791.07,37.00286970000013,13.416,0
2025-07-27 00:30:00,791.16,36.94501320000006,13.439,0
2025-07-27 01:00:00,791.16,36.983761800000025,13.462,0
2025-07-27 01:30:00,791.31,37.02975240000001,13.481,0
2025-07-27 02:00:00,791.35,37.017747700000086,13.503,0
2025-07-27 02:30:00,791.49,36.967063800000005,13.524,0
2025-07-27 03:00:00,791.57,36.94305440000005,13.542,0
2025-07-27 03:30:00,791.68,36.913355499999966,13.558,0
2025-07-27 04:00:00,791.86,36.91592770000011,13.573,0
2025-07-27 04:30:00,792.08,36.801466100000084,13.58,0
2025-07-27 05:00:00,792.22,36.71611240000004,13.586,0
2025-07-27 05:30:00,792.26,36.71226530000001,13.588,0
2025-07-27 06:00:00,792.24,36.7391715,13.582,0
2025-07-27 06:30:00,792.23,36.75364430000013,13.574,0
2025-07-27 07:00:00,792.15,36.778673400000116,13.559,0
2025-07-27 07:30:00,792.11,36.81922970000005,13.542,0
2025-07-27 08:00:00,792.07,36.755776600000104,13.519,0
2025-07-27 08:30:00,791.94,36.67064340000002,13.491,0
2025-07-27 09:00:00,791.85,36.7009680000001,13.464,0
2025-07-27 09:30:00,791.66,36.684316999999965,13.431,0
2025-07-27 10:00:00,791.54,36.675464300000044,13.397,0
2025-07-27 10:30:00,791.35,36.607828300000165,13.357,0
2025-07-27 11:00:00,791.17,36.62259100000006,13.316,0
2025-07-27 11:30:00,791.06,36.50851220000004,13.275,0
2025-07-27 12:00:00,791.09,36.41512850000004,13.231,0
2025-07-27 12:30:00,791.01,36.28414350000003,13.186,0
2025-07-27 13:00:00,791.05,36.22217349999994,13.136,0
2025-07-27 13:30:00,791.0,36.177272000000016,13.087,0
2025-07-27 14:00:00,791.0,36.20786300000009,13.037,0
2025-07-27 14:30:00,790.92,36.103390200000035,12.985,0
2025-07-27 15:00:00,790.94,36.08056280000005,12.936,0
2025-07-27 15:30:00,790.89,36.04381890000002,12.893,0
2025-07-27 16:00:00,790.87,36.00852340000006,12.856,0
2025-07-27 16:30:00,790.84,36.089670700000056,12.83,0
2025-07-27 17:00:00,790.89,36.117237300000056,12.812,0
2025-07-27 17:30:00,791.0,36.114050600000155,12.796,0
2025-07-27 18:00:00,791.13,36.128824500000064,12.788,0
2025-07-27 18:30:00,791.23,36.157445499999994,12.782,0
2025-07-27 19:00:00,791.34,36.12978600000008,12.783,0
2025-07-27 19:30:00,791.52,36.27307680000001,12.792,0
2025-07-27 20:00:00,791.53,36.18926440000007,12.807,0
2025-07-27 20:30:00,791.68,36.323968899999954,12.828,0
2025-07-27 21:00:00,791.82,36.44357490000016,12.857,0
2025-07-27 21:30:00,791.97,36.29480280000007,12.889,0
2025-07-27 22:00:00,792.02,36.38253170000007,12.932,0
2025-07-27 22:30:00,792.04,36.49430470000004,12.978,0
2025-07-27 23:00:00,792.17,36.47134970000002,13.032,0
2025-07-27 23:30:00,792.21,36.45220710000001,13.088,0
2025-07-28 00:00:00,792.29,36.48937969999997,13.15,0
2025-07-28 00:30:00,792.39,36.47925210000005,13.218,0
2025-07-28 01:00:00,792.51,36.55540499999995,13.286,0
2025-07-28 01:30:00,792.5,36.57395660000009,13.355,0
2025-07-28 02:00:00,792.68,36.59386369999993,13.428,0
2025-07-28 02:30:00,792.91,36.51591430000008,13.496,0
2025-07-28 03:00:00,793.11,36.53338800000006,13.561,0
2025-07-28 03:30:00,793.31,36.57635420000008,13.624,0
2025-07-28 04:00:00,793.5,36.50225190000003,13.684,0
2025-07-28 04:30:00,793.76,36.53383910000014,13.738,0
2025-07-28 05:00:00,793.97,36.54295820000016,13.787,0
2025-07-28 05:30:00,794.0,36.584174899999994,13.833,0
2025-07-28 06:00:00,794.01,36.57276120000006,13.869,0
2025-07-28 06:30:00,793.96,36.43812610000009,13.903,0
2025-07-28 07:00:00,793.99,36.47424430000012,13.925,0
2025-07-28 07:30:00,794.04,36.45082590000004,13.945,0
2025-07-28 08:00:00,794.06,36.47592440000005,13.955,0
2025-07-28 08:30:00,793.99,36.430397200000016,13.959,0
2025-07-28 09:00:00,793.96,36.318821200000116,13.954,0
2025-07-28 09:30:00,793.91,36.36569270000007,13.942,0
2025-07-28 10:00:00,793.77,36.347037000000114,13.923,0
2025-07-28 10:30:00,793.69,36.236446000000115,13.895,0
2025-07-28 11:00:00,793.58,36.195785600000136,13.864,0
2025-07-28 11:30:00,793.58,36.11115050000012,13.825,0
2025-07-28 12:00:00,793.51,36.19104640000012,13.784,0
2025-07-28 12:30:00,793.4,36.023943200000076,13.738,0
2025-07-28 13:00:00,793.41,35.939111100000105,13.687,0
2025-07-28 13:30:00,793.44,35.88651540000012,13.634,0
2025-07-28 14:00:00,793.39,35.80184560000009,13.575,0
2025-07-28 14:30:00,793.36,35.76062890000003,13.519,0
2025-07-28 15:00:00,793.31,35.74427899999989,13.461,0
2025-07-28 15:30:00,793.34,35.75184560000014,13.411,0
2025-07-28 16:00:00,793.32,35.77059420000012,13.367,0
2025-07-28 16:30:00,793.29,35.84868240000003,13.335,0
2025-07-28 17:00:00,793.34,35.86809140000014,13.31,0
2025-07-28 17:30:00,793.5,35.86901820000003,13.292,0
2025-07-28 18:00:00,793.65,35.90379210000003,13.283,0
2025-07-28 18:30:00,793.72,35.92382680000003,13.275,0
2025-07-28 19:00:00,793.81,36.00362980000011,13.277,0
2025-07-28 19:30:00,793.99,36.16527520000011,13.281,0
2025-07-28 20:00:00,794.08,36.14922640000009,13.294,0
2025-07-28 20:30:00,794.14,36.18577329999994,13.314,0
2025-07-28 21:00:00,794.37,36.2485425000001,13.339,0
2025-07-28 21:30:00,794.5,36.30410440000014,13.372,0
2025-07-28 22:00:00,794.59,36.16059310000003,13.411,0
2025-07-28 22:30:00,794.53,36.23111469999992,13.452,0
2025-07-28 23:00:00,794.55,36.27354809999997,13.5,0
2025-07-28 23:30:00,794.55,36.36430139999993,13.553,0
2025-07-29 00:00:00,794.64,36.28911000000005,13.606,0
2025-07-29 00:30:00,794.79,36.465622199999984,13.665,0
2025-07-29 01:00:00,794.8,36.49091770000007,13.727,0
2025-07-29 01:30:00,794.72,36.50676950000013,13.786,0
2025-07-29 02:00:00,794.58,36.37288770000009,13.846,0
2025-07-29 02:30:00,794.7,36.42354810000006,13.904,0
2025-07-29 03:00:00,794.82,36.442597800000044,13.959,0
2025-07-29 03:30:00,795.13,36.398761899999954,14.009,0
2025-07-29 04:00:00,795.28,36.37949170000002,14.059,0
2025-07-29 04:30:00,795.53,36.28075430000001,14.1,0
2025-07-29 05:00:00,795.66,36.38934060000008,14.14,0
2025-07-29 05:30:00,795.67,36.38914360000001,14.173,0
2025-07-29 06:00:00,795.66,36.41891190000001,14.201,0
2025-07-29 06:30:00,795.81,36.3976022999999,14.225,0
2025-07-29 07:00:00,795.87,36.37398690000009,14.242,0
2025-07-29 07:30:00,795.87,36.416814300000055,14.255,0
2025-07-29 08:00:00,795.78,36.421646399999986,14.259,0
2025-07-29 08:30:00,795.66,36.38016330000005,14.259,0
2025-07-29 09:00:00,795.51,36.33213330000012,14.251,0
2025-07-29 09:30:00,795.32,36.33791570000017,14.238,0
2025-07-29 10:00:00,795.21,36.34824030000004,14.217,0
2025-07-29 10:30:00,795.05,36.27491479999992,14.192,0
2025-07-29 11:00:00,794.96,36.13596920000009,14.161,0
2025-07-29 11:30:00,794.91,36.14307240000005,14.125,0
2025-07-29 12:00:00,794.85,36.047382900000116,14.082,0
2025-07-29 12:30:00,794.78,35.94679190000011,14.039,0
2025-07-29 13:00:00,794.75,35.81686130000014,13.991,0
2025-07-29 13:30:00,794.69,35.77725530000009,13.94,0
2025-07-29 14:00:00,794.59,35.7343585000001,13.885,0
2025-07-29 14:30:00,794.5,35.655575200000044,13.832,0
2025-07-29 15:00:00,794.45,35.61373280000021,13.775,0
2025-07-29 15:30:00,794.4,35.58106770000006,13.728,0
2025-07-29 16:00:00,794.33,35.555934500000035,13.692,0
2025-07-29 16:30:00,794.26,35.581786299999976,13.662,0
2025-07-29 17:00:00,794.27,35.5448801,13.639,0
2025-07-29 17:30:00,794.35,35.667707500000006,13.623,0
2025-07-29 18:00:00,794.4,35.481137099999955,13.612,0
2025-07-29 18:30:00,794.65,35.54759109999998,13.604,0
2025-07-29 19:00:00,794.75,35.5711136000001,13.606,0
2025-07-29 19:30:00,794.77,35.66555170000004,13.613,0
2025-07-29 20:00:00,794.77,35.70633970000006,13.626,0
2025-07-29 20:30:00,794.85,35.78124120000007,13.646,0
2025-07-29 21:00:00,794.91,35.870812500000056,13.674,0
2025-07-29 21:30:00,794.82,35.7950883000002,13.709,0
2025-07-29 22:00:00,794.84,36.04961930000013,13.748,0
2025-07-29 22:30:00,794.83,36.14260899999999,13.792,0
2025-07-29 23:00:00,794.67,35.94589980000001,13.838,0
2025-07-29 23:30:00,794.48,35.963918600000056,13.89,0
2025-07-30 00:00:00,794.55,36.02372159999993,13.944,0
2025-07-30 00:30:00,794.5,36.10118410000007,14.002,0
2025-07-30 01:00:00,794.41,36.19167100000004,14.06,0
2025-07-30 01:30:00,794.39,36.031972100000075,14.12,0
2025-07-30 02:00:00,793.92,35.49467189999996,14.184,0
2025-07-30 02:30:00,793.97,35.39579570000001,14.242,0
2025-07-30 03:00:00,794.23,35.42636320000008,14.297,0
2025-07-30 03:30:00,794.4,35.55353580000008,14.347,0
2025-07-30 04:00:00,794.49,35.55278250000015,14.395,0
2025-07-30 04:30:00,794.63,35.61120649999998,14.437,0
2025-07-30 05:00:00,794.68,35.63367460000006,14.474,0
2025-07-30 05:30:00,794.62,35.76435850000007,14.505,0
2025-07-30 06:00:00,794.59,35.77412680000009,14.529,0
2025-07-30 06:30:00,794.55,35.788170899999955,14.547,0
2025-07-30 07:00:00,794.51,35.833825700000034,14.561,0
2025-07-30 07:30:00,794.41,35.88780040000006,14.568,0
2025-07-30 08:00:00,794.29,35.92585389999999,14.57,0
2025-07-30 08:30:00,794.07,35.89959690000012,14.567,0
2025-07-30 09:00:00,793.75,35.94872829999997,14.558,0
2025-07-30 09:30:00,793.53,35.92960919999996,14.544,0
2025-07-30 10:00:00,793.42,35.89812610000001,14.521,0
2025-07-30 10:30:00,793.21,35.89512520000005,14.493,0
2025-07-30 11:00:00,793.02,35.821371,14.461,0
2025-07-30 11:30:00,792.94,35.751568000000134,14.429,0
2025-07-30 12:00:00,792.92,35.57147510000004,14.386,0
2025-07-30 12:30:00,792.85,35.50147510000011,14.344,0
2025-07-30 13:00:00,792.83,35.40703700000017,14.3,0
2025-07-30 13:30:00,792.76,35.36660830000005,14.25,0
2025-07-30 14:00:00,792.53,35.47922749999998,14.2,0
2025-07-30 14:30:00,792.41,35.3602472,14.147,0
2025-07-30 15:00:00,792.38,35.316991099999996,14.096,0
2025-07-30 15:30:00,792.31,35.29797610000003,14.05,0
2025-07-30 16:00:00,792.28,35.30060650000007,14.015,0
2025-07-30 16:30:00,792.22,35.37214780000011,13.984,0
2025-07-30 17:00:00,792.31,35.35100049999994,13.964,0
2025-07-30 17:30:00,792.47,35.30298170000003,13.951,0
2025-07-30 18:00:00,792.72,35.35414020000019,13.94,0
2025-07-30 18:30:00,792.84,35.50269180000009,13.932,0
2025-07-30 19:00:00,792.89,35.59755860000007,13.924,0
2025-07-30 19:30:00,793.33,35.35130050000009,13.917,0
2025-07-30 20:00:00,793.29,35.65901819999999,13.908,0
2025-07-30 20:30:00,793.52,35.698334300000056,13.895,0
2025-07-30 21:00:00,793.98,35.75861190000012,13.883,0
2025-07-30 21:30:00,794.26,36.09979390000012,13.869,0
2025-07-30 22:00:00,794.42,36.5045219000001,13.857,0
2025-07-30 22:30:00,794.31,36.639249900000095,13.844,0
2025-07-30 23:00:00,794.21,36.7880567000002,13.835,0
2025-07-30 23:30:00,794.15,36.84226309999997,13.827,0
2025-07-31 00:00:00,793.99,36.73936630000003,13.824,0
2025-07-31 00:30:00,793.94,36.820907600000055,13.822,0
2025-07-31 01:00:00,793.77,36.711069899999984,13.824,0
2025-07-31 01:30:00,793.79,36.731069899999966,13.828,0
2025-07-31 02:00:00,793.92,36.65509050000014,13.836,0
2025-07-31 02:30:00,794.06,36.62887940000007,13.843,0
2025-07-31 03:00:00,794.18,36.68463829999996,13.852,0
2025-07-31 03:30:00,794.32,36.74408200000016,13.862,0
2025-07-31 04:00:00,794.53,36.79194970000003,13.867,0
2025-07-31 04:30:00,794.69,36.819388700000104,13.876,0
2025-07-31 05:00:00,794.84,36.87251720000006,13.881,0
2025-07-31 05:30:00,794.97,36.95255190000012,13.884,0
2025-07-31 06:00:00,794.99,37.05208850000008,13.881,0
2025-07-31 06:30:00,795.02,37.12491590000002,13.873,0
2025-07-31 07:00:00,795.11,37.15781270000002,13.86,0
2025-07-31 07:30:00,795.09,37.19287650000001,13.839,0
2025-07-31 08:00:00,795.04,37.300929999999994,13.815,0
2025-07-31 08:30:00,794.97,37.36247130000004,13.785,0
2025-07-31 09:00:00,794.9,37.36792910000008,13.752,0
2025-07-31 09:30:00,794.84,37.417037000000164,13.713,0
2025-07-31 10:00:00,794.79,37.41292350000003,13.672,0
2025-07-31 10:30:00,794.8,37.40558859999999,13.626,0
2025-07-31 11:00:00,794.77,37.472460100000035,13.579,0
2025-07-31 11:30:00,794.82,37.491869100000144,13.527,0
2025-07-31 12:00:00,794.98,37.58049010000002,13.475,0
2025-07-31 12:30:00,795.07,37.61950510000008,13.417,0
2025-07-31 13:00:00,795.28,37.62454539999999,13.36,0
2025-07-31 13:30:00,795.43,37.70112700000004,13.301,0
2025-07-31 14:00:00,795.47,37.63813730000004,13.242,0
2025-07-31 14:30:00,795.59,37.71734930000014,13.18,0
2025-07-31 15:00:00,795.6,37.626399000000106,13.119,0
2025-07-31 15:30:00,795.63,37.59521700000005,13.065,0
2025-07-31 16:00:00,795.55,37.561103499999945,13.019,0
2025-07-31 16:30:00,795.51,37.50478830000009,12.978,0
2025-07-31 17:00:00,795.47,37.40054720000012,12.95,0
2025-07-31 17:30:00,795.41,37.2783455,12.924,0
2025-07-31 18:00:00,795.37,37.20163630000013,12.909,0
2025-07-31 18:30:00,795.31,37.190581899999984,12.896,0
2025-07-31 19:00:00,795.24,37.12568040000008,12.893,0
2025-07-31 19:30:00,795.18,37.01979390000008,12.896,0
2025-07-31 20:00:00,795.13,36.9208483000001,12.906,0
2025-07-31 20:30:00,795.12,36.88535580000007,12.925,0
2025-07-31 21:00:00,795.13,36.76075540000011,12.945,0
2025-07-31 21:30:00,795.11,36.7203614,12.972,0
2025-07-31 22:00:00,795.14,36.719770400000016,13.008,0
2025-07-31 22:30:00,795.15,36.746085600000015,13.045,0
2025-07-31 23:00:00,795.04,36.61671130000002,13.088,0
2025-07-31 23:30:00,795.04,36.693188799999916,13.136,0
2025-08-01 00:00:00,794.97,36.66601620000017,13.186,0
2025-08-01 00:30:00,795.01,36.736607200000094,13.24,0
2025-08-01 01:00:00,794.99,36.644208500000104,13.298,0
2025-08-01 01:30:00,795.05,36.629770399999984,13.354,0
2025-08-01 02:00:00,795.14,36.599445800000126,13.415,0
2025-08-01 02:30:00,795.26,36.57158930000014,13.473,0
2025-08-01 03:00:00,795.42,36.55314180000005,13.533,0
2025-08-01 03:30:00,795.55,36.47206390000008,13.588,0
2025-08-01 04:00:00,795.69,36.3928284000001,13.637,0
2025-08-01 04:30:00,795.8,36.409016000000065,13.685,0
2025-08-01 05:00:00,795.94,36.26655910000011,13.728,0
2025-08-01 05:30:00,796.04,36.302318000000014,13.766,0
2025-08-01 06:00:00,796.07,36.28847090000011,13.797,0
2025-08-01 06:30:00,796.13,36.2699540000001,13.825,0
2025-08-01 07:00:00,796.16,36.27038270000003,13.846,0
2025-08-01 07:30:00,796.08,36.30356940000013,13.863,0
2025-08-01 08:00:00,795.95,36.29185460000019,13.871,0
2025-08-01 08:30:00,795.79,36.32865670000001,13.873,0
2025-08-01 09:00:00,795.68,36.30533120000007,13.868,0
2025-08-01 09:30:00,795.5,36.237498200000005,13.858,0
2025-08-01 10:00:00,795.26,36.19022150000001,13.843,0
2025-08-01 10:30:00,794.88,35.987649300000044,13.82,0
2025-08-01 11:00:00,794.67,35.85208739999996,13.794,0
2025-08-01 11:30:00,794.62,35.73478720000014,13.763,0
2025-08-01 12:00:00,794.59,35.675215900000126,13.729,0
2025-08-01 12:30:00,794.55,35.585250599999995,13.693,0
2025-08-01 13:00:00,794.57,35.48288660000014,13.652,0
2025-08-01 13:30:00,794.43,35.457092999999986,13.606,0
2025-08-01 14:00:00,794.33,35.36932940000008,13.557,0
2025-08-01 14:30:00,794.28,35.284659600000055,13.508,0
2025-08-01 15:00:00,794.22,35.1563397000001,13.458,0
2025-08-01 15:30:00,794.19,35.11002450000012,13.416,0
2025-08-01 16:00:00,794.13,35.095911000000115,13.381,0
2025-08-01 16:30:00,794.05,35.13011740000002,13.354,0
2025-08-01 17:00:00,794.09,35.11403390000021,13.334,0
2025-08-01 17:30:00,794.2,34.99460140000008,13.322,0
2025-08-01 18:00:00,794.39,35.009213000000045,13.317,0
2025-08-01 18:30:00,794.38,35.004311500000085,13.316,0
2025-08-01 19:00:00,794.44,35.07654790000004,13.321,0
2025-08-01 19:30:00,794.63,35.14928240000006,13.333,0
2025-08-01 20:00:00,794.71,35.03248030000009,13.353,0
2025-08-01 20:30:00,794.91,35.14172700000006,13.376,0
2025-08-01 21:00:00,795.01,35.0826538,13.411,0
2025-08-01 21:30:00,795.11,35.20508719999998,13.447,0
2025-08-01 22:00:00,795.29,35.2994324,13.492,0
2025-08-01 22:30:00,795.45,35.36052150000012,13.54,0
2025-08-01 23:00:00,795.54,35.44644270000015,13.592,0
2025-08-01 23:30:00,795.47,35.42640800000004,13.647,0
2025-08-02 00:00:00,795.46,35.47759000000008,13.704,0
2025-08-02 00:30:00,795.55,35.589003700000035,13.761,0
2025-08-02 01:00:00,795.55,35.69811159999995,13.824,0
2025-08-02 01:30:00,795.64,35.63719600000013,13.885,0
2025-08-02 02:00:00,795.81,35.59713780000004,13.947,0
2025-08-02 02:30:00,795.87,35.61736950000011,14.005,0
2025-08-02 03:00:00,795.98,35.682502699999986,14.065,0
2025-08-02 03:30:00,796.11,35.62385819999997,14.116,0
2025-08-02 04:00:00,796.33,35.59301200000016,14.168,0
2025-08-02 04:30:00,796.51,35.575190200000065,14.211,0
2025-08-02 05:00:00,796.67,35.566939700000034,14.249,0
2025-08-02 05:30:00,796.85,35.487935900000025,14.283,0
2025-08-02 06:00:00,796.99,35.53310380000005,14.311,0
2025-08-02 06:30:00,797.02,35.518237,14.334,0
2025-08-02 07:00:00,797.07,35.52642930000013,14.346,0
2025-08-02 07:30:00,797.06,35.53682330000004,14.356,0
2025-08-02 08:00:00,796.98,35.62813290000008,14.359,0
2025-08-02 08:30:00,796.89,35.62480740000001,14.354,0
2025-08-02 09:00:00,796.8,35.61536369999999,14.343,0
2025-08-02 09:30:00,796.55,35.64578119999999,14.322,0
2025-08-02 10:00:00,795.92,35.023938799999996,14.299,0
2025-08-02 10:30:00,795.98,34.97483090000003,14.265,0
2025-08-02 11:00:00,795.98,34.96463390000008,14.23,0
2025-08-02 11:30:00,795.93,34.87588530000005,14.184,0
2025-08-02 12:00:00,795.83,34.90742660000001,14.136,0
2025-08-02 12:30:00,795.76,34.831308400000125,14.08,0
2025-08-02 13:00:00,795.75,34.696905000000015,14.022,0
2025-08-02 13:30:00,795.85,34.565433100000064,13.959,0
2025-08-02 14:00:00,795.76,34.50806350000005,13.891,0
2025-08-02 14:30:00,795.7,34.41237400000011,13.821,0
2025-08-02 15:00:00,795.62,34.39151660000016,13.755,0
2025-08-02 15:30:00,795.58,34.339280200000076,13.694,0
2025-08-02 16:00:00,795.49,34.407333700000095,13.652,0
2025-08-02 16:30:00,795.44,34.400161100000105,13.614,0
2025-08-02 17:00:00,795.43,34.418712700000015,13.587,0
2025-08-02 17:30:00,795.54,34.49710200000004,13.572,0
2025-08-02 18:00:00,795.57,34.46388060000015,13.556,0
2025-08-02 18:30:00,795.67,34.51901380000004,13.551,0
2025-08-02 19:00:00,795.85,34.55115730000011,13.554,0
2025-08-02 19:30:00,796.0,34.61448280000013,13.563,0
2025-08-02 20:00:00,796.05,34.685896500000126,13.574,0
2025-08-02 20:30:00,796.11,34.830531600000086,13.594,0
2025-08-02 21:00:00,796.11,34.92434400000013,13.618,0
2025-08-02 21:30:00,796.15,34.9969744,13.651,0
2025-08-02 22:00:00,796.13,35.13502790000007,13.685,0
2025-08-02 22:30:00,796.2,35.18259450000005,13.723,0
2025-08-02 23:00:00,796.25,35.26318550000008,13.767,0
2025-08-02 23:30:00,796.37,35.411737100000096,13.812,0
2025-08-03 00:00:00,796.42,35.428087000000005,13.858,0
2025-08-03 00:30:00,796.43,35.56351010000003,13.909,0
2025-08-03 01:00:00,796.4,35.62120430000016,13.959,0
2025-08-03 01:30:00,796.46,35.762780300000145,14.014,0
2025-08-03 02:00:00,795.48,34.70834220000006,14.068,0
2025-08-03 02:30:00,795.75,34.921239000000014,14.124,0
2025-08-03 03:00:00,795.84,35.07751950000011,14.177,0
2025-08-03 03:30:00,795.93,35.182815000000005,14.229,0
2025-08-03 04:00:00,796.17,35.2780176,14.277,0
2025-08-03 04:30:00,796.39,35.36749599999996,14.318,0
2025-08-03 05:00:00,796.55,35.4173684000001,14.36,0
2025-08-03 05:30:00,796.52,35.54542189999995,14.393,0
2025-08-03 06:00:00,795.51,34.72406640000008,14.424,0
2025-08-03 06:30:00,795.65,34.87426340000002,14.447,0
2025-08-03 07:00:00,795.77,34.984066400000074,14.465,0
2025-08-03 07:30:00,795.8,35.04975590000004,14.477,0
2025-08-03 08:00:00,795.73,35.16126250000002,14.486,0
2025-08-03 08:30:00,795.61,35.20339480000007,14.484,0
2025-08-03 09:00:00,795.44,35.26180760000011,14.478,0
2025-08-03 09:30:00,795.31,35.32758999999999,14.465,0
2025-08-03 10:00:00,795.19,35.31567820000009,14.446,0
2025-08-03 10:30:00,795.08,35.253604100000075,14.419,0
2025-08-03 11:00:00,795.02,35.2252148,14.387,0
2025-08-03 11:30:00,794.14,34.584844299999986,14.351,0
2025-08-03 12:00:00,794.16,34.5854700000001,14.31,0
2025-08-03 12:30:00,794.11,34.55076550000001,14.263,0
2025-08-03 13:00:00,794.06,34.47221390000004,14.211,0
2025-08-03 13:30:00,794.02,34.39142590000006,14.159,0
2025-08-03 14:00:00,793.93,34.363627600000086,14.102,0
2025-08-03 14:30:00,793.85,34.30708070000003,14.043,0
2025-08-03 15:00:00,793.64,34.30407980000007,13.983,0
2025-08-03 15:30:00,793.47,34.28805450000016,13.928,0
2025-08-03 16:00:00,793.37,34.380777800000146,13.888,0
2025-08-03 16:30:00,793.28,34.31219150000004,13.856,0
2025-08-03 17:00:00,793.31,34.31262019999997,13.837,0
2025-08-03 17:30:00,793.33,34.32242320000012,13.823,0
2025-08-03 18:00:00,793.27,34.38886600000012,13.815,0
2025-08-03 18:30:00,793.24,34.51895890000003,13.815,0
2025-08-03 19:00:00,793.24,34.55362869999999,13.822,0
2025-08-03 19:30:00,793.21,34.64089420000005,13.833,0
2025-08-03 20:00:00,793.22,34.612145600000076,13.852,0
2025-08-03 20:30:00,793.28,34.807765700000004,13.877,0
2025-08-03 21:00:00,793.23,34.99841490000006,13.904,0
2025-08-03 21:30:00,793.25,35.02759220000007,13.941,0
2025-08-03 22:00:00,792.37,34.18736050000007,13.978,0
2025-08-03 22:30:00,792.49,34.41442900000004,14.02,0
2025-08-03 23:00:00,792.51,34.52620200000001,14.065,0
2025-08-03 23:30:00,792.55,34.70794030000002,14.111,0
2025-08-04 00:00:00,792.56,34.83826490000001,14.162,0
2025-08-04 00:30:00,792.61,34.967801500000064,14.211,0
2025-08-04 01:00:00,791.66,34.19318990000011,14.261,0
2025-08-04 01:30:00,791.89,34.391579200000024,14.314,0
2025-08-04 02:00:00,792.07,34.43901820000008,14.363,0
2025-08-04 02:30:00,792.28,34.57356040000013,14.416,0
2025-08-04 03:00:00,792.48,34.68790560000002,14.465,0
2025-08-04 03:30:00,792.65,34.871161700000016,14.514,0
2025-08-04 04:00:00,792.82,34.90350220000016,14.556,0
2025-08-04 04:30:00,792.94,34.93376860000001,14.595,0
2025-08-04 05:00:00,793.05,34.947916799999916,14.626,0
2025-08-04 05:30:00,793.03,35.03804439999999,14.653,0
2025-08-04 06:00:00,792.21,34.29554160000009,14.676,0
2025-08-04 06:30:00,792.19,34.60082590000013,14.693,0
2025-08-04 07:00:00,792.14,34.646677700000055,14.7,0
2025-08-04 07:30:00,792.22,34.7113822,14.7,0
2025-08-04 08:00:00,792.13,34.77433719999999,14.692,0
2025-08-04 08:30:00,792.0,34.87173030000008,14.676,0
2025-08-04 09:00:00,791.89,34.941197500000044,14.653,0
2025-08-04 09:30:00,791.73,34.930073700000094,14.624,0
2025-08-04 10:00:00,791.65,34.88270410000007,14.589,0
2025-08-04 10:30:00,791.52,34.834280100000115,14.547,0
2025-08-04 11:00:00,791.38,34.80236830000001,14.498,0
2025-08-04 11:30:00,791.29,34.762333600000034,14.445,0
2025-08-04 12:00:00,791.21,34.647663800000146,14.392,0
2025-08-04 12:30:00,791.07,34.584141300000056,14.333,0
2025-08-04 13:00:00,790.98,34.463550300000065,14.272,0
2025-08-04 13:30:00,790.84,34.382692900000166,14.206,0
2025-08-04 14:00:00,790.74,34.280653500000085,14.138,0
2025-08-04 14:30:00,790.58,34.263411500000075,14.07,0
2025-08-04 15:00:00,790.44,34.237617900000146,13.998,0
2025-08-04 15:30:00,790.32,34.140051300000096,13.938,0
2025-08-04 16:00:00,790.13,34.15093220000006,13.889,0
2025-08-04 16:30:00,789.96,34.14000540000018,13.851,0
2025-08-04 17:00:00,790.02,34.1235279,13.823,0
2025-08-04 17:30:00,790.08,34.01731680000012,13.803,0
2025-08-04 18:00:00,790.12,34.05731680000008,13.79,0
2025-08-04 18:30:00,790.21,34.1585335000002,13.784,0
2025-08-04 19:00:00,790.28,34.141858999999954,13.783,0
2025-08-04 19:30:00,790.35,34.13028300000008,13.79,0
2025-08-04 20:00:00,790.35,34.22613480000007,13.8,0
2025-08-04 20:30:00,790.5,34.40060760000017,13.818,0
2025-08-04 21:00:00,790.54,34.286632900000086,13.838,0
2025-08-04 21:30:00,790.66,34.42090870000004,13.864,0
2025-08-04 22:00:00,790.72,34.446238900000026,13.898,0
2025-08-04 22:30:00,790.77,34.67978489999996,13.933,0
2025-08-04 23:00:00,790.8,34.78218360000005,13.967,0
2025-08-04 23:30:00,789.92,34.018429399999945,14.006,0
2025-08-05 00:00:00,790.06,34.19105980000006,14.048,0
2025-08-05 00:30:00,790.22,34.317409699999985,14.091,0
2025-08-05 01:00:00,790.3,34.4840842000001,14.136,0
2025-08-05 01:30:00,790.43,34.5743159000001,14.181,0
2025-08-05 02:00:00,790.68,34.59488339999996,14.229,0
2025-08-05 02:30:00,790.9,34.58952970000007,14.276,0
2025-08-05 03:00:00,791.13,34.7277567000001,14.321,0
2025-08-05 03:30:00,791.19,34.80611130000011,14.363,0
2025-08-05 04:00:00,791.41,34.88131390000001,14.403,0
2025-08-05 04:30:00,791.55,34.89996960000008,14.44,0
2025-08-05 05:00:00,790.45,33.77855590000013,14.471,0
2025-08-05 05:30:00,790.66,33.94470880000006,14.498,0
2025-08-05 06:00:00,790.77,34.00576320000005,14.52,0
2025-08-05 06:30:00,790.92,34.119054000000006,14.534,0
2025-08-05 07:00:00,791.06,34.1111975,14.541,0
2025-08-05 07:30:00,791.09,34.21053710000001,14.544,0
2025-08-05 08:00:00,791.08,34.219911400000115,14.539,0
2025-08-05 08:30:00,791.01,34.27431479999996,14.527,0
2025-08-05 09:00:00,790.92,34.26487110000005,14.509,0
2025-08-05 09:30:00,790.86,34.24565910000001,14.483,0
2025-08-05 10:00:00,790.75,34.20907750000015,14.454,0
2025-08-05 10:30:00,790.72,34.2045700000001,14.417,0
2025-08-05 11:00:00,790.68,34.09319099999993,14.378,0
2025-08-05 11:30:00,790.57,34.0535503000001,14.332,0
2025-08-05 12:00:00,790.56,33.97319099999993,14.282,0
2025-08-05 12:30:00,790.48,33.872797000000105,14.228,0
2025-08-05 13:00:00,790.54,33.73905400000001,14.17,0
2025-08-05 13:30:00,790.54,33.585079300000075,14.11,0
2025-08-05 14:00:00,790.51,33.48675939999998,14.05,0
2025-08-05 14:30:00,790.45,33.44205490000013,13.984,0
2025-08-05 15:00:00,790.47,33.31521810000004,13.92,0
2025-08-05 15:30:00,790.47,33.214267800000016,13.865,0
2025-08-05 16:00:00,790.45,33.1565389000001,13.821,0
2025-08-05 16:30:00,790.35,33.2696562000001,13.789,0
2025-08-05 17:00:00,790.37,33.161174000000074,13.762,0
2025-08-05 17:30:00,790.34,33.15564680000011,13.746,0
2025-08-05 18:00:00,790.44,33.144499500000165,13.738,0
2025-08-05 18:30:00,790.51,33.0707218,13.735,0
2025-08-05 19:00:00,790.65,33.120988200000056,13.739,0
2025-08-05 19:30:00,790.74,33.17631840000013,13.752,0
2025-08-05 20:00:00,790.84,33.22737280000001,13.768,0
2025-08-05 20:30:00,790.98,33.278658900000096,13.79,0
2025-08-05 21:00:00,791.07,33.25649190000013,13.82,0
2025-08-05 21:30:00,791.23,33.3369553,13.854,0
2025-08-05 22:00:00,791.38,33.48083710000003,13.892,0
2025-08-05 22:30:00,791.38,33.46656130000008,13.935,0
2025-08-05 23:00:00,791.52,33.60962040000004,13.978,0
2025-08-05 23:30:00,791.59,33.71530990000008,14.022,0
2025-08-06 00:00:00,791.63,33.74103409999998,14.07,0
2025-08-06 00:30:00,791.75,33.69380330000013,14.122,0
2025-08-06 01:00:00,791.88,33.837059400000044,14.174,0
2025-08-06 01:30:00,792.01,33.92117289999999,14.227,0
2025-08-06 02:00:00,792.22,33.91499650000014,14.28,0
2025-08-06 02:30:00,792.38,33.97200680000003,14.333,0
2025-08-06 03:00:00,792.59,33.99336230000017,14.385,0
2025-08-06 03:30:00,792.78,34.089549900000065,14.436,0
2025-08-06 04:00:00,792.96,34.02890070000001,14.479,0
2025-08-06 04:30:00,793.17,34.05331530000001,14.522,0
2025-08-06 05:00:00,793.33,34.09197100000017,14.559,0
2025-08-06 05:30:00,793.42,34.138123900000096,14.59,0
2025-08-06 06:00:00,793.49,34.18467080000005,14.617,0
2025-08-06 06:30:00,793.61,34.18944469999997,14.637,0
2025-08-06 07:00:00,793.69,34.30921300000011,14.653,0
2025-08-06 07:30:00,793.69,34.27148410000018,14.663,0
2025-08-06 08:00:00,793.7,34.335528200000226,14.665,0
2025-08-06 08:30:00,793.62,34.36259670000004,14.662,0
2025-08-06 09:00:00,793.53,34.28177400000004,14.65,0
2025-08-06 09:30:00,793.48,34.23789220000003,14.633,0
2025-08-06 10:00:00,793.43,34.239896900000076,14.608,0
2025-08-06 10:30:00,793.37,34.193153000000166,14.576,0
2025-08-06 11:00:00,793.26,34.16778810000005,14.543,0
2025-08-06 11:30:00,793.13,34.13771870000005,14.499,0
2025-08-06 12:00:00,793.15,33.97315300000014,14.456,0
2025-08-06 12:30:00,793.09,33.8703256,14.404,0
2025-08-06 13:00:00,793.11,33.75980400000003,14.351,0
2025-08-06 13:30:00,793.03,33.68592220000005,14.295,0
2025-08-06 14:00:00,792.99,33.62144939999996,14.234,0
2025-08-06 14:30:00,792.91,33.57815860000005,14.176,0
2025-08-06 15:00:00,792.92,33.40257320000012,14.117,0
2025-08-06 15:30:00,792.93,33.24534240000003,14.066,0
2025-08-06 16:00:00,792.87,33.25162290000014,14.026,0
2025-08-06 16:30:00,792.83,33.290139800000134,13.998,0
2025-08-06 17:00:00,792.87,33.22715010000002,13.979,0
2025-08-06 17:30:00,792.85,33.167381800000044,13.966,0
2025-08-06 18:00:00,792.95,33.152155700000094,13.958,0
2025-08-06 18:30:00,793.05,33.1838358,13.957,0
2025-08-06 19:00:00,793.15,33.17880670000011,13.963,0
2025-08-06 19:30:00,793.24,33.13012750000007,13.977,0
2025-08-06 20:00:00,793.33,33.203812300000095,13.995,0
2025-08-06 20:30:00,793.42,33.30502899999999,14.02,0
2025-08-06 21:00:00,793.42,33.361112500000104,14.048,0
2025-08-06 21:30:00,793.4,33.414530900000045,14.084,0
2025-08-06 22:00:00,793.51,33.55512190000013,14.125,0
2025-08-06 22:30:00,793.61,33.816234500000064,14.167,0
2025-08-06 23:00:00,793.7,34.00514540000006,14.211,0
2025-08-06 23:30:00,793.85,33.98689490000015,14.258,0
2025-08-07 00:00:00,793.96,34.12850560000015,14.308,0
2025-08-07 00:30:00,794.04,34.20238740000002,14.359,0
2025-08-07 01:00:00,792.92,33.13643150000007,14.41,0
2025-08-07 01:30:00,793.15,33.39396339999996,14.463,0
2025-08-07 02:00:00,793.32,33.6057711000002,14.519,0
2025-08-07 02:30:00,793.49,33.6901163,14.572,0
2025-08-07 03:00:00,793.69,33.81771760000015,14.624,0
2025-08-07 03:30:00,793.91,33.91025509999997,14.674,0
2025-08-07 04:00:00,794.15,34.04726540000013,14.722,0
2025-08-07 04:30:00,794.45,34.0352372000001,14.761,0
2025-08-07 05:00:00,794.67,34.07882910000012,14.799,0
2025-08-07 05:30:00,794.79,34.1743563,14.83,0
2025-08-07 06:00:00,794.79,34.28040510000005,14.858,0
2025-08-07 06:30:00,794.78,34.38665089999995,14.88,0
2025-08-07 07:00:00,794.85,34.434217500000045,14.895,0
2025-08-07 07:30:00,794.8,34.4851678,14.907,0
2025-08-07 08:00:00,794.7,34.559536500000036,14.908,0
2025-08-07 08:30:00,794.69,34.57400930000017,14.909,0
2025-08-07 09:00:00,794.5,34.57673260000013,14.904,0
2025-08-07 09:30:00,794.45,34.62564350000014,14.89,0
2025-08-07 10:00:00,793.07,33.39757880000013,14.871,0
2025-08-07 10:30:00,793.09,33.47468200000014,14.845,0
2025-08-07 11:00:00,793.07,33.470997200000056,14.812,0
2025-08-07 11:30:00,792.98,33.44013980000011,14.776,0
2025-08-07 12:00:00,792.96,33.44869140000003,14.733,0
2025-08-07 12:30:00,792.86,33.42109010000013,14.687,0
2025-08-07 13:00:00,792.84,33.35316420000015,14.637,0
2025-08-07 13:30:00,792.79,33.28786869999999,14.586,0
2025-08-07 14:00:00,792.69,33.25516890000017,14.531,0
2025-08-07 14:30:00,792.62,33.284079800000086,14.478,0
2025-08-07 15:00:00,792.51,33.150626699999975,14.42,0
2025-08-07 15:30:00,792.42,33.07796159999998,14.37,0
2025-08-07 16:00:00,792.4,33.08651320000001,14.331,0
2025-08-07 16:30:00,792.31,33.11071960000004,14.299,0
2025-08-07 17:00:00,792.38,33.05631620000008,14.276,0
2025-08-07 17:30:00,792.42,33.04329180000002,14.262,0
2025-08-07 18:00:00,792.45,33.069213000000104,14.255,0
2025-08-07 18:30:00,792.49,33.24177400000008,14.251,0
2025-08-07 19:00:00,792.54,33.23569050000003,14.256,0
2025-08-07 19:30:00,792.53,33.354172699999936,14.267,0
2025-08-07 20:00:00,792.7,33.43036030000019,14.283,0
2025-08-07 20:30:00,792.73,33.47361640000008,14.308,0
2025-08-07 21:00:00,792.77,33.42184340000006,14.336,0
2025-08-07 21:30:00,792.79,33.5968378,14.37,0
2025-08-07 22:00:00,792.87,33.70029090000003,14.409,0
2025-08-07 22:30:00,792.81,33.83097479999992,14.449,0
2025-08-07 23:00:00,792.92,33.97972340000001,14.489,0
2025-08-07 23:30:00,793.0,34.145378200000096,14.534,0
2025-08-08 00:00:00,793.06,34.19824029999995,14.581,0
2025-08-08 00:30:00,793.17,34.27662960000009,14.628,0
2025-08-08 01:00:00,793.22,34.30317650000006,14.677,0
2025-08-08 01:30:00,793.34,34.435412900000074,14.727,0
2025-08-08 02:00:00,793.44,34.58537820000015,14.777,0
2025-08-08 02:30:00,793.6,34.729063,14.83,0
2025-08-08 03:00:00,793.7,34.85659490000012,14.876,0
2025-08-08 03:30:00,793.87,34.97051140000008,14.922,0
2025-08-08 04:00:00,794.14,34.94377870000005,14.964,0
2025-08-08 04:30:00,794.37,34.98411450000003,15.003,0
2025-08-08 05:00:00,794.46,35.080232700000124,15.036,0
2025-08-08 05:30:00,794.46,35.15772990000005,15.064,0
2025-08-08 06:00:00,793.34,34.11828620000017,15.088,0
2025-08-08 06:30:00,793.35,34.384230900000034,15.105,0
2025-08-08 07:00:00,793.34,34.497614600000134,15.117,0
2025-08-08 07:30:00,793.39,34.60675719999995,15.124,0
2025-08-08 08:00:00,793.31,34.64402270000005,15.124,0
2025-08-08 08:30:00,793.21,34.663327600000116,15.116,0
2025-08-08 09:00:00,793.18,34.72102180000002,15.102,0
2025-08-08 09:30:00,793.07,34.68749930000013,15.082,0
2025-08-08 10:00:00,792.89,34.70838020000008,15.054,0
2025-08-08 10:30:00,792.78,34.61469540000007,15.022,0
2025-08-08 11:00:00,792.57,34.656561300000135,14.985,0
2025-08-08 11:30:00,792.39,34.62543750000009,14.943,0
2025-08-08 12:00:00,792.24,34.58046660000002,14.896,0
2025-08-08 12:30:00,792.14,34.40908760000002,14.843,0
2025-08-08 13:00:00,792.05,34.317048200000045,14.789,0
2025-08-08 13:30:00,792.07,34.17389620000006,14.73,0
2025-08-08 14:00:00,792.01,34.00172920000011,14.669,0
2025-08-08 14:30:00,791.95,33.93051250000008,14.605,0
2025-08-08 15:00:00,791.83,33.84416260000012,14.541,0
2025-08-08 15:30:00,791.7,33.814093200000116,14.487,0
2025-08-08 16:00:00,791.63,33.740014400000064,14.443,0
2025-08-08 16:30:00,791.53,33.87454539999999,14.411,0
2025-08-08 17:00:00,791.5,33.79356040000016,14.385,0
2025-08-08 17:30:00,791.48,33.759284600000115,14.368,0
2025-08-08 18:00:00,791.49,33.88247130000002,14.357,0
2025-08-08 18:30:00,791.57,33.76770860000022,14.349,0
2025-08-08 19:00:00,791.63,33.85320110000009,14.354,0
2025-08-08 19:30:00,791.67,34.01046659999997,14.361,0
2025-08-08 20:00:00,791.73,34.04701350000005,14.378,0
2025-08-08 20:30:00,791.73,33.982772400000044,14.398,0
2025-08-08 21:00:00,791.74,33.97135870000011,14.423,0
2025-08-08 21:30:00,791.86,34.01182210000002,14.455,0
2025-08-08 22:00:00,791.94,34.18053600000019,14.494,0
2025-08-08 22:30:00,791.94,34.16116170000009,14.532,0
2025-08-08 23:00:00,792.04,34.30296940000005,14.574,0
2025-08-08 23:30:00,792.19,34.43665420000002,14.621,0
2025-08-09 00:00:00,792.29,34.465275200000065,14.669,0
2025-08-09 00:30:00,792.56,34.59455660000003,14.721,0
2025-08-09 01:00:00,791.77,33.87287649999996,14.775,0
2025-08-09 01:30:00,792.02,34.0800491,14.83,0
2025-08-09 02:00:00,792.26,34.32310819999998,14.883,0
2025-08-09 02:30:00,792.49,34.44705940000006,14.938,0
2025-08-09 03:00:00,792.72,34.62301530000002,14.991,0
2025-08-09 03:30:00,792.94,34.69006030000014,15.044,0
2025-08-09 04:00:00,793.19,34.76059310000005,15.093,0
2025-08-09 04:30:00,793.44,34.70774220000021,15.135,0
2025-08-09 05:00:00,793.5,34.77080130000002,15.175,0
2025-08-09 05:30:00,793.55,34.8575105000001,15.208,0
2025-08-09 06:00:00,793.54,34.94948050000005,15.235,0
2025-08-09 06:30:00,793.47,35.03039610000019,15.256,0
2025-08-09 07:00:00,792.86,34.33372159999999,15.272,0
2025-08-09 07:30:00,792.93,34.48121880000008,15.283,0
2025-08-09 08:00:00,792.91,34.47753399999999,15.288,0
2025-08-09 08:30:00,792.84,34.60229670000001,15.285,0
2025-08-09 09:00:00,792.79,34.59920290000002,15.276,0
2025-08-09 09:30:00,792.66,34.598704800000064,15.261,0
2025-08-09 10:00:00,792.61,34.499759200000085,15.237,0
2025-08-09 10:30:00,792.58,34.44324700000004,15.208,0
2025-08-09 11:00:00,792.44,34.45416260000013,15.175,0
2025-08-09 11:30:00,792.3,34.39777800000013,15.137,0
2025-08-09 12:00:00,792.24,34.26232020000009,15.094,0
2025-08-09 12:30:00,792.18,34.145217,15.045,0
2025-08-09 13:00:00,792.13,34.02281830000004,14.993,0
2025-08-09 13:30:00,792.13,33.87496180000005,14.936,0
2025-08-09 14:00:00,792.12,33.75483420000012,14.88,0
2025-08-09 14:30:00,792.02,33.6395387,14.823,0
2025-08-09 15:00:00,791.9,33.56134640000016,14.76,0
2025-08-09 15:30:00,791.84,33.51664190000008,14.71,0
2025-08-09 16:00:00,791.76,33.4947648000001,14.672,0
2025-08-09 16:30:00,791.65,33.46838020000007,14.641,0
2025-08-09 17:00:00,791.64,33.41657250000003,14.62,0
2025-08-09 17:30:00,791.65,33.36946929999999,14.606,0
2025-08-09 18:00:00,791.73,33.34444020000001,14.595,0
2025-08-09 18:30:00,791.74,33.408484300000055,14.593,0
2025-08-09 19:00:00,791.84,33.52276010000014,14.597,0
2025-08-09 19:30:00,791.74,33.554301399999986,14.606,0
2025-08-09 20:00:00,791.81,33.56311939999989,14.622,0
2025-08-09 20:30:00,791.8,33.55821789999993,14.644,0
2025-08-09 21:00:00,791.89,33.64923759999999,14.674,0
2025-08-09 21:30:00,791.98,33.70762690000004,14.708,0
2025-08-09 22:00:00,791.95,33.67252840000015,14.746,0
2025-08-09 22:30:00,790.97,32.71496180000008,14.788,0
2025-08-09 23:00:00,791.11,32.902887700000065,14.831,0
2025-08-09 23:30:00,791.25,33.07041960000004,14.878,0
2025-08-10 00:00:00,791.38,33.13311939999994,14.925,0
2025-08-10 00:30:00,791.48,33.26269070000012,14.975,0
2025-08-10 01:00:00,791.54,33.38285300000007,15.028,0
2025-08-10 01:30:00,791.63,33.46163630000012,15.08,0
2025-08-10 02:00:00,791.85,33.51338580000004,15.133,0
2025-08-10 02:30:00,792.08,33.62102180000011,15.186,0
2025-08-10 03:00:00,792.3,33.766583699999956,15.236,0
2025-08-10 03:30:00,792.58,33.775343500000076,15.281,0
2025-08-10 04:00:00,792.91,33.743349999999964,15.324,0
2025-08-10 04:30:00,793.18,33.84000100000003,15.365,0
2025-08-10 05:00:00,793.35,33.90497190000008,15.4,0
2025-08-10 05:30:00,793.43,33.98701130000006,15.431,0
2025-08-10 06:00:00,793.47,34.02395220000005,15.455,0
2025-08-10 06:30:00,793.54,34.17042970000011,15.476,0
2025-08-10 07:00:00,793.67,34.15359289999992,15.491,0
2025-08-10 07:30:00,793.67,34.24128710000002,15.502,0
2025-08-10 08:00:00,793.7,34.28556290000006,15.505,0
2025-08-10 08:30:00,793.7,34.26007040000013,15.505,0
2025-08-10 09:00:00,792.79,33.35924770000008,15.495,0
2025-08-10 09:30:00,791.92,32.61772989999997,15.482,0
2025-08-10 10:00:00,792.09,32.72756760000004,15.459,0
2025-08-10 10:30:00,792.12,32.78102070000011,15.43,0
2025-08-10 11:00:00,792.09,32.759178300000144,15.398,0
2025-08-10 11:30:00,792.14,32.75615390000007,15.363,0
2025-08-10 12:00:00,792.19,32.7888190000001,15.327,0
2025-08-10 12:30:00,792.28,32.67997749999995,15.286,0
2025-08-10 13:00:00,792.37,32.59254970000006,15.241,0
2025-08-10 13:30:00,792.41,32.52242209999997,15.195,0
2025-08-10 14:00:00,792.45,32.483905200000095,15.145,0
2025-08-10 14:30:00,792.53,32.45173820000002,15.095,0
2025-08-10 15:00:00,792.57,32.39180760000011,15.04,0
2025-08-10 15:30:00,792.58,32.38957120000009,14.998,0
2025-08-10 16:00:00,792.46,32.36236389999999,14.961,0
2025-08-10 16:30:00,792.43,32.3517382,14.931,0
2025-08-10 17:00:00,792.46,32.32361530000003,14.91,0
2025-08-10 17:30:00,792.47,32.291807600000084,14.893,0
2025-08-10 18:00:00,792.55,32.31674380000004,14.883,0
2025-08-10 18:30:00,792.61,32.30536480000012,14.881,0
2025-08-10 19:00:00,792.74,32.373163100000056,14.887,0
2025-08-10 19:30:00,792.68,32.35191169999996,14.894,0
2025-08-10 20:00:00,792.78,32.39582819999998,14.914,0
2025-08-10 20:30:00,792.86,32.47174940000002,14.94,0
2025-08-10 21:00:00,792.98,32.46938540000008,14.971,0
2025-08-10 21:30:00,792.98,32.47754300000008,15.007,0
2025-08-10 22:00:00,792.97,32.546059900000046,15.047,0
2025-08-10 22:30:00,792.91,32.53092670000001,15.092,0
2025-08-10 23:00:00,792.97,32.65516780000007,15.14,0
2025-08-10 23:30:00,793.07,32.823487700000214,15.19,0
2025-08-11 00:00:00,793.13,32.843719400000055,15.245,0
2025-08-11 00:30:00,793.19,32.887404200000105,15.297,0
2025-08-11 01:00:00,793.31,33.03085729999998,15.355,0
2025-08-11 01:30:00,793.52,33.11849330000007,15.413,0
2025-08-11 02:00:00,793.75,33.227149000000054,15.472,0
2025-08-11 02:30:00,794.03,33.371528900000044,15.53,0
2025-08-11 03:00:00,794.3,33.50284970000007,15.585,0
2025-08-11 03:30:00,794.51,33.56193410000003,15.637,0
2025-08-11 04:00:00,794.83,33.656580400000166,15.687,0
2025-08-11 04:30:00,795.1,33.697147900000004,15.731,0
2025-08-11 05:00:00,795.22,33.73251280000011,15.769,0
2025-08-11 05:30:00,795.12,33.82217700000001,15.803,0
2025-08-11 06:00:00,795.07,33.815004400000134,15.832,0
2025-08-11 06:30:00,795.12,33.89559540000016,15.854,0
2025-08-11 07:00:00,795.22,33.93543310000007,15.87,0
2025-08-11 07:30:00,795.13,33.91885150000007,15.881,0
2025-08-11 08:00:00,795.05,33.96325490000004,15.884,0
2025-08-11 08:30:00,794.98,33.9136489,15.883,0
2025-08-11 09:00:00,794.94,33.98581590000015,15.88,0
2025-08-11 09:30:00,794.88,33.90746130000002,15.868,0
2025-08-11 10:00:00,794.79,33.876603899999964,15.853,0
2025-08-11 10:30:00,794.79,33.763417199999935,15.828,0
2025-08-11 11:00:00,794.72,33.747461300000055,15.801,0
2025-08-11 11:30:00,794.66,33.68950069999994,15.768,0
2025-08-11 12:00:00,794.66,33.60690499999998,15.726,0
2025-08-11 12:30:00,794.5,33.5580523000001,15.683,0
2025-08-11 13:00:00,794.53,33.410624500000154,15.632,0
2025-08-11 13:30:00,794.5,33.31026520000012,15.578,0
2025-08-11 14:00:00,794.46,33.18563010000014,15.523,0
2025-08-11 14:30:00,794.45,33.09099500000002,15.465,0
2025-08-11 15:00:00,794.38,33.0536254000001,15.408,0
2025-08-11 15:30:00,794.29,33.04316200000005,15.357,0
2025-08-11 16:00:00,794.18,33.020856200000026,15.315,0
2025-08-11 16:30:00,794.15,32.9725016000001,15.282,0
2025-08-11 17:00:00,794.1,32.988782100000094,15.258,0
2025-08-11 17:30:00,794.12,33.01999880000005,15.238,0
2025-08-11 18:00:00,794.04,33.07765830000005,15.224,0
2025-08-11 18:30:00,794.03,33.09519020000005,15.222,0
2025-08-11 19:00:00,793.93,33.20524839999996,15.221,0
2025-08-11 19:30:00,793.94,33.35902610000005,15.23,0
2025-08-11 20:00:00,793.9,33.31188820000011,15.246,0
2025-08-11 20:30:00,793.99,33.45899140000006,15.266,0
2025-08-11 21:00:00,794.0,33.55260680000015,15.295,0
2025-08-11 21:30:00,793.98,33.54178409999997,15.326,0
2025-08-11 22:00:00,794.07,33.66237510000008,15.36,0
2025-08-11 22:30:00,794.14,33.84658149999996,15.396,0
2025-08-11 23:00:00,794.31,34.04003460000001,15.436,0
2025-08-11 23:30:00,794.38,34.12125130000004,15.48,0
2025-08-12 00:00:00,794.36,34.19302430000005,15.524,0
2025-08-12 00:30:00,794.41,34.30726540000012,15.57,0
2025-08-12 01:00:00,794.44,34.46268850000013,15.617,0
2025-08-12 01:30:00,794.59,34.60962940000013,15.671,0
2025-08-12 02:00:00,794.74,34.811634100000106,15.724,0
2025-08-12 02:30:00,794.88,34.9444962,15.776,0
2025-08-12 03:00:00,795.06,35.044959600000084,15.828,0
2025-08-12 03:30:00,795.24,35.088319800000136,15.879,0
2025-08-12 04:00:00,795.47,35.11030100000016,15.923,0
2025-08-12 04:30:00,795.63,35.13774000000012,15.966,0
2025-08-12 05:00:00,795.67,35.186917300000005,16.001,0
2025-08-12 05:30:00,795.68,35.2407644000001,16.031,0
2025-08-12 06:00:00,794.45,34.14026630000012,16.054,0
2025-08-12 06:30:00,794.55,34.2953301,16.074,0
2025-08-12 07:00:00,794.54,34.39443799999992,16.087,0
2025-08-12 07:30:00,794.47,34.483511200000066,16.096,0
2025-08-12 08:00:00,794.52,34.47436860000016,16.097,0
2025-08-12 08:30:00,794.48,34.489432400000055,16.092,0
2025-08-12 09:00:00,794.34,34.48403280000002,16.08,0
2025-08-12 09:30:00,794.24,34.460510300000124,16.066,0
2025-08-12 10:00:00,794.14,34.4685985000001,16.044,0
2025-08-12 10:30:00,794.0,34.442804900000056,16.018,0
2025-08-12 11:00:00,793.81,34.39964169999996,15.984,0
2025-08-12 11:30:00,793.76,34.38227210000014,15.945,0
2025-08-12 12:00:00,793.61,34.32404510000015,15.901,0
2025-08-12 12:30:00,793.47,34.22891190000007,15.854,0
2025-08-12 13:00:00,793.43,34.11957229999996,15.8,0
2025-08-12 13:30:00,793.36,34.02713890000007,15.743,0
2025-08-12 14:00:00,793.37,33.840336800000046,15.682,0
2025-08-12 14:30:00,793.31,33.72119420000001,15.62,0
2025-08-12 15:00:00,793.21,33.67829740000013,15.56,0
2025-08-12 15:30:00,793.13,33.64112480000006,15.507,0
2025-08-12 16:00:00,792.98,33.62266610000006,15.464,0
2025-08-12 16:30:00,792.88,33.641971000000126,15.43,0
2025-08-12 17:00:00,792.77,33.59315300000014,15.403,0
2025-08-12 17:30:00,792.72,33.61045320000005,15.385,0
2025-08-12 18:00:00,791.98,32.79091660000006,15.369,0
2025-08-12 18:30:00,792.08,32.86440440000001,15.363,0
2025-08-12 19:00:00,792.17,33.009468200000015,15.364,0
2025-08-12 19:30:00,792.13,32.99088190000009,15.371,0
2025-08-12 20:00:00,792.16,33.03617739999993,15.382,0
2025-08-12 20:30:00,792.22,33.00542410000003,15.396,0
2025-08-12 21:00:00,792.33,33.08279370000014,15.411,0
2025-08-12 21:30:00,792.44,33.226443800000084,15.428,0
2025-08-12 22:00:00,792.63,33.33690720000004,15.447,0
2025-08-12 22:30:00,792.83,33.32175050000001,15.466,0
2025-08-12 23:00:00,792.93,33.519641699999966,15.485,0
2025-08-12 23:30:00,792.69,33.700777800000196,15.503,0
2025-08-13 00:00:00,792.5,33.7136981000001,15.522,0
2025-08-13 00:30:00,792.68,33.847811600000114,15.544,0
2025-08-13 01:00:00,792.87,33.97051140000008,15.564,0
2025-08-13 01:30:00,792.88,34.07840260000012,15.586,0
2025-08-13 02:00:00,793.04,34.1547872000001,15.612,0
2025-08-13 02:30:00,793.16,34.22482190000005,15.632,0
2025-08-13 03:00:00,793.3,34.24653669999998,15.655,0
2025-08-13 03:30:00,793.49,34.25095130000011,15.669,0
2025-08-13 04:00:00,793.64,34.21740530000011,15.686,0
2025-08-13 04:30:00,793.74,34.21543530000008,15.694,0
2025-08-13 05:00:00,793.76,34.20994280000002,15.702,0
2025-08-13 05:30:00,793.65,34.29368580000005,15.702,0
2025-08-13 06:00:00,793.62,34.23105540000006,15.698,0
2025-08-13 06:30:00,793.56,34.26282839999999,15.686,0
2025-08-13 07:00:00,793.53,34.28789219999999,15.671,0
2025-08-13 07:30:00,793.41,34.189305900000136,15.651,0
2025-08-13 08:00:00,793.27,34.22163520000004,15.628,0
2025-08-13 08:30:00,793.16,34.13814739999998,15.599,0
2025-08-13 09:00:00,793.15,34.077162400000134,15.569,0
2025-08-13 09:30:00,793.09,34.01920180000002,15.532,0
2025-08-13 10:00:00,792.96,33.986073300000044,15.493,0
2025-08-13 10:30:00,792.93,33.96219150000002,15.452,0
2025-08-13 11:00:00,792.76,33.88600389999999,15.41,0
2025-08-13 11:30:00,792.71,33.829885700000204,15.364,0
2025-08-13 12:00:00,792.65,33.800476700000104,15.315,0
2025-08-13 12:30:00,792.55,33.72800859999995,15.263,0
2025-08-13 13:00:00,792.52,33.64192509999998,15.209,0
2025-08-13 13:30:00,792.47,33.5429795,15.153,0
2025-08-13 14:00:00,792.43,33.42854139999997,15.098,0
2025-08-13 14:30:00,792.37,33.39607330000001,15.041,0
2025-08-13 15:00:00,792.32,33.34505360000003,14.985,0
2025-08-13 15:30:00,792.14,33.34044200000005,14.935,0
2025-08-13 16:00:00,791.96,33.414347300000145,14.895,0
2025-08-13 16:30:00,791.83,33.43118410000011,14.862,0
2025-08-13 17:00:00,791.76,33.409110000000055,14.837,0
2025-08-13 17:30:00,791.68,33.35052369999994,14.818,0
2025-08-13 18:00:00,791.64,33.38496180000004,14.807,0
2025-08-13 18:30:00,791.61,33.34884360000012,14.801,0
2025-08-13 19:00:00,791.52,33.32818320000001,14.801,0
2025-08-13 19:30:00,791.48,33.34528640000008,14.809,0
2025-08-13 20:00:00,791.41,33.40580800000009,14.822,0
2025-08-13 20:30:00,791.41,33.37011849999999,14.842,0
2025-08-13 21:00:00,791.42,33.43620199999998,14.87,0
2025-08-13 21:30:00,791.42,33.48718700000006,14.903,0
2025-08-13 22:00:00,791.29,33.59477709999999,14.941,0
2025-08-13 22:30:00,791.27,33.51665419999995,14.981,0
2025-08-13 23:00:00,791.39,33.622378400000116,15.025,0
2025-08-13 23:30:00,791.48,33.647117600000115,15.07,0
2025-08-14 00:00:00,791.54,33.693861500000025,15.117,0
2025-08-14 00:30:00,791.54,33.83050129999992,15.169,0
2025-08-14 01:00:00,791.56,33.98714110000003,15.221,0
2025-08-14 01:30:00,791.62,34.05631840000012,15.272,0
2025-08-14 02:00:00,791.8,34.07928460000005,15.323,0
2025-08-14 02:30:00,791.98,34.18484650000005,15.375,0
2025-08-14 03:00:00,792.12,34.268763000000035,15.425,0
2025-08-14 03:30:00,792.3,34.3090641,15.471,0
2025-08-14 04:00:00,792.39,34.28077890000009,15.511,0
2025-08-14 04:30:00,792.52,34.30676950000009,15.548,0
2025-08-14 05:00:00,792.55,34.36939989999996,15.581,0
2025-08-14 05:30:00,792.49,34.39811380000003,15.606,0
2025-08-14 06:00:00,792.42,34.49330520000001,15.628,0
2025-08-14 06:30:00,792.42,34.519817399999965,15.644,0
2025-08-14 07:00:00,792.4,34.61402380000004,15.654,0
2025-08-14 07:30:00,791.4,33.712934700000005,15.661,0
2025-08-14 08:00:00,791.37,33.81243660000018,15.658,0
2025-08-14 08:30:00,791.21,33.87881000000016,15.648,0
2025-08-14 09:00:00,791.15,33.906504200000086,15.635,0
2025-08-14 09:30:00,791.0,33.88294700000006,15.612,0
2025-08-14 10:00:00,790.91,33.82557740000004,15.585,0
2025-08-14 10:30:00,790.85,33.83083820000002,15.555,0
2025-08-14 11:00:00,790.65,33.763399200000094,15.521,0
2025-08-14 11:30:00,790.59,33.695241600000145,15.484,0
2025-08-14 12:00:00,790.48,33.67497520000006,15.442,0
2025-08-14 12:30:00,790.4,33.576620599999956,15.394,0
2025-08-14 13:00:00,790.36,33.43872940000006,15.343,0
2025-08-14 13:30:00,790.31,33.39790670000002,15.285,0
2025-08-14 14:00:00,790.25,33.27264590000016,15.23,0
2025-08-14 14:30:00,790.12,33.20280820000005,15.173,0
2025-08-14 15:00:00,789.99,33.168660000000045,15.114,0
2025-08-14 15:30:00,789.9,33.117408599999976,15.065,0
2025-08-14 16:00:00,789.74,33.14299400000016,15.024,0
2025-08-14 16:30:00,789.64,33.14700340000013,14.993,0
2025-08-14 17:00:00,789.53,33.13183550000008,14.971,0
2025-08-14 17:30:00,789.49,33.11019010000007,14.957,0
2025-08-14 18:00:00,789.51,33.14548560000003,14.947,0
2025-08-14 18:30:00,789.45,33.12933270000008,14.943,0
2025-08-14 19:00:00,789.43,33.26738620000003,14.947,0
2025-08-14 19:30:00,789.4,33.416853400000036,14.957,0
2025-08-14 20:00:00,789.4,33.45866109999997,14.974,0
2025-08-14 20:30:00,789.43,33.48050349999994,14.997,0
2025-08-14 21:00:00,789.48,33.576390000000174,15.023,0
2025-08-14 21:30:00,789.51,33.77566020000006,15.055,0
2025-08-14 22:00:00,789.61,33.98374840000008,15.09,0
2025-08-14 22:30:00,789.65,34.145092699999964,15.131,0
2025-08-14 23:00:00,789.81,34.33466400000009,15.17,0
2025-08-14 23:30:00,789.83,34.51373720000004,15.212,0
2025-08-15 00:00:00,790.09,34.633018600000014,15.255,0
2025-08-15 00:30:00,790.28,34.87604299999998,15.301,0
2025-08-15 01:00:00,790.43,35.06683099999998,15.348,0
2025-08-15 01:30:00,790.59,35.25844170000016,15.397,0
2025-08-15 02:00:00,790.73,35.31074750000016,15.445,0
2025-08-15 02:30:00,790.96,35.33680750000008,15.493,0
2025-08-15 03:00:00,790.2,34.47789660000012,15.539,0
2025-08-15 03:30:00,790.3,34.63398010000003,15.582,0
2025-08-15 04:00:00,790.53,34.73039940000001,15.624,0
2025-08-15 04:30:00,790.64,34.742508199999975,15.66,0
2025-08-15 05:00:00,790.75,34.82905510000012,15.688,0
2025-08-15 05:30:00,790.83,34.824420000000146,15.717,0
2025-08-15 06:00:00,790.71,34.92161610000005,15.737,0
2025-08-15 06:30:00,790.67,34.94483750000006,15.751,0
2025-08-15 07:00:00,790.64,34.91483750000009,15.761,0
2025-08-15 07:30:00,790.5,34.91249700000003,15.766,0
2025-08-15 08:00:00,790.43,34.897560800000065,15.764,0
2025-08-15 08:30:00,789.16,33.711176199999954,15.754,0
2025-08-15 09:00:00,789.09,33.8247222,15.738,0
2025-08-15 09:30:00,788.86,33.838430500000186,15.715,0
2025-08-15 10:00:00,788.73,33.76961250000011,15.686,0
2025-08-15 10:30:00,788.66,33.709809500000006,15.653,0
2025-08-15 11:00:00,788.47,33.712532800000076,15.615,0
2025-08-15 11:30:00,788.33,33.712231700000075,15.574,0
2025-08-15 12:00:00,788.19,33.60996060000002,15.528,0
2025-08-15 12:30:00,788.15,33.43637990000002,15.477,0
2025-08-15 13:00:00,788.1,33.33335550000004,15.428,0
2025-08-15 13:30:00,788.06,33.209740099999976,15.374,0
2025-08-15 14:00:00,788.08,33.121651900000074,15.321,0
2025-08-15 14:30:00,787.93,33.011420199999975,15.263,0
2025-08-15 15:00:00,787.77,32.964606900000035,15.206,0
2025-08-15 15:30:00,787.68,32.8980600000001,15.157,0
2025-08-15 16:00:00,787.58,32.88065570000015,15.116,0
2025-08-15 16:30:00,787.54,32.828419300000064,15.085,0
2025-08-15 17:00:00,787.55,32.75480390000007,15.058,0
2025-08-15 17:30:00,787.59,32.62859280000009,15.038,0
2025-08-15 18:00:00,787.69,32.500180000000114,15.027,0
2025-08-15 18:30:00,787.77,32.54041170000005,15.019,0
2025-08-15 19:00:00,787.82,32.51801300000011,15.02,0
2025-08-15 19:30:00,787.86,32.52538260000006,15.025,0
2025-08-15 20:00:00,787.91,32.48666870000011,15.036,0
2025-08-15 20:30:00,787.99,32.47795480000002,15.05,0
2025-08-15 21:00:00,788.1,32.459472600000026,15.074,0
2025-08-15 21:30:00,788.58,32.888487600000076,15.097,0
2025-08-15 22:00:00,788.81,33.17864989999998,15.124,0
2025-08-15 22:30:00,788.89,33.282103000000006,15.155,0
2025-08-15 23:00:00,788.97,33.48446700000011,15.192,0
2025-08-15 23:30:00,789.12,33.436645200000044,15.225,0
2025-08-16 00:00:00,789.34,33.518985700000144,15.261,0
2025-08-16 00:30:00,789.52,33.58783840000001,15.299,0
2025-08-16 01:00:00,789.67,33.824512899999945,15.339,0
2025-08-16 01:30:00,789.8,33.93004010000004,15.379,0
2025-08-16 02:00:00,790.02,33.97261230000015,15.419,0
2025-08-16 02:30:00,790.24,34.05291340000008,15.454,0
2025-08-16 03:00:00,790.42,34.21353910000005,15.491,0
2025-08-16 03:30:00,790.65,34.23450060000005,15.525,0
2025-08-16 04:00:00,790.83,34.254407700000115,15.554,0
2025-08-16 04:30:00,791.02,34.27513750000003,15.581,0
2025-08-16 05:00:00,791.12,34.34046769999998,15.603,0
2025-08-16 05:30:00,791.19,34.371719100000064,15.621,0
2025-08-16 06:00:00,791.24,34.445172200000115,15.634,0
2025-08-16 06:30:00,791.25,34.416423600000144,15.643,0
2025-08-16 07:00:00,791.31,34.45195079999996,15.647,0
2025-08-16 07:30:00,791.21,34.43658590000007,15.646,0
2025-08-16 08:00:00,791.16,34.4467482,15.638,0
2025-08-16 08:30:00,790.96,34.448648800000115,15.623,0
2025-08-16 09:00:00,790.79,34.435682600000064,15.603,0
2025-08-16 09:30:00,790.74,34.3734462000001,15.579,0
2025-08-16 10:00:00,790.63,34.39294810000001,15.551,0
2025-08-16 10:30:00,790.43,34.29695749999996,15.516,0
2025-08-16 11:00:00,790.4,34.23738620000006,15.48,0
2025-08-16 11:30:00,790.23,34.21116390000009,15.437,0
2025-08-16 12:00:00,790.12,34.11340030000008,15.391,0
2025-08-16 12:30:00,790.08,33.981627300000014,15.343,0
2025-08-16 13:00:00,790.05,33.81906630000003,15.29,0
2025-08-16 13:30:00,790.06,33.684268900000006,15.238,0
2025-08-16 14:00:00,790.02,33.562692900000116,15.181,0
2025-08-16 14:30:00,789.97,33.44539270000007,15.125,0
2025-08-16 15:00:00,789.91,33.378254800000036,15.068,0
2025-08-16 15:30:00,789.8,33.34677170000009,15.018,0
2025-08-16 16:00:00,789.64,33.337687300000084,14.981,0
2025-08-16 16:30:00,789.64,33.29282049999995,14.948,0
2025-08-16 17:00:00,789.68,33.26552030000005,14.925,0
2025-08-16 17:30:00,789.62,33.182067200000006,14.909,0
2025-08-16 18:00:00,789.64,33.21328390000008,14.896,0
2025-08-16 18:30:00,789.68,33.13805780000007,14.891,0
2025-08-16 19:00:00,789.7,33.21210190000022,14.892,0
2025-08-16 19:30:00,789.63,33.19512629999997,14.898,0
2025-08-16 20:00:00,789.67,33.24838239999997,14.911,0
2025-08-16 20:30:00,789.81,33.25582140000006,14.929,0
2025-08-16 21:00:00,789.91,33.36805780000009,14.951,0
2025-08-16 21:30:00,789.91,33.43229889999998,14.979,0
2025-08-16 22:00:00,789.93,33.511441500000046,15.013,0
2025-08-16 22:30:00,790.1,33.63453530000004,15.046,0
2025-08-16 23:00:00,790.15,33.867061600000056,15.084,0
2025-08-16 23:30:00,790.29,34.032554100000084,15.125,0
2025-08-17 00:00:00,790.59,34.20611130000009,15.164,0
2025-08-17 00:30:00,790.86,34.332333600000084,15.205,0
2025-08-17 01:00:00,791.05,34.55190490000007,15.245,0
2025-08-17 01:30:00,791.2,34.78144150000014,15.285,0
2025-08-17 02:00:00,791.44,34.996968700000025,15.326,0
2025-08-17 02:30:00,791.74,35.061418,15.366,0
2025-08-17 03:00:00,792.04,35.3022754000001,15.404,0
2025-08-17 03:30:00,792.19,35.39619190000019,15.44,0
2025-08-17 04:00:00,792.4,35.36962150000011,15.473,0
2025-08-17 04:30:00,792.48,35.41699110000002,15.501,0
2025-08-17 05:00:00,792.51,35.48675939999998,15.527,0
2025-08-17 05:30:00,792.59,35.48212430000012,15.551,0
2025-08-17 06:00:00,792.59,35.47804550000001,15.562,0
2025-08-17 06:30:00,792.56,35.50922749999995,15.576,0
2025-08-17 07:00:00,792.48,35.53935510000008,15.585,0
2025-08-17 07:30:00,792.34,35.474812900000074,15.586,0
2025-08-17 08:00:00,792.26,35.45293580000009,15.582,0
2025-08-17 08:30:00,791.05,34.40302870000005,15.568,0
2025-08-17 09:00:00,790.99,34.475589700000114,15.551,0
2025-08-17 09:30:00,790.94,34.488811100000135,15.53,0
2025-08-17 10:00:00,790.9,34.429436800000076,15.503,0
2025-08-17 10:30:00,790.81,34.36594899999989,15.472,0
2025-08-17 11:00:00,790.67,34.317722,15.435,0
2025-08-17 11:30:00,790.54,34.30396780000001,15.395,0
2025-08-17 12:00:00,790.43,34.256169500000055,15.355,0
2025-08-17 12:30:00,790.33,34.14291340000011,15.308,0
2025-08-17 13:00:00,790.28,33.99706160000005,15.258,0
2025-08-17 13:30:00,790.29,33.85920509999994,15.207,0
2025-08-17 14:00:00,790.35,33.68365440000002,15.157,0
2025-08-17 14:30:00,790.28,33.617733199999975,15.102,0
2025-08-17 15:00:00,790.14,33.58888050000007,15.048,0
2025-08-17 15:30:00,790.0,33.55187020000005,14.999,0
2025-08-17 16:00:00,789.77,33.66754849999995,14.961,0
2025-08-17 16:30:00,789.64,33.60586840000008,14.93,0
2025-08-17 17:00:00,789.49,33.61902040000007,14.905,0
2025-08-17 17:30:00,789.39,33.59957670000006,14.888,0
2025-08-17 18:00:00,789.34,33.53632060000007,14.876,0
2025-08-17 18:30:00,789.31,33.57871929999999,14.87,0
2025-08-17 19:00:00,789.23,33.62108330000001,14.872,0
2025-08-17 19:30:00,789.25,33.65128030000005,14.875,0
2025-08-17 20:00:00,789.17,33.47644820000005,14.886,0
2025-08-17 20:30:00,789.13,33.48437410000008,14.903,0
2025-08-17 21:00:00,789.15,33.5176302000001,14.925,0
2025-08-17 21:30:00,789.11,33.578580500000044,14.949,0
2025-08-17 22:00:00,789.13,33.66282160000014,14.978,0
2025-08-17 22:30:00,789.11,33.6887081000001,15.005,0
2025-08-17 23:00:00,788.97,33.7567269000001,15.035,0
2025-08-17 23:30:00,789.08,33.70459460000018,15.065,0
2025-08-18 00:00:00,789.28,33.830156500000044,15.098,0
2025-08-18 00:30:00,789.43,33.860851600000046,15.129,0
2025-08-18 01:00:00,789.51,33.85825590000002,15.163,0
2025-08-18 01:30:00,789.63,33.97519680000005,15.2,0
2025-08-18 02:00:00,789.8,33.97694630000001,15.233,0
2025-08-18 02:30:00,790.02,33.987907800000016,15.268,0
2025-08-18 03:00:00,790.19,34.155868400000145,15.298,0
2025-08-18 03:30:00,790.34,34.19981960000007,15.328,0
2025-08-18 04:00:00,790.52,34.21360850000008,15.352,0
2025-08-18 04:30:00,790.66,34.31384020000007,15.375,0
2025-08-18 05:00:00,790.69,34.40298280000013,15.395,0
2025-08-18 05:30:00,789.55,33.33028300000001,15.407,0
2025-08-18 06:00:00,789.71,33.46275109999999,15.415,0
2025-08-18 06:30:00,789.79,33.46015539999996,15.419,0
2025-08-18 07:00:00,789.85,33.564002500000015,15.417,0
2025-08-18 07:30:00,789.91,33.59851000000003,15.409,0
2025-08-18 08:00:00,789.83,33.65005130000009,15.397,0
2025-08-18 08:30:00,789.85,33.589495000000056,15.377,0
2025-08-18 09:00:00,789.86,33.5332145000001,15.35,0
2025-08-18 09:30:00,789.87,33.50242650000007,15.323,0
2025-08-18 10:00:00,789.88,33.37680640000008,15.289,0
2025-08-18 10:30:00,789.82,33.354535300000066,15.252,0
2025-08-18 11:00:00,789.68,33.36647060000007,15.211,0
2025-08-18 11:30:00,789.65,33.265091600000005,15.165,0
2025-08-18 12:00:00,789.59,33.2305841000001,15.119,0
2025-08-18 12:30:00,789.53,33.061476200000016,15.066,0
2025-08-18 13:00:00,789.56,32.9395409,15.014,0
2025-08-18 13:30:00,789.64,32.77277349999997,14.957,0
2025-08-18 14:00:00,789.61,32.64488230000006,14.899,0
2025-08-18 14:30:00,789.53,32.71885700000007,14.839,0
2025-08-18 15:00:00,789.46,32.61928570000009,14.783,0
2025-08-18 15:30:00,789.43,32.501591499999904,14.728,0
2025-08-18 16:00:00,789.28,32.45866000000001,14.687,0
2025-08-18 16:30:00,789.22,32.45168440000009,14.652,0
2025-08-18 17:00:00,789.24,32.404384200000095,14.626,0
2025-08-18 17:30:00,789.21,32.317281000000094,14.609,0
2025-08-18 18:00:00,789.16,32.29583260000004,14.6,0
2025-08-18 18:30:00,789.18,32.40148739999995,14.594,0
2025-08-18 19:00:00,789.18,32.37293580000005,14.597,0
2025-08-18 19:30:00,789.21,32.34583260000011,14.607,0
2025-08-18 20:00:00,789.15,32.28991140000005,14.621,0
2025-08-18 20:30:00,789.27,32.28142920000005,14.638,0
2025-08-18 21:00:00,789.31,32.22965620000002,14.661,0
2025-08-18 21:30:00,789.43,32.26604079999993,14.69,0
2025-08-18 22:00:00,789.37,32.38040950000004,14.722,0
2025-08-18 22:30:00,789.4,32.37370030000011,14.756,0
2025-08-18 23:00:00,789.38,32.41182320000007,14.79,0
2025-08-18 23:30:00,789.39,32.52583260000006,14.828,0
2025-08-19 00:00:00,789.52,32.595670300000165,14.867,0
2025-08-19 00:30:00,789.6,32.541069900000025,14.907,0
2025-08-19 01:00:00,789.69,32.638207800000146,14.948,0
2025-08-19 01:30:00,789.88,32.663016400000174,14.991,0
2025-08-19 02:00:00,790.16,32.7329582000001,15.033,0
2025-08-19 02:30:00,790.38,32.7918456000001,15.076,0
2025-08-19 03:00:00,790.56,32.888230200000066,15.115,0
2025-08-19 03:30:00,790.77,32.87389619999999,15.154,0
2025-08-19 04:00:00,791.01,32.918113800000015,15.191,0
2025-08-19 04:30:00,791.13,33.02995620000013,15.223,0
2025-08-19 05:00:00,791.18,33.154394300000035,15.249,0
2025-08-19 05:30:00,791.22,33.18317760000002,15.276,0
2025-08-19 06:00:00,791.32,33.234232000000134,15.294,0
2025-08-19 06:30:00,791.5,33.21131170000001,15.31,0
2025-08-19 07:00:00,791.65,33.19815970000002,15.318,0
2025-08-19 07:30:00,791.77,33.19681539999999,15.319,0
2025-08-19 08:00:00,791.77,33.32223850000014,15.319,0
2025-08-19 08:30:00,790.52,32.12832200000014,15.308,0
2025-08-19 09:00:00,790.62,32.31601620000015,15.293,0
2025-08-19 09:30:00,790.76,32.31529760000012,15.274,0
2025-08-19 10:00:00,790.78,32.30572630000006,15.247,0
2025-08-19 10:30:00,790.81,32.32348989999991,15.216,0
2025-08-19 11:00:00,790.81,32.31533230000002,15.181,0
2025-08-19 11:30:00,790.65,32.31134640000016,15.143,0
2025-08-19 12:00:00,790.68,32.2485537,15.099,0
2025-08-19 12:30:00,790.7,32.09520470000007,15.05,0
2025-08-19 13:00:00,790.62,32.12125350000008,15.0,0
2025-08-19 13:30:00,790.66,32.00116060000005,14.948,0
2025-08-19 14:00:00,790.64,31.868993600000067,14.892,0
2025-08-19 14:30:00,790.67,31.792944799999987,14.835,0
2025-08-19 15:00:00,790.6,31.710708400000158,14.778,0
2025-08-19 15:30:00,790.54,31.62113709999994,14.725,0
2025-08-19 16:00:00,790.44,31.61189040000022,14.685,0
2025-08-19 16:30:00,790.35,31.50455550000015,14.652,0
2025-08-19 17:00:00,790.38,31.48051140000007,14.629,0
2025-08-19 17:30:00,790.36,31.46459020000009,14.612,0
2025-08-19 18:00:00,790.13,31.043906300000117,14.605,0
2025-08-19 18:30:00,790.08,31.032654900000125,14.604,0
2025-08-19 19:00:00,790.09,31.083442900000136,14.61,0
2025-08-19 19:30:00,790.09,30.89173930000004,14.621,0
