datetime,lvl_cm,temp_C
2024-08-22 17:30:00,777.62,9.661
2024-08-22 18:00:00,777.42,9.586
2024-08-22 18:30:00,777.38,9.723
2024-08-22 19:00:00,777.45,9.934
2024-08-22 19:30:00,777.61,10.229
2024-08-22 20:00:00,777.81,10.623
2024-08-22 20:30:00,777.82,11.063
2024-08-22 21:00:00,778.02,11.537
2024-08-22 21:30:00,778.13,12.03
2024-08-22 22:00:00,778.14,12.469
2024-08-22 22:30:00,777.99,12.855
2024-08-22 23:00:00,778.2,13.189
2024-08-22 23:30:00,778.2,13.441
2024-08-23 00:00:00,777.13,13.619
2024-08-23 00:30:00,777.14,13.721
2024-08-23 01:00:00,777.05,13.749
2024-08-23 01:30:00,776.91,13.722
2024-08-23 02:00:00,776.68,13.637
2024-08-23 02:30:00,776.56,13.511
2024-08-23 03:00:00,776.49,13.359
2024-08-23 03:30:00,776.58,13.196
2024-08-23 04:00:00,776.14,13.029
2024-08-23 04:30:00,775.84,12.864
2024-08-23 05:00:00,775.73,12.703
2024-08-23 05:30:00,775.36,12.547
2024-08-23 06:00:00,775.24,12.396
2024-08-23 06:30:00,774.94,12.245
2024-08-23 07:00:00,774.78,12.096
2024-08-23 07:30:00,774.48,11.948
2024-08-23 08:00:00,774.13,11.799
2024-08-23 08:30:00,774.0,11.649
2024-08-23 09:00:00,773.91,11.5
2024-08-23 09:30:00,773.72,11.349
2024-08-23 10:00:00,773.68,11.201
2024-08-23 10:30:00,773.59,11.053
2024-08-23 11:00:00,773.57,10.906
2024-08-23 11:30:00,773.53,10.758
2024-08-23 12:00:00,773.47,10.613
2024-08-23 12:30:00,773.43,10.457
2024-08-23 13:00:00,773.64,10.306
2024-08-23 13:30:00,773.58,10.156
2024-08-23 14:00:00,773.54,10.009
2024-08-23 14:30:00,773.71,9.874
2024-08-23 15:00:00,773.72,9.737
2024-08-23 15:30:00,774.21,9.618
2024-08-23 16:00:00,774.37,9.51
2024-08-23 16:30:00,774.51,9.418
2024-08-23 17:00:00,774.74,9.392
2024-08-23 17:30:00,774.98,9.489
2024-08-23 18:00:00,775.52,9.597
2024-08-23 18:30:00,775.61,9.729
2024-08-23 19:00:00,775.66,9.907
2024-08-23 19:30:00,775.9,10.13
2024-08-23 20:00:00,776.19,10.421
2024-08-23 20:30:00,776.32,10.741
2024-08-23 21:00:00,776.29,11.061
2024-08-23 21:30:00,776.42,11.379
2024-08-23 22:00:00,776.41,11.656
2024-08-23 22:30:00,776.43,11.872
2024-08-23 23:00:00,776.09,12.026
2024-08-23 23:30:00,776.19,12.105
2024-08-24 00:00:00,776.12,12.131
2024-08-24 00:30:00,776.07,12.117
2024-08-24 01:00:00,775.78,12.06
2024-08-24 01:30:00,775.47,11.966
2024-08-24 02:00:00,775.23,11.847
2024-08-24 02:30:00,775.21,11.707
2024-08-24 03:00:00,774.98,11.561
2024-08-24 03:30:00,774.63,11.417
2024-08-24 04:00:00,774.61,11.272
2024-08-24 04:30:00,774.56,11.132
2024-08-24 05:00:00,774.37,10.992
2024-08-24 05:30:00,774.46,10.855
2024-08-24 06:00:00,774.66,10.725
2024-08-24 06:30:00,774.53,10.597
2024-08-24 07:00:00,774.66,10.47
2024-08-24 07:30:00,774.6,10.347
2024-08-24 08:00:00,774.63,10.232
2024-08-24 08:30:00,774.65,10.123
2024-08-24 09:00:00,774.3,10.026
2024-08-24 09:30:00,774.06,9.934
2024-08-24 10:00:00,774.26,9.847
2024-08-24 10:30:00,774.01,9.764
2024-08-24 11:00:00,774.44,9.684
2024-08-24 11:30:00,774.33,9.604
2024-08-24 12:00:00,774.21,9.524
2024-08-24 12:30:00,774.2,9.443
2024-08-24 13:00:00,774.36,9.355
2024-08-24 13:30:00,774.81,9.269
2024-08-24 14:00:00,774.53,9.173
2024-08-24 14:30:00,774.68,9.074
2024-08-24 15:00:00,775.12,8.975
2024-08-24 15:30:00,775.49,8.875
2024-08-24 16:00:00,776.17,8.776
2024-08-24 16:30:00,775.83,8.677
2024-08-24 17:00:00,775.92,8.593
2024-08-24 17:30:00,776.38,8.522
2024-08-24 18:00:00,776.32,8.478
2024-08-24 18:30:00,776.43,8.469
2024-08-24 19:00:00,776.41,8.491
2024-08-24 19:30:00,776.41,8.533
2024-08-24 20:00:00,776.55,8.605
2024-08-24 20:30:00,777.31,8.703
2024-08-24 21:00:00,777.39,8.845
2024-08-24 21:30:00,777.44,9.003
2024-08-24 22:00:00,777.19,9.178
2024-08-24 22:30:00,777.38,9.349
2024-08-24 23:00:00,777.48,9.519
2024-08-24 23:30:00,777.8,9.678
2024-08-25 00:00:00,778.08,9.814
2024-08-25 00:30:00,778.21,9.91
2024-08-25 01:00:00,778.15,9.961
2024-08-25 01:30:00,778.13,9.968
2024-08-25 02:00:00,778.04,9.934
2024-08-25 02:30:00,778.04,9.865
2024-08-25 03:00:00,777.98,9.762
2024-08-25 03:30:00,777.82,9.638
2024-08-25 04:00:00,777.79,9.509
2024-08-25 04:30:00,778.34,9.386
2024-08-25 05:00:00,778.5,9.265
2024-08-25 05:30:00,778.66,9.141
2024-08-25 06:00:00,778.75,9.015
2024-08-25 06:30:00,778.9,8.887
2024-08-25 07:00:00,778.69,8.762
2024-08-25 07:30:00,778.42,8.641
2024-08-25 08:00:00,778.12,8.513
2024-08-25 08:30:00,777.87,8.387
2024-08-25 09:00:00,777.74,8.255
2024-08-25 09:30:00,778.61,8.125
2024-08-25 10:00:00,778.81,7.988
2024-08-25 10:30:00,779.03,7.849
2024-08-25 11:00:00,779.39,7.709
2024-08-25 11:30:00,779.43,7.566
2024-08-25 12:00:00,779.18,7.426
2024-08-25 12:30:00,778.95,7.285
2024-08-25 13:00:00,778.74,7.144
2024-08-25 13:30:00,779.54,7.009
2024-08-25 14:00:00,779.79,6.872
2024-08-25 14:30:00,779.97,6.743
2024-08-25 15:00:00,780.11,6.617
2024-08-25 15:30:00,780.02,6.498
2024-08-25 16:00:00,779.7,6.389
2024-08-25 16:30:00,779.49,6.306
2024-08-25 17:00:00,779.45,6.309
2024-08-25 17:30:00,779.54,6.412
2024-08-25 18:00:00,779.68,6.534
2024-08-25 18:30:00,779.86,6.699
2024-08-25 19:00:00,780.19,6.936
2024-08-25 19:30:00,780.64,7.244
2024-08-25 20:00:00,781.17,7.622
2024-08-25 20:30:00,781.67,8.046
2024-08-25 21:00:00,782.01,8.507
2024-08-25 21:30:00,782.23,8.981
2024-08-25 22:00:00,782.51,9.42
2024-08-25 22:30:00,782.38,9.805
2024-08-25 23:00:00,782.59,10.142
2024-08-25 23:30:00,782.71,10.423
2024-08-26 00:00:00,782.91,10.656
2024-08-26 00:30:00,782.47,10.804
2024-08-26 01:00:00,782.6,10.901
2024-08-26 01:30:00,782.65,10.94
2024-08-26 02:00:00,782.68,10.931
2024-08-26 02:30:00,782.77,10.885
2024-08-26 03:00:00,782.94,10.814
2024-08-26 03:30:00,782.98,10.732
2024-08-26 04:00:00,783.13,10.641
2024-08-26 04:30:00,783.14,10.549
2024-08-26 05:00:00,783.18,10.45
2024-08-26 05:30:00,783.17,10.346
2024-08-26 06:00:00,783.07,10.243
2024-08-26 06:30:00,782.99,10.138
2024-08-26 07:00:00,783.04,10.032
2024-08-26 07:30:00,783.08,9.922
2024-08-26 08:00:00,783.16,9.818
2024-08-26 08:30:00,782.99,9.713
2024-08-26 09:00:00,782.94,9.612
2024-08-26 09:30:00,782.94,9.509
2024-08-26 10:00:00,782.96,9.405
2024-08-26 10:30:00,782.97,9.301
2024-08-26 11:00:00,782.89,9.193
2024-08-26 11:30:00,782.67,9.082
2024-08-26 12:00:00,782.51,8.968
2024-08-26 12:30:00,782.34,8.851
2024-08-26 13:00:00,782.28,8.735
2024-08-26 13:30:00,782.28,8.619
2024-08-26 14:00:00,783.14,8.5
2024-08-26 14:30:00,783.28,8.385
2024-08-26 15:00:00,783.4,8.276
2024-08-26 15:30:00,783.37,8.171
2024-08-26 16:00:00,783.52,8.076
2024-08-26 16:30:00,783.62,8.003
2024-08-26 17:00:00,783.68,8.013
2024-08-26 17:30:00,783.8,8.136
2024-08-26 18:00:00,783.99,8.28
2024-08-26 18:30:00,784.24,8.468
2024-08-26 19:00:00,784.42,8.725
2024-08-26 19:30:00,784.79,9.052
2024-08-26 20:00:00,785.06,9.445
2024-08-26 20:30:00,785.14,9.896
2024-08-26 21:00:00,785.05,10.381
2024-08-26 21:30:00,785.2,10.877
2024-08-26 22:00:00,784.82,11.342
2024-08-26 22:30:00,784.58,11.774
2024-08-26 23:00:00,784.49,12.131
2024-08-26 23:30:00,784.67,12.421
2024-08-27 00:00:00,784.83,12.614
2024-08-27 00:30:00,784.94,12.747
2024-08-27 01:00:00,784.93,12.819
2024-08-27 01:30:00,784.91,12.835
2024-08-27 02:00:00,784.77,12.791
2024-08-27 02:30:00,784.74,12.714
2024-08-27 03:00:00,784.57,12.607
2024-08-27 03:30:00,784.43,12.494
2024-08-27 04:00:00,784.39,12.371
2024-08-27 04:30:00,784.22,12.248
2024-08-27 05:00:00,784.13,12.122
2024-08-27 05:30:00,784.05,11.988
2024-08-27 06:00:00,783.94,11.849
2024-08-27 06:30:00,783.76,11.712
2024-08-27 07:00:00,783.62,11.572
2024-08-27 07:30:00,783.61,11.432
2024-08-27 08:00:00,783.48,11.291
2024-08-27 08:30:00,783.33,11.152
2024-08-27 09:00:00,783.09,11.025
2024-08-27 09:30:00,782.97,10.899
2024-08-27 10:00:00,782.86,10.777
2024-08-27 10:30:00,782.61,10.655
2024-08-27 11:00:00,782.53,10.537
2024-08-27 11:30:00,782.71,10.419
2024-08-27 12:00:00,782.71,10.304
2024-08-27 12:30:00,782.72,10.182
2024-08-27 13:00:00,782.93,10.061
2024-08-27 13:30:00,782.77,9.934
2024-08-27 14:00:00,782.66,9.808
2024-08-27 14:30:00,782.6,9.679
2024-08-27 15:00:00,782.54,9.55
2024-08-27 15:30:00,782.49,9.427
2024-08-27 16:00:00,782.16,9.321
2024-08-27 16:30:00,782.02,9.238
2024-08-27 17:00:00,781.97,9.24
2024-08-27 17:30:00,782.11,9.368
2024-08-27 18:00:00,782.22,9.505
2024-08-27 18:30:00,782.37,9.676
2024-08-27 19:00:00,782.62,9.921
2024-08-27 19:30:00,782.96,10.228
2024-08-27 20:00:00,783.42,10.621
2024-08-27 20:30:00,783.34,11.102
2024-08-27 21:00:00,783.63,11.576
2024-08-27 21:30:00,783.46,12.082
2024-08-27 22:00:00,783.3,12.538
2024-08-27 22:30:00,783.28,12.932
2024-08-27 23:00:00,783.43,13.261
2024-08-27 23:30:00,783.4,13.532
2024-08-28 00:00:00,783.4,13.752
2024-08-28 00:30:00,783.37,13.888
2024-08-28 01:00:00,783.34,13.94
2024-08-28 01:30:00,783.28,13.936
2024-08-28 02:00:00,783.22,13.875
2024-08-28 02:30:00,783.05,13.768
2024-08-28 03:00:00,782.91,13.635
2024-08-28 03:30:00,782.78,13.49
2024-08-28 04:00:00,782.78,13.339
2024-08-28 04:30:00,782.68,13.186
2024-08-28 05:00:00,782.55,13.036
2024-08-28 05:30:00,782.48,12.883
2024-08-28 06:00:00,782.29,12.73
2024-08-28 06:30:00,782.06,12.574
2024-08-28 07:00:00,781.93,12.421
2024-08-28 07:30:00,781.86,12.272
2024-08-28 08:00:00,781.71,12.124
2024-08-28 08:30:00,781.57,11.979
2024-08-28 09:00:00,781.46,11.83
2024-08-28 09:30:00,781.36,11.684
2024-08-28 10:00:00,781.35,11.548
2024-08-28 10:30:00,781.28,11.406
2024-08-28 11:00:00,781.11,11.27
2024-08-28 11:30:00,780.95,11.133
2024-08-28 12:00:00,781.21,10.999
2024-08-28 12:30:00,781.09,10.863
2024-08-28 13:00:00,781.07,10.727
2024-08-28 13:30:00,781.16,10.594
2024-08-28 14:00:00,781.32,10.46
2024-08-28 14:30:00,781.1,10.334
2024-08-28 15:00:00,780.95,10.209
2024-08-28 15:30:00,780.95,10.096
2024-08-28 16:00:00,780.64,9.999
2024-08-28 16:30:00,780.44,9.922
2024-08-28 17:00:00,780.32,9.929
2024-08-28 17:30:00,780.43,10.052
2024-08-28 18:00:00,780.59,10.184
2024-08-28 18:30:00,780.81,10.357
2024-08-28 19:00:00,781.0,10.585
2024-08-28 19:30:00,781.25,10.888
2024-08-28 20:00:00,781.75,11.274
2024-08-28 20:30:00,782.23,11.687
2024-08-28 21:00:00,782.36,12.155
2024-08-28 21:30:00,782.22,12.651
2024-08-28 22:00:00,782.22,13.076
2024-08-28 22:30:00,782.21,13.465
2024-08-28 23:00:00,781.4,13.783
2024-08-28 23:30:00,781.36,14.048
2024-08-29 00:00:00,781.55,14.246
2024-08-29 00:30:00,781.65,14.372
2024-08-29 01:00:00,781.51,14.433
2024-08-29 01:30:00,781.61,14.433
2024-08-29 02:00:00,781.63,14.37
2024-08-29 02:30:00,781.49,14.265
2024-08-29 03:00:00,781.43,14.132
2024-08-29 03:30:00,781.45,13.984
2024-08-29 04:00:00,781.52,13.831
2024-08-29 04:30:00,781.39,13.676
2024-08-29 05:00:00,781.35,13.524
2024-08-29 05:30:00,781.28,13.371
2024-08-29 06:00:00,781.24,13.218
2024-08-29 06:30:00,781.03,13.063
2024-08-29 07:00:00,781.01,12.909
2024-08-29 07:30:00,781.13,12.758
2024-08-29 08:00:00,781.02,12.608
2024-08-29 08:30:00,780.98,12.465
2024-08-29 09:00:00,781.01,12.324
2024-08-29 09:30:00,781.17,12.184
2024-08-29 10:00:00,780.84,12.049
2024-08-29 10:30:00,780.6,11.916
2024-08-29 11:00:00,780.52,11.784
2024-08-29 11:30:00,780.66,11.652
2024-08-29 12:00:00,780.48,11.519
2024-08-29 12:30:00,780.74,11.384
2024-08-29 13:00:00,780.52,11.251
2024-08-29 13:30:00,781.0,11.117
2024-08-29 14:00:00,781.4,10.987
2024-08-29 14:30:00,781.65,10.859
2024-08-29 15:00:00,781.87,10.736
2024-08-29 15:30:00,781.87,10.622
2024-08-29 16:00:00,782.07,10.524
2024-08-29 16:30:00,782.0,10.446
2024-08-29 17:00:00,781.96,10.471
2024-08-29 17:30:00,782.15,10.621
2024-08-29 18:00:00,782.28,10.754
2024-08-29 18:30:00,782.44,10.896
2024-08-29 19:00:00,782.63,11.095
2024-08-29 19:30:00,782.84,11.374
2024-08-29 20:00:00,783.3,11.709
2024-08-29 20:30:00,783.63,12.135
2024-08-29 21:00:00,783.56,12.601
2024-08-29 21:30:00,783.6,13.076
2024-08-29 22:00:00,783.62,13.519
2024-08-29 22:30:00,782.79,13.936
2024-08-29 23:00:00,782.81,14.303
2024-08-29 23:30:00,783.02,14.614
2024-08-30 00:00:00,783.17,14.841
2024-08-30 00:30:00,783.44,14.998
2024-08-30 01:00:00,783.64,15.078
2024-08-30 01:30:00,783.68,15.081
2024-08-30 02:00:00,783.64,15.031
2024-08-30 02:30:00,783.54,14.927
2024-08-30 03:00:00,783.4,14.793
2024-08-30 03:30:00,783.35,14.639
2024-08-30 04:00:00,783.27,14.473
2024-08-30 04:30:00,783.24,14.307
2024-08-30 05:00:00,783.17,14.142
2024-08-30 05:30:00,783.09,13.976
2024-08-30 06:00:00,782.98,13.808
2024-08-30 06:30:00,782.93,13.643
2024-08-30 07:00:00,782.91,13.48
2024-08-30 07:30:00,782.82,13.322
2024-08-30 08:00:00,782.67,13.167
2024-08-30 08:30:00,782.57,13.017
2024-08-30 09:00:00,782.53,12.865
2024-08-30 09:30:00,782.64,12.716
2024-08-30 10:00:00,782.47,12.569
2024-08-30 10:30:00,782.3,12.419
2024-08-30 11:00:00,782.25,12.278
2024-08-30 11:30:00,782.32,12.135
2024-08-30 12:00:00,782.14,11.995
2024-08-30 12:30:00,781.99,11.852
2024-08-30 13:00:00,782.16,11.715
2024-08-30 13:30:00,781.99,11.575
2024-08-30 14:00:00,782.74,11.434
2024-08-30 14:30:00,783.25,11.294
2024-08-30 15:00:00,783.42,11.161
2024-08-30 15:30:00,783.55,11.036
2024-08-30 16:00:00,783.79,10.929
2024-08-30 16:30:00,783.57,10.844
2024-08-30 17:00:00,783.52,10.861
2024-08-30 17:30:00,783.64,10.991
2024-08-30 18:00:00,783.83,11.116
2024-08-30 18:30:00,783.99,11.261
2024-08-30 19:00:00,784.22,11.464
2024-08-30 19:30:00,784.4,11.729
2024-08-30 20:00:00,784.85,12.076
2024-08-30 20:30:00,785.24,12.481
2024-08-30 21:00:00,785.29,12.905
2024-08-30 21:30:00,785.36,13.27
2024-08-30 22:00:00,785.34,13.545
2024-08-30 22:30:00,785.34,13.77
2024-08-30 23:00:00,785.21,13.961
2024-08-30 23:30:00,784.26,14.119
2024-08-31 00:00:00,784.37,14.234
2024-08-31 00:30:00,784.37,14.312
2024-08-31 01:00:00,784.4,14.35
2024-08-31 01:30:00,784.33,14.347
2024-08-31 02:00:00,784.36,14.307
2024-08-31 02:30:00,784.38,14.229
2024-08-31 03:00:00,784.45,14.118
2024-08-31 03:30:00,784.49,13.985
2024-08-31 04:00:00,784.56,13.845
2024-08-31 04:30:00,784.44,13.706
2024-08-31 05:00:00,784.4,13.567
2024-08-31 05:30:00,784.39,13.431
2024-08-31 06:00:00,784.26,13.288
2024-08-31 06:30:00,783.99,13.149
2024-08-31 07:00:00,783.95,13.008
2024-08-31 07:30:00,783.88,12.866
2024-08-31 08:00:00,783.89,12.725
2024-08-31 08:30:00,783.7,12.588
2024-08-31 09:00:00,783.32,12.449
2024-08-31 09:30:00,782.96,12.315
2024-08-31 10:00:00,782.71,12.183
2024-08-31 10:30:00,782.41,12.055
2024-08-31 11:00:00,782.13,11.929
2024-08-31 11:30:00,782.64,11.805
2024-08-31 12:00:00,782.67,11.681
2024-08-31 12:30:00,782.7,11.56
2024-08-31 13:00:00,782.89,11.439
2024-08-31 13:30:00,783.27,11.318
2024-08-31 14:00:00,783.47,11.199
2024-08-31 14:30:00,783.2,11.082
2024-08-31 15:00:00,782.94,10.965
2024-08-31 15:30:00,782.7,10.858
2024-08-31 16:00:00,782.54,10.764
2024-08-31 16:30:00,783.18,10.689
2024-08-31 17:00:00,783.3,10.719
2024-08-31 17:30:00,783.41,10.865
2024-08-31 18:00:00,783.58,11.004
2024-08-31 18:30:00,783.46,11.155
2024-08-31 19:00:00,783.26,11.361
2024-08-31 19:30:00,782.94,11.646
2024-08-31 20:00:00,783.35,12.008
2024-08-31 20:30:00,783.82,12.372
2024-08-31 21:00:00,784.22,12.779
2024-08-31 21:30:00,784.2,13.181
2024-08-31 22:00:00,784.15,13.543
2024-08-31 22:30:00,783.52,13.883
2024-08-31 23:00:00,783.63,14.192
2024-08-31 23:30:00,783.67,14.41
2024-09-01 00:00:00,783.77,14.543
2024-09-01 00:30:00,783.81,14.615
2024-09-01 01:00:00,784.0,14.625
2024-09-01 01:30:00,783.83,14.566
2024-09-01 02:00:00,783.59,14.469
2024-09-01 02:30:00,783.46,14.345
2024-09-01 03:00:00,783.37,14.196
2024-09-01 03:30:00,783.45,14.034
2024-09-01 04:00:00,783.42,13.855
2024-09-01 04:30:00,783.34,13.684
2024-09-01 05:00:00,783.16,13.518
2024-09-01 05:30:00,783.01,13.356
2024-09-01 06:00:00,782.86,13.194
2024-09-01 06:30:00,782.64,13.039
2024-09-01 07:00:00,782.57,12.887
2024-09-01 07:30:00,782.83,12.741
2024-09-01 08:00:00,782.55,12.595
2024-09-01 08:30:00,782.18,12.453
2024-09-01 09:00:00,781.97,12.311
2024-09-01 09:30:00,781.74,12.174
2024-09-01 10:00:00,781.78,12.037
2024-09-01 10:30:00,781.46,11.901
2024-09-01 11:00:00,781.19,11.771
2024-09-01 11:30:00,781.17,11.642
2024-09-01 12:00:00,781.04,11.513
2024-09-01 12:30:00,780.78,11.385
2024-09-01 13:00:00,781.32,11.26
2024-09-01 13:30:00,781.43,11.135
2024-09-01 14:00:00,781.66,11.01
2024-09-01 14:30:00,781.76,10.889
2024-09-01 15:00:00,781.96,10.771
2024-09-01 15:30:00,782.0,10.661
2024-09-01 16:00:00,781.74,10.562
2024-09-01 16:30:00,781.6,10.489
2024-09-01 17:00:00,781.6,10.529
2024-09-01 17:30:00,781.69,10.665
2024-09-01 18:00:00,781.84,10.778
2024-09-01 18:30:00,781.95,10.92
2024-09-01 19:00:00,782.1,11.118
2024-09-01 19:30:00,782.42,11.378
2024-09-01 20:00:00,782.72,11.696
2024-09-01 20:30:00,783.19,12.078
2024-09-01 21:00:00,783.7,12.505
2024-09-01 21:30:00,783.72,12.947
2024-09-01 22:00:00,783.62,13.36
2024-09-01 22:30:00,782.71,13.702
2024-09-01 23:00:00,782.68,14.021
2024-09-01 23:30:00,782.65,14.261
2024-09-02 00:00:00,782.67,14.445
2024-09-02 00:30:00,782.7,14.568
2024-09-02 01:00:00,782.68,14.626
2024-09-02 01:30:00,782.58,14.625
2024-09-02 02:00:00,782.46,14.571
2024-09-02 02:30:00,782.27,14.47
2024-09-02 03:00:00,782.1,14.341
2024-09-02 03:30:00,781.9,14.196
2024-09-02 04:00:00,781.83,14.039
2024-09-02 04:30:00,781.7,13.878
2024-09-02 05:00:00,781.6,13.714
2024-09-02 05:30:00,781.63,13.556
2024-09-02 06:00:00,781.55,13.395
2024-09-02 06:30:00,781.55,13.24
2024-09-02 07:00:00,781.46,13.079
2024-09-02 07:30:00,781.28,12.923
2024-09-02 08:00:00,781.09,12.771
2024-09-02 08:30:00,781.0,12.621
2024-09-02 09:00:00,780.82,12.478
2024-09-02 09:30:00,780.47,12.334
2024-09-02 10:00:00,780.2,12.198
2024-09-02 10:30:00,779.92,12.061
2024-09-02 11:00:00,779.97,11.928
2024-09-02 11:30:00,779.71,11.797
2024-09-02 12:00:00,779.43,11.667
2024-09-02 12:30:00,779.25,11.542
2024-09-02 13:00:00,779.4,11.418
2024-09-02 13:30:00,779.66,11.296
2024-09-02 14:00:00,780.09,11.174
2024-09-02 14:30:00,780.34,11.055
2024-09-02 15:00:00,780.59,10.943
2024-09-02 15:30:00,780.81,10.843
2024-09-02 16:00:00,780.94,10.76
2024-09-02 16:30:00,780.81,10.69
2024-09-02 17:00:00,780.77,10.691
2024-09-02 17:30:00,780.82,10.774
2024-09-02 18:00:00,780.83,10.847
2024-09-02 18:30:00,780.95,10.952
2024-09-02 19:00:00,781.08,11.074
2024-09-02 19:30:00,781.17,11.258
2024-09-02 20:00:00,781.59,11.516
2024-09-02 20:30:00,781.95,11.804
2024-09-02 21:00:00,782.3,12.066
2024-09-02 21:30:00,782.5,12.313
2024-09-02 22:00:00,782.44,12.572
2024-09-02 22:30:00,782.58,12.826
2024-09-02 23:00:00,782.61,13.043
2024-09-02 23:30:00,782.53,13.219
2024-09-03 00:00:00,782.57,13.349
2024-09-03 00:30:00,782.48,13.43
2024-09-03 01:00:00,781.42,13.464
2024-09-03 01:30:00,781.27,13.456
2024-09-03 02:00:00,781.12,13.404
2024-09-03 02:30:00,781.06,13.326
2024-09-03 03:00:00,781.01,13.215
2024-09-03 03:30:00,781.08,13.092
2024-09-03 04:00:00,781.13,12.963
2024-09-03 04:30:00,781.14,12.832
2024-09-03 05:00:00,781.1,12.7
2024-09-03 05:30:00,781.19,12.573
2024-09-03 06:00:00,781.15,12.45
2024-09-03 06:30:00,781.05,12.327
2024-09-03 07:00:00,780.83,12.21
2024-09-03 07:30:00,780.57,12.097
2024-09-03 08:00:00,780.25,11.984
2024-09-03 08:30:00,779.99,11.872
2024-09-03 09:00:00,779.7,11.764
2024-09-03 09:30:00,779.51,11.653
2024-09-03 10:00:00,780.0,11.543
2024-09-03 10:30:00,780.26,11.427
2024-09-03 11:00:00,780.36,11.318
2024-09-03 11:30:00,780.46,11.204
2024-09-03 12:00:00,780.62,11.087
2024-09-03 12:30:00,780.89,10.973
2024-09-03 13:00:00,780.94,10.856
2024-09-03 13:30:00,780.78,10.744
2024-09-03 14:00:00,780.65,10.634
2024-09-03 14:30:00,780.96,10.524
2024-09-03 15:00:00,781.21,10.413
2024-09-03 15:30:00,781.31,10.31
2024-09-03 16:00:00,781.55,10.224
2024-09-03 16:30:00,781.73,10.159
2024-09-03 17:00:00,781.96,10.218
2024-09-03 17:30:00,782.02,10.37
2024-09-03 18:00:00,782.18,10.498
2024-09-03 18:30:00,782.08,10.639
2024-09-03 19:00:00,782.1,10.835
2024-09-03 19:30:00,782.05,11.107
2024-09-03 20:00:00,782.09,11.454
2024-09-03 20:30:00,782.13,11.834
2024-09-03 21:00:00,782.33,12.267
2024-09-03 21:30:00,783.0,12.708
2024-09-03 22:00:00,783.57,13.144
2024-09-03 22:30:00,783.56,13.511
2024-09-03 23:00:00,783.59,13.839
2024-09-03 23:30:00,783.66,14.117
2024-09-04 00:00:00,782.86,14.307
2024-09-04 00:30:00,782.99,14.439
2024-09-04 01:00:00,783.15,14.512
2024-09-04 01:30:00,783.13,14.517
2024-09-04 02:00:00,783.09,14.466
2024-09-04 02:30:00,783.06,14.364
2024-09-04 03:00:00,782.86,14.235
2024-09-04 03:30:00,782.72,14.083
2024-09-04 04:00:00,782.68,13.925
2024-09-04 04:30:00,782.68,13.764
2024-09-04 05:00:00,782.61,13.602
2024-09-04 05:30:00,782.52,13.44
2024-09-04 06:00:00,782.49,13.277
2024-09-04 06:30:00,782.58,13.112
2024-09-04 07:00:00,782.58,12.953
2024-09-04 07:30:00,782.5,12.799
2024-09-04 08:00:00,782.16,12.65
2024-09-04 08:30:00,781.86,12.503
2024-09-04 09:00:00,781.56,12.359
2024-09-04 09:30:00,781.36,12.221
2024-09-04 10:00:00,781.92,12.084
2024-09-04 10:30:00,781.96,11.95
2024-09-04 11:00:00,782.01,11.817
2024-09-04 11:30:00,782.02,11.686
2024-09-04 12:00:00,782.24,11.556
2024-09-04 12:30:00,782.43,11.426
2024-09-04 13:00:00,782.33,11.301
2024-09-04 13:30:00,782.13,11.179
2024-09-04 14:00:00,782.12,11.056
2024-09-04 14:30:00,782.83,10.936
2024-09-04 15:00:00,782.98,10.82
2024-09-04 15:30:00,783.13,10.71
2024-09-04 16:00:00,783.28,10.617
2024-09-04 16:30:00,783.29,10.539
2024-09-04 17:00:00,783.5,10.594
2024-09-04 17:30:00,783.53,10.741
2024-09-04 18:00:00,783.51,10.869
2024-09-04 18:30:00,783.49,11.003
2024-09-04 19:00:00,783.58,11.19
2024-09-04 19:30:00,783.62,11.451
2024-09-04 20:00:00,783.66,11.775
2024-09-04 20:30:00,783.86,12.151
2024-09-04 21:00:00,783.94,12.602
2024-09-04 21:30:00,784.49,13.082
2024-09-04 22:00:00,785.05,13.49
2024-09-04 22:30:00,785.56,13.872
2024-09-04 23:00:00,785.68,14.204
2024-09-04 23:30:00,785.83,14.47
2024-09-05 00:00:00,785.92,14.688
2024-09-05 00:30:00,785.33,14.829
2024-09-05 01:00:00,785.41,14.908
2024-09-05 01:30:00,785.48,14.933
2024-09-05 02:00:00,785.47,14.895
2024-09-05 02:30:00,785.44,14.813
2024-09-05 03:00:00,785.4,14.696
2024-09-05 03:30:00,785.33,14.56
2024-09-05 04:00:00,785.4,14.414
2024-09-05 04:30:00,785.39,14.265
2024-09-05 05:00:00,785.31,14.11
2024-09-05 05:30:00,785.32,13.959
2024-09-05 06:00:00,785.31,13.806
2024-09-05 06:30:00,785.13,13.654
2024-09-05 07:00:00,784.96,13.5
2024-09-05 07:30:00,784.91,13.348
2024-09-05 08:00:00,784.77,13.196
2024-09-05 08:30:00,784.46,13.042
2024-09-05 09:00:00,784.17,12.89
2024-09-05 09:30:00,784.01,12.738
2024-09-05 10:00:00,784.55,12.585
2024-09-05 10:30:00,784.67,12.436
2024-09-05 11:00:00,784.62,12.288
2024-09-05 11:30:00,784.64,12.139
2024-09-05 12:00:00,784.81,11.995
2024-09-05 12:30:00,784.85,11.851
2024-09-05 13:00:00,785.02,11.714
2024-09-05 13:30:00,785.03,11.583
2024-09-05 14:00:00,785.33,11.456
2024-09-05 14:30:00,785.33,11.328
2024-09-05 15:00:00,785.47,11.21
2024-09-05 15:30:00,785.5,11.101
2024-09-05 16:00:00,785.52,11.005
2024-09-05 16:30:00,785.86,10.927
2024-09-05 17:00:00,785.85,10.987
2024-09-05 17:30:00,786.02,11.142
2024-09-05 18:00:00,786.14,11.261
2024-09-05 18:30:00,786.24,11.375
2024-09-05 19:00:00,786.42,11.559
2024-09-05 19:30:00,786.74,11.818
2024-09-05 20:00:00,787.03,12.139
2024-09-05 20:30:00,787.29,12.521
2024-09-05 21:00:00,787.36,12.969
2024-09-05 21:30:00,786.51,13.409
2024-09-05 22:00:00,786.53,13.824
2024-09-05 22:30:00,786.77,14.193
2024-09-05 23:00:00,786.93,14.537
2024-09-05 23:30:00,787.04,14.831
2024-09-06 00:00:00,787.1,15.053
2024-09-06 00:30:00,787.08,15.221
2024-09-06 01:00:00,787.0,15.315
2024-09-06 01:30:00,786.86,15.345
2024-09-06 02:00:00,786.8,15.314
2024-09-06 02:30:00,786.74,15.234
2024-09-06 03:00:00,786.69,15.118
2024-09-06 03:30:00,786.71,14.979
2024-09-06 04:00:00,786.54,14.824
2024-09-06 04:30:00,786.36,14.664
2024-09-06 05:00:00,786.17,14.5
2024-09-06 05:30:00,786.02,14.335
2024-09-06 06:00:00,785.83,14.167
2024-09-06 06:30:00,785.81,14.001
2024-09-06 07:00:00,785.66,13.835
2024-09-06 07:30:00,785.49,13.674
2024-09-06 08:00:00,785.31,13.518
2024-09-06 08:30:00,785.2,13.367
2024-09-06 09:00:00,785.11,13.222
2024-09-06 09:30:00,784.94,13.078
2024-09-06 10:00:00,784.77,12.939
2024-09-06 10:30:00,784.78,12.803
2024-09-06 11:00:00,784.62,12.673
2024-09-06 11:30:00,784.4,12.543
2024-09-06 12:00:00,784.32,12.421
2024-09-06 12:30:00,784.26,12.301
2024-09-06 13:00:00,784.28,12.182
2024-09-06 13:30:00,784.51,12.065
2024-09-06 14:00:00,784.39,11.949
2024-09-06 14:30:00,784.3,11.836
2024-09-06 15:00:00,784.12,11.73
2024-09-06 15:30:00,784.23,11.638
2024-09-06 16:00:00,783.96,11.561
2024-09-06 16:30:00,783.75,11.5
2024-09-06 17:00:00,783.88,11.565
2024-09-06 17:30:00,784.05,11.675
2024-09-06 18:00:00,784.02,11.755
2024-09-06 18:30:00,784.17,11.846
2024-09-06 19:00:00,784.26,11.976
2024-09-06 19:30:00,784.54,12.154
2024-09-06 20:00:00,784.61,12.344
2024-09-06 20:30:00,784.94,12.573
2024-09-06 21:00:00,785.24,12.849
2024-09-06 21:30:00,785.34,13.146
2024-09-06 22:00:00,785.82,13.423
2024-09-06 22:30:00,785.52,13.64
2024-09-06 23:00:00,785.54,13.801
2024-09-06 23:30:00,785.2,13.943
2024-09-07 00:00:00,785.04,14.059
2024-09-07 00:30:00,784.87,14.122
2024-09-07 01:00:00,784.53,14.147
2024-09-07 01:30:00,784.43,14.133
2024-09-07 02:00:00,784.39,14.088
2024-09-07 02:30:00,784.25,14.014
2024-09-07 03:00:00,784.16,13.914
2024-09-07 03:30:00,784.07,13.804
2024-09-07 04:00:00,783.95,13.682
2024-09-07 04:30:00,783.93,13.556
2024-09-07 05:00:00,783.77,13.43
2024-09-07 05:30:00,783.68,13.299
2024-09-07 06:00:00,783.68,13.163
2024-09-07 06:30:00,783.58,13.027
2024-09-07 07:00:00,783.68,12.888
2024-09-07 07:30:00,783.56,12.75
2024-09-07 08:00:00,783.18,12.611
2024-09-07 08:30:00,782.98,12.476
2024-09-07 09:00:00,782.68,12.341
2024-09-07 09:30:00,782.37,12.212
2024-09-07 10:00:00,782.02,12.082
2024-09-07 10:30:00,781.73,11.956
2024-09-07 11:00:00,781.42,11.829
2024-09-07 11:30:00,781.25,11.705
2024-09-07 12:00:00,781.26,11.585
2024-09-07 12:30:00,781.03,11.462
2024-09-07 13:00:00,781.34,11.342
2024-09-07 13:30:00,781.55,11.22
2024-09-07 14:00:00,781.78,11.101
2024-09-07 14:30:00,782.0,10.984
2024-09-07 15:00:00,782.08,10.871
2024-09-07 15:30:00,782.33,10.765
2024-09-07 16:00:00,782.1,10.677
2024-09-07 16:30:00,781.88,10.601
2024-09-07 17:00:00,782.15,10.668
2024-09-07 17:30:00,782.22,10.771
2024-09-07 18:00:00,782.18,10.829
2024-09-07 18:30:00,782.24,10.906
2024-09-07 19:00:00,782.32,11.031
2024-09-07 19:30:00,782.44,11.201
2024-09-07 20:00:00,782.67,11.396
2024-09-07 20:30:00,782.86,11.634
2024-09-07 21:00:00,783.12,11.945
2024-09-07 21:30:00,783.45,12.28
2024-09-07 22:00:00,783.35,12.606
2024-09-07 22:30:00,783.25,12.92
2024-09-07 23:00:00,783.13,13.201
2024-09-07 23:30:00,782.15,13.451
2024-09-08 00:00:00,781.98,13.676
2024-09-08 00:30:00,781.93,13.824
2024-09-08 01:00:00,781.79,13.921
2024-09-08 01:30:00,781.68,13.968
2024-09-08 02:00:00,781.56,13.953
2024-09-08 02:30:00,781.53,13.892
2024-09-08 03:00:00,781.46,13.796
2024-09-08 03:30:00,781.34,13.677
2024-09-08 04:00:00,781.31,13.544
2024-09-08 04:30:00,781.29,13.399
2024-09-08 05:00:00,781.22,13.249
2024-09-08 05:30:00,781.27,13.091
2024-09-08 06:00:00,780.97,12.933
2024-09-08 06:30:00,780.77,12.773
2024-09-08 07:00:00,780.58,12.615
2024-09-08 07:30:00,780.49,12.455
2024-09-08 08:00:00,780.32,12.299
2024-09-08 08:30:00,780.13,12.151
2024-09-08 09:00:00,779.78,12.001
2024-09-08 09:30:00,779.65,11.862
2024-09-08 10:00:00,779.54,11.725
2024-09-08 10:30:00,779.72,11.591
2024-09-08 11:00:00,779.39,11.462
2024-09-08 11:30:00,779.22,11.333
2024-09-08 12:00:00,779.06,11.204
2024-09-08 12:30:00,778.9,11.078
2024-09-08 13:00:00,778.77,10.953
2024-09-08 13:30:00,778.97,10.831
2024-09-08 14:00:00,779.42,10.704
2024-09-08 14:30:00,779.78,10.583
2024-09-08 15:00:00,779.97,10.462
2024-09-08 15:30:00,780.04,10.345
2024-09-08 16:00:00,780.35,10.248
2024-09-08 16:30:00,780.21,10.175
2024-09-08 17:00:00,780.27,10.25
2024-09-08 17:30:00,780.46,10.377
2024-09-08 18:00:00,780.52,10.476
2024-09-08 18:30:00,780.68,10.597
2024-09-08 19:00:00,780.91,10.793
2024-09-08 19:30:00,781.27,11.041
2024-09-08 20:00:00,781.73,11.338
2024-09-08 20:30:00,782.08,11.673
2024-09-08 21:00:00,782.79,12.053
2024-09-08 21:30:00,782.42,12.437
2024-09-08 22:00:00,782.18,12.781
2024-09-08 22:30:00,781.42,13.076
2024-09-08 23:00:00,781.53,13.366
2024-09-08 23:30:00,781.55,13.621
2024-09-09 00:00:00,781.35,13.791
2024-09-09 00:30:00,781.24,13.9
2024-09-09 01:00:00,781.27,13.957
2024-09-09 01:30:00,781.26,13.967
2024-09-09 02:00:00,781.16,13.927
2024-09-09 02:30:00,781.14,13.833
2024-09-09 03:00:00,781.02,13.711
2024-09-09 03:30:00,781.05,13.568
2024-09-09 04:00:00,781.12,13.414
2024-09-09 04:30:00,781.05,13.255
2024-09-09 05:00:00,781.17,13.09
2024-09-09 05:30:00,781.09,12.928
2024-09-09 06:00:00,780.95,12.766
2024-09-09 06:30:00,780.78,12.599
2024-09-09 07:00:00,780.6,12.431
2024-09-09 07:30:00,780.58,12.267
2024-09-09 08:00:00,780.62,12.104
2024-09-09 08:30:00,780.45,11.95
2024-09-09 09:00:00,780.28,11.794
2024-09-09 09:30:00,780.27,11.645
2024-09-09 10:00:00,780.07,11.504
2024-09-09 10:30:00,779.73,11.362
2024-09-09 11:00:00,779.57,11.225
2024-09-09 11:30:00,779.38,11.085
2024-09-09 12:00:00,779.52,10.95
2024-09-09 12:30:00,779.28,10.816
2024-09-09 13:00:00,779.54,10.683
2024-09-09 13:30:00,780.07,10.55
2024-09-09 14:00:00,780.45,10.418
2024-09-09 14:30:00,780.84,10.289
2024-09-09 15:00:00,780.66,10.158
2024-09-09 15:30:00,780.4,10.037
2024-09-09 16:00:00,780.24,9.93
2024-09-09 16:30:00,780.31,9.849
2024-09-09 17:00:00,780.52,9.919
2024-09-09 17:30:00,780.68,10.031
2024-09-09 18:00:00,780.84,10.098
2024-09-09 18:30:00,780.89,10.187
2024-09-09 19:00:00,780.82,10.338
2024-09-09 19:30:00,780.92,10.556
2024-09-09 20:00:00,780.98,10.833
2024-09-09 20:30:00,781.41,11.171
2024-09-09 21:00:00,781.9,11.553
2024-09-09 21:30:00,782.33,11.95
2024-09-09 22:00:00,782.52,12.35
2024-09-09 22:30:00,782.47,12.695
2024-09-09 23:00:00,782.42,13.002
2024-09-09 23:30:00,782.38,13.287
2024-09-10 00:00:00,781.35,13.502
2024-09-10 00:30:00,781.39,13.651
2024-09-10 01:00:00,781.45,13.748
2024-09-10 01:30:00,781.45,13.787
2024-09-10 02:00:00,781.44,13.764
2024-09-10 02:30:00,781.36,13.69
2024-09-10 03:00:00,781.23,13.57
2024-09-10 03:30:00,781.18,13.429
2024-09-10 04:00:00,781.24,13.268
2024-09-10 04:30:00,781.23,13.099
2024-09-10 05:00:00,780.94,12.925
2024-09-10 05:30:00,780.72,12.746
2024-09-10 06:00:00,780.57,12.563
2024-09-10 06:30:00,780.4,12.376
2024-09-10 07:00:00,780.14,12.186
2024-09-10 07:30:00,779.86,12.0
2024-09-10 08:00:00,779.61,11.818
2024-09-10 08:30:00,779.57,11.639
2024-09-10 09:00:00,779.37,11.462
2024-09-10 09:30:00,779.2,11.29
2024-09-10 10:00:00,778.78,11.123
2024-09-10 10:30:00,778.46,10.958
2024-09-10 11:00:00,778.01,10.795
2024-09-10 11:30:00,777.72,10.636
2024-09-10 12:00:00,778.0,10.481
2024-09-10 12:30:00,778.02,10.328
2024-09-10 13:00:00,777.99,10.178
2024-09-10 13:30:00,778.03,10.029
2024-09-10 14:00:00,778.41,9.887
2024-09-10 14:30:00,778.3,9.752
2024-09-10 15:00:00,778.1,9.615
2024-09-10 15:30:00,777.92,9.483
2024-09-10 16:00:00,777.76,9.372
2024-09-10 16:30:00,777.6,9.287
2024-09-10 17:00:00,777.94,9.364
2024-09-10 17:30:00,777.78,9.477
2024-09-10 18:00:00,777.8,9.548
2024-09-10 18:30:00,777.83,9.619
2024-09-10 19:00:00,777.71,9.755
2024-09-10 19:30:00,777.77,9.961
2024-09-10 20:00:00,777.75,10.246
2024-09-10 20:30:00,778.05,10.565
2024-09-10 21:00:00,778.44,10.94
2024-09-10 21:30:00,778.87,11.359
2024-09-10 22:00:00,779.02,11.732
2024-09-10 22:30:00,778.88,12.056
2024-09-10 23:00:00,778.8,12.338
2024-09-10 23:30:00,778.48,12.607
2024-09-11 00:00:00,777.71,12.803
2024-09-11 00:30:00,777.71,12.928
2024-09-11 01:00:00,777.7,13.008
2024-09-11 01:30:00,777.58,13.032
2024-09-11 02:00:00,777.48,12.998
2024-09-11 02:30:00,777.26,12.909
2024-09-11 03:00:00,777.08,12.779
2024-09-11 03:30:00,776.96,12.62
2024-09-11 04:00:00,776.91,12.444
2024-09-11 04:30:00,776.61,12.256
2024-09-11 05:00:00,776.63,12.064
2024-09-11 05:30:00,776.32,11.865
2024-09-11 06:00:00,776.08,11.663
2024-09-11 06:30:00,776.0,11.455
2024-09-11 07:00:00,775.63,11.247
2024-09-11 07:30:00,775.28,11.039
2024-09-11 08:00:00,775.13,10.839
2024-09-11 08:30:00,774.95,10.646
2024-09-11 09:00:00,774.71,10.449
2024-09-11 09:30:00,774.45,10.26
2024-09-11 10:00:00,774.55,10.074
2024-09-11 10:30:00,774.08,9.891
2024-09-11 11:00:00,773.68,9.715
2024-09-11 11:30:00,773.27,9.54
2024-09-11 12:00:00,772.84,9.369
2024-09-11 12:30:00,773.48,9.204
2024-09-11 13:00:00,773.52,9.042
2024-09-11 13:30:00,774.35,8.881
2024-09-11 14:00:00,774.15,8.726
2024-09-11 14:30:00,773.97,8.575
2024-09-11 15:00:00,773.68,8.428
2024-09-11 15:30:00,773.49,8.294
2024-09-11 16:00:00,773.46,8.178
2024-09-11 16:30:00,773.33,8.093
2024-09-11 17:00:00,773.34,8.174
2024-09-11 17:30:00,773.58,8.298
2024-09-11 18:00:00,773.26,8.351
2024-09-11 18:30:00,773.25,8.402
2024-09-11 19:00:00,773.14,8.506
2024-09-11 19:30:00,773.23,8.691
2024-09-11 20:00:00,773.33,8.937
2024-09-11 20:30:00,773.57,9.225
2024-09-11 21:00:00,773.98,9.565
2024-09-11 21:30:00,774.51,9.934
2024-09-11 22:00:00,774.89,10.298
2024-09-11 22:30:00,775.06,10.623
2024-09-11 23:00:00,774.95,10.922
2024-09-11 23:30:00,774.7,11.174
2024-09-12 00:00:00,774.58,11.381
2024-09-12 00:30:00,773.75,11.528
2024-09-12 01:00:00,773.76,11.622
2024-09-12 01:30:00,773.64,11.662
2024-09-12 02:00:00,773.47,11.648
2024-09-12 02:30:00,773.4,11.583
2024-09-12 03:00:00,773.28,11.471
2024-09-12 03:30:00,773.25,11.331
2024-09-12 04:00:00,773.23,11.167
2024-09-12 04:30:00,773.18,11.001
2024-09-12 05:00:00,772.92,10.826
2024-09-12 05:30:00,772.66,10.649
2024-09-12 06:00:00,772.58,10.466
2024-09-12 06:30:00,772.21,10.283
2024-09-12 07:00:00,771.92,10.1
2024-09-12 07:30:00,771.73,9.914
2024-09-12 08:00:00,771.52,9.732
2024-09-12 08:30:00,771.3,9.552
2024-09-12 09:00:00,771.11,9.369
2024-09-12 09:30:00,770.92,9.191
2024-09-12 10:00:00,770.78,9.014
2024-09-12 10:30:00,770.5,8.846
2024-09-12 11:00:00,770.19,8.679
2024-09-12 11:30:00,769.83,8.514
2024-09-12 12:00:00,769.59,8.343
2024-09-12 12:30:00,770.04,8.183
2024-09-12 13:00:00,770.04,8.021
2024-09-12 13:30:00,770.9,7.858
2024-09-12 14:00:00,771.05,7.699
2024-09-12 14:30:00,771.29,7.546
2024-09-12 15:00:00,771.24,7.398
2024-09-12 15:30:00,771.02,7.258
2024-09-12 16:00:00,770.96,7.138
2024-09-12 16:30:00,770.97,7.054
2024-09-12 17:00:00,771.18,7.14
2024-09-12 17:30:00,771.33,7.277
2024-09-12 18:00:00,771.43,7.326
2024-09-12 18:30:00,771.6,7.36
2024-09-12 19:00:00,771.67,7.453
2024-09-12 19:30:00,771.88,7.618
2024-09-12 20:00:00,772.19,7.851
2024-09-12 20:30:00,772.58,8.145
2024-09-12 21:00:00,772.93,8.491
2024-09-12 21:30:00,773.37,8.874
2024-09-12 22:00:00,773.5,9.255
2024-09-12 22:30:00,773.59,9.614
2024-09-12 23:00:00,773.61,9.949
2024-09-12 23:30:00,773.68,10.259
2024-09-13 00:00:00,773.14,10.521
2024-09-13 00:30:00,773.43,10.729
2024-09-13 01:00:00,773.57,10.881
2024-09-13 01:30:00,773.68,10.977
2024-09-13 02:00:00,773.76,11.016
2024-09-13 02:30:00,773.75,11.006
2024-09-13 03:00:00,773.78,10.945
2024-09-13 03:30:00,773.68,10.849
2024-09-13 04:00:00,773.63,10.727
2024-09-13 04:30:00,773.5,10.588
2024-09-13 05:00:00,773.53,10.441
2024-09-13 05:30:00,773.67,10.287
2024-09-13 06:00:00,773.46,10.127
2024-09-13 06:30:00,773.34,9.97
2024-09-13 07:00:00,773.3,9.816
2024-09-13 07:30:00,773.3,9.657
2024-09-13 08:00:00,773.14,9.508
2024-09-13 08:30:00,772.99,9.363
2024-09-13 09:00:00,772.88,9.223
2024-09-13 09:30:00,772.73,9.09
2024-09-13 10:00:00,772.58,8.963
2024-09-13 10:30:00,772.48,8.839
2024-09-13 11:00:00,772.47,8.721
2024-09-13 11:30:00,772.45,8.603
2024-09-13 12:00:00,772.72,8.482
2024-09-13 12:30:00,772.72,8.361
2024-09-13 13:00:00,772.6,8.241
2024-09-13 13:30:00,772.59,8.119
2024-09-13 14:00:00,772.53,8.002
2024-09-13 14:30:00,772.68,7.884
2024-09-13 15:00:00,772.49,7.773
2024-09-13 15:30:00,772.75,7.663
2024-09-13 16:00:00,772.94,7.576
2024-09-13 16:30:00,773.54,7.525
2024-09-13 17:00:00,774.15,7.639
2024-09-13 17:30:00,774.3,7.796
2024-09-13 18:00:00,774.35,7.874
2024-09-13 18:30:00,774.42,7.926
2024-09-13 19:00:00,774.49,8.027
2024-09-13 19:30:00,774.62,8.205
2024-09-13 20:00:00,774.71,8.46
2024-09-13 20:30:00,774.74,8.762
2024-09-13 21:00:00,774.69,9.11
2024-09-13 21:30:00,774.71,9.489
2024-09-13 22:00:00,774.79,9.86
2024-09-13 22:30:00,774.9,10.225
2024-09-13 23:00:00,775.05,10.571
2024-09-13 23:30:00,775.16,10.889
2024-09-14 00:00:00,775.33,11.162
2024-09-14 00:30:00,775.35,11.384
2024-09-14 01:00:00,775.35,11.55
2024-09-14 01:30:00,775.36,11.659
2024-09-14 02:00:00,775.33,11.713
2024-09-14 02:30:00,775.6,11.711
2024-09-14 03:00:00,775.77,11.666
2024-09-14 03:30:00,775.99,11.584
2024-09-14 04:00:00,776.04,11.477
2024-09-14 04:30:00,776.05,11.346
2024-09-14 05:00:00,776.17,11.202
2024-09-14 05:30:00,776.16,11.053
2024-09-14 06:00:00,776.15,10.895
2024-09-14 06:30:00,776.06,10.73
2024-09-14 07:00:00,776.04,10.562
2024-09-14 07:30:00,775.95,10.395
2024-09-14 08:00:00,775.82,10.227
2024-09-14 08:30:00,775.81,10.062
2024-09-14 09:00:00,775.7,9.903
2024-09-14 09:30:00,775.64,9.748
2024-09-14 10:00:00,775.58,9.601
2024-09-14 10:30:00,775.5,9.46
2024-09-14 11:00:00,775.34,9.321
2024-09-14 11:30:00,775.29,9.186
2024-09-14 12:00:00,775.25,9.055
2024-09-14 12:30:00,775.24,8.93
2024-09-14 13:00:00,775.3,8.805
2024-09-14 13:30:00,775.53,8.68
2024-09-14 14:00:00,775.77,8.557
2024-09-14 14:30:00,775.96,8.437
2024-09-14 15:00:00,775.92,8.321
2024-09-14 15:30:00,775.9,8.213
2024-09-14 16:00:00,775.83,8.122
2024-09-14 16:30:00,775.84,8.064
2024-09-14 17:00:00,775.86,8.16
2024-09-14 17:30:00,775.78,8.301
2024-09-14 18:00:00,775.77,8.363
2024-09-14 18:30:00,775.84,8.418
2024-09-14 19:00:00,775.79,8.509
2024-09-14 19:30:00,775.85,8.679
2024-09-14 20:00:00,775.94,8.929
2024-09-14 20:30:00,775.98,9.217
2024-09-14 21:00:00,775.86,9.533
2024-09-14 21:30:00,776.02,9.889
2024-09-14 22:00:00,775.97,10.233
2024-09-14 22:30:00,776.01,10.573
2024-09-14 23:00:00,775.91,10.897
2024-09-14 23:30:00,775.97,11.19
2024-09-15 00:00:00,775.9,11.443
2024-09-15 00:30:00,775.77,11.633
2024-09-15 01:00:00,775.74,11.782
2024-09-15 01:30:00,775.72,11.872
2024-09-15 02:00:00,775.71,11.906
2024-09-15 02:30:00,775.79,11.89
2024-09-15 03:00:00,775.91,11.825
2024-09-15 03:30:00,776.13,11.725
2024-09-15 04:00:00,776.14,11.592
2024-09-15 04:30:00,776.21,11.449
2024-09-15 05:00:00,776.12,11.294
2024-09-15 05:30:00,776.07,11.13
2024-09-15 06:00:00,775.92,10.962
2024-09-15 06:30:00,775.67,10.792
2024-09-15 07:00:00,775.63,10.619
2024-09-15 07:30:00,775.5,10.449
2024-09-15 08:00:00,775.51,10.28
2024-09-15 08:30:00,775.3,10.112
2024-09-15 09:00:00,775.03,9.953
2024-09-15 09:30:00,774.9,9.796
2024-09-15 10:00:00,774.69,9.641
2024-09-15 10:30:00,774.35,9.493
2024-09-15 11:00:00,774.1,9.348
2024-09-15 11:30:00,774.04,9.203
2024-09-15 12:00:00,773.92,9.063
2024-09-15 12:30:00,773.92,8.921
2024-09-15 13:00:00,773.84,8.783
2024-09-15 13:30:00,773.78,8.649
2024-09-15 14:00:00,773.67,8.516
2024-09-15 14:30:00,773.6,8.382
2024-09-15 15:00:00,773.43,8.25
2024-09-15 15:30:00,773.27,8.132
2024-09-15 16:00:00,773.08,8.027
2024-09-15 16:30:00,772.85,7.972
2024-09-15 17:00:00,772.68,8.062
2024-09-15 17:30:00,772.71,8.195
2024-09-15 18:00:00,772.62,8.25
2024-09-15 18:30:00,772.52,8.312
2024-09-15 19:00:00,772.38,8.434
2024-09-15 19:30:00,772.06,8.608
2024-09-15 20:00:00,771.81,8.809
2024-09-15 20:30:00,771.59,9.067
2024-09-15 21:00:00,771.21,9.371
2024-09-15 21:30:00,771.13,9.692
2024-09-15 22:00:00,771.09,10.013
2024-09-15 22:30:00,771.02,10.31
2024-09-15 23:00:00,770.89,10.576
2024-09-15 23:30:00,770.62,10.815
2024-09-16 00:00:00,770.35,11.017
2024-09-16 00:30:00,770.07,11.166
2024-09-16 01:00:00,769.89,11.265
2024-09-16 01:30:00,769.79,11.309
2024-09-16 02:00:00,769.66,11.3
2024-09-16 02:30:00,769.58,11.239
2024-09-16 03:00:00,769.47,11.13
2024-09-16 03:30:00,769.43,10.986
2024-09-16 04:00:00,769.36,10.817
2024-09-16 04:30:00,768.92,10.631
2024-09-16 05:00:00,768.44,10.442
2024-09-16 05:30:00,768.34,10.259
2024-09-16 06:00:00,768.22,10.078
2024-09-16 06:30:00,768.1,9.896
2024-09-16 07:00:00,767.83,9.716
2024-09-16 07:30:00,767.78,9.544
2024-09-16 08:00:00,767.68,9.378
2024-09-16 08:30:00,767.39,9.219
2024-09-16 09:00:00,767.29,9.068
2024-09-16 09:30:00,766.98,8.934
2024-09-16 10:00:00,766.81,8.808
2024-09-16 10:30:00,766.6,8.688
2024-09-16 11:00:00,766.42,8.576
2024-09-16 11:30:00,766.46,8.466
2024-09-16 12:00:00,766.35,8.362
2024-09-16 12:30:00,766.36,8.259
2024-09-16 13:00:00,766.27,8.161
2024-09-16 13:30:00,766.35,8.063
2024-09-16 14:00:00,766.39,7.965
2024-09-16 14:30:00,766.29,7.871
2024-09-16 15:00:00,766.37,7.777
2024-09-16 15:30:00,766.52,7.682
2024-09-16 16:00:00,766.71,7.589
2024-09-16 16:30:00,766.78,7.533
2024-09-16 17:00:00,766.88,7.619
2024-09-16 17:30:00,767.13,7.737
2024-09-16 18:00:00,767.33,7.76
2024-09-16 18:30:00,767.44,7.763
2024-09-16 19:00:00,767.29,7.799
2024-09-16 19:30:00,767.2,7.909
2024-09-16 20:00:00,767.48,8.102
2024-09-16 20:30:00,767.94,8.302
2024-09-16 21:00:00,768.42,8.476
2024-09-16 21:30:00,768.56,8.598
2024-09-16 22:00:00,768.64,8.67
2024-09-16 22:30:00,768.84,8.726
2024-09-16 23:00:00,769.13,8.784
2024-09-16 23:30:00,769.46,8.82
2024-09-17 00:00:00,769.61,8.813
2024-09-17 00:30:00,769.83,8.758
2024-09-17 01:00:00,770.02,8.65
2024-09-17 01:30:00,770.29,8.53
2024-09-17 02:00:00,770.47,8.391
2024-09-17 02:30:00,770.5,8.242
2024-09-17 03:00:00,770.75,8.078
2024-09-17 03:30:00,770.95,7.899
2024-09-17 04:00:00,770.97,7.711
2024-09-17 04:30:00,771.09,7.529
2024-09-17 05:00:00,771.25,7.354
2024-09-17 05:30:00,771.13,7.189
2024-09-17 06:00:00,771.21,7.04
2024-09-17 06:30:00,771.26,6.894
2024-09-17 07:00:00,771.46,6.756
2024-09-17 07:30:00,771.69,6.625
2024-09-17 08:00:00,771.76,6.494
2024-09-17 08:30:00,771.75,6.367
2024-09-17 09:00:00,772.05,6.244
2024-09-17 09:30:00,771.79,6.125
2024-09-17 10:00:00,772.0,6.008
2024-09-17 10:30:00,772.55,5.89
2024-09-17 11:00:00,772.26,5.775
2024-09-17 11:30:00,772.11,5.668
2024-09-17 12:00:00,772.22,5.57
2024-09-17 12:30:00,772.53,5.481
2024-09-17 13:00:00,772.54,5.398
2024-09-17 13:30:00,772.86,5.325
2024-09-17 14:00:00,773.19,5.258
2024-09-17 14:30:00,773.43,5.203
2024-09-17 15:00:00,773.71,5.15
2024-09-17 15:30:00,773.86,5.108
2024-09-17 16:00:00,774.04,5.069
2024-09-17 16:30:00,773.96,5.047
2024-09-17 17:00:00,774.16,5.116
2024-09-17 17:30:00,774.22,5.275
2024-09-17 18:00:00,774.34,5.39
2024-09-17 18:30:00,774.36,5.506
2024-09-17 19:00:00,774.43,5.663
2024-09-17 19:30:00,774.3,5.862
2024-09-17 20:00:00,774.43,6.097
2024-09-17 20:30:00,774.34,6.342
2024-09-17 21:00:00,774.44,6.58
2024-09-17 21:30:00,774.23,6.836
2024-09-17 22:00:00,774.24,7.104
2024-09-17 22:30:00,774.15,7.376
2024-09-17 23:00:00,774.19,7.638
2024-09-17 23:30:00,774.41,7.882
2024-09-18 00:00:00,774.54,8.102
2024-09-18 00:30:00,774.69,8.277
2024-09-18 01:00:00,774.62,8.415
2024-09-18 01:30:00,774.74,8.504
2024-09-18 02:00:00,774.76,8.538
2024-09-18 02:30:00,774.83,8.517
2024-09-18 03:00:00,775.02,8.461
2024-09-18 03:30:00,775.14,8.378
2024-09-18 04:00:00,775.28,8.272
2024-09-18 04:30:00,775.12,8.157
2024-09-18 05:00:00,774.96,8.032
2024-09-18 05:30:00,774.87,7.906
2024-09-18 06:00:00,774.81,7.781
2024-09-18 06:30:00,774.94,7.659
2024-09-18 07:00:00,775.12,7.54
2024-09-18 07:30:00,775.24,7.433
2024-09-18 08:00:00,775.39,7.327
2024-09-18 08:30:00,775.35,7.231
2024-09-18 09:00:00,775.26,7.13
2024-09-18 09:30:00,774.97,7.035
2024-09-18 10:00:00,774.76,6.941
2024-09-18 10:30:00,774.59,6.849
2024-09-18 11:00:00,774.31,6.759
2024-09-18 11:30:00,773.91,6.676
2024-09-18 12:00:00,773.63,6.602
2024-09-18 12:30:00,773.69,6.531
2024-09-18 13:00:00,773.58,6.471
2024-09-18 13:30:00,773.49,6.416
2024-09-18 14:00:00,773.6,6.363
2024-09-18 14:30:00,773.66,6.309
2024-09-18 15:00:00,773.7,6.256
2024-09-18 15:30:00,773.73,6.21
2024-09-18 16:00:00,773.71,6.177
2024-09-18 16:30:00,773.65,6.168
2024-09-18 17:00:00,773.48,6.197
2024-09-18 17:30:00,773.42,6.273
2024-09-18 18:00:00,773.39,6.347
2024-09-18 18:30:00,773.35,6.433
2024-09-18 19:00:00,773.46,6.531
2024-09-18 19:30:00,773.95,6.638
2024-09-18 20:00:00,774.04,6.747
2024-09-18 20:30:00,773.72,6.849
2024-09-18 21:00:00,773.43,6.964
2024-09-18 21:30:00,773.22,7.092
2024-09-18 22:00:00,773.33,7.226
2024-09-18 22:30:00,773.37,7.349
2024-09-18 23:00:00,773.12,7.448
2024-09-18 23:30:00,773.03,7.533
2024-09-19 00:00:00,773.3,7.609
2024-09-19 00:30:00,773.3,7.668
2024-09-19 01:00:00,773.33,7.706
2024-09-19 01:30:00,773.65,7.725
2024-09-19 02:00:00,774.09,7.723
2024-09-19 02:30:00,774.28,7.703
2024-09-19 03:00:00,774.69,7.662
2024-09-19 03:30:00,774.82,7.604
2024-09-19 04:00:00,774.97,7.532
2024-09-19 04:30:00,774.79,7.456
2024-09-19 05:00:00,774.91,7.375
2024-09-19 05:30:00,774.78,7.296
2024-09-19 06:00:00,774.77,7.216
2024-09-19 06:30:00,774.79,7.133
2024-09-19 07:00:00,774.75,7.052
2024-09-19 07:30:00,774.7,6.977
2024-09-19 08:00:00,774.72,6.901
2024-09-19 08:30:00,774.75,6.827
2024-09-19 09:00:00,774.64,6.761
2024-09-19 09:30:00,774.39,6.699
2024-09-19 10:00:00,774.56,6.642
2024-09-19 10:30:00,774.72,6.587
2024-09-19 11:00:00,774.82,6.54
2024-09-19 11:30:00,774.8,6.489
2024-09-19 12:00:00,774.74,6.441
2024-09-19 12:30:00,774.43,6.391
2024-09-19 13:00:00,774.45,6.336
2024-09-19 13:30:00,774.39,6.274
2024-09-19 14:00:00,774.47,6.208
2024-09-19 14:30:00,774.68,6.147
2024-09-19 15:00:00,774.88,6.088
2024-09-19 15:30:00,775.03,6.045
2024-09-19 16:00:00,775.15,6.018
2024-09-19 16:30:00,775.14,6.036
2024-09-19 17:00:00,775.13,6.148
2024-09-19 17:30:00,775.25,6.291
2024-09-19 18:00:00,775.21,6.375
2024-09-19 18:30:00,775.19,6.472
2024-09-19 19:00:00,775.41,6.612
2024-09-19 19:30:00,775.41,6.815
2024-09-19 20:00:00,775.41,7.058
2024-09-19 20:30:00,775.41,7.309
2024-09-19 21:00:00,775.3,7.544
2024-09-19 21:30:00,775.33,7.742
2024-09-19 22:00:00,775.09,7.895
2024-09-19 22:30:00,775.38,8.001
2024-09-19 23:00:00,775.42,8.062
2024-09-19 23:30:00,775.4,8.084
2024-09-20 00:00:00,775.59,8.076
2024-09-20 00:30:00,775.48,8.045
2024-09-20 01:00:00,775.43,7.995
2024-09-20 01:30:00,775.37,7.933
2024-09-20 02:00:00,775.7,7.86
2024-09-20 02:30:00,775.84,7.785
2024-09-20 03:00:00,776.14,7.703
2024-09-20 03:30:00,776.36,7.625
2024-09-20 04:00:00,776.37,7.55
2024-09-20 04:30:00,776.27,7.48
2024-09-20 05:00:00,776.38,7.412
2024-09-20 05:30:00,776.65,7.342
2024-09-20 06:00:00,777.03,7.272
2024-09-20 06:30:00,776.91,7.197
2024-09-20 07:00:00,776.93,7.128
2024-09-20 07:30:00,776.75,7.062
2024-09-20 08:00:00,776.77,6.999
2024-09-20 08:30:00,776.62,6.938
2024-09-20 09:00:00,776.69,6.881
2024-09-20 09:30:00,776.71,6.822
2024-09-20 10:00:00,776.68,6.755
2024-09-20 10:30:00,776.61,6.681
2024-09-20 11:00:00,776.45,6.601
2024-09-20 11:30:00,776.39,6.515
2024-09-20 12:00:00,776.43,6.428
2024-09-20 12:30:00,776.52,6.332
2024-09-20 13:00:00,776.49,6.235
2024-09-20 13:30:00,776.89,6.139
2024-09-20 14:00:00,777.06,6.043
2024-09-20 14:30:00,777.23,5.946
2024-09-20 15:00:00,777.2,5.855
2024-09-20 15:30:00,777.15,5.765
2024-09-20 16:00:00,777.15,5.69
2024-09-20 16:30:00,777.19,5.661
2024-09-20 17:00:00,777.24,5.733
2024-09-20 17:30:00,777.3,5.848
2024-09-20 18:00:00,777.42,5.922
2024-09-20 18:30:00,777.68,6.014
2024-09-20 19:00:00,777.51,6.155
2024-09-20 19:30:00,777.48,6.324
2024-09-20 20:00:00,777.39,6.503
2024-09-20 20:30:00,777.33,6.708
2024-09-20 21:00:00,777.33,6.964
2024-09-20 21:30:00,777.37,7.235
2024-09-20 22:00:00,777.25,7.484
2024-09-20 22:30:00,777.09,7.686
2024-09-20 23:00:00,777.02,7.865
2024-09-20 23:30:00,777.0,8.018
2024-09-21 00:00:00,776.9,8.127
2024-09-21 00:30:00,777.04,8.2
2024-09-21 01:00:00,777.24,8.256
2024-09-21 01:30:00,777.4,8.291
2024-09-21 02:00:00,777.65,8.301
2024-09-21 02:30:00,777.91,8.289
2024-09-21 03:00:00,778.07,8.258
2024-09-21 03:30:00,778.18,8.212
2024-09-21 04:00:00,778.44,8.152
2024-09-21 04:30:00,778.4,8.083
2024-09-21 05:00:00,778.42,8.004
2024-09-21 05:30:00,778.45,7.917
2024-09-21 06:00:00,778.32,7.823
2024-09-21 06:30:00,778.35,7.725
2024-09-21 07:00:00,778.2,7.621
2024-09-21 07:30:00,778.24,7.515
2024-09-21 08:00:00,778.22,7.408
2024-09-21 08:30:00,778.16,7.302
2024-09-21 09:00:00,778.12,7.194
2024-09-21 09:30:00,778.16,7.085
2024-09-21 10:00:00,778.04,6.981
2024-09-21 10:30:00,777.8,6.876
2024-09-21 11:00:00,777.68,6.776
2024-09-21 11:30:00,777.71,6.683
2024-09-21 12:00:00,777.67,6.593
2024-09-21 12:30:00,777.84,6.51
2024-09-21 13:00:00,777.89,6.424
2024-09-21 13:30:00,777.94,6.338
2024-09-21 14:00:00,778.19,6.256
2024-09-21 14:30:00,778.39,6.166
2024-09-21 15:00:00,778.54,6.083
2024-09-21 15:30:00,778.48,5.998
2024-09-21 16:00:00,778.38,5.93
2024-09-21 16:30:00,778.4,5.911
2024-09-21 17:00:00,778.29,5.998
2024-09-21 17:30:00,778.32,6.133
2024-09-21 18:00:00,778.26,6.214
2024-09-21 18:30:00,778.12,6.314
2024-09-21 19:00:00,777.92,6.455
2024-09-21 19:30:00,777.95,6.661
2024-09-21 20:00:00,778.02,6.925
2024-09-21 20:30:00,778.08,7.242
2024-09-21 21:00:00,778.08,7.598
2024-09-21 21:30:00,778.04,7.978
2024-09-21 22:00:00,778.1,8.341
2024-09-21 22:30:00,778.11,8.653
2024-09-21 23:00:00,778.17,8.911
2024-09-21 23:30:00,778.24,9.135
2024-09-22 00:00:00,778.36,9.326
2024-09-22 00:30:00,778.63,9.474
2024-09-22 01:00:00,778.57,9.591
2024-09-22 01:30:00,778.7,9.677
2024-09-22 02:00:00,778.89,9.726
2024-09-22 02:30:00,779.03,9.746
2024-09-22 03:00:00,779.3,9.739
2024-09-22 03:30:00,779.36,9.704
2024-09-22 04:00:00,779.53,9.653
2024-09-22 04:30:00,779.62,9.585
2024-09-22 05:00:00,779.62,9.504
2024-09-22 05:30:00,779.68,9.414
2024-09-22 06:00:00,779.62,9.316
2024-09-22 06:30:00,779.62,9.214
2024-09-22 07:00:00,779.86,9.109
2024-09-22 07:30:00,779.94,9.005
2024-09-22 08:00:00,780.0,8.899
2024-09-22 08:30:00,779.99,8.798
2024-09-22 09:00:00,779.9,8.695
2024-09-22 09:30:00,779.8,8.598
2024-09-22 10:00:00,779.86,8.502
2024-09-22 10:30:00,779.76,8.409
2024-09-22 11:00:00,779.66,8.316
2024-09-22 11:30:00,779.64,8.227
2024-09-22 12:00:00,779.64,8.143
2024-09-22 12:30:00,779.73,8.056
2024-09-22 13:00:00,779.85,7.971
2024-09-22 13:30:00,779.97,7.886
2024-09-22 14:00:00,780.06,7.8
2024-09-22 14:30:00,780.41,7.716
2024-09-22 15:00:00,780.48,7.637
2024-09-22 15:30:00,780.56,7.559
2024-09-22 16:00:00,780.49,7.491
2024-09-22 16:30:00,780.46,7.471
2024-09-22 17:00:00,780.58,7.557
2024-09-22 17:30:00,780.59,7.677
2024-09-22 18:00:00,780.57,7.738
2024-09-22 18:30:00,780.47,7.818
2024-09-22 19:00:00,780.41,7.955
2024-09-22 19:30:00,780.19,8.15
2024-09-22 20:00:00,780.19,8.386
2024-09-22 20:30:00,779.96,8.667
2024-09-22 21:00:00,779.75,8.959
2024-09-22 21:30:00,779.59,9.261
2024-09-22 22:00:00,779.49,9.555
2024-09-22 22:30:00,779.47,9.793
2024-09-22 23:00:00,779.6,9.988
2024-09-22 23:30:00,779.56,10.164
2024-09-23 00:00:00,779.61,10.286
2024-09-23 00:30:00,779.62,10.365
2024-09-23 01:00:00,779.7,10.399
2024-09-23 01:30:00,779.77,10.396
2024-09-23 02:00:00,779.86,10.356
2024-09-23 02:30:00,780.03,10.3
2024-09-23 03:00:00,780.32,10.228
2024-09-23 03:30:00,780.61,10.148
2024-09-23 04:00:00,780.79,10.069
2024-09-23 04:30:00,780.91,9.987
2024-09-23 05:00:00,780.86,9.904
2024-09-23 05:30:00,780.76,9.819
2024-09-23 06:00:00,780.78,9.73
2024-09-23 06:30:00,780.73,9.641
2024-09-23 07:00:00,780.73,9.55
2024-09-23 07:30:00,780.6,9.455
2024-09-23 08:00:00,780.54,9.361
2024-09-23 08:30:00,780.58,9.265
2024-09-23 09:00:00,780.61,9.166
2024-09-23 09:30:00,780.71,9.068
2024-09-23 10:00:00,780.5,8.968
2024-09-23 10:30:00,780.52,8.862
2024-09-23 11:00:00,780.39,8.759
2024-09-23 11:30:00,780.48,8.655
2024-09-23 12:00:00,780.44,8.554
2024-09-23 12:30:00,780.52,8.451
2024-09-23 13:00:00,780.65,8.351
2024-09-23 13:30:00,780.78,8.252
2024-09-23 14:00:00,781.04,8.155
2024-09-23 14:30:00,781.32,8.055
2024-09-23 15:00:00,781.42,7.959
2024-09-23 15:30:00,781.26,7.868
2024-09-23 16:00:00,781.21,7.79
2024-09-23 16:30:00,781.25,7.764
2024-09-23 17:00:00,781.09,7.852
2024-09-23 17:30:00,781.17,7.984
2024-09-23 18:00:00,781.02,8.041
2024-09-23 18:30:00,780.91,8.094
2024-09-23 19:00:00,780.77,8.197
2024-09-23 19:30:00,780.63,8.352
2024-09-23 20:00:00,780.42,8.574
2024-09-23 20:30:00,780.26,8.85
2024-09-23 21:00:00,780.0,9.17
2024-09-23 21:30:00,779.73,9.512
2024-09-23 22:00:00,779.6,9.84
2024-09-23 22:30:00,779.56,10.153
2024-09-23 23:00:00,779.49,10.441
2024-09-23 23:30:00,779.49,10.7
2024-09-24 00:00:00,779.45,10.908
2024-09-24 00:30:00,779.57,11.058
2024-09-24 01:00:00,779.6,11.149
2024-09-24 01:30:00,779.64,11.189
2024-09-24 02:00:00,779.69,11.182
2024-09-24 02:30:00,779.75,11.131
2024-09-24 03:00:00,779.98,11.045
2024-09-24 03:30:00,780.27,10.938
2024-09-24 04:00:00,780.41,10.817
2024-09-24 04:30:00,780.43,10.685
2024-09-24 05:00:00,780.33,10.544
2024-09-24 05:30:00,780.36,10.4
2024-09-24 06:00:00,780.35,10.248
2024-09-24 06:30:00,780.23,10.096
2024-09-24 07:00:00,780.25,9.946
2024-09-24 07:30:00,780.21,9.799
2024-09-24 08:00:00,780.15,9.653
2024-09-24 08:30:00,780.1,9.516
2024-09-24 09:00:00,780.04,9.381
2024-09-24 09:30:00,779.98,9.251
2024-09-24 10:00:00,779.86,9.127
2024-09-24 10:30:00,779.74,9.003
2024-09-24 11:00:00,779.66,8.879
2024-09-24 11:30:00,779.64,8.762
2024-09-24 12:00:00,779.6,8.643
2024-09-24 12:30:00,779.58,8.524
2024-09-24 13:00:00,779.63,8.406
2024-09-24 13:30:00,779.69,8.292
2024-09-24 14:00:00,779.85,8.176
2024-09-24 14:30:00,780.08,8.064
2024-09-24 15:00:00,780.12,7.954
2024-09-24 15:30:00,780.02,7.849
2024-09-24 16:00:00,779.98,7.755
2024-09-24 16:30:00,779.91,7.725
2024-09-24 17:00:00,779.9,7.81
2024-09-24 17:30:00,779.92,7.927
2024-09-24 18:00:00,779.85,7.988
2024-09-24 18:30:00,779.67,8.029
2024-09-24 19:00:00,779.55,8.131
2024-09-24 19:30:00,779.39,8.312
2024-09-24 20:00:00,779.24,8.546
2024-09-24 20:30:00,779.1,8.824
2024-09-24 21:00:00,778.87,9.14
2024-09-24 21:30:00,778.63,9.472
2024-09-24 22:00:00,778.63,9.792
2024-09-24 22:30:00,778.55,10.09
2024-09-24 23:00:00,778.62,10.371
2024-09-24 23:30:00,778.55,10.623
2024-09-25 00:00:00,778.61,10.834
2024-09-25 00:30:00,778.48,10.988
2024-09-25 01:00:00,778.47,11.097
2024-09-25 01:30:00,778.61,11.152
2024-09-25 02:00:00,778.67,11.154
2024-09-25 02:30:00,778.75,11.107
2024-09-25 03:00:00,778.66,11.027
2024-09-25 03:30:00,778.82,10.922
2024-09-25 04:00:00,779.14,10.801
2024-09-25 04:30:00,779.24,10.672
2024-09-25 05:00:00,779.17,10.531
2024-09-25 05:30:00,779.05,10.383
2024-09-25 06:00:00,779.01,10.23
2024-09-25 06:30:00,778.85,10.083
2024-09-25 07:00:00,778.76,9.939
2024-09-25 07:30:00,778.69,9.795
2024-09-25 08:00:00,778.55,9.654
2024-09-25 08:30:00,778.46,9.522
2024-09-25 09:00:00,778.41,9.395
2024-09-25 09:30:00,778.21,9.273
2024-09-25 10:00:00,778.06,9.149
2024-09-25 10:30:00,777.94,9.026
2024-09-25 11:00:00,777.85,8.906
2024-09-25 11:30:00,777.76,8.788
2024-09-25 12:00:00,777.57,8.672
2024-09-25 12:30:00,777.46,8.555
2024-09-25 13:00:00,777.48,8.443
2024-09-25 13:30:00,777.43,8.331
2024-09-25 14:00:00,777.64,8.22
2024-09-25 14:30:00,777.83,8.112
2024-09-25 15:00:00,777.82,8.003
2024-09-25 15:30:00,777.7,7.902
2024-09-25 16:00:00,777.67,7.81
2024-09-25 16:30:00,777.62,7.78
2024-09-25 17:00:00,777.78,7.858
2024-09-25 17:30:00,777.68,7.975
2024-09-25 18:00:00,777.58,8.037
2024-09-25 18:30:00,777.76,8.092
2024-09-25 19:00:00,777.72,8.182
2024-09-25 19:30:00,777.5,8.334
2024-09-25 20:00:00,777.42,8.547
2024-09-25 20:30:00,777.22,8.803
2024-09-25 21:00:00,776.97,9.095
2024-09-25 21:30:00,776.76,9.407
2024-09-25 22:00:00,776.6,9.717
2024-09-25 22:30:00,776.57,10.004
2024-09-25 23:00:00,776.47,10.269
2024-09-25 23:30:00,776.45,10.507
2024-09-26 00:00:00,776.49,10.706
2024-09-26 00:30:00,776.57,10.853
2024-09-26 01:00:00,776.57,10.955
2024-09-26 01:30:00,776.69,11.009
2024-09-26 02:00:00,776.87,11.015
2024-09-26 02:30:00,777.0,10.979
2024-09-26 03:00:00,777.36,10.904
2024-09-26 03:30:00,777.47,10.807
2024-09-26 04:00:00,777.62,10.689
2024-09-26 04:30:00,777.68,10.556
2024-09-26 05:00:00,777.74,10.413
2024-09-26 05:30:00,777.68,10.261
2024-09-26 06:00:00,777.76,10.103
2024-09-26 06:30:00,777.78,9.939
2024-09-26 07:00:00,777.77,9.774
2024-09-26 07:30:00,777.72,9.607
2024-09-26 08:00:00,777.78,9.449
2024-09-26 08:30:00,777.83,9.288
2024-09-26 09:00:00,777.94,9.126
2024-09-26 09:30:00,777.87,8.966
2024-09-26 10:00:00,777.7,8.808
2024-09-26 10:30:00,777.66,8.652
2024-09-26 11:00:00,777.71,8.501
2024-09-26 11:30:00,777.6,8.343
2024-09-26 12:00:00,777.58,8.188
2024-09-26 12:30:00,777.56,8.031
2024-09-26 13:00:00,777.63,7.879
2024-09-26 13:30:00,777.72,7.727
2024-09-26 14:00:00,777.98,7.578
2024-09-26 14:30:00,778.0,7.423
2024-09-26 15:00:00,778.09,7.28
2024-09-26 15:30:00,778.02,7.136
2024-09-26 16:00:00,777.93,7.008
2024-09-26 16:30:00,778.06,6.95
2024-09-26 17:00:00,778.19,7.013
2024-09-26 17:30:00,778.29,7.104
2024-09-26 18:00:00,778.38,7.122
2024-09-26 18:30:00,778.42,7.124
2024-09-26 19:00:00,778.51,7.194
2024-09-26 19:30:00,778.58,7.343
2024-09-26 20:00:00,778.48,7.551
2024-09-26 20:30:00,778.44,7.802
2024-09-26 21:00:00,778.36,8.097
2024-09-26 21:30:00,778.42,8.412
2024-09-26 22:00:00,778.51,8.723
2024-09-26 22:30:00,778.58,9.015
2024-09-26 23:00:00,778.71,9.292
2024-09-26 23:30:00,778.87,9.56
2024-09-27 00:00:00,778.93,9.796
2024-09-27 00:30:00,779.05,9.978
2024-09-27 01:00:00,779.17,10.111
2024-09-27 01:30:00,779.34,10.191
2024-09-27 02:00:00,779.56,10.222
2024-09-27 02:30:00,779.66,10.206
2024-09-27 03:00:00,779.7,10.15
2024-09-27 03:30:00,780.01,10.067
2024-09-27 04:00:00,780.21,9.967
2024-09-27 04:30:00,780.29,9.849
2024-09-27 05:00:00,780.32,9.72
2024-09-27 05:30:00,780.38,9.584
2024-09-27 06:00:00,780.36,9.438
2024-09-27 06:30:00,780.45,9.286
2024-09-27 07:00:00,780.36,9.134
2024-09-27 07:30:00,780.13,8.985
2024-09-27 08:00:00,779.92,8.837
2024-09-27 08:30:00,779.85,8.694
2024-09-27 09:00:00,779.8,8.557
2024-09-27 09:30:00,779.81,8.424
2024-09-27 10:00:00,779.76,8.296
2024-09-27 10:30:00,779.63,8.17
2024-09-27 11:00:00,779.5,8.048
2024-09-27 11:30:00,779.41,7.93
2024-09-27 12:00:00,779.45,7.813
2024-09-27 12:30:00,779.45,7.703
2024-09-27 13:00:00,779.54,7.588
2024-09-27 13:30:00,779.65,7.477
2024-09-27 14:00:00,779.73,7.37
2024-09-27 14:30:00,779.85,7.265
2024-09-27 15:00:00,779.9,7.159
2024-09-27 15:30:00,779.98,7.06
2024-09-27 16:00:00,779.84,6.968
2024-09-27 16:30:00,779.85,6.949
2024-09-27 17:00:00,779.86,7.041
2024-09-27 17:30:00,779.86,7.142
2024-09-27 18:00:00,779.79,7.198
2024-09-27 18:30:00,779.64,7.254
2024-09-27 19:00:00,779.52,7.365
2024-09-27 19:30:00,779.4,7.52
2024-09-27 20:00:00,779.14,7.746
2024-09-27 20:30:00,779.26,8.016
2024-09-27 21:00:00,779.12,8.324
2024-09-27 21:30:00,779.07,8.648
2024-09-27 22:00:00,779.03,8.965
2024-09-27 22:30:00,779.0,9.26
2024-09-27 23:00:00,778.97,9.54
2024-09-27 23:30:00,778.94,9.799
2024-09-28 00:00:00,778.97,10.027
2024-09-28 00:30:00,779.02,10.201
2024-09-28 01:00:00,779.0,10.331
2024-09-28 01:30:00,779.07,10.416
2024-09-28 02:00:00,779.14,10.45
2024-09-28 02:30:00,779.26,10.436
2024-09-28 03:00:00,779.4,10.383
2024-09-28 03:30:00,779.49,10.296
2024-09-28 04:00:00,779.49,10.187
2024-09-28 04:30:00,779.43,10.063
2024-09-28 05:00:00,779.3,9.924
2024-09-28 05:30:00,779.32,9.776
2024-09-28 06:00:00,779.16,9.618
2024-09-28 06:30:00,779.12,9.459
2024-09-28 07:00:00,779.16,9.296
2024-09-28 07:30:00,779.25,9.139
2024-09-28 08:00:00,779.2,8.984
2024-09-28 08:30:00,779.13,8.833
2024-09-28 09:00:00,779.11,8.685
2024-09-28 09:30:00,779.13,8.543
2024-09-28 10:00:00,779.13,8.404
2024-09-28 10:30:00,778.96,8.274
2024-09-28 11:00:00,778.83,8.145
2024-09-28 11:30:00,778.66,8.017
2024-09-28 12:00:00,778.66,7.894
2024-09-28 12:30:00,778.68,7.778
2024-09-28 13:00:00,778.72,7.664
2024-09-28 13:30:00,778.84,7.558
2024-09-28 14:00:00,778.85,7.451
2024-09-28 14:30:00,778.93,7.348
2024-09-28 15:00:00,778.95,7.246
2024-09-28 15:30:00,778.97,7.148
2024-09-28 16:00:00,778.86,7.063
2024-09-28 16:30:00,778.87,7.03
2024-09-28 17:00:00,778.93,7.115
2024-09-28 17:30:00,778.87,7.194
2024-09-28 18:00:00,778.86,7.25
2024-09-28 18:30:00,778.81,7.29
2024-09-28 19:00:00,778.9,7.383
2024-09-28 19:30:00,778.9,7.585
2024-09-28 20:00:00,778.54,7.815
2024-09-28 20:30:00,778.41,8.078
2024-09-28 21:00:00,778.36,8.366
2024-09-28 21:30:00,778.14,8.674
2024-09-28 22:00:00,777.99,8.969
2024-09-28 22:30:00,777.85,9.244
2024-09-28 23:00:00,778.23,9.503
2024-09-28 23:30:00,778.3,9.746
2024-09-29 00:00:00,778.38,9.963
2024-09-29 00:30:00,778.33,10.139
2024-09-29 01:00:00,778.38,10.27
2024-09-29 01:30:00,778.5,10.361
2024-09-29 02:00:00,778.81,10.405
2024-09-29 02:30:00,778.95,10.404
2024-09-29 03:00:00,779.04,10.364
2024-09-29 03:30:00,779.25,10.293
2024-09-29 04:00:00,779.32,10.2
2024-09-29 04:30:00,779.26,10.088
2024-09-29 05:00:00,779.3,9.964
2024-09-29 05:30:00,779.2,9.829
2024-09-29 06:00:00,779.13,9.687
2024-09-29 06:30:00,778.99,9.54
2024-09-29 07:00:00,778.94,9.393
2024-09-29 07:30:00,778.81,9.24
2024-09-29 08:00:00,778.67,9.091
2024-09-29 08:30:00,778.51,8.944
2024-09-29 09:00:00,778.35,8.801
2024-09-29 09:30:00,778.11,8.663
2024-09-29 10:00:00,777.82,8.53
2024-09-29 10:30:00,777.63,8.403
2024-09-29 11:00:00,777.62,8.28
2024-09-29 11:30:00,778.03,8.159
2024-09-29 12:00:00,777.83,8.038
2024-09-29 12:30:00,777.76,7.917
2024-09-29 13:00:00,777.63,7.8
2024-09-29 13:30:00,777.8,7.682
2024-09-29 14:00:00,777.98,7.569
2024-09-29 14:30:00,778.33,7.455
2024-09-29 15:00:00,778.55,7.344
2024-09-29 15:30:00,778.54,7.236
2024-09-29 16:00:00,778.59,7.14
2024-09-29 16:30:00,778.64,7.092
2024-09-29 17:00:00,778.76,7.169
2024-09-29 17:30:00,778.87,7.232
2024-09-29 18:00:00,778.91,7.271
2024-09-29 18:30:00,778.89,7.303
2024-09-29 19:00:00,778.87,7.394
2024-09-29 19:30:00,779.07,7.556
2024-09-29 20:00:00,779.27,7.771
2024-09-29 20:30:00,779.5,8.024
2024-09-29 21:00:00,779.7,8.304
2024-09-29 21:30:00,779.86,8.605
2024-09-29 22:00:00,779.87,8.898
2024-09-29 22:30:00,780.03,9.17
2024-09-29 23:00:00,780.14,9.425
2024-09-29 23:30:00,780.18,9.667
2024-09-30 00:00:00,780.29,9.887
2024-09-30 00:30:00,780.3,10.065
2024-09-30 01:00:00,780.28,10.199
2024-09-30 01:30:00,780.37,10.292
2024-09-30 02:00:00,780.43,10.341
2024-09-30 02:30:00,780.58,10.347
2024-09-30 03:00:00,780.67,10.313
2024-09-30 03:30:00,780.61,10.248
2024-09-30 04:00:00,780.57,10.16
2024-09-30 04:30:00,780.42,10.055
2024-09-30 05:00:00,780.49,9.93
2024-09-30 05:30:00,780.45,9.796
2024-09-30 06:00:00,780.33,9.651
2024-09-30 06:30:00,780.14,9.501
2024-09-30 07:00:00,780.02,9.348
2024-09-30 07:30:00,779.68,9.193
2024-09-30 08:00:00,779.51,9.042
2024-09-30 08:30:00,779.4,8.897
2024-09-30 09:00:00,779.57,8.752
2024-09-30 09:30:00,779.4,8.616
2024-09-30 10:00:00,779.27,8.481
2024-09-30 10:30:00,779.14,8.351
2024-09-30 11:00:00,779.09,8.224
2024-09-30 11:30:00,779.69,8.103
2024-09-30 12:00:00,779.92,7.985
2024-09-30 12:30:00,780.02,7.872
2024-09-30 13:00:00,779.96,7.76
2024-09-30 13:30:00,779.93,7.651
2024-09-30 14:00:00,779.93,7.542
2024-09-30 14:30:00,780.17,7.441
2024-09-30 15:00:00,780.28,7.344
2024-09-30 15:30:00,780.23,7.248
2024-09-30 16:00:00,780.21,7.163
2024-09-30 16:30:00,780.3,7.135
2024-09-30 17:00:00,780.53,7.23
2024-09-30 17:30:00,780.72,7.302
2024-09-30 18:00:00,780.87,7.377
2024-09-30 18:30:00,780.95,7.418
2024-09-30 19:00:00,781.01,7.512
2024-09-30 19:30:00,781.13,7.654
2024-09-30 20:00:00,781.27,7.846
2024-09-30 20:30:00,781.53,8.088
2024-09-30 21:00:00,781.85,8.378
2024-09-30 21:30:00,782.26,8.696
2024-09-30 22:00:00,782.65,8.989
2024-09-30 22:30:00,782.85,9.26
2024-09-30 23:00:00,783.09,9.509
2024-09-30 23:30:00,783.34,9.751
2024-10-01 00:00:00,783.42,9.972
2024-10-01 00:30:00,783.56,10.155
2024-10-01 01:00:00,783.82,10.293
2024-10-01 01:30:00,784.08,10.395
2024-10-01 02:00:00,784.22,10.446
2024-10-01 02:30:00,784.44,10.453
2024-10-01 03:00:00,784.6,10.421
2024-10-01 03:30:00,784.77,10.353
2024-10-01 04:00:00,784.87,10.261
2024-10-01 04:30:00,784.81,10.15
2024-10-01 05:00:00,784.78,10.022
2024-10-01 05:30:00,784.73,9.886
2024-10-01 06:00:00,784.82,9.737
2024-10-01 06:30:00,784.69,9.58
2024-10-01 07:00:00,784.63,9.423
2024-10-01 07:30:00,784.39,9.266
2024-10-01 08:00:00,784.17,9.112
2024-10-01 08:30:00,783.95,8.963
2024-10-01 09:00:00,783.81,8.82
2024-10-01 09:30:00,783.69,8.683
2024-10-01 10:00:00,783.62,8.547
2024-10-01 10:30:00,783.48,8.414
2024-10-01 11:00:00,783.43,8.288
2024-10-01 11:30:00,783.39,8.167
2024-10-01 12:00:00,783.34,8.047
2024-10-01 12:30:00,783.36,7.931
2024-10-01 13:00:00,784.45,7.817
2024-10-01 13:30:00,784.51,7.701
2024-10-01 14:00:00,784.59,7.592
2024-10-01 14:30:00,784.64,7.485
2024-10-01 15:00:00,784.74,7.385
2024-10-01 15:30:00,784.95,7.289
2024-10-01 16:00:00,784.99,7.203
2024-10-01 16:30:00,784.99,7.172
2024-10-01 17:00:00,785.11,7.255
2024-10-01 17:30:00,785.12,7.292
2024-10-01 18:00:00,785.07,7.326
2024-10-01 18:30:00,785.04,7.378
2024-10-01 19:00:00,785.19,7.506
2024-10-01 19:30:00,785.33,7.68
2024-10-01 20:00:00,785.53,7.898
2024-10-01 20:30:00,785.74,8.151
2024-10-01 21:00:00,785.93,8.434
2024-10-01 21:30:00,786.1,8.734
2024-10-01 22:00:00,786.21,9.01
2024-10-01 22:30:00,786.07,9.27
2024-10-01 23:00:00,785.93,9.53
2024-10-01 23:30:00,785.9,9.771
2024-10-02 00:00:00,785.73,9.99
2024-10-02 00:30:00,785.26,10.167
2024-10-02 01:00:00,785.28,10.306
2024-10-02 01:30:00,785.38,10.403
2024-10-02 02:00:00,785.53,10.457
2024-10-02 02:30:00,785.59,10.47
2024-10-02 03:00:00,785.62,10.445
2024-10-02 03:30:00,785.79,10.386
2024-10-02 04:00:00,785.72,10.299
2024-10-02 04:30:00,785.63,10.198
2024-10-02 05:00:00,785.56,10.077
2024-10-02 05:30:00,785.48,9.946
2024-10-02 06:00:00,785.33,9.804
2024-10-02 06:30:00,785.22,9.661
2024-10-02 07:00:00,784.93,9.513
2024-10-02 07:30:00,784.63,9.361
2024-10-02 08:00:00,784.32,9.216
2024-10-02 08:30:00,784.22,9.076
2024-10-02 09:00:00,784.07,8.937
2024-10-02 09:30:00,783.95,8.806
2024-10-02 10:00:00,783.72,8.68
2024-10-02 10:30:00,783.66,8.559
2024-10-02 11:00:00,783.66,8.442
2024-10-02 11:30:00,783.46,8.327
2024-10-02 12:00:00,783.45,8.214
2024-10-02 12:30:00,783.3,8.107
2024-10-02 13:00:00,783.31,7.999
2024-10-02 13:30:00,783.29,7.896
2024-10-02 14:00:00,783.09,7.796
2024-10-02 14:30:00,782.92,7.697
2024-10-02 15:00:00,782.72,7.604
2024-10-02 15:30:00,782.49,7.509
2024-10-02 16:00:00,782.34,7.43
2024-10-02 16:30:00,782.32,7.406
2024-10-02 17:00:00,782.4,7.487
2024-10-02 17:30:00,782.36,7.499
2024-10-02 18:00:00,782.26,7.518
2024-10-02 18:30:00,782.23,7.56
2024-10-02 19:00:00,782.27,7.67
2024-10-02 19:30:00,782.32,7.829
2024-10-02 20:00:00,782.4,8.046
2024-10-02 20:30:00,782.63,8.288
2024-10-02 21:00:00,782.71,8.558
2024-10-02 21:30:00,782.75,8.843
2024-10-02 22:00:00,782.7,9.118
2024-10-02 22:30:00,782.66,9.371
2024-10-02 23:00:00,782.57,9.61
2024-10-02 23:30:00,782.4,9.832
2024-10-03 00:00:00,782.28,10.036
2024-10-03 00:30:00,781.58,10.209
2024-10-03 01:00:00,781.63,10.338
2024-10-03 01:30:00,781.76,10.426
2024-10-03 02:00:00,781.9,10.476
2024-10-03 02:30:00,781.97,10.485
2024-10-03 03:00:00,781.92,10.459
2024-10-03 03:30:00,781.88,10.402
2024-10-03 04:00:00,781.85,10.322
2024-10-03 04:30:00,781.8,10.225
2024-10-03 05:00:00,781.76,10.107
2024-10-03 05:30:00,781.6,9.979
2024-10-03 06:00:00,781.46,9.844
2024-10-03 06:30:00,781.38,9.704
2024-10-03 07:00:00,781.2,9.557
2024-10-03 07:30:00,781.02,9.41
2024-10-03 08:00:00,780.93,9.264
2024-10-03 08:30:00,780.94,9.118
2024-10-03 09:00:00,780.84,8.98
2024-10-03 09:30:00,780.73,8.84
2024-10-03 10:00:00,780.61,8.708
2024-10-03 10:30:00,780.42,8.579
2024-10-03 11:00:00,780.26,8.455
2024-10-03 11:30:00,780.26,8.333
2024-10-03 12:00:00,780.34,8.213
2024-10-03 12:30:00,780.11,8.1
2024-10-03 13:00:00,779.91,7.98
2024-10-03 13:30:00,779.68,7.864
2024-10-03 14:00:00,779.53,7.748
2024-10-03 14:30:00,779.48,7.633
2024-10-03 15:00:00,779.39,7.524
2024-10-03 15:30:00,779.26,7.426
2024-10-03 16:00:00,779.72,7.34
2024-10-03 16:30:00,779.77,7.307
2024-10-03 17:00:00,779.88,7.37
2024-10-03 17:30:00,779.89,7.37
2024-10-03 18:00:00,779.84,7.379
2024-10-03 18:30:00,779.85,7.418
2024-10-03 19:00:00,779.92,7.527
2024-10-03 19:30:00,780.0,7.692
2024-10-03 20:00:00,780.15,7.897
2024-10-03 20:30:00,780.33,8.138
2024-10-03 21:00:00,780.55,8.405
2024-10-03 21:30:00,780.67,8.679
2024-10-03 22:00:00,780.74,8.941
2024-10-03 22:30:00,780.67,9.191
2024-10-03 23:00:00,780.81,9.427
2024-10-03 23:30:00,780.79,9.656
2024-10-04 00:00:00,780.81,9.865
2024-10-04 00:30:00,780.77,10.035
2024-10-04 01:00:00,780.86,10.165
2024-10-04 01:30:00,780.92,10.255
2024-10-04 02:00:00,781.12,10.306
2024-10-04 02:30:00,781.22,10.319
2024-10-04 03:00:00,781.24,10.291
2024-10-04 03:30:00,781.31,10.233
2024-10-04 04:00:00,781.3,10.149
2024-10-04 04:30:00,781.31,10.047
2024-10-04 05:00:00,781.28,9.934
2024-10-04 05:30:00,781.21,9.805
2024-10-04 06:00:00,781.2,9.674
2024-10-04 06:30:00,781.35,9.532
2024-10-04 07:00:00,781.23,9.384
2024-10-04 07:30:00,781.31,9.233
2024-10-04 08:00:00,781.2,9.086
2024-10-04 08:30:00,781.26,8.942
2024-10-04 09:00:00,781.08,8.8
2024-10-04 09:30:00,780.85,8.671
2024-10-04 10:00:00,780.54,8.542
2024-10-04 10:30:00,780.25,8.42
2024-10-04 11:00:00,779.95,8.304
2024-10-04 11:30:00,779.76,8.19
2024-10-04 12:00:00,779.54,8.077
2024-10-04 12:30:00,779.39,7.966
2024-10-04 13:00:00,779.3,7.858
2024-10-04 13:30:00,779.27,7.751
2024-10-04 14:00:00,779.75,7.647
2024-10-04 14:30:00,780.05,7.547
2024-10-04 15:00:00,780.42,7.454
2024-10-04 15:30:00,780.35,7.375
2024-10-04 16:00:00,780.37,7.318
2024-10-04 16:30:00,780.43,7.303
2024-10-04 17:00:00,780.68,7.354
2024-10-04 17:30:00,780.81,7.364
2024-10-04 18:00:00,780.94,7.395
2024-10-04 18:30:00,781.14,7.466
2024-10-04 19:00:00,781.35,7.585
2024-10-04 19:30:00,781.61,7.766
2024-10-04 20:00:00,781.9,7.979
2024-10-04 20:30:00,782.24,8.212
2024-10-04 21:00:00,782.39,8.439
2024-10-04 21:30:00,782.55,8.686
2024-10-04 22:00:00,782.84,8.938
2024-10-04 22:30:00,783.12,9.169
2024-10-04 23:00:00,783.25,9.375
2024-10-04 23:30:00,783.37,9.555
2024-10-05 00:00:00,783.4,9.722
2024-10-05 00:30:00,783.46,9.865
2024-10-05 01:00:00,783.66,9.975
2024-10-05 01:30:00,783.77,10.044
2024-10-05 02:00:00,783.85,10.077
2024-10-05 02:30:00,784.01,10.078
2024-10-05 03:00:00,784.12,10.049
2024-10-05 03:30:00,784.12,9.989
2024-10-05 04:00:00,784.11,9.903
2024-10-05 04:30:00,784.01,9.797
2024-10-05 05:00:00,783.98,9.678
2024-10-05 05:30:00,784.04,9.549
2024-10-05 06:00:00,783.92,9.409
2024-10-05 06:30:00,783.81,9.263
2024-10-05 07:00:00,783.6,9.112
2024-10-05 07:30:00,783.38,8.963
2024-10-05 08:00:00,783.11,8.817
2024-10-05 08:30:00,782.91,8.677
2024-10-05 09:00:00,782.75,8.542
2024-10-05 09:30:00,782.53,8.412
2024-10-05 10:00:00,782.29,8.283
2024-10-05 10:30:00,782.06,8.161
2024-10-05 11:00:00,781.97,8.045
2024-10-05 11:30:00,782.11,7.933
2024-10-05 12:00:00,782.15,7.826
2024-10-05 12:30:00,782.13,7.72
2024-10-05 13:00:00,782.16,7.622
2024-10-05 13:30:00,783.05,7.526
2024-10-05 14:00:00,783.07,7.431
2024-10-05 14:30:00,783.12,7.337
2024-10-05 15:00:00,783.23,7.252
2024-10-05 15:30:00,783.5,7.171
2024-10-05 16:00:00,783.43,7.107
2024-10-05 16:30:00,783.49,7.091
2024-10-05 17:00:00,783.56,7.137
2024-10-05 17:30:00,783.52,7.132
2024-10-05 18:00:00,783.54,7.142
2024-10-05 18:30:00,783.59,7.203
2024-10-05 19:00:00,783.68,7.358
2024-10-05 19:30:00,783.82,7.576
2024-10-05 20:00:00,784.09,7.79
2024-10-05 20:30:00,784.4,8.02
2024-10-05 21:00:00,784.56,8.263
2024-10-05 21:30:00,784.75,8.481
2024-10-05 22:00:00,784.81,8.673
2024-10-05 22:30:00,784.94,8.87
2024-10-05 23:00:00,784.96,9.103
2024-10-05 23:30:00,785.02,9.324
2024-10-06 00:00:00,784.98,9.521
2024-10-06 00:30:00,785.11,9.693
2024-10-06 01:00:00,784.41,9.828
2024-10-06 01:30:00,784.61,9.934
2024-10-06 02:00:00,784.75,10.009
2024-10-06 02:30:00,784.88,10.045
2024-10-06 03:00:00,785.03,10.053
2024-10-06 03:30:00,785.14,10.028
2024-10-06 04:00:00,785.07,9.974
2024-10-06 04:30:00,785.06,9.896
2024-10-06 05:00:00,784.96,9.804
2024-10-06 05:30:00,784.89,9.697
2024-10-06 06:00:00,784.91,9.578
2024-10-06 06:30:00,784.89,9.453
2024-10-06 07:00:00,784.84,9.321
2024-10-06 07:30:00,784.74,9.191
2024-10-06 08:00:00,784.67,9.061
2024-10-06 08:30:00,784.55,8.929
2024-10-06 09:00:00,784.42,8.798
2024-10-06 09:30:00,784.21,8.67
2024-10-06 10:00:00,784.03,8.545
2024-10-06 10:30:00,783.79,8.427
2024-10-06 11:00:00,783.58,8.32
2024-10-06 11:30:00,783.78,8.211
2024-10-06 12:00:00,783.57,8.113
2024-10-06 12:30:00,783.46,8.015
2024-10-06 13:00:00,783.38,7.926
2024-10-06 13:30:00,783.32,7.835
2024-10-06 14:00:00,783.26,7.744
2024-10-06 14:30:00,783.19,7.657
2024-10-06 15:00:00,783.51,7.572
2024-10-06 15:30:00,783.44,7.488
2024-10-06 16:00:00,783.39,7.417
2024-10-06 16:30:00,783.38,7.393
2024-10-06 17:00:00,783.43,7.42
2024-10-06 17:30:00,783.47,7.411
2024-10-06 18:00:00,783.4,7.429
2024-10-06 18:30:00,783.41,7.496
2024-10-06 19:00:00,783.48,7.609
2024-10-06 19:30:00,783.55,7.773
2024-10-06 20:00:00,783.62,7.952
2024-10-06 20:30:00,783.86,8.135
2024-10-06 21:00:00,784.07,8.336
2024-10-06 21:30:00,784.16,8.537
2024-10-06 22:00:00,784.24,8.722
2024-10-06 22:30:00,784.59,8.924
2024-10-06 23:00:00,784.72,9.133
2024-10-06 23:30:00,785.19,9.309
2024-10-07 00:00:00,785.52,9.456
2024-10-07 00:30:00,785.41,9.572
2024-10-07 01:00:00,785.23,9.659
2024-10-07 01:30:00,785.05,9.724
2024-10-07 02:00:00,784.91,9.764
2024-10-07 02:30:00,784.63,9.764
2024-10-07 03:00:00,784.69,9.73
2024-10-07 03:30:00,784.65,9.656
2024-10-07 04:00:00,784.68,9.562
2024-10-07 04:30:00,784.56,9.452
2024-10-07 05:00:00,784.39,9.33
2024-10-07 05:30:00,784.24,9.199
2024-10-07 06:00:00,784.05,9.064
2024-10-07 06:30:00,783.84,8.929
2024-10-07 07:00:00,783.66,8.795
2024-10-07 07:30:00,783.48,8.668
2024-10-07 08:00:00,783.19,8.544
2024-10-07 08:30:00,783.02,8.429
2024-10-07 09:00:00,782.87,8.315
2024-10-07 09:30:00,782.64,8.21
2024-10-07 10:00:00,782.41,8.109
2024-10-07 10:30:00,782.12,8.013
2024-10-07 11:00:00,781.97,7.921
2024-10-07 11:30:00,781.81,7.83
2024-10-07 12:00:00,781.62,7.741
2024-10-07 12:30:00,781.48,7.662
2024-10-07 13:00:00,781.34,7.581
2024-10-07 13:30:00,781.26,7.501
2024-10-07 14:00:00,781.08,7.423
2024-10-07 14:30:00,781.11,7.346
2024-10-07 15:00:00,781.05,7.273
2024-10-07 15:30:00,781.18,7.203
2024-10-07 16:00:00,781.17,7.151
2024-10-07 16:30:00,781.16,7.131
2024-10-07 17:00:00,781.14,7.151
2024-10-07 17:30:00,781.14,7.158
2024-10-07 18:00:00,781.04,7.189
2024-10-07 18:30:00,781.05,7.263
2024-10-07 19:00:00,781.12,7.393
2024-10-07 19:30:00,781.17,7.58
2024-10-07 20:00:00,781.39,7.829
2024-10-07 20:30:00,781.5,8.077
2024-10-07 21:00:00,781.61,8.314
2024-10-07 21:30:00,781.7,8.535
2024-10-07 22:00:00,782.07,8.758
2024-10-07 22:30:00,782.15,8.974
2024-10-07 23:00:00,781.88,9.169
2024-10-07 23:30:00,782.33,9.336
2024-10-08 00:00:00,782.3,9.47
2024-10-08 00:30:00,781.94,9.581
2024-10-08 01:00:00,781.51,9.662
2024-10-08 01:30:00,781.26,9.711
2024-10-08 02:00:00,781.35,9.725
2024-10-08 02:30:00,781.36,9.708
2024-10-08 03:00:00,781.31,9.65
2024-10-08 03:30:00,781.12,9.565
2024-10-08 04:00:00,781.05,9.459
2024-10-08 04:30:00,781.04,9.336
2024-10-08 05:00:00,781.06,9.196
2024-10-08 05:30:00,781.05,9.053
2024-10-08 06:00:00,780.83,8.902
2024-10-08 06:30:00,780.77,8.748
2024-10-08 07:00:00,780.51,8.596
2024-10-08 07:30:00,780.27,8.444
2024-10-08 08:00:00,780.09,8.296
2024-10-08 08:30:00,779.96,8.156
2024-10-08 09:00:00,779.78,8.021
2024-10-08 09:30:00,779.69,7.894
2024-10-08 10:00:00,779.66,7.77
2024-10-08 10:30:00,779.57,7.651
2024-10-08 11:00:00,779.35,7.533
2024-10-08 11:30:00,779.12,7.423
2024-10-08 12:00:00,778.92,7.32
2024-10-08 12:30:00,778.72,7.222
2024-10-08 13:00:00,778.58,7.127
2024-10-08 13:30:00,778.41,7.036
2024-10-08 14:00:00,778.37,6.95
2024-10-08 14:30:00,778.26,6.869
2024-10-08 15:00:00,778.07,6.795
2024-10-08 15:30:00,778.01,6.728
2024-10-08 16:00:00,777.98,6.683
2024-10-08 16:30:00,778.22,6.683
2024-10-08 17:00:00,778.33,6.707
2024-10-08 17:30:00,778.42,6.718
2024-10-08 18:00:00,778.52,6.759
2024-10-08 18:30:00,778.53,6.81
2024-10-08 19:00:00,778.52,6.873
2024-10-08 19:30:00,778.47,6.952
2024-10-08 20:00:00,778.56,7.051
2024-10-08 20:30:00,778.53,7.173
2024-10-08 21:00:00,778.66,7.325
2024-10-08 21:30:00,778.82,7.514
2024-10-08 22:00:00,778.99,7.702
2024-10-08 22:30:00,779.08,7.878
2024-10-08 23:00:00,779.23,8.035
2024-10-08 23:30:00,779.38,8.191
2024-10-09 00:00:00,779.58,8.341
2024-10-09 00:30:00,779.77,8.476
2024-10-09 01:00:00,779.87,8.578
2024-10-09 01:30:00,779.96,8.651
2024-10-09 02:00:00,780.05,8.699
2024-10-09 02:30:00,780.21,8.718
2024-10-09 03:00:00,780.34,8.713
2024-10-09 03:30:00,780.45,8.687
2024-10-09 04:00:00,780.51,8.636
2024-10-09 04:30:00,780.54,8.572
2024-10-09 05:00:00,780.53,8.491
2024-10-09 05:30:00,780.49,8.397
2024-10-09 06:00:00,780.32,8.293
2024-10-09 06:30:00,780.17,8.179
2024-10-09 07:00:00,780.03,8.062
2024-10-09 07:30:00,779.9,7.941
2024-10-09 08:00:00,779.72,7.82
2024-10-09 08:30:00,779.49,7.699
2024-10-09 09:00:00,779.23,7.578
2024-10-09 09:30:00,778.99,7.463
2024-10-09 10:00:00,778.78,7.353
2024-10-09 10:30:00,778.6,7.247
2024-10-09 11:00:00,778.55,7.14
2024-10-09 11:30:00,778.69,7.039
2024-10-09 12:00:00,778.74,6.938
2024-10-09 12:30:00,778.72,6.839
2024-10-09 13:00:00,778.67,6.74
2024-10-09 13:30:00,778.78,6.642
2024-10-09 14:00:00,778.78,6.545
2024-10-09 14:30:00,778.89,6.45
2024-10-09 15:00:00,779.81,6.364
2024-10-09 15:30:00,779.79,6.281
2024-10-09 16:00:00,779.69,6.206
2024-10-09 16:30:00,779.67,6.179
2024-10-09 17:00:00,779.63,6.174
2024-10-09 17:30:00,779.68,6.158
2024-10-09 18:00:00,779.72,6.166
2024-10-09 18:30:00,779.73,6.214
2024-10-09 19:00:00,779.85,6.332
2024-10-09 19:30:00,779.95,6.485
2024-10-09 20:00:00,780.1,6.667
2024-10-09 20:30:00,780.29,6.876
2024-10-09 21:00:00,780.46,7.1
2024-10-09 21:30:00,780.76,7.337
2024-10-09 22:00:00,780.92,7.577
2024-10-09 22:30:00,781.12,7.789
2024-10-09 23:00:00,781.22,7.988
2024-10-09 23:30:00,781.26,8.179
2024-10-10 00:00:00,781.43,8.362
2024-10-10 00:30:00,781.63,8.524
2024-10-10 01:00:00,781.69,8.656
2024-10-10 01:30:00,781.86,8.757
2024-10-10 02:00:00,782.07,8.826
2024-10-10 02:30:00,782.22,8.859
2024-10-10 03:00:00,782.31,8.852
2024-10-10 03:30:00,782.42,8.818
2024-10-10 04:00:00,782.33,8.76
2024-10-10 04:30:00,782.21,8.681
2024-10-10 05:00:00,782.2,8.586
2024-10-10 05:30:00,782.13,8.476
2024-10-10 06:00:00,782.04,8.357
2024-10-10 06:30:00,781.93,8.234
2024-10-10 07:00:00,781.83,8.103
2024-10-10 07:30:00,781.6,7.966
2024-10-10 08:00:00,781.32,7.831
2024-10-10 08:30:00,781.14,7.699
2024-10-10 09:00:00,780.91,7.571
2024-10-10 09:30:00,780.72,7.453
2024-10-10 10:00:00,780.46,7.338
2024-10-10 10:30:00,780.25,7.233
2024-10-10 11:00:00,780.15,7.135
2024-10-10 11:30:00,780.06,7.04
2024-10-10 12:00:00,779.91,6.948
2024-10-10 12:30:00,779.9,6.858
2024-10-10 13:00:00,779.68,6.767
2024-10-10 13:30:00,779.6,6.676
2024-10-10 14:00:00,779.55,6.58
2024-10-10 14:30:00,779.5,6.489
2024-10-10 15:00:00,779.4,6.396
2024-10-10 15:30:00,779.35,6.303
2024-10-10 16:00:00,779.2,6.222
2024-10-10 16:30:00,779.2,6.191
2024-10-10 17:00:00,779.21,6.172
2024-10-10 17:30:00,779.21,6.156
2024-10-10 18:00:00,779.27,6.161
2024-10-10 18:30:00,779.3,6.189
2024-10-10 19:00:00,779.37,6.253
2024-10-10 19:30:00,779.51,6.345
2024-10-10 20:00:00,779.44,6.477
2024-10-10 20:30:00,779.64,6.632
2024-10-10 21:00:00,779.68,6.803
2024-10-10 21:30:00,779.91,6.981
2024-10-10 22:00:00,780.18,7.161
2024-10-10 22:30:00,780.53,7.33
2024-10-10 23:00:00,780.77,7.498
2024-10-10 23:30:00,781.01,7.653
2024-10-11 00:00:00,781.12,7.795
2024-10-11 00:30:00,781.23,7.917
2024-10-11 01:00:00,781.38,8.013
2024-10-11 01:30:00,781.45,8.086
2024-10-11 02:00:00,781.56,8.134
2024-10-11 02:30:00,781.6,8.155
2024-10-11 03:00:00,781.7,8.149
2024-10-11 03:30:00,781.74,8.12
2024-10-11 04:00:00,781.74,8.067
2024-10-11 04:30:00,781.61,7.989
2024-10-11 05:00:00,781.43,7.892
2024-10-11 05:30:00,781.21,7.785
2024-10-11 06:00:00,780.96,7.664
2024-10-11 06:30:00,780.83,7.535
2024-10-11 07:00:00,780.6,7.402
2024-10-11 07:30:00,780.4,7.265
2024-10-11 08:00:00,780.17,7.124
2024-10-11 08:30:00,779.94,6.987
2024-10-11 09:00:00,779.81,6.852
2024-10-11 09:30:00,779.66,6.713
2024-10-11 10:00:00,779.42,6.583
2024-10-11 10:30:00,779.1,6.455
2024-10-11 11:00:00,778.89,6.332
2024-10-11 11:30:00,778.72,6.212
2024-10-11 12:00:00,778.56,6.091
2024-10-11 12:30:00,778.39,5.973
2024-10-11 13:00:00,778.25,5.86
2024-10-11 13:30:00,778.74,5.75
2024-10-11 14:00:00,778.78,5.639
2024-10-11 14:30:00,779.12,5.531
2024-10-11 15:00:00,779.28,5.429
2024-10-11 15:30:00,779.41,5.33
2024-10-11 16:00:00,779.4,5.24
2024-10-11 16:30:00,779.36,5.193
2024-10-11 17:00:00,779.34,5.157
2024-10-11 17:30:00,779.25,5.147
2024-10-11 18:00:00,779.08,5.148
2024-10-11 18:30:00,779.03,5.179
2024-10-11 19:00:00,779.04,5.251
2024-10-11 19:30:00,779.14,5.378
2024-10-11 20:00:00,779.09,5.546
2024-10-11 20:30:00,779.05,5.733
2024-10-11 21:00:00,779.1,5.942
2024-10-11 21:30:00,779.43,6.156
2024-10-11 22:00:00,779.54,6.371
2024-10-11 22:30:00,779.61,6.574
2024-10-11 23:00:00,779.74,6.768
2024-10-11 23:30:00,779.83,6.955
2024-10-12 00:00:00,780.13,7.134
2024-10-12 00:30:00,780.34,7.291
2024-10-12 01:00:00,780.63,7.424
2024-10-12 01:30:00,780.86,7.525
2024-10-12 02:00:00,781.06,7.598
2024-10-12 02:30:00,781.22,7.641
2024-10-12 03:00:00,781.26,7.652
2024-10-12 03:30:00,781.34,7.631
2024-10-12 04:00:00,781.37,7.583
2024-10-12 04:30:00,781.26,7.515
2024-10-12 05:00:00,781.17,7.432
2024-10-12 05:30:00,780.97,7.331
2024-10-12 06:00:00,780.85,7.221
2024-10-12 06:30:00,780.67,7.098
2024-10-12 07:00:00,780.54,6.97
2024-10-12 07:30:00,780.27,6.833
2024-10-12 08:00:00,780.08,6.696
2024-10-12 08:30:00,779.81,6.562
2024-10-12 09:00:00,779.69,6.427
2024-10-12 09:30:00,779.66,6.295
2024-10-12 10:00:00,779.5,6.158
2024-10-12 10:30:00,779.35,6.032
2024-10-12 11:00:00,779.29,5.907
2024-10-12 11:30:00,779.14,5.785
2024-10-12 12:00:00,779.07,5.664
2024-10-12 12:30:00,779.14,5.543
2024-10-12 13:00:00,779.17,5.428
2024-10-12 13:30:00,779.23,5.312
2024-10-12 14:00:00,779.43,5.201
2024-10-12 14:30:00,779.44,5.09
2024-10-12 15:00:00,779.61,4.975
2024-10-12 15:30:00,779.57,4.863
2024-10-12 16:00:00,779.66,4.759
2024-10-12 16:30:00,779.73,4.692
2024-10-12 17:00:00,779.72,4.644
2024-10-12 17:30:00,779.8,4.653
2024-10-12 18:00:00,779.74,4.661
2024-10-12 18:30:00,779.69,4.703
2024-10-12 19:00:00,779.68,4.789
2024-10-12 19:30:00,779.65,4.913
2024-10-12 20:00:00,779.36,5.065
2024-10-12 20:30:00,779.36,5.234
2024-10-12 21:00:00,779.4,5.435
2024-10-12 21:30:00,779.28,5.656
2024-10-12 22:00:00,779.26,5.865
2024-10-12 22:30:00,779.36,6.06
2024-10-12 23:00:00,779.41,6.241
2024-10-12 23:30:00,779.49,6.409
2024-10-13 00:00:00,779.55,6.567
2024-10-13 00:30:00,779.67,6.711
2024-10-13 01:00:00,779.83,6.833
2024-10-13 01:30:00,779.87,6.932
2024-10-13 02:00:00,780.16,7.0
2024-10-13 02:30:00,780.42,7.044
2024-10-13 03:00:00,780.38,7.057
2024-10-13 03:30:00,780.27,7.044
2024-10-13 04:00:00,780.13,7.002
2024-10-13 04:30:00,780.05,6.936
2024-10-13 05:00:00,779.94,6.856
2024-10-13 05:30:00,779.91,6.76
2024-10-13 06:00:00,779.81,6.652
2024-10-13 06:30:00,779.56,6.535
2024-10-13 07:00:00,779.5,6.412
2024-10-13 07:30:00,779.27,6.282
2024-10-13 08:00:00,778.99,6.15
2024-10-13 08:30:00,778.74,6.017
2024-10-13 09:00:00,778.54,5.883
2024-10-13 09:30:00,778.38,5.748
2024-10-13 10:00:00,778.25,5.62
2024-10-13 10:30:00,777.97,5.497
2024-10-13 11:00:00,777.93,5.375
2024-10-13 11:30:00,777.79,5.255
2024-10-13 12:00:00,777.78,5.136
2024-10-13 12:30:00,777.77,5.024
2024-10-13 13:00:00,777.71,4.917
2024-10-13 13:30:00,777.79,4.809
2024-10-13 14:00:00,777.84,4.698
2024-10-13 14:30:00,777.81,4.583
2024-10-13 15:00:00,777.85,4.467
2024-10-13 15:30:00,777.88,4.357
2024-10-13 16:00:00,777.86,4.26
2024-10-13 16:30:00,777.81,4.202
2024-10-13 17:00:00,777.71,4.169
2024-10-13 17:30:00,777.54,4.189
2024-10-13 18:00:00,777.38,4.199
2024-10-13 18:30:00,777.32,4.231
2024-10-13 19:00:00,777.32,4.304
2024-10-13 19:30:00,777.37,4.429
2024-10-13 20:00:00,777.25,4.586
2024-10-13 20:30:00,777.24,4.767
2024-10-13 21:00:00,777.16,4.968
2024-10-13 21:30:00,777.24,5.178
2024-10-13 22:00:00,777.27,5.395
2024-10-13 22:30:00,777.36,5.601
2024-10-13 23:00:00,777.46,5.79
2024-10-13 23:30:00,777.62,5.971
2024-10-14 00:00:00,777.75,6.146
2024-10-14 00:30:00,777.9,6.305
2024-10-14 01:00:00,778.18,6.444
2024-10-14 01:30:00,778.46,6.555
2024-10-14 02:00:00,778.75,6.641
2024-10-14 02:30:00,778.92,6.697
2024-10-14 03:00:00,779.06,6.723
2024-10-14 03:30:00,779.1,6.719
2024-10-14 04:00:00,779.09,6.691
2024-10-14 04:30:00,779.05,6.639
2024-10-14 05:00:00,779.05,6.567
2024-10-14 05:30:00,779.12,6.481
2024-10-14 06:00:00,779.06,6.385
2024-10-14 06:30:00,779.02,6.276
2024-10-14 07:00:00,778.87,6.161
2024-10-14 07:30:00,778.64,6.043
2024-10-14 08:00:00,778.69,5.927
2024-10-14 08:30:00,778.7,5.814
2024-10-14 09:00:00,778.66,5.701
2024-10-14 09:30:00,778.6,5.589
2024-10-14 10:00:00,778.55,5.488
2024-10-14 10:30:00,778.45,5.39
2024-10-14 11:00:00,778.31,5.291
2024-10-14 11:30:00,778.3,5.194
2024-10-14 12:00:00,778.31,5.099
2024-10-14 12:30:00,778.34,5.002
2024-10-14 13:00:00,778.4,4.911
2024-10-14 13:30:00,778.46,4.81
2024-10-14 14:00:00,778.63,4.714
2024-10-14 14:30:00,778.8,4.623
2024-10-14 15:00:00,778.99,4.535
2024-10-14 15:30:00,779.15,4.45
2024-10-14 16:00:00,779.15,4.362
2024-10-14 16:30:00,779.07,4.301
2024-10-14 17:00:00,779.05,4.273
2024-10-14 17:30:00,779.18,4.308
2024-10-14 18:00:00,779.24,4.348
2024-10-14 18:30:00,779.25,4.41
2024-10-14 19:00:00,779.18,4.483
2024-10-14 19:30:00,779.03,4.604
2024-10-14 20:00:00,778.7,4.758
2024-10-14 20:30:00,778.6,4.94
2024-10-14 21:00:00,778.59,5.15
2024-10-14 21:30:00,778.62,5.374
2024-10-14 22:00:00,778.7,5.593
2024-10-14 22:30:00,778.8,5.8
2024-10-14 23:00:00,778.97,6.002
2024-10-14 23:30:00,778.96,6.192
2024-10-15 00:00:00,779.14,6.375
2024-10-15 00:30:00,779.42,6.542
2024-10-15 01:00:00,779.65,6.69
2024-10-15 01:30:00,779.93,6.806
2024-10-15 02:00:00,780.08,6.901
2024-10-15 02:30:00,780.2,6.964
2024-10-15 03:00:00,780.34,6.999
2024-10-15 03:30:00,780.37,7.005
2024-10-15 04:00:00,780.42,6.987
2024-10-15 04:30:00,780.43,6.945
2024-10-15 05:00:00,780.41,6.884
2024-10-15 05:30:00,780.42,6.804
2024-10-15 06:00:00,780.48,6.709
2024-10-15 06:30:00,780.47,6.599
2024-10-15 07:00:00,780.42,6.487
2024-10-15 07:30:00,780.37,6.368
2024-10-15 08:00:00,780.36,6.241
2024-10-15 08:30:00,780.26,6.116
2024-10-15 09:00:00,780.13,5.997
2024-10-15 09:30:00,779.99,5.881
2024-10-15 10:00:00,779.82,5.762
2024-10-15 10:30:00,779.69,5.647
2024-10-15 11:00:00,779.55,5.54
2024-10-15 11:30:00,779.6,5.431
2024-10-15 12:00:00,779.62,5.325
2024-10-15 12:30:00,779.64,5.219
2024-10-15 13:00:00,779.67,5.117
2024-10-15 13:30:00,779.7,5.013
2024-10-15 14:00:00,779.68,4.915
2024-10-15 14:30:00,779.71,4.819
2024-10-15 15:00:00,779.8,4.731
2024-10-15 15:30:00,779.89,4.65
2024-10-15 16:00:00,779.95,4.575
2024-10-15 16:30:00,779.91,4.519
2024-10-15 17:00:00,779.78,4.485
2024-10-15 17:30:00,779.76,4.499
2024-10-15 18:00:00,779.64,4.514
2024-10-15 18:30:00,779.56,4.552
2024-10-15 19:00:00,779.46,4.627
2024-10-15 19:30:00,779.27,4.758
2024-10-15 20:00:00,779.12,4.911
2024-10-15 20:30:00,778.94,5.089
2024-10-15 21:00:00,778.77,5.289
2024-10-15 21:30:00,778.76,5.497
2024-10-15 22:00:00,778.72,5.711
2024-10-15 22:30:00,778.67,5.91
2024-10-15 23:00:00,778.77,6.087
2024-10-15 23:30:00,778.84,6.253
2024-10-16 00:00:00,778.86,6.41
2024-10-16 00:30:00,778.88,6.555
2024-10-16 01:00:00,778.97,6.677
2024-10-16 01:30:00,779.18,6.776
2024-10-16 02:00:00,779.34,6.849
2024-10-16 02:30:00,779.43,6.898
2024-10-16 03:00:00,779.49,6.915
2024-10-16 03:30:00,779.53,6.905
2024-10-16 04:00:00,779.57,6.869
2024-10-16 04:30:00,779.6,6.813
2024-10-16 05:00:00,779.48,6.737
2024-10-16 05:30:00,779.31,6.648
2024-10-16 06:00:00,779.1,6.544
2024-10-16 06:30:00,778.89,6.43
2024-10-16 07:00:00,778.7,6.307
2024-10-16 07:30:00,778.47,6.184
2024-10-16 08:00:00,778.28,6.059
2024-10-16 08:30:00,778.16,5.93
2024-10-16 09:00:00,777.96,5.804
2024-10-16 09:30:00,777.75,5.679
2024-10-16 10:00:00,777.47,5.553
2024-10-16 10:30:00,777.26,5.43
2024-10-16 11:00:00,777.04,5.317
2024-10-16 11:30:00,776.73,5.198
2024-10-16 12:00:00,776.52,5.086
2024-10-16 12:30:00,776.41,4.973
2024-10-16 13:00:00,776.41,4.862
2024-10-16 13:30:00,776.36,4.748
2024-10-16 14:00:00,776.21,4.633
2024-10-16 14:30:00,775.94,4.523
2024-10-16 15:00:00,775.91,4.409
2024-10-16 15:30:00,775.9,4.298
2024-10-16 16:00:00,775.75,4.195
2024-10-16 16:30:00,775.49,4.116
2024-10-16 17:00:00,775.21,4.058
2024-10-16 17:30:00,775.06,4.058
2024-10-16 18:00:00,774.93,4.069
2024-10-16 18:30:00,774.72,4.113
2024-10-16 19:00:00,774.5,4.2
2024-10-16 19:30:00,774.28,4.324
2024-10-16 20:00:00,773.9,4.46
2024-10-16 20:30:00,773.87,4.629
2024-10-16 21:00:00,773.77,4.811
2024-10-16 21:30:00,774.15,4.975
2024-10-16 22:00:00,774.0,5.114
2024-10-16 22:30:00,773.57,5.236
2024-10-16 23:00:00,773.44,5.354
2024-10-16 23:30:00,773.63,5.476
2024-10-17 00:00:00,774.32,5.589
2024-10-17 00:30:00,774.73,5.663
2024-10-17 01:00:00,774.74,5.685
2024-10-17 01:30:00,774.88,5.668
2024-10-17 02:00:00,774.69,5.617
2024-10-17 02:30:00,774.65,5.552
2024-10-17 03:00:00,774.67,5.478
2024-10-17 03:30:00,774.42,5.377
2024-10-17 04:00:00,774.01,5.264
2024-10-17 04:30:00,773.92,5.133
2024-10-17 05:00:00,773.55,5.003
2024-10-17 05:30:00,773.59,4.875
2024-10-17 06:00:00,773.46,4.755
2024-10-17 06:30:00,773.48,4.64
2024-10-17 07:00:00,773.25,4.529
2024-10-17 07:30:00,773.21,4.416
2024-10-17 08:00:00,773.15,4.303
2024-10-17 08:30:00,772.93,4.194
2024-10-17 09:00:00,772.77,4.086
2024-10-17 09:30:00,772.57,3.991
2024-10-17 10:00:00,772.43,3.893
2024-10-17 10:30:00,772.33,3.799
2024-10-17 11:00:00,772.65,3.704
2024-10-17 11:30:00,772.7,3.607
2024-10-17 12:00:00,772.51,3.506
2024-10-17 12:30:00,772.52,3.401
2024-10-17 13:00:00,772.51,3.296
2024-10-17 13:30:00,772.39,3.199
2024-10-17 14:00:00,772.29,3.106
2024-10-17 14:30:00,772.16,3.015
2024-10-17 15:00:00,771.84,2.926
2024-10-17 15:30:00,771.59,2.838
2024-10-17 16:00:00,771.36,2.756
2024-10-17 16:30:00,771.31,2.689
2024-10-17 17:00:00,771.25,2.638
2024-10-17 17:30:00,771.55,2.646
2024-10-17 18:00:00,771.22,2.662
2024-10-17 18:30:00,771.15,2.704
2024-10-17 19:00:00,771.08,2.781
2024-10-17 19:30:00,771.01,2.898
2024-10-17 20:00:00,770.67,3.041
2024-10-17 20:30:00,770.95,3.194
2024-10-17 21:00:00,771.04,3.36
2024-10-17 21:30:00,770.83,3.539
2024-10-17 22:00:00,770.58,3.708
2024-10-17 22:30:00,770.32,3.868
2024-10-17 23:00:00,770.6,4.028
2024-10-17 23:30:00,770.48,4.17
2024-10-18 00:00:00,770.13,4.292
2024-10-18 00:30:00,769.36,4.38
2024-10-18 01:00:00,769.48,4.444
2024-10-18 01:30:00,769.78,4.49
2024-10-18 02:00:00,769.84,4.514
2024-10-18 02:30:00,769.84,4.519
2024-10-18 03:00:00,769.94,4.509
2024-10-18 03:30:00,770.42,4.471
2024-10-18 04:00:00,770.88,4.408
2024-10-18 04:30:00,771.08,4.32
2024-10-18 05:00:00,771.34,4.213
2024-10-18 05:30:00,771.75,4.094
2024-10-18 06:00:00,771.62,3.972
2024-10-18 06:30:00,771.45,3.841
2024-10-18 07:00:00,771.72,3.707
2024-10-18 07:30:00,771.78,3.577
2024-10-18 08:00:00,771.56,3.447
2024-10-18 08:30:00,771.19,3.316
2024-10-18 09:00:00,770.83,3.173
2024-10-18 09:30:00,771.03,3.019
2024-10-18 10:00:00,771.15,2.871
2024-10-18 10:30:00,771.38,2.722
2024-10-18 11:00:00,771.53,2.573
2024-10-18 11:30:00,771.49,2.422
2024-10-18 12:00:00,771.26,2.281
2024-10-18 12:30:00,771.79,2.14
2024-10-18 13:00:00,772.05,2.008
2024-10-18 13:30:00,772.4,1.89
2024-10-18 14:00:00,772.9,1.775
2024-10-18 14:30:00,772.86,1.659
2024-10-18 15:00:00,772.79,1.561
2024-10-18 15:30:00,772.91,1.47
2024-10-18 16:00:00,773.02,1.397
2024-10-18 16:30:00,773.29,1.352
2024-10-18 17:00:00,773.52,1.334
2024-10-18 17:30:00,773.56,1.366
2024-10-18 18:00:00,773.46,1.383
2024-10-18 18:30:00,773.49,1.409
2024-10-18 19:00:00,773.51,1.454
2024-10-18 19:30:00,773.44,1.513
2024-10-18 20:00:00,773.78,1.597
2024-10-18 20:30:00,774.13,1.705
2024-10-18 21:00:00,774.32,1.842
2024-10-18 21:30:00,774.56,1.994
2024-10-18 22:00:00,774.76,2.15
2024-10-18 22:30:00,774.95,2.281
2024-10-18 23:00:00,775.31,2.383
2024-10-18 23:30:00,775.34,2.46
2024-10-19 00:00:00,775.27,2.522
2024-10-19 00:30:00,776.64,2.573
2024-10-19 01:00:00,777.72,2.617
2024-10-19 01:30:00,777.61,2.679
2024-10-19 02:00:00,777.47,2.754
2024-10-19 02:30:00,777.6,2.808
2024-10-19 03:00:00,777.63,2.819
2024-10-19 03:30:00,777.68,2.791
2024-10-19 04:00:00,777.94,2.737
2024-10-19 04:30:00,778.23,2.672
2024-10-19 05:00:00,779.67,2.594
2024-10-19 05:30:00,780.44,2.498
2024-10-19 06:00:00,780.63,2.397
2024-10-19 06:30:00,780.54,2.287
2024-10-19 07:00:00,780.49,2.175
2024-10-19 07:30:00,780.43,2.066
2024-10-19 08:00:00,780.24,1.97
2024-10-19 08:30:00,780.25,1.882
2024-10-19 09:00:00,779.96,1.81
2024-10-19 09:30:00,779.6,1.736
2024-10-19 10:00:00,779.33,1.666
2024-10-19 10:30:00,779.11,1.605
2024-10-19 11:00:00,779.01,1.548
2024-10-19 11:30:00,778.87,1.489
2024-10-19 12:00:00,778.92,1.432
2024-10-19 12:30:00,778.74,1.378
2024-10-19 13:00:00,778.71,1.326
2024-10-19 13:30:00,778.63,1.284
2024-10-19 14:00:00,778.33,1.24
2024-10-19 14:30:00,778.06,1.202
2024-10-19 15:00:00,777.96,1.164
2024-10-19 15:30:00,777.87,1.129
2024-10-19 16:00:00,777.8,1.105
2024-10-19 16:30:00,777.6,1.095
2024-10-19 17:00:00,777.55,1.131
2024-10-19 17:30:00,777.72,1.211
2024-10-19 18:00:00,777.73,1.267
2024-10-19 18:30:00,777.66,1.321
2024-10-19 19:00:00,777.57,1.38
2024-10-19 19:30:00,777.6,1.447
2024-10-19 20:00:00,777.67,1.542
2024-10-19 20:30:00,777.74,1.682
2024-10-19 21:00:00,778.56,1.845
2024-10-19 21:30:00,778.9,2.042
2024-10-19 22:00:00,779.32,2.264
2024-10-19 22:30:00,779.7,2.452
2024-10-19 23:00:00,780.04,2.588
2024-10-19 23:30:00,780.17,2.69
2024-10-20 00:00:00,780.26,2.779
2024-10-20 00:30:00,780.32,2.878
2024-10-20 01:00:00,780.6,2.984
2024-10-20 01:30:00,781.04,3.098
2024-10-20 02:00:00,781.23,3.202
2024-10-20 02:30:00,781.3,3.277
2024-10-20 03:00:00,781.31,3.318
2024-10-20 03:30:00,781.22,3.32
2024-10-20 04:00:00,781.74,3.289
2024-10-20 04:30:00,781.58,3.228
2024-10-20 05:00:00,781.42,3.141
2024-10-20 05:30:00,781.17,3.036
2024-10-20 06:00:00,781.03,2.924
2024-10-20 06:30:00,781.04,2.805
2024-10-20 07:00:00,780.93,2.69
2024-10-20 07:30:00,780.66,2.586
2024-10-20 08:00:00,780.46,2.487
2024-10-20 08:30:00,780.31,2.398
2024-10-20 09:00:00,780.21,2.318
2024-10-20 09:30:00,780.15,2.239
2024-10-20 10:00:00,780.07,2.156
2024-10-20 10:30:00,780.06,2.076
2024-10-20 11:00:00,779.94,1.997
2024-10-20 11:30:00,780.12,1.919
2024-10-20 12:00:00,780.06,1.843
2024-10-20 12:30:00,780.05,1.764
2024-10-20 13:00:00,780.24,1.687
2024-10-20 13:30:00,780.27,1.609
2024-10-20 14:00:00,780.19,1.536
2024-10-20 14:30:00,780.13,1.468
2024-10-20 15:00:00,780.14,1.398
2024-10-20 15:30:00,780.29,1.334
2024-10-20 16:00:00,780.32,1.279
2024-10-20 16:30:00,780.17,1.245
2024-10-20 17:00:00,780.01,1.237
2024-10-20 17:30:00,779.96,1.275
2024-10-20 18:00:00,779.83,1.301
2024-10-20 18:30:00,779.55,1.348
2024-10-20 19:00:00,779.39,1.429
2024-10-20 19:30:00,779.22,1.54
2024-10-20 20:00:00,779.06,1.676
2024-10-20 20:30:00,778.77,1.827
2024-10-20 21:00:00,778.57,1.989
2024-10-20 21:30:00,778.56,2.151
2024-10-20 22:00:00,778.63,2.315
2024-10-20 22:30:00,778.67,2.467
2024-10-20 23:00:00,778.77,2.605
2024-10-20 23:30:00,778.85,2.722
2024-10-21 00:00:00,778.85,2.825
2024-10-21 00:30:00,778.96,2.913
2024-10-21 01:00:00,779.34,2.992
2024-10-21 01:30:00,779.61,3.058
2024-10-21 02:00:00,780.19,3.119
2024-10-21 02:30:00,780.6,3.174
2024-10-21 03:00:00,780.74,3.231
2024-10-21 03:30:00,780.81,3.29
2024-10-21 04:00:00,781.47,3.33
2024-10-21 04:30:00,782.24,3.338
2024-10-21 05:00:00,782.14,3.304
2024-10-21 05:30:00,782.03,3.229
2024-10-21 06:00:00,781.82,3.126
2024-10-21 06:30:00,781.51,3.005
2024-10-21 07:00:00,781.16,2.881
2024-10-21 07:30:00,780.79,2.762
2024-10-21 08:00:00,780.5,2.651
2024-10-21 08:30:00,780.16,2.548
2024-10-21 09:00:00,780.03,2.458
2024-10-21 09:30:00,779.79,2.371
2024-10-21 10:00:00,779.5,2.288
2024-10-21 10:30:00,779.43,2.209
2024-10-21 11:00:00,779.51,2.134
2024-10-21 11:30:00,779.44,2.06
2024-10-21 12:00:00,779.57,1.985
2024-10-21 12:30:00,779.44,1.909
2024-10-21 13:00:00,779.39,1.834
2024-10-21 13:30:00,779.55,1.762
2024-10-21 14:00:00,779.59,1.691
2024-10-21 14:30:00,779.62,1.619
2024-10-21 15:00:00,779.64,1.55
2024-10-21 15:30:00,779.82,1.485
2024-10-21 16:00:00,779.84,1.427
2024-10-21 16:30:00,779.67,1.382
2024-10-21 17:00:00,779.65,1.37
2024-10-21 17:30:00,779.53,1.405
2024-10-21 18:00:00,779.4,1.437
2024-10-21 18:30:00,779.28,1.492
2024-10-21 19:00:00,779.32,1.575
2024-10-21 19:30:00,779.38,1.692
2024-10-21 20:00:00,779.24,1.827
2024-10-21 20:30:00,779.1,1.986
2024-10-21 21:00:00,778.96,2.154
2024-10-21 21:30:00,778.85,2.329
2024-10-21 22:00:00,778.86,2.506
2024-10-21 22:30:00,778.95,2.671
2024-10-21 23:00:00,779.1,2.829
2024-10-21 23:30:00,779.18,2.978
2024-10-22 00:00:00,779.29,3.114
2024-10-22 00:30:00,779.5,3.238
2024-10-22 01:00:00,779.93,3.35
2024-10-22 01:30:00,780.31,3.447
2024-10-22 02:00:00,780.52,3.531
2024-10-22 02:30:00,780.69,3.6
2024-10-22 03:00:00,780.76,3.645
2024-10-22 03:30:00,780.8,3.658
2024-10-22 04:00:00,780.89,3.649
2024-10-22 04:30:00,780.95,3.608
2024-10-22 05:00:00,780.99,3.543
2024-10-22 05:30:00,780.93,3.457
2024-10-22 06:00:00,780.78,3.353
2024-10-22 06:30:00,780.66,3.239
2024-10-22 07:00:00,780.42,3.118
2024-10-22 07:30:00,780.18,2.997
2024-10-22 08:00:00,780.02,2.883
2024-10-22 08:30:00,779.9,2.774
2024-10-22 09:00:00,779.84,2.671
2024-10-22 09:30:00,779.96,2.574
2024-10-22 10:00:00,779.88,2.487
2024-10-22 10:30:00,779.83,2.398
2024-10-22 11:00:00,779.7,2.314
2024-10-22 11:30:00,779.62,2.229
2024-10-22 12:00:00,779.63,2.145
2024-10-22 12:30:00,779.61,2.068
2024-10-22 13:00:00,779.89,1.993
2024-10-22 13:30:00,779.79,1.919
2024-10-22 14:00:00,779.78,1.848
2024-10-22 14:30:00,779.77,1.778
2024-10-22 15:00:00,779.92,1.711
2024-10-22 15:30:00,780.23,1.648
2024-10-22 16:00:00,780.22,1.59
2024-10-22 16:30:00,780.17,1.55
2024-10-22 17:00:00,780.36,1.542
2024-10-22 17:30:00,780.23,1.582
2024-10-22 18:00:00,780.1,1.613
2024-10-22 18:30:00,780.3,1.665
2024-10-22 19:00:00,780.3,1.747
2024-10-22 19:30:00,780.27,1.861
2024-10-22 20:00:00,780.17,2.002
2024-10-22 20:30:00,779.99,2.162
2024-10-22 21:00:00,779.99,2.331
2024-10-22 21:30:00,779.9,2.512
2024-10-22 22:00:00,779.93,2.698
2024-10-22 22:30:00,779.96,2.877
2024-10-22 23:00:00,780.07,3.055
2024-10-22 23:30:00,780.21,3.227
2024-10-23 00:00:00,780.41,3.394
2024-10-23 00:30:00,780.85,3.551
2024-10-23 01:00:00,781.25,3.689
2024-10-23 01:30:00,781.5,3.804
2024-10-23 02:00:00,781.71,3.893
2024-10-23 02:30:00,781.8,3.956
2024-10-23 03:00:00,781.87,3.99
2024-10-23 03:30:00,781.88,3.999
2024-10-23 04:00:00,781.85,3.982
2024-10-23 04:30:00,781.99,3.946
2024-10-23 05:00:00,782.07,3.887
2024-10-23 05:30:00,782.03,3.81
2024-10-23 06:00:00,781.84,3.713
2024-10-23 06:30:00,781.72,3.602
2024-10-23 07:00:00,781.68,3.486
2024-10-23 07:30:00,781.77,3.367
2024-10-23 08:00:00,781.76,3.247
2024-10-23 08:30:00,781.66,3.129
2024-10-23 09:00:00,781.59,3.015
2024-10-23 09:30:00,781.57,2.905
2024-10-23 10:00:00,781.52,2.802
2024-10-23 10:30:00,781.29,2.699
2024-10-23 11:00:00,781.27,2.601
2024-10-23 11:30:00,781.11,2.508
2024-10-23 12:00:00,781.17,2.418
2024-10-23 12:30:00,781.24,2.332
2024-10-23 13:00:00,781.35,2.242
2024-10-23 13:30:00,781.35,2.156
2024-10-23 14:00:00,781.27,2.072
2024-10-23 14:30:00,781.21,1.988
2024-10-23 15:00:00,781.34,1.905
2024-10-23 15:30:00,781.51,1.833
2024-10-23 16:00:00,781.48,1.763
2024-10-23 16:30:00,781.34,1.709
2024-10-23 17:00:00,781.26,1.691
2024-10-23 17:30:00,781.13,1.725
2024-10-23 18:00:00,780.95,1.754
2024-10-23 18:30:00,780.91,1.798
2024-10-23 19:00:00,780.76,1.875
2024-10-23 19:30:00,780.73,1.995
2024-10-23 20:00:00,780.63,2.141
2024-10-23 20:30:00,780.4,2.297
2024-10-23 21:00:00,780.24,2.464
2024-10-23 21:30:00,780.17,2.638
2024-10-23 22:00:00,780.24,2.819
2024-10-23 22:30:00,780.04,2.989
2024-10-23 23:00:00,780.14,3.158
2024-10-23 23:30:00,780.35,3.321
2024-10-24 00:00:00,780.57,3.481
2024-10-24 00:30:00,780.73,3.622
2024-10-24 01:00:00,780.9,3.744
2024-10-24 01:30:00,781.05,3.844
2024-10-24 02:00:00,781.21,3.92
2024-10-24 02:30:00,781.38,3.975
2024-10-24 03:00:00,781.35,4.006
2024-10-24 03:30:00,781.33,4.013
2024-10-24 04:00:00,781.37,3.992
2024-10-24 04:30:00,781.21,3.956
2024-10-24 05:00:00,781.11,3.902
2024-10-24 05:30:00,780.95,3.831
2024-10-24 06:00:00,780.75,3.744
2024-10-24 06:30:00,780.48,3.64
2024-10-24 07:00:00,780.31,3.528
2024-10-24 07:30:00,780.18,3.413
2024-10-24 08:00:00,779.95,3.296
2024-10-24 08:30:00,779.73,3.183
2024-10-24 09:00:00,779.41,3.071
2024-10-24 09:30:00,779.23,2.957
2024-10-24 10:00:00,779.0,2.847
2024-10-24 10:30:00,778.78,2.737
2024-10-24 11:00:00,778.43,2.631
2024-10-24 11:30:00,778.28,2.532
2024-10-24 12:00:00,778.26,2.435
2024-10-24 12:30:00,778.13,2.339
2024-10-24 13:00:00,777.86,2.25
2024-10-24 13:30:00,777.81,2.164
2024-10-24 14:00:00,777.74,2.08
2024-10-24 14:30:00,777.66,1.997
2024-10-24 15:00:00,777.76,1.917
2024-10-24 15:30:00,777.89,1.846
2024-10-24 16:00:00,777.96,1.782
2024-10-24 16:30:00,777.92,1.735
2024-10-24 17:00:00,777.71,1.719
2024-10-24 17:30:00,777.47,1.747
2024-10-24 18:00:00,777.4,1.777
2024-10-24 18:30:00,777.35,1.82
2024-10-24 19:00:00,777.39,1.89
2024-10-24 19:30:00,777.31,1.992
2024-10-24 20:00:00,777.22,2.129
2024-10-24 20:30:00,777.1,2.289
2024-10-24 21:00:00,776.98,2.458
2024-10-24 21:30:00,776.99,2.626
2024-10-24 22:00:00,777.13,2.798
2024-10-24 22:30:00,777.31,2.967
2024-10-24 23:00:00,777.48,3.133
2024-10-24 23:30:00,777.65,3.298
2024-10-25 00:00:00,777.76,3.455
2024-10-25 00:30:00,777.97,3.611
2024-10-25 01:00:00,778.1,3.748
2024-10-25 01:30:00,778.25,3.862
2024-10-25 02:00:00,778.53,3.948
2024-10-25 02:30:00,778.76,4.009
2024-10-25 03:00:00,778.77,4.046
2024-10-25 03:30:00,778.76,4.06
2024-10-25 04:00:00,778.82,4.051
2024-10-25 04:30:00,778.82,4.016
2024-10-25 05:00:00,778.86,3.964
2024-10-25 05:30:00,778.83,3.898
2024-10-25 06:00:00,778.79,3.816
2024-10-25 06:30:00,778.76,3.719
2024-10-25 07:00:00,778.63,3.61
2024-10-25 07:30:00,778.59,3.494
2024-10-25 08:00:00,778.53,3.372
2024-10-25 08:30:00,778.47,3.256
2024-10-25 09:00:00,778.42,3.14
2024-10-25 09:30:00,778.28,3.025
2024-10-25 10:00:00,778.09,2.909
2024-10-25 10:30:00,777.92,2.802
2024-10-25 11:00:00,777.79,2.701
2024-10-25 11:30:00,777.78,2.601
2024-10-25 12:00:00,777.8,2.505
2024-10-25 12:30:00,777.86,2.417
2024-10-25 13:00:00,777.92,2.327
2024-10-25 13:30:00,777.97,2.243
2024-10-25 14:00:00,778.05,2.157
2024-10-25 14:30:00,777.96,2.075
2024-10-25 15:00:00,778.14,1.995
2024-10-25 15:30:00,778.32,1.919
2024-10-25 16:00:00,778.67,1.853
2024-10-25 16:30:00,778.59,1.801
2024-10-25 17:00:00,778.27,1.788
2024-10-25 17:30:00,778.19,1.816
2024-10-25 18:00:00,778.39,1.834
2024-10-25 18:30:00,778.41,1.865
2024-10-25 19:00:00,778.49,1.934
2024-10-25 19:30:00,778.23,2.035
2024-10-25 20:00:00,778.46,2.149
2024-10-25 20:30:00,778.1,2.29
2024-10-25 21:00:00,778.28,2.439
2024-10-25 21:30:00,778.29,2.583
2024-10-25 22:00:00,778.33,2.728
2024-10-25 22:30:00,778.19,2.879
2024-10-25 23:00:00,778.38,3.025
2024-10-25 23:30:00,778.39,3.175
2024-10-26 00:00:00,778.38,3.322
2024-10-26 00:30:00,778.54,3.463
2024-10-26 01:00:00,778.9,3.586
2024-10-26 01:30:00,779.34,3.688
2024-10-26 02:00:00,779.61,3.762
2024-10-26 02:30:00,779.68,3.812
2024-10-26 03:00:00,779.82,3.84
2024-10-26 03:30:00,779.85,3.836
2024-10-26 04:00:00,779.89,3.81
2024-10-26 04:30:00,779.99,3.761
2024-10-26 05:00:00,780.06,3.683
2024-10-26 05:30:00,780.19,3.586
2024-10-26 06:00:00,780.41,3.473
2024-10-26 06:30:00,780.87,3.347
2024-10-26 07:00:00,780.85,3.22
2024-10-26 07:30:00,780.8,3.09
2024-10-26 08:00:00,780.89,2.95
2024-10-26 08:30:00,780.86,2.807
2024-10-26 09:00:00,780.85,2.661
2024-10-26 09:30:00,780.87,2.518
2024-10-26 10:00:00,780.84,2.382
2024-10-26 10:30:00,780.52,2.258
2024-10-26 11:00:00,780.2,2.137
2024-10-26 11:30:00,780.12,2.02
2024-10-26 12:00:00,780.06,1.918
2024-10-26 12:30:00,780.11,1.829
2024-10-26 13:00:00,780.3,1.746
2024-10-26 13:30:00,780.31,1.674
2024-10-26 14:00:00,780.36,1.609
2024-10-26 14:30:00,780.51,1.545
2024-10-26 15:00:00,780.67,1.481
2024-10-26 15:30:00,780.96,1.419
2024-10-26 16:00:00,781.06,1.36
2024-10-26 16:30:00,780.88,1.313
2024-10-26 17:00:00,780.81,1.306
2024-10-26 17:30:00,780.81,1.335
2024-10-26 18:00:00,780.66,1.353
2024-10-26 18:30:00,780.42,1.382
2024-10-26 19:00:00,780.38,1.441
2024-10-26 19:30:00,780.23,1.53
2024-10-26 20:00:00,780.02,1.642
2024-10-26 20:30:00,779.95,1.767
2024-10-26 21:00:00,779.6,1.908
2024-10-26 21:30:00,779.3,2.055
2024-10-26 22:00:00,779.07,2.216
2024-10-26 22:30:00,778.96,2.38
2024-10-26 23:00:00,779.13,2.533
2024-10-26 23:30:00,778.94,2.674
2024-10-27 00:00:00,778.85,2.8
2024-10-27 00:30:00,778.81,2.912
2024-10-27 01:00:00,779.25,3.004
2024-10-27 01:30:00,780.11,3.087
2024-10-27 02:00:00,780.58,3.165
2024-10-27 02:30:00,780.92,3.239
2024-10-27 03:00:00,780.88,3.311
2024-10-27 03:30:00,780.62,3.367
2024-10-27 04:00:00,780.66,3.402
2024-10-27 04:30:00,780.77,3.413
2024-10-27 05:00:00,780.65,3.391
2024-10-27 05:30:00,780.63,3.343
2024-10-27 06:00:00,781.47,3.278
2024-10-27 06:30:00,781.25,3.202
2024-10-27 07:00:00,780.96,3.113
2024-10-27 07:30:00,780.74,3.009
2024-10-27 08:00:00,780.59,2.889
2024-10-27 08:30:00,780.38,2.766
2024-10-27 09:00:00,780.18,2.646
2024-10-27 09:30:00,780.05,2.535
2024-10-27 10:00:00,779.55,2.429
2024-10-27 10:30:00,779.16,2.332
2024-10-27 11:00:00,779.02,2.245
2024-10-27 11:30:00,778.87,2.166
2024-10-27 12:00:00,779.1,2.09
2024-10-27 12:30:00,778.88,2.027
2024-10-27 13:00:00,779.0,1.971
2024-10-27 13:30:00,778.87,1.917
2024-10-27 14:00:00,778.89,1.866
2024-10-27 14:30:00,778.91,1.813
2024-10-27 15:00:00,778.71,1.759
2024-10-27 15:30:00,778.67,1.712
2024-10-27 16:00:00,778.78,1.659
2024-10-27 16:30:00,778.79,1.622
2024-10-27 17:00:00,778.6,1.617
2024-10-27 17:30:00,778.59,1.657
2024-10-27 18:00:00,778.36,1.694
2024-10-27 18:30:00,778.13,1.753
2024-10-27 19:00:00,778.03,1.836
2024-10-27 19:30:00,777.94,1.937
2024-10-27 20:00:00,777.85,2.058
2024-10-27 20:30:00,777.71,2.192
2024-10-27 21:00:00,777.67,2.34
2024-10-27 21:30:00,777.82,2.489
2024-10-27 22:00:00,777.94,2.636
2024-10-27 22:30:00,778.05,2.773
2024-10-27 23:00:00,778.03,2.908
2024-10-27 23:30:00,777.9,3.03
2024-10-28 00:00:00,777.57,3.146
2024-10-28 00:30:00,777.4,3.246
2024-10-28 01:00:00,777.33,3.331
2024-10-28 01:30:00,777.14,3.401
2024-10-28 02:00:00,777.14,3.46
2024-10-28 02:30:00,777.07,3.503
2024-10-28 03:00:00,776.91,3.529
2024-10-28 03:30:00,775.71,3.539
2024-10-28 04:00:00,775.64,3.532
2024-10-28 04:30:00,775.52,3.507
2024-10-28 05:00:00,775.34,3.467
2024-10-28 05:30:00,775.12,3.412
2024-10-28 06:00:00,774.99,3.336
2024-10-28 06:30:00,774.83,3.259
2024-10-28 07:00:00,774.4,3.181
2024-10-28 07:30:00,774.1,3.102
2024-10-28 08:00:00,773.96,3.016
2024-10-28 08:30:00,773.69,2.933
2024-10-28 09:00:00,773.33,2.843
2024-10-28 09:30:00,773.16,2.745
2024-10-28 10:00:00,772.81,2.652
2024-10-28 10:30:00,772.53,2.565
2024-10-28 11:00:00,772.14,2.49
2024-10-28 11:30:00,771.69,2.421
2024-10-28 12:00:00,771.42,2.36
2024-10-28 12:30:00,771.22,2.3
2024-10-28 13:00:00,770.82,2.242
2024-10-28 13:30:00,770.47,2.183
2024-10-28 14:00:00,770.24,2.131
2024-10-28 14:30:00,770.15,2.081
2024-10-28 15:00:00,770.19,2.032
2024-10-28 15:30:00,770.36,1.99
2024-10-28 16:00:00,770.26,1.946
2024-10-28 16:30:00,770.49,1.919
2024-10-28 17:00:00,770.59,1.887
2024-10-28 17:30:00,770.65,1.855
2024-10-28 18:00:00,770.78,1.823
2024-10-28 18:30:00,770.7,1.803
2024-10-28 19:00:00,770.63,1.798
2024-10-28 19:30:00,770.39,1.81
2024-10-28 20:00:00,770.14,1.833
2024-10-28 20:30:00,769.83,1.872
2024-10-28 21:00:00,769.5,1.917
2024-10-28 21:30:00,769.35,1.982
2024-10-28 22:00:00,769.19,2.076
2024-10-28 22:30:00,769.21,2.18
2024-10-28 23:00:00,769.04,2.276
2024-10-28 23:30:00,769.0,2.367
2024-10-29 00:00:00,768.85,2.442
2024-10-29 00:30:00,768.72,2.521
2024-10-29 01:00:00,768.77,2.589
2024-10-29 01:30:00,768.78,2.636
2024-10-29 02:00:00,768.73,2.67
2024-10-29 02:30:00,768.59,2.683
2024-10-29 03:00:00,768.44,2.677
2024-10-29 03:30:00,768.47,2.647
2024-10-29 04:00:00,768.27,2.598
2024-10-29 04:30:00,768.19,2.535
2024-10-29 05:00:00,768.16,2.462
2024-10-29 05:30:00,768.0,2.385
2024-10-29 06:00:00,768.04,2.315
2024-10-29 06:30:00,767.9,2.229
2024-10-29 07:00:00,767.79,2.148
2024-10-29 07:30:00,767.62,2.065
2024-10-29 08:00:00,767.64,1.982
2024-10-29 08:30:00,767.53,1.895
2024-10-29 09:00:00,767.41,1.805
2024-10-29 09:30:00,767.44,1.722
2024-10-29 10:00:00,767.33,1.64
2024-10-29 10:30:00,767.36,1.551
2024-10-29 11:00:00,767.39,1.468
2024-10-29 11:30:00,767.43,1.384
2024-10-29 12:00:00,767.35,1.301
2024-10-29 12:30:00,767.33,1.22
2024-10-29 13:00:00,767.06,1.136
2024-10-29 13:30:00,766.93,1.06
2024-10-29 14:00:00,766.62,0.994
2024-10-29 14:30:00,766.6,0.931
2024-10-29 15:00:00,766.58,0.879
2024-10-29 15:30:00,766.75,0.835
2024-10-29 16:00:00,766.92,0.799
2024-10-29 16:30:00,766.97,0.768
2024-10-29 17:00:00,767.22,0.763
2024-10-29 17:30:00,767.71,0.767
2024-10-29 18:00:00,767.87,0.783
2024-10-29 18:30:00,767.7,0.812
2024-10-29 19:00:00,767.62,0.858
2024-10-29 19:30:00,767.37,0.902
2024-10-29 20:00:00,767.23,0.944
2024-10-29 20:30:00,767.35,0.985
2024-10-29 21:00:00,768.03,1.025
2024-10-29 21:30:00,768.11,1.07
