datetime,lvl_cm,temp_C
2024-08-27 22:00:00,750.9,24.253
2024-08-27 22:30:00,750.84,24.579
2024-08-27 23:00:00,738.15,24.731
2024-08-27 23:30:00,731.08,24.83
2024-08-28 00:00:00,723.27,24.843
2024-08-28 00:30:00,723.28,24.479
2024-08-28 01:00:00,723.44,22.511
2024-08-28 01:30:00,723.81,19.133
2024-08-28 02:00:00,723.93,17.498
2024-08-28 02:30:00,724.14,16.343
2024-08-28 03:00:00,724.25,15.542
2024-08-28 03:30:00,724.46,14.745
2024-08-28 04:00:00,724.69,14.021
2024-08-28 04:30:00,724.71,13.409
2024-08-28 05:00:00,724.72,12.86
2024-08-28 05:30:00,724.66,12.395
2024-08-28 06:00:00,724.74,11.976
2024-08-28 06:30:00,724.66,11.637
2024-08-28 07:00:00,724.63,11.353
2024-08-28 07:30:00,724.66,11.102
2024-08-28 08:00:00,724.64,10.854
2024-08-28 08:30:00,724.54,10.626
2024-08-28 09:00:00,724.54,10.433
2024-08-28 09:30:00,724.58,10.196
2024-08-28 10:00:00,724.54,9.975
2024-08-28 10:30:00,724.58,9.78
2024-08-28 11:00:00,724.41,9.602
2024-08-28 11:30:00,724.18,9.427
2024-08-28 12:00:00,724.19,9.259
2024-08-28 12:30:00,724.18,9.077
2024-08-28 13:00:00,724.22,8.9
2024-08-28 13:30:00,724.43,8.765
2024-08-28 14:00:00,724.51,8.656
2024-08-28 14:30:00,724.65,8.6
2024-08-28 15:00:00,724.7,8.46
2024-08-28 15:30:00,724.61,8.599
2024-08-28 16:00:00,724.27,11.918
2024-08-28 16:30:00,724.18,13.467
2024-08-28 17:00:00,722.39,30.687
2024-08-28 17:30:00,720.69,47.573
2024-08-28 18:00:00,721.56,45.731
2024-08-28 18:30:00,721.07,47.435
2024-08-28 19:00:00,720.23,49.345
2024-08-28 19:30:00,721.75,38.957
2024-08-28 20:00:00,722.41,35.082
2024-08-28 20:30:00,732.23,29.583
2024-08-28 21:00:00,732.5,24.584
2024-08-28 21:30:00,731.89,26.085
2024-08-28 22:00:00,731.92,26.059
2024-08-28 22:30:00,732.11,23.113
2024-08-28 23:00:00,754.06,14.83
2024-08-28 23:30:00,753.93,14.738
2024-08-29 00:00:00,753.8,14.521
2024-08-29 00:30:00,753.86,14.368
2024-08-29 01:00:00,753.76,14.233
2024-08-29 01:30:00,753.81,14.052
2024-08-29 02:00:00,753.91,13.859
2024-08-29 02:30:00,754.12,13.642
2024-08-29 03:00:00,754.3,13.389
2024-08-29 03:30:00,754.45,13.129
2024-08-29 04:00:00,754.65,12.85
2024-08-29 04:30:00,754.58,12.565
2024-08-29 05:00:00,754.67,12.282
2024-08-29 05:30:00,754.78,11.986
2024-08-29 06:00:00,755.02,11.699
2024-08-29 06:30:00,754.92,11.426
2024-08-29 07:00:00,754.99,11.194
2024-08-29 07:30:00,755.21,10.953
2024-08-29 08:00:00,755.37,10.733
2024-08-29 08:30:00,755.47,10.521
2024-08-29 09:00:00,755.54,10.32
2024-08-29 09:30:00,755.64,10.119
2024-08-29 10:00:00,755.8,9.93
2024-08-29 10:30:00,755.92,9.749
2024-08-29 11:00:00,756.11,9.578
2024-08-29 11:30:00,756.34,9.411
2024-08-29 12:00:00,756.49,9.25
2024-08-29 12:30:00,756.78,9.104
2024-08-29 13:00:00,756.81,8.959
2024-08-29 13:30:00,756.98,8.823
2024-08-29 14:00:00,757.4,8.709
2024-08-29 14:30:00,757.36,8.61
2024-08-29 15:00:00,757.55,8.525
2024-08-29 15:30:00,757.47,8.468
2024-08-29 16:00:00,757.54,8.471
2024-08-29 16:30:00,757.62,8.539
2024-08-29 17:00:00,757.94,8.697
2024-08-29 17:30:00,758.23,8.905
2024-08-29 18:00:00,758.82,9.3
2024-08-29 18:30:00,758.7,9.815
2024-08-29 19:00:00,759.19,10.54
2024-08-29 19:30:00,759.1,11.505
2024-08-29 20:00:00,758.97,12.603
2024-08-29 20:30:00,758.8,13.585
2024-08-29 21:00:00,758.7,14.33
2024-08-29 21:30:00,758.44,14.857
2024-08-29 22:00:00,758.29,15.154
2024-08-29 22:30:00,757.96,15.036
2024-08-29 23:00:00,757.81,14.995
2024-08-29 23:30:00,757.62,14.932
2024-08-30 00:00:00,757.5,14.815
2024-08-30 00:30:00,757.42,14.719
2024-08-30 01:00:00,757.55,14.61
2024-08-30 01:30:00,757.59,14.521
2024-08-30 02:00:00,757.6,14.335
2024-08-30 02:30:00,757.77,14.104
2024-08-30 03:00:00,757.92,13.848
2024-08-30 03:30:00,758.0,13.582
2024-08-30 04:00:00,758.19,13.29
2024-08-30 04:30:00,758.3,12.999
2024-08-30 05:00:00,758.29,12.711
2024-08-30 05:30:00,758.58,12.419
2024-08-30 06:00:00,758.7,12.138
2024-08-30 06:30:00,759.0,11.86
2024-08-30 07:00:00,758.98,11.595
2024-08-30 07:30:00,759.08,11.338
2024-08-30 08:00:00,759.11,11.105
2024-08-30 08:30:00,759.13,10.887
2024-08-30 09:00:00,759.29,10.677
2024-08-30 09:30:00,759.4,10.463
2024-08-30 10:00:00,759.55,10.264
2024-08-30 10:30:00,759.61,10.066
2024-08-30 11:00:00,759.83,9.874
2024-08-30 11:30:00,759.86,9.697
2024-08-30 12:00:00,759.76,9.539
2024-08-30 12:30:00,759.75,9.376
2024-08-30 13:00:00,760.04,9.216
2024-08-30 13:30:00,760.07,9.077
2024-08-30 14:00:00,760.36,8.94
2024-08-30 14:30:00,761.3,8.818
2024-08-30 15:00:00,761.52,8.695
2024-08-30 15:30:00,761.87,8.614
2024-08-30 16:00:00,761.94,8.611
2024-08-30 16:30:00,762.1,8.706
2024-08-30 17:00:00,762.41,8.887
2024-08-30 17:30:00,762.99,9.218
2024-08-30 18:00:00,763.16,9.681
2024-08-30 18:30:00,763.19,10.279
2024-08-30 19:00:00,763.06,11.022
2024-08-30 19:30:00,762.73,11.908
2024-08-30 20:00:00,762.79,12.89
2024-08-30 20:30:00,762.59,13.407
2024-08-30 21:00:00,762.3,13.848
2024-08-30 21:30:00,762.28,14.102
2024-08-30 22:00:00,761.96,14.736
2024-08-30 22:30:00,761.97,14.817
2024-08-30 23:00:00,761.67,14.707
2024-08-30 23:30:00,761.58,14.674
2024-08-31 00:00:00,761.4,14.544
2024-08-31 00:30:00,761.3,14.416
2024-08-31 01:00:00,761.07,14.272
2024-08-31 01:30:00,761.07,14.082
2024-08-31 02:00:00,761.14,13.843
2024-08-31 02:30:00,761.34,13.582
2024-08-31 03:00:00,761.61,13.329
2024-08-31 03:30:00,761.96,13.081
2024-08-31 04:00:00,762.08,12.804
2024-08-31 04:30:00,762.12,12.506
2024-08-31 05:00:00,762.14,12.222
2024-08-31 05:30:00,762.12,11.938
2024-08-31 06:00:00,761.94,11.679
2024-08-31 06:30:00,761.84,11.424
2024-08-31 07:00:00,761.96,11.178
2024-08-31 07:30:00,762.01,10.948
2024-08-31 08:00:00,762.08,10.723
2024-08-31 08:30:00,762.22,10.529
2024-08-31 09:00:00,762.01,10.337
2024-08-31 09:30:00,761.86,10.179
2024-08-31 10:00:00,761.83,10.017
2024-08-31 10:30:00,761.76,9.868
2024-08-31 11:00:00,761.8,9.716
2024-08-31 11:30:00,761.7,9.545
2024-08-31 12:00:00,761.6,9.412
2024-08-31 12:30:00,761.56,9.288
2024-08-31 13:00:00,761.64,9.179
2024-08-31 13:30:00,761.82,9.065
2024-08-31 14:00:00,762.11,8.95
2024-08-31 14:30:00,762.06,8.838
2024-08-31 15:00:00,761.97,8.765
2024-08-31 15:30:00,761.87,8.712
2024-08-31 16:00:00,761.89,8.719
2024-08-31 16:30:00,762.13,8.817
2024-08-31 17:00:00,762.4,8.982
2024-08-31 17:30:00,762.77,9.253
2024-08-31 18:00:00,763.41,9.689
2024-08-31 18:30:00,763.94,10.268
2024-08-31 19:00:00,763.75,11.019
2024-08-31 19:30:00,763.55,11.964
2024-08-31 20:00:00,763.26,12.748
2024-08-31 20:30:00,762.79,13.454
2024-08-31 21:00:00,762.51,14.148
2024-08-31 21:30:00,762.37,14.296
2024-08-31 22:00:00,762.16,14.507
2024-08-31 22:30:00,761.69,14.281
2024-08-31 23:00:00,761.71,14.315
2024-08-31 23:30:00,761.75,14.354
2024-09-01 00:00:00,761.62,14.305
2024-09-01 00:30:00,761.76,14.279
2024-09-01 01:00:00,761.86,14.219
2024-09-01 01:30:00,761.51,14.11
2024-09-01 02:00:00,761.2,13.981
2024-09-01 02:30:00,761.16,13.791
2024-09-01 03:00:00,761.23,13.535
2024-09-01 03:30:00,761.6,13.27
2024-09-01 04:00:00,761.8,12.986
2024-09-01 04:30:00,761.9,12.711
2024-09-01 05:00:00,761.84,12.446
2024-09-01 05:30:00,761.75,12.197
2024-09-01 06:00:00,761.7,11.954
2024-09-01 06:30:00,761.6,11.723
2024-09-01 07:00:00,761.61,11.506
2024-09-01 07:30:00,761.57,11.271
2024-09-01 08:00:00,761.48,11.045
2024-09-01 08:30:00,761.42,10.842
2024-09-01 09:00:00,761.32,10.666
2024-09-01 09:30:00,761.15,10.494
2024-09-01 10:00:00,760.8,10.319
2024-09-01 10:30:00,760.73,10.157
2024-09-01 11:00:00,760.74,10.005
2024-09-01 11:30:00,760.61,9.859
2024-09-01 12:00:00,760.6,9.739
2024-09-01 12:30:00,760.57,9.605
2024-09-01 13:00:00,760.57,9.496
2024-09-01 13:30:00,760.51,9.392
2024-09-01 14:00:00,760.66,9.302
2024-09-01 14:30:00,760.83,9.208
2024-09-01 15:00:00,760.82,9.144
2024-09-01 15:30:00,761.01,9.084
2024-09-01 16:00:00,761.17,9.088
2024-09-01 16:30:00,761.29,9.15
2024-09-01 17:00:00,761.56,9.293
2024-09-01 17:30:00,761.78,9.51
2024-09-01 18:00:00,762.08,9.845
2024-09-01 18:30:00,762.28,10.311
2024-09-01 19:00:00,762.35,10.986
2024-09-01 19:30:00,762.54,11.864
2024-09-01 20:00:00,762.27,12.805
2024-09-01 20:30:00,762.12,13.675
2024-09-01 21:00:00,762.14,14.422
2024-09-01 21:30:00,761.21,14.877
2024-09-01 22:00:00,761.14,15.1
2024-09-01 22:30:00,760.82,14.963
2024-09-01 23:00:00,760.56,14.863
2024-09-01 23:30:00,760.4,14.707
2024-09-02 00:00:00,760.13,14.57
2024-09-02 00:30:00,760.2,14.418
2024-09-02 01:00:00,759.98,14.182
2024-09-02 01:30:00,759.89,13.93
2024-09-02 02:00:00,759.87,13.668
2024-09-02 02:30:00,759.69,13.402
2024-09-02 03:00:00,759.59,13.092
2024-09-02 03:30:00,760.07,12.775
2024-09-02 04:00:00,760.09,12.476
2024-09-02 04:30:00,760.06,12.211
2024-09-02 05:00:00,759.96,11.966
2024-09-02 05:30:00,760.12,11.726
2024-09-02 06:00:00,760.25,11.483
2024-09-02 06:30:00,760.42,11.248
2024-09-02 07:00:00,760.34,11.019
2024-09-02 07:30:00,760.47,10.794
2024-09-02 08:00:00,760.41,10.592
2024-09-02 08:30:00,760.22,10.379
2024-09-02 09:00:00,760.09,10.184
2024-09-02 09:30:00,760.15,10.023
2024-09-02 10:00:00,759.91,9.865
2024-09-02 10:30:00,759.75,9.717
2024-09-02 11:00:00,759.8,9.556
2024-09-02 11:30:00,759.75,9.395
2024-09-02 12:00:00,759.79,9.272
2024-09-02 12:30:00,759.73,9.186
2024-09-02 13:00:00,759.82,9.14
2024-09-02 13:30:00,759.87,9.084
2024-09-02 14:00:00,760.1,9.048
2024-09-02 14:30:00,760.09,9.01
2024-09-02 15:00:00,760.21,8.97
2024-09-02 15:30:00,760.21,8.938
2024-09-02 16:00:00,760.19,8.96
2024-09-02 16:30:00,760.42,9.032
2024-09-02 17:00:00,760.69,9.18
2024-09-02 17:30:00,760.96,9.419
2024-09-02 18:00:00,761.42,9.733
2024-09-02 18:30:00,761.98,10.066
2024-09-02 19:00:00,762.42,10.335
2024-09-02 19:30:00,762.24,10.588
2024-09-02 20:00:00,762.18,10.905
2024-09-02 20:30:00,762.33,11.158
2024-09-02 21:00:00,762.34,11.604
2024-09-02 21:30:00,762.12,12.033
2024-09-02 22:00:00,762.0,12.228
2024-09-02 22:30:00,761.89,12.288
2024-09-02 23:00:00,761.78,12.333
2024-09-02 23:30:00,761.75,12.393
2024-09-03 00:00:00,761.82,12.392
2024-09-03 00:30:00,761.56,12.399
2024-09-03 01:00:00,761.45,12.319
2024-09-03 01:30:00,761.19,12.226
2024-09-03 02:00:00,761.04,12.07
2024-09-03 02:30:00,760.83,11.887
2024-09-03 03:00:00,760.95,11.695
2024-09-03 03:30:00,761.15,11.479
2024-09-03 04:00:00,761.38,11.255
2024-09-03 04:30:00,761.41,11.043
2024-09-03 05:00:00,761.62,10.834
2024-09-03 05:30:00,761.81,10.644
2024-09-03 06:00:00,761.75,10.47
2024-09-03 06:30:00,761.85,10.299
2024-09-03 07:00:00,761.78,10.106
2024-09-03 07:30:00,761.64,9.907
2024-09-03 08:00:00,761.32,9.739
2024-09-03 08:30:00,761.15,9.588
2024-09-03 09:00:00,760.97,9.433
2024-09-03 09:30:00,760.81,9.312
2024-09-03 10:00:00,761.36,9.134
2024-09-03 10:30:00,761.54,8.994
2024-09-03 11:00:00,761.89,8.855
2024-09-03 11:30:00,761.91,8.735
2024-09-03 12:00:00,762.07,8.624
2024-09-03 12:30:00,762.39,8.519
2024-09-03 13:00:00,762.14,8.383
2024-09-03 13:30:00,762.14,8.268
2024-09-03 14:00:00,762.07,8.152
2024-09-03 14:30:00,761.96,8.052
2024-09-03 15:00:00,762.72,7.974
2024-09-03 15:30:00,762.77,7.901
2024-09-03 16:00:00,762.92,7.883
2024-09-03 16:30:00,763.06,7.927
2024-09-03 17:00:00,763.53,8.054
2024-09-03 17:30:00,763.57,8.286
2024-09-03 18:00:00,763.22,8.662
2024-09-03 18:30:00,763.98,9.212
2024-09-03 19:00:00,764.71,9.97
2024-09-03 19:30:00,764.82,10.786
2024-09-03 20:00:00,764.71,11.734
2024-09-03 20:30:00,764.43,12.649
2024-09-03 21:00:00,764.51,13.263
2024-09-03 21:30:00,764.26,13.745
2024-09-03 22:00:00,763.86,13.937
2024-09-03 22:30:00,763.74,13.981
2024-09-03 23:00:00,763.56,13.93
2024-09-03 23:30:00,763.37,13.784
2024-09-04 00:00:00,763.22,13.69
2024-09-04 00:30:00,763.05,13.566
2024-09-04 01:00:00,763.05,13.395
2024-09-04 01:30:00,762.97,13.19
2024-09-04 02:00:00,763.04,12.973
2024-09-04 02:30:00,763.13,12.744
2024-09-04 03:00:00,763.33,12.512
2024-09-04 03:30:00,763.46,12.253
2024-09-04 04:00:00,763.61,11.987
2024-09-04 04:30:00,763.76,11.713
2024-09-04 05:00:00,763.9,11.435
2024-09-04 05:30:00,763.86,11.184
2024-09-04 06:00:00,763.79,10.929
2024-09-04 06:30:00,764.0,10.68
2024-09-04 07:00:00,763.76,10.441
2024-09-04 07:30:00,763.77,10.248
2024-09-04 08:00:00,763.62,10.057
2024-09-04 08:30:00,763.84,9.892
2024-09-04 09:00:00,763.72,9.741
2024-09-04 09:30:00,763.93,9.598
2024-09-04 10:00:00,764.04,9.466
2024-09-04 10:30:00,764.08,9.356
2024-09-04 11:00:00,764.18,9.227
2024-09-04 11:30:00,764.04,9.096
2024-09-04 12:00:00,763.84,8.96
2024-09-04 12:30:00,763.82,8.826
2024-09-04 13:00:00,764.34,8.717
2024-09-04 13:30:00,764.58,8.617
2024-09-04 14:00:00,764.92,8.521
2024-09-04 14:30:00,765.23,8.453
2024-09-04 15:00:00,765.31,8.382
2024-09-04 15:30:00,765.39,8.314
2024-09-04 16:00:00,765.67,8.283
2024-09-04 16:30:00,765.69,8.311
2024-09-04 17:00:00,765.77,8.4
2024-09-04 17:30:00,766.31,8.62
2024-09-04 18:00:00,766.73,9.041
2024-09-04 18:30:00,766.8,9.656
2024-09-04 19:00:00,766.95,10.426
2024-09-04 19:30:00,766.88,11.382
2024-09-04 20:00:00,766.78,12.261
2024-09-04 20:30:00,766.86,13.177
2024-09-04 21:00:00,766.73,13.877
2024-09-04 21:30:00,766.29,14.385
2024-09-04 22:00:00,766.13,14.61
2024-09-04 22:30:00,765.84,14.616
2024-09-04 23:00:00,765.88,14.678
2024-09-04 23:30:00,765.99,14.656
2024-09-05 00:00:00,765.86,14.561
2024-09-05 00:30:00,765.75,14.531
2024-09-05 01:00:00,765.79,14.476
2024-09-05 01:30:00,765.55,14.297
2024-09-05 02:00:00,765.57,14.104
2024-09-05 02:30:00,765.55,13.883
2024-09-05 03:00:00,765.83,13.625
2024-09-05 03:30:00,765.95,13.339
2024-09-05 04:00:00,766.15,13.049
2024-09-05 04:30:00,766.26,12.755
2024-09-05 05:00:00,766.31,12.489
2024-09-05 05:30:00,766.11,12.218
2024-09-05 06:00:00,766.12,11.943
2024-09-05 06:30:00,766.08,11.653
2024-09-05 07:00:00,766.02,11.39
2024-09-05 07:30:00,766.05,11.125
2024-09-05 08:00:00,766.2,10.894
2024-09-05 08:30:00,766.21,10.685
2024-09-05 09:00:00,766.32,10.513
2024-09-05 09:30:00,766.49,10.338
2024-09-05 10:00:00,766.46,10.179
2024-09-05 10:30:00,766.36,10.031
2024-09-05 11:00:00,766.37,9.868
2024-09-05 11:30:00,766.25,9.697
2024-09-05 12:00:00,766.4,9.558
2024-09-05 12:30:00,766.45,9.418
2024-09-05 13:00:00,766.53,9.305
2024-09-05 13:30:00,766.77,9.202
2024-09-05 14:00:00,767.03,9.09
2024-09-05 14:30:00,767.01,9.005
2024-09-05 15:00:00,766.92,8.925
2024-09-05 15:30:00,766.87,8.86
2024-09-05 16:00:00,766.8,8.844
2024-09-05 16:30:00,766.9,8.909
2024-09-05 17:00:00,767.23,9.139
2024-09-05 17:30:00,767.78,9.425
2024-09-05 18:00:00,768.4,9.88
2024-09-05 18:30:00,768.71,10.514
2024-09-05 19:00:00,768.86,11.289
2024-09-05 19:30:00,768.76,12.136
2024-09-05 20:00:00,768.55,13.028
2024-09-05 20:30:00,768.43,13.873
2024-09-05 21:00:00,768.25,14.571
2024-09-05 21:30:00,767.41,14.97
2024-09-05 22:00:00,767.22,15.065
2024-09-05 22:30:00,767.51,15.253
2024-09-05 23:00:00,767.58,15.447
2024-09-05 23:30:00,767.32,15.461
2024-09-06 00:00:00,767.11,15.38
2024-09-06 00:30:00,766.9,15.197
2024-09-06 01:00:00,766.45,15.015
2024-09-06 01:30:00,766.08,14.776
2024-09-06 02:00:00,766.01,14.523
2024-09-06 02:30:00,765.94,14.244
2024-09-06 03:00:00,766.0,13.957
2024-09-06 03:30:00,766.35,13.663
2024-09-06 04:00:00,766.45,13.385
2024-09-06 04:30:00,766.5,13.087
2024-09-06 05:00:00,766.58,12.805
2024-09-06 05:30:00,766.29,12.528
2024-09-06 06:00:00,766.07,12.262
2024-09-06 06:30:00,766.17,12.014
2024-09-06 07:00:00,766.13,11.778
2024-09-06 07:30:00,766.22,11.563
2024-09-06 08:00:00,766.19,11.379
2024-09-06 08:30:00,766.31,11.201
2024-09-06 09:00:00,766.36,11.04
2024-09-06 09:30:00,766.26,10.877
2024-09-06 10:00:00,766.33,10.73
2024-09-06 10:30:00,766.22,10.599
2024-09-06 11:00:00,766.14,10.479
2024-09-06 11:30:00,766.06,10.36
2024-09-06 12:00:00,765.89,10.253
2024-09-06 12:30:00,765.93,10.149
2024-09-06 13:00:00,765.97,10.053
2024-09-06 13:30:00,765.95,9.954
2024-09-06 14:00:00,766.22,9.867
2024-09-06 14:30:00,766.13,9.785
2024-09-06 15:00:00,766.12,9.733
2024-09-06 15:30:00,766.25,9.719
2024-09-06 16:00:00,766.11,9.734
2024-09-06 16:30:00,766.26,9.818
2024-09-06 17:00:00,766.48,9.997
2024-09-06 17:30:00,766.89,10.293
2024-09-06 18:00:00,766.91,10.676
2024-09-06 18:30:00,767.18,11.013
2024-09-06 19:00:00,767.52,11.398
2024-09-06 19:30:00,767.47,11.861
2024-09-06 20:00:00,767.29,12.509
2024-09-06 20:30:00,766.97,12.905
2024-09-06 21:00:00,766.94,13.318
2024-09-06 21:30:00,766.76,13.722
2024-09-06 22:00:00,766.54,13.683
2024-09-06 22:30:00,766.31,13.539
2024-09-06 23:00:00,766.15,13.598
2024-09-06 23:30:00,766.05,13.527
2024-09-07 00:00:00,765.9,13.498
2024-09-07 00:30:00,765.62,13.44
2024-09-07 01:00:00,765.33,13.312
2024-09-07 01:30:00,765.01,13.149
2024-09-07 02:00:00,764.77,12.987
2024-09-07 02:30:00,764.7,12.828
2024-09-07 03:00:00,764.64,12.663
2024-09-07 03:30:00,764.76,12.471
2024-09-07 04:00:00,764.92,12.253
2024-09-07 04:30:00,765.05,12.04
2024-09-07 05:00:00,764.89,11.796
2024-09-07 05:30:00,764.86,11.587
2024-09-07 06:00:00,765.05,11.369
2024-09-07 06:30:00,764.87,11.169
2024-09-07 07:00:00,764.91,10.964
2024-09-07 07:30:00,764.88,10.772
2024-09-07 08:00:00,764.71,10.576
2024-09-07 08:30:00,764.52,10.42
2024-09-07 09:00:00,764.28,10.258
2024-09-07 09:30:00,763.91,10.099
2024-09-07 10:00:00,763.62,9.961
2024-09-07 10:30:00,763.38,9.832
2024-09-07 11:00:00,763.22,9.732
2024-09-07 11:30:00,763.12,9.652
2024-09-07 12:00:00,762.97,9.564
2024-09-07 12:30:00,762.87,9.472
2024-09-07 13:00:00,762.93,9.362
2024-09-07 13:30:00,762.9,9.25
2024-09-07 14:00:00,762.94,9.149
2024-09-07 14:30:00,763.06,9.05
2024-09-07 15:00:00,763.08,8.978
2024-09-07 15:30:00,763.07,8.925
2024-09-07 16:00:00,763.1,8.914
2024-09-07 16:30:00,763.14,8.981
2024-09-07 17:00:00,763.43,9.141
2024-09-07 17:30:00,763.73,9.352
2024-09-07 18:00:00,763.79,9.654
2024-09-07 18:30:00,763.95,10.186
2024-09-07 19:00:00,764.39,10.934
2024-09-07 19:30:00,764.13,11.682
2024-09-07 20:00:00,763.85,12.266
2024-09-07 20:30:00,763.97,13.025
2024-09-07 21:00:00,763.49,13.494
2024-09-07 21:30:00,762.76,13.864
2024-09-07 22:00:00,762.63,13.98
2024-09-07 22:30:00,762.41,13.905
2024-09-07 23:00:00,762.2,13.897
2024-09-07 23:30:00,761.84,13.751
2024-09-08 00:00:00,761.61,13.625
2024-09-08 00:30:00,761.24,13.439
2024-09-08 01:00:00,760.97,13.26
2024-09-08 01:30:00,760.88,13.039
2024-09-08 02:00:00,760.62,12.8
2024-09-08 02:30:00,760.74,12.577
2024-09-08 03:00:00,760.9,12.335
2024-09-08 03:30:00,760.98,12.084
2024-09-08 04:00:00,760.99,11.84
2024-09-08 04:30:00,761.26,11.627
2024-09-08 05:00:00,761.09,11.401
2024-09-08 05:30:00,761.0,11.173
2024-09-08 06:00:00,760.69,10.92
2024-09-08 06:30:00,760.56,10.716
2024-09-08 07:00:00,760.54,10.494
2024-09-08 07:30:00,760.51,10.322
2024-09-08 08:00:00,760.55,10.142
2024-09-08 08:30:00,760.49,10.0
2024-09-08 09:00:00,760.32,9.836
2024-09-08 09:30:00,760.29,9.687
2024-09-08 10:00:00,760.11,9.538
2024-09-08 10:30:00,760.18,9.388
2024-09-08 11:00:00,760.15,9.269
2024-09-08 11:30:00,760.12,9.159
2024-09-08 12:00:00,760.15,9.054
2024-09-08 12:30:00,760.17,8.986
2024-09-08 13:00:00,760.18,8.912
2024-09-08 13:30:00,760.5,8.856
2024-09-08 14:00:00,760.56,8.779
2024-09-08 14:30:00,760.61,8.723
2024-09-08 15:00:00,760.76,8.662
2024-09-08 15:30:00,760.76,8.588
2024-09-08 16:00:00,760.95,8.572
2024-09-08 16:30:00,760.93,8.592
2024-09-08 17:00:00,761.05,8.673
2024-09-08 17:30:00,761.42,8.835
2024-09-08 18:00:00,761.93,9.194
2024-09-08 18:30:00,762.06,9.656
2024-09-08 19:00:00,762.59,10.465
2024-09-08 19:30:00,762.41,11.291
2024-09-08 20:00:00,762.2,12.154
2024-09-08 20:30:00,762.39,12.96
2024-09-08 21:00:00,761.87,13.653
2024-09-08 21:30:00,761.98,14.148
2024-09-08 22:00:00,761.88,14.378
2024-09-08 22:30:00,761.53,14.291
2024-09-08 23:00:00,761.45,14.278
2024-09-08 23:30:00,761.09,14.133
2024-09-09 00:00:00,760.79,14.031
2024-09-09 00:30:00,760.46,13.825
2024-09-09 01:00:00,760.07,13.594
2024-09-09 01:30:00,760.08,13.332
2024-09-09 02:00:00,760.01,13.074
2024-09-09 02:30:00,760.05,12.861
2024-09-09 03:00:00,760.38,12.634
2024-09-09 03:30:00,760.61,12.367
2024-09-09 04:00:00,760.81,12.104
2024-09-09 04:30:00,760.77,11.856
2024-09-09 05:00:00,760.62,11.598
2024-09-09 05:30:00,760.47,11.333
2024-09-09 06:00:00,760.3,11.063
2024-09-09 06:30:00,760.35,10.825
2024-09-09 07:00:00,760.41,10.6
2024-09-09 07:30:00,760.47,10.371
2024-09-09 08:00:00,760.72,10.131
2024-09-09 08:30:00,760.73,9.868
2024-09-09 09:00:00,760.67,9.67
2024-09-09 09:30:00,760.61,9.468
2024-09-09 10:00:00,760.69,9.302
2024-09-09 10:30:00,760.61,9.139
2024-09-09 11:00:00,760.55,8.969
2024-09-09 11:30:00,760.53,8.801
2024-09-09 12:00:00,760.53,8.642
2024-09-09 12:30:00,760.36,8.499
2024-09-09 13:00:00,760.21,8.338
2024-09-09 13:30:00,760.38,8.195
2024-09-09 14:00:00,760.45,8.062
2024-09-09 14:30:00,760.51,7.935
2024-09-09 15:00:00,760.37,7.836
2024-09-09 15:30:00,760.24,7.764
2024-09-09 16:00:00,760.14,7.722
2024-09-09 16:30:00,760.33,7.742
2024-09-09 17:00:00,760.38,7.837
2024-09-09 17:30:00,760.66,8.009
2024-09-09 18:00:00,761.11,8.322
2024-09-09 18:30:00,761.88,8.768
2024-09-09 19:00:00,762.14,9.44
2024-09-09 19:30:00,762.43,10.246
2024-09-09 20:00:00,762.2,11.158
2024-09-09 20:30:00,762.02,11.949
2024-09-09 21:00:00,761.91,12.678
2024-09-09 21:30:00,761.24,13.205
2024-09-09 22:00:00,761.22,13.418
2024-09-09 22:30:00,760.92,13.305
2024-09-09 23:00:00,760.94,13.29
2024-09-09 23:30:00,760.49,13.128
2024-09-10 00:00:00,760.32,13.033
2024-09-10 00:30:00,760.12,12.895
2024-09-10 01:00:00,759.89,12.746
2024-09-10 01:30:00,759.79,12.541
2024-09-10 02:00:00,759.74,12.302
2024-09-10 02:30:00,759.77,12.091
2024-09-10 03:00:00,759.89,11.857
2024-09-10 03:30:00,760.13,11.6
2024-09-10 04:00:00,759.97,11.336
2024-09-10 04:30:00,759.9,11.068
2024-09-10 05:00:00,759.5,10.809
2024-09-10 05:30:00,759.23,10.547
2024-09-10 06:00:00,758.95,10.284
2024-09-10 06:30:00,758.91,10.035
2024-09-10 07:00:00,759.0,9.778
2024-09-10 07:30:00,758.9,9.522
2024-09-10 08:00:00,758.62,9.25
2024-09-10 08:30:00,758.55,8.978
2024-09-10 09:00:00,758.63,8.767
2024-09-10 09:30:00,758.68,8.607
2024-09-10 10:00:00,758.7,8.424
2024-09-10 10:30:00,758.48,8.254
2024-09-10 11:00:00,758.09,8.103
2024-09-10 11:30:00,758.04,7.963
2024-09-10 12:00:00,757.97,7.865
2024-09-10 12:30:00,757.88,7.749
2024-09-10 13:00:00,757.75,7.629
2024-09-10 13:30:00,757.58,7.473
2024-09-10 14:00:00,757.61,7.346
2024-09-10 14:30:00,757.74,7.27
2024-09-10 15:00:00,757.56,7.201
2024-09-10 15:30:00,757.42,7.119
2024-09-10 16:00:00,757.34,7.072
2024-09-10 16:30:00,757.25,7.117
2024-09-10 17:00:00,757.59,7.239
2024-09-10 17:30:00,757.69,7.437
2024-09-10 18:00:00,758.28,7.789
2024-09-10 18:30:00,758.64,8.254
2024-09-10 19:00:00,758.71,8.985
2024-09-10 19:30:00,758.32,9.926
2024-09-10 20:00:00,757.95,10.838
2024-09-10 20:30:00,757.91,11.658
2024-09-10 21:00:00,757.3,12.314
2024-09-10 21:30:00,757.25,12.886
2024-09-10 22:00:00,756.93,13.037
2024-09-10 22:30:00,756.62,12.884
2024-09-10 23:00:00,756.32,12.798
2024-09-10 23:30:00,755.94,12.621
2024-09-11 00:00:00,755.67,12.451
2024-09-11 00:30:00,755.26,12.245
2024-09-11 01:00:00,754.96,11.988
2024-09-11 01:30:00,754.69,11.698
2024-09-11 02:00:00,754.63,11.453
2024-09-11 02:30:00,754.47,11.193
2024-09-11 03:00:00,754.32,10.925
2024-09-11 03:30:00,754.39,10.615
2024-09-11 04:00:00,754.36,10.3
2024-09-11 04:30:00,754.35,9.98
2024-09-11 05:00:00,753.87,9.652
2024-09-11 05:30:00,753.7,9.344
2024-09-11 06:00:00,753.59,9.112
2024-09-11 06:30:00,753.73,8.847
2024-09-11 07:00:00,753.4,8.583
2024-09-11 07:30:00,753.09,8.334
2024-09-11 08:00:00,752.93,8.057
2024-09-11 08:30:00,752.63,7.817
2024-09-11 09:00:00,752.63,7.572
2024-09-11 09:30:00,752.5,7.339
2024-09-11 10:00:00,752.71,7.177
2024-09-11 10:30:00,752.44,6.955
2024-09-11 11:00:00,752.12,6.733
2024-09-11 11:30:00,751.93,6.496
2024-09-11 12:00:00,751.65,6.271
2024-09-11 12:30:00,751.59,6.071
2024-09-11 13:00:00,751.65,5.924
2024-09-11 13:30:00,751.57,5.76
2024-09-11 14:00:00,751.71,5.593
2024-09-11 14:30:00,751.49,5.479
2024-09-11 15:00:00,751.25,5.38
2024-09-11 15:30:00,750.85,5.254
2024-09-11 16:00:00,750.82,5.208
2024-09-11 16:30:00,750.88,5.256
2024-09-11 17:00:00,750.97,5.393
2024-09-11 17:30:00,751.4,5.638
2024-09-11 18:00:00,751.95,5.985
2024-09-11 18:30:00,752.29,6.428
2024-09-11 19:00:00,752.36,7.086
2024-09-11 19:30:00,752.11,7.936
2024-09-11 20:00:00,751.85,8.895
2024-09-11 20:30:00,751.61,9.799
2024-09-11 21:00:00,751.21,10.543
2024-09-11 21:30:00,751.48,11.108
2024-09-11 22:00:00,751.06,11.347
2024-09-11 22:30:00,750.89,11.279
2024-09-11 23:00:00,750.69,11.171
2024-09-11 23:30:00,750.38,10.964
2024-09-12 00:00:00,749.87,10.776
2024-09-12 00:30:00,749.52,10.595
2024-09-12 01:00:00,749.34,10.328
2024-09-12 01:30:00,749.07,10.021
2024-09-12 02:00:00,748.69,9.714
2024-09-12 02:30:00,748.7,9.42
2024-09-12 03:00:00,748.62,9.154
2024-09-12 03:30:00,748.7,8.881
2024-09-12 04:00:00,748.77,8.614
2024-09-12 04:30:00,748.63,8.357
2024-09-12 05:00:00,748.32,8.085
2024-09-12 05:30:00,748.14,7.845
2024-09-12 06:00:00,748.01,7.585
2024-09-12 06:30:00,747.86,7.343
2024-09-12 07:00:00,747.59,7.103
2024-09-12 07:30:00,747.49,6.867
2024-09-12 08:00:00,747.39,6.603
2024-09-12 08:30:00,747.17,6.351
2024-09-12 09:00:00,747.01,6.109
2024-09-12 09:30:00,746.96,5.864
2024-09-12 10:00:00,746.84,5.642
2024-09-12 10:30:00,746.73,5.434
2024-09-12 11:00:00,746.6,5.238
2024-09-12 11:30:00,746.56,5.048
2024-09-12 12:00:00,746.42,4.875
2024-09-12 12:30:00,746.34,4.698
2024-09-12 13:00:00,746.4,4.543
2024-09-12 13:30:00,746.53,4.377
2024-09-12 14:00:00,746.51,4.228
2024-09-12 14:30:00,746.66,4.099
2024-09-12 15:00:00,746.44,3.985
2024-09-12 15:30:00,746.3,3.891
2024-09-12 16:00:00,746.26,3.85
2024-09-12 16:30:00,746.4,3.903
2024-09-12 17:00:00,746.57,4.039
2024-09-12 17:30:00,746.85,4.31
2024-09-12 18:00:00,747.48,4.69
2024-09-12 18:30:00,748.33,5.199
2024-09-12 19:00:00,748.55,5.928
2024-09-12 19:30:00,748.36,6.829
2024-09-12 20:00:00,748.65,7.899
2024-09-12 20:30:00,748.5,8.903
2024-09-12 21:00:00,748.03,9.774
2024-09-12 21:30:00,748.16,10.447
2024-09-12 22:00:00,748.1,10.801
2024-09-12 22:30:00,747.95,10.749
2024-09-12 23:00:00,748.0,10.703
2024-09-12 23:30:00,747.75,10.562
2024-09-13 00:00:00,747.58,10.437
2024-09-13 00:30:00,747.57,10.348
2024-09-13 01:00:00,747.52,10.222
2024-09-13 01:30:00,747.6,10.083
2024-09-13 02:00:00,747.7,9.933
2024-09-13 02:30:00,747.71,9.756
2024-09-13 03:00:00,747.84,9.564
2024-09-13 03:30:00,747.92,9.354
2024-09-13 04:00:00,748.02,9.146
2024-09-13 04:30:00,748.0,8.912
2024-09-13 05:00:00,747.98,8.681
2024-09-13 05:30:00,748.06,8.456
2024-09-13 06:00:00,747.92,8.249
2024-09-13 06:30:00,747.77,8.04
2024-09-13 07:00:00,747.65,7.826
2024-09-13 07:30:00,747.59,7.603
2024-09-13 08:00:00,747.52,7.388
2024-09-13 08:30:00,747.46,7.18
2024-09-13 09:00:00,747.5,6.99
2024-09-13 09:30:00,747.39,6.808
2024-09-13 10:00:00,747.32,6.631
2024-09-13 10:30:00,747.3,6.474
2024-09-13 11:00:00,747.31,6.312
2024-09-13 11:30:00,747.37,6.137
2024-09-13 12:00:00,747.44,5.958
2024-09-13 12:30:00,747.63,5.774
2024-09-13 13:00:00,747.74,5.597
2024-09-13 13:30:00,747.89,5.449
2024-09-13 14:00:00,748.07,5.3
2024-09-13 14:30:00,748.27,5.164
2024-09-13 15:00:00,748.3,5.035
2024-09-13 15:30:00,748.16,4.941
2024-09-13 16:00:00,748.2,4.895
2024-09-13 16:30:00,748.33,4.925
2024-09-13 17:00:00,748.58,5.036
2024-09-13 17:30:00,748.94,5.279
2024-09-13 18:00:00,749.49,5.644
2024-09-13 18:30:00,750.12,6.111
2024-09-13 19:00:00,750.29,6.804
2024-09-13 19:30:00,750.31,7.705
2024-09-13 20:00:00,750.37,8.712
2024-09-13 20:30:00,750.18,9.739
2024-09-13 21:00:00,749.83,10.618
2024-09-13 21:30:00,750.01,11.316
2024-09-13 22:00:00,749.96,11.604
2024-09-13 22:30:00,749.76,11.561
2024-09-13 23:00:00,749.77,11.526
2024-09-13 23:30:00,749.59,11.362
2024-09-14 00:00:00,749.38,11.232
2024-09-14 00:30:00,749.4,11.159
2024-09-14 01:00:00,749.29,11.096
2024-09-14 01:30:00,749.29,10.993
2024-09-14 02:00:00,749.23,10.88
2024-09-14 02:30:00,749.41,10.735
2024-09-14 03:00:00,749.59,10.559
2024-09-14 03:30:00,749.86,10.381
2024-09-14 04:00:00,749.81,10.195
2024-09-14 04:30:00,749.78,9.988
2024-09-14 05:00:00,749.77,9.764
2024-09-14 05:30:00,749.6,9.537
2024-09-14 06:00:00,749.68,9.302
2024-09-14 06:30:00,749.54,9.078
2024-09-14 07:00:00,749.36,8.847
2024-09-14 07:30:00,749.09,8.617
2024-09-14 08:00:00,748.93,8.39
2024-09-14 08:30:00,748.81,8.165
2024-09-14 09:00:00,748.79,7.966
2024-09-14 09:30:00,748.66,7.788
2024-09-14 10:00:00,748.72,7.618
2024-09-14 10:30:00,748.62,7.436
2024-09-14 11:00:00,748.54,7.267
2024-09-14 11:30:00,748.52,7.114
2024-09-14 12:00:00,748.34,6.936
2024-09-14 12:30:00,748.36,6.765
2024-09-14 13:00:00,748.41,6.612
2024-09-14 13:30:00,748.6,6.465
2024-09-14 14:00:00,748.93,6.309
2024-09-14 14:30:00,748.91,6.174
2024-09-14 15:00:00,749.04,6.048
2024-09-14 15:30:00,748.92,5.913
2024-09-14 16:00:00,748.97,5.824
2024-09-14 16:30:00,749.12,5.818
2024-09-14 17:00:00,749.28,5.868
2024-09-14 17:30:00,749.54,6.035
2024-09-14 18:00:00,750.01,6.326
2024-09-14 18:30:00,750.34,6.701
2024-09-14 19:00:00,750.33,7.287
2024-09-14 19:30:00,750.88,8.144
2024-09-14 20:00:00,750.78,9.086
2024-09-14 20:30:00,750.54,10.021
2024-09-14 21:00:00,750.13,10.916
2024-09-14 21:30:00,750.21,11.621
2024-09-14 22:00:00,750.13,11.875
2024-09-14 22:30:00,749.91,11.791
2024-09-14 23:00:00,749.74,11.692
2024-09-14 23:30:00,749.57,11.553
2024-09-15 00:00:00,749.31,11.411
2024-09-15 00:30:00,749.2,11.344
2024-09-15 01:00:00,749.05,11.275
2024-09-15 01:30:00,748.88,11.164
2024-09-15 02:00:00,748.69,11.03
2024-09-15 02:30:00,748.75,10.891
2024-09-15 03:00:00,748.85,10.711
2024-09-15 03:30:00,749.0,10.529
2024-09-15 04:00:00,749.02,10.312
2024-09-15 04:30:00,749.04,10.085
2024-09-15 05:00:00,748.98,9.853
2024-09-15 05:30:00,748.88,9.617
2024-09-15 06:00:00,748.79,9.384
2024-09-15 06:30:00,748.62,9.152
2024-09-15 07:00:00,748.49,8.934
2024-09-15 07:30:00,748.23,8.719
2024-09-15 08:00:00,748.09,8.509
2024-09-15 08:30:00,747.87,8.306
2024-09-15 09:00:00,747.62,8.102
2024-09-15 09:30:00,747.3,7.915
2024-09-15 10:00:00,747.09,7.718
2024-09-15 10:30:00,746.69,7.53
2024-09-15 11:00:00,746.48,7.347
2024-09-15 11:30:00,746.3,7.178
2024-09-15 12:00:00,746.29,7.007
2024-09-15 12:30:00,746.3,6.84
2024-09-15 13:00:00,746.23,6.69
2024-09-15 13:30:00,746.16,6.55
2024-09-15 14:00:00,746.24,6.41
2024-09-15 14:30:00,746.07,6.276
2024-09-15 15:00:00,745.9,6.163
2024-09-15 15:30:00,745.8,6.066
2024-09-15 16:00:00,745.77,6.016
2024-09-15 16:30:00,745.6,6.017
2024-09-15 17:00:00,745.53,6.083
2024-09-15 17:30:00,745.69,6.236
2024-09-15 18:00:00,746.07,6.504
2024-09-15 18:30:00,746.02,6.869
2024-09-15 19:00:00,745.84,7.474
2024-09-15 19:30:00,745.8,8.25
2024-09-15 20:00:00,745.57,9.183
2024-09-15 20:30:00,745.69,10.065
2024-09-15 21:00:00,745.41,10.84
2024-09-15 21:30:00,744.4,11.425
2024-09-15 22:00:00,743.8,11.575
2024-09-15 22:30:00,743.47,11.404
2024-09-15 23:00:00,743.14,11.242
2024-09-15 23:30:00,742.91,11.069
2024-09-16 00:00:00,742.55,10.885
2024-09-16 00:30:00,742.31,10.73
2024-09-16 01:00:00,741.88,10.576
2024-09-16 01:30:00,741.52,10.344
2024-09-16 02:00:00,741.41,10.025
2024-09-16 02:30:00,741.21,9.733
2024-09-16 03:00:00,740.85,9.448
2024-09-16 03:30:00,740.57,9.138
2024-09-16 04:00:00,740.46,8.822
2024-09-16 04:30:00,739.99,8.526
2024-09-16 05:00:00,739.7,8.283
2024-09-16 05:30:00,739.46,8.019
2024-09-16 06:00:00,739.41,7.737
2024-09-16 06:30:00,739.3,7.472
2024-09-16 07:00:00,739.02,7.224
2024-09-16 07:30:00,738.99,6.959
2024-09-16 08:00:00,738.86,6.668
2024-09-16 08:30:00,738.63,6.397
2024-09-16 09:00:00,738.58,6.187
2024-09-16 09:30:00,738.73,6.023
2024-09-16 10:00:00,738.45,5.93
2024-09-16 10:30:00,738.35,5.821
2024-09-16 11:00:00,738.22,5.686
2024-09-16 11:30:00,738.09,5.568
2024-09-16 12:00:00,738.14,5.461
2024-09-16 12:30:00,738.27,5.346
2024-09-16 13:00:00,738.15,5.228
2024-09-16 13:30:00,738.08,5.102
2024-09-16 14:00:00,738.36,4.947
2024-09-16 14:30:00,738.18,4.798
2024-09-16 15:00:00,738.3,4.629
2024-09-16 15:30:00,738.27,4.49
2024-09-16 16:00:00,738.48,4.361
2024-09-16 16:30:00,738.75,4.264
2024-09-16 17:00:00,738.72,4.187
2024-09-16 17:30:00,738.87,4.202
2024-09-16 18:00:00,739.13,4.346
2024-09-16 18:30:00,739.5,4.559
2024-09-16 19:00:00,740.0,5.013
2024-09-16 19:30:00,739.96,5.633
2024-09-16 20:00:00,740.54,6.461
2024-09-16 20:30:00,740.42,7.326
2024-09-16 21:00:00,740.66,8.121
2024-09-16 21:30:00,740.71,8.392
2024-09-16 22:00:00,740.48,8.243
2024-09-16 22:30:00,740.13,7.969
2024-09-16 23:00:00,740.04,7.726
2024-09-16 23:30:00,740.54,7.233
2024-09-17 00:00:00,741.35,6.474
2024-09-17 00:30:00,741.82,5.652
2024-09-17 01:00:00,742.26,5.047
2024-09-17 01:30:00,742.7,4.727
2024-09-17 02:00:00,743.16,4.637
2024-09-17 02:30:00,743.19,4.634
2024-09-17 03:00:00,743.11,4.568
2024-09-17 03:30:00,743.12,4.435
2024-09-17 04:00:00,743.29,4.28
2024-09-17 04:30:00,743.1,4.136
2024-09-17 05:00:00,743.68,3.989
2024-09-17 05:30:00,743.89,3.872
2024-09-17 06:00:00,744.2,3.788
2024-09-17 06:30:00,744.37,3.689
2024-09-17 07:00:00,744.39,3.589
2024-09-17 07:30:00,744.92,3.488
2024-09-17 08:00:00,745.16,3.394
2024-09-17 08:30:00,745.09,3.293
2024-09-17 09:00:00,744.99,3.2
2024-09-17 09:30:00,744.81,3.114
2024-09-17 10:00:00,744.54,3.028
2024-09-17 10:30:00,744.71,2.956
2024-09-17 11:00:00,744.46,2.877
2024-09-17 11:30:00,744.38,2.809
2024-09-17 12:00:00,744.4,2.782
2024-09-17 12:30:00,744.7,2.761
2024-09-17 13:00:00,745.35,2.76
2024-09-17 13:30:00,745.61,2.784
2024-09-17 14:00:00,746.07,2.796
2024-09-17 14:30:00,746.15,2.829
2024-09-17 15:00:00,746.41,2.879
2024-09-17 15:30:00,746.84,2.97
2024-09-17 16:00:00,747.1,3.067
2024-09-17 16:30:00,747.24,3.182
2024-09-17 17:00:00,747.24,3.335
2024-09-17 17:30:00,746.99,3.503
2024-09-17 18:00:00,747.09,3.727
2024-09-17 18:30:00,747.46,4.045
2024-09-17 19:00:00,748.3,4.578
2024-09-17 19:30:00,749.26,5.244
2024-09-17 20:00:00,749.75,6.021
2024-09-17 20:30:00,749.69,6.85
2024-09-17 21:00:00,749.57,7.667
2024-09-17 21:30:00,749.66,8.119
2024-09-17 22:00:00,749.42,8.28
2024-09-17 22:30:00,749.38,8.292
2024-09-17 23:00:00,749.31,8.295
2024-09-17 23:30:00,749.29,8.245
2024-09-18 00:00:00,749.3,8.194
2024-09-18 00:30:00,749.24,8.133
2024-09-18 01:00:00,749.07,8.041
2024-09-18 01:30:00,748.93,7.892
2024-09-18 02:00:00,748.85,7.735
2024-09-18 02:30:00,748.85,7.568
2024-09-18 03:00:00,748.92,7.389
2024-09-18 03:30:00,749.08,7.202
2024-09-18 04:00:00,749.13,7.031
2024-09-18 04:30:00,748.89,6.883
2024-09-18 05:00:00,748.78,6.742
2024-09-18 05:30:00,748.51,6.615
2024-09-18 06:00:00,748.22,6.49
2024-09-18 06:30:00,748.04,6.356
2024-09-18 07:00:00,747.91,6.232
2024-09-18 07:30:00,747.99,6.117
2024-09-18 08:00:00,748.08,6.001
2024-09-18 08:30:00,748.01,5.867
2024-09-18 09:00:00,747.76,5.737
2024-09-18 09:30:00,747.43,5.627
2024-09-18 10:00:00,747.18,5.521
2024-09-18 10:30:00,746.88,5.393
2024-09-18 11:00:00,746.66,5.309
2024-09-18 11:30:00,746.46,5.243
2024-09-18 12:00:00,746.16,5.198
2024-09-18 12:30:00,746.09,5.159
2024-09-18 13:00:00,746.04,5.133
2024-09-18 13:30:00,745.94,5.105
2024-09-18 14:00:00,745.83,5.048
2024-09-18 14:30:00,745.84,5.018
2024-09-18 15:00:00,745.87,5.002
2024-09-18 15:30:00,745.97,5.038
2024-09-18 16:00:00,746.12,5.109
2024-09-18 16:30:00,746.29,5.24
2024-09-18 17:00:00,746.52,5.39
2024-09-18 17:30:00,746.76,5.556
2024-09-18 18:00:00,746.96,5.757
2024-09-18 18:30:00,747.25,6.112
2024-09-18 19:00:00,747.04,6.536
2024-09-18 19:30:00,747.15,6.757
2024-09-18 20:00:00,747.01,6.967
2024-09-18 20:30:00,746.91,7.273
2024-09-18 21:00:00,746.74,7.909
2024-09-18 21:30:00,746.6,8.316
2024-09-18 22:00:00,746.41,8.321
2024-09-18 22:30:00,746.22,8.329
2024-09-18 23:00:00,746.24,8.357
2024-09-18 23:30:00,746.14,8.31
2024-09-19 00:00:00,746.02,8.262
2024-09-19 00:30:00,746.03,8.201
2024-09-19 01:00:00,745.8,8.103
2024-09-19 01:30:00,745.75,7.983
2024-09-19 02:00:00,745.58,7.856
2024-09-19 02:30:00,745.37,7.706
2024-09-19 03:00:00,745.5,7.547
2024-09-19 03:30:00,745.45,7.379
2024-09-19 04:00:00,745.67,7.221
2024-09-19 04:30:00,745.72,7.034
2024-09-19 05:00:00,745.71,6.843
2024-09-19 05:30:00,745.61,6.68
2024-09-19 06:00:00,745.67,6.543
2024-09-19 06:30:00,745.57,6.411
2024-09-19 07:00:00,745.62,6.292
2024-09-19 07:30:00,745.45,6.185
2024-09-19 08:00:00,745.33,6.076
2024-09-19 08:30:00,745.27,5.979
2024-09-19 09:00:00,745.41,5.886
2024-09-19 09:30:00,745.41,5.803
2024-09-19 10:00:00,745.32,5.728
2024-09-19 10:30:00,745.48,5.663
2024-09-19 11:00:00,745.49,5.587
2024-09-19 11:30:00,745.44,5.536
2024-09-19 12:00:00,745.46,5.486
2024-09-19 12:30:00,745.35,5.419
2024-09-19 13:00:00,745.39,5.339
2024-09-19 13:30:00,745.44,5.254
2024-09-19 14:00:00,745.54,5.186
2024-09-19 14:30:00,745.6,5.125
2024-09-19 15:00:00,745.66,5.053
2024-09-19 15:30:00,745.84,5.015
2024-09-19 16:00:00,746.13,5.022
2024-09-19 16:30:00,746.2,5.058
2024-09-19 17:00:00,746.33,5.073
2024-09-19 17:30:00,746.43,5.126
2024-09-19 18:00:00,746.6,5.258
2024-09-19 18:30:00,746.86,5.386
2024-09-19 19:00:00,747.09,5.521
2024-09-19 19:30:00,747.34,5.684
2024-09-19 20:00:00,747.29,5.802
2024-09-19 20:30:00,747.26,5.888
2024-09-19 21:00:00,747.28,5.954
2024-09-19 21:30:00,747.39,6.018
2024-09-19 22:00:00,747.53,6.04
2024-09-19 22:30:00,747.74,5.987
2024-09-19 23:00:00,747.16,5.704
2024-09-19 23:30:00,747.24,5.586
2024-09-20 00:00:00,747.11,5.579
2024-09-20 00:30:00,747.12,5.571
2024-09-20 01:00:00,747.2,5.569
2024-09-20 01:30:00,747.23,5.554
2024-09-20 02:00:00,747.53,5.484
2024-09-20 02:30:00,747.65,5.382
2024-09-20 03:00:00,748.39,5.285
2024-09-20 03:30:00,748.95,5.209
2024-09-20 04:00:00,749.09,5.149
2024-09-20 04:30:00,748.83,5.103
2024-09-20 05:00:00,748.92,5.037
2024-09-20 05:30:00,749.0,4.947
2024-09-20 06:00:00,749.1,4.819
2024-09-20 06:30:00,748.94,4.731
2024-09-20 07:00:00,749.5,4.633
2024-09-20 07:30:00,749.72,4.558
2024-09-20 08:00:00,749.59,4.509
2024-09-20 08:30:00,749.3,4.43
2024-09-20 09:00:00,749.28,4.333
2024-09-20 09:30:00,749.29,4.219
2024-09-20 10:00:00,749.5,4.099
2024-09-20 10:30:00,749.4,3.98
2024-09-20 11:00:00,748.99,3.871
2024-09-20 11:30:00,748.95,3.765
2024-09-20 12:00:00,749.16,3.667
2024-09-20 12:30:00,749.14,3.559
2024-09-20 13:00:00,749.34,3.46
2024-09-20 13:30:00,749.28,3.376
2024-09-20 14:00:00,749.22,3.291
2024-09-20 14:30:00,749.11,3.205
2024-09-20 15:00:00,748.98,3.156
2024-09-20 15:30:00,748.95,3.131
2024-09-20 16:00:00,748.99,3.154
2024-09-20 16:30:00,749.12,3.204
2024-09-20 17:00:00,749.26,3.318
2024-09-20 17:30:00,749.53,3.525
2024-09-20 18:00:00,749.92,3.796
2024-09-20 18:30:00,750.48,4.061
2024-09-20 19:00:00,750.83,4.325
2024-09-20 19:30:00,751.01,4.826
2024-09-20 20:00:00,751.27,5.46
2024-09-20 20:30:00,751.16,6.23
2024-09-20 21:00:00,750.96,7.145
2024-09-20 21:30:00,750.7,7.728
2024-09-20 22:00:00,750.71,7.992
2024-09-20 22:30:00,750.69,8.041
2024-09-20 23:00:00,750.43,8.031
2024-09-20 23:30:00,750.52,8.01
2024-09-21 00:00:00,750.39,7.959
2024-09-21 00:30:00,750.3,7.931
2024-09-21 01:00:00,750.37,7.897
2024-09-21 01:30:00,750.22,7.804
2024-09-21 02:00:00,750.12,7.694
2024-09-21 02:30:00,750.15,7.55
2024-09-21 03:00:00,750.08,7.382
2024-09-21 03:30:00,750.15,7.203
2024-09-21 04:00:00,750.31,7.012
2024-09-21 04:30:00,750.32,6.81
2024-09-21 05:00:00,750.19,6.627
2024-09-21 05:30:00,750.25,6.428
2024-09-21 06:00:00,750.32,6.226
2024-09-21 06:30:00,750.33,6.041
2024-09-21 07:00:00,750.09,5.847
2024-09-21 07:30:00,750.12,5.676
2024-09-21 08:00:00,750.1,5.517
2024-09-21 08:30:00,750.08,5.359
2024-09-21 09:00:00,749.91,5.219
2024-09-21 09:30:00,749.77,5.1
2024-09-21 10:00:00,749.58,4.974
2024-09-21 10:30:00,749.49,4.873
2024-09-21 11:00:00,749.31,4.761
2024-09-21 11:30:00,749.15,4.641
2024-09-21 12:00:00,749.12,4.527
2024-09-21 12:30:00,749.09,4.42
2024-09-21 13:00:00,749.16,4.303
2024-09-21 13:30:00,749.34,4.206
2024-09-21 14:00:00,749.43,4.103
2024-09-21 14:30:00,749.7,4.003
2024-09-21 15:00:00,749.76,3.925
2024-09-21 15:30:00,749.67,3.86
2024-09-21 16:00:00,749.77,3.839
2024-09-21 16:30:00,749.79,3.871
2024-09-21 17:00:00,749.91,3.963
2024-09-21 17:30:00,750.2,4.161
2024-09-21 18:00:00,750.52,4.469
2024-09-21 18:30:00,750.71,4.857
2024-09-21 19:00:00,750.56,5.434
2024-09-21 19:30:00,751.08,6.171
2024-09-21 20:00:00,750.93,7.114
2024-09-21 20:30:00,750.81,8.131
2024-09-21 21:00:00,750.75,9.076
2024-09-21 21:30:00,750.28,9.796
2024-09-21 22:00:00,750.48,10.163
2024-09-21 22:30:00,750.53,10.275
2024-09-21 23:00:00,750.43,10.163
2024-09-21 23:30:00,750.28,10.009
2024-09-22 00:00:00,750.33,9.99
2024-09-22 00:30:00,750.45,9.981
2024-09-22 01:00:00,750.34,9.948
2024-09-22 01:30:00,750.3,9.889
2024-09-22 02:00:00,750.26,9.837
2024-09-22 02:30:00,750.29,9.766
2024-09-22 03:00:00,750.45,9.647
2024-09-22 03:30:00,750.55,9.505
2024-09-22 04:00:00,750.8,9.324
2024-09-22 04:30:00,750.88,9.101
2024-09-22 05:00:00,750.85,8.87
2024-09-22 05:30:00,750.89,8.65
2024-09-22 06:00:00,750.68,8.439
2024-09-22 06:30:00,750.69,8.225
2024-09-22 07:00:00,750.79,8.017
2024-09-22 07:30:00,750.81,7.805
2024-09-22 08:00:00,750.83,7.619
2024-09-22 08:30:00,750.64,7.442
2024-09-22 09:00:00,750.52,7.27
2024-09-22 09:30:00,750.3,7.096
2024-09-22 10:00:00,750.35,6.939
2024-09-22 10:30:00,750.22,6.786
2024-09-22 11:00:00,750.05,6.642
2024-09-22 11:30:00,750.04,6.511
2024-09-22 12:00:00,750.05,6.39
2024-09-22 12:30:00,750.07,6.253
2024-09-22 13:00:00,750.2,6.117
2024-09-22 13:30:00,750.27,5.996
2024-09-22 14:00:00,750.4,5.872
2024-09-22 14:30:00,750.62,5.761
2024-09-22 15:00:00,750.75,5.658
2024-09-22 15:30:00,750.89,5.563
2024-09-22 16:00:00,751.07,5.494
2024-09-22 16:30:00,751.07,5.487
2024-09-22 17:00:00,751.2,5.536
2024-09-22 17:30:00,751.42,5.662
2024-09-22 18:00:00,751.79,5.903
2024-09-22 18:30:00,752.17,6.24
2024-09-22 19:00:00,752.73,6.8
2024-09-22 19:30:00,752.49,7.603
2024-09-22 20:00:00,752.37,8.518
2024-09-22 20:30:00,752.21,9.467
2024-09-22 21:00:00,751.85,10.473
2024-09-22 21:30:00,750.92,11.246
2024-09-22 22:00:00,750.92,11.56
2024-09-22 22:30:00,750.67,11.472
2024-09-22 23:00:00,750.42,11.252
2024-09-22 23:30:00,750.34,11.085
2024-09-23 00:00:00,750.27,10.985
2024-09-23 00:30:00,750.28,10.977
2024-09-23 01:00:00,750.27,10.953
2024-09-23 01:30:00,750.25,10.899
2024-09-23 02:00:00,750.29,10.818
2024-09-23 02:30:00,750.54,10.724
2024-09-23 03:00:00,750.76,10.608
2024-09-23 03:30:00,751.03,10.465
2024-09-23 04:00:00,751.13,10.278
2024-09-23 04:30:00,751.06,10.073
2024-09-23 05:00:00,751.04,9.855
2024-09-23 05:30:00,750.75,9.628
2024-09-23 06:00:00,750.81,9.39
2024-09-23 06:30:00,750.55,9.16
2024-09-23 07:00:00,750.47,8.941
2024-09-23 07:30:00,750.41,8.716
2024-09-23 08:00:00,750.28,8.488
2024-09-23 08:30:00,750.4,8.263
2024-09-23 09:00:00,750.31,8.056
2024-09-23 09:30:00,750.46,7.865
2024-09-23 10:00:00,750.33,7.67
2024-09-23 10:30:00,750.38,7.491
2024-09-23 11:00:00,750.41,7.323
2024-09-23 11:30:00,750.22,7.163
2024-09-23 12:00:00,750.18,7.01
2024-09-23 12:30:00,750.19,6.856
2024-09-23 13:00:00,750.37,6.719
2024-09-23 13:30:00,750.42,6.58
2024-09-23 14:00:00,750.65,6.451
2024-09-23 14:30:00,751.07,6.332
2024-09-23 15:00:00,751.13,6.217
2024-09-23 15:30:00,751.07,6.138
2024-09-23 16:00:00,751.17,6.099
2024-09-23 16:30:00,751.48,6.119
2024-09-23 17:00:00,751.5,6.176
2024-09-23 17:30:00,751.81,6.307
2024-09-23 18:00:00,752.12,6.549
2024-09-23 18:30:00,752.31,6.89
2024-09-23 19:00:00,752.78,7.436
2024-09-23 19:30:00,752.46,8.142
2024-09-23 20:00:00,752.62,9.004
2024-09-23 20:30:00,752.29,9.841
2024-09-23 21:00:00,751.69,10.706
2024-09-23 21:30:00,750.87,11.312
2024-09-23 22:00:00,750.79,11.464
2024-09-23 22:30:00,750.62,11.371
2024-09-23 23:00:00,750.42,11.29
2024-09-23 23:30:00,750.3,11.12
2024-09-24 00:00:00,750.03,10.907
2024-09-24 00:30:00,750.05,10.761
2024-09-24 01:00:00,750.04,10.681
2024-09-24 01:30:00,749.97,10.608
2024-09-24 02:00:00,749.98,10.503
2024-09-24 02:30:00,749.96,10.385
2024-09-24 03:00:00,750.17,10.229
2024-09-24 03:30:00,750.25,10.045
2024-09-24 04:00:00,750.34,9.839
2024-09-24 04:30:00,750.26,9.625
2024-09-24 05:00:00,750.13,9.419
2024-09-24 05:30:00,750.0,9.211
2024-09-24 06:00:00,750.16,8.987
2024-09-24 06:30:00,749.96,8.758
2024-09-24 07:00:00,749.8,8.532
2024-09-24 07:30:00,749.82,8.315
2024-09-24 08:00:00,749.78,8.105
2024-09-24 08:30:00,749.77,7.891
2024-09-24 09:00:00,749.69,7.695
2024-09-24 09:30:00,749.67,7.502
2024-09-24 10:00:00,749.47,7.312
2024-09-24 10:30:00,749.4,7.13
2024-09-24 11:00:00,749.3,6.965
2024-09-24 11:30:00,749.27,6.793
2024-09-24 12:00:00,749.2,6.64
2024-09-24 12:30:00,749.22,6.487
2024-09-24 13:00:00,749.26,6.346
2024-09-24 13:30:00,749.24,6.214
2024-09-24 14:00:00,749.44,6.089
2024-09-24 14:30:00,749.59,5.983
2024-09-24 15:00:00,749.73,5.897
2024-09-24 15:30:00,749.66,5.813
2024-09-24 16:00:00,749.79,5.77
2024-09-24 16:30:00,749.79,5.79
2024-09-24 17:00:00,749.96,5.863
2024-09-24 17:30:00,750.18,6.023
2024-09-24 18:00:00,750.63,6.28
2024-09-24 18:30:00,750.91,6.643
2024-09-24 19:00:00,751.41,7.204
2024-09-24 19:30:00,751.12,7.932
2024-09-24 20:00:00,751.13,8.799
2024-09-24 20:30:00,750.82,9.674
2024-09-24 21:00:00,750.4,10.554
2024-09-24 21:30:00,749.57,11.201
2024-09-24 22:00:00,749.48,11.448
2024-09-24 22:30:00,749.28,11.393
2024-09-24 23:00:00,748.99,11.252
2024-09-24 23:30:00,748.97,11.085
2024-09-25 00:00:00,748.79,10.912
2024-09-25 00:30:00,748.73,10.774
2024-09-25 01:00:00,748.64,10.677
2024-09-25 01:30:00,748.64,10.592
2024-09-25 02:00:00,748.7,10.477
2024-09-25 02:30:00,748.73,10.342
2024-09-25 03:00:00,748.69,10.191
2024-09-25 03:30:00,748.71,10.032
2024-09-25 04:00:00,748.83,9.86
2024-09-25 04:30:00,748.83,9.672
2024-09-25 05:00:00,748.71,9.481
2024-09-25 05:30:00,748.51,9.277
2024-09-25 06:00:00,748.42,9.075
2024-09-25 06:30:00,748.23,8.872
2024-09-25 07:00:00,748.13,8.67
2024-09-25 07:30:00,748.06,8.472
2024-09-25 08:00:00,747.94,8.278
2024-09-25 08:30:00,747.84,8.093
2024-09-25 09:00:00,747.78,7.919
2024-09-25 09:30:00,747.5,7.747
2024-09-25 10:00:00,747.34,7.587
2024-09-25 10:30:00,747.3,7.427
2024-09-25 11:00:00,747.18,7.267
2024-09-25 11:30:00,747.17,7.12
2024-09-25 12:00:00,747.04,6.978
2024-09-25 12:30:00,746.99,6.841
2024-09-25 13:00:00,746.96,6.702
2024-09-25 13:30:00,746.99,6.571
2024-09-25 14:00:00,747.1,6.435
2024-09-25 14:30:00,747.21,6.302
2024-09-25 15:00:00,747.39,6.18
2024-09-25 15:30:00,747.27,6.089
2024-09-25 16:00:00,747.5,6.014
2024-09-25 16:30:00,747.43,6.017
2024-09-25 17:00:00,747.61,6.08
2024-09-25 17:30:00,747.83,6.231
2024-09-25 18:00:00,748.19,6.479
2024-09-25 18:30:00,748.61,6.814
2024-09-25 19:00:00,748.64,7.372
2024-09-25 19:30:00,748.63,8.1
2024-09-25 20:00:00,748.8,8.941
2024-09-25 20:30:00,748.54,9.778
2024-09-25 21:00:00,748.29,10.627
2024-09-25 21:30:00,747.69,11.27
2024-09-25 22:00:00,747.56,11.452
2024-09-25 22:30:00,747.32,11.347
2024-09-25 23:00:00,746.95,11.18
2024-09-25 23:30:00,746.68,10.985
2024-09-26 00:00:00,746.44,10.741
2024-09-26 00:30:00,746.43,10.575
2024-09-26 01:00:00,746.33,10.441
2024-09-26 01:30:00,746.48,10.307
2024-09-26 02:00:00,746.53,10.178
2024-09-26 02:30:00,746.68,10.044
2024-09-26 03:00:00,746.95,9.909
2024-09-26 03:30:00,747.08,9.758
2024-09-26 04:00:00,746.98,9.586
2024-09-26 04:30:00,746.84,9.389
2024-09-26 05:00:00,746.99,9.195
2024-09-26 05:30:00,746.81,9.006
2024-09-26 06:00:00,746.73,8.801
2024-09-26 06:30:00,746.94,8.594
2024-09-26 07:00:00,746.8,8.373
2024-09-26 07:30:00,746.63,8.13
2024-09-26 08:00:00,746.46,7.867
2024-09-26 08:30:00,746.72,7.614
2024-09-26 09:00:00,746.78,7.36
2024-09-26 09:30:00,746.73,7.1
2024-09-26 10:00:00,746.43,6.866
2024-09-26 10:30:00,746.47,6.628
2024-09-26 11:00:00,746.65,6.395
2024-09-26 11:30:00,746.54,6.174
2024-09-26 12:00:00,746.41,5.955
2024-09-26 12:30:00,746.49,5.76
2024-09-26 13:00:00,746.36,5.582
2024-09-26 13:30:00,746.48,5.391
2024-09-26 14:00:00,746.71,5.216
2024-09-26 14:30:00,746.92,5.049
2024-09-26 15:00:00,746.92,4.906
2024-09-26 15:30:00,747.02,4.78
2024-09-26 16:00:00,746.9,4.668
2024-09-26 16:30:00,746.99,4.646
2024-09-26 17:00:00,747.17,4.696
2024-09-26 17:30:00,747.44,4.835
2024-09-26 18:00:00,747.83,5.083
2024-09-26 18:30:00,748.38,5.437
2024-09-26 19:00:00,749.23,5.991
2024-09-26 19:30:00,749.64,6.778
2024-09-26 20:00:00,749.69,7.643
2024-09-26 20:30:00,749.67,8.561
2024-09-26 21:00:00,749.58,9.523
2024-09-26 21:30:00,749.37,10.26
2024-09-26 22:00:00,748.74,10.518
2024-09-26 22:30:00,748.65,10.466
2024-09-26 23:00:00,748.48,10.349
2024-09-26 23:30:00,748.49,10.207
2024-09-27 00:00:00,748.47,10.014
2024-09-27 00:30:00,748.59,9.858
2024-09-27 01:00:00,748.74,9.776
2024-09-27 01:30:00,749.01,9.693
2024-09-27 02:00:00,749.12,9.594
2024-09-27 02:30:00,749.26,9.474
2024-09-27 03:00:00,749.32,9.337
2024-09-27 03:30:00,749.46,9.191
2024-09-27 04:00:00,749.64,9.043
2024-09-27 04:30:00,749.75,8.889
2024-09-27 05:00:00,749.81,8.713
2024-09-27 05:30:00,749.85,8.534
2024-09-27 06:00:00,749.76,8.358
2024-09-27 06:30:00,749.75,8.196
2024-09-27 07:00:00,749.67,8.04
2024-09-27 07:30:00,749.45,7.891
2024-09-27 08:00:00,749.19,7.735
2024-09-27 08:30:00,749.16,7.575
2024-09-27 09:00:00,749.03,7.417
2024-09-27 09:30:00,749.03,7.267
2024-09-27 10:00:00,748.91,7.122
2024-09-27 10:30:00,748.81,6.975
2024-09-27 11:00:00,748.67,6.842
2024-09-27 11:30:00,748.67,6.705
2024-09-27 12:00:00,748.64,6.58
2024-09-27 12:30:00,748.58,6.463
2024-09-27 13:00:00,748.59,6.357
2024-09-27 13:30:00,748.87,6.251
2024-09-27 14:00:00,748.89,6.146
2024-09-27 14:30:00,749.01,6.044
2024-09-27 15:00:00,749.12,5.944
2024-09-27 15:30:00,749.18,5.86
2024-09-27 16:00:00,749.18,5.795
2024-09-27 16:30:00,749.23,5.773
2024-09-27 17:00:00,749.43,5.809
2024-09-27 17:30:00,749.58,5.911
2024-09-27 18:00:00,749.93,6.118
2024-09-27 18:30:00,750.41,6.426
2024-09-27 19:00:00,750.8,6.943
2024-09-27 19:30:00,750.79,7.635
2024-09-27 20:00:00,750.49,8.493
2024-09-27 20:30:00,750.47,9.332
2024-09-27 21:00:00,750.03,10.243
2024-09-27 21:30:00,749.34,10.924
2024-09-27 22:00:00,749.22,11.17
2024-09-27 22:30:00,749.16,11.077
2024-09-27 23:00:00,748.81,10.909
2024-09-27 23:30:00,748.56,10.729
2024-09-28 00:00:00,748.36,10.495
2024-09-28 00:30:00,748.43,10.301
2024-09-28 01:00:00,748.48,10.163
2024-09-28 01:30:00,748.53,10.033
2024-09-28 02:00:00,748.63,9.885
2024-09-28 02:30:00,748.74,9.734
2024-09-28 03:00:00,748.67,9.577
2024-09-28 03:30:00,748.85,9.403
2024-09-28 04:00:00,748.91,9.235
2024-09-28 04:30:00,748.94,9.061
2024-09-28 05:00:00,748.85,8.904
2024-09-28 05:30:00,748.7,8.747
2024-09-28 06:00:00,748.47,8.583
2024-09-28 06:30:00,748.43,8.426
2024-09-28 07:00:00,748.36,8.268
2024-09-28 07:30:00,748.32,8.113
2024-09-28 08:00:00,748.2,7.943
2024-09-28 08:30:00,748.0,7.755
2024-09-28 09:00:00,748.09,7.57
2024-09-28 09:30:00,748.06,7.393
2024-09-28 10:00:00,747.88,7.21
2024-09-28 10:30:00,747.78,7.034
2024-09-28 11:00:00,747.62,6.86
2024-09-28 11:30:00,747.52,6.692
2024-09-28 12:00:00,747.52,6.539
2024-09-28 12:30:00,747.56,6.394
2024-09-28 13:00:00,747.58,6.245
2024-09-28 13:30:00,747.59,6.105
2024-09-28 14:00:00,747.68,5.961
2024-09-28 14:30:00,747.73,5.834
2024-09-28 15:00:00,747.82,5.721
2024-09-28 15:30:00,747.91,5.622
2024-09-28 16:00:00,747.83,5.526
2024-09-28 16:30:00,748.09,5.513
2024-09-28 17:00:00,748.16,5.571
2024-09-28 17:30:00,748.4,5.707
2024-09-28 18:00:00,748.81,5.93
2024-09-28 18:30:00,749.3,6.262
2024-09-28 19:00:00,749.8,6.797
2024-09-28 19:30:00,749.97,7.522
2024-09-28 20:00:00,749.64,8.379
2024-09-28 20:30:00,749.45,9.245
2024-09-28 21:00:00,749.24,10.131
2024-09-28 21:30:00,748.55,10.817
2024-09-28 22:00:00,748.5,11.046
2024-09-28 22:30:00,748.29,10.939
2024-09-28 23:00:00,748.2,10.789
2024-09-28 23:30:00,747.9,10.584
2024-09-29 00:00:00,747.8,10.355
2024-09-29 00:30:00,747.76,10.158
2024-09-29 01:00:00,747.65,9.971
2024-09-29 01:30:00,747.77,9.826
2024-09-29 02:00:00,747.98,9.687
2024-09-29 02:30:00,748.25,9.548
2024-09-29 03:00:00,748.42,9.401
2024-09-29 03:30:00,748.43,9.255
2024-09-29 04:00:00,748.56,9.11
2024-09-29 04:30:00,748.45,8.971
2024-09-29 05:00:00,748.5,8.83
2024-09-29 05:30:00,748.31,8.673
2024-09-29 06:00:00,748.2,8.521
2024-09-29 06:30:00,748.02,8.356
2024-09-29 07:00:00,748.02,8.184
2024-09-29 07:30:00,747.96,8.013
2024-09-29 08:00:00,747.81,7.831
2024-09-29 08:30:00,747.79,7.648
2024-09-29 09:00:00,747.66,7.469
2024-09-29 09:30:00,747.47,7.303
2024-09-29 10:00:00,747.1,7.131
2024-09-29 10:30:00,746.99,6.966
2024-09-29 11:00:00,747.12,6.806
2024-09-29 11:30:00,747.26,6.651
2024-09-29 12:00:00,747.24,6.5
2024-09-29 12:30:00,747.2,6.353
2024-09-29 13:00:00,747.26,6.225
2024-09-29 13:30:00,747.38,6.093
2024-09-29 14:00:00,747.49,5.959
2024-09-29 14:30:00,747.82,5.838
2024-09-29 15:00:00,747.92,5.737
2024-09-29 15:30:00,748.07,5.63
2024-09-29 16:00:00,747.93,5.559
2024-09-29 16:30:00,747.99,5.553
2024-09-29 17:00:00,748.1,5.61
2024-09-29 17:30:00,748.32,5.741
2024-09-29 18:00:00,748.68,5.948
2024-09-29 18:30:00,749.13,6.255
2024-09-29 19:00:00,749.82,6.784
2024-09-29 19:30:00,749.95,7.493
2024-09-29 20:00:00,749.98,8.329
2024-09-29 20:30:00,749.55,9.152
2024-09-29 21:00:00,749.21,10.038
2024-09-29 21:30:00,749.05,10.729
2024-09-29 22:00:00,748.28,10.978
2024-09-29 22:30:00,748.21,10.906
2024-09-29 23:00:00,748.03,10.762
2024-09-29 23:30:00,747.82,10.58
2024-09-30 00:00:00,747.8,10.39
2024-09-30 00:30:00,747.81,10.228
2024-09-30 01:00:00,747.93,10.106
2024-09-30 01:30:00,748.03,9.994
2024-09-30 02:00:00,748.24,9.869
2024-09-30 02:30:00,748.42,9.733
2024-09-30 03:00:00,748.63,9.593
2024-09-30 03:30:00,748.82,9.453
2024-09-30 04:00:00,748.93,9.309
2024-09-30 04:30:00,748.93,9.162
2024-09-30 05:00:00,748.92,9.006
2024-09-30 05:30:00,748.98,8.833
2024-09-30 06:00:00,749.03,8.64
2024-09-30 06:30:00,748.93,8.45
2024-09-30 07:00:00,748.96,8.259
2024-09-30 07:30:00,749.06,8.088
2024-09-30 08:00:00,749.03,7.94
2024-09-30 08:30:00,749.12,7.793
2024-09-30 09:00:00,749.09,7.641
2024-09-30 09:30:00,749.09,7.486
2024-09-30 10:00:00,748.98,7.33
2024-09-30 10:30:00,748.99,7.162
2024-09-30 11:00:00,748.94,6.999
2024-09-30 11:30:00,748.93,6.86
2024-09-30 12:00:00,748.95,6.736
2024-09-30 12:30:00,749.09,6.612
2024-09-30 13:00:00,749.19,6.501
2024-09-30 13:30:00,749.4,6.388
2024-09-30 14:00:00,749.64,6.263
2024-09-30 14:30:00,749.41,6.137
2024-09-30 15:00:00,749.33,6.027
2024-09-30 15:30:00,749.3,5.952
2024-09-30 16:00:00,749.41,5.906
2024-09-30 16:30:00,749.97,5.91
2024-09-30 17:00:00,750.17,5.95
2024-09-30 17:30:00,750.32,6.048
2024-09-30 18:00:00,750.47,6.234
2024-09-30 18:30:00,750.38,6.534
2024-09-30 19:00:00,751.11,7.031
2024-09-30 19:30:00,752.09,7.756
2024-09-30 20:00:00,752.22,8.541
2024-09-30 20:30:00,752.17,9.364
2024-09-30 21:00:00,751.86,10.221
2024-09-30 21:30:00,751.62,10.854
2024-09-30 22:00:00,751.74,11.109
2024-09-30 22:30:00,751.54,11.033
2024-09-30 23:00:00,751.4,10.893
2024-09-30 23:30:00,751.19,10.715
2024-10-01 00:00:00,750.95,10.485
2024-10-01 00:30:00,750.99,10.279
2024-10-01 01:00:00,751.18,10.111
2024-10-01 01:30:00,751.43,9.983
2024-10-01 02:00:00,751.62,9.847
2024-10-01 02:30:00,751.79,9.694
2024-10-01 03:00:00,752.15,9.54
2024-10-01 03:30:00,752.36,9.38
2024-10-01 04:00:00,752.57,9.227
2024-10-01 04:30:00,752.63,9.07
2024-10-01 05:00:00,752.75,8.902
2024-10-01 05:30:00,752.78,8.725
2024-10-01 06:00:00,752.64,8.542
2024-10-01 06:30:00,752.5,8.362
2024-10-01 07:00:00,752.58,8.187
2024-10-01 07:30:00,752.49,8.002
2024-10-01 08:00:00,752.51,7.817
2024-10-01 08:30:00,752.6,7.651
2024-10-01 09:00:00,752.71,7.482
2024-10-01 09:30:00,752.78,7.311
2024-10-01 10:00:00,752.51,7.156
2024-10-01 10:30:00,752.29,7.004
2024-10-01 11:00:00,752.09,6.854
2024-10-01 11:30:00,752.51,6.715
2024-10-01 12:00:00,752.63,6.573
2024-10-01 12:30:00,752.87,6.445
2024-10-01 13:00:00,753.01,6.323
2024-10-01 13:30:00,753.26,6.193
2024-10-01 14:00:00,753.72,6.072
2024-10-01 14:30:00,753.73,5.956
2024-10-01 15:00:00,753.66,5.864
2024-10-01 15:30:00,753.6,5.778
2024-10-01 16:00:00,753.58,5.73
2024-10-01 16:30:00,753.66,5.743
2024-10-01 17:00:00,753.74,5.815
2024-10-01 17:30:00,753.9,5.948
2024-10-01 18:00:00,754.22,6.15
2024-10-01 18:30:00,754.65,6.479
2024-10-01 19:00:00,755.46,6.985
2024-10-01 19:30:00,755.65,7.683
2024-10-01 20:00:00,755.51,8.477
2024-10-01 20:30:00,755.34,9.295
2024-10-01 21:00:00,755.18,10.181
2024-10-01 21:30:00,754.89,10.839
2024-10-01 22:00:00,754.87,11.069
2024-10-01 22:30:00,754.64,10.988
2024-10-01 23:00:00,754.46,10.851
2024-10-01 23:30:00,754.2,10.694
2024-10-02 00:00:00,753.89,10.498
2024-10-02 00:30:00,753.64,10.315
2024-10-02 01:00:00,753.45,10.16
2024-10-02 01:30:00,753.39,10.024
2024-10-02 02:00:00,753.43,9.896
2024-10-02 02:30:00,753.43,9.755
2024-10-02 03:00:00,753.56,9.638
2024-10-02 03:30:00,753.89,9.532
2024-10-02 04:00:00,753.89,9.406
2024-10-02 04:30:00,753.87,9.254
2024-10-02 05:00:00,753.87,9.082
2024-10-02 05:30:00,753.99,8.92
2024-10-02 06:00:00,753.89,8.759
2024-10-02 06:30:00,753.91,8.604
2024-10-02 07:00:00,753.73,8.449
2024-10-02 07:30:00,753.55,8.291
2024-10-02 08:00:00,753.42,8.137
2024-10-02 08:30:00,753.24,7.977
2024-10-02 09:00:00,753.05,7.826
2024-10-02 09:30:00,753.0,7.677
2024-10-02 10:00:00,752.71,7.529
2024-10-02 10:30:00,752.44,7.386
2024-10-02 11:00:00,752.41,7.255
2024-10-02 11:30:00,752.37,7.124
2024-10-02 12:00:00,752.21,7.004
2024-10-02 12:30:00,752.03,6.881
2024-10-02 13:00:00,751.91,6.758
2024-10-02 13:30:00,751.77,6.646
2024-10-02 14:00:00,751.73,6.522
2024-10-02 14:30:00,751.81,6.4
2024-10-02 15:00:00,751.84,6.295
2024-10-02 15:30:00,751.9,6.206
2024-10-02 16:00:00,751.9,6.134
2024-10-02 16:30:00,751.92,6.13
2024-10-02 17:00:00,752.04,6.183
2024-10-02 17:30:00,752.15,6.291
2024-10-02 18:00:00,752.31,6.461
2024-10-02 18:30:00,752.69,6.75
2024-10-02 19:00:00,752.69,7.229
2024-10-02 19:30:00,752.99,7.912
2024-10-02 20:00:00,752.74,8.638
2024-10-02 20:30:00,752.53,9.456
2024-10-02 21:00:00,752.12,10.324
2024-10-02 21:30:00,751.56,10.986
2024-10-02 22:00:00,751.52,11.232
2024-10-02 22:30:00,751.34,11.149
2024-10-02 23:00:00,751.09,11.004
2024-10-02 23:30:00,750.74,10.822
2024-10-03 00:00:00,750.4,10.586
2024-10-03 00:30:00,750.05,10.394
2024-10-03 01:00:00,749.94,10.257
2024-10-03 01:30:00,749.9,10.112
2024-10-03 02:00:00,750.03,9.971
2024-10-03 02:30:00,750.11,9.862
2024-10-03 03:00:00,750.19,9.733
2024-10-03 03:30:00,750.2,9.587
2024-10-03 04:00:00,750.34,9.434
2024-10-03 04:30:00,750.23,9.276
2024-10-03 05:00:00,750.3,9.122
2024-10-03 05:30:00,750.26,8.962
2024-10-03 06:00:00,750.23,8.801
2024-10-03 06:30:00,750.13,8.647
2024-10-03 07:00:00,749.96,8.487
2024-10-03 07:30:00,749.8,8.327
2024-10-03 08:00:00,749.62,8.173
2024-10-03 08:30:00,749.47,8.015
2024-10-03 09:00:00,749.38,7.86
2024-10-03 09:30:00,749.21,7.704
2024-10-03 10:00:00,749.08,7.548
2024-10-03 10:30:00,748.91,7.393
2024-10-03 11:00:00,748.9,7.244
2024-10-03 11:30:00,748.85,7.095
2024-10-03 12:00:00,748.88,6.945
2024-10-03 12:30:00,748.89,6.803
2024-10-03 13:00:00,748.98,6.657
2024-10-03 13:30:00,748.94,6.514
2024-10-03 14:00:00,748.98,6.384
2024-10-03 14:30:00,749.19,6.249
2024-10-03 15:00:00,749.34,6.139
2024-10-03 15:30:00,749.43,6.041
2024-10-03 16:00:00,749.4,5.971
2024-10-03 16:30:00,749.56,5.958
2024-10-03 17:00:00,749.67,6.01
2024-10-03 17:30:00,749.76,6.126
2024-10-03 18:00:00,750.03,6.31
2024-10-03 18:30:00,750.39,6.613
2024-10-03 19:00:00,750.67,7.105
2024-10-03 19:30:00,751.03,7.774
2024-10-03 20:00:00,750.76,8.556
2024-10-03 20:30:00,750.48,9.35
2024-10-03 21:00:00,749.68,10.19
2024-10-03 21:30:00,749.92,10.856
2024-10-03 22:00:00,750.02,11.09
2024-10-03 22:30:00,749.77,11.027
2024-10-03 23:00:00,749.63,10.895
2024-10-03 23:30:00,749.4,10.714
2024-10-04 00:00:00,749.08,10.504
2024-10-04 00:30:00,748.91,10.318
2024-10-04 01:00:00,748.75,10.147
2024-10-04 01:30:00,748.82,10.003
2024-10-04 02:00:00,748.95,9.887
2024-10-04 02:30:00,749.08,9.78
2024-10-04 03:00:00,749.15,9.666
2024-10-04 03:30:00,749.27,9.53
2024-10-04 04:00:00,749.44,9.39
2024-10-04 04:30:00,749.55,9.246
2024-10-04 05:00:00,749.71,9.09
2024-10-04 05:30:00,749.8,8.93
2024-10-04 06:00:00,749.82,8.761
2024-10-04 06:30:00,749.77,8.595
2024-10-04 07:00:00,749.66,8.438
2024-10-04 07:30:00,749.6,8.274
2024-10-04 08:00:00,749.58,8.116
2024-10-04 08:30:00,749.62,7.964
2024-10-04 09:00:00,749.59,7.809
2024-10-04 09:30:00,749.43,7.651
2024-10-04 10:00:00,749.26,7.496
2024-10-04 10:30:00,749.08,7.358
2024-10-04 11:00:00,748.94,7.222
2024-10-04 11:30:00,748.92,7.094
2024-10-04 12:00:00,748.83,6.97
2024-10-04 12:30:00,748.86,6.854
2024-10-04 13:00:00,748.99,6.752
2024-10-04 13:30:00,749.06,6.656
2024-10-04 14:00:00,749.35,6.574
2024-10-04 14:30:00,749.48,6.513
2024-10-04 15:00:00,749.98,6.488
2024-10-04 15:30:00,750.09,6.524
2024-10-04 16:00:00,750.28,6.615
2024-10-04 16:30:00,750.55,6.718
2024-10-04 17:00:00,750.88,6.856
2024-10-04 17:30:00,751.18,7.004
2024-10-04 18:00:00,751.56,7.152
2024-10-04 18:30:00,751.77,7.377
2024-10-04 19:00:00,752.21,7.745
2024-10-04 19:30:00,752.62,8.288
2024-10-04 20:00:00,753.06,8.757
2024-10-04 20:30:00,752.6,9.116
2024-10-04 21:00:00,752.74,9.493
2024-10-04 21:30:00,752.63,9.824
2024-10-04 22:00:00,752.44,9.889
2024-10-04 22:30:00,752.52,9.843
2024-10-04 23:00:00,752.2,9.749
2024-10-04 23:30:00,752.11,9.616
2024-10-05 00:00:00,751.85,9.454
2024-10-05 00:30:00,751.65,9.274
2024-10-05 01:00:00,751.46,9.102
2024-10-05 01:30:00,751.47,8.951
2024-10-05 02:00:00,751.49,8.835
2024-10-05 02:30:00,751.66,8.718
2024-10-05 03:00:00,751.8,8.586
2024-10-05 03:30:00,751.85,8.455
2024-10-05 04:00:00,751.98,8.315
2024-10-05 04:30:00,752.02,8.168
2024-10-05 05:00:00,752.17,8.017
2024-10-05 05:30:00,752.24,7.87
2024-10-05 06:00:00,752.22,7.732
2024-10-05 06:30:00,752.07,7.597
2024-10-05 07:00:00,751.96,7.459
2024-10-05 07:30:00,751.93,7.331
2024-10-05 08:00:00,751.8,7.202
2024-10-05 08:30:00,751.81,7.074
2024-10-05 09:00:00,751.9,6.949
2024-10-05 09:30:00,751.84,6.824
2024-10-05 10:00:00,751.79,6.701
2024-10-05 10:30:00,751.69,6.591
2024-10-05 11:00:00,751.71,6.483
2024-10-05 11:30:00,751.74,6.368
2024-10-05 12:00:00,751.74,6.269
2024-10-05 12:30:00,751.58,6.169
2024-10-05 13:00:00,751.57,6.073
2024-10-05 13:30:00,751.58,5.985
2024-10-05 14:00:00,752.29,5.896
2024-10-05 14:30:00,752.62,5.817
2024-10-05 15:00:00,752.94,5.748
2024-10-05 15:30:00,753.12,5.689
2024-10-05 16:00:00,753.19,5.652
2024-10-05 16:30:00,753.52,5.661
2024-10-05 17:00:00,753.68,5.732
2024-10-05 17:30:00,753.76,5.861
2024-10-05 18:00:00,753.77,6.05
2024-10-05 18:30:00,753.61,6.398
2024-10-05 19:00:00,753.22,6.89
2024-10-05 19:30:00,753.96,7.404
2024-10-05 20:00:00,754.61,7.979
2024-10-05 20:30:00,754.72,8.653
2024-10-05 21:00:00,754.51,9.117
2024-10-05 21:30:00,754.66,9.541
2024-10-05 22:00:00,754.49,9.844
2024-10-05 22:30:00,754.28,9.917
2024-10-05 23:00:00,754.08,9.802
2024-10-05 23:30:00,753.79,9.65
2024-10-06 00:00:00,753.65,9.512
2024-10-06 00:30:00,753.49,9.413
2024-10-06 01:00:00,753.44,9.328
2024-10-06 01:30:00,753.42,9.241
2024-10-06 02:00:00,753.47,9.153
2024-10-06 02:30:00,753.54,9.059
2024-10-06 03:00:00,753.58,8.991
2024-10-06 03:30:00,753.7,8.937
2024-10-06 04:00:00,753.68,8.857
2024-10-06 04:30:00,753.74,8.731
2024-10-06 05:00:00,753.72,8.589
2024-10-06 05:30:00,753.66,8.435
2024-10-06 06:00:00,753.47,8.288
2024-10-06 06:30:00,753.32,8.138
2024-10-06 07:00:00,753.22,7.986
2024-10-06 07:30:00,753.09,7.835
2024-10-06 08:00:00,752.97,7.687
2024-10-06 08:30:00,753.0,7.547
2024-10-06 09:00:00,752.96,7.41
2024-10-06 09:30:00,752.84,7.289
2024-10-06 10:00:00,752.68,7.174
2024-10-06 10:30:00,752.62,7.062
2024-10-06 11:00:00,752.44,6.958
2024-10-06 11:30:00,752.48,6.855
2024-10-06 12:00:00,752.47,6.755
2024-10-06 12:30:00,752.33,6.652
2024-10-06 13:00:00,752.26,6.541
2024-10-06 13:30:00,752.28,6.433
2024-10-06 14:00:00,752.89,6.33
2024-10-06 14:30:00,753.05,6.231
2024-10-06 15:00:00,753.26,6.135
2024-10-06 15:30:00,753.38,6.056
2024-10-06 16:00:00,753.47,5.991
2024-10-06 16:30:00,753.66,5.971
2024-10-06 17:00:00,753.71,6.011
2024-10-06 17:30:00,753.69,6.108
2024-10-06 18:00:00,753.63,6.261
2024-10-06 18:30:00,753.58,6.523
2024-10-06 19:00:00,753.35,6.929
2024-10-06 19:30:00,753.69,7.532
2024-10-06 20:00:00,754.49,8.136
2024-10-06 20:30:00,754.36,8.507
2024-10-06 21:00:00,754.35,8.774
2024-10-06 21:30:00,754.35,9.075
2024-10-06 22:00:00,753.86,9.225
2024-10-06 22:30:00,754.14,9.261
2024-10-06 23:00:00,754.33,9.162
2024-10-06 23:30:00,754.27,9.049
2024-10-07 00:00:00,754.23,9.002
2024-10-07 00:30:00,754.12,8.972
2024-10-07 01:00:00,753.97,8.973
2024-10-07 01:30:00,753.82,8.974
2024-10-07 02:00:00,753.61,8.931
2024-10-07 02:30:00,753.49,8.825
2024-10-07 03:00:00,753.27,8.682
2024-10-07 03:30:00,753.13,8.512
2024-10-07 04:00:00,752.94,8.342
2024-10-07 04:30:00,752.77,8.167
2024-10-07 05:00:00,752.6,8.013
2024-10-07 05:30:00,752.56,7.875
2024-10-07 06:00:00,752.55,7.747
2024-10-07 06:30:00,752.39,7.613
2024-10-07 07:00:00,752.21,7.478
2024-10-07 07:30:00,752.14,7.342
2024-10-07 08:00:00,752.03,7.214
2024-10-07 08:30:00,751.91,7.092
2024-10-07 09:00:00,751.74,6.972
2024-10-07 09:30:00,751.55,6.846
2024-10-07 10:00:00,751.35,6.723
2024-10-07 10:30:00,751.06,6.606
2024-10-07 11:00:00,750.86,6.489
2024-10-07 11:30:00,750.63,6.38
2024-10-07 12:00:00,750.51,6.274
2024-10-07 12:30:00,750.34,6.162
2024-10-07 13:00:00,750.66,6.052
2024-10-07 13:30:00,750.76,5.95
2024-10-07 14:00:00,750.96,5.843
2024-10-07 14:30:00,751.2,5.74
2024-10-07 15:00:00,751.35,5.656
2024-10-07 15:30:00,751.53,5.595
2024-10-07 16:00:00,751.51,5.561
2024-10-07 16:30:00,751.52,5.567
2024-10-07 17:00:00,751.53,5.624
2024-10-07 17:30:00,751.5,5.737
2024-10-07 18:00:00,751.38,5.915
2024-10-07 18:30:00,751.2,6.181
2024-10-07 19:00:00,751.32,6.468
2024-10-07 19:30:00,750.76,6.709
2024-10-07 20:00:00,751.16,7.007
2024-10-07 20:30:00,751.43,7.235
2024-10-07 21:00:00,751.58,7.404
2024-10-07 21:30:00,751.9,7.553
2024-10-07 22:00:00,751.75,7.661
2024-10-07 22:30:00,751.78,7.685
2024-10-07 23:00:00,751.66,7.686
2024-10-07 23:30:00,751.68,7.702
2024-10-08 00:00:00,751.29,7.746
2024-10-08 00:30:00,751.27,7.777
2024-10-08 01:00:00,750.97,7.768
2024-10-08 01:30:00,750.91,7.742
2024-10-08 02:00:00,750.82,7.677
2024-10-08 02:30:00,750.65,7.55
2024-10-08 03:00:00,750.34,7.396
2024-10-08 03:30:00,750.06,7.231
2024-10-08 04:00:00,750.0,7.064
2024-10-08 04:30:00,749.93,6.909
2024-10-08 05:00:00,749.89,6.754
2024-10-08 05:30:00,749.85,6.605
2024-10-08 06:00:00,749.63,6.462
2024-10-08 06:30:00,749.39,6.328
2024-10-08 07:00:00,749.09,6.2
2024-10-08 07:30:00,748.85,6.059
2024-10-08 08:00:00,748.62,5.917
2024-10-08 08:30:00,748.4,5.79
2024-10-08 09:00:00,748.6,5.676
2024-10-08 09:30:00,748.58,5.569
2024-10-08 10:00:00,748.5,5.464
2024-10-08 10:30:00,748.43,5.355
2024-10-08 11:00:00,748.36,5.285
2024-10-08 11:30:00,748.31,5.222
2024-10-08 12:00:00,748.35,5.15
2024-10-08 12:30:00,748.25,5.067
2024-10-08 13:00:00,748.31,4.984
2024-10-08 13:30:00,748.3,4.909
2024-10-08 14:00:00,748.45,4.859
2024-10-08 14:30:00,748.5,4.83
2024-10-08 15:00:00,748.51,4.808
2024-10-08 15:30:00,748.71,4.792
2024-10-08 16:00:00,748.79,4.78
2024-10-08 16:30:00,748.99,4.785
2024-10-08 17:00:00,749.03,4.84
2024-10-08 17:30:00,749.03,4.989
2024-10-08 18:00:00,748.95,5.174
2024-10-08 18:30:00,748.94,5.475
2024-10-08 19:00:00,748.66,5.811
2024-10-08 19:30:00,748.32,6.147
2024-10-08 20:00:00,748.61,6.412
2024-10-08 20:30:00,748.89,6.704
2024-10-08 21:00:00,749.44,7.457
2024-10-08 21:30:00,749.36,8.086
2024-10-08 22:00:00,748.97,8.334
2024-10-08 22:30:00,748.89,8.357
2024-10-08 23:00:00,748.87,8.335
2024-10-08 23:30:00,748.83,8.304
2024-10-09 00:00:00,748.81,8.242
2024-10-09 00:30:00,748.68,8.123
2024-10-09 01:00:00,748.52,7.979
2024-10-09 01:30:00,748.34,7.856
2024-10-09 02:00:00,748.28,7.726
2024-10-09 02:30:00,748.24,7.588
2024-10-09 03:00:00,748.25,7.456
2024-10-09 03:30:00,748.17,7.319
2024-10-09 04:00:00,748.14,7.186
2024-10-09 04:30:00,748.26,7.059
2024-10-09 05:00:00,748.41,6.933
2024-10-09 05:30:00,748.5,6.808
2024-10-09 06:00:00,748.51,6.683
2024-10-09 06:30:00,748.45,6.556
2024-10-09 07:00:00,748.37,6.427
2024-10-09 07:30:00,748.45,6.3
2024-10-09 08:00:00,748.23,6.17
2024-10-09 08:30:00,748.01,6.03
2024-10-09 09:00:00,747.85,5.906
2024-10-09 09:30:00,747.62,5.783
2024-10-09 10:00:00,747.92,5.655
2024-10-09 10:30:00,747.99,5.528
2024-10-09 11:00:00,748.09,5.414
2024-10-09 11:30:00,748.19,5.302
2024-10-09 12:00:00,748.31,5.197
2024-10-09 12:30:00,748.41,5.09
2024-10-09 13:00:00,748.58,4.988
2024-10-09 13:30:00,748.78,4.883
2024-10-09 14:00:00,749.03,4.786
2024-10-09 14:30:00,748.92,4.692
2024-10-09 15:00:00,748.88,4.606
2024-10-09 15:30:00,748.85,4.53
2024-10-09 16:00:00,748.75,4.477
2024-10-09 16:30:00,748.81,4.478
2024-10-09 17:00:00,748.92,4.531
2024-10-09 17:30:00,749.01,4.644
2024-10-09 18:00:00,749.21,4.814
2024-10-09 18:30:00,749.59,5.093
2024-10-09 19:00:00,750.18,5.503
2024-10-09 19:30:00,750.81,6.08
2024-10-09 20:00:00,750.73,6.744
2024-10-09 20:30:00,750.69,7.528
2024-10-09 21:00:00,750.55,8.314
2024-10-09 21:30:00,750.27,8.958
2024-10-09 22:00:00,750.19,9.204
2024-10-09 22:30:00,750.05,9.148
2024-10-09 23:00:00,749.87,9.008
2024-10-09 23:30:00,749.68,8.857
2024-10-10 00:00:00,749.54,8.69
2024-10-10 00:30:00,749.37,8.54
2024-10-10 01:00:00,749.33,8.408
2024-10-10 01:30:00,749.36,8.304
2024-10-10 02:00:00,749.53,8.218
2024-10-10 02:30:00,749.68,8.144
2024-10-10 03:00:00,749.74,8.045
2024-10-10 03:30:00,749.88,7.938
2024-10-10 04:00:00,749.95,7.813
2024-10-10 04:30:00,749.78,7.681
2024-10-10 05:00:00,749.86,7.538
2024-10-10 05:30:00,749.77,7.391
2024-10-10 06:00:00,749.79,7.242
2024-10-10 06:30:00,749.87,7.096
2024-10-10 07:00:00,749.85,6.949
2024-10-10 07:30:00,749.89,6.799
2024-10-10 08:00:00,749.69,6.652
2024-10-10 08:30:00,749.6,6.506
2024-10-10 09:00:00,749.35,6.359
2024-10-10 09:30:00,749.15,6.227
2024-10-10 10:00:00,748.88,6.109
2024-10-10 10:30:00,748.7,6.02
2024-10-10 11:00:00,748.58,5.928
2024-10-10 11:30:00,748.56,5.838
2024-10-10 12:00:00,748.43,5.734
2024-10-10 12:30:00,748.5,5.618
2024-10-10 13:00:00,748.46,5.495
2024-10-10 13:30:00,748.36,5.37
2024-10-10 14:00:00,748.47,5.229
2024-10-10 14:30:00,748.59,5.093
2024-10-10 15:00:00,748.61,4.967
2024-10-10 15:30:00,748.74,4.859
2024-10-10 16:00:00,748.64,4.772
2024-10-10 16:30:00,748.5,4.754
2024-10-10 17:00:00,748.6,4.85
2024-10-10 17:30:00,748.83,5.039
2024-10-10 18:00:00,749.16,5.286
2024-10-10 18:30:00,749.57,5.58
2024-10-10 19:00:00,750.03,5.915
2024-10-10 19:30:00,750.11,6.272
2024-10-10 20:00:00,749.92,6.629
2024-10-10 20:30:00,750.11,7.031
2024-10-10 21:00:00,749.79,7.444
2024-10-10 21:30:00,749.69,7.752
2024-10-10 22:00:00,749.62,7.967
2024-10-10 22:30:00,749.68,8.087
2024-10-10 23:00:00,749.71,8.158
2024-10-10 23:30:00,749.71,8.185
2024-10-11 00:00:00,749.59,8.167
2024-10-11 00:30:00,749.59,8.108
2024-10-11 01:00:00,749.48,8.045
2024-10-11 01:30:00,749.36,7.988
2024-10-11 02:00:00,749.37,7.904
2024-10-11 02:30:00,749.24,7.798
2024-10-11 03:00:00,749.11,7.665
2024-10-11 03:30:00,748.99,7.503
2024-10-11 04:00:00,749.24,7.33
2024-10-11 04:30:00,749.18,7.15
2024-10-11 05:00:00,749.04,6.969
2024-10-11 05:30:00,748.93,6.797
2024-10-11 06:00:00,748.76,6.63
2024-10-11 06:30:00,748.77,6.461
2024-10-11 07:00:00,748.56,6.294
2024-10-11 07:30:00,748.35,6.117
2024-10-11 08:00:00,748.12,5.926
2024-10-11 08:30:00,747.88,5.731
2024-10-11 09:00:00,747.91,5.55
2024-10-11 09:30:00,747.89,5.372
2024-10-11 10:00:00,747.83,5.197
2024-10-11 10:30:00,747.7,5.02
2024-10-11 11:00:00,747.66,4.846
2024-10-11 11:30:00,747.57,4.683
2024-10-11 12:00:00,747.34,4.516
2024-10-11 12:30:00,747.03,4.36
2024-10-11 13:00:00,746.84,4.207
2024-10-11 13:30:00,747.31,4.054
2024-10-11 14:00:00,747.45,3.916
2024-10-11 14:30:00,747.53,3.784
2024-10-11 15:00:00,747.76,3.705
2024-10-11 15:30:00,747.79,3.678
2024-10-11 16:00:00,748.14,3.688
2024-10-11 16:30:00,748.16,3.691
2024-10-11 17:00:00,748.24,3.702
2024-10-11 17:30:00,748.08,3.761
2024-10-11 18:00:00,747.95,3.876
2024-10-11 18:30:00,747.77,4.09
2024-10-11 19:00:00,747.88,4.439
2024-10-11 19:30:00,747.64,4.937
2024-10-11 20:00:00,748.51,5.564
2024-10-11 20:30:00,749.34,6.327
2024-10-11 21:00:00,749.54,7.106
2024-10-11 21:30:00,749.59,7.77
2024-10-11 22:00:00,749.36,8.067
2024-10-11 22:30:00,749.1,8.06
2024-10-11 23:00:00,748.86,7.942
2024-10-11 23:30:00,748.67,7.786
2024-10-12 00:00:00,748.46,7.612
2024-10-12 00:30:00,748.19,7.438
2024-10-12 01:00:00,748.17,7.277
2024-10-12 01:30:00,748.17,7.131
2024-10-12 02:00:00,748.24,7.003
2024-10-12 02:30:00,748.51,6.886
2024-10-12 03:00:00,748.53,6.779
2024-10-12 03:30:00,748.66,6.677
2024-10-12 04:00:00,748.64,6.569
2024-10-12 04:30:00,748.53,6.457
2024-10-12 05:00:00,748.41,6.332
2024-10-12 05:30:00,748.18,6.205
2024-10-12 06:00:00,748.02,6.071
2024-10-12 06:30:00,747.82,5.924
2024-10-12 07:00:00,747.86,5.766
2024-10-12 07:30:00,747.7,5.603
2024-10-12 08:00:00,747.71,5.437
2024-10-12 08:30:00,747.58,5.27
2024-10-12 09:00:00,747.52,5.105
2024-10-12 09:30:00,747.29,4.943
2024-10-12 10:00:00,747.05,4.784
2024-10-12 10:30:00,746.8,4.647
2024-10-12 11:00:00,746.54,4.5
2024-10-12 11:30:00,746.25,4.371
2024-10-12 12:00:00,745.97,4.247
2024-10-12 12:30:00,746.45,4.121
2024-10-12 13:00:00,746.89,4.029
2024-10-12 13:30:00,746.97,3.943
2024-10-12 14:00:00,747.25,3.827
2024-10-12 14:30:00,747.27,3.712
2024-10-12 15:00:00,747.46,3.614
2024-10-12 15:30:00,747.69,3.509
2024-10-12 16:00:00,747.6,3.436
2024-10-12 16:30:00,747.74,3.415
2024-10-12 17:00:00,747.86,3.469
2024-10-12 17:30:00,747.97,3.564
2024-10-12 18:00:00,748.1,3.688
2024-10-12 18:30:00,748.42,3.898
2024-10-12 19:00:00,748.83,4.207
2024-10-12 19:30:00,749.15,4.649
2024-10-12 20:00:00,749.08,5.234
2024-10-12 20:30:00,748.86,5.969
2024-10-12 21:00:00,748.82,6.803
2024-10-12 21:30:00,748.6,7.462
2024-10-12 22:00:00,748.35,7.743
2024-10-12 22:30:00,748.29,7.712
2024-10-12 23:00:00,748.12,7.569
2024-10-12 23:30:00,747.83,7.417
2024-10-13 00:00:00,747.59,7.233
2024-10-13 00:30:00,747.45,7.051
2024-10-13 01:00:00,747.31,6.874
2024-10-13 01:30:00,747.16,6.715
2024-10-13 02:00:00,747.4,6.575
2024-10-13 02:30:00,747.73,6.438
2024-10-13 03:00:00,747.66,6.301
2024-10-13 03:30:00,747.56,6.17
2024-10-13 04:00:00,747.51,6.054
2024-10-13 04:30:00,747.38,5.933
2024-10-13 05:00:00,747.35,5.817
2024-10-13 05:30:00,747.37,5.688
2024-10-13 06:00:00,747.28,5.57
2024-10-13 06:30:00,747.14,5.429
2024-10-13 07:00:00,747.06,5.294
2024-10-13 07:30:00,746.89,5.174
2024-10-13 08:00:00,746.7,5.02
2024-10-13 08:30:00,746.54,4.867
2024-10-13 09:00:00,746.24,4.724
2024-10-13 09:30:00,746.16,4.577
2024-10-13 10:00:00,745.93,4.451
2024-10-13 10:30:00,745.61,4.309
2024-10-13 11:00:00,745.41,4.159
2024-10-13 11:30:00,745.23,4.046
2024-10-13 12:00:00,745.05,3.902
2024-10-13 12:30:00,745.03,3.796
2024-10-13 13:00:00,744.93,3.688
2024-10-13 13:30:00,744.98,3.552
2024-10-13 14:00:00,745.0,3.402
2024-10-13 14:30:00,745.07,3.287
2024-10-13 15:00:00,745.05,3.163
2024-10-13 15:30:00,745.1,3.065
2024-10-13 16:00:00,745.27,2.968
2024-10-13 16:30:00,745.39,2.956
2024-10-13 17:00:00,745.38,3.0
2024-10-13 17:30:00,745.4,3.068
2024-10-13 18:00:00,745.43,3.194
2024-10-13 18:30:00,745.72,3.411
2024-10-13 19:00:00,746.17,3.723
2024-10-13 19:30:00,746.44,4.151
2024-10-13 20:00:00,746.4,4.74
2024-10-13 20:30:00,746.3,5.486
2024-10-13 21:00:00,746.35,6.305
2024-10-13 21:30:00,746.19,6.988
2024-10-13 22:00:00,746.15,7.335
2024-10-13 22:30:00,746.02,7.394
2024-10-13 23:00:00,746.01,7.322
2024-10-13 23:30:00,745.86,7.201
2024-10-14 00:00:00,745.73,7.03
2024-10-14 00:30:00,745.6,6.855
2024-10-14 01:00:00,745.62,6.682
2024-10-14 01:30:00,745.63,6.521
2024-10-14 02:00:00,745.87,6.378
2024-10-14 02:30:00,745.98,6.23
2024-10-14 03:00:00,746.03,6.1
2024-10-14 03:30:00,746.16,5.981
2024-10-14 04:00:00,746.21,5.889
2024-10-14 04:30:00,746.22,5.832
2024-10-14 05:00:00,746.4,5.755
2024-10-14 05:30:00,746.52,5.687
2024-10-14 06:00:00,746.56,5.614
2024-10-14 06:30:00,746.41,5.523
2024-10-14 07:00:00,746.3,5.426
2024-10-14 07:30:00,746.1,5.326
2024-10-14 08:00:00,746.08,5.22
2024-10-14 08:30:00,746.15,5.121
2024-10-14 09:00:00,746.13,5.002
2024-10-14 09:30:00,745.97,4.868
2024-10-14 10:00:00,745.81,4.746
2024-10-14 10:30:00,745.62,4.614
2024-10-14 11:00:00,745.41,4.487
2024-10-14 11:30:00,745.37,4.362
2024-10-14 12:00:00,745.27,4.23
2024-10-14 12:30:00,745.23,4.086
2024-10-14 13:00:00,745.34,3.949
2024-10-14 13:30:00,745.45,3.833
2024-10-14 14:00:00,745.55,3.666
2024-10-14 14:30:00,745.63,3.519
2024-10-14 15:00:00,745.87,3.404
2024-10-14 15:30:00,745.82,3.287
2024-10-14 16:00:00,745.85,3.237
2024-10-14 16:30:00,745.82,3.186
2024-10-14 17:00:00,745.86,3.195
2024-10-14 17:30:00,745.95,3.265
2024-10-14 18:00:00,746.07,3.374
2024-10-14 18:30:00,746.26,3.536
2024-10-14 19:00:00,746.51,3.765
2024-10-14 19:30:00,746.89,4.083
2024-10-14 20:00:00,747.48,4.613
2024-10-14 20:30:00,747.7,5.332
2024-10-14 21:00:00,747.48,6.189
2024-10-14 21:30:00,747.57,6.899
2024-10-14 22:00:00,747.36,7.275
2024-10-14 22:30:00,747.4,7.37
2024-10-14 23:00:00,747.39,7.295
2024-10-14 23:30:00,747.18,7.187
2024-10-15 00:00:00,747.05,7.057
2024-10-15 00:30:00,746.95,6.901
2024-10-15 01:00:00,746.89,6.727
2024-10-15 01:30:00,747.08,6.568
2024-10-15 02:00:00,747.11,6.431
2024-10-15 02:30:00,747.17,6.308
2024-10-15 03:00:00,747.27,6.185
2024-10-15 03:30:00,747.17,6.07
2024-10-15 04:00:00,747.25,5.957
2024-10-15 04:30:00,747.34,5.839
2024-10-15 05:00:00,747.34,5.742
2024-10-15 05:30:00,747.31,5.646
2024-10-15 06:00:00,747.27,5.558
2024-10-15 06:30:00,747.24,5.463
2024-10-15 07:00:00,747.05,5.37
2024-10-15 07:30:00,746.91,5.29
2024-10-15 08:00:00,746.94,5.201
2024-10-15 08:30:00,746.79,5.103
2024-10-15 09:00:00,746.65,5.0
2024-10-15 09:30:00,746.46,4.882
2024-10-15 10:00:00,746.32,4.761
2024-10-15 10:30:00,746.26,4.638
2024-10-15 11:00:00,746.09,4.518
2024-10-15 11:30:00,746.11,4.396
2024-10-15 12:00:00,746.21,4.27
2024-10-15 12:30:00,746.24,4.142
2024-10-15 13:00:00,746.21,4.01
2024-10-15 13:30:00,746.2,3.88
2024-10-15 14:00:00,745.99,3.755
2024-10-15 14:30:00,745.86,3.633
2024-10-15 15:00:00,745.75,3.493
2024-10-15 15:30:00,746.28,3.381
2024-10-15 16:00:00,746.48,3.305
2024-10-15 16:30:00,746.54,3.253
2024-10-15 17:00:00,746.51,3.278
2024-10-15 17:30:00,746.53,3.363
2024-10-15 18:00:00,746.45,3.465
2024-10-15 18:30:00,746.37,3.627
2024-10-15 19:00:00,746.14,3.861
2024-10-15 19:30:00,746.15,4.201
2024-10-15 20:00:00,746.77,4.699
2024-10-15 20:30:00,747.38,5.416
2024-10-15 21:00:00,746.8,6.242
2024-10-15 21:30:00,747.09,6.884
2024-10-15 22:00:00,746.91,7.271
2024-10-15 22:30:00,746.74,7.368
2024-10-15 23:00:00,746.67,7.296
2024-10-15 23:30:00,746.5,7.173
2024-10-16 00:00:00,746.24,7.009
2024-10-16 00:30:00,745.97,6.834
2024-10-16 01:00:00,745.75,6.649
2024-10-16 01:30:00,745.72,6.483
2024-10-16 02:00:00,745.76,6.325
2024-10-16 02:30:00,745.7,6.163
2024-10-16 03:00:00,745.62,6.011
2024-10-16 03:30:00,745.63,5.862
2024-10-16 04:00:00,745.76,5.72
2024-10-16 04:30:00,745.74,5.591
2024-10-16 05:00:00,745.6,5.465
2024-10-16 05:30:00,745.41,5.35
2024-10-16 06:00:00,745.17,5.229
2024-10-16 06:30:00,744.92,5.112
2024-10-16 07:00:00,744.62,5.002
2024-10-16 07:30:00,744.4,4.898
2024-10-16 08:00:00,744.22,4.795
2024-10-16 08:30:00,743.93,4.694
2024-10-16 09:00:00,743.83,4.589
2024-10-16 09:30:00,743.54,4.474
2024-10-16 10:00:00,743.2,4.341
2024-10-16 10:30:00,743.02,4.225
2024-10-16 11:00:00,742.78,4.119
2024-10-16 11:30:00,742.69,3.988
2024-10-16 12:00:00,742.35,3.86
2024-10-16 12:30:00,742.24,3.732
2024-10-16 13:00:00,742.18,3.579
2024-10-16 13:30:00,742.24,3.44
2024-10-16 14:00:00,742.08,3.297
2024-10-16 14:30:00,741.9,3.16
2024-10-16 15:00:00,741.74,3.054
2024-10-16 15:30:00,741.76,2.957
2024-10-16 16:00:00,741.54,2.843
2024-10-16 16:30:00,741.37,2.793
2024-10-16 17:00:00,741.23,2.788
2024-10-16 17:30:00,741.22,2.847
2024-10-16 18:00:00,741.11,2.925
2024-10-16 18:30:00,741.21,3.075
2024-10-16 19:00:00,741.29,3.286
2024-10-16 19:30:00,741.57,3.576
2024-10-16 20:00:00,741.35,3.943
2024-10-16 20:30:00,741.33,4.425
2024-10-16 21:00:00,740.73,4.823
2024-10-16 21:30:00,740.9,5.034
2024-10-16 22:00:00,740.99,5.129
2024-10-16 22:30:00,740.8,5.152
2024-10-16 23:00:00,740.68,5.164
2024-10-16 23:30:00,740.84,5.166
2024-10-17 00:00:00,741.2,5.14
2024-10-17 00:30:00,742.21,5.071
2024-10-17 01:00:00,742.04,4.609
2024-10-17 01:30:00,742.19,3.831
2024-10-17 02:00:00,742.62,3.475
2024-10-17 02:30:00,742.63,3.442
2024-10-17 03:00:00,742.75,3.463
2024-10-17 03:30:00,742.76,3.467
2024-10-17 04:00:00,742.58,3.447
2024-10-17 04:30:00,742.55,3.41
2024-10-17 05:00:00,742.41,3.349
2024-10-17 05:30:00,742.42,3.259
2024-10-17 06:00:00,742.76,3.151
2024-10-17 06:30:00,743.09,3.006
2024-10-17 07:00:00,743.12,2.86
2024-10-17 07:30:00,743.09,2.701
2024-10-17 08:00:00,743.05,2.541
2024-10-17 08:30:00,742.93,2.365
2024-10-17 09:00:00,742.86,2.2
2024-10-17 09:30:00,742.82,2.031
2024-10-17 10:00:00,742.4,1.871
2024-10-17 10:30:00,742.01,1.717
2024-10-17 11:00:00,741.72,1.58
2024-10-17 11:30:00,741.49,1.453
2024-10-17 12:00:00,741.13,1.326
2024-10-17 12:30:00,740.95,1.209
2024-10-17 13:00:00,740.81,1.096
2024-10-17 13:30:00,741.28,1.01
2024-10-17 14:00:00,740.93,0.921
2024-10-17 14:30:00,741.04,0.826
2024-10-17 15:00:00,740.85,0.73
2024-10-17 15:30:00,740.71,0.634
2024-10-17 16:00:00,740.24,0.551
2024-10-17 16:30:00,740.15,0.5
2024-10-17 17:00:00,740.0,0.497
2024-10-17 17:30:00,739.93,0.529
2024-10-17 18:00:00,739.37,0.624
2024-10-17 18:30:00,739.13,0.821
2024-10-17 19:00:00,739.22,1.137
2024-10-17 19:30:00,739.86,1.594
2024-10-17 20:00:00,739.84,2.119
2024-10-17 20:30:00,739.92,2.563
2024-10-17 21:00:00,740.16,2.88
2024-10-17 21:30:00,739.47,2.972
2024-10-17 22:00:00,739.51,2.982
2024-10-17 22:30:00,738.98,2.971
2024-10-17 23:00:00,739.22,2.942
2024-10-17 23:30:00,739.13,2.914
2024-10-18 00:00:00,738.94,2.87
2024-10-18 00:30:00,738.7,2.825
2024-10-18 01:00:00,738.61,2.739
2024-10-18 01:30:00,738.45,2.635
2024-10-18 02:00:00,738.12,2.524
2024-10-18 02:30:00,738.1,2.449
2024-10-18 03:00:00,738.07,2.377
2024-10-18 03:30:00,737.96,2.303
2024-10-18 04:00:00,737.92,2.266
2024-10-18 04:30:00,738.06,2.184
2024-10-18 05:00:00,738.01,2.068
2024-10-18 05:30:00,738.1,1.943
2024-10-18 06:00:00,738.04,1.791
2024-10-18 06:30:00,737.95,1.658
2024-10-18 07:00:00,738.05,1.528
2024-10-18 07:30:00,738.03,1.389
2024-10-18 08:00:00,738.1,1.229
2024-10-18 08:30:00,737.95,1.047
2024-10-18 09:00:00,737.84,0.853
2024-10-18 09:30:00,737.76,0.668
2024-10-18 10:00:00,738.0,0.508
2024-10-18 10:30:00,737.94,0.364
2024-10-18 11:00:00,737.64,0.299
2024-10-18 11:30:00,737.62,0.314
2024-10-18 12:00:00,737.05,0.238
2024-10-18 12:30:00,736.84,0.096
2024-10-18 13:00:00,736.88,0.129
2024-10-18 13:30:00,737.15,0.158
2024-10-18 14:00:00,737.37,0.142
2024-10-18 14:30:00,737.51,0.151
2024-10-18 15:00:00,738.65,0.147
2024-10-18 15:30:00,739.01,0.116
2024-10-18 16:00:00,739.8,0.056
2024-10-18 16:30:00,741.12,0.042
2024-10-18 17:00:00,741.64,0.014
2024-10-18 17:30:00,742.29,0.017
2024-10-18 18:00:00,744.26,0.013
2024-10-18 18:30:00,744.91,0.013
2024-10-18 19:00:00,744.59,0.063
2024-10-18 19:30:00,743.71,0.206
2024-10-18 20:00:00,743.06,0.422
2024-10-18 20:30:00,743.14,0.714
2024-10-18 21:00:00,743.6,1.103
2024-10-18 21:30:00,744.12,1.483
2024-10-18 22:00:00,744.49,1.767
2024-10-18 22:30:00,744.39,1.926
2024-10-18 23:00:00,744.48,1.959
2024-10-18 23:30:00,744.44,1.884
2024-10-19 00:00:00,744.25,1.746
2024-10-19 00:30:00,743.94,1.542
2024-10-19 01:00:00,743.83,1.344
2024-10-19 01:30:00,743.88,1.176
2024-10-19 02:00:00,743.81,1.03
2024-10-19 02:30:00,743.85,0.919
2024-10-19 03:00:00,743.75,0.799
2024-10-19 03:30:00,743.78,0.714
2024-10-19 04:00:00,743.94,0.642
2024-10-19 04:30:00,744.83,0.623
2024-10-19 05:00:00,745.17,0.593
2024-10-19 05:30:00,745.87,0.545
2024-10-19 06:00:00,745.75,0.511
2024-10-19 06:30:00,745.88,0.492
2024-10-19 07:00:00,745.94,0.462
2024-10-19 07:30:00,745.76,0.431
2024-10-19 08:00:00,745.53,0.387
2024-10-19 08:30:00,745.32,0.311
2024-10-19 09:00:00,745.53,0.234
2024-10-19 09:30:00,745.34,0.18
2024-10-19 10:00:00,745.19,0.133
2024-10-19 10:30:00,745.05,0.092
2024-10-19 11:00:00,744.83,0.057
2024-10-19 11:30:00,744.97,0.025
2024-10-19 12:00:00,744.78,-0.016
2024-10-19 12:30:00,744.89,-0.047
2024-10-19 13:00:00,745.19,-0.071
2024-10-19 13:30:00,745.28,-0.052
2024-10-19 14:00:00,745.01,-0.016
2024-10-19 14:30:00,744.8,0.045
2024-10-19 15:00:00,744.79,0.078
2024-10-19 15:30:00,745.17,0.089
2024-10-19 16:00:00,745.42,0.061
2024-10-19 16:30:00,745.72,0.028
2024-10-19 17:00:00,746.36,0.003
2024-10-19 17:30:00,746.46,0.01
2024-10-19 18:00:00,746.63,0.048
2024-10-19 18:30:00,746.73,0.13
2024-10-19 19:00:00,746.33,0.286
2024-10-19 19:30:00,746.38,0.518
2024-10-19 20:00:00,746.3,0.834
2024-10-19 20:30:00,747.47,1.325
2024-10-19 21:00:00,747.48,1.802
2024-10-19 21:30:00,747.0,2.275
2024-10-19 22:00:00,747.33,2.626
2024-10-19 22:30:00,747.35,2.816
2024-10-19 23:00:00,747.38,2.861
2024-10-19 23:30:00,747.36,2.824
2024-10-20 00:00:00,747.09,2.72
2024-10-20 00:30:00,746.91,2.56
2024-10-20 01:00:00,746.72,2.374
2024-10-20 01:30:00,746.41,2.199
2024-10-20 02:00:00,746.25,2.028
2024-10-20 02:30:00,746.22,1.88
2024-10-20 03:00:00,746.27,1.757
2024-10-20 03:30:00,746.16,1.653
2024-10-20 04:00:00,745.88,1.568
2024-10-20 04:30:00,745.75,1.5
2024-10-20 05:00:00,745.77,1.454
2024-10-20 05:30:00,745.66,1.41
2024-10-20 06:00:00,745.64,1.373
2024-10-20 06:30:00,745.56,1.331
2024-10-20 07:00:00,745.55,1.286
2024-10-20 07:30:00,745.54,1.254
2024-10-20 08:00:00,745.38,1.205
2024-10-20 08:30:00,745.26,1.134
2024-10-20 09:00:00,745.22,1.066
2024-10-20 09:30:00,745.23,1.0
2024-10-20 10:00:00,745.12,0.937
2024-10-20 10:30:00,745.1,0.845
2024-10-20 11:00:00,745.03,0.765
2024-10-20 11:30:00,745.21,0.674
2024-10-20 12:00:00,745.25,0.584
2024-10-20 12:30:00,745.23,0.501
2024-10-20 13:00:00,745.5,0.427
2024-10-20 13:30:00,745.56,0.362
2024-10-20 14:00:00,745.53,0.296
2024-10-20 14:30:00,745.46,0.264
2024-10-20 15:00:00,745.36,0.181
2024-10-20 15:30:00,745.52,0.139
2024-10-20 16:00:00,745.58,0.093
2024-10-20 16:30:00,745.37,0.085
2024-10-20 17:00:00,745.71,0.133
2024-10-20 17:30:00,745.85,0.178
2024-10-20 18:00:00,745.99,0.232
2024-10-20 18:30:00,746.05,0.347
2024-10-20 19:00:00,746.21,0.557
2024-10-20 19:30:00,746.32,0.871
2024-10-20 20:00:00,746.24,1.284
2024-10-20 20:30:00,746.09,1.769
2024-10-20 21:00:00,746.36,2.289
2024-10-20 21:30:00,746.54,2.773
2024-10-20 22:00:00,746.53,3.17
2024-10-20 22:30:00,746.34,3.413
2024-10-20 23:00:00,746.36,3.497
2024-10-20 23:30:00,746.37,3.491
2024-10-21 00:00:00,746.34,3.426
2024-10-21 00:30:00,746.3,3.322
2024-10-21 01:00:00,746.32,3.19
2024-10-21 01:30:00,746.14,3.027
2024-10-21 02:00:00,746.03,2.85
2024-10-21 02:30:00,745.97,2.681
2024-10-21 03:00:00,745.9,2.517
2024-10-21 03:30:00,745.91,2.374
2024-10-21 04:00:00,745.86,2.248
2024-10-21 04:30:00,746.02,2.139
2024-10-21 05:00:00,746.09,2.051
2024-10-21 05:30:00,746.18,1.972
2024-10-21 06:00:00,746.21,1.897
2024-10-21 06:30:00,746.13,1.815
2024-10-21 07:00:00,745.95,1.732
2024-10-21 07:30:00,745.73,1.641
2024-10-21 08:00:00,745.44,1.554
2024-10-21 08:30:00,745.19,1.465
2024-10-21 09:00:00,745.1,1.381
2024-10-21 09:30:00,744.85,1.289
2024-10-21 10:00:00,744.64,1.209
2024-10-21 10:30:00,744.54,1.127
2024-10-21 11:00:00,744.51,1.046
2024-10-21 11:30:00,744.39,0.964
2024-10-21 12:00:00,744.44,0.883
2024-10-21 12:30:00,744.41,0.803
2024-10-21 13:00:00,744.29,0.725
2024-10-21 13:30:00,744.44,0.64
2024-10-21 14:00:00,744.48,0.564
2024-10-21 14:30:00,744.53,0.507
2024-10-21 15:00:00,744.63,0.465
2024-10-21 15:30:00,744.77,0.407
2024-10-21 16:00:00,744.96,0.37
2024-10-21 16:30:00,744.87,0.339
2024-10-21 17:00:00,744.89,0.358
2024-10-21 17:30:00,744.97,0.435
2024-10-21 18:00:00,744.98,0.522
2024-10-21 18:30:00,745.12,0.662
2024-10-21 19:00:00,745.43,0.88
2024-10-21 19:30:00,745.63,1.164
2024-10-21 20:00:00,745.68,1.532
2024-10-21 20:30:00,745.61,2.012
2024-10-21 21:00:00,746.01,2.531
2024-10-21 21:30:00,745.99,2.967
2024-10-21 22:00:00,745.77,3.279
2024-10-21 22:30:00,745.76,3.58
2024-10-21 23:00:00,745.79,3.717
2024-10-21 23:30:00,745.72,3.755
2024-10-22 00:00:00,745.59,3.746
2024-10-22 00:30:00,745.67,3.691
2024-10-22 01:00:00,745.5,3.585
2024-10-22 01:30:00,745.4,3.428
2024-10-22 02:00:00,745.25,3.28
2024-10-22 02:30:00,745.16,3.115
2024-10-22 03:00:00,745.02,2.959
2024-10-22 03:30:00,744.92,2.815
2024-10-22 04:00:00,745.0,2.694
2024-10-22 04:30:00,744.93,2.577
2024-10-22 05:00:00,744.92,2.479
2024-10-22 05:30:00,745.09,2.388
2024-10-22 06:00:00,745.15,2.293
2024-10-22 06:30:00,745.07,2.201
2024-10-22 07:00:00,745.05,2.116
2024-10-22 07:30:00,744.78,2.026
2024-10-22 08:00:00,744.68,1.942
2024-10-22 08:30:00,744.77,1.87
2024-10-22 09:00:00,744.83,1.782
2024-10-22 09:30:00,744.92,1.711
2024-10-22 10:00:00,744.95,1.639
2024-10-22 10:30:00,744.81,1.558
2024-10-22 11:00:00,744.68,1.469
2024-10-22 11:30:00,744.54,1.385
2024-10-22 12:00:00,744.46,1.3
2024-10-22 12:30:00,744.35,1.22
2024-10-22 13:00:00,744.59,1.143
2024-10-22 13:30:00,744.47,1.066
2024-10-22 14:00:00,744.44,1.0
2024-10-22 14:30:00,744.33,0.942
2024-10-22 15:00:00,744.53,0.889
2024-10-22 15:30:00,744.87,0.853
2024-10-22 16:00:00,745.1,0.82
2024-10-22 16:30:00,745.05,0.796
2024-10-22 17:00:00,745.27,0.849
2024-10-22 17:30:00,745.42,0.925
2024-10-22 18:00:00,745.49,1.03
2024-10-22 18:30:00,745.77,1.192
2024-10-22 19:00:00,746.09,1.406
2024-10-22 19:30:00,746.46,1.695
2024-10-22 20:00:00,746.48,2.058
2024-10-22 20:30:00,746.39,2.483
2024-10-22 21:00:00,746.6,2.881
2024-10-22 21:30:00,746.85,3.349
2024-10-22 22:00:00,746.84,3.949
2024-10-22 22:30:00,746.81,4.254
2024-10-22 23:00:00,746.76,4.385
2024-10-22 23:30:00,746.71,4.408
2024-10-23 00:00:00,746.65,4.367
2024-10-23 00:30:00,746.63,4.284
2024-10-23 01:00:00,746.55,4.171
2024-10-23 01:30:00,746.53,4.035
2024-10-23 02:00:00,746.56,3.88
2024-10-23 02:30:00,746.46,3.724
2024-10-23 03:00:00,746.35,3.535
2024-10-23 03:30:00,746.32,3.37
2024-10-23 04:00:00,746.17,3.216
2024-10-23 04:30:00,746.5,3.074
2024-10-23 05:00:00,746.56,2.967
2024-10-23 05:30:00,746.6,2.884
2024-10-23 06:00:00,746.49,2.762
2024-10-23 06:30:00,746.41,2.638
2024-10-23 07:00:00,746.4,2.533
2024-10-23 07:30:00,746.45,2.434
2024-10-23 08:00:00,746.38,2.339
2024-10-23 08:30:00,746.22,2.245
2024-10-23 09:00:00,746.07,2.147
2024-10-23 09:30:00,746.0,2.062
2024-10-23 10:00:00,745.98,1.989
2024-10-23 10:30:00,745.82,1.893
2024-10-23 11:00:00,745.7,1.804
2024-10-23 11:30:00,745.58,1.7
2024-10-23 12:00:00,745.44,1.603
2024-10-23 12:30:00,745.67,1.51
2024-10-23 13:00:00,745.79,1.429
2024-10-23 13:30:00,745.69,1.355
2024-10-23 14:00:00,745.73,1.271
2024-10-23 14:30:00,745.63,1.193
2024-10-23 15:00:00,745.89,1.137
2024-10-23 15:30:00,746.04,1.077
2024-10-23 16:00:00,746.2,1.032
2024-10-23 16:30:00,746.19,1.002
2024-10-23 17:00:00,746.2,1.037
2024-10-23 17:30:00,746.27,1.138
2024-10-23 18:00:00,746.38,1.248
2024-10-23 18:30:00,746.58,1.388
2024-10-23 19:00:00,746.78,1.586
2024-10-23 19:30:00,747.1,1.838
2024-10-23 20:00:00,747.23,2.143
2024-10-23 20:30:00,747.05,2.562
2024-10-23 21:00:00,746.89,3.004
2024-10-23 21:30:00,746.71,3.6
2024-10-23 22:00:00,746.74,4.18
2024-10-23 22:30:00,746.39,4.446
2024-10-23 23:00:00,746.11,4.531
2024-10-23 23:30:00,745.9,4.497
2024-10-24 00:00:00,745.94,4.412
2024-10-24 00:30:00,745.53,4.293
2024-10-24 01:00:00,745.24,4.157
2024-10-24 01:30:00,745.08,4.048
2024-10-24 02:00:00,744.99,3.857
2024-10-24 02:30:00,745.05,3.696
2024-10-24 03:00:00,744.97,3.525
2024-10-24 03:30:00,744.81,3.388
2024-10-24 04:00:00,744.8,3.269
2024-10-24 04:30:00,744.65,3.151
2024-10-24 05:00:00,744.62,3.032
2024-10-24 05:30:00,744.54,2.967
2024-10-24 06:00:00,744.33,2.89
2024-10-24 06:30:00,744.17,2.812
2024-10-24 07:00:00,743.98,2.728
2024-10-24 07:30:00,743.92,2.684
2024-10-24 08:00:00,743.83,2.635
2024-10-24 08:30:00,743.76,2.569
2024-10-24 09:00:00,743.56,2.498
2024-10-24 09:30:00,743.35,2.407
2024-10-24 10:00:00,743.16,2.312
2024-10-24 10:30:00,742.92,2.233
2024-10-24 11:00:00,742.83,2.166
2024-10-24 11:30:00,742.7,2.034
2024-10-24 12:00:00,742.63,1.923
2024-10-24 12:30:00,742.57,1.868
2024-10-24 13:00:00,742.37,1.8
2024-10-24 13:30:00,742.3,1.737
2024-10-24 14:00:00,742.33,1.669
2024-10-24 14:30:00,742.17,1.596
2024-10-24 15:00:00,742.17,1.546
2024-10-24 15:30:00,742.32,1.527
2024-10-24 16:00:00,742.33,1.51
2024-10-24 16:30:00,742.42,1.55
2024-10-24 17:00:00,742.42,1.598
2024-10-24 17:30:00,742.42,1.645
2024-10-24 18:00:00,742.51,1.754
2024-10-24 18:30:00,742.71,1.878
2024-10-24 19:00:00,742.91,2.046
2024-10-24 19:30:00,743.0,2.226
2024-10-24 20:00:00,743.07,2.445
2024-10-24 20:30:00,743.17,2.721
2024-10-24 21:00:00,743.06,3.091
2024-10-24 21:30:00,742.73,3.544
2024-10-24 22:00:00,742.64,4.108
2024-10-24 22:30:00,742.52,4.456
2024-10-24 23:00:00,742.4,4.647
2024-10-24 23:30:00,742.37,4.679
2024-10-25 00:00:00,742.2,4.63
2024-10-25 00:30:00,742.14,4.574
2024-10-25 01:00:00,742.03,4.496
2024-10-25 01:30:00,742.01,4.383
2024-10-25 02:00:00,741.94,4.205
2024-10-25 02:30:00,741.93,4.036
2024-10-25 03:00:00,741.71,3.837
2024-10-25 03:30:00,741.5,3.647
2024-10-25 04:00:00,741.59,3.431
2024-10-25 04:30:00,741.67,3.262
2024-10-25 05:00:00,741.76,3.135
2024-10-25 05:30:00,741.84,2.99
2024-10-25 06:00:00,741.96,2.874
2024-10-25 06:30:00,741.99,2.741
2024-10-25 07:00:00,742.09,2.626
2024-10-25 07:30:00,742.22,2.524
2024-10-25 08:00:00,742.23,2.413
2024-10-25 08:30:00,742.28,2.327
2024-10-25 09:00:00,742.37,2.218
2024-10-25 09:30:00,742.34,2.138
2024-10-25 10:00:00,742.19,2.034
2024-10-25 10:30:00,742.0,1.941
2024-10-25 11:00:00,741.83,1.842
2024-10-25 11:30:00,741.74,1.767
2024-10-25 12:00:00,741.68,1.669
2024-10-25 12:30:00,741.57,1.57
2024-10-25 13:00:00,741.61,1.473
2024-10-25 13:30:00,741.57,1.365
2024-10-25 14:00:00,741.66,1.269
2024-10-25 14:30:00,741.68,1.171
2024-10-25 15:00:00,741.81,1.107
2024-10-25 15:30:00,741.95,1.048
2024-10-25 16:00:00,742.43,1.006
2024-10-25 16:30:00,742.65,0.979
2024-10-25 17:00:00,742.57,1.045
2024-10-25 17:30:00,742.61,1.167
2024-10-25 18:00:00,742.86,1.298
2024-10-25 18:30:00,743.02,1.459
2024-10-25 19:00:00,743.31,1.66
2024-10-25 19:30:00,743.41,1.914
2024-10-25 20:00:00,743.57,2.267
2024-10-25 20:30:00,742.9,2.635
2024-10-25 21:00:00,743.28,2.91
2024-10-25 21:30:00,743.55,3.238
2024-10-25 22:00:00,743.8,3.535
2024-10-25 22:30:00,744.03,3.812
2024-10-25 23:00:00,743.88,3.933
2024-10-25 23:30:00,743.88,4.027
2024-10-26 00:00:00,743.71,4.031
2024-10-26 00:30:00,743.81,3.995
2024-10-26 01:00:00,743.87,3.93
2024-10-26 01:30:00,743.82,3.85
2024-10-26 02:00:00,743.7,3.708
2024-10-26 02:30:00,743.57,3.514
2024-10-26 03:00:00,743.52,3.353
2024-10-26 03:30:00,743.78,3.23
2024-10-26 04:00:00,743.85,3.143
2024-10-26 04:30:00,743.84,3.047
2024-10-26 05:00:00,743.79,2.888
2024-10-26 05:30:00,743.9,2.777
2024-10-26 06:00:00,743.9,2.737
2024-10-26 06:30:00,743.93,2.597
2024-10-26 07:00:00,743.79,2.455
2024-10-26 07:30:00,743.67,2.331
2024-10-26 08:00:00,743.72,2.208
2024-10-26 08:30:00,743.66,2.097
2024-10-26 09:00:00,743.72,1.98
2024-10-26 09:30:00,743.7,1.852
2024-10-26 10:00:00,743.63,1.723
2024-10-26 10:30:00,743.5,1.624
2024-10-26 11:00:00,743.25,1.49
2024-10-26 11:30:00,743.2,1.388
2024-10-26 12:00:00,743.0,1.284
2024-10-26 12:30:00,742.87,1.185
2024-10-26 13:00:00,742.85,1.088
2024-10-26 13:30:00,742.71,1.0
2024-10-26 14:00:00,742.57,0.925
2024-10-26 14:30:00,743.55,0.867
2024-10-26 15:00:00,743.8,0.795
2024-10-26 15:30:00,744.11,0.742
2024-10-26 16:00:00,744.28,0.71
2024-10-26 16:30:00,744.31,0.726
2024-10-26 17:00:00,744.43,0.792
2024-10-26 17:30:00,744.45,0.849
2024-10-26 18:00:00,744.4,0.955
2024-10-26 18:30:00,744.28,1.116
2024-10-26 19:00:00,744.22,1.339
2024-10-26 19:30:00,744.15,1.622
2024-10-26 20:00:00,743.83,1.983
2024-10-26 20:30:00,744.04,2.344
2024-10-26 21:00:00,744.32,2.652
2024-10-26 21:30:00,744.68,2.937
2024-10-26 22:00:00,744.72,3.182
2024-10-26 22:30:00,744.78,3.363
2024-10-26 23:00:00,744.96,3.506
2024-10-26 23:30:00,744.88,3.62
2024-10-27 00:00:00,744.9,3.742
2024-10-27 00:30:00,744.84,3.78
2024-10-27 01:00:00,744.83,3.778
2024-10-27 01:30:00,744.79,3.758
2024-10-27 02:00:00,744.78,3.685
2024-10-27 02:30:00,744.64,3.515
2024-10-27 03:00:00,744.42,3.362
2024-10-27 03:30:00,744.14,3.247
2024-10-27 04:00:00,744.12,3.149
2024-10-27 04:30:00,743.95,3.027
2024-10-27 05:00:00,743.93,2.907
2024-10-27 05:30:00,743.7,2.784
2024-10-27 06:00:00,743.72,2.653
2024-10-27 06:30:00,743.65,2.529
2024-10-27 07:00:00,743.21,2.409
2024-10-27 07:30:00,742.97,2.294
2024-10-27 08:00:00,742.87,2.205
2024-10-27 08:30:00,742.83,2.175
2024-10-27 09:00:00,742.78,2.207
2024-10-27 09:30:00,742.74,2.196
2024-10-27 10:00:00,742.58,2.239
2024-10-27 10:30:00,742.47,2.274
2024-10-27 11:00:00,742.35,2.281
2024-10-27 11:30:00,742.35,2.293
2024-10-27 12:00:00,742.31,2.235
2024-10-27 12:30:00,742.25,2.215
2024-10-27 13:00:00,742.19,2.204
2024-10-27 13:30:00,742.09,2.167
2024-10-27 14:00:00,742.08,2.149
2024-10-27 14:30:00,742.03,2.094
2024-10-27 15:00:00,741.88,2.069
2024-10-27 15:30:00,741.8,2.02
2024-10-27 16:00:00,741.84,1.981
2024-10-27 16:30:00,741.89,1.995
2024-10-27 17:00:00,741.72,1.979
2024-10-27 17:30:00,741.69,2.022
2024-10-27 18:00:00,741.73,2.154
2024-10-27 18:30:00,741.78,2.276
2024-10-27 19:00:00,741.8,2.396
2024-10-27 19:30:00,741.86,2.534
2024-10-27 20:00:00,741.64,2.696
2024-10-27 20:30:00,741.32,2.87
2024-10-27 21:00:00,741.0,3.107
2024-10-27 21:30:00,740.8,3.345
2024-10-27 22:00:00,740.29,3.576
2024-10-27 22:30:00,740.32,3.754
2024-10-27 23:00:00,740.15,3.815
2024-10-27 23:30:00,739.92,3.792
2024-10-28 00:00:00,739.56,3.699
2024-10-28 00:30:00,739.27,3.575
2024-10-28 01:00:00,739.03,3.436
2024-10-28 01:30:00,738.62,3.283
2024-10-28 02:00:00,738.4,3.089
2024-10-28 02:30:00,738.14,2.893
2024-10-28 03:00:00,737.79,2.724
2024-10-28 03:30:00,737.49,2.612
2024-10-28 04:00:00,737.16,2.511
2024-10-28 04:30:00,737.03,2.373
2024-10-28 05:00:00,736.67,2.196
2024-10-28 05:30:00,736.47,2.092
2024-10-28 06:00:00,736.16,1.94
2024-10-28 06:30:00,735.99,1.823
2024-10-28 07:00:00,735.74,1.738
2024-10-28 07:30:00,735.41,1.661
2024-10-28 08:00:00,735.21,1.588
2024-10-28 08:30:00,735.11,1.495
2024-10-28 09:00:00,734.7,1.476
2024-10-28 09:30:00,734.62,1.376
2024-10-28 10:00:00,734.26,1.298
2024-10-28 10:30:00,733.93,1.236
2024-10-28 11:00:00,733.83,1.2
2024-10-28 11:30:00,733.5,1.153
2024-10-28 12:00:00,733.15,1.089
2024-10-28 12:30:00,733.03,1.069
2024-10-28 13:00:00,732.77,1.034
2024-10-28 13:30:00,732.48,1.056
2024-10-28 14:00:00,732.36,1.075
2024-10-28 14:30:00,732.27,1.084
2024-10-28 15:00:00,732.14,1.119
2024-10-28 15:30:00,732.31,1.07
2024-10-28 16:00:00,732.17,1.043
2024-10-28 16:30:00,732.2,1.038
2024-10-28 17:00:00,732.31,1.09
2024-10-28 17:30:00,732.39,1.059
2024-10-28 18:00:00,732.37,1.041
2024-10-28 18:30:00,732.39,1.015
2024-10-28 19:00:00,732.33,1.029
2024-10-28 19:30:00,732.14,1.03
2024-10-28 20:00:00,731.98,1.069
2024-10-28 20:30:00,731.91,1.247
2024-10-28 21:00:00,731.88,1.606
2024-10-28 21:30:00,731.71,1.94
2024-10-28 22:00:00,731.59,2.131
2024-10-28 22:30:00,731.55,2.276
2024-10-28 23:00:00,731.52,2.316
2024-10-28 23:30:00,731.37,2.262
2024-10-29 00:00:00,730.98,2.079
2024-10-29 00:30:00,730.72,1.967
2024-10-29 01:00:00,730.62,1.827
2024-10-29 01:30:00,730.37,1.667
2024-10-29 02:00:00,730.25,1.51
2024-10-29 02:30:00,729.92,1.342
2024-10-29 03:00:00,729.77,1.188
2024-10-29 03:30:00,729.71,1.048
2024-10-29 04:00:00,729.6,0.957
2024-10-29 04:30:00,729.54,0.879
2024-10-29 05:00:00,729.56,0.795
2024-10-29 05:30:00,729.47,0.713
2024-10-29 06:00:00,729.55,0.635
2024-10-29 06:30:00,729.49,0.574
2024-10-29 07:00:00,729.39,0.518
2024-10-29 07:30:00,729.29,0.462
2024-10-29 08:00:00,729.31,0.424
2024-10-29 08:30:00,729.42,0.383
2024-10-29 09:00:00,729.18,0.364
2024-10-29 09:30:00,728.59,0.315
2024-10-29 10:00:00,728.11,0.261
2024-10-29 10:30:00,727.98,0.208
2024-10-29 11:00:00,728.04,0.208
2024-10-29 11:30:00,727.84,0.22
2024-10-29 12:00:00,727.67,0.202
2024-10-29 12:30:00,727.67,0.199
2024-10-29 13:00:00,727.67,0.186
2024-10-29 13:30:00,727.74,0.169
2024-10-29 14:00:00,727.76,0.162
2024-10-29 14:30:00,727.83,0.18
2024-10-29 15:00:00,727.9,0.159
2024-10-29 15:30:00,728.12,0.146
2024-10-29 16:00:00,728.69,0.167
2024-10-29 16:30:00,729.16,0.187
2024-10-29 17:00:00,729.76,0.209
2024-10-29 17:30:00,730.81,0.266
2024-10-29 18:00:00,731.69,0.096
2024-10-29 18:30:00,732.05,-0.233
2024-10-29 19:00:00,732.23,-0.205
2024-10-29 19:30:00,732.89,0.189
2024-10-29 20:00:00,732.99,0.265
2024-10-29 20:30:00,732.86,0.267
2024-10-29 21:00:00,732.77,0.349
2024-10-29 21:30:00,732.76,0.434
2024-10-29 22:00:00,732.75,0.51
2024-10-29 22:30:00,732.78,0.539
2024-10-29 23:00:00,732.69,0.515
2024-10-29 23:30:00,732.67,0.474
2024-10-30 00:00:00,732.65,0.442
2024-10-30 00:30:00,732.63,0.401
2024-10-30 01:00:00,732.65,0.359
2024-10-30 01:30:00,732.54,0.312
2024-10-30 02:00:00,732.32,0.267
2024-10-30 02:30:00,732.32,0.25
2024-10-30 03:00:00,732.31,0.228
2024-10-30 03:30:00,732.25,0.213
2024-10-30 04:00:00,732.05,0.184
2024-10-30 04:30:00,731.88,0.166
2024-10-30 05:00:00,731.9,0.149
2024-10-30 05:30:00,731.75,0.137
2024-10-30 06:00:00,731.68,0.129
2024-10-30 06:30:00,731.66,0.11
2024-10-30 07:00:00,731.54,0.091
2024-10-30 07:30:00,731.23,0.067
2024-10-30 08:00:00,731.15,0.042
2024-10-30 08:30:00,731.14,0.048
2024-10-30 09:00:00,731.44,0.051
2024-10-30 09:30:00,731.78,0.059
2024-10-30 10:00:00,732.03,0.068
2024-10-30 10:30:00,732.18,0.068
2024-10-30 11:00:00,732.29,0.076
2024-10-30 11:30:00,732.29,0.067
2024-10-30 12:00:00,732.37,0.07
2024-10-30 12:30:00,732.46,0.065
2024-10-30 13:00:00,732.41,0.058
2024-10-30 13:30:00,732.31,0.064
2024-10-30 14:00:00,732.26,0.068
2024-10-30 14:30:00,732.26,0.056
2024-10-30 15:00:00,732.23,0.063
2024-10-30 15:30:00,732.51,0.059
2024-10-30 16:00:00,733.74,0.068
2024-10-30 16:30:00,734.48,0.05
2024-10-30 17:00:00,735.35,0.07
2024-10-30 17:30:00,736.38,0.088
2024-10-30 18:00:00,737.0,0.114
2024-10-30 18:30:00,738.5,0.054
2024-10-30 19:00:00,739.49,-0.225
2024-10-30 19:30:00,740.22,-0.248
2024-10-30 20:00:00,740.31,-0.25
2024-10-30 20:30:00,739.9,-0.202
2024-10-30 21:00:00,738.74,0.115
2024-10-30 21:30:00,737.57,0.106
2024-10-30 22:00:00,737.13,0.205
2024-10-30 22:30:00,736.64,0.305
2024-10-30 23:00:00,736.46,0.356
2024-10-30 23:30:00,736.47,0.355
2024-10-31 00:00:00,736.26,0.31
2024-10-31 00:30:00,736.13,0.278
2024-10-31 01:00:00,736.01,0.256
2024-10-31 01:30:00,736.0,0.239
2024-10-31 02:00:00,735.97,0.229
2024-10-31 02:30:00,735.95,0.216
2024-10-31 03:00:00,735.83,0.201
2024-10-31 03:30:00,735.63,0.188
2024-10-31 04:00:00,735.62,0.177
2024-10-31 04:30:00,735.47,0.168
2024-10-31 05:00:00,735.33,0.16
2024-10-31 05:30:00,735.07,0.147
2024-10-31 06:00:00,734.68,0.146
2024-10-31 06:30:00,734.18,0.126
2024-10-31 07:00:00,733.68,0.131
2024-10-31 07:30:00,733.39,0.118
2024-10-31 08:00:00,733.28,0.106
2024-10-31 08:30:00,733.7,0.117
2024-10-31 09:00:00,733.84,0.139
2024-10-31 09:30:00,734.13,0.156
2024-10-31 10:00:00,734.25,0.148
2024-10-31 10:30:00,734.25,0.141
2024-10-31 11:00:00,734.37,0.139
2024-10-31 11:30:00,734.3,0.139
2024-10-31 12:00:00,734.21,0.15
2024-10-31 12:30:00,734.16,0.148
2024-10-31 13:00:00,734.11,0.158
2024-10-31 13:30:00,733.95,0.163
2024-10-31 14:00:00,733.99,0.148
2024-10-31 14:30:00,733.87,0.171
2024-10-31 15:00:00,733.91,0.164
2024-10-31 15:30:00,734.0,0.152
2024-10-31 16:00:00,734.04,0.148
2024-10-31 16:30:00,734.06,0.157
2024-10-31 17:00:00,733.93,0.154
2024-10-31 17:30:00,734.24,0.157
2024-10-31 18:00:00,734.29,0.169
2024-10-31 18:30:00,734.27,0.176
2024-10-31 19:00:00,734.17,0.191
2024-10-31 19:30:00,734.1,0.22
2024-10-31 20:00:00,734.12,0.256
2024-10-31 20:30:00,734.22,0.29
2024-10-31 21:00:00,734.27,0.354
2024-10-31 21:30:00,734.39,0.427
2024-10-31 22:00:00,734.39,0.484
2024-10-31 22:30:00,734.5,0.504
2024-10-31 23:00:00,734.66,0.508
2024-10-31 23:30:00,734.66,0.485
2024-11-01 00:00:00,734.7,0.459
2024-11-01 00:30:00,734.56,0.452
2024-11-01 01:00:00,734.48,0.408
2024-11-01 01:30:00,734.52,0.368
2024-11-01 02:00:00,734.48,0.328
2024-11-01 02:30:00,734.45,0.296
2024-11-01 03:00:00,734.36,0.268
2024-11-01 03:30:00,734.41,0.247
2024-11-01 04:00:00,734.21,0.239
2024-11-01 04:30:00,734.07,0.213
2024-11-01 05:00:00,734.11,0.195
2024-11-01 05:30:00,734.07,0.188
2024-11-01 06:00:00,734.06,0.166
2024-11-01 06:30:00,734.24,0.16
2024-11-01 07:00:00,734.28,0.145
2024-11-01 07:30:00,734.04,0.139
2024-11-01 08:00:00,733.84,0.133
2024-11-01 08:30:00,733.57,0.124
2024-11-01 09:00:00,733.4,0.115
2024-11-01 09:30:00,733.28,0.104
2024-11-01 10:00:00,733.18,0.099
2024-11-01 10:30:00,733.21,0.097
2024-11-01 11:00:00,733.3,0.096
2024-11-01 11:30:00,733.34,0.093
2024-11-01 12:00:00,733.39,0.096
2024-11-01 12:30:00,733.5,0.098
2024-11-01 13:00:00,733.54,0.097
2024-11-01 13:30:00,733.62,0.098
2024-11-01 14:00:00,733.52,0.105
2024-11-01 14:30:00,733.48,0.105
2024-11-01 15:00:00,733.36,0.1
2024-11-01 15:30:00,733.35,0.101
2024-11-01 16:00:00,733.35,0.099
2024-11-01 16:30:00,733.66,0.103
2024-11-01 17:00:00,733.9,0.128
2024-11-01 17:30:00,734.26,0.149
2024-11-01 18:00:00,734.62,0.169
2024-11-01 18:30:00,734.67,0.207
2024-11-01 19:00:00,734.69,0.243
2024-11-01 19:30:00,734.64,0.256
2024-11-01 20:00:00,734.56,0.286
2024-11-01 20:30:00,734.27,0.338
2024-11-01 21:00:00,733.94,0.399
2024-11-01 21:30:00,733.52,0.425
2024-11-01 22:00:00,733.3,0.434
2024-11-01 22:30:00,733.24,0.442
2024-11-01 23:00:00,733.32,0.438
2024-11-01 23:30:00,733.14,0.404
2024-11-02 00:00:00,733.09,0.399
2024-11-02 00:30:00,732.97,0.376
2024-11-02 01:00:00,732.82,0.349
2024-11-02 01:30:00,732.66,0.332
2024-11-02 02:00:00,732.5,0.293
2024-11-02 02:30:00,732.4,0.261
2024-11-02 03:00:00,732.3,0.236
2024-11-02 03:30:00,732.15,0.221
2024-11-02 04:00:00,732.04,0.207
2024-11-02 04:30:00,732.01,0.199
2024-11-02 05:00:00,731.91,0.195
2024-11-02 05:30:00,731.57,0.19
2024-11-02 06:00:00,731.77,0.19
2024-11-02 06:30:00,731.59,0.188
2024-11-02 07:00:00,731.15,0.2
2024-11-02 07:30:00,730.83,0.209
2024-11-02 08:00:00,730.82,0.201
2024-11-02 08:30:00,730.44,0.187
2024-11-02 09:00:00,729.97,0.179
2024-11-02 09:30:00,729.76,0.178
2024-11-02 10:00:00,729.61,0.175
2024-11-02 10:30:00,729.5,0.173
2024-11-02 11:00:00,729.24,0.17
2024-11-02 11:30:00,729.2,0.178
2024-11-02 12:00:00,729.17,0.175
2024-11-02 12:30:00,729.06,0.17
2024-11-02 13:00:00,729.1,0.161
2024-11-02 13:30:00,728.84,0.156
2024-11-02 14:00:00,728.81,0.153
2024-11-02 14:30:00,728.93,0.157
2024-11-02 15:00:00,729.19,0.192
2024-11-02 15:30:00,729.36,0.199
2024-11-02 16:00:00,729.6,0.207
2024-11-02 16:30:00,729.94,0.206
2024-11-02 17:00:00,730.35,0.179
2024-11-02 17:30:00,730.83,0.168
2024-11-02 18:00:00,730.84,0.166
2024-11-02 18:30:00,730.95,0.167
2024-11-02 19:00:00,730.94,0.171
2024-11-02 19:30:00,731.03,0.179
2024-11-02 20:00:00,731.12,0.199
2024-11-02 20:30:00,730.95,0.215
2024-11-02 21:00:00,730.77,0.21
2024-11-02 21:30:00,730.83,0.217
2024-11-02 22:00:00,730.75,0.237
2024-11-02 22:30:00,730.85,0.254
2024-11-02 23:00:00,730.85,0.257
2024-11-02 23:30:00,730.93,0.257
2024-11-03 00:00:00,730.87,0.251
2024-11-03 00:30:00,730.98,0.231
2024-11-03 01:00:00,730.85,0.22
2024-11-03 01:30:00,730.78,0.21
2024-11-03 02:00:00,730.94,0.205
2024-11-03 02:30:00,731.03,0.198
2024-11-03 03:00:00,731.12,0.196
2024-11-03 03:30:00,730.96,0.193
2024-11-03 04:00:00,730.8,0.188
2024-11-03 04:30:00,730.94,0.196
2024-11-03 05:00:00,730.96,0.198
2024-11-03 05:30:00,730.99,0.19
2024-11-03 06:00:00,730.99,0.183
2024-11-03 06:30:00,730.95,0.181
2024-11-03 07:00:00,730.8,0.175
2024-11-03 07:30:00,730.76,0.17
2024-11-03 08:00:00,730.67,0.167
2024-11-03 08:30:00,730.64,0.174
2024-11-03 09:00:00,730.52,0.163
2024-11-03 09:30:00,730.4,0.158
2024-11-03 10:00:00,730.41,0.153
2024-11-03 10:30:00,730.06,0.147
2024-11-03 11:00:00,729.79,0.143
2024-11-03 11:30:00,728.94,0.135
2024-11-03 12:00:00,728.46,0.128
2024-11-03 12:30:00,728.33,0.123
2024-11-03 13:00:00,728.36,0.114
2024-11-03 13:30:00,729.59,0.119
2024-11-03 14:00:00,730.21,0.125
2024-11-03 14:30:00,730.51,0.125
2024-11-03 15:00:00,730.7,0.137
2024-11-03 15:30:00,730.88,0.144
2024-11-03 16:00:00,731.1,0.136
2024-11-03 16:30:00,731.15,0.131
2024-11-03 17:00:00,731.06,0.124
2024-11-03 17:30:00,731.44,0.121
2024-11-03 18:00:00,733.03,0.128
2024-11-03 18:30:00,734.04,0.169
2024-11-03 19:00:00,734.68,0.196
2024-11-03 19:30:00,735.08,0.197
2024-11-03 20:00:00,734.71,0.202
2024-11-03 20:30:00,733.91,0.211
2024-11-03 21:00:00,733.14,0.248
2024-11-03 21:30:00,732.93,0.266
2024-11-03 22:00:00,732.93,0.285
2024-11-03 22:30:00,732.66,0.281
2024-11-03 23:00:00,732.63,0.266
2024-11-03 23:30:00,732.72,0.251
2024-11-04 00:00:00,732.86,0.242
2024-11-04 00:30:00,732.71,0.236
2024-11-04 01:00:00,733.1,0.22
2024-11-04 01:30:00,732.88,0.201
2024-11-04 02:00:00,732.48,0.191
2024-11-04 02:30:00,732.21,0.18
2024-11-04 03:00:00,732.87,0.17
2024-11-04 03:30:00,733.89,0.16
2024-11-04 04:00:00,734.49,0.153
2024-11-04 04:30:00,734.25,0.147
2024-11-04 05:00:00,734.75,0.146
2024-11-04 05:30:00,734.48,0.148
2024-11-04 06:00:00,734.39,0.144
2024-11-04 06:30:00,734.25,0.134
2024-11-04 07:00:00,733.86,0.125
2024-11-04 07:30:00,733.64,0.117
2024-11-04 08:00:00,734.18,0.113
2024-11-04 08:30:00,734.67,0.116
2024-11-04 09:00:00,735.18,0.119
2024-11-04 09:30:00,736.25,0.115
2024-11-04 10:00:00,736.59,0.114
2024-11-04 10:30:00,736.45,0.112
2024-11-04 11:00:00,736.14,0.108
2024-11-04 11:30:00,735.78,0.115
2024-11-04 12:00:00,735.74,0.116
2024-11-04 12:30:00,735.93,0.111
2024-11-04 13:00:00,735.79,0.105
2024-11-04 13:30:00,735.93,0.099
2024-11-04 14:00:00,735.96,0.097
2024-11-04 14:30:00,736.72,0.103
2024-11-04 15:00:00,737.38,0.11
2024-11-04 15:30:00,737.62,0.1
2024-11-04 16:00:00,737.88,0.095
2024-11-04 16:30:00,738.34,0.107
2024-11-04 17:00:00,738.82,0.108
2024-11-04 17:30:00,739.15,0.11
2024-11-04 18:00:00,739.48,0.117
2024-11-04 18:30:00,739.98,0.142
2024-11-04 19:00:00,739.53,0.145
2024-11-04 19:30:00,739.14,0.151
2024-11-04 20:00:00,739.0,0.157
2024-11-04 20:30:00,738.99,0.172
2024-11-04 21:00:00,739.0,0.195
2024-11-04 21:30:00,738.91,0.228
2024-11-04 22:00:00,738.87,0.233
2024-11-04 22:30:00,738.73,0.238
2024-11-04 23:00:00,738.58,0.24
2024-11-04 23:30:00,738.57,0.237
2024-11-05 00:00:00,738.68,0.23
2024-11-05 00:30:00,738.57,0.226
2024-11-05 01:00:00,738.61,0.223
2024-11-05 01:30:00,738.61,0.225
2024-11-05 02:00:00,738.63,0.209
2024-11-05 02:30:00,738.62,0.193
2024-11-05 03:00:00,738.51,0.186
2024-11-05 03:30:00,738.49,0.177
2024-11-05 04:00:00,738.6,0.173
2024-11-05 04:30:00,738.54,0.166
2024-11-05 05:00:00,738.53,0.161
2024-11-05 05:30:00,738.45,0.155
2024-11-05 06:00:00,738.42,0.15
2024-11-05 06:30:00,738.41,0.146
2024-11-05 07:00:00,738.26,0.143
2024-11-05 07:30:00,737.95,0.138
2024-11-05 08:00:00,737.68,0.134
2024-11-05 08:30:00,737.59,0.129
2024-11-05 09:00:00,737.4,0.128
2024-11-05 09:30:00,737.13,0.124
2024-11-05 10:00:00,737.05,0.123
2024-11-05 10:30:00,737.0,0.122
2024-11-05 11:00:00,737.32,0.121
2024-11-05 11:30:00,737.12,0.122
2024-11-05 12:00:00,737.07,0.118
2024-11-05 12:30:00,736.92,0.114
2024-11-05 13:00:00,736.86,0.11
2024-11-05 13:30:00,737.05,0.108
2024-11-05 14:00:00,736.89,0.121
2024-11-05 14:30:00,736.71,0.133
2024-11-05 15:00:00,736.69,0.122
2024-11-05 15:30:00,736.86,0.132
2024-11-05 16:00:00,737.25,0.136
2024-11-05 16:30:00,737.78,0.154
2024-11-05 17:00:00,737.54,0.17
2024-11-05 17:30:00,737.43,0.177
2024-11-05 18:00:00,737.47,0.192
2024-11-05 18:30:00,737.42,0.229
2024-11-05 19:00:00,736.97,0.274
2024-11-05 19:30:00,736.49,0.281
2024-11-05 20:00:00,736.17,0.282
2024-11-05 20:30:00,736.02,0.287
2024-11-05 21:00:00,735.89,0.304
2024-11-05 21:30:00,735.73,0.323
2024-11-05 22:00:00,735.64,0.326
2024-11-05 22:30:00,735.59,0.328
2024-11-05 23:00:00,735.47,0.328
2024-11-05 23:30:00,735.39,0.323
2024-11-06 00:00:00,735.25,0.319
2024-11-06 00:30:00,735.17,0.313
2024-11-06 01:00:00,734.87,0.3
2024-11-06 01:30:00,734.76,0.285
2024-11-06 02:00:00,734.69,0.273
2024-11-06 02:30:00,734.52,0.256
2024-11-06 03:00:00,734.37,0.242
2024-11-06 03:30:00,734.34,0.232
2024-11-06 04:00:00,734.16,0.223
2024-11-06 04:30:00,734.05,0.217
2024-11-06 05:00:00,733.92,0.213
2024-11-06 05:30:00,734.0,0.209
2024-11-06 06:00:00,733.99,0.204
2024-11-06 06:30:00,733.95,0.199
2024-11-06 07:00:00,733.77,0.191
2024-11-06 07:30:00,733.82,0.184
2024-11-06 08:00:00,733.67,0.18
2024-11-06 08:30:00,733.51,0.172
2024-11-06 09:00:00,732.9,0.164
2024-11-06 09:30:00,732.62,0.153
2024-11-06 10:00:00,732.37,0.147
2024-11-06 10:30:00,731.98,0.147
2024-11-06 11:00:00,731.71,0.141
2024-11-06 11:30:00,731.29,0.126
2024-11-06 12:00:00,729.75,0.111
2024-11-06 12:30:00,729.07,0.102
2024-11-06 13:00:00,729.04,0.093
2024-11-06 13:30:00,729.23,0.08
2024-11-06 14:00:00,729.5,0.077
2024-11-06 14:30:00,729.59,0.088
2024-11-06 15:00:00,730.53,0.125
2024-11-06 15:30:00,731.5,0.125
2024-11-06 16:00:00,732.21,0.123
2024-11-06 16:30:00,732.73,0.129
2024-11-06 17:00:00,733.33,0.139
2024-11-06 17:30:00,733.9,0.157
2024-11-06 18:00:00,734.92,0.195
2024-11-06 18:30:00,735.53,0.212
2024-11-06 19:00:00,735.59,0.074
2024-11-06 19:30:00,734.69,-0.065
2024-11-06 20:00:00,733.88,-0.015
2024-11-06 20:30:00,734.04,0.075
2024-11-06 21:00:00,734.2,0.148
2024-11-06 21:30:00,734.16,0.184
2024-11-06 22:00:00,734.13,0.207
2024-11-06 22:30:00,734.11,0.23
2024-11-06 23:00:00,734.08,0.244
2024-11-06 23:30:00,734.07,0.249
2024-11-07 00:00:00,734.1,0.243
2024-11-07 00:30:00,734.17,0.233
2024-11-07 01:00:00,734.21,0.219
2024-11-07 01:30:00,734.36,0.208
2024-11-07 02:00:00,734.26,0.191
2024-11-07 02:30:00,734.17,0.17
2024-11-07 03:00:00,733.95,0.142
2024-11-07 03:30:00,733.98,0.127
2024-11-07 04:00:00,734.33,0.121
2024-11-07 04:30:00,734.47,0.121
2024-11-07 05:00:00,734.44,0.112
2024-11-07 05:30:00,734.74,0.127
2024-11-07 06:00:00,734.98,0.122
2024-11-07 06:30:00,734.87,0.107
2024-11-07 07:00:00,734.89,0.098
2024-11-07 07:30:00,734.7,0.087
2024-11-07 08:00:00,734.29,0.077
2024-11-07 08:30:00,733.98,0.069
2024-11-07 09:00:00,733.8,0.06
2024-11-07 09:30:00,733.73,0.051
2024-11-07 10:00:00,733.62,0.045
2024-11-07 10:30:00,733.82,0.044
2024-11-07 11:00:00,733.89,0.049
2024-11-07 11:30:00,734.4,0.054
2024-11-07 12:00:00,735.22,0.057
2024-11-07 12:30:00,735.4,0.067
2024-11-07 13:00:00,735.37,0.063
2024-11-07 13:30:00,735.69,0.057
2024-11-07 14:00:00,735.87,0.063
2024-11-07 14:30:00,736.3,0.06
2024-11-07 15:00:00,736.95,0.068
2024-11-07 15:30:00,737.35,0.058
2024-11-07 16:00:00,737.73,0.049
2024-11-07 16:30:00,738.12,0.045
2024-11-07 17:00:00,738.36,0.056
2024-11-07 17:30:00,738.75,0.071
2024-11-07 18:00:00,740.12,0.091
2024-11-07 18:30:00,740.76,0.102
2024-11-07 19:00:00,740.24,0.103
2024-11-07 19:30:00,739.47,0.115
2024-11-07 20:00:00,739.26,0.126
2024-11-07 20:30:00,739.39,0.144
2024-11-07 21:00:00,739.22,0.16
2024-11-07 21:30:00,739.0,0.179
2024-11-07 22:00:00,738.96,0.199
2024-11-07 22:30:00,738.89,0.213
2024-11-07 23:00:00,738.82,0.222
2024-11-07 23:30:00,738.68,0.222
2024-11-08 00:00:00,738.67,0.227
2024-11-08 00:30:00,738.55,0.224
2024-11-08 01:00:00,738.41,0.214
2024-11-08 01:30:00,738.4,0.201
2024-11-08 02:00:00,738.57,0.19
2024-11-08 02:30:00,738.73,0.179
2024-11-08 03:00:00,738.79,0.17
2024-11-08 03:30:00,738.9,0.164
2024-11-08 04:00:00,738.95,0.158
2024-11-08 04:30:00,739.1,0.151
2024-11-08 05:00:00,739.14,0.145
2024-11-08 05:30:00,739.32,0.139
2024-11-08 06:00:00,739.33,0.138
2024-11-08 06:30:00,739.24,0.134
2024-11-08 07:00:00,739.24,0.128
2024-11-08 07:30:00,739.27,0.126
2024-11-08 08:00:00,738.98,0.12
2024-11-08 08:30:00,738.6,0.113
2024-11-08 09:00:00,738.21,0.099
2024-11-08 09:30:00,737.76,0.088
2024-11-08 10:00:00,737.39,0.078
2024-11-08 10:30:00,737.18,0.079
2024-11-08 11:00:00,736.94,0.067
2024-11-08 11:30:00,736.74,0.051
2024-11-08 12:00:00,736.53,0.038
2024-11-08 12:30:00,736.42,0.028
2024-11-08 13:00:00,736.44,0.022
2024-11-08 13:30:00,736.32,0.018
2024-11-08 14:00:00,736.48,0.015
2024-11-08 14:30:00,736.75,0.03
2024-11-08 15:00:00,737.1,0.036
2024-11-08 15:30:00,738.1,0.048
2024-11-08 16:00:00,738.82,0.055
2024-11-08 16:30:00,739.38,0.06
2024-11-08 17:00:00,739.9,0.066
2024-11-08 17:30:00,740.47,0.083
2024-11-08 18:00:00,741.28,0.103
2024-11-08 18:30:00,741.95,0.117
2024-11-08 19:00:00,741.65,0.124
2024-11-08 19:30:00,741.17,0.13
2024-11-08 20:00:00,741.05,0.148
2024-11-08 20:30:00,740.8,0.163
2024-11-08 21:00:00,740.27,0.18
2024-11-08 21:30:00,739.79,0.207
2024-11-08 22:00:00,739.38,0.225
2024-11-08 22:30:00,739.06,0.235
2024-11-08 23:00:00,738.82,0.24
2024-11-08 23:30:00,738.71,0.237
2024-11-09 00:00:00,738.6,0.231
2024-11-09 00:30:00,738.58,0.22
2024-11-09 01:00:00,738.4,0.209
2024-11-09 01:30:00,738.27,0.194
2024-11-09 02:00:00,738.18,0.183
2024-11-09 02:30:00,738.16,0.172
2024-11-09 03:00:00,738.03,0.162
2024-11-09 03:30:00,737.99,0.155
2024-11-09 04:00:00,737.97,0.147
2024-11-09 04:30:00,737.95,0.142
2024-11-09 05:00:00,737.92,0.132
2024-11-09 05:30:00,738.1,0.129
2024-11-09 06:00:00,738.22,0.124
2024-11-09 06:30:00,738.17,0.119
2024-11-09 07:00:00,738.01,0.109
2024-11-09 07:30:00,737.81,0.1
2024-11-09 08:00:00,737.56,0.099
2024-11-09 08:30:00,737.29,0.093
2024-11-09 09:00:00,737.15,0.082
2024-11-09 09:30:00,736.98,0.074
2024-11-09 10:00:00,736.73,0.077
2024-11-09 10:30:00,736.42,0.072
2024-11-09 11:00:00,736.11,0.063
2024-11-09 11:30:00,736.04,0.056
2024-11-09 12:00:00,735.94,0.048
2024-11-09 12:30:00,736.01,0.045
2024-11-09 13:00:00,736.11,0.044
2024-11-09 13:30:00,736.06,0.038
2024-11-09 14:00:00,736.01,0.028
2024-11-09 14:30:00,736.0,0.025
2024-11-09 15:00:00,736.08,0.017
2024-11-09 15:30:00,736.22,0.018
2024-11-09 16:00:00,736.48,0.032
2024-11-09 16:30:00,736.92,0.041
2024-11-09 17:00:00,737.53,0.051
2024-11-09 17:30:00,737.84,0.062
2024-11-09 18:00:00,739.0,0.113
2024-11-09 18:30:00,739.44,0.128
2024-11-09 19:00:00,739.11,0.111
2024-11-09 19:30:00,738.81,0.091
2024-11-09 20:00:00,738.48,0.094
2024-11-09 20:30:00,738.0,0.103
2024-11-09 21:00:00,737.37,0.121
2024-11-09 21:30:00,736.87,0.144
2024-11-09 22:00:00,736.49,0.177
2024-11-09 22:30:00,736.26,0.2
2024-11-09 23:00:00,736.2,0.223
2024-11-09 23:30:00,736.08,0.228
2024-11-10 00:00:00,736.04,0.223
2024-11-10 00:30:00,735.96,0.209
2024-11-10 01:00:00,735.9,0.198
2024-11-10 01:30:00,735.92,0.181
2024-11-10 02:00:00,735.92,0.164
2024-11-10 02:30:00,735.92,0.148
2024-11-10 03:00:00,735.84,0.135
2024-11-10 03:30:00,735.87,0.126
2024-11-10 04:00:00,735.9,0.118
2024-11-10 04:30:00,735.9,0.11
2024-11-10 05:00:00,735.91,0.105
2024-11-10 05:30:00,735.93,0.099
2024-11-10 06:00:00,736.03,0.097
2024-11-10 06:30:00,736.09,0.094
2024-11-10 07:00:00,736.02,0.084
2024-11-10 07:30:00,735.91,0.077
2024-11-10 08:00:00,735.79,0.069
2024-11-10 08:30:00,735.62,0.065
2024-11-10 09:00:00,735.57,0.064
2024-11-10 09:30:00,735.57,0.067
2024-11-10 10:00:00,735.67,0.077
2024-11-10 10:30:00,735.61,0.075
2024-11-10 11:00:00,735.5,0.068
2024-11-10 11:30:00,735.25,0.061
2024-11-10 12:00:00,735.13,0.054
2024-11-10 12:30:00,735.1,0.052
2024-11-10 13:00:00,735.06,0.046
2024-11-10 13:30:00,734.92,0.043
2024-11-10 14:00:00,734.79,0.039
2024-11-10 14:30:00,734.7,0.036
2024-11-10 15:00:00,734.83,0.036
2024-11-10 15:30:00,735.2,0.04
2024-11-10 16:00:00,735.73,0.042
2024-11-10 16:30:00,736.15,0.048
2024-11-10 17:00:00,736.82,0.064
2024-11-10 17:30:00,737.52,0.092
2024-11-10 18:00:00,737.91,0.104
2024-11-10 18:30:00,738.05,0.111
2024-11-10 19:00:00,737.64,0.111
2024-11-10 19:30:00,737.25,0.117
2024-11-10 20:00:00,736.81,0.126
2024-11-10 20:30:00,736.55,0.15
2024-11-10 21:00:00,736.46,0.189
2024-11-10 21:30:00,736.48,0.216
2024-11-10 22:00:00,736.43,0.231
2024-11-10 22:30:00,736.43,0.233
2024-11-10 23:00:00,736.35,0.227
2024-11-10 23:30:00,736.27,0.215
2024-11-11 00:00:00,736.23,0.202
2024-11-11 00:30:00,736.17,0.186
2024-11-11 01:00:00,735.99,0.166
2024-11-11 01:30:00,736.13,0.152
2024-11-11 02:00:00,736.29,0.141
2024-11-11 02:30:00,736.3,0.129
2024-11-11 03:00:00,736.21,0.116
2024-11-11 03:30:00,736.13,0.099
2024-11-11 04:00:00,736.08,0.09
2024-11-11 04:30:00,735.88,0.086
2024-11-11 05:00:00,735.79,0.088
2024-11-11 05:30:00,735.9,0.087
2024-11-11 06:00:00,735.82,0.09
2024-11-11 06:30:00,735.77,0.096
2024-11-11 07:00:00,735.59,0.097
2024-11-11 07:30:00,735.45,0.097
2024-11-11 08:00:00,735.34,0.093
2024-11-11 08:30:00,735.16,0.095
2024-11-11 09:00:00,735.0,0.093
2024-11-11 09:30:00,734.7,0.092
2024-11-11 10:00:00,734.45,0.089
2024-11-11 10:30:00,734.04,0.08
2024-11-11 11:00:00,733.14,0.064
2024-11-11 11:30:00,732.58,0.058
2024-11-11 12:00:00,732.16,0.065
2024-11-11 12:30:00,732.01,0.071
2024-11-11 13:00:00,732.13,0.094
2024-11-11 13:30:00,732.29,0.088
2024-11-11 14:00:00,732.56,0.085
2024-11-11 14:30:00,732.73,0.082
2024-11-11 15:00:00,732.61,0.074
2024-11-11 15:30:00,732.58,0.069
2024-11-11 16:00:00,732.8,0.07
2024-11-11 16:30:00,732.76,0.071
2024-11-11 17:00:00,732.77,0.087
2024-11-11 17:30:00,733.38,0.137
2024-11-11 18:00:00,734.16,0.175
2024-11-11 18:30:00,733.7,0.151
2024-11-11 19:00:00,732.42,0.164
2024-11-11 19:30:00,731.78,0.195
2024-11-11 20:00:00,731.27,0.216
2024-11-11 20:30:00,729.76,0.218
2024-11-11 21:00:00,729.41,0.206
2024-11-11 21:30:00,729.17,0.188
2024-11-11 22:00:00,728.35,0.181
2024-11-11 22:30:00,728.37,0.183
2024-11-11 23:00:00,728.48,0.176
2024-11-11 23:30:00,729.27,0.144
2024-11-12 00:00:00,728.59,0.096
2024-11-12 00:30:00,728.44,0.08
2024-11-12 01:00:00,728.01,0.042
2024-11-12 01:30:00,728.58,0.081
2024-11-12 02:00:00,728.08,0.053
2024-11-12 02:30:00,728.19,0.068
2024-11-12 03:00:00,728.28,0.066
2024-11-12 03:30:00,728.7,0.058
2024-11-12 04:00:00,728.47,0.035
2024-11-12 04:30:00,728.46,0.009
2024-11-12 05:00:00,728.47,-0.001
2024-11-12 05:30:00,728.59,-0.01
2024-11-12 06:00:00,728.81,-0.014
2024-11-12 06:30:00,729.01,-0.006
2024-11-12 07:00:00,729.38,-0.009
2024-11-12 07:30:00,729.64,-0.008
2024-11-12 08:00:00,730.2,-0.0
2024-11-12 08:30:00,730.69,0.007
2024-11-12 09:00:00,730.99,0.008
2024-11-12 09:30:00,731.29,0.011
2024-11-12 10:00:00,731.58,0.015
2024-11-12 10:30:00,732.0,0.011
2024-11-12 11:00:00,732.13,0.007
2024-11-12 11:30:00,732.27,0.003
2024-11-12 12:00:00,732.45,-0.002
2024-11-12 12:30:00,732.6,-0.005
2024-11-12 13:00:00,732.71,-0.009
2024-11-12 13:30:00,733.0,-0.012
2024-11-12 14:00:00,732.93,-0.018
2024-11-12 14:30:00,732.83,-0.021
2024-11-12 15:00:00,732.67,-0.027
2024-11-12 15:30:00,732.83,-0.029
2024-11-12 16:00:00,733.09,-0.034
2024-11-12 16:30:00,733.22,-0.037
2024-11-12 17:00:00,733.29,-0.035
2024-11-12 17:30:00,733.47,-0.033
2024-11-12 18:00:00,733.53,-0.034
2024-11-12 18:30:00,733.66,-0.029
2024-11-12 19:00:00,733.68,-0.028
2024-11-12 19:30:00,733.9,-0.024
2024-11-12 20:00:00,733.83,-0.019
2024-11-12 20:30:00,733.82,-0.016
2024-11-12 21:00:00,733.83,-0.016
2024-11-12 21:30:00,733.94,-0.011
2024-11-12 22:00:00,734.04,-0.007
2024-11-12 22:30:00,735.23,-0.002
2024-11-12 23:00:00,735.2,-0.002
2024-11-12 23:30:00,735.36,-0.001
2024-11-13 00:00:00,735.68,-0.002
2024-11-13 00:30:00,735.69,-0.002
2024-11-13 01:00:00,735.55,-0.005
2024-11-13 01:30:00,735.45,-0.008
2024-11-13 02:00:00,735.72,-0.009
2024-11-13 02:30:00,735.6,-0.012
2024-11-13 03:00:00,735.86,-0.014
2024-11-13 03:30:00,736.16,-0.017
2024-11-13 04:00:00,736.18,-0.021
2024-11-13 04:30:00,736.43,-0.024
2024-11-13 05:00:00,736.47,-0.025
2024-11-13 05:30:00,736.65,-0.029
2024-11-13 06:00:00,736.59,-0.03
2024-11-13 06:30:00,736.52,-0.034
2024-11-13 07:00:00,736.5,-0.038
2024-11-13 07:30:00,736.44,-0.038
2024-11-13 08:00:00,736.48,-0.041
2024-11-13 08:30:00,736.4,-0.044
2024-11-13 09:00:00,736.31,-0.045
2024-11-13 09:30:00,736.1,-0.046
2024-11-13 10:00:00,736.03,-0.05
2024-11-13 10:30:00,735.78,-0.05
2024-11-13 11:00:00,735.77,-0.054
2024-11-13 11:30:00,735.8,-0.056
2024-11-13 12:00:00,735.76,-0.057
2024-11-13 12:30:00,735.76,-0.059
2024-11-13 13:00:00,735.76,-0.063
2024-11-13 13:30:00,735.77,-0.064
2024-11-13 14:00:00,735.71,-0.065
2024-11-13 14:30:00,735.83,-0.065
2024-11-13 15:00:00,735.9,-0.063
2024-11-13 15:30:00,736.01,-0.062
2024-11-13 16:00:00,736.12,-0.06
2024-11-13 16:30:00,736.11,-0.058
2024-11-13 17:00:00,736.08,-0.055
2024-11-13 17:30:00,736.19,-0.052
2024-11-13 18:00:00,736.31,-0.046
2024-11-13 18:30:00,736.38,-0.043
2024-11-13 19:00:00,736.31,-0.042
2024-11-13 19:30:00,736.09,-0.039
2024-11-13 20:00:00,735.98,-0.036
2024-11-13 20:30:00,735.75,-0.035
2024-11-13 21:00:00,735.67,-0.033
2024-11-13 21:30:00,735.71,-0.03
2024-11-13 22:00:00,735.76,-0.026
2024-11-13 22:30:00,735.77,-0.023
2024-11-13 23:00:00,735.74,-0.021
2024-11-13 23:30:00,735.63,-0.017
2024-11-14 00:00:00,735.57,-0.017
2024-11-14 00:30:00,735.31,-0.017
2024-11-14 01:00:00,735.33,-0.015
2024-11-14 01:30:00,735.22,-0.014
2024-11-14 02:00:00,735.23,-0.017
2024-11-14 02:30:00,735.16,-0.015
2024-11-14 03:00:00,735.16,-0.015
2024-11-14 03:30:00,735.02,-0.008
2024-11-14 04:00:00,735.04,-0.013
2024-11-14 04:30:00,734.94,-0.016
2024-11-14 05:00:00,734.98,-0.019
2024-11-14 05:30:00,734.94,-0.021
2024-11-14 06:00:00,734.86,-0.022
2024-11-14 06:30:00,734.74,-0.022
2024-11-14 07:00:00,734.66,-0.021
2024-11-14 07:30:00,734.57,-0.023
2024-11-14 08:00:00,734.39,-0.026
2024-11-14 08:30:00,734.25,-0.028
2024-11-14 09:00:00,734.09,-0.03
2024-11-14 09:30:00,734.0,-0.031
2024-11-14 10:00:00,733.92,-0.034
2024-11-14 10:30:00,733.79,-0.036
2024-11-14 11:00:00,733.64,-0.038
2024-11-14 11:30:00,733.45,-0.042
2024-11-14 12:00:00,733.36,-0.045
2024-11-14 12:30:00,733.3,-0.05
2024-11-14 13:00:00,733.23,-0.052
2024-11-14 13:30:00,733.06,-0.055
2024-11-14 14:00:00,732.95,-0.058
2024-11-14 14:30:00,733.0,-0.061
2024-11-14 15:00:00,732.95,-0.062
2024-11-14 15:30:00,732.95,-0.064
2024-11-14 16:00:00,732.84,-0.063
2024-11-14 16:30:00,732.79,-0.063
2024-11-14 17:00:00,732.63,-0.057
2024-11-14 17:30:00,732.38,-0.052
2024-11-14 18:00:00,732.3,-0.047
2024-11-14 18:30:00,732.08,-0.044
2024-11-14 19:00:00,731.65,-0.038
2024-11-14 19:30:00,731.07,-0.035
2024-11-14 20:00:00,730.67,-0.033
2024-11-14 20:30:00,730.41,-0.033
2024-11-14 21:00:00,730.19,-0.033
2024-11-14 21:30:00,729.85,-0.031
2024-11-14 22:00:00,729.53,-0.031
2024-11-14 22:30:00,729.31,-0.032
2024-11-14 23:00:00,729.19,-0.032
2024-11-14 23:30:00,728.85,-0.035
2024-11-15 00:00:00,728.01,-0.037
2024-11-15 00:30:00,727.75,-0.04
2024-11-15 01:00:00,727.72,-0.044
2024-11-15 01:30:00,727.38,-0.047
2024-11-15 02:00:00,727.27,-0.051
2024-11-15 02:30:00,727.08,-0.056
2024-11-15 03:00:00,726.83,-0.055
2024-11-15 03:30:00,726.67,-0.056
2024-11-15 04:00:00,726.55,-0.062
2024-11-15 04:30:00,726.31,-0.065
2024-11-15 05:00:00,726.02,-0.066
2024-11-15 05:30:00,725.77,-0.069
2024-11-15 06:00:00,725.44,-0.069
2024-11-15 06:30:00,725.1,-0.077
2024-11-15 07:00:00,724.72,-0.079
2024-11-15 07:30:00,724.38,-0.082
2024-11-15 08:00:00,723.61,-0.087
2024-11-15 08:30:00,723.15,-0.091
2024-11-15 09:00:00,722.87,-0.095
2024-11-15 09:30:00,722.64,-0.101
2024-11-15 10:00:00,722.55,-0.106
2024-11-15 10:30:00,722.32,-0.111
2024-11-15 11:00:00,722.04,-0.111
2024-11-15 11:30:00,721.96,-0.114
2024-11-15 12:00:00,721.69,-0.12
2024-11-15 12:30:00,721.54,-0.125
2024-11-15 13:00:00,721.85,-0.127
2024-11-15 13:30:00,721.53,-0.124
2024-11-15 14:00:00,721.39,-0.124
2024-11-15 14:30:00,721.38,-0.124
2024-11-15 15:00:00,721.57,-0.124
2024-11-15 15:30:00,721.66,-0.124
2024-11-15 16:00:00,721.67,-0.126
2024-11-15 16:30:00,721.74,-0.126
2024-11-15 17:00:00,721.77,-0.126
2024-11-15 17:30:00,721.89,-0.125
2024-11-15 18:00:00,722.06,-0.12
2024-11-15 18:30:00,722.27,-0.115
2024-11-15 19:00:00,722.27,-0.113
2024-11-15 19:30:00,722.21,-0.111
2024-11-15 20:00:00,722.25,-0.109
2024-11-15 20:30:00,722.35,-0.106
2024-11-15 21:00:00,722.54,-0.104
2024-11-15 21:30:00,722.75,-0.1
2024-11-15 22:00:00,722.89,-0.098
2024-11-15 22:30:00,723.02,-0.098
2024-11-15 23:00:00,723.29,-0.099
2024-11-15 23:30:00,723.45,-0.099
2024-11-16 00:00:00,723.71,-0.104
2024-11-16 00:30:00,723.77,-0.105
2024-11-16 01:00:00,723.92,-0.105
2024-11-16 01:30:00,724.2,-0.109
2024-11-16 02:00:00,724.14,-0.114
2024-11-16 02:30:00,724.14,-0.119
2024-11-16 03:00:00,724.18,-0.122
2024-11-16 03:30:00,724.16,-0.126
2024-11-16 04:00:00,724.32,-0.132
2024-11-16 04:30:00,724.4,-0.134
2024-11-16 05:00:00,724.6,-0.135
2024-11-16 05:30:00,724.75,-0.134
2024-11-16 06:00:00,724.65,-0.137
2024-11-16 06:30:00,725.06,-0.143
2024-11-16 07:00:00,725.29,-0.148
2024-11-16 07:30:00,725.25,-0.152
2024-11-16 08:00:00,725.23,-0.16
2024-11-16 08:30:00,725.22,-0.166
2024-11-16 09:00:00,725.26,-0.172
2024-11-16 09:30:00,725.34,-0.177
2024-11-16 10:00:00,725.49,-0.182
2024-11-16 10:30:00,725.53,-0.187
2024-11-16 11:00:00,725.46,-0.191
2024-11-16 11:30:00,725.39,-0.193
2024-11-16 12:00:00,725.34,-0.199
2024-11-16 12:30:00,725.41,-0.205
2024-11-16 13:00:00,725.65,-0.207
2024-11-16 13:30:00,725.63,-0.211
2024-11-16 14:00:00,725.57,-0.211
2024-11-16 14:30:00,725.62,-0.212
2024-11-16 15:00:00,725.81,-0.219
2024-11-16 15:30:00,725.96,-0.222
2024-11-16 16:00:00,726.04,-0.222
2024-11-16 16:30:00,726.09,-0.226
2024-11-16 17:00:00,726.32,-0.227
2024-11-16 17:30:00,726.56,-0.225
2024-11-16 18:00:00,726.63,-0.216
2024-11-16 18:30:00,726.66,-0.214
2024-11-16 19:00:00,726.71,-0.208
2024-11-16 19:30:00,726.64,-0.205
2024-11-16 20:00:00,726.62,-0.201
2024-11-16 20:30:00,726.6,-0.198
2024-11-16 21:00:00,726.74,-0.197
2024-11-16 21:30:00,726.78,-0.194
2024-11-16 22:00:00,726.9,-0.193
2024-11-16 22:30:00,727.05,-0.192
2024-11-16 23:00:00,727.25,-0.192
2024-11-16 23:30:00,727.4,-0.193
2024-11-17 00:00:00,727.59,-0.195
2024-11-17 00:30:00,727.7,-0.198
2024-11-17 01:00:00,727.86,-0.205
2024-11-17 01:30:00,727.83,-0.211
2024-11-17 02:00:00,727.88,-0.218
2024-11-17 02:30:00,728.09,-0.223
2024-11-17 03:00:00,728.4,-0.227
2024-11-17 03:30:00,728.45,-0.23
2024-11-17 04:00:00,728.72,-0.232
2024-11-17 04:30:00,729.04,-0.233
2024-11-17 05:00:00,729.24,-0.235
2024-11-17 05:30:00,729.38,-0.238
2024-11-17 06:00:00,729.44,-0.24
2024-11-17 06:30:00,729.42,-0.241
2024-11-17 07:00:00,729.52,-0.245
2024-11-17 07:30:00,729.55,-0.243
2024-11-17 08:00:00,729.59,-0.246
2024-11-17 08:30:00,729.57,-0.247
2024-11-17 09:00:00,729.78,-0.248
2024-11-17 09:30:00,729.54,-0.249
2024-11-17 10:00:00,729.58,-0.25
2024-11-17 10:30:00,729.71,-0.247
2024-11-17 11:00:00,729.62,-0.248
2024-11-17 11:30:00,729.58,-0.25
2024-11-17 12:00:00,729.73,-0.249
2024-11-17 12:30:00,729.85,-0.251
2024-11-17 13:00:00,729.64,-0.249
2024-11-17 13:30:00,729.72,-0.251
2024-11-17 14:00:00,729.79,-0.248
2024-11-17 14:30:00,729.86,-0.247
2024-11-17 15:00:00,729.83,-0.244
2024-11-17 15:30:00,729.9,-0.242
2024-11-17 16:00:00,730.32,-0.238
2024-11-17 16:30:00,730.43,-0.237
2024-11-17 17:00:00,730.52,-0.234
2024-11-17 17:30:00,730.59,-0.231
2024-11-17 18:00:00,731.46,-0.226
2024-11-17 18:30:00,731.38,-0.22
2024-11-17 19:00:00,731.29,-0.215
2024-11-17 19:30:00,731.09,-0.207
2024-11-17 20:00:00,731.27,-0.204
2024-11-17 20:30:00,731.09,-0.201
2024-11-17 21:00:00,731.05,-0.198
2024-11-17 21:30:00,730.51,-0.196
2024-11-17 22:00:00,730.58,-0.194
2024-11-17 22:30:00,730.72,-0.191
2024-11-17 23:00:00,730.78,-0.191
2024-11-17 23:30:00,730.99,-0.191
2024-11-18 00:00:00,731.28,-0.188
2024-11-18 00:30:00,731.3,-0.187
2024-11-18 01:00:00,731.51,-0.186
2024-11-18 01:30:00,731.44,-0.183
2024-11-18 02:00:00,731.29,-0.183
2024-11-18 02:30:00,731.41,-0.184
2024-11-18 03:00:00,731.44,-0.182
2024-11-18 03:30:00,732.3,-0.18
2024-11-18 04:00:00,732.2,-0.179
2024-11-18 04:30:00,732.17,-0.18
2024-11-18 05:00:00,732.24,-0.181
2024-11-18 05:30:00,732.17,-0.181
2024-11-18 06:00:00,731.83,-0.184
2024-11-18 06:30:00,731.53,-0.184
2024-11-18 07:00:00,731.49,-0.187
2024-11-18 07:30:00,730.41,-0.19
2024-11-18 08:00:00,730.8,-0.19
2024-11-18 08:30:00,730.37,-0.194
2024-11-18 09:00:00,730.22,-0.198
2024-11-18 09:30:00,729.74,-0.2
2024-11-18 10:00:00,730.01,-0.198
2024-11-18 10:30:00,729.67,-0.196
2024-11-18 11:00:00,729.39,-0.196
2024-11-18 11:30:00,728.93,-0.194
2024-11-18 12:00:00,728.81,-0.196
2024-11-18 12:30:00,728.49,-0.198
2024-11-18 13:00:00,728.08,-0.202
2024-11-18 13:30:00,727.91,-0.207
2024-11-18 14:00:00,727.55,-0.213
2024-11-18 14:30:00,727.58,-0.216
2024-11-18 15:00:00,727.45,-0.217
2024-11-18 15:30:00,727.44,-0.218
2024-11-18 16:00:00,727.59,-0.222
2024-11-18 16:30:00,727.43,-0.225
2024-11-18 17:00:00,727.48,-0.226
2024-11-18 17:30:00,727.55,-0.225
2024-11-18 18:00:00,727.44,-0.227
2024-11-18 18:30:00,727.39,-0.226
2024-11-18 19:00:00,727.22,-0.225
2024-11-18 19:30:00,727.0,-0.225
2024-11-18 20:00:00,727.03,-0.222
2024-11-18 20:30:00,726.93,-0.224
2024-11-18 21:00:00,726.85,-0.224
2024-11-18 21:30:00,726.64,-0.224
2024-11-18 22:00:00,726.55,-0.224
2024-11-18 22:30:00,726.87,-0.227
2024-11-18 23:00:00,727.06,-0.229
2024-11-18 23:30:00,727.25,-0.234
2024-11-19 00:00:00,727.22,-0.238
2024-11-19 00:30:00,727.37,-0.242
2024-11-19 01:00:00,727.26,-0.245
2024-11-19 01:30:00,727.15,-0.247
2024-11-19 02:00:00,727.17,-0.251
2024-11-19 02:30:00,727.17,-0.258
2024-11-19 03:00:00,727.12,-0.261
2024-11-19 03:30:00,727.03,-0.267
2024-11-19 04:00:00,726.9,-0.273
2024-11-19 04:30:00,726.81,-0.282
2024-11-19 05:00:00,726.85,-0.29
2024-11-19 05:30:00,726.89,-0.295
2024-11-19 06:00:00,726.89,-0.3
2024-11-19 06:30:00,726.85,-0.305
2024-11-19 07:00:00,726.97,-0.307
2024-11-19 07:30:00,726.76,-0.311
2024-11-19 08:00:00,726.67,-0.313
2024-11-19 08:30:00,726.42,-0.319
2024-11-19 09:00:00,726.36,-0.322
2024-11-19 09:30:00,726.39,-0.328
2024-11-19 10:00:00,726.39,-0.333
2024-11-19 10:30:00,726.26,-0.338
2024-11-19 11:00:00,726.33,-0.343
2024-11-19 11:30:00,726.23,-0.352
2024-11-19 12:00:00,726.28,-0.357
2024-11-19 12:30:00,726.26,-0.362
2024-11-19 13:00:00,726.27,-0.363
2024-11-19 13:30:00,726.2,-0.367
2024-11-19 14:00:00,726.1,-0.369
2024-11-19 14:30:00,726.17,-0.374
2024-11-19 15:00:00,726.22,-0.376
2024-11-19 15:30:00,726.42,-0.381
2024-11-19 16:00:00,726.48,-0.382
2024-11-19 16:30:00,726.69,-0.379
2024-11-19 17:00:00,726.88,-0.377
2024-11-19 17:30:00,727.1,-0.362
2024-11-19 18:00:00,727.16,-0.353
2024-11-19 18:30:00,726.92,-0.342
2024-11-19 19:00:00,726.91,-0.335
2024-11-19 19:30:00,726.76,-0.332
2024-11-19 20:00:00,726.72,-0.328
2024-11-19 20:30:00,726.75,-0.318
2024-11-19 21:00:00,726.48,-0.315
2024-11-19 21:30:00,726.31,-0.311
2024-11-19 22:00:00,726.23,-0.309
2024-11-19 22:30:00,725.96,-0.307
2024-11-19 23:00:00,726.59,-0.303
2024-11-19 23:30:00,726.66,-0.303
2024-11-20 00:00:00,726.74,-0.301
2024-11-20 00:30:00,726.87,-0.3
2024-11-20 01:00:00,726.88,-0.303
2024-11-20 01:30:00,727.06,-0.304
2024-11-20 02:00:00,727.06,-0.307
2024-11-20 02:30:00,727.18,-0.307
2024-11-20 03:00:00,727.31,-0.309
2024-11-20 03:30:00,727.45,-0.309
2024-11-20 04:00:00,727.53,-0.307
2024-11-20 04:30:00,727.95,-0.308
2024-11-20 05:00:00,729.69,-0.304
2024-11-20 05:30:00,731.14,-0.3
2024-11-20 06:00:00,732.27,-0.298
2024-11-20 06:30:00,733.17,-0.296
2024-11-20 07:00:00,734.08,-0.296
2024-11-20 07:30:00,734.2,-0.292
2024-11-20 08:00:00,734.2,-0.291
2024-11-20 08:30:00,734.4,-0.289
2024-11-20 09:00:00,734.82,-0.288
2024-11-20 09:30:00,734.88,-0.286
2024-11-20 10:00:00,734.51,-0.286
2024-11-20 10:30:00,733.91,-0.285
2024-11-20 11:00:00,733.82,-0.286
2024-11-20 11:30:00,733.86,-0.279
2024-11-20 12:00:00,734.44,-0.278
2024-11-20 12:30:00,734.19,-0.275
2024-11-20 13:00:00,734.58,-0.275
2024-11-20 13:30:00,733.78,-0.276
2024-11-20 14:00:00,733.98,-0.275
2024-11-20 14:30:00,734.44,-0.273
2024-11-20 15:00:00,732.67,-0.273
2024-11-20 15:30:00,732.53,-0.271
2024-11-20 16:00:00,732.5,-0.271
2024-11-20 16:30:00,732.38,-0.272
2024-11-20 17:00:00,731.89,-0.27
2024-11-20 17:30:00,731.8,-0.269
2024-11-20 18:00:00,731.66,-0.265
2024-11-20 18:30:00,731.54,-0.262
2024-11-20 19:00:00,731.1,-0.261
2024-11-20 19:30:00,730.6,-0.257
2024-11-20 20:00:00,730.17,-0.256
2024-11-20 20:30:00,729.94,-0.255
2024-11-20 21:00:00,729.8,-0.254
2024-11-20 21:30:00,729.89,-0.252
2024-11-20 22:00:00,729.69,-0.248
2024-11-20 22:30:00,729.58,-0.248
2024-11-20 23:00:00,729.6,-0.249
2024-11-20 23:30:00,729.67,-0.246
2024-11-21 00:00:00,729.88,-0.245
2024-11-21 00:30:00,729.83,-0.243
2024-11-21 01:00:00,729.83,-0.244
2024-11-21 01:30:00,729.83,-0.24
2024-11-21 02:00:00,729.76,-0.243
2024-11-21 02:30:00,729.68,-0.243
2024-11-21 03:00:00,729.59,-0.244
2024-11-21 03:30:00,729.5,-0.245
2024-11-21 04:00:00,729.49,-0.243
2024-11-21 04:30:00,729.46,-0.242
2024-11-21 05:00:00,729.54,-0.242
2024-11-21 05:30:00,729.57,-0.242
2024-11-21 06:00:00,729.6,-0.241
2024-11-21 06:30:00,729.69,-0.242
2024-11-21 07:00:00,729.71,-0.241
2024-11-21 07:30:00,729.58,-0.24
2024-11-21 08:00:00,729.44,-0.239
2024-11-21 08:30:00,729.31,-0.239
2024-11-21 09:00:00,729.25,-0.238
2024-11-21 09:30:00,729.21,-0.239
2024-11-21 10:00:00,729.12,-0.237
2024-11-21 10:30:00,728.9,-0.235
2024-11-21 11:00:00,728.86,-0.235
2024-11-21 11:30:00,728.74,-0.234
2024-11-21 12:00:00,728.84,-0.234
2024-11-21 12:30:00,728.85,-0.234
2024-11-21 13:00:00,728.83,-0.232
2024-11-21 13:30:00,728.88,-0.233
2024-11-21 14:00:00,728.98,-0.233
2024-11-21 14:30:00,728.92,-0.232
2024-11-21 15:00:00,728.95,-0.23
2024-11-21 15:30:00,729.0,-0.23
2024-11-21 16:00:00,729.02,-0.23
2024-11-21 16:30:00,729.1,-0.226
2024-11-21 17:00:00,729.08,-0.225
2024-11-21 17:30:00,729.24,-0.224
2024-11-21 18:00:00,729.17,-0.224
2024-11-21 18:30:00,729.13,-0.221
2024-11-21 19:00:00,731.22,-0.216
2024-11-21 19:30:00,731.43,-0.216
2024-11-21 20:00:00,731.38,-0.217
2024-11-21 20:30:00,731.24,-0.218
2024-11-21 21:00:00,731.38,-0.217
2024-11-21 21:30:00,731.31,-0.216
2024-11-21 22:00:00,731.34,-0.214
2024-11-21 22:30:00,731.33,-0.216
2024-11-21 23:00:00,731.26,-0.214
2024-11-21 23:30:00,731.26,-0.212
2024-11-22 00:00:00,731.34,-0.213
2024-11-22 00:30:00,731.34,-0.212
2024-11-22 01:00:00,731.43,-0.213
2024-11-22 01:30:00,732.05,-0.212
2024-11-22 02:00:00,732.41,-0.212
2024-11-22 02:30:00,731.94,-0.212
2024-11-22 03:00:00,732.24,-0.211
2024-11-22 03:30:00,732.02,-0.212
2024-11-22 04:00:00,731.92,-0.211
2024-11-22 04:30:00,732.05,-0.212
2024-11-22 05:00:00,732.05,-0.213
2024-11-22 05:30:00,731.99,-0.212
2024-11-22 06:00:00,732.03,-0.211
2024-11-22 06:30:00,732.1,-0.212
2024-11-22 07:00:00,732.24,-0.212
2024-11-22 07:30:00,732.12,-0.211
2024-11-22 08:00:00,732.4,-0.212
2024-11-22 08:30:00,732.53,-0.212
2024-11-22 09:00:00,732.36,-0.212
2024-11-22 09:30:00,732.24,-0.213
2024-11-22 10:00:00,732.08,-0.213
2024-11-22 10:30:00,732.16,-0.217
2024-11-22 11:00:00,732.0,-0.212
2024-11-22 11:30:00,731.95,-0.213
2024-11-22 12:00:00,732.03,-0.212
2024-11-22 12:30:00,731.83,-0.211
2024-11-22 13:00:00,731.7,-0.211
2024-11-22 13:30:00,731.66,-0.211
2024-11-22 14:00:00,731.71,-0.21
2024-11-22 14:30:00,731.83,-0.211
2024-11-22 15:00:00,731.81,-0.212
2024-11-22 15:30:00,731.78,-0.207
2024-11-22 16:00:00,731.97,-0.208
2024-11-22 16:30:00,731.96,-0.204
2024-11-22 17:00:00,731.69,-0.201
2024-11-22 17:30:00,731.44,-0.199
2024-11-22 18:00:00,731.09,-0.197
2024-11-22 18:30:00,730.89,-0.193
2024-11-22 19:00:00,730.27,-0.193
2024-11-22 19:30:00,729.88,-0.191
2024-11-22 20:00:00,729.77,-0.186
2024-11-22 20:30:00,729.49,-0.184
2024-11-22 21:00:00,729.2,-0.184
2024-11-22 21:30:00,729.29,-0.181
2024-11-22 22:00:00,729.52,-0.181
2024-11-22 22:30:00,729.28,-0.181
2024-11-22 23:00:00,729.15,-0.18
2024-11-22 23:30:00,729.31,-0.183
2024-11-23 00:00:00,729.0,-0.179
2024-11-23 00:30:00,729.04,-0.183
2024-11-23 01:00:00,728.78,-0.182
2024-11-23 01:30:00,728.65,-0.183
2024-11-23 02:00:00,728.65,-0.183
2024-11-23 02:30:00,728.72,-0.183
2024-11-23 03:00:00,728.56,-0.184
2024-11-23 03:30:00,728.19,-0.186
2024-11-23 04:00:00,728.41,-0.188
2024-11-23 04:30:00,728.67,-0.189
2024-11-23 05:00:00,728.68,-0.19
2024-11-23 05:30:00,728.21,-0.192
2024-11-23 06:00:00,728.1,-0.193
2024-11-23 06:30:00,727.64,-0.196
2024-11-23 07:00:00,727.51,-0.198
2024-11-23 07:30:00,727.25,-0.198
2024-11-23 08:00:00,726.86,-0.198
2024-11-23 08:30:00,726.71,-0.196
2024-11-23 09:00:00,726.28,-0.197
2024-11-23 09:30:00,726.17,-0.194
2024-11-23 10:00:00,725.73,-0.194
2024-11-23 10:30:00,725.62,-0.191
2024-11-23 11:00:00,725.58,-0.191
2024-11-23 11:30:00,725.24,-0.189
2024-11-23 12:00:00,725.16,-0.187
2024-11-23 12:30:00,725.11,-0.187
2024-11-23 13:00:00,725.22,-0.186
2024-11-23 13:30:00,725.31,-0.184
2024-11-23 14:00:00,725.27,-0.185
2024-11-23 14:30:00,725.35,-0.183
2024-11-23 15:00:00,725.65,-0.182
2024-11-23 15:30:00,725.65,-0.182
2024-11-23 16:00:00,725.71,-0.179
2024-11-23 16:30:00,725.85,-0.181
2024-11-23 17:00:00,725.8,-0.18
2024-11-23 17:30:00,726.08,-0.177
2024-11-23 18:00:00,725.96,-0.177
2024-11-23 18:30:00,726.05,-0.176
2024-11-23 19:00:00,726.0,-0.176
2024-11-23 19:30:00,725.87,-0.175
2024-11-23 20:00:00,725.68,-0.174
2024-11-23 20:30:00,725.66,-0.174
2024-11-23 21:00:00,725.48,-0.174
2024-11-23 21:30:00,725.41,-0.172
2024-11-23 22:00:00,725.18,-0.17
2024-11-23 22:30:00,725.24,-0.171
2024-11-23 23:00:00,725.33,-0.171
2024-11-23 23:30:00,725.37,-0.17
2024-11-24 00:00:00,725.41,-0.169
2024-11-24 00:30:00,725.32,-0.169
2024-11-24 01:00:00,725.5,-0.168
2024-11-24 01:30:00,725.36,-0.167
2024-11-24 02:00:00,725.44,-0.168
2024-11-24 02:30:00,725.37,-0.167
2024-11-24 03:00:00,725.56,-0.164
2024-11-24 03:30:00,725.52,-0.167
2024-11-24 04:00:00,725.74,-0.165
2024-11-24 04:30:00,725.89,-0.164
2024-11-24 05:00:00,726.21,-0.164
2024-11-24 05:30:00,726.21,-0.163
2024-11-24 06:00:00,726.3,-0.163
2024-11-24 06:30:00,726.25,-0.163
2024-11-24 07:00:00,726.31,-0.161
2024-11-24 07:30:00,726.55,-0.159
2024-11-24 08:00:00,726.44,-0.161
2024-11-24 08:30:00,726.26,-0.158
2024-11-24 09:00:00,726.36,-0.158
2024-11-24 09:30:00,726.24,-0.159
2024-11-24 10:00:00,726.48,-0.159
2024-11-24 10:30:00,726.63,-0.157
2024-11-24 11:00:00,726.5,-0.156
2024-11-24 11:30:00,726.51,-0.157
2024-11-24 12:00:00,726.62,-0.156
2024-11-24 12:30:00,727.12,-0.155
2024-11-24 13:00:00,727.11,-0.155
2024-11-24 13:30:00,727.39,-0.153
2024-11-24 14:00:00,727.75,-0.154
2024-11-24 14:30:00,727.99,-0.153
2024-11-24 15:00:00,728.49,-0.153
2024-11-24 15:30:00,728.85,-0.153
2024-11-24 16:00:00,729.31,-0.153
2024-11-24 16:30:00,729.63,-0.152
2024-11-24 17:00:00,729.91,-0.151
2024-11-24 17:30:00,729.95,-0.157
2024-11-24 18:00:00,730.05,-0.16
2024-11-24 18:30:00,730.31,-0.162
2024-11-24 19:00:00,730.79,-0.163
2024-11-24 19:30:00,730.54,-0.17
2024-11-24 20:00:00,730.53,-0.173
2024-11-24 20:30:00,730.6,-0.179
2024-11-24 21:00:00,730.63,-0.182
2024-11-24 21:30:00,730.69,-0.188
2024-11-24 22:00:00,730.73,-0.191
2024-11-24 22:30:00,730.75,-0.195
2024-11-24 23:00:00,731.13,-0.197
2024-11-24 23:30:00,731.45,-0.2
2024-11-25 00:00:00,732.01,-0.204
2024-11-25 00:30:00,732.06,-0.202
2024-11-25 01:00:00,732.59,-0.202
2024-11-25 01:30:00,732.95,-0.205
2024-11-25 02:00:00,733.14,-0.21
2024-11-25 02:30:00,733.36,-0.215
2024-11-25 03:00:00,734.2,-0.218
2024-11-25 03:30:00,734.47,-0.227
2024-11-25 04:00:00,734.6,-0.228
2024-11-25 04:30:00,734.91,-0.228
2024-11-25 05:00:00,735.19,-0.23
2024-11-25 05:30:00,735.36,-0.232
2024-11-25 06:00:00,735.51,-0.234
2024-11-25 06:30:00,735.84,-0.234
2024-11-25 07:00:00,735.65,-0.236
2024-11-25 07:30:00,735.52,-0.236
2024-11-25 08:00:00,735.41,-0.238
2024-11-25 08:30:00,735.04,-0.236
2024-11-25 09:00:00,735.09,-0.234
2024-11-25 09:30:00,734.25,-0.235
2024-11-25 10:00:00,734.55,-0.232
2024-11-25 10:30:00,734.24,-0.232
2024-11-25 11:00:00,733.96,-0.231
2024-11-25 11:30:00,734.31,-0.23
2024-11-25 12:00:00,734.12,-0.233
2024-11-25 12:30:00,734.15,-0.232
2024-11-25 13:00:00,734.12,-0.228
2024-11-25 13:30:00,733.74,-0.227
2024-11-25 14:00:00,733.53,-0.226
2024-11-25 14:30:00,733.52,-0.226
2024-11-25 15:00:00,733.75,-0.226
2024-11-25 15:30:00,733.63,-0.227
2024-11-25 16:00:00,733.77,-0.225
2024-11-25 16:30:00,733.49,-0.225
2024-11-25 17:00:00,733.77,-0.225
2024-11-25 17:30:00,733.74,-0.226
2024-11-25 18:00:00,734.02,-0.224
2024-11-25 18:30:00,733.98,-0.224
2024-11-25 19:00:00,734.6,-0.222
2024-11-25 19:30:00,734.2,-0.223
2024-11-25 20:00:00,733.79,-0.223
2024-11-25 20:30:00,733.68,-0.224
2024-11-25 21:00:00,733.79,-0.223
2024-11-25 21:30:00,733.9,-0.224
2024-11-25 22:00:00,734.09,-0.222
2024-11-25 22:30:00,734.15,-0.222
2024-11-25 23:00:00,734.44,-0.223
2024-11-25 23:30:00,734.6,-0.22
2024-11-26 00:00:00,734.63,-0.222
2024-11-26 00:30:00,735.25,-0.222
2024-11-26 01:00:00,735.05,-0.22
2024-11-26 01:30:00,735.1,-0.223
2024-11-26 02:00:00,735.65,-0.221
2024-11-26 02:30:00,735.54,-0.222
2024-11-26 03:00:00,735.63,-0.222
2024-11-26 03:30:00,735.65,-0.222
2024-11-26 04:00:00,735.63,-0.221
2024-11-26 04:30:00,735.57,-0.221
2024-11-26 05:00:00,735.45,-0.221
2024-11-26 05:30:00,735.47,-0.22
2024-11-26 06:00:00,735.26,-0.221
2024-11-26 06:30:00,735.17,-0.22
2024-11-26 07:00:00,735.05,-0.221
2024-11-26 07:30:00,734.88,-0.218
2024-11-26 08:00:00,734.95,-0.22
2024-11-26 08:30:00,734.68,-0.219
2024-11-26 09:00:00,734.49,-0.219
2024-11-26 09:30:00,734.55,-0.218
2024-11-26 10:00:00,734.63,-0.22
2024-11-26 10:30:00,734.47,-0.221
2024-11-26 11:00:00,734.68,-0.22
2024-11-26 11:30:00,734.67,-0.221
2024-11-26 12:00:00,734.79,-0.225
2024-11-26 12:30:00,734.84,-0.227
2024-11-26 13:00:00,734.94,-0.228
2024-11-26 13:30:00,735.01,-0.23
2024-11-26 14:00:00,735.49,-0.23
2024-11-26 14:30:00,735.96,-0.232
2024-11-26 15:00:00,736.46,-0.23
2024-11-26 15:30:00,736.79,-0.23
2024-11-26 16:00:00,737.22,-0.23
2024-11-26 16:30:00,737.67,-0.231
2024-11-26 17:00:00,738.07,-0.23
2024-11-26 17:30:00,738.4,-0.23
2024-11-26 18:00:00,738.31,-0.228
2024-11-26 18:30:00,738.33,-0.229
2024-11-26 19:00:00,738.36,-0.228
2024-11-26 19:30:00,738.19,-0.23
2024-11-26 20:00:00,738.2,-0.228
2024-11-26 20:30:00,738.19,-0.229
2024-11-26 21:00:00,738.29,-0.226
2024-11-26 21:30:00,738.14,-0.231
2024-11-26 22:00:00,738.23,-0.23
2024-11-26 22:30:00,738.23,-0.229
2024-11-26 23:00:00,738.14,-0.231
2024-11-26 23:30:00,738.05,-0.232
2024-11-27 00:00:00,738.41,-0.232
2024-11-27 00:30:00,738.51,-0.229
2024-11-27 01:00:00,738.5,-0.229
2024-11-27 01:30:00,739.09,-0.23
2024-11-27 02:00:00,739.25,-0.23
2024-11-27 02:30:00,739.62,-0.23
2024-11-27 03:00:00,739.74,-0.231
2024-11-27 03:30:00,740.11,-0.23
2024-11-27 04:00:00,740.3,-0.23
2024-11-27 04:30:00,740.44,-0.232
2024-11-27 05:00:00,740.63,-0.23
2024-11-27 05:30:00,740.66,-0.23
2024-11-27 06:00:00,741.04,-0.229
2024-11-27 06:30:00,740.95,-0.231
2024-11-27 07:00:00,741.0,-0.231
2024-11-27 07:30:00,741.03,-0.229
2024-11-27 08:00:00,741.43,-0.229
2024-11-27 08:30:00,741.33,-0.23
2024-11-27 09:00:00,741.29,-0.23
2024-11-27 09:30:00,741.25,-0.229
2024-11-27 10:00:00,741.22,-0.23
2024-11-27 10:30:00,741.21,-0.228
2024-11-27 11:00:00,741.14,-0.228
2024-11-27 11:30:00,741.11,-0.228
2024-11-27 12:00:00,741.1,-0.229
2024-11-27 12:30:00,741.05,-0.229
2024-11-27 13:00:00,741.19,-0.23
2024-11-27 13:30:00,741.48,-0.229
2024-11-27 14:00:00,741.47,-0.229
2024-11-27 14:30:00,741.59,-0.23
2024-11-27 15:00:00,741.89,-0.228
2024-11-27 15:30:00,741.73,-0.228
2024-11-27 16:00:00,742.02,-0.227
2024-11-27 16:30:00,742.43,-0.229
2024-11-27 17:00:00,743.24,-0.227
2024-11-27 17:30:00,743.51,-0.227
2024-11-27 18:00:00,743.68,-0.228
2024-11-27 18:30:00,743.84,-0.228
2024-11-27 19:00:00,743.75,-0.228
2024-11-27 19:30:00,743.65,-0.228
2024-11-27 20:00:00,743.53,-0.228
2024-11-27 20:30:00,743.45,-0.227
2024-11-27 21:00:00,743.4,-0.229
2024-11-27 21:30:00,743.34,-0.226
2024-11-27 22:00:00,743.43,-0.228
2024-11-27 22:30:00,743.48,-0.227
2024-11-27 23:00:00,743.53,-0.228
2024-11-27 23:30:00,743.64,-0.23
2024-11-28 00:00:00,743.9,-0.229
2024-11-28 00:30:00,744.01,-0.228
2024-11-28 01:00:00,744.15,-0.229
2024-11-28 01:30:00,744.31,-0.229
2024-11-28 02:00:00,744.48,-0.23
2024-11-28 02:30:00,744.55,-0.231
2024-11-28 03:00:00,744.49,-0.232
2024-11-28 03:30:00,744.46,-0.231
2024-11-28 04:00:00,744.41,-0.231
2024-11-28 04:30:00,744.28,-0.231
2024-11-28 05:00:00,744.19,-0.229
2024-11-28 05:30:00,744.04,-0.229
2024-11-28 06:00:00,743.87,-0.229
2024-11-28 06:30:00,743.7,-0.227
2024-11-28 07:00:00,743.58,-0.229
2024-11-28 07:30:00,743.52,-0.229
2024-11-28 08:00:00,743.32,-0.228
2024-11-28 08:30:00,743.12,-0.228
2024-11-28 09:00:00,742.86,-0.229
2024-11-28 09:30:00,742.8,-0.229
2024-11-28 10:00:00,742.72,-0.228
2024-11-28 10:30:00,742.64,-0.228
2024-11-28 11:00:00,742.57,-0.229
2024-11-28 11:30:00,742.47,-0.228
2024-11-28 12:00:00,742.41,-0.227
2024-11-28 12:30:00,742.39,-0.227
2024-11-28 13:00:00,742.26,-0.226
2024-11-28 13:30:00,742.25,-0.226
2024-11-28 14:00:00,742.27,-0.225
2024-11-28 14:30:00,742.31,-0.225
2024-11-28 15:00:00,742.3,-0.224
2024-11-28 15:30:00,742.4,-0.222
2024-11-28 16:00:00,742.46,-0.223
2024-11-28 16:30:00,742.46,-0.224
2024-11-28 17:00:00,742.52,-0.224
2024-11-28 17:30:00,742.42,-0.222
2024-11-28 18:00:00,742.52,-0.219
2024-11-28 18:30:00,742.28,-0.22
2024-11-28 19:00:00,742.12,-0.219
2024-11-28 19:30:00,741.92,-0.218
2024-11-28 20:00:00,741.76,-0.217
2024-11-28 20:30:00,741.66,-0.216
2024-11-28 21:00:00,741.46,-0.214
2024-11-28 21:30:00,741.41,-0.214
2024-11-28 22:00:00,741.31,-0.216
2024-11-28 22:30:00,741.4,-0.212
2024-11-28 23:00:00,741.38,-0.21
2024-11-28 23:30:00,741.38,-0.212
2024-11-29 00:00:00,741.39,-0.21
2024-11-29 00:30:00,741.48,-0.209
2024-11-29 01:00:00,741.58,-0.209
2024-11-29 01:30:00,741.61,-0.208
2024-11-29 02:00:00,741.62,-0.206
2024-11-29 02:30:00,741.61,-0.205
2024-11-29 03:00:00,741.68,-0.207
2024-11-29 03:30:00,741.81,-0.204
2024-11-29 04:00:00,741.91,-0.206
2024-11-29 04:30:00,741.9,-0.203
2024-11-29 05:00:00,741.87,-0.202
2024-11-29 05:30:00,741.87,-0.202
2024-11-29 06:00:00,741.88,-0.202
2024-11-29 06:30:00,741.97,-0.201
2024-11-29 07:00:00,742.05,-0.198
2024-11-29 07:30:00,742.06,-0.202
2024-11-29 08:00:00,741.9,-0.198
2024-11-29 08:30:00,741.76,-0.198
2024-11-29 09:00:00,741.6,-0.2
2024-11-29 09:30:00,741.42,-0.198
2024-11-29 10:00:00,741.38,-0.195
2024-11-29 10:30:00,741.31,-0.195
2024-11-29 11:00:00,741.24,-0.194
2024-11-29 11:30:00,741.21,-0.195
2024-11-29 12:00:00,741.06,-0.192
2024-11-29 12:30:00,741.03,-0.193
2024-11-29 13:00:00,741.03,-0.192
2024-11-29 13:30:00,741.07,-0.192
2024-11-29 14:00:00,741.08,-0.191
2024-11-29 14:30:00,741.07,-0.191
2024-11-29 15:00:00,741.09,-0.189
2024-11-29 15:30:00,741.22,-0.189
2024-11-29 16:00:00,741.29,-0.187
2024-11-29 16:30:00,741.44,-0.186
2024-11-29 17:00:00,741.4,-0.186
2024-11-29 17:30:00,741.46,-0.185
2024-11-29 18:00:00,741.65,-0.184
2024-11-29 18:30:00,741.52,-0.184
2024-11-29 19:00:00,741.34,-0.183
2024-11-29 19:30:00,741.23,-0.182
2024-11-29 20:00:00,741.03,-0.181
2024-11-29 20:30:00,740.9,-0.181
2024-11-29 21:00:00,740.75,-0.18
2024-11-29 21:30:00,740.56,-0.18
2024-11-29 22:00:00,740.41,-0.179
2024-11-29 22:30:00,740.46,-0.179
2024-11-29 23:00:00,740.42,-0.178
2024-11-29 23:30:00,740.39,-0.179
2024-11-30 00:00:00,740.32,-0.177
2024-11-30 00:30:00,740.46,-0.174
2024-11-30 01:00:00,740.66,-0.172
2024-11-30 01:30:00,740.61,-0.175
2024-11-30 02:00:00,740.7,-0.172
2024-11-30 02:30:00,740.81,-0.168
2024-11-30 03:00:00,741.12,-0.168
2024-11-30 03:30:00,741.6,-0.167
2024-11-30 04:00:00,741.64,-0.166
2024-11-30 04:30:00,741.64,-0.164
2024-11-30 05:00:00,741.65,-0.162
2024-11-30 05:30:00,741.7,-0.163
2024-11-30 06:00:00,741.8,-0.161
2024-11-30 06:30:00,741.94,-0.16
2024-11-30 07:00:00,742.01,-0.161
2024-11-30 07:30:00,742.05,-0.157
2024-11-30 08:00:00,742.06,-0.156
2024-11-30 08:30:00,741.94,-0.155
2024-11-30 09:00:00,741.82,-0.155
2024-11-30 09:30:00,741.73,-0.153
2024-11-30 10:00:00,741.69,-0.151
2024-11-30 10:30:00,741.66,-0.151
2024-11-30 11:00:00,741.57,-0.15
2024-11-30 11:30:00,741.53,-0.147
2024-11-30 12:00:00,741.6,-0.149
2024-11-30 12:30:00,741.43,-0.148
2024-11-30 13:00:00,741.25,-0.146
2024-11-30 13:30:00,741.31,-0.145
2024-11-30 14:00:00,741.48,-0.145
2024-11-30 14:30:00,741.59,-0.143
2024-11-30 15:00:00,741.6,-0.143
2024-11-30 15:30:00,741.75,-0.142
2024-11-30 16:00:00,741.84,-0.142
2024-11-30 16:30:00,742.01,-0.14
2024-11-30 17:00:00,742.13,-0.139
2024-11-30 17:30:00,742.15,-0.141
2024-11-30 18:00:00,742.23,-0.14
2024-11-30 18:30:00,742.07,-0.139
2024-11-30 19:00:00,741.93,-0.14
2024-11-30 19:30:00,741.76,-0.138
2024-11-30 20:00:00,741.4,-0.138
2024-11-30 20:30:00,741.32,-0.139
2024-11-30 21:00:00,741.15,-0.138
2024-11-30 21:30:00,740.96,-0.138
2024-11-30 22:00:00,740.79,-0.138
2024-11-30 22:30:00,740.72,-0.138
2024-11-30 23:00:00,740.72,-0.141
2024-11-30 23:30:00,740.86,-0.136
2024-12-01 00:00:00,740.91,-0.136
2024-12-01 00:30:00,740.92,-0.135
2024-12-01 01:00:00,741.04,-0.135
2024-12-01 01:30:00,741.14,-0.132
2024-12-01 02:00:00,741.12,-0.133
2024-12-01 02:30:00,741.22,-0.132
2024-12-01 03:00:00,741.37,-0.132
2024-12-01 03:30:00,741.5,-0.13
2024-12-01 04:00:00,741.61,-0.129
2024-12-01 04:30:00,741.79,-0.129
2024-12-01 05:00:00,742.02,-0.128
2024-12-01 05:30:00,742.16,-0.128
2024-12-01 06:00:00,742.31,-0.127
2024-12-01 06:30:00,742.32,-0.128
2024-12-01 07:00:00,742.36,-0.126
2024-12-01 07:30:00,742.45,-0.127
2024-12-01 08:00:00,742.48,-0.129
2024-12-01 08:30:00,742.41,-0.124
2024-12-01 09:00:00,742.37,-0.127
2024-12-01 09:30:00,742.28,-0.125
2024-12-01 10:00:00,742.24,-0.125
2024-12-01 10:30:00,742.18,-0.124
2024-12-01 11:00:00,742.01,-0.124
2024-12-01 11:30:00,741.87,-0.124
2024-12-01 12:00:00,741.75,-0.124
2024-12-01 12:30:00,741.68,-0.122
2024-12-01 13:00:00,741.65,-0.122
2024-12-01 13:30:00,741.65,-0.123
2024-12-01 14:00:00,741.67,-0.122
2024-12-01 14:30:00,741.74,-0.123
2024-12-01 15:00:00,741.8,-0.121
2024-12-01 15:30:00,741.85,-0.121
2024-12-01 16:00:00,741.95,-0.12
2024-12-01 16:30:00,742.05,-0.119
2024-12-01 17:00:00,742.27,-0.119
2024-12-01 17:30:00,742.36,-0.117
2024-12-01 18:00:00,742.38,-0.118
2024-12-01 18:30:00,742.24,-0.118
2024-12-01 19:00:00,742.01,-0.116
2024-12-01 19:30:00,741.77,-0.116
2024-12-01 20:00:00,741.59,-0.118
2024-12-01 20:30:00,741.46,-0.117
2024-12-01 21:00:00,741.26,-0.116
2024-12-01 21:30:00,741.27,-0.114
2024-12-01 22:00:00,741.27,-0.115
2024-12-01 22:30:00,741.2,-0.115
2024-12-01 23:00:00,741.17,-0.115
2024-12-01 23:30:00,741.21,-0.115
2024-12-02 00:00:00,741.22,-0.115
2024-12-02 00:30:00,741.2,-0.114
2024-12-02 01:00:00,741.17,-0.114
2024-12-02 01:30:00,741.25,-0.114
2024-12-02 02:00:00,741.35,-0.114
2024-12-02 02:30:00,741.41,-0.111
2024-12-02 03:00:00,741.46,-0.111
2024-12-02 03:30:00,741.43,-0.111
2024-12-02 04:00:00,741.56,-0.111
2024-12-02 04:30:00,741.69,-0.111
2024-12-02 05:00:00,741.64,-0.11
2024-12-02 05:30:00,741.59,-0.11
2024-12-02 06:00:00,741.61,-0.109
2024-12-02 06:30:00,741.72,-0.108
2024-12-02 07:00:00,741.84,-0.108
2024-12-02 07:30:00,741.75,-0.107
2024-12-02 08:00:00,741.73,-0.105
2024-12-02 08:30:00,741.74,-0.107
2024-12-02 09:00:00,741.66,-0.107
2024-12-02 09:30:00,741.64,-0.105
2024-12-02 10:00:00,741.7,-0.105
2024-12-02 10:30:00,741.76,-0.103
2024-12-02 11:00:00,741.61,-0.105
2024-12-02 11:30:00,741.46,-0.106
2024-12-02 12:00:00,741.4,-0.104
2024-12-02 12:30:00,741.36,-0.104
2024-12-02 13:00:00,741.37,-0.103
2024-12-02 13:30:00,741.34,-0.103
2024-12-02 14:00:00,741.43,-0.103
2024-12-02 14:30:00,741.5,-0.102
2024-12-02 15:00:00,741.74,-0.103
2024-12-02 15:30:00,741.88,-0.101
2024-12-02 16:00:00,741.98,-0.102
2024-12-02 16:30:00,742.42,-0.1
2024-12-02 17:00:00,742.52,-0.1
2024-12-02 17:30:00,742.5,-0.1
2024-12-02 18:00:00,742.47,-0.101
2024-12-02 18:30:00,742.44,-0.101
2024-12-02 19:00:00,742.21,-0.1
2024-12-02 19:30:00,742.07,-0.098
2024-12-02 20:00:00,741.86,-0.1
2024-12-02 20:30:00,741.72,-0.098
2024-12-02 21:00:00,741.63,-0.1
2024-12-02 21:30:00,741.49,-0.099
2024-12-02 22:00:00,741.38,-0.1
2024-12-02 22:30:00,741.4,-0.101
2024-12-02 23:00:00,741.37,-0.1
2024-12-02 23:30:00,741.39,-0.102
2024-12-03 00:00:00,741.4,-0.1
2024-12-03 00:30:00,741.41,-0.097
2024-12-03 01:00:00,741.36,-0.098
2024-12-03 01:30:00,741.4,-0.097
2024-12-03 02:00:00,741.49,-0.097
2024-12-03 02:30:00,741.49,-0.094
2024-12-03 03:00:00,741.43,-0.097
2024-12-03 03:30:00,741.43,-0.097
2024-12-03 04:00:00,741.54,-0.094
2024-12-03 04:30:00,741.61,-0.094
2024-12-03 05:00:00,741.63,-0.092
2024-12-03 05:30:00,741.61,-0.094
2024-12-03 06:00:00,741.55,-0.093
2024-12-03 06:30:00,741.51,-0.095
2024-12-03 07:00:00,741.47,-0.093
2024-12-03 07:30:00,741.43,-0.094
2024-12-03 08:00:00,741.34,-0.092
2024-12-03 08:30:00,741.17,-0.094
2024-12-03 09:00:00,741.05,-0.093
2024-12-03 09:30:00,740.95,-0.092
2024-12-03 10:00:00,740.98,-0.092
2024-12-03 10:30:00,740.99,-0.093
2024-12-03 11:00:00,740.89,-0.091
2024-12-03 11:30:00,740.76,-0.093
2024-12-03 12:00:00,740.72,-0.093
2024-12-03 12:30:00,740.65,-0.093
2024-12-03 13:00:00,740.63,-0.092
2024-12-03 13:30:00,740.57,-0.093
2024-12-03 14:00:00,740.59,-0.09
2024-12-03 14:30:00,740.59,-0.092
2024-12-03 15:00:00,740.63,-0.091
2024-12-03 15:30:00,740.71,-0.092
2024-12-03 16:00:00,740.76,-0.092
2024-12-03 16:30:00,740.83,-0.092
2024-12-03 17:00:00,741.44,-0.092
2024-12-03 17:30:00,741.41,-0.09
2024-12-03 18:00:00,741.43,-0.09
2024-12-03 18:30:00,741.38,-0.091
2024-12-03 19:00:00,741.24,-0.089
2024-12-03 19:30:00,741.09,-0.09
2024-12-03 20:00:00,740.91,-0.09
2024-12-03 20:30:00,740.83,-0.088
2024-12-03 21:00:00,740.74,-0.09
2024-12-03 21:30:00,740.62,-0.089
2024-12-03 22:00:00,740.54,-0.091
2024-12-03 22:30:00,740.49,-0.089
2024-12-03 23:00:00,740.49,-0.09
2024-12-03 23:30:00,740.58,-0.089
2024-12-04 00:00:00,740.51,-0.091
2024-12-04 00:30:00,740.54,-0.089
2024-12-04 01:00:00,740.57,-0.089
2024-12-04 01:30:00,740.66,-0.089
2024-12-04 02:00:00,740.68,-0.088
2024-12-04 02:30:00,740.71,-0.089
2024-12-04 03:00:00,740.78,-0.089
2024-12-04 03:30:00,741.21,-0.089
2024-12-04 04:00:00,741.58,-0.087
2024-12-04 04:30:00,741.95,-0.087
2024-12-04 05:00:00,742.08,-0.084
2024-12-04 05:30:00,742.13,-0.084
2024-12-04 06:00:00,742.18,-0.085
2024-12-04 06:30:00,742.42,-0.086
2024-12-04 07:00:00,742.65,-0.087
2024-12-04 07:30:00,742.69,-0.083
2024-12-04 08:00:00,742.66,-0.087
2024-12-04 08:30:00,742.56,-0.088
2024-12-04 09:00:00,742.57,-0.086
2024-12-04 09:30:00,742.49,-0.087
2024-12-04 10:00:00,742.45,-0.087
2024-12-04 10:30:00,742.42,-0.087
2024-12-04 11:00:00,742.42,-0.086
2024-12-04 11:30:00,742.42,-0.086
2024-12-04 12:00:00,742.33,-0.086
2024-12-04 12:30:00,742.36,-0.086
2024-12-04 13:00:00,742.36,-0.086
2024-12-04 13:30:00,742.44,-0.087
2024-12-04 14:00:00,742.52,-0.086
2024-12-04 14:30:00,742.51,-0.086
2024-12-04 15:00:00,742.63,-0.086
2024-12-04 15:30:00,742.7,-0.085
2024-12-04 16:00:00,742.89,-0.085
2024-12-04 16:30:00,743.12,-0.084
2024-12-04 17:00:00,743.21,-0.085
2024-12-04 17:30:00,743.23,-0.085
2024-12-04 18:00:00,743.32,-0.085
2024-12-04 18:30:00,743.33,-0.084
2024-12-04 19:00:00,743.25,-0.085
2024-12-04 19:30:00,743.07,-0.085
2024-12-04 20:00:00,742.9,-0.085
2024-12-04 20:30:00,742.85,-0.085
2024-12-04 21:00:00,742.73,-0.084
2024-12-04 21:30:00,742.63,-0.084
2024-12-04 22:00:00,742.48,-0.089
2024-12-04 22:30:00,742.44,-0.086
2024-12-04 23:00:00,742.41,-0.085
2024-12-04 23:30:00,742.47,-0.085
2024-12-05 00:00:00,742.42,-0.083
2024-12-05 00:30:00,742.44,-0.086
2024-12-05 01:00:00,742.46,-0.083
2024-12-05 01:30:00,742.44,-0.083
2024-12-05 02:00:00,742.48,-0.081
2024-12-05 02:30:00,742.53,-0.081
2024-12-05 03:00:00,742.58,-0.079
2024-12-05 03:30:00,742.61,-0.077
2024-12-05 04:00:00,742.67,-0.079
2024-12-05 04:30:00,742.67,-0.079
2024-12-05 05:00:00,742.79,-0.079
2024-12-05 05:30:00,742.84,-0.078
2024-12-05 06:00:00,742.84,-0.078
2024-12-05 06:30:00,742.87,-0.078
2024-12-05 07:00:00,742.84,-0.079
2024-12-05 07:30:00,742.84,-0.081
2024-12-05 08:00:00,742.69,-0.079
2024-12-05 08:30:00,742.6,-0.08
2024-12-05 09:00:00,742.51,-0.077
2024-12-05 09:30:00,742.48,-0.077
2024-12-05 10:00:00,742.51,-0.078
2024-12-05 10:30:00,742.58,-0.079
2024-12-05 11:00:00,742.66,-0.079
2024-12-05 11:30:00,742.61,-0.079
2024-12-05 12:00:00,742.53,-0.078
2024-12-05 12:30:00,742.58,-0.079
2024-12-05 13:00:00,742.53,-0.079
2024-12-05 13:30:00,742.47,-0.08
2024-12-05 14:00:00,742.44,-0.079
2024-12-05 14:30:00,742.44,-0.08
2024-12-05 15:00:00,742.4,-0.079
2024-12-05 15:30:00,742.31,-0.077
2024-12-05 16:00:00,742.32,-0.081
2024-12-05 16:30:00,742.35,-0.078
2024-12-05 17:00:00,742.43,-0.078
2024-12-05 17:30:00,742.52,-0.078
2024-12-05 18:00:00,742.51,-0.08
2024-12-05 18:30:00,742.45,-0.079
2024-12-05 19:00:00,742.27,-0.077
2024-12-05 19:30:00,742.07,-0.077
2024-12-05 20:00:00,741.83,-0.077
2024-12-05 20:30:00,741.57,-0.079
2024-12-05 21:00:00,741.49,-0.079
2024-12-05 21:30:00,741.39,-0.079
2024-12-05 22:00:00,741.2,-0.079
2024-12-05 22:30:00,741.13,-0.079
2024-12-05 23:00:00,741.08,-0.076
2024-12-05 23:30:00,741.08,-0.078
2024-12-06 00:00:00,741.1,-0.077
2024-12-06 00:30:00,741.08,-0.077
2024-12-06 01:00:00,741.11,-0.075
2024-12-06 01:30:00,741.18,-0.076
2024-12-06 02:00:00,741.35,-0.074
2024-12-06 02:30:00,741.45,-0.071
2024-12-06 03:00:00,741.5,-0.074
2024-12-06 03:30:00,741.6,-0.075
2024-12-06 04:00:00,741.64,-0.072
2024-12-06 04:30:00,741.66,-0.072
2024-12-06 05:00:00,741.96,-0.073
2024-12-06 05:30:00,742.67,-0.072
2024-12-06 06:00:00,742.74,-0.071
2024-12-06 06:30:00,742.72,-0.072
2024-12-06 07:00:00,742.81,-0.073
2024-12-06 07:30:00,742.92,-0.072
2024-12-06 08:00:00,743.39,-0.071
2024-12-06 08:30:00,743.5,-0.074
2024-12-06 09:00:00,743.52,-0.069
2024-12-06 09:30:00,743.31,-0.071
2024-12-06 10:00:00,743.28,-0.071
2024-12-06 10:30:00,743.07,-0.071
2024-12-06 11:00:00,742.89,-0.072
2024-12-06 11:30:00,742.81,-0.074
2024-12-06 12:00:00,742.75,-0.072
2024-12-06 12:30:00,742.76,-0.072
2024-12-06 13:00:00,742.67,-0.072
2024-12-06 13:30:00,742.72,-0.071
2024-12-06 14:00:00,742.76,-0.074
2024-12-06 14:30:00,742.86,-0.073
2024-12-06 15:00:00,742.9,-0.073
2024-12-06 15:30:00,742.92,-0.07
2024-12-06 16:00:00,742.92,-0.072
2024-12-06 16:30:00,742.93,-0.072
2024-12-06 17:00:00,742.93,-0.071
2024-12-06 17:30:00,743.0,-0.073
2024-12-06 18:00:00,743.74,-0.072
2024-12-06 18:30:00,743.61,-0.072
2024-12-06 19:00:00,743.47,-0.074
2024-12-06 19:30:00,743.38,-0.074
2024-12-06 20:00:00,743.21,-0.074
2024-12-06 20:30:00,743.06,-0.073
2024-12-06 21:00:00,742.82,-0.074
2024-12-06 21:30:00,742.67,-0.075
2024-12-06 22:00:00,742.55,-0.072
2024-12-06 22:30:00,742.45,-0.073
2024-12-06 23:00:00,742.46,-0.071
2024-12-06 23:30:00,742.5,-0.071
2024-12-07 00:00:00,742.66,-0.072
2024-12-07 00:30:00,742.75,-0.072
2024-12-07 01:00:00,742.82,-0.074
2024-12-07 01:30:00,742.71,-0.073
2024-12-07 02:00:00,742.7,-0.071
2024-12-07 02:30:00,742.69,-0.07
2024-12-07 03:00:00,742.74,-0.067
2024-12-07 03:30:00,742.72,-0.068
2024-12-07 04:00:00,742.74,-0.07
2024-12-07 04:30:00,742.83,-0.07
2024-12-07 05:00:00,742.94,-0.068
2024-12-07 05:30:00,742.98,-0.069
2024-12-07 06:00:00,743.6,-0.067
2024-12-07 06:30:00,743.6,-0.067
2024-12-07 07:00:00,743.5,-0.066
2024-12-07 07:30:00,743.49,-0.068
2024-12-07 08:00:00,743.29,-0.07
2024-12-07 08:30:00,743.14,-0.068
2024-12-07 09:00:00,743.01,-0.066
2024-12-07 09:30:00,742.99,-0.069
2024-12-07 10:00:00,742.94,-0.068
2024-12-07 10:30:00,742.82,-0.069
2024-12-07 11:00:00,742.74,-0.068
2024-12-07 11:30:00,742.69,-0.068
2024-12-07 12:00:00,742.75,-0.068
2024-12-07 12:30:00,742.7,-0.069
2024-12-07 13:00:00,742.63,-0.068
2024-12-07 13:30:00,742.66,-0.07
2024-12-07 14:00:00,742.77,-0.065
2024-12-07 14:30:00,742.75,-0.068
2024-12-07 15:00:00,742.73,-0.067
2024-12-07 15:30:00,742.71,-0.067
2024-12-07 16:00:00,742.68,-0.065
2024-12-07 16:30:00,742.64,-0.065
2024-12-07 17:00:00,742.61,-0.064
2024-12-07 17:30:00,742.56,-0.067
2024-12-07 18:00:00,742.47,-0.065
2024-12-07 18:30:00,742.42,-0.067
2024-12-07 19:00:00,742.27,-0.063
2024-12-07 19:30:00,742.07,-0.066
2024-12-07 20:00:00,741.92,-0.067
2024-12-07 20:30:00,741.8,-0.065
2024-12-07 21:00:00,741.61,-0.065
2024-12-07 21:30:00,741.45,-0.067
2024-12-07 22:00:00,741.26,-0.067
2024-12-07 22:30:00,741.26,-0.066
2024-12-07 23:00:00,741.26,-0.066
2024-12-07 23:30:00,741.28,-0.066
2024-12-08 00:00:00,741.16,-0.066
2024-12-08 00:30:00,741.19,-0.067
2024-12-08 01:00:00,741.16,-0.063
2024-12-08 01:30:00,741.22,-0.065
2024-12-08 02:00:00,741.2,-0.061
2024-12-08 02:30:00,741.22,-0.062
2024-12-08 03:00:00,741.18,-0.061
2024-12-08 03:30:00,741.22,-0.06
2024-12-08 04:00:00,741.22,-0.06
2024-12-08 04:30:00,741.32,-0.057
2024-12-08 05:00:00,741.39,-0.055
2024-12-08 05:30:00,741.28,-0.056
2024-12-08 06:00:00,741.23,-0.054
2024-12-08 06:30:00,741.13,-0.056
2024-12-08 07:00:00,741.07,-0.057
2024-12-08 07:30:00,740.88,-0.057
2024-12-08 08:00:00,740.76,-0.058
2024-12-08 08:30:00,740.56,-0.057
2024-12-08 09:00:00,740.36,-0.057
2024-12-08 09:30:00,740.13,-0.055
2024-12-08 10:00:00,740.2,-0.055
2024-12-08 10:30:00,740.21,-0.054
2024-12-08 11:00:00,740.07,-0.054
2024-12-08 11:30:00,739.97,-0.055
2024-12-08 12:00:00,739.92,-0.052
2024-12-08 12:30:00,739.82,-0.051
2024-12-08 13:00:00,739.84,-0.05
2024-12-08 13:30:00,739.82,-0.05
2024-12-08 14:00:00,739.83,-0.049
2024-12-08 14:30:00,739.78,-0.048
2024-12-08 15:00:00,739.72,-0.048
2024-12-08 15:30:00,739.72,-0.046
2024-12-08 16:00:00,739.7,-0.045
2024-12-08 16:30:00,739.7,-0.046
2024-12-08 17:00:00,739.61,-0.044
2024-12-08 17:30:00,739.59,-0.042
2024-12-08 18:00:00,739.6,-0.043
2024-12-08 18:30:00,739.51,-0.04
2024-12-08 19:00:00,739.22,-0.041
2024-12-08 19:30:00,738.97,-0.041
2024-12-08 20:00:00,738.87,-0.04
2024-12-08 20:30:00,738.72,-0.04
2024-12-08 21:00:00,738.47,-0.04
2024-12-08 21:30:00,738.31,-0.04
2024-12-08 22:00:00,738.23,-0.04
2024-12-08 22:30:00,738.12,-0.04
2024-12-08 23:00:00,738.08,-0.042
2024-12-08 23:30:00,737.96,-0.042
2024-12-09 00:00:00,738.0,-0.043
2024-12-09 00:30:00,737.9,-0.042
2024-12-09 01:00:00,737.87,-0.043
2024-12-09 01:30:00,737.91,-0.041
2024-12-09 02:00:00,737.9,-0.041
2024-12-09 02:30:00,737.9,-0.039
2024-12-09 03:00:00,738.02,-0.038
2024-12-09 03:30:00,738.04,-0.037
2024-12-09 04:00:00,738.08,-0.037
2024-12-09 04:30:00,738.06,-0.035
2024-12-09 05:00:00,738.05,-0.034
2024-12-09 05:30:00,738.16,-0.032
2024-12-09 06:00:00,738.07,-0.03
2024-12-09 06:30:00,738.05,-0.033
2024-12-09 07:00:00,738.05,-0.033
2024-12-09 07:30:00,737.94,-0.035
2024-12-09 08:00:00,737.84,-0.035
2024-12-09 08:30:00,737.79,-0.034
2024-12-09 09:00:00,737.76,-0.032
2024-12-09 09:30:00,737.69,-0.033
2024-12-09 10:00:00,737.63,-0.035
2024-12-09 10:30:00,737.56,-0.034
2024-12-09 11:00:00,737.52,-0.035
2024-12-09 11:30:00,737.49,-0.037
2024-12-09 12:00:00,737.45,-0.035
2024-12-09 12:30:00,737.41,-0.036
2024-12-09 13:00:00,737.42,-0.036
2024-12-09 13:30:00,737.33,-0.037
2024-12-09 14:00:00,737.4,-0.039
2024-12-09 14:30:00,737.39,-0.039
2024-12-09 15:00:00,737.53,-0.04
2024-12-09 15:30:00,737.43,-0.039
2024-12-09 16:00:00,737.54,-0.042
2024-12-09 16:30:00,737.65,-0.042
2024-12-09 17:00:00,737.71,-0.043
2024-12-09 17:30:00,737.75,-0.043
2024-12-09 18:00:00,737.77,-0.043
2024-12-09 18:30:00,737.7,-0.046
2024-12-09 19:00:00,737.61,-0.047
2024-12-09 19:30:00,737.42,-0.047
2024-12-09 20:00:00,737.32,-0.048
2024-12-09 20:30:00,737.25,-0.048
2024-12-09 21:00:00,737.18,-0.047
2024-12-09 21:30:00,737.18,-0.05
2024-12-09 22:00:00,737.14,-0.052
2024-12-09 22:30:00,737.08,-0.052
2024-12-09 23:00:00,737.19,-0.056
2024-12-09 23:30:00,737.23,-0.054
2024-12-10 00:00:00,737.46,-0.055
2024-12-10 00:30:00,737.48,-0.055
2024-12-10 01:00:00,737.54,-0.053
2024-12-10 01:30:00,738.15,-0.055
2024-12-10 02:00:00,738.25,-0.055
2024-12-10 02:30:00,738.15,-0.053
2024-12-10 03:00:00,738.35,-0.052
2024-12-10 03:30:00,738.83,-0.051
2024-12-10 04:00:00,739.12,-0.05
2024-12-10 04:30:00,739.58,-0.05
2024-12-10 05:00:00,739.63,-0.051
2024-12-10 05:30:00,739.87,-0.05
2024-12-10 06:00:00,740.46,-0.048
2024-12-10 06:30:00,740.53,-0.048
2024-12-10 07:00:00,740.62,-0.05
2024-12-10 07:30:00,741.09,-0.051
2024-12-10 08:00:00,741.1,-0.052
2024-12-10 08:30:00,740.91,-0.052
2024-12-10 09:00:00,740.82,-0.053
2024-12-10 09:30:00,740.89,-0.055
2024-12-10 10:00:00,741.13,-0.054
2024-12-10 10:30:00,741.66,-0.055
2024-12-10 11:00:00,741.6,-0.055
2024-12-10 11:30:00,741.55,-0.055
2024-12-10 12:00:00,741.47,-0.056
2024-12-10 12:30:00,741.5,-0.056
2024-12-10 13:00:00,741.49,-0.055
2024-12-10 13:30:00,741.54,-0.055
2024-12-10 14:00:00,741.59,-0.058
2024-12-10 14:30:00,741.65,-0.057
2024-12-10 15:00:00,741.72,-0.057
2024-12-10 15:30:00,742.12,-0.058
2024-12-10 16:00:00,742.22,-0.06
2024-12-10 16:30:00,742.69,-0.058
2024-12-10 17:00:00,742.73,-0.06
2024-12-10 17:30:00,742.84,-0.06
2024-12-10 18:00:00,742.9,-0.059
2024-12-10 18:30:00,742.83,-0.063
2024-12-10 19:00:00,742.66,-0.062
2024-12-10 19:30:00,742.47,-0.063
2024-12-10 20:00:00,742.26,-0.063
2024-12-10 20:30:00,742.09,-0.063
2024-12-10 21:00:00,741.98,-0.064
2024-12-10 21:30:00,741.97,-0.064
2024-12-10 22:00:00,741.84,-0.063
2024-12-10 22:30:00,741.83,-0.063
2024-12-10 23:00:00,741.72,-0.064
2024-12-10 23:30:00,741.73,-0.063
2024-12-11 00:00:00,741.7,-0.062
2024-12-11 00:30:00,741.59,-0.062
2024-12-11 01:00:00,741.66,-0.06
2024-12-11 01:30:00,741.56,-0.059
2024-12-11 02:00:00,741.52,-0.058
2024-12-11 02:30:00,741.5,-0.059
2024-12-11 03:00:00,741.45,-0.056
2024-12-11 03:30:00,741.51,-0.056
2024-12-11 04:00:00,741.54,-0.055
2024-12-11 04:30:00,741.56,-0.055
2024-12-11 05:00:00,741.55,-0.052
2024-12-11 05:30:00,741.52,-0.053
2024-12-11 06:00:00,741.52,-0.051
2024-12-11 06:30:00,741.56,-0.052
2024-12-11 07:00:00,741.51,-0.051
2024-12-11 07:30:00,741.41,-0.05
2024-12-11 08:00:00,741.24,-0.053
2024-12-11 08:30:00,741.13,-0.053
2024-12-11 09:00:00,741.06,-0.053
2024-12-11 09:30:00,740.96,-0.055
2024-12-11 10:00:00,740.85,-0.056
2024-12-11 10:30:00,740.59,-0.055
2024-12-11 11:00:00,740.45,-0.06
2024-12-11 11:30:00,740.22,-0.059
2024-12-11 12:00:00,740.12,-0.061
2024-12-11 12:30:00,740.1,-0.061
2024-12-11 13:00:00,739.92,-0.063
2024-12-11 13:30:00,740.02,-0.064
2024-12-11 14:00:00,740.1,-0.064
2024-12-11 14:30:00,739.89,-0.066
2024-12-11 15:00:00,739.7,-0.067
2024-12-11 15:30:00,739.65,-0.065
2024-12-11 16:00:00,739.53,-0.068
2024-12-11 16:30:00,739.52,-0.069
2024-12-11 17:00:00,739.49,-0.068
2024-12-11 17:30:00,739.4,-0.071
2024-12-11 18:00:00,739.3,-0.068
2024-12-11 18:30:00,739.1,-0.07
2024-12-11 19:00:00,738.86,-0.071
2024-12-11 19:30:00,738.58,-0.071
2024-12-11 20:00:00,738.3,-0.072
2024-12-11 20:30:00,738.11,-0.072
2024-12-11 21:00:00,737.77,-0.071
2024-12-11 21:30:00,737.42,-0.069
2024-12-11 22:00:00,737.2,-0.068
2024-12-11 22:30:00,736.83,-0.067
2024-12-11 23:00:00,736.74,-0.065
2024-12-11 23:30:00,736.52,-0.067
2024-12-12 00:00:00,736.35,-0.067
2024-12-12 00:30:00,736.17,-0.066
2024-12-12 01:00:00,736.03,-0.067
2024-12-12 01:30:00,735.75,-0.063
2024-12-12 02:00:00,735.49,-0.064
2024-12-12 02:30:00,735.27,-0.062
2024-12-12 03:00:00,734.91,-0.062
2024-12-12 03:30:00,734.79,-0.059
2024-12-12 04:00:00,734.58,-0.061
2024-12-12 04:30:00,734.29,-0.058
2024-12-12 05:00:00,733.91,-0.057
2024-12-12 05:30:00,733.78,-0.054
2024-12-12 06:00:00,732.81,-0.054
2024-12-12 06:30:00,732.48,-0.055
2024-12-12 07:00:00,732.2,-0.049
2024-12-12 07:30:00,732.03,-0.047
2024-12-12 08:00:00,731.61,-0.048
2024-12-12 08:30:00,731.41,-0.051
2024-12-12 09:00:00,731.18,-0.053
2024-12-12 09:30:00,730.89,-0.055
2024-12-12 10:00:00,730.76,-0.054
2024-12-12 10:30:00,730.18,-0.054
2024-12-12 11:00:00,730.0,-0.055
2024-12-12 11:30:00,729.53,-0.056
2024-12-12 12:00:00,729.13,-0.056
2024-12-12 12:30:00,728.33,-0.055
2024-12-12 13:00:00,727.87,-0.055
2024-12-12 13:30:00,727.74,-0.056
2024-12-12 14:00:00,727.02,-0.056
2024-12-12 14:30:00,726.38,-0.052
2024-12-12 15:00:00,726.65,-0.054
2024-12-12 15:30:00,725.71,-0.053
2024-12-12 16:00:00,725.34,-0.056
2024-12-12 16:30:00,725.51,-0.059
2024-12-12 17:00:00,725.62,-0.062
2024-12-12 17:30:00,725.78,-0.064
2024-12-12 18:00:00,725.9,-0.068
2024-12-12 18:30:00,726.04,-0.067
2024-12-12 19:00:00,725.91,-0.067
2024-12-12 19:30:00,725.18,-0.066
2024-12-12 20:00:00,725.45,-0.065
2024-12-12 20:30:00,725.45,-0.066
2024-12-12 21:00:00,725.56,-0.066
2024-12-12 21:30:00,725.77,-0.065
2024-12-12 22:00:00,726.05,-0.063
2024-12-12 22:30:00,726.12,-0.062
2024-12-12 23:00:00,726.23,-0.063
2024-12-12 23:30:00,726.57,-0.064
2024-12-13 00:00:00,726.62,-0.064
2024-12-13 00:30:00,726.82,-0.062
2024-12-13 01:00:00,726.9,-0.063
2024-12-13 01:30:00,727.0,-0.065
2024-12-13 02:00:00,727.04,-0.066
2024-12-13 02:30:00,727.21,-0.063
2024-12-13 03:00:00,727.44,-0.063
2024-12-13 03:30:00,727.36,-0.063
2024-12-13 04:00:00,727.56,-0.062
2024-12-13 04:30:00,727.59,-0.063
2024-12-13 05:00:00,727.64,-0.064
2024-12-13 05:30:00,727.66,-0.063
2024-12-13 06:00:00,727.76,-0.063
2024-12-13 06:30:00,728.02,-0.065
2024-12-13 07:00:00,728.25,-0.064
2024-12-13 07:30:00,728.74,-0.064
2024-12-13 08:00:00,728.57,-0.064
2024-12-13 08:30:00,728.88,-0.062
2024-12-13 09:00:00,729.24,-0.062
2024-12-13 09:30:00,729.72,-0.064
2024-12-13 10:00:00,729.83,-0.063
2024-12-13 10:30:00,730.26,-0.061
2024-12-13 11:00:00,730.22,-0.062
2024-12-13 11:30:00,730.57,-0.061
2024-12-13 12:00:00,730.74,-0.059
2024-12-13 12:30:00,730.91,-0.059
2024-12-13 13:00:00,730.87,-0.059
2024-12-13 13:30:00,731.28,-0.058
2024-12-13 14:00:00,731.33,-0.059
2024-12-13 14:30:00,731.45,-0.058
2024-12-13 15:00:00,731.33,-0.062
2024-12-13 15:30:00,731.67,-0.064
2024-12-13 16:00:00,732.15,-0.066
2024-12-13 16:30:00,732.25,-0.07
2024-12-13 17:00:00,732.52,-0.07
2024-12-13 17:30:00,732.94,-0.069
2024-12-13 18:00:00,733.43,-0.069
2024-12-13 18:30:00,733.62,-0.069
2024-12-13 19:00:00,733.55,-0.069
2024-12-13 19:30:00,733.49,-0.068
2024-12-13 20:00:00,733.48,-0.067
2024-12-13 20:30:00,733.33,-0.068
2024-12-13 21:00:00,733.28,-0.068
2024-12-13 21:30:00,733.14,-0.066
2024-12-13 22:00:00,733.15,-0.064
2024-12-13 22:30:00,733.2,-0.064
2024-12-13 23:00:00,733.45,-0.061
2024-12-13 23:30:00,733.84,-0.06
2024-12-14 00:00:00,733.74,-0.061
2024-12-14 00:30:00,733.81,-0.06
2024-12-14 01:00:00,733.97,-0.057
2024-12-14 01:30:00,734.02,-0.056
2024-12-14 02:00:00,734.09,-0.058
2024-12-14 02:30:00,734.18,-0.056
2024-12-14 03:00:00,734.11,-0.055
2024-12-14 03:30:00,734.06,-0.055
2024-12-14 04:00:00,734.05,-0.054
2024-12-14 04:30:00,733.98,-0.052
2024-12-14 05:00:00,734.04,-0.05
2024-12-14 05:30:00,733.86,-0.049
2024-12-14 06:00:00,733.79,-0.047
2024-12-14 06:30:00,733.59,-0.046
2024-12-14 07:00:00,733.43,-0.045
2024-12-14 07:30:00,733.24,-0.047
2024-12-14 08:00:00,733.4,-0.045
2024-12-14 08:30:00,733.17,-0.045
2024-12-14 09:00:00,733.35,-0.044
2024-12-14 09:30:00,733.61,-0.045
2024-12-14 10:00:00,733.51,-0.046
2024-12-14 10:30:00,733.63,-0.042
2024-12-14 11:00:00,733.71,-0.045
2024-12-14 11:30:00,733.62,-0.044
2024-12-14 12:00:00,733.21,-0.046
2024-12-14 12:30:00,732.87,-0.046
2024-12-14 13:00:00,732.74,-0.046
2024-12-14 13:30:00,732.41,-0.05
2024-12-14 14:00:00,732.08,-0.048
2024-12-14 14:30:00,731.67,-0.051
2024-12-14 15:00:00,731.39,-0.053
2024-12-14 15:30:00,731.49,-0.053
2024-12-14 16:00:00,731.44,-0.052
2024-12-14 16:30:00,730.84,-0.054
2024-12-14 17:00:00,729.7,-0.056
2024-12-14 17:30:00,729.1,-0.057
2024-12-14 18:00:00,728.7,-0.056
2024-12-14 18:30:00,728.51,-0.056
2024-12-14 19:00:00,728.11,-0.056
2024-12-14 19:30:00,728.43,-0.057
2024-12-14 20:00:00,729.11,-0.057
2024-12-14 20:30:00,728.32,-0.058
2024-12-14 21:00:00,728.62,-0.06
2024-12-14 21:30:00,729.09,-0.061
2024-12-14 22:00:00,729.58,-0.061
2024-12-14 22:30:00,730.02,-0.057
2024-12-14 23:00:00,730.73,-0.056
2024-12-14 23:30:00,731.13,-0.055
2024-12-15 00:00:00,731.79,-0.053
2024-12-15 00:30:00,732.27,-0.051
2024-12-15 01:00:00,732.94,-0.05
2024-12-15 01:30:00,734.15,-0.05
2024-12-15 02:00:00,734.53,-0.05
2024-12-15 02:30:00,734.61,-0.048
2024-12-15 03:00:00,734.73,-0.047
2024-12-15 03:30:00,734.93,-0.048
2024-12-15 04:00:00,735.04,-0.047
2024-12-15 04:30:00,735.06,-0.045
2024-12-15 05:00:00,735.22,-0.045
2024-12-15 05:30:00,735.88,-0.044
2024-12-15 06:00:00,735.95,-0.045
2024-12-15 06:30:00,736.6,-0.045
2024-12-15 07:00:00,736.76,-0.045
2024-12-15 07:30:00,736.73,-0.043
2024-12-15 08:00:00,736.66,-0.045
2024-12-15 08:30:00,736.68,-0.044
2024-12-15 09:00:00,736.62,-0.042
2024-12-15 09:30:00,736.77,-0.041
2024-12-15 10:00:00,736.94,-0.042
2024-12-15 10:30:00,737.56,-0.039
2024-12-15 11:00:00,737.6,-0.041
2024-12-15 11:30:00,737.55,-0.039
2024-12-15 12:00:00,737.69,-0.038
2024-12-15 12:30:00,737.7,-0.039
2024-12-15 13:00:00,737.89,-0.037
2024-12-15 13:30:00,737.92,-0.037
2024-12-15 14:00:00,738.47,-0.037
2024-12-15 14:30:00,738.59,-0.036
2024-12-15 15:00:00,738.63,-0.035
2024-12-15 15:30:00,738.69,-0.035
2024-12-15 16:00:00,738.7,-0.034
2024-12-15 16:30:00,738.89,-0.033
2024-12-15 17:00:00,739.06,-0.032
2024-12-15 17:30:00,739.23,-0.033
2024-12-15 18:00:00,739.38,-0.031
2024-12-15 18:30:00,739.27,-0.034
2024-12-15 19:00:00,739.33,-0.031
2024-12-15 19:30:00,739.21,-0.032
2024-12-15 20:00:00,739.16,-0.031
2024-12-15 20:30:00,739.23,-0.03
2024-12-15 21:00:00,739.26,-0.029
2024-12-15 21:30:00,739.21,-0.029
2024-12-15 22:00:00,739.21,-0.028
2024-12-15 22:30:00,739.45,-0.03
2024-12-15 23:00:00,739.47,-0.028
2024-12-15 23:30:00,739.61,-0.028
2024-12-16 00:00:00,739.72,-0.028
2024-12-16 00:30:00,739.73,-0.027
2024-12-16 01:00:00,739.7,-0.028
2024-12-16 01:30:00,739.78,-0.028
2024-12-16 02:00:00,740.05,-0.025
2024-12-16 02:30:00,740.11,-0.027
2024-12-16 03:00:00,740.3,-0.028
2024-12-16 03:30:00,740.3,-0.025
2024-12-16 04:00:00,740.36,-0.026
2024-12-16 04:30:00,740.29,-0.024
2024-12-16 05:00:00,740.37,-0.025
2024-12-16 05:30:00,740.47,-0.023
2024-12-16 06:00:00,740.64,-0.024
2024-12-16 06:30:00,740.66,-0.025
2024-12-16 07:00:00,740.52,-0.023
2024-12-16 07:30:00,740.36,-0.024
2024-12-16 08:00:00,740.38,-0.024
2024-12-16 08:30:00,740.22,-0.024
2024-12-16 09:00:00,740.07,-0.023
2024-12-16 09:30:00,740.24,-0.022
2024-12-16 10:00:00,740.17,-0.023
2024-12-16 10:30:00,740.18,-0.023
2024-12-16 11:00:00,740.14,-0.024
2024-12-16 11:30:00,740.02,-0.021
2024-12-16 12:00:00,739.97,-0.021
2024-12-16 12:30:00,740.01,-0.02
2024-12-16 13:00:00,739.84,-0.02
2024-12-16 13:30:00,739.77,-0.021
2024-12-16 14:00:00,739.63,-0.023
2024-12-16 14:30:00,739.5,-0.021
2024-12-16 15:00:00,739.5,-0.021
2024-12-16 15:30:00,739.31,-0.021
2024-12-16 16:00:00,739.51,-0.019
2024-12-16 16:30:00,739.59,-0.019
2024-12-16 17:00:00,739.62,-0.018
2024-12-16 17:30:00,739.53,-0.02
2024-12-16 18:00:00,739.55,-0.02
2024-12-16 18:30:00,739.73,-0.018
2024-12-16 19:00:00,739.51,-0.019
2024-12-16 19:30:00,739.24,-0.018
2024-12-16 20:00:00,738.96,-0.021
2024-12-16 20:30:00,738.73,-0.019
2024-12-16 21:00:00,738.42,-0.019
2024-12-16 21:30:00,738.14,-0.019
2024-12-16 22:00:00,738.27,-0.02
2024-12-16 22:30:00,738.45,-0.018
2024-12-16 23:00:00,738.17,-0.019
2024-12-16 23:30:00,738.25,-0.02
2024-12-17 00:00:00,738.39,-0.02
2024-12-17 00:30:00,738.34,-0.017
2024-12-17 01:00:00,738.3,-0.019
2024-12-17 01:30:00,738.31,-0.02
2024-12-17 02:00:00,738.3,-0.02
2024-12-17 02:30:00,738.28,-0.023
2024-12-17 03:00:00,738.14,-0.024
2024-12-17 03:30:00,738.05,-0.025
2024-12-17 04:00:00,738.41,-0.022
2024-12-17 04:30:00,738.28,-0.024
2024-12-17 05:00:00,738.51,-0.021
2024-12-17 05:30:00,738.42,-0.019
2024-12-17 06:00:00,738.31,-0.02
2024-12-17 06:30:00,738.57,-0.018
2024-12-17 07:00:00,738.94,-0.018
2024-12-17 07:30:00,739.16,-0.017
2024-12-17 08:00:00,739.2,-0.017
2024-12-17 08:30:00,740.02,-0.017
2024-12-17 09:00:00,740.27,-0.015
2024-12-17 09:30:00,740.02,-0.016
2024-12-17 10:00:00,740.1,-0.016
2024-12-17 10:30:00,740.24,-0.016
2024-12-17 11:00:00,740.22,-0.017
2024-12-17 11:30:00,740.25,-0.017
2024-12-17 12:00:00,740.36,-0.016
2024-12-17 12:30:00,740.45,-0.014
2024-12-17 13:00:00,740.42,-0.014
2024-12-17 13:30:00,740.42,-0.016
2024-12-17 14:00:00,740.69,-0.014
2024-12-17 14:30:00,740.94,-0.013
2024-12-17 15:00:00,741.13,-0.013
2024-12-17 15:30:00,741.38,-0.013
2024-12-17 16:00:00,741.69,-0.012
2024-12-17 16:30:00,742.11,-0.013
2024-12-17 17:00:00,742.53,-0.013
2024-12-17 17:30:00,743.09,-0.01
2024-12-17 18:00:00,743.76,-0.012
2024-12-17 18:30:00,743.88,-0.012
2024-12-17 19:00:00,743.88,-0.014
2024-12-17 19:30:00,743.77,-0.012
2024-12-17 20:00:00,743.56,-0.012
2024-12-17 20:30:00,743.51,-0.012
2024-12-17 21:00:00,743.39,-0.012
2024-12-17 21:30:00,743.51,-0.011
2024-12-17 22:00:00,743.62,-0.01
2024-12-17 22:30:00,743.65,-0.012
2024-12-17 23:00:00,743.69,-0.013
2024-12-17 23:30:00,743.78,-0.012
2024-12-18 00:00:00,743.91,-0.011
2024-12-18 00:30:00,744.1,-0.01
2024-12-18 01:00:00,744.31,-0.012
2024-12-18 01:30:00,745.05,-0.01
2024-12-18 02:00:00,745.29,-0.011
2024-12-18 02:30:00,745.52,-0.009
2024-12-18 03:00:00,745.71,-0.008
2024-12-18 03:30:00,745.91,-0.011
2024-12-18 04:00:00,745.99,-0.009
2024-12-18 04:30:00,745.93,-0.009
2024-12-18 05:00:00,745.93,-0.009
2024-12-18 05:30:00,745.91,-0.009
2024-12-18 06:00:00,746.02,-0.009
2024-12-18 06:30:00,746.02,-0.01
2024-12-18 07:00:00,745.98,-0.01
2024-12-18 07:30:00,745.85,-0.009
2024-12-18 08:00:00,745.92,-0.009
2024-12-18 08:30:00,746.06,-0.008
2024-12-18 09:00:00,746.05,-0.007
2024-12-18 09:30:00,746.05,-0.008
2024-12-18 10:00:00,746.16,-0.006
2024-12-18 10:30:00,746.27,-0.008
2024-12-18 11:00:00,746.2,-0.008
2024-12-18 11:30:00,746.17,-0.009
2024-12-18 12:00:00,746.11,-0.01
2024-12-18 12:30:00,746.11,-0.009
2024-12-18 13:00:00,746.16,-0.008
2024-12-18 13:30:00,746.29,-0.008
2024-12-18 14:00:00,746.32,-0.008
2024-12-18 14:30:00,746.32,-0.007
2024-12-18 15:00:00,746.39,-0.011
2024-12-18 15:30:00,746.45,-0.01
2024-12-18 16:00:00,746.56,-0.011
2024-12-18 16:30:00,746.7,-0.01
2024-12-18 17:00:00,746.84,-0.01
2024-12-18 17:30:00,746.92,-0.008
2024-12-18 18:00:00,746.95,-0.009
2024-12-18 18:30:00,746.93,-0.008
2024-12-18 19:00:00,746.77,-0.009
2024-12-18 19:30:00,746.62,-0.009
2024-12-18 20:00:00,746.39,-0.009
2024-12-18 20:30:00,746.16,-0.009
2024-12-18 21:00:00,745.93,-0.009
2024-12-18 21:30:00,745.76,-0.01
2024-12-18 22:00:00,745.54,-0.008
2024-12-18 22:30:00,745.5,-0.009
2024-12-18 23:00:00,745.46,-0.01
2024-12-18 23:30:00,745.49,-0.01
2024-12-19 00:00:00,745.49,-0.01
2024-12-19 00:30:00,745.41,-0.01
2024-12-19 01:00:00,745.38,-0.009
2024-12-19 01:30:00,745.42,-0.011
2024-12-19 02:00:00,745.39,-0.008
2024-12-19 02:30:00,745.4,-0.009
2024-12-19 03:00:00,745.46,-0.009
2024-12-19 03:30:00,745.48,-0.009
2024-12-19 04:00:00,745.5,-0.009
2024-12-19 04:30:00,745.53,-0.01
2024-12-19 05:00:00,745.57,-0.007
2024-12-19 05:30:00,745.56,-0.008
2024-12-19 06:00:00,745.53,-0.008
2024-12-19 06:30:00,745.48,-0.007
2024-12-19 07:00:00,745.54,-0.007
2024-12-19 07:30:00,745.41,-0.007
2024-12-19 08:00:00,745.26,-0.009
2024-12-19 08:30:00,745.12,-0.006
2024-12-19 09:00:00,745.07,-0.006
2024-12-19 09:30:00,744.97,-0.008
2024-12-19 10:00:00,744.92,-0.008
2024-12-19 10:30:00,744.89,-0.008
2024-12-19 11:00:00,744.78,-0.008
2024-12-19 11:30:00,744.68,-0.008
2024-12-19 12:00:00,744.54,-0.009
2024-12-19 12:30:00,744.46,-0.008
2024-12-19 13:00:00,744.39,-0.006
2024-12-19 13:30:00,744.42,-0.006
2024-12-19 14:00:00,744.42,-0.005
2024-12-19 14:30:00,744.44,-0.007
2024-12-19 15:00:00,744.53,-0.006
2024-12-19 15:30:00,744.57,-0.005
2024-12-19 16:00:00,744.72,-0.006
2024-12-19 16:30:00,744.73,-0.006
2024-12-19 17:00:00,744.74,-0.006
2024-12-19 17:30:00,744.82,-0.006
2024-12-19 18:00:00,744.79,-0.005
2024-12-19 18:30:00,744.73,-0.004
2024-12-19 19:00:00,744.61,-0.004
2024-12-19 19:30:00,744.43,-0.004
2024-12-19 20:00:00,744.22,-0.005
2024-12-19 20:30:00,744.02,-0.006
2024-12-19 21:00:00,743.88,-0.004
2024-12-19 21:30:00,743.72,-0.007
2024-12-19 22:00:00,743.61,-0.005
2024-12-19 22:30:00,743.61,-0.005
2024-12-19 23:00:00,743.62,-0.004
2024-12-19 23:30:00,743.64,-0.004
2024-12-20 00:00:00,743.59,-0.005
2024-12-20 00:30:00,743.55,-0.004
2024-12-20 01:00:00,743.5,-0.004
2024-12-20 01:30:00,743.49,-0.004
2024-12-20 02:00:00,743.42,-0.003
2024-12-20 02:30:00,743.31,-0.003
2024-12-20 03:00:00,743.35,-0.004
2024-12-20 03:30:00,743.41,-0.002
2024-12-20 04:00:00,743.44,-0.003
2024-12-20 04:30:00,743.36,-0.002
2024-12-20 05:00:00,743.34,-0.003
2024-12-20 05:30:00,743.35,-0.002
2024-12-20 06:00:00,743.32,-0.001
2024-12-20 06:30:00,743.34,-0.002
2024-12-20 07:00:00,743.28,-0.001
2024-12-20 07:30:00,743.18,-0.0
2024-12-20 08:00:00,743.09,-0.002
2024-12-20 08:30:00,742.96,-0.002
2024-12-20 09:00:00,742.9,0.0
2024-12-20 09:30:00,742.97,0.0
2024-12-20 10:00:00,743.01,-0.002
2024-12-20 10:30:00,742.85,-0.002
2024-12-20 11:00:00,742.81,0.001
2024-12-20 11:30:00,742.76,-0.0
2024-12-20 12:00:00,742.68,0.002
2024-12-20 12:30:00,742.61,-0.001
2024-12-20 13:00:00,742.52,0.0
2024-12-20 13:30:00,742.41,0.001
2024-12-20 14:00:00,742.38,0.001
2024-12-20 14:30:00,742.38,-0.001
2024-12-20 15:00:00,742.48,-0.001
2024-12-20 15:30:00,742.58,0.002
2024-12-20 16:00:00,742.69,0.001
2024-12-20 16:30:00,742.66,0.0
2024-12-20 17:00:00,742.72,-0.0
2024-12-20 17:30:00,742.78,-0.001
2024-12-20 18:00:00,742.77,0.002
2024-12-20 18:30:00,742.67,0.001
2024-12-20 19:00:00,742.51,0.002
2024-12-20 19:30:00,742.29,0.003
2024-12-20 20:00:00,742.04,0.003
2024-12-20 20:30:00,741.85,0.003
2024-12-20 21:00:00,741.78,0.002
2024-12-20 21:30:00,741.52,0.001
2024-12-20 22:00:00,741.61,0.002
2024-12-20 22:30:00,741.75,0.002
2024-12-20 23:00:00,741.74,0.003
2024-12-20 23:30:00,741.71,0.004
2024-12-21 00:00:00,741.72,0.003
2024-12-21 00:30:00,741.74,0.003
2024-12-21 01:00:00,741.68,0.005
2024-12-21 01:30:00,741.78,0.004
2024-12-21 02:00:00,741.87,0.005
2024-12-21 02:30:00,741.92,0.006
2024-12-21 03:00:00,741.99,0.003
2024-12-21 03:30:00,741.89,0.003
2024-12-21 04:00:00,741.87,0.003
2024-12-21 04:30:00,741.82,0.001
2024-12-21 05:00:00,741.75,0.003
2024-12-21 05:30:00,741.74,0.004
2024-12-21 06:00:00,741.68,0.002
2024-12-21 06:30:00,741.54,0.003
2024-12-21 07:00:00,741.35,0.003
2024-12-21 07:30:00,741.28,0.001
2024-12-21 08:00:00,741.19,0.001
2024-12-21 08:30:00,741.04,0.003
2024-12-21 09:00:00,740.92,0.003
2024-12-21 09:30:00,740.98,0.003
2024-12-21 10:00:00,740.6,0.003
2024-12-21 10:30:00,740.8,0.003
2024-12-21 11:00:00,740.65,0.003
2024-12-21 11:30:00,740.52,0.002
2024-12-21 12:00:00,740.53,0.002
2024-12-21 12:30:00,740.35,0.002
2024-12-21 13:00:00,740.37,0.003
2024-12-21 13:30:00,740.41,0.002
2024-12-21 14:00:00,740.28,0.001
2024-12-21 14:30:00,740.21,0.002
2024-12-21 15:00:00,740.2,0.001
2024-12-21 15:30:00,740.28,0.003
2024-12-21 16:00:00,740.25,0.001
2024-12-21 16:30:00,740.38,0.003
2024-12-21 17:00:00,740.23,0.002
2024-12-21 17:30:00,740.49,0.002
2024-12-21 18:00:00,740.57,0.002
2024-12-21 18:30:00,740.54,0.003
2024-12-21 19:00:00,740.34,0.003
2024-12-21 19:30:00,740.06,0.004
2024-12-21 20:00:00,739.74,0.003
2024-12-21 20:30:00,739.57,0.005
2024-12-21 21:00:00,739.68,0.003
2024-12-21 21:30:00,739.46,0.005
2024-12-21 22:00:00,739.28,0.006
2024-12-21 22:30:00,739.32,0.004
2024-12-21 23:00:00,739.35,0.004
2024-12-21 23:30:00,739.59,0.005
2024-12-22 00:00:00,739.6,0.005
2024-12-22 00:30:00,739.55,0.004
2024-12-22 01:00:00,739.5,0.006
2024-12-22 01:30:00,739.53,0.003
2024-12-22 02:00:00,739.32,0.003
2024-12-22 02:30:00,739.41,0.004
2024-12-22 03:00:00,739.51,0.004
2024-12-22 03:30:00,739.48,0.005
2024-12-22 04:00:00,739.36,0.004
2024-12-22 04:30:00,739.35,0.002
2024-12-22 05:00:00,739.43,0.003
2024-12-22 05:30:00,739.31,0.004
2024-12-22 06:00:00,739.25,0.004
2024-12-22 06:30:00,739.22,0.003
2024-12-22 07:00:00,739.19,0.004
2024-12-22 07:30:00,738.96,0.004
2024-12-22 08:00:00,738.91,0.005
2024-12-22 08:30:00,738.74,0.005
2024-12-22 09:00:00,738.47,0.004
2024-12-22 09:30:00,738.48,0.004
2024-12-22 10:00:00,738.41,0.005
2024-12-22 10:30:00,738.38,0.006
2024-12-22 11:00:00,738.32,0.007
2024-12-22 11:30:00,738.16,0.007
2024-12-22 12:00:00,738.06,0.005
2024-12-22 12:30:00,738.07,0.007
2024-12-22 13:00:00,738.06,0.006
2024-12-22 13:30:00,738.02,0.006
2024-12-22 14:00:00,738.03,0.007
2024-12-22 14:30:00,737.9,0.007
2024-12-22 15:00:00,737.98,0.006
2024-12-22 15:30:00,738.1,0.008
2024-12-22 16:00:00,738.31,0.006
2024-12-22 16:30:00,738.5,0.007
2024-12-22 17:00:00,738.62,0.007
2024-12-22 17:30:00,738.79,0.006
2024-12-22 18:00:00,738.85,0.006
2024-12-22 18:30:00,738.96,0.009
2024-12-22 19:00:00,738.91,0.009
2024-12-22 19:30:00,738.64,0.009
2024-12-22 20:00:00,738.45,0.008
2024-12-22 20:30:00,738.45,0.007
2024-12-22 21:00:00,738.4,0.007
2024-12-22 21:30:00,738.25,0.009
2024-12-22 22:00:00,738.14,0.009
2024-12-22 22:30:00,738.29,0.009
2024-12-22 23:00:00,738.27,0.009
2024-12-22 23:30:00,738.5,0.009
2024-12-23 00:00:00,739.5,0.009
2024-12-23 00:30:00,739.68,0.01
2024-12-23 01:00:00,739.82,0.01
2024-12-23 01:30:00,739.99,0.01
2024-12-23 02:00:00,739.92,0.013
2024-12-23 02:30:00,739.8,0.014
2024-12-23 03:00:00,739.85,0.017
2024-12-23 03:30:00,739.84,0.017
2024-12-23 04:00:00,739.84,0.018
2024-12-23 04:30:00,739.9,0.02
2024-12-23 05:00:00,739.99,0.019
2024-12-23 05:30:00,740.22,0.02
2024-12-23 06:00:00,739.9,0.021
2024-12-23 06:30:00,740.0,0.02
2024-12-23 07:00:00,739.96,0.022
2024-12-23 07:30:00,740.01,0.021
2024-12-23 08:00:00,740.04,0.024
2024-12-23 08:30:00,739.99,0.024
2024-12-23 09:00:00,739.96,0.023
2024-12-23 09:30:00,739.88,0.027
2024-12-23 10:00:00,739.82,0.024
2024-12-23 10:30:00,739.99,0.025
2024-12-23 11:00:00,739.84,0.024
2024-12-23 11:30:00,739.9,0.022
2024-12-23 12:00:00,739.75,0.021
2024-12-23 12:30:00,739.64,0.019
2024-12-23 13:00:00,739.6,0.018
2024-12-23 13:30:00,739.71,0.017
2024-12-23 14:00:00,739.86,0.017
2024-12-23 14:30:00,740.06,0.017
2024-12-23 15:00:00,740.12,0.017
2024-12-23 15:30:00,740.19,0.017
2024-12-23 16:00:00,740.21,0.015
2024-12-23 16:30:00,740.24,0.014
2024-12-23 17:00:00,740.43,0.015
2024-12-23 17:30:00,740.54,0.014
2024-12-23 18:00:00,740.48,0.014
2024-12-23 18:30:00,740.65,0.014
2024-12-23 19:00:00,740.79,0.013
2024-12-23 19:30:00,740.78,0.013
2024-12-23 20:00:00,740.81,0.012
2024-12-23 20:30:00,740.56,0.013
2024-12-23 21:00:00,740.58,0.012
2024-12-23 21:30:00,740.55,0.013
2024-12-23 22:00:00,740.61,0.011
2024-12-23 22:30:00,740.56,0.012
2024-12-23 23:00:00,740.53,0.012
2024-12-23 23:30:00,740.63,0.012
2024-12-24 00:00:00,740.68,0.012
2024-12-24 00:30:00,740.59,0.01
2024-12-24 01:00:00,740.6,0.013
2024-12-24 01:30:00,740.68,0.014
2024-12-24 02:00:00,740.58,0.01
2024-12-24 02:30:00,740.66,0.01
2024-12-24 03:00:00,740.59,0.01
2024-12-24 03:30:00,740.46,0.01
2024-12-24 04:00:00,740.4,0.01
2024-12-24 04:30:00,740.34,0.011
2024-12-24 05:00:00,740.32,0.01
2024-12-24 05:30:00,740.32,0.01
2024-12-24 06:00:00,740.23,0.01
2024-12-24 06:30:00,740.14,0.011
2024-12-24 07:00:00,740.12,0.008
2024-12-24 07:30:00,739.82,0.008
2024-12-24 08:00:00,739.47,0.01
2024-12-24 08:30:00,739.26,0.009
2024-12-24 09:00:00,739.07,0.011
2024-12-24 09:30:00,738.86,0.01
2024-12-24 10:00:00,738.84,0.008
2024-12-24 10:30:00,738.46,0.01
2024-12-24 11:00:00,738.57,0.008
2024-12-24 11:30:00,738.26,0.008
2024-12-24 12:00:00,737.8,0.01
2024-12-24 12:30:00,737.8,0.006
2024-12-24 13:00:00,737.63,0.009
2024-12-24 13:30:00,737.37,0.009
2024-12-24 14:00:00,737.1,0.008
2024-12-24 14:30:00,736.78,0.008
2024-12-24 15:00:00,736.72,0.008
2024-12-24 15:30:00,736.05,0.009
2024-12-24 16:00:00,735.39,0.006
2024-12-24 16:30:00,734.96,0.009
2024-12-24 17:00:00,734.55,0.006
2024-12-24 17:30:00,733.58,0.006
2024-12-24 18:00:00,734.11,0.007
2024-12-24 18:30:00,734.71,0.007
2024-12-24 19:00:00,734.76,0.006
2024-12-24 19:30:00,733.93,0.005
2024-12-24 20:00:00,733.29,0.006
2024-12-24 20:30:00,732.35,0.007
2024-12-24 21:00:00,732.04,0.007
2024-12-24 21:30:00,731.89,0.006
2024-12-24 22:00:00,731.92,0.005
2024-12-24 22:30:00,732.27,0.008
2024-12-24 23:00:00,732.58,0.008
2024-12-24 23:30:00,732.49,0.007
2024-12-25 00:00:00,732.53,0.01
2024-12-25 00:30:00,732.08,0.012
2024-12-25 01:00:00,731.74,0.013
2024-12-25 01:30:00,732.19,0.012
2024-12-25 02:00:00,732.62,0.01
2024-12-25 02:30:00,733.01,0.012
2024-12-25 03:00:00,733.18,0.012
2024-12-25 03:30:00,733.46,0.012
2024-12-25 04:00:00,733.52,0.013
2024-12-25 04:30:00,733.56,0.015
2024-12-25 05:00:00,733.77,0.015
2024-12-25 05:30:00,733.74,0.012
2024-12-25 06:00:00,733.61,0.013
2024-12-25 06:30:00,733.53,0.012
2024-12-25 07:00:00,733.66,0.012
2024-12-25 07:30:00,733.91,0.015
2024-12-25 08:00:00,733.65,0.013
2024-12-25 08:30:00,733.2,0.013
2024-12-25 09:00:00,733.17,0.014
2024-12-25 09:30:00,733.43,0.014
2024-12-25 10:00:00,734.33,0.013
2024-12-25 10:30:00,734.31,0.013
2024-12-25 11:00:00,734.53,0.014
2024-12-25 11:30:00,734.64,0.017
2024-12-25 12:00:00,734.43,0.016
2024-12-25 12:30:00,734.47,0.017
2024-12-25 13:00:00,734.45,0.016
2024-12-25 13:30:00,734.47,0.017
2024-12-25 14:00:00,734.83,0.016
2024-12-25 14:30:00,735.08,0.017
2024-12-25 15:00:00,735.56,0.016
2024-12-25 15:30:00,735.62,0.016
2024-12-25 16:00:00,735.5,0.017
2024-12-25 16:30:00,735.77,0.017
2024-12-25 17:00:00,735.75,0.017
2024-12-25 17:30:00,735.65,0.015
2024-12-25 18:00:00,735.78,0.015
2024-12-25 18:30:00,735.75,0.016
2024-12-25 19:00:00,735.7,0.017
2024-12-25 19:30:00,735.41,0.017
2024-12-25 20:00:00,735.3,0.018
2024-12-25 20:30:00,735.34,0.017
2024-12-25 21:00:00,735.62,0.017
2024-12-25 21:30:00,735.39,0.017
2024-12-25 22:00:00,735.39,0.015
2024-12-25 22:30:00,735.43,0.017
2024-12-25 23:00:00,735.5,0.017
2024-12-25 23:30:00,735.66,0.015
2024-12-26 00:00:00,735.72,0.017
2024-12-26 00:30:00,735.8,0.017
2024-12-26 01:00:00,735.96,0.016
2024-12-26 01:30:00,735.92,0.017
2024-12-26 02:00:00,736.08,0.017
2024-12-26 02:30:00,736.29,0.018
2024-12-26 03:00:00,736.15,0.017
2024-12-26 03:30:00,736.23,0.016
2024-12-26 04:00:00,736.17,0.018
2024-12-26 04:30:00,736.46,0.016
2024-12-26 05:00:00,737.62,0.017
2024-12-26 05:30:00,737.74,0.017
2024-12-26 06:00:00,737.84,0.018
2024-12-26 06:30:00,737.57,0.018
2024-12-26 07:00:00,737.65,0.017
2024-12-26 07:30:00,737.76,0.016
2024-12-26 08:00:00,737.64,0.018
2024-12-26 08:30:00,737.26,0.017
2024-12-26 09:00:00,737.13,0.016
2024-12-26 09:30:00,737.88,0.017
2024-12-26 10:00:00,737.9,0.017
2024-12-26 10:30:00,737.76,0.017
2024-12-26 11:00:00,737.62,0.017
2024-12-26 11:30:00,737.31,0.017
2024-12-26 12:00:00,737.22,0.016
2024-12-26 12:30:00,737.09,0.018
2024-12-26 13:00:00,736.95,0.017
2024-12-26 13:30:00,736.87,0.018
2024-12-26 14:00:00,737.1,0.02
2024-12-26 14:30:00,737.06,0.017
2024-12-26 15:00:00,737.38,0.019
2024-12-26 15:30:00,737.13,0.016
2024-12-26 16:00:00,736.62,0.017
2024-12-26 16:30:00,736.46,0.019
2024-12-26 17:00:00,736.96,0.017
2024-12-26 17:30:00,737.36,0.019
2024-12-26 18:00:00,737.34,0.019
2024-12-26 18:30:00,736.98,0.018
2024-12-26 19:00:00,736.59,0.017
2024-12-26 19:30:00,736.73,0.016
2024-12-26 20:00:00,736.64,0.018
2024-12-26 20:30:00,736.57,0.018
2024-12-26 21:00:00,736.11,0.018
2024-12-26 21:30:00,736.45,0.018
2024-12-26 22:00:00,736.59,0.017
2024-12-26 22:30:00,736.17,0.02
2024-12-26 23:00:00,736.01,0.019
2024-12-26 23:30:00,736.15,0.02
2024-12-27 00:00:00,735.91,0.018
2024-12-27 00:30:00,735.94,0.02
2024-12-27 01:00:00,735.69,0.02
2024-12-27 01:30:00,735.63,0.02
2024-12-27 02:00:00,735.34,0.02
2024-12-27 02:30:00,735.42,0.019
2024-12-27 03:00:00,735.47,0.02
2024-12-27 03:30:00,735.12,0.022
2024-12-27 04:00:00,734.79,0.02
2024-12-27 04:30:00,734.58,0.022
2024-12-27 05:00:00,734.08,0.02
2024-12-27 05:30:00,733.88,0.018
2024-12-27 06:00:00,733.78,0.022
2024-12-27 06:30:00,734.09,0.022
2024-12-27 07:00:00,734.0,0.021
2024-12-27 07:30:00,734.03,0.023
2024-12-27 08:00:00,733.96,0.024
2024-12-27 08:30:00,733.6,0.021
2024-12-27 09:00:00,733.46,0.021
2024-12-27 09:30:00,733.35,0.022
2024-12-27 10:00:00,733.4,0.022
2024-12-27 10:30:00,733.45,0.021
2024-12-27 11:00:00,733.49,0.024
2024-12-27 11:30:00,733.4,0.024
2024-12-27 12:00:00,732.96,0.021
2024-12-27 12:30:00,732.63,0.021
2024-12-27 13:00:00,732.12,0.021
2024-12-27 13:30:00,732.92,0.021
2024-12-27 14:00:00,733.12,0.024
2024-12-27 14:30:00,733.4,0.023
2024-12-27 15:00:00,733.6,0.024
2024-12-27 15:30:00,734.26,0.026
2024-12-27 16:00:00,734.24,0.028
2024-12-27 16:30:00,734.58,0.027
2024-12-27 17:00:00,734.96,0.029
2024-12-27 17:30:00,735.05,0.025
2024-12-27 18:00:00,735.31,0.024
2024-12-27 18:30:00,735.74,0.023
2024-12-27 19:00:00,735.92,0.027
2024-12-27 19:30:00,735.91,0.028
2024-12-27 20:00:00,735.87,0.029
2024-12-27 20:30:00,736.01,0.027
2024-12-27 21:00:00,736.1,0.028
2024-12-27 21:30:00,736.29,0.031
2024-12-27 22:00:00,736.46,0.035
2024-12-27 22:30:00,736.66,0.038
2024-12-27 23:00:00,736.95,0.036
2024-12-27 23:30:00,737.18,0.035
2024-12-28 00:00:00,737.51,0.038
2024-12-28 00:30:00,737.92,0.038
2024-12-28 01:00:00,738.3,0.038
2024-12-28 01:30:00,738.68,0.037
2024-12-28 02:00:00,738.98,0.036
2024-12-28 02:30:00,739.1,0.037
2024-12-28 03:00:00,739.32,0.038
2024-12-28 03:30:00,739.37,0.038
2024-12-28 04:00:00,739.58,0.036
2024-12-28 04:30:00,739.9,0.037
2024-12-28 05:00:00,740.17,0.036
2024-12-28 05:30:00,740.26,0.037
2024-12-28 06:00:00,740.19,0.035
2024-12-28 06:30:00,740.17,0.036
2024-12-28 07:00:00,740.14,0.036
2024-12-28 07:30:00,740.26,0.036
2024-12-28 08:00:00,740.3,0.035
2024-12-28 08:30:00,740.33,0.036
2024-12-28 09:00:00,740.18,0.034
2024-12-28 09:30:00,740.15,0.035
2024-12-28 10:00:00,740.07,0.035
2024-12-28 10:30:00,740.12,0.035
2024-12-28 11:00:00,739.96,0.034
2024-12-28 11:30:00,740.1,0.035
2024-12-28 12:00:00,740.02,0.034
2024-12-28 12:30:00,740.0,0.034
2024-12-28 13:00:00,740.0,0.035
2024-12-28 13:30:00,740.1,0.036
2024-12-28 14:00:00,740.31,0.034
2024-12-28 14:30:00,740.5,0.033
2024-12-28 15:00:00,740.46,0.032
2024-12-28 15:30:00,740.43,0.034
2024-12-28 16:00:00,740.6,0.036
2024-12-28 16:30:00,740.8,0.035
2024-12-28 17:00:00,740.92,0.037
2024-12-28 17:30:00,740.95,0.036
2024-12-28 18:00:00,741.08,0.036
2024-12-28 18:30:00,741.15,0.033
2024-12-28 19:00:00,741.1,0.034
2024-12-28 19:30:00,740.9,0.031
2024-12-28 20:00:00,740.82,0.033
2024-12-28 20:30:00,740.79,0.034
2024-12-28 21:00:00,740.7,0.034
2024-12-28 21:30:00,740.56,0.034
2024-12-28 22:00:00,740.59,0.035
2024-12-28 22:30:00,740.55,0.035
2024-12-28 23:00:00,740.46,0.036
2024-12-28 23:30:00,740.52,0.035
2024-12-29 00:00:00,740.51,0.035
2024-12-29 00:30:00,740.42,0.034
2024-12-29 01:00:00,740.43,0.034
2024-12-29 01:30:00,740.35,0.033
2024-12-29 02:00:00,740.53,0.037
2024-12-29 02:30:00,740.46,0.034
2024-12-29 03:00:00,740.48,0.034
2024-12-29 03:30:00,740.53,0.035
2024-12-29 04:00:00,740.59,0.035
2024-12-29 04:30:00,740.5,0.035
2024-12-29 05:00:00,740.45,0.035
2024-12-29 05:30:00,740.46,0.036
2024-12-29 06:00:00,740.39,0.035
2024-12-29 06:30:00,740.43,0.035
2024-12-29 07:00:00,740.32,0.035
2024-12-29 07:30:00,740.19,0.036
2024-12-29 08:00:00,740.06,0.037
2024-12-29 08:30:00,739.98,0.036
2024-12-29 09:00:00,739.97,0.035
2024-12-29 09:30:00,739.72,0.036
2024-12-29 10:00:00,739.84,0.038
2024-12-29 10:30:00,739.85,0.038
2024-12-29 11:00:00,739.69,0.037
2024-12-29 11:30:00,739.52,0.036
2024-12-29 12:00:00,739.17,0.038
2024-12-29 12:30:00,738.9,0.036
2024-12-29 13:00:00,738.66,0.037
2024-12-29 13:30:00,738.48,0.037
2024-12-29 14:00:00,738.43,0.036
2024-12-29 14:30:00,738.15,0.037
2024-12-29 15:00:00,737.82,0.039
2024-12-29 15:30:00,737.77,0.038
2024-12-29 16:00:00,737.51,0.038
2024-12-29 16:30:00,737.51,0.038
2024-12-29 17:00:00,737.37,0.04
2024-12-29 17:30:00,737.28,0.04
2024-12-29 18:00:00,737.31,0.04
2024-12-29 18:30:00,737.02,0.039
2024-12-29 19:00:00,736.88,0.038
2024-12-29 19:30:00,736.57,0.041
2024-12-29 20:00:00,736.77,0.037
2024-12-29 20:30:00,737.04,0.038
2024-12-29 21:00:00,737.05,0.037
2024-12-29 21:30:00,736.43,0.037
2024-12-29 22:00:00,736.94,0.038
2024-12-29 22:30:00,736.55,0.038
2024-12-29 23:00:00,736.46,0.038
2024-12-29 23:30:00,736.91,0.041
2024-12-30 00:00:00,736.77,0.041
2024-12-30 00:30:00,737.01,0.041
2024-12-30 01:00:00,737.14,0.042
2024-12-30 01:30:00,737.11,0.041
2024-12-30 02:00:00,737.32,0.039
2024-12-30 02:30:00,737.17,0.041
2024-12-30 03:00:00,737.49,0.04
2024-12-30 03:30:00,737.69,0.042
2024-12-30 04:00:00,738.1,0.044
2024-12-30 04:30:00,737.81,0.046
2024-12-30 05:00:00,738.03,0.044
2024-12-30 05:30:00,738.14,0.043
2024-12-30 06:00:00,738.27,0.044
2024-12-30 06:30:00,738.44,0.046
2024-12-30 07:00:00,738.44,0.045
2024-12-30 07:30:00,738.44,0.05
2024-12-30 08:00:00,738.32,0.049
2024-12-30 08:30:00,738.38,0.05
2024-12-30 09:00:00,738.39,0.05
2024-12-30 09:30:00,738.47,0.05
2024-12-30 10:00:00,738.53,0.051
2024-12-30 10:30:00,738.56,0.048
2024-12-30 11:00:00,738.59,0.05
2024-12-30 11:30:00,738.52,0.05
2024-12-30 12:00:00,738.52,0.05
2024-12-30 12:30:00,738.46,0.049
2024-12-30 13:00:00,738.45,0.05
2024-12-30 13:30:00,738.45,0.048
2024-12-30 14:00:00,738.62,0.048
2024-12-30 14:30:00,739.14,0.049
2024-12-30 15:00:00,739.25,0.05
2024-12-30 15:30:00,739.36,0.049
2024-12-30 16:00:00,739.53,0.048
2024-12-30 16:30:00,739.67,0.047
2024-12-30 17:00:00,739.83,0.049
2024-12-30 17:30:00,740.09,0.049
2024-12-30 18:00:00,740.11,0.048
2024-12-30 18:30:00,739.93,0.047
2024-12-30 19:00:00,739.73,0.049
2024-12-30 19:30:00,739.51,0.047
2024-12-30 20:00:00,739.31,0.049
2024-12-30 20:30:00,739.19,0.049
2024-12-30 21:00:00,739.21,0.047
2024-12-30 21:30:00,739.07,0.046
2024-12-30 22:00:00,738.93,0.048
2024-12-30 22:30:00,738.98,0.048
2024-12-30 23:00:00,738.99,0.048
2024-12-30 23:30:00,738.99,0.047
2024-12-31 00:00:00,738.89,0.047
2024-12-31 00:30:00,738.65,0.046
2024-12-31 01:00:00,738.6,0.046
2024-12-31 01:30:00,738.46,0.047
2024-12-31 02:00:00,738.35,0.047
2024-12-31 02:30:00,738.22,0.048
2024-12-31 03:00:00,738.09,0.047
2024-12-31 03:30:00,738.16,0.047
2024-12-31 04:00:00,738.14,0.052
2024-12-31 04:30:00,738.03,0.05
2024-12-31 05:00:00,738.13,0.045
2024-12-31 05:30:00,738.1,0.045
2024-12-31 06:00:00,738.19,0.043
2024-12-31 06:30:00,738.07,0.042
2024-12-31 07:00:00,737.94,0.042
2024-12-31 07:30:00,737.99,0.044
2024-12-31 08:00:00,737.83,0.043
2024-12-31 08:30:00,737.62,0.043
2024-12-31 09:00:00,737.69,0.043
2024-12-31 09:30:00,737.75,0.043
2024-12-31 10:00:00,737.83,0.043
2024-12-31 10:30:00,737.85,0.043
2024-12-31 11:00:00,737.77,0.042
2024-12-31 11:30:00,737.74,0.043
2024-12-31 12:00:00,737.66,0.043
2024-12-31 12:30:00,737.59,0.043
2024-12-31 13:00:00,737.42,0.044
2024-12-31 13:30:00,737.5,0.044
2024-12-31 14:00:00,737.73,0.044
2024-12-31 14:30:00,737.82,0.044
2024-12-31 15:00:00,737.74,0.043
2024-12-31 15:30:00,737.98,0.042
2024-12-31 16:00:00,738.18,0.042
2024-12-31 16:30:00,738.25,0.042
2024-12-31 17:00:00,738.44,0.04
2024-12-31 17:30:00,738.52,0.042
2024-12-31 18:00:00,738.69,0.041
2024-12-31 18:30:00,738.57,0.04
2024-12-31 19:00:00,738.5,0.043
2024-12-31 19:30:00,738.3,0.043
2024-12-31 20:00:00,738.08,0.042
2024-12-31 20:30:00,738.06,0.04
2024-12-31 21:00:00,738.0,0.04
2024-12-31 21:30:00,737.88,0.042
2024-12-31 22:00:00,737.88,0.04
2024-12-31 22:30:00,737.89,0.04
2024-12-31 23:00:00,737.96,0.04
2024-12-31 23:30:00,737.99,0.042
2025-01-01 00:00:00,737.88,0.041
2025-01-01 00:30:00,737.98,0.039
2025-01-01 01:00:00,737.98,0.041
2025-01-01 01:30:00,737.9,0.042
2025-01-01 02:00:00,738.07,0.041
2025-01-01 02:30:00,738.2,0.041
2025-01-01 03:00:00,738.3,0.042
2025-01-01 03:30:00,738.27,0.041
2025-01-01 04:00:00,738.13,0.042
2025-01-01 04:30:00,738.21,0.04
2025-01-01 05:00:00,738.47,0.043
2025-01-01 05:30:00,738.36,0.04
2025-01-01 06:00:00,738.49,0.04
2025-01-01 06:30:00,738.61,0.041
2025-01-01 07:00:00,738.66,0.041
2025-01-01 07:30:00,738.6,0.041
2025-01-01 08:00:00,738.69,0.04
2025-01-01 08:30:00,738.5,0.041
2025-01-01 09:00:00,738.58,0.042
2025-01-01 09:30:00,738.56,0.041
2025-01-01 10:00:00,738.62,0.039
2025-01-01 10:30:00,738.77,0.038
2025-01-01 11:00:00,738.6,0.037
2025-01-01 11:30:00,738.58,0.04
2025-01-01 12:00:00,738.67,0.041
2025-01-01 12:30:00,738.75,0.042
2025-01-01 13:00:00,738.74,0.042
2025-01-01 13:30:00,738.81,0.04
2025-01-01 14:00:00,738.89,0.041
2025-01-01 14:30:00,739.12,0.041
2025-01-01 15:00:00,739.22,0.042
2025-01-01 15:30:00,739.25,0.041
2025-01-01 16:00:00,739.44,0.041
2025-01-01 16:30:00,739.51,0.041
2025-01-01 17:00:00,739.73,0.044
2025-01-01 17:30:00,739.82,0.041
2025-01-01 18:00:00,739.99,0.041
2025-01-01 18:30:00,740.1,0.041
2025-01-01 19:00:00,740.03,0.04
2025-01-01 19:30:00,739.71,0.042
2025-01-01 20:00:00,739.57,0.04
2025-01-01 20:30:00,739.48,0.041
2025-01-01 21:00:00,739.32,0.041
2025-01-01 21:30:00,739.25,0.042
2025-01-01 22:00:00,739.21,0.041
2025-01-01 22:30:00,739.3,0.043
2025-01-01 23:00:00,739.47,0.042
2025-01-01 23:30:00,739.49,0.042
2025-01-02 00:00:00,739.47,0.044
2025-01-02 00:30:00,739.48,0.043
2025-01-02 01:00:00,739.47,0.041
2025-01-02 01:30:00,739.61,0.044
2025-01-02 02:00:00,739.63,0.046
2025-01-02 02:30:00,739.8,0.043
2025-01-02 03:00:00,739.88,0.044
2025-01-02 03:30:00,739.97,0.044
2025-01-02 04:00:00,739.99,0.046
2025-01-02 04:30:00,740.13,0.044
2025-01-02 05:00:00,740.27,0.045
2025-01-02 05:30:00,740.36,0.044
2025-01-02 06:00:00,740.44,0.043
2025-01-02 06:30:00,740.62,0.047
2025-01-02 07:00:00,740.67,0.044
2025-01-02 07:30:00,740.74,0.047
2025-01-02 08:00:00,740.85,0.045
2025-01-02 08:30:00,740.95,0.046
2025-01-02 09:00:00,741.09,0.044
2025-01-02 09:30:00,741.07,0.044
2025-01-02 10:00:00,741.19,0.043
2025-01-02 10:30:00,741.28,0.044
2025-01-02 11:00:00,741.48,0.044
2025-01-02 11:30:00,741.5,0.044
2025-01-02 12:00:00,741.4,0.045
2025-01-02 12:30:00,741.32,0.044
2025-01-02 13:00:00,741.29,0.044
2025-01-02 13:30:00,741.33,0.044
2025-01-02 14:00:00,741.32,0.046
2025-01-02 14:30:00,741.34,0.044
2025-01-02 15:00:00,741.42,0.043
2025-01-02 15:30:00,741.53,0.046
2025-01-02 16:00:00,741.56,0.046
2025-01-02 16:30:00,741.63,0.046
2025-01-02 17:00:00,741.74,0.047
2025-01-02 17:30:00,741.99,0.046
2025-01-02 18:00:00,742.03,0.046
2025-01-02 18:30:00,741.98,0.045
2025-01-02 19:00:00,741.85,0.046
2025-01-02 19:30:00,741.71,0.045
2025-01-02 20:00:00,741.35,0.044
2025-01-02 20:30:00,741.13,0.045
2025-01-02 21:00:00,740.98,0.045
2025-01-02 21:30:00,740.84,0.044
2025-01-02 22:00:00,740.74,0.044
2025-01-02 22:30:00,740.71,0.045
2025-01-02 23:00:00,740.74,0.043
2025-01-02 23:30:00,740.67,0.046
2025-01-03 00:00:00,740.62,0.046
2025-01-03 00:30:00,740.53,0.045
2025-01-03 01:00:00,740.45,0.044
2025-01-03 01:30:00,740.39,0.044
2025-01-03 02:00:00,740.34,0.046
2025-01-03 02:30:00,740.23,0.044
2025-01-03 03:00:00,740.1,0.046
2025-01-03 03:30:00,740.1,0.047
2025-01-03 04:00:00,740.09,0.047
2025-01-03 04:30:00,740.0,0.047
2025-01-03 05:00:00,739.88,0.048
2025-01-03 05:30:00,739.73,0.048
2025-01-03 06:00:00,739.83,0.047
2025-01-03 06:30:00,739.66,0.047
2025-01-03 07:00:00,739.53,0.047
2025-01-03 07:30:00,739.46,0.046
2025-01-03 08:00:00,739.39,0.045
2025-01-03 08:30:00,739.37,0.045
2025-01-03 09:00:00,739.18,0.046
2025-01-03 09:30:00,739.2,0.048
2025-01-03 10:00:00,739.0,0.047
2025-01-03 10:30:00,738.95,0.047
2025-01-03 11:00:00,738.97,0.046
2025-01-03 11:30:00,738.61,0.047
2025-01-03 12:00:00,738.26,0.047
2025-01-03 12:30:00,738.23,0.048
2025-01-03 13:00:00,737.92,0.049
2025-01-03 13:30:00,737.61,0.047
2025-01-03 14:00:00,737.67,0.049
2025-01-03 14:30:00,737.64,0.05
2025-01-03 15:00:00,737.46,0.046
2025-01-03 15:30:00,737.48,0.047
2025-01-03 16:00:00,737.72,0.047
2025-01-03 16:30:00,737.49,0.049
2025-01-03 17:00:00,737.43,0.049
2025-01-03 17:30:00,737.49,0.047
2025-01-03 18:00:00,737.31,0.047
2025-01-03 18:30:00,737.54,0.048
2025-01-03 19:00:00,737.07,0.049
2025-01-03 19:30:00,736.25,0.047
2025-01-03 20:00:00,735.73,0.048
2025-01-03 20:30:00,735.16,0.049
2025-01-03 21:00:00,734.57,0.048
2025-01-03 21:30:00,733.78,0.048
2025-01-03 22:00:00,733.19,0.046
2025-01-03 22:30:00,732.14,0.046
2025-01-03 23:00:00,732.67,0.045
2025-01-03 23:30:00,733.12,0.046
2025-01-04 00:00:00,733.16,0.049
2025-01-04 00:30:00,733.04,0.049
2025-01-04 01:00:00,732.94,0.048
2025-01-04 01:30:00,733.01,0.047
2025-01-04 02:00:00,733.18,0.047
2025-01-04 02:30:00,733.6,0.05
2025-01-04 03:00:00,733.53,0.051
2025-01-04 03:30:00,733.31,0.049
2025-01-04 04:00:00,733.49,0.05
2025-01-04 04:30:00,733.58,0.05
2025-01-04 05:00:00,733.52,0.049
2025-01-04 05:30:00,733.5,0.049
2025-01-04 06:00:00,733.65,0.049
2025-01-04 06:30:00,734.16,0.048
2025-01-04 07:00:00,734.13,0.05
2025-01-04 07:30:00,733.91,0.054
2025-01-04 08:00:00,733.89,0.051
2025-01-04 08:30:00,733.84,0.05
2025-01-04 09:00:00,733.75,0.05
2025-01-04 09:30:00,733.96,0.048
2025-01-04 10:00:00,734.24,0.048
2025-01-04 10:30:00,734.58,0.049
2025-01-04 11:00:00,734.79,0.05
2025-01-04 11:30:00,734.68,0.049
2025-01-04 12:00:00,734.76,0.05
2025-01-04 12:30:00,734.8,0.05
2025-01-04 13:00:00,735.14,0.05
2025-01-04 13:30:00,735.14,0.051
2025-01-04 14:00:00,735.27,0.049
2025-01-04 14:30:00,735.28,0.051
2025-01-04 15:00:00,735.43,0.05
2025-01-04 15:30:00,735.71,0.052
2025-01-04 16:00:00,735.91,0.052
2025-01-04 16:30:00,736.34,0.051
2025-01-04 17:00:00,736.51,0.052
2025-01-04 17:30:00,736.71,0.05
2025-01-04 18:00:00,736.91,0.051
2025-01-04 18:30:00,737.01,0.054
2025-01-04 19:00:00,736.96,0.051
2025-01-04 19:30:00,736.8,0.051
2025-01-04 20:00:00,737.0,0.051
2025-01-04 20:30:00,736.92,0.052
2025-01-04 21:00:00,736.85,0.051
2025-01-04 21:30:00,736.89,0.049
2025-01-04 22:00:00,736.93,0.049
2025-01-04 22:30:00,736.92,0.049
2025-01-04 23:00:00,737.03,0.051
2025-01-04 23:30:00,737.19,0.05
2025-01-05 00:00:00,737.14,0.05
2025-01-05 00:30:00,737.1,0.049
2025-01-05 01:00:00,737.64,0.051
2025-01-05 01:30:00,738.0,0.048
2025-01-05 02:00:00,738.21,0.051
2025-01-05 02:30:00,738.38,0.05
2025-01-05 03:00:00,738.51,0.051
2025-01-05 03:30:00,738.64,0.05
2025-01-05 04:00:00,738.81,0.051
2025-01-05 04:30:00,738.92,0.049
2025-01-05 05:00:00,738.98,0.051
2025-01-05 05:30:00,739.12,0.049
2025-01-05 06:00:00,739.51,0.049
2025-01-05 06:30:00,739.7,0.051
2025-01-05 07:00:00,739.92,0.049
2025-01-05 07:30:00,740.07,0.051
2025-01-05 08:00:00,740.09,0.048
2025-01-05 08:30:00,740.12,0.049
2025-01-05 09:00:00,740.03,0.047
2025-01-05 09:30:00,740.11,0.049
2025-01-05 10:00:00,740.01,0.048
2025-01-05 10:30:00,739.99,0.049
2025-01-05 11:00:00,740.0,0.049
2025-01-05 11:30:00,739.86,0.049
2025-01-05 12:00:00,739.78,0.049
2025-01-05 12:30:00,739.71,0.049
2025-01-05 13:00:00,739.75,0.05
2025-01-05 13:30:00,739.93,0.05
2025-01-05 14:00:00,739.84,0.049
2025-01-05 14:30:00,740.04,0.052
2025-01-05 15:00:00,740.17,0.05
2025-01-05 15:30:00,740.12,0.048
2025-01-05 16:00:00,740.21,0.05
2025-01-05 16:30:00,740.34,0.048
2025-01-05 17:00:00,740.5,0.05
2025-01-05 17:30:00,740.73,0.049
2025-01-05 18:00:00,740.98,0.05
2025-01-05 18:30:00,741.04,0.049
2025-01-05 19:00:00,740.93,0.05
2025-01-05 19:30:00,740.9,0.05
2025-01-05 20:00:00,740.68,0.05
2025-01-05 20:30:00,740.62,0.049
2025-01-05 21:00:00,740.64,0.05
2025-01-05 21:30:00,740.46,0.052
2025-01-05 22:00:00,740.42,0.049
2025-01-05 22:30:00,740.49,0.051
2025-01-05 23:00:00,740.66,0.052
2025-01-05 23:30:00,740.65,0.051
2025-01-06 00:00:00,740.7,0.049
2025-01-06 00:30:00,740.78,0.052
2025-01-06 01:00:00,740.83,0.05
2025-01-06 01:30:00,740.9,0.048
2025-01-06 02:00:00,740.93,0.052
2025-01-06 02:30:00,740.94,0.05
2025-01-06 03:00:00,740.96,0.051
2025-01-06 03:30:00,741.02,0.051
2025-01-06 04:00:00,741.12,0.05
2025-01-06 04:30:00,741.22,0.049
2025-01-06 05:00:00,741.26,0.051
2025-01-06 05:30:00,741.36,0.05
2025-01-06 06:00:00,741.37,0.05
2025-01-06 06:30:00,741.4,0.051
2025-01-06 07:00:00,741.21,0.052
2025-01-06 07:30:00,741.21,0.049
2025-01-06 08:00:00,740.98,0.049
2025-01-06 08:30:00,740.93,0.05
2025-01-06 09:00:00,740.76,0.052
2025-01-06 09:30:00,740.56,0.051
2025-01-06 10:00:00,740.39,0.052
2025-01-06 10:30:00,740.25,0.051
2025-01-06 11:00:00,740.03,0.051
2025-01-06 11:30:00,739.95,0.052
2025-01-06 12:00:00,739.69,0.051
2025-01-06 12:30:00,739.44,0.051
2025-01-06 13:00:00,739.56,0.053
2025-01-06 13:30:00,739.35,0.05
2025-01-06 14:00:00,739.39,0.051
2025-01-06 14:30:00,739.16,0.053
2025-01-06 15:00:00,739.08,0.052
2025-01-06 15:30:00,739.16,0.052
2025-01-06 16:00:00,739.14,0.051
2025-01-06 16:30:00,739.19,0.052
2025-01-06 17:00:00,739.23,0.051
2025-01-06 17:30:00,739.28,0.053
2025-01-06 18:00:00,739.16,0.052
2025-01-06 18:30:00,739.08,0.053
2025-01-06 19:00:00,738.86,0.053
2025-01-06 19:30:00,738.58,0.052
2025-01-06 20:00:00,738.22,0.051
2025-01-06 20:30:00,737.87,0.054
2025-01-06 21:00:00,737.54,0.054
2025-01-06 21:30:00,737.35,0.054
2025-01-06 22:00:00,737.03,0.053
2025-01-06 22:30:00,736.85,0.054
2025-01-06 23:00:00,736.75,0.053
2025-01-06 23:30:00,736.82,0.052
2025-01-07 00:00:00,736.65,0.053
2025-01-07 00:30:00,736.69,0.054
2025-01-07 01:00:00,736.69,0.053
2025-01-07 01:30:00,736.61,0.051
2025-01-07 02:00:00,736.64,0.051
2025-01-07 02:30:00,736.69,0.053
2025-01-07 03:00:00,736.7,0.052
2025-01-07 03:30:00,736.74,0.052
2025-01-07 04:00:00,736.79,0.053
2025-01-07 04:30:00,736.66,0.051
2025-01-07 05:00:00,736.55,0.052
2025-01-07 05:30:00,736.63,0.052
2025-01-07 06:00:00,736.63,0.051
2025-01-07 06:30:00,736.75,0.052
2025-01-07 07:00:00,737.15,0.052
2025-01-07 07:30:00,736.95,0.053
2025-01-07 08:00:00,736.7,0.05
2025-01-07 08:30:00,736.71,0.05
2025-01-07 09:00:00,736.51,0.051
2025-01-07 09:30:00,736.75,0.05
2025-01-07 10:00:00,736.8,0.051
2025-01-07 10:30:00,736.6,0.05
2025-01-07 11:00:00,736.56,0.049
2025-01-07 11:30:00,736.86,0.05
2025-01-07 12:00:00,736.42,0.048
2025-01-07 12:30:00,736.35,0.047
2025-01-07 13:00:00,735.8,0.046
2025-01-07 13:30:00,736.04,0.047
2025-01-07 14:00:00,736.45,0.046
2025-01-07 14:30:00,736.82,0.047
2025-01-07 15:00:00,737.17,0.044
2025-01-07 15:30:00,737.21,0.043
2025-01-07 16:00:00,737.37,0.043
2025-01-07 16:30:00,737.38,0.043
2025-01-07 17:00:00,737.75,0.043
2025-01-07 17:30:00,737.88,0.045
2025-01-07 18:00:00,737.98,0.044
2025-01-07 18:30:00,737.97,0.041
2025-01-07 19:00:00,737.87,0.043
2025-01-07 19:30:00,737.84,0.042
2025-01-07 20:00:00,737.7,0.042
2025-01-07 20:30:00,737.4,0.043
2025-01-07 21:00:00,737.47,0.043
2025-01-07 21:30:00,737.3,0.042
2025-01-07 22:00:00,737.09,0.04
2025-01-07 22:30:00,737.1,0.043
2025-01-07 23:00:00,737.32,0.04
2025-01-07 23:30:00,737.22,0.04
2025-01-08 00:00:00,737.09,0.037
2025-01-08 00:30:00,737.33,0.036
2025-01-08 01:00:00,737.36,0.038
2025-01-08 01:30:00,737.47,0.035
2025-01-08 02:00:00,737.54,0.033
2025-01-08 02:30:00,737.53,0.035
2025-01-08 03:00:00,737.6,0.033
2025-01-08 03:30:00,737.51,0.031
2025-01-08 04:00:00,737.13,0.031
2025-01-08 04:30:00,737.41,0.03
2025-01-08 05:00:00,737.87,0.026
2025-01-08 05:30:00,738.26,0.03
2025-01-08 06:00:00,738.18,0.029
2025-01-08 06:30:00,738.71,0.029
2025-01-08 07:00:00,738.82,0.03
2025-01-08 07:30:00,739.11,0.029
2025-01-08 08:00:00,739.03,0.026
2025-01-08 08:30:00,738.67,0.024
2025-01-08 09:00:00,738.8,0.025
2025-01-08 09:30:00,738.62,0.027
2025-01-08 10:00:00,738.3,0.029
2025-01-08 10:30:00,738.35,0.029
2025-01-08 11:00:00,738.25,0.03
2025-01-08 11:30:00,738.14,0.032
2025-01-08 12:00:00,737.97,0.035
2025-01-08 12:30:00,738.02,0.036
2025-01-08 13:00:00,738.16,0.034
2025-01-08 13:30:00,738.3,0.036
2025-01-08 14:00:00,738.47,0.037
2025-01-08 14:30:00,738.58,0.036
2025-01-08 15:00:00,738.45,0.037
2025-01-08 15:30:00,738.65,0.037
2025-01-08 16:00:00,738.67,0.041
2025-01-08 16:30:00,738.92,0.041
2025-01-08 17:00:00,739.38,0.042
2025-01-08 17:30:00,739.65,0.041
2025-01-08 18:00:00,740.18,0.041
2025-01-08 18:30:00,740.09,0.041
2025-01-08 19:00:00,740.36,0.041
2025-01-08 19:30:00,740.15,0.04
2025-01-08 20:00:00,739.89,0.041
2025-01-08 20:30:00,739.7,0.041
2025-01-08 21:00:00,739.43,0.041
2025-01-08 21:30:00,739.5,0.043
2025-01-08 22:00:00,739.65,0.044
2025-01-08 22:30:00,739.78,0.045
2025-01-08 23:00:00,739.87,0.044
2025-01-08 23:30:00,739.87,0.044
2025-01-09 00:00:00,739.73,0.044
2025-01-09 00:30:00,739.79,0.045
2025-01-09 01:00:00,739.95,0.043
2025-01-09 01:30:00,739.88,0.044
2025-01-09 02:00:00,740.02,0.046
2025-01-09 02:30:00,740.26,0.044
2025-01-09 03:00:00,740.29,0.045
2025-01-09 03:30:00,740.1,0.046
2025-01-09 04:00:00,740.23,0.046
2025-01-09 04:30:00,740.21,0.044
2025-01-09 05:00:00,740.23,0.047
2025-01-09 05:30:00,740.04,0.046
2025-01-09 06:00:00,739.99,0.044
2025-01-09 06:30:00,740.23,0.046
2025-01-09 07:00:00,740.06,0.048
2025-01-09 07:30:00,740.01,0.046
2025-01-09 08:00:00,739.74,0.049
2025-01-09 08:30:00,739.71,0.043
2025-01-09 09:00:00,739.62,0.045
2025-01-09 09:30:00,739.6,0.044
2025-01-09 10:00:00,739.83,0.045
2025-01-09 10:30:00,740.0,0.044
2025-01-09 11:00:00,739.98,0.046
2025-01-09 11:30:00,739.9,0.044
2025-01-09 12:00:00,739.95,0.046
2025-01-09 12:30:00,739.85,0.044
2025-01-09 13:00:00,739.83,0.043
2025-01-09 13:30:00,739.85,0.044
2025-01-09 14:00:00,739.77,0.039
2025-01-09 14:30:00,739.77,0.042
2025-01-09 15:00:00,739.98,0.041
2025-01-09 15:30:00,740.03,0.043
2025-01-09 16:00:00,740.22,0.043
2025-01-09 16:30:00,740.25,0.043
2025-01-09 17:00:00,740.57,0.043
2025-01-09 17:30:00,740.88,0.042
2025-01-09 18:00:00,741.02,0.043
2025-01-09 18:30:00,741.03,0.043
2025-01-09 19:00:00,740.92,0.04
2025-01-09 19:30:00,740.71,0.043
2025-01-09 20:00:00,740.6,0.042
2025-01-09 20:30:00,740.34,0.042
2025-01-09 21:00:00,740.19,0.045
2025-01-09 21:30:00,739.95,0.043
2025-01-09 22:00:00,740.07,0.044
2025-01-09 22:30:00,740.1,0.045
2025-01-09 23:00:00,740.21,0.045
2025-01-09 23:30:00,740.22,0.045
2025-01-10 00:00:00,740.18,0.045
2025-01-10 00:30:00,740.34,0.044
2025-01-10 01:00:00,740.58,0.044
2025-01-10 01:30:00,740.81,0.043
2025-01-10 02:00:00,740.85,0.042
2025-01-10 02:30:00,740.85,0.044
2025-01-10 03:00:00,740.81,0.044
2025-01-10 03:30:00,740.83,0.044
2025-01-10 04:00:00,740.89,0.045
2025-01-10 04:30:00,741.14,0.045
2025-01-10 05:00:00,741.58,0.045
2025-01-10 05:30:00,741.73,0.045
2025-01-10 06:00:00,741.95,0.045
2025-01-10 06:30:00,742.14,0.043
2025-01-10 07:00:00,742.39,0.046
2025-01-10 07:30:00,742.75,0.046
2025-01-10 08:00:00,742.62,0.044
2025-01-10 08:30:00,742.46,0.045
2025-01-10 09:00:00,742.5,0.044
2025-01-10 09:30:00,742.56,0.046
2025-01-10 10:00:00,742.47,0.044
2025-01-10 10:30:00,742.39,0.045
2025-01-10 11:00:00,742.35,0.044
2025-01-10 11:30:00,742.52,0.043
2025-01-10 12:00:00,742.65,0.043
2025-01-10 12:30:00,742.52,0.043
2025-01-10 13:00:00,742.54,0.041
2025-01-10 13:30:00,742.54,0.044
2025-01-10 14:00:00,742.6,0.042
2025-01-10 14:30:00,742.48,0.041
2025-01-10 15:00:00,742.56,0.043
2025-01-10 15:30:00,742.69,0.042
2025-01-10 16:00:00,742.85,0.045
2025-01-10 16:30:00,742.82,0.039
2025-01-10 17:00:00,742.9,0.042
2025-01-10 17:30:00,742.89,0.044
2025-01-10 18:00:00,743.07,0.041
2025-01-10 18:30:00,743.07,0.043
2025-01-10 19:00:00,742.96,0.043
2025-01-10 19:30:00,742.65,0.041
2025-01-10 20:00:00,742.31,0.043
2025-01-10 20:30:00,742.05,0.043
2025-01-10 21:00:00,742.07,0.043
2025-01-10 21:30:00,741.97,0.043
2025-01-10 22:00:00,741.76,0.045
2025-01-10 22:30:00,741.61,0.043
2025-01-10 23:00:00,741.48,0.044
2025-01-10 23:30:00,741.43,0.043
2025-01-11 00:00:00,741.36,0.044
2025-01-11 00:30:00,741.26,0.042
2025-01-11 01:00:00,740.97,0.044
2025-01-11 01:30:00,740.88,0.045
2025-01-11 02:00:00,740.89,0.044
2025-01-11 02:30:00,740.9,0.043
2025-01-11 03:00:00,740.65,0.046
2025-01-11 03:30:00,740.71,0.045
2025-01-11 04:00:00,740.67,0.046
2025-01-11 04:30:00,740.67,0.044
2025-01-11 05:00:00,740.56,0.046
2025-01-11 05:30:00,740.32,0.045
2025-01-11 06:00:00,740.23,0.047
2025-01-11 06:30:00,740.01,0.045
2025-01-11 07:00:00,739.89,0.046
2025-01-11 07:30:00,739.56,0.046
2025-01-11 08:00:00,739.35,0.044
2025-01-11 08:30:00,739.07,0.044
2025-01-11 09:00:00,738.57,0.043
2025-01-11 09:30:00,738.45,0.041
2025-01-11 10:00:00,738.31,0.04
2025-01-11 10:30:00,738.07,0.038
2025-01-11 11:00:00,737.91,0.035
2025-01-11 11:30:00,737.74,0.033
2025-01-11 12:00:00,737.47,0.029
2025-01-11 12:30:00,737.27,0.026
2025-01-11 13:00:00,737.47,0.028
2025-01-11 13:30:00,737.8,0.033
2025-01-11 14:00:00,737.86,0.039
2025-01-11 14:30:00,737.97,0.039
2025-01-11 15:00:00,737.95,0.041
2025-01-11 15:30:00,737.91,0.039
2025-01-11 16:00:00,738.0,0.033
2025-01-11 16:30:00,737.91,0.029
2025-01-11 17:00:00,737.85,0.019
2025-01-11 17:30:00,737.84,0.015
2025-01-11 18:00:00,737.7,0.013
2025-01-11 18:30:00,737.45,0.012
2025-01-11 19:00:00,737.33,0.013
2025-01-11 19:30:00,736.97,0.012
2025-01-11 20:00:00,736.49,0.013
2025-01-11 20:30:00,736.08,0.013
2025-01-11 21:00:00,735.94,0.012
2025-01-11 21:30:00,735.7,0.011
2025-01-11 22:00:00,735.75,0.013
2025-01-11 22:30:00,735.65,0.016
2025-01-11 23:00:00,735.7,0.018
2025-01-11 23:30:00,735.68,0.019
2025-01-12 00:00:00,736.05,0.019
2025-01-12 00:30:00,735.96,0.022
2025-01-12 01:00:00,735.86,0.02
2025-01-12 01:30:00,736.1,0.016
2025-01-12 02:00:00,736.23,0.012
2025-01-12 02:30:00,736.11,0.011
2025-01-12 03:00:00,736.13,0.012
2025-01-12 03:30:00,736.19,0.013
2025-01-12 04:00:00,735.88,0.011
2025-01-12 04:30:00,735.56,0.01
2025-01-12 05:00:00,735.3,0.008
2025-01-12 05:30:00,735.46,0.009
2025-01-12 06:00:00,735.89,0.007
2025-01-12 06:30:00,735.89,0.006
2025-01-12 07:00:00,735.93,0.004
2025-01-12 07:30:00,735.87,0.003
2025-01-12 08:00:00,735.76,0.001
2025-01-12 08:30:00,735.34,0.0
2025-01-12 09:00:00,735.1,-0.001
2025-01-12 09:30:00,734.96,-0.002
2025-01-12 10:00:00,734.85,-0.0
2025-01-12 10:30:00,734.95,-0.002
2025-01-12 11:00:00,734.81,-0.005
2025-01-12 11:30:00,734.61,-0.009
2025-01-12 12:00:00,734.46,-0.009
2025-01-12 12:30:00,734.37,-0.011
2025-01-12 13:00:00,734.08,-0.01
2025-01-12 13:30:00,733.86,-0.014
2025-01-12 14:00:00,733.95,-0.017
2025-01-12 14:30:00,734.0,-0.018
2025-01-12 15:00:00,734.02,-0.022
2025-01-12 15:30:00,734.2,-0.026
2025-01-12 16:00:00,734.38,-0.027
2025-01-12 16:30:00,734.37,-0.031
2025-01-12 17:00:00,734.51,-0.033
2025-01-12 17:30:00,734.72,-0.035
2025-01-12 18:00:00,734.56,-0.038
2025-01-12 18:30:00,734.4,-0.037
2025-01-12 19:00:00,734.18,-0.033
2025-01-12 19:30:00,733.93,-0.031
2025-01-12 20:00:00,733.84,-0.027
2025-01-12 20:30:00,733.89,-0.026
2025-01-12 21:00:00,733.85,-0.026
2025-01-12 21:30:00,733.75,-0.023
2025-01-12 22:00:00,733.56,-0.024
2025-01-12 22:30:00,733.58,-0.025
2025-01-12 23:00:00,733.6,-0.023
2025-01-12 23:30:00,733.77,-0.021
2025-01-13 00:00:00,733.69,-0.023
2025-01-13 00:30:00,733.2,-0.023
2025-01-13 01:00:00,733.64,-0.022
2025-01-13 01:30:00,733.58,-0.023
2025-01-13 02:00:00,733.6,-0.027
2025-01-13 02:30:00,733.46,-0.03
2025-01-13 03:00:00,733.58,-0.036
2025-01-13 03:30:00,733.54,-0.039
2025-01-13 04:00:00,733.4,-0.045
2025-01-13 04:30:00,733.2,-0.044
2025-01-13 05:00:00,733.09,-0.046
2025-01-13 05:30:00,733.07,-0.048
2025-01-13 06:00:00,733.19,-0.052
2025-01-13 06:30:00,733.15,-0.055
2025-01-13 07:00:00,733.18,-0.054
2025-01-13 07:30:00,733.39,-0.055
2025-01-13 08:00:00,733.3,-0.054
2025-01-13 08:30:00,733.38,-0.057
2025-01-13 09:00:00,733.44,-0.057
2025-01-13 09:30:00,733.66,-0.053
2025-01-13 10:00:00,733.68,-0.048
2025-01-13 10:30:00,733.6,-0.046
2025-01-13 11:00:00,733.68,-0.047
2025-01-13 11:30:00,733.67,-0.044
2025-01-13 12:00:00,733.53,-0.041
2025-01-13 12:30:00,733.39,-0.04
2025-01-13 13:00:00,733.33,-0.037
2025-01-13 13:30:00,733.37,-0.04
2025-01-13 14:00:00,733.45,-0.042
2025-01-13 14:30:00,733.87,-0.047
2025-01-13 15:00:00,734.22,-0.049
2025-01-13 15:30:00,734.58,-0.052
2025-01-13 16:00:00,735.01,-0.058
2025-01-13 16:30:00,735.2,-0.06
2025-01-13 17:00:00,735.31,-0.062
2025-01-13 17:30:00,735.51,-0.06
2025-01-13 18:00:00,735.68,-0.062
2025-01-13 18:30:00,735.86,-0.058
2025-01-13 19:00:00,735.85,-0.057
2025-01-13 19:30:00,735.81,-0.055
2025-01-13 20:00:00,735.66,-0.055
2025-01-13 20:30:00,735.58,-0.053
2025-01-13 21:00:00,735.46,-0.053
2025-01-13 21:30:00,735.38,-0.049
2025-01-13 22:00:00,735.43,-0.048
2025-01-13 22:30:00,735.58,-0.047
2025-01-13 23:00:00,735.59,-0.045
2025-01-13 23:30:00,735.64,-0.045
2025-01-14 00:00:00,735.69,-0.043
2025-01-14 00:30:00,736.04,-0.042
2025-01-14 01:00:00,736.26,-0.042
2025-01-14 01:30:00,736.52,-0.042
2025-01-14 02:00:00,736.73,-0.041
2025-01-14 02:30:00,736.89,-0.039
2025-01-14 03:00:00,737.18,-0.038
2025-01-14 03:30:00,737.5,-0.037
2025-01-14 04:00:00,737.77,-0.035
2025-01-14 04:30:00,738.08,-0.035
2025-01-14 05:00:00,738.4,-0.035
2025-01-14 05:30:00,738.63,-0.036
2025-01-14 06:00:00,738.85,-0.036
2025-01-14 06:30:00,738.99,-0.035
2025-01-14 07:00:00,738.94,-0.034
2025-01-14 07:30:00,738.96,-0.034
2025-01-14 08:00:00,738.76,-0.031
2025-01-14 08:30:00,738.59,-0.031
2025-01-14 09:00:00,738.79,-0.031
2025-01-14 09:30:00,738.9,-0.03
2025-01-14 10:00:00,738.96,-0.029
2025-01-14 10:30:00,738.88,-0.03
2025-01-14 11:00:00,738.78,-0.029
2025-01-14 11:30:00,738.68,-0.03
2025-01-14 12:00:00,738.6,-0.029
2025-01-14 12:30:00,738.59,-0.03
2025-01-14 13:00:00,738.66,-0.029
2025-01-14 13:30:00,738.87,-0.027
2025-01-14 14:00:00,738.93,-0.026
2025-01-14 14:30:00,739.14,-0.026
2025-01-14 15:00:00,739.29,-0.023
2025-01-14 15:30:00,739.57,-0.022
2025-01-14 16:00:00,739.77,-0.025
2025-01-14 16:30:00,740.06,-0.024
2025-01-14 17:00:00,740.14,-0.023
2025-01-14 17:30:00,740.29,-0.018
2025-01-14 18:00:00,740.4,-0.021
2025-01-14 18:30:00,740.6,-0.022
2025-01-14 19:00:00,740.55,-0.019
2025-01-14 19:30:00,740.51,-0.016
2025-01-14 20:00:00,740.25,-0.016
2025-01-14 20:30:00,740.02,-0.014
2025-01-14 21:00:00,739.84,-0.014
2025-01-14 21:30:00,739.69,-0.013
2025-01-14 22:00:00,739.62,-0.011
2025-01-14 22:30:00,739.59,-0.01
2025-01-14 23:00:00,739.67,-0.011
2025-01-14 23:30:00,739.75,-0.011
2025-01-15 00:00:00,739.85,-0.009
2025-01-15 00:30:00,739.96,-0.008
2025-01-15 01:00:00,739.87,-0.008
2025-01-15 01:30:00,739.95,-0.008
2025-01-15 02:00:00,739.89,-0.005
2025-01-15 02:30:00,739.76,-0.006
2025-01-15 03:00:00,739.66,-0.004
2025-01-15 03:30:00,739.69,-0.002
2025-01-15 04:00:00,739.9,-0.002
2025-01-15 04:30:00,739.96,-0.003
2025-01-15 05:00:00,740.07,-0.002
2025-01-15 05:30:00,740.16,-0.004
2025-01-15 06:00:00,740.3,-0.004
2025-01-15 06:30:00,740.43,-0.003
2025-01-15 07:00:00,740.38,-0.005
2025-01-15 07:30:00,740.42,-0.004
2025-01-15 08:00:00,740.26,-0.006
2025-01-15 08:30:00,740.12,-0.006
2025-01-15 09:00:00,740.09,-0.007
2025-01-15 09:30:00,740.08,-0.007
2025-01-15 10:00:00,740.09,-0.009
2025-01-15 10:30:00,740.07,-0.009
2025-01-15 11:00:00,740.05,-0.011
2025-01-15 11:30:00,740.02,-0.013
2025-01-15 12:00:00,739.95,-0.013
2025-01-15 12:30:00,739.9,-0.019
2025-01-15 13:00:00,739.88,-0.02
2025-01-15 13:30:00,739.74,-0.025
2025-01-15 14:00:00,739.76,-0.027
2025-01-15 14:30:00,739.81,-0.026
2025-01-15 15:00:00,739.83,-0.027
2025-01-15 15:30:00,739.88,-0.027
2025-01-15 16:00:00,739.88,-0.031
2025-01-15 16:30:00,739.95,-0.032
2025-01-15 17:00:00,740.06,-0.032
2025-01-15 17:30:00,740.22,-0.031
2025-01-15 18:00:00,740.29,-0.03
2025-01-15 18:30:00,740.3,-0.025
2025-01-15 19:00:00,740.22,-0.021
2025-01-15 19:30:00,740.05,-0.017
2025-01-15 20:00:00,739.79,-0.014
2025-01-15 20:30:00,739.7,-0.011
2025-01-15 21:00:00,739.53,-0.007
2025-01-15 21:30:00,739.3,-0.004
2025-01-15 22:00:00,739.07,-0.002
2025-01-15 22:30:00,739.01,-0.001
2025-01-15 23:00:00,738.95,0.001
2025-01-15 23:30:00,738.94,0.003
2025-01-16 00:00:00,738.89,0.005
2025-01-16 00:30:00,738.79,0.006
2025-01-16 01:00:00,738.73,0.006
2025-01-16 01:30:00,738.72,0.005
2025-01-16 02:00:00,738.74,0.007
2025-01-16 02:30:00,738.67,0.009
2025-01-16 03:00:00,738.66,0.01
2025-01-16 03:30:00,738.58,0.011
2025-01-16 04:00:00,738.6,0.011
2025-01-16 04:30:00,738.65,0.012
2025-01-16 05:00:00,738.71,0.011
2025-01-16 05:30:00,738.56,0.012
2025-01-16 06:00:00,738.53,0.012
2025-01-16 06:30:00,738.46,0.012
2025-01-16 07:00:00,738.45,0.011
2025-01-16 07:30:00,738.42,0.008
2025-01-16 08:00:00,738.32,0.007
2025-01-16 08:30:00,738.2,0.006
2025-01-16 09:00:00,738.01,0.001
2025-01-16 09:30:00,737.97,-0.0
2025-01-16 10:00:00,737.91,-0.005
2025-01-16 10:30:00,737.9,-0.011
2025-01-16 11:00:00,737.85,-0.018
2025-01-16 11:30:00,737.78,-0.025
2025-01-16 12:00:00,737.67,-0.031
2025-01-16 12:30:00,737.54,-0.037
2025-01-16 13:00:00,737.42,-0.034
2025-01-16 13:30:00,737.35,-0.036
2025-01-16 14:00:00,737.24,-0.038
2025-01-16 14:30:00,737.18,-0.041
2025-01-16 15:00:00,737.01,-0.047
2025-01-16 15:30:00,736.92,-0.048
2025-01-16 16:00:00,736.85,-0.05
2025-01-16 16:30:00,736.82,-0.055
2025-01-16 17:00:00,736.78,-0.054
2025-01-16 17:30:00,736.78,-0.053
2025-01-16 18:00:00,736.66,-0.052
2025-01-16 18:30:00,736.59,-0.05
2025-01-16 19:00:00,736.42,-0.047
2025-01-16 19:30:00,736.17,-0.046
2025-01-16 20:00:00,735.84,-0.044
2025-01-16 20:30:00,735.52,-0.04
2025-01-16 21:00:00,735.23,-0.039
2025-01-16 21:30:00,734.94,-0.037
2025-01-16 22:00:00,734.74,-0.037
2025-01-16 22:30:00,734.63,-0.036
2025-01-16 23:00:00,734.52,-0.032
2025-01-16 23:30:00,734.55,-0.03
2025-01-17 00:00:00,734.55,-0.029
2025-01-17 00:30:00,734.6,-0.026
2025-01-17 01:00:00,734.69,-0.026
2025-01-17 01:30:00,734.66,-0.026
2025-01-17 02:00:00,734.65,-0.03
2025-01-17 02:30:00,734.62,-0.03
2025-01-17 03:00:00,734.68,-0.035
2025-01-17 03:30:00,734.59,-0.038
2025-01-17 04:00:00,734.58,-0.041
2025-01-17 04:30:00,734.53,-0.047
2025-01-17 05:00:00,734.56,-0.051
2025-01-17 05:30:00,734.57,-0.056
2025-01-17 06:00:00,734.53,-0.059
2025-01-17 06:30:00,734.74,-0.061
2025-01-17 07:00:00,734.67,-0.065
2025-01-17 07:30:00,734.56,-0.066
2025-01-17 08:00:00,734.41,-0.065
2025-01-17 08:30:00,734.24,-0.064
2025-01-17 09:00:00,734.37,-0.064
2025-01-17 09:30:00,734.52,-0.068
2025-01-17 10:00:00,734.43,-0.071
2025-01-17 10:30:00,734.5,-0.075
2025-01-17 11:00:00,734.45,-0.075
2025-01-17 11:30:00,734.31,-0.076
2025-01-17 12:00:00,734.18,-0.077
2025-01-17 12:30:00,734.29,-0.077
2025-01-17 13:00:00,734.05,-0.079
2025-01-17 13:30:00,734.18,-0.079
2025-01-17 14:00:00,734.25,-0.081
2025-01-17 14:30:00,734.2,-0.082
2025-01-17 15:00:00,734.09,-0.083
2025-01-17 15:30:00,734.05,-0.083
2025-01-17 16:00:00,734.03,-0.084
2025-01-17 16:30:00,734.31,-0.084
2025-01-17 17:00:00,734.45,-0.082
2025-01-17 17:30:00,734.49,-0.084
2025-01-17 18:00:00,734.61,-0.085
2025-01-17 18:30:00,734.71,-0.082
2025-01-17 19:00:00,734.58,-0.083
2025-01-17 19:30:00,734.54,-0.084
2025-01-17 20:00:00,734.37,-0.081
2025-01-17 20:30:00,734.26,-0.078
2025-01-17 21:00:00,734.19,-0.073
2025-01-17 21:30:00,734.05,-0.074
2025-01-17 22:00:00,734.01,-0.073
2025-01-17 22:30:00,733.99,-0.071
2025-01-17 23:00:00,734.01,-0.07
2025-01-17 23:30:00,734.05,-0.066
2025-01-18 00:00:00,734.09,-0.066
2025-01-18 00:30:00,734.2,-0.065
2025-01-18 01:00:00,734.27,-0.063
2025-01-18 01:30:00,734.35,-0.063
2025-01-18 02:00:00,734.45,-0.062
2025-01-18 02:30:00,734.36,-0.065
2025-01-18 03:00:00,734.38,-0.064
2025-01-18 03:30:00,734.36,-0.064
2025-01-18 04:00:00,734.39,-0.065
2025-01-18 04:30:00,734.47,-0.067
2025-01-18 05:00:00,734.63,-0.066
2025-01-18 05:30:00,734.75,-0.068
2025-01-18 06:00:00,734.77,-0.069
2025-01-18 06:30:00,734.86,-0.07
2025-01-18 07:00:00,734.93,-0.071
2025-01-18 07:30:00,734.94,-0.069
2025-01-18 08:00:00,734.93,-0.072
2025-01-18 08:30:00,734.99,-0.073
2025-01-18 09:00:00,735.03,-0.075
2025-01-18 09:30:00,735.08,-0.075
2025-01-18 10:00:00,735.14,-0.077
2025-01-18 10:30:00,735.19,-0.077
2025-01-18 11:00:00,735.33,-0.079
2025-01-18 11:30:00,735.46,-0.081
2025-01-18 12:00:00,735.53,-0.082
2025-01-18 12:30:00,735.62,-0.085
2025-01-18 13:00:00,735.73,-0.087
2025-01-18 13:30:00,735.8,-0.088
2025-01-18 14:00:00,735.91,-0.088
2025-01-18 14:30:00,736.02,-0.093
2025-01-18 15:00:00,736.18,-0.092
2025-01-18 15:30:00,736.24,-0.093
2025-01-18 16:00:00,736.35,-0.093
2025-01-18 16:30:00,736.52,-0.091
2025-01-18 17:00:00,736.68,-0.092
2025-01-18 17:30:00,736.84,-0.092
2025-01-18 18:00:00,737.05,-0.092
2025-01-18 18:30:00,737.11,-0.089
2025-01-18 19:00:00,737.08,-0.089
2025-01-18 19:30:00,736.88,-0.088
2025-01-18 20:00:00,736.73,-0.089
2025-01-18 20:30:00,736.55,-0.087
2025-01-18 21:00:00,736.45,-0.086
2025-01-18 21:30:00,736.36,-0.085
2025-01-18 22:00:00,736.27,-0.084
2025-01-18 22:30:00,736.27,-0.081
2025-01-18 23:00:00,736.26,-0.081
2025-01-18 23:30:00,736.31,-0.078
2025-01-19 00:00:00,736.37,-0.076
2025-01-19 00:30:00,736.43,-0.075
2025-01-19 01:00:00,736.5,-0.072
2025-01-19 01:30:00,736.52,-0.072
2025-01-19 02:00:00,736.58,-0.072
2025-01-19 02:30:00,736.68,-0.072
2025-01-19 03:00:00,736.74,-0.071
2025-01-19 03:30:00,736.72,-0.073
2025-01-19 04:00:00,736.65,-0.07
2025-01-19 04:30:00,736.63,-0.073
2025-01-19 05:00:00,736.7,-0.074
2025-01-19 05:30:00,736.7,-0.073
2025-01-19 06:00:00,736.69,-0.072
2025-01-19 06:30:00,736.68,-0.072
2025-01-19 07:00:00,736.72,-0.073
2025-01-19 07:30:00,736.69,-0.075
2025-01-19 08:00:00,736.56,-0.074
2025-01-19 08:30:00,736.4,-0.075
2025-01-19 09:00:00,736.28,-0.077
2025-01-19 09:30:00,736.37,-0.076
2025-01-19 10:00:00,736.34,-0.077
2025-01-19 10:30:00,736.29,-0.077
2025-01-19 11:00:00,736.17,-0.076
2025-01-19 11:30:00,735.96,-0.077
2025-01-19 12:00:00,735.83,-0.076
2025-01-19 12:30:00,735.73,-0.079
2025-01-19 13:00:00,735.66,-0.082
2025-01-19 13:30:00,735.63,-0.082
2025-01-19 14:00:00,735.6,-0.083
2025-01-19 14:30:00,735.59,-0.085
2025-01-19 15:00:00,735.59,-0.086
2025-01-19 15:30:00,735.62,-0.087
2025-01-19 16:00:00,735.53,-0.085
2025-01-19 16:30:00,735.59,-0.086
2025-01-19 17:00:00,735.6,-0.094
2025-01-19 17:30:00,735.58,-0.096
2025-01-19 18:00:00,735.59,-0.097
2025-01-19 18:30:00,735.45,-0.096
2025-01-19 19:00:00,735.3,-0.099
2025-01-19 19:30:00,735.01,-0.098
2025-01-19 20:00:00,734.81,-0.094
2025-01-19 20:30:00,734.61,-0.093
2025-01-19 21:00:00,734.33,-0.09
2025-01-19 21:30:00,734.12,-0.089
2025-01-19 22:00:00,733.89,-0.088
2025-01-19 22:30:00,733.73,-0.085
2025-01-19 23:00:00,733.69,-0.082
2025-01-19 23:30:00,733.59,-0.082
2025-01-20 00:00:00,733.4,-0.078
2025-01-20 00:30:00,733.39,-0.075
2025-01-20 01:00:00,733.25,-0.074
2025-01-20 01:30:00,733.25,-0.074
2025-01-20 02:00:00,733.22,-0.073
2025-01-20 02:30:00,733.1,-0.071
2025-01-20 03:00:00,732.95,-0.072
2025-01-20 03:30:00,732.84,-0.072
2025-01-20 04:00:00,732.62,-0.073
2025-01-20 04:30:00,732.61,-0.075
2025-01-20 05:00:00,732.73,-0.075
2025-01-20 05:30:00,732.72,-0.077
2025-01-20 06:00:00,732.64,-0.074
2025-01-20 06:30:00,732.6,-0.073
2025-01-20 07:00:00,732.58,-0.073
2025-01-20 07:30:00,732.45,-0.073
2025-01-20 08:00:00,732.51,-0.076
2025-01-20 08:30:00,732.53,-0.077
2025-01-20 09:00:00,732.66,-0.079
2025-01-20 09:30:00,732.61,-0.083
2025-01-20 10:00:00,732.57,-0.083
2025-01-20 10:30:00,732.6,-0.083
2025-01-20 11:00:00,732.86,-0.085
2025-01-20 11:30:00,732.57,-0.087
2025-01-20 12:00:00,732.77,-0.085
2025-01-20 12:30:00,732.68,-0.088
2025-01-20 13:00:00,732.58,-0.093
2025-01-20 13:30:00,732.63,-0.095
2025-01-20 14:00:00,732.83,-0.101
2025-01-20 14:30:00,733.26,-0.101
2025-01-20 15:00:00,733.39,-0.106
2025-01-20 15:30:00,733.48,-0.102
2025-01-20 16:00:00,733.92,-0.105
2025-01-20 16:30:00,734.45,-0.107
2025-01-20 17:00:00,734.73,-0.106
2025-01-20 17:30:00,734.99,-0.104
2025-01-20 18:00:00,735.38,-0.103
2025-01-20 18:30:00,735.82,-0.103
2025-01-20 19:00:00,736.19,-0.102
2025-01-20 19:30:00,736.53,-0.101
2025-01-20 20:00:00,736.52,-0.102
2025-01-20 20:30:00,736.37,-0.104
2025-01-20 21:00:00,736.22,-0.102
2025-01-20 21:30:00,736.09,-0.099
2025-01-20 22:00:00,735.99,-0.097
2025-01-20 22:30:00,735.98,-0.096
2025-01-20 23:00:00,735.96,-0.096
2025-01-20 23:30:00,736.21,-0.094
2025-01-21 00:00:00,736.72,-0.093
2025-01-21 00:30:00,737.01,-0.091
2025-01-21 01:00:00,737.33,-0.088
2025-01-21 01:30:00,737.69,-0.089
2025-01-21 02:00:00,738.12,-0.086
2025-01-21 02:30:00,738.63,-0.086
2025-01-21 03:00:00,738.9,-0.086
2025-01-21 03:30:00,738.89,-0.086
2025-01-21 04:00:00,738.79,-0.086
2025-01-21 04:30:00,739.03,-0.087
2025-01-21 05:00:00,739.3,-0.09
2025-01-21 05:30:00,739.57,-0.093
2025-01-21 06:00:00,739.76,-0.088
2025-01-21 06:30:00,739.93,-0.088
2025-01-21 07:00:00,740.12,-0.087
2025-01-21 07:30:00,740.31,-0.087
2025-01-21 08:00:00,740.54,-0.089
2025-01-21 08:30:00,740.62,-0.089
2025-01-21 09:00:00,740.86,-0.089
2025-01-21 09:30:00,741.04,-0.089
2025-01-21 10:00:00,741.35,-0.087
2025-01-21 10:30:00,741.5,-0.09
2025-01-21 11:00:00,741.45,-0.089
2025-01-21 11:30:00,741.38,-0.092
2025-01-21 12:00:00,741.48,-0.092
2025-01-21 12:30:00,741.48,-0.092
2025-01-21 13:00:00,741.73,-0.093
2025-01-21 13:30:00,741.91,-0.093
2025-01-21 14:00:00,742.06,-0.093
2025-01-21 14:30:00,742.11,-0.095
2025-01-21 15:00:00,742.2,-0.092
2025-01-21 15:30:00,742.32,-0.094
2025-01-21 16:00:00,742.47,-0.093
2025-01-21 16:30:00,742.57,-0.092
2025-01-21 17:00:00,742.77,-0.092
2025-01-21 17:30:00,742.95,-0.093
2025-01-21 18:00:00,743.12,-0.091
2025-01-21 18:30:00,743.18,-0.09
2025-01-21 19:00:00,743.23,-0.088
2025-01-21 19:30:00,743.03,-0.092
2025-01-21 20:00:00,742.95,-0.097
2025-01-21 20:30:00,742.75,-0.095
2025-01-21 21:00:00,742.63,-0.093
2025-01-21 21:30:00,742.47,-0.095
2025-01-21 22:00:00,742.38,-0.095
2025-01-21 22:30:00,742.27,-0.091
2025-01-21 23:00:00,742.24,-0.088
2025-01-21 23:30:00,742.28,-0.086
2025-01-22 00:00:00,742.27,-0.084
2025-01-22 00:30:00,742.25,-0.082
2025-01-22 01:00:00,742.27,-0.08
2025-01-22 01:30:00,742.36,-0.078
2025-01-22 02:00:00,742.45,-0.076
2025-01-22 02:30:00,742.54,-0.076
2025-01-22 03:00:00,742.52,-0.074
2025-01-22 03:30:00,742.43,-0.075
2025-01-22 04:00:00,742.41,-0.072
2025-01-22 04:30:00,742.45,-0.072
2025-01-22 05:00:00,742.31,-0.072
2025-01-22 05:30:00,742.34,-0.072
2025-01-22 06:00:00,742.32,-0.073
2025-01-22 06:30:00,742.28,-0.073
2025-01-22 07:00:00,742.31,-0.073
2025-01-22 07:30:00,742.31,-0.073
2025-01-22 08:00:00,742.2,-0.072
2025-01-22 08:30:00,742.09,-0.072
2025-01-22 09:00:00,742.04,-0.075
2025-01-22 09:30:00,742.01,-0.074
2025-01-22 10:00:00,742.0,-0.073
2025-01-22 10:30:00,741.89,-0.073
2025-01-22 11:00:00,741.78,-0.074
2025-01-22 11:30:00,741.61,-0.075
2025-01-22 12:00:00,741.48,-0.076
2025-01-22 12:30:00,741.45,-0.076
2025-01-22 13:00:00,741.48,-0.077
2025-01-22 13:30:00,741.54,-0.077
2025-01-22 14:00:00,741.48,-0.076
2025-01-22 14:30:00,741.45,-0.078
2025-01-22 15:00:00,741.51,-0.077
2025-01-22 15:30:00,741.47,-0.076
2025-01-22 16:00:00,741.46,-0.076
2025-01-22 16:30:00,741.65,-0.075
2025-01-22 17:00:00,741.75,-0.075
2025-01-22 17:30:00,741.84,-0.076
2025-01-22 18:00:00,742.0,-0.075
2025-01-22 18:30:00,742.05,-0.076
2025-01-22 19:00:00,742.04,-0.075
2025-01-22 19:30:00,742.03,-0.074
2025-01-22 20:00:00,742.04,-0.075
2025-01-22 20:30:00,741.85,-0.071
2025-01-22 21:00:00,741.61,-0.072
2025-01-22 21:30:00,741.53,-0.07
2025-01-22 22:00:00,741.44,-0.07
2025-01-22 22:30:00,741.5,-0.062
2025-01-22 23:00:00,741.5,-0.057
2025-01-22 23:30:00,741.51,-0.063
2025-01-23 00:00:00,741.48,-0.066
2025-01-23 00:30:00,741.39,-0.065
2025-01-23 01:00:00,741.33,-0.064
2025-01-23 01:30:00,741.28,-0.062
2025-01-23 02:00:00,741.35,-0.06
2025-01-23 02:30:00,741.3,-0.059
2025-01-23 03:00:00,741.4,-0.056
2025-01-23 03:30:00,741.54,-0.055
2025-01-23 04:00:00,741.59,-0.054
2025-01-23 04:30:00,741.72,-0.053
2025-01-23 05:00:00,741.64,-0.053
2025-01-23 05:30:00,741.7,-0.053
2025-01-23 06:00:00,741.71,-0.054
2025-01-23 06:30:00,741.77,-0.056
2025-01-23 07:00:00,741.71,-0.057
2025-01-23 07:30:00,741.81,-0.055
2025-01-23 08:00:00,741.92,-0.055
2025-01-23 08:30:00,742.01,-0.056
2025-01-23 09:00:00,741.99,-0.054
2025-01-23 09:30:00,742.0,-0.054
2025-01-23 10:00:00,741.91,-0.055
2025-01-23 10:30:00,741.92,-0.052
2025-01-23 11:00:00,741.92,-0.054
2025-01-23 11:30:00,741.86,-0.053
2025-01-23 12:00:00,741.94,-0.054
2025-01-23 12:30:00,741.95,-0.054
2025-01-23 13:00:00,742.0,-0.056
2025-01-23 13:30:00,742.0,-0.054
2025-01-23 14:00:00,742.09,-0.053
2025-01-23 14:30:00,742.1,-0.054
2025-01-23 15:00:00,742.23,-0.057
2025-01-23 15:30:00,742.3,-0.057
2025-01-23 16:00:00,742.36,-0.06
2025-01-23 16:30:00,742.47,-0.06
2025-01-23 17:00:00,742.58,-0.061
2025-01-23 17:30:00,742.6,-0.061
2025-01-23 18:00:00,742.67,-0.061
2025-01-23 18:30:00,742.57,-0.06
2025-01-23 19:00:00,742.48,-0.062
2025-01-23 19:30:00,742.32,-0.063
2025-01-23 20:00:00,742.11,-0.066
2025-01-23 20:30:00,741.89,-0.066
2025-01-23 21:00:00,741.77,-0.068
2025-01-23 21:30:00,741.57,-0.066
2025-01-23 22:00:00,741.49,-0.064
2025-01-23 22:30:00,741.41,-0.064
2025-01-23 23:00:00,741.28,-0.062
2025-01-23 23:30:00,741.16,-0.06
2025-01-24 00:00:00,741.13,-0.057
2025-01-24 00:30:00,741.1,-0.057
2025-01-24 01:00:00,741.03,-0.057
2025-01-24 01:30:00,741.0,-0.052
2025-01-24 02:00:00,740.93,-0.052
2025-01-24 02:30:00,740.9,-0.049
2025-01-24 03:00:00,740.86,-0.047
2025-01-24 03:30:00,740.79,-0.045
2025-01-24 04:00:00,740.62,-0.045
2025-01-24 04:30:00,740.54,-0.046
2025-01-24 05:00:00,740.5,-0.047
2025-01-24 05:30:00,740.45,-0.049
2025-01-24 06:00:00,740.44,-0.048
2025-01-24 06:30:00,740.37,-0.048
2025-01-24 07:00:00,740.26,-0.049
2025-01-24 07:30:00,740.01,-0.049
2025-01-24 08:00:00,739.76,-0.049
2025-01-24 08:30:00,739.42,-0.049
2025-01-24 09:00:00,739.28,-0.052
2025-01-24 09:30:00,739.12,-0.051
2025-01-24 10:00:00,738.94,-0.05
2025-01-24 10:30:00,738.76,-0.052
2025-01-24 11:00:00,738.67,-0.051
2025-01-24 11:30:00,738.44,-0.053
2025-01-24 12:00:00,738.14,-0.052
2025-01-24 12:30:00,737.77,-0.055
2025-01-24 13:00:00,737.58,-0.056
2025-01-24 13:30:00,737.47,-0.055
2025-01-24 14:00:00,737.27,-0.058
2025-01-24 14:30:00,737.13,-0.057
2025-01-24 15:00:00,737.0,-0.058
2025-01-24 15:30:00,736.86,-0.058
2025-01-24 16:00:00,736.67,-0.057
2025-01-24 16:30:00,736.47,-0.06
2025-01-24 17:00:00,736.28,-0.057
2025-01-24 17:30:00,736.11,-0.059
2025-01-24 18:00:00,735.92,-0.06
2025-01-24 18:30:00,735.52,-0.061
2025-01-24 19:00:00,735.21,-0.061
2025-01-24 19:30:00,734.77,-0.06
2025-01-24 20:00:00,734.34,-0.061
2025-01-24 20:30:00,733.78,-0.058
2025-01-24 21:00:00,733.16,-0.055
2025-01-24 21:30:00,732.57,-0.056
2025-01-24 22:00:00,732.07,-0.057
2025-01-24 22:30:00,731.66,-0.055
2025-01-24 23:00:00,731.27,-0.059
2025-01-24 23:30:00,731.18,-0.058
2025-01-25 00:00:00,730.97,-0.058
2025-01-25 00:30:00,730.73,-0.056
2025-01-25 01:00:00,730.54,-0.056
2025-01-25 01:30:00,730.29,-0.057
2025-01-25 02:00:00,730.08,-0.052
2025-01-25 02:30:00,729.71,-0.051
2025-01-25 03:00:00,729.41,-0.049
2025-01-25 03:30:00,729.1,-0.048
2025-01-25 04:00:00,728.85,-0.046
2025-01-25 04:30:00,728.27,-0.044
2025-01-25 05:00:00,728.17,-0.043
2025-01-25 05:30:00,727.56,-0.043
2025-01-25 06:00:00,727.32,-0.044
2025-01-25 06:30:00,727.08,-0.043
2025-01-25 07:00:00,727.25,-0.041
2025-01-25 07:30:00,726.78,-0.042
2025-01-25 08:00:00,726.34,-0.04
2025-01-25 08:30:00,726.09,-0.039
2025-01-25 09:00:00,725.53,-0.04
2025-01-25 09:30:00,725.14,-0.039
2025-01-25 10:00:00,725.16,-0.037
2025-01-25 10:30:00,725.1,-0.036
2025-01-25 11:00:00,724.95,-0.034
2025-01-25 11:30:00,724.28,-0.036
2025-01-25 12:00:00,723.69,-0.037
2025-01-25 12:30:00,723.41,-0.04
2025-01-25 13:00:00,723.14,-0.038
2025-01-25 13:30:00,722.59,-0.044
2025-01-25 14:00:00,722.35,-0.044
2025-01-25 14:30:00,722.2,-0.043
2025-01-25 15:00:00,722.36,-0.043
2025-01-25 15:30:00,722.1,-0.043
2025-01-25 16:00:00,721.9,-0.046
2025-01-25 16:30:00,721.71,-0.052
2025-01-25 17:00:00,721.7,-0.048
2025-01-25 17:30:00,721.63,-0.042
2025-01-25 18:00:00,721.47,-0.039
2025-01-25 18:30:00,721.37,-0.036
2025-01-25 19:00:00,721.34,-0.035
2025-01-25 19:30:00,721.17,-0.035
2025-01-25 20:00:00,720.79,-0.031
2025-01-25 20:30:00,720.58,-0.034
2025-01-25 21:00:00,720.35,-0.037
2025-01-25 21:30:00,720.25,-0.039
2025-01-25 22:00:00,720.1,-0.04
2025-01-25 22:30:00,720.07,-0.043
2025-01-25 23:00:00,720.16,-0.045
2025-01-25 23:30:00,720.19,-0.045
2025-01-26 00:00:00,720.11,-0.045
2025-01-26 00:30:00,719.95,-0.045
2025-01-26 01:00:00,720.13,-0.047
2025-01-26 01:30:00,720.36,-0.048
2025-01-26 02:00:00,720.25,-0.047
2025-01-26 02:30:00,720.46,-0.046
2025-01-26 03:00:00,720.75,-0.045
2025-01-26 03:30:00,720.72,-0.044
2025-01-26 04:00:00,720.97,-0.04
2025-01-26 04:30:00,721.09,-0.041
2025-01-26 05:00:00,721.51,-0.037
2025-01-26 05:30:00,721.65,-0.038
2025-01-26 06:00:00,721.92,-0.04
2025-01-26 06:30:00,722.21,-0.039
2025-01-26 07:00:00,722.32,-0.037
2025-01-26 07:30:00,722.39,-0.035
2025-01-26 08:00:00,722.41,-0.036
2025-01-26 08:30:00,722.45,-0.039
2025-01-26 09:00:00,722.58,-0.037
2025-01-26 09:30:00,722.72,-0.041
2025-01-26 10:00:00,722.8,-0.047
2025-01-26 10:30:00,722.84,-0.044
2025-01-26 11:00:00,722.88,-0.044
2025-01-26 11:30:00,722.91,-0.046
2025-01-26 12:00:00,722.94,-0.052
2025-01-26 12:30:00,723.27,-0.051
2025-01-26 13:00:00,723.4,-0.05
2025-01-26 13:30:00,723.74,-0.04
2025-01-26 14:00:00,723.95,-0.039
2025-01-26 14:30:00,724.22,-0.049
2025-01-26 15:00:00,724.43,-0.057
2025-01-26 15:30:00,724.51,-0.06
2025-01-26 16:00:00,724.6,-0.057
2025-01-26 16:30:00,724.86,-0.054
2025-01-26 17:00:00,725.11,-0.057
2025-01-26 17:30:00,725.22,-0.062
2025-01-26 18:00:00,725.61,-0.059
2025-01-26 18:30:00,725.77,-0.057
2025-01-26 19:00:00,725.96,-0.051
2025-01-26 19:30:00,726.0,-0.045
2025-01-26 20:00:00,726.01,-0.042
2025-01-26 20:30:00,725.93,-0.039
2025-01-26 21:00:00,725.98,-0.04
2025-01-26 21:30:00,726.11,-0.038
2025-01-26 22:00:00,726.06,-0.038
2025-01-26 22:30:00,726.2,-0.036
2025-01-26 23:00:00,726.36,-0.034
2025-01-26 23:30:00,726.6,-0.034
2025-01-27 00:00:00,726.68,-0.033
2025-01-27 00:30:00,726.96,-0.034
2025-01-27 01:00:00,727.16,-0.032
2025-01-27 01:30:00,727.23,-0.033
2025-01-27 02:00:00,727.46,-0.035
2025-01-27 02:30:00,727.79,-0.033
2025-01-27 03:00:00,727.92,-0.035
2025-01-27 03:30:00,728.01,-0.035
2025-01-27 04:00:00,728.12,-0.035
2025-01-27 04:30:00,728.26,-0.037
2025-01-27 05:00:00,728.38,-0.034
2025-01-27 05:30:00,728.51,-0.037
2025-01-27 06:00:00,728.77,-0.041
2025-01-27 06:30:00,728.82,-0.043
2025-01-27 07:00:00,728.96,-0.046
2025-01-27 07:30:00,728.96,-0.047
2025-01-27 08:00:00,728.98,-0.054
2025-01-27 08:30:00,728.97,-0.056
2025-01-27 09:00:00,728.87,-0.058
2025-01-27 09:30:00,728.94,-0.054
2025-01-27 10:00:00,729.02,-0.054
2025-01-27 10:30:00,728.96,-0.059
2025-01-27 11:00:00,728.93,-0.063
2025-01-27 11:30:00,728.82,-0.064
2025-01-27 12:00:00,728.77,-0.064
2025-01-27 12:30:00,728.73,-0.061
2025-01-27 13:00:00,728.81,-0.059
2025-01-27 13:30:00,728.92,-0.056
2025-01-27 14:00:00,728.95,-0.056
2025-01-27 14:30:00,729.06,-0.053
2025-01-27 15:00:00,729.05,-0.051
2025-01-27 15:30:00,729.14,-0.044
2025-01-27 16:00:00,729.17,-0.042
2025-01-27 16:30:00,729.21,-0.037
2025-01-27 17:00:00,729.2,-0.037
2025-01-27 17:30:00,729.51,-0.033
2025-01-27 18:00:00,729.59,-0.035
2025-01-27 18:30:00,729.88,-0.036
2025-01-27 19:00:00,729.88,-0.033
2025-01-27 19:30:00,729.9,-0.032
2025-01-27 20:00:00,729.71,-0.032
2025-01-27 20:30:00,729.57,-0.027
2025-01-27 21:00:00,729.51,-0.027
2025-01-27 21:30:00,729.4,-0.027
2025-01-27 22:00:00,729.32,-0.026
2025-01-27 22:30:00,729.29,-0.024
2025-01-27 23:00:00,729.41,-0.022
2025-01-27 23:30:00,729.48,-0.021
2025-01-28 00:00:00,729.48,-0.02
2025-01-28 00:30:00,729.58,-0.022
2025-01-28 01:00:00,729.59,-0.024
2025-01-28 01:30:00,729.57,-0.023
2025-01-28 02:00:00,729.64,-0.029
2025-01-28 02:30:00,729.7,-0.031
2025-01-28 03:00:00,729.72,-0.034
2025-01-28 03:30:00,729.81,-0.041
2025-01-28 04:00:00,729.84,-0.044
2025-01-28 04:30:00,729.89,-0.049
2025-01-28 05:00:00,729.92,-0.054
2025-01-28 05:30:00,729.99,-0.06
2025-01-28 06:00:00,730.03,-0.066
2025-01-28 06:30:00,730.13,-0.076
2025-01-28 07:00:00,729.93,-0.081
2025-01-28 07:30:00,729.87,-0.087
2025-01-28 08:00:00,729.83,-0.089
2025-01-28 08:30:00,729.67,-0.089
2025-01-28 09:00:00,729.6,-0.095
2025-01-28 09:30:00,729.49,-0.098
2025-01-28 10:00:00,729.35,-0.1
2025-01-28 10:30:00,729.33,-0.103
2025-01-28 11:00:00,729.1,-0.105
2025-01-28 11:30:00,729.07,-0.104
2025-01-28 12:00:00,729.03,-0.105
2025-01-28 12:30:00,728.96,-0.106
2025-01-28 13:00:00,728.88,-0.11
2025-01-28 13:30:00,728.85,-0.108
2025-01-28 14:00:00,728.88,-0.11
2025-01-28 14:30:00,728.93,-0.115
2025-01-28 15:00:00,728.96,-0.12
2025-01-28 15:30:00,728.97,-0.126
2025-01-28 16:00:00,728.97,-0.127
2025-01-28 16:30:00,729.11,-0.129
2025-01-28 17:00:00,729.25,-0.129
2025-01-28 17:30:00,729.29,-0.132
2025-01-28 18:00:00,729.31,-0.133
2025-01-28 18:30:00,729.23,-0.136
2025-01-28 19:00:00,729.16,-0.139
2025-01-28 19:30:00,728.97,-0.137
2025-01-28 20:00:00,728.79,-0.134
2025-01-28 20:30:00,728.63,-0.133
2025-01-28 21:00:00,728.39,-0.13
2025-01-28 21:30:00,728.3,-0.129
2025-01-28 22:00:00,728.23,-0.125
2025-01-28 22:30:00,728.1,-0.124
2025-01-28 23:00:00,728.17,-0.123
2025-01-28 23:30:00,728.12,-0.121
2025-01-29 00:00:00,728.11,-0.122
2025-01-29 00:30:00,728.06,-0.121
2025-01-29 01:00:00,728.05,-0.12
2025-01-29 01:30:00,728.08,-0.118
2025-01-29 02:00:00,728.11,-0.119
2025-01-29 02:30:00,728.11,-0.116
2025-01-29 03:00:00,728.3,-0.113
2025-01-29 03:30:00,728.35,-0.111
2025-01-29 04:00:00,728.44,-0.11
2025-01-29 04:30:00,728.52,-0.11
2025-01-29 05:00:00,728.59,-0.107
2025-01-29 05:30:00,728.63,-0.105
2025-01-29 06:00:00,728.68,-0.106
2025-01-29 06:30:00,728.59,-0.105
2025-01-29 07:00:00,728.61,-0.105
2025-01-29 07:30:00,728.68,-0.105
2025-01-29 08:00:00,728.66,-0.104
2025-01-29 08:30:00,728.6,-0.104
2025-01-29 09:00:00,728.47,-0.106
2025-01-29 09:30:00,728.52,-0.106
2025-01-29 10:00:00,728.52,-0.109
2025-01-29 10:30:00,728.56,-0.109
2025-01-29 11:00:00,728.52,-0.111
2025-01-29 11:30:00,728.55,-0.113
2025-01-29 12:00:00,728.51,-0.117
2025-01-29 12:30:00,728.52,-0.117
2025-01-29 13:00:00,728.62,-0.119
2025-01-29 13:30:00,728.62,-0.118
2025-01-29 14:00:00,728.75,-0.121
2025-01-29 14:30:00,728.86,-0.118
2025-01-29 15:00:00,729.04,-0.117
2025-01-29 15:30:00,729.59,-0.116
2025-01-29 16:00:00,729.9,-0.116
2025-01-29 16:30:00,730.09,-0.116
2025-01-29 17:00:00,730.32,-0.117
2025-01-29 17:30:00,730.48,-0.113
2025-01-29 18:00:00,730.75,-0.117
2025-01-29 18:30:00,730.81,-0.122
2025-01-29 19:00:00,730.79,-0.129
2025-01-29 19:30:00,730.71,-0.129
2025-01-29 20:00:00,730.57,-0.128
2025-01-29 20:30:00,730.45,-0.128
2025-01-29 21:00:00,730.4,-0.125
2025-01-29 21:30:00,730.28,-0.123
2025-01-29 22:00:00,730.3,-0.114
2025-01-29 22:30:00,730.32,-0.115
2025-01-29 23:00:00,730.39,-0.117
2025-01-29 23:30:00,730.45,-0.12
2025-01-30 00:00:00,730.54,-0.109
2025-01-30 00:30:00,730.64,-0.103
2025-01-30 01:00:00,730.78,-0.102
2025-01-30 01:30:00,730.86,-0.102
2025-01-30 02:00:00,731.03,-0.099
2025-01-30 02:30:00,731.1,-0.094
2025-01-30 03:00:00,731.19,-0.094
2025-01-30 03:30:00,731.31,-0.094
2025-01-30 04:00:00,731.49,-0.093
2025-01-30 04:30:00,731.68,-0.093
2025-01-30 05:00:00,731.73,-0.092
2025-01-30 05:30:00,731.81,-0.092
2025-01-30 06:00:00,731.97,-0.089
2025-01-30 06:30:00,732.05,-0.089
2025-01-30 07:00:00,732.17,-0.089
2025-01-30 07:30:00,732.24,-0.088
2025-01-30 08:00:00,732.28,-0.09
2025-01-30 08:30:00,732.44,-0.091
2025-01-30 09:00:00,732.42,-0.093
2025-01-30 09:30:00,732.48,-0.093
2025-01-30 10:00:00,732.51,-0.093
2025-01-30 10:30:00,732.57,-0.093
2025-01-30 11:00:00,732.56,-0.093
2025-01-30 11:30:00,732.62,-0.091
2025-01-30 12:00:00,732.68,-0.089
2025-01-30 12:30:00,732.75,-0.087
2025-01-30 13:00:00,732.87,-0.086
2025-01-30 13:30:00,732.88,-0.086
2025-01-30 14:00:00,732.98,-0.085
2025-01-30 14:30:00,733.08,-0.082
2025-01-30 15:00:00,733.29,-0.084
2025-01-30 15:30:00,733.47,-0.083
2025-01-30 16:00:00,733.67,-0.08
2025-01-30 16:30:00,733.82,-0.082
2025-01-30 17:00:00,733.96,-0.081
2025-01-30 17:30:00,734.11,-0.08
2025-01-30 18:00:00,734.26,-0.078
2025-01-30 18:30:00,734.33,-0.078
2025-01-30 19:00:00,734.42,-0.08
2025-01-30 19:30:00,734.38,-0.085
2025-01-30 20:00:00,734.39,-0.091
2025-01-30 20:30:00,734.29,-0.09
2025-01-30 21:00:00,734.13,-0.095
2025-01-30 21:30:00,734.07,-0.096
2025-01-30 22:00:00,734.05,-0.097
2025-01-30 22:30:00,734.06,-0.097
2025-01-30 23:00:00,734.05,-0.091
2025-01-30 23:30:00,734.16,-0.087
2025-01-31 00:00:00,734.29,-0.082
2025-01-31 00:30:00,734.39,-0.075
2025-01-31 01:00:00,734.38,-0.071
2025-01-31 01:30:00,734.5,-0.068
2025-01-31 02:00:00,734.51,-0.065
2025-01-31 02:30:00,734.54,-0.064
2025-01-31 03:00:00,734.53,-0.063
2025-01-31 03:30:00,734.57,-0.063
2025-01-31 04:00:00,734.77,-0.058
2025-01-31 04:30:00,734.84,-0.055
2025-01-31 05:00:00,734.86,-0.055
2025-01-31 05:30:00,735.01,-0.054
2025-01-31 06:00:00,735.17,-0.052
2025-01-31 06:30:00,735.15,-0.053
2025-01-31 07:00:00,735.26,-0.055
2025-01-31 07:30:00,735.32,-0.055
2025-01-31 08:00:00,735.23,-0.055
2025-01-31 08:30:00,735.1,-0.055
2025-01-31 09:00:00,735.01,-0.057
2025-01-31 09:30:00,735.04,-0.056
2025-01-31 10:00:00,734.97,-0.057
2025-01-31 10:30:00,734.84,-0.056
2025-01-31 11:00:00,734.63,-0.055
2025-01-31 11:30:00,734.61,-0.053
2025-01-31 12:00:00,734.62,-0.054
2025-01-31 12:30:00,734.48,-0.055
2025-01-31 13:00:00,734.39,-0.056
2025-01-31 13:30:00,734.33,-0.056
2025-01-31 14:00:00,734.41,-0.055
2025-01-31 14:30:00,734.41,-0.055
2025-01-31 15:00:00,734.56,-0.058
2025-01-31 15:30:00,734.73,-0.059
2025-01-31 16:00:00,734.78,-0.062
2025-01-31 16:30:00,734.98,-0.063
2025-01-31 17:00:00,735.29,-0.066
2025-01-31 17:30:00,735.31,-0.067
2025-01-31 18:00:00,735.31,-0.058
2025-01-31 18:30:00,735.25,-0.058
2025-01-31 19:00:00,735.45,-0.06
2025-01-31 19:30:00,735.56,-0.054
2025-01-31 20:00:00,735.7,-0.052
2025-01-31 20:30:00,735.23,-0.055
2025-01-31 21:00:00,734.93,-0.057
2025-01-31 21:30:00,734.87,-0.056
2025-01-31 22:00:00,734.64,-0.059
2025-01-31 22:30:00,734.68,-0.057
2025-01-31 23:00:00,734.5,-0.057
2025-01-31 23:30:00,734.3,-0.055
2025-02-01 00:00:00,734.13,-0.05
2025-02-01 00:30:00,734.0,-0.049
2025-02-01 01:00:00,733.94,-0.051
2025-02-01 01:30:00,733.99,-0.048
2025-02-01 02:00:00,734.2,-0.051
2025-02-01 02:30:00,734.16,-0.05
2025-02-01 03:00:00,734.26,-0.048
2025-02-01 03:30:00,734.03,-0.05
2025-02-01 04:00:00,734.06,-0.049
2025-02-01 04:30:00,733.95,-0.048
2025-02-01 05:00:00,733.92,-0.05
2025-02-01 05:30:00,733.94,-0.046
2025-02-01 06:00:00,733.98,-0.046
2025-02-01 06:30:00,733.83,-0.046
2025-02-01 07:00:00,733.71,-0.045
2025-02-01 07:30:00,733.8,-0.046
2025-02-01 08:00:00,733.7,-0.043
2025-02-01 08:30:00,733.71,-0.042
2025-02-01 09:00:00,733.34,-0.041
2025-02-01 09:30:00,733.31,-0.04
2025-02-01 10:00:00,733.28,-0.041
2025-02-01 10:30:00,733.21,-0.04
2025-02-01 11:00:00,732.98,-0.04
2025-02-01 11:30:00,732.9,-0.041
2025-02-01 12:00:00,732.95,-0.04
2025-02-01 12:30:00,732.89,-0.041
2025-02-01 13:00:00,732.97,-0.044
2025-02-01 13:30:00,732.9,-0.044
2025-02-01 14:00:00,732.82,-0.045
2025-02-01 14:30:00,732.79,-0.044
2025-02-01 15:00:00,732.92,-0.044
2025-02-01 15:30:00,733.06,-0.044
2025-02-01 16:00:00,733.1,-0.044
2025-02-01 16:30:00,732.8,-0.045
2025-02-01 17:00:00,733.22,-0.044
2025-02-01 17:30:00,733.11,-0.04
2025-02-01 18:00:00,733.13,-0.038
2025-02-01 18:30:00,733.24,-0.04
2025-02-01 19:00:00,733.35,-0.042
2025-02-01 19:30:00,733.09,-0.044
2025-02-01 20:00:00,733.13,-0.042
2025-02-01 20:30:00,733.21,-0.043
2025-02-01 21:00:00,733.14,-0.043
2025-02-01 21:30:00,733.1,-0.044
2025-02-01 22:00:00,733.17,-0.043
2025-02-01 22:30:00,733.11,-0.044
2025-02-01 23:00:00,733.16,-0.04
2025-02-01 23:30:00,733.03,-0.039
2025-02-02 00:00:00,733.19,-0.031
2025-02-02 00:30:00,733.26,-0.02
2025-02-02 01:00:00,733.13,-0.02
2025-02-02 01:30:00,733.6,-0.013
2025-02-02 02:00:00,733.33,-0.009
2025-02-02 02:30:00,733.6,-0.001
2025-02-02 03:00:00,733.85,0.003
2025-02-02 03:30:00,733.96,0.005
2025-02-02 04:00:00,733.98,0.003
2025-02-02 04:30:00,734.3,0.004
2025-02-02 05:00:00,734.21,0.003
2025-02-02 05:30:00,734.3,0.002
2025-02-02 06:00:00,734.25,0.005
2025-02-02 06:30:00,734.49,0.002
2025-02-02 07:00:00,734.44,-0.004
2025-02-02 07:30:00,734.62,-0.008
2025-02-02 08:00:00,734.83,-0.009
2025-02-02 08:30:00,734.5,-0.011
2025-02-02 09:00:00,734.47,-0.012
2025-02-02 09:30:00,734.47,-0.009
2025-02-02 10:00:00,734.71,-0.008
2025-02-02 10:30:00,734.74,-0.006
2025-02-02 11:00:00,734.51,-0.006
2025-02-02 11:30:00,734.45,-0.005
2025-02-02 12:00:00,734.37,-0.004
2025-02-02 12:30:00,734.22,-0.003
2025-02-02 13:00:00,734.11,-0.002
2025-02-02 13:30:00,734.14,-0.005
2025-02-02 14:00:00,734.05,-0.003
2025-02-02 14:30:00,733.93,-0.002
2025-02-02 15:00:00,733.95,-0.002
2025-02-02 15:30:00,733.93,-0.004
2025-02-02 16:00:00,733.91,-0.003
2025-02-02 16:30:00,733.92,-0.003
2025-02-02 17:00:00,734.01,0.003
2025-02-02 17:30:00,734.09,0.003
2025-02-02 18:00:00,734.15,0.004
2025-02-02 18:30:00,734.32,0.002
2025-02-02 19:00:00,734.3,-0.002
2025-02-02 19:30:00,734.19,0.0
2025-02-02 20:00:00,734.07,0.002
2025-02-02 20:30:00,734.0,0.004
2025-02-02 21:00:00,733.82,0.014
2025-02-02 21:30:00,733.82,0.018
2025-02-02 22:00:00,733.63,0.013
2025-02-02 22:30:00,733.64,0.017
2025-02-02 23:00:00,733.68,0.015
2025-02-02 23:30:00,733.66,0.01
2025-02-03 00:00:00,733.53,0.007
2025-02-03 00:30:00,733.51,0.005
2025-02-03 01:00:00,733.68,0.003
2025-02-03 01:30:00,733.66,0.001
2025-02-03 02:00:00,733.73,0.001
2025-02-03 02:30:00,733.89,-0.003
2025-02-03 03:00:00,733.81,-0.007
2025-02-03 03:30:00,733.77,-0.005
2025-02-03 04:00:00,733.84,-0.006
2025-02-03 04:30:00,733.86,-0.006
2025-02-03 05:00:00,733.74,-0.002
2025-02-03 05:30:00,733.64,-0.005
2025-02-03 06:00:00,733.57,-0.005
2025-02-03 06:30:00,733.57,-0.004
2025-02-03 07:00:00,733.56,-0.004
2025-02-03 07:30:00,733.49,-0.006
2025-02-03 08:00:00,733.44,-0.009
2025-02-03 08:30:00,733.41,-0.008
2025-02-03 09:00:00,733.26,-0.01
2025-02-03 09:30:00,733.11,-0.011
2025-02-03 10:00:00,733.05,-0.013
2025-02-03 10:30:00,732.97,-0.012
2025-02-03 11:00:00,732.83,-0.013
2025-02-03 11:30:00,732.63,-0.014
2025-02-03 12:00:00,732.45,-0.013
2025-02-03 12:30:00,732.42,-0.014
2025-02-03 13:00:00,732.41,-0.017
2025-02-03 13:30:00,732.25,-0.016
2025-02-03 14:00:00,732.16,-0.016
2025-02-03 14:30:00,732.05,-0.017
2025-02-03 15:00:00,731.95,-0.02
2025-02-03 15:30:00,731.82,-0.017
2025-02-03 16:00:00,731.89,-0.02
2025-02-03 16:30:00,731.77,-0.021
2025-02-03 17:00:00,731.96,-0.021
2025-02-03 17:30:00,731.83,-0.018
2025-02-03 18:00:00,731.61,-0.02
2025-02-03 18:30:00,731.62,-0.018
2025-02-03 19:00:00,731.54,-0.02
2025-02-03 19:30:00,731.39,-0.022
2025-02-03 20:00:00,731.1,-0.021
2025-02-03 20:30:00,730.82,-0.021
2025-02-03 21:00:00,730.79,-0.022
2025-02-03 21:30:00,730.67,-0.023
2025-02-03 22:00:00,730.44,-0.022
2025-02-03 22:30:00,730.1,-0.02
2025-02-03 23:00:00,730.02,-0.021
2025-02-03 23:30:00,730.03,-0.02
2025-02-04 00:00:00,729.86,-0.021
2025-02-04 00:30:00,729.82,-0.014
2025-02-04 01:00:00,729.64,-0.008
2025-02-04 01:30:00,729.52,-0.006
2025-02-04 02:00:00,729.38,-0.008
2025-02-04 02:30:00,729.4,-0.011
2025-02-04 03:00:00,729.28,-0.018
2025-02-04 03:30:00,729.06,-0.024
2025-02-04 04:00:00,728.99,-0.027
2025-02-04 04:30:00,729.09,-0.027
2025-02-04 05:00:00,729.18,-0.023
2025-02-04 05:30:00,729.21,-0.021
2025-02-04 06:00:00,729.17,-0.017
2025-02-04 06:30:00,729.0,-0.015
2025-02-04 07:00:00,728.95,-0.016
2025-02-04 07:30:00,728.94,-0.013
2025-02-04 08:00:00,728.69,-0.015
2025-02-04 08:30:00,728.68,-0.012
2025-02-04 09:00:00,728.5,-0.015
2025-02-04 09:30:00,728.49,-0.017
2025-02-04 10:00:00,728.28,-0.016
2025-02-04 10:30:00,728.24,-0.017
2025-02-04 11:00:00,728.38,-0.019
2025-02-04 11:30:00,728.24,-0.019
2025-02-04 12:00:00,728.17,-0.019
2025-02-04 12:30:00,728.15,-0.021
2025-02-04 13:00:00,728.1,-0.019
2025-02-04 13:30:00,727.82,-0.02
2025-02-04 14:00:00,727.48,-0.022
2025-02-04 14:30:00,727.06,-0.021
2025-02-04 15:00:00,726.48,-0.022
2025-02-04 15:30:00,726.34,-0.023
2025-02-04 16:00:00,726.47,-0.019
2025-02-04 16:30:00,726.14,-0.02
2025-02-04 17:00:00,726.16,-0.018
2025-02-04 17:30:00,726.35,-0.019
2025-02-04 18:00:00,726.35,-0.018
2025-02-04 18:30:00,726.4,-0.018
2025-02-04 19:00:00,726.44,-0.019
2025-02-04 19:30:00,726.66,-0.02
2025-02-04 20:00:00,726.73,-0.02
2025-02-04 20:30:00,726.71,-0.021
2025-02-04 21:00:00,726.64,-0.022
2025-02-04 21:30:00,726.59,-0.022
2025-02-04 22:00:00,726.39,-0.022
2025-02-04 22:30:00,725.95,-0.02
2025-02-04 23:00:00,725.69,-0.022
2025-02-04 23:30:00,725.53,-0.022
2025-02-05 00:00:00,725.23,-0.02
2025-02-05 00:30:00,725.09,-0.023
2025-02-05 01:00:00,725.27,-0.02
2025-02-05 01:30:00,724.9,-0.006
2025-02-05 02:00:00,724.42,-0.009
2025-02-05 02:30:00,724.11,-0.009
2025-02-05 03:00:00,723.99,-0.011
2025-02-05 03:30:00,723.56,-0.014
2025-02-05 04:00:00,723.51,-0.016
2025-02-05 04:30:00,723.67,-0.019
2025-02-05 05:00:00,723.92,-0.02
2025-02-05 05:30:00,724.19,-0.019
2025-02-05 06:00:00,724.28,-0.021
2025-02-05 06:30:00,724.34,-0.018
2025-02-05 07:00:00,724.45,-0.02
2025-02-05 07:30:00,724.65,-0.019
2025-02-05 08:00:00,724.6,-0.021
2025-02-05 08:30:00,724.88,-0.022
2025-02-05 09:00:00,724.58,-0.021
2025-02-05 09:30:00,725.2,-0.022
2025-02-05 10:00:00,724.99,-0.021
2025-02-05 10:30:00,725.22,-0.02
2025-02-05 11:00:00,725.49,-0.021
2025-02-05 11:30:00,725.69,-0.021
2025-02-05 12:00:00,726.09,-0.023
2025-02-05 12:30:00,726.41,-0.021
2025-02-05 13:00:00,726.7,-0.021
2025-02-05 13:30:00,727.21,-0.021
2025-02-05 14:00:00,727.78,-0.022
2025-02-05 14:30:00,728.18,-0.023
2025-02-05 15:00:00,728.7,-0.022
2025-02-05 15:30:00,729.18,-0.023
2025-02-05 16:00:00,729.6,-0.019
2025-02-05 16:30:00,729.85,-0.021
2025-02-05 17:00:00,730.21,-0.022
2025-02-05 17:30:00,730.61,-0.022
2025-02-05 18:00:00,730.95,-0.023
2025-02-05 18:30:00,731.46,-0.025
2025-02-05 19:00:00,731.75,-0.02
2025-02-05 19:30:00,731.83,-0.016
2025-02-05 20:00:00,731.83,-0.021
2025-02-05 20:30:00,731.65,-0.025
2025-02-05 21:00:00,731.57,-0.027
2025-02-05 21:30:00,731.54,-0.029
2025-02-05 22:00:00,731.44,-0.03
2025-02-05 22:30:00,731.48,-0.032
2025-02-05 23:00:00,731.54,-0.032
2025-02-05 23:30:00,731.66,-0.033
2025-02-06 00:00:00,731.69,-0.035
2025-02-06 00:30:00,731.69,-0.038
2025-02-06 01:00:00,731.59,-0.037
2025-02-06 01:30:00,731.53,-0.033
2025-02-06 02:00:00,731.5,-0.035
2025-02-06 02:30:00,731.56,-0.035
2025-02-06 03:00:00,731.51,-0.032
2025-02-06 03:30:00,731.38,-0.037
2025-02-06 04:00:00,731.45,-0.034
2025-02-06 04:30:00,731.4,-0.036
2025-02-06 05:00:00,731.38,-0.035
2025-02-06 05:30:00,731.34,-0.034
2025-02-06 06:00:00,731.19,-0.032
2025-02-06 06:30:00,731.14,-0.033
2025-02-06 07:00:00,731.16,-0.032
2025-02-06 07:30:00,731.1,-0.032
2025-02-06 08:00:00,730.94,-0.033
2025-02-06 08:30:00,730.75,-0.031
2025-02-06 09:00:00,730.59,-0.032
2025-02-06 09:30:00,730.47,-0.031
2025-02-06 10:00:00,730.37,-0.031
2025-02-06 10:30:00,730.24,-0.031
2025-02-06 11:00:00,730.05,-0.03
2025-02-06 11:30:00,729.91,-0.032
2025-02-06 12:00:00,729.72,-0.031
2025-02-06 12:30:00,729.51,-0.029
2025-02-06 13:00:00,729.41,-0.032
2025-02-06 13:30:00,729.5,-0.03
2025-02-06 14:00:00,729.17,-0.029
2025-02-06 14:30:00,728.97,-0.031
2025-02-06 15:00:00,728.81,-0.03
2025-02-06 15:30:00,728.86,-0.033
2025-02-06 16:00:00,728.88,-0.031
2025-02-06 16:30:00,728.88,-0.03
2025-02-06 17:00:00,728.8,-0.03
2025-02-06 17:30:00,728.75,-0.03
2025-02-06 18:00:00,728.56,-0.029
2025-02-06 18:30:00,728.29,-0.031
2025-02-06 19:00:00,728.37,-0.03
2025-02-06 19:30:00,728.28,-0.029
2025-02-06 20:00:00,727.93,-0.03
2025-02-06 20:30:00,727.61,-0.031
2025-02-06 21:00:00,726.8,-0.031
2025-02-06 21:30:00,727.11,-0.03
2025-02-06 22:00:00,726.5,-0.031
2025-02-06 22:30:00,726.63,-0.03
2025-02-06 23:00:00,726.53,-0.033
2025-02-06 23:30:00,726.65,-0.031
2025-02-07 00:00:00,726.8,-0.031
2025-02-07 00:30:00,726.58,-0.033
2025-02-07 01:00:00,726.75,-0.033
2025-02-07 01:30:00,726.53,-0.031
2025-02-07 02:00:00,726.72,-0.032
2025-02-07 02:30:00,726.96,-0.03
2025-02-07 03:00:00,727.0,-0.027
2025-02-07 03:30:00,726.86,-0.025
2025-02-07 04:00:00,726.69,-0.028
2025-02-07 04:30:00,726.66,-0.03
2025-02-07 05:00:00,726.9,-0.03
2025-02-07 05:30:00,726.61,-0.031
2025-02-07 06:00:00,726.86,-0.031
2025-02-07 06:30:00,726.92,-0.032
2025-02-07 07:00:00,727.02,-0.032
2025-02-07 07:30:00,727.2,-0.031
2025-02-07 08:00:00,727.31,-0.031
2025-02-07 08:30:00,727.31,-0.031
2025-02-07 09:00:00,727.34,-0.031
2025-02-07 09:30:00,727.58,-0.03
2025-02-07 10:00:00,727.68,-0.029
2025-02-07 10:30:00,727.88,-0.027
2025-02-07 11:00:00,727.93,-0.026
2025-02-07 11:30:00,727.9,-0.028
2025-02-07 12:00:00,728.16,-0.028
2025-02-07 12:30:00,728.37,-0.026
2025-02-07 13:00:00,728.51,-0.026
2025-02-07 13:30:00,728.93,-0.027
2025-02-07 14:00:00,728.98,-0.026
2025-02-07 14:30:00,729.29,-0.028
2025-02-07 15:00:00,729.44,-0.029
2025-02-07 15:30:00,729.55,-0.027
2025-02-07 16:00:00,729.83,-0.029
2025-02-07 16:30:00,730.06,-0.029
2025-02-07 17:00:00,730.16,-0.028
2025-02-07 17:30:00,730.59,-0.028
2025-02-07 18:00:00,730.86,-0.03
2025-02-07 18:30:00,731.13,-0.027
2025-02-07 19:00:00,731.37,-0.027
2025-02-07 19:30:00,731.51,-0.026
2025-02-07 20:00:00,731.49,-0.026
2025-02-07 20:30:00,731.57,-0.027
2025-02-07 21:00:00,731.73,-0.025
2025-02-07 21:30:00,731.93,-0.025
2025-02-07 22:00:00,732.04,-0.027
2025-02-07 22:30:00,732.39,-0.027
2025-02-07 23:00:00,732.87,-0.024
2025-02-07 23:30:00,733.36,-0.025
2025-02-08 00:00:00,733.77,-0.027
2025-02-08 00:30:00,734.08,-0.023
2025-02-08 01:00:00,734.34,-0.025
2025-02-08 01:30:00,734.55,-0.025
2025-02-08 02:00:00,734.62,-0.026
2025-02-08 02:30:00,734.73,-0.027
2025-02-08 03:00:00,734.93,-0.027
2025-02-08 03:30:00,735.08,-0.027
2025-02-08 04:00:00,735.37,-0.027
2025-02-08 04:30:00,735.41,-0.026
2025-02-08 05:00:00,735.58,-0.027
2025-02-08 05:30:00,735.84,-0.025
2025-02-08 06:00:00,735.98,-0.026
2025-02-08 06:30:00,736.01,-0.025
2025-02-08 07:00:00,736.21,-0.024
2025-02-08 07:30:00,736.36,-0.026
2025-02-08 08:00:00,736.5,-0.024
2025-02-08 08:30:00,736.55,-0.026
2025-02-08 09:00:00,736.59,-0.024
2025-02-08 09:30:00,736.59,-0.025
2025-02-08 10:00:00,736.66,-0.022
2025-02-08 10:30:00,736.7,-0.024
2025-02-08 11:00:00,736.78,-0.022
2025-02-08 11:30:00,736.58,-0.023
2025-02-08 12:00:00,736.55,-0.024
2025-02-08 12:30:00,736.57,-0.025
2025-02-08 13:00:00,736.63,-0.024
2025-02-08 13:30:00,736.6,-0.024
2025-02-08 14:00:00,736.73,-0.026
2025-02-08 14:30:00,736.78,-0.025
2025-02-08 15:00:00,736.79,-0.025
2025-02-08 15:30:00,736.91,-0.024
2025-02-08 16:00:00,737.16,-0.027
2025-02-08 16:30:00,737.38,-0.025
2025-02-08 17:00:00,737.47,-0.025
2025-02-08 17:30:00,737.68,-0.026
2025-02-08 18:00:00,737.85,-0.025
2025-02-08 18:30:00,737.85,-0.026
2025-02-08 19:00:00,737.99,-0.025
2025-02-08 19:30:00,737.91,-0.025
2025-02-08 20:00:00,737.77,-0.027
2025-02-08 20:30:00,737.72,-0.025
2025-02-08 21:00:00,737.7,-0.024
2025-02-08 21:30:00,737.63,-0.023
2025-02-08 22:00:00,737.66,-0.025
2025-02-08 22:30:00,737.58,-0.025
2025-02-08 23:00:00,737.54,-0.027
2025-02-08 23:30:00,737.62,-0.025
2025-02-09 00:00:00,737.64,-0.024
2025-02-09 00:30:00,737.64,-0.021
2025-02-09 01:00:00,737.78,-0.016
2025-02-09 01:30:00,737.72,-0.016
2025-02-09 02:00:00,737.63,-0.019
2025-02-09 02:30:00,737.53,-0.02
2025-02-09 03:00:00,737.56,-0.019
2025-02-09 03:30:00,737.56,-0.019
2025-02-09 04:00:00,737.63,-0.021
2025-02-09 04:30:00,737.65,-0.021
2025-02-09 05:00:00,737.78,-0.022
2025-02-09 05:30:00,737.67,-0.024
2025-02-09 06:00:00,737.6,-0.024
2025-02-09 06:30:00,737.71,-0.024
2025-02-09 07:00:00,737.86,-0.026
2025-02-09 07:30:00,737.92,-0.024
2025-02-09 08:00:00,737.72,-0.025
2025-02-09 08:30:00,737.5,-0.026
2025-02-09 09:00:00,737.34,-0.025
2025-02-09 09:30:00,737.27,-0.026
2025-02-09 10:00:00,736.85,-0.026
2025-02-09 10:30:00,736.36,-0.026
2025-02-09 11:00:00,736.29,-0.025
2025-02-09 11:30:00,736.11,-0.026
2025-02-09 12:00:00,735.93,-0.025
2025-02-09 12:30:00,735.95,-0.028
2025-02-09 13:00:00,735.96,-0.024
2025-02-09 13:30:00,735.89,-0.025
2025-02-09 14:00:00,735.73,-0.025
2025-02-09 14:30:00,735.66,-0.027
2025-02-09 15:00:00,735.7,-0.025
2025-02-09 15:30:00,735.75,-0.024
2025-02-09 16:00:00,735.85,-0.024
2025-02-09 16:30:00,735.88,-0.027
2025-02-09 17:00:00,735.98,-0.025
2025-02-09 17:30:00,735.97,-0.026
2025-02-09 18:00:00,735.94,-0.024
2025-02-09 18:30:00,736.05,-0.024
2025-02-09 19:00:00,735.81,-0.025
2025-02-09 19:30:00,735.41,-0.024
2025-02-09 20:00:00,735.06,-0.022
2025-02-09 20:30:00,734.69,-0.024
2025-02-09 21:00:00,734.4,-0.021
2025-02-09 21:30:00,734.25,-0.024
2025-02-09 22:00:00,734.07,-0.022
2025-02-09 22:30:00,733.86,-0.024
2025-02-09 23:00:00,733.87,-0.021
2025-02-09 23:30:00,734.03,-0.024
2025-02-10 00:00:00,734.21,-0.023
2025-02-10 00:30:00,734.28,-0.022
2025-02-10 01:00:00,734.34,-0.021
2025-02-10 01:30:00,734.41,-0.022
2025-02-10 02:00:00,734.38,-0.021
2025-02-10 02:30:00,734.47,-0.021
2025-02-10 03:00:00,734.51,-0.021
2025-02-10 03:30:00,734.49,-0.021
2025-02-10 04:00:00,734.37,-0.021
2025-02-10 04:30:00,734.32,-0.021
2025-02-10 05:00:00,734.55,-0.021
2025-02-10 05:30:00,734.55,-0.022
2025-02-10 06:00:00,734.5,-0.02
2025-02-10 06:30:00,734.44,-0.023
2025-02-10 07:00:00,734.45,-0.021
2025-02-10 07:30:00,734.42,-0.02
2025-02-10 08:00:00,734.51,-0.021
2025-02-10 08:30:00,734.37,-0.022
2025-02-10 09:00:00,734.23,-0.02
2025-02-10 09:30:00,734.11,-0.021
2025-02-10 10:00:00,734.08,-0.023
2025-02-10 10:30:00,733.97,-0.022
2025-02-10 11:00:00,733.85,-0.02
2025-02-10 11:30:00,733.85,-0.023
2025-02-10 12:00:00,733.79,-0.021
2025-02-10 12:30:00,733.77,-0.021
2025-02-10 13:00:00,733.65,-0.022
2025-02-10 13:30:00,733.59,-0.02
2025-02-10 14:00:00,733.42,-0.019
2025-02-10 14:30:00,733.4,-0.022
2025-02-10 15:00:00,733.43,-0.021
2025-02-10 15:30:00,733.49,-0.022
2025-02-10 16:00:00,733.51,-0.021
2025-02-10 16:30:00,733.52,-0.02
2025-02-10 17:00:00,733.48,-0.021
2025-02-10 17:30:00,733.44,-0.019
2025-02-10 18:00:00,733.36,-0.021
2025-02-10 18:30:00,733.37,-0.021
2025-02-10 19:00:00,733.32,-0.022
2025-02-10 19:30:00,733.21,-0.022
2025-02-10 20:00:00,733.1,-0.019
2025-02-10 20:30:00,732.87,-0.02
2025-02-10 21:00:00,732.68,-0.022
2025-02-10 21:30:00,732.43,-0.02
2025-02-10 22:00:00,732.38,-0.021
2025-02-10 22:30:00,732.31,-0.018
2025-02-10 23:00:00,732.19,-0.018
2025-02-10 23:30:00,732.15,-0.019
2025-02-11 00:00:00,732.11,-0.02
2025-02-11 00:30:00,731.95,-0.018
2025-02-11 01:00:00,731.88,-0.019
2025-02-11 01:30:00,731.86,-0.02
2025-02-11 02:00:00,731.91,-0.018
2025-02-11 02:30:00,731.91,-0.018
2025-02-11 03:00:00,731.9,-0.018
2025-02-11 03:30:00,731.78,-0.019
2025-02-11 04:00:00,731.63,-0.017
2025-02-11 04:30:00,731.57,-0.017
2025-02-11 05:00:00,731.58,-0.018
2025-02-11 05:30:00,731.4,-0.018
2025-02-11 06:00:00,731.26,-0.018
2025-02-11 06:30:00,731.11,-0.017
2025-02-11 07:00:00,731.0,-0.017
2025-02-11 07:30:00,730.81,-0.016
2025-02-11 08:00:00,730.69,-0.02
2025-02-11 08:30:00,730.49,-0.021
2025-02-11 09:00:00,730.23,-0.018
2025-02-11 09:30:00,730.04,-0.018
2025-02-11 10:00:00,729.92,-0.02
2025-02-11 10:30:00,729.69,-0.02
2025-02-11 11:00:00,729.51,-0.02
2025-02-11 11:30:00,729.24,-0.019
2025-02-11 12:00:00,729.06,-0.018
2025-02-11 12:30:00,728.96,-0.019
2025-02-11 13:00:00,728.86,-0.02
2025-02-11 13:30:00,728.8,-0.019
2025-02-11 14:00:00,728.68,-0.019
2025-02-11 14:30:00,728.62,-0.019
2025-02-11 15:00:00,728.59,-0.02
2025-02-11 15:30:00,728.48,-0.019
2025-02-11 16:00:00,728.46,-0.019
2025-02-11 16:30:00,728.28,-0.019
2025-02-11 17:00:00,728.17,-0.018
2025-02-11 17:30:00,728.1,-0.019
2025-02-11 18:00:00,728.14,-0.017
2025-02-11 18:30:00,728.11,-0.018
2025-02-11 19:00:00,728.18,-0.019
2025-02-11 19:30:00,728.02,-0.018
2025-02-11 20:00:00,728.01,-0.019
2025-02-11 20:30:00,727.76,-0.019
2025-02-11 21:00:00,727.85,-0.019
2025-02-11 21:30:00,727.63,-0.019
2025-02-11 22:00:00,727.38,-0.019
2025-02-11 22:30:00,727.12,-0.021
2025-02-11 23:00:00,727.2,-0.019
2025-02-11 23:30:00,727.29,-0.019
2025-02-12 00:00:00,727.41,-0.018
2025-02-12 00:30:00,727.44,-0.02
2025-02-12 01:00:00,727.32,-0.018
2025-02-12 01:30:00,727.03,-0.018
2025-02-12 02:00:00,727.21,-0.017
2025-02-12 02:30:00,727.2,-0.019
2025-02-12 03:00:00,727.19,-0.019
2025-02-12 03:30:00,727.0,-0.018
2025-02-12 04:00:00,726.74,-0.019
2025-02-12 04:30:00,726.61,-0.017
2025-02-12 05:00:00,726.76,-0.019
2025-02-12 05:30:00,726.77,-0.017
2025-02-12 06:00:00,726.58,-0.019
2025-02-12 06:30:00,726.46,-0.019
2025-02-12 07:00:00,726.35,-0.018
2025-02-12 07:30:00,726.32,-0.018
2025-02-12 08:00:00,726.28,-0.018
2025-02-12 08:30:00,726.27,-0.016
2025-02-12 09:00:00,726.35,-0.019
2025-02-12 09:30:00,726.35,-0.018
2025-02-12 10:00:00,726.22,-0.02
2025-02-12 10:30:00,726.09,-0.019
2025-02-12 11:00:00,725.9,-0.018
2025-02-12 11:30:00,725.76,-0.018
2025-02-12 12:00:00,725.68,-0.019
2025-02-12 12:30:00,725.8,-0.018
2025-02-12 13:00:00,725.88,-0.019
2025-02-12 13:30:00,725.82,-0.017
2025-02-12 14:00:00,725.82,-0.018
2025-02-12 14:30:00,725.76,-0.019
2025-02-12 15:00:00,725.84,-0.02
2025-02-12 15:30:00,725.94,-0.019
2025-02-12 16:00:00,726.03,-0.019
2025-02-12 16:30:00,726.1,-0.018
2025-02-12 17:00:00,726.12,-0.019
2025-02-12 17:30:00,726.2,-0.018
2025-02-12 18:00:00,726.22,-0.021
2025-02-12 18:30:00,726.31,-0.02
2025-02-12 19:00:00,726.22,-0.019
2025-02-12 19:30:00,726.13,-0.017
2025-02-12 20:00:00,726.13,-0.019
2025-02-12 20:30:00,726.1,-0.02
2025-02-12 21:00:00,725.98,-0.022
2025-02-12 21:30:00,726.01,-0.02
2025-02-12 22:00:00,725.91,-0.019
2025-02-12 22:30:00,725.99,-0.019
2025-02-12 23:00:00,725.92,-0.02
2025-02-12 23:30:00,725.86,-0.019
2025-02-13 00:00:00,725.92,-0.018
2025-02-13 00:30:00,725.9,-0.018
2025-02-13 01:00:00,725.95,-0.018
2025-02-13 01:30:00,726.02,-0.018
2025-02-13 02:00:00,726.15,-0.017
2025-02-13 02:30:00,726.25,-0.017
2025-02-13 03:00:00,726.34,-0.017
2025-02-13 03:30:00,726.2,-0.017
2025-02-13 04:00:00,726.03,-0.018
2025-02-13 04:30:00,725.98,-0.018
2025-02-13 05:00:00,725.85,-0.016
2025-02-13 05:30:00,726.02,-0.014
2025-02-13 06:00:00,725.98,-0.016
2025-02-13 06:30:00,725.91,-0.017
2025-02-13 07:00:00,725.73,-0.017
2025-02-13 07:30:00,725.71,-0.017
2025-02-13 08:00:00,725.73,-0.017
2025-02-13 08:30:00,725.65,-0.018
2025-02-13 09:00:00,725.3,-0.017
2025-02-13 09:30:00,725.04,-0.016
2025-02-13 10:00:00,724.85,-0.016
2025-02-13 10:30:00,724.62,-0.017
2025-02-13 11:00:00,724.7,-0.018
2025-02-13 11:30:00,724.36,-0.017
2025-02-13 12:00:00,724.2,-0.016
2025-02-13 12:30:00,723.73,-0.017
2025-02-13 13:00:00,723.59,-0.015
2025-02-13 13:30:00,723.3,-0.016
2025-02-13 14:00:00,723.26,-0.016
2025-02-13 14:30:00,723.12,-0.016
2025-02-13 15:00:00,722.76,-0.016
2025-02-13 15:30:00,722.84,-0.014
2025-02-13 16:00:00,722.83,-0.015
2025-02-13 16:30:00,722.98,-0.016
2025-02-13 17:00:00,722.78,-0.015
2025-02-13 17:30:00,722.54,-0.015
2025-02-13 18:00:00,722.48,-0.014
2025-02-13 18:30:00,722.22,-0.015
2025-02-13 19:00:00,721.9,-0.015
2025-02-13 19:30:00,722.1,-0.014
2025-02-13 20:00:00,722.51,-0.016
2025-02-13 20:30:00,722.24,-0.015
2025-02-13 21:00:00,722.73,-0.012
2025-02-13 21:30:00,722.88,-0.013
2025-02-13 22:00:00,723.15,-0.011
2025-02-13 22:30:00,723.05,-0.012
2025-02-13 23:00:00,722.68,-0.011
2025-02-13 23:30:00,722.8,-0.009
2025-02-14 00:00:00,722.87,-0.007
2025-02-14 00:30:00,722.75,-0.006
2025-02-14 01:00:00,722.89,-0.004
2025-02-14 01:30:00,723.88,-0.006
2025-02-14 02:00:00,724.4,-0.006
2025-02-14 02:30:00,724.98,-0.008
2025-02-14 03:00:00,725.33,-0.008
2025-02-14 03:30:00,725.65,-0.006
2025-02-14 04:00:00,725.71,-0.006
2025-02-14 04:30:00,726.03,-0.009
2025-02-14 05:00:00,725.9,-0.009
2025-02-14 05:30:00,726.11,-0.009
2025-02-14 06:00:00,726.49,-0.009
2025-02-14 06:30:00,726.88,-0.011
2025-02-14 07:00:00,727.05,-0.009
2025-02-14 07:30:00,727.25,-0.01
2025-02-14 08:00:00,727.12,-0.005
2025-02-14 08:30:00,727.3,-0.005
2025-02-14 09:00:00,727.61,-0.003
2025-02-14 09:30:00,727.84,-0.004
2025-02-14 10:00:00,728.0,-0.002
2025-02-14 10:30:00,728.31,-0.001
2025-02-14 11:00:00,728.43,0.0
2025-02-14 11:30:00,728.88,-0.001
2025-02-14 12:00:00,728.99,0.001
2025-02-14 12:30:00,729.37,0.001
2025-02-14 13:00:00,729.71,-0.0
2025-02-14 13:30:00,730.42,0.002
2025-02-14 14:00:00,730.9,0.001
2025-02-14 14:30:00,731.28,0.003
2025-02-14 15:00:00,731.58,0.002
2025-02-14 15:30:00,731.78,0.004
2025-02-14 16:00:00,732.27,0.002
2025-02-14 16:30:00,732.65,0.004
2025-02-14 17:00:00,732.81,0.003
2025-02-14 17:30:00,733.14,0.003
2025-02-14 18:00:00,733.56,0.004
2025-02-14 18:30:00,733.92,0.004
2025-02-14 19:00:00,734.34,0.003
2025-02-14 19:30:00,734.75,0.005
2025-02-14 20:00:00,735.05,0.006
2025-02-14 20:30:00,735.47,0.006
2025-02-14 21:00:00,735.67,0.006
2025-02-14 21:30:00,735.83,0.006
2025-02-14 22:00:00,736.05,0.006
2025-02-14 22:30:00,736.24,0.006
2025-02-14 23:00:00,736.51,0.006
2025-02-14 23:30:00,736.88,0.005
2025-02-15 00:00:00,737.01,0.007
2025-02-15 00:30:00,737.25,0.006
2025-02-15 01:00:00,737.5,0.006
2025-02-15 01:30:00,737.88,0.005
2025-02-15 02:00:00,738.3,0.006
2025-02-15 02:30:00,738.55,0.004
2025-02-15 03:00:00,738.83,0.004
2025-02-15 03:30:00,738.97,0.005
2025-02-15 04:00:00,739.35,0.005
2025-02-15 04:30:00,739.68,0.003
2025-02-15 05:00:00,739.97,0.004
2025-02-15 05:30:00,740.16,0.004
2025-02-15 06:00:00,740.39,0.003
2025-02-15 06:30:00,740.6,0.001
2025-02-15 07:00:00,740.84,0.004
2025-02-15 07:30:00,741.11,0.003
2025-02-15 08:00:00,741.27,0.0
2025-02-15 08:30:00,741.48,0.001
2025-02-15 09:00:00,741.75,0.0
2025-02-15 09:30:00,741.89,-0.001
2025-02-15 10:00:00,742.07,0.001
2025-02-15 10:30:00,742.24,0.0
2025-02-15 11:00:00,742.31,0.001
2025-02-15 11:30:00,742.37,0.002
2025-02-15 12:00:00,742.47,-0.0
2025-02-15 12:30:00,742.78,-0.0
2025-02-15 13:00:00,743.01,-0.0
2025-02-15 13:30:00,743.15,0.002
2025-02-15 14:00:00,743.43,-0.001
2025-02-15 14:30:00,743.62,-0.001
2025-02-15 15:00:00,743.75,0.002
2025-02-15 15:30:00,743.83,0.001
2025-02-15 16:00:00,743.96,0.004
2025-02-15 16:30:00,744.24,0.002
2025-02-15 17:00:00,744.52,0.001
2025-02-15 17:30:00,744.71,0.002
2025-02-15 18:00:00,745.08,0.003
2025-02-15 18:30:00,745.35,0.0
2025-02-15 19:00:00,745.36,0.002
2025-02-15 19:30:00,745.44,0.002
2025-02-15 20:00:00,745.28,0.001
2025-02-15 20:30:00,745.19,0.004
2025-02-15 21:00:00,745.16,0.005
2025-02-15 21:30:00,745.06,0.004
2025-02-15 22:00:00,744.93,0.004
2025-02-15 22:30:00,744.85,0.004
2025-02-15 23:00:00,744.92,0.005
2025-02-15 23:30:00,745.14,0.004
2025-02-16 00:00:00,745.28,0.006
2025-02-16 00:30:00,745.32,0.004
2025-02-16 01:00:00,745.28,0.004
2025-02-16 01:30:00,745.28,0.006
2025-02-16 02:00:00,745.42,0.005
2025-02-16 02:30:00,745.5,0.006
2025-02-16 03:00:00,745.57,0.007
2025-02-16 03:30:00,745.47,0.007
2025-02-16 04:00:00,745.43,0.006
2025-02-16 04:30:00,745.53,0.007
2025-02-16 05:00:00,745.44,0.007
2025-02-16 05:30:00,745.37,0.007
2025-02-16 06:00:00,745.26,0.01
2025-02-16 06:30:00,745.13,0.009
2025-02-16 07:00:00,744.96,0.008
2025-02-16 07:30:00,744.88,0.009
2025-02-16 08:00:00,744.67,0.011
2025-02-16 08:30:00,744.49,0.01
2025-02-16 09:00:00,744.28,0.013
2025-02-16 09:30:00,744.1,0.011
2025-02-16 10:00:00,744.01,0.012
2025-02-16 10:30:00,743.73,0.013
2025-02-16 11:00:00,743.69,0.013
2025-02-16 11:30:00,743.41,0.016
2025-02-16 12:00:00,743.2,0.015
2025-02-16 12:30:00,743.05,0.016
2025-02-16 13:00:00,742.98,0.016
2025-02-16 13:30:00,742.84,0.017
2025-02-16 14:00:00,742.77,0.017
2025-02-16 14:30:00,742.71,0.017
2025-02-16 15:00:00,742.7,0.019
2025-02-16 15:30:00,742.69,0.019
2025-02-16 16:00:00,742.77,0.02
2025-02-16 16:30:00,743.0,0.02
2025-02-16 17:00:00,742.89,0.018
2025-02-16 17:30:00,742.67,0.021
2025-02-16 18:00:00,742.71,0.02
2025-02-16 18:30:00,742.57,0.021
2025-02-16 19:00:00,742.3,0.019
2025-02-16 19:30:00,742.28,0.02
2025-02-16 20:00:00,741.89,0.02
2025-02-16 20:30:00,741.6,0.021
2025-02-16 21:00:00,741.24,0.02
2025-02-16 21:30:00,740.85,0.02
2025-02-16 22:00:00,740.69,0.022
2025-02-16 22:30:00,740.39,0.021
2025-02-16 23:00:00,740.24,0.021
2025-02-16 23:30:00,740.19,0.022
2025-02-17 00:00:00,740.07,0.021
2025-02-17 00:30:00,739.77,0.024
2025-02-17 01:00:00,739.55,0.023
2025-02-17 01:30:00,739.27,0.023
2025-02-17 02:00:00,739.15,0.023
2025-02-17 02:30:00,739.03,0.025
2025-02-17 03:00:00,738.84,0.023
2025-02-17 03:30:00,738.72,0.025
2025-02-17 04:00:00,738.62,0.023
2025-02-17 04:30:00,738.61,0.024
2025-02-17 05:00:00,738.63,0.025
2025-02-17 05:30:00,738.64,0.028
2025-02-17 06:00:00,738.43,0.027
2025-02-17 06:30:00,738.39,0.026
2025-02-17 07:00:00,738.15,0.024
2025-02-17 07:30:00,738.07,0.025
2025-02-17 08:00:00,737.99,0.026
2025-02-17 08:30:00,737.87,0.024
2025-02-17 09:00:00,737.75,0.026
2025-02-17 09:30:00,737.58,0.026
2025-02-17 10:00:00,737.48,0.026
2025-02-17 10:30:00,737.2,0.026
2025-02-17 11:00:00,736.74,0.025
2025-02-17 11:30:00,736.55,0.027
2025-02-17 12:00:00,736.53,0.026
2025-02-17 12:30:00,736.6,0.026
2025-02-17 13:00:00,736.56,0.026
2025-02-17 13:30:00,736.61,0.027
2025-02-17 14:00:00,736.54,0.028
2025-02-17 14:30:00,736.39,0.027
2025-02-17 15:00:00,736.34,0.028
2025-02-17 15:30:00,736.28,0.027
2025-02-17 16:00:00,736.34,0.028
2025-02-17 16:30:00,736.36,0.028
2025-02-17 17:00:00,736.24,0.03
2025-02-17 17:30:00,736.17,0.031
2025-02-17 18:00:00,736.12,0.029
2025-02-17 18:30:00,736.32,0.031
2025-02-17 19:00:00,736.34,0.028
2025-02-17 19:30:00,736.26,0.03
2025-02-17 20:00:00,736.02,0.029
2025-02-17 20:30:00,735.87,0.029
2025-02-17 21:00:00,735.74,0.031
2025-02-17 21:30:00,735.67,0.031
2025-02-17 22:00:00,735.38,0.031
2025-02-17 22:30:00,735.37,0.033
2025-02-17 23:00:00,735.33,0.03
2025-02-17 23:30:00,735.39,0.033
2025-02-18 00:00:00,735.44,0.03
2025-02-18 00:30:00,735.28,0.032
2025-02-18 01:00:00,735.46,0.034
2025-02-18 01:30:00,735.42,0.034
2025-02-18 02:00:00,735.4,0.032
2025-02-18 02:30:00,735.51,0.033
2025-02-18 03:00:00,735.64,0.033
2025-02-18 03:30:00,735.62,0.032
2025-02-18 04:00:00,735.54,0.03
2025-02-18 04:30:00,735.64,0.034
2025-02-18 05:00:00,735.65,0.031
2025-02-18 05:30:00,735.7,0.031
2025-02-18 06:00:00,735.68,0.031
2025-02-18 06:30:00,735.59,0.03
2025-02-18 07:00:00,735.6,0.032
2025-02-18 07:30:00,735.63,0.031
2025-02-18 08:00:00,735.64,0.031
2025-02-18 08:30:00,735.71,0.03
2025-02-18 09:00:00,735.8,0.031
2025-02-18 09:30:00,735.77,0.031
2025-02-18 10:00:00,735.83,0.029
2025-02-18 10:30:00,735.8,0.029
2025-02-18 11:00:00,735.65,0.031
2025-02-18 11:30:00,735.6,0.03
2025-02-18 12:00:00,735.53,0.029
2025-02-18 12:30:00,735.66,0.027
2025-02-18 13:00:00,735.78,0.027
2025-02-18 13:30:00,735.91,0.03
2025-02-18 14:00:00,736.21,0.029
2025-02-18 14:30:00,736.27,0.03
2025-02-18 15:00:00,736.41,0.029
2025-02-18 15:30:00,736.53,0.029
2025-02-18 16:00:00,736.63,0.03
2025-02-18 16:30:00,736.85,0.03
2025-02-18 17:00:00,736.94,0.03
2025-02-18 17:30:00,737.06,0.03
2025-02-18 18:00:00,737.21,0.03
2025-02-18 18:30:00,737.37,0.023
2025-02-18 19:00:00,737.6,0.024
2025-02-18 19:30:00,737.51,0.027
2025-02-18 20:00:00,737.61,0.028
2025-02-18 20:30:00,737.65,0.027
2025-02-18 21:00:00,737.56,0.03
2025-02-18 21:30:00,737.6,0.027
2025-02-18 22:00:00,737.59,0.031
2025-02-18 22:30:00,737.67,0.032
2025-02-18 23:00:00,737.85,0.031
2025-02-18 23:30:00,738.02,0.031
2025-02-19 00:00:00,738.16,0.034
2025-02-19 00:30:00,738.35,0.032
2025-02-19 01:00:00,738.43,0.033
2025-02-19 01:30:00,738.63,0.033
2025-02-19 02:00:00,738.82,0.033
2025-02-19 02:30:00,739.04,0.034
2025-02-19 03:00:00,739.07,0.033
2025-02-19 03:30:00,739.12,0.034
2025-02-19 04:00:00,739.21,0.033
2025-02-19 04:30:00,739.39,0.034
2025-02-19 05:00:00,739.71,0.034
2025-02-19 05:30:00,739.82,0.035
2025-02-19 06:00:00,739.91,0.033
2025-02-19 06:30:00,739.97,0.034
2025-02-19 07:00:00,739.93,0.033
2025-02-19 07:30:00,739.97,0.035
2025-02-19 08:00:00,740.24,0.035
2025-02-19 08:30:00,740.26,0.037
2025-02-19 09:00:00,740.21,0.035
2025-02-19 09:30:00,740.22,0.037
2025-02-19 10:00:00,740.27,0.035
2025-02-19 10:30:00,740.24,0.037
2025-02-19 11:00:00,740.19,0.036
2025-02-19 11:30:00,740.18,0.037
2025-02-19 12:00:00,740.14,0.038
2025-02-19 12:30:00,740.16,0.037
2025-02-19 13:00:00,740.12,0.039
2025-02-19 13:30:00,740.17,0.039
2025-02-19 14:00:00,740.17,0.04
2025-02-19 14:30:00,740.25,0.04
2025-02-19 15:00:00,740.07,0.04
2025-02-19 15:30:00,740.05,0.039
2025-02-19 16:00:00,740.01,0.041
2025-02-19 16:30:00,740.18,0.041
2025-02-19 17:00:00,740.28,0.042
2025-02-19 17:30:00,740.3,0.041
2025-02-19 18:00:00,740.41,0.042
2025-02-19 18:30:00,740.38,0.042
2025-02-19 19:00:00,740.31,0.04
2025-02-19 19:30:00,740.25,0.042
2025-02-19 20:00:00,739.88,0.042
2025-02-19 20:30:00,739.7,0.043
2025-02-19 21:00:00,739.54,0.044
2025-02-19 21:30:00,739.06,0.043
2025-02-19 22:00:00,738.82,0.045
2025-02-19 22:30:00,738.53,0.042
2025-02-19 23:00:00,738.31,0.044
2025-02-19 23:30:00,738.1,0.043
2025-02-20 00:00:00,737.93,0.044
2025-02-20 00:30:00,737.74,0.045
2025-02-20 01:00:00,737.66,0.045
2025-02-20 01:30:00,737.52,0.046
2025-02-20 02:00:00,737.37,0.047
2025-02-20 02:30:00,737.36,0.045
2025-02-20 03:00:00,737.37,0.045
2025-02-20 03:30:00,737.37,0.046
2025-02-20 04:00:00,737.42,0.048
2025-02-20 04:30:00,737.47,0.046
2025-02-20 05:00:00,737.71,0.048
2025-02-20 05:30:00,737.69,0.047
2025-02-20 06:00:00,737.6,0.047
2025-02-20 06:30:00,737.6,0.046
2025-02-20 07:00:00,737.54,0.047
2025-02-20 07:30:00,737.54,0.048
2025-02-20 08:00:00,737.46,0.047
2025-02-20 08:30:00,737.48,0.047
2025-02-20 09:00:00,737.35,0.047
2025-02-20 09:30:00,737.29,0.047
2025-02-20 10:00:00,737.15,0.045
2025-02-20 10:30:00,737.05,0.046
2025-02-20 11:00:00,736.98,0.048
2025-02-20 11:30:00,736.91,0.047
2025-02-20 12:00:00,736.87,0.048
2025-02-20 12:30:00,736.9,0.047
2025-02-20 13:00:00,737.01,0.049
2025-02-20 13:30:00,736.96,0.049
2025-02-20 14:00:00,737.04,0.048
2025-02-20 14:30:00,737.0,0.047
2025-02-20 15:00:00,737.17,0.049
2025-02-20 15:30:00,737.21,0.051
2025-02-20 16:00:00,737.19,0.048
2025-02-20 16:30:00,737.31,0.049
2025-02-20 17:00:00,737.37,0.05
2025-02-20 17:30:00,737.37,0.05
2025-02-20 18:00:00,737.31,0.049
2025-02-20 18:30:00,737.18,0.05
2025-02-20 19:00:00,737.2,0.051
2025-02-20 19:30:00,737.17,0.05
2025-02-20 20:00:00,737.0,0.049
2025-02-20 20:30:00,736.84,0.05
2025-02-20 21:00:00,736.75,0.051
2025-02-20 21:30:00,736.69,0.052
2025-02-20 22:00:00,736.6,0.053
2025-02-20 22:30:00,736.57,0.053
2025-02-20 23:00:00,736.53,0.052
2025-02-20 23:30:00,736.47,0.052
2025-02-21 00:00:00,736.54,0.052
2025-02-21 00:30:00,736.63,0.052
2025-02-21 01:00:00,736.7,0.053
2025-02-21 01:30:00,736.81,0.055
2025-02-21 02:00:00,736.93,0.057
2025-02-21 02:30:00,737.08,0.057
2025-02-21 03:00:00,737.19,0.056
2025-02-21 03:30:00,737.24,0.055
2025-02-21 04:00:00,737.22,0.055
2025-02-21 04:30:00,737.33,0.056
2025-02-21 05:00:00,737.52,0.056
2025-02-21 05:30:00,737.72,0.055
2025-02-21 06:00:00,737.81,0.055
2025-02-21 06:30:00,737.85,0.054
2025-02-21 07:00:00,737.93,0.056
2025-02-21 07:30:00,737.82,0.057
2025-02-21 08:00:00,737.7,0.056
2025-02-21 08:30:00,737.73,0.057
2025-02-21 09:00:00,737.65,0.056
2025-02-21 09:30:00,737.61,0.055
2025-02-21 10:00:00,737.59,0.056
2025-02-21 10:30:00,737.63,0.057
2025-02-21 11:00:00,737.64,0.056
2025-02-21 11:30:00,737.68,0.055
2025-02-21 12:00:00,737.77,0.056
2025-02-21 12:30:00,737.91,0.057
2025-02-21 13:00:00,738.03,0.056
2025-02-21 13:30:00,738.03,0.056
2025-02-21 14:00:00,738.04,0.058
2025-02-21 14:30:00,738.03,0.058
2025-02-21 15:00:00,738.04,0.058
2025-02-21 15:30:00,738.16,0.057
2025-02-21 16:00:00,738.23,0.058
2025-02-21 16:30:00,738.21,0.056
2025-02-21 17:00:00,738.27,0.057
2025-02-21 17:30:00,738.45,0.058
2025-02-21 18:00:00,738.49,0.06
2025-02-21 18:30:00,738.56,0.058
2025-02-21 19:00:00,738.63,0.058
2025-02-21 19:30:00,738.63,0.058
2025-02-21 20:00:00,738.59,0.06
2025-02-21 20:30:00,738.55,0.06
2025-02-21 21:00:00,738.46,0.06
2025-02-21 21:30:00,738.41,0.061
2025-02-21 22:00:00,738.42,0.06
2025-02-21 22:30:00,738.49,0.06
2025-02-21 23:00:00,738.6,0.061
2025-02-21 23:30:00,738.72,0.061
2025-02-22 00:00:00,738.87,0.061
2025-02-22 00:30:00,739.02,0.061
2025-02-22 01:00:00,739.14,0.06
2025-02-22 01:30:00,739.18,0.062
2025-02-22 02:00:00,739.19,0.06
2025-02-22 02:30:00,739.18,0.061
2025-02-22 03:00:00,739.31,0.061
2025-02-22 03:30:00,739.68,0.061
2025-02-22 04:00:00,739.7,0.062
2025-02-22 04:30:00,739.69,0.061
2025-02-22 05:00:00,739.55,0.062
2025-02-22 05:30:00,739.56,0.058
2025-02-22 06:00:00,739.81,0.061
2025-02-22 06:30:00,739.74,0.062
2025-02-22 07:00:00,739.93,0.062
2025-02-22 07:30:00,740.22,0.062
2025-02-22 08:00:00,740.34,0.06
2025-02-22 08:30:00,740.34,0.061
2025-02-22 09:00:00,740.45,0.061
2025-02-22 09:30:00,740.6,0.061
2025-02-22 10:00:00,740.57,0.06
2025-02-22 10:30:00,740.63,0.062
2025-02-22 11:00:00,740.5,0.062
2025-02-22 11:30:00,740.54,0.063
2025-02-22 12:00:00,740.64,0.061
2025-02-22 12:30:00,740.44,0.062
2025-02-22 13:00:00,740.04,0.061
2025-02-22 13:30:00,740.13,0.061
2025-02-22 14:00:00,740.53,0.061
2025-02-22 14:30:00,740.81,0.061
2025-02-22 15:00:00,741.08,0.059
2025-02-22 15:30:00,741.26,0.06
2025-02-22 16:00:00,741.46,0.06
2025-02-22 16:30:00,741.59,0.059
2025-02-22 17:00:00,741.71,0.06
2025-02-22 17:30:00,741.87,0.06
2025-02-22 18:00:00,741.9,0.06
2025-02-22 18:30:00,742.01,0.061
2025-02-22 19:00:00,742.25,0.06
2025-02-22 19:30:00,742.23,0.06
2025-02-22 20:00:00,742.25,0.06
2025-02-22 20:30:00,742.13,0.058
2025-02-22 21:00:00,742.0,0.058
2025-02-22 21:30:00,741.93,0.059
2025-02-22 22:00:00,741.92,0.06
2025-02-22 22:30:00,741.89,0.058
2025-02-22 23:00:00,741.91,0.06
2025-02-22 23:30:00,741.85,0.061
2025-02-23 00:00:00,741.94,0.06
2025-02-23 00:30:00,741.92,0.058
2025-02-23 01:00:00,741.91,0.059
2025-02-23 01:30:00,742.12,0.06
2025-02-23 02:00:00,742.39,0.059
2025-02-23 02:30:00,742.52,0.057
2025-02-23 03:00:00,742.74,0.061
2025-02-23 03:30:00,742.81,0.061
2025-02-23 04:00:00,743.14,0.061
2025-02-23 04:30:00,743.42,0.059
2025-02-23 05:00:00,743.43,0.06
2025-02-23 05:30:00,743.58,0.061
2025-02-23 06:00:00,743.64,0.06
2025-02-23 06:30:00,743.68,0.059
2025-02-23 07:00:00,743.71,0.062
2025-02-23 07:30:00,743.72,0.06
2025-02-23 08:00:00,743.71,0.059
2025-02-23 08:30:00,743.6,0.06
2025-02-23 09:00:00,743.65,0.06
2025-02-23 09:30:00,743.46,0.06
2025-02-23 10:00:00,743.36,0.062
2025-02-23 10:30:00,743.25,0.06
2025-02-23 11:00:00,743.12,0.06
2025-02-23 11:30:00,743.01,0.06
2025-02-23 12:00:00,742.99,0.06
2025-02-23 12:30:00,742.92,0.061
2025-02-23 13:00:00,742.98,0.061
2025-02-23 13:30:00,743.03,0.061
2025-02-23 14:00:00,743.02,0.061
2025-02-23 14:30:00,743.14,0.061
2025-02-23 15:00:00,743.16,0.06
2025-02-23 15:30:00,743.4,0.06
2025-02-23 16:00:00,743.42,0.062
2025-02-23 16:30:00,743.5,0.061
2025-02-23 17:00:00,743.64,0.061
2025-02-23 17:30:00,743.69,0.06
2025-02-23 18:00:00,743.71,0.06
2025-02-23 18:30:00,743.79,0.06
2025-02-23 19:00:00,743.9,0.059
2025-02-23 19:30:00,743.88,0.06
2025-02-23 20:00:00,743.67,0.06
2025-02-23 20:30:00,743.5,0.061
2025-02-23 21:00:00,743.48,0.056
2025-02-23 21:30:00,743.26,0.058
2025-02-23 22:00:00,743.12,0.055
2025-02-23 22:30:00,743.09,0.058
2025-02-23 23:00:00,742.92,0.058
2025-02-23 23:30:00,742.83,0.057
2025-02-24 00:00:00,742.85,0.059
2025-02-24 00:30:00,742.82,0.06
2025-02-24 01:00:00,742.86,0.057
2025-02-24 01:30:00,742.77,0.058
2025-02-24 02:00:00,742.75,0.059
2025-02-24 02:30:00,742.82,0.06
2025-02-24 03:00:00,742.86,0.058
2025-02-24 03:30:00,743.05,0.059
2025-02-24 04:00:00,743.06,0.059
2025-02-24 04:30:00,742.94,0.058
2025-02-24 05:00:00,743.0,0.057
2025-02-24 05:30:00,742.93,0.057
2025-02-24 06:00:00,743.0,0.059
2025-02-24 06:30:00,742.84,0.059
2025-02-24 07:00:00,742.73,0.059
2025-02-24 07:30:00,742.75,0.058
2025-02-24 08:00:00,742.66,0.059
2025-02-24 08:30:00,742.62,0.06
2025-02-24 09:00:00,742.47,0.059
2025-02-24 09:30:00,742.29,0.058
2025-02-24 10:00:00,742.14,0.06
2025-02-24 10:30:00,742.03,0.057
2025-02-24 11:00:00,741.94,0.058
2025-02-24 11:30:00,741.84,0.058
2025-02-24 12:00:00,741.77,0.057
2025-02-24 12:30:00,741.76,0.06
2025-02-24 13:00:00,741.62,0.057
2025-02-24 13:30:00,741.63,0.057
2025-02-24 14:00:00,741.52,0.058
2025-02-24 14:30:00,741.55,0.058
2025-02-24 15:00:00,741.59,0.058
2025-02-24 15:30:00,741.63,0.057
2025-02-24 16:00:00,741.67,0.056
2025-02-24 16:30:00,741.73,0.056
2025-02-24 17:00:00,741.67,0.054
2025-02-24 17:30:00,741.97,0.057
2025-02-24 18:00:00,742.15,0.055
2025-02-24 18:30:00,741.89,0.054
2025-02-24 19:00:00,741.73,0.055
2025-02-24 19:30:00,741.77,0.057
2025-02-24 20:00:00,741.44,0.055
2025-02-24 20:30:00,741.22,0.054
2025-02-24 21:00:00,741.06,0.053
2025-02-24 21:30:00,741.16,0.055
2025-02-24 22:00:00,740.66,0.055
2025-02-24 22:30:00,740.57,0.054
2025-02-24 23:00:00,740.63,0.051
2025-02-24 23:30:00,740.65,0.055
2025-02-25 00:00:00,740.58,0.058
2025-02-25 00:30:00,740.35,0.057
2025-02-25 01:00:00,740.41,0.057
2025-02-25 01:30:00,740.37,0.059
2025-02-25 02:00:00,740.54,0.06
2025-02-25 02:30:00,740.54,0.061
2025-02-25 03:00:00,740.45,0.06
2025-02-25 03:30:00,740.36,0.063
2025-02-25 04:00:00,740.39,0.061
2025-02-25 04:30:00,740.56,0.062
2025-02-25 05:00:00,740.56,0.062
2025-02-25 05:30:00,740.62,0.063
2025-02-25 06:00:00,740.49,0.064
2025-02-25 06:30:00,740.41,0.063
2025-02-25 07:00:00,740.41,0.061
2025-02-25 07:30:00,740.42,0.062
2025-02-25 08:00:00,740.35,0.06
2025-02-25 08:30:00,740.3,0.062
2025-02-25 09:00:00,740.2,0.06
2025-02-25 09:30:00,740.17,0.06
2025-02-25 10:00:00,740.06,0.059
2025-02-25 10:30:00,739.92,0.061
2025-02-25 11:00:00,739.84,0.059
2025-02-25 11:30:00,739.79,0.06
2025-02-25 12:00:00,739.71,0.059
2025-02-25 12:30:00,739.53,0.058
2025-02-25 13:00:00,739.49,0.058
2025-02-25 13:30:00,739.47,0.059
2025-02-25 14:00:00,739.45,0.057
2025-02-25 14:30:00,739.43,0.057
2025-02-25 15:00:00,739.34,0.056
2025-02-25 15:30:00,739.38,0.055
2025-02-25 16:00:00,739.31,0.055
2025-02-25 16:30:00,739.29,0.056
2025-02-25 17:00:00,739.17,0.056
2025-02-25 17:30:00,739.07,0.055
2025-02-25 18:00:00,739.03,0.055
2025-02-25 18:30:00,738.98,0.054
2025-02-25 19:00:00,739.0,0.055
2025-02-25 19:30:00,738.92,0.055
2025-02-25 20:00:00,738.81,0.055
2025-02-25 20:30:00,738.54,0.055
2025-02-25 21:00:00,738.41,0.055
2025-02-25 21:30:00,738.25,0.055
2025-02-25 22:00:00,738.08,0.055
2025-02-25 22:30:00,737.98,0.055
2025-02-25 23:00:00,737.89,0.054
2025-02-25 23:30:00,737.84,0.053
2025-02-26 00:00:00,737.81,0.054
2025-02-26 00:30:00,737.77,0.055
2025-02-26 01:00:00,737.68,0.056
2025-02-26 01:30:00,737.7,0.054
2025-02-26 02:00:00,737.71,0.055
2025-02-26 02:30:00,737.65,0.054
2025-02-26 03:00:00,737.79,0.054
2025-02-26 03:30:00,737.76,0.054
2025-02-26 04:00:00,737.83,0.056
2025-02-26 04:30:00,738.02,0.053
2025-02-26 05:00:00,738.02,0.053
2025-02-26 05:30:00,738.03,0.053
2025-02-26 06:00:00,738.08,0.054
2025-02-26 06:30:00,738.19,0.052
2025-02-26 07:00:00,738.22,0.054
2025-02-26 07:30:00,738.2,0.055
2025-02-26 08:00:00,738.14,0.053
2025-02-26 08:30:00,738.09,0.054
2025-02-26 09:00:00,738.04,0.055
2025-02-26 09:30:00,738.09,0.054
2025-02-26 10:00:00,738.07,0.053
2025-02-26 10:30:00,737.91,0.053
2025-02-26 11:00:00,737.82,0.053
2025-02-26 11:30:00,737.78,0.052
2025-02-26 12:00:00,737.68,0.054
2025-02-26 12:30:00,737.63,0.052
2025-02-26 13:00:00,737.61,0.054
2025-02-26 13:30:00,737.69,0.053
2025-02-26 14:00:00,737.71,0.053
2025-02-26 14:30:00,737.86,0.052
2025-02-26 15:00:00,737.98,0.048
2025-02-26 15:30:00,738.23,0.043
2025-02-26 16:00:00,738.33,0.038
2025-02-26 16:30:00,738.36,0.039
2025-02-26 17:00:00,738.44,0.038
2025-02-26 17:30:00,738.55,0.036
2025-02-26 18:00:00,738.66,0.037
2025-02-26 18:30:00,738.77,0.039
2025-02-26 19:00:00,738.86,0.04
2025-02-26 19:30:00,738.92,0.039
2025-02-26 20:00:00,738.89,0.039
2025-02-26 20:30:00,738.84,0.039
2025-02-26 21:00:00,738.76,0.041
2025-02-26 21:30:00,738.68,0.04
2025-02-26 22:00:00,738.75,0.041
2025-02-26 22:30:00,738.75,0.042
2025-02-26 23:00:00,738.74,0.04
2025-02-26 23:30:00,738.79,0.041
2025-02-27 00:00:00,738.85,0.045
2025-02-27 00:30:00,738.88,0.043
2025-02-27 01:00:00,738.99,0.043
2025-02-27 01:30:00,739.09,0.042
2025-02-27 02:00:00,739.27,0.044
2025-02-27 02:30:00,739.45,0.044
2025-02-27 03:00:00,739.59,0.046
2025-02-27 03:30:00,739.66,0.046
2025-02-27 04:00:00,739.76,0.046
2025-02-27 04:30:00,739.92,0.047
2025-02-27 05:00:00,740.0,0.046
2025-02-27 05:30:00,740.08,0.046
2025-02-27 06:00:00,740.02,0.047
2025-02-27 06:30:00,740.0,0.047
2025-02-27 07:00:00,740.08,0.049
2025-02-27 07:30:00,740.06,0.047
2025-02-27 08:00:00,740.1,0.047
2025-02-27 08:30:00,740.1,0.046
2025-02-27 09:00:00,740.04,0.047
2025-02-27 09:30:00,740.03,0.046
2025-02-27 10:00:00,739.84,0.048
2025-02-27 10:30:00,739.8,0.047
2025-02-27 11:00:00,739.68,0.045
2025-02-27 11:30:00,739.57,0.046
2025-02-27 12:00:00,739.52,0.045
2025-02-27 12:30:00,739.58,0.047
2025-02-27 13:00:00,739.64,0.046
2025-02-27 13:30:00,739.73,0.049
2025-02-27 14:00:00,739.68,0.047
2025-02-27 14:30:00,739.82,0.048
2025-02-27 15:00:00,739.87,0.047
2025-02-27 15:30:00,739.97,0.047
2025-02-27 16:00:00,739.98,0.047
2025-02-27 16:30:00,739.93,0.046
2025-02-27 17:00:00,740.03,0.046
2025-02-27 17:30:00,740.06,0.046
2025-02-27 18:00:00,740.02,0.046
2025-02-27 18:30:00,740.07,0.046
2025-02-27 19:00:00,740.17,0.045
2025-02-27 19:30:00,740.21,0.047
2025-02-27 20:00:00,740.04,0.045
2025-02-27 20:30:00,739.93,0.045
2025-02-27 21:00:00,739.77,0.047
2025-02-27 21:30:00,739.57,0.045
2025-02-27 22:00:00,739.5,0.046
2025-02-27 22:30:00,739.57,0.045
2025-02-27 23:00:00,739.53,0.046
2025-02-27 23:30:00,739.47,0.048
2025-02-28 00:00:00,739.3,0.048
2025-02-28 00:30:00,739.15,0.049
2025-02-28 01:00:00,739.12,0.048
2025-02-28 01:30:00,739.05,0.048
2025-02-28 02:00:00,739.03,0.049
2025-02-28 02:30:00,739.12,0.046
2025-02-28 03:00:00,739.13,0.047
2025-02-28 03:30:00,739.15,0.049
2025-02-28 04:00:00,739.04,0.047
2025-02-28 04:30:00,739.0,0.047
2025-02-28 05:00:00,738.96,0.044
2025-02-28 05:30:00,738.9,0.043
2025-02-28 06:00:00,738.86,0.044
2025-02-28 06:30:00,738.8,0.044
2025-02-28 07:00:00,738.67,0.044
2025-02-28 07:30:00,738.47,0.043
2025-02-28 08:00:00,738.41,0.042
2025-02-28 08:30:00,738.3,0.045
2025-02-28 09:00:00,738.28,0.044
2025-02-28 09:30:00,738.14,0.043
2025-02-28 10:00:00,738.0,0.04
2025-02-28 10:30:00,737.84,0.044
2025-02-28 11:00:00,737.65,0.046
2025-02-28 11:30:00,737.4,0.044
2025-02-28 12:00:00,737.25,0.045
2025-02-28 12:30:00,737.14,0.045
2025-02-28 13:00:00,737.12,0.047
2025-02-28 13:30:00,737.11,0.047
2025-02-28 14:00:00,736.97,0.047
2025-02-28 14:30:00,736.88,0.046
2025-02-28 15:00:00,736.88,0.045
2025-02-28 15:30:00,736.92,0.046
2025-02-28 16:00:00,736.99,0.044
2025-02-28 16:30:00,737.2,0.047
2025-02-28 17:00:00,737.23,0.048
2025-02-28 17:30:00,737.25,0.048
2025-02-28 18:00:00,737.3,0.045
2025-02-28 18:30:00,737.18,0.047
2025-02-28 19:00:00,737.14,0.045
2025-02-28 19:30:00,737.02,0.048
2025-02-28 20:00:00,736.77,0.048
2025-02-28 20:30:00,736.56,0.046
2025-02-28 21:00:00,736.43,0.049
2025-02-28 21:30:00,736.3,0.048
2025-02-28 22:00:00,736.17,0.048
2025-02-28 22:30:00,736.1,0.049
2025-02-28 23:00:00,735.91,0.05
2025-02-28 23:30:00,735.98,0.05
2025-03-01 00:00:00,736.03,0.048
2025-03-01 00:30:00,735.98,0.05
2025-03-01 01:00:00,735.9,0.05
2025-03-01 01:30:00,735.89,0.05
2025-03-01 02:00:00,735.9,0.05
2025-03-01 02:30:00,735.94,0.051
2025-03-01 03:00:00,735.82,0.05
2025-03-01 03:30:00,735.85,0.049
2025-03-01 04:00:00,735.68,0.049
2025-03-01 04:30:00,735.65,0.05
2025-03-01 05:00:00,735.68,0.051
2025-03-01 05:30:00,735.65,0.051
2025-03-01 06:00:00,735.58,0.051
2025-03-01 06:30:00,735.57,0.053
2025-03-01 07:00:00,735.54,0.051
2025-03-01 07:30:00,735.46,0.049
2025-03-01 08:00:00,735.34,0.051
2025-03-01 08:30:00,735.28,0.05
2025-03-01 09:00:00,735.3,0.05
2025-03-01 09:30:00,735.24,0.052
2025-03-01 10:00:00,735.14,0.051
2025-03-01 10:30:00,735.03,0.05
2025-03-01 11:00:00,734.88,0.052
2025-03-01 11:30:00,734.74,0.051
2025-03-01 12:00:00,734.7,0.051
2025-03-01 12:30:00,734.64,0.051
2025-03-01 13:00:00,734.58,0.051
2025-03-01 13:30:00,734.58,0.051
2025-03-01 14:00:00,734.53,0.052
2025-03-01 14:30:00,734.39,0.05
2025-03-01 15:00:00,734.42,0.052
2025-03-01 15:30:00,734.25,0.053
2025-03-01 16:00:00,734.21,0.05
2025-03-01 16:30:00,734.08,0.052
2025-03-01 17:00:00,734.02,0.052
2025-03-01 17:30:00,734.01,0.051
2025-03-01 18:00:00,733.89,0.051
2025-03-01 18:30:00,733.86,0.051
2025-03-01 19:00:00,733.77,0.052
2025-03-01 19:30:00,733.69,0.052
2025-03-01 20:00:00,733.49,0.052
2025-03-01 20:30:00,733.16,0.052
2025-03-01 21:00:00,732.93,0.052
2025-03-01 21:30:00,732.81,0.052
2025-03-01 22:00:00,732.64,0.052
2025-03-01 22:30:00,732.53,0.051
2025-03-01 23:00:00,732.48,0.052
2025-03-01 23:30:00,732.3,0.051
2025-03-02 00:00:00,732.41,0.05
2025-03-02 00:30:00,732.62,0.051
2025-03-02 01:00:00,732.59,0.052
2025-03-02 01:30:00,732.73,0.052
2025-03-02 02:00:00,732.88,0.053
2025-03-02 02:30:00,732.74,0.052
2025-03-02 03:00:00,732.55,0.053
2025-03-02 03:30:00,732.2,0.05
2025-03-02 04:00:00,732.1,0.052
2025-03-02 04:30:00,732.08,0.054
2025-03-02 05:00:00,732.16,0.053
2025-03-02 05:30:00,732.09,0.054
2025-03-02 06:00:00,731.73,0.053
2025-03-02 06:30:00,731.38,0.053
2025-03-02 07:00:00,731.11,0.052
2025-03-02 07:30:00,730.78,0.054
2025-03-02 08:00:00,730.29,0.052
2025-03-02 08:30:00,730.35,0.05
2025-03-02 09:00:00,729.89,0.05
2025-03-02 09:30:00,729.83,0.049
2025-03-02 10:00:00,729.46,0.051
2025-03-02 10:30:00,728.89,0.052
2025-03-02 11:00:00,728.46,0.052
2025-03-02 11:30:00,728.11,0.051
2025-03-02 12:00:00,727.73,0.05
2025-03-02 12:30:00,727.4,0.051
2025-03-02 13:00:00,726.61,0.049
2025-03-02 13:30:00,726.3,0.051
2025-03-02 14:00:00,727.35,0.05
2025-03-02 14:30:00,727.16,0.051
2025-03-02 15:00:00,727.4,0.05
2025-03-02 15:30:00,727.59,0.05
2025-03-02 16:00:00,727.68,0.049
2025-03-02 16:30:00,727.62,0.05
2025-03-02 17:00:00,727.78,0.049
2025-03-02 17:30:00,728.11,0.047
2025-03-02 18:00:00,727.76,0.047
2025-03-02 18:30:00,727.75,0.049
2025-03-02 19:00:00,727.88,0.047
2025-03-02 19:30:00,727.9,0.048
2025-03-02 20:00:00,727.76,0.048
2025-03-02 20:30:00,727.55,0.049
2025-03-02 21:00:00,727.39,0.049
2025-03-02 21:30:00,727.37,0.048
2025-03-02 22:00:00,727.36,0.05
2025-03-02 22:30:00,727.37,0.049
2025-03-02 23:00:00,727.25,0.05
2025-03-02 23:30:00,727.19,0.049
2025-03-03 00:00:00,727.08,0.047
2025-03-03 00:30:00,726.99,0.047
2025-03-03 01:00:00,726.84,0.048
2025-03-03 01:30:00,726.7,0.049
2025-03-03 02:00:00,726.85,0.05
2025-03-03 02:30:00,726.89,0.048
2025-03-03 03:00:00,726.88,0.047
2025-03-03 03:30:00,726.92,0.048
2025-03-03 04:00:00,726.87,0.049
2025-03-03 04:30:00,726.87,0.05
2025-03-03 05:00:00,726.86,0.049
2025-03-03 05:30:00,726.96,0.05
2025-03-03 06:00:00,726.87,0.049
2025-03-03 06:30:00,726.92,0.048
2025-03-03 07:00:00,726.83,0.05
2025-03-03 07:30:00,726.69,0.047
2025-03-03 08:00:00,726.74,0.049
2025-03-03 08:30:00,726.67,0.047
2025-03-03 09:00:00,726.69,0.047
2025-03-03 09:30:00,726.77,0.046
2025-03-03 10:00:00,726.68,0.048
2025-03-03 10:30:00,726.62,0.047
2025-03-03 11:00:00,726.77,0.049
2025-03-03 11:30:00,726.66,0.047
2025-03-03 12:00:00,726.69,0.047
2025-03-03 12:30:00,726.85,0.047
2025-03-03 13:00:00,726.89,0.047
2025-03-03 13:30:00,727.0,0.046
2025-03-03 14:00:00,727.13,0.047
2025-03-03 14:30:00,727.3,0.046
2025-03-03 15:00:00,727.58,0.045
2025-03-03 15:30:00,727.86,0.044
2025-03-03 16:00:00,727.93,0.046
2025-03-03 16:30:00,728.14,0.046
2025-03-03 17:00:00,728.31,0.046
2025-03-03 17:30:00,728.56,0.045
2025-03-03 18:00:00,728.64,0.045
2025-03-03 18:30:00,728.75,0.044
2025-03-03 19:00:00,728.89,0.043
2025-03-03 19:30:00,729.01,0.044
2025-03-03 20:00:00,729.0,0.044
2025-03-03 20:30:00,729.22,0.045
2025-03-03 21:00:00,729.25,0.045
2025-03-03 21:30:00,729.36,0.045
2025-03-03 22:00:00,729.38,0.046
2025-03-03 22:30:00,729.5,0.044
2025-03-03 23:00:00,729.57,0.046
2025-03-03 23:30:00,729.75,0.045
2025-03-04 00:00:00,729.85,0.044
2025-03-04 00:30:00,730.07,0.045
2025-03-04 01:00:00,730.21,0.043
2025-03-04 01:30:00,730.37,0.044
2025-03-04 02:00:00,730.5,0.045
2025-03-04 02:30:00,730.74,0.045
2025-03-04 03:00:00,730.77,0.044
2025-03-04 03:30:00,730.87,0.043
2025-03-04 04:00:00,730.99,0.047
2025-03-04 04:30:00,732.16,0.044
2025-03-04 05:00:00,732.42,0.045
2025-03-04 05:30:00,732.72,0.044
2025-03-04 06:00:00,733.04,0.044
2025-03-04 06:30:00,733.19,0.046
2025-03-04 07:00:00,733.24,0.046
2025-03-04 07:30:00,733.37,0.045
2025-03-04 08:00:00,733.44,0.045
2025-03-04 08:30:00,733.55,0.044
2025-03-04 09:00:00,733.61,0.044
2025-03-04 09:30:00,733.63,0.046
2025-03-04 10:00:00,733.73,0.044
2025-03-04 10:30:00,733.61,0.045
2025-03-04 11:00:00,733.7,0.044
2025-03-04 11:30:00,733.8,0.045
2025-03-04 12:00:00,733.77,0.045
2025-03-04 12:30:00,733.71,0.046
2025-03-04 13:00:00,733.77,0.044
2025-03-04 13:30:00,733.73,0.044
2025-03-04 14:00:00,734.04,0.044
2025-03-04 14:30:00,734.12,0.043
2025-03-04 15:00:00,734.22,0.046
2025-03-04 15:30:00,734.27,0.044
2025-03-04 16:00:00,734.3,0.044
2025-03-04 16:30:00,734.3,0.045
2025-03-04 17:00:00,734.54,0.044
2025-03-04 17:30:00,734.73,0.045
2025-03-04 18:00:00,734.8,0.045
2025-03-04 18:30:00,734.98,0.045
2025-03-04 19:00:00,735.01,0.043
2025-03-04 19:30:00,735.04,0.045
2025-03-04 20:00:00,735.08,0.044
2025-03-04 20:30:00,734.99,0.045
2025-03-04 21:00:00,734.79,0.043
2025-03-04 21:30:00,734.81,0.043
2025-03-04 22:00:00,734.65,0.044
2025-03-04 22:30:00,734.57,0.044
2025-03-04 23:00:00,734.48,0.043
2025-03-04 23:30:00,734.26,0.044
2025-03-05 00:00:00,734.24,0.045
2025-03-05 00:30:00,734.26,0.046
2025-03-05 01:00:00,734.41,0.046
2025-03-05 01:30:00,734.22,0.044
2025-03-05 02:00:00,734.0,0.046
2025-03-05 02:30:00,733.88,0.045
2025-03-05 03:00:00,734.04,0.046
2025-03-05 03:30:00,733.96,0.045
2025-03-05 04:00:00,733.87,0.047
2025-03-05 04:30:00,733.77,0.044
2025-03-05 05:00:00,733.82,0.045
2025-03-05 05:30:00,733.63,0.045
2025-03-05 06:00:00,733.48,0.047
2025-03-05 06:30:00,733.33,0.046
2025-03-05 07:00:00,733.3,0.047
2025-03-05 07:30:00,733.1,0.047
2025-03-05 08:00:00,733.19,0.046
2025-03-05 08:30:00,733.09,0.047
2025-03-05 09:00:00,732.77,0.048
2025-03-05 09:30:00,732.84,0.046
2025-03-05 10:00:00,732.62,0.045
2025-03-05 10:30:00,732.39,0.048
2025-03-05 11:00:00,731.94,0.046
2025-03-05 11:30:00,731.69,0.048
2025-03-05 12:00:00,731.25,0.046
2025-03-05 12:30:00,731.12,0.047
2025-03-05 13:00:00,730.81,0.046
2025-03-05 13:30:00,730.71,0.046
2025-03-05 14:00:00,730.52,0.044
2025-03-05 14:30:00,730.08,0.042
2025-03-05 15:00:00,729.86,0.045
2025-03-05 15:30:00,729.52,0.043
2025-03-05 16:00:00,729.23,0.043
2025-03-05 16:30:00,728.9,0.042
2025-03-05 17:00:00,728.45,0.042
2025-03-05 17:30:00,727.96,0.043
2025-03-05 18:00:00,727.85,0.043
2025-03-05 18:30:00,727.57,0.043
2025-03-05 19:00:00,727.21,0.042
2025-03-05 19:30:00,726.99,0.043
2025-03-05 20:00:00,726.58,0.043
2025-03-05 20:30:00,726.03,0.043
2025-03-05 21:00:00,725.7,0.041
2025-03-05 21:30:00,725.41,0.043
2025-03-05 22:00:00,724.92,0.043
2025-03-05 22:30:00,724.7,0.044
2025-03-05 23:00:00,724.46,0.044
2025-03-05 23:30:00,724.39,0.043
2025-03-06 00:00:00,724.43,0.044
2025-03-06 00:30:00,724.39,0.045
2025-03-06 01:00:00,724.03,0.043
2025-03-06 01:30:00,723.99,0.044
2025-03-06 02:00:00,723.8,0.043
2025-03-06 02:30:00,723.6,0.044
2025-03-06 03:00:00,723.41,0.043
2025-03-06 03:30:00,723.32,0.046
2025-03-06 04:00:00,723.15,0.046
2025-03-06 04:30:00,723.08,0.044
2025-03-06 05:00:00,722.85,0.044
2025-03-06 05:30:00,722.75,0.044
2025-03-06 06:00:00,722.5,0.046
2025-03-06 06:30:00,722.25,0.045
2025-03-06 07:00:00,722.15,0.046
2025-03-06 07:30:00,722.05,0.045
2025-03-06 08:00:00,721.95,0.046
2025-03-06 08:30:00,721.65,0.046
2025-03-06 09:00:00,721.55,0.044
2025-03-06 09:30:00,721.36,0.047
2025-03-06 10:00:00,721.37,0.045
2025-03-06 10:30:00,720.99,0.045
2025-03-06 11:00:00,720.61,0.045
2025-03-06 11:30:00,720.46,0.047
2025-03-06 12:00:00,720.67,0.047
2025-03-06 12:30:00,720.48,0.047
2025-03-06 13:00:00,720.16,0.046
2025-03-06 13:30:00,719.98,0.046
2025-03-06 14:00:00,720.09,0.046
2025-03-06 14:30:00,720.26,0.046
2025-03-06 15:00:00,720.54,0.046
2025-03-06 15:30:00,720.45,0.046
2025-03-06 16:00:00,720.8,0.044
2025-03-06 16:30:00,720.98,0.044
2025-03-06 17:00:00,721.04,0.046
2025-03-06 17:30:00,721.48,0.046
2025-03-06 18:00:00,721.56,0.045
2025-03-06 18:30:00,721.61,0.045
2025-03-06 19:00:00,721.73,0.045
2025-03-06 19:30:00,721.8,0.046
2025-03-06 20:00:00,721.86,0.046
2025-03-06 20:30:00,721.89,0.044
2025-03-06 21:00:00,721.94,0.043
2025-03-06 21:30:00,722.03,0.044
2025-03-06 22:00:00,722.15,0.043
2025-03-06 22:30:00,722.53,0.043
2025-03-06 23:00:00,722.63,0.042
2025-03-06 23:30:00,722.95,0.044
2025-03-07 00:00:00,723.13,0.044
2025-03-07 00:30:00,723.31,0.043
2025-03-07 01:00:00,723.61,0.044
2025-03-07 01:30:00,723.85,0.043
2025-03-07 02:00:00,724.17,0.044
2025-03-07 02:30:00,724.36,0.043
2025-03-07 03:00:00,724.68,0.042
2025-03-07 03:30:00,724.97,0.044
2025-03-07 04:00:00,725.23,0.042
2025-03-07 04:30:00,725.19,0.043
2025-03-07 05:00:00,725.33,0.043
2025-03-07 05:30:00,725.57,0.043
2025-03-07 06:00:00,725.6,0.042
2025-03-07 06:30:00,725.68,0.044
2025-03-07 07:00:00,725.91,0.043
2025-03-07 07:30:00,726.13,0.042
2025-03-07 08:00:00,726.2,0.041
2025-03-07 08:30:00,726.17,0.041
2025-03-07 09:00:00,726.24,0.041
2025-03-07 09:30:00,726.44,0.042
2025-03-07 10:00:00,726.43,0.043
2025-03-07 10:30:00,726.38,0.039
2025-03-07 11:00:00,726.44,0.042
2025-03-07 11:30:00,726.4,0.041
2025-03-07 12:00:00,726.32,0.042
2025-03-07 12:30:00,726.33,0.041
2025-03-07 13:00:00,726.35,0.04
2025-03-07 13:30:00,726.5,0.04
2025-03-07 14:00:00,726.71,0.041
2025-03-07 14:30:00,726.67,0.041
2025-03-07 15:00:00,727.04,0.042
2025-03-07 15:30:00,727.18,0.043
2025-03-07 16:00:00,727.01,0.043
2025-03-07 16:30:00,727.1,0.042
2025-03-07 17:00:00,727.19,0.042
2025-03-07 17:30:00,727.41,0.04
2025-03-07 18:00:00,727.31,0.04
2025-03-07 18:30:00,727.52,0.042
2025-03-07 19:00:00,727.76,0.041
2025-03-07 19:30:00,728.46,0.04
2025-03-07 20:00:00,728.75,0.042
2025-03-07 20:30:00,728.96,0.041
2025-03-07 21:00:00,729.07,0.043
2025-03-07 21:30:00,729.62,0.043
2025-03-07 22:00:00,729.84,0.044
2025-03-07 22:30:00,730.14,0.043
2025-03-07 23:00:00,730.31,0.043
2025-03-07 23:30:00,730.71,0.043
2025-03-08 00:00:00,731.01,0.043
2025-03-08 00:30:00,731.55,0.041
2025-03-08 01:00:00,731.99,0.042
2025-03-08 01:30:00,732.16,0.043
2025-03-08 02:00:00,732.46,0.044
2025-03-08 02:30:00,732.92,0.044
2025-03-08 03:00:00,733.24,0.043
2025-03-08 03:30:00,733.41,0.043
2025-03-08 04:00:00,733.63,0.044
2025-03-08 04:30:00,733.87,0.041
2025-03-08 05:00:00,734.22,0.039
2025-03-08 05:30:00,734.41,0.04
2025-03-08 06:00:00,734.69,0.04
2025-03-08 06:30:00,734.97,0.04
2025-03-08 07:00:00,735.16,0.04
2025-03-08 07:30:00,735.26,0.042
2025-03-08 08:00:00,735.28,0.04
2025-03-08 08:30:00,735.46,0.04
2025-03-08 09:00:00,735.61,0.04
2025-03-08 09:30:00,735.72,0.04
2025-03-08 10:00:00,735.85,0.041
2025-03-08 10:30:00,735.89,0.042
2025-03-08 11:00:00,735.91,0.042
2025-03-08 11:30:00,736.0,0.039
2025-03-08 12:00:00,736.08,0.042
2025-03-08 12:30:00,736.21,0.041
2025-03-08 13:00:00,736.3,0.042
2025-03-08 13:30:00,736.43,0.042
2025-03-08 14:00:00,736.54,0.043
2025-03-08 14:30:00,736.67,0.04
2025-03-08 15:00:00,736.98,0.042
2025-03-08 15:30:00,737.33,0.042
2025-03-08 16:00:00,737.64,0.041
2025-03-08 16:30:00,737.93,0.041
2025-03-08 17:00:00,738.19,0.041
2025-03-08 17:30:00,738.31,0.043
2025-03-08 18:00:00,738.5,0.042
2025-03-08 18:30:00,738.61,0.043
2025-03-08 19:00:00,738.74,0.043
2025-03-08 19:30:00,738.71,0.043
2025-03-08 20:00:00,738.7,0.044
2025-03-08 20:30:00,738.53,0.043
2025-03-08 21:00:00,738.49,0.044
2025-03-08 21:30:00,738.46,0.043
2025-03-08 22:00:00,738.4,0.043
2025-03-08 22:30:00,738.42,0.043
2025-03-08 23:00:00,738.45,0.044
2025-03-08 23:30:00,738.5,0.045
2025-03-09 00:00:00,738.53,0.044
2025-03-09 00:30:00,738.51,0.043
2025-03-09 01:00:00,738.69,0.045
2025-03-09 01:30:00,738.73,0.046
2025-03-09 02:00:00,738.74,0.045
2025-03-09 02:30:00,738.77,0.045
2025-03-09 03:00:00,738.81,0.045
2025-03-09 03:30:00,738.89,0.043
2025-03-09 04:00:00,739.07,0.043
2025-03-09 04:30:00,739.08,0.046
2025-03-09 05:00:00,739.18,0.044
2025-03-09 05:30:00,739.2,0.045
2025-03-09 06:00:00,739.13,0.045
2025-03-09 06:30:00,739.11,0.043
2025-03-09 07:00:00,739.12,0.043
2025-03-09 07:30:00,739.12,0.043
2025-03-09 08:00:00,739.0,0.042
2025-03-09 08:30:00,738.96,0.041
2025-03-09 09:00:00,738.9,0.044
2025-03-09 09:30:00,738.76,0.041
2025-03-09 10:00:00,738.52,0.042
2025-03-09 10:30:00,738.29,0.041
2025-03-09 11:00:00,738.15,0.04
2025-03-09 11:30:00,737.99,0.041
2025-03-09 12:00:00,737.9,0.041
2025-03-09 12:30:00,737.85,0.042
2025-03-09 13:00:00,737.79,0.044
2025-03-09 13:30:00,737.72,0.041
2025-03-09 14:00:00,737.65,0.044
2025-03-09 14:30:00,737.62,0.043
2025-03-09 15:00:00,737.61,0.041
2025-03-09 15:30:00,737.62,0.04
2025-03-09 16:00:00,737.58,0.041
2025-03-09 16:30:00,737.57,0.042
2025-03-09 17:00:00,737.53,0.044
2025-03-09 17:30:00,737.45,0.044
2025-03-09 18:00:00,737.41,0.043
2025-03-09 18:30:00,737.39,0.044
2025-03-09 19:00:00,737.32,0.043
2025-03-09 19:30:00,737.22,0.041
2025-03-09 20:00:00,737.1,0.043
2025-03-09 20:30:00,736.97,0.045
2025-03-09 21:00:00,736.83,0.044
2025-03-09 21:30:00,736.67,0.043
2025-03-09 22:00:00,736.47,0.044
2025-03-09 22:30:00,736.28,0.043
2025-03-09 23:00:00,736.18,0.043
2025-03-09 23:30:00,736.02,0.042
2025-03-10 00:00:00,735.81,0.04
2025-03-10 00:30:00,735.72,0.042
2025-03-10 01:00:00,735.67,0.044
2025-03-10 01:30:00,735.66,0.044
2025-03-10 02:00:00,735.66,0.046
2025-03-10 02:30:00,735.63,0.047
2025-03-10 03:00:00,735.55,0.047
2025-03-10 03:30:00,735.46,0.048
2025-03-10 04:00:00,735.52,0.046
2025-03-10 04:30:00,735.45,0.048
2025-03-10 05:00:00,735.55,0.048
2025-03-10 05:30:00,735.43,0.048
2025-03-10 06:00:00,735.27,0.046
2025-03-10 06:30:00,735.17,0.046
2025-03-10 07:00:00,734.98,0.045
2025-03-10 07:30:00,734.78,0.045
2025-03-10 08:00:00,734.63,0.044
2025-03-10 08:30:00,734.39,0.042
2025-03-10 09:00:00,734.27,0.042
2025-03-10 09:30:00,734.06,0.044
2025-03-10 10:00:00,733.89,0.045
2025-03-10 10:30:00,733.59,0.044
2025-03-10 11:00:00,733.41,0.043
2025-03-10 11:30:00,733.15,0.046
2025-03-10 12:00:00,733.06,0.045
2025-03-10 12:30:00,733.02,0.045
2025-03-10 13:00:00,732.92,0.044
2025-03-10 13:30:00,732.82,0.043
2025-03-10 14:00:00,732.8,0.043
2025-03-10 14:30:00,732.81,0.042
2025-03-10 15:00:00,732.88,0.042
2025-03-10 15:30:00,732.88,0.043
2025-03-10 16:00:00,732.84,0.043
2025-03-10 16:30:00,732.78,0.043
2025-03-10 17:00:00,732.71,0.043
2025-03-10 17:30:00,732.54,0.043
2025-03-10 18:00:00,732.42,0.043
2025-03-10 18:30:00,732.32,0.044
2025-03-10 19:00:00,732.22,0.043
2025-03-10 19:30:00,732.13,0.042
2025-03-10 20:00:00,731.94,0.044
2025-03-10 20:30:00,731.72,0.043
2025-03-10 21:00:00,731.41,0.043
2025-03-10 21:30:00,731.19,0.043
2025-03-10 22:00:00,731.09,0.044
2025-03-10 22:30:00,730.85,0.044
2025-03-10 23:00:00,730.89,0.042
2025-03-10 23:30:00,730.7,0.043
2025-03-11 00:00:00,730.64,0.043
2025-03-11 00:30:00,730.62,0.044
2025-03-11 01:00:00,730.43,0.045
2025-03-11 01:30:00,730.37,0.046
2025-03-11 02:00:00,730.22,0.043
2025-03-11 02:30:00,730.19,0.044
2025-03-11 03:00:00,730.3,0.045
2025-03-11 03:30:00,730.24,0.045
2025-03-11 04:00:00,730.09,0.044
2025-03-11 04:30:00,730.09,0.046
2025-03-11 05:00:00,730.32,0.044
2025-03-11 05:30:00,730.18,0.045
2025-03-11 06:00:00,730.06,0.043
2025-03-11 06:30:00,729.98,0.046
2025-03-11 07:00:00,729.72,0.044
2025-03-11 07:30:00,729.63,0.043
2025-03-11 08:00:00,729.53,0.044
2025-03-11 08:30:00,729.38,0.043
2025-03-11 09:00:00,729.35,0.045
2025-03-11 09:30:00,729.17,0.042
2025-03-11 10:00:00,729.01,0.046
2025-03-11 10:30:00,728.71,0.043
2025-03-11 11:00:00,728.47,0.044
2025-03-11 11:30:00,728.23,0.044
2025-03-11 12:00:00,728.01,0.046
2025-03-11 12:30:00,727.72,0.044
2025-03-11 13:00:00,727.56,0.046
2025-03-11 13:30:00,727.26,0.045
2025-03-11 14:00:00,727.41,0.045
2025-03-11 14:30:00,727.3,0.044
2025-03-11 15:00:00,727.43,0.043
2025-03-11 15:30:00,727.5,0.043
2025-03-11 16:00:00,727.56,0.044
2025-03-11 16:30:00,727.47,0.044
2025-03-11 17:00:00,727.48,0.046
2025-03-11 17:30:00,727.39,0.044
2025-03-11 18:00:00,727.45,0.045
2025-03-11 18:30:00,727.45,0.044
2025-03-11 19:00:00,727.43,0.045
2025-03-11 19:30:00,727.48,0.046
2025-03-11 20:00:00,727.2,0.045
2025-03-11 20:30:00,727.13,0.046
2025-03-11 21:00:00,726.93,0.043
2025-03-11 21:30:00,726.74,0.046
2025-03-11 22:00:00,726.6,0.046
2025-03-11 22:30:00,726.56,0.044
2025-03-11 23:00:00,726.55,0.044
2025-03-11 23:30:00,726.59,0.045
2025-03-12 00:00:00,726.78,0.045
2025-03-12 00:30:00,726.86,0.046
2025-03-12 01:00:00,726.83,0.048
2025-03-12 01:30:00,726.98,0.046
2025-03-12 02:00:00,727.04,0.047
2025-03-12 02:30:00,727.04,0.047
2025-03-12 03:00:00,727.14,0.046
2025-03-12 03:30:00,727.21,0.046
2025-03-12 04:00:00,727.18,0.046
2025-03-12 04:30:00,727.25,0.044
2025-03-12 05:00:00,727.42,0.046
2025-03-12 05:30:00,727.42,0.044
2025-03-12 06:00:00,727.41,0.046
2025-03-12 06:30:00,727.45,0.046
2025-03-12 07:00:00,727.44,0.046
2025-03-12 07:30:00,727.4,0.046
2025-03-12 08:00:00,727.33,0.045
2025-03-12 08:30:00,727.07,0.046
2025-03-12 09:00:00,726.99,0.044
2025-03-12 09:30:00,726.73,0.046
2025-03-12 10:00:00,726.53,0.043
2025-03-12 10:30:00,725.94,0.045
2025-03-12 11:00:00,725.66,0.045
2025-03-12 11:30:00,725.8,0.045
2025-03-12 12:00:00,725.95,0.047
2025-03-12 12:30:00,725.94,0.046
2025-03-12 13:00:00,725.96,0.047
2025-03-12 13:30:00,725.82,0.047
2025-03-12 14:00:00,725.98,0.044
2025-03-12 14:30:00,726.07,0.045
2025-03-12 15:00:00,726.03,0.045
2025-03-12 15:30:00,726.07,0.045
2025-03-12 16:00:00,726.14,0.046
2025-03-12 16:30:00,726.28,0.046
2025-03-12 17:00:00,726.24,0.045
2025-03-12 17:30:00,726.34,0.045
2025-03-12 18:00:00,726.68,0.048
2025-03-12 18:30:00,726.63,0.047
2025-03-12 19:00:00,726.51,0.047
2025-03-12 19:30:00,726.21,0.048
2025-03-12 20:00:00,726.04,0.046
2025-03-12 20:30:00,725.77,0.046
2025-03-12 21:00:00,725.58,0.047
2025-03-12 21:30:00,725.3,0.045
2025-03-12 22:00:00,725.03,0.046
2025-03-12 22:30:00,724.71,0.047
2025-03-12 23:00:00,724.34,0.046
2025-03-12 23:30:00,724.06,0.047
2025-03-13 00:00:00,723.78,0.047
2025-03-13 00:30:00,723.24,0.044
2025-03-13 01:00:00,722.73,0.046
2025-03-13 01:30:00,722.11,0.045
2025-03-13 02:00:00,721.26,0.045
2025-03-13 02:30:00,721.65,0.045
2025-03-13 03:00:00,721.49,0.045
2025-03-13 03:30:00,721.25,0.047
2025-03-13 04:00:00,720.85,0.047
2025-03-13 04:30:00,720.76,0.048
2025-03-13 05:00:00,721.08,0.046
2025-03-13 05:30:00,721.32,0.044
2025-03-13 06:00:00,721.56,0.047
2025-03-13 06:30:00,721.43,0.046
2025-03-13 07:00:00,720.95,0.047
2025-03-13 07:30:00,720.74,0.047
2025-03-13 08:00:00,720.73,0.047
2025-03-13 08:30:00,720.25,0.047
2025-03-13 09:00:00,720.52,0.046
2025-03-13 09:30:00,720.89,0.048
2025-03-13 10:00:00,720.65,0.046
2025-03-13 10:30:00,720.33,0.048
2025-03-13 11:00:00,720.29,0.048
2025-03-13 11:30:00,720.14,0.046
2025-03-13 12:00:00,719.96,0.047
2025-03-13 12:30:00,719.71,0.047
2025-03-13 13:00:00,719.7,0.048
2025-03-13 13:30:00,719.73,0.048
2025-03-13 14:00:00,719.58,0.047
2025-03-13 14:30:00,719.6,0.047
2025-03-13 15:00:00,719.75,0.046
2025-03-13 15:30:00,719.86,0.046
2025-03-13 16:00:00,719.98,0.047
2025-03-13 16:30:00,720.02,0.047
2025-03-13 17:00:00,720.26,0.046
2025-03-13 17:30:00,720.42,0.048
2025-03-13 18:00:00,720.62,0.049
2025-03-13 18:30:00,720.57,0.047
2025-03-13 19:00:00,720.91,0.048
2025-03-13 19:30:00,721.32,0.048
2025-03-13 20:00:00,721.32,0.049
2025-03-13 20:30:00,721.39,0.047
2025-03-13 21:00:00,721.41,0.048
2025-03-13 21:30:00,721.32,0.046
2025-03-13 22:00:00,721.42,0.048
2025-03-13 22:30:00,721.64,0.05
2025-03-13 23:00:00,721.72,0.049
2025-03-13 23:30:00,721.76,0.046
2025-03-14 00:00:00,721.96,0.046
2025-03-14 00:30:00,722.2,0.044
2025-03-14 01:00:00,722.38,0.047
2025-03-14 01:30:00,722.52,0.045
2025-03-14 02:00:00,722.61,0.046
2025-03-14 02:30:00,722.75,0.045
2025-03-14 03:00:00,723.08,0.046
2025-03-14 03:30:00,723.15,0.046
2025-03-14 04:00:00,723.37,0.046
2025-03-14 04:30:00,723.57,0.044
2025-03-14 05:00:00,723.74,0.046
2025-03-14 05:30:00,723.95,0.045
2025-03-14 06:00:00,724.22,0.046
2025-03-14 06:30:00,724.17,0.045
2025-03-14 07:00:00,724.16,0.047
2025-03-14 07:30:00,724.22,0.046
2025-03-14 08:00:00,724.12,0.045
2025-03-14 08:30:00,724.3,0.045
2025-03-14 09:00:00,724.57,0.046
2025-03-14 09:30:00,724.43,0.046
2025-03-14 10:00:00,724.44,0.047
2025-03-14 10:30:00,724.12,0.046
2025-03-14 11:00:00,724.05,0.046
2025-03-14 11:30:00,723.99,0.046
2025-03-14 12:00:00,723.9,0.048
2025-03-14 12:30:00,723.83,0.046
2025-03-14 13:00:00,723.81,0.047
2025-03-14 13:30:00,723.74,0.045
2025-03-14 14:00:00,723.72,0.046
2025-03-14 14:30:00,723.65,0.045
2025-03-14 15:00:00,723.81,0.046
2025-03-14 15:30:00,724.02,0.048
2025-03-14 16:00:00,723.99,0.046
2025-03-14 16:30:00,724.0,0.044
2025-03-14 17:00:00,723.87,0.045
2025-03-14 17:30:00,724.0,0.045
2025-03-14 18:00:00,724.01,0.045
2025-03-14 18:30:00,723.89,0.044
2025-03-14 19:00:00,723.85,0.044
2025-03-14 19:30:00,723.44,0.043
2025-03-14 20:00:00,723.27,0.043
2025-03-14 20:30:00,722.71,0.043
2025-03-14 21:00:00,722.44,0.043
2025-03-14 21:30:00,723.28,0.043
2025-03-14 22:00:00,723.64,0.045
2025-03-14 22:30:00,723.71,0.044
2025-03-14 23:00:00,723.54,0.045
2025-03-14 23:30:00,723.44,0.045
2025-03-15 00:00:00,723.61,0.045
2025-03-15 00:30:00,723.5,0.045
2025-03-15 01:00:00,723.84,0.045
2025-03-15 01:30:00,723.93,0.046
2025-03-15 02:00:00,724.24,0.044
2025-03-15 02:30:00,724.76,0.046
2025-03-15 03:00:00,724.85,0.045
2025-03-15 03:30:00,724.98,0.047
2025-03-15 04:00:00,725.1,0.044
2025-03-15 04:30:00,724.99,0.044
2025-03-15 05:00:00,725.43,0.042
2025-03-15 05:30:00,726.19,0.045
2025-03-15 06:00:00,726.77,0.048
2025-03-15 06:30:00,726.98,0.047
2025-03-15 07:00:00,726.96,0.046
2025-03-15 07:30:00,727.13,0.046
2025-03-15 08:00:00,727.65,0.045
2025-03-15 08:30:00,728.1,0.047
2025-03-15 09:00:00,728.4,0.048
2025-03-15 09:30:00,728.16,0.047
2025-03-15 10:00:00,728.23,0.048
2025-03-15 10:30:00,728.46,0.045
2025-03-15 11:00:00,728.44,0.044
2025-03-15 11:30:00,728.45,0.047
2025-03-15 12:00:00,728.75,0.044
2025-03-15 12:30:00,728.83,0.045
2025-03-15 13:00:00,729.44,0.046
2025-03-15 13:30:00,729.7,0.045
2025-03-15 14:00:00,730.05,0.045
2025-03-15 14:30:00,730.36,0.045
2025-03-15 15:00:00,730.68,0.045
2025-03-15 15:30:00,731.04,0.044
2025-03-15 16:00:00,731.24,0.046
2025-03-15 16:30:00,731.47,0.045
2025-03-15 17:00:00,731.69,0.045
2025-03-15 17:30:00,732.03,0.044
2025-03-15 18:00:00,732.1,0.046
2025-03-15 18:30:00,732.46,0.045
2025-03-15 19:00:00,732.79,0.045
2025-03-15 19:30:00,733.15,0.045
2025-03-15 20:00:00,733.25,0.045
2025-03-15 20:30:00,733.51,0.044
2025-03-15 21:00:00,733.49,0.045
2025-03-15 21:30:00,733.52,0.045
2025-03-15 22:00:00,733.47,0.045
2025-03-15 22:30:00,733.57,0.044
2025-03-15 23:00:00,733.72,0.044
2025-03-15 23:30:00,733.72,0.044
2025-03-16 00:00:00,733.74,0.044
2025-03-16 00:30:00,733.73,0.044
2025-03-16 01:00:00,733.89,0.045
2025-03-16 01:30:00,734.08,0.045
2025-03-16 02:00:00,734.25,0.044
2025-03-16 02:30:00,734.59,0.047
2025-03-16 03:00:00,735.11,0.045
2025-03-16 03:30:00,735.32,0.046
2025-03-16 04:00:00,735.64,0.047
2025-03-16 04:30:00,735.8,0.045
2025-03-16 05:00:00,735.97,0.043
2025-03-16 05:30:00,736.0,0.048
2025-03-16 06:00:00,736.03,0.046
2025-03-16 06:30:00,736.06,0.045
2025-03-16 07:00:00,736.17,0.044
2025-03-16 07:30:00,736.21,0.045
2025-03-16 08:00:00,736.17,0.045
2025-03-16 08:30:00,736.24,0.045
2025-03-16 09:00:00,736.34,0.046
2025-03-16 09:30:00,736.29,0.046
2025-03-16 10:00:00,736.28,0.045
2025-03-16 10:30:00,736.18,0.045
2025-03-16 11:00:00,736.04,0.045
2025-03-16 11:30:00,736.03,0.045
2025-03-16 12:00:00,735.95,0.044
2025-03-16 12:30:00,735.88,0.045
2025-03-16 13:00:00,735.85,0.044
2025-03-16 13:30:00,736.01,0.045
2025-03-16 14:00:00,736.05,0.047
2025-03-16 14:30:00,736.07,0.045
2025-03-16 15:00:00,736.14,0.043
2025-03-16 15:30:00,736.25,0.046
2025-03-16 16:00:00,736.41,0.044
2025-03-16 16:30:00,736.5,0.044
2025-03-16 17:00:00,736.58,0.043
2025-03-16 17:30:00,736.66,0.043
2025-03-16 18:00:00,736.67,0.044
2025-03-16 18:30:00,736.84,0.044
2025-03-16 19:00:00,736.9,0.046
2025-03-16 19:30:00,736.91,0.044
2025-03-16 20:00:00,736.75,0.044
2025-03-16 20:30:00,736.56,0.045
2025-03-16 21:00:00,736.4,0.043
2025-03-16 21:30:00,736.25,0.043
2025-03-16 22:00:00,736.25,0.044
2025-03-16 22:30:00,736.17,0.044
2025-03-16 23:00:00,736.04,0.044
2025-03-16 23:30:00,736.16,0.045
2025-03-17 00:00:00,735.98,0.045
2025-03-17 00:30:00,735.93,0.042
2025-03-17 01:00:00,735.97,0.045
2025-03-17 01:30:00,735.93,0.046
2025-03-17 02:00:00,735.89,0.045
2025-03-17 02:30:00,735.83,0.044
2025-03-17 03:00:00,735.84,0.045
2025-03-17 03:30:00,735.84,0.047
2025-03-17 04:00:00,735.81,0.045
2025-03-17 04:30:00,735.72,0.043
2025-03-17 05:00:00,735.67,0.048
2025-03-17 05:30:00,735.53,0.045
2025-03-17 06:00:00,735.44,0.044
2025-03-17 06:30:00,735.24,0.045
2025-03-17 07:00:00,735.17,0.045
2025-03-17 07:30:00,734.83,0.044
2025-03-17 08:00:00,734.56,0.045
2025-03-17 08:30:00,734.25,0.046
2025-03-17 09:00:00,734.12,0.045
2025-03-17 09:30:00,733.94,0.045
2025-03-17 10:00:00,733.63,0.044
2025-03-17 10:30:00,733.15,0.046
2025-03-17 11:00:00,732.97,0.043
2025-03-17 11:30:00,732.73,0.044
2025-03-17 12:00:00,732.63,0.044
2025-03-17 12:30:00,732.14,0.044
2025-03-17 13:00:00,731.9,0.047
2025-03-17 13:30:00,731.61,0.043
2025-03-17 14:00:00,731.2,0.045
2025-03-17 14:30:00,731.13,0.044
2025-03-17 15:00:00,731.03,0.045
2025-03-17 15:30:00,730.72,0.044
2025-03-17 16:00:00,730.77,0.045
2025-03-17 16:30:00,730.57,0.043
2025-03-17 17:00:00,730.44,0.045
2025-03-17 17:30:00,730.3,0.044
2025-03-17 18:00:00,729.69,0.045
2025-03-17 18:30:00,729.4,0.045
2025-03-17 19:00:00,729.28,0.044
2025-03-17 19:30:00,728.93,0.047
2025-03-17 20:00:00,728.91,0.043
2025-03-17 20:30:00,728.19,0.043
2025-03-17 21:00:00,728.43,0.042
2025-03-17 21:30:00,729.2,0.046
2025-03-17 22:00:00,729.14,0.045
2025-03-17 22:30:00,729.33,0.045
2025-03-17 23:00:00,729.05,0.043
2025-03-17 23:30:00,728.93,0.042
2025-03-18 00:00:00,728.91,0.045
2025-03-18 00:30:00,729.19,0.044
2025-03-18 01:00:00,729.38,0.043
2025-03-18 01:30:00,729.73,0.045
2025-03-18 02:00:00,729.44,0.046
2025-03-18 02:30:00,729.46,0.045
2025-03-18 03:00:00,729.69,0.044
2025-03-18 03:30:00,730.16,0.045
2025-03-18 04:00:00,730.46,0.047
2025-03-18 04:30:00,730.58,0.047
2025-03-18 05:00:00,730.59,0.047
2025-03-18 05:30:00,730.79,0.045
2025-03-18 06:00:00,730.84,0.045
2025-03-18 06:30:00,731.13,0.045
2025-03-18 07:00:00,731.31,0.045
2025-03-18 07:30:00,731.58,0.045
2025-03-18 08:00:00,731.79,0.045
2025-03-18 08:30:00,731.96,0.044
2025-03-18 09:00:00,732.12,0.044
2025-03-18 09:30:00,732.57,0.047
2025-03-18 10:00:00,732.74,0.047
2025-03-18 10:30:00,732.93,0.046
2025-03-18 11:00:00,733.12,0.045
2025-03-18 11:30:00,733.33,0.046
2025-03-18 12:00:00,733.67,0.047
2025-03-18 12:30:00,733.75,0.046
2025-03-18 13:00:00,733.77,0.045
2025-03-18 13:30:00,733.99,0.044
2025-03-18 14:00:00,734.31,0.045
2025-03-18 14:30:00,735.22,0.045
2025-03-18 15:00:00,735.79,0.044
2025-03-18 15:30:00,736.34,0.045
2025-03-18 16:00:00,736.46,0.045
2025-03-18 16:30:00,736.67,0.044
2025-03-18 17:00:00,736.94,0.044
2025-03-18 17:30:00,737.2,0.044
2025-03-18 18:00:00,737.39,0.045
2025-03-18 18:30:00,737.88,0.045
2025-03-18 19:00:00,737.88,0.044
2025-03-18 19:30:00,738.16,0.045
2025-03-18 20:00:00,738.27,0.044
2025-03-18 20:30:00,738.46,0.045
2025-03-18 21:00:00,738.54,0.046
2025-03-18 21:30:00,738.48,0.045
2025-03-18 22:00:00,738.66,0.044
2025-03-18 22:30:00,738.77,0.045
2025-03-18 23:00:00,738.76,0.046
2025-03-18 23:30:00,738.76,0.045
2025-03-19 00:00:00,738.85,0.047
2025-03-19 00:30:00,739.04,0.045
2025-03-19 01:00:00,739.22,0.047
2025-03-19 01:30:00,739.38,0.046
2025-03-19 02:00:00,739.4,0.044
2025-03-19 02:30:00,739.44,0.046
2025-03-19 03:00:00,739.62,0.047
2025-03-19 03:30:00,739.99,0.044
2025-03-19 04:00:00,740.34,0.045
2025-03-19 04:30:00,740.46,0.046
2025-03-19 05:00:00,740.62,0.046
2025-03-19 05:30:00,740.74,0.043
2025-03-19 06:00:00,740.81,0.046
2025-03-19 06:30:00,740.95,0.045
2025-03-19 07:00:00,741.02,0.044
2025-03-19 07:30:00,741.08,0.044
2025-03-19 08:00:00,741.21,0.046
2025-03-19 08:30:00,741.26,0.044
2025-03-19 09:00:00,741.25,0.043
2025-03-19 09:30:00,741.15,0.045
2025-03-19 10:00:00,741.07,0.045
2025-03-19 10:30:00,740.98,0.043
2025-03-19 11:00:00,740.88,0.045
2025-03-19 11:30:00,740.74,0.044
2025-03-19 12:00:00,740.67,0.045
2025-03-19 12:30:00,740.58,0.046
2025-03-19 13:00:00,740.5,0.045
2025-03-19 13:30:00,740.57,0.044
2025-03-19 14:00:00,740.74,0.044
2025-03-19 14:30:00,740.84,0.046
2025-03-19 15:00:00,740.84,0.045
2025-03-19 15:30:00,740.85,0.045
2025-03-19 16:00:00,741.0,0.044
2025-03-19 16:30:00,741.09,0.045
2025-03-19 17:00:00,741.15,0.044
2025-03-19 17:30:00,741.15,0.044
2025-03-19 18:00:00,741.16,0.045
2025-03-19 18:30:00,741.03,0.045
2025-03-19 19:00:00,740.89,0.044
2025-03-19 19:30:00,740.75,0.046
2025-03-19 20:00:00,740.82,0.044
2025-03-19 20:30:00,740.61,0.045
2025-03-19 21:00:00,740.43,0.045
2025-03-19 21:30:00,740.19,0.044
2025-03-19 22:00:00,739.98,0.045
2025-03-19 22:30:00,740.0,0.044
2025-03-19 23:00:00,740.17,0.045
2025-03-19 23:30:00,739.76,0.046
2025-03-20 00:00:00,739.68,0.047
2025-03-20 00:30:00,739.84,0.047
2025-03-20 01:00:00,739.74,0.047
2025-03-20 01:30:00,739.67,0.047
2025-03-20 02:00:00,739.63,0.049
2025-03-20 02:30:00,739.36,0.047
2025-03-20 03:00:00,739.23,0.047
2025-03-20 03:30:00,739.24,0.046
2025-03-20 04:00:00,739.37,0.046
2025-03-20 04:30:00,739.29,0.048
2025-03-20 05:00:00,739.26,0.046
2025-03-20 05:30:00,739.11,0.048
2025-03-20 06:00:00,738.96,0.046
2025-03-20 06:30:00,739.01,0.046
2025-03-20 07:00:00,738.87,0.047
2025-03-20 07:30:00,738.26,0.046
2025-03-20 08:00:00,737.97,0.046
2025-03-20 08:30:00,737.77,0.048
2025-03-20 09:00:00,737.82,0.046
2025-03-20 09:30:00,737.55,0.047
2025-03-20 10:00:00,737.4,0.047
2025-03-20 10:30:00,737.4,0.048
2025-03-20 11:00:00,737.34,0.046
2025-03-20 11:30:00,737.22,0.048
2025-03-20 12:00:00,737.45,0.047
2025-03-20 12:30:00,737.46,0.048
2025-03-20 13:00:00,737.3,0.049
2025-03-20 13:30:00,737.55,0.048
2025-03-20 14:00:00,737.83,0.047
2025-03-20 14:30:00,737.81,0.049
2025-03-20 15:00:00,737.54,0.049
2025-03-20 15:30:00,737.52,0.051
2025-03-20 16:00:00,737.74,0.047
2025-03-20 16:30:00,737.84,0.047
2025-03-20 17:00:00,737.83,0.047
2025-03-20 17:30:00,738.05,0.048
2025-03-20 18:00:00,737.99,0.047
2025-03-20 18:30:00,737.97,0.048
2025-03-20 19:00:00,737.95,0.046
2025-03-20 19:30:00,737.87,0.047
2025-03-20 20:00:00,737.85,0.048
2025-03-20 20:30:00,737.72,0.047
2025-03-20 21:00:00,737.65,0.048
2025-03-20 21:30:00,737.64,0.047
2025-03-20 22:00:00,737.62,0.048
2025-03-20 22:30:00,737.58,0.048
2025-03-20 23:00:00,737.47,0.049
2025-03-20 23:30:00,737.46,0.048
2025-03-21 00:00:00,737.41,0.049
2025-03-21 00:30:00,737.39,0.05
2025-03-21 01:00:00,737.34,0.05
2025-03-21 01:30:00,737.33,0.05
2025-03-21 02:00:00,737.32,0.05
2025-03-21 02:30:00,737.46,0.049
2025-03-21 03:00:00,737.59,0.049
2025-03-21 03:30:00,737.69,0.05
2025-03-21 04:00:00,737.69,0.05
2025-03-21 04:30:00,737.8,0.05
2025-03-21 05:00:00,737.89,0.049
2025-03-21 05:30:00,737.85,0.05
2025-03-21 06:00:00,737.93,0.051
2025-03-21 06:30:00,738.02,0.05
2025-03-21 07:00:00,737.83,0.05
2025-03-21 07:30:00,737.72,0.05
2025-03-21 08:00:00,737.77,0.049
2025-03-21 08:30:00,737.99,0.048
2025-03-21 09:00:00,737.75,0.05
2025-03-21 09:30:00,737.58,0.049
2025-03-21 10:00:00,737.47,0.049
2025-03-21 10:30:00,737.31,0.05
2025-03-21 11:00:00,737.16,0.05
2025-03-21 11:30:00,737.19,0.049
2025-03-21 12:00:00,737.14,0.051
2025-03-21 12:30:00,736.99,0.049
2025-03-21 13:00:00,736.96,0.049
2025-03-21 13:30:00,737.02,0.05
2025-03-21 14:00:00,737.07,0.049
2025-03-21 14:30:00,737.15,0.051
2025-03-21 15:00:00,737.1,0.05
2025-03-21 15:30:00,737.15,0.049
2025-03-21 16:00:00,737.34,0.05
2025-03-21 16:30:00,737.43,0.05
2025-03-21 17:00:00,737.52,0.05
2025-03-21 17:30:00,737.56,0.052
2025-03-21 18:00:00,737.54,0.051
2025-03-21 18:30:00,737.46,0.05
2025-03-21 19:00:00,737.24,0.05
2025-03-21 19:30:00,737.16,0.051
2025-03-21 20:00:00,737.3,0.051
2025-03-21 20:30:00,736.99,0.052
2025-03-21 21:00:00,736.99,0.05
2025-03-21 21:30:00,736.77,0.05
2025-03-21 22:00:00,736.76,0.05
2025-03-21 22:30:00,736.7,0.052
2025-03-21 23:00:00,736.71,0.054
2025-03-21 23:30:00,736.55,0.053
2025-03-22 00:00:00,736.39,0.053
2025-03-22 00:30:00,736.4,0.055
2025-03-22 01:00:00,736.25,0.054
2025-03-22 01:30:00,736.1,0.054
2025-03-22 02:00:00,736.36,0.052
2025-03-22 02:30:00,736.37,0.055
2025-03-22 03:00:00,736.51,0.054
2025-03-22 03:30:00,736.4,0.052
2025-03-22 04:00:00,736.52,0.052
2025-03-22 04:30:00,736.61,0.053
2025-03-22 05:00:00,736.68,0.054
2025-03-22 05:30:00,736.86,0.051
2025-03-22 06:00:00,736.82,0.053
2025-03-22 06:30:00,736.71,0.054
2025-03-22 07:00:00,736.75,0.051
2025-03-22 07:30:00,736.6,0.051
2025-03-22 08:00:00,736.45,0.051
2025-03-22 08:30:00,736.41,0.052
2025-03-22 09:00:00,736.35,0.052
2025-03-22 09:30:00,736.22,0.052
2025-03-22 10:00:00,736.03,0.051
2025-03-22 10:30:00,735.93,0.05
2025-03-22 11:00:00,735.85,0.053
2025-03-22 11:30:00,735.72,0.052
2025-03-22 12:00:00,735.7,0.054
2025-03-22 12:30:00,735.67,0.052
2025-03-22 13:00:00,735.61,0.052
2025-03-22 13:30:00,735.66,0.053
2025-03-22 14:00:00,735.69,0.053
2025-03-22 14:30:00,735.76,0.054
2025-03-22 15:00:00,735.77,0.053
2025-03-22 15:30:00,735.8,0.053
2025-03-22 16:00:00,735.76,0.054
2025-03-22 16:30:00,735.9,0.054
2025-03-22 17:00:00,735.88,0.054
2025-03-22 17:30:00,736.0,0.055
2025-03-22 18:00:00,735.97,0.053
2025-03-22 18:30:00,735.97,0.055
2025-03-22 19:00:00,735.98,0.054
2025-03-22 19:30:00,735.87,0.055
2025-03-22 20:00:00,735.72,0.057
2025-03-22 20:30:00,735.56,0.053
2025-03-22 21:00:00,735.4,0.056
2025-03-22 21:30:00,735.34,0.055
2025-03-22 22:00:00,735.33,0.056
2025-03-22 22:30:00,735.33,0.057
2025-03-22 23:00:00,735.27,0.056
2025-03-22 23:30:00,735.21,0.056
2025-03-23 00:00:00,735.2,0.056
2025-03-23 00:30:00,735.16,0.057
2025-03-23 01:00:00,735.17,0.056
2025-03-23 01:30:00,735.19,0.058
2025-03-23 02:00:00,735.2,0.058
2025-03-23 02:30:00,735.27,0.058
2025-03-23 03:00:00,735.41,0.061
2025-03-23 03:30:00,735.57,0.06
2025-03-23 04:00:00,735.72,0.059
2025-03-23 04:30:00,735.8,0.058
2025-03-23 05:00:00,736.04,0.058
2025-03-23 05:30:00,736.24,0.059
2025-03-23 06:00:00,736.2,0.059
2025-03-23 06:30:00,736.19,0.059
2025-03-23 07:00:00,736.17,0.056
2025-03-23 07:30:00,736.32,0.055
2025-03-23 08:00:00,736.43,0.057
2025-03-23 08:30:00,736.37,0.056
2025-03-23 09:00:00,736.44,0.055
2025-03-23 09:30:00,736.37,0.055
2025-03-23 10:00:00,736.56,0.054
2025-03-23 10:30:00,736.57,0.055
2025-03-23 11:00:00,736.67,0.055
2025-03-23 11:30:00,736.89,0.054
2025-03-23 12:00:00,736.75,0.054
2025-03-23 12:30:00,736.56,0.054
2025-03-23 13:00:00,736.7,0.055
2025-03-23 13:30:00,736.84,0.054
2025-03-23 14:00:00,737.08,0.055
2025-03-23 14:30:00,737.28,0.054
2025-03-23 15:00:00,737.44,0.055
2025-03-23 15:30:00,737.67,0.054
2025-03-23 16:00:00,737.94,0.054
2025-03-23 16:30:00,738.19,0.054
2025-03-23 17:00:00,738.49,0.055
2025-03-23 17:30:00,738.72,0.053
2025-03-23 18:00:00,739.08,0.056
2025-03-23 18:30:00,739.3,0.056
2025-03-23 19:00:00,739.49,0.055
2025-03-23 19:30:00,739.68,0.056
2025-03-23 20:00:00,739.74,0.054
2025-03-23 20:30:00,739.74,0.055
2025-03-23 21:00:00,739.69,0.054
2025-03-23 21:30:00,739.64,0.056
2025-03-23 22:00:00,739.65,0.056
2025-03-23 22:30:00,739.75,0.058
2025-03-23 23:00:00,739.9,0.061
2025-03-23 23:30:00,739.94,0.063
2025-03-24 00:00:00,740.11,0.07
2025-03-24 00:30:00,740.21,0.07
2025-03-24 01:00:00,740.59,0.071
2025-03-24 01:30:00,740.91,0.072
2025-03-24 02:00:00,741.28,0.073
2025-03-24 02:30:00,741.46,0.077
2025-03-24 03:00:00,741.8,0.082
2025-03-24 03:30:00,742.08,0.086
2025-03-24 04:00:00,742.47,0.088
2025-03-24 04:30:00,742.72,0.089
2025-03-24 05:00:00,742.91,0.088
2025-03-24 05:30:00,743.14,0.09
2025-03-24 06:00:00,743.18,0.088
2025-03-24 06:30:00,743.26,0.088
2025-03-24 07:00:00,743.29,0.088
2025-03-24 07:30:00,743.2,0.084
2025-03-24 08:00:00,743.23,0.084
2025-03-24 08:30:00,743.2,0.086
2025-03-24 09:00:00,743.19,0.083
2025-03-24 09:30:00,743.19,0.082
2025-03-24 10:00:00,743.18,0.079
2025-03-24 10:30:00,743.04,0.08
2025-03-24 11:00:00,742.97,0.078
2025-03-24 11:30:00,743.0,0.075
2025-03-24 12:00:00,742.95,0.076
2025-03-24 12:30:00,743.07,0.076
2025-03-24 13:00:00,743.13,0.076
2025-03-24 13:30:00,743.24,0.075
2025-03-24 14:00:00,743.32,0.072
2025-03-24 14:30:00,743.41,0.073
2025-03-24 15:00:00,743.45,0.071
2025-03-24 15:30:00,743.36,0.071
2025-03-24 16:00:00,743.4,0.071
2025-03-24 16:30:00,743.44,0.07
2025-03-24 17:00:00,743.52,0.07
2025-03-24 17:30:00,743.56,0.068
2025-03-24 18:00:00,743.65,0.07
2025-03-24 18:30:00,743.63,0.069
2025-03-24 19:00:00,743.6,0.068
2025-03-24 19:30:00,743.61,0.067
2025-03-24 20:00:00,743.55,0.069
2025-03-24 20:30:00,743.51,0.069
2025-03-24 21:00:00,743.44,0.068
2025-03-24 21:30:00,743.38,0.068
2025-03-24 22:00:00,743.35,0.069
2025-03-24 22:30:00,743.4,0.07
2025-03-24 23:00:00,743.37,0.075
2025-03-24 23:30:00,743.32,0.077
2025-03-25 00:00:00,743.26,0.079
2025-03-25 00:30:00,743.4,0.082
2025-03-25 01:00:00,743.62,0.088
2025-03-25 01:30:00,743.83,0.096
2025-03-25 02:00:00,743.97,0.105
2025-03-25 02:30:00,744.27,0.112
2025-03-25 03:00:00,744.56,0.118
2025-03-25 03:30:00,744.85,0.124
2025-03-25 04:00:00,745.28,0.127
2025-03-25 04:30:00,745.61,0.128
2025-03-25 05:00:00,745.61,0.128
2025-03-25 05:30:00,745.61,0.128
2025-03-25 06:00:00,745.58,0.123
2025-03-25 06:30:00,745.51,0.119
2025-03-25 07:00:00,745.5,0.117
2025-03-25 07:30:00,745.45,0.114
2025-03-25 08:00:00,745.31,0.111
2025-03-25 08:30:00,745.17,0.107
2025-03-25 09:00:00,745.13,0.105
2025-03-25 09:30:00,745.0,0.103
2025-03-25 10:00:00,744.94,0.101
2025-03-25 10:30:00,744.77,0.098
2025-03-25 11:00:00,744.6,0.096
2025-03-25 11:30:00,744.6,0.095
2025-03-25 12:00:00,744.57,0.093
2025-03-25 12:30:00,744.57,0.093
2025-03-25 13:00:00,744.4,0.091
2025-03-25 13:30:00,744.33,0.09
2025-03-25 14:00:00,744.29,0.088
2025-03-25 14:30:00,744.31,0.086
2025-03-25 15:00:00,744.29,0.085
2025-03-25 15:30:00,744.26,0.086
2025-03-25 16:00:00,744.22,0.082
2025-03-25 16:30:00,744.22,0.082
2025-03-25 17:00:00,744.21,0.081
2025-03-25 17:30:00,744.23,0.08
2025-03-25 18:00:00,744.18,0.078
2025-03-25 18:30:00,744.09,0.078
2025-03-25 19:00:00,744.03,0.078
2025-03-25 19:30:00,744.0,0.078
2025-03-25 20:00:00,743.97,0.076
2025-03-25 20:30:00,743.82,0.077
2025-03-25 21:00:00,743.72,0.077
2025-03-25 21:30:00,743.63,0.076
2025-03-25 22:00:00,743.58,0.078
2025-03-25 22:30:00,743.54,0.08
2025-03-25 23:00:00,743.49,0.082
2025-03-25 23:30:00,743.5,0.083
2025-03-26 00:00:00,743.48,0.086
2025-03-26 00:30:00,743.61,0.093
2025-03-26 01:00:00,743.76,0.102
2025-03-26 01:30:00,743.78,0.112
2025-03-26 02:00:00,743.79,0.122
2025-03-26 02:30:00,743.98,0.125
2025-03-26 03:00:00,744.16,0.132
2025-03-26 03:30:00,744.27,0.138
2025-03-26 04:00:00,744.27,0.139
2025-03-26 04:30:00,744.23,0.14
2025-03-26 05:00:00,744.11,0.14
2025-03-26 05:30:00,744.02,0.138
2025-03-26 06:00:00,743.98,0.136
2025-03-26 06:30:00,743.94,0.132
2025-03-26 07:00:00,743.88,0.128
2025-03-26 07:30:00,743.82,0.126
2025-03-26 08:00:00,743.76,0.123
2025-03-26 08:30:00,743.75,0.118
2025-03-26 09:00:00,743.65,0.117
2025-03-26 09:30:00,743.44,0.114
2025-03-26 10:00:00,743.34,0.112
2025-03-26 10:30:00,743.29,0.111
2025-03-26 11:00:00,743.22,0.109
2025-03-26 11:30:00,743.13,0.108
2025-03-26 12:00:00,743.04,0.105
2025-03-26 12:30:00,742.94,0.1
2025-03-26 13:00:00,742.89,0.097
2025-03-26 13:30:00,742.8,0.098
2025-03-26 14:00:00,742.79,0.096
2025-03-26 14:30:00,742.75,0.097
2025-03-26 15:00:00,742.66,0.094
2025-03-26 15:30:00,742.58,0.095
2025-03-26 16:00:00,742.51,0.094
2025-03-26 16:30:00,742.53,0.094
2025-03-26 17:00:00,742.53,0.092
2025-03-26 17:30:00,742.58,0.093
2025-03-26 18:00:00,742.49,0.09
2025-03-26 18:30:00,742.4,0.089
2025-03-26 19:00:00,742.31,0.089
2025-03-26 19:30:00,742.21,0.087
2025-03-26 20:00:00,742.13,0.087
2025-03-26 20:30:00,742.0,0.087
2025-03-26 21:00:00,741.91,0.087
2025-03-26 21:30:00,741.85,0.086
2025-03-26 22:00:00,741.89,0.088
2025-03-26 22:30:00,741.97,0.089
2025-03-26 23:00:00,741.8,0.09
2025-03-26 23:30:00,741.9,0.091
2025-03-27 00:00:00,741.85,0.094
2025-03-27 00:30:00,741.95,0.098
2025-03-27 01:00:00,741.87,0.103
2025-03-27 01:30:00,741.9,0.112
2025-03-27 02:00:00,741.92,0.123
2025-03-27 02:30:00,741.98,0.129
2025-03-27 03:00:00,742.01,0.137
2025-03-27 03:30:00,742.1,0.142
2025-03-27 04:00:00,742.41,0.148
2025-03-27 04:30:00,742.5,0.153
2025-03-27 05:00:00,742.69,0.157
2025-03-27 05:30:00,742.6,0.161
2025-03-27 06:00:00,742.57,0.16
2025-03-27 06:30:00,742.56,0.154
2025-03-27 07:00:00,742.47,0.149
2025-03-27 07:30:00,742.3,0.145
2025-03-27 08:00:00,742.2,0.144
2025-03-27 08:30:00,742.11,0.138
2025-03-27 09:00:00,741.98,0.133
2025-03-27 09:30:00,741.91,0.129
2025-03-27 10:00:00,741.8,0.127
2025-03-27 10:30:00,741.71,0.123
2025-03-27 11:00:00,741.7,0.122
2025-03-27 11:30:00,741.65,0.119
2025-03-27 12:00:00,741.61,0.118
2025-03-27 12:30:00,741.34,0.115
2025-03-27 13:00:00,741.18,0.115
2025-03-27 13:30:00,741.11,0.116
2025-03-27 14:00:00,741.33,0.115
2025-03-27 14:30:00,741.32,0.114
2025-03-27 15:00:00,741.27,0.112
2025-03-27 15:30:00,741.28,0.111
2025-03-27 16:00:00,741.22,0.111
2025-03-27 16:30:00,741.16,0.112
2025-03-27 17:00:00,741.26,0.114
2025-03-27 17:30:00,741.13,0.115
2025-03-27 18:00:00,741.21,0.115
2025-03-27 18:30:00,741.12,0.116
2025-03-27 19:00:00,740.95,0.117
2025-03-27 19:30:00,740.79,0.118
2025-03-27 20:00:00,740.56,0.12
2025-03-27 20:30:00,740.32,0.122
2025-03-27 21:00:00,740.06,0.124
2025-03-27 21:30:00,739.82,0.124
2025-03-27 22:00:00,739.59,0.126
2025-03-27 22:30:00,739.54,0.128
2025-03-27 23:00:00,739.41,0.129
2025-03-27 23:30:00,739.34,0.132
2025-03-28 00:00:00,739.32,0.132
2025-03-28 00:30:00,739.35,0.131
2025-03-28 01:00:00,739.35,0.134
2025-03-28 01:30:00,739.25,0.132
2025-03-28 02:00:00,739.11,0.132
2025-03-28 02:30:00,739.09,0.132
2025-03-28 03:00:00,739.06,0.131
2025-03-28 03:30:00,738.88,0.132
2025-03-28 04:00:00,738.72,0.131
2025-03-28 04:30:00,738.76,0.131
2025-03-28 05:00:00,738.71,0.13
2025-03-28 05:30:00,738.46,0.133
2025-03-28 06:00:00,738.44,0.133
2025-03-28 06:30:00,738.43,0.131
2025-03-28 07:00:00,738.27,0.13
2025-03-28 07:30:00,738.12,0.13
2025-03-28 08:00:00,738.04,0.131
2025-03-28 08:30:00,738.06,0.13
2025-03-28 09:00:00,737.93,0.131
2025-03-28 09:30:00,737.8,0.13
2025-03-28 10:00:00,737.47,0.128
2025-03-28 10:30:00,737.37,0.129
2025-03-28 11:00:00,737.36,0.129
2025-03-28 11:30:00,737.23,0.128
2025-03-28 12:00:00,736.88,0.129
2025-03-28 12:30:00,736.69,0.127
2025-03-28 13:00:00,736.67,0.126
2025-03-28 13:30:00,736.58,0.127
2025-03-28 14:00:00,736.73,0.127
2025-03-28 14:30:00,736.84,0.125
2025-03-28 15:00:00,736.91,0.125
2025-03-28 15:30:00,736.9,0.126
2025-03-28 16:00:00,737.03,0.124
2025-03-28 16:30:00,737.06,0.124
2025-03-28 17:00:00,737.13,0.125
2025-03-28 17:30:00,737.32,0.123
2025-03-28 18:00:00,737.26,0.123
2025-03-28 18:30:00,737.28,0.123
2025-03-28 19:00:00,737.16,0.12
2025-03-28 19:30:00,737.11,0.124
2025-03-28 20:00:00,737.09,0.123
2025-03-28 20:30:00,737.01,0.122
2025-03-28 21:00:00,736.95,0.122
2025-03-28 21:30:00,736.83,0.123
2025-03-28 22:00:00,736.76,0.125
2025-03-28 22:30:00,736.63,0.124
2025-03-28 23:00:00,736.51,0.124
2025-03-28 23:30:00,736.43,0.125
2025-03-29 00:00:00,736.32,0.124
2025-03-29 00:30:00,736.26,0.121
2025-03-29 01:00:00,736.22,0.118
2025-03-29 01:30:00,736.03,0.115
2025-03-29 02:00:00,735.89,0.114
2025-03-29 02:30:00,735.87,0.112
2025-03-29 03:00:00,735.97,0.109
2025-03-29 03:30:00,736.0,0.109
2025-03-29 04:00:00,735.84,0.107
2025-03-29 04:30:00,735.89,0.106
2025-03-29 05:00:00,735.95,0.102
2025-03-29 05:30:00,735.92,0.1
2025-03-29 06:00:00,735.85,0.102
2025-03-29 06:30:00,735.66,0.1
2025-03-29 07:00:00,735.57,0.098
2025-03-29 07:30:00,735.51,0.097
2025-03-29 08:00:00,735.32,0.095
2025-03-29 08:30:00,735.35,0.094
2025-03-29 09:00:00,735.3,0.093
2025-03-29 09:30:00,735.24,0.088
2025-03-29 10:00:00,735.12,0.087
2025-03-29 10:30:00,734.87,0.085
2025-03-29 11:00:00,734.78,0.085
2025-03-29 11:30:00,734.72,0.086
2025-03-29 12:00:00,734.52,0.084
2025-03-29 12:30:00,734.57,0.083
2025-03-29 13:00:00,734.58,0.081
2025-03-29 13:30:00,734.58,0.083
2025-03-29 14:00:00,734.63,0.079
2025-03-29 14:30:00,734.69,0.081
2025-03-29 15:00:00,734.76,0.079
2025-03-29 15:30:00,734.74,0.077
2025-03-29 16:00:00,734.74,0.076
2025-03-29 16:30:00,734.8,0.079
2025-03-29 17:00:00,734.87,0.078
2025-03-29 17:30:00,735.01,0.076
2025-03-29 18:00:00,735.11,0.076
2025-03-29 18:30:00,735.08,0.078
2025-03-29 19:00:00,735.11,0.078
2025-03-29 19:30:00,735.11,0.077
2025-03-29 20:00:00,735.06,0.08
2025-03-29 20:30:00,734.93,0.079
2025-03-29 21:00:00,734.72,0.079
2025-03-29 21:30:00,734.73,0.082
2025-03-29 22:00:00,734.56,0.085
2025-03-29 22:30:00,734.46,0.086
2025-03-29 23:00:00,734.42,0.09
2025-03-29 23:30:00,734.48,0.089
2025-03-30 00:00:00,734.61,0.09
2025-03-30 00:30:00,734.5,0.089
2025-03-30 01:00:00,734.5,0.091
2025-03-30 01:30:00,734.55,0.09
2025-03-30 02:00:00,734.48,0.09
2025-03-30 02:30:00,734.4,0.089
2025-03-30 03:00:00,734.61,0.087
2025-03-30 03:30:00,734.54,0.087
2025-03-30 04:00:00,734.45,0.087
2025-03-30 04:30:00,734.41,0.087
2025-03-30 05:00:00,734.19,0.086
2025-03-30 05:30:00,734.26,0.084
2025-03-30 06:00:00,734.18,0.085
2025-03-30 06:30:00,734.02,0.084
2025-03-30 07:00:00,734.09,0.084
2025-03-30 07:30:00,733.93,0.085
2025-03-30 08:00:00,733.83,0.085
2025-03-30 08:30:00,733.64,0.085
2025-03-30 09:00:00,733.37,0.083
2025-03-30 09:30:00,732.66,0.082
2025-03-30 10:00:00,732.78,0.082
2025-03-30 10:30:00,732.36,0.084
2025-03-30 11:00:00,732.7,0.082
2025-03-30 11:30:00,732.73,0.084
2025-03-30 12:00:00,732.62,0.083
2025-03-30 12:30:00,732.54,0.083
2025-03-30 13:00:00,732.42,0.082
2025-03-30 13:30:00,732.23,0.081
2025-03-30 14:00:00,732.22,0.083
2025-03-30 14:30:00,732.42,0.083
2025-03-30 15:00:00,732.52,0.081
2025-03-30 15:30:00,732.6,0.081
2025-03-30 16:00:00,732.82,0.08
2025-03-30 16:30:00,733.12,0.078
2025-03-30 17:00:00,733.29,0.077
2025-03-30 17:30:00,733.12,0.077
2025-03-30 18:00:00,733.3,0.076
2025-03-30 18:30:00,733.42,0.078
2025-03-30 19:00:00,733.55,0.077
2025-03-30 19:30:00,733.77,0.078
2025-03-30 20:00:00,733.74,0.079
2025-03-30 20:30:00,733.78,0.079
2025-03-30 21:00:00,734.04,0.079
2025-03-30 21:30:00,734.08,0.08
2025-03-30 22:00:00,734.12,0.082
2025-03-30 22:30:00,734.12,0.083
2025-03-30 23:00:00,734.13,0.083
2025-03-30 23:30:00,734.02,0.084
2025-03-31 00:00:00,733.89,0.084
2025-03-31 00:30:00,733.94,0.086
2025-03-31 01:00:00,733.93,0.086
2025-03-31 01:30:00,733.92,0.086
2025-03-31 02:00:00,733.66,0.086
2025-03-31 02:30:00,733.63,0.084
2025-03-31 03:00:00,733.47,0.086
2025-03-31 03:30:00,733.45,0.086
2025-03-31 04:00:00,733.57,0.084
2025-03-31 04:30:00,733.54,0.083
2025-03-31 05:00:00,733.66,0.083
2025-03-31 05:30:00,733.36,0.084
2025-03-31 06:00:00,733.45,0.082
2025-03-31 06:30:00,733.21,0.084
2025-03-31 07:00:00,733.2,0.081
2025-03-31 07:30:00,733.15,0.079
2025-03-31 08:00:00,733.04,0.081
2025-03-31 08:30:00,732.75,0.086
2025-03-31 09:00:00,732.68,0.088
2025-03-31 09:30:00,732.63,0.086
2025-03-31 10:00:00,732.35,0.083
2025-03-31 10:30:00,732.15,0.08
2025-03-31 11:00:00,731.93,0.078
2025-03-31 11:30:00,731.98,0.079
2025-03-31 12:00:00,731.76,0.077
2025-03-31 12:30:00,731.88,0.076
2025-03-31 13:00:00,731.92,0.075
2025-03-31 13:30:00,731.96,0.074
2025-03-31 14:00:00,732.07,0.074
2025-03-31 14:30:00,732.12,0.073
2025-03-31 15:00:00,732.02,0.071
2025-03-31 15:30:00,731.74,0.072
2025-03-31 16:00:00,731.74,0.069
2025-03-31 16:30:00,731.52,0.069
2025-03-31 17:00:00,731.62,0.071
2025-03-31 17:30:00,731.66,0.07
2025-03-31 18:00:00,731.51,0.069
2025-03-31 18:30:00,731.57,0.071
2025-03-31 19:00:00,731.7,0.071
2025-03-31 19:30:00,731.41,0.069
2025-03-31 20:00:00,731.36,0.071
2025-03-31 20:30:00,731.18,0.07
2025-03-31 21:00:00,731.1,0.068
2025-03-31 21:30:00,731.01,0.068
2025-03-31 22:00:00,730.78,0.067
2025-03-31 22:30:00,730.55,0.07
2025-03-31 23:00:00,730.61,0.07
2025-03-31 23:30:00,730.45,0.069
2025-04-01 00:00:00,730.07,0.068
2025-04-01 00:30:00,730.15,0.069
2025-04-01 01:00:00,730.33,0.067
2025-04-01 01:30:00,730.41,0.069
2025-04-01 02:00:00,730.25,0.066
2025-04-01 02:30:00,730.01,0.065
2025-04-01 03:00:00,729.73,0.064
2025-04-01 03:30:00,730.06,0.063
2025-04-01 04:00:00,730.14,0.066
2025-04-01 04:30:00,729.78,0.069
2025-04-01 05:00:00,729.93,0.067
2025-04-01 05:30:00,730.03,0.061
2025-04-01 06:00:00,730.0,0.054
2025-04-01 06:30:00,729.95,0.051
2025-04-01 07:00:00,730.06,0.052
2025-04-01 07:30:00,729.98,0.046
2025-04-01 08:00:00,729.95,0.044
2025-04-01 08:30:00,729.91,0.042
2025-04-01 09:00:00,730.12,0.041
2025-04-01 09:30:00,730.09,0.043
2025-04-01 10:00:00,730.01,0.045
2025-04-01 10:30:00,730.01,0.046
2025-04-01 11:00:00,729.95,0.045
2025-04-01 11:30:00,729.73,0.047
2025-04-01 12:00:00,729.77,0.047
2025-04-01 12:30:00,729.76,0.048
2025-04-01 13:00:00,729.65,0.05
2025-04-01 13:30:00,729.84,0.048
2025-04-01 14:00:00,729.75,0.046
2025-04-01 14:30:00,729.64,0.045
2025-04-01 15:00:00,729.69,0.045
2025-04-01 15:30:00,729.7,0.044
2025-04-01 16:00:00,729.64,0.047
2025-04-01 16:30:00,729.76,0.045
2025-04-01 17:00:00,729.94,0.044
2025-04-01 17:30:00,730.02,0.046
2025-04-01 18:00:00,729.96,0.043
2025-04-01 18:30:00,729.81,0.045
2025-04-01 19:00:00,729.58,0.038
2025-04-01 19:30:00,729.58,0.041
2025-04-01 20:00:00,729.38,0.043
2025-04-01 20:30:00,729.28,0.047
2025-04-01 21:00:00,729.07,0.049
2025-04-01 21:30:00,728.94,0.053
2025-04-01 22:00:00,728.79,0.051
2025-04-01 22:30:00,728.72,0.054
2025-04-01 23:00:00,728.71,0.056
2025-04-01 23:30:00,728.48,0.054
2025-04-02 00:00:00,728.3,0.054
2025-04-02 00:30:00,727.99,0.053
2025-04-02 01:00:00,727.91,0.052
2025-04-02 01:30:00,727.77,0.053
2025-04-02 02:00:00,727.64,0.052
2025-04-02 02:30:00,727.61,0.049
2025-04-02 03:00:00,727.87,0.047
2025-04-02 03:30:00,727.89,0.044
2025-04-02 04:00:00,727.79,0.049
2025-04-02 04:30:00,727.82,0.053
2025-04-02 05:00:00,727.81,0.054
2025-04-02 05:30:00,727.69,0.051
2025-04-02 06:00:00,727.63,0.046
2025-04-02 06:30:00,727.6,0.041
2025-04-02 07:00:00,727.62,0.039
2025-04-02 07:30:00,727.62,0.04
2025-04-02 08:00:00,727.59,0.037
2025-04-02 08:30:00,727.59,0.04
2025-04-02 09:00:00,727.54,0.04
2025-04-02 09:30:00,727.49,0.042
2025-04-02 10:00:00,727.38,0.04
2025-04-02 10:30:00,727.38,0.04
2025-04-02 11:00:00,727.26,0.039
2025-04-02 11:30:00,727.13,0.037
2025-04-02 12:00:00,727.12,0.037
2025-04-02 12:30:00,727.08,0.036
2025-04-02 13:00:00,727.01,0.036
2025-04-02 13:30:00,727.04,0.037
2025-04-02 14:00:00,727.03,0.04
2025-04-02 14:30:00,727.04,0.037
2025-04-02 15:00:00,727.13,0.04
2025-04-02 15:30:00,727.16,0.04
2025-04-02 16:00:00,727.22,0.039
2025-04-02 16:30:00,727.27,0.038
2025-04-02 17:00:00,727.3,0.041
2025-04-02 17:30:00,727.39,0.041
2025-04-02 18:00:00,727.4,0.042
2025-04-02 18:30:00,727.38,0.044
2025-04-02 19:00:00,727.35,0.046
2025-04-02 19:30:00,727.35,0.046
2025-04-02 20:00:00,727.37,0.048
2025-04-02 20:30:00,727.46,0.049
2025-04-02 21:00:00,727.51,0.051
2025-04-02 21:30:00,727.45,0.054
2025-04-02 22:00:00,727.55,0.055
2025-04-02 22:30:00,727.65,0.056
2025-04-02 23:00:00,727.56,0.056
2025-04-02 23:30:00,727.54,0.055
2025-04-03 00:00:00,727.51,0.057
2025-04-03 00:30:00,727.46,0.058
2025-04-03 01:00:00,727.44,0.057
2025-04-03 01:30:00,727.45,0.057
2025-04-03 02:00:00,727.46,0.059
2025-04-03 02:30:00,727.6,0.057
2025-04-03 03:00:00,727.7,0.058
2025-04-03 03:30:00,727.89,0.058
2025-04-03 04:00:00,728.02,0.058
2025-04-03 04:30:00,728.21,0.056
2025-04-03 05:00:00,728.22,0.056
2025-04-03 05:30:00,728.25,0.056
2025-04-03 06:00:00,728.27,0.058
2025-04-03 06:30:00,728.27,0.055
2025-04-03 07:00:00,728.39,0.054
2025-04-03 07:30:00,728.49,0.054
2025-04-03 08:00:00,728.58,0.051
2025-04-03 08:30:00,728.64,0.053
2025-04-03 09:00:00,728.63,0.052
2025-04-03 09:30:00,728.63,0.051
2025-04-03 10:00:00,728.6,0.051
2025-04-03 10:30:00,728.6,0.052
2025-04-03 11:00:00,728.6,0.051
2025-04-03 11:30:00,728.57,0.051
2025-04-03 12:00:00,728.5,0.053
2025-04-03 12:30:00,728.54,0.053
2025-04-03 13:00:00,728.55,0.049
2025-04-03 13:30:00,728.58,0.049
2025-04-03 14:00:00,728.58,0.049
2025-04-03 14:30:00,728.71,0.051
2025-04-03 15:00:00,728.86,0.052
2025-04-03 15:30:00,729.0,0.051
2025-04-03 16:00:00,729.04,0.048
2025-04-03 16:30:00,729.04,0.048
2025-04-03 17:00:00,729.23,0.049
2025-04-03 17:30:00,729.36,0.049
2025-04-03 18:00:00,729.44,0.051
2025-04-03 18:30:00,729.47,0.052
2025-04-03 19:00:00,729.62,0.052
2025-04-03 19:30:00,729.64,0.055
2025-04-03 20:00:00,729.62,0.057
2025-04-03 20:30:00,729.66,0.061
2025-04-03 21:00:00,729.66,0.067
2025-04-03 21:30:00,729.73,0.071
2025-04-03 22:00:00,729.82,0.074
2025-04-03 22:30:00,729.85,0.076
2025-04-03 23:00:00,730.14,0.079
2025-04-03 23:30:00,730.2,0.079
2025-04-04 00:00:00,730.15,0.078
2025-04-04 00:30:00,730.13,0.08
2025-04-04 01:00:00,730.18,0.079
2025-04-04 01:30:00,730.35,0.08
2025-04-04 02:00:00,730.56,0.078
2025-04-04 02:30:00,730.67,0.077
2025-04-04 03:00:00,732.18,0.076
2025-04-04 03:30:00,732.34,0.076
2025-04-04 04:00:00,732.68,0.076
2025-04-04 04:30:00,732.9,0.074
2025-04-04 05:00:00,733.17,0.073
2025-04-04 05:30:00,733.4,0.072
2025-04-04 06:00:00,733.64,0.071
2025-04-04 06:30:00,733.94,0.079
2025-04-04 07:00:00,734.17,0.076
2025-04-04 07:30:00,734.29,0.07
2025-04-04 08:00:00,734.38,0.064
2025-04-04 08:30:00,734.5,0.06
2025-04-04 09:00:00,734.54,0.058
2025-04-04 09:30:00,734.59,0.056
2025-04-04 10:00:00,734.72,0.058
2025-04-04 10:30:00,734.83,0.058
2025-04-04 11:00:00,734.9,0.058
2025-04-04 11:30:00,735.01,0.059
2025-04-04 12:00:00,735.2,0.059
2025-04-04 12:30:00,735.32,0.059
2025-04-04 13:00:00,735.48,0.059
2025-04-04 13:30:00,735.49,0.06
2025-04-04 14:00:00,735.65,0.059
2025-04-04 14:30:00,735.89,0.059
2025-04-04 15:00:00,736.23,0.058
2025-04-04 15:30:00,736.29,0.057
2025-04-04 16:00:00,736.4,0.058
2025-04-04 16:30:00,736.42,0.058
2025-04-04 17:00:00,736.57,0.059
2025-04-04 17:30:00,736.77,0.06
2025-04-04 18:00:00,736.84,0.063
2025-04-04 18:30:00,736.84,0.064
2025-04-04 19:00:00,737.02,0.069
2025-04-04 19:30:00,737.17,0.071
2025-04-04 20:00:00,737.27,0.075
2025-04-04 20:30:00,737.37,0.08
2025-04-04 21:00:00,737.51,0.083
2025-04-04 21:30:00,737.53,0.087
2025-04-04 22:00:00,737.61,0.093
2025-04-04 22:30:00,737.71,0.098
2025-04-04 23:00:00,737.78,0.099
2025-04-04 23:30:00,737.73,0.104
2025-04-05 00:00:00,737.8,0.105
2025-04-05 00:30:00,737.92,0.105
2025-04-05 01:00:00,738.08,0.101
2025-04-05 01:30:00,738.31,0.101
2025-04-05 02:00:00,738.53,0.102
2025-04-05 02:30:00,738.6,0.103
2025-04-05 03:00:00,738.73,0.1
2025-04-05 03:30:00,738.92,0.096
2025-04-05 04:00:00,739.21,0.093
2025-04-05 04:30:00,739.59,0.09
2025-04-05 05:00:00,739.87,0.089
2025-04-05 05:30:00,740.12,0.087
2025-04-05 06:00:00,740.25,0.083
2025-04-05 06:30:00,740.3,0.079
2025-04-05 07:00:00,740.32,0.08
2025-04-05 07:30:00,740.43,0.076
2025-04-05 08:00:00,740.51,0.076
2025-04-05 08:30:00,740.59,0.08
2025-04-05 09:00:00,740.49,0.084
2025-04-05 09:30:00,740.52,0.084
2025-04-05 10:00:00,740.59,0.08
2025-04-05 10:30:00,740.63,0.079
2025-04-05 11:00:00,740.73,0.075
2025-04-05 11:30:00,740.79,0.074
2025-04-05 12:00:00,740.93,0.071
2025-04-05 12:30:00,741.04,0.073
2025-04-05 13:00:00,741.12,0.073
2025-04-05 13:30:00,741.25,0.072
2025-04-05 14:00:00,741.52,0.071
2025-04-05 14:30:00,741.74,0.072
2025-04-05 15:00:00,742.0,0.07
2025-04-05 15:30:00,742.22,0.07
2025-04-05 16:00:00,742.49,0.07
2025-04-05 16:30:00,742.74,0.068
2025-04-05 17:00:00,742.98,0.07
2025-04-05 17:30:00,743.11,0.067
2025-04-05 18:00:00,743.21,0.068
2025-04-05 18:30:00,743.26,0.073
2025-04-05 19:00:00,743.22,0.075
2025-04-05 19:30:00,743.2,0.078
2025-04-05 20:00:00,743.21,0.087
2025-04-05 20:30:00,743.19,0.092
2025-04-05 21:00:00,743.26,0.1
2025-04-05 21:30:00,743.17,0.108
2025-04-05 22:00:00,743.18,0.116
2025-04-05 22:30:00,743.13,0.122
2025-04-05 23:00:00,743.19,0.125
2025-04-05 23:30:00,743.2,0.126
2025-04-06 00:00:00,743.24,0.125
2025-04-06 00:30:00,743.34,0.123
2025-04-06 01:00:00,743.41,0.12
2025-04-06 01:30:00,743.44,0.112
2025-04-06 02:00:00,743.51,0.109
2025-04-06 02:30:00,743.61,0.107
2025-04-06 03:00:00,743.61,0.096
2025-04-06 03:30:00,743.76,0.098
2025-04-06 04:00:00,743.87,0.101
2025-04-06 04:30:00,743.92,0.102
2025-04-06 05:00:00,744.12,0.096
2025-04-06 05:30:00,744.2,0.087
2025-04-06 06:00:00,744.16,0.074
2025-04-06 06:30:00,744.12,0.065
2025-04-06 07:00:00,744.17,0.063
2025-04-06 07:30:00,744.13,0.064
2025-04-06 08:00:00,744.14,0.067
2025-04-06 08:30:00,744.11,0.07
2025-04-06 09:00:00,744.06,0.075
2025-04-06 09:30:00,743.93,0.077
2025-04-06 10:00:00,743.82,0.08
2025-04-06 10:30:00,743.73,0.078
2025-04-06 11:00:00,743.65,0.076
2025-04-06 11:30:00,743.62,0.075
2025-04-06 12:00:00,743.52,0.075
2025-04-06 12:30:00,743.63,0.078
2025-04-06 13:00:00,743.61,0.077
2025-04-06 13:30:00,743.73,0.075
2025-04-06 14:00:00,743.77,0.071
2025-04-06 14:30:00,743.8,0.069
2025-04-06 15:00:00,743.73,0.069
2025-04-06 15:30:00,743.7,0.069
2025-04-06 16:00:00,743.67,0.072
2025-04-06 16:30:00,743.65,0.073
2025-04-06 17:00:00,743.68,0.073
2025-04-06 17:30:00,743.74,0.074
2025-04-06 18:00:00,743.75,0.077
2025-04-06 18:30:00,743.73,0.083
2025-04-06 19:00:00,743.71,0.088
2025-04-06 19:30:00,743.67,0.092
2025-04-06 20:00:00,743.57,0.098
2025-04-06 20:30:00,743.61,0.108
2025-04-06 21:00:00,743.58,0.118
2025-04-06 21:30:00,743.66,0.128
2025-04-06 22:00:00,743.59,0.136
2025-04-06 22:30:00,743.47,0.137
2025-04-06 23:00:00,743.37,0.136
2025-04-06 23:30:00,743.4,0.134
2025-04-07 00:00:00,743.28,0.125
2025-04-07 00:30:00,743.43,0.118
2025-04-07 01:00:00,743.48,0.109
2025-04-07 01:30:00,743.55,0.095
2025-04-07 02:00:00,743.48,0.086
2025-04-07 02:30:00,743.69,0.073
2025-04-07 03:00:00,743.66,0.056
2025-04-07 03:30:00,743.74,0.043
2025-04-07 04:00:00,744.04,0.034
2025-04-07 04:30:00,744.01,0.026
2025-04-07 05:00:00,743.86,0.016
2025-04-07 05:30:00,743.82,0.01
2025-04-07 06:00:00,743.97,0.013
2025-04-07 06:30:00,743.87,0.014
2025-04-07 07:00:00,743.78,0.012
2025-04-07 07:30:00,743.71,0.013
2025-04-07 08:00:00,743.65,0.008
2025-04-07 08:30:00,743.38,0.003
2025-04-07 09:00:00,743.3,-0.003
2025-04-07 09:30:00,743.14,-0.0
2025-04-07 10:00:00,743.25,-0.006
2025-04-07 10:30:00,743.15,-0.007
2025-04-07 11:00:00,742.82,-0.006
2025-04-07 11:30:00,742.57,-0.003
2025-04-07 12:00:00,742.74,0.002
2025-04-07 12:30:00,742.71,0.009
2025-04-07 13:00:00,742.79,0.015
2025-04-07 13:30:00,742.64,0.022
2025-04-07 14:00:00,742.92,0.026
2025-04-07 14:30:00,742.79,0.032
2025-04-07 15:00:00,742.64,0.036
2025-04-07 15:30:00,742.46,0.04
2025-04-07 16:00:00,742.3,0.045
2025-04-07 16:30:00,742.27,0.048
2025-04-07 17:00:00,742.27,0.053
2025-04-07 17:30:00,742.25,0.056
2025-04-07 18:00:00,742.35,0.063
2025-04-07 18:30:00,742.24,0.07
2025-04-07 19:00:00,742.15,0.077
2025-04-07 19:30:00,742.09,0.085
2025-04-07 20:00:00,742.23,0.098
2025-04-07 20:30:00,742.1,0.107
2025-04-07 21:00:00,741.99,0.119
2025-04-07 21:30:00,741.92,0.132
2025-04-07 22:00:00,741.85,0.14
2025-04-07 22:30:00,741.68,0.147
2025-04-07 23:00:00,741.71,0.151
2025-04-07 23:30:00,741.68,0.153
2025-04-08 00:00:00,741.72,0.155
2025-04-08 00:30:00,741.66,0.147
2025-04-08 01:00:00,741.83,0.137
2025-04-08 01:30:00,741.76,0.131
2025-04-08 02:00:00,741.8,0.129
2025-04-08 02:30:00,741.79,0.117
2025-04-08 03:00:00,741.69,0.108
2025-04-08 03:30:00,741.86,0.105
2025-04-08 04:00:00,742.13,0.097
2025-04-08 04:30:00,742.28,0.085
2025-04-08 05:00:00,742.33,0.072
2025-04-08 05:30:00,742.49,0.072
2025-04-08 06:00:00,742.42,0.062
2025-04-08 06:30:00,742.49,0.055
2025-04-08 07:00:00,742.47,0.053
2025-04-08 07:30:00,742.46,0.055
2025-04-08 08:00:00,742.49,0.061
2025-04-08 08:30:00,742.55,0.067
2025-04-08 09:00:00,742.4,0.073
2025-04-08 09:30:00,742.34,0.076
2025-04-08 10:00:00,742.27,0.077
2025-04-08 10:30:00,742.17,0.078
2025-04-08 11:00:00,742.18,0.08
2025-04-08 11:30:00,742.08,0.08
2025-04-08 12:00:00,742.13,0.087
2025-04-08 12:30:00,742.1,0.091
2025-04-08 13:00:00,742.17,0.095
2025-04-08 13:30:00,742.23,0.093
2025-04-08 14:00:00,742.3,0.091
2025-04-08 14:30:00,742.43,0.09
2025-04-08 15:00:00,742.6,0.087
2025-04-08 15:30:00,742.67,0.086
2025-04-08 16:00:00,742.66,0.085
2025-04-08 16:30:00,742.72,0.088
2025-04-08 17:00:00,742.81,0.091
2025-04-08 17:30:00,742.9,0.096
2025-04-08 18:00:00,743.04,0.102
2025-04-08 18:30:00,743.09,0.109
2025-04-08 19:00:00,743.14,0.118
2025-04-08 19:30:00,743.24,0.129
2025-04-08 20:00:00,743.2,0.142
2025-04-08 20:30:00,743.19,0.156
2025-04-08 21:00:00,743.25,0.168
2025-04-08 21:30:00,743.24,0.182
2025-04-08 22:00:00,743.23,0.191
2025-04-08 22:30:00,743.28,0.199
2025-04-08 23:00:00,743.34,0.2
2025-04-08 23:30:00,743.39,0.198
2025-04-09 00:00:00,743.42,0.188
2025-04-09 00:30:00,743.51,0.175
2025-04-09 01:00:00,743.63,0.159
2025-04-09 01:30:00,743.77,0.137
2025-04-09 02:00:00,744.0,0.114
2025-04-09 02:30:00,744.06,0.087
2025-04-09 03:00:00,744.61,0.061
2025-04-09 03:30:00,745.47,0.049
2025-04-09 04:00:00,745.94,0.039
2025-04-09 04:30:00,746.2,0.027
2025-04-09 05:00:00,746.39,0.016
2025-04-09 05:30:00,746.52,0.006
2025-04-09 06:00:00,746.81,0.005
2025-04-09 06:30:00,746.9,0.001
2025-04-09 07:00:00,746.96,-0.004
2025-04-09 07:30:00,747.1,-0.009
2025-04-09 08:00:00,747.34,-0.011
2025-04-09 08:30:00,747.43,-0.014
2025-04-09 09:00:00,747.36,-0.018
2025-04-09 09:30:00,747.43,-0.02
2025-04-09 10:00:00,747.42,-0.023
2025-04-09 10:30:00,747.4,-0.027
2025-04-09 11:00:00,747.45,-0.027
2025-04-09 11:30:00,747.53,-0.025
2025-04-09 12:00:00,747.62,-0.025
2025-04-09 12:30:00,747.64,-0.019
2025-04-09 13:00:00,747.69,-0.019
2025-04-09 13:30:00,747.79,-0.02
2025-04-09 14:00:00,747.99,-0.017
2025-04-09 14:30:00,748.18,-0.015
2025-04-09 15:00:00,748.3,-0.012
2025-04-09 15:30:00,748.46,-0.007
2025-04-09 16:00:00,748.52,-0.002
2025-04-09 16:30:00,748.58,0.005
2025-04-09 17:00:00,748.74,0.014
2025-04-09 17:30:00,748.91,0.021
2025-04-09 18:00:00,749.06,0.03
2025-04-09 18:30:00,749.12,0.045
2025-04-09 19:00:00,749.19,0.058
2025-04-09 19:30:00,749.17,0.077
2025-04-09 20:00:00,749.25,0.092
2025-04-09 20:30:00,749.24,0.111
2025-04-09 21:00:00,749.28,0.126
2025-04-09 21:30:00,749.34,0.141
2025-04-09 22:00:00,749.43,0.15
2025-04-09 22:30:00,749.5,0.157
2025-04-09 23:00:00,749.57,0.158
2025-04-09 23:30:00,749.61,0.147
2025-04-10 00:00:00,749.69,0.124
2025-04-10 00:30:00,749.8,0.088
2025-04-10 01:00:00,749.94,0.047
2025-04-10 01:30:00,750.08,0.02
2025-04-10 02:00:00,750.26,-0.024
2025-04-10 02:30:00,750.48,-0.055
2025-04-10 03:00:00,750.94,-0.069
2025-04-10 03:30:00,751.22,-0.087
2025-04-10 04:00:00,751.71,-0.101
2025-04-10 04:30:00,752.12,-0.11
2025-04-10 05:00:00,752.43,-0.119
2025-04-10 05:30:00,752.7,-0.118
2025-04-10 06:00:00,752.84,-0.118
2025-04-10 06:30:00,752.93,-0.119
2025-04-10 07:00:00,753.0,-0.119
2025-04-10 07:30:00,753.16,-0.116
2025-04-10 08:00:00,753.32,-0.114
2025-04-10 08:30:00,753.33,-0.114
2025-04-10 09:00:00,753.47,-0.113
2025-04-10 09:30:00,753.44,-0.113
2025-04-10 10:00:00,753.46,-0.108
2025-04-10 10:30:00,753.46,-0.109
2025-04-10 11:00:00,753.51,-0.105
2025-04-10 11:30:00,753.46,-0.103
2025-04-10 12:00:00,753.45,-0.099
2025-04-10 12:30:00,753.47,-0.093
2025-04-10 13:00:00,753.47,-0.095
2025-04-10 13:30:00,753.47,-0.091
2025-04-10 14:00:00,753.51,-0.085
2025-04-10 14:30:00,753.61,-0.082
2025-04-10 15:00:00,753.68,-0.077
2025-04-10 15:30:00,753.76,-0.072
2025-04-10 16:00:00,753.78,-0.065
2025-04-10 16:30:00,753.79,-0.054
2025-04-10 17:00:00,753.84,-0.042
2025-04-10 17:30:00,753.92,-0.03
2025-04-10 18:00:00,754.0,-0.013
2025-04-10 18:30:00,754.11,0.006
2025-04-10 19:00:00,754.05,0.026
2025-04-10 19:30:00,754.09,0.05
2025-04-10 20:00:00,754.07,0.072
2025-04-10 20:30:00,754.14,0.093
2025-04-10 21:00:00,754.22,0.111
2025-04-10 21:30:00,754.26,0.129
2025-04-10 22:00:00,754.26,0.14
2025-04-10 22:30:00,754.34,0.145
2025-04-10 23:00:00,754.39,0.141
2025-04-10 23:30:00,754.43,0.124
2025-04-11 00:00:00,754.51,0.094
2025-04-11 00:30:00,754.6,0.051
2025-04-11 01:00:00,754.53,0.008
2025-04-11 01:30:00,754.56,-0.027
2025-04-11 02:00:00,754.67,-0.056
2025-04-11 02:30:00,754.63,-0.08
2025-04-11 03:00:00,754.7,-0.097
2025-04-11 03:30:00,754.97,-0.112
2025-04-11 04:00:00,755.43,-0.124
2025-04-11 04:30:00,755.72,-0.129
2025-04-11 05:00:00,755.95,-0.128
2025-04-11 05:30:00,755.92,-0.126
2025-04-11 06:00:00,755.78,-0.127
2025-04-11 06:30:00,755.83,-0.121
2025-04-11 07:00:00,755.89,-0.117
2025-04-11 07:30:00,755.87,-0.115
2025-04-11 08:00:00,755.76,-0.114
2025-04-11 08:30:00,755.76,-0.11
2025-04-11 09:00:00,755.57,-0.104
2025-04-11 09:30:00,755.48,-0.099
2025-04-11 10:00:00,755.35,-0.09
2025-04-11 10:30:00,755.16,-0.085
2025-04-11 11:00:00,754.72,-0.075
2025-04-11 11:30:00,754.98,-0.066
2025-04-11 12:00:00,754.73,-0.055
2025-04-11 12:30:00,754.73,-0.037
2025-04-11 13:00:00,754.48,-0.027
2025-04-11 13:30:00,754.58,-0.012
2025-04-11 14:00:00,754.69,0.001
2025-04-11 14:30:00,754.65,0.012
2025-04-11 15:00:00,754.73,0.02
2025-04-11 15:30:00,754.51,0.029
2025-04-11 16:00:00,754.18,0.037
2025-04-11 16:30:00,754.08,0.05
2025-04-11 17:00:00,754.01,0.059
2025-04-11 17:30:00,753.79,0.071
2025-04-11 18:00:00,753.76,0.085
2025-04-11 18:30:00,753.63,0.097
2025-04-11 19:00:00,753.62,0.112
2025-04-11 19:30:00,753.59,0.126
2025-04-11 20:00:00,753.43,0.141
2025-04-11 20:30:00,753.27,0.152
2025-04-11 21:00:00,753.29,0.158
2025-04-11 21:30:00,753.14,0.16
2025-04-11 22:00:00,753.02,0.162
2025-04-11 22:30:00,752.77,0.166
2025-04-11 23:00:00,752.72,0.168
2025-04-11 23:30:00,752.47,0.165
2025-04-12 00:00:00,752.53,0.164
2025-04-12 00:30:00,752.39,0.16
2025-04-12 01:00:00,752.15,0.157
2025-04-12 01:30:00,752.05,0.155
2025-04-12 02:00:00,752.02,0.148
2025-04-12 02:30:00,751.77,0.141
2025-04-12 03:00:00,751.76,0.138
2025-04-12 03:30:00,751.68,0.131
2025-04-12 04:00:00,751.82,0.126
2025-04-12 04:30:00,751.7,0.123
2025-04-12 05:00:00,751.87,0.12
2025-04-12 05:30:00,751.74,0.114
2025-04-12 06:00:00,751.74,0.114
2025-04-12 06:30:00,751.69,0.116
2025-04-12 07:00:00,751.66,0.117
2025-04-12 07:30:00,751.51,0.12
2025-04-12 08:00:00,751.39,0.12
2025-04-12 08:30:00,751.27,0.119
2025-04-12 09:00:00,751.1,0.116
2025-04-12 09:30:00,750.86,0.11
2025-04-12 10:00:00,750.61,0.116
2025-04-12 10:30:00,750.36,0.121
2025-04-12 11:00:00,750.17,0.126
2025-04-12 11:30:00,750.22,0.123
2025-04-12 12:00:00,750.04,0.126
2025-04-12 12:30:00,749.98,0.13
2025-04-12 13:00:00,749.96,0.131
2025-04-12 13:30:00,749.95,0.133
2025-04-12 14:00:00,749.81,0.133
2025-04-12 14:30:00,749.88,0.136
2025-04-12 15:00:00,749.88,0.139
2025-04-12 15:30:00,749.73,0.142
2025-04-12 16:00:00,749.59,0.145
2025-04-12 16:30:00,749.52,0.151
2025-04-12 17:00:00,749.44,0.161
2025-04-12 17:30:00,749.52,0.165
2025-04-12 18:00:00,749.53,0.176
2025-04-12 18:30:00,749.44,0.189
2025-04-12 19:00:00,749.33,0.207
2025-04-12 19:30:00,749.2,0.223
2025-04-12 20:00:00,749.16,0.24
2025-04-12 20:30:00,749.1,0.255
2025-04-12 21:00:00,749.11,0.27
2025-04-12 21:30:00,749.06,0.279
2025-04-12 22:00:00,749.09,0.282
2025-04-12 22:30:00,748.94,0.279
2025-04-12 23:00:00,748.88,0.27
2025-04-12 23:30:00,748.91,0.254
2025-04-13 00:00:00,748.89,0.221
2025-04-13 00:30:00,748.95,0.192
2025-04-13 01:00:00,748.93,0.161
2025-04-13 01:30:00,749.0,0.138
2025-04-13 02:00:00,748.82,0.112
2025-04-13 02:30:00,748.81,0.1
2025-04-13 03:00:00,748.95,0.092
2025-04-13 03:30:00,749.25,0.09
2025-04-13 04:00:00,749.36,0.074
2025-04-13 04:30:00,749.44,0.065
2025-04-13 05:00:00,749.51,0.051
2025-04-13 05:30:00,749.48,0.039
2025-04-13 06:00:00,749.51,0.044
2025-04-13 06:30:00,749.45,0.059
2025-04-13 07:00:00,749.43,0.07
2025-04-13 07:30:00,749.45,0.082
2025-04-13 08:00:00,749.49,0.098
2025-04-13 08:30:00,749.42,0.109
2025-04-13 09:00:00,749.31,0.115
2025-04-13 09:30:00,749.3,0.123
2025-04-13 10:00:00,749.15,0.13
2025-04-13 10:30:00,749.15,0.134
2025-04-13 11:00:00,749.15,0.139
2025-04-13 11:30:00,749.02,0.147
2025-04-13 12:00:00,748.96,0.15
2025-04-13 12:30:00,748.86,0.152
2025-04-13 13:00:00,748.86,0.158
2025-04-13 13:30:00,748.95,0.162
2025-04-13 14:00:00,749.04,0.169
2025-04-13 14:30:00,749.07,0.175
2025-04-13 15:00:00,749.08,0.176
2025-04-13 15:30:00,749.17,0.183
2025-04-13 16:00:00,749.21,0.187
2025-04-13 16:30:00,749.17,0.193
2025-04-13 17:00:00,749.2,0.198
2025-04-13 17:30:00,749.28,0.205
2025-04-13 18:00:00,749.31,0.215
2025-04-13 18:30:00,749.35,0.23
2025-04-13 19:00:00,749.4,0.244
2025-04-13 19:30:00,749.31,0.259
2025-04-13 20:00:00,749.31,0.274
2025-04-13 20:30:00,749.34,0.29
2025-04-13 21:00:00,749.31,0.302
2025-04-13 21:30:00,749.32,0.315
2025-04-13 22:00:00,749.44,0.32
2025-04-13 22:30:00,749.46,0.32
2025-04-13 23:00:00,749.36,0.316
2025-04-13 23:30:00,749.45,0.302
2025-04-14 00:00:00,749.53,0.28
2025-04-14 00:30:00,749.63,0.263
2025-04-14 01:00:00,749.8,0.244
2025-04-14 01:30:00,750.06,0.222
2025-04-14 02:00:00,750.14,0.199
2025-04-14 02:30:00,750.41,0.182
2025-04-14 03:00:00,750.66,0.163
2025-04-14 03:30:00,750.84,0.137
2025-04-14 04:00:00,751.04,0.11
2025-04-14 04:30:00,751.36,0.074
2025-04-14 05:00:00,751.44,0.038
2025-04-14 05:30:00,751.46,0.014
2025-04-14 06:00:00,751.39,0.004
2025-04-14 06:30:00,751.31,0.002
2025-04-14 07:00:00,751.41,0.009
2025-04-14 07:30:00,751.4,0.005
2025-04-14 08:00:00,751.49,0.022
2025-04-14 08:30:00,751.37,0.014
2025-04-14 09:00:00,751.27,0.011
2025-04-14 09:30:00,751.29,0.014
2025-04-14 10:00:00,751.31,0.03
2025-04-14 10:30:00,751.31,0.047
2025-04-14 11:00:00,751.24,0.058
2025-04-14 11:30:00,751.26,0.065
2025-04-14 12:00:00,751.22,0.078
2025-04-14 12:30:00,751.14,0.091
2025-04-14 13:00:00,751.19,0.101
2025-04-14 13:30:00,751.21,0.111
2025-04-14 14:00:00,751.2,0.123
2025-04-14 14:30:00,751.23,0.134
2025-04-14 15:00:00,751.32,0.142
2025-04-14 15:30:00,751.2,0.151
2025-04-14 16:00:00,751.22,0.16
2025-04-14 16:30:00,751.32,0.166
2025-04-14 17:00:00,751.28,0.173
2025-04-14 17:30:00,751.35,0.182
2025-04-14 18:00:00,751.39,0.197
2025-04-14 18:30:00,751.46,0.207
2025-04-14 19:00:00,751.5,0.227
2025-04-14 19:30:00,751.38,0.243
2025-04-14 20:00:00,751.36,0.26
2025-04-14 20:30:00,751.32,0.273
2025-04-14 21:00:00,751.32,0.282
2025-04-14 21:30:00,751.3,0.291
2025-04-14 22:00:00,751.33,0.298
2025-04-14 22:30:00,751.29,0.301
2025-04-14 23:00:00,751.29,0.298
2025-04-14 23:30:00,751.42,0.282
2025-04-15 00:00:00,751.37,0.253
2025-04-15 00:30:00,751.46,0.214
2025-04-15 01:00:00,751.58,0.18
2025-04-15 01:30:00,751.69,0.136
2025-04-15 02:00:00,751.82,0.097
2025-04-15 02:30:00,752.03,0.058
2025-04-15 03:00:00,752.82,0.014
2025-04-15 03:30:00,753.74,-0.01
2025-04-15 04:00:00,754.26,-0.03
2025-04-15 04:30:00,754.92,-0.048
2025-04-15 05:00:00,755.06,-0.061
2025-04-15 05:30:00,755.1,-0.071
2025-04-15 06:00:00,755.07,-0.083
2025-04-15 06:30:00,754.97,-0.092
2025-04-15 07:00:00,755.02,-0.093
2025-04-15 07:30:00,754.8,-0.083
2025-04-15 08:00:00,754.78,-0.078
2025-04-15 08:30:00,754.37,-0.069
2025-04-15 09:00:00,754.24,-0.055
2025-04-15 09:30:00,753.93,-0.044
2025-04-15 10:00:00,753.74,-0.027
2025-04-15 10:30:00,753.65,-0.016
2025-04-15 11:00:00,753.5,-0.005
2025-04-15 11:30:00,753.53,0.006
2025-04-15 12:00:00,753.26,0.016
2025-04-15 12:30:00,753.09,0.025
2025-04-15 13:00:00,753.12,0.034
2025-04-15 13:30:00,752.95,0.045
2025-04-15 14:00:00,753.2,0.054
2025-04-15 14:30:00,753.03,0.061
2025-04-15 15:00:00,753.17,0.068
2025-04-15 15:30:00,753.21,0.074
2025-04-15 16:00:00,753.19,0.082
2025-04-15 16:30:00,752.92,0.092
2025-04-15 17:00:00,753.03,0.097
2025-04-15 17:30:00,753.07,0.112
2025-04-15 18:00:00,752.86,0.123
2025-04-15 18:30:00,752.65,0.14
2025-04-15 19:00:00,752.44,0.157
2025-04-15 19:30:00,752.08,0.168
2025-04-15 20:00:00,751.9,0.177
2025-04-15 20:30:00,751.87,0.187
2025-04-15 21:00:00,752.23,0.184
2025-04-15 21:30:00,752.03,0.183
2025-04-15 22:00:00,751.77,0.183
2025-04-15 22:30:00,751.61,0.181
2025-04-15 23:00:00,751.37,0.182
2025-04-15 23:30:00,751.38,0.181
2025-04-16 00:00:00,751.66,0.178
2025-04-16 00:30:00,751.48,0.182
2025-04-16 01:00:00,751.17,0.171
2025-04-16 01:30:00,750.92,0.173
2025-04-16 02:00:00,750.75,0.173
2025-04-16 02:30:00,750.73,0.168
2025-04-16 03:00:00,750.79,0.164
2025-04-16 03:30:00,750.82,0.165
2025-04-16 04:00:00,750.78,0.159
2025-04-16 04:30:00,750.84,0.157
2025-04-16 05:00:00,750.84,0.156
2025-04-16 05:30:00,750.8,0.153
2025-04-16 06:00:00,750.72,0.148
2025-04-16 06:30:00,750.67,0.145
2025-04-16 07:00:00,750.62,0.143
2025-04-16 07:30:00,750.52,0.14
2025-04-16 08:00:00,750.44,0.134
2025-04-16 08:30:00,750.28,0.135
2025-04-16 09:00:00,750.07,0.131
2025-04-16 09:30:00,749.86,0.128
2025-04-16 10:00:00,749.74,0.129
2025-04-16 10:30:00,749.63,0.127
2025-04-16 11:00:00,749.41,0.126
2025-04-16 11:30:00,749.27,0.125
2025-04-16 12:00:00,749.07,0.125
2025-04-16 12:30:00,749.11,0.124
2025-04-16 13:00:00,749.06,0.126
2025-04-16 13:30:00,749.02,0.128
2025-04-16 14:00:00,748.95,0.134
2025-04-16 14:30:00,748.85,0.139
2025-04-16 15:00:00,748.88,0.148
2025-04-16 15:30:00,748.8,0.159
2025-04-16 16:00:00,748.67,0.164
2025-04-16 16:30:00,748.56,0.172
2025-04-16 17:00:00,748.54,0.182
2025-04-16 17:30:00,748.48,0.188
2025-04-16 18:00:00,748.39,0.201
2025-04-16 18:30:00,748.21,0.21
2025-04-16 19:00:00,748.09,0.224
2025-04-16 19:30:00,747.93,0.234
2025-04-16 20:00:00,747.7,0.239
2025-04-16 20:30:00,747.49,0.239
2025-04-16 21:00:00,747.37,0.25
2025-04-16 21:30:00,747.44,0.268
2025-04-16 22:00:00,747.18,0.269
2025-04-16 22:30:00,747.07,0.271
2025-04-16 23:00:00,746.92,0.265
2025-04-16 23:30:00,746.72,0.262
2025-04-17 00:00:00,746.58,0.256
2025-04-17 00:30:00,746.37,0.252
2025-04-17 01:00:00,746.29,0.243
2025-04-17 01:30:00,746.25,0.244
2025-04-17 02:00:00,746.2,0.238
2025-04-17 02:30:00,746.24,0.236
2025-04-17 03:00:00,746.18,0.232
2025-04-17 03:30:00,746.18,0.222
2025-04-17 04:00:00,746.36,0.214
2025-04-17 04:30:00,746.37,0.21
2025-04-17 05:00:00,746.34,0.207
2025-04-17 05:30:00,746.23,0.2
2025-04-17 06:00:00,746.14,0.187
2025-04-17 06:30:00,746.12,0.179
2025-04-17 07:00:00,746.17,0.162
2025-04-17 07:30:00,746.1,0.157
2025-04-17 08:00:00,745.97,0.142
2025-04-17 08:30:00,745.89,0.126
2025-04-17 09:00:00,745.69,0.115
2025-04-17 09:30:00,745.68,0.108
2025-04-17 10:00:00,745.67,0.094
2025-04-17 10:30:00,745.51,0.092
2025-04-17 11:00:00,745.45,0.093
2025-04-17 11:30:00,745.31,0.092
2025-04-17 12:00:00,745.23,0.097
2025-04-17 12:30:00,745.35,0.093
2025-04-17 13:00:00,745.27,0.1
2025-04-17 13:30:00,745.23,0.107
2025-04-17 14:00:00,745.17,0.116
2025-04-17 14:30:00,745.28,0.12
2025-04-17 15:00:00,745.28,0.127
2025-04-17 15:30:00,745.27,0.133
2025-04-17 16:00:00,745.19,0.141
2025-04-17 16:30:00,745.15,0.149
2025-04-17 17:00:00,745.06,0.157
2025-04-17 17:30:00,745.13,0.169
2025-04-17 18:00:00,745.15,0.188
2025-04-17 18:30:00,745.16,0.211
2025-04-17 19:00:00,745.1,0.23
2025-04-17 19:30:00,745.05,0.252
2025-04-17 20:00:00,744.92,0.275
2025-04-17 20:30:00,744.94,0.291
2025-04-17 21:00:00,744.98,0.306
2025-04-17 21:30:00,745.02,0.316
2025-04-17 22:00:00,745.09,0.316
2025-04-17 22:30:00,745.11,0.306
2025-04-17 23:00:00,745.14,0.281
2025-04-17 23:30:00,745.22,0.231
2025-04-18 00:00:00,745.34,0.171
2025-04-18 00:30:00,745.62,0.116
2025-04-18 01:00:00,745.75,0.068
2025-04-18 01:30:00,746.03,0.037
2025-04-18 02:00:00,746.29,0.018
2025-04-18 02:30:00,746.64,-0.025
2025-04-18 03:00:00,747.16,-0.05
2025-04-18 03:30:00,747.74,-0.089
2025-04-18 04:00:00,748.1,-0.114
2025-04-18 04:30:00,748.73,-0.123
2025-04-18 05:00:00,748.99,-0.13
2025-04-18 05:30:00,749.17,-0.136
2025-04-18 06:00:00,749.16,-0.131
2025-04-18 06:30:00,749.12,-0.117
2025-04-18 07:00:00,749.32,-0.107
2025-04-18 07:30:00,749.12,-0.093
2025-04-18 08:00:00,749.08,-0.072
2025-04-18 08:30:00,748.88,-0.058
2025-04-18 09:00:00,748.58,-0.043
2025-04-18 09:30:00,748.37,-0.029
2025-04-18 10:00:00,748.3,-0.018
2025-04-18 10:30:00,748.22,-0.01
2025-04-18 11:00:00,748.24,-0.001
2025-04-18 11:30:00,748.12,0.003
2025-04-18 12:00:00,747.84,0.005
2025-04-18 12:30:00,747.88,0.009
2025-04-18 13:00:00,747.75,0.011
2025-04-18 13:30:00,747.84,0.012
2025-04-18 14:00:00,747.88,0.014
2025-04-18 14:30:00,747.97,0.022
2025-04-18 15:00:00,748.07,0.028
2025-04-18 15:30:00,748.09,0.033
2025-04-18 16:00:00,748.17,0.042
2025-04-18 16:30:00,748.34,0.049
2025-04-18 17:00:00,748.32,0.037
2025-04-18 17:30:00,748.28,0.037
2025-04-18 18:00:00,748.33,0.061
2025-04-18 18:30:00,748.39,0.096
2025-04-18 19:00:00,748.39,0.125
2025-04-18 19:30:00,748.45,0.15
2025-04-18 20:00:00,748.56,0.171
2025-04-18 20:30:00,748.73,0.187
2025-04-18 21:00:00,748.71,0.199
2025-04-18 21:30:00,748.9,0.208
2025-04-18 22:00:00,748.94,0.214
2025-04-18 22:30:00,748.92,0.209
2025-04-18 23:00:00,749.11,0.189
2025-04-18 23:30:00,749.29,0.174
2025-04-19 00:00:00,749.44,0.162
2025-04-19 00:30:00,749.74,0.16
2025-04-19 01:00:00,749.88,0.153
2025-04-19 01:30:00,750.05,0.156
2025-04-19 02:00:00,750.08,0.156
2025-04-19 02:30:00,750.43,0.158
2025-04-19 03:00:00,750.74,0.158
2025-04-19 03:30:00,751.09,0.157
2025-04-19 04:00:00,751.56,0.141
2025-04-19 04:30:00,751.93,0.127
2025-04-19 05:00:00,752.17,0.114
2025-04-19 05:30:00,752.1,0.099
2025-04-19 06:00:00,752.34,0.091
2025-04-19 06:30:00,752.43,0.065
2025-04-19 07:00:00,752.63,0.052
2025-04-19 07:30:00,752.81,0.042
2025-04-19 08:00:00,753.1,0.03
2025-04-19 08:30:00,753.24,0.032
2025-04-19 09:00:00,753.12,0.036
2025-04-19 09:30:00,752.74,0.04
2025-04-19 10:00:00,752.79,0.052
2025-04-19 10:30:00,752.67,0.061
2025-04-19 11:00:00,752.93,0.067
2025-04-19 11:30:00,752.93,0.067
2025-04-19 12:00:00,752.97,0.076
2025-04-19 12:30:00,752.86,0.085
2025-04-19 13:00:00,752.89,0.098
2025-04-19 13:30:00,753.13,0.105
2025-04-19 14:00:00,753.23,0.116
2025-04-19 14:30:00,753.2,0.122
2025-04-19 15:00:00,753.6,0.125
2025-04-19 15:30:00,753.57,0.132
2025-04-19 16:00:00,753.54,0.142
2025-04-19 16:30:00,753.58,0.152
2025-04-19 17:00:00,753.42,0.161
2025-04-19 17:30:00,753.51,0.169
2025-04-19 18:00:00,753.52,0.182
2025-04-19 18:30:00,753.37,0.205
2025-04-19 19:00:00,753.19,0.232
2025-04-19 19:30:00,753.18,0.258
2025-04-19 20:00:00,753.3,0.282
2025-04-19 20:30:00,753.37,0.301
2025-04-19 21:00:00,753.5,0.322
2025-04-19 21:30:00,753.72,0.336
2025-04-19 22:00:00,753.62,0.336
2025-04-19 22:30:00,753.74,0.328
2025-04-19 23:00:00,753.9,0.31
2025-04-19 23:30:00,754.05,0.291
2025-04-20 00:00:00,754.14,0.266
2025-04-20 00:30:00,754.45,0.245
2025-04-20 01:00:00,754.76,0.223
2025-04-20 01:30:00,754.93,0.185
2025-04-20 02:00:00,755.51,0.134
2025-04-20 02:30:00,756.1,0.076
2025-04-20 03:00:00,756.93,0.004
2025-04-20 03:30:00,757.21,-0.058
2025-04-20 04:00:00,757.94,-0.108
2025-04-20 04:30:00,758.36,-0.142
2025-04-20 05:00:00,758.39,-0.152
2025-04-20 05:30:00,758.54,-0.146
2025-04-20 06:00:00,758.68,-0.143
2025-04-20 06:30:00,758.95,-0.129
2025-04-20 07:00:00,758.76,-0.107
2025-04-20 07:30:00,758.81,-0.099
2025-04-20 08:00:00,758.78,-0.079
2025-04-20 08:30:00,758.64,-0.046
2025-04-20 09:00:00,758.34,-0.027
2025-04-20 09:30:00,758.22,-0.009
2025-04-20 10:00:00,758.07,0.008
2025-04-20 10:30:00,757.95,0.02
2025-04-20 11:00:00,757.99,0.034
2025-04-20 11:30:00,757.83,0.047
2025-04-20 12:00:00,757.83,0.055
2025-04-20 12:30:00,757.85,0.075
2025-04-20 13:00:00,757.8,0.072
2025-04-20 13:30:00,757.9,0.076
2025-04-20 14:00:00,757.84,0.085
2025-04-20 14:30:00,758.01,0.084
2025-04-20 15:00:00,757.84,0.083
2025-04-20 15:30:00,757.72,0.084
2025-04-20 16:00:00,757.8,0.096
2025-04-20 16:30:00,757.7,0.098
2025-04-20 17:00:00,757.82,0.107
2025-04-20 17:30:00,757.64,0.115
2025-04-20 18:00:00,757.41,0.134
2025-04-20 18:30:00,757.26,0.157
2025-04-20 19:00:00,756.98,0.177
2025-04-20 19:30:00,756.82,0.197
2025-04-20 20:00:00,756.77,0.224
2025-04-20 20:30:00,756.74,0.24
2025-04-20 21:00:00,756.67,0.259
2025-04-20 21:30:00,756.66,0.273
2025-04-20 22:00:00,756.64,0.274
2025-04-20 22:30:00,756.84,0.268
2025-04-20 23:00:00,756.99,0.263
2025-04-20 23:30:00,757.27,0.249
2025-04-21 00:00:00,757.75,0.222
2025-04-21 00:30:00,758.04,0.213
2025-04-21 01:00:00,758.68,0.168
2025-04-21 01:30:00,759.12,0.144
2025-04-21 02:00:00,759.58,0.104
2025-04-21 02:30:00,760.14,0.049
2025-04-21 03:00:00,760.7,-0.002
2025-04-21 03:30:00,761.4,-0.045
2025-04-21 04:00:00,762.18,-0.062
2025-04-21 04:30:00,762.3,-0.065
2025-04-21 05:00:00,762.3,-0.054
2025-04-21 05:30:00,762.27,-0.049
2025-04-21 06:00:00,762.05,-0.045
2025-04-21 06:30:00,761.91,-0.052
2025-04-21 07:00:00,761.84,-0.044
2025-04-21 07:30:00,761.9,-0.022
2025-04-21 08:00:00,761.88,-0.018
2025-04-21 08:30:00,761.79,0.004
2025-04-21 09:00:00,761.42,0.014
2025-04-21 09:30:00,761.13,0.014
2025-04-21 10:00:00,761.0,0.032
2025-04-21 10:30:00,760.96,0.039
2025-04-21 11:00:00,760.8,0.057
2025-04-21 11:30:00,760.79,0.065
2025-04-21 12:00:00,760.63,0.068
2025-04-21 12:30:00,760.53,0.063
2025-04-21 13:00:00,760.24,0.054
2025-04-21 13:30:00,760.3,0.069
2025-04-21 14:00:00,760.09,0.067
2025-04-21 14:30:00,760.15,0.074
2025-04-21 15:00:00,760.03,0.078
2025-04-21 15:30:00,759.9,0.086
2025-04-21 16:00:00,759.89,0.096
2025-04-21 16:30:00,759.72,0.108
2025-04-21 17:00:00,759.76,0.117
2025-04-21 17:30:00,759.67,0.121
2025-04-21 18:00:00,759.66,0.133
2025-04-21 18:30:00,759.51,0.155
2025-04-21 19:00:00,759.46,0.168
2025-04-21 19:30:00,759.3,0.188
2025-04-21 20:00:00,759.25,0.207
2025-04-21 20:30:00,759.26,0.219
2025-04-21 21:00:00,759.13,0.231
2025-04-21 21:30:00,759.03,0.247
2025-04-21 22:00:00,759.05,0.249
2025-04-21 22:30:00,758.97,0.25
2025-04-21 23:00:00,758.83,0.224
2025-04-21 23:30:00,758.99,0.191
2025-04-22 00:00:00,759.15,0.181
2025-04-22 00:30:00,759.38,0.179
2025-04-22 01:00:00,759.55,0.171
2025-04-22 01:30:00,759.78,0.153
2025-04-22 02:00:00,760.07,0.113
2025-04-22 02:30:00,760.23,0.099
2025-04-22 03:00:00,760.69,0.067
2025-04-22 03:30:00,761.04,0.027
2025-04-22 04:00:00,761.68,0.01
2025-04-22 04:30:00,761.98,0.004
2025-04-22 05:00:00,762.03,-0.004
2025-04-22 05:30:00,762.09,-0.007
2025-04-22 06:00:00,762.06,0.002
2025-04-22 06:30:00,762.13,-0.001
2025-04-22 07:00:00,761.99,0.006
2025-04-22 07:30:00,761.94,0.015
2025-04-22 08:00:00,761.73,0.018
2025-04-22 08:30:00,761.56,0.03
2025-04-22 09:00:00,761.45,0.03
2025-04-22 09:30:00,761.06,0.048
2025-04-22 10:00:00,760.87,0.061
2025-04-22 10:30:00,760.69,0.067
2025-04-22 11:00:00,760.67,0.085
2025-04-22 11:30:00,760.48,0.091
2025-04-22 12:00:00,760.38,0.101
2025-04-22 12:30:00,760.16,0.102
2025-04-22 13:00:00,759.96,0.097
2025-04-22 13:30:00,760.07,0.098
2025-04-22 14:00:00,760.03,0.093
2025-04-22 14:30:00,759.98,0.101
2025-04-22 15:00:00,759.65,0.109
2025-04-22 15:30:00,759.81,0.113
2025-04-22 16:00:00,759.56,0.118
2025-04-22 16:30:00,759.51,0.124
2025-04-22 17:00:00,759.42,0.146
2025-04-22 17:30:00,759.38,0.152
2025-04-22 18:00:00,759.34,0.169
2025-04-22 18:30:00,759.21,0.186
2025-04-22 19:00:00,759.02,0.199
2025-04-22 19:30:00,758.99,0.217
2025-04-22 20:00:00,758.92,0.239
2025-04-22 20:30:00,758.9,0.252
2025-04-22 21:00:00,758.63,0.258
2025-04-22 21:30:00,758.41,0.273
2025-04-22 22:00:00,758.42,0.268
2025-04-22 22:30:00,758.25,0.265
2025-04-22 23:00:00,758.19,0.261
2025-04-22 23:30:00,758.39,0.232
2025-04-23 00:00:00,758.49,0.224
2025-04-23 00:30:00,758.66,0.212
2025-04-23 01:00:00,758.71,0.197
2025-04-23 01:30:00,758.85,0.173
2025-04-23 02:00:00,758.81,0.139
2025-04-23 02:30:00,758.92,0.105
2025-04-23 03:00:00,759.28,0.076
2025-04-23 03:30:00,759.48,0.041
2025-04-23 04:00:00,759.59,0.031
2025-04-23 04:30:00,759.6,0.051
2025-04-23 05:00:00,759.87,0.051
2025-04-23 05:30:00,759.86,0.046
2025-04-23 06:00:00,759.91,0.048
2025-04-23 06:30:00,759.73,0.04
2025-04-23 07:00:00,759.83,0.034
2025-04-23 07:30:00,759.79,0.007
2025-04-23 08:00:00,759.82,0.002
2025-04-23 08:30:00,759.72,0.003
2025-04-23 09:00:00,759.52,0.011
2025-04-23 09:30:00,759.29,0.008
2025-04-23 10:00:00,759.2,0.013
2025-04-23 10:30:00,758.96,0.022
2025-04-23 11:00:00,758.97,0.024
2025-04-23 11:30:00,758.75,0.034
2025-04-23 12:00:00,758.67,0.034
2025-04-23 12:30:00,758.45,0.041
2025-04-23 13:00:00,758.3,0.045
2025-04-23 13:30:00,758.13,0.044
2025-04-23 14:00:00,757.93,0.051
2025-04-23 14:30:00,757.9,0.058
2025-04-23 15:00:00,757.87,0.083
2025-04-23 15:30:00,757.58,0.091
2025-04-23 16:00:00,757.43,0.096
2025-04-23 16:30:00,757.25,0.107
2025-04-23 17:00:00,757.14,0.121
2025-04-23 17:30:00,757.2,0.141
2025-04-23 18:00:00,757.19,0.166
2025-04-23 18:30:00,757.04,0.196
2025-04-23 19:00:00,756.87,0.227
2025-04-23 19:30:00,756.8,0.262
2025-04-23 20:00:00,756.77,0.287
2025-04-23 20:30:00,756.71,0.312
2025-04-23 21:00:00,756.64,0.332
2025-04-23 21:30:00,756.57,0.346
2025-04-23 22:00:00,756.42,0.349
2025-04-23 22:30:00,756.49,0.336
2025-04-23 23:00:00,756.33,0.317
2025-04-23 23:30:00,756.27,0.305
2025-04-24 00:00:00,756.32,0.293
2025-04-24 00:30:00,756.37,0.289
2025-04-24 01:00:00,756.35,0.285
2025-04-24 01:30:00,756.4,0.278
2025-04-24 02:00:00,756.57,0.27
2025-04-24 02:30:00,756.65,0.259
2025-04-24 03:00:00,756.66,0.253
2025-04-24 03:30:00,756.99,0.245
2025-04-24 04:00:00,756.99,0.234
2025-04-24 04:30:00,756.97,0.229
2025-04-24 05:00:00,756.88,0.216
2025-04-24 05:30:00,757.03,0.216
2025-04-24 06:00:00,757.09,0.203
2025-04-24 06:30:00,757.09,0.199
2025-04-24 07:00:00,757.03,0.196
2025-04-24 07:30:00,756.97,0.186
2025-04-24 08:00:00,757.01,0.183
2025-04-24 08:30:00,756.89,0.177
2025-04-24 09:00:00,756.78,0.172
2025-04-24 09:30:00,756.57,0.169
2025-04-24 10:00:00,756.51,0.164
2025-04-24 10:30:00,756.31,0.16
2025-04-24 11:00:00,755.96,0.165
2025-04-24 11:30:00,755.79,0.161
2025-04-24 12:00:00,755.74,0.16
2025-04-24 12:30:00,755.77,0.16
2025-04-24 13:00:00,755.63,0.156
2025-04-24 13:30:00,755.67,0.156
2025-04-24 14:00:00,755.57,0.152
2025-04-24 14:30:00,755.6,0.16
2025-04-24 15:00:00,755.44,0.159
2025-04-24 15:30:00,755.32,0.162
2025-04-24 16:00:00,755.44,0.172
2025-04-24 16:30:00,755.33,0.182
2025-04-24 17:00:00,755.26,0.197
2025-04-24 17:30:00,755.39,0.218
2025-04-24 18:00:00,755.43,0.243
2025-04-24 18:30:00,755.42,0.269
2025-04-24 19:00:00,755.32,0.297
2025-04-24 19:30:00,755.32,0.328
2025-04-24 20:00:00,755.19,0.356
2025-04-24 20:30:00,755.15,0.385
2025-04-24 21:00:00,755.11,0.409
2025-04-24 21:30:00,755.0,0.433
2025-04-24 22:00:00,754.84,0.442
2025-04-24 22:30:00,754.74,0.436
2025-04-24 23:00:00,754.58,0.426
2025-04-24 23:30:00,754.47,0.418
2025-04-25 00:00:00,754.44,0.396
2025-04-25 00:30:00,754.33,0.382
2025-04-25 01:00:00,754.28,0.379
2025-04-25 01:30:00,754.23,0.373
2025-04-25 02:00:00,754.14,0.356
2025-04-25 02:30:00,753.94,0.338
2025-04-25 03:00:00,753.94,0.325
2025-04-25 03:30:00,754.04,0.304
2025-04-25 04:00:00,753.95,0.29
2025-04-25 04:30:00,753.99,0.286
2025-04-25 05:00:00,753.82,0.259
2025-04-25 05:30:00,753.65,0.25
2025-04-25 06:00:00,753.43,0.242
2025-04-25 06:30:00,753.23,0.234
2025-04-25 07:00:00,753.23,0.227
2025-04-25 07:30:00,753.27,0.224
2025-04-25 08:00:00,753.09,0.22
2025-04-25 08:30:00,752.87,0.218
2025-04-25 09:00:00,752.77,0.22
2025-04-25 09:30:00,752.47,0.22
2025-04-25 10:00:00,752.08,0.217
2025-04-25 10:30:00,751.96,0.212
2025-04-25 11:00:00,751.7,0.218
2025-04-25 11:30:00,751.62,0.214
2025-04-25 12:00:00,751.44,0.222
2025-04-25 12:30:00,751.28,0.227
2025-04-25 13:00:00,751.18,0.223
2025-04-25 13:30:00,751.06,0.231
2025-04-25 14:00:00,750.93,0.229
2025-04-25 14:30:00,750.85,0.234
2025-04-25 15:00:00,750.77,0.234
2025-04-25 15:30:00,750.67,0.231
2025-04-25 16:00:00,750.54,0.236
2025-04-25 16:30:00,750.46,0.249
2025-04-25 17:00:00,750.43,0.256
2025-04-25 17:30:00,750.29,0.269
2025-04-25 18:00:00,750.29,0.289
2025-04-25 18:30:00,750.26,0.318
2025-04-25 19:00:00,750.18,0.352
2025-04-25 19:30:00,750.18,0.39
2025-04-25 20:00:00,750.12,0.429
2025-04-25 20:30:00,750.03,0.452
2025-04-25 21:00:00,749.88,0.456
2025-04-25 21:30:00,749.83,0.458
2025-04-25 22:00:00,749.73,0.472
2025-04-25 22:30:00,749.73,0.462
2025-04-25 23:00:00,749.45,0.464
2025-04-25 23:30:00,749.35,0.456
2025-04-26 00:00:00,749.33,0.438
2025-04-26 00:30:00,749.22,0.426
2025-04-26 01:00:00,749.03,0.409
2025-04-26 01:30:00,749.0,0.38
2025-04-26 02:00:00,748.89,0.361
2025-04-26 02:30:00,748.79,0.334
2025-04-26 03:00:00,748.91,0.317
2025-04-26 03:30:00,748.98,0.293
2025-04-26 04:00:00,749.01,0.274
2025-04-26 04:30:00,749.06,0.249
2025-04-26 05:00:00,749.02,0.233
2025-04-26 05:30:00,749.0,0.212
2025-04-26 06:00:00,748.76,0.204
2025-04-26 06:30:00,748.71,0.195
2025-04-26 07:00:00,748.51,0.182
2025-04-26 07:30:00,748.44,0.184
2025-04-26 08:00:00,748.42,0.185
2025-04-26 08:30:00,748.15,0.176
2025-04-26 09:00:00,747.92,0.175
2025-04-26 09:30:00,747.77,0.175
2025-04-26 10:00:00,747.66,0.169
2025-04-26 10:30:00,747.42,0.174
2025-04-26 11:00:00,747.28,0.176
2025-04-26 11:30:00,747.04,0.173
2025-04-26 12:00:00,746.9,0.17
2025-04-26 12:30:00,746.76,0.17
2025-04-26 13:00:00,746.6,0.169
2025-04-26 13:30:00,746.56,0.185
2025-04-26 14:00:00,746.49,0.176
2025-04-26 14:30:00,746.34,0.18
2025-04-26 15:00:00,746.31,0.182
2025-04-26 15:30:00,746.3,0.189
2025-04-26 16:00:00,746.12,0.183
2025-04-26 16:30:00,746.0,0.192
2025-04-26 17:00:00,745.93,0.195
2025-04-26 17:30:00,746.0,0.204
2025-04-26 18:00:00,745.87,0.227
2025-04-26 18:30:00,745.83,0.241
2025-04-26 19:00:00,745.7,0.253
2025-04-26 19:30:00,745.74,0.265
2025-04-26 20:00:00,745.71,0.271
2025-04-26 20:30:00,745.55,0.278
2025-04-26 21:00:00,745.55,0.275
2025-04-26 21:30:00,745.44,0.28
2025-04-26 22:00:00,745.59,0.292
2025-04-26 22:30:00,745.45,0.292
2025-04-26 23:00:00,745.34,0.291
2025-04-26 23:30:00,745.29,0.29
2025-04-27 00:00:00,745.29,0.289
2025-04-27 00:30:00,745.35,0.293
2025-04-27 01:00:00,745.34,0.294
2025-04-27 01:30:00,745.28,0.28
2025-04-27 02:00:00,745.21,0.269
2025-04-27 02:30:00,745.4,0.26
2025-04-27 03:00:00,745.26,0.25
2025-04-27 03:30:00,745.29,0.242
2025-04-27 04:00:00,745.39,0.235
2025-04-27 04:30:00,745.72,0.225
2025-04-27 05:00:00,745.68,0.217
2025-04-27 05:30:00,745.71,0.207
2025-04-27 06:00:00,745.66,0.206
2025-04-27 06:30:00,745.56,0.199
2025-04-27 07:00:00,745.56,0.201
2025-04-27 07:30:00,745.53,0.195
2025-04-27 08:00:00,745.54,0.189
2025-04-27 08:30:00,745.4,0.187
2025-04-27 09:00:00,745.3,0.186
2025-04-27 09:30:00,745.12,0.184
2025-04-27 10:00:00,744.99,0.171
2025-04-27 10:30:00,745.05,0.175
2025-04-27 11:00:00,744.9,0.169
2025-04-27 11:30:00,744.88,0.161
2025-04-27 12:00:00,744.75,0.154
2025-04-27 12:30:00,744.87,0.156
2025-04-27 13:00:00,745.19,0.151
2025-04-27 13:30:00,745.26,0.153
2025-04-27 14:00:00,745.44,0.149
2025-04-27 14:30:00,745.62,0.153
2025-04-27 15:00:00,745.63,0.158
2025-04-27 15:30:00,745.76,0.159
2025-04-27 16:00:00,745.87,0.174
2025-04-27 16:30:00,746.0,0.185
2025-04-27 17:00:00,746.2,0.193
2025-04-27 17:30:00,746.37,0.213
2025-04-27 18:00:00,746.46,0.235
2025-04-27 18:30:00,746.56,0.255
2025-04-27 19:00:00,746.67,0.275
2025-04-27 19:30:00,746.6,0.298
2025-04-27 20:00:00,746.75,0.327
2025-04-27 20:30:00,746.95,0.352
2025-04-27 21:00:00,747.12,0.359
2025-04-27 21:30:00,747.2,0.355
2025-04-27 22:00:00,747.29,0.353
2025-04-27 22:30:00,747.36,0.361
2025-04-27 23:00:00,747.51,0.376
2025-04-27 23:30:00,747.64,0.385
2025-04-28 00:00:00,747.72,0.383
2025-04-28 00:30:00,747.78,0.38
2025-04-28 01:00:00,747.82,0.368
2025-04-28 01:30:00,747.89,0.358
2025-04-28 02:00:00,747.98,0.348
2025-04-28 02:30:00,748.04,0.336
2025-04-28 03:00:00,748.1,0.327
2025-04-28 03:30:00,748.29,0.317
2025-04-28 04:00:00,748.36,0.309
2025-04-28 04:30:00,748.64,0.289
2025-04-28 05:00:00,748.74,0.277
2025-04-28 05:30:00,748.77,0.268
2025-04-28 06:00:00,748.81,0.261
2025-04-28 06:30:00,748.84,0.253
2025-04-28 07:00:00,748.95,0.245
2025-04-28 07:30:00,748.95,0.238
2025-04-28 08:00:00,749.04,0.236
2025-04-28 08:30:00,749.08,0.236
2025-04-28 09:00:00,749.03,0.237
2025-04-28 09:30:00,749.03,0.233
2025-04-28 10:00:00,749.1,0.235
2025-04-28 10:30:00,749.11,0.23
2025-04-28 11:00:00,749.08,0.226
2025-04-28 11:30:00,749.17,0.22
2025-04-28 12:00:00,749.18,0.215
2025-04-28 12:30:00,749.24,0.206
2025-04-28 13:00:00,749.29,0.2
2025-04-28 13:30:00,749.45,0.198
2025-04-28 14:00:00,749.63,0.187
2025-04-28 14:30:00,749.82,0.183
2025-04-28 15:00:00,749.96,0.181
2025-04-28 15:30:00,749.94,0.174
2025-04-28 16:00:00,750.12,0.181
2025-04-28 16:30:00,750.3,0.199
2025-04-28 17:00:00,750.35,0.222
2025-04-28 17:30:00,750.52,0.249
2025-04-28 18:00:00,750.74,0.289
2025-04-28 18:30:00,750.76,0.341
2025-04-28 19:00:00,750.95,0.402
2025-04-28 19:30:00,751.06,0.473
2025-04-28 20:00:00,751.24,0.558
2025-04-28 20:30:00,751.37,0.608
2025-04-28 21:00:00,751.63,0.656
2025-04-28 21:30:00,751.76,0.701
2025-04-28 22:00:00,751.8,0.716
2025-04-28 22:30:00,751.82,0.699
2025-04-28 23:00:00,751.72,0.659
2025-04-28 23:30:00,751.72,0.619
2025-04-29 00:00:00,751.78,0.591
2025-04-29 00:30:00,751.91,0.569
2025-04-29 01:00:00,751.9,0.549
2025-04-29 01:30:00,752.01,0.535
2025-04-29 02:00:00,752.03,0.515
2025-04-29 02:30:00,752.11,0.491
2025-04-29 03:00:00,752.12,0.466
2025-04-29 03:30:00,752.29,0.442
2025-04-29 04:00:00,752.45,0.418
2025-04-29 04:30:00,752.53,0.393
2025-04-29 05:00:00,752.73,0.382
2025-04-29 05:30:00,752.9,0.365
2025-04-29 06:00:00,752.96,0.353
2025-04-29 06:30:00,753.16,0.343
2025-04-29 07:00:00,753.3,0.336
2025-04-29 07:30:00,753.35,0.322
2025-04-29 08:00:00,753.28,0.309
2025-04-29 08:30:00,753.14,0.296
2025-04-29 09:00:00,753.09,0.286
2025-04-29 09:30:00,752.96,0.279
2025-04-29 10:00:00,752.99,0.271
2025-04-29 10:30:00,753.0,0.263
2025-04-29 11:00:00,752.95,0.256
2025-04-29 11:30:00,752.83,0.251
2025-04-29 12:00:00,752.79,0.248
2025-04-29 12:30:00,752.66,0.239
2025-04-29 13:00:00,752.72,0.232
2025-04-29 13:30:00,752.84,0.225
2025-04-29 14:00:00,752.93,0.218
2025-04-29 14:30:00,752.85,0.218
2025-04-29 15:00:00,752.95,0.212
2025-04-29 15:30:00,753.06,0.211
2025-04-29 16:00:00,753.1,0.219
2025-04-29 16:30:00,753.18,0.242
2025-04-29 17:00:00,753.29,0.266
2025-04-29 17:30:00,753.23,0.298
2025-04-29 18:00:00,753.33,0.353
2025-04-29 18:30:00,753.3,0.416
2025-04-29 19:00:00,753.31,0.481
2025-04-29 19:30:00,753.34,0.562
2025-04-29 20:00:00,753.31,0.646
2025-04-29 20:30:00,753.32,0.696
2025-04-29 21:00:00,753.44,0.738
2025-04-29 21:30:00,753.51,0.774
2025-04-29 22:00:00,753.54,0.776
2025-04-29 22:30:00,753.56,0.742
2025-04-29 23:00:00,753.63,0.699
2025-04-29 23:30:00,753.72,0.646
2025-04-30 00:00:00,753.88,0.607
2025-04-30 00:30:00,754.06,0.569
2025-04-30 01:00:00,754.12,0.525
2025-04-30 01:30:00,754.26,0.475
2025-04-30 02:00:00,754.47,0.435
2025-04-30 02:30:00,754.76,0.406
2025-04-30 03:00:00,755.55,0.347
2025-04-30 03:30:00,756.3,0.313
2025-04-30 04:00:00,756.81,0.282
2025-04-30 04:30:00,757.62,0.24
2025-04-30 05:00:00,757.92,0.198
2025-04-30 05:30:00,758.16,0.165
2025-04-30 06:00:00,758.1,0.155
2025-04-30 06:30:00,758.44,0.148
2025-04-30 07:00:00,758.3,0.134
2025-04-30 07:30:00,758.44,0.135
2025-04-30 08:00:00,758.35,0.146
2025-04-30 08:30:00,758.19,0.148
2025-04-30 09:00:00,758.18,0.145
2025-04-30 09:30:00,757.95,0.152
2025-04-30 10:00:00,757.9,0.154
2025-04-30 10:30:00,757.83,0.167
2025-04-30 11:00:00,757.77,0.177
2025-04-30 11:30:00,757.59,0.165
2025-04-30 12:00:00,757.62,0.173
2025-04-30 12:30:00,757.35,0.174
2025-04-30 13:00:00,757.49,0.192
2025-04-30 13:30:00,757.49,0.193
2025-04-30 14:00:00,757.53,0.193
2025-04-30 14:30:00,757.38,0.199
2025-04-30 15:00:00,757.33,0.212
2025-04-30 15:30:00,757.38,0.222
2025-04-30 16:00:00,757.31,0.236
2025-04-30 16:30:00,756.99,0.249
2025-04-30 17:00:00,757.13,0.272
2025-04-30 17:30:00,756.99,0.294
2025-04-30 18:00:00,757.05,0.327
2025-04-30 18:30:00,757.16,0.375
2025-04-30 19:00:00,756.98,0.407
2025-04-30 19:30:00,756.83,0.415
2025-04-30 20:00:00,756.71,0.434
2025-04-30 20:30:00,756.84,0.486
2025-04-30 21:00:00,756.8,0.511
2025-04-30 21:30:00,756.98,0.516
2025-04-30 22:00:00,757.0,0.502
2025-04-30 22:30:00,756.89,0.474
2025-04-30 23:00:00,756.99,0.434
2025-04-30 23:30:00,756.89,0.41
2025-05-01 00:00:00,757.14,0.386
2025-05-01 00:30:00,757.25,0.351
2025-05-01 01:00:00,757.62,0.319
2025-05-01 01:30:00,757.64,0.283
2025-05-01 02:00:00,757.73,0.221
2025-05-01 02:30:00,757.84,0.179
2025-05-01 03:00:00,757.91,0.135
2025-05-01 03:30:00,758.0,0.109
2025-05-01 04:00:00,758.4,0.085
2025-05-01 04:30:00,758.58,0.068
2025-05-01 05:00:00,758.86,0.073
2025-05-01 05:30:00,759.08,0.071
2025-05-01 06:00:00,758.96,0.058
2025-05-01 06:30:00,759.05,0.075
2025-05-01 07:00:00,759.05,0.081
2025-05-01 07:30:00,759.2,0.096
2025-05-01 08:00:00,759.07,0.095
2025-05-01 08:30:00,758.98,0.096
2025-05-01 09:00:00,758.98,0.1
2025-05-01 09:30:00,758.85,0.108
2025-05-01 10:00:00,758.71,0.101
2025-05-01 10:30:00,758.89,0.109
2025-05-01 11:00:00,758.79,0.114
2025-05-01 11:30:00,758.85,0.111
2025-05-01 12:00:00,758.67,0.118
2025-05-01 12:30:00,758.55,0.117
2025-05-01 13:00:00,758.6,0.122
2025-05-01 13:30:00,758.55,0.13
2025-05-01 14:00:00,758.64,0.128
2025-05-01 14:30:00,758.54,0.139
2025-05-01 15:00:00,758.44,0.139
2025-05-01 15:30:00,758.33,0.142
2025-05-01 16:00:00,758.41,0.154
2025-05-01 16:30:00,758.44,0.18
2025-05-01 17:00:00,758.49,0.205
2025-05-01 17:30:00,758.51,0.247
2025-05-01 18:00:00,758.71,0.3
2025-05-01 18:30:00,758.88,0.359
2025-05-01 19:00:00,758.79,0.426
2025-05-01 19:30:00,758.66,0.478
2025-05-01 20:00:00,758.71,0.551
2025-05-01 20:30:00,758.86,0.609
2025-05-01 21:00:00,759.01,0.637
2025-05-01 21:30:00,759.15,0.643
2025-05-01 22:00:00,759.18,0.631
2025-05-01 22:30:00,759.44,0.613
2025-05-01 23:00:00,759.79,0.583
2025-05-01 23:30:00,759.97,0.478
2025-05-02 00:00:00,760.28,0.346
2025-05-02 00:30:00,760.88,0.239
2025-05-02 01:00:00,761.58,0.105
2025-05-02 01:30:00,762.85,-0.007
2025-05-02 02:00:00,763.6,-0.075
2025-05-02 02:30:00,764.14,-0.126
2025-05-02 03:00:00,764.79,-0.151
2025-05-02 03:30:00,765.45,-0.164
2025-05-02 04:00:00,765.89,-0.166
2025-05-02 04:30:00,766.27,-0.161
2025-05-02 05:00:00,766.19,-0.153
2025-05-02 05:30:00,766.29,-0.151
2025-05-02 06:00:00,766.41,-0.144
2025-05-02 06:30:00,766.4,-0.129
2025-05-02 07:00:00,766.51,-0.119
2025-05-02 07:30:00,766.56,-0.103
2025-05-02 08:00:00,766.67,-0.089
2025-05-02 08:30:00,766.45,-0.08
2025-05-02 09:00:00,766.27,-0.081
2025-05-02 09:30:00,766.05,-0.073
2025-05-02 10:00:00,765.91,-0.057
2025-05-02 10:30:00,766.1,-0.046
2025-05-02 11:00:00,765.85,-0.032
2025-05-02 11:30:00,765.64,-0.02
2025-05-02 12:00:00,765.33,-0.012
2025-05-02 12:30:00,765.28,-0.0
2025-05-02 13:00:00,765.09,0.009
2025-05-02 13:30:00,765.11,0.017
2025-05-02 14:00:00,765.06,0.025
2025-05-02 14:30:00,764.87,0.037
2025-05-02 15:00:00,764.78,0.045
2025-05-02 15:30:00,764.62,0.064
2025-05-02 16:00:00,764.51,0.084
2025-05-02 16:30:00,764.59,0.11
2025-05-02 17:00:00,764.48,0.144
2025-05-02 17:30:00,764.6,0.193
2025-05-02 18:00:00,764.55,0.247
2025-05-02 18:30:00,764.66,0.304
2025-05-02 19:00:00,764.58,0.364
2025-05-02 19:30:00,764.61,0.451
2025-05-02 20:00:00,764.61,0.518
2025-05-02 20:30:00,764.7,0.516
2025-05-02 21:00:00,764.63,0.518
2025-05-02 21:30:00,764.89,0.512
2025-05-02 22:00:00,765.29,0.464
2025-05-02 22:30:00,765.57,0.384
2025-05-02 23:00:00,765.89,0.296
2025-05-02 23:30:00,766.37,0.154
2025-05-03 00:00:00,767.3,-0.003
2025-05-03 00:30:00,768.2,-0.09
2025-05-03 01:00:00,768.82,-0.127
2025-05-03 01:30:00,769.23,-0.147
2025-05-03 02:00:00,769.39,-0.17
2025-05-03 02:30:00,769.36,-0.184
2025-05-03 03:00:00,769.41,-0.192
2025-05-03 03:30:00,769.47,-0.183
2025-05-03 04:00:00,769.4,-0.185
2025-05-03 04:30:00,769.69,-0.191
2025-05-03 05:00:00,769.99,-0.179
2025-05-03 05:30:00,769.82,-0.174
2025-05-03 06:00:00,769.74,-0.162
2025-05-03 06:30:00,769.75,-0.153
2025-05-03 07:00:00,769.68,-0.15
2025-05-03 07:30:00,769.68,-0.137
2025-05-03 08:00:00,769.2,-0.123
2025-05-03 08:30:00,769.32,-0.103
2025-05-03 09:00:00,768.87,-0.091
2025-05-03 09:30:00,768.86,-0.072
2025-05-03 10:00:00,768.7,-0.055
2025-05-03 10:30:00,768.28,-0.04
2025-05-03 11:00:00,768.2,-0.028
2025-05-03 11:30:00,767.83,-0.009
2025-05-03 12:00:00,767.53,0.005
2025-05-03 12:30:00,767.15,0.025
2025-05-03 13:00:00,766.8,0.039
2025-05-03 13:30:00,766.56,0.055
2025-05-03 14:00:00,766.24,0.077
2025-05-03 14:30:00,766.16,0.029
2025-05-03 15:00:00,765.65,0.0
2025-05-03 15:30:00,765.39,-0.022
2025-05-03 16:00:00,765.27,0.079
2025-05-03 16:30:00,764.94,0.123
2025-05-03 17:00:00,764.88,0.146
2025-05-03 17:30:00,764.7,0.125
2025-05-03 18:00:00,764.45,0.125
2025-05-03 18:30:00,764.35,0.08
2025-05-03 19:00:00,763.98,0.085
2025-05-03 19:30:00,763.86,0.108
2025-05-03 20:00:00,763.27,0.195
2025-05-03 20:30:00,762.68,0.238
2025-05-03 21:00:00,762.48,0.235
2025-05-03 21:30:00,762.28,0.23
2025-05-03 22:00:00,762.23,0.236
2025-05-03 22:30:00,761.72,0.254
2025-05-03 23:00:00,761.25,0.251
2025-05-03 23:30:00,760.73,0.239
2025-05-04 00:00:00,760.65,0.246
2025-05-04 00:30:00,760.76,0.257
2025-05-04 01:00:00,760.31,0.266
2025-05-04 01:30:00,760.08,0.258
2025-05-04 02:00:00,759.58,0.248
2025-05-04 02:30:00,759.44,0.236
2025-05-04 03:00:00,759.03,0.228
2025-05-04 03:30:00,758.92,0.216
2025-05-04 04:00:00,758.67,0.207
2025-05-04 04:30:00,758.45,0.2
2025-05-04 05:00:00,758.18,0.201
2025-05-04 05:30:00,757.84,0.198
2025-05-04 06:00:00,757.57,0.19
2025-05-04 06:30:00,757.18,0.19
2025-05-04 07:00:00,756.97,0.198
2025-05-04 07:30:00,756.61,0.197
2025-05-04 08:00:00,756.21,0.197
2025-05-04 08:30:00,755.98,0.206
2025-05-04 09:00:00,755.39,0.206
2025-05-04 09:30:00,755.19,0.211
2025-05-04 10:00:00,754.92,0.22
2025-05-04 10:30:00,754.69,0.214
2025-05-04 11:00:00,754.39,0.206
2025-05-04 11:30:00,754.16,0.206
2025-05-04 12:00:00,754.15,0.205
2025-05-04 12:30:00,753.86,0.197
2025-05-04 13:00:00,753.74,0.189
2025-05-04 13:30:00,753.57,0.19
2025-05-04 14:00:00,753.43,0.189
2025-05-04 14:30:00,753.49,0.191
2025-05-04 15:00:00,753.33,0.195
2025-05-04 15:30:00,753.27,0.205
2025-05-04 16:00:00,753.23,0.223
2025-05-04 16:30:00,752.95,0.265
2025-05-04 17:00:00,753.04,0.293
2025-05-04 17:30:00,753.07,0.313
2025-05-04 18:00:00,752.71,0.279
2025-05-04 18:30:00,752.52,0.317
2025-05-04 19:00:00,752.6,0.434
2025-05-04 19:30:00,752.51,0.507
2025-05-04 20:00:00,752.29,0.489
2025-05-04 20:30:00,752.06,0.519
2025-05-04 21:00:00,751.91,0.546
2025-05-04 21:30:00,751.77,0.577
2025-05-04 22:00:00,751.63,0.576
2025-05-04 22:30:00,751.29,0.577
2025-05-04 23:00:00,751.35,0.592
2025-05-04 23:30:00,751.26,0.581
2025-05-05 00:00:00,751.2,0.551
2025-05-05 00:30:00,751.12,0.532
2025-05-05 01:00:00,751.2,0.509
2025-05-05 01:30:00,751.24,0.492
2025-05-05 02:00:00,751.3,0.467
2025-05-05 02:30:00,751.44,0.434
2025-05-05 03:00:00,751.43,0.41
2025-05-05 03:30:00,751.35,0.38
2025-05-05 04:00:00,751.34,0.364
2025-05-05 04:30:00,751.4,0.342
2025-05-05 05:00:00,751.46,0.335
2025-05-05 05:30:00,751.62,0.324
2025-05-05 06:00:00,751.62,0.314
2025-05-05 06:30:00,751.38,0.313
2025-05-05 07:00:00,751.36,0.304
2025-05-05 07:30:00,751.36,0.3
2025-05-05 08:00:00,751.3,0.283
2025-05-05 08:30:00,751.26,0.277
2025-05-05 09:00:00,751.69,0.271
2025-05-05 09:30:00,751.6,0.268
2025-05-05 10:00:00,751.42,0.274
2025-05-05 10:30:00,751.6,0.274
2025-05-05 11:00:00,751.54,0.27
2025-05-05 11:30:00,751.46,0.26
2025-05-05 12:00:00,751.61,0.241
2025-05-05 12:30:00,751.35,0.222
2025-05-05 13:00:00,751.53,0.214
2025-05-05 13:30:00,751.68,0.216
2025-05-05 14:00:00,751.55,0.22
2025-05-05 14:30:00,751.63,0.222
2025-05-05 15:00:00,751.77,0.234
2025-05-05 15:30:00,751.58,0.241
2025-05-05 16:00:00,751.68,0.255
2025-05-05 16:30:00,751.54,0.27
2025-05-05 17:00:00,751.45,0.307
2025-05-05 17:30:00,751.62,0.373
2025-05-05 18:00:00,751.93,0.443
2025-05-05 18:30:00,752.0,0.499
2025-05-05 19:00:00,752.07,0.625
2025-05-05 19:30:00,752.35,0.751
2025-05-05 20:00:00,752.61,0.932
2025-05-05 20:30:00,752.7,1.049
2025-05-05 21:00:00,752.9,1.092
2025-05-05 21:30:00,753.06,1.126
2025-05-05 22:00:00,753.13,1.109
2025-05-05 22:30:00,753.33,1.055
2025-05-05 23:00:00,753.72,0.988
2025-05-05 23:30:00,753.77,0.896
2025-05-06 00:00:00,754.0,0.791
2025-05-06 00:30:00,754.34,0.721
2025-05-06 01:00:00,754.57,0.651
2025-05-06 01:30:00,755.51,0.584
2025-05-06 02:00:00,756.11,0.526
2025-05-06 02:30:00,756.89,0.466
2025-05-06 03:00:00,757.86,0.403
2025-05-06 03:30:00,758.52,0.322
2025-05-06 04:00:00,758.69,0.232
2025-05-06 04:30:00,759.34,0.194
2025-05-06 05:00:00,759.99,0.166
2025-05-06 05:30:00,760.11,0.15
2025-05-06 06:00:00,760.13,0.138
2025-05-06 06:30:00,759.76,0.127
2025-05-06 07:00:00,759.88,0.122
2025-05-06 07:30:00,760.03,0.116
2025-05-06 08:00:00,759.88,0.118
2025-05-06 08:30:00,759.6,0.118
2025-05-06 09:00:00,759.4,0.12
2025-05-06 09:30:00,759.19,0.122
2025-05-06 10:00:00,759.37,0.124
2025-05-06 10:30:00,759.42,0.125
2025-05-06 11:00:00,759.46,0.13
2025-05-06 11:30:00,759.17,0.13
2025-05-06 12:00:00,758.72,0.127
2025-05-06 12:30:00,758.45,0.134
2025-05-06 13:00:00,758.32,0.137
2025-05-06 13:30:00,758.48,0.142
2025-05-06 14:00:00,758.42,0.151
2025-05-06 14:30:00,758.47,0.158
2025-05-06 15:00:00,758.39,0.16
2025-05-06 15:30:00,758.15,0.165
2025-05-06 16:00:00,758.15,0.181
2025-05-06 16:30:00,758.07,0.22
2025-05-06 17:00:00,758.02,0.268
2025-05-06 17:30:00,757.98,0.334
2025-05-06 18:00:00,758.11,0.431
2025-05-06 18:30:00,758.29,0.517
2025-05-06 19:00:00,758.67,0.633
2025-05-06 19:30:00,758.6,0.753
2025-05-06 20:00:00,758.76,0.871
2025-05-06 20:30:00,758.78,0.945
2025-05-06 21:00:00,758.9,1.001
2025-05-06 21:30:00,758.89,1.017
2025-05-06 22:00:00,759.05,0.989
2025-05-06 22:30:00,759.1,0.923
2025-05-06 23:00:00,759.33,0.856
2025-05-06 23:30:00,759.65,0.753
2025-05-07 00:00:00,759.81,0.654
2025-05-07 00:30:00,759.96,0.567
2025-05-07 01:00:00,760.54,0.472
2025-05-07 01:30:00,761.48,0.37
2025-05-07 02:00:00,762.54,0.277
2025-05-07 02:30:00,763.28,0.184
2025-05-07 03:00:00,763.95,0.116
2025-05-07 03:30:00,764.4,0.076
2025-05-07 04:00:00,765.02,0.041
2025-05-07 04:30:00,765.33,0.026
2025-05-07 05:00:00,765.54,0.023
2025-05-07 05:30:00,765.62,0.027
2025-05-07 06:00:00,765.82,0.04
2025-05-07 06:30:00,765.75,0.052
2025-05-07 07:00:00,765.6,0.054
2025-05-07 07:30:00,765.84,0.058
2025-05-07 08:00:00,765.54,0.069
2025-05-07 08:30:00,765.5,0.065
2025-05-07 09:00:00,765.49,0.065
2025-05-07 09:30:00,765.49,0.068
2025-05-07 10:00:00,765.26,0.07
2025-05-07 10:30:00,765.21,0.07
2025-05-07 11:00:00,765.11,0.071
2025-05-07 11:30:00,765.23,0.078
2025-05-07 12:00:00,765.08,0.077
2025-05-07 12:30:00,764.96,0.079
2025-05-07 13:00:00,765.21,0.085
2025-05-07 13:30:00,765.14,0.088
2025-05-07 14:00:00,765.03,0.095
2025-05-07 14:30:00,764.91,0.103
2025-05-07 15:00:00,765.16,0.113
2025-05-07 15:30:00,765.15,0.142
2025-05-07 16:00:00,765.13,0.188
2025-05-07 16:30:00,765.21,0.244
2025-05-07 17:00:00,765.42,0.316
2025-05-07 17:30:00,765.41,0.412
2025-05-07 18:00:00,765.6,0.518
2025-05-07 18:30:00,765.68,0.631
2025-05-07 19:00:00,765.86,0.747
2025-05-07 19:30:00,765.98,0.874
2025-05-07 20:00:00,766.15,0.983
2025-05-07 20:30:00,766.32,1.032
2025-05-07 21:00:00,766.53,1.057
2025-05-07 21:30:00,766.82,1.031
2025-05-07 22:00:00,767.12,0.951
2025-05-07 22:30:00,767.58,0.838
2025-05-07 23:00:00,768.07,0.698
2025-05-07 23:30:00,769.58,0.503
2025-05-08 00:00:00,771.1,0.17
2025-05-08 00:30:00,774.14,0.04
2025-05-08 01:00:00,774.27,-0.132
2025-05-08 01:30:00,774.7,-0.19
2025-05-08 02:00:00,774.9,-0.198
2025-05-08 02:30:00,775.49,-0.182
2025-05-08 03:00:00,776.33,-0.173
2025-05-08 03:30:00,776.68,-0.168
2025-05-08 04:00:00,777.1,-0.161
2025-05-08 04:30:00,777.36,-0.15
2025-05-08 05:00:00,777.39,-0.132
2025-05-08 05:30:00,777.53,-0.129
2025-05-08 06:00:00,777.6,-0.118
2025-05-08 06:30:00,777.59,-0.105
2025-05-08 07:00:00,777.77,-0.095
2025-05-08 07:30:00,777.88,-0.085
2025-05-08 08:00:00,777.84,-0.076
2025-05-08 08:30:00,777.72,-0.07
2025-05-08 09:00:00,777.5,-0.063
2025-05-08 09:30:00,777.31,-0.055
2025-05-08 10:00:00,777.28,-0.046
2025-05-08 10:30:00,777.07,-0.036
2025-05-08 11:00:00,776.74,-0.025
2025-05-08 11:30:00,776.5,-0.014
2025-05-08 12:00:00,776.34,-0.001
2025-05-08 12:30:00,776.24,0.001
2025-05-08 13:00:00,775.95,0.005
2025-05-08 13:30:00,776.12,0.008
2025-05-08 14:00:00,776.07,0.01
2025-05-08 14:30:00,775.81,0.017
2025-05-08 15:00:00,775.87,0.038
2025-05-08 15:30:00,775.83,0.075
2025-05-08 16:00:00,775.86,0.119
2025-05-08 16:30:00,776.04,0.176
2025-05-08 17:00:00,775.91,0.256
2025-05-08 17:30:00,775.89,0.349
2025-05-08 18:00:00,776.07,0.449
2025-05-08 18:30:00,776.14,0.542
2025-05-08 19:00:00,776.21,0.672
2025-05-08 19:30:00,776.38,0.756
2025-05-08 20:00:00,776.43,0.839
2025-05-08 20:30:00,776.64,0.86
2025-05-08 21:00:00,776.71,0.812
2025-05-08 21:30:00,777.04,0.748
2025-05-08 22:00:00,777.54,0.673
2025-05-08 22:30:00,777.9,0.485
2025-05-08 23:00:00,779.6,0.33
2025-05-08 23:30:00,781.08,-0.065
2025-05-09 00:00:00,782.79,-0.203
2025-05-09 00:30:00,783.62,-0.212
2025-05-09 01:00:00,784.3,-0.227
2025-05-09 01:30:00,784.76,-0.234
2025-05-09 02:00:00,785.13,-0.242
2025-05-09 02:30:00,785.8,-0.244
2025-05-09 03:00:00,786.68,-0.239
2025-05-09 03:30:00,786.89,-0.23
2025-05-09 04:00:00,786.74,-0.222
2025-05-09 04:30:00,786.82,-0.22
2025-05-09 05:00:00,786.89,-0.23
2025-05-09 05:30:00,787.3,-0.218
2025-05-09 06:00:00,786.76,-0.206
2025-05-09 06:30:00,786.56,-0.187
2025-05-09 07:00:00,786.71,-0.158
2025-05-09 07:30:00,786.58,-0.139
2025-05-09 08:00:00,786.59,-0.121
2025-05-09 08:30:00,786.1,-0.093
2025-05-09 09:00:00,786.23,-0.071
2025-05-09 09:30:00,786.08,-0.057
2025-05-09 10:00:00,786.29,-0.048
2025-05-09 10:30:00,785.59,-0.045
2025-05-09 11:00:00,785.81,-0.031
2025-05-09 11:30:00,785.69,-0.029
2025-05-09 12:00:00,785.58,-0.024
2025-05-09 12:30:00,785.18,-0.015
2025-05-09 13:00:00,785.21,-0.004
2025-05-09 13:30:00,784.7,0.01
2025-05-09 14:00:00,784.86,0.019
2025-05-09 14:30:00,784.31,0.029
2025-05-09 15:00:00,784.53,0.06
2025-05-09 15:30:00,783.99,0.104
2025-05-09 16:00:00,784.08,0.16
2025-05-09 16:30:00,783.96,0.214
2025-05-09 17:00:00,784.04,0.285
2025-05-09 17:30:00,784.02,0.371
2025-05-09 18:00:00,783.99,0.463
2025-05-09 18:30:00,783.74,0.57
2025-05-09 19:00:00,783.98,0.617
2025-05-09 19:30:00,784.03,0.71
2025-05-09 20:00:00,784.23,0.79
2025-05-09 20:30:00,784.34,0.788
2025-05-09 21:00:00,784.59,0.726
2025-05-09 21:30:00,784.87,0.573
2025-05-09 22:00:00,785.2,0.341
2025-05-09 22:30:00,785.21,0.244
2025-05-09 23:00:00,785.66,0.075
2025-05-09 23:30:00,787.78,-0.121
2025-05-10 00:00:00,788.55,-0.136
2025-05-10 00:30:00,789.37,-0.172
2025-05-10 01:00:00,789.59,-0.202
2025-05-10 01:30:00,789.96,-0.201
2025-05-10 02:00:00,789.99,-0.193
2025-05-10 02:30:00,790.37,-0.198
2025-05-10 03:00:00,791.46,-0.19
2025-05-10 03:30:00,791.07,-0.17
2025-05-10 04:00:00,791.27,-0.149
2025-05-10 04:30:00,791.45,-0.135
2025-05-10 05:00:00,790.99,-0.117
2025-05-10 05:30:00,790.86,-0.108
2025-05-10 06:00:00,790.87,-0.097
2025-05-10 06:30:00,790.93,-0.084
2025-05-10 07:00:00,790.66,-0.075
2025-05-10 07:30:00,790.9,-0.064
2025-05-10 08:00:00,790.49,-0.042
2025-05-10 08:30:00,790.43,-0.03
2025-05-10 09:00:00,790.14,-0.024
2025-05-10 09:30:00,789.85,-0.014
2025-05-10 10:00:00,789.76,-0.004
2025-05-10 10:30:00,789.62,-0.006
2025-05-10 11:00:00,789.64,0.008
2025-05-10 11:30:00,789.52,0.011
2025-05-10 12:00:00,788.94,0.015
2025-05-10 12:30:00,788.79,0.023
2025-05-10 13:00:00,788.39,0.028
2025-05-10 13:30:00,788.19,0.039
2025-05-10 14:00:00,787.63,0.047
2025-05-10 14:30:00,787.26,0.058
2025-05-10 15:00:00,786.7,0.103
2025-05-10 15:30:00,786.46,0.164
2025-05-10 16:00:00,786.14,0.214
2025-05-10 16:30:00,786.59,0.26
2025-05-10 17:00:00,786.29,0.327
2025-05-10 17:30:00,785.99,0.42
2025-05-10 18:00:00,785.71,0.529
2025-05-10 18:30:00,785.98,0.667
2025-05-10 19:00:00,784.76,0.791
2025-05-10 19:30:00,785.72,0.928
2025-05-10 20:00:00,786.11,0.961
2025-05-10 20:30:00,786.69,0.904
2025-05-10 21:00:00,786.42,0.888
2025-05-10 21:30:00,786.81,0.74
2025-05-10 22:00:00,788.56,0.533
2025-05-10 22:30:00,790.17,0.283
2025-05-10 23:00:00,790.06,0.144
2025-05-10 23:30:00,789.93,0.061
2025-05-11 00:00:00,790.35,0.03
2025-05-11 00:30:00,790.52,-0.027
2025-05-11 01:00:00,790.31,-0.1
2025-05-11 01:30:00,791.51,-0.127
2025-05-11 02:00:00,790.48,-0.09
2025-05-11 02:30:00,791.02,-0.065
2025-05-11 03:00:00,790.84,-0.064
2025-05-11 03:30:00,791.14,-0.044
2025-05-11 04:00:00,790.8,-0.027
2025-05-11 04:30:00,791.13,-0.032
2025-05-11 05:00:00,790.63,-0.032
2025-05-11 05:30:00,790.23,-0.018
2025-05-11 06:00:00,790.47,-0.005
2025-05-11 06:30:00,790.17,-0.005
2025-05-11 07:00:00,790.08,0.008
2025-05-11 07:30:00,790.06,0.009
2025-05-11 08:00:00,789.94,0.029
2025-05-11 08:30:00,790.18,0.046
2025-05-11 09:00:00,789.5,0.046
2025-05-11 09:30:00,790.45,0.041
2025-05-11 10:00:00,789.14,0.051
2025-05-11 10:30:00,788.48,0.056
2025-05-11 11:00:00,788.45,0.051
2025-05-11 11:30:00,788.03,0.038
2025-05-11 12:00:00,787.58,0.026
2025-05-11 12:30:00,787.65,0.02
2025-05-11 13:00:00,786.79,0.026
2025-05-11 13:30:00,785.92,0.037
2025-05-11 14:00:00,785.77,0.042
2025-05-11 14:30:00,785.78,0.058
2025-05-11 15:00:00,785.41,0.1
2025-05-11 15:30:00,784.24,0.142
2025-05-11 16:00:00,783.39,0.194
2025-05-11 16:30:00,783.76,0.244
2025-05-11 17:00:00,783.04,0.329
2025-05-11 17:30:00,783.31,0.442
2025-05-11 18:00:00,783.07,0.578
2025-05-11 18:30:00,782.61,0.724
2025-05-11 19:00:00,782.1,0.891
2025-05-11 19:30:00,782.36,1.061
2025-05-11 20:00:00,782.72,1.184
2025-05-11 20:30:00,782.64,1.103
2025-05-11 21:00:00,782.86,1.112
2025-05-11 21:30:00,782.58,1.065
2025-05-11 22:00:00,783.31,0.916
2025-05-11 22:30:00,784.22,0.725
2025-05-11 23:00:00,784.69,0.595
2025-05-11 23:30:00,785.58,0.455
2025-05-12 00:00:00,786.39,0.341
2025-05-12 00:30:00,786.38,0.273
2025-05-12 01:00:00,786.5,0.197
2025-05-12 01:30:00,785.94,0.158
2025-05-12 02:00:00,785.83,0.108
2025-05-12 02:30:00,785.9,0.085
2025-05-12 03:00:00,785.49,0.061
2025-05-12 03:30:00,785.06,0.051
2025-05-12 04:00:00,784.84,0.039
2025-05-12 04:30:00,785.25,0.043
2025-05-12 05:00:00,784.48,0.034
2025-05-12 05:30:00,783.99,0.025
2025-05-12 06:00:00,783.81,0.018
2025-05-12 06:30:00,783.29,0.012
2025-05-12 07:00:00,782.6,0.005
2025-05-12 07:30:00,782.88,0.009
2025-05-12 08:00:00,781.94,0.004
2025-05-12 08:30:00,781.67,0.002
2025-05-12 09:00:00,781.73,-0.003
2025-05-12 09:30:00,781.46,-0.001
2025-05-12 10:00:00,780.11,0.005
2025-05-12 10:30:00,779.87,0.006
2025-05-12 11:00:00,779.04,0.001
2025-05-12 11:30:00,778.85,-0.003
2025-05-12 12:00:00,778.29,-0.006
2025-05-12 12:30:00,777.6,-0.007
2025-05-12 13:00:00,776.73,-0.013
2025-05-12 13:30:00,777.1,-0.013
2025-05-12 14:00:00,776.86,-0.004
2025-05-12 14:30:00,775.92,0.008
2025-05-12 15:00:00,775.85,0.053
2025-05-12 15:30:00,774.9,0.121
2025-05-12 16:00:00,775.12,0.198
2025-05-12 16:30:00,774.72,0.293
2025-05-12 17:00:00,775.12,0.426
2025-05-12 17:30:00,774.0,0.569
2025-05-12 18:00:00,773.79,0.737
2025-05-12 18:30:00,773.12,0.919
2025-05-12 19:00:00,772.66,1.105
2025-05-12 19:30:00,772.72,1.352
2025-05-12 20:00:00,772.14,1.491
2025-05-12 20:30:00,771.64,1.56
2025-05-12 21:00:00,771.37,1.543
2025-05-12 21:30:00,770.8,1.477
2025-05-12 22:00:00,770.68,1.34
2025-05-12 22:30:00,771.05,1.185
2025-05-12 23:00:00,771.1,1.0
2025-05-12 23:30:00,771.4,0.848
2025-05-13 00:00:00,771.11,0.702
2025-05-13 00:30:00,771.15,0.578
2025-05-13 01:00:00,770.86,0.443
2025-05-13 01:30:00,771.13,0.343
2025-05-13 02:00:00,771.09,0.261
2025-05-13 02:30:00,771.08,0.198
2025-05-13 03:00:00,770.95,0.122
2025-05-13 03:30:00,770.54,0.072
2025-05-13 04:00:00,770.5,0.027
2025-05-13 04:30:00,770.32,0.003
2025-05-13 05:00:00,770.33,-0.023
2025-05-13 05:30:00,770.16,-0.043
2025-05-13 06:00:00,770.17,-0.059
2025-05-13 06:30:00,769.9,-0.078
2025-05-13 07:00:00,769.89,-0.091
2025-05-13 07:30:00,769.46,-0.106
2025-05-13 08:00:00,769.32,-0.119
2025-05-13 08:30:00,768.99,-0.126
2025-05-13 09:00:00,768.98,-0.142
2025-05-13 09:30:00,768.76,-0.159
2025-05-13 10:00:00,768.3,-0.182
2025-05-13 10:30:00,767.63,-0.196
2025-05-13 11:00:00,767.2,-0.212
2025-05-13 11:30:00,767.04,-0.22
2025-05-13 12:00:00,767.33,-0.22
2025-05-13 12:30:00,767.02,-0.213
2025-05-13 13:00:00,766.72,-0.207
2025-05-13 13:30:00,766.87,-0.198
2025-05-13 14:00:00,766.68,-0.186
2025-05-13 14:30:00,766.67,-0.195
2025-05-13 15:00:00,766.89,-0.189
2025-05-13 15:30:00,766.62,-0.156
2025-05-13 16:00:00,766.91,-0.098
2025-05-13 16:30:00,766.73,-0.004
2025-05-13 17:00:00,766.86,0.131
2025-05-13 17:30:00,766.92,0.206
2025-05-13 18:00:00,766.65,0.475
2025-05-13 18:30:00,767.21,0.688
2025-05-13 19:00:00,766.89,1.062
2025-05-13 19:30:00,766.45,1.477
2025-05-13 20:00:00,766.58,1.582
2025-05-13 20:30:00,766.33,1.154
2025-05-13 21:00:00,766.06,0.982
2025-05-13 21:30:00,765.87,0.677
2025-05-13 22:00:00,766.06,0.619
2025-05-13 22:30:00,765.81,0.59
2025-05-13 23:00:00,765.61,0.425
2025-05-13 23:30:00,765.63,-0.055
2025-05-14 00:00:00,765.8,0.024
2025-05-14 00:30:00,765.85,0.027
2025-05-14 01:00:00,765.68,0.029
2025-05-14 01:30:00,765.79,0.094
2025-05-14 02:00:00,765.86,0.085
2025-05-14 02:30:00,765.86,0.065
2025-05-14 03:00:00,765.71,0.018
2025-05-14 03:30:00,765.59,-0.045
2025-05-14 04:00:00,765.68,-0.121
2025-05-14 04:30:00,765.99,-0.172
2025-05-14 05:00:00,766.04,-0.182
2025-05-14 05:30:00,765.95,-0.19
2025-05-14 06:00:00,765.98,-0.223
2025-05-14 06:30:00,765.62,-0.263
2025-05-14 07:00:00,765.7,-0.284
2025-05-14 07:30:00,765.82,-0.287
2025-05-14 08:00:00,766.28,-0.293
2025-05-14 08:30:00,766.74,-0.288
2025-05-14 09:00:00,767.0,-0.281
2025-05-14 09:30:00,767.01,-0.282
2025-05-14 10:00:00,767.92,-0.278
2025-05-14 10:30:00,768.51,-0.281
2025-05-14 11:00:00,768.84,-0.276
2025-05-14 11:30:00,769.42,-0.278
2025-05-14 12:00:00,769.83,-0.272
2025-05-14 12:30:00,770.21,-0.271
2025-05-14 13:00:00,770.56,-0.266
2025-05-14 13:30:00,771.48,-0.265
2025-05-14 14:00:00,772.24,-0.27
2025-05-14 14:30:00,773.06,-0.28
2025-05-14 15:00:00,773.38,-0.269
2025-05-14 15:30:00,773.47,-0.268
2025-05-14 16:00:00,773.8,-0.271
2025-05-14 16:30:00,771.51,-0.264
2025-05-14 17:00:00,767.51,-0.21
2025-05-14 17:30:00,766.04,0.002
2025-05-14 18:00:00,765.68,0.338
2025-05-14 18:30:00,765.74,0.713
2025-05-14 19:00:00,765.77,1.241
2025-05-14 19:30:00,766.14,1.708
2025-05-14 20:00:00,766.27,2.096
2025-05-14 20:30:00,766.46,2.367
2025-05-14 21:00:00,766.64,2.454
2025-05-14 21:30:00,766.58,2.293
2025-05-14 22:00:00,766.35,2.199
2025-05-14 22:30:00,766.39,1.952
2025-05-14 23:00:00,766.53,1.807
2025-05-14 23:30:00,766.53,1.754
2025-05-15 00:00:00,766.58,1.676
2025-05-15 00:30:00,766.76,1.463
2025-05-15 01:00:00,766.82,1.293
2025-05-15 01:30:00,766.93,1.133
2025-05-15 02:00:00,767.13,0.955
2025-05-15 02:30:00,767.16,0.808
2025-05-15 03:00:00,767.63,0.666
2025-05-15 03:30:00,768.04,0.573
2025-05-15 04:00:00,768.46,0.491
2025-05-15 04:30:00,769.0,0.425
2025-05-15 05:00:00,769.16,0.387
2025-05-15 05:30:00,769.01,0.317
2025-05-15 06:00:00,769.03,0.257
2025-05-15 06:30:00,768.91,0.211
2025-05-15 07:00:00,768.84,0.175
2025-05-15 07:30:00,768.9,0.14
2025-05-15 08:00:00,768.75,0.113
2025-05-15 08:30:00,768.52,0.091
2025-05-15 09:00:00,768.35,0.061
2025-05-15 09:30:00,768.26,0.037
2025-05-15 10:00:00,768.2,0.01
2025-05-15 10:30:00,767.76,-0.012
2025-05-15 11:00:00,767.99,-0.04
2025-05-15 11:30:00,767.94,-0.06
2025-05-15 12:00:00,767.75,-0.082
2025-05-15 12:30:00,767.49,-0.1
2025-05-15 13:00:00,767.25,-0.116
2025-05-15 13:30:00,767.34,-0.128
2025-05-15 14:00:00,767.61,-0.13
2025-05-15 14:30:00,767.68,-0.125
2025-05-15 15:00:00,767.58,-0.084
2025-05-15 15:30:00,767.88,0.016
2025-05-15 16:00:00,768.05,0.157
2025-05-15 16:30:00,767.93,0.324
2025-05-15 17:00:00,768.07,0.522
2025-05-15 17:30:00,767.78,0.771
2025-05-15 18:00:00,767.8,1.062
2025-05-15 18:30:00,767.78,1.426
2025-05-15 19:00:00,767.97,1.813
2025-05-15 19:30:00,768.23,2.229
2025-05-15 20:00:00,768.52,2.574
2025-05-15 20:30:00,768.63,2.677
2025-05-15 21:00:00,769.01,2.805
2025-05-15 21:30:00,769.47,2.768
2025-05-15 22:00:00,769.93,2.592
2025-05-15 22:30:00,770.02,2.388
2025-05-15 23:00:00,770.54,2.115
2025-05-15 23:30:00,771.6,1.898
2025-05-16 00:00:00,772.45,1.651
2025-05-16 00:30:00,773.58,1.355
2025-05-16 01:00:00,774.74,1.123
2025-05-16 01:30:00,775.28,0.896
2025-05-16 02:00:00,776.03,0.725
2025-05-16 02:30:00,776.17,0.604
2025-05-16 03:00:00,776.59,0.509
2025-05-16 03:30:00,776.43,0.438
2025-05-16 04:00:00,776.11,0.392
2025-05-16 04:30:00,776.36,0.357
2025-05-16 05:00:00,776.45,0.342
2025-05-16 05:30:00,776.04,0.349
2025-05-16 06:00:00,776.02,0.319
2025-05-16 06:30:00,775.44,0.284
2025-05-16 07:00:00,775.06,0.243
2025-05-16 07:30:00,774.92,0.191
2025-05-16 08:00:00,774.86,0.148
2025-05-16 08:30:00,774.45,0.122
2025-05-16 09:00:00,774.23,0.098
2025-05-16 09:30:00,773.88,0.09
2025-05-16 10:00:00,773.33,0.075
2025-05-16 10:30:00,773.46,0.065
2025-05-16 11:00:00,773.09,0.066
2025-05-16 11:30:00,772.97,0.085
2025-05-16 12:00:00,772.89,0.119
2025-05-16 12:30:00,772.55,0.151
2025-05-16 13:00:00,772.35,0.176
2025-05-16 13:30:00,772.24,0.207
2025-05-16 14:00:00,771.99,0.25
2025-05-16 14:30:00,771.65,0.311
2025-05-16 15:00:00,771.35,0.337
2025-05-16 15:30:00,771.21,0.422
2025-05-16 16:00:00,771.41,0.52
2025-05-16 16:30:00,770.87,0.642
2025-05-16 17:00:00,771.16,0.828
2025-05-16 17:30:00,770.86,0.998
2025-05-16 18:00:00,770.68,1.124
2025-05-16 18:30:00,770.92,1.367
2025-05-16 19:00:00,770.25,1.589
2025-05-16 19:30:00,770.07,1.935
2025-05-16 20:00:00,769.89,2.237
2025-05-16 20:30:00,769.65,2.523
2025-05-16 21:00:00,770.48,2.655
2025-05-16 21:30:00,770.85,2.546
2025-05-16 22:00:00,771.08,2.328
2025-05-16 22:30:00,771.48,2.051
2025-05-16 23:00:00,772.41,1.819
2025-05-16 23:30:00,773.38,1.687
2025-05-17 00:00:00,774.58,1.547
2025-05-17 00:30:00,775.85,1.402
2025-05-17 01:00:00,776.97,1.187
2025-05-17 01:30:00,777.51,0.958
2025-05-17 02:00:00,777.77,0.765
2025-05-17 02:30:00,777.83,0.614
2025-05-17 03:00:00,778.27,0.497
2025-05-17 03:30:00,779.41,0.397
2025-05-17 04:00:00,779.95,0.339
2025-05-17 04:30:00,780.08,0.329
2025-05-17 05:00:00,780.31,0.299
2025-05-17 05:30:00,779.95,0.27
2025-05-17 06:00:00,780.08,0.26
2025-05-17 06:30:00,779.45,0.249
2025-05-17 07:00:00,779.7,0.236
2025-05-17 07:30:00,779.2,0.23
2025-05-17 08:00:00,778.87,0.227
2025-05-17 08:30:00,778.95,0.222
2025-05-17 09:00:00,778.29,0.224
2025-05-17 09:30:00,777.89,0.227
2025-05-17 10:00:00,777.15,0.223
2025-05-17 10:30:00,777.26,0.22
2025-05-17 11:00:00,777.23,0.226
2025-05-17 11:30:00,776.14,0.228
2025-05-17 12:00:00,775.66,0.221
2025-05-17 12:30:00,775.18,0.213
2025-05-17 13:00:00,774.5,0.205
2025-05-17 13:30:00,774.29,0.205
2025-05-17 14:00:00,773.69,0.219
2025-05-17 14:30:00,773.34,0.255
2025-05-17 15:00:00,772.7,0.288
2025-05-17 15:30:00,771.78,0.38
2025-05-17 16:00:00,769.98,0.493
2025-05-17 16:30:00,770.43,0.656
2025-05-17 17:00:00,770.79,0.716
2025-05-17 17:30:00,770.66,0.513
2025-05-17 18:00:00,769.51,0.638
2025-05-17 18:30:00,769.02,0.92
2025-05-17 19:00:00,768.93,1.304
2025-05-17 19:30:00,768.77,1.37
2025-05-17 20:00:00,768.6,1.655
2025-05-17 20:30:00,769.08,1.759
2025-05-17 21:00:00,768.93,1.527
2025-05-17 21:30:00,768.44,1.449
2025-05-17 22:00:00,768.6,1.281
2025-05-17 22:30:00,768.18,1.138
2025-05-17 23:00:00,768.39,1.017
2025-05-17 23:30:00,768.01,0.895
2025-05-18 00:00:00,767.55,0.84
2025-05-18 00:30:00,767.55,0.773
2025-05-18 01:00:00,767.77,0.706
2025-05-18 01:30:00,767.43,0.613
2025-05-18 02:00:00,767.47,0.527
2025-05-18 02:30:00,767.46,0.445
2025-05-18 03:00:00,767.31,0.363
2025-05-18 03:30:00,766.98,0.291
2025-05-18 04:00:00,767.24,0.245
2025-05-18 04:30:00,767.18,0.229
2025-05-18 05:00:00,767.13,0.188
2025-05-18 05:30:00,767.11,0.157
2025-05-18 06:00:00,766.93,0.115
2025-05-18 06:30:00,766.77,0.066
2025-05-18 07:00:00,766.63,0.006
2025-05-18 07:30:00,766.22,-0.042
2025-05-18 08:00:00,766.29,-0.085
2025-05-18 08:30:00,766.1,-0.122
2025-05-18 09:00:00,765.82,-0.155
2025-05-18 09:30:00,765.65,-0.175
2025-05-18 10:00:00,765.48,-0.195
2025-05-18 10:30:00,765.51,-0.207
2025-05-18 11:00:00,765.42,-0.225
2025-05-18 11:30:00,765.2,-0.236
2025-05-18 12:00:00,765.26,-0.243
2025-05-18 12:30:00,765.12,-0.247
2025-05-18 13:00:00,765.04,-0.253
2025-05-18 13:30:00,765.06,-0.254
2025-05-18 14:00:00,765.04,-0.252
2025-05-18 14:30:00,765.15,-0.241
2025-05-18 15:00:00,765.28,-0.199
2025-05-18 15:30:00,765.71,-0.118
2025-05-18 16:00:00,765.57,-0.025
2025-05-18 16:30:00,765.48,0.094
2025-05-18 17:00:00,765.57,0.252
2025-05-18 17:30:00,765.72,0.56
2025-05-18 18:00:00,766.06,0.954
2025-05-18 18:30:00,766.17,1.396
2025-05-18 19:00:00,765.74,1.844
2025-05-18 19:30:00,765.94,2.325
2025-05-18 20:00:00,765.53,2.737
2025-05-18 20:30:00,766.02,3.023
2025-05-18 21:00:00,766.48,3.141
2025-05-18 21:30:00,766.37,3.129
2025-05-18 22:00:00,766.75,2.985
2025-05-18 22:30:00,766.96,2.792
2025-05-18 23:00:00,766.92,2.57
2025-05-18 23:30:00,767.48,2.356
2025-05-19 00:00:00,768.06,2.163
2025-05-19 00:30:00,768.83,1.951
2025-05-19 01:00:00,769.43,1.765
2025-05-19 01:30:00,770.26,1.605
2025-05-19 02:00:00,770.93,1.43
2025-05-19 02:30:00,771.7,1.218
2025-05-19 03:00:00,772.19,1.035
2025-05-19 03:30:00,772.39,0.893
2025-05-19 04:00:00,772.98,0.793
2025-05-19 04:30:00,773.14,0.747
2025-05-19 05:00:00,773.34,0.693
2025-05-19 05:30:00,773.35,0.656
2025-05-19 06:00:00,773.24,0.576
2025-05-19 06:30:00,773.19,0.482
2025-05-19 07:00:00,772.92,0.389
2025-05-19 07:30:00,772.52,0.305
2025-05-19 08:00:00,772.69,0.24
2025-05-19 08:30:00,772.45,0.194
2025-05-19 09:00:00,772.16,0.151
2025-05-19 09:30:00,772.04,0.11
2025-05-19 10:00:00,771.83,0.079
2025-05-19 10:30:00,771.6,0.052
2025-05-19 11:00:00,771.52,0.029
2025-05-19 11:30:00,771.73,0.006
2025-05-19 12:00:00,771.81,-0.013
2025-05-19 12:30:00,771.33,-0.034
2025-05-19 13:00:00,771.54,-0.049
2025-05-19 13:30:00,771.67,-0.056
2025-05-19 14:00:00,771.66,-0.051
2025-05-19 14:30:00,771.73,-0.029
2025-05-19 15:00:00,771.71,0.051
2025-05-19 15:30:00,771.95,0.203
2025-05-19 16:00:00,771.99,0.369
2025-05-19 16:30:00,772.23,0.556
2025-05-19 17:00:00,772.62,0.79
2025-05-19 17:30:00,772.89,1.075
2025-05-19 18:00:00,773.38,1.423
2025-05-19 18:30:00,773.52,1.813
2025-05-19 19:00:00,773.79,2.218
2025-05-19 19:30:00,774.17,2.676
2025-05-19 20:00:00,774.01,3.055
2025-05-19 20:30:00,774.49,3.293
2025-05-19 21:00:00,774.86,3.346
2025-05-19 21:30:00,775.92,3.257
2025-05-19 22:00:00,776.49,3.042
2025-05-19 22:30:00,777.09,2.784
2025-05-19 23:00:00,777.66,2.477
2025-05-19 23:30:00,778.6,2.222
2025-05-20 00:00:00,778.88,1.931
2025-05-20 00:30:00,780.25,1.626
2025-05-20 01:00:00,781.02,1.337
2025-05-20 01:30:00,782.12,1.08
2025-05-20 02:00:00,782.47,0.865
2025-05-20 02:30:00,782.72,0.703
2025-05-20 03:00:00,782.97,0.58
2025-05-20 03:30:00,783.27,0.499
2025-05-20 04:00:00,783.65,0.428
2025-05-20 04:30:00,783.43,0.374
2025-05-20 05:00:00,783.27,0.33
2025-05-20 05:30:00,783.28,0.296
2025-05-20 06:00:00,782.79,0.268
2025-05-20 06:30:00,782.83,0.237
2025-05-20 07:00:00,782.54,0.199
2025-05-20 07:30:00,782.46,0.162
2025-05-20 08:00:00,781.76,0.126
2025-05-20 08:30:00,781.56,0.09
2025-05-20 09:00:00,781.2,0.055
2025-05-20 09:30:00,781.1,0.027
2025-05-20 10:00:00,780.92,0.0
2025-05-20 10:30:00,780.66,-0.02
2025-05-20 11:00:00,780.34,-0.038
2025-05-20 11:30:00,779.91,-0.048
2025-05-20 12:00:00,779.71,-0.061
2025-05-20 12:30:00,779.69,-0.073
2025-05-20 13:00:00,779.23,-0.083
2025-05-20 13:30:00,779.07,-0.086
2025-05-20 14:00:00,779.01,-0.079
2025-05-20 14:30:00,778.86,-0.062
2025-05-20 15:00:00,778.8,0.021
2025-05-20 15:30:00,778.78,0.159
2025-05-20 16:00:00,778.76,0.322
2025-05-20 16:30:00,778.49,0.504
2025-05-20 17:00:00,778.91,0.726
2025-05-20 17:30:00,778.72,0.988
2025-05-20 18:00:00,778.53,1.341
2025-05-20 18:30:00,777.94,1.686
2025-05-20 19:00:00,777.92,2.089
2025-05-20 19:30:00,777.87,2.476
2025-05-20 20:00:00,778.17,2.79
2025-05-20 20:30:00,778.41,2.981
2025-05-20 21:00:00,778.73,3.034
2025-05-20 21:30:00,779.16,2.969
2025-05-20 22:00:00,779.79,2.798
2025-05-20 22:30:00,780.53,2.56
2025-05-20 23:00:00,781.69,2.307
2025-05-20 23:30:00,783.01,2.048
2025-05-21 00:00:00,783.89,1.757
2025-05-21 00:30:00,784.75,1.437
2025-05-21 01:00:00,784.72,1.095
2025-05-21 01:30:00,785.28,0.83
2025-05-21 02:00:00,785.87,0.644
2025-05-21 02:30:00,786.25,0.545
2025-05-21 03:00:00,786.46,0.474
2025-05-21 03:30:00,786.62,0.411
2025-05-21 04:00:00,787.28,0.366
2025-05-21 04:30:00,786.63,0.332
2025-05-21 05:00:00,786.94,0.315
2025-05-21 05:30:00,786.67,0.295
2025-05-21 06:00:00,786.18,0.274
2025-05-21 06:30:00,785.5,0.253
2025-05-21 07:00:00,785.21,0.238
2025-05-21 07:30:00,785.26,0.219
2025-05-21 08:00:00,784.84,0.212
2025-05-21 08:30:00,784.83,0.199
2025-05-21 09:00:00,784.26,0.178
2025-05-21 09:30:00,784.23,0.16
2025-05-21 10:00:00,783.65,0.138
2025-05-21 10:30:00,783.5,0.128
2025-05-21 11:00:00,782.99,0.112
2025-05-21 11:30:00,782.96,0.097
2025-05-21 12:00:00,782.65,0.085
2025-05-21 12:30:00,782.66,0.071
2025-05-21 13:00:00,782.45,0.057
2025-05-21 13:30:00,782.08,0.05
2025-05-21 14:00:00,782.07,0.049
2025-05-21 14:30:00,781.63,0.067
2025-05-21 15:00:00,781.64,0.169
2025-05-21 15:30:00,781.58,0.313
2025-05-21 16:00:00,781.46,0.475
2025-05-21 16:30:00,781.12,0.662
2025-05-21 17:00:00,781.25,0.884
2025-05-21 17:30:00,781.32,1.161
2025-05-21 18:00:00,780.03,1.49
2025-05-21 18:30:00,780.11,1.835
2025-05-21 19:00:00,780.35,2.194
2025-05-21 19:30:00,780.57,2.598
2025-05-21 20:00:00,780.8,2.886
2025-05-21 20:30:00,781.34,3.067
2025-05-21 21:00:00,781.78,3.107
2025-05-21 21:30:00,782.43,2.999
2025-05-21 22:00:00,783.28,2.78
2025-05-21 22:30:00,784.6,2.525
2025-05-21 23:00:00,786.22,2.238
2025-05-21 23:30:00,787.9,1.831
2025-05-22 00:00:00,788.6,1.336
2025-05-22 00:30:00,789.29,0.918
2025-05-22 01:00:00,789.19,0.718
2025-05-22 01:30:00,790.48,0.603
2025-05-22 02:00:00,791.25,0.47
2025-05-22 02:30:00,791.23,0.397
2025-05-22 03:00:00,791.51,0.342
2025-05-22 03:30:00,791.63,0.289
2025-05-22 04:00:00,791.95,0.265
2025-05-22 04:30:00,791.22,0.25
2025-05-22 05:00:00,791.44,0.241
2025-05-22 05:30:00,791.49,0.239
2025-05-22 06:00:00,790.57,0.233
2025-05-22 06:30:00,790.4,0.217
2025-05-22 07:00:00,789.81,0.208
2025-05-22 07:30:00,789.45,0.209
2025-05-22 08:00:00,789.52,0.215
2025-05-22 08:30:00,789.18,0.218
2025-05-22 09:00:00,788.89,0.211
2025-05-22 09:30:00,787.9,0.198
2025-05-22 10:00:00,787.42,0.187
2025-05-22 10:30:00,787.6,0.192
2025-05-22 11:00:00,786.82,0.187
2025-05-22 11:30:00,786.43,0.177
2025-05-22 12:00:00,786.37,0.162
2025-05-22 12:30:00,785.25,0.166
2025-05-22 13:00:00,785.22,0.17
2025-05-22 13:30:00,785.08,0.192
2025-05-22 14:00:00,784.19,0.209
2025-05-22 14:30:00,784.6,0.235
2025-05-22 15:00:00,784.1,0.308
2025-05-22 15:30:00,783.71,0.39
2025-05-22 16:00:00,783.48,0.503
2025-05-22 16:30:00,783.63,0.649
2025-05-22 17:00:00,782.98,0.877
2025-05-22 17:30:00,782.88,1.139
2025-05-22 18:00:00,782.76,1.45
2025-05-22 18:30:00,783.02,1.785
2025-05-22 19:00:00,782.7,2.139
2025-05-22 19:30:00,782.82,2.489
2025-05-22 20:00:00,783.16,2.733
2025-05-22 20:30:00,783.44,2.827
2025-05-22 21:00:00,783.62,2.826
2025-05-22 21:30:00,783.9,2.683
2025-05-22 22:00:00,783.94,2.545
2025-05-22 22:30:00,784.63,2.389
2025-05-22 23:00:00,785.1,2.15
2025-05-22 23:30:00,785.92,1.907
2025-05-23 00:00:00,786.66,1.679
2025-05-23 00:30:00,787.08,1.464
2025-05-23 01:00:00,787.85,1.245
2025-05-23 01:30:00,788.4,1.035
2025-05-23 02:00:00,788.11,0.862
2025-05-23 02:30:00,787.57,0.731
2025-05-23 03:00:00,787.89,0.602
2025-05-23 03:30:00,787.78,0.516
2025-05-23 04:00:00,787.67,0.447
2025-05-23 04:30:00,787.87,0.386
2025-05-23 05:00:00,787.0,0.322
2025-05-23 05:30:00,787.08,0.268
2025-05-23 06:00:00,786.39,0.244
2025-05-23 06:30:00,785.82,0.215
2025-05-23 07:00:00,785.34,0.196
2025-05-23 07:30:00,785.22,0.168
2025-05-23 08:00:00,784.46,0.149
2025-05-23 08:30:00,783.4,0.123
2025-05-23 09:00:00,783.4,0.101
2025-05-23 09:30:00,783.14,0.08
2025-05-23 10:00:00,782.47,0.065
2025-05-23 10:30:00,782.0,0.051
2025-05-23 11:00:00,781.58,0.035
2025-05-23 11:30:00,780.99,0.014
2025-05-23 12:00:00,780.36,-0.008
2025-05-23 12:30:00,780.65,0.001
2025-05-23 13:00:00,780.42,0.002
2025-05-23 13:30:00,780.06,0.006
2025-05-23 14:00:00,780.0,0.009
2025-05-23 14:30:00,779.52,0.026
2025-05-23 15:00:00,779.2,0.117
2025-05-23 15:30:00,778.94,0.263
2025-05-23 16:00:00,778.99,0.413
2025-05-23 16:30:00,778.56,0.619
2025-05-23 17:00:00,778.21,0.889
2025-05-23 17:30:00,778.71,1.199
2025-05-23 18:00:00,778.48,1.56
2025-05-23 18:30:00,778.88,1.97
2025-05-23 19:00:00,778.93,2.376
2025-05-23 19:30:00,778.53,2.781
2025-05-23 20:00:00,778.82,3.11
2025-05-23 20:30:00,778.87,3.284
2025-05-23 21:00:00,779.04,3.316
2025-05-23 21:30:00,779.55,3.248
2025-05-23 22:00:00,780.23,3.037
2025-05-23 22:30:00,780.57,2.805
2025-05-23 23:00:00,781.25,2.528
2025-05-23 23:30:00,781.71,2.274
2025-05-24 00:00:00,782.14,2.033
2025-05-24 00:30:00,782.97,1.78
2025-05-24 01:00:00,783.58,1.59
2025-05-24 01:30:00,784.16,1.386
2025-05-24 02:00:00,784.13,1.244
2025-05-24 02:30:00,784.65,1.094
2025-05-24 03:00:00,784.53,0.989
2025-05-24 03:30:00,785.12,0.875
2025-05-24 04:00:00,784.86,0.779
2025-05-24 04:30:00,784.62,0.709
2025-05-24 05:00:00,784.6,0.657
2025-05-24 05:30:00,784.28,0.596
2025-05-24 06:00:00,784.1,0.549
2025-05-24 06:30:00,783.88,0.51
2025-05-24 07:00:00,783.84,0.498
2025-05-24 07:30:00,783.46,0.457
2025-05-24 08:00:00,783.11,0.412
2025-05-24 08:30:00,782.26,0.374
2025-05-24 09:00:00,781.97,0.342
2025-05-24 09:30:00,781.25,0.314
2025-05-24 10:00:00,781.25,0.296
2025-05-24 10:30:00,781.04,0.278
2025-05-24 11:00:00,780.84,0.262
2025-05-24 11:30:00,780.65,0.243
2025-05-24 12:00:00,780.45,0.221
2025-05-24 12:30:00,780.24,0.202
2025-05-24 13:00:00,779.76,0.196
2025-05-24 13:30:00,779.95,0.187
2025-05-24 14:00:00,779.95,0.197
2025-05-24 14:30:00,779.55,0.24
2025-05-24 15:00:00,779.14,0.345
2025-05-24 15:30:00,779.37,0.504
2025-05-24 16:00:00,779.8,0.666
2025-05-24 16:30:00,778.96,0.871
2025-05-24 17:00:00,778.54,1.125
2025-05-24 17:30:00,778.71,1.391
2025-05-24 18:00:00,779.24,1.749
2025-05-24 18:30:00,779.21,2.12
2025-05-24 19:00:00,779.53,2.466
2025-05-24 19:30:00,779.21,2.902
2025-05-24 20:00:00,779.99,3.233
2025-05-24 20:30:00,780.47,3.479
2025-05-24 21:00:00,780.56,3.49
2025-05-24 21:30:00,781.37,3.422
2025-05-24 22:00:00,782.03,3.081
2025-05-24 22:30:00,782.91,2.71
2025-05-24 23:00:00,784.29,2.249
2025-05-24 23:30:00,785.07,1.827
2025-05-25 00:00:00,786.22,1.542
2025-05-25 00:30:00,786.41,1.32
2025-05-25 01:00:00,786.91,1.155
2025-05-25 01:30:00,787.47,1.013
2025-05-25 02:00:00,787.72,0.879
2025-05-25 02:30:00,787.68,0.815
2025-05-25 03:00:00,788.27,0.805
2025-05-25 03:30:00,788.05,0.785
2025-05-25 04:00:00,787.84,0.717
2025-05-25 04:30:00,787.21,0.622
2025-05-25 05:00:00,787.46,0.559
2025-05-25 05:30:00,787.29,0.519
2025-05-25 06:00:00,786.87,0.493
2025-05-25 06:30:00,786.48,0.464
2025-05-25 07:00:00,786.31,0.442
2025-05-25 07:30:00,786.12,0.42
2025-05-25 08:00:00,785.89,0.398
2025-05-25 08:30:00,785.67,0.379
2025-05-25 09:00:00,785.54,0.357
2025-05-25 09:30:00,785.21,0.332
2025-05-25 10:00:00,785.05,0.317
2025-05-25 10:30:00,784.59,0.297
2025-05-25 11:00:00,784.3,0.277
2025-05-25 11:30:00,784.03,0.256
2025-05-25 12:00:00,784.01,0.245
2025-05-25 12:30:00,783.65,0.229
2025-05-25 13:00:00,783.49,0.214
2025-05-25 13:30:00,783.47,0.201
2025-05-25 14:00:00,783.56,0.201
2025-05-25 14:30:00,783.45,0.235
2025-05-25 15:00:00,783.16,0.359
2025-05-25 15:30:00,783.51,0.521
2025-05-25 16:00:00,783.4,0.713
2025-05-25 16:30:00,783.29,0.947
2025-05-25 17:00:00,783.03,1.25
2025-05-25 17:30:00,782.91,1.584
2025-05-25 18:00:00,782.23,2.005
2025-05-25 18:30:00,781.99,2.412
2025-05-25 19:00:00,782.21,2.864
2025-05-25 19:30:00,782.42,3.271
2025-05-25 20:00:00,782.89,3.566
2025-05-25 20:30:00,783.56,3.752
2025-05-25 21:00:00,784.38,3.836
2025-05-25 21:30:00,785.56,3.73
2025-05-25 22:00:00,786.56,3.515
2025-05-25 22:30:00,787.71,3.228
2025-05-25 23:00:00,790.08,2.873
2025-05-25 23:30:00,791.67,2.371
2025-05-26 00:00:00,791.46,1.95
2025-05-26 00:30:00,792.3,1.497
2025-05-26 01:00:00,793.02,1.246
2025-05-26 01:30:00,793.16,1.102
2025-05-26 02:00:00,793.52,0.93
2025-05-26 02:30:00,794.9,0.752
2025-05-26 03:00:00,795.08,0.634
2025-05-26 03:30:00,795.06,0.581
2025-05-26 04:00:00,794.39,0.538
2025-05-26 04:30:00,793.82,0.506
2025-05-26 05:00:00,793.76,0.48
2025-05-26 05:30:00,793.19,0.465
2025-05-26 06:00:00,792.72,0.438
2025-05-26 06:30:00,792.31,0.422
2025-05-26 07:00:00,792.05,0.398
2025-05-26 07:30:00,791.53,0.375
2025-05-26 08:00:00,791.55,0.358
2025-05-26 08:30:00,789.9,0.343
2025-05-26 09:00:00,789.99,0.35
2025-05-26 09:30:00,789.18,0.36
2025-05-26 10:00:00,789.29,0.345
2025-05-26 10:30:00,788.49,0.323
2025-05-26 11:00:00,788.68,0.295
2025-05-26 11:30:00,787.57,0.257
2025-05-26 12:00:00,786.78,0.201
2025-05-26 12:30:00,786.36,0.157
2025-05-26 13:00:00,786.38,0.142
2025-05-26 13:30:00,785.67,0.15
2025-05-26 14:00:00,785.38,0.219
2025-05-26 14:30:00,785.43,0.312
2025-05-26 15:00:00,784.75,0.39
2025-05-26 15:30:00,785.4,0.452
2025-05-26 16:00:00,784.76,0.522
2025-05-26 16:30:00,783.72,0.631
2025-05-26 17:00:00,783.13,0.819
2025-05-26 17:30:00,782.96,0.943
2025-05-26 18:00:00,782.28,1.184
2025-05-26 18:30:00,782.59,1.406
2025-05-26 19:00:00,782.41,1.618
2025-05-26 19:30:00,782.26,1.788
2025-05-26 20:00:00,782.16,2.02
2025-05-26 20:30:00,782.2,2.212
2025-05-26 21:00:00,781.94,2.692
2025-05-26 21:30:00,781.56,3.159
2025-05-26 22:00:00,781.77,3.282
2025-05-26 22:30:00,781.87,3.248
2025-05-26 23:00:00,782.2,3.087
2025-05-26 23:30:00,783.11,2.872
2025-05-27 00:00:00,782.81,2.64
2025-05-27 00:30:00,783.7,2.381
2025-05-27 01:00:00,784.15,2.172
2025-05-27 01:30:00,785.5,2.026
2025-05-27 02:00:00,786.22,1.892
2025-05-27 02:30:00,786.72,1.677
2025-05-27 03:00:00,787.43,1.468
2025-05-27 03:30:00,787.5,1.259
2025-05-27 04:00:00,788.41,1.074
2025-05-27 04:30:00,788.33,0.912
2025-05-27 05:00:00,788.39,0.802
2025-05-27 05:30:00,788.89,0.741
2025-05-27 06:00:00,788.2,0.692
2025-05-27 06:30:00,788.01,0.661
2025-05-27 07:00:00,787.82,0.636
2025-05-27 07:30:00,787.57,0.618
2025-05-27 08:00:00,787.88,0.607
2025-05-27 08:30:00,786.72,0.572
2025-05-27 09:00:00,787.08,0.525
2025-05-27 09:30:00,786.81,0.477
2025-05-27 10:00:00,786.24,0.434
2025-05-27 10:30:00,785.67,0.401
2025-05-27 11:00:00,785.92,0.379
2025-05-27 11:30:00,785.58,0.367
2025-05-27 12:00:00,785.56,0.347
2025-05-27 12:30:00,784.84,0.332
2025-05-27 13:00:00,785.11,0.323
2025-05-27 13:30:00,785.01,0.318
2025-05-27 14:00:00,784.65,0.33
2025-05-27 14:30:00,784.95,0.381
2025-05-27 15:00:00,784.98,0.516
2025-05-27 15:30:00,784.54,0.683
2025-05-27 16:00:00,784.89,0.889
2025-05-27 16:30:00,784.39,1.147
2025-05-27 17:00:00,784.32,1.469
2025-05-27 17:30:00,784.43,1.837
2025-05-27 18:00:00,784.41,2.25
2025-05-27 18:30:00,784.95,2.696
2025-05-27 19:00:00,784.64,3.136
2025-05-27 19:30:00,785.35,3.585
2025-05-27 20:00:00,786.04,3.91
2025-05-27 20:30:00,786.54,4.053
2025-05-27 21:00:00,786.58,4.058
2025-05-27 21:30:00,787.9,3.99
2025-05-27 22:00:00,789.09,3.778
2025-05-27 22:30:00,790.64,3.448
2025-05-27 23:00:00,791.32,3.042
2025-05-27 23:30:00,792.36,2.682
2025-05-28 00:00:00,793.64,2.328
2025-05-28 00:30:00,794.09,2.055
2025-05-28 01:00:00,793.98,1.849
2025-05-28 01:30:00,794.25,1.641
2025-05-28 02:00:00,794.22,1.422
2025-05-28 02:30:00,794.7,1.234
2025-05-28 03:00:00,794.69,1.041
2025-05-28 03:30:00,794.69,0.915
2025-05-28 04:00:00,795.12,0.815
2025-05-28 04:30:00,795.38,0.731
2025-05-28 05:00:00,794.74,0.679
2025-05-28 05:30:00,794.56,0.638
2025-05-28 06:00:00,793.83,0.615
2025-05-28 06:30:00,793.32,0.581
2025-05-28 07:00:00,793.45,0.54
2025-05-28 07:30:00,792.68,0.516
2025-05-28 08:00:00,792.17,0.469
2025-05-28 08:30:00,792.04,0.439
2025-05-28 09:00:00,791.42,0.411
2025-05-28 09:30:00,791.34,0.385
2025-05-28 10:00:00,791.06,0.361
2025-05-28 10:30:00,790.66,0.325
2025-05-28 11:00:00,790.31,0.296
2025-05-28 11:30:00,790.39,0.268
2025-05-28 12:00:00,789.13,0.254
2025-05-28 12:30:00,788.53,0.236
2025-05-28 13:00:00,788.79,0.229
2025-05-28 13:30:00,788.26,0.229
2025-05-28 14:00:00,788.07,0.243
2025-05-28 14:30:00,788.29,0.311
2025-05-28 15:00:00,787.76,0.472
2025-05-28 15:30:00,788.3,0.667
2025-05-28 16:00:00,787.61,0.899
2025-05-28 16:30:00,787.38,1.18
2025-05-28 17:00:00,786.19,1.52
2025-05-28 17:30:00,786.27,1.893
2025-05-28 18:00:00,786.45,2.323
2025-05-28 18:30:00,786.3,2.776
2025-05-28 19:00:00,787.01,3.239
2025-05-28 19:30:00,786.49,3.685
2025-05-28 20:00:00,786.64,4.041
2025-05-28 20:30:00,788.23,4.25
2025-05-28 21:00:00,788.75,4.285
2025-05-28 21:30:00,789.73,4.173
2025-05-28 22:00:00,790.35,3.96
2025-05-28 22:30:00,792.67,3.596
2025-05-28 23:00:00,792.92,3.1
2025-05-28 23:30:00,795.36,2.574
2025-05-29 00:00:00,796.24,2.057
2025-05-29 00:30:00,796.04,1.73
2025-05-29 01:00:00,795.58,1.591
2025-05-29 01:30:00,796.72,1.429
2025-05-29 02:00:00,796.77,1.283
2025-05-29 02:30:00,796.23,1.126
2025-05-29 03:00:00,796.49,0.969
2025-05-29 03:30:00,796.76,0.873
2025-05-29 04:00:00,795.96,0.802
2025-05-29 04:30:00,795.6,0.749
2025-05-29 05:00:00,795.5,0.698
2025-05-29 05:30:00,795.57,0.671
2025-05-29 06:00:00,794.98,0.647
2025-05-29 06:30:00,794.52,0.629
2025-05-29 07:00:00,794.12,0.609
2025-05-29 07:30:00,794.01,0.587
2025-05-29 08:00:00,794.52,0.56
2025-05-29 08:30:00,793.34,0.539
2025-05-29 09:00:00,793.36,0.522
2025-05-29 09:30:00,792.61,0.504
2025-05-29 10:00:00,792.5,0.478
2025-05-29 10:30:00,792.04,0.459
2025-05-29 11:00:00,791.13,0.452
2025-05-29 11:30:00,791.38,0.457
2025-05-29 12:00:00,791.42,0.458
2025-05-29 12:30:00,790.67,0.453
2025-05-29 13:00:00,791.18,0.448
2025-05-29 13:30:00,790.59,0.45
2025-05-29 14:00:00,790.39,0.469
2025-05-29 14:30:00,790.19,0.53
2025-05-29 15:00:00,790.43,0.68
2025-05-29 15:30:00,789.83,0.878
2025-05-29 16:00:00,790.14,1.131
2025-05-29 16:30:00,790.18,1.449
2025-05-29 17:00:00,789.18,1.805
2025-05-29 17:30:00,789.13,2.18
2025-05-29 18:00:00,789.21,2.599
2025-05-29 18:30:00,789.01,3.039
2025-05-29 19:00:00,790.21,3.495
2025-05-29 19:30:00,790.22,3.901
2025-05-29 20:00:00,791.31,4.228
2025-05-29 20:30:00,792.58,4.347
2025-05-29 21:00:00,793.12,4.281
2025-05-29 21:30:00,795.09,4.064
2025-05-29 22:00:00,796.67,3.908
2025-05-29 22:30:00,798.27,3.682
2025-05-29 23:00:00,799.25,3.302
2025-05-29 23:30:00,800.44,2.928
2025-05-30 00:00:00,800.92,2.384
2025-05-30 00:30:00,801.31,1.939
2025-05-30 01:00:00,801.3,1.68
2025-05-30 01:30:00,801.21,1.545
2025-05-30 02:00:00,802.11,1.47
2025-05-30 02:30:00,803.12,1.283
2025-05-30 03:00:00,802.61,1.115
2025-05-30 03:30:00,803.16,1.019
2025-05-30 04:00:00,803.19,0.942
2025-05-30 04:30:00,802.53,0.884
2025-05-30 05:00:00,801.94,0.845
2025-05-30 05:30:00,802.08,0.812
2025-05-30 06:00:00,801.6,0.767
2025-05-30 06:30:00,801.11,0.723
2025-05-30 07:00:00,800.83,0.703
2025-05-30 07:30:00,800.49,0.682
2025-05-30 08:00:00,799.54,0.661
2025-05-30 08:30:00,799.75,0.648
2025-05-30 09:00:00,798.23,0.637
2025-05-30 09:30:00,798.78,0.636
2025-05-30 10:00:00,798.89,0.631
2025-05-30 10:30:00,798.68,0.612
2025-05-30 11:00:00,798.13,0.604
2025-05-30 11:30:00,797.92,0.588
2025-05-30 12:00:00,797.22,0.58
2025-05-30 12:30:00,797.9,0.574
2025-05-30 13:00:00,797.48,0.566
2025-05-30 13:30:00,797.24,0.574
2025-05-30 14:00:00,797.49,0.598
2025-05-30 14:30:00,797.3,0.68
2025-05-30 15:00:00,796.76,0.835
2025-05-30 15:30:00,797.03,1.035
2025-05-30 16:00:00,796.2,1.297
2025-05-30 16:30:00,797.0,1.627
2025-05-30 17:00:00,796.73,1.97
2025-05-30 17:30:00,796.33,2.353
2025-05-30 18:00:00,796.53,2.777
2025-05-30 18:30:00,796.64,3.224
2025-05-30 19:00:00,796.52,3.633
2025-05-30 19:30:00,797.27,3.975
2025-05-30 20:00:00,798.7,4.276
2025-05-30 20:30:00,799.55,4.422
2025-05-30 21:00:00,800.91,4.383
2025-05-30 21:30:00,802.55,4.338
2025-05-30 22:00:00,804.02,4.125
2025-05-30 22:30:00,805.55,3.736
2025-05-30 23:00:00,806.39,3.404
2025-05-30 23:30:00,806.68,3.003
2025-05-31 00:00:00,807.19,2.473
2025-05-31 00:30:00,807.82,2.096
2025-05-31 01:00:00,807.65,1.846
2025-05-31 01:30:00,807.38,1.743
2025-05-31 02:00:00,807.6,1.607
2025-05-31 02:30:00,807.99,1.453
2025-05-31 03:00:00,807.2,1.302
2025-05-31 03:30:00,806.97,1.21
2025-05-31 04:00:00,806.63,1.142
2025-05-31 04:30:00,807.28,1.101
2025-05-31 05:00:00,807.04,1.073
2025-05-31 05:30:00,805.66,1.034
2025-05-31 06:00:00,805.48,1.0
2025-05-31 06:30:00,805.26,0.965
2025-05-31 07:00:00,805.14,0.933
2025-05-31 07:30:00,804.75,0.908
2025-05-31 08:00:00,804.4,0.874
2025-05-31 08:30:00,803.56,0.858
2025-05-31 09:00:00,803.4,0.829
2025-05-31 09:30:00,802.73,0.805
2025-05-31 10:00:00,802.53,0.791
2025-05-31 10:30:00,802.17,0.772
2025-05-31 11:00:00,801.91,0.754
2025-05-31 11:30:00,800.92,0.742
2025-05-31 12:00:00,801.28,0.72
2025-05-31 12:30:00,800.87,0.712
2025-05-31 13:00:00,799.03,0.707
2025-05-31 13:30:00,800.02,0.717
2025-05-31 14:00:00,799.34,0.739
2025-05-31 14:30:00,800.06,0.823
2025-05-31 15:00:00,798.58,0.979
2025-05-31 15:30:00,799.14,1.189
2025-05-31 16:00:00,798.75,1.465
2025-05-31 16:30:00,798.23,1.795
2025-05-31 17:00:00,797.79,2.154
2025-05-31 17:30:00,797.46,2.539
2025-05-31 18:00:00,798.24,2.962
2025-05-31 18:30:00,797.94,3.405
2025-05-31 19:00:00,799.01,3.767
2025-05-31 19:30:00,799.7,4.105
2025-05-31 20:00:00,800.27,4.093
2025-05-31 20:30:00,801.69,4.324
2025-05-31 21:00:00,804.13,4.515
2025-05-31 21:30:00,805.89,4.02
2025-05-31 22:00:00,807.55,3.208
2025-05-31 22:30:00,808.15,2.52
2025-05-31 23:00:00,806.63,2.066
2025-05-31 23:30:00,806.65,2.176
2025-06-01 00:00:00,806.88,2.373
2025-06-01 00:30:00,806.67,2.303
2025-06-01 01:00:00,806.33,2.035
2025-06-01 01:30:00,805.66,1.825
2025-06-01 02:00:00,806.37,1.691
2025-06-01 02:30:00,805.88,1.588
2025-06-01 03:00:00,806.39,1.494
2025-06-01 03:30:00,804.98,1.405
2025-06-01 04:00:00,804.95,1.352
2025-06-01 04:30:00,805.03,1.319
2025-06-01 05:00:00,804.42,1.248
2025-06-01 05:30:00,804.13,1.193
2025-06-01 06:00:00,803.82,1.184
2025-06-01 06:30:00,803.1,1.148
2025-06-01 07:00:00,802.23,1.106
2025-06-01 07:30:00,802.27,1.049
2025-06-01 08:00:00,801.87,0.997
2025-06-01 08:30:00,801.17,0.963
2025-06-01 09:00:00,800.56,0.954
2025-06-01 09:30:00,801.05,0.956
2025-06-01 10:00:00,800.43,0.942
2025-06-01 10:30:00,800.0,0.93
2025-06-01 11:00:00,798.74,0.918
2025-06-01 11:30:00,799.02,0.87
2025-06-01 12:00:00,798.3,0.826
2025-06-01 12:30:00,797.56,0.774
2025-06-01 13:00:00,797.01,0.742
2025-06-01 13:30:00,797.04,0.732
2025-06-01 14:00:00,796.56,0.758
2025-06-01 14:30:00,795.39,0.883
2025-06-01 15:00:00,795.35,1.089
2025-06-01 15:30:00,793.98,1.341
2025-06-01 16:00:00,795.3,1.597
2025-06-01 16:30:00,793.72,1.835
2025-06-01 17:00:00,792.9,2.133
2025-06-01 17:30:00,793.79,2.475
2025-06-01 18:00:00,793.02,2.89
2025-06-01 18:30:00,793.62,3.386
2025-06-01 19:00:00,794.09,3.833
2025-06-01 19:30:00,794.39,4.115
2025-06-01 20:00:00,793.36,4.278
2025-06-01 20:30:00,796.08,4.562
2025-06-01 21:00:00,796.98,4.512
2025-06-01 21:30:00,798.63,4.573
2025-06-01 22:00:00,799.6,4.596
2025-06-01 22:30:00,800.93,4.418
2025-06-01 23:00:00,801.47,4.143
2025-06-01 23:30:00,801.66,3.852
2025-06-02 00:00:00,803.81,3.622
2025-06-02 00:30:00,803.73,3.33
2025-06-02 01:00:00,803.56,3.045
2025-06-02 01:30:00,803.42,2.776
2025-06-02 02:00:00,803.2,2.452
2025-06-02 02:30:00,802.67,2.176
2025-06-02 03:00:00,802.76,1.906
2025-06-02 03:30:00,801.42,1.705
2025-06-02 04:00:00,800.85,1.506
2025-06-02 04:30:00,801.64,1.343
2025-06-02 05:00:00,801.33,1.263
2025-06-02 05:30:00,800.82,1.175
2025-06-02 06:00:00,800.44,1.091
2025-06-02 06:30:00,799.45,1.02
2025-06-02 07:00:00,799.19,0.969
2025-06-02 07:30:00,798.92,0.929
2025-06-02 08:00:00,798.34,0.892
2025-06-02 08:30:00,798.27,0.849
2025-06-02 09:00:00,797.46,0.818
2025-06-02 09:30:00,796.9,0.794
2025-06-02 10:00:00,796.1,0.767
2025-06-02 10:30:00,796.34,0.739
2025-06-02 11:00:00,795.38,0.761
2025-06-02 11:30:00,794.86,0.768
2025-06-02 12:00:00,795.17,0.713
2025-06-02 12:30:00,794.5,0.68
2025-06-02 13:00:00,793.98,0.671
2025-06-02 13:30:00,792.63,0.693
2025-06-02 14:00:00,793.24,0.725
2025-06-02 14:30:00,793.41,0.866
2025-06-02 15:00:00,792.7,1.064
2025-06-02 15:30:00,793.05,1.31
2025-06-02 16:00:00,793.19,1.608
2025-06-02 16:30:00,791.9,1.977
2025-06-02 17:00:00,791.56,2.373
2025-06-02 17:30:00,791.26,2.803
2025-06-02 18:00:00,791.5,3.274
2025-06-02 18:30:00,792.09,3.783
2025-06-02 19:00:00,792.25,4.273
2025-06-02 19:30:00,792.43,4.757
2025-06-02 20:00:00,793.09,5.116
2025-06-02 20:30:00,794.78,5.375
2025-06-02 21:00:00,794.69,5.51
2025-06-02 21:30:00,797.17,5.584
2025-06-02 22:00:00,798.16,5.615
2025-06-02 22:30:00,799.64,5.011
2025-06-02 23:00:00,801.46,4.192
2025-06-02 23:30:00,802.35,3.575
2025-06-03 00:00:00,802.43,3.141
2025-06-03 00:30:00,802.55,2.853
2025-06-03 01:00:00,801.89,2.609
2025-06-03 01:30:00,802.06,2.386
2025-06-03 02:00:00,800.87,2.215
2025-06-03 02:30:00,800.63,2.077
2025-06-03 03:00:00,800.1,1.93
2025-06-03 03:30:00,799.82,1.794
2025-06-03 04:00:00,799.05,1.635
2025-06-03 04:30:00,798.46,1.498
2025-06-03 05:00:00,798.46,1.385
2025-06-03 05:30:00,798.79,1.3
2025-06-03 06:00:00,798.13,1.235
2025-06-03 06:30:00,796.95,1.176
2025-06-03 07:00:00,796.45,1.131
2025-06-03 07:30:00,796.14,1.092
2025-06-03 08:00:00,795.69,1.063
2025-06-03 08:30:00,795.38,1.035
2025-06-03 09:00:00,793.95,1.009
2025-06-03 09:30:00,794.18,0.991
2025-06-03 10:00:00,794.13,0.964
2025-06-03 10:30:00,793.58,0.935
2025-06-03 11:00:00,792.91,0.917
2025-06-03 11:30:00,792.46,0.908
2025-06-03 12:00:00,792.49,0.885
2025-06-03 12:30:00,792.12,0.836
2025-06-03 13:00:00,791.5,0.804
2025-06-03 13:30:00,791.03,0.79
2025-06-03 14:00:00,791.45,0.783
2025-06-03 14:30:00,790.1,0.857
2025-06-03 15:00:00,790.33,1.043
2025-06-03 15:30:00,790.87,1.276
2025-06-03 16:00:00,790.36,1.588
2025-06-03 16:30:00,789.81,1.969
2025-06-03 17:00:00,788.54,2.426
2025-06-03 17:30:00,788.51,2.949
2025-06-03 18:00:00,788.76,3.513
2025-06-03 18:30:00,788.97,4.084
2025-06-03 19:00:00,789.18,4.668
2025-06-03 19:30:00,789.5,5.239
2025-06-03 20:00:00,790.64,5.737
2025-06-03 20:30:00,791.88,6.1
2025-06-03 21:00:00,791.95,6.403
2025-06-03 21:30:00,794.19,6.419
2025-06-03 22:00:00,795.04,6.346
2025-06-03 22:30:00,796.63,6.056
2025-06-03 23:00:00,798.21,5.757
2025-06-03 23:30:00,799.13,5.371
2025-06-04 00:00:00,799.9,4.961
2025-06-04 00:30:00,799.72,4.555
2025-06-04 01:00:00,800.94,4.3
2025-06-04 01:30:00,799.77,4.004
2025-06-04 02:00:00,800.51,3.623
2025-06-04 02:30:00,800.48,3.205
2025-06-04 03:00:00,800.05,2.863
2025-06-04 03:30:00,799.41,2.548
2025-06-04 04:00:00,798.63,2.284
2025-06-04 04:30:00,799.19,2.064
2025-06-04 05:00:00,798.1,1.891
2025-06-04 05:30:00,797.59,1.757
2025-06-04 06:00:00,796.57,1.638
2025-06-04 06:30:00,796.22,1.524
2025-06-04 07:00:00,795.37,1.438
2025-06-04 07:30:00,795.57,1.355
2025-06-04 08:00:00,794.58,1.267
2025-06-04 08:30:00,793.69,1.186
2025-06-04 09:00:00,793.2,1.116
2025-06-04 09:30:00,792.21,1.049
2025-06-04 10:00:00,791.98,1.017
2025-06-04 10:30:00,791.78,1.004
2025-06-04 11:00:00,791.48,0.969
2025-06-04 11:30:00,791.05,0.919
2025-06-04 12:00:00,790.64,0.855
2025-06-04 12:30:00,789.82,0.842
2025-06-04 13:00:00,789.62,0.802
2025-06-04 13:30:00,789.16,0.793
2025-06-04 14:00:00,788.46,0.789
2025-06-04 14:30:00,788.7,0.876
2025-06-04 15:00:00,788.54,1.05
2025-06-04 15:30:00,788.47,1.283
2025-06-04 16:00:00,788.02,1.575
2025-06-04 16:30:00,787.61,1.978
2025-06-04 17:00:00,786.74,2.47
2025-06-04 17:30:00,785.96,3.076
2025-06-04 18:00:00,785.77,3.572
2025-06-04 18:30:00,786.65,4.022
2025-06-04 19:00:00,786.48,4.173
2025-06-04 19:30:00,786.39,4.019
2025-06-04 20:00:00,786.32,3.789
2025-06-04 20:30:00,786.5,3.714
2025-06-04 21:00:00,787.63,3.861
2025-06-04 21:30:00,787.43,3.898
2025-06-04 22:00:00,787.85,4.155
2025-06-04 22:30:00,788.31,4.337
2025-06-04 23:00:00,788.94,4.011
2025-06-04 23:30:00,789.69,3.736
2025-06-05 00:00:00,790.16,3.492
2025-06-05 00:30:00,790.72,3.25
2025-06-05 01:00:00,790.63,3.106
2025-06-05 01:30:00,790.4,2.993
2025-06-05 02:00:00,790.1,2.842
2025-06-05 02:30:00,789.52,2.7
2025-06-05 03:00:00,789.74,2.498
2025-06-05 03:30:00,789.13,2.274
2025-06-05 04:00:00,788.68,2.083
2025-06-05 04:30:00,789.4,1.915
2025-06-05 05:00:00,788.29,1.777
2025-06-05 05:30:00,788.64,1.652
2025-06-05 06:00:00,787.86,1.541
2025-06-05 06:30:00,787.75,1.447
2025-06-05 07:00:00,786.4,1.359
2025-06-05 07:30:00,786.62,1.278
2025-06-05 08:00:00,785.77,1.198
2025-06-05 08:30:00,785.43,1.133
2025-06-05 09:00:00,784.65,1.076
2025-06-05 09:30:00,784.28,1.029
2025-06-05 10:00:00,784.1,0.98
2025-06-05 10:30:00,784.06,0.933
2025-06-05 11:00:00,783.26,0.888
2025-06-05 11:30:00,783.83,0.847
2025-06-05 12:00:00,783.0,0.821
2025-06-05 12:30:00,783.25,0.781
2025-06-05 13:00:00,782.18,0.743
2025-06-05 13:30:00,782.39,0.72
2025-06-05 14:00:00,782.24,0.721
2025-06-05 14:30:00,782.17,0.797
2025-06-05 15:00:00,781.66,1.0
2025-06-05 15:30:00,782.04,1.277
2025-06-05 16:00:00,782.57,1.599
2025-06-05 16:30:00,782.35,2.022
2025-06-05 17:00:00,781.65,2.581
2025-06-05 17:30:00,782.1,3.178
2025-06-05 18:00:00,781.66,3.844
2025-06-05 18:30:00,781.54,4.556
2025-06-05 19:00:00,782.34,5.257
2025-06-05 19:30:00,781.61,5.981
2025-06-05 20:00:00,782.66,6.553
2025-06-05 20:30:00,782.96,6.968
2025-06-05 21:00:00,784.65,6.989
2025-06-05 21:30:00,786.29,6.355
2025-06-05 22:00:00,788.11,5.722
2025-06-05 22:30:00,788.8,5.437
2025-06-05 23:00:00,790.26,5.095
2025-06-05 23:30:00,790.96,4.701
2025-06-06 00:00:00,790.46,4.44
2025-06-06 00:30:00,791.33,4.369
2025-06-06 01:00:00,791.26,4.137
2025-06-06 01:30:00,791.7,3.844
2025-06-06 02:00:00,792.4,3.576
2025-06-06 02:30:00,792.39,3.292
2025-06-06 03:00:00,792.28,3.001
2025-06-06 03:30:00,792.47,2.761
2025-06-06 04:00:00,791.98,2.582
2025-06-06 04:30:00,791.22,2.4
2025-06-06 05:00:00,791.65,2.218
2025-06-06 05:30:00,791.17,2.051
2025-06-06 06:00:00,790.48,1.937
2025-06-06 06:30:00,790.75,1.803
2025-06-06 07:00:00,789.15,1.686
2025-06-06 07:30:00,789.14,1.591
2025-06-06 08:00:00,788.35,1.518
2025-06-06 08:30:00,788.0,1.456
2025-06-06 09:00:00,787.56,1.419
2025-06-06 09:30:00,787.56,1.412
2025-06-06 10:00:00,786.8,1.415
2025-06-06 10:30:00,786.66,1.411
2025-06-06 11:00:00,786.38,1.385
2025-06-06 11:30:00,786.1,1.342
2025-06-06 12:00:00,785.88,1.302
2025-06-06 12:30:00,785.57,1.254
2025-06-06 13:00:00,785.44,1.217
2025-06-06 13:30:00,785.42,1.21
2025-06-06 14:00:00,784.66,1.241
2025-06-06 14:30:00,785.22,1.297
2025-06-06 15:00:00,785.33,1.466
2025-06-06 15:30:00,785.29,1.735
2025-06-06 16:00:00,784.98,2.073
2025-06-06 16:30:00,785.31,2.482
2025-06-06 17:00:00,785.25,2.992
2025-06-06 17:30:00,784.98,3.571
2025-06-06 18:00:00,784.52,4.281
2025-06-06 18:30:00,784.68,4.883
2025-06-06 19:00:00,785.32,5.48
2025-06-06 19:30:00,786.13,5.998
2025-06-06 20:00:00,785.91,6.577
2025-06-06 20:30:00,787.29,6.911
2025-06-06 21:00:00,788.87,7.058
2025-06-06 21:30:00,791.18,6.408
2025-06-06 22:00:00,792.58,5.784
2025-06-06 22:30:00,793.52,5.949
2025-06-06 23:00:00,795.06,5.69
2025-06-06 23:30:00,795.81,5.213
2025-06-07 00:00:00,795.83,4.676
2025-06-07 00:30:00,795.91,4.232
2025-06-07 01:00:00,795.9,3.905
2025-06-07 01:30:00,796.44,3.746
2025-06-07 02:00:00,796.61,3.625
2025-06-07 02:30:00,795.86,3.406
2025-06-07 03:00:00,795.69,3.079
2025-06-07 03:30:00,794.73,2.781
2025-06-07 04:00:00,794.34,2.556
2025-06-07 04:30:00,794.34,2.392
2025-06-07 05:00:00,794.08,2.236
2025-06-07 05:30:00,793.42,2.107
2025-06-07 06:00:00,793.24,1.976
2025-06-07 06:30:00,792.43,1.859
2025-06-07 07:00:00,792.63,1.764
2025-06-07 07:30:00,792.03,1.673
2025-06-07 08:00:00,791.6,1.603
2025-06-07 08:30:00,791.23,1.545
2025-06-07 09:00:00,790.32,1.488
2025-06-07 09:30:00,789.96,1.444
2025-06-07 10:00:00,789.86,1.398
2025-06-07 10:30:00,789.7,1.359
2025-06-07 11:00:00,788.92,1.314
2025-06-07 11:30:00,788.85,1.275
2025-06-07 12:00:00,788.71,1.237
2025-06-07 12:30:00,787.86,1.204
2025-06-07 13:00:00,788.22,1.173
2025-06-07 13:30:00,787.89,1.16
2025-06-07 14:00:00,787.88,1.161
2025-06-07 14:30:00,788.07,1.238
2025-06-07 15:00:00,788.25,1.439
2025-06-07 15:30:00,788.53,1.707
2025-06-07 16:00:00,788.97,2.061
2025-06-07 16:30:00,789.05,2.519
2025-06-07 17:00:00,789.19,3.062
2025-06-07 17:30:00,788.55,3.67
2025-06-07 18:00:00,787.84,4.296
2025-06-07 18:30:00,787.87,4.914
2025-06-07 19:00:00,788.89,5.544
2025-06-07 19:30:00,789.35,5.949
2025-06-07 20:00:00,790.22,6.66
2025-06-07 20:30:00,790.82,7.036
2025-06-07 21:00:00,792.08,7.367
2025-06-07 21:30:00,794.06,7.566
2025-06-07 22:00:00,796.37,7.436
2025-06-07 22:30:00,797.34,7.385
2025-06-07 23:00:00,798.65,7.281
2025-06-07 23:30:00,800.1,6.878
2025-06-08 00:00:00,801.05,6.595
2025-06-08 00:30:00,802.8,5.956
2025-06-08 01:00:00,803.29,5.491
2025-06-08 01:30:00,803.81,5.091
2025-06-08 02:00:00,803.55,4.579
2025-06-08 02:30:00,804.05,4.199
2025-06-08 03:00:00,803.68,3.779
2025-06-08 03:30:00,804.8,3.374
2025-06-08 04:00:00,803.68,3.046
2025-06-08 04:30:00,803.69,2.839
2025-06-08 05:00:00,803.37,2.721
2025-06-08 05:30:00,803.64,2.524
2025-06-08 06:00:00,803.24,2.351
2025-06-08 06:30:00,802.04,2.202
2025-06-08 07:00:00,801.62,2.085
2025-06-08 07:30:00,800.72,1.977
2025-06-08 08:00:00,800.62,1.887
2025-06-08 08:30:00,799.55,1.807
2025-06-08 09:00:00,799.61,1.731
2025-06-08 09:30:00,798.7,1.661
2025-06-08 10:00:00,798.09,1.611
2025-06-08 10:30:00,797.57,1.565
2025-06-08 11:00:00,797.04,1.517
2025-06-08 11:30:00,796.29,1.478
2025-06-08 12:00:00,795.76,1.44
2025-06-08 12:30:00,795.63,1.398
2025-06-08 13:00:00,795.5,1.367
2025-06-08 13:30:00,794.95,1.352
2025-06-08 14:00:00,794.87,1.366
2025-06-08 14:30:00,795.19,1.474
2025-06-08 15:00:00,794.49,1.668
2025-06-08 15:30:00,794.69,1.91
2025-06-08 16:00:00,793.64,2.257
2025-06-08 16:30:00,792.73,2.747
2025-06-08 17:00:00,792.41,3.273
2025-06-08 17:30:00,791.73,3.834
2025-06-08 18:00:00,793.0,4.385
2025-06-08 18:30:00,792.25,4.949
2025-06-08 19:00:00,793.35,5.546
2025-06-08 19:30:00,793.72,6.094
2025-06-08 20:00:00,794.26,6.79
2025-06-08 20:30:00,796.18,7.166
2025-06-08 21:00:00,797.06,6.884
2025-06-08 21:30:00,798.6,6.455
2025-06-08 22:00:00,801.35,6.115
2025-06-08 22:30:00,803.18,5.664
2025-06-08 23:00:00,802.25,5.224
2025-06-08 23:30:00,803.74,4.84
2025-06-09 00:00:00,803.9,4.509
2025-06-09 00:30:00,805.17,4.204
2025-06-09 01:00:00,804.26,3.907
2025-06-09 01:30:00,803.28,3.639
2025-06-09 02:00:00,802.87,3.441
2025-06-09 02:30:00,802.58,3.22
2025-06-09 03:00:00,802.1,3.014
2025-06-09 03:30:00,802.04,2.811
2025-06-09 04:00:00,800.81,2.601
2025-06-09 04:30:00,800.94,2.43
2025-06-09 05:00:00,800.61,2.282
2025-06-09 05:30:00,799.31,2.163
2025-06-09 06:00:00,799.03,2.042
2025-06-09 06:30:00,798.25,1.948
2025-06-09 07:00:00,796.79,1.864
2025-06-09 07:30:00,796.93,1.792
2025-06-09 08:00:00,795.48,1.726
2025-06-09 08:30:00,795.94,1.673
2025-06-09 09:00:00,796.05,1.633
2025-06-09 09:30:00,794.21,1.597
2025-06-09 10:00:00,794.44,1.556
2025-06-09 10:30:00,794.42,1.518
2025-06-09 11:00:00,793.49,1.488
2025-06-09 11:30:00,792.93,1.469
2025-06-09 12:00:00,792.4,1.436
2025-06-09 12:30:00,791.91,1.412
2025-06-09 13:00:00,791.44,1.377
2025-06-09 13:30:00,791.12,1.373
2025-06-09 14:00:00,791.09,1.383
2025-06-09 14:30:00,790.92,1.499
2025-06-09 15:00:00,790.2,1.724
2025-06-09 15:30:00,791.08,2.029
2025-06-09 16:00:00,790.39,2.397
2025-06-09 16:30:00,790.01,2.852
2025-06-09 17:00:00,789.71,3.367
2025-06-09 17:30:00,788.52,3.903
2025-06-09 18:00:00,789.04,4.498
2025-06-09 18:30:00,789.04,5.133
2025-06-09 19:00:00,789.71,5.792
2025-06-09 19:30:00,789.55,6.428
2025-06-09 20:00:00,790.03,7.06
2025-06-09 20:30:00,790.84,7.488
2025-06-09 21:00:00,793.01,7.728
2025-06-09 21:30:00,794.23,7.845
2025-06-09 22:00:00,796.61,7.666
2025-06-09 22:30:00,796.59,7.479
2025-06-09 23:00:00,799.94,7.646
2025-06-09 23:30:00,801.09,7.457
2025-06-10 00:00:00,802.58,7.0
2025-06-10 00:30:00,803.74,6.661
2025-06-10 01:00:00,804.23,6.377
2025-06-10 01:30:00,804.37,6.024
2025-06-10 02:00:00,804.23,5.58
2025-06-10 02:30:00,805.07,5.082
2025-06-10 03:00:00,805.22,4.578
2025-06-10 03:30:00,805.83,4.128
2025-06-10 04:00:00,805.04,3.748
2025-06-10 04:30:00,805.15,3.4
2025-06-10 05:00:00,805.42,3.125
2025-06-10 05:30:00,803.91,2.919
2025-06-10 06:00:00,803.88,2.77
2025-06-10 06:30:00,803.75,2.627
2025-06-10 07:00:00,802.79,2.495
2025-06-10 07:30:00,802.24,2.401
2025-06-10 08:00:00,799.93,2.308
2025-06-10 08:30:00,800.85,2.222
2025-06-10 09:00:00,799.37,2.145
2025-06-10 09:30:00,799.93,2.084
2025-06-10 10:00:00,797.36,2.049
2025-06-10 10:30:00,797.53,2.02
2025-06-10 11:00:00,796.25,1.972
2025-06-10 11:30:00,796.3,1.939
2025-06-10 12:00:00,795.93,1.898
2025-06-10 12:30:00,794.44,1.864
2025-06-10 13:00:00,794.52,1.847
2025-06-10 13:30:00,793.89,1.842
2025-06-10 14:00:00,793.95,1.855
2025-06-10 14:30:00,792.97,1.983
2025-06-10 15:00:00,793.19,2.178
2025-06-10 15:30:00,792.47,2.459
2025-06-10 16:00:00,792.08,2.823
2025-06-10 16:30:00,792.09,3.258
2025-06-10 17:00:00,791.71,3.746
2025-06-10 17:30:00,791.37,4.289
2025-06-10 18:00:00,791.4,4.883
2025-06-10 18:30:00,791.59,5.539
2025-06-10 19:00:00,792.12,6.2
2025-06-10 19:30:00,793.45,6.779
2025-06-10 20:00:00,794.59,7.232
2025-06-10 20:30:00,796.12,7.545
2025-06-10 21:00:00,798.01,7.741
2025-06-10 21:30:00,800.14,7.867
2025-06-10 22:00:00,802.86,7.843
2025-06-10 22:30:00,802.47,7.67
2025-06-10 23:00:00,803.22,7.428
2025-06-10 23:30:00,804.76,7.177
2025-06-11 00:00:00,804.38,6.875
2025-06-11 00:30:00,805.43,6.564
2025-06-11 01:00:00,804.83,6.139
2025-06-11 01:30:00,805.23,5.625
2025-06-11 02:00:00,806.12,5.162
2025-06-11 02:30:00,805.56,4.71
2025-06-11 03:00:00,805.35,4.314
2025-06-11 03:30:00,805.76,3.946
2025-06-11 04:00:00,804.29,3.581
2025-06-11 04:30:00,805.04,3.307
2025-06-11 05:00:00,804.07,3.1
2025-06-11 05:30:00,803.47,2.944
2025-06-11 06:00:00,802.98,2.809
2025-06-11 06:30:00,802.72,2.675
2025-06-11 07:00:00,802.17,2.537
2025-06-11 07:30:00,801.74,2.401
2025-06-11 08:00:00,800.01,2.19
2025-06-11 08:30:00,799.41,2.103
2025-06-11 09:00:00,800.09,2.034
2025-06-11 09:30:00,797.43,1.922
2025-06-11 10:00:00,796.17,1.809
2025-06-11 10:30:00,795.05,1.649
2025-06-11 11:00:00,794.24,1.54
2025-06-11 11:30:00,793.48,1.435
2025-06-11 12:00:00,793.83,1.317
2025-06-11 12:30:00,792.57,1.21
2025-06-11 13:00:00,792.08,1.115
2025-06-11 13:30:00,791.53,1.049
2025-06-11 14:00:00,791.53,1.006
2025-06-11 14:30:00,790.97,1.098
2025-06-11 15:00:00,791.13,1.286
2025-06-11 15:30:00,792.04,1.523
2025-06-11 16:00:00,792.34,1.834
2025-06-11 16:30:00,790.67,2.299
2025-06-11 17:00:00,790.49,2.796
2025-06-11 17:30:00,790.03,3.358
2025-06-11 18:00:00,788.99,3.999
2025-06-11 18:30:00,789.1,4.675
2025-06-11 19:00:00,788.89,5.411
2025-06-11 19:30:00,788.49,6.14
2025-06-11 20:00:00,787.65,6.873
2025-06-11 20:30:00,787.95,7.434
2025-06-11 21:00:00,789.1,7.849
2025-06-11 21:30:00,790.25,8.106
2025-06-11 22:00:00,789.96,8.205
2025-06-11 22:30:00,791.93,8.255
2025-06-11 23:00:00,793.81,8.151
2025-06-11 23:30:00,794.82,7.925
2025-06-12 00:00:00,796.17,7.709
2025-06-12 00:30:00,798.11,7.423
2025-06-12 01:00:00,798.56,7.088
2025-06-12 01:30:00,799.62,6.668
2025-06-12 02:00:00,799.64,6.238
2025-06-12 02:30:00,800.09,5.83
2025-06-12 03:00:00,799.07,5.324
2025-06-12 03:30:00,799.91,4.872
2025-06-12 04:00:00,799.54,4.429
2025-06-12 04:30:00,799.19,4.109
2025-06-12 05:00:00,798.08,3.804
2025-06-12 05:30:00,796.55,3.511
2025-06-12 06:00:00,795.73,3.268
2025-06-12 06:30:00,796.34,3.029
2025-06-12 07:00:00,794.86,2.816
2025-06-12 07:30:00,793.34,2.63
2025-06-12 08:00:00,793.5,2.433
2025-06-12 08:30:00,792.18,2.24
2025-06-12 09:00:00,791.66,2.065
2025-06-12 09:30:00,790.62,1.9
2025-06-12 10:00:00,790.1,1.755
2025-06-12 10:30:00,789.24,1.627
2025-06-12 11:00:00,788.98,1.513
2025-06-12 11:30:00,788.45,1.411
2025-06-12 12:00:00,787.4,1.315
2025-06-12 12:30:00,787.42,1.225
2025-06-12 13:00:00,787.54,1.131
2025-06-12 13:30:00,785.8,1.065
2025-06-12 14:00:00,786.4,1.023
2025-06-12 14:30:00,785.67,1.104
2025-06-12 15:00:00,786.23,1.305
2025-06-12 15:30:00,785.58,1.543
2025-06-12 16:00:00,786.35,1.819
2025-06-12 16:30:00,785.99,2.26
2025-06-12 17:00:00,785.35,2.795
2025-06-12 17:30:00,784.39,3.387
2025-06-12 18:00:00,784.31,4.022
2025-06-12 18:30:00,783.17,4.707
2025-06-12 19:00:00,783.26,5.442
2025-06-12 19:30:00,783.27,6.19
2025-06-12 20:00:00,783.21,6.873
2025-06-12 20:30:00,782.58,7.432
2025-06-12 21:00:00,782.65,7.816
2025-06-12 21:30:00,783.92,8.123
2025-06-12 22:00:00,784.4,8.306
2025-06-12 22:30:00,784.74,8.396
2025-06-12 23:00:00,786.54,8.371
2025-06-12 23:30:00,786.79,8.273
2025-06-13 00:00:00,788.39,8.134
2025-06-13 00:30:00,789.58,7.935
2025-06-13 01:00:00,790.72,7.603
2025-06-13 01:30:00,791.8,7.272
2025-06-13 02:00:00,792.61,6.867
2025-06-13 02:30:00,792.58,6.458
2025-06-13 03:00:00,793.68,5.975
2025-06-13 03:30:00,793.01,5.558
2025-06-13 04:00:00,793.5,5.179
2025-06-13 04:30:00,792.17,4.788
2025-06-13 05:00:00,792.75,4.429
2025-06-13 05:30:00,792.4,4.059
2025-06-13 06:00:00,791.86,3.791
2025-06-13 06:30:00,790.56,3.493
2025-06-13 07:00:00,790.4,3.222
2025-06-13 07:30:00,789.3,2.988
2025-06-13 08:00:00,789.42,2.77
2025-06-13 08:30:00,788.57,2.588
2025-06-13 09:00:00,788.14,2.413
2025-06-13 09:30:00,787.29,2.248
2025-06-13 10:00:00,787.17,2.081
2025-06-13 10:30:00,785.97,1.938
2025-06-13 11:00:00,785.36,1.812
2025-06-13 11:30:00,785.59,1.699
2025-06-13 12:00:00,783.69,1.595
2025-06-13 12:30:00,784.11,1.486
2025-06-13 13:00:00,783.01,1.384
2025-06-13 13:30:00,783.19,1.307
2025-06-13 14:00:00,782.43,1.249
2025-06-13 14:30:00,781.8,1.28
2025-06-13 15:00:00,782.03,1.468
2025-06-13 15:30:00,781.92,1.702
2025-06-13 16:00:00,782.98,1.958
2025-06-13 16:30:00,783.06,2.375
2025-06-13 17:00:00,782.21,2.902
2025-06-13 17:30:00,781.6,3.495
2025-06-13 18:00:00,782.07,4.155
2025-06-13 18:30:00,781.04,4.865
2025-06-13 19:00:00,781.54,5.606
2025-06-13 19:30:00,781.28,6.406
2025-06-13 20:00:00,780.88,7.117
2025-06-13 20:30:00,780.55,7.717
2025-06-13 21:00:00,781.05,8.174
2025-06-13 21:30:00,781.2,8.442
2025-06-13 22:00:00,782.34,8.571
2025-06-13 22:30:00,783.21,8.58
2025-06-13 23:00:00,783.87,8.542
2025-06-13 23:30:00,784.42,8.443
2025-06-14 00:00:00,784.57,8.306
2025-06-14 00:30:00,787.47,8.111
2025-06-14 01:00:00,789.06,7.825
2025-06-14 01:30:00,788.93,7.492
2025-06-14 02:00:00,790.07,7.133
2025-06-14 02:30:00,789.87,6.73
2025-06-14 03:00:00,790.21,6.292
2025-06-14 03:30:00,790.44,5.913
2025-06-14 04:00:00,790.9,5.541
2025-06-14 04:30:00,790.48,5.222
2025-06-14 05:00:00,790.28,4.924
2025-06-14 05:30:00,789.95,4.618
2025-06-14 06:00:00,788.97,4.31
2025-06-14 06:30:00,788.65,4.018
2025-06-14 07:00:00,788.13,3.729
2025-06-14 07:30:00,787.9,3.481
2025-06-14 08:00:00,786.86,3.263
2025-06-14 08:30:00,786.77,3.067
2025-06-14 09:00:00,785.7,2.872
2025-06-14 09:30:00,786.08,2.707
2025-06-14 10:00:00,784.88,2.543
2025-06-14 10:30:00,784.28,2.414
2025-06-14 11:00:00,784.15,2.288
2025-06-14 11:30:00,783.77,2.168
2025-06-14 12:00:00,783.54,2.044
2025-06-14 12:30:00,783.18,1.93
2025-06-14 13:00:00,782.75,1.822
2025-06-14 13:30:00,783.07,1.754
2025-06-14 14:00:00,783.2,1.736
2025-06-14 14:30:00,782.87,1.783
2025-06-14 15:00:00,782.42,1.941
2025-06-14 15:30:00,782.72,2.118
2025-06-14 16:00:00,782.38,2.387
2025-06-14 16:30:00,782.1,2.658
2025-06-14 17:00:00,782.18,3.099
2025-06-14 17:30:00,781.95,3.638
2025-06-14 18:00:00,782.08,4.331
2025-06-14 18:30:00,782.03,5.128
2025-06-14 19:00:00,781.64,5.931
2025-06-14 19:30:00,781.28,6.758
2025-06-14 20:00:00,781.3,7.526
2025-06-14 20:30:00,781.3,8.073
2025-06-14 21:00:00,780.77,8.43
2025-06-14 21:30:00,781.33,8.7
2025-06-14 22:00:00,782.32,8.787
2025-06-14 22:30:00,783.1,8.787
2025-06-14 23:00:00,783.76,8.78
2025-06-14 23:30:00,784.84,8.683
2025-06-15 00:00:00,787.03,8.51
2025-06-15 00:30:00,787.25,8.177
2025-06-15 01:00:00,788.96,7.906
2025-06-15 01:30:00,790.16,7.583
2025-06-15 02:00:00,790.53,7.258
2025-06-15 02:30:00,791.57,6.929
2025-06-15 03:00:00,791.2,6.552
2025-06-15 03:30:00,790.92,6.19
2025-06-15 04:00:00,791.26,5.863
2025-06-15 04:30:00,791.36,5.555
2025-06-15 05:00:00,791.15,5.221
2025-06-15 05:30:00,790.48,4.939
2025-06-15 06:00:00,789.61,4.693
2025-06-15 06:30:00,789.31,4.455
2025-06-15 07:00:00,789.76,4.227
2025-06-15 07:30:00,789.36,3.979
2025-06-15 08:00:00,787.74,3.746
2025-06-15 08:30:00,787.48,3.536
2025-06-15 09:00:00,786.48,3.364
2025-06-15 09:30:00,786.0,3.186
2025-06-15 10:00:00,785.89,3.012
2025-06-15 10:30:00,785.44,2.859
2025-06-15 11:00:00,785.11,2.716
2025-06-15 11:30:00,784.4,2.577
2025-06-15 12:00:00,784.72,2.445
2025-06-15 12:30:00,784.17,2.322
2025-06-15 13:00:00,784.25,2.235
2025-06-15 13:30:00,783.42,2.157
2025-06-15 14:00:00,783.6,2.087
2025-06-15 14:30:00,783.2,2.08
2025-06-15 15:00:00,782.9,2.233
2025-06-15 15:30:00,782.93,2.425
2025-06-15 16:00:00,782.67,2.692
2025-06-15 16:30:00,783.21,3.065
2025-06-15 17:00:00,782.73,3.552
2025-06-15 17:30:00,782.51,4.174
2025-06-15 18:00:00,782.28,4.868
2025-06-15 18:30:00,782.5,5.645
2025-06-15 19:00:00,782.32,6.406
2025-06-15 19:30:00,782.05,7.238
2025-06-15 20:00:00,782.06,7.976
2025-06-15 20:30:00,782.24,8.551
2025-06-15 21:00:00,782.66,8.969
2025-06-15 21:30:00,783.24,9.296
2025-06-15 22:00:00,783.68,9.437
2025-06-15 22:30:00,785.26,9.473
2025-06-15 23:00:00,786.25,9.4
2025-06-15 23:30:00,787.56,9.215
2025-06-16 00:00:00,789.94,9.034
2025-06-16 00:30:00,790.28,8.821
2025-06-16 01:00:00,791.58,8.511
2025-06-16 01:30:00,792.98,8.176
2025-06-16 02:00:00,793.04,7.805
2025-06-16 02:30:00,794.11,7.412
2025-06-16 03:00:00,793.12,7.081
2025-06-16 03:30:00,793.78,6.777
2025-06-16 04:00:00,792.46,6.462
2025-06-16 04:30:00,793.12,6.168
2025-06-16 05:00:00,792.89,5.872
2025-06-16 05:30:00,792.26,5.567
2025-06-16 06:00:00,792.37,5.305
2025-06-16 06:30:00,791.03,5.041
2025-06-16 07:00:00,790.36,4.793
2025-06-16 07:30:00,790.01,4.524
2025-06-16 08:00:00,789.21,4.299
2025-06-16 08:30:00,788.71,4.061
2025-06-16 09:00:00,788.48,3.775
2025-06-16 09:30:00,787.99,3.538
2025-06-16 10:00:00,786.61,3.34
2025-06-16 10:30:00,786.54,3.16
2025-06-16 11:00:00,785.87,2.985
2025-06-16 11:30:00,785.28,2.826
2025-06-16 12:00:00,785.3,2.684
2025-06-16 12:30:00,785.07,2.559
2025-06-16 13:00:00,784.31,2.44
2025-06-16 13:30:00,784.32,2.338
2025-06-16 14:00:00,784.04,2.276
2025-06-16 14:30:00,783.68,2.267
2025-06-16 15:00:00,783.08,2.402
2025-06-16 15:30:00,783.19,2.589
2025-06-16 16:00:00,783.14,2.85
2025-06-16 16:30:00,783.08,3.203
2025-06-16 17:00:00,782.97,3.699
2025-06-16 17:30:00,782.42,4.304
2025-06-16 18:00:00,782.19,4.987
2025-06-16 18:30:00,781.49,5.716
2025-06-16 19:00:00,781.61,6.458
2025-06-16 19:30:00,781.96,7.274
2025-06-16 20:00:00,781.31,7.992
2025-06-16 20:30:00,780.96,8.608
2025-06-16 21:00:00,781.36,8.991
2025-06-16 21:30:00,781.56,9.25
2025-06-16 22:00:00,782.0,9.319
2025-06-16 22:30:00,783.18,9.265
2025-06-16 23:00:00,784.32,9.122
2025-06-16 23:30:00,785.06,8.961
2025-06-17 00:00:00,786.87,8.799
2025-06-17 00:30:00,787.65,8.57
2025-06-17 01:00:00,788.55,8.328
2025-06-17 01:30:00,789.03,8.045
2025-06-17 02:00:00,789.8,7.729
2025-06-17 02:30:00,790.64,7.402
2025-06-17 03:00:00,790.06,7.077
2025-06-17 03:30:00,790.93,6.764
2025-06-17 04:00:00,789.57,6.43
2025-06-17 04:30:00,789.47,6.132
2025-06-17 05:00:00,789.88,5.837
2025-06-17 05:30:00,789.31,5.551
2025-06-17 06:00:00,789.15,5.266
2025-06-17 06:30:00,788.8,4.994
2025-06-17 07:00:00,788.08,4.718
2025-06-17 07:30:00,787.21,4.462
2025-06-17 08:00:00,786.9,4.213
2025-06-17 08:30:00,785.43,4.008
2025-06-17 09:00:00,785.68,3.822
2025-06-17 09:30:00,785.35,3.584
2025-06-17 10:00:00,784.92,3.364
2025-06-17 10:30:00,784.31,3.167
2025-06-17 11:00:00,783.62,3.029
2025-06-17 11:30:00,784.04,2.882
2025-06-17 12:00:00,782.85,2.739
2025-06-17 12:30:00,782.78,2.615
2025-06-17 13:00:00,782.53,2.497
2025-06-17 13:30:00,782.87,2.381
2025-06-17 14:00:00,781.99,2.3
2025-06-17 14:30:00,781.94,2.296
2025-06-17 15:00:00,781.56,2.457
2025-06-17 15:30:00,780.84,2.697
2025-06-17 16:00:00,780.99,2.975
2025-06-17 16:30:00,781.2,3.338
2025-06-17 17:00:00,781.58,3.856
2025-06-17 17:30:00,781.39,4.509
2025-06-17 18:00:00,781.34,5.242
2025-06-17 18:30:00,780.51,6.02
2025-06-17 19:00:00,780.34,6.865
2025-06-17 19:30:00,780.69,7.725
2025-06-17 20:00:00,780.41,8.509
2025-06-17 20:30:00,780.27,9.193
2025-06-17 21:00:00,780.61,9.655
2025-06-17 21:30:00,781.03,9.966
2025-06-17 22:00:00,781.61,10.139
2025-06-17 22:30:00,782.75,10.141
2025-06-17 23:00:00,783.82,10.081
2025-06-17 23:30:00,785.6,9.97
2025-06-18 00:00:00,786.96,9.851
2025-06-18 00:30:00,789.19,9.698
2025-06-18 01:00:00,790.51,9.467
2025-06-18 01:30:00,790.7,9.206
2025-06-18 02:00:00,792.0,8.969
2025-06-18 02:30:00,793.53,8.69
2025-06-18 03:00:00,793.43,8.377
2025-06-18 03:30:00,792.73,8.097
2025-06-18 04:00:00,793.57,7.795
2025-06-18 04:30:00,793.04,7.465
2025-06-18 05:00:00,793.01,7.117
2025-06-18 05:30:00,793.02,6.817
2025-06-18 06:00:00,792.26,6.435
2025-06-18 06:30:00,791.05,6.156
2025-06-18 07:00:00,791.09,5.906
2025-06-18 07:30:00,790.45,5.663
2025-06-18 08:00:00,789.46,5.398
2025-06-18 08:30:00,788.77,5.175
2025-06-18 09:00:00,789.12,4.922
2025-06-18 09:30:00,788.42,4.69
2025-06-18 10:00:00,787.89,4.47
2025-06-18 10:30:00,787.23,4.268
2025-06-18 11:00:00,786.69,4.113
2025-06-18 11:30:00,785.9,3.978
2025-06-18 12:00:00,785.42,3.857
2025-06-18 12:30:00,785.26,3.739
2025-06-18 13:00:00,785.52,3.624
2025-06-18 13:30:00,784.5,3.531
2025-06-18 14:00:00,784.38,3.456
2025-06-18 14:30:00,784.48,3.454
2025-06-18 15:00:00,784.49,3.616
2025-06-18 15:30:00,783.51,3.853
2025-06-18 16:00:00,783.62,4.159
2025-06-18 16:30:00,783.68,4.544
2025-06-18 17:00:00,783.33,5.065
2025-06-18 17:30:00,783.16,5.666
2025-06-18 18:00:00,782.75,6.365
2025-06-18 18:30:00,782.9,7.13
2025-06-18 19:00:00,782.48,7.937
2025-06-18 19:30:00,782.52,8.751
2025-06-18 20:00:00,782.94,9.51
2025-06-18 20:30:00,783.67,10.07
2025-06-18 21:00:00,784.82,10.413
2025-06-18 21:30:00,785.86,10.591
2025-06-18 22:00:00,787.26,10.631
2025-06-18 22:30:00,790.0,10.553
2025-06-18 23:00:00,790.94,10.404
2025-06-18 23:30:00,793.05,10.231
2025-06-19 00:00:00,795.07,10.064
2025-06-19 00:30:00,795.88,9.934
2025-06-19 01:00:00,796.27,9.798
2025-06-19 01:30:00,796.98,9.608
2025-06-19 02:00:00,798.7,9.337
2025-06-19 02:30:00,797.62,8.977
2025-06-19 03:00:00,798.62,8.526
2025-06-19 03:30:00,797.83,8.141
2025-06-19 04:00:00,798.77,7.738
2025-06-19 04:30:00,797.38,7.317
2025-06-19 05:00:00,797.24,6.934
2025-06-19 05:30:00,795.68,6.615
2025-06-19 06:00:00,797.01,6.266
2025-06-19 06:30:00,795.38,5.946
2025-06-19 07:00:00,794.57,5.695
2025-06-19 07:30:00,792.46,5.419
2025-06-19 08:00:00,793.04,5.129
2025-06-19 08:30:00,792.16,4.869
2025-06-19 09:00:00,791.85,4.611
2025-06-19 09:30:00,791.2,4.44
2025-06-19 10:00:00,789.58,4.28
2025-06-19 10:30:00,788.54,4.126
2025-06-19 11:00:00,788.77,3.963
2025-06-19 11:30:00,788.15,3.825
2025-06-19 12:00:00,787.03,3.688
2025-06-19 12:30:00,787.46,3.566
2025-06-19 13:00:00,786.23,3.44
2025-06-19 13:30:00,785.35,3.35
2025-06-19 14:00:00,785.42,3.294
2025-06-19 14:30:00,785.18,3.329
2025-06-19 15:00:00,785.35,3.507
2025-06-19 15:30:00,783.94,3.686
2025-06-19 16:00:00,783.37,3.935
2025-06-19 16:30:00,783.43,4.318
2025-06-19 17:00:00,783.23,4.843
2025-06-19 17:30:00,782.21,5.425
2025-06-19 18:00:00,782.29,6.089
2025-06-19 18:30:00,782.65,6.844
2025-06-19 19:00:00,782.84,7.624
2025-06-19 19:30:00,782.59,8.379
2025-06-19 20:00:00,782.17,9.066
2025-06-19 20:30:00,782.02,9.577
2025-06-19 21:00:00,781.89,9.878
2025-06-19 21:30:00,784.22,10.033
2025-06-19 22:00:00,784.62,9.972
2025-06-19 22:30:00,787.5,9.59
2025-06-19 23:00:00,788.63,9.269
2025-06-19 23:30:00,790.26,9.098
2025-06-20 00:00:00,790.69,9.065
2025-06-20 00:30:00,791.98,8.947
2025-06-20 01:00:00,793.49,8.786
2025-06-20 01:30:00,793.7,8.534
2025-06-20 02:00:00,794.33,8.234
2025-06-20 02:30:00,793.38,7.832
2025-06-20 03:00:00,794.15,7.468
2025-06-20 03:30:00,794.44,7.136
2025-06-20 04:00:00,793.1,6.745
2025-06-20 04:30:00,791.66,6.392
2025-06-20 05:00:00,792.47,6.088
2025-06-20 05:30:00,790.92,5.744
2025-06-20 06:00:00,789.89,5.486
2025-06-20 06:30:00,790.04,5.181
2025-06-20 07:00:00,789.43,4.906
2025-06-20 07:30:00,787.15,4.695
2025-06-20 08:00:00,787.66,4.467
2025-06-20 08:30:00,785.83,4.267
2025-06-20 09:00:00,785.98,4.06
2025-06-20 09:30:00,784.62,3.868
2025-06-20 10:00:00,784.3,3.68
2025-06-20 10:30:00,783.14,3.482
2025-06-20 11:00:00,783.07,3.274
2025-06-20 11:30:00,782.8,3.112
2025-06-20 12:00:00,782.41,2.962
2025-06-20 12:30:00,780.82,2.768
2025-06-20 13:00:00,780.69,2.652
2025-06-20 13:30:00,780.38,2.511
2025-06-20 14:00:00,779.29,2.385
2025-06-20 14:30:00,779.58,2.365
2025-06-20 15:00:00,778.49,2.498
2025-06-20 15:30:00,778.21,2.654
2025-06-20 16:00:00,777.97,2.899
2025-06-20 16:30:00,778.73,3.239
2025-06-20 17:00:00,779.37,3.685
2025-06-20 17:30:00,778.53,4.226
2025-06-20 18:00:00,778.23,4.802
2025-06-20 18:30:00,777.19,5.458
2025-06-20 19:00:00,777.12,6.172
2025-06-20 19:30:00,777.16,6.92
2025-06-20 20:00:00,776.23,7.586
2025-06-20 20:30:00,775.8,8.162
2025-06-20 21:00:00,775.49,8.522
2025-06-20 21:30:00,776.12,8.796
2025-06-20 22:00:00,775.71,8.903
2025-06-20 22:30:00,775.94,8.927
2025-06-20 23:00:00,776.01,8.831
2025-06-20 23:30:00,776.68,8.697
2025-06-21 00:00:00,776.47,8.549
2025-06-21 00:30:00,777.07,8.346
2025-06-21 01:00:00,777.01,8.153
2025-06-21 01:30:00,777.22,7.929
2025-06-21 02:00:00,777.72,7.669
2025-06-21 02:30:00,777.9,7.416
2025-06-21 03:00:00,778.4,7.108
2025-06-21 03:30:00,777.41,6.83
2025-06-21 04:00:00,778.04,6.56
2025-06-21 04:30:00,778.39,6.335
2025-06-21 05:00:00,778.42,6.11
2025-06-21 05:30:00,778.36,5.852
2025-06-21 06:00:00,778.08,5.605
2025-06-21 06:30:00,777.01,5.347
2025-06-21 07:00:00,777.58,5.111
2025-06-21 07:30:00,776.28,4.863
2025-06-21 08:00:00,776.19,4.625
2025-06-21 08:30:00,775.68,4.443
2025-06-21 09:00:00,774.86,4.244
2025-06-21 09:30:00,774.32,4.033
2025-06-21 10:00:00,774.35,3.797
2025-06-21 10:30:00,772.7,3.565
2025-06-21 11:00:00,772.99,3.351
2025-06-21 11:30:00,771.93,3.152
2025-06-21 12:00:00,771.56,2.974
2025-06-21 12:30:00,771.17,2.804
2025-06-21 13:00:00,770.44,2.643
2025-06-21 13:30:00,769.94,2.515
2025-06-21 14:00:00,769.14,2.359
2025-06-21 14:30:00,768.45,2.231
2025-06-21 15:00:00,768.04,2.265
2025-06-21 15:30:00,768.12,2.376
2025-06-21 16:00:00,767.37,2.541
2025-06-21 16:30:00,767.09,2.818
2025-06-21 17:00:00,767.83,3.223
2025-06-21 17:30:00,768.28,3.698
2025-06-21 18:00:00,769.2,4.333
2025-06-21 18:30:00,770.24,5.058
2025-06-21 19:00:00,770.23,5.812
2025-06-21 19:30:00,770.42,6.543
2025-06-21 20:00:00,769.4,7.232
2025-06-21 20:30:00,769.75,7.703
2025-06-21 21:00:00,769.16,8.028
2025-06-21 21:30:00,768.92,8.26
2025-06-21 22:00:00,768.64,8.313
2025-06-21 22:30:00,768.2,8.253
2025-06-21 23:00:00,768.04,8.127
2025-06-21 23:30:00,768.38,7.922
2025-06-22 00:00:00,768.49,7.711
2025-06-22 00:30:00,768.62,7.496
2025-06-22 01:00:00,768.33,7.261
2025-06-22 01:30:00,768.37,7.006
2025-06-22 02:00:00,768.75,6.733
2025-06-22 02:30:00,769.22,6.495
2025-06-22 03:00:00,769.08,6.229
2025-06-22 03:30:00,769.28,5.963
2025-06-22 04:00:00,769.01,5.681
2025-06-22 04:30:00,769.81,5.427
2025-06-22 05:00:00,769.56,5.245
2025-06-22 05:30:00,769.58,5.061
2025-06-22 06:00:00,769.61,4.927
2025-06-22 06:30:00,769.18,4.773
2025-06-22 07:00:00,769.76,4.621
2025-06-22 07:30:00,769.24,4.54
2025-06-22 08:00:00,768.66,4.422
2025-06-22 08:30:00,768.42,4.245
2025-06-22 09:00:00,768.36,4.08
2025-06-22 09:30:00,767.55,3.927
2025-06-22 10:00:00,767.13,3.751
2025-06-22 10:30:00,767.19,3.586
2025-06-22 11:00:00,767.19,3.442
2025-06-22 11:30:00,767.19,3.293
2025-06-22 12:00:00,767.09,3.146
2025-06-22 12:30:00,766.85,3.0
2025-06-22 13:00:00,766.44,2.849
2025-06-22 13:30:00,766.43,2.694
2025-06-22 14:00:00,766.37,2.58
2025-06-22 14:30:00,765.92,2.493
2025-06-22 15:00:00,766.27,2.523
2025-06-22 15:30:00,766.09,2.647
2025-06-22 16:00:00,765.89,2.835
2025-06-22 16:30:00,766.4,3.117
2025-06-22 17:00:00,765.97,3.558
2025-06-22 17:30:00,766.38,4.172
2025-06-22 18:00:00,766.68,4.893
2025-06-22 18:30:00,766.55,5.701
2025-06-22 19:00:00,766.55,6.627
2025-06-22 19:30:00,766.47,7.582
2025-06-22 20:00:00,766.22,8.549
2025-06-22 20:30:00,766.1,9.335
2025-06-22 21:00:00,766.1,9.819
2025-06-22 21:30:00,766.26,10.166
2025-06-22 22:00:00,765.8,10.359
2025-06-22 22:30:00,766.06,10.444
2025-06-22 23:00:00,766.52,10.386
2025-06-22 23:30:00,766.79,10.257
2025-06-23 00:00:00,767.11,10.123
2025-06-23 00:30:00,767.63,10.055
2025-06-23 01:00:00,768.33,9.836
2025-06-23 01:30:00,769.36,9.509
2025-06-23 02:00:00,770.68,9.074
2025-06-23 02:30:00,771.48,8.64
2025-06-23 03:00:00,771.68,8.274
2025-06-23 03:30:00,772.26,7.976
2025-06-23 04:00:00,773.0,7.693
2025-06-23 04:30:00,774.16,7.419
2025-06-23 05:00:00,773.92,7.163
2025-06-23 05:30:00,774.23,6.945
2025-06-23 06:00:00,773.94,6.717
2025-06-23 06:30:00,774.38,6.481
2025-06-23 07:00:00,773.8,6.261
2025-06-23 07:30:00,773.73,6.037
2025-06-23 08:00:00,773.05,5.835
2025-06-23 08:30:00,773.01,5.662
2025-06-23 09:00:00,772.21,5.511
2025-06-23 09:30:00,771.97,5.363
2025-06-23 10:00:00,771.22,5.221
2025-06-23 10:30:00,771.12,5.092
2025-06-23 11:00:00,770.82,4.987
2025-06-23 11:30:00,770.87,4.885
2025-06-23 12:00:00,770.67,4.777
2025-06-23 12:30:00,770.12,4.669
2025-06-23 13:00:00,770.34,4.546
2025-06-23 13:30:00,769.71,4.449
2025-06-23 14:00:00,769.72,4.402
2025-06-23 14:30:00,769.39,4.424
2025-06-23 15:00:00,769.62,4.513
2025-06-23 15:30:00,769.48,4.571
2025-06-23 16:00:00,769.35,4.737
2025-06-23 16:30:00,769.03,4.891
2025-06-23 17:00:00,768.51,4.95
2025-06-23 17:30:00,769.05,5.217
2025-06-23 18:00:00,768.42,5.709
2025-06-23 18:30:00,768.46,6.412
2025-06-23 19:00:00,768.0,7.278
2025-06-23 19:30:00,767.93,8.146
2025-06-23 20:00:00,767.93,8.628
2025-06-23 20:30:00,767.48,8.41
2025-06-23 21:00:00,767.78,8.174
2025-06-23 21:30:00,767.94,8.041
2025-06-23 22:00:00,768.0,7.652
2025-06-23 22:30:00,767.52,7.373
2025-06-23 23:00:00,767.94,7.248
2025-06-23 23:30:00,768.64,7.144
2025-06-24 00:00:00,768.68,7.045
2025-06-24 00:30:00,768.7,6.947
2025-06-24 01:00:00,768.78,6.901
2025-06-24 01:30:00,768.3,6.816
2025-06-24 02:00:00,768.6,6.693
2025-06-24 02:30:00,768.3,6.555
2025-06-24 03:00:00,768.18,6.422
2025-06-24 03:30:00,767.95,6.256
2025-06-24 04:00:00,768.12,6.073
2025-06-24 04:30:00,768.23,5.878
2025-06-24 05:00:00,768.38,5.702
2025-06-24 05:30:00,768.37,5.514
2025-06-24 06:00:00,768.46,5.326
2025-06-24 06:30:00,768.03,5.169
2025-06-24 07:00:00,768.09,5.018
2025-06-24 07:30:00,768.02,4.875
2025-06-24 08:00:00,767.86,4.744
2025-06-24 08:30:00,767.99,4.616
2025-06-24 09:00:00,767.69,4.502
2025-06-24 09:30:00,767.29,4.394
2025-06-24 10:00:00,767.05,4.264
2025-06-24 10:30:00,767.07,4.148
2025-06-24 11:00:00,766.84,4.023
2025-06-24 11:30:00,766.68,3.9
2025-06-24 12:00:00,766.73,3.788
2025-06-24 12:30:00,766.78,3.675
2025-06-24 13:00:00,766.66,3.572
2025-06-24 13:30:00,766.66,3.489
2025-06-24 14:00:00,766.65,3.429
2025-06-24 14:30:00,766.94,3.413
2025-06-24 15:00:00,766.81,3.49
2025-06-24 15:30:00,766.72,3.668
2025-06-24 16:00:00,766.75,3.9
2025-06-24 16:30:00,766.68,4.179
2025-06-24 17:00:00,766.93,4.548
2025-06-24 17:30:00,767.03,5.067
2025-06-24 18:00:00,766.8,5.713
2025-06-24 18:30:00,766.84,6.456
2025-06-24 19:00:00,767.23,7.341
2025-06-24 19:30:00,766.83,8.479
2025-06-24 20:00:00,766.78,9.547
2025-06-24 20:30:00,766.58,9.741
2025-06-24 21:00:00,766.41,9.775
2025-06-24 21:30:00,766.42,9.913
2025-06-24 22:00:00,766.77,9.771
2025-06-24 22:30:00,767.26,9.51
2025-06-24 23:00:00,767.61,9.519
2025-06-24 23:30:00,767.79,9.418
2025-06-25 00:00:00,768.82,9.26
2025-06-25 00:30:00,769.43,9.103
2025-06-25 01:00:00,770.05,8.935
2025-06-25 01:30:00,770.83,8.829
2025-06-25 02:00:00,771.73,8.781
2025-06-25 02:30:00,772.63,8.726
2025-06-25 03:00:00,773.2,8.548
2025-06-25 03:30:00,774.59,8.334
2025-06-25 04:00:00,775.13,8.09
2025-06-25 04:30:00,775.82,7.84
2025-06-25 05:00:00,776.35,7.591
2025-06-25 05:30:00,776.87,7.387
2025-06-25 06:00:00,776.57,7.199
2025-06-25 06:30:00,776.96,7.019
2025-06-25 07:00:00,776.93,6.83
2025-06-25 07:30:00,776.86,6.628
2025-06-25 08:00:00,776.8,6.435
2025-06-25 08:30:00,776.52,6.267
2025-06-25 09:00:00,776.09,6.095
2025-06-25 09:30:00,775.94,5.928
2025-06-25 10:00:00,775.83,5.783
2025-06-25 10:30:00,775.41,5.628
2025-06-25 11:00:00,775.54,5.488
2025-06-25 11:30:00,774.87,5.358
2025-06-25 12:00:00,774.86,5.208
2025-06-25 12:30:00,774.6,5.068
2025-06-25 13:00:00,774.43,4.927
2025-06-25 13:30:00,774.64,4.792
2025-06-25 14:00:00,774.12,4.691
2025-06-25 14:30:00,774.12,4.623
2025-06-25 15:00:00,773.88,4.684
2025-06-25 15:30:00,773.62,4.876
2025-06-25 16:00:00,773.32,5.131
2025-06-25 16:30:00,773.55,5.436
2025-06-25 17:00:00,773.06,5.84
2025-06-25 17:30:00,772.94,6.4
2025-06-25 18:00:00,772.98,7.059
2025-06-25 18:30:00,772.62,7.83
2025-06-25 19:00:00,772.43,8.671
2025-06-25 19:30:00,772.3,9.557
2025-06-25 20:00:00,771.95,10.466
2025-06-25 20:30:00,771.9,11.206
2025-06-25 21:00:00,771.82,11.674
2025-06-25 21:30:00,772.03,12.024
2025-06-25 22:00:00,772.64,12.245
2025-06-25 22:30:00,773.41,12.262
2025-06-25 23:00:00,774.1,12.117
2025-06-25 23:30:00,775.3,11.913
2025-06-26 00:00:00,776.51,11.646
2025-06-26 00:30:00,778.08,11.371
2025-06-26 01:00:00,779.68,11.06
2025-06-26 01:30:00,781.32,10.739
2025-06-26 02:00:00,782.28,10.456
2025-06-26 02:30:00,784.12,10.183
2025-06-26 03:00:00,784.3,9.954
2025-06-26 03:30:00,784.9,9.619
2025-06-26 04:00:00,785.49,9.298
2025-06-26 04:30:00,785.41,9.016
2025-06-26 05:00:00,785.96,8.767
2025-06-26 05:30:00,785.14,8.515
2025-06-26 06:00:00,785.41,8.283
2025-06-26 06:30:00,785.39,8.074
2025-06-26 07:00:00,785.13,7.878
2025-06-26 07:30:00,783.98,7.651
2025-06-26 08:00:00,783.86,7.439
2025-06-26 08:30:00,783.66,7.245
2025-06-26 09:00:00,783.13,7.03
2025-06-26 09:30:00,781.93,6.803
2025-06-26 10:00:00,781.6,6.562
2025-06-26 10:30:00,781.2,6.323
2025-06-26 11:00:00,781.25,6.087
2025-06-26 11:30:00,780.28,5.891
2025-06-26 12:00:00,779.55,5.707
2025-06-26 12:30:00,779.33,5.54
2025-06-26 13:00:00,779.19,5.367
2025-06-26 13:30:00,778.32,5.201
2025-06-26 14:00:00,778.55,5.09
2025-06-26 14:30:00,777.96,5.029
2025-06-26 15:00:00,777.76,5.087
2025-06-26 15:30:00,777.04,5.268
2025-06-26 16:00:00,776.97,5.503
2025-06-26 16:30:00,776.01,5.802
2025-06-26 17:00:00,775.5,6.25
2025-06-26 17:30:00,775.74,6.826
2025-06-26 18:00:00,775.55,7.463
2025-06-26 18:30:00,775.1,8.229
2025-06-26 19:00:00,774.41,9.041
2025-06-26 19:30:00,775.15,9.926
2025-06-26 20:00:00,774.7,10.704
2025-06-26 20:30:00,775.04,11.315
2025-06-26 21:00:00,775.42,11.7
2025-06-26 21:30:00,775.76,11.925
2025-06-26 22:00:00,776.91,11.958
2025-06-26 22:30:00,777.37,11.872
2025-06-26 23:00:00,779.4,11.709
2025-06-26 23:30:00,780.43,11.498
2025-06-27 00:00:00,782.06,11.298
2025-06-27 00:30:00,783.24,11.093
2025-06-27 01:00:00,784.82,10.917
2025-06-27 01:30:00,785.82,10.689
2025-06-27 02:00:00,787.48,10.416
2025-06-27 02:30:00,787.8,10.186
2025-06-27 03:00:00,788.26,9.879
2025-06-27 03:30:00,788.79,9.577
2025-06-27 04:00:00,787.89,9.354
2025-06-27 04:30:00,788.37,9.112
2025-06-27 05:00:00,787.86,8.843
2025-06-27 05:30:00,787.47,8.601
2025-06-27 06:00:00,787.11,8.368
2025-06-27 06:30:00,786.92,8.139
2025-06-27 07:00:00,785.73,7.901
2025-06-27 07:30:00,785.82,7.642
2025-06-27 08:00:00,784.85,7.375
2025-06-27 08:30:00,784.65,7.094
2025-06-27 09:00:00,784.48,6.83
2025-06-27 09:30:00,783.09,6.618
2025-06-27 10:00:00,782.43,6.397
2025-06-27 10:30:00,782.19,6.207
2025-06-27 11:00:00,781.65,6.057
2025-06-27 11:30:00,781.67,5.901
2025-06-27 12:00:00,781.17,5.724
2025-06-27 12:30:00,780.79,5.533
2025-06-27 13:00:00,780.65,5.388
2025-06-27 13:30:00,780.48,5.256
2025-06-27 14:00:00,779.88,5.168
2025-06-27 14:30:00,779.91,5.149
2025-06-27 15:00:00,779.67,5.271
2025-06-27 15:30:00,779.55,5.478
2025-06-27 16:00:00,779.12,5.713
2025-06-27 16:30:00,778.72,6.06
2025-06-27 17:00:00,779.05,6.496
2025-06-27 17:30:00,778.54,7.037
2025-06-27 18:00:00,778.38,7.693
2025-06-27 18:30:00,778.49,8.436
2025-06-27 19:00:00,777.93,9.231
2025-06-27 19:30:00,777.95,10.053
2025-06-27 20:00:00,778.25,10.761
2025-06-27 20:30:00,778.8,11.325
2025-06-27 21:00:00,779.41,11.619
2025-06-27 21:30:00,779.82,11.768
2025-06-27 22:00:00,780.95,11.768
2025-06-27 22:30:00,782.12,11.676
2025-06-27 23:00:00,783.23,11.514
2025-06-27 23:30:00,784.85,11.382
2025-06-28 00:00:00,786.07,11.208
2025-06-28 00:30:00,787.13,11.069
2025-06-28 01:00:00,788.21,10.933
2025-06-28 01:30:00,789.56,10.727
2025-06-28 02:00:00,790.34,10.498
2025-06-28 02:30:00,791.39,10.292
2025-06-28 03:00:00,791.66,10.102
2025-06-28 03:30:00,790.56,9.869
2025-06-28 04:00:00,791.14,9.66
2025-06-28 04:30:00,790.35,9.422
2025-06-28 05:00:00,790.9,9.173
2025-06-28 05:30:00,790.71,8.929
2025-06-28 06:00:00,790.36,8.64
2025-06-28 06:30:00,789.64,8.353
2025-06-28 07:00:00,789.81,8.067
2025-06-28 07:30:00,789.39,7.775
2025-06-28 08:00:00,788.43,7.547
2025-06-28 08:30:00,787.58,7.328
2025-06-28 09:00:00,787.21,7.137
2025-06-28 09:30:00,786.53,6.972
2025-06-28 10:00:00,786.39,6.781
2025-06-28 10:30:00,786.25,6.588
2025-06-28 11:00:00,786.04,6.413
2025-06-28 11:30:00,785.61,6.265
2025-06-28 12:00:00,785.27,6.1
2025-06-28 12:30:00,784.59,5.923
2025-06-28 13:00:00,784.56,5.766
2025-06-28 13:30:00,783.39,5.677
2025-06-28 14:00:00,784.23,5.564
2025-06-28 14:30:00,784.17,5.52
2025-06-28 15:00:00,783.84,5.636
2025-06-28 15:30:00,783.85,5.794
2025-06-28 16:00:00,783.57,6.019
2025-06-28 16:30:00,782.77,6.342
2025-06-28 17:00:00,782.58,6.8
2025-06-28 17:30:00,782.37,7.38
2025-06-28 18:00:00,782.07,8.043
2025-06-28 18:30:00,781.8,8.731
2025-06-28 19:00:00,781.96,9.489
2025-06-28 19:30:00,782.26,10.224
2025-06-28 20:00:00,782.12,10.924
2025-06-28 20:30:00,781.97,11.456
2025-06-28 21:00:00,782.89,11.837
2025-06-28 21:30:00,783.79,12.054
2025-06-28 22:00:00,784.54,12.119
2025-06-28 22:30:00,785.5,12.107
2025-06-28 23:00:00,787.05,12.159
2025-06-28 23:30:00,788.54,12.336
2025-06-29 00:00:00,790.34,12.332
2025-06-29 00:30:00,791.41,12.188
2025-06-29 01:00:00,791.96,11.993
2025-06-29 01:30:00,793.18,11.904
2025-06-29 02:00:00,793.64,11.727
2025-06-29 02:30:00,794.1,11.452
2025-06-29 03:00:00,794.28,11.117
2025-06-29 03:30:00,795.07,10.796
2025-06-29 04:00:00,794.59,10.517
2025-06-29 04:30:00,795.03,10.229
2025-06-29 05:00:00,794.76,9.906
2025-06-29 05:30:00,793.91,9.582
2025-06-29 06:00:00,793.7,9.284
2025-06-29 06:30:00,793.36,8.988
2025-06-29 07:00:00,792.63,8.718
2025-06-29 07:30:00,791.59,8.398
2025-06-29 08:00:00,791.38,8.12
2025-06-29 08:30:00,790.9,7.862
2025-06-29 09:00:00,790.13,7.613
2025-06-29 09:30:00,790.42,7.392
2025-06-29 10:00:00,789.22,7.159
2025-06-29 10:30:00,788.6,6.985
2025-06-29 11:00:00,788.26,6.77
2025-06-29 11:30:00,787.3,6.544
2025-06-29 12:00:00,787.15,6.323
2025-06-29 12:30:00,787.69,6.149
2025-06-29 13:00:00,786.74,5.986
2025-06-29 13:30:00,786.44,5.867
2025-06-29 14:00:00,786.18,5.806
2025-06-29 14:30:00,786.34,5.774
2025-06-29 15:00:00,786.04,5.911
2025-06-29 15:30:00,784.99,6.08
2025-06-29 16:00:00,784.89,6.273
2025-06-29 16:30:00,784.0,6.562
2025-06-29 17:00:00,784.29,6.98
2025-06-29 17:30:00,784.37,7.497
2025-06-29 18:00:00,783.37,8.088
2025-06-29 18:30:00,783.75,8.705
2025-06-29 19:00:00,783.86,9.405
2025-06-29 19:30:00,783.27,10.047
2025-06-29 20:00:00,783.47,10.705
2025-06-29 20:30:00,783.89,11.217
2025-06-29 21:00:00,784.1,11.506
2025-06-29 21:30:00,784.58,11.669
2025-06-29 22:00:00,785.1,11.703
2025-06-29 22:30:00,786.25,11.636
2025-06-29 23:00:00,786.96,11.529
2025-06-29 23:30:00,787.84,11.413
2025-06-30 00:00:00,789.63,11.276
2025-06-30 00:30:00,789.27,11.195
2025-06-30 01:00:00,789.89,11.064
2025-06-30 01:30:00,790.31,10.926
2025-06-30 02:00:00,790.43,10.922
2025-06-30 02:30:00,791.59,10.753
2025-06-30 03:00:00,791.13,10.514
2025-06-30 03:30:00,790.49,10.282
2025-06-30 04:00:00,790.06,10.009
2025-06-30 04:30:00,791.49,9.737
2025-06-30 05:00:00,790.06,9.44
2025-06-30 05:30:00,789.63,9.167
2025-06-30 06:00:00,789.81,8.821
2025-06-30 06:30:00,788.97,8.493
2025-06-30 07:00:00,789.6,8.178
2025-06-30 07:30:00,788.19,7.891
2025-06-30 08:00:00,787.77,7.624
2025-06-30 08:30:00,787.14,7.376
2025-06-30 09:00:00,786.69,7.154
2025-06-30 09:30:00,785.86,6.93
2025-06-30 10:00:00,785.22,6.706
2025-06-30 10:30:00,785.14,6.509
2025-06-30 11:00:00,784.28,6.313
2025-06-30 11:30:00,783.88,6.101
2025-06-30 12:00:00,783.81,5.934
2025-06-30 12:30:00,783.25,5.764
2025-06-30 13:00:00,783.03,5.635
2025-06-30 13:30:00,782.85,5.549
2025-06-30 14:00:00,782.47,5.399
2025-06-30 14:30:00,783.02,5.306
2025-06-30 15:00:00,782.21,5.415
2025-06-30 15:30:00,782.03,5.607
2025-06-30 16:00:00,781.48,5.836
2025-06-30 16:30:00,780.48,6.193
2025-06-30 17:00:00,781.03,6.623
2025-06-30 17:30:00,780.36,7.144
2025-06-30 18:00:00,780.85,7.734
2025-06-30 18:30:00,780.06,8.406
2025-06-30 19:00:00,779.86,9.117
2025-06-30 19:30:00,779.85,9.9
2025-06-30 20:00:00,779.5,10.598
2025-06-30 20:30:00,779.69,11.171
2025-06-30 21:00:00,779.19,11.551
2025-06-30 21:30:00,779.5,11.822
2025-06-30 22:00:00,779.92,11.944
2025-06-30 22:30:00,779.45,11.989
2025-06-30 23:00:00,780.19,11.888
2025-06-30 23:30:00,780.57,11.774
2025-07-01 00:00:00,781.95,11.796
2025-07-01 00:30:00,782.44,11.804
2025-07-01 01:00:00,782.76,11.692
2025-07-01 01:30:00,784.17,11.57
2025-07-01 02:00:00,785.46,11.379
2025-07-01 02:30:00,784.85,11.173
2025-07-01 03:00:00,785.82,10.97
2025-07-01 03:30:00,786.08,10.709
2025-07-01 04:00:00,786.74,10.479
2025-07-01 04:30:00,787.13,10.229
2025-07-01 05:00:00,787.25,9.988
2025-07-01 05:30:00,786.76,9.755
2025-07-01 06:00:00,786.4,9.496
2025-07-01 06:30:00,785.82,9.234
2025-07-01 07:00:00,785.92,8.947
2025-07-01 07:30:00,785.21,8.698
2025-07-01 08:00:00,784.8,8.487
2025-07-01 08:30:00,783.57,8.276
2025-07-01 09:00:00,784.04,8.069
2025-07-01 09:30:00,783.78,7.868
2025-07-01 10:00:00,783.28,7.653
2025-07-01 10:30:00,783.29,7.455
2025-07-01 11:00:00,782.36,7.288
2025-07-01 11:30:00,782.08,7.102
2025-07-01 12:00:00,782.1,6.922
2025-07-01 12:30:00,781.66,6.745
2025-07-01 13:00:00,781.55,6.565
2025-07-01 13:30:00,781.38,6.392
2025-07-01 14:00:00,780.79,6.252
2025-07-01 14:30:00,780.95,6.168
2025-07-01 15:00:00,780.34,6.238
2025-07-01 15:30:00,779.74,6.386
2025-07-01 16:00:00,779.34,6.585
2025-07-01 16:30:00,778.87,6.84
2025-07-01 17:00:00,779.07,7.155
2025-07-01 17:30:00,778.33,7.536
2025-07-01 18:00:00,778.19,8.05
2025-07-01 18:30:00,777.88,8.751
2025-07-01 19:00:00,777.73,9.459
2025-07-01 19:30:00,777.44,10.214
2025-07-01 20:00:00,777.18,10.926
2025-07-01 20:30:00,777.0,11.511
2025-07-01 21:00:00,776.95,11.799
2025-07-01 21:30:00,776.75,12.083
2025-07-01 22:00:00,776.72,12.252
2025-07-01 22:30:00,777.15,12.153
2025-07-01 23:00:00,777.81,12.056
2025-07-01 23:30:00,778.58,11.923
2025-07-02 00:00:00,779.2,11.828
2025-07-02 00:30:00,780.2,11.704
2025-07-02 01:00:00,780.83,11.471
2025-07-02 01:30:00,781.94,11.154
2025-07-02 02:00:00,782.65,10.908
2025-07-02 02:30:00,782.6,10.647
2025-07-02 03:00:00,783.12,10.421
2025-07-02 03:30:00,782.97,10.157
2025-07-02 04:00:00,784.16,9.934
2025-07-02 04:30:00,783.41,9.773
2025-07-02 05:00:00,783.72,9.594
2025-07-02 05:30:00,783.12,9.364
2025-07-02 06:00:00,783.51,9.121
2025-07-02 06:30:00,782.47,8.802
2025-07-02 07:00:00,782.0,8.514
2025-07-02 07:30:00,782.32,8.315
2025-07-02 08:00:00,782.11,8.128
2025-07-02 08:30:00,781.81,7.949
2025-07-02 09:00:00,780.78,7.762
2025-07-02 09:30:00,780.55,7.587
2025-07-02 10:00:00,779.93,7.371
2025-07-02 10:30:00,779.54,7.104
2025-07-02 11:00:00,779.22,6.862
2025-07-02 11:30:00,779.13,6.661
2025-07-02 12:00:00,778.42,6.451
2025-07-02 12:30:00,778.91,6.271
2025-07-02 13:00:00,778.25,6.131
2025-07-02 13:30:00,778.34,6.007
2025-07-02 14:00:00,778.43,5.881
2025-07-02 14:30:00,778.17,5.784
2025-07-02 15:00:00,777.54,5.81
2025-07-02 15:30:00,777.75,5.951
2025-07-02 16:00:00,777.3,6.144
2025-07-02 16:30:00,776.95,6.419
2025-07-02 17:00:00,776.57,6.798
2025-07-02 17:30:00,776.44,7.306
2025-07-02 18:00:00,776.33,7.948
2025-07-02 18:30:00,776.02,8.705
2025-07-02 19:00:00,776.08,9.503
2025-07-02 19:30:00,775.43,10.305
2025-07-02 20:00:00,774.54,11.039
2025-07-02 20:30:00,774.2,11.639
2025-07-02 21:00:00,774.17,11.965
2025-07-02 21:30:00,774.38,12.171
2025-07-02 22:00:00,774.3,12.255
2025-07-02 22:30:00,774.49,12.232
2025-07-02 23:00:00,775.83,11.711
2025-07-02 23:30:00,780.67,9.083
2025-07-03 00:00:00,784.6,6.778
2025-07-03 00:30:00,791.02,6.773
2025-07-03 01:00:00,795.68,7.499
2025-07-03 01:30:00,801.3,7.847
2025-07-03 02:00:00,803.76,8.053
2025-07-03 02:30:00,803.49,7.701
2025-07-03 03:00:00,805.38,7.27
2025-07-03 03:30:00,804.79,6.959
2025-07-03 04:00:00,804.28,6.673
2025-07-03 04:30:00,802.21,6.429
2025-07-03 05:00:00,803.01,6.313
2025-07-03 05:30:00,801.33,6.209
2025-07-03 06:00:00,800.34,6.094
2025-07-03 06:30:00,798.06,5.987
2025-07-03 07:00:00,796.56,5.865
2025-07-03 07:30:00,794.33,5.736
2025-07-03 08:00:00,794.27,5.612
2025-07-03 08:30:00,792.01,5.504
2025-07-03 09:00:00,791.72,5.397
2025-07-03 09:30:00,790.33,5.285
2025-07-03 10:00:00,789.33,5.157
2025-07-03 10:30:00,788.97,5.087
2025-07-03 11:00:00,788.11,4.985
2025-07-03 11:30:00,787.26,4.878
2025-07-03 12:00:00,786.9,4.794
2025-07-03 12:30:00,787.0,4.715
2025-07-03 13:00:00,785.99,4.644
2025-07-03 13:30:00,785.57,4.58
2025-07-03 14:00:00,785.17,4.529
2025-07-03 14:30:00,784.48,4.564
2025-07-03 15:00:00,783.51,4.753
2025-07-03 15:30:00,783.82,5.006
2025-07-03 16:00:00,783.89,5.336
2025-07-03 16:30:00,782.98,5.705
2025-07-03 17:00:00,783.49,6.145
2025-07-03 17:30:00,783.2,6.768
2025-07-03 18:00:00,782.65,7.432
2025-07-03 18:30:00,782.78,8.147
2025-07-03 19:00:00,782.55,8.888
2025-07-03 19:30:00,782.03,9.629
2025-07-03 20:00:00,781.52,10.435
2025-07-03 20:30:00,781.81,10.412
2025-07-03 21:00:00,781.56,10.272
2025-07-03 21:30:00,781.6,10.595
2025-07-03 22:00:00,781.25,10.829
2025-07-03 22:30:00,781.83,10.773
2025-07-03 23:00:00,781.28,10.781
2025-07-03 23:30:00,782.13,10.85
2025-07-04 00:00:00,782.52,10.828
2025-07-04 00:30:00,783.29,10.593
2025-07-04 01:00:00,783.22,10.296
2025-07-04 01:30:00,783.51,10.219
2025-07-04 02:00:00,783.36,9.951
2025-07-04 02:30:00,783.72,9.602
2025-07-04 03:00:00,783.57,9.253
2025-07-04 03:30:00,784.2,8.887
2025-07-04 04:00:00,784.25,8.611
2025-07-04 04:30:00,784.48,8.411
2025-07-04 05:00:00,784.53,8.2
2025-07-04 05:30:00,783.86,7.972
2025-07-04 06:00:00,783.24,7.739
2025-07-04 06:30:00,783.53,7.573
2025-07-04 07:00:00,782.77,7.407
2025-07-04 07:30:00,782.37,7.223
2025-07-04 08:00:00,781.65,7.024
2025-07-04 08:30:00,781.56,6.833
2025-07-04 09:00:00,781.07,6.63
2025-07-04 09:30:00,780.85,6.464
2025-07-04 10:00:00,780.24,6.241
2025-07-04 10:30:00,779.79,5.997
2025-07-04 11:00:00,779.62,5.724
2025-07-04 11:30:00,779.78,5.493
2025-07-04 12:00:00,779.58,5.276
2025-07-04 12:30:00,779.0,5.083
2025-07-04 13:00:00,779.23,4.902
2025-07-04 13:30:00,779.32,4.777
2025-07-04 14:00:00,778.77,4.66
2025-07-04 14:30:00,778.41,4.532
2025-07-04 15:00:00,778.14,4.532
2025-07-04 15:30:00,778.52,4.607
2025-07-04 16:00:00,778.8,4.725
2025-07-04 16:30:00,778.64,4.962
2025-07-04 17:00:00,778.26,5.324
2025-07-04 17:30:00,778.55,5.823
2025-07-04 18:00:00,778.38,6.48
2025-07-04 18:30:00,778.15,7.19
2025-07-04 19:00:00,777.79,7.966
2025-07-04 19:30:00,777.73,8.754
2025-07-04 20:00:00,777.3,9.528
2025-07-04 20:30:00,777.51,10.174
2025-07-04 21:00:00,777.07,10.677
2025-07-04 21:30:00,777.1,11.022
2025-07-04 22:00:00,776.74,11.206
2025-07-04 22:30:00,776.41,11.257
2025-07-04 23:00:00,776.76,11.171
2025-07-04 23:30:00,777.08,11.065
2025-07-05 00:00:00,777.07,10.916
2025-07-05 00:30:00,777.0,10.76
2025-07-05 01:00:00,778.05,10.592
2025-07-05 01:30:00,778.13,10.371
2025-07-05 02:00:00,778.95,10.144
2025-07-05 02:30:00,780.05,9.921
2025-07-05 03:00:00,780.22,9.649
2025-07-05 03:30:00,780.97,9.406
2025-07-05 04:00:00,782.02,9.182
2025-07-05 04:30:00,782.29,8.94
2025-07-05 05:00:00,782.81,8.735
2025-07-05 05:30:00,782.73,8.531
2025-07-05 06:00:00,782.4,8.316
2025-07-05 06:30:00,782.71,8.097
2025-07-05 07:00:00,782.7,7.9
2025-07-05 07:30:00,781.6,7.684
2025-07-05 08:00:00,781.5,7.458
2025-07-05 08:30:00,781.07,7.254
2025-07-05 09:00:00,780.88,7.04
2025-07-05 09:30:00,780.8,6.842
2025-07-05 10:00:00,780.05,6.647
2025-07-05 10:30:00,780.03,6.46
2025-07-05 11:00:00,779.3,6.261
2025-07-05 11:30:00,778.76,6.058
2025-07-05 12:00:00,778.9,5.854
2025-07-05 12:30:00,778.43,5.663
2025-07-05 13:00:00,778.66,5.492
2025-07-05 13:30:00,778.42,5.349
2025-07-05 14:00:00,778.24,5.218
2025-07-05 14:30:00,777.91,5.105
2025-07-05 15:00:00,777.94,5.138
2025-07-05 15:30:00,777.66,5.313
2025-07-05 16:00:00,777.59,5.573
2025-07-05 16:30:00,777.43,5.859
2025-07-05 17:00:00,777.43,6.242
2025-07-05 17:30:00,777.1,6.772
2025-07-05 18:00:00,776.87,7.407
2025-07-05 18:30:00,776.86,8.18
2025-07-05 19:00:00,776.52,9.022
2025-07-05 19:30:00,776.34,9.934
2025-07-05 20:00:00,776.38,10.765
2025-07-05 20:30:00,775.8,11.51
2025-07-05 21:00:00,775.46,11.998
2025-07-05 21:30:00,775.23,12.353
2025-07-05 22:00:00,775.32,12.532
2025-07-05 22:30:00,775.22,12.567
2025-07-05 23:00:00,775.11,12.508
2025-07-05 23:30:00,775.21,12.393
2025-07-06 00:00:00,775.57,12.202
2025-07-06 00:30:00,776.09,11.987
2025-07-06 01:00:00,776.56,11.782
2025-07-06 01:30:00,777.24,11.563
2025-07-06 02:00:00,778.46,11.333
2025-07-06 02:30:00,779.25,11.161
2025-07-06 03:00:00,780.58,10.983
2025-07-06 03:30:00,781.19,10.768
2025-07-06 04:00:00,782.25,10.501
2025-07-06 04:30:00,782.96,10.278
2025-07-06 05:00:00,782.63,10.067
2025-07-06 05:30:00,782.66,9.886
2025-07-06 06:00:00,782.63,9.71
2025-07-06 06:30:00,782.33,9.514
2025-07-06 07:00:00,782.11,9.354
2025-07-06 07:30:00,782.04,9.183
2025-07-06 08:00:00,780.91,9.003
2025-07-06 08:30:00,780.71,8.839
2025-07-06 09:00:00,779.69,8.667
2025-07-06 09:30:00,779.63,8.482
2025-07-06 10:00:00,779.52,8.306
2025-07-06 10:30:00,779.08,8.14
2025-07-06 11:00:00,779.13,7.977
2025-07-06 11:30:00,778.26,7.812
2025-07-06 12:00:00,778.43,7.652
2025-07-06 12:30:00,778.05,7.457
2025-07-06 13:00:00,777.73,7.27
2025-07-06 13:30:00,777.88,7.12
2025-07-06 14:00:00,777.43,6.983
2025-07-06 14:30:00,777.34,6.862
2025-07-06 15:00:00,777.32,6.831
2025-07-06 15:30:00,776.84,6.914
2025-07-06 16:00:00,776.97,7.069
2025-07-06 16:30:00,776.53,7.3
2025-07-06 17:00:00,776.42,7.658
2025-07-06 17:30:00,775.94,8.165
2025-07-06 18:00:00,775.55,8.838
2025-07-06 18:30:00,775.22,9.579
2025-07-06 19:00:00,774.94,10.385
2025-07-06 19:30:00,774.95,11.212
2025-07-06 20:00:00,774.27,12.012
2025-07-06 20:30:00,773.97,12.683
2025-07-06 21:00:00,773.95,13.119
2025-07-06 21:30:00,773.93,13.407
2025-07-06 22:00:00,773.65,13.552
2025-07-06 22:30:00,774.03,13.495
2025-07-06 23:00:00,774.12,13.311
2025-07-06 23:30:00,774.49,13.081
2025-07-07 00:00:00,775.11,12.827
2025-07-07 00:30:00,775.56,12.564
2025-07-07 01:00:00,777.17,12.361
2025-07-07 01:30:00,778.4,12.145
2025-07-07 02:00:00,778.95,11.892
2025-07-07 02:30:00,780.07,11.648
2025-07-07 03:00:00,780.78,11.422
2025-07-07 03:30:00,781.53,11.143
2025-07-07 04:00:00,781.48,10.893
2025-07-07 04:30:00,781.8,10.701
2025-07-07 05:00:00,782.14,10.535
2025-07-07 05:30:00,781.6,10.365
2025-07-07 06:00:00,781.31,10.192
2025-07-07 06:30:00,781.85,10.032
2025-07-07 07:00:00,781.35,9.86
2025-07-07 07:30:00,781.07,9.693
2025-07-07 08:00:00,781.19,9.523
2025-07-07 08:30:00,779.79,9.357
2025-07-07 09:00:00,780.07,9.19
2025-07-07 09:30:00,779.62,9.022
2025-07-07 10:00:00,778.86,8.845
2025-07-07 10:30:00,778.98,8.666
2025-07-07 11:00:00,778.25,8.487
2025-07-07 11:30:00,777.85,8.308
2025-07-07 12:00:00,778.06,8.115
2025-07-07 12:30:00,777.5,7.908
2025-07-07 13:00:00,777.72,7.683
2025-07-07 13:30:00,777.4,7.516
2025-07-07 14:00:00,777.68,7.38
2025-07-07 14:30:00,777.24,7.278
2025-07-07 15:00:00,777.36,7.278
2025-07-07 15:30:00,777.05,7.419
2025-07-07 16:00:00,776.62,7.584
2025-07-07 16:30:00,776.47,7.748
2025-07-07 17:00:00,775.89,7.991
2025-07-07 17:30:00,775.84,8.376
2025-07-07 18:00:00,775.74,8.946
2025-07-07 18:30:00,775.68,9.656
2025-07-07 19:00:00,775.53,10.429
2025-07-07 19:30:00,775.1,11.233
2025-07-07 20:00:00,775.42,11.973
2025-07-07 20:30:00,775.19,12.571
2025-07-07 21:00:00,774.91,12.944
2025-07-07 21:30:00,774.74,13.181
2025-07-07 22:00:00,774.93,13.271
2025-07-07 22:30:00,774.52,13.221
2025-07-07 23:00:00,774.82,13.071
2025-07-07 23:30:00,775.12,12.902
2025-07-08 00:00:00,775.79,12.706
2025-07-08 00:30:00,776.15,12.489
2025-07-08 01:00:00,776.76,12.289
2025-07-08 01:30:00,777.59,12.056
2025-07-08 02:00:00,778.5,11.774
2025-07-08 02:30:00,779.55,11.493
2025-07-08 03:00:00,780.15,11.137
2025-07-08 03:30:00,780.63,10.785
2025-07-08 04:00:00,781.21,10.4
2025-07-08 04:30:00,781.57,10.027
2025-07-08 05:00:00,782.0,9.692
2025-07-08 05:30:00,782.48,9.445
2025-07-08 06:00:00,782.19,9.316
2025-07-08 06:30:00,782.17,9.2
2025-07-08 07:00:00,781.66,9.112
2025-07-08 07:30:00,781.81,9.027
2025-07-08 08:00:00,781.05,8.923
2025-07-08 08:30:00,780.96,8.814
2025-07-08 09:00:00,780.47,8.711
2025-07-08 09:30:00,780.18,8.575
2025-07-08 10:00:00,780.26,8.402
2025-07-08 10:30:00,779.18,8.212
2025-07-08 11:00:00,779.43,8.038
2025-07-08 11:30:00,779.32,7.879
2025-07-08 12:00:00,778.9,7.719
2025-07-08 12:30:00,779.12,7.542
2025-07-08 13:00:00,778.38,7.373
2025-07-08 13:30:00,778.82,7.184
2025-07-08 14:00:00,778.74,6.986
2025-07-08 14:30:00,778.46,6.815
2025-07-08 15:00:00,778.19,6.742
2025-07-08 15:30:00,778.06,6.779
2025-07-08 16:00:00,777.95,6.894
2025-07-08 16:30:00,777.45,7.124
2025-07-08 17:00:00,777.95,7.505
2025-07-08 17:30:00,777.39,8.049
2025-07-08 18:00:00,777.52,8.72
2025-07-08 18:30:00,777.35,9.494
2025-07-08 19:00:00,777.24,10.311
2025-07-08 19:30:00,776.94,11.153
2025-07-08 20:00:00,776.85,11.986
2025-07-08 20:30:00,776.89,12.697
2025-07-08 21:00:00,776.57,13.159
2025-07-08 21:30:00,776.92,13.402
2025-07-08 22:00:00,776.96,13.468
2025-07-08 22:30:00,776.85,13.401
2025-07-08 23:00:00,776.98,13.222
2025-07-08 23:30:00,777.45,12.993
2025-07-09 00:00:00,777.77,12.736
2025-07-09 00:30:00,777.78,12.45
2025-07-09 01:00:00,779.02,12.157
2025-07-09 01:30:00,779.76,11.878
2025-07-09 02:00:00,780.56,11.595
2025-07-09 02:30:00,781.47,11.285
2025-07-09 03:00:00,782.24,11.012
2025-07-09 03:30:00,782.34,10.69
2025-07-09 04:00:00,783.21,10.336
2025-07-09 04:30:00,783.47,10.029
2025-07-09 05:00:00,784.04,9.802
2025-07-09 05:30:00,783.69,9.626
2025-07-09 06:00:00,783.09,9.389
2025-07-09 06:30:00,782.86,9.162
2025-07-09 07:00:00,782.82,8.977
2025-07-09 07:30:00,782.47,8.798
2025-07-09 08:00:00,782.17,8.625
2025-07-09 08:30:00,781.32,8.458
2025-07-09 09:00:00,781.17,8.291
2025-07-09 09:30:00,781.2,8.135
2025-07-09 10:00:00,780.78,7.96
2025-07-09 10:30:00,780.62,7.758
2025-07-09 11:00:00,780.09,7.571
2025-07-09 11:30:00,779.91,7.402
2025-07-09 12:00:00,779.72,7.205
2025-07-09 12:30:00,779.4,7.0
2025-07-09 13:00:00,779.2,6.816
2025-07-09 13:30:00,779.07,6.65
2025-07-09 14:00:00,779.2,6.458
2025-07-09 14:30:00,778.76,6.326
2025-07-09 15:00:00,778.23,6.293
2025-07-09 15:30:00,778.49,6.468
2025-07-09 16:00:00,778.57,6.629
2025-07-09 16:30:00,778.1,6.816
2025-07-09 17:00:00,777.8,7.19
2025-07-09 17:30:00,777.7,7.704
2025-07-09 18:00:00,777.5,8.302
2025-07-09 18:30:00,777.24,9.016
2025-07-09 19:00:00,776.89,9.903
2025-07-09 19:30:00,776.62,10.82
2025-07-09 20:00:00,776.39,11.714
2025-07-09 20:30:00,775.8,12.416
2025-07-09 21:00:00,775.86,12.954
2025-07-09 21:30:00,775.77,13.29
2025-07-09 22:00:00,775.47,13.482
2025-07-09 22:30:00,775.28,13.51
2025-07-09 23:00:00,774.92,13.39
2025-07-09 23:30:00,775.29,13.17
2025-07-10 00:00:00,775.48,12.955
2025-07-10 00:30:00,775.24,12.717
2025-07-10 01:00:00,775.4,12.497
2025-07-10 01:30:00,776.33,12.232
2025-07-10 02:00:00,776.71,11.963
2025-07-10 02:30:00,777.91,11.691
2025-07-10 03:00:00,779.12,11.449
2025-07-10 03:30:00,779.87,11.198
2025-07-10 04:00:00,780.73,10.944
2025-07-10 04:30:00,781.17,10.716
2025-07-10 05:00:00,781.69,10.513
2025-07-10 05:30:00,781.83,10.308
2025-07-10 06:00:00,781.63,10.127
2025-07-10 06:30:00,781.33,9.948
2025-07-10 07:00:00,781.35,9.787
2025-07-10 07:30:00,781.2,9.632
2025-07-10 08:00:00,781.17,9.465
2025-07-10 08:30:00,780.66,9.284
2025-07-10 09:00:00,780.14,9.113
2025-07-10 09:30:00,779.73,8.94
2025-07-10 10:00:00,779.24,8.777
2025-07-10 10:30:00,779.13,8.632
2025-07-10 11:00:00,778.72,8.456
2025-07-10 11:30:00,778.27,8.291
2025-07-10 12:00:00,778.71,8.121
2025-07-10 12:30:00,778.11,7.916
2025-07-10 13:00:00,778.03,7.714
2025-07-10 13:30:00,777.97,7.546
2025-07-10 14:00:00,777.76,7.37
2025-07-10 14:30:00,777.53,7.253
2025-07-10 15:00:00,777.55,7.281
2025-07-10 15:30:00,777.5,7.448
2025-07-10 16:00:00,776.93,7.691
2025-07-10 16:30:00,776.85,8.032
2025-07-10 17:00:00,776.7,8.438
2025-07-10 17:30:00,776.17,8.953
2025-07-10 18:00:00,776.17,9.532
2025-07-10 18:30:00,775.86,10.325
2025-07-10 19:00:00,775.67,11.232
2025-07-10 19:30:00,775.33,12.085
2025-07-10 20:00:00,775.18,12.9
2025-07-10 20:30:00,774.7,13.632
2025-07-10 21:00:00,774.41,14.135
2025-07-10 21:30:00,774.37,14.452
2025-07-10 22:00:00,773.84,14.602
2025-07-10 22:30:00,773.71,14.655
2025-07-10 23:00:00,773.77,14.589
2025-07-10 23:30:00,774.1,14.431
2025-07-11 00:00:00,774.04,14.275
2025-07-11 00:30:00,774.52,14.102
2025-07-11 01:00:00,774.84,13.895
2025-07-11 01:30:00,775.64,13.642
2025-07-11 02:00:00,776.45,13.329
2025-07-11 02:30:00,777.63,13.028
2025-07-11 03:00:00,778.25,12.753
2025-07-11 03:30:00,779.13,12.51
2025-07-11 04:00:00,780.38,12.265
2025-07-11 04:30:00,780.94,12.049
2025-07-11 05:00:00,781.37,11.825
2025-07-11 05:30:00,781.65,11.595
2025-07-11 06:00:00,781.57,11.358
2025-07-11 06:30:00,781.15,11.128
2025-07-11 07:00:00,780.75,10.939
2025-07-11 07:30:00,781.17,10.74
2025-07-11 08:00:00,780.74,10.567
2025-07-11 08:30:00,780.51,10.405
2025-07-11 09:00:00,780.05,10.229
2025-07-11 09:30:00,779.7,10.063
2025-07-11 10:00:00,779.71,9.896
2025-07-11 10:30:00,779.13,9.733
2025-07-11 11:00:00,778.73,9.585
2025-07-11 11:30:00,778.75,9.448
2025-07-11 12:00:00,778.56,9.303
2025-07-11 12:30:00,778.74,9.127
2025-07-11 13:00:00,778.37,8.977
2025-07-11 13:30:00,778.37,8.818
2025-07-11 14:00:00,778.23,8.677
2025-07-11 14:30:00,778.19,8.57
2025-07-11 15:00:00,777.67,8.546
2025-07-11 15:30:00,777.68,8.646
2025-07-11 16:00:00,777.39,8.817
2025-07-11 16:30:00,777.09,9.059
2025-07-11 17:00:00,777.06,9.413
2025-07-11 17:30:00,776.48,9.873
2025-07-11 18:00:00,776.4,10.501
2025-07-11 18:30:00,776.22,11.27
2025-07-11 19:00:00,775.51,12.055
2025-07-11 19:30:00,775.73,12.852
2025-07-11 20:00:00,775.38,13.574
2025-07-11 20:30:00,775.27,14.165
2025-07-11 21:00:00,775.26,14.577
2025-07-11 21:30:00,775.18,14.864
2025-07-11 22:00:00,774.91,14.958
2025-07-11 22:30:00,774.92,14.975
2025-07-11 23:00:00,775.33,14.847
2025-07-11 23:30:00,775.57,14.66
2025-07-12 00:00:00,776.24,14.472
2025-07-12 00:30:00,777.49,14.256
2025-07-12 01:00:00,777.87,14.047
2025-07-12 01:30:00,778.73,13.82
2025-07-12 02:00:00,780.37,13.579
2025-07-12 02:30:00,780.65,13.348
2025-07-12 03:00:00,782.32,13.133
2025-07-12 03:30:00,782.74,12.856
2025-07-12 04:00:00,783.27,12.595
2025-07-12 04:30:00,783.24,12.387
2025-07-12 05:00:00,783.91,12.208
2025-07-12 05:30:00,783.05,12.03
2025-07-12 06:00:00,783.79,11.879
2025-07-12 06:30:00,783.87,11.732
2025-07-12 07:00:00,783.53,11.57
2025-07-12 07:30:00,783.33,11.406
2025-07-12 08:00:00,782.81,11.237
2025-07-12 08:30:00,783.45,11.06
2025-07-12 09:00:00,782.59,10.888
2025-07-12 09:30:00,782.4,10.713
2025-07-12 10:00:00,782.12,10.544
2025-07-12 10:30:00,782.1,10.367
2025-07-12 11:00:00,781.41,10.2
2025-07-12 11:30:00,781.49,10.043
2025-07-12 12:00:00,780.9,9.889
2025-07-12 12:30:00,781.23,9.723
2025-07-12 13:00:00,780.55,9.583
2025-07-12 13:30:00,780.88,9.431
2025-07-12 14:00:00,780.52,9.291
2025-07-12 14:30:00,780.58,9.167
2025-07-12 15:00:00,780.42,9.133
2025-07-12 15:30:00,779.95,9.253
2025-07-12 16:00:00,779.68,9.444
2025-07-12 16:30:00,779.5,9.666
2025-07-12 17:00:00,779.36,9.994
2025-07-12 17:30:00,778.87,10.473
2025-07-12 18:00:00,778.6,11.08
2025-07-12 18:30:00,778.72,11.735
2025-07-12 19:00:00,778.12,12.45
2025-07-12 19:30:00,778.01,13.195
2025-07-12 20:00:00,777.51,14.018
2025-07-12 20:30:00,777.29,14.627
2025-07-12 21:00:00,777.32,15.007
2025-07-12 21:30:00,777.07,15.203
2025-07-12 22:00:00,777.25,15.264
2025-07-12 22:30:00,777.71,15.148
2025-07-12 23:00:00,777.62,14.995
2025-07-12 23:30:00,778.58,14.829
2025-07-13 00:00:00,779.48,14.645
2025-07-13 00:30:00,780.57,14.409
2025-07-13 01:00:00,781.44,14.186
2025-07-13 01:30:00,782.08,13.974
2025-07-13 02:00:00,783.11,13.738
2025-07-13 02:30:00,784.08,13.509
2025-07-13 03:00:00,784.65,13.241
2025-07-13 03:30:00,784.97,12.987
2025-07-13 04:00:00,785.16,12.788
2025-07-13 04:30:00,785.8,12.638
2025-07-13 05:00:00,786.28,12.47
2025-07-13 05:30:00,785.97,12.31
2025-07-13 06:00:00,786.38,12.151
2025-07-13 06:30:00,786.29,12.007
2025-07-13 07:00:00,786.24,11.862
2025-07-13 07:30:00,786.44,11.728
2025-07-13 08:00:00,786.16,11.579
2025-07-13 08:30:00,785.21,11.415
2025-07-13 09:00:00,785.04,11.246
2025-07-13 09:30:00,785.27,11.083
2025-07-13 10:00:00,784.14,10.899
2025-07-13 10:30:00,784.4,10.7
2025-07-13 11:00:00,784.35,10.508
2025-07-13 11:30:00,784.16,10.332
2025-07-13 12:00:00,783.71,10.172
2025-07-13 12:30:00,783.16,9.986
2025-07-13 13:00:00,783.81,9.846
2025-07-13 13:30:00,783.66,9.722
2025-07-13 14:00:00,783.18,9.602
2025-07-13 14:30:00,782.79,9.526
2025-07-13 15:00:00,782.72,9.529
2025-07-13 15:30:00,782.83,9.639
2025-07-13 16:00:00,782.53,9.807
2025-07-13 16:30:00,782.23,10.037
2025-07-13 17:00:00,781.76,10.331
2025-07-13 17:30:00,781.74,10.784
2025-07-13 18:00:00,781.31,11.269
2025-07-13 18:30:00,780.65,11.969
2025-07-13 19:00:00,780.41,12.67
2025-07-13 19:30:00,780.15,13.367
2025-07-13 20:00:00,780.15,14.129
2025-07-13 20:30:00,779.67,14.61
2025-07-13 21:00:00,779.83,14.996
2025-07-13 21:30:00,779.4,15.171
2025-07-13 22:00:00,779.51,15.228
2025-07-13 22:30:00,779.44,14.975
2025-07-13 23:00:00,780.45,14.704
2025-07-13 23:30:00,780.96,14.535
2025-07-14 00:00:00,781.34,14.591
2025-07-14 00:30:00,781.85,14.638
2025-07-14 01:00:00,782.5,14.473
2025-07-14 01:30:00,783.61,14.258
2025-07-14 02:00:00,783.98,14.047
2025-07-14 02:30:00,784.84,13.87
2025-07-14 03:00:00,785.55,13.661
2025-07-14 03:30:00,786.13,13.364
2025-07-14 04:00:00,786.84,13.106
2025-07-14 04:30:00,786.61,12.946
2025-07-14 05:00:00,786.87,12.788
2025-07-14 05:30:00,787.22,12.615
2025-07-14 06:00:00,787.63,12.443
2025-07-14 06:30:00,787.51,12.287
2025-07-14 07:00:00,787.3,12.134
2025-07-14 07:30:00,787.28,11.979
2025-07-14 08:00:00,786.74,11.84
2025-07-14 08:30:00,786.99,11.694
2025-07-14 09:00:00,786.23,11.526
2025-07-14 09:30:00,786.13,11.34
2025-07-14 10:00:00,785.67,11.138
2025-07-14 10:30:00,785.2,10.947
2025-07-14 11:00:00,784.52,10.785
2025-07-14 11:30:00,784.75,10.607
2025-07-14 12:00:00,784.63,10.428
2025-07-14 12:30:00,784.21,10.282
2025-07-14 13:00:00,784.3,10.144
2025-07-14 13:30:00,783.8,10.009
2025-07-14 14:00:00,783.5,9.898
2025-07-14 14:30:00,783.86,9.821
2025-07-14 15:00:00,783.13,9.824
2025-07-14 15:30:00,783.04,9.93
2025-07-14 16:00:00,782.34,10.096
2025-07-14 16:30:00,781.85,10.295
2025-07-14 17:00:00,781.55,10.601
2025-07-14 17:30:00,781.33,10.97
2025-07-14 18:00:00,781.16,11.466
2025-07-14 18:30:00,780.84,11.997
2025-07-14 19:00:00,780.83,12.567
2025-07-14 19:30:00,780.04,13.203
2025-07-14 20:00:00,779.8,13.858
2025-07-14 20:30:00,779.3,14.457
2025-07-14 21:00:00,779.36,14.82
2025-07-14 21:30:00,778.7,15.09
2025-07-14 22:00:00,778.95,15.152
2025-07-14 22:30:00,778.75,15.164
2025-07-14 23:00:00,778.85,15.129
2025-07-14 23:30:00,779.32,14.92
2025-07-15 00:00:00,779.31,14.762
2025-07-15 00:30:00,780.01,14.573
2025-07-15 01:00:00,779.95,14.362
2025-07-15 01:30:00,780.89,14.097
2025-07-15 02:00:00,782.01,13.837
2025-07-15 02:30:00,782.06,13.612
2025-07-15 03:00:00,783.04,13.409
2025-07-15 03:30:00,783.34,13.181
2025-07-15 04:00:00,783.52,12.976
2025-07-15 04:30:00,783.87,12.794
2025-07-15 05:00:00,783.8,12.656
2025-07-15 05:30:00,784.26,12.512
2025-07-15 06:00:00,784.03,12.391
2025-07-15 06:30:00,784.06,12.232
2025-07-15 07:00:00,783.38,12.082
2025-07-15 07:30:00,783.66,11.896
2025-07-15 08:00:00,783.4,11.712
2025-07-15 08:30:00,783.15,11.532
2025-07-15 09:00:00,783.07,11.367
2025-07-15 09:30:00,782.36,11.203
2025-07-15 10:00:00,782.01,11.034
2025-07-15 10:30:00,781.08,10.854
2025-07-15 11:00:00,781.81,10.653
2025-07-15 11:30:00,780.65,10.458
2025-07-15 12:00:00,780.43,10.228
2025-07-15 12:30:00,780.83,10.005
2025-07-15 13:00:00,780.07,9.774
2025-07-15 13:30:00,779.97,9.573
2025-07-15 14:00:00,779.45,9.41
2025-07-15 14:30:00,779.62,9.299
2025-07-15 15:00:00,779.43,9.254
2025-07-15 15:30:00,779.14,9.354
2025-07-15 16:00:00,778.63,9.492
2025-07-15 16:30:00,778.45,9.66
2025-07-15 17:00:00,777.47,9.941
2025-07-15 17:30:00,777.19,10.334
2025-07-15 18:00:00,777.35,10.882
2025-07-15 18:30:00,776.82,11.587
2025-07-15 19:00:00,776.43,12.331
2025-07-15 19:30:00,776.19,13.063
2025-07-15 20:00:00,775.45,13.924
2025-07-15 20:30:00,775.31,14.631
2025-07-15 21:00:00,774.78,15.114
2025-07-15 21:30:00,774.7,15.437
2025-07-15 22:00:00,774.64,15.594
2025-07-15 22:30:00,773.63,15.619
2025-07-15 23:00:00,773.56,15.53
2025-07-15 23:30:00,773.85,15.355
2025-07-16 00:00:00,773.32,15.255
2025-07-16 00:30:00,773.75,15.093
2025-07-16 01:00:00,773.7,14.894
2025-07-16 01:30:00,774.16,14.652
2025-07-16 02:00:00,774.86,14.381
2025-07-16 02:30:00,775.61,14.08
2025-07-16 03:00:00,776.15,13.801
2025-07-16 03:30:00,776.75,13.55
2025-07-16 04:00:00,777.68,13.276
2025-07-16 04:30:00,778.05,13.036
2025-07-16 05:00:00,778.3,12.823
2025-07-16 05:30:00,778.29,12.604
2025-07-16 06:00:00,778.58,12.419
2025-07-16 06:30:00,778.26,12.237
2025-07-16 07:00:00,778.3,12.066
2025-07-16 07:30:00,778.92,11.9
2025-07-16 08:00:00,778.11,11.73
2025-07-16 08:30:00,778.09,11.549
2025-07-16 09:00:00,778.05,11.336
2025-07-16 09:30:00,778.25,11.12
2025-07-16 10:00:00,778.17,10.885
2025-07-16 10:30:00,777.91,10.673
2025-07-16 11:00:00,777.68,10.501
2025-07-16 11:30:00,776.97,10.337
2025-07-16 12:00:00,777.14,10.154
2025-07-16 12:30:00,776.94,9.991
2025-07-16 13:00:00,776.93,9.836
2025-07-16 13:30:00,776.34,9.666
2025-07-16 14:00:00,776.99,9.524
2025-07-16 14:30:00,776.84,9.442
2025-07-16 15:00:00,776.85,9.445
2025-07-16 15:30:00,776.17,9.607
2025-07-16 16:00:00,775.73,9.818
2025-07-16 16:30:00,775.64,10.022
2025-07-16 17:00:00,775.13,10.334
2025-07-16 17:30:00,775.1,10.781
2025-07-16 18:00:00,774.86,11.356
2025-07-16 18:30:00,774.52,12.056
2025-07-16 19:00:00,774.11,12.793
2025-07-16 19:30:00,773.64,13.579
2025-07-16 20:00:00,773.48,14.291
2025-07-16 20:30:00,773.39,14.884
2025-07-16 21:00:00,772.85,15.276
2025-07-16 21:30:00,772.66,15.536
2025-07-16 22:00:00,772.43,15.611
2025-07-16 22:30:00,772.24,15.562
2025-07-16 23:00:00,772.06,15.376
2025-07-16 23:30:00,771.88,15.119
2025-07-17 00:00:00,771.65,14.907
2025-07-17 00:30:00,771.35,14.645
2025-07-17 01:00:00,771.78,14.387
2025-07-17 01:30:00,771.8,14.15
2025-07-17 02:00:00,772.32,13.881
2025-07-17 02:30:00,773.42,13.632
2025-07-17 03:00:00,773.7,13.43
2025-07-17 03:30:00,774.22,13.265
2025-07-17 04:00:00,774.83,13.072
2025-07-17 04:30:00,774.99,12.858
2025-07-17 05:00:00,775.66,12.633
2025-07-17 05:30:00,775.75,12.465
2025-07-17 06:00:00,775.69,12.312
2025-07-17 06:30:00,775.73,12.176
2025-07-17 07:00:00,775.7,12.045
2025-07-17 07:30:00,775.73,11.904
2025-07-17 08:00:00,775.62,11.782
2025-07-17 08:30:00,775.49,11.653
2025-07-17 09:00:00,775.03,11.513
2025-07-17 09:30:00,775.33,11.356
2025-07-17 10:00:00,774.98,11.177
2025-07-17 10:30:00,774.97,11.023
2025-07-17 11:00:00,774.81,10.877
2025-07-17 11:30:00,774.69,10.745
2025-07-17 12:00:00,774.69,10.612
2025-07-17 12:30:00,774.71,10.478
2025-07-17 13:00:00,774.52,10.341
2025-07-17 13:30:00,773.98,10.209
2025-07-17 14:00:00,774.58,10.103
2025-07-17 14:30:00,774.74,9.97
2025-07-17 15:00:00,774.34,9.942
2025-07-17 15:30:00,774.1,10.033
2025-07-17 16:00:00,774.25,10.22
2025-07-17 16:30:00,773.83,10.465
2025-07-17 17:00:00,773.67,10.769
2025-07-17 17:30:00,773.62,11.108
2025-07-17 18:00:00,773.59,11.566
2025-07-17 18:30:00,773.37,12.157
2025-07-17 19:00:00,772.96,12.838
2025-07-17 19:30:00,772.63,13.606
2025-07-17 20:00:00,772.1,14.343
2025-07-17 20:30:00,772.04,14.967
2025-07-17 21:00:00,771.33,15.359
2025-07-17 21:30:00,771.39,15.608
2025-07-17 22:00:00,770.68,15.683
2025-07-17 22:30:00,771.18,15.615
2025-07-17 23:00:00,770.61,15.419
2025-07-17 23:30:00,770.53,15.101
2025-07-18 00:00:00,770.43,14.88
2025-07-18 00:30:00,770.28,14.653
2025-07-18 01:00:00,770.38,14.416
2025-07-18 01:30:00,770.55,14.179
2025-07-18 02:00:00,770.61,13.902
2025-07-18 02:30:00,771.24,13.632
2025-07-18 03:00:00,771.32,13.421
2025-07-18 03:30:00,771.89,13.224
2025-07-18 04:00:00,772.74,12.979
2025-07-18 04:30:00,773.56,12.729
2025-07-18 05:00:00,773.54,12.506
2025-07-18 05:30:00,773.83,12.294
2025-07-18 06:00:00,773.9,12.091
2025-07-18 06:30:00,774.02,11.901
2025-07-18 07:00:00,774.31,11.713
2025-07-18 07:30:00,774.06,11.532
2025-07-18 08:00:00,774.08,11.349
2025-07-18 08:30:00,773.96,11.174
2025-07-18 09:00:00,773.89,10.983
2025-07-18 09:30:00,773.52,10.794
2025-07-18 10:00:00,773.74,10.619
2025-07-18 10:30:00,773.34,10.444
2025-07-18 11:00:00,773.71,10.282
2025-07-18 11:30:00,773.56,10.119
2025-07-18 12:00:00,773.41,9.951
2025-07-18 12:30:00,773.41,9.797
2025-07-18 13:00:00,773.98,9.646
2025-07-18 13:30:00,773.64,9.515
2025-07-18 14:00:00,774.24,9.402
2025-07-18 14:30:00,773.64,9.319
2025-07-18 15:00:00,773.65,9.294
2025-07-18 15:30:00,773.8,9.401
2025-07-18 16:00:00,773.69,9.628
2025-07-18 16:30:00,773.37,9.873
2025-07-18 17:00:00,773.34,10.18
2025-07-18 17:30:00,773.18,10.609
2025-07-18 18:00:00,773.05,11.19
2025-07-18 18:30:00,772.55,11.917
2025-07-18 19:00:00,772.41,12.766
2025-07-18 19:30:00,772.07,13.45
2025-07-18 20:00:00,772.2,13.916
2025-07-18 20:30:00,772.02,14.034
2025-07-18 21:00:00,771.74,14.096
2025-07-18 21:30:00,771.64,14.282
2025-07-18 22:00:00,770.94,14.825
2025-07-18 22:30:00,771.16,15.142
2025-07-18 23:00:00,770.65,15.38
2025-07-18 23:30:00,770.74,15.311
2025-07-19 00:00:00,770.64,15.127
2025-07-19 00:30:00,770.49,14.901
2025-07-19 01:00:00,770.44,14.651
2025-07-19 01:30:00,770.38,14.406
2025-07-19 02:00:00,770.77,14.165
2025-07-19 02:30:00,771.16,13.905
2025-07-19 03:00:00,771.6,13.65
2025-07-19 03:30:00,772.3,13.417
2025-07-19 04:00:00,772.47,13.18
2025-07-19 04:30:00,773.4,12.959
2025-07-19 05:00:00,773.77,12.747
2025-07-19 05:30:00,774.1,12.54
2025-07-19 06:00:00,774.29,12.348
2025-07-19 06:30:00,774.35,12.181
2025-07-19 07:00:00,774.54,12.038
2025-07-19 07:30:00,774.82,11.919
2025-07-19 08:00:00,774.86,11.786
2025-07-19 08:30:00,774.94,11.621
2025-07-19 09:00:00,774.78,11.463
2025-07-19 09:30:00,774.52,11.316
2025-07-19 10:00:00,774.63,11.169
2025-07-19 10:30:00,774.38,11.019
2025-07-19 11:00:00,774.32,10.87
2025-07-19 11:30:00,774.18,10.715
2025-07-19 12:00:00,774.49,10.564
2025-07-19 12:30:00,774.36,10.421
2025-07-19 13:00:00,774.78,10.27
2025-07-19 13:30:00,774.67,10.14
2025-07-19 14:00:00,774.5,10.042
2025-07-19 14:30:00,774.69,9.968
2025-07-19 15:00:00,774.53,9.942
2025-07-19 15:30:00,774.74,10.06
2025-07-19 16:00:00,774.58,10.278
2025-07-19 16:30:00,774.33,10.518
2025-07-19 17:00:00,774.11,10.833
2025-07-19 17:30:00,773.74,11.299
2025-07-19 18:00:00,773.85,11.903
2025-07-19 18:30:00,773.7,12.764
2025-07-19 19:00:00,772.97,13.664
2025-07-19 19:30:00,772.93,14.622
2025-07-19 20:00:00,772.62,14.937
2025-07-19 20:30:00,772.56,15.481
2025-07-19 21:00:00,772.28,16.034
2025-07-19 21:30:00,771.66,16.365
2025-07-19 22:00:00,771.7,16.626
2025-07-19 22:30:00,771.16,16.783
2025-07-19 23:00:00,770.91,16.822
2025-07-19 23:30:00,771.0,16.589
2025-07-20 00:00:00,770.53,16.28
2025-07-20 00:30:00,770.63,15.98
2025-07-20 01:00:00,770.56,15.686
2025-07-20 01:30:00,770.83,15.371
2025-07-20 02:00:00,771.04,15.065
2025-07-20 02:30:00,771.13,14.78
2025-07-20 03:00:00,771.81,14.543
2025-07-20 03:30:00,771.93,14.318
2025-07-20 04:00:00,772.03,14.058
2025-07-20 04:30:00,772.68,13.788
2025-07-20 05:00:00,773.58,13.538
2025-07-20 05:30:00,773.69,13.292
2025-07-20 06:00:00,773.97,13.084
2025-07-20 06:30:00,773.96,12.903
2025-07-20 07:00:00,774.11,12.73
2025-07-20 07:30:00,773.81,12.576
2025-07-20 08:00:00,774.02,12.433
2025-07-20 08:30:00,773.83,12.305
2025-07-20 09:00:00,773.75,12.166
2025-07-20 09:30:00,773.56,12.038
2025-07-20 10:00:00,773.76,11.898
2025-07-20 10:30:00,773.2,11.738
2025-07-20 11:00:00,773.15,11.565
2025-07-20 11:30:00,773.36,11.373
2025-07-20 12:00:00,773.12,11.163
2025-07-20 12:30:00,773.3,10.971
2025-07-20 13:00:00,773.2,10.746
2025-07-20 13:30:00,773.46,10.503
2025-07-20 14:00:00,772.9,10.326
2025-07-20 14:30:00,773.07,10.181
2025-07-20 15:00:00,772.94,10.092
2025-07-20 15:30:00,772.6,10.146
2025-07-20 16:00:00,772.55,10.311
2025-07-20 16:30:00,772.57,10.522
2025-07-20 17:00:00,772.57,10.795
2025-07-20 17:30:00,772.27,11.247
2025-07-20 18:00:00,771.73,11.801
2025-07-20 18:30:00,771.35,12.486
2025-07-20 19:00:00,771.13,13.288
2025-07-20 19:30:00,770.75,14.13
2025-07-20 20:00:00,770.54,14.975
2025-07-20 20:30:00,769.94,15.669
2025-07-20 21:00:00,769.59,16.128
2025-07-20 21:30:00,769.46,16.379
2025-07-20 22:00:00,769.26,16.475
2025-07-20 22:30:00,768.86,16.496
2025-07-20 23:00:00,768.63,16.369
2025-07-20 23:30:00,768.04,16.043
2025-07-21 00:00:00,767.9,15.739
2025-07-21 00:30:00,767.99,15.49
2025-07-21 01:00:00,767.92,15.193
2025-07-21 01:30:00,767.82,14.886
2025-07-21 02:00:00,768.06,14.58
2025-07-21 02:30:00,768.5,14.255
2025-07-21 03:00:00,768.89,13.95
2025-07-21 03:30:00,769.24,13.651
2025-07-21 04:00:00,769.71,13.334
2025-07-21 04:30:00,770.1,13.022
2025-07-21 05:00:00,770.72,12.725
2025-07-21 05:30:00,771.17,12.44
2025-07-21 06:00:00,771.19,12.172
2025-07-21 06:30:00,771.18,11.939
2025-07-21 07:00:00,771.19,11.722
2025-07-21 07:30:00,771.28,11.517
2025-07-21 08:00:00,771.11,11.325
2025-07-21 08:30:00,770.92,11.122
2025-07-21 09:00:00,770.77,10.926
2025-07-21 09:30:00,770.55,10.722
2025-07-21 10:00:00,770.21,10.517
2025-07-21 10:30:00,769.95,10.302
2025-07-21 11:00:00,769.91,10.058
2025-07-21 11:30:00,770.13,9.839
2025-07-21 12:00:00,769.94,9.617
2025-07-21 12:30:00,770.04,9.422
2025-07-21 13:00:00,770.18,9.234
2025-07-21 13:30:00,769.95,9.038
2025-07-21 14:00:00,769.77,8.871
2025-07-21 14:30:00,769.62,8.723
2025-07-21 15:00:00,769.79,8.635
2025-07-21 15:30:00,769.96,8.685
2025-07-21 16:00:00,769.56,8.847
2025-07-21 16:30:00,769.28,9.059
2025-07-21 17:00:00,768.97,9.375
2025-07-21 17:30:00,768.56,9.839
2025-07-21 18:00:00,768.67,10.42
2025-07-21 18:30:00,768.37,11.125
2025-07-21 19:00:00,768.01,11.956
2025-07-21 19:30:00,767.66,12.839
2025-07-21 20:00:00,767.59,13.777
2025-07-21 20:30:00,766.81,14.528
2025-07-21 21:00:00,766.7,15.03
2025-07-21 21:30:00,766.39,15.331
2025-07-21 22:00:00,766.27,15.561
2025-07-21 22:30:00,766.05,15.662
2025-07-21 23:00:00,765.59,15.558
2025-07-21 23:30:00,765.58,15.264
2025-07-22 00:00:00,765.16,14.982
2025-07-22 00:30:00,765.03,14.744
2025-07-22 01:00:00,764.94,14.462
2025-07-22 01:30:00,765.0,14.181
2025-07-22 02:00:00,764.92,13.879
2025-07-22 02:30:00,764.98,13.559
2025-07-22 03:00:00,764.85,13.258
2025-07-22 03:30:00,765.08,12.992
2025-07-22 04:00:00,765.37,12.716
2025-07-22 04:30:00,765.99,12.455
2025-07-22 05:00:00,766.1,12.19
2025-07-22 05:30:00,766.63,11.951
2025-07-22 06:00:00,766.49,11.704
2025-07-22 06:30:00,766.76,11.491
2025-07-22 07:00:00,766.79,11.288
2025-07-22 07:30:00,766.78,11.096
2025-07-22 08:00:00,766.89,10.915
2025-07-22 08:30:00,766.63,10.761
2025-07-22 09:00:00,766.57,10.62
2025-07-22 09:30:00,766.26,10.481
2025-07-22 10:00:00,766.29,10.331
2025-07-22 10:30:00,766.23,10.199
2025-07-22 11:00:00,766.12,10.059
2025-07-22 11:30:00,766.06,9.916
2025-07-22 12:00:00,766.14,9.766
2025-07-22 12:30:00,766.2,9.597
2025-07-22 13:00:00,766.12,9.431
2025-07-22 13:30:00,766.17,9.274
2025-07-22 14:00:00,766.47,9.13
2025-07-22 14:30:00,766.23,9.01
2025-07-22 15:00:00,766.5,8.929
2025-07-22 15:30:00,766.43,8.95
2025-07-22 16:00:00,766.49,9.11
2025-07-22 16:30:00,766.25,9.309
2025-07-22 17:00:00,766.1,9.579
2025-07-22 17:30:00,765.94,10.005
2025-07-22 18:00:00,765.95,10.566
2025-07-22 18:30:00,765.99,11.215
2025-07-22 19:00:00,765.56,11.952
2025-07-22 19:30:00,765.77,12.91
2025-07-22 20:00:00,765.33,13.91
2025-07-22 20:30:00,765.06,14.737
2025-07-22 21:00:00,764.66,15.31
2025-07-22 21:30:00,764.6,15.732
2025-07-22 22:00:00,764.11,15.984
2025-07-22 22:30:00,764.17,16.114
2025-07-22 23:00:00,763.82,15.971
2025-07-22 23:30:00,763.8,15.636
2025-07-23 00:00:00,763.64,15.362
2025-07-23 00:30:00,763.7,15.142
2025-07-23 01:00:00,763.58,14.865
2025-07-23 01:30:00,763.43,14.575
2025-07-23 02:00:00,763.6,14.285
2025-07-23 02:30:00,763.93,13.989
2025-07-23 03:00:00,764.1,13.679
2025-07-23 03:30:00,764.48,13.355
2025-07-23 04:00:00,764.76,13.06
2025-07-23 04:30:00,764.8,12.745
2025-07-23 05:00:00,765.28,12.459
2025-07-23 05:30:00,765.53,12.202
2025-07-23 06:00:00,765.62,11.961
2025-07-23 06:30:00,765.89,11.742
2025-07-23 07:00:00,766.05,11.564
2025-07-23 07:30:00,765.92,11.391
2025-07-23 08:00:00,765.94,11.213
2025-07-23 08:30:00,765.97,11.05
2025-07-23 09:00:00,765.97,10.919
2025-07-23 09:30:00,765.94,10.78
2025-07-23 10:00:00,765.98,10.641
2025-07-23 10:30:00,765.79,10.493
2025-07-23 11:00:00,766.02,10.357
2025-07-23 11:30:00,765.87,10.227
2025-07-23 12:00:00,765.9,10.081
2025-07-23 12:30:00,765.93,9.928
2025-07-23 13:00:00,765.98,9.796
2025-07-23 13:30:00,765.82,9.666
2025-07-23 14:00:00,766.09,9.571
2025-07-23 14:30:00,766.07,9.493
2025-07-23 15:00:00,766.47,9.431
2025-07-23 15:30:00,766.54,9.442
2025-07-23 16:00:00,766.39,9.547
2025-07-23 16:30:00,766.57,9.69
2025-07-23 17:00:00,766.29,9.911
2025-07-23 17:30:00,766.44,10.273
2025-07-23 18:00:00,766.64,10.784
2025-07-23 18:30:00,766.29,11.427
2025-07-23 19:00:00,766.15,12.189
2025-07-23 19:30:00,765.96,13.113
2025-07-23 20:00:00,765.8,14.012
2025-07-23 20:30:00,765.72,14.77
2025-07-23 21:00:00,765.18,15.188
2025-07-23 21:30:00,765.09,15.584
2025-07-23 22:00:00,765.28,15.251
2025-07-23 22:30:00,765.03,14.828
2025-07-23 23:00:00,765.33,14.436
2025-07-23 23:30:00,765.6,14.05
2025-07-24 00:00:00,766.32,13.659
2025-07-24 00:30:00,766.81,13.278
2025-07-24 01:00:00,767.0,12.975
2025-07-24 01:30:00,767.38,12.772
2025-07-24 02:00:00,768.03,12.574
2025-07-24 02:30:00,768.98,12.378
2025-07-24 03:00:00,769.68,12.203
2025-07-24 03:30:00,770.67,11.986
2025-07-24 04:00:00,770.96,11.739
2025-07-24 04:30:00,771.61,11.55
2025-07-24 05:00:00,771.65,11.402
2025-07-24 05:30:00,771.52,11.241
2025-07-24 06:00:00,771.6,11.056
2025-07-24 06:30:00,771.69,10.89
2025-07-24 07:00:00,771.69,10.702
2025-07-24 07:30:00,771.65,10.544
2025-07-24 08:00:00,771.3,10.389
2025-07-24 08:30:00,771.29,10.263
2025-07-24 09:00:00,770.84,10.115
2025-07-24 09:30:00,770.54,9.982
2025-07-24 10:00:00,770.36,9.85
2025-07-24 10:30:00,769.79,9.71
2025-07-24 11:00:00,769.71,9.57
2025-07-24 11:30:00,769.55,9.415
2025-07-24 12:00:00,769.37,9.267
2025-07-24 12:30:00,769.21,9.103
2025-07-24 13:00:00,769.08,8.939
2025-07-24 13:30:00,769.19,8.786
2025-07-24 14:00:00,769.0,8.662
2025-07-24 14:30:00,769.2,8.566
2025-07-24 15:00:00,768.84,8.527
2025-07-24 15:30:00,768.89,8.578
2025-07-24 16:00:00,768.99,8.753
2025-07-24 16:30:00,768.77,8.985
2025-07-24 17:00:00,769.12,9.229
2025-07-24 17:30:00,768.98,9.592
2025-07-24 18:00:00,768.65,10.11
2025-07-24 18:30:00,768.48,10.683
2025-07-24 19:00:00,768.16,11.46
2025-07-24 19:30:00,768.08,12.342
2025-07-24 20:00:00,767.51,13.328
2025-07-24 20:30:00,767.16,14.079
2025-07-24 21:00:00,767.02,14.542
2025-07-24 21:30:00,766.46,14.976
2025-07-24 22:00:00,766.46,15.118
2025-07-24 22:30:00,766.19,14.845
2025-07-24 23:00:00,766.17,14.65
2025-07-24 23:30:00,766.21,14.236
2025-07-25 00:00:00,766.53,13.786
2025-07-25 00:30:00,766.18,13.403
2025-07-25 01:00:00,766.06,13.119
2025-07-25 01:30:00,765.98,12.825
2025-07-25 02:00:00,765.84,12.577
2025-07-25 02:30:00,765.77,12.362
2025-07-25 03:00:00,766.2,12.155
2025-07-25 03:30:00,766.39,11.938
2025-07-25 04:00:00,766.42,11.73
2025-07-25 04:30:00,766.97,11.5
2025-07-25 05:00:00,766.84,11.306
2025-07-25 05:30:00,766.93,11.094
2025-07-25 06:00:00,766.88,10.878
2025-07-25 06:30:00,766.9,10.677
2025-07-25 07:00:00,767.36,10.492
2025-07-25 07:30:00,767.23,10.317
2025-07-25 08:00:00,766.86,10.174
2025-07-25 08:30:00,766.9,10.037
2025-07-25 09:00:00,766.76,9.911
2025-07-25 09:30:00,766.63,9.783
2025-07-25 10:00:00,766.4,9.657
2025-07-25 10:30:00,765.84,9.549
2025-07-25 11:00:00,765.55,9.434
2025-07-25 11:30:00,765.32,9.312
2025-07-25 12:00:00,765.65,9.194
2025-07-25 12:30:00,765.25,9.067
2025-07-25 13:00:00,764.91,8.953
2025-07-25 13:30:00,764.9,8.852
2025-07-25 14:00:00,764.79,8.758
2025-07-25 14:30:00,764.85,8.715
2025-07-25 15:00:00,765.07,8.683
2025-07-25 15:30:00,764.76,8.687
2025-07-25 16:00:00,764.55,8.784
2025-07-25 16:30:00,764.52,8.914
2025-07-25 17:00:00,764.55,9.096
2025-07-25 17:30:00,764.39,9.368
2025-07-25 18:00:00,764.46,9.851
2025-07-25 18:30:00,764.18,10.493
2025-07-25 19:00:00,764.07,11.279
2025-07-25 19:30:00,763.85,12.047
2025-07-25 20:00:00,763.26,13.193
2025-07-25 20:30:00,763.06,13.976
2025-07-25 21:00:00,762.7,14.474
2025-07-25 21:30:00,762.35,14.715
2025-07-25 22:00:00,762.36,14.457
2025-07-25 22:30:00,761.91,14.388
2025-07-25 23:00:00,761.67,14.245
2025-07-25 23:30:00,761.88,14.041
2025-07-26 00:00:00,761.76,13.751
2025-07-26 00:30:00,761.61,13.489
2025-07-26 01:00:00,761.54,13.314
2025-07-26 01:30:00,761.57,13.152
2025-07-26 02:00:00,761.53,12.976
2025-07-26 02:30:00,761.97,12.745
2025-07-26 03:00:00,761.83,12.507
2025-07-26 03:30:00,762.03,12.246
2025-07-26 04:00:00,762.53,11.988
2025-07-26 04:30:00,762.81,11.751
2025-07-26 05:00:00,762.86,11.52
2025-07-26 05:30:00,762.99,11.298
2025-07-26 06:00:00,763.21,11.046
2025-07-26 06:30:00,763.0,10.834
2025-07-26 07:00:00,763.43,10.635
2025-07-26 07:30:00,763.05,10.441
2025-07-26 08:00:00,763.31,10.251
2025-07-26 08:30:00,762.93,10.091
2025-07-26 09:00:00,763.02,9.938
2025-07-26 09:30:00,762.7,9.808
2025-07-26 10:00:00,762.61,9.66
2025-07-26 10:30:00,762.13,9.548
2025-07-26 11:00:00,761.81,9.427
2025-07-26 11:30:00,762.01,9.34
2025-07-26 12:00:00,761.89,9.241
2025-07-26 12:30:00,761.98,9.145
2025-07-26 13:00:00,762.32,9.099
2025-07-26 13:30:00,762.24,9.051
2025-07-26 14:00:00,762.36,9.004
2025-07-26 14:30:00,762.52,8.972
2025-07-26 15:00:00,762.64,8.983
2025-07-26 15:30:00,762.54,9.019
2025-07-26 16:00:00,762.55,9.077
2025-07-26 16:30:00,762.58,9.163
2025-07-26 17:00:00,762.56,9.304
2025-07-26 17:30:00,762.62,9.599
2025-07-26 18:00:00,762.72,10.032
2025-07-26 18:30:00,762.66,10.593
2025-07-26 19:00:00,762.58,11.121
2025-07-26 19:30:00,762.67,11.587
2025-07-26 20:00:00,762.39,11.959
2025-07-26 20:30:00,762.21,12.69
2025-07-26 21:00:00,761.86,13.106
2025-07-26 21:30:00,762.02,13.51
2025-07-26 22:00:00,761.82,13.863
2025-07-26 22:30:00,761.7,14.177
2025-07-26 23:00:00,761.45,14.091
2025-07-26 23:30:00,761.68,13.951
2025-07-27 00:00:00,761.46,13.677
2025-07-27 00:30:00,761.63,13.42
2025-07-27 01:00:00,761.46,13.179
2025-07-27 01:30:00,761.48,12.938
2025-07-27 02:00:00,761.75,12.708
2025-07-27 02:30:00,761.6,12.46
2025-07-27 03:00:00,761.84,12.208
2025-07-27 03:30:00,762.03,11.965
2025-07-27 04:00:00,762.24,11.73
2025-07-27 04:30:00,762.34,11.493
2025-07-27 05:00:00,763.03,11.263
2025-07-27 05:30:00,762.87,11.033
2025-07-27 06:00:00,762.95,10.825
2025-07-27 06:30:00,763.04,10.633
2025-07-27 07:00:00,763.03,10.438
2025-07-27 07:30:00,763.01,10.282
2025-07-27 08:00:00,763.07,10.139
2025-07-27 08:30:00,763.27,10.021
2025-07-27 09:00:00,763.05,9.924
2025-07-27 09:30:00,763.24,9.838
2025-07-27 10:00:00,763.02,9.73
2025-07-27 10:30:00,763.2,9.628
2025-07-27 11:00:00,763.11,9.527
2025-07-27 11:30:00,762.95,9.412
2025-07-27 12:00:00,763.02,9.295
2025-07-27 12:30:00,763.07,9.209
2025-07-27 13:00:00,763.05,9.126
2025-07-27 13:30:00,763.14,9.052
2025-07-27 14:00:00,763.12,8.967
2025-07-27 14:30:00,763.29,8.877
2025-07-27 15:00:00,763.5,8.786
2025-07-27 15:30:00,763.41,8.739
2025-07-27 16:00:00,763.43,8.786
2025-07-27 16:30:00,763.48,8.902
2025-07-27 17:00:00,763.53,9.086
2025-07-27 17:30:00,763.16,9.437
2025-07-27 18:00:00,763.33,9.907
2025-07-27 18:30:00,763.59,10.451
2025-07-27 19:00:00,763.67,11.128
2025-07-27 19:30:00,763.46,11.869
2025-07-27 20:00:00,763.41,13.029
2025-07-27 20:30:00,763.17,13.969
2025-07-27 21:00:00,763.07,14.318
2025-07-27 21:30:00,763.21,14.778
2025-07-27 22:00:00,762.89,15.269
2025-07-27 22:30:00,762.86,15.587
2025-07-27 23:00:00,762.95,15.684
2025-07-27 23:30:00,762.83,15.471
2025-07-28 00:00:00,762.54,15.06
2025-07-28 00:30:00,762.3,14.749
2025-07-28 01:00:00,762.58,14.431
2025-07-28 01:30:00,762.64,14.162
2025-07-28 02:00:00,762.68,13.902
2025-07-28 02:30:00,763.15,13.607
2025-07-28 03:00:00,763.37,13.282
2025-07-28 03:30:00,763.51,12.996
2025-07-28 04:00:00,764.01,12.714
2025-07-28 04:30:00,764.18,12.46
2025-07-28 05:00:00,764.33,12.201
2025-07-28 05:30:00,764.53,11.94
2025-07-28 06:00:00,764.92,11.714
2025-07-28 06:30:00,765.01,11.473
2025-07-28 07:00:00,765.27,11.229
2025-07-28 07:30:00,765.46,10.984
2025-07-28 08:00:00,765.54,10.714
2025-07-28 08:30:00,765.65,10.466
2025-07-28 09:00:00,765.49,10.231
2025-07-28 09:30:00,765.64,10.013
2025-07-28 10:00:00,765.46,9.812
2025-07-28 10:30:00,765.59,9.671
2025-07-28 11:00:00,765.47,9.532
2025-07-28 11:30:00,765.43,9.373
2025-07-28 12:00:00,765.42,9.213
2025-07-28 12:30:00,765.58,9.015
2025-07-28 13:00:00,765.48,8.881
2025-07-28 13:30:00,765.64,8.756
2025-07-28 14:00:00,765.83,8.605
2025-07-28 14:30:00,765.78,8.463
2025-07-28 15:00:00,766.12,8.36
2025-07-28 15:30:00,766.26,8.3
2025-07-28 16:00:00,766.11,8.3
2025-07-28 16:30:00,766.07,8.376
2025-07-28 17:00:00,766.21,8.498
2025-07-28 17:30:00,766.42,8.742
2025-07-28 18:00:00,766.65,9.179
2025-07-28 18:30:00,766.59,9.772
2025-07-28 19:00:00,766.49,10.418
2025-07-28 19:30:00,766.39,11.219
2025-07-28 20:00:00,766.35,12.361
2025-07-28 20:30:00,766.25,13.387
2025-07-28 21:00:00,766.15,13.906
2025-07-28 21:30:00,766.09,14.396
2025-07-28 22:00:00,765.98,14.769
2025-07-28 22:30:00,765.52,15.238
2025-07-28 23:00:00,765.61,15.412
2025-07-28 23:30:00,765.24,15.212
2025-07-29 00:00:00,765.1,14.804
2025-07-29 00:30:00,765.17,14.506
2025-07-29 01:00:00,764.73,14.187
2025-07-29 01:30:00,764.7,13.916
2025-07-29 02:00:00,764.85,13.564
2025-07-29 02:30:00,764.83,13.329
2025-07-29 03:00:00,764.89,13.144
2025-07-29 03:30:00,765.19,12.911
2025-07-29 04:00:00,765.52,12.66
2025-07-29 04:30:00,765.98,12.448
2025-07-29 05:00:00,766.03,12.219
2025-07-29 05:30:00,766.01,12.005
2025-07-29 06:00:00,765.87,11.773
2025-07-29 06:30:00,766.28,11.534
2025-07-29 07:00:00,766.23,11.291
2025-07-29 07:30:00,766.45,11.094
2025-07-29 08:00:00,766.61,10.903
2025-07-29 08:30:00,766.57,10.739
2025-07-29 09:00:00,766.2,10.571
2025-07-29 09:30:00,766.39,10.418
2025-07-29 10:00:00,766.23,10.269
2025-07-29 10:30:00,766.14,10.12
2025-07-29 11:00:00,766.17,9.99
2025-07-29 11:30:00,765.93,9.873
2025-07-29 12:00:00,765.87,9.747
2025-07-29 12:30:00,766.19,9.628
2025-07-29 13:00:00,766.38,9.532
2025-07-29 13:30:00,766.45,9.416
2025-07-29 14:00:00,766.46,9.336
2025-07-29 14:30:00,766.62,9.25
2025-07-29 15:00:00,766.57,9.174
2025-07-29 15:30:00,766.67,9.127
2025-07-29 16:00:00,766.75,9.154
2025-07-29 16:30:00,766.66,9.304
2025-07-29 17:00:00,766.76,9.504
2025-07-29 17:30:00,766.65,9.76
2025-07-29 18:00:00,766.56,10.153
2025-07-29 18:30:00,767.0,10.62
2025-07-29 19:00:00,766.73,11.238
2025-07-29 19:30:00,766.78,12.167
2025-07-29 20:00:00,766.22,13.444
2025-07-29 20:30:00,766.1,14.153
2025-07-29 21:00:00,765.97,14.69
2025-07-29 21:30:00,765.8,14.891
2025-07-29 22:00:00,765.39,15.537
2025-07-29 22:30:00,765.13,15.901
2025-07-29 23:00:00,764.59,15.985
2025-07-29 23:30:00,764.53,15.791
2025-07-30 00:00:00,764.28,15.446
2025-07-30 00:30:00,764.17,15.133
2025-07-30 01:00:00,764.18,14.864
2025-07-30 01:30:00,764.03,14.684
2025-07-30 02:00:00,763.95,14.473
2025-07-30 02:30:00,764.17,14.254
2025-07-30 03:00:00,764.37,14.056
2025-07-30 03:30:00,764.75,13.831
2025-07-30 04:00:00,764.97,13.589
2025-07-30 04:30:00,764.86,13.36
2025-07-30 05:00:00,765.27,13.123
2025-07-30 05:30:00,764.97,12.897
2025-07-30 06:00:00,765.3,12.641
2025-07-30 06:30:00,765.29,12.38
2025-07-30 07:00:00,765.62,12.138
2025-07-30 07:30:00,765.64,11.912
2025-07-30 08:00:00,765.61,11.721
2025-07-30 08:30:00,765.63,11.551
2025-07-30 09:00:00,765.51,11.389
2025-07-30 09:30:00,765.31,11.239
2025-07-30 10:00:00,765.25,11.105
2025-07-30 10:30:00,765.2,10.96
2025-07-30 11:00:00,764.98,10.834
2025-07-30 11:30:00,764.89,10.703
2025-07-30 12:00:00,765.27,10.586
2025-07-30 12:30:00,765.46,10.454
2025-07-30 13:00:00,765.59,10.334
2025-07-30 13:30:00,765.5,10.197
2025-07-30 14:00:00,765.29,10.055
2025-07-30 14:30:00,765.26,9.946
2025-07-30 15:00:00,765.26,9.872
2025-07-30 15:30:00,765.5,9.857
2025-07-30 16:00:00,765.54,9.915
2025-07-30 16:30:00,765.65,10.036
2025-07-30 17:00:00,765.68,10.24
2025-07-30 17:30:00,765.83,10.592
2025-07-30 18:00:00,765.6,11.093
2025-07-30 18:30:00,765.58,11.791
2025-07-30 19:00:00,766.88,11.835
2025-07-30 19:30:00,766.6,11.717
2025-07-30 20:00:00,766.36,11.858
2025-07-30 20:30:00,766.98,11.906
2025-07-30 21:00:00,767.49,11.548
2025-07-30 21:30:00,767.69,11.319
2025-07-30 22:00:00,767.65,11.245
2025-07-30 22:30:00,767.35,11.319
2025-07-30 23:00:00,767.19,11.627
2025-07-30 23:30:00,767.1,11.755
2025-07-31 00:00:00,767.03,11.746
2025-07-31 00:30:00,767.04,11.727
2025-07-31 01:00:00,767.16,11.755
2025-07-31 01:30:00,767.59,11.78
2025-07-31 02:00:00,768.17,11.799
2025-07-31 02:30:00,768.52,11.722
2025-07-31 03:00:00,768.53,11.566
2025-07-31 03:30:00,768.98,11.324
2025-07-31 04:00:00,769.25,11.04
2025-07-31 04:30:00,769.11,10.742
2025-07-31 05:00:00,768.77,10.472
2025-07-31 05:30:00,768.68,10.206
2025-07-31 06:00:00,768.72,9.954
2025-07-31 06:30:00,768.18,9.733
2025-07-31 07:00:00,768.22,9.559
2025-07-31 07:30:00,767.87,9.373
2025-07-31 08:00:00,767.73,9.218
2025-07-31 08:30:00,767.29,9.08
2025-07-31 09:00:00,767.01,8.954
2025-07-31 09:30:00,766.93,8.812
2025-07-31 10:00:00,766.7,8.664
2025-07-31 10:30:00,766.56,8.48
2025-07-31 11:00:00,766.37,8.308
2025-07-31 11:30:00,766.07,8.164
2025-07-31 12:00:00,766.08,8.035
2025-07-31 12:30:00,766.18,7.951
2025-07-31 13:00:00,766.04,7.827
2025-07-31 13:30:00,766.16,7.646
2025-07-31 14:00:00,766.01,7.51
2025-07-31 14:30:00,766.13,7.388
2025-07-31 15:00:00,766.0,7.275
2025-07-31 15:30:00,765.93,7.186
2025-07-31 16:00:00,766.11,7.183
2025-07-31 16:30:00,766.21,7.287
2025-07-31 17:00:00,766.36,7.506
2025-07-31 17:30:00,765.98,7.861
2025-07-31 18:00:00,765.94,8.359
2025-07-31 18:30:00,765.72,8.907
2025-07-31 19:00:00,765.64,9.59
2025-07-31 19:30:00,765.52,10.517
2025-07-31 20:00:00,765.44,11.837
2025-07-31 20:30:00,765.25,12.905
2025-07-31 21:00:00,765.12,13.587
2025-07-31 21:30:00,765.12,14.129
2025-07-31 22:00:00,764.95,14.637
2025-07-31 22:30:00,764.5,15.151
2025-07-31 23:00:00,764.29,15.296
2025-07-31 23:30:00,764.1,15.121
2025-08-01 00:00:00,764.17,14.735
2025-08-01 00:30:00,764.05,14.448
2025-08-01 01:00:00,764.02,14.208
2025-08-01 01:30:00,763.98,13.944
2025-08-01 02:00:00,764.13,13.742
2025-08-01 02:30:00,764.04,13.547
2025-08-01 03:00:00,764.32,13.297
2025-08-01 03:30:00,764.53,13.044
2025-08-01 04:00:00,764.77,12.793
2025-08-01 04:30:00,764.96,12.529
2025-08-01 05:00:00,764.91,12.272
2025-08-01 05:30:00,765.3,12.008
2025-08-01 06:00:00,765.28,11.734
2025-08-01 06:30:00,765.34,11.453
2025-08-01 07:00:00,765.59,11.203
2025-08-01 07:30:00,765.61,10.958
2025-08-01 08:00:00,765.84,10.717
2025-08-01 08:30:00,765.4,10.508
2025-08-01 09:00:00,765.31,10.32
2025-08-01 09:30:00,765.55,10.199
2025-08-01 10:00:00,765.4,10.066
2025-08-01 10:30:00,765.44,9.952
2025-08-01 11:00:00,765.19,9.869
2025-08-01 11:30:00,765.39,9.785
2025-08-01 12:00:00,765.35,9.707
2025-08-01 12:30:00,765.32,9.631
2025-08-01 13:00:00,765.37,9.538
2025-08-01 13:30:00,765.55,9.454
2025-08-01 14:00:00,765.59,9.354
2025-08-01 14:30:00,765.42,9.288
2025-08-01 15:00:00,765.41,9.207
2025-08-01 15:30:00,765.77,9.175
2025-08-01 16:00:00,765.6,9.168
2025-08-01 16:30:00,765.49,9.231
2025-08-01 17:00:00,765.43,9.382
2025-08-01 17:30:00,765.7,9.617
2025-08-01 18:00:00,765.64,10.021
2025-08-01 18:30:00,765.77,10.535
2025-08-01 19:00:00,765.82,11.192
2025-08-01 19:30:00,765.87,12.064
2025-08-01 20:00:00,765.89,13.235
2025-08-01 20:30:00,765.73,14.273
2025-08-01 21:00:00,765.67,14.832
2025-08-01 21:30:00,765.26,15.281
2025-08-01 22:00:00,765.35,15.624
2025-08-01 22:30:00,765.36,15.777
2025-08-01 23:00:00,765.29,15.693
2025-08-01 23:30:00,765.22,15.427
2025-08-02 00:00:00,764.94,15.154
2025-08-02 00:30:00,764.87,14.946
2025-08-02 01:00:00,764.64,14.708
2025-08-02 01:30:00,764.66,14.414
2025-08-02 02:00:00,764.92,14.117
2025-08-02 02:30:00,764.94,13.865
2025-08-02 03:00:00,764.99,13.562
2025-08-02 03:30:00,765.05,13.3
2025-08-02 04:00:00,765.61,13.04
2025-08-02 04:30:00,766.1,12.8
2025-08-02 05:00:00,766.42,12.54
2025-08-02 05:30:00,766.7,12.285
2025-08-02 06:00:00,766.64,12.028
2025-08-02 06:30:00,767.02,11.763
2025-08-02 07:00:00,767.28,11.491
2025-08-02 07:30:00,767.33,11.219
2025-08-02 08:00:00,767.41,10.987
2025-08-02 08:30:00,767.17,10.742
2025-08-02 09:00:00,767.3,10.476
2025-08-02 09:30:00,767.05,10.165
2025-08-02 10:00:00,767.15,9.9
2025-08-02 10:30:00,767.34,9.648
2025-08-02 11:00:00,767.42,9.397
2025-08-02 11:30:00,767.1,9.174
2025-08-02 12:00:00,767.27,8.941
2025-08-02 12:30:00,767.18,8.7
2025-08-02 13:00:00,767.38,8.567
2025-08-02 13:30:00,767.51,8.386
2025-08-02 14:00:00,767.85,8.231
2025-08-02 14:30:00,767.96,8.049
2025-08-02 15:00:00,768.02,7.954
2025-08-02 15:30:00,768.21,7.886
2025-08-02 16:00:00,768.06,7.9
2025-08-02 16:30:00,768.19,8.016
2025-08-02 17:00:00,768.15,8.202
2025-08-02 17:30:00,768.3,8.523
2025-08-02 18:00:00,768.15,8.973
2025-08-02 18:30:00,768.23,9.48
2025-08-02 19:00:00,768.27,10.119
2025-08-02 19:30:00,768.13,11.023
2025-08-02 20:00:00,768.16,12.175
2025-08-02 20:30:00,767.92,13.397
2025-08-02 21:00:00,767.48,14.095
2025-08-02 21:30:00,767.24,14.463
2025-08-02 22:00:00,767.2,14.913
2025-08-02 22:30:00,767.01,15.377
2025-08-02 23:00:00,766.7,15.515
2025-08-02 23:30:00,766.51,15.423
2025-08-03 00:00:00,766.41,15.215
2025-08-03 00:30:00,766.25,15.039
2025-08-03 01:00:00,766.02,14.891
2025-08-03 01:30:00,765.85,14.698
2025-08-03 02:00:00,765.92,14.459
2025-08-03 02:30:00,765.98,14.26
2025-08-03 03:00:00,765.75,14.036
2025-08-03 03:30:00,766.0,13.753
2025-08-03 04:00:00,765.88,13.479
2025-08-03 04:30:00,765.87,13.227
2025-08-03 05:00:00,766.15,12.957
2025-08-03 05:30:00,766.16,12.682
2025-08-03 06:00:00,766.1,12.416
2025-08-03 06:30:00,765.74,12.147
2025-08-03 07:00:00,765.96,11.9
2025-08-03 07:30:00,766.27,11.695
2025-08-03 08:00:00,766.25,11.487
2025-08-03 08:30:00,766.12,11.299
2025-08-03 09:00:00,766.01,11.125
2025-08-03 09:30:00,765.97,10.942
2025-08-03 10:00:00,765.94,10.772
2025-08-03 10:30:00,765.62,10.604
2025-08-03 11:00:00,765.71,10.433
2025-08-03 11:30:00,765.53,10.273
2025-08-03 12:00:00,765.57,10.111
2025-08-03 12:30:00,765.55,9.957
2025-08-03 13:00:00,765.75,9.808
2025-08-03 13:30:00,765.62,9.678
2025-08-03 14:00:00,765.71,9.549
2025-08-03 14:30:00,765.54,9.421
2025-08-03 15:00:00,765.76,9.307
2025-08-03 15:30:00,765.84,9.234
2025-08-03 16:00:00,765.58,9.212
2025-08-03 16:30:00,765.66,9.28
2025-08-03 17:00:00,765.7,9.421
2025-08-03 17:30:00,765.61,9.677
2025-08-03 18:00:00,765.77,10.045
2025-08-03 18:30:00,765.28,10.547
2025-08-03 19:00:00,765.12,11.121
2025-08-03 19:30:00,765.13,11.998
2025-08-03 20:00:00,765.01,13.345
2025-08-03 20:30:00,764.75,14.331
2025-08-03 21:00:00,764.34,15.033
2025-08-03 21:30:00,764.1,15.554
2025-08-03 22:00:00,763.75,16.078
2025-08-03 22:30:00,763.67,16.267
2025-08-03 23:00:00,763.32,16.265
2025-08-03 23:30:00,763.15,16.16
2025-08-04 00:00:00,762.75,15.804
2025-08-04 00:30:00,762.54,15.567
2025-08-04 01:00:00,762.32,15.32
2025-08-04 01:30:00,762.4,15.01
2025-08-04 02:00:00,762.35,14.728
2025-08-04 02:30:00,762.4,14.434
2025-08-04 03:00:00,762.36,14.133
2025-08-04 03:30:00,762.34,13.858
2025-08-04 04:00:00,762.55,13.566
2025-08-04 04:30:00,762.75,13.265
2025-08-04 05:00:00,762.69,12.957
2025-08-04 05:30:00,762.72,12.624
2025-08-04 06:00:00,762.57,12.287
2025-08-04 06:30:00,762.65,11.989
2025-08-04 07:00:00,762.38,11.68
2025-08-04 07:30:00,762.66,11.415
2025-08-04 08:00:00,762.58,11.159
2025-08-04 08:30:00,762.74,10.903
2025-08-04 09:00:00,762.42,10.676
2025-08-04 09:30:00,762.46,10.471
2025-08-04 10:00:00,762.61,10.264
2025-08-04 10:30:00,762.57,10.065
2025-08-04 11:00:00,762.44,9.865
2025-08-04 11:30:00,762.45,9.671
2025-08-04 12:00:00,762.3,9.468
2025-08-04 12:30:00,762.54,9.281
2025-08-04 13:00:00,762.72,9.1
2025-08-04 13:30:00,762.71,8.952
2025-08-04 14:00:00,762.62,8.793
2025-08-04 14:30:00,762.68,8.644
2025-08-04 15:00:00,762.63,8.513
2025-08-04 15:30:00,762.78,8.428
2025-08-04 16:00:00,762.81,8.4
2025-08-04 16:30:00,762.48,8.465
2025-08-04 17:00:00,762.72,8.619
2025-08-04 17:30:00,762.93,8.886
2025-08-04 18:00:00,763.06,9.271
2025-08-04 18:30:00,762.9,9.793
2025-08-04 19:00:00,762.71,10.409
2025-08-04 19:30:00,762.59,11.295
2025-08-04 20:00:00,762.54,12.613
2025-08-04 20:30:00,762.53,13.704
2025-08-04 21:00:00,762.17,14.365
2025-08-04 21:30:00,762.13,14.743
2025-08-04 22:00:00,762.11,15.282
2025-08-04 22:30:00,761.52,15.551
2025-08-04 23:00:00,761.42,15.701
2025-08-04 23:30:00,761.17,15.592
2025-08-05 00:00:00,760.93,15.287
2025-08-05 00:30:00,760.84,15.105
2025-08-05 01:00:00,760.65,14.87
2025-08-05 01:30:00,760.79,14.59
2025-08-05 02:00:00,760.72,14.368
2025-08-05 02:30:00,760.96,14.061
2025-08-05 03:00:00,760.98,13.761
2025-08-05 03:30:00,761.22,13.443
2025-08-05 04:00:00,761.06,13.152
2025-08-05 04:30:00,761.46,12.847
2025-08-05 05:00:00,761.31,12.543
2025-08-05 05:30:00,761.27,12.249
2025-08-05 06:00:00,761.4,11.971
2025-08-05 06:30:00,761.52,11.706
2025-08-05 07:00:00,761.81,11.409
2025-08-05 07:30:00,761.77,11.167
2025-08-05 08:00:00,761.87,10.94
2025-08-05 08:30:00,761.84,10.726
2025-08-05 09:00:00,761.95,10.547
2025-08-05 09:30:00,761.73,10.384
2025-08-05 10:00:00,761.95,10.219
2025-08-05 10:30:00,762.15,10.029
2025-08-05 11:00:00,761.87,9.871
2025-08-05 11:30:00,762.05,9.741
2025-08-05 12:00:00,762.01,9.59
2025-08-05 12:30:00,761.87,9.462
2025-08-05 13:00:00,762.28,9.316
2025-08-05 13:30:00,762.5,9.204
2025-08-05 14:00:00,762.67,9.062
2025-08-05 14:30:00,762.7,8.939
2025-08-05 15:00:00,762.8,8.822
2025-08-05 15:30:00,763.22,8.749
2025-08-05 16:00:00,763.3,8.73
2025-08-05 16:30:00,763.26,8.787
2025-08-05 17:00:00,763.5,8.939
2025-08-05 17:30:00,763.33,9.187
2025-08-05 18:00:00,763.6,9.602
2025-08-05 18:30:00,763.53,10.155
2025-08-05 19:00:00,763.59,10.857
2025-08-05 19:30:00,763.6,11.91
2025-08-05 20:00:00,763.55,13.119
2025-08-05 20:30:00,763.39,14.16
2025-08-05 21:00:00,763.21,14.871
2025-08-05 21:30:00,763.05,15.386
2025-08-05 22:00:00,762.85,15.795
2025-08-05 22:30:00,762.92,15.964
2025-08-05 23:00:00,762.77,15.963
2025-08-05 23:30:00,762.48,15.821
2025-08-06 00:00:00,762.56,15.486
2025-08-06 00:30:00,762.42,15.248
2025-08-06 01:00:00,762.46,15.145
2025-08-06 01:30:00,762.47,14.971
2025-08-06 02:00:00,762.51,14.767
2025-08-06 02:30:00,762.81,14.543
2025-08-06 03:00:00,762.76,14.281
2025-08-06 03:30:00,762.94,13.979
2025-08-06 04:00:00,763.22,13.674
2025-08-06 04:30:00,763.19,13.372
2025-08-06 05:00:00,763.37,13.073
2025-08-06 05:30:00,763.58,12.776
2025-08-06 06:00:00,763.7,12.508
2025-08-06 06:30:00,763.8,12.238
2025-08-06 07:00:00,763.91,11.968
2025-08-06 07:30:00,764.06,11.71
2025-08-06 08:00:00,764.09,11.462
2025-08-06 08:30:00,764.12,11.22
2025-08-06 09:00:00,764.34,10.983
2025-08-06 09:30:00,764.22,10.766
2025-08-06 10:00:00,764.24,10.553
2025-08-06 10:30:00,764.41,10.348
2025-08-06 11:00:00,764.08,10.176
2025-08-06 11:30:00,764.3,10.014
2025-08-06 12:00:00,764.25,9.865
2025-08-06 12:30:00,764.59,9.714
2025-08-06 13:00:00,764.86,9.585
2025-08-06 13:30:00,764.83,9.473
2025-08-06 14:00:00,764.89,9.349
2025-08-06 14:30:00,765.04,9.265
2025-08-06 15:00:00,765.13,9.174
2025-08-06 15:30:00,765.59,9.099
2025-08-06 16:00:00,765.77,9.059
2025-08-06 16:30:00,765.82,9.099
2025-08-06 17:00:00,765.7,9.245
2025-08-06 17:30:00,765.84,9.515
2025-08-06 18:00:00,766.0,9.936
2025-08-06 18:30:00,765.97,10.476
2025-08-06 19:00:00,766.11,11.259
2025-08-06 19:30:00,766.06,12.281
2025-08-06 20:00:00,766.07,13.64
2025-08-06 20:30:00,765.9,14.694
2025-08-06 21:00:00,765.41,15.47
2025-08-06 21:30:00,765.25,15.965
2025-08-06 22:00:00,765.12,16.484
2025-08-06 22:30:00,764.67,16.673
2025-08-06 23:00:00,764.61,16.678
2025-08-06 23:30:00,764.47,16.505
2025-08-07 00:00:00,764.44,16.238
2025-08-07 00:30:00,764.38,16.115
2025-08-07 01:00:00,764.32,15.883
2025-08-07 01:30:00,764.14,15.718
2025-08-07 02:00:00,764.09,15.456
2025-08-07 02:30:00,764.07,15.183
2025-08-07 03:00:00,764.09,14.896
2025-08-07 03:30:00,764.31,14.589
2025-08-07 04:00:00,764.26,14.278
2025-08-07 04:30:00,764.52,13.957
2025-08-07 05:00:00,764.68,13.657
2025-08-07 05:30:00,765.05,13.357
2025-08-07 06:00:00,765.16,13.063
2025-08-07 06:30:00,764.93,12.799
2025-08-07 07:00:00,764.97,12.529
2025-08-07 07:30:00,765.25,12.271
2025-08-07 08:00:00,765.41,12.062
2025-08-07 08:30:00,765.44,11.861
2025-08-07 09:00:00,765.3,11.659
2025-08-07 09:30:00,765.42,11.478
2025-08-07 10:00:00,765.36,11.305
2025-08-07 10:30:00,765.24,11.142
2025-08-07 11:00:00,765.38,10.964
2025-08-07 11:30:00,765.55,10.808
2025-08-07 12:00:00,765.44,10.656
2025-08-07 12:30:00,765.71,10.492
2025-08-07 13:00:00,765.86,10.336
2025-08-07 13:30:00,765.99,10.209
2025-08-07 14:00:00,766.07,10.06
2025-08-07 14:30:00,766.31,9.948
2025-08-07 15:00:00,766.69,9.846
2025-08-07 15:30:00,766.71,9.785
2025-08-07 16:00:00,766.77,9.797
2025-08-07 16:30:00,766.65,9.897
2025-08-07 17:00:00,766.75,10.068
2025-08-07 17:30:00,766.83,10.316
2025-08-07 18:00:00,766.87,10.678
2025-08-07 18:30:00,766.73,11.127
2025-08-07 19:00:00,766.44,11.794
2025-08-07 19:30:00,766.19,12.693
2025-08-07 20:00:00,766.1,13.928
2025-08-07 20:30:00,765.84,14.987
2025-08-07 21:00:00,765.63,15.585
2025-08-07 21:30:00,765.36,16.054
2025-08-07 22:00:00,764.99,16.546
2025-08-07 22:30:00,764.71,16.812
2025-08-07 23:00:00,764.64,16.871
2025-08-07 23:30:00,764.33,16.667
2025-08-08 00:00:00,764.13,16.332
2025-08-08 00:30:00,764.35,16.031
2025-08-08 01:00:00,763.77,15.774
2025-08-08 01:30:00,763.89,15.485
2025-08-08 02:00:00,763.73,15.161
2025-08-08 02:30:00,763.81,14.899
2025-08-08 03:00:00,763.83,14.648
2025-08-08 03:30:00,764.11,14.399
2025-08-08 04:00:00,764.01,14.11
2025-08-08 04:30:00,764.25,13.847
2025-08-08 05:00:00,764.34,13.577
2025-08-08 05:30:00,764.36,13.317
2025-08-08 06:00:00,764.44,13.056
2025-08-08 06:30:00,764.54,12.793
2025-08-08 07:00:00,764.25,12.538
2025-08-08 07:30:00,764.26,12.304
2025-08-08 08:00:00,764.57,12.089
2025-08-08 08:30:00,764.33,11.856
2025-08-08 09:00:00,764.24,11.603
2025-08-08 09:30:00,764.62,11.355
2025-08-08 10:00:00,764.4,11.11
2025-08-08 10:30:00,764.53,10.895
2025-08-08 11:00:00,764.39,10.723
2025-08-08 11:30:00,764.51,10.534
2025-08-08 12:00:00,764.55,10.364
2025-08-08 12:30:00,764.71,10.212
2025-08-08 13:00:00,765.0,10.015
2025-08-08 13:30:00,765.4,9.863
2025-08-08 14:00:00,765.42,9.7
2025-08-08 14:30:00,765.89,9.571
2025-08-08 15:00:00,765.89,9.452
2025-08-08 15:30:00,766.04,9.358
2025-08-08 16:00:00,765.93,9.359
2025-08-08 16:30:00,765.99,9.437
2025-08-08 17:00:00,765.69,9.62
2025-08-08 17:30:00,765.88,9.931
2025-08-08 18:00:00,765.61,10.34
2025-08-08 18:30:00,765.66,10.808
2025-08-08 19:00:00,765.36,11.404
2025-08-08 19:30:00,765.13,12.192
2025-08-08 20:00:00,764.99,13.398
2025-08-08 20:30:00,764.68,14.392
2025-08-08 21:00:00,764.84,15.084
2025-08-08 21:30:00,764.69,15.57
2025-08-08 22:00:00,764.22,16.138
2025-08-08 22:30:00,763.95,16.384
2025-08-08 23:00:00,763.9,16.455
2025-08-08 23:30:00,763.5,16.388
2025-08-09 00:00:00,763.59,16.106
2025-08-09 00:30:00,763.53,15.884
2025-08-09 01:00:00,763.18,15.645
2025-08-09 01:30:00,763.07,15.492
2025-08-09 02:00:00,763.3,15.264
2025-08-09 02:30:00,763.19,14.988
2025-08-09 03:00:00,763.08,14.795
2025-08-09 03:30:00,763.47,14.558
2025-08-09 04:00:00,763.55,14.294
2025-08-09 04:30:00,763.7,14.05
2025-08-09 05:00:00,763.7,13.815
2025-08-09 05:30:00,763.73,13.564
2025-08-09 06:00:00,763.67,13.304
2025-08-09 06:30:00,763.54,13.068
2025-08-09 07:00:00,763.65,12.857
2025-08-09 07:30:00,763.75,12.666
2025-08-09 08:00:00,763.81,12.486
2025-08-09 08:30:00,763.81,12.304
2025-08-09 09:00:00,763.73,12.135
2025-08-09 09:30:00,763.67,11.976
2025-08-09 10:00:00,763.69,11.801
2025-08-09 10:30:00,763.77,11.63
2025-08-09 11:00:00,763.72,11.471
2025-08-09 11:30:00,763.76,11.324
2025-08-09 12:00:00,763.91,11.178
2025-08-09 12:30:00,764.01,11.048
2025-08-09 13:00:00,764.25,10.906
2025-08-09 13:30:00,764.27,10.78
2025-08-09 14:00:00,764.58,10.676
2025-08-09 14:30:00,765.01,10.547
2025-08-09 15:00:00,765.08,10.452
2025-08-09 15:30:00,765.32,10.397
2025-08-09 16:00:00,765.34,10.411
2025-08-09 16:30:00,765.29,10.499
2025-08-09 17:00:00,765.32,10.656
2025-08-09 17:30:00,765.3,10.876
2025-08-09 18:00:00,765.38,11.237
2025-08-09 18:30:00,765.52,11.683
2025-08-09 19:00:00,765.28,12.244
2025-08-09 19:30:00,765.23,13.012
2025-08-09 20:00:00,764.93,14.089
2025-08-09 20:30:00,764.67,15.114
2025-08-09 21:00:00,764.39,15.773
2025-08-09 21:30:00,764.12,16.298
2025-08-09 22:00:00,763.89,16.699
2025-08-09 22:30:00,763.58,16.866
2025-08-09 23:00:00,763.36,17.068
2025-08-09 23:30:00,763.47,16.977
2025-08-10 00:00:00,763.24,16.761
2025-08-10 00:30:00,763.01,16.561
2025-08-10 01:00:00,762.81,16.341
2025-08-10 01:30:00,762.77,16.141
2025-08-10 02:00:00,762.8,15.919
2025-08-10 02:30:00,762.85,15.673
2025-08-10 03:00:00,763.06,15.423
2025-08-10 03:30:00,763.38,15.145
2025-08-10 04:00:00,763.74,14.869
2025-08-10 04:30:00,763.87,14.575
2025-08-10 05:00:00,764.15,14.306
2025-08-10 05:30:00,763.98,14.044
2025-08-10 06:00:00,764.21,13.786
2025-08-10 06:30:00,764.12,13.532
2025-08-10 07:00:00,764.41,13.298
2025-08-10 07:30:00,764.41,13.066
2025-08-10 08:00:00,764.64,12.842
2025-08-10 08:30:00,764.72,12.604
2025-08-10 09:00:00,765.02,12.392
2025-08-10 09:30:00,764.81,12.209
2025-08-10 10:00:00,765.11,12.029
2025-08-10 10:30:00,765.3,11.868
2025-08-10 11:00:00,765.28,11.728
2025-08-10 11:30:00,765.46,11.578
2025-08-10 12:00:00,765.86,11.42
2025-08-10 12:30:00,766.15,11.29
2025-08-10 13:00:00,766.38,11.162
2025-08-10 13:30:00,766.54,11.052
2025-08-10 14:00:00,767.16,10.955
2025-08-10 14:30:00,767.47,10.848
2025-08-10 15:00:00,767.7,10.767
2025-08-10 15:30:00,768.0,10.717
2025-08-10 16:00:00,767.97,10.722
2025-08-10 16:30:00,767.83,10.816
2025-08-10 17:00:00,767.96,10.963
2025-08-10 17:30:00,768.05,11.213
2025-08-10 18:00:00,767.97,11.542
2025-08-10 18:30:00,767.82,11.937
2025-08-10 19:00:00,767.77,12.517
2025-08-10 19:30:00,767.67,13.222
2025-08-10 20:00:00,767.4,14.319
2025-08-10 20:30:00,767.03,15.263
2025-08-10 21:00:00,766.92,15.906
2025-08-10 21:30:00,766.9,16.417
2025-08-10 22:00:00,766.81,16.663
2025-08-10 22:30:00,766.5,16.736
2025-08-10 23:00:00,766.37,16.811
2025-08-10 23:30:00,765.93,16.699
2025-08-11 00:00:00,765.9,16.479
2025-08-11 00:30:00,765.55,16.34
2025-08-11 01:00:00,765.32,16.259
2025-08-11 01:30:00,765.48,16.131
2025-08-11 02:00:00,765.38,15.93
2025-08-11 02:30:00,765.74,15.708
2025-08-11 03:00:00,765.81,15.488
2025-08-11 03:30:00,766.02,15.259
2025-08-11 04:00:00,766.49,14.991
2025-08-11 04:30:00,766.61,14.717
2025-08-11 05:00:00,766.51,14.449
2025-08-11 05:30:00,766.55,14.194
2025-08-11 06:00:00,766.58,13.962
2025-08-11 06:30:00,766.72,13.72
2025-08-11 07:00:00,766.95,13.486
2025-08-11 07:30:00,767.02,13.253
2025-08-11 08:00:00,767.09,13.026
2025-08-11 08:30:00,767.11,12.801
2025-08-11 09:00:00,767.35,12.574
2025-08-11 09:30:00,767.44,12.366
2025-08-11 10:00:00,767.53,12.175
2025-08-11 10:30:00,767.89,11.996
2025-08-11 11:00:00,767.99,11.833
2025-08-11 11:30:00,768.52,11.696
2025-08-11 12:00:00,768.64,11.576
2025-08-11 12:30:00,768.95,11.446
2025-08-11 13:00:00,769.09,11.331
2025-08-11 13:30:00,769.45,11.216
2025-08-11 14:00:00,769.56,11.112
2025-08-11 14:30:00,769.87,11.018
2025-08-11 15:00:00,769.99,10.938
2025-08-11 15:30:00,770.09,10.892
2025-08-11 16:00:00,770.19,10.919
2025-08-11 16:30:00,770.12,11.06
2025-08-11 17:00:00,770.0,11.243
2025-08-11 17:30:00,770.1,11.54
2025-08-11 18:00:00,769.81,11.965
2025-08-11 18:30:00,769.4,12.504
2025-08-11 19:00:00,768.95,13.105
2025-08-11 19:30:00,768.54,13.913
2025-08-11 20:00:00,768.07,15.025
2025-08-11 20:30:00,767.82,16.231
2025-08-11 21:00:00,767.71,16.813
2025-08-11 21:30:00,767.48,16.906
2025-08-11 22:00:00,767.04,16.858
2025-08-11 22:30:00,766.83,16.862
2025-08-11 23:00:00,766.9,16.763
2025-08-11 23:30:00,766.7,16.546
2025-08-12 00:00:00,766.38,16.359
2025-08-12 00:30:00,766.14,16.212
2025-08-12 01:00:00,766.02,15.991
2025-08-12 01:30:00,765.96,15.801
2025-08-12 02:00:00,765.78,15.615
2025-08-12 02:30:00,765.65,15.421
2025-08-12 03:00:00,765.86,15.226
2025-08-12 03:30:00,766.03,15.016
2025-08-12 04:00:00,766.08,14.791
2025-08-12 04:30:00,766.13,14.535
2025-08-12 05:00:00,766.31,14.313
2025-08-12 05:30:00,766.15,14.097
2025-08-12 06:00:00,766.27,13.878
2025-08-12 06:30:00,766.32,13.661
2025-08-12 07:00:00,766.3,13.448
2025-08-12 07:30:00,766.31,13.243
2025-08-12 08:00:00,766.27,13.027
2025-08-12 08:30:00,766.47,12.805
2025-08-12 09:00:00,766.33,12.597
2025-08-12 09:30:00,766.5,12.398
2025-08-12 10:00:00,766.48,12.236
2025-08-12 10:30:00,766.73,12.072
2025-08-12 11:00:00,766.75,11.93
2025-08-12 11:30:00,766.92,11.789
2025-08-12 12:00:00,767.06,11.646
2025-08-12 12:30:00,767.13,11.53
2025-08-12 13:00:00,767.36,11.406
2025-08-12 13:30:00,767.74,11.302
2025-08-12 14:00:00,768.02,11.199
2025-08-12 14:30:00,768.17,11.106
2025-08-12 15:00:00,768.18,11.04
2025-08-12 15:30:00,768.16,10.998
2025-08-12 16:00:00,768.15,11.016
2025-08-12 16:30:00,767.99,11.145
2025-08-12 17:00:00,767.71,11.334
2025-08-12 17:30:00,767.66,11.654
2025-08-12 18:00:00,767.83,11.986
2025-08-12 18:30:00,767.65,12.49
2025-08-12 19:00:00,767.38,13.12
2025-08-12 19:30:00,767.0,14.105
2025-08-12 20:00:00,766.77,15.277
2025-08-12 20:30:00,766.44,15.828
2025-08-12 21:00:00,766.4,15.924
2025-08-12 21:30:00,766.32,15.774
2025-08-12 22:00:00,766.51,15.717
2025-08-12 22:30:00,766.35,15.826
2025-08-12 23:00:00,766.34,15.688
2025-08-12 23:30:00,765.64,15.564
2025-08-13 00:00:00,765.52,15.486
2025-08-13 00:30:00,765.1,15.458
2025-08-13 01:00:00,764.99,15.368
2025-08-13 01:30:00,764.89,15.228
2025-08-13 02:00:00,764.76,15.07
2025-08-13 02:30:00,764.88,14.921
2025-08-13 03:00:00,764.96,14.744
2025-08-13 03:30:00,765.4,14.552
2025-08-13 04:00:00,765.38,14.337
2025-08-13 04:30:00,765.53,14.124
2025-08-13 05:00:00,765.61,13.89
2025-08-13 05:30:00,765.52,13.677
2025-08-13 06:00:00,765.46,13.439
2025-08-13 06:30:00,765.42,13.239
2025-08-13 07:00:00,765.47,13.025
2025-08-13 07:30:00,765.41,12.853
2025-08-13 08:00:00,765.32,12.695
2025-08-13 08:30:00,765.37,12.524
2025-08-13 09:00:00,765.11,12.381
2025-08-13 09:30:00,765.19,12.235
2025-08-13 10:00:00,765.53,12.089
2025-08-13 10:30:00,765.24,11.944
2025-08-13 11:00:00,765.48,11.798
2025-08-13 11:30:00,765.47,11.658
2025-08-13 12:00:00,765.57,11.516
2025-08-13 12:30:00,765.8,11.401
2025-08-13 13:00:00,765.83,11.259
2025-08-13 13:30:00,765.98,11.128
2025-08-13 14:00:00,766.04,10.989
2025-08-13 14:30:00,766.33,10.877
2025-08-13 15:00:00,766.32,10.789
2025-08-13 15:30:00,766.38,10.721
2025-08-13 16:00:00,766.19,10.726
2025-08-13 16:30:00,765.98,10.835
2025-08-13 17:00:00,765.92,11.047
2025-08-13 17:30:00,765.8,11.379
2025-08-13 18:00:00,765.52,11.763
2025-08-13 18:30:00,765.42,12.399
2025-08-13 19:00:00,765.21,13.004
2025-08-13 19:30:00,765.0,14.039
2025-08-13 20:00:00,764.79,15.213
2025-08-13 20:30:00,764.48,16.002
2025-08-13 21:00:00,764.43,16.417
2025-08-13 21:30:00,763.98,16.613
2025-08-13 22:00:00,763.74,16.963
2025-08-13 22:30:00,763.45,17.148
2025-08-13 23:00:00,763.12,17.173
2025-08-13 23:30:00,763.13,17.025
2025-08-14 00:00:00,763.12,16.789
2025-08-14 00:30:00,762.76,16.533
2025-08-14 01:00:00,762.54,16.324
2025-08-14 01:30:00,762.3,16.118
2025-08-14 02:00:00,762.39,15.876
2025-08-14 02:30:00,762.68,15.594
2025-08-14 03:00:00,762.68,15.302
2025-08-14 03:30:00,762.95,14.995
2025-08-14 04:00:00,763.01,14.692
2025-08-14 04:30:00,763.08,14.387
2025-08-14 05:00:00,762.96,14.085
2025-08-14 05:30:00,763.14,13.811
2025-08-14 06:00:00,762.94,13.537
2025-08-14 06:30:00,763.08,13.275
2025-08-14 07:00:00,763.23,13.037
2025-08-14 07:30:00,763.38,12.838
2025-08-14 08:00:00,763.43,12.637
2025-08-14 08:30:00,763.38,12.463
2025-08-14 09:00:00,763.27,12.263
2025-08-14 09:30:00,763.38,12.09
2025-08-14 10:00:00,763.95,11.939
2025-08-14 10:30:00,764.38,11.783
2025-08-14 11:00:00,764.65,11.646
2025-08-14 11:30:00,764.9,11.504
2025-08-14 12:00:00,765.22,11.367
2025-08-14 12:30:00,765.2,11.215
2025-08-14 13:00:00,765.47,11.074
2025-08-14 13:30:00,765.74,10.93
2025-08-14 14:00:00,765.63,10.825
2025-08-14 14:30:00,765.76,10.716
2025-08-14 15:00:00,765.86,10.62
2025-08-14 15:30:00,765.8,10.562
2025-08-14 16:00:00,765.93,10.575
2025-08-14 16:30:00,765.42,10.678
2025-08-14 17:00:00,765.14,10.861
2025-08-14 17:30:00,764.88,11.111
2025-08-14 18:00:00,764.73,11.532
2025-08-14 18:30:00,764.57,12.031
2025-08-14 19:00:00,764.07,12.566
2025-08-14 19:30:00,763.88,13.325
2025-08-14 20:00:00,763.47,14.302
2025-08-14 20:30:00,763.14,15.258
2025-08-14 21:00:00,762.81,15.928
2025-08-14 21:30:00,762.19,16.351
2025-08-14 22:00:00,761.8,16.684
2025-08-14 22:30:00,761.65,16.834
2025-08-14 23:00:00,761.23,16.899
2025-08-14 23:30:00,761.02,16.855
2025-08-15 00:00:00,760.9,16.547
2025-08-15 00:30:00,760.58,16.291
2025-08-15 01:00:00,760.51,16.086
2025-08-15 01:30:00,760.66,15.866
2025-08-15 02:00:00,760.3,15.595
2025-08-15 02:30:00,760.25,15.368
2025-08-15 03:00:00,760.79,15.127
2025-08-15 03:30:00,760.69,14.865
2025-08-15 04:00:00,760.71,14.589
2025-08-15 04:30:00,760.57,14.304
2025-08-15 05:00:00,760.7,14.023
2025-08-15 05:30:00,760.81,13.765
2025-08-15 06:00:00,760.5,13.499
2025-08-15 06:30:00,760.61,13.258
2025-08-15 07:00:00,760.38,13.041
2025-08-15 07:30:00,760.66,12.819
2025-08-15 08:00:00,760.56,12.606
2025-08-15 08:30:00,760.54,12.415
2025-08-15 09:00:00,760.35,12.237
2025-08-15 09:30:00,760.49,12.071
2025-08-15 10:00:00,760.59,11.917
2025-08-15 10:30:00,760.84,11.77
2025-08-15 11:00:00,760.83,11.63
2025-08-15 11:30:00,760.89,11.485
2025-08-15 12:00:00,761.0,11.358
2025-08-15 12:30:00,761.23,11.231
2025-08-15 13:00:00,761.58,11.12
2025-08-15 13:30:00,761.77,11.023
2025-08-15 14:00:00,761.76,10.928
2025-08-15 14:30:00,762.07,10.834
2025-08-15 15:00:00,762.09,10.755
2025-08-15 15:30:00,762.15,10.691
2025-08-15 16:00:00,762.22,10.655
2025-08-15 16:30:00,762.12,10.699
2025-08-15 17:00:00,762.3,10.803
2025-08-15 17:30:00,762.06,11.034
2025-08-15 18:00:00,762.24,11.343
2025-08-15 18:30:00,762.01,11.887
2025-08-15 19:00:00,762.01,12.448
2025-08-15 19:30:00,761.54,13.331
2025-08-15 20:00:00,761.45,14.467
2025-08-15 20:30:00,761.18,15.346
2025-08-15 21:00:00,761.24,15.442
2025-08-15 21:30:00,761.25,15.853
2025-08-15 22:00:00,761.07,16.385
2025-08-15 22:30:00,760.75,16.63
2025-08-15 23:00:00,760.55,16.761
2025-08-15 23:30:00,760.49,16.733
2025-08-16 00:00:00,760.56,16.629
2025-08-16 00:30:00,760.18,16.569
2025-08-16 01:00:00,760.09,16.524
2025-08-16 01:30:00,760.19,16.458
2025-08-16 02:00:00,759.98,16.329
2025-08-16 02:30:00,760.19,16.068
2025-08-16 03:00:00,760.22,15.757
2025-08-16 03:30:00,760.45,15.425
2025-08-16 04:00:00,760.51,15.113
2025-08-16 04:30:00,760.67,14.802
2025-08-16 05:00:00,760.89,14.499
2025-08-16 05:30:00,760.64,14.214
2025-08-16 06:00:00,760.72,13.922
2025-08-16 06:30:00,760.96,13.64
2025-08-16 07:00:00,761.05,13.379
2025-08-16 07:30:00,761.12,13.131
2025-08-16 08:00:00,761.02,12.902
2025-08-16 08:30:00,761.18,12.689
2025-08-16 09:00:00,761.0,12.496
2025-08-16 09:30:00,761.09,12.336
2025-08-16 10:00:00,761.47,12.183
2025-08-16 10:30:00,761.6,12.037
2025-08-16 11:00:00,761.67,11.902
2025-08-16 11:30:00,762.0,11.753
2025-08-16 12:00:00,762.49,11.583
2025-08-16 12:30:00,762.88,11.445
2025-08-16 13:00:00,763.2,11.303
2025-08-16 13:30:00,763.74,11.187
2025-08-16 14:00:00,763.98,11.072
2025-08-16 14:30:00,764.09,10.98
2025-08-16 15:00:00,764.34,10.869
2025-08-16 15:30:00,764.31,10.796
2025-08-16 16:00:00,764.12,10.772
2025-08-16 16:30:00,764.06,10.835
2025-08-16 17:00:00,764.25,10.965
2025-08-16 17:30:00,764.0,11.208
2025-08-16 18:00:00,764.15,11.574
2025-08-16 18:30:00,763.64,12.037
2025-08-16 19:00:00,763.84,12.622
2025-08-16 19:30:00,763.61,13.343
2025-08-16 20:00:00,763.28,14.208
2025-08-16 20:30:00,763.12,15.207
2025-08-16 21:00:00,762.77,15.734
2025-08-16 21:30:00,762.67,16.128
2025-08-16 22:00:00,761.96,16.415
2025-08-16 22:30:00,761.75,16.457
2025-08-16 23:00:00,761.36,16.541
2025-08-16 23:30:00,761.37,16.442
2025-08-17 00:00:00,761.18,16.22
2025-08-17 00:30:00,761.27,16.039
2025-08-17 01:00:00,761.06,15.929
2025-08-17 01:30:00,760.93,15.758
2025-08-17 02:00:00,760.73,15.573
2025-08-17 02:30:00,760.86,15.35
2025-08-17 03:00:00,761.2,15.069
2025-08-17 03:30:00,760.88,14.776
2025-08-17 04:00:00,761.33,14.49
2025-08-17 04:30:00,761.12,14.217
2025-08-17 05:00:00,761.15,13.953
2025-08-17 05:30:00,761.36,13.681
2025-08-17 06:00:00,761.35,13.411
2025-08-17 06:30:00,761.01,13.188
2025-08-17 07:00:00,760.94,12.986
2025-08-17 07:30:00,760.8,12.779
2025-08-17 08:00:00,760.81,12.568
2025-08-17 08:30:00,760.76,12.355
2025-08-17 09:00:00,760.63,12.145
2025-08-17 09:30:00,760.64,11.955
2025-08-17 10:00:00,760.65,11.758
2025-08-17 10:30:00,760.81,11.578
2025-08-17 11:00:00,760.71,11.428
2025-08-17 11:30:00,760.83,11.262
2025-08-17 12:00:00,761.04,11.125
2025-08-17 12:30:00,761.02,11.002
2025-08-17 13:00:00,761.28,10.887
2025-08-17 13:30:00,761.3,10.776
2025-08-17 14:00:00,761.69,10.655
2025-08-17 14:30:00,761.91,10.541
2025-08-17 15:00:00,762.0,10.462
2025-08-17 15:30:00,762.23,10.38
2025-08-17 16:00:00,761.98,10.332
2025-08-17 16:30:00,761.81,10.321
2025-08-17 17:00:00,761.91,10.391
2025-08-17 17:30:00,761.78,10.554
2025-08-17 18:00:00,761.82,10.901
2025-08-17 18:30:00,761.76,11.426
2025-08-17 19:00:00,761.64,12.072
2025-08-17 19:30:00,761.37,12.905
2025-08-17 20:00:00,760.87,13.888
2025-08-17 20:30:00,760.63,14.736
2025-08-17 21:00:00,760.54,15.413
2025-08-17 21:30:00,760.08,15.924
2025-08-17 22:00:00,759.87,16.242
2025-08-17 22:30:00,759.66,16.308
2025-08-17 23:00:00,759.35,16.328
2025-08-17 23:30:00,759.3,16.249
2025-08-18 00:00:00,759.27,16.01
2025-08-18 00:30:00,759.32,15.739
2025-08-18 01:00:00,759.32,15.456
2025-08-18 01:30:00,759.29,15.168
2025-08-18 02:00:00,759.08,14.926
2025-08-18 02:30:00,759.52,14.676
2025-08-18 03:00:00,759.35,14.423
2025-08-18 03:30:00,759.37,14.192
2025-08-18 04:00:00,759.53,13.973
2025-08-18 04:30:00,759.37,13.762
2025-08-18 05:00:00,759.54,13.52
2025-08-18 05:30:00,759.39,13.288
2025-08-18 06:00:00,759.1,13.063
2025-08-18 06:30:00,759.35,12.814
2025-08-18 07:00:00,759.51,12.572
2025-08-18 07:30:00,759.29,12.336
2025-08-18 08:00:00,759.3,12.116
2025-08-18 08:30:00,759.36,11.896
2025-08-18 09:00:00,759.63,11.686
2025-08-18 09:30:00,759.56,11.468
2025-08-18 10:00:00,759.78,11.289
2025-08-18 10:30:00,759.68,11.124
2025-08-18 11:00:00,759.58,10.974
2025-08-18 11:30:00,759.62,10.792
2025-08-18 12:00:00,759.87,10.606
2025-08-18 12:30:00,759.86,10.418
2025-08-18 13:00:00,760.32,10.203
2025-08-18 13:30:00,760.52,9.998
2025-08-18 14:00:00,760.79,9.79
2025-08-18 14:30:00,761.01,9.595
2025-08-18 15:00:00,760.99,9.405
2025-08-18 15:30:00,761.29,9.237
2025-08-18 16:00:00,761.46,9.137
2025-08-18 16:30:00,761.7,9.153
2025-08-18 17:00:00,761.78,9.254
2025-08-18 17:30:00,761.7,9.463
2025-08-18 18:00:00,761.7,9.855
2025-08-18 18:30:00,761.42,10.446
2025-08-18 19:00:00,761.5,11.254
2025-08-18 19:30:00,761.41,12.396
2025-08-18 20:00:00,761.3,13.553
2025-08-18 20:30:00,761.09,14.493
2025-08-18 21:00:00,761.03,15.277
2025-08-18 21:30:00,760.93,15.839
2025-08-18 22:00:00,760.51,16.071
2025-08-18 22:30:00,760.67,16.093
2025-08-18 23:00:00,760.34,16.031
2025-08-18 23:30:00,760.25,15.815
2025-08-19 00:00:00,760.03,15.532
2025-08-19 00:30:00,759.98,15.302
2025-08-19 01:00:00,760.04,15.087
2025-08-19 01:30:00,760.09,14.862
2025-08-19 02:00:00,760.12,14.625
2025-08-19 02:30:00,760.09,14.333
2025-08-19 03:00:00,760.31,14.052
2025-08-19 03:30:00,760.41,13.79
2025-08-19 04:00:00,760.58,13.548
2025-08-19 04:30:00,760.39,13.315
2025-08-19 05:00:00,760.15,13.069
2025-08-19 05:30:00,760.29,12.82
2025-08-19 06:00:00,760.53,12.576
2025-08-19 06:30:00,760.48,12.309
2025-08-19 07:00:00,760.47,12.032
2025-08-19 07:30:00,760.76,11.763
2025-08-19 08:00:00,760.78,11.516
2025-08-19 08:30:00,760.58,11.279
2025-08-19 09:00:00,760.5,11.049
2025-08-19 09:30:00,760.68,10.85
2025-08-19 10:00:00,760.53,10.657
2025-08-19 10:30:00,760.54,10.483
2025-08-19 11:00:00,760.66,10.327
2025-08-19 11:30:00,760.61,10.168
2025-08-19 12:00:00,760.56,10.009
2025-08-19 12:30:00,760.44,9.83
2025-08-19 13:00:00,760.62,9.634
2025-08-19 13:30:00,760.9,9.448
2025-08-19 14:00:00,761.19,9.29
2025-08-19 14:30:00,761.31,9.174
2025-08-19 15:00:00,761.38,9.085
2025-08-19 15:30:00,761.52,8.998
2025-08-19 16:00:00,761.42,8.985
2025-08-19 16:30:00,761.55,9.015
2025-08-19 17:00:00,761.67,9.077
2025-08-19 17:30:00,761.73,9.238
2025-08-19 18:00:00,761.94,9.565
2025-08-19 18:30:00,761.98,10.09
2025-08-19 19:00:00,761.81,10.723
2025-08-19 19:30:00,761.72,11.656
2025-08-19 20:00:00,761.74,12.687
2025-08-19 20:30:00,761.47,13.694
2025-08-19 21:00:00,761.35,14.537
2025-08-19 21:30:00,761.13,15.149
2025-08-19 22:00:00,761.0,15.454
2025-08-19 22:30:00,761.01,15.553
2025-08-19 23:00:00,760.69,15.49
2025-08-19 23:30:00,760.73,15.38
2025-08-20 00:00:00,760.64,15.137
2025-08-20 00:30:00,760.44,14.885
2025-08-20 01:00:00,760.52,14.662
2025-08-20 01:30:00,760.47,14.411
2025-08-20 02:00:00,760.6,14.141
2025-08-20 02:30:00,760.6,13.864
2025-08-20 03:00:00,760.93,13.618
2025-08-20 03:30:00,761.15,13.379
2025-08-20 04:00:00,761.37,13.148
2025-08-20 04:30:00,761.32,12.916
2025-08-20 05:00:00,761.24,12.688
2025-08-20 05:30:00,761.34,12.45
2025-08-20 06:00:00,761.28,12.228
2025-08-20 06:30:00,761.27,11.996
2025-08-20 07:00:00,761.2,11.773
2025-08-20 07:30:00,760.96,11.543
2025-08-20 08:00:00,760.83,11.329
2025-08-20 08:30:00,760.87,11.119
2025-08-20 09:00:00,760.92,10.915
2025-08-20 09:30:00,761.03,10.699
2025-08-20 10:00:00,761.02,10.493
2025-08-20 10:30:00,760.93,10.317
2025-08-20 11:00:00,760.87,10.127
2025-08-20 11:30:00,761.11,9.969
2025-08-20 12:00:00,760.97,9.799
2025-08-20 12:30:00,760.98,9.629
2025-08-20 13:00:00,760.97,9.489
2025-08-20 13:30:00,760.91,9.336
2025-08-20 14:00:00,761.1,9.219
2025-08-20 14:30:00,761.5,9.094
2025-08-20 15:00:00,761.65,8.986
2025-08-20 15:30:00,761.8,8.926
2025-08-20 16:00:00,761.89,8.902
2025-08-20 16:30:00,761.96,8.95
2025-08-20 17:00:00,762.22,9.108
2025-08-20 17:30:00,762.23,9.314
2025-08-20 18:00:00,762.17,9.718
2025-08-20 18:30:00,762.29,10.281
2025-08-20 19:00:00,762.27,11.094
2025-08-20 19:30:00,762.2,12.052
2025-08-20 20:00:00,761.87,13.162
2025-08-20 20:30:00,761.81,14.164
2025-08-20 21:00:00,761.49,14.993
2025-08-20 21:30:00,761.45,15.615
2025-08-20 22:00:00,761.35,15.953
2025-08-20 22:30:00,761.08,16.047
2025-08-20 23:00:00,760.84,16.035
2025-08-20 23:30:00,760.75,15.902
2025-08-21 00:00:00,760.6,15.657
2025-08-21 00:30:00,760.73,15.379
2025-08-21 01:00:00,760.64,15.186
2025-08-21 01:30:00,760.38,15.015
2025-08-21 02:00:00,760.59,14.796
2025-08-21 02:30:00,760.8,14.54
2025-08-21 03:00:00,760.72,14.289
2025-08-21 03:30:00,761.12,14.033
2025-08-21 04:00:00,761.15,13.779
2025-08-21 04:30:00,761.4,13.532
2025-08-21 05:00:00,761.21,13.284
2025-08-21 05:30:00,761.14,13.042
2025-08-21 06:00:00,761.25,12.796
2025-08-21 06:30:00,761.11,12.554
2025-08-21 07:00:00,761.26,12.299
2025-08-21 07:30:00,761.27,12.078
2025-08-21 08:00:00,761.26,11.851
2025-08-21 08:30:00,761.26,11.665
2025-08-21 09:00:00,761.25,11.478
2025-08-21 09:30:00,761.19,11.295
2025-08-21 10:00:00,760.9,11.111
2025-08-21 10:30:00,760.9,10.936
2025-08-21 11:00:00,760.93,10.798
2025-08-21 11:30:00,761.01,10.674
2025-08-21 12:00:00,760.81,10.543
2025-08-21 12:30:00,760.72,10.424
2025-08-21 13:00:00,760.81,10.312
2025-08-21 13:30:00,761.1,10.211
2025-08-21 14:00:00,761.42,10.137
2025-08-21 14:30:00,761.71,10.085
2025-08-21 15:00:00,761.84,10.07
2025-08-21 15:30:00,762.06,10.093
2025-08-21 16:00:00,762.04,10.117
2025-08-21 16:30:00,762.23,10.173
2025-08-21 17:00:00,762.23,10.28
2025-08-21 17:30:00,762.29,10.489
2025-08-21 18:00:00,762.32,10.796
2025-08-21 18:30:00,762.26,11.319
2025-08-21 19:00:00,761.84,12.107
2025-08-21 19:30:00,761.8,13.034
2025-08-21 20:00:00,761.72,14.116
2025-08-21 20:30:00,761.41,15.07
2025-08-21 21:00:00,761.24,15.791
2025-08-21 21:30:00,761.13,16.323
2025-08-21 22:00:00,760.84,16.606
2025-08-21 22:30:00,760.65,16.492
2025-08-21 23:00:00,760.37,16.356
2025-08-21 23:30:00,760.21,16.202
2025-08-22 00:00:00,760.32,16.046
2025-08-22 00:30:00,760.1,15.89
2025-08-22 01:00:00,759.9,15.717
2025-08-22 01:30:00,759.78,15.523
2025-08-22 02:00:00,759.86,15.318
2025-08-22 02:30:00,759.9,15.121
2025-08-22 03:00:00,759.88,14.943
2025-08-22 03:30:00,759.94,14.709
2025-08-22 04:00:00,760.21,14.47
2025-08-22 04:30:00,760.36,14.221
2025-08-22 05:00:00,760.31,13.976
2025-08-22 05:30:00,760.42,13.731
2025-08-22 06:00:00,760.45,13.485
2025-08-22 06:30:00,760.41,13.258
2025-08-22 07:00:00,760.51,13.043
2025-08-22 07:30:00,760.56,12.843
2025-08-22 08:00:00,760.42,12.631
2025-08-22 08:30:00,760.58,12.443
2025-08-22 09:00:00,760.58,12.256
2025-08-22 09:30:00,760.66,12.087
2025-08-22 10:00:00,760.75,11.922
2025-08-22 10:30:00,760.75,11.754
2025-08-22 11:00:00,760.92,11.619
2025-08-22 11:30:00,761.07,11.494
2025-08-22 12:00:00,761.11,11.385
2025-08-22 12:30:00,761.47,11.28
2025-08-22 13:00:00,761.89,11.157
2025-08-22 13:30:00,762.26,11.055
2025-08-22 14:00:00,762.48,10.974
2025-08-22 14:30:00,762.98,10.932
2025-08-22 15:00:00,763.15,10.89
2025-08-22 15:30:00,763.43,10.883
2025-08-22 16:00:00,763.63,10.923
2025-08-22 16:30:00,763.76,11.053
2025-08-22 17:00:00,763.77,11.227
2025-08-22 17:30:00,764.21,11.516
2025-08-22 18:00:00,764.2,11.952
2025-08-22 18:30:00,763.93,12.404
2025-08-22 19:00:00,763.8,13.105
2025-08-22 19:30:00,763.52,13.759
2025-08-22 20:00:00,763.47,14.391
2025-08-22 20:30:00,763.08,14.831
2025-08-22 21:00:00,763.07,15.367
2025-08-22 21:30:00,762.77,15.795
2025-08-22 22:00:00,762.17,16.188
2025-08-22 22:30:00,761.83,16.385
2025-08-22 23:00:00,761.68,16.468
2025-08-22 23:30:00,761.65,16.37
2025-08-23 00:00:00,761.39,16.207
2025-08-23 00:30:00,761.4,16.065
2025-08-23 01:00:00,761.15,15.888
2025-08-23 01:30:00,761.26,15.661
2025-08-23 02:00:00,761.52,15.446
2025-08-23 02:30:00,762.01,15.247
2025-08-23 03:00:00,762.24,15.042
2025-08-23 03:30:00,762.39,14.786
2025-08-23 04:00:00,762.45,14.536
2025-08-23 04:30:00,762.48,14.295
2025-08-23 05:00:00,762.5,14.055
2025-08-23 05:30:00,762.64,13.826
2025-08-23 06:00:00,762.48,13.6
2025-08-23 06:30:00,762.8,13.388
2025-08-23 07:00:00,762.77,13.191
2025-08-23 07:30:00,762.77,13.003
2025-08-23 08:00:00,763.07,12.827
2025-08-23 08:30:00,762.97,12.664
2025-08-23 09:00:00,763.11,12.518
2025-08-23 09:30:00,763.44,12.371
2025-08-23 10:00:00,763.62,12.22
2025-08-23 10:30:00,764.18,12.083
2025-08-23 11:00:00,764.62,11.958
2025-08-23 11:30:00,764.91,11.827
2025-08-23 12:00:00,765.31,11.692
2025-08-23 12:30:00,765.68,11.576
2025-08-23 13:00:00,766.09,11.463
2025-08-23 13:30:00,766.23,11.358
2025-08-23 14:00:00,766.65,11.255
2025-08-23 14:30:00,766.82,11.165
2025-08-23 15:00:00,766.87,11.117
2025-08-23 15:30:00,766.79,11.096
2025-08-23 16:00:00,766.97,11.123
2025-08-23 16:30:00,766.89,11.22
2025-08-23 17:00:00,766.54,11.38
2025-08-23 17:30:00,766.77,11.632
2025-08-23 18:00:00,766.47,12.058
2025-08-23 18:30:00,765.97,12.433
2025-08-23 19:00:00,765.54,12.964
2025-08-23 19:30:00,765.55,13.682
2025-08-23 20:00:00,765.75,13.871
2025-08-23 20:30:00,766.1,13.904
2025-08-23 21:00:00,773.07,13.155
2025-08-23 21:30:00,778.19,12.554
2025-08-23 22:00:00,791.56,12.073
2025-08-23 22:30:00,801.35,11.566
2025-08-23 23:00:00,806.89,11.827
2025-08-23 23:30:00,809.28,11.443
2025-08-24 00:00:00,809.46,11.176
2025-08-24 00:30:00,806.96,10.916
2025-08-24 01:00:00,804.45,10.764
2025-08-24 01:30:00,800.72,10.69
2025-08-24 02:00:00,800.56,10.57
2025-08-24 02:30:00,798.04,10.492
2025-08-24 03:00:00,797.2,10.439
2025-08-24 03:30:00,795.09,10.375
2025-08-24 04:00:00,794.8,10.371
2025-08-24 04:30:00,793.25,10.325
2025-08-24 05:00:00,793.73,10.268
2025-08-24 05:30:00,792.04,10.224
2025-08-24 06:00:00,791.94,10.143
2025-08-24 06:30:00,791.94,10.103
2025-08-24 07:00:00,790.21,10.068
2025-08-24 07:30:00,789.42,10.019
2025-08-24 08:00:00,789.73,9.976
2025-08-24 08:30:00,789.57,9.883
2025-08-24 09:00:00,789.71,9.816
2025-08-24 09:30:00,788.69,9.758
2025-08-24 10:00:00,788.38,9.69
2025-08-24 10:30:00,787.18,9.611
2025-08-24 11:00:00,786.6,9.509
2025-08-24 11:30:00,786.34,9.389
2025-08-24 12:00:00,786.16,9.328
2025-08-24 12:30:00,785.65,9.295
2025-08-24 13:00:00,785.23,9.252
2025-08-24 13:30:00,784.4,9.204
2025-08-24 14:00:00,784.17,9.139
2025-08-24 14:30:00,783.63,9.102
2025-08-24 15:00:00,783.44,9.109
2025-08-24 15:30:00,783.0,9.223
2025-08-24 16:00:00,782.36,9.469
2025-08-24 16:30:00,782.69,9.782
2025-08-24 17:00:00,782.2,10.045
2025-08-24 17:30:00,781.98,10.237
2025-08-24 18:00:00,781.41,10.35
2025-08-24 18:30:00,781.3,10.548
2025-08-24 19:00:00,780.64,10.864
2025-08-24 19:30:00,781.17,11.107
2025-08-24 20:00:00,781.59,10.965
2025-08-24 20:30:00,782.58,10.711
2025-08-24 21:00:00,781.55,10.761
2025-08-24 21:30:00,784.13,10.873
2025-08-24 22:00:00,783.34,10.893
2025-08-24 22:30:00,783.04,10.957
2025-08-24 23:00:00,783.05,11.102
2025-08-24 23:30:00,784.34,11.268
2025-08-25 00:00:00,783.96,11.413
2025-08-25 00:30:00,785.2,11.521
2025-08-25 01:00:00,785.65,11.354
2025-08-25 01:30:00,786.33,11.155
2025-08-25 02:00:00,787.71,10.981
2025-08-25 02:30:00,788.52,10.861
2025-08-25 03:00:00,788.64,10.79
2025-08-25 03:30:00,791.82,10.663
2025-08-25 04:00:00,792.86,10.514
2025-08-25 04:30:00,791.92,10.369
2025-08-25 05:00:00,791.02,10.249
2025-08-25 05:30:00,790.08,10.133
2025-08-25 06:00:00,789.54,10.022
2025-08-25 06:30:00,788.59,9.941
2025-08-25 07:00:00,787.33,9.875
2025-08-25 07:30:00,787.03,9.773
2025-08-25 08:00:00,785.86,9.627
2025-08-25 08:30:00,785.43,9.503
2025-08-25 09:00:00,785.32,9.395
2025-08-25 09:30:00,785.03,9.285
2025-08-25 10:00:00,784.09,9.182
2025-08-25 10:30:00,783.2,9.061
2025-08-25 11:00:00,782.62,8.942
2025-08-25 11:30:00,782.15,8.839
2025-08-25 12:00:00,782.34,8.728
2025-08-25 12:30:00,781.53,8.628
2025-08-25 13:00:00,781.05,8.53
2025-08-25 13:30:00,780.89,8.431
2025-08-25 14:00:00,780.68,8.337
2025-08-25 14:30:00,780.09,8.268
2025-08-25 15:00:00,779.7,8.215
2025-08-25 15:30:00,779.61,8.245
2025-08-25 16:00:00,779.26,8.434
2025-08-25 16:30:00,778.78,8.697
2025-08-25 17:00:00,778.42,9.018
2025-08-25 17:30:00,778.06,9.416
2025-08-25 18:00:00,777.64,9.93
2025-08-25 18:30:00,777.13,10.552
2025-08-25 19:00:00,777.66,10.856
2025-08-25 19:30:00,778.15,10.815
2025-08-25 20:00:00,777.68,10.732
2025-08-25 20:30:00,779.28,10.635
2025-08-25 21:00:00,779.49,10.583
2025-08-25 21:30:00,780.23,10.446
2025-08-25 22:00:00,781.21,10.2
2025-08-25 22:30:00,780.96,10.041
2025-08-25 23:00:00,781.38,10.005
2025-08-25 23:30:00,784.27,10.07
2025-08-26 00:00:00,785.14,10.13
2025-08-26 00:30:00,786.46,10.152
2025-08-26 01:00:00,786.26,10.208
2025-08-26 01:30:00,786.93,10.158
2025-08-26 02:00:00,786.58,10.027
2025-08-26 02:30:00,786.13,9.905
2025-08-26 03:00:00,784.93,9.826
2025-08-26 03:30:00,784.06,9.737
2025-08-26 04:00:00,783.57,9.665
2025-08-26 04:30:00,783.19,9.592
2025-08-26 05:00:00,782.45,9.531
2025-08-26 05:30:00,781.65,9.479
2025-08-26 06:00:00,780.39,9.407
2025-08-26 06:30:00,780.28,9.309
2025-08-26 07:00:00,779.65,9.217
2025-08-26 07:30:00,779.08,9.144
2025-08-26 08:00:00,778.7,9.077
2025-08-26 08:30:00,778.7,9.022
2025-08-26 09:00:00,778.19,8.962
2025-08-26 09:30:00,777.64,8.873
2025-08-26 10:00:00,777.53,8.792
2025-08-26 10:30:00,776.77,8.697
2025-08-26 11:00:00,776.45,8.615
2025-08-26 11:30:00,776.47,8.554
2025-08-26 12:00:00,776.82,8.49
2025-08-26 12:30:00,776.89,8.441
2025-08-26 13:00:00,777.25,8.43
2025-08-26 13:30:00,777.39,8.419
2025-08-26 14:00:00,777.61,8.368
2025-08-26 14:30:00,778.35,8.384
2025-08-26 15:00:00,778.33,8.477
2025-08-26 15:30:00,778.42,8.582
2025-08-26 16:00:00,777.88,8.685
2025-08-26 16:30:00,777.72,8.819
2025-08-26 17:00:00,777.33,8.996
2025-08-26 17:30:00,776.83,9.253
2025-08-26 18:00:00,776.96,9.425
2025-08-26 18:30:00,776.14,9.55
2025-08-26 19:00:00,776.02,9.672
2025-08-26 19:30:00,776.39,9.669
2025-08-26 20:00:00,779.76,9.495
2025-08-26 20:30:00,781.35,9.127
2025-08-26 21:00:00,784.78,8.809
2025-08-26 21:30:00,791.29,8.705
2025-08-26 22:00:00,796.03,8.637
2025-08-26 22:30:00,799.29,8.606
2025-08-26 23:00:00,801.65,8.851
2025-08-26 23:30:00,803.63,9.092
2025-08-27 00:00:00,803.58,9.219
2025-08-27 00:30:00,803.71,9.271
2025-08-27 01:00:00,799.71,9.34
2025-08-27 01:30:00,797.96,9.328
2025-08-27 02:00:00,795.21,9.193
2025-08-27 02:30:00,793.48,9.08
2025-08-27 03:00:00,791.99,8.989
2025-08-27 03:30:00,790.89,8.866
2025-08-27 04:00:00,789.66,8.752
2025-08-27 04:30:00,788.68,8.65
2025-08-27 05:00:00,787.73,8.565
2025-08-27 05:30:00,787.99,8.471
2025-08-27 06:00:00,786.26,8.36
2025-08-27 06:30:00,785.37,8.243
2025-08-27 07:00:00,784.57,8.142
2025-08-27 07:30:00,784.62,8.04
2025-08-27 08:00:00,784.32,7.939
2025-08-27 08:30:00,783.68,7.844
2025-08-27 09:00:00,783.04,7.704
2025-08-27 09:30:00,782.79,7.576
2025-08-27 10:00:00,782.43,7.463
2025-08-27 10:30:00,781.99,7.346
2025-08-27 11:00:00,781.41,7.21
2025-08-27 11:30:00,781.3,7.064
2025-08-27 12:00:00,780.77,6.893
2025-08-27 12:30:00,780.4,6.706
2025-08-27 13:00:00,780.62,6.561
2025-08-27 13:30:00,780.69,6.452
2025-08-27 14:00:00,780.27,6.328
2025-08-27 14:30:00,780.33,6.275
2025-08-27 15:00:00,780.51,6.331
2025-08-27 15:30:00,780.01,6.477
2025-08-27 16:00:00,779.48,6.668
2025-08-27 16:30:00,779.24,6.903
2025-08-27 17:00:00,779.16,7.141
2025-08-27 17:30:00,779.07,7.356
2025-08-27 18:00:00,778.84,7.647
2025-08-27 18:30:00,778.6,8.123
2025-08-27 19:00:00,777.74,8.378
2025-08-27 19:30:00,777.13,8.828
2025-08-27 20:00:00,776.89,9.452
2025-08-27 20:30:00,777.04,9.43
2025-08-27 21:00:00,777.17,9.321
2025-08-27 21:30:00,776.52,9.226
2025-08-27 22:00:00,776.5,9.251
2025-08-27 22:30:00,776.15,9.487
2025-08-27 23:00:00,776.28,9.674
2025-08-27 23:30:00,776.42,9.793
2025-08-28 00:00:00,776.89,9.77
2025-08-28 00:30:00,776.4,9.609
2025-08-28 01:00:00,776.29,9.51
2025-08-28 01:30:00,776.4,9.47
2025-08-28 02:00:00,776.21,9.369
2025-08-28 02:30:00,776.42,9.202
2025-08-28 03:00:00,776.51,9.052
2025-08-28 03:30:00,776.37,8.879
2025-08-28 04:00:00,776.05,8.716
2025-08-28 04:30:00,775.93,8.564
2025-08-28 05:00:00,775.99,8.421
2025-08-28 05:30:00,776.04,8.288
2025-08-28 06:00:00,775.75,8.153
2025-08-28 06:30:00,775.51,8.012
2025-08-28 07:00:00,775.29,7.856
2025-08-28 07:30:00,774.78,7.694
2025-08-28 08:00:00,774.61,7.516
2025-08-28 08:30:00,774.46,7.327
2025-08-28 09:00:00,774.18,7.146
2025-08-28 09:30:00,774.08,6.974
2025-08-28 10:00:00,773.65,6.813
2025-08-28 10:30:00,773.39,6.648
2025-08-28 11:00:00,773.27,6.497
2025-08-28 11:30:00,773.33,6.333
2025-08-28 12:00:00,772.73,6.193
2025-08-28 12:30:00,772.87,6.059
2025-08-28 13:00:00,772.65,5.945
2025-08-28 13:30:00,772.86,5.82
2025-08-28 14:00:00,772.8,5.705
2025-08-28 14:30:00,772.71,5.618
2025-08-28 15:00:00,772.72,5.555
2025-08-28 15:30:00,772.51,5.543
2025-08-28 16:00:00,772.42,5.632
2025-08-28 16:30:00,772.03,5.845
2025-08-28 17:00:00,772.31,6.145
2025-08-28 17:30:00,771.85,6.538
2025-08-28 18:00:00,771.58,7.023
2025-08-28 18:30:00,771.68,7.536
2025-08-28 19:00:00,771.1,8.084
2025-08-28 19:30:00,771.13,8.762
2025-08-28 20:00:00,770.48,9.518
2025-08-28 20:30:00,770.13,10.205
2025-08-28 21:00:00,770.11,10.722
2025-08-28 21:30:00,769.55,10.925
2025-08-28 22:00:00,769.25,10.894
2025-08-28 22:30:00,769.06,10.852
2025-08-28 23:00:00,768.89,10.78
2025-08-28 23:30:00,768.9,10.64
2025-08-29 00:00:00,768.61,10.458
2025-08-29 00:30:00,768.48,10.295
2025-08-29 01:00:00,768.38,10.152
2025-08-29 01:30:00,768.24,10.031
2025-08-29 02:00:00,768.06,9.917
2025-08-29 02:30:00,768.14,9.801
2025-08-29 03:00:00,768.21,9.688
2025-08-29 03:30:00,768.44,9.572
2025-08-29 04:00:00,768.36,9.438
2025-08-29 04:30:00,768.79,9.276
2025-08-29 05:00:00,768.25,9.09
2025-08-29 05:30:00,768.4,8.907
2025-08-29 06:00:00,767.93,8.737
2025-08-29 06:30:00,767.94,8.581
2025-08-29 07:00:00,767.99,8.445
2025-08-29 07:30:00,767.7,8.319
2025-08-29 08:00:00,767.69,8.198
2025-08-29 08:30:00,767.51,8.089
2025-08-29 09:00:00,767.29,7.99
2025-08-29 09:30:00,767.35,7.892
2025-08-29 10:00:00,767.44,7.806
2025-08-29 10:30:00,767.05,7.719
2025-08-29 11:00:00,767.04,7.636
2025-08-29 11:30:00,766.66,7.567
2025-08-29 12:00:00,766.9,7.494
2025-08-29 12:30:00,766.66,7.41
2025-08-29 13:00:00,766.71,7.331
2025-08-29 13:30:00,767.09,7.259
2025-08-29 14:00:00,767.1,7.19
2025-08-29 14:30:00,767.15,7.121
2025-08-29 15:00:00,767.04,7.084
2025-08-29 15:30:00,767.0,7.08
2025-08-29 16:00:00,767.37,7.135
2025-08-29 16:30:00,767.34,7.272
2025-08-29 17:00:00,767.38,7.498
2025-08-29 17:30:00,767.49,7.803
2025-08-29 18:00:00,767.34,8.229
2025-08-29 18:30:00,767.17,8.742
2025-08-29 19:00:00,767.25,9.269
2025-08-29 19:30:00,766.91,9.801
2025-08-29 20:00:00,766.61,10.218
2025-08-29 20:30:00,766.73,10.536
2025-08-29 21:00:00,766.41,10.591
2025-08-29 21:30:00,766.17,10.584
2025-08-29 22:00:00,766.12,10.634
2025-08-29 22:30:00,765.71,10.671
2025-08-29 23:00:00,765.71,10.693
2025-08-29 23:30:00,765.69,10.761
2025-08-30 00:00:00,765.48,10.826
2025-08-30 00:30:00,765.44,10.816
2025-08-30 01:00:00,765.56,10.725
2025-08-30 01:30:00,765.33,10.611
2025-08-30 02:00:00,765.32,10.483
2025-08-30 02:30:00,765.24,10.359
2025-08-30 03:00:00,765.39,10.208
2025-08-30 03:30:00,765.61,10.029
2025-08-30 04:00:00,765.72,9.842
2025-08-30 04:30:00,765.69,9.654
2025-08-30 05:00:00,765.67,9.436
2025-08-30 05:30:00,765.53,9.24
2025-08-30 06:00:00,765.41,9.04
2025-08-30 06:30:00,765.38,8.873
2025-08-30 07:00:00,765.24,8.706
2025-08-30 07:30:00,765.19,8.57
2025-08-30 08:00:00,764.77,8.452
2025-08-30 08:30:00,764.72,8.328
2025-08-30 09:00:00,764.82,8.222
2025-08-30 09:30:00,764.71,8.125
2025-08-30 10:00:00,764.58,8.031
2025-08-30 10:30:00,764.66,7.936
2025-08-30 11:00:00,764.68,7.846
2025-08-30 11:30:00,764.46,7.743
2025-08-30 12:00:00,764.46,7.644
2025-08-30 12:30:00,764.57,7.536
2025-08-30 13:00:00,764.88,7.425
2025-08-30 13:30:00,764.9,7.335
2025-08-30 14:00:00,764.87,7.26
2025-08-30 14:30:00,764.9,7.194
2025-08-30 15:00:00,765.06,7.129
2025-08-30 15:30:00,765.14,7.09
2025-08-30 16:00:00,765.09,7.08
2025-08-30 16:30:00,764.95,7.153
2025-08-30 17:00:00,765.02,7.31
2025-08-30 17:30:00,765.08,7.58
2025-08-30 18:00:00,764.89,7.958
2025-08-30 18:30:00,764.81,8.519
2025-08-30 19:00:00,764.51,9.261
2025-08-30 19:30:00,764.24,10.084
2025-08-30 20:00:00,763.87,11.125
2025-08-30 20:30:00,763.55,12.072
2025-08-30 21:00:00,763.32,12.888
2025-08-30 21:30:00,763.15,13.232
2025-08-30 22:00:00,762.95,13.209
2025-08-30 22:30:00,762.89,13.139
2025-08-30 23:00:00,762.69,13.162
2025-08-30 23:30:00,762.55,13.01
2025-08-31 00:00:00,762.36,12.859
2025-08-31 00:30:00,762.2,12.667
2025-08-31 01:00:00,762.29,12.477
2025-08-31 01:30:00,761.94,12.286
2025-08-31 02:00:00,762.23,12.127
2025-08-31 02:30:00,762.33,11.956
2025-08-31 03:00:00,762.68,11.729
2025-08-31 03:30:00,762.49,11.517
2025-08-31 04:00:00,762.69,11.29
2025-08-31 04:30:00,762.88,11.054
2025-08-31 05:00:00,762.8,10.825
2025-08-31 05:30:00,762.78,10.591
2025-08-31 06:00:00,762.58,10.369
2025-08-31 06:30:00,762.53,10.153
2025-08-31 07:00:00,762.65,9.954
2025-08-31 07:30:00,762.64,9.763
2025-08-31 08:00:00,762.49,9.601
2025-08-31 08:30:00,762.44,9.451
2025-08-31 09:00:00,762.56,9.316
2025-08-31 09:30:00,762.45,9.186
2025-08-31 10:00:00,762.67,9.061
2025-08-31 10:30:00,762.52,8.943
2025-08-31 11:00:00,762.62,8.816
2025-08-31 11:30:00,762.97,8.706
2025-08-31 12:00:00,762.82,8.593
2025-08-31 12:30:00,762.8,8.482
2025-08-31 13:00:00,762.83,8.377
2025-08-31 13:30:00,762.9,8.286
2025-08-31 14:00:00,763.05,8.19
2025-08-31 14:30:00,763.1,8.116
2025-08-31 15:00:00,763.28,8.043
2025-08-31 15:30:00,763.12,8.013
2025-08-31 16:00:00,763.28,8.002
2025-08-31 16:30:00,763.33,8.054
2025-08-31 17:00:00,763.39,8.196
2025-08-31 17:30:00,763.16,8.443
2025-08-31 18:00:00,763.44,8.793
2025-08-31 18:30:00,763.27,9.319
2025-08-31 19:00:00,763.49,10.02
2025-08-31 19:30:00,763.16,10.747
2025-08-31 20:00:00,763.07,11.246
2025-08-31 20:30:00,762.93,11.567
2025-08-31 21:00:00,762.81,11.938
2025-08-31 21:30:00,762.5,12.333
2025-08-31 22:00:00,762.27,12.496
2025-08-31 22:30:00,762.1,12.494
2025-08-31 23:00:00,762.11,12.482
2025-08-31 23:30:00,761.86,12.445
2025-09-01 00:00:00,761.94,12.357
2025-09-01 00:30:00,762.1,12.286
2025-09-01 01:00:00,762.08,12.261
2025-09-01 01:30:00,761.93,12.183
2025-09-01 02:00:00,762.03,12.058
2025-09-01 02:30:00,762.15,11.921
2025-09-01 03:00:00,762.04,11.754
2025-09-01 03:30:00,762.45,11.579
2025-09-01 04:00:00,762.46,11.382
2025-09-01 04:30:00,762.53,11.182
2025-09-01 05:00:00,762.5,10.965
2025-09-01 05:30:00,762.44,10.748
2025-09-01 06:00:00,762.44,10.546
2025-09-01 06:30:00,762.42,10.357
2025-09-01 07:00:00,762.41,10.189
2025-09-01 07:30:00,762.52,10.02
2025-09-01 08:00:00,762.57,9.863
2025-09-01 08:30:00,762.63,9.712
2025-09-01 09:00:00,762.43,9.572
2025-09-01 09:30:00,762.42,9.445
2025-09-01 10:00:00,762.42,9.327
2025-09-01 10:30:00,762.57,9.208
2025-09-01 11:00:00,762.47,9.088
2025-09-01 11:30:00,762.42,8.987
2025-09-01 12:00:00,762.6,8.881
2025-09-01 12:30:00,762.59,8.794
2025-09-01 13:00:00,762.65,8.689
2025-09-01 13:30:00,762.87,8.593
2025-09-01 14:00:00,763.0,8.495
2025-09-01 14:30:00,763.09,8.396
2025-09-01 15:00:00,763.18,8.319
2025-09-01 15:30:00,763.04,8.26
2025-09-01 16:00:00,763.11,8.257
2025-09-01 16:30:00,763.18,8.277
2025-09-01 17:00:00,763.33,8.388
2025-09-01 17:30:00,763.43,8.6
2025-09-01 18:00:00,763.61,8.949
2025-09-01 18:30:00,763.44,9.466
2025-09-01 19:00:00,763.5,10.137
2025-09-01 19:30:00,763.12,10.892
2025-09-01 20:00:00,763.09,11.651
2025-09-01 20:30:00,763.11,12.426
2025-09-01 21:00:00,762.95,13.102
2025-09-01 21:30:00,762.62,13.616
2025-09-01 22:00:00,762.17,13.941
2025-09-01 22:30:00,762.13,13.899
2025-09-01 23:00:00,761.94,13.953
2025-09-01 23:30:00,761.83,14.009
2025-09-02 00:00:00,761.7,13.963
2025-09-02 00:30:00,761.76,13.875
2025-09-02 01:00:00,761.81,13.765
2025-09-02 01:30:00,761.81,13.597
2025-09-02 02:00:00,761.81,13.353
2025-09-02 02:30:00,761.92,13.11
2025-09-02 03:00:00,762.09,12.848
2025-09-02 03:30:00,762.43,12.583
2025-09-02 04:00:00,762.43,12.321
2025-09-02 04:30:00,762.5,12.045
2025-09-02 05:00:00,762.55,11.783
2025-09-02 05:30:00,762.45,11.533
2025-09-02 06:00:00,762.31,11.296
2025-09-02 06:30:00,762.36,11.106
2025-09-02 07:00:00,762.54,10.925
2025-09-02 07:30:00,762.5,10.73
2025-09-02 08:00:00,762.6,10.565
2025-09-02 08:30:00,762.68,10.399
2025-09-02 09:00:00,762.48,10.269
2025-09-02 09:30:00,762.42,10.151
2025-09-02 10:00:00,762.54,10.034
2025-09-02 10:30:00,762.42,9.924
2025-09-02 11:00:00,762.41,9.824
2025-09-02 11:30:00,762.35,9.73
2025-09-02 12:00:00,762.31,9.634
2025-09-02 12:30:00,762.34,9.546
2025-09-02 13:00:00,762.61,9.468
2025-09-02 13:30:00,762.74,9.386
2025-09-02 14:00:00,762.97,9.297
2025-09-02 14:30:00,763.01,9.222
2025-09-02 15:00:00,763.09,9.174
2025-09-02 15:30:00,763.01,9.159
2025-09-02 16:00:00,763.25,9.19
2025-09-02 16:30:00,763.43,9.287
2025-09-02 17:00:00,763.4,9.451
2025-09-02 17:30:00,763.43,9.671
2025-09-02 18:00:00,763.5,9.941
2025-09-02 18:30:00,763.53,10.26
2025-09-02 19:00:00,763.55,10.579
2025-09-02 19:30:00,763.56,10.889
2025-09-02 20:00:00,763.4,11.195
2025-09-02 20:30:00,763.17,11.505
2025-09-02 21:00:00,763.17,11.911
2025-09-02 21:30:00,763.21,12.108
2025-09-02 22:00:00,763.24,12.182
2025-09-02 22:30:00,764.08,11.954
2025-09-02 23:00:00,764.64,11.757
2025-09-02 23:30:00,765.63,11.546
2025-09-03 00:00:00,765.89,11.321
2025-09-03 00:30:00,765.48,11.098
2025-09-03 01:00:00,765.18,10.93
2025-09-03 01:30:00,765.07,10.812
2025-09-03 02:00:00,764.68,10.693
2025-09-03 02:30:00,765.14,10.574
2025-09-03 03:00:00,765.59,10.447
2025-09-03 03:30:00,765.62,10.346
2025-09-03 04:00:00,765.59,10.266
2025-09-03 04:30:00,765.44,10.179
2025-09-03 05:00:00,765.56,10.066
2025-09-03 05:30:00,765.55,9.929
2025-09-03 06:00:00,765.83,9.8
2025-09-03 06:30:00,765.89,9.663
2025-09-03 07:00:00,765.84,9.534
2025-09-03 07:30:00,765.87,9.419
2025-09-03 08:00:00,765.76,9.293
2025-09-03 08:30:00,765.82,9.171
2025-09-03 09:00:00,765.52,9.057
2025-09-03 09:30:00,765.09,8.961
2025-09-03 10:00:00,765.03,8.897
2025-09-03 10:30:00,765.08,8.826
2025-09-03 11:00:00,764.64,8.763
2025-09-03 11:30:00,764.67,8.693
2025-09-03 12:00:00,764.43,8.611
2025-09-03 12:30:00,764.24,8.534
2025-09-03 13:00:00,763.99,8.463
2025-09-03 13:30:00,764.01,8.414
2025-09-03 14:00:00,764.29,8.353
2025-09-03 14:30:00,764.41,8.305
2025-09-03 15:00:00,764.21,8.268
2025-09-03 15:30:00,764.26,8.25
2025-09-03 16:00:00,764.22,8.261
2025-09-03 16:30:00,764.33,8.342
2025-09-03 17:00:00,764.32,8.478
2025-09-03 17:30:00,764.15,8.677
2025-09-03 18:00:00,764.37,9.095
2025-09-03 18:30:00,763.98,9.674
2025-09-03 19:00:00,763.95,10.469
2025-09-03 19:30:00,763.72,11.242
2025-09-03 20:00:00,763.61,11.753
2025-09-03 20:30:00,763.49,12.447
2025-09-03 21:00:00,763.11,12.695
2025-09-03 21:30:00,762.7,12.747
2025-09-03 22:00:00,762.38,12.875
2025-09-03 22:30:00,762.31,12.869
2025-09-03 23:00:00,762.14,12.865
2025-09-03 23:30:00,762.13,12.836
2025-09-04 00:00:00,761.95,12.747
2025-09-04 00:30:00,761.85,12.652
2025-09-04 01:00:00,761.57,12.542
2025-09-04 01:30:00,761.72,12.45
2025-09-04 02:00:00,761.81,12.338
2025-09-04 02:30:00,761.9,12.2
2025-09-04 03:00:00,762.09,12.053
2025-09-04 03:30:00,762.23,11.892
2025-09-04 04:00:00,762.28,11.721
2025-09-04 04:30:00,762.25,11.547
2025-09-04 05:00:00,762.27,11.35
2025-09-04 05:30:00,762.18,11.148
2025-09-04 06:00:00,762.14,10.941
2025-09-04 06:30:00,762.15,10.744
2025-09-04 07:00:00,761.9,10.571
2025-09-04 07:30:00,762.04,10.397
2025-09-04 08:00:00,761.79,10.268
2025-09-04 08:30:00,761.98,10.14
2025-09-04 09:00:00,761.77,10.025
2025-09-04 09:30:00,761.76,9.91
2025-09-04 10:00:00,761.69,9.783
2025-09-04 10:30:00,761.58,9.664
2025-09-04 11:00:00,761.7,9.544
2025-09-04 11:30:00,761.6,9.427
2025-09-04 12:00:00,761.56,9.317
2025-09-04 12:30:00,761.77,9.221
2025-09-04 13:00:00,761.57,9.129
2025-09-04 13:30:00,761.68,9.038
2025-09-04 14:00:00,761.63,8.946
2025-09-04 14:30:00,761.64,8.848
2025-09-04 15:00:00,761.75,8.778
2025-09-04 15:30:00,761.91,8.736
2025-09-04 16:00:00,761.63,8.705
2025-09-04 16:30:00,761.87,8.737
2025-09-04 17:00:00,761.83,8.869
2025-09-04 17:30:00,761.79,9.115
2025-09-04 18:00:00,762.22,9.508
2025-09-04 18:30:00,761.77,9.982
