datetime,baro_cm,temp_C
2024-08-28 17:00:00,724.4581013999999,46.921
2024-08-28 17:30:00,724.4224118999999,65.951
2024-08-28 18:00:00,725.2677432,61.081
2024-08-28 18:30:00,725.3177084999999,60.935
2024-08-28 19:00:00,725.2687628999998,58.914
2024-08-28 19:30:00,725.1372215999999,38.755
2024-08-28 20:00:00,725.3258660999999,35.407
2024-08-28 20:30:00,734.4572795999999,29.863
2024-08-28 21:00:00,734.275773,24.503
2024-08-28 21:30:00,733.8617747999999,29.042
2024-08-28 22:00:00,733.704741,27.774
2024-08-28 22:30:00,733.500801,22.73
2024-08-28 23:00:00,733.3019595,20.888
2024-08-28 23:30:00,733.3417278,19.965
2024-08-29 00:00:00,733.2713684999999,19.154
2024-08-29 00:30:00,733.3029792,18.262
2024-08-29 01:00:00,733.3631415,17.291
2024-08-29 01:30:00,733.4967221999999,16.171
2024-08-29 02:00:00,733.7557259999999,14.807
2024-08-29 02:30:00,733.9912767,13.693
2024-08-29 03:00:00,734.1554484,12.857
2024-08-29 03:30:00,734.4154719,12.063
2024-08-29 04:00:00,734.5602693,11.235
2024-08-29 04:30:00,734.5979981999999,10.524
2024-08-29 05:00:00,734.6102345999999,9.949
2024-08-29 05:30:00,734.5979981999999,9.417
2024-08-29 06:00:00,734.6387861999999,8.984
2024-08-29 06:30:00,734.4970478999999,8.778
2024-08-29 07:00:00,734.5255995,8.435
2024-08-29 07:30:00,734.5551707999999,8.122
2024-08-29 08:00:00,734.5786239,7.822
2024-08-29 08:30:00,734.5327374,7.591
2024-08-29 09:00:00,734.4399446999998,7.357
2024-08-29 09:30:00,734.4521811,7.103
2024-08-29 10:00:00,734.4062945999999,6.919
2024-08-29 10:30:00,734.4052748999999,6.761
2024-08-29 11:00:00,734.4919493999998,6.663
2024-08-29 11:30:00,734.6000376,6.39
2024-08-29 12:00:00,734.6510225999999,6.401
2024-08-29 12:30:00,734.7866426999999,6.231
2024-08-29 13:00:00,734.8335488999999,6.121
2024-08-29 13:30:00,735.0252524999999,5.983
2024-08-29 14:00:00,735.1547544,5.957
2024-08-29 14:30:00,735.2526455999999,5.966
2024-08-29 15:00:00,735.3984627,6.07
2024-08-29 15:30:00,735.3913247999999,7.067
2024-08-29 16:00:00,735.4851371999999,10.213
2024-08-29 16:30:00,735.6615453000001,12.969
2024-08-29 17:00:00,735.6727619999999,13.949
2024-08-29 17:30:00,735.6941757,15.096
2024-08-29 18:00:00,735.6727619999999,16.01
2024-08-29 18:30:00,735.5901663,18.998
2024-08-29 19:00:00,735.3311624999999,25.406
2024-08-29 19:30:00,735.6095405999998,22.092
2024-08-29 20:00:00,735.6064815,20.921
2024-08-29 20:30:00,735.5085903,20.238
2024-08-29 21:00:00,735.4372113,20.786
2024-08-29 21:30:00,735.1751483999999,20.647
2024-08-29 22:00:00,735.2006408999999,20.741
2024-08-29 22:30:00,735.1160057999999,20.789
2024-08-29 23:00:00,734.9355188999999,20.836
2024-08-29 23:30:00,734.8539429,20.363
2024-08-30 00:00:00,734.9314400999999,18.972
2024-08-30 00:30:00,735.0303509999999,18.617
2024-08-30 01:00:00,735.2200152,18.099
2024-08-30 01:30:00,735.3270836999999,17.11
2024-08-30 02:00:00,735.4535265,16.033
2024-08-30 02:30:00,735.7084515,15.158
2024-08-30 03:00:00,735.9225885,14.306
2024-08-30 03:30:00,736.1611982999999,13.277
2024-08-30 04:00:00,736.3906307999998,12.308
2024-08-30 04:30:00,736.5058568999999,11.433
2024-08-30 05:00:00,736.4752659,10.612
2024-08-30 05:30:00,736.5639798,10.105
2024-08-30 06:00:00,736.5955905,9.537
2024-08-30 06:30:00,736.6200633,9.17
2024-08-30 07:00:00,736.6282209,8.808
2024-08-30 07:30:00,736.468128,8.538
2024-08-30 08:00:00,736.3967489999999,8.33
2024-08-30 08:30:00,736.2509318999998,7.915
2024-08-30 09:00:00,736.2234,7.761
2024-08-30 09:30:00,736.2295181999999,7.487
2024-08-30 10:00:00,736.1469224999998,7.209
2024-08-30 10:30:00,736.0429131,7.053
2024-08-30 11:00:00,736.1540603999999,7.054
2024-08-30 11:30:00,736.1224497,7.029
2024-08-30 12:00:00,736.1408043,6.865
2024-08-30 12:30:00,736.2305379,6.711
2024-08-30 13:00:00,736.3131335999999,6.405
2024-08-30 13:30:00,736.4762856,6.162
2024-08-30 14:00:00,736.6894028999999,6.112
2024-08-30 14:30:00,736.9861355999999,6.166
2024-08-30 15:00:00,737.0942237999999,6.273
2024-08-30 15:30:00,737.1727406999998,7.274
2024-08-30 16:00:00,737.3083608,11.137
2024-08-30 16:30:00,737.4348035999999,13.481
2024-08-30 17:00:00,737.4500991,14.484
2024-08-30 17:30:00,737.4317444999999,15.553
2024-08-30 18:00:00,737.5235174999999,16.418
2024-08-30 18:30:00,737.2849077,19.445
2024-08-30 19:00:00,737.1074798999999,25.727
2024-08-30 19:30:00,737.294085,21.689
2024-08-30 20:00:00,737.1880361999999,20.479
2024-08-30 20:30:00,737.1594845999999,19.039
2024-08-30 21:00:00,736.9065989999999,18.463
2024-08-30 21:30:00,736.7271317999999,20.295
2024-08-30 22:00:00,736.8545942999999,20.841
2024-08-30 22:30:00,736.7801561999999,18.9
2024-08-30 23:00:00,736.6312799999998,18.768
2024-08-30 23:30:00,736.6098662999999,18.85
2024-08-31 00:00:00,736.5925313999999,18.816
2024-08-31 00:30:00,736.6445360999999,17.612
2024-08-31 01:00:00,736.5466448999999,17.514
2024-08-31 01:30:00,736.6812453,16.427
2024-08-31 02:00:00,736.8148259999999,15.441
2024-08-31 02:30:00,737.0034704999999,14.702
2024-08-31 03:00:00,737.3267153999999,14.133
2024-08-31 03:30:00,737.5969359,13.269
2024-08-31 04:00:00,737.7886394999999,12.251
2024-08-31 04:30:00,737.8763336999999,11.323
2024-08-31 05:00:00,737.9538308999998,10.677
2024-08-31 05:30:00,737.9161019999999,10.086
2024-08-31 06:00:00,737.681571,9.604
2024-08-31 06:30:00,737.5184189999999,9.188
2024-08-31 07:00:00,737.5806206999999,8.82
2024-08-31 07:30:00,737.4796703999999,8.361
2024-08-31 08:00:00,737.4348035999999,8.094
2024-08-31 08:30:00,737.2889865,7.931
2024-08-31 09:00:00,737.2206665999998,7.646
2024-08-31 09:30:00,737.0656722,7.46
2024-08-31 10:00:00,737.0116280999999,7.28
2024-08-31 10:30:00,736.9055793,7.125
2024-08-31 11:00:00,736.7485454999999,6.98
2024-08-31 11:30:00,736.6424966999999,6.825
2024-08-31 12:00:00,736.5211524,6.66
2024-08-31 12:30:00,736.3967489999999,6.515
2024-08-31 13:00:00,736.5089159999999,6.236
2024-08-31 13:30:00,736.6526936999999,6.113
2024-08-31 14:00:00,736.9708401,6.178
2024-08-31 14:30:00,737.0095887,6.455
2024-08-31 15:00:00,737.1044208,6.621
2024-08-31 15:30:00,737.1360315,7.436
2024-08-31 16:00:00,737.1431693999999,10.391
2024-08-31 16:30:00,737.3654639999999,13.093
2024-08-31 17:00:00,737.3654639999999,14.187
2024-08-31 17:30:00,737.4399020999999,15.177
2024-08-31 18:00:00,737.3328336,16.175
2024-08-31 18:30:00,737.1084996,19.639
2024-08-31 19:00:00,736.8260427,25.267
2024-08-31 19:30:00,736.7046984,22.405
2024-08-31 20:00:00,736.7036787,20.256
2024-08-31 20:30:00,736.3712565,19.791
2024-08-31 21:00:00,736.2764244,19.813
2024-08-31 21:30:00,736.0062039000001,19.996
2024-08-31 22:00:00,735.8522292,19.003
2024-08-31 22:30:00,735.6605256,18.277
2024-08-31 23:00:00,735.744141,19.798
2024-08-31 23:30:00,735.7696334999999,19.786
2024-09-01 00:00:00,735.7145696999999,19.367
2024-09-01 00:30:00,735.9633764999999,18.071
2024-09-01 01:00:00,736.2988578000001,16.365
2024-09-01 01:30:00,736.1734346999999,15.78
2024-09-01 02:00:00,735.9266673,15.379
2024-09-01 02:30:00,735.9552188999999,14.377
2024-09-01 03:00:00,736.1581391999999,13.077
2024-09-01 03:30:00,736.5058568999999,12.074
2024-09-01 04:00:00,736.7118363,11.373
2024-09-01 04:30:00,736.8270624,10.807
2024-09-01 05:00:00,736.6700285999999,10.274
2024-09-01 05:30:00,736.5201327,9.821
2024-09-01 06:00:00,736.4049065999999,9.404
2024-09-01 06:30:00,736.2070848,9.144
2024-09-01 07:00:00,736.1662967999999,8.984
2024-09-01 07:30:00,736.0826814,8.62
2024-09-01 08:00:00,735.9592976999999,8.296
2024-09-01 08:30:00,735.8501898,8.022
2024-09-01 09:00:00,735.7186484999999,7.789
2024-09-01 09:30:00,735.6125997,7.571
2024-09-01 10:00:00,735.4351718999999,7.357
2024-09-01 10:30:00,735.3586944,7.204
2024-09-01 11:00:00,735.254685,7.053
2024-09-01 11:30:00,735.1149861,6.989
2024-09-01 12:00:00,735.0558434999999,6.799
2024-09-01 12:30:00,734.9620311,6.668
2024-09-01 13:00:00,734.9650902,6.522
2024-09-01 13:30:00,734.9436764999999,6.525
2024-09-01 14:00:00,735.0589026,6.557
2024-09-01 14:30:00,735.060942,6.638
2024-09-01 15:00:00,735.2087985,6.72
2024-09-01 15:30:00,735.2699804999999,7.948
2024-09-01 16:00:00,735.3994824,11.506
2024-09-01 16:30:00,735.7492394999999,13.414
2024-09-01 17:00:00,735.8512095,14.049
2024-09-01 17:30:00,735.7543379999998,15.073
2024-09-01 18:00:00,735.7920669,16.03
2024-09-01 18:30:00,735.5860875,19.463
2024-09-01 19:00:00,735.3270836999999,24.871
2024-09-01 19:30:00,735.5677328999999,22.134
2024-09-01 20:00:00,735.4606644,20.113
2024-09-01 20:30:00,735.3444185999999,19.283
2024-09-01 21:00:00,735.3444185999999,19.659
2024-09-01 21:30:00,734.9946614999999,19.676
2024-09-01 22:00:00,734.857002,19.39
2024-09-01 22:30:00,734.806017,18.873
2024-09-01 23:00:00,734.6622392999999,18.303
2024-09-01 23:30:00,734.6928302999999,18.017
2024-09-02 00:00:00,734.5796435999999,17.492
2024-09-02 00:30:00,734.6897711999999,16.669
2024-09-02 01:00:00,734.5521117,16.051
2024-09-02 01:30:00,734.6030966999999,15.671
2024-09-02 02:00:00,734.6041164,14.84
2024-09-02 02:30:00,734.4368856,14.011
2024-09-02 03:00:00,734.3624474999999,13.897
2024-09-02 03:30:00,734.6673377999999,13.77
2024-09-02 04:00:00,734.8559822999999,13.356
2024-09-02 04:30:00,734.9365386,12.703
2024-09-02 05:00:00,734.8315095,12.682
2024-09-02 05:30:00,734.9090067,12.206
2024-09-02 06:00:00,734.9304203999999,12.295
2024-09-02 06:30:00,734.9661099,11.873
2024-09-02 07:00:00,734.9100264,10.974
2024-09-02 07:30:00,734.9304203999999,10.18
2024-09-02 08:00:00,734.6724363,9.529
2024-09-02 08:30:00,734.4164916,9.166
2024-09-02 09:00:00,734.2665956999999,9.669
2024-09-02 09:30:00,734.2492607999999,9.188
2024-09-02 10:00:00,733.9596659999999,8.458
2024-09-02 10:30:00,733.7210561999999,7.985
2024-09-02 11:00:00,733.6823076,7.848
2024-09-02 11:30:00,733.5048798,7.906
2024-09-02 12:00:00,733.5487269,9.041
2024-09-02 12:30:00,733.4834660999999,9.978
2024-09-02 13:00:00,733.6639529999999,10.487
2024-09-02 13:30:00,733.7057607,10.708
2024-09-02 14:00:00,733.9994342999998,10.607
2024-09-02 14:30:00,734.0290056,10.673
2024-09-02 15:00:00,734.2380441,10.961
2024-09-02 15:30:00,734.4103733999999,11.695
2024-09-02 16:00:00,734.4215901,12.815
2024-09-02 16:30:00,734.500107,14.049
2024-09-02 17:00:00,734.5633283999999,14.294
2024-09-02 17:30:00,734.6112542999999,14.831
2024-09-02 18:00:00,734.6479635,15.15
2024-09-02 18:30:00,734.408334,16.396
2024-09-02 19:00:00,734.3940581999999,16.047
2024-09-02 19:30:00,734.2023545999999,16.513
2024-09-02 20:00:00,734.2400835,15.996
2024-09-02 20:30:00,734.2788320999999,16.351
2024-09-02 21:00:00,734.1595272,17.402
2024-09-02 21:30:00,734.0973255,17.027
2024-09-02 22:00:00,734.0198283,17.15
2024-09-02 22:30:00,733.8770702999999,16.945
2024-09-02 23:00:00,733.8485187,17.214
2024-09-02 23:30:00,733.857696,16.98
2024-09-03 00:00:00,733.8566762999999,16.344
2024-09-03 00:30:00,733.7822381999999,15.678
2024-09-03 01:00:00,733.6996425,15.053
2024-09-03 01:30:00,733.6119482999999,14.592
2024-09-03 02:00:00,733.6649726999999,13.858
2024-09-03 02:30:00,733.6354014,13.397
2024-09-03 03:00:00,733.7271744,13.042
2024-09-03 03:30:00,733.8607550999999,12.725
2024-09-03 04:00:00,734.2217288999999,12.482
2024-09-03 04:30:00,734.2665956999999,12.302
2024-09-03 05:00:00,734.4307673999999,12.161
2024-09-03 05:30:00,734.5531313999999,11.915
2024-09-03 06:00:00,734.5928996999999,11.369
2024-09-03 06:30:00,734.4929690999999,10.922
2024-09-03 07:00:00,734.5072448999999,10.492
2024-09-03 07:30:00,734.4715553999999,10.294
2024-09-03 08:00:00,734.2706744999999,10.424
2024-09-03 08:30:00,734.3094230999999,10.288
2024-09-03 09:00:00,734.1819605999999,9.568
2024-09-03 09:30:00,734.1340346999999,8.657
2024-09-03 10:00:00,734.1789014999999,8.425
2024-09-03 10:30:00,734.2400835,8.281
2024-09-03 11:00:00,734.1625862999999,7.991
2024-09-03 11:30:00,734.1829802999999,7.632
2024-09-03 12:00:00,734.1758424,7.148
2024-09-03 12:30:00,734.2971866999999,6.725
2024-09-03 13:00:00,734.3869203,6.443
2024-09-03 13:30:00,734.5439541,6.123
2024-09-03 14:00:00,734.7356577,5.857
2024-09-03 14:30:00,734.7856229999999,5.938
2024-09-03 15:00:00,734.8335488999999,5.973
2024-09-03 15:30:00,734.8427261999999,7.14
2024-09-03 16:00:00,734.9385779999999,10.255
2024-09-03 16:30:00,735.1771877999998,11.953
2024-09-03 17:00:00,735.4514871,12.721
2024-09-03 17:30:00,735.4922750999999,13.804
2024-09-03 18:00:00,735.4729007999999,14.924
2024-09-03 18:30:00,735.0833753999999,18.666
2024-09-03 19:00:00,734.8906520999999,24.119
2024-09-03 19:30:00,735.2801774999999,22.355
2024-09-03 20:00:00,735.4647432,20.321
2024-09-03 20:30:00,735.193503,19.1
2024-09-03 21:00:00,735.4117188,19.643
2024-09-03 21:30:00,735.1853454,19.119
2024-09-03 22:00:00,734.9875235999999,19.279
2024-09-03 22:30:00,734.9722280999998,19.131
2024-09-03 23:00:00,734.8957505999999,19.068
2024-09-03 23:30:00,734.9334794999999,18.894
2024-09-04 00:00:00,734.8753566,18.307
2024-09-04 00:30:00,734.9854841999999,17.34
2024-09-04 01:00:00,735.1812666,16.468
2024-09-04 01:30:00,735.1833059999999,15.412
2024-09-04 02:00:00,735.4259945999999,14.328
2024-09-04 02:30:00,735.5534571,13.236
2024-09-04 03:00:00,735.7390425,11.957
2024-09-04 03:30:00,735.8410124999999,11.173
2024-09-04 04:00:00,735.9827508,10.453
2024-09-04 04:30:00,736.0765631999999,9.895
2024-09-04 05:00:00,736.1265285,9.308
2024-09-04 05:30:00,736.0989965999999,8.925
2024-09-04 06:00:00,736.0276176,8.519
2024-09-04 06:30:00,736.1020557,8.199
2024-09-04 07:00:00,736.2478727999999,8.072
2024-09-04 07:30:00,736.1499816,7.725
2024-09-04 08:00:00,736.1040950999999,7.558
2024-09-04 08:30:00,736.1193906,7.503
2024-09-04 09:00:00,736.0735040999999,7.573
2024-09-04 09:30:00,736.0786026,7.505
2024-09-04 10:00:00,736.1713953,7.744
2024-09-04 10:30:00,736.1673165,7.635
2024-09-04 11:00:00,736.1877105,7.429
2024-09-04 11:30:00,736.2162620999999,6.979
2024-09-04 12:00:00,736.1979075,6.713
2024-09-04 12:30:00,736.3233306,6.813
2024-09-04 13:00:00,736.3773747,7.055
2024-09-04 13:30:00,736.4905614,6.965
2024-09-04 14:00:00,736.7567031,7.681
2024-09-04 14:30:00,737.0605737,8.147
2024-09-04 15:00:00,737.0544554999999,8.663
2024-09-04 15:30:00,737.1503072999999,9.929
2024-09-04 16:00:00,737.2400408999999,12.438
2024-09-04 16:30:00,737.3277350999999,13.261
2024-09-04 17:00:00,737.4042125999999,14.189
2024-09-04 17:30:00,737.5041431999999,15.136
2024-09-04 18:00:00,737.5173992999999,16.35
2024-09-04 18:30:00,737.4776309999999,20.237
2024-09-04 19:00:00,737.171721,25.121
2024-09-04 19:30:00,737.5643055,23.77
2024-09-04 20:00:00,737.5051629,21.929
2024-09-04 20:30:00,737.5102614,20.888
2024-09-04 21:00:00,737.4735521999999,21.707
2024-09-04 21:30:00,737.3542473,21.405
2024-09-04 22:00:00,737.1319526999999,21.212
2024-09-04 22:30:00,737.0422190999999,21.543
2024-09-04 23:00:00,737.0952434999999,21.246
2024-09-04 23:30:00,737.3664837,20.535
2024-09-05 00:00:00,737.4072717,20.222
2024-09-05 00:30:00,737.4970053,19.958
2024-09-05 01:00:00,737.6377239,19.15
2024-09-05 01:30:00,737.7243983999999,17.838
2024-09-05 02:00:00,737.8579790999999,16.548
2024-09-05 02:30:00,738.0139932,15.407
2024-09-05 03:00:00,738.3178637999999,14.432
2024-09-05 03:30:00,738.5156856,13.555
2024-09-05 04:00:00,738.7695909,12.605
2024-09-05 04:30:00,738.8848169999999,11.714
2024-09-05 05:00:00,738.9296838,10.971
2024-09-05 05:30:00,738.9215262,10.404
2024-09-05 06:00:00,739.0112598,10.085
2024-09-05 06:30:00,738.9592551,9.846
2024-09-05 07:00:00,738.9572157,9.612
2024-09-05 07:30:00,738.9612945,9.295
2024-09-05 08:00:00,738.9429398999999,9.074
2024-09-05 08:30:00,738.895014,8.976
2024-09-05 09:00:00,738.8746199999998,8.912
2024-09-05 09:30:00,738.9653733,8.653
2024-09-05 10:00:00,738.9439596,8.412
2024-09-05 10:30:00,738.8868563999999,8.268
2024-09-05 11:00:00,738.7624529999999,7.947
2024-09-05 11:30:00,738.7328817,7.754
2024-09-05 12:00:00,738.7655120999999,7.529
2024-09-05 12:30:00,738.7624529999999,7.43
2024-09-05 13:00:00,738.8858366999999,7.356
2024-09-05 13:30:00,739.1550374999999,7.175
2024-09-05 14:00:00,739.3671351,7.229
2024-09-05 14:30:00,739.3885488,7.335
2024-09-05 15:00:00,739.3926276,7.212
2024-09-05 15:30:00,739.4171003999999,7.817
2024-09-05 16:00:00,739.5425234999999,10.567
2024-09-05 16:30:00,739.6169615999999,13.052
2024-09-05 17:00:00,739.6710056999999,14.905
2024-09-05 17:30:00,739.7311679999999,16.105
2024-09-05 18:00:00,739.6067646,17.43
2024-09-05 18:30:00,739.6363359,21.425
2024-09-05 19:00:00,739.2855590999999,25.809
2024-09-05 19:30:00,739.5935085,25.673
2024-09-05 20:00:00,739.4609475,22.822
2024-09-05 20:30:00,739.2865787999999,21.773
2024-09-05 21:00:00,739.1866481999999,22.516
2024-09-05 21:30:00,738.7899848999999,21.833
2024-09-05 22:00:00,738.5880842999999,22.171
2024-09-05 22:30:00,738.6247935,22.525
2024-09-05 23:00:00,738.8348517000001,22.684
2024-09-05 23:30:00,738.599301,22.251
2024-09-06 00:00:00,738.5615720999999,21.148
2024-09-06 00:30:00,738.6166359,20.232
2024-09-06 01:00:00,738.4932521999999,19.155
2024-09-06 01:30:00,738.4065777,17.896
2024-09-06 02:00:00,738.5014097999999,16.28
2024-09-06 02:30:00,738.4912127999999,15.027
2024-09-06 03:00:00,738.6502859999999,14.16
2024-09-06 03:30:00,738.9551763,13.468
2024-09-06 04:00:00,739.0755008999998,12.823
2024-09-06 04:30:00,739.1366828999999,12.093
2024-09-06 05:00:00,739.1672738999998,11.48
2024-09-06 05:30:00,739.1580965999999,10.998
2024-09-06 06:00:00,739.1438208,10.564
2024-09-06 06:30:00,739.1366828999999,10.191
2024-09-06 07:00:00,739.0877373,9.908
2024-09-06 07:30:00,739.1285252999999,9.649
2024-09-06 08:00:00,739.0449098999999,9.406
2024-09-06 08:30:00,739.0245158999999,9.187
2024-09-06 09:00:00,738.9918855,9.015
2024-09-06 09:30:00,738.8919548999999,8.765
2024-09-06 10:00:00,738.7961030999999,8.598
2024-09-06 10:30:00,738.6778179,8.507
2024-09-06 11:00:00,738.4708188,8.461
2024-09-06 11:30:00,738.3413169,8.421
2024-09-06 12:00:00,738.2138544,8.183
2024-09-06 12:30:00,738.1567511999999,8.012
2024-09-06 13:00:00,738.191421,7.966
2024-09-06 13:30:00,738.2954303999999,7.946
2024-09-06 14:00:00,738.4126958999999,7.751
2024-09-06 14:30:00,738.46674,8.125
2024-09-06 15:00:00,738.4330899,8.739
2024-09-06 15:30:00,738.3535532999999,9.572
2024-09-06 16:00:00,738.3566123999999,11.808
2024-09-06 16:30:00,738.3209228999999,13.732
2024-09-06 17:00:00,738.2760561,15.675
2024-09-06 17:30:00,738.2913516,16.609
2024-09-06 18:00:00,738.2984894999998,16.847
2024-09-06 18:30:00,738.2118149999999,17.806
2024-09-06 19:00:00,738.4106565,18.866
2024-09-06 19:30:00,738.2046770999999,22.375
2024-09-06 20:00:00,738.1526723999999,20.337
2024-09-06 20:30:00,737.9660673,20.018
2024-09-06 21:00:00,737.9161019999999,20.945
2024-09-06 21:30:00,737.6377239,20.171
2024-09-06 22:00:00,737.681571,18.646
2024-09-06 22:30:00,737.5806206999999,18.002
2024-09-06 23:00:00,737.4919067999999,17.586
2024-09-06 23:30:00,737.4052323,16.785
2024-09-07 00:00:00,737.2604349,17.43
2024-09-07 00:30:00,737.1034010999999,17.14
2024-09-07 01:00:00,736.9851158999999,16.584
2024-09-07 01:30:00,736.9106777999999,16.287
2024-09-07 02:00:00,736.8902837999999,15.957
2024-09-07 02:30:00,736.9127172,14.967
2024-09-07 03:00:00,737.0116280999999,13.977
2024-09-07 03:30:00,737.1798785999999,12.802
2024-09-07 04:00:00,737.355267,12.033
2024-09-07 04:30:00,737.4388823999999,11.252
2024-09-07 05:00:00,737.2869470999999,10.664
2024-09-07 05:30:00,737.2777697999999,10.195
2024-09-07 06:00:00,737.2910258999999,9.758
2024-09-07 06:30:00,737.2084302,9.346
2024-09-07 07:00:00,737.2400408999999,9.092
2024-09-07 07:30:00,737.263494,8.85
2024-09-07 08:00:00,737.0330417999999,8.608
2024-09-07 08:30:00,736.7862743999999,8.446
2024-09-07 09:00:00,736.4966795999999,8.249
2024-09-07 09:30:00,736.2305379,8.072
2024-09-07 10:00:00,735.9909084,7.907
2024-09-07 10:30:00,735.8797611,8.589
2024-09-07 11:00:00,735.7217076,8.994
2024-09-07 11:30:00,735.7431213,8.645
2024-09-07 12:00:00,735.6482892,8.057
2024-09-07 12:30:00,735.5718116999999,7.712
2024-09-07 13:00:00,735.5147084999999,7.503
2024-09-07 13:30:00,735.5962844999999,7.24
2024-09-07 14:00:00,735.7451606999999,7.128
2024-09-07 14:30:00,735.8644655999999,7.238
2024-09-07 15:00:00,735.8338746,7.389
2024-09-07 15:30:00,735.7737122999999,8.073
2024-09-07 16:00:00,735.7522986,10.032
2024-09-07 16:30:00,735.7125302999999,12.915
2024-09-07 17:00:00,735.9195293999999,14.419
2024-09-07 17:30:00,735.927687,14.944
2024-09-07 18:00:00,735.8032836,16.195
2024-09-07 18:30:00,735.7410818999999,19.635
2024-09-07 19:00:00,735.3709307999999,21.912
2024-09-07 19:30:00,735.4545462,21.9
2024-09-07 20:00:00,735.3597141,19.833
2024-09-07 20:30:00,735.2322515999999,19.293
2024-09-07 21:00:00,735.0323903999999,20.355
2024-09-07 21:30:00,734.653062,20.157
2024-09-07 22:00:00,734.6214513,19.508
2024-09-07 22:30:00,734.3389943999998,19.581
2024-09-07 23:00:00,734.2594578,19.288
2024-09-07 23:30:00,734.1483104999999,18.847
2024-09-08 00:00:00,734.0381828999999,18.179
2024-09-08 00:30:00,733.8250655999999,17.417
2024-09-08 01:00:00,733.7281940999999,16.552
2024-09-08 01:30:00,733.7842776,15.757
2024-09-08 02:00:00,733.6884258,15.053
2024-09-08 02:30:00,733.7893760999999,14.017
2024-09-08 03:00:00,734.0850891,13.105
2024-09-08 03:30:00,734.1483104999999,13.055
2024-09-08 04:00:00,734.2869896999999,13.142
2024-09-08 04:30:00,734.4888902999999,12.14
2024-09-08 05:00:00,734.4644175,11.203
2024-09-08 05:30:00,734.5429343999999,10.453
2024-09-08 06:00:00,734.3186003999999,9.82
2024-09-08 06:30:00,734.2105121999999,9.466
2024-09-08 07:00:00,734.1360741,9.351
2024-09-08 07:30:00,734.1268967999999,9.116
2024-09-08 08:00:00,734.0392026,8.789
2024-09-08 08:30:00,733.9566068999999,8.447
2024-09-08 09:00:00,733.6425393,8.185
2024-09-08 09:30:00,733.5466875,7.884
2024-09-08 10:00:00,733.3794566999999,7.768
2024-09-08 10:30:00,733.3549839,7.625
2024-09-08 11:00:00,733.2173243999998,7.502
2024-09-08 11:30:00,733.0776254999998,7.604
2024-09-08 12:00:00,733.2285410999999,9.101
2024-09-08 12:30:00,733.2785063999999,9.977
2024-09-08 13:00:00,733.3427475,10.458
2024-09-08 13:30:00,733.5538253999999,9.784
2024-09-08 14:00:00,733.6099089,10.599
2024-09-08 14:30:00,733.8587157000001,10.478
2024-09-08 15:00:00,733.8189474,10.614
2024-09-08 15:30:00,733.9351932,10.534
2024-09-08 16:00:00,734.0239071,12.382
2024-09-08 16:30:00,734.0646950999999,13.466
2024-09-08 17:00:00,734.0514389999998,14.683
2024-09-08 17:30:00,734.184,15.158
2024-09-08 18:00:00,734.2982063999999,16.121
2024-09-08 18:30:00,734.2747532999999,19.049
2024-09-08 19:00:00,733.9260158999999,21.898
2024-09-08 19:30:00,734.1238377,23.076
2024-09-08 20:00:00,734.1116013,19.679
2024-09-08 20:30:00,734.0065721999999,19.153
2024-09-08 21:00:00,734.1829802999999,19.585
2024-09-08 21:30:00,734.0137100999999,20.241
2024-09-08 22:00:00,733.9423310999999,19.538
2024-09-08 22:30:00,733.6751697,19.224
2024-09-08 23:00:00,733.5864558,18.792
2024-09-08 23:30:00,733.4681705999999,18.528
2024-09-09 00:00:00,733.3090973999999,17.981
2024-09-09 00:30:00,733.4171856,16.906
2024-09-09 01:00:00,733.3029792,16.12
2024-09-09 01:30:00,733.4243234999999,15.17
2024-09-09 02:00:00,733.4314613999999,14.629
2024-09-09 02:30:00,733.5956331,13.851
2024-09-09 03:00:00,733.9311144,13.339
2024-09-09 03:30:00,734.1625862999999,13.358
2024-09-09 04:00:00,734.2992260999999,13.02
2024-09-09 04:30:00,734.2696547999999,12.816
2024-09-09 05:00:00,734.2237683,12.712
2024-09-09 05:30:00,734.1758424,12.941
2024-09-09 06:00:00,734.1462711,12.969
2024-09-09 06:30:00,734.1126209999999,13.023
2024-09-09 07:00:00,734.0667344999999,12.852
2024-09-09 07:30:00,734.0871285,12.754
2024-09-09 08:00:00,734.3277777,12.681
2024-09-09 08:30:00,734.2645563,12.587
2024-09-09 09:00:00,734.1962363999999,12.18
2024-09-09 09:30:00,734.0402223,11.718
2024-09-09 10:00:00,734.0137100999999,11.732
2024-09-09 10:30:00,733.847499,11.45
2024-09-09 11:00:00,733.9749615,10.985
2024-09-09 11:30:00,734.0096312999999,9.72
2024-09-09 12:00:00,734.1034436999998,8.977
2024-09-09 12:30:00,734.0381828999999,8.439
2024-09-09 13:00:00,733.9219370999999,7.887
2024-09-09 13:30:00,734.1309755999999,7.754
2024-09-09 14:00:00,734.224788,7.627
2024-09-09 14:30:00,734.4195507,7.451
2024-09-09 15:00:00,734.5103039999999,8.113
2024-09-09 15:30:00,734.5031660999999,9.136
2024-09-09 16:00:00,734.6449043999999,11.989
2024-09-09 16:30:00,734.6969090999999,12.554
2024-09-09 17:00:00,734.7336182999999,13.59
2024-09-09 17:30:00,734.8865732999999,13.995
2024-09-09 18:00:00,734.8111154999999,15.599
2024-09-09 18:30:00,734.9079869999999,18.926
2024-09-09 19:00:00,734.7152636999999,21.214
2024-09-09 19:30:00,734.9243021999998,22.75
2024-09-09 20:00:00,734.7376970999999,19.339
2024-09-09 20:30:00,734.5317177,18.827
2024-09-09 21:00:00,734.4011960999999,19.128
2024-09-09 21:30:00,734.3338959,19.393
2024-09-09 22:00:00,734.2400835,19.114
2024-09-09 22:30:00,734.1156801,18.744
2024-09-09 23:00:00,734.0983452,18.476
2024-09-09 23:30:00,733.8740111999999,18.284
2024-09-10 00:00:00,733.7536866,17.486
2024-09-10 00:30:00,733.8291443999999,16.628
2024-09-10 01:00:00,733.7700017999999,15.667
2024-09-10 01:30:00,733.8536172,14.549
2024-09-10 02:00:00,733.8607550999999,13.627
2024-09-10 02:30:00,733.8852278999999,12.835
2024-09-10 03:00:00,734.0259464999999,12.097
2024-09-10 03:30:00,734.2655759999999,11.581
2024-09-10 04:00:00,734.3859006,11.46
2024-09-10 04:30:00,734.5796435999999,10.766
2024-09-10 05:00:00,734.2584380999999,10.946
2024-09-10 05:30:00,734.0055524999999,10.829
2024-09-10 06:00:00,733.7169773999999,10.238
2024-09-10 06:30:00,733.6211255999999,9.922
2024-09-10 07:00:00,733.602771,9.18
2024-09-10 07:30:00,733.4875449,8.525
2024-09-10 08:00:00,733.1928515999999,7.829
2024-09-10 08:30:00,733.1816349,9.118
2024-09-10 09:00:00,733.3335701999999,9.832
2024-09-10 09:30:00,733.1908122,8.825
2024-09-10 10:00:00,733.1377878,7.667
2024-09-10 10:30:00,732.9522023999999,6.866
2024-09-10 11:00:00,732.6258984,7.127
2024-09-10 11:30:00,732.5555390999999,7.387
2024-09-10 12:00:00,732.4117613999999,7.108
2024-09-10 12:30:00,732.3546581999999,6.446
2024-09-10 13:00:00,732.1894668,5.787
2024-09-10 13:30:00,732.0864771,5.477
2024-09-10 14:00:00,732.1099301999999,5.749
2024-09-10 14:30:00,732.3403823999998,6.209
2024-09-10 15:00:00,732.2659442999999,5.927
2024-09-10 15:30:00,732.2414715,6.12
2024-09-10 16:00:00,732.3108110999999,10.055
2024-09-10 16:30:00,732.1966046999999,11.314
2024-09-10 17:00:00,732.4117613999999,12.855
2024-09-10 17:30:00,732.3067322999999,13.441
2024-09-10 18:00:00,731.9947041,15.325
2024-09-10 18:30:00,732.0059207999999,18.555
2024-09-10 19:00:00,732.0110192999999,20.208
2024-09-10 19:30:00,731.8458279,23.481
2024-09-10 20:00:00,731.5256420999999,19.157
2024-09-10 20:30:00,731.3206823999999,18.606
2024-09-10 21:00:00,731.1187818,18.618
2024-09-10 21:30:00,730.9117827,19.09
2024-09-10 22:00:00,730.6915274999999,18.314
2024-09-10 22:30:00,730.5212376,17.672
2024-09-10 23:00:00,730.3886765999998,17.283
2024-09-10 23:30:00,730.2061502999999,17.136
2024-09-11 00:00:00,730.1133576,16.136
2024-09-11 00:30:00,730.1143772999999,15.044
2024-09-11 01:00:00,729.9318509999999,14.261
2024-09-11 01:30:00,729.7146548999999,13.444
2024-09-11 02:00:00,729.6504138,12.752
2024-09-11 02:30:00,729.4566708,12.033
2024-09-11 03:00:00,729.3975282,11.76
2024-09-11 03:30:00,729.5066361,10.964
2024-09-11 04:00:00,729.5056164,10.899
2024-09-11 04:30:00,729.5270300999999,10.396
2024-09-11 05:00:00,729.3190113,9.973
2024-09-11 05:30:00,729.3190113,9.943
2024-09-11 06:00:00,729.2333564999999,9.406
2024-09-11 06:30:00,729.452592,8.701
2024-09-11 07:00:00,729.1548396,7.606
2024-09-11 07:30:00,728.7704127,6.754
2024-09-11 08:00:00,728.6613047999999,7.512
2024-09-11 08:30:00,728.4940739999998,7.433
2024-09-11 09:00:00,728.3472371999999,6.793
2024-09-11 09:30:00,728.1096471,6.015
2024-09-11 10:00:00,728.3706903,5.478
2024-09-11 10:30:00,728.1942821999999,4.794
2024-09-11 11:00:00,727.8924509999999,4.109
2024-09-11 11:30:00,727.7578505999999,3.704
2024-09-11 12:00:00,727.4029949999999,3.342
2024-09-11 12:30:00,727.4590785,3.157
2024-09-11 13:00:00,727.3744433999999,2.85
2024-09-11 13:30:00,727.4478617999999,2.674
2024-09-11 14:00:00,727.6089743999999,2.491
2024-09-11 14:30:00,727.6263092999999,2.43
2024-09-11 15:00:00,727.3775024999999,2.69
2024-09-11 15:30:00,727.2857294999999,3.508
2024-09-11 16:00:00,727.5131225999999,7.461
2024-09-11 16:30:00,727.6140728999999,9.667
2024-09-11 17:00:00,727.5834818999999,11.682
2024-09-11 17:30:00,727.8537023999999,12.391
2024-09-11 18:00:00,727.6854519,13.52
2024-09-11 18:30:00,727.4825315999999,16.355
2024-09-11 19:00:00,727.5080240999998,17.371
2024-09-11 19:30:00,727.1786609999999,21.067
2024-09-11 20:00:00,727.0012331999999,16.926
2024-09-11 20:30:00,726.7758795,16.134
2024-09-11 21:00:00,726.7921946999999,15.688
2024-09-11 21:30:00,726.7860764999999,16.062
2024-09-11 22:00:00,726.5586834,15.183
2024-09-11 22:30:00,726.6106881,14.244
2024-09-11 23:00:00,726.4913831999999,13.346
2024-09-11 23:30:00,726.5382894,13.314
2024-09-12 00:00:00,726.2690885999999,12.743
2024-09-12 00:30:00,725.9662377,11.951
2024-09-12 01:00:00,725.9988681,11.097
2024-09-12 01:30:00,725.7694356,10.229
2024-09-12 02:00:00,725.4217178999999,9.687
2024-09-12 02:30:00,725.455368,9.223
2024-09-12 03:00:00,725.5012545,8.65
2024-09-12 03:30:00,725.6205593999999,8.108
2024-09-12 04:00:00,725.6674655999999,7.574
2024-09-12 04:30:00,725.6572685999998,7.087
2024-09-12 05:00:00,725.5185893999999,6.304
2024-09-12 05:30:00,725.5032939,5.972
2024-09-12 06:00:00,725.4359936999999,5.463
2024-09-12 06:30:00,725.3758313999999,4.722
2024-09-12 07:00:00,725.1015321,4.065
2024-09-12 07:30:00,724.9771286999999,3.489
2024-09-12 08:00:00,724.8578238,2.688
2024-09-12 08:30:00,724.6151351999999,2.139
2024-09-12 09:00:00,724.3918208999999,1.642
2024-09-12 09:30:00,724.3204419,1.35
2024-09-12 10:00:00,724.180743,1.089
2024-09-12 10:30:00,724.139955,0.885
2024-09-12 11:00:00,723.9441726,0.649
2024-09-12 11:30:00,723.9288770999999,0.492
2024-09-12 12:00:00,723.8646359999999,0.296
2024-09-12 12:30:00,723.7952964,0.16
2024-09-12 13:00:00,723.8432223,-0.013
2024-09-12 13:30:00,723.9839409,-0.198
2024-09-12 14:00:00,723.9655862999999,-0.268
2024-09-12 14:30:00,724.3632693,-0.127
2024-09-12 15:00:00,724.3908011999998,-0.099
2024-09-12 15:30:00,724.333698,0.338
2024-09-12 16:00:00,724.5937214999999,3.199
2024-09-12 16:30:00,724.9546952999999,6.078
2024-09-12 17:00:00,725.2361324999999,8.598
2024-09-12 17:30:00,725.1362019,10.029
2024-09-12 18:00:00,724.9567347,12.626
2024-09-12 18:30:00,725.3156691,15.591
2024-09-12 19:00:00,725.3829692999999,16.487
2024-09-12 19:30:00,725.4043829999999,20.421
2024-09-12 20:00:00,725.3992844999999,17.096
2024-09-12 20:30:00,725.2911962999999,16.908
2024-09-12 21:00:00,725.2942554,16.809
2024-09-12 21:30:00,725.2626447,17.635
2024-09-12 22:00:00,725.2504083,17.185
2024-09-12 22:30:00,725.2198173,16.438
2024-09-12 23:00:00,725.3482994999999,16.044
2024-09-12 23:30:00,725.4135602999999,15.357
2024-09-13 00:00:00,725.4981954,14.565
2024-09-13 00:30:00,725.7337461,13.568
2024-09-13 01:00:00,725.9764346999999,12.558
2024-09-13 01:30:00,726.1977096,11.456
2024-09-13 02:00:00,726.2986598999998,10.127
2024-09-13 02:30:00,726.3343494,9.18
2024-09-13 03:00:00,726.5270727,8.379
2024-09-13 03:30:00,726.5739788999999,8.4
2024-09-13 04:00:00,726.7310126999998,8.683
2024-09-13 04:30:00,726.7432491,8.519
2024-09-13 05:00:00,726.7789385999998,8.204
2024-09-13 05:30:00,726.8411402999999,7.913
2024-09-13 06:00:00,726.8136083999999,7.134
2024-09-13 06:30:00,726.729993,6.004
2024-09-13 07:00:00,726.7167369,5.081
2024-09-13 07:30:00,726.7259142,4.556
2024-09-13 08:00:00,726.6372002999999,4.119
2024-09-13 08:30:00,726.6402593999999,3.827
2024-09-13 09:00:00,726.6290427,3.632
2024-09-13 09:30:00,726.475068,3.462
2024-09-13 10:00:00,726.3700388999999,3.348
2024-09-13 10:30:00,726.3853344,3.127
2024-09-13 11:00:00,726.3047780999999,2.763
2024-09-13 11:30:00,726.33231,2.477
2024-09-13 12:00:00,726.454674,2.169
2024-09-13 12:30:00,726.6086486999999,1.946
2024-09-13 13:00:00,726.6871655999998,1.731
2024-09-13 13:30:00,726.8768298,1.598
2024-09-13 14:00:00,727.1429714999999,1.458
2024-09-13 14:30:00,727.2938870999999,1.516
2024-09-13 15:00:00,727.413192,1.696
2024-09-13 15:30:00,727.3581282,2.089
2024-09-13 16:00:00,727.5426938999999,4.728
2024-09-13 16:30:00,727.7445945,7.684
2024-09-13 17:00:00,727.9954407,10.308
2024-09-13 17:30:00,728.0800757999999,11.272
2024-09-13 18:00:00,728.0025785999999,14.024
2024-09-13 18:30:00,728.2248731999999,17.858
2024-09-13 19:00:00,728.3033900999999,17.613
2024-09-13 19:30:00,728.3666115,22.259
2024-09-13 20:00:00,728.3666115,18.345
2024-09-13 20:30:00,728.1198440999999,18.224
2024-09-13 21:00:00,728.1086273999999,17.896
2024-09-13 21:30:00,728.2299717,18.755
2024-09-13 22:00:00,728.2218141,18.298
2024-09-13 22:30:00,728.0872137,17.866
2024-09-13 23:00:00,728.2299717,17.467
2024-09-13 23:30:00,728.3299023,16.933
2024-09-14 00:00:00,728.4665421,16.127
2024-09-14 00:30:00,728.7632748,14.961
2024-09-14 01:00:00,728.8183386,13.858
2024-09-14 01:30:00,728.9957664,12.75
2024-09-14 02:00:00,729.0977363999999,11.553
2024-09-14 02:30:00,729.3190113,10.561
2024-09-14 03:00:00,729.4831829999999,9.859
2024-09-14 03:30:00,729.7554429,9.058
2024-09-14 04:00:00,729.69732,8.245
2024-09-14 04:30:00,729.6728471999999,7.567
2024-09-14 05:00:00,729.6687683999999,7.148
2024-09-14 05:30:00,729.4770647999999,6.782
2024-09-14 06:00:00,729.5647589999999,6.632
2024-09-14 06:30:00,729.5219315999999,6.07
2024-09-14 07:00:00,729.4903208999999,5.503
2024-09-14 07:30:00,729.3730553999999,5.066
2024-09-14 08:00:00,729.2547701999999,4.755
2024-09-14 08:30:00,729.1691154,4.612
2024-09-14 09:00:00,729.1915488,4.491
2024-09-14 09:30:00,729.0477711,4.146
2024-09-14 10:00:00,729.1069137,3.845
2024-09-14 10:30:00,729.0018845999999,3.498
2024-09-14 11:00:00,728.8468902,3.258
2024-09-14 11:30:00,728.8183386,3.034
2024-09-14 12:00:00,728.6307138,2.833
2024-09-14 12:30:00,728.6174576999999,2.725
2024-09-14 13:00:00,728.7020928,2.869
2024-09-14 13:30:00,728.8499492999999,2.873
2024-09-14 14:00:00,729.0467514,2.629
2024-09-14 14:30:00,729.2282579999999,2.518
2024-09-14 15:00:00,729.2527308,2.427
2024-09-14 15:30:00,729.1446425999999,2.492
2024-09-14 16:00:00,729.2894399999999,5.536
2024-09-14 16:30:00,729.5780150999999,8.599
2024-09-14 17:00:00,729.7472852999999,11.094
2024-09-14 17:30:00,729.8359992,11.558
2024-09-14 18:00:00,729.7901127,14.034
2024-09-14 18:30:00,729.9481661999998,16.894
2024-09-14 19:00:00,729.8370189,16.728
2024-09-14 19:30:00,729.7248519,21.531
2024-09-14 20:00:00,729.6667289999999,17.629
2024-09-14 20:30:00,729.4036464,17.439
2024-09-14 21:00:00,729.3638780999999,17.559
2024-09-14 21:30:00,729.4423949999999,18.504
2024-09-14 22:00:00,729.3230901000001,17.1
2024-09-14 22:30:00,729.2659869,16.342
2024-09-14 23:00:00,729.3128931,15.832
2024-09-14 23:30:00,729.3669372,15.16
2024-09-15 00:00:00,729.2323367999999,14.694
2024-09-15 00:30:00,729.2170413,13.873
2024-09-15 01:00:00,729.2455928999999,13.028
2024-09-15 01:30:00,729.1833912,12.227
2024-09-15 02:00:00,729.1507608,11.125
2024-09-15 02:30:00,729.2894399999999,9.856
2024-09-15 03:00:00,729.4199615999999,9.243
2024-09-15 03:30:00,729.6830441999999,8.572
2024-09-15 04:00:00,729.6432758999999,7.857
2024-09-15 04:30:00,729.6300197999999,7.175
2024-09-15 05:00:00,729.6442956,6.529
2024-09-15 05:30:00,729.5127542999999,6.059
2024-09-15 06:00:00,729.3832524,5.762
2024-09-15 06:30:00,729.1946078999999,5.463
2024-09-15 07:00:00,729.1375046999999,5.05
2024-09-15 07:30:00,729.0049436999999,4.795
2024-09-15 08:00:00,728.912151,4.401
2024-09-15 08:30:00,728.8366931999999,4.069
2024-09-15 09:00:00,728.5807485,3.778
2024-09-15 09:30:00,728.279937,3.398
2024-09-15 10:00:00,728.0199134999999,3.236
2024-09-15 10:30:00,727.6089743999999,3.008
2024-09-15 11:00:00,727.3407933,2.77
2024-09-15 11:30:00,727.2163899,2.666
2024-09-15 12:00:00,727.1337941999999,2.588
2024-09-15 12:30:00,727.1470502999999,2.531
2024-09-15 13:00:00,727.0338635999999,2.28
2024-09-15 13:30:00,726.9512679,2.016
2024-09-15 14:00:00,726.9308739,1.847
2024-09-15 14:30:00,726.8023916999999,1.794
2024-09-15 15:00:00,726.6321018,1.927
2024-09-15 15:30:00,726.5586834,3.277
2024-09-15 16:00:00,726.6881852999999,6.784
2024-09-15 16:30:00,726.4730285999999,8.294
2024-09-15 17:00:00,726.2476748999999,10.089
2024-09-15 17:30:00,726.1100154,10.381
2024-09-15 18:00:00,726.0743259,12.358
2024-09-15 18:30:00,725.995809,14.069
2024-09-15 19:00:00,725.6623670999999,13.744
2024-09-15 19:30:00,725.3574768,16.625
2024-09-15 20:00:00,725.2320536999999,14.163
2024-09-15 20:30:00,725.1484383,13.245
2024-09-15 21:00:00,724.7966418,13.538
2024-09-15 21:30:00,724.4672787,14.509
2024-09-15 22:00:00,724.3122842999999,12.902
2024-09-15 22:30:00,724.1389353,12.601
2024-09-15 23:00:00,723.8819708999999,11.704
2024-09-15 23:30:00,723.7575675,11.032
2024-09-16 00:00:00,723.4118892,10.006
2024-09-16 00:30:00,723.1957127999999,9.517
2024-09-16 01:00:00,722.7715175999999,8.578
2024-09-16 01:30:00,722.5553411999999,7.676
2024-09-16 02:00:00,722.3514011999999,6.924
2024-09-16 02:30:00,722.2004855999999,6.583
2024-09-16 03:00:00,721.9312848,6.148
2024-09-16 03:30:00,721.7599751999999,5.852
2024-09-16 04:00:00,721.7426403,5.618
2024-09-16 04:30:00,721.3102875,5.503
2024-09-16 05:00:00,721.0329290999999,5.633
2024-09-16 05:30:00,720.8361269999999,5.166
2024-09-16 06:00:00,720.6709356,4.714
2024-09-16 06:30:00,720.5230791,4.368
2024-09-16 07:00:00,720.4720940999999,4.08
2024-09-16 07:30:00,720.2192084999999,3.738
2024-09-16 08:00:00,720.1794401999999,3.549
2024-09-16 08:30:00,719.9377713,3.409
2024-09-16 09:00:00,719.9449092,3.452
2024-09-16 09:30:00,719.9775396,3.586
2024-09-16 10:00:00,719.5880142,3.468
2024-09-16 10:30:00,719.5992309,3.262
2024-09-16 11:00:00,719.4248621999999,2.992
2024-09-16 11:30:00,719.3422664999999,2.836
2024-09-16 12:00:00,719.4676895999999,2.806
2024-09-16 12:30:00,719.316774,2.603
2024-09-16 13:00:00,719.3137149,2.384
2024-09-16 13:30:00,719.2362176999999,1.882
2024-09-16 14:00:00,719.3871333,1.511
2024-09-16 14:30:00,719.2464147,1.151
2024-09-16 15:00:00,719.1862524,0.913
2024-09-16 15:30:00,719.3524635,0.907
2024-09-16 16:00:00,719.6012703,1.797
2024-09-16 16:30:00,719.928594,2.426
2024-09-16 17:00:00,720.1070414999999,4.207
2024-09-16 17:30:00,720.0162882,3.568
2024-09-16 18:00:00,720.0366822,6.001
2024-09-16 18:30:00,720.3986756999999,8.312
2024-09-16 19:00:00,720.3507497999999,7.833
2024-09-16 19:30:00,720.3415724999999,10.753
2024-09-16 20:00:00,720.4517000999999,8.52
2024-09-16 20:30:00,720.5281775999999,7.942
2024-09-16 21:00:00,720.6495219,5.718
2024-09-16 21:30:00,720.6485021999999,4.802
2024-09-16 22:00:00,720.6209703,3.355
2024-09-16 22:30:00,720.6892901999998,2.368
2024-09-16 23:00:00,720.8544816,1.256
2024-09-16 23:30:00,721.3041693,0.014
2024-09-17 00:00:00,721.5998823,-0.156
2024-09-17 00:30:00,721.7671131,-0.333
2024-09-17 01:00:00,721.896615,-0.285
2024-09-17 01:30:00,722.0760822,-0.049
2024-09-17 02:00:00,722.3279481,-0.053
2024-09-17 02:30:00,722.2218992999999,-0.187
2024-09-17 03:00:00,722.2025249999999,-0.415
2024-09-17 03:30:00,722.5023167999999,-0.625
2024-09-17 04:00:00,722.7011583,-0.974
2024-09-17 04:30:00,722.5308684,-1.316
2024-09-17 05:00:00,722.6899415999999,-1.544
2024-09-17 05:30:00,722.7276704999998,-1.614
2024-09-17 06:00:00,722.8745073,-1.703
2024-09-17 06:30:00,722.783754,-1.984
2024-09-17 07:00:00,722.7011583,-2.133
2024-09-17 07:30:00,723.0733487999998,-2.272
2024-09-17 08:00:00,723.0447972,-2.414
2024-09-17 08:30:00,722.8918421999999,-2.626
2024-09-17 09:00:00,723.059073,-2.601
2024-09-17 09:30:00,722.9316104999999,-2.669
2024-09-17 10:00:00,722.6328383999999,-2.819
2024-09-17 10:30:00,723.0611124,-2.898
2024-09-17 11:00:00,722.9295710999999,-2.742
2024-09-17 11:30:00,722.9142756,-2.568
2024-09-17 12:00:00,722.9927925,-2.202
2024-09-17 12:30:00,723.5332334999999,-1.775
2024-09-17 13:00:00,723.5831988,-1.482
2024-09-17 13:30:00,723.7871388,-1.375
2024-09-17 14:00:00,724.2092945999999,-1.162
2024-09-17 14:30:00,724.4672787,-0.852
2024-09-17 15:00:00,724.7619719999999,-0.568
2024-09-17 15:30:00,725.2891569,-0.21
2024-09-17 16:00:00,725.5746728999999,-0.002
2024-09-17 16:30:00,725.7653568,0.5
2024-09-17 17:00:00,725.9641982999999,1.143
2024-09-17 17:30:00,725.8234796999999,1.651
2024-09-17 18:00:00,726.1416260999999,3.961
2024-09-17 18:30:00,726.7187763,5.644
2024-09-17 19:00:00,726.7452884999999,5.729
2024-09-17 19:30:00,726.7106186999999,7.634
2024-09-17 20:00:00,726.8431797,6.766
2024-09-17 20:30:00,726.6045698999999,6.717
2024-09-17 21:00:00,726.6545351999999,7.068
2024-09-17 21:30:00,726.6749292,7.694
2024-09-17 22:00:00,726.4791468,7.026
2024-09-17 22:30:00,726.4485557999999,6.939
2024-09-17 23:00:00,726.3374085,6.441
2024-09-17 23:30:00,726.4536542999999,6.062
2024-09-18 00:00:00,726.4995407999999,6.242
2024-09-18 00:30:00,726.6555549,6.18
2024-09-18 01:00:00,726.5546046,5.824
2024-09-18 01:30:00,726.6372002999999,5.151
2024-09-18 02:00:00,726.6953232,4.812
2024-09-18 02:30:00,726.7860764999999,4.324
2024-09-18 03:00:00,726.8472585,3.631
2024-09-18 03:30:00,726.9227162999998,3.163
2024-09-18 04:00:00,726.9247557,2.941
2024-09-18 04:30:00,726.7269339,2.981
2024-09-18 05:00:00,726.5658212999999,2.886
2024-09-18 05:30:00,726.2966204999999,2.747
2024-09-18 06:00:00,726.0029468999999,2.745
2024-09-18 06:30:00,725.8265388,2.35
2024-09-18 07:00:00,725.7123323999999,2.087
2024-09-18 07:30:00,725.8244993999999,2.03
2024-09-18 08:00:00,725.9743953,1.759
2024-09-18 08:30:00,725.9754149999999,1.631
2024-09-18 09:00:00,725.7867705,1.435
2024-09-18 09:30:00,725.4696437999999,1.328
2024-09-18 10:00:00,725.2636644,1.054
2024-09-18 10:30:00,725.0342318999999,0.985
2024-09-18 11:00:00,724.9689711,1.276
2024-09-18 11:30:00,724.7915433,1.5
2024-09-18 12:00:00,724.4009981999999,1.678
2024-09-18 12:30:00,724.3704071999999,1.935
2024-09-18 13:00:00,724.4631999,2.129
2024-09-18 13:30:00,724.3897815,1.775
2024-09-18 14:00:00,724.5152046,1.727
2024-09-18 14:30:00,724.6528640999999,1.904
2024-09-18 15:00:00,724.8659814,2.769
2024-09-18 15:30:00,725.0495274,3.602
2024-09-18 16:00:00,725.2534674,4.566
2024-09-18 16:30:00,725.3421813,5.363
2024-09-18 17:00:00,725.2922159999999,5.961
2024-09-18 17:30:00,725.3605359,6.447
2024-09-18 18:00:00,724.9822271999999,8.727
2024-09-18 18:30:00,725.3238266999999,10.399
2024-09-18 19:00:00,725.3013933,8.515
2024-09-18 19:30:00,725.4125405999998,7.469
2024-09-18 20:00:00,725.2759007999999,7.867
2024-09-18 20:30:00,725.1137685,8.877
2024-09-18 21:00:00,725.1382412999999,8.754
2024-09-18 21:30:00,724.9424588999999,7.871
2024-09-18 22:00:00,724.8761783999998,7.741
2024-09-18 22:30:00,724.7731887,8.218
2024-09-18 23:00:00,724.7670704999999,6.906
2024-09-18 23:30:00,724.772169,6.589
2024-09-19 00:00:00,724.7344401,6.313
2024-09-19 00:30:00,724.8139767,5.766
2024-09-19 01:00:00,724.7048688,5.731
2024-09-19 01:30:00,725.0240348999998,5.511
2024-09-19 02:00:00,725.0964336,5.021
2024-09-19 02:30:00,724.9914044999999,4.745
2024-09-19 03:00:00,725.3299448999999,4.404
2024-09-19 03:30:00,725.3095509,4.45
2024-09-19 04:00:00,725.6073033,4.227
2024-09-19 04:30:00,725.6878595999999,3.97
2024-09-19 05:00:00,725.7062141999999,3.891
2024-09-19 05:30:00,725.6531898,3.885
2024-09-19 06:00:00,725.7408839999999,3.836
2024-09-19 06:30:00,725.6888792999999,3.767
2024-09-19 07:00:00,725.6511504,3.897
2024-09-19 07:30:00,725.4563876999999,3.81
2024-09-19 08:00:00,725.4706634999999,3.514
2024-09-19 08:30:00,725.4502695,3.239
2024-09-19 09:00:00,725.4961559999999,3.159
2024-09-19 09:30:00,725.5104318,3.121
2024-09-19 10:00:00,725.2687628999998,3.05
2024-09-19 10:30:00,725.4747422999999,3.074
2024-09-19 11:00:00,725.4298754999999,2.991
2024-09-19 11:30:00,725.4410922,2.551
2024-09-19 12:00:00,725.3982648,2.273
2024-09-19 12:30:00,725.3279054999999,2.311
2024-09-19 13:00:00,725.3554374,2.623
2024-09-19 13:30:00,725.5430622,2.805
2024-09-19 14:00:00,725.7143717999999,2.867
2024-09-19 14:30:00,725.9111738999999,2.768
2024-09-19 15:00:00,726.1997489999999,2.976
2024-09-19 15:30:00,726.3608615999999,3.228
2024-09-19 16:00:00,726.6188457,3.633
2024-09-19 16:30:00,726.7381505999999,3.911
2024-09-19 17:00:00,726.9553467,4.532
2024-09-19 17:30:00,726.8992632,5.076
2024-09-19 18:00:00,726.7534460999999,6.235
2024-09-19 18:30:00,726.9492284999999,5.962
2024-09-19 19:00:00,726.9002829,5.774
2024-09-19 19:30:00,727.0063316999999,5.941
2024-09-19 20:00:00,726.7065398999999,5.942
2024-09-19 20:30:00,726.7452884999999,6.002
2024-09-19 21:00:00,726.6310821,6.086
2024-09-19 21:30:00,726.6779883,5.478
2024-09-19 22:00:00,726.9828785999999,5.386
2024-09-19 22:30:00,727.4080935,3.753
2024-09-19 23:00:00,726.7187763,2.968
2024-09-19 23:30:00,726.9849179999999,3.408
2024-09-20 00:00:00,726.5913137999999,3.21
2024-09-20 00:30:00,726.6392396999998,3.723
2024-09-20 01:00:00,726.6973625999999,3.879
2024-09-20 01:30:00,726.8136083999999,3.589
2024-09-20 02:00:00,727.1276760000001,3.417
2024-09-20 02:30:00,727.0287650999999,3.061
2024-09-20 03:00:00,727.4009556,2.82
2024-09-20 03:30:00,727.6670972999999,2.874
2024-09-20 04:00:00,727.6334472,2.831
2024-09-20 04:30:00,727.2694142999999,2.561
2024-09-20 05:00:00,727.3999359,2.106
2024-09-20 05:30:00,727.6732155,1.952
2024-09-20 06:00:00,728.1198440999999,2.122
2024-09-20 06:30:00,727.8761357999999,1.997
2024-09-20 07:00:00,727.9291602,1.798
2024-09-20 07:30:00,728.035209,2.184
2024-09-20 08:00:00,727.7976189,2.056
2024-09-20 08:30:00,727.5610484999999,1.57
2024-09-20 09:00:00,727.3744433999999,0.956
2024-09-20 09:30:00,727.3611873,0.426
2024-09-20 10:00:00,727.3560888,0.178
2024-09-20 10:30:00,727.1439912,-0.031
2024-09-20 11:00:00,726.9400511999999,-0.039
2024-09-20 11:30:00,726.8992632,-0.034
2024-09-20 12:00:00,726.9686028,-0.192
2024-09-20 12:30:00,726.9910361999999,-0.336
2024-09-20 13:00:00,727.1307350999999,-0.429
2024-09-20 13:30:00,727.2918477,-0.484
2024-09-20 14:00:00,727.5977577,-0.492
2024-09-20 14:30:00,727.7874218999999,-0.272
2024-09-20 15:00:00,727.7537718,-0.099
2024-09-20 15:30:00,727.8312689999999,0.342
2024-09-20 16:00:00,728.2105973999999,1.533
2024-09-20 16:30:00,728.2931931,3.567
2024-09-20 17:00:00,728.6011424999999,6.093
2024-09-20 17:30:00,728.6918957999999,6.298
2024-09-20 18:00:00,728.7275853,7.341
2024-09-20 18:30:00,729.1099727999999,6.823
2024-09-20 19:00:00,729.0824408999999,7.793
2024-09-20 19:30:00,729.0620468999999,9.259
2024-09-20 20:00:00,729.0763226999999,9.332
2024-09-20 20:30:00,728.9600769,10.14
2024-09-20 21:00:00,728.9019539999999,11.377
2024-09-20 21:30:00,728.9437616999999,11.5
2024-09-20 22:00:00,728.9447813999999,11.183
2024-09-20 22:30:00,729.0181997999999,11.02
2024-09-20 23:00:00,728.7612353999999,10.947
2024-09-20 23:30:00,729.0171801,10.341
2024-09-21 00:00:00,728.8876781999999,9.853
2024-09-21 00:30:00,728.88156,9.781
2024-09-21 01:00:00,729.1191500999998,8.651
2024-09-21 01:30:00,729.1813517999999,7.4
2024-09-21 02:00:00,729.3047355,6.318
2024-09-21 02:30:00,729.4831829999999,5.404
2024-09-21 03:00:00,729.6188030999999,4.883
2024-09-21 03:30:00,729.8156051999999,4.359
2024-09-21 04:00:00,730.0042497000001,3.791
2024-09-21 04:30:00,729.9858951,3.771
2024-09-21 05:00:00,729.8655704999999,3.743
2024-09-21 05:30:00,729.8798462999999,3.557
2024-09-21 06:00:00,729.9349100999999,3.171
2024-09-21 06:30:00,729.8574128999999,2.75
2024-09-21 07:00:00,729.6340985999999,2.43
2024-09-21 07:30:00,729.6493941,2.209
2024-09-21 08:00:00,729.7146548999999,2.086
2024-09-21 08:30:00,729.5963697,1.934
2024-09-21 09:00:00,729.503577,1.835
2024-09-21 09:30:00,729.4576905,1.78
2024-09-21 10:00:00,729.3455234999999,1.683
2024-09-21 10:30:00,729.3200309999999,1.323
2024-09-21 11:00:00,729.2088837,1.169
2024-09-21 11:30:00,729.1273076999998,1.168
2024-09-21 12:00:00,729.1089531,1.035
2024-09-21 12:30:00,729.1772729999999,0.809
2024-09-21 13:00:00,729.3567402,1.177
2024-09-21 13:30:00,729.523971,1.062
2024-09-21 14:00:00,729.6300197999999,0.931
2024-09-21 14:30:00,729.8309006999999,0.919
2024-09-21 15:00:00,730.0215846,1.164
2024-09-21 15:30:00,730.0491164999999,1.785
2024-09-21 16:00:00,730.2550958999999,3.549
2024-09-21 16:30:00,730.1735199,6.396
2024-09-21 17:00:00,730.5140997,9.384
2024-09-21 17:30:00,730.5283754999999,9.067
2024-09-21 18:00:00,730.3652235,12.188
2024-09-21 18:30:00,730.5681437999999,12.478
2024-09-21 19:00:00,730.0664513999999,13.095
2024-09-21 19:30:00,730.2387807,14.629
2024-09-21 20:00:00,730.0990818,14.211
2024-09-21 20:30:00,729.9940527,14.747
2024-09-21 21:00:00,729.8288613,16.579
2024-09-21 21:30:00,729.9828359999999,16.692
2024-09-21 22:00:00,730.0226042999999,15.95
2024-09-21 22:30:00,730.1796380999999,14.549
2024-09-21 23:00:00,730.2204260999999,13.306
2024-09-21 23:30:00,730.3723613999999,12.676
2024-09-22 00:00:00,730.4906465999999,12.328
2024-09-22 00:30:00,730.7527094999999,11.91
2024-09-22 01:00:00,730.7139609,11.428
2024-09-22 01:30:00,730.8383642999999,11.032
2024-09-22 02:00:00,730.8995462999999,10.766
2024-09-22 02:30:00,731.0677968,10.218
2024-09-22 03:00:00,731.3726870999999,9.557
2024-09-22 03:30:00,731.5705088999999,8.598
2024-09-22 04:00:00,731.7989216999999,7.584
2024-09-22 04:30:00,731.9039507999998,7.332
2024-09-22 05:00:00,731.9263841999999,7.324
2024-09-22 05:30:00,731.9416797,7.217
2024-09-22 06:00:00,731.828493,6.688
2024-09-22 06:30:00,731.8019808,5.902
2024-09-22 07:00:00,731.8743794999999,5.409
2024-09-22 07:30:00,731.9600342999998,5.102
2024-09-22 08:00:00,732.1140089999999,5.208
2024-09-22 08:30:00,732.1038120000001,5.184
2024-09-22 09:00:00,732.0263147999999,4.9
2024-09-22 09:30:00,731.8947734999999,4.715
2024-09-22 10:00:00,731.9620736999999,4.412
2024-09-22 10:30:00,731.8274733,4.322
2024-09-22 11:00:00,731.7387593999999,4.323
2024-09-22 11:30:00,731.7377396999999,4.13
2024-09-22 12:00:00,731.6877744,3.798
2024-09-22 12:30:00,731.7010305,3.428
2024-09-22 13:00:00,731.8233945,3.147
2024-09-22 13:30:00,731.9192462999999,2.952
2024-09-22 14:00:00,732.032433,2.818
2024-09-22 14:30:00,732.2944959,2.737
2024-09-22 15:00:00,732.3964659000001,2.824
2024-09-22 15:30:00,732.5514602999999,3.067
2024-09-22 16:00:00,732.634056,5.371
2024-09-22 16:30:00,732.7523411999999,8.762
2024-09-22 17:00:00,733.1010785999999,10.827
2024-09-22 17:30:00,733.0817043,11.03
2024-09-22 18:00:00,732.8532915,14.191
2024-09-22 18:30:00,733.0470344999999,14.331
2024-09-22 19:00:00,732.8369763,14.73
2024-09-22 19:30:00,732.7706958,15.618
2024-09-22 20:00:00,732.5738937,15.374
2024-09-22 20:30:00,732.4505099999999,16.155
2024-09-22 21:00:00,732.1425606,17.375
2024-09-22 21:30:00,732.032433,17.587
2024-09-22 22:00:00,732.0365118,16.668
2024-09-22 22:30:00,731.9610539999999,15.382
2024-09-22 23:00:00,731.9906252999999,14.286
2024-09-22 23:30:00,731.9845071,13.766
2024-09-23 00:00:00,731.9712509999999,14.052
2024-09-23 00:30:00,732.0579254999999,13.707
2024-09-23 01:00:00,732.1395014999999,12.992
2024-09-23 01:30:00,732.1711121999999,12.414
2024-09-23 02:00:00,732.2598260999999,12.002
2024-09-23 02:30:00,732.5269875,11.563
2024-09-23 03:00:00,732.8227005,10.892
2024-09-23 03:30:00,733.1377878,9.824
2024-09-23 04:00:00,733.2550533,8.956
2024-09-23 04:30:00,733.307058,8.144
2024-09-23 05:00:00,733.3111368,7.443
2024-09-23 05:30:00,733.1500242,6.938
2024-09-23 06:00:00,733.2091667999999,6.652
2024-09-23 06:30:00,733.0562117999999,6.471
2024-09-23 07:00:00,733.0235814,6.079
2024-09-23 07:30:00,732.9369068999999,5.598
2024-09-23 08:00:00,732.8614491,5.213
2024-09-23 08:30:00,733.0409162999999,5.049
2024-09-23 09:00:00,732.950163,4.802
2024-09-23 09:30:00,733.0704876,4.647
2024-09-23 10:00:00,732.8920400999999,4.429
2024-09-23 10:30:00,732.9695373,4.251
2024-09-23 11:00:00,733.0327586999999,4.042
2024-09-23 11:30:00,732.7757943,3.811
2024-09-23 12:00:00,732.7727351999999,3.667
2024-09-23 12:30:00,732.7635578999999,3.625
2024-09-23 13:00:00,732.9848327999999,3.451
2024-09-23 13:30:00,733.0052268,3.268
2024-09-23 14:00:00,733.1938713,3.143
2024-09-23 14:30:00,733.5446480999999,3.118
2024-09-23 15:00:00,733.6343817,3.303
2024-09-23 15:30:00,733.6710909,3.93
2024-09-23 16:00:00,733.7496078,5.6
2024-09-23 16:30:00,734.0351238,8.368
2024-09-23 17:00:00,734.0290056,10.307
2024-09-23 17:30:00,734.1676848,11.054
2024-09-23 18:00:00,733.8699323999999,14.131
2024-09-23 18:30:00,733.8719717999999,14.913
2024-09-23 19:00:00,733.6486575,14.528
2024-09-23 19:30:00,733.4967221999999,15.64
2024-09-23 20:00:00,733.4487962999999,15.747
2024-09-23 20:30:00,733.2683094,16.061
2024-09-23 21:00:00,732.8033261999999,17.31
2024-09-23 21:30:00,732.6799425,17.63
2024-09-23 22:00:00,732.5249481,16.979
2024-09-23 22:30:00,732.3750521999999,16.769
2024-09-23 23:00:00,732.2985746999999,15.822
2024-09-23 23:30:00,732.4413326999999,15.026
2024-09-24 00:00:00,732.2965352999998,14.772
2024-09-24 00:30:00,732.3883082999998,14.12
2024-09-24 01:00:00,732.4739631,13.58
2024-09-24 01:30:00,732.4423523999999,12.684
2024-09-24 02:00:00,732.5239283999999,11.548
2024-09-24 02:30:00,732.6218196,10.496
2024-09-24 03:00:00,732.8237202,9.614
2024-09-24 03:30:00,733.0195026,8.841
2024-09-24 04:00:00,733.1112756,8.524
2024-09-24 04:30:00,733.2020289,8.661
2024-09-24 05:00:00,733.0888421999999,8.148
2024-09-24 05:30:00,733.072527,7.428
2024-09-24 06:00:00,733.1816349,6.989
2024-09-24 06:30:00,733.0296995999998,6.487
2024-09-24 07:00:00,732.9297689999999,6.151
2024-09-24 07:30:00,732.9491433,5.78
2024-09-24 08:00:00,732.8818430999999,5.36
2024-09-24 08:30:00,732.8808234,5.083
2024-09-24 09:00:00,732.7961882999999,4.834
2024-09-24 09:30:00,732.7829321999999,4.565
2024-09-24 10:00:00,732.5341254,4.353
2024-09-24 10:30:00,732.5116919999999,4.21
2024-09-24 11:00:00,732.4505099999999,4.001
2024-09-24 11:30:00,732.3546581999999,3.928
2024-09-24 12:00:00,732.3230474999999,3.744
2024-09-24 12:30:00,732.3097913999999,3.573
2024-09-24 13:00:00,732.2832791999999,3.417
2024-09-24 13:30:00,732.3342642,3.278
2024-09-24 14:00:00,732.5157707999999,3.293
2024-09-24 14:30:00,732.7013562,3.349
2024-09-24 15:00:00,732.7819124999999,3.454
2024-09-24 15:30:00,732.7747746,3.674
2024-09-24 16:00:00,732.9185523,5.476
2024-09-24 16:30:00,733.0256207999998,8.418
2024-09-24 17:00:00,733.1255513999998,10.493
2024-09-24 17:30:00,733.1173938,11.621
2024-09-24 18:00:00,732.8675673,15.372
2024-09-24 18:30:00,732.9430250999999,15.373
2024-09-24 19:00:00,732.7768139999998,15.465
2024-09-24 19:30:00,732.6320166,16.269
2024-09-24 20:00:00,732.4902782999999,16.864
2024-09-24 20:30:00,732.2394320999998,16.947
2024-09-24 21:00:00,731.9794085999999,18.156
2024-09-24 21:30:00,731.7662912999999,18.855
2024-09-24 22:00:00,731.5378784999999,18.49
2024-09-24 22:30:00,731.5001496,18.045
2024-09-24 23:00:00,731.4848540999999,17.371
2024-09-24 23:30:00,731.6347499999999,16.654
2024-09-25 00:00:00,731.6245529999999,15.858
2024-09-25 00:30:00,731.6184347999999,14.927
2024-09-25 01:00:00,731.6337302999999,13.26
2024-09-25 01:30:00,731.6836956,11.818
2024-09-25 02:00:00,731.7560942999999,10.95
2024-09-25 02:30:00,731.7601730999999,9.9
2024-09-25 03:00:00,731.7030699,9.104
2024-09-25 03:30:00,731.8305323999999,8.387
2024-09-25 04:00:00,732.0630239999999,7.783
2024-09-25 04:30:00,732.124206,7.28
2024-09-25 05:00:00,732.1038120000001,6.79
2024-09-25 05:30:00,731.9783888999999,6.408
2024-09-25 06:00:00,731.8601036999999,6.075
2024-09-25 06:30:00,731.7265229999999,5.784
2024-09-25 07:00:00,731.6306711999999,5.505
2024-09-25 07:30:00,731.5613316,5.221
2024-09-25 08:00:00,731.4583418999999,5.035
2024-09-25 08:30:00,731.308446,4.83
2024-09-25 09:00:00,731.2584807,4.568
2024-09-25 09:30:00,730.9862208,4.53
2024-09-25 10:00:00,730.8281673,4.318
2024-09-25 10:30:00,730.7282367,4.097
2024-09-25 11:00:00,730.6599167999999,4.041
2024-09-25 11:30:00,730.5630453,3.809
2024-09-25 12:00:00,730.4182479,3.525
2024-09-25 12:30:00,730.3081202999999,3.312
2024-09-25 13:00:00,730.2938444999999,3.13
2024-09-25 13:30:00,730.329534,2.922
2024-09-25 14:00:00,730.3774599,2.747
2024-09-25 14:30:00,730.5140997,2.789
2024-09-25 15:00:00,730.6436015999999,2.902
2024-09-25 15:30:00,730.5793605,3.074
2024-09-25 16:00:00,730.7975763,5.259
2024-09-25 16:30:00,730.9087235999999,9.165
2024-09-25 17:00:00,731.0331269999999,10.648
2024-09-25 17:30:00,731.0474028,11.486
2024-09-25 18:00:00,730.778202,14.844
2024-09-25 18:30:00,731.0219102999998,15.131
2024-09-25 19:00:00,730.8852704999999,14.553
2024-09-25 19:30:00,730.6721532,15.443
2024-09-25 20:00:00,730.5293952,16.064
2024-09-25 20:30:00,730.3601249999999,16.237
2024-09-25 21:00:00,729.9695798999999,17.702
2024-09-25 21:30:00,729.9094175999999,17.952
2024-09-25 22:00:00,729.6963003,17.33
2024-09-25 22:30:00,729.6483744,16.902
2024-09-25 23:00:00,729.432198,16.275
2024-09-25 23:30:00,729.5647589999999,15.662
2024-09-26 00:00:00,729.5270300999999,14.821
2024-09-26 00:30:00,729.5892318,13.877
2024-09-26 01:00:00,729.5973894,12.455
2024-09-26 01:30:00,729.7901127,11.782
2024-09-26 02:00:00,729.8818857,10.992
2024-09-26 02:30:00,730.1245743,10.224
2024-09-26 03:00:00,730.4998238999999,9.423
2024-09-26 03:30:00,730.6191288,8.766
2024-09-26 04:00:00,730.5008435999999,8.817
2024-09-26 04:30:00,730.523277,9.85
2024-09-26 05:00:00,730.7435321999999,9.245
2024-09-26 05:30:00,730.5293952,8.035
2024-09-26 06:00:00,730.4488388999999,8.46
2024-09-26 06:30:00,730.7374140000001,7.481
2024-09-26 07:00:00,730.6313652,5.973
2024-09-26 07:30:00,730.4947253999999,4.887
2024-09-26 08:00:00,730.3356522,4.29
2024-09-26 08:30:00,730.5691635,3.818
2024-09-26 09:00:00,730.5813999,3.117
2024-09-26 09:30:00,730.5151193999999,2.807
2024-09-26 10:00:00,730.2775293,2.553
2024-09-26 10:30:00,730.2520367999999,2.212
2024-09-26 11:00:00,730.3285142999999,1.857
2024-09-26 11:30:00,730.2826278,1.546
2024-09-26 12:00:00,730.1561849999999,1.449
2024-09-26 12:30:00,730.1500667999999,1.263
2024-09-26 13:00:00,730.0368801,0.984
2024-09-26 13:30:00,730.2051306,0.81
2024-09-26 14:00:00,730.4019326999999,0.781
2024-09-26 14:30:00,730.5324543,0.724
2024-09-26 15:00:00,730.6344242999999,0.81
2024-09-26 15:30:00,730.7374140000001,1.018
2024-09-26 16:00:00,731.0351663999999,3.015
2024-09-26 16:30:00,731.3991993,6.347
2024-09-26 17:00:00,731.6092575,8.988
2024-09-26 17:30:00,731.8611233999999,11.314
2024-09-26 18:00:00,731.7051093,15.364
2024-09-26 18:30:00,732.0375315,16.196
2024-09-26 19:00:00,731.9722707,15.51
2024-09-26 19:30:00,731.9967435,16.484
2024-09-26 20:00:00,731.9243448,17.205
2024-09-26 20:30:00,731.9304629999999,17.576
2024-09-26 21:00:00,731.7887247,18.983
2024-09-26 21:30:00,731.7153063,19.39
2024-09-26 22:00:00,731.7173456999999,18.717
2024-09-26 22:30:00,731.6969517,18.266
2024-09-26 23:00:00,731.7509957999999,17.878
2024-09-26 23:30:00,731.9243448,17.201
2024-09-27 00:00:00,732.0130586999999,16.416
2024-09-27 00:30:00,732.1395014999999,15.32
2024-09-27 01:00:00,732.4994555999999,13.4
2024-09-27 01:30:00,732.7798731,11.932
2024-09-27 02:00:00,732.9083552999999,10.746
2024-09-27 02:30:00,733.0959800999999,9.648
2024-09-27 03:00:00,733.1775561000001,8.69
2024-09-27 03:30:00,733.2621912,8.019
2024-09-27 04:00:00,733.4977418999999,7.528
2024-09-27 04:30:00,733.6496771999999,6.984
2024-09-27 05:00:00,733.7241152999999,6.696
2024-09-27 05:30:00,733.7954943,6.514
2024-09-27 06:00:00,733.7485881,6.37
2024-09-27 06:30:00,733.8607550999999,6.371
2024-09-27 07:00:00,733.8515778,6.44
2024-09-27 07:30:00,733.6088892,6.304
2024-09-27 08:00:00,733.4100477,6.105
2024-09-27 08:30:00,733.3396883999999,6.011
2024-09-27 09:00:00,733.3519248,6.264
2024-09-27 09:30:00,733.3417278,6.251
2024-09-27 10:00:00,733.1530832999999,6.231
2024-09-27 10:30:00,733.1632803,6.453
2024-09-27 11:00:00,732.9318083999999,5.781
2024-09-27 11:30:00,732.8369763,6.117
2024-09-27 12:00:00,732.9012174,6.718
2024-09-27 12:30:00,732.9430250999999,6.514
2024-09-27 13:00:00,732.9532221,6.222
2024-09-27 13:30:00,733.1347286999999,6.329
2024-09-27 14:00:00,733.1908122,6.064
2024-09-27 14:30:00,733.286664,5.823
2024-09-27 15:00:00,733.3427475,5.865
2024-09-27 15:30:00,733.5303723,6.404
2024-09-27 16:00:00,733.4538948,8.267
2024-09-27 16:30:00,733.6506969,11.601
2024-09-27 17:00:00,733.7332925999999,12.473
2024-09-27 17:30:00,733.8046716,13.349
2024-09-27 18:00:00,733.6751697,16.487
2024-09-27 18:30:00,733.7618441999999,16.541
2024-09-27 19:00:00,733.6282634999999,16.511
2024-09-27 19:30:00,733.3927127999999,17.205
2024-09-27 20:00:00,733.1510439,17.907
2024-09-27 20:30:00,733.0409162999999,18.253
2024-09-27 21:00:00,732.7961882999999,19.706
2024-09-27 21:30:00,732.7115531999999,20.568
2024-09-27 22:00:00,732.3291657,19.66
2024-09-27 22:30:00,732.4290963,19.125
2024-09-27 23:00:00,732.2322942,18.69
2024-09-27 23:30:00,732.2231168999999,18.081
2024-09-28 00:00:00,732.2690034,17.244
2024-09-28 00:30:00,732.4392933,16.198
2024-09-28 01:00:00,732.5320859999998,14.125
2024-09-28 01:30:00,732.6524105999999,12.415
2024-09-28 02:00:00,732.7401047999999,11.09
2024-09-28 02:30:00,732.8237202,9.984
2024-09-28 03:00:00,732.8543112,9.038
2024-09-28 03:30:00,733.0052268,8.457
2024-09-28 04:00:00,733.0235814,8.024
2024-09-28 04:30:00,733.072527,7.9
2024-09-28 05:00:00,733.0439753999999,8.128
2024-09-28 05:30:00,732.9685175999999,8.143
2024-09-28 06:00:00,732.8481929999999,8.31
2024-09-28 06:30:00,732.9226311,8.211
2024-09-28 07:00:00,732.9063159,7.892
2024-09-28 07:30:00,732.9073355999999,7.463
2024-09-28 08:00:00,732.7584594,6.688
2024-09-28 08:30:00,732.5840907,6.188
2024-09-28 09:00:00,732.6626076,5.85
2024-09-28 09:30:00,732.6595484999999,5.302
2024-09-28 10:00:00,732.4882388999998,4.945
2024-09-28 10:30:00,732.3403823999998,4.7
2024-09-28 11:00:00,732.2526881999999,4.472
2024-09-28 11:30:00,732.012039,4.261
2024-09-28 12:00:00,732.0191768999999,4.107
2024-09-28 12:30:00,732.0150980999999,3.961
2024-09-28 13:00:00,732.1058513999999,3.733
2024-09-28 13:30:00,732.1496984999999,3.543
2024-09-28 14:00:00,732.1435802999998,3.306
2024-09-28 14:30:00,732.215979,3.311
2024-09-28 15:00:00,732.2893974,3.288
2024-09-28 15:30:00,732.3454808999999,3.418
2024-09-28 16:00:00,732.2618654999999,5.441
2024-09-28 16:30:00,732.5789922,8.062
2024-09-28 17:00:00,732.6513908999999,10.642
2024-09-28 17:30:00,732.6901394999999,12.554
2024-09-28 18:00:00,732.6228393,16.527
2024-09-28 18:30:00,732.8186217,16.587
2024-09-28 19:00:00,732.6952379999999,16.478
2024-09-28 19:30:00,732.6218196,17.423
2024-09-28 20:00:00,732.4423523999999,18.009
2024-09-28 20:30:00,732.1252257,18.265
2024-09-28 21:00:00,732.0558861000001,20.092
2024-09-28 21:30:00,731.9294432999999,20.317
2024-09-28 22:00:00,731.6214938999999,19.466
2024-09-28 22:30:00,731.6031393,18.836
2024-09-28 23:00:00,731.7703700999999,18.302
2024-09-28 23:30:00,731.6908334999999,17.525
2024-09-29 00:00:00,731.7724094999999,16.645
2024-09-29 00:30:00,731.8193157,15.517
2024-09-29 01:00:00,731.787705,14.114
2024-09-29 01:30:00,731.9987829,12.26
2024-09-29 02:00:00,732.1762107,11.283
2024-09-29 02:30:00,732.4882388999998,10.311
2024-09-29 03:00:00,732.705435,9.663
2024-09-29 03:30:00,732.736026,8.99
2024-09-29 04:00:00,732.8461535999999,8.326
2024-09-29 04:30:00,732.8288186999998,7.773
2024-09-29 05:00:00,732.9654585,7.282
2024-09-29 05:30:00,732.8675673,6.795
2024-09-29 06:00:00,732.8237202,6.465
2024-09-29 06:30:00,732.6952379999999,6.154
2024-09-29 07:00:00,732.7829321999999,5.922
2024-09-29 07:30:00,732.7115531999999,5.54
2024-09-29 08:00:00,732.6401741999999,5.356
2024-09-29 08:30:00,732.5932679999999,5.208
2024-09-29 09:00:00,732.4566282,5.003
2024-09-29 09:30:00,732.2098607999999,4.828
2024-09-29 10:00:00,731.8753992,4.649
2024-09-29 10:30:00,731.7581337,4.415
2024-09-29 11:00:00,731.8764189,4.261
2024-09-29 11:30:00,732.0273344999999,4.004
2024-09-29 12:00:00,731.9477979,3.79
2024-09-29 12:30:00,731.8764189,3.705
2024-09-29 13:00:00,731.9702312999999,3.591
2024-09-29 13:30:00,732.1547969999999,3.501
2024-09-29 14:00:00,732.2271956999999,3.345
2024-09-29 14:30:00,732.5585981999999,3.357
2024-09-29 15:00:00,732.7309275,3.239
2024-09-29 15:30:00,732.8063853,3.34
2024-09-29 16:00:00,732.7992473999999,5.337
2024-09-29 16:30:00,733.1551227,7.766
2024-09-29 17:00:00,733.1275907999999,10.086
2024-09-29 17:30:00,733.3366292999999,12.313
2024-09-29 18:00:00,733.2550533,15.733
2024-09-29 18:30:00,733.3203140999999,15.821
2024-09-29 19:00:00,733.1785757999999,15.602
2024-09-29 19:30:00,733.0643693999999,16.676
2024-09-29 20:00:00,732.9430250999999,17.282
2024-09-29 20:30:00,732.6004058999999,17.796
2024-09-29 21:00:00,732.3240672,20.255
2024-09-29 21:30:00,732.1986440999999,20.297
2024-09-29 22:00:00,731.8804977,19.366
2024-09-29 22:30:00,731.8662218999999,18.549
2024-09-29 23:00:00,731.8876356,17.901
2024-09-29 23:30:00,731.9906252999999,17.125
2024-09-30 00:00:00,732.1517379000001,16.196
2024-09-30 00:30:00,732.2088410999999,15.237
2024-09-30 01:00:00,732.3546581999999,13.443
2024-09-30 01:30:00,732.5922482999999,11.947
2024-09-30 02:00:00,732.7727351999999,10.834
2024-09-30 02:30:00,732.9522023999999,9.806
2024-09-30 03:00:00,733.1643,8.973
2024-09-30 03:30:00,733.3090973999999,8.302
2024-09-30 04:00:00,733.4753084999999,7.937
2024-09-30 04:30:00,733.5201752999999,7.397
2024-09-30 05:00:00,733.6160270999999,6.913
2024-09-30 05:30:00,733.8260852999999,6.546
2024-09-30 06:00:00,733.8923658,6.181
2024-09-30 06:30:00,733.9035824999999,5.805
2024-09-30 07:00:00,733.9535478,5.998
2024-09-30 07:30:00,734.1065027999999,6.66
2024-09-30 08:00:00,734.1014042999999,6.708
2024-09-30 08:30:00,734.2360047,6.884
2024-09-30 09:00:00,734.2767927,6.572
2024-09-30 09:30:00,734.1462711,5.991
2024-09-30 10:00:00,734.071833,5.48
2024-09-30 10:30:00,733.9770008999999,5.039
2024-09-30 11:00:00,734.0290056,5.293
2024-09-30 11:30:00,734.0341040999999,5.236
2024-09-30 12:00:00,734.0463405,5.323
2024-09-30 12:30:00,734.1890985,5.374
2024-09-30 13:00:00,734.3022851999999,5.42
2024-09-30 13:30:00,734.5347768,5.104
2024-09-30 14:00:00,734.6918105999999,4.618
2024-09-30 14:30:00,734.6265498,4.357
2024-09-30 15:00:00,734.8029578999999,5.057
2024-09-30 15:30:00,735.0323903999999,6.49
2024-09-30 16:00:00,735.0915329999999,9.267
2024-09-30 16:30:00,735.3250443,12.032
2024-09-30 17:00:00,735.4953342,12.601
2024-09-30 17:30:00,735.642171,13.799
2024-09-30 18:00:00,735.6289148999999,16.766
2024-09-30 18:30:00,735.7655546999999,17.119
2024-09-30 19:00:00,735.6809195999999,16.578
2024-09-30 19:30:00,735.7298652,17.414
2024-09-30 20:00:00,735.6554271,18.151
2024-09-30 20:30:00,735.4086596999999,18.772
2024-09-30 21:00:00,735.2516258999999,21.417
2024-09-30 21:30:00,735.2108379,21.396
2024-09-30 22:00:00,735.2373501,20.31
2024-09-30 22:30:00,735.2077787999999,19.431
2024-09-30 23:00:00,735.1894242,18.779
2024-09-30 23:30:00,735.3077094,18.106
2024-10-01 00:00:00,735.3719504999999,17.326
2024-10-01 00:30:00,735.5962844999999,16.055
2024-10-01 01:00:00,735.8440716,15.003
2024-10-01 01:30:00,736.1836317,13.608
2024-10-01 02:00:00,736.4242809,12.031
2024-10-01 02:30:00,736.6006889999999,10.84
2024-10-01 03:00:00,736.8882443999998,9.777
2024-10-01 03:30:00,737.2278044999999,9.039
2024-10-01 04:00:00,737.436843,8.427
2024-10-01 04:30:00,737.5408524,7.787
2024-10-01 05:00:00,737.6621966999999,7.334
2024-10-01 05:30:00,737.7294969,6.959
2024-10-01 06:00:00,737.8365653999999,6.672
2024-10-01 06:30:00,737.8916292,6.386
2024-10-01 07:00:00,738.0241901999999,6.131
2024-10-01 07:30:00,738.0476433,5.908
2024-10-01 08:00:00,738.0109340999999,5.723
2024-10-01 08:30:00,738.1016874000001,5.491
2024-10-01 09:00:00,738.2352681,5.299
2024-10-01 09:30:00,738.2913516,5.168
2024-10-01 10:00:00,738.2495439,5.043
2024-10-01 10:30:00,738.2393469,4.857
2024-10-01 11:00:00,738.0996479999999,4.769
2024-10-01 11:30:00,738.0558008999999,4.665
2024-10-01 12:00:00,738.0721160999999,4.55
2024-10-01 12:30:00,738.1547117999999,4.412
2024-10-01 13:00:00,738.2097756,4.263
2024-10-01 13:30:00,738.4106565,4.04
2024-10-01 14:00:00,738.6247935,3.988
2024-10-01 14:30:00,738.7583741999999,4.153
2024-10-01 15:00:00,738.9888263999999,4.295
2024-10-01 15:30:00,739.1224071,4.516
2024-10-01 16:00:00,739.1509586999999,6.183
2024-10-01 16:30:00,739.4599278,9.245
2024-10-01 17:00:00,739.5047946,10.968
2024-10-01 17:30:00,739.4844006,13.241
2024-10-01 18:00:00,739.4731838999999,16.583
2024-10-01 18:30:00,739.4507504999999,16.909
2024-10-01 19:00:00,739.3681547999998,16.374
2024-10-01 19:30:00,739.2151997999998,17.532
2024-10-01 20:00:00,739.017378,18.199
2024-10-01 20:30:00,738.7787681999998,18.894
2024-10-01 21:00:00,738.5799267,21.506
2024-10-01 21:30:00,738.3657896999999,21.353
2024-10-01 22:00:00,738.3148047,19.872
2024-10-01 22:30:00,738.1832634,19.082
2024-10-01 23:00:00,738.0037961999999,18.671
2024-10-01 23:30:00,737.9772839999999,18.015
2024-10-02 00:00:00,737.8946883,17.158
2024-10-02 00:30:00,737.9161019999999,16.081
2024-10-02 01:00:00,737.9181414,14.723
2024-10-02 01:30:00,738.0772145999999,12.923
2024-10-02 02:00:00,738.1587905999999,11.873
2024-10-02 02:30:00,738.1261602,11.689
2024-10-02 03:00:00,738.3301002,11.668
2024-10-02 03:30:00,738.680877,10.341
2024-10-02 04:00:00,738.67068,9.292
2024-10-02 04:30:00,738.6594633,8.541
2024-10-02 05:00:00,738.6105177,7.99
2024-10-02 05:30:00,738.6380496,7.603
2024-10-02 06:00:00,738.5738084999999,7.352
2024-10-02 06:30:00,738.5676903,7.144
2024-10-02 07:00:00,738.3821049,6.921
2024-10-02 07:30:00,738.2566817999999,6.74
2024-10-02 08:00:00,738.1037267999999,6.538
2024-10-02 08:30:00,737.9844218999999,6.378
2024-10-02 09:00:00,737.7325559999999,6.2
2024-10-02 09:30:00,737.6530194,6.124
2024-10-02 10:00:00,737.3889171,5.957
2024-10-02 10:30:00,737.1605043,5.846
2024-10-02 11:00:00,737.1258344999999,5.76
2024-10-02 11:30:00,737.0728100999999,5.59
2024-10-02 12:00:00,737.0126478,5.443
2024-10-02 12:30:00,736.9178157,5.192
2024-10-02 13:00:00,736.9157763,5.074
2024-10-02 13:30:00,736.896402,4.734
2024-10-02 14:00:00,736.8831459,4.499
2024-10-02 14:30:00,736.9555445999999,4.451
2024-10-02 15:00:00,736.9586036999999,4.515
2024-10-02 15:30:00,736.9820567999999,4.646
2024-10-02 16:00:00,736.8372593999999,6.447
2024-10-02 16:30:00,737.0962632,9.416
2024-10-02 17:00:00,737.0799480000001,10.844
2024-10-02 17:30:00,737.0259039,13.739
2024-10-02 18:00:00,736.8056486999999,16.936
2024-10-02 18:30:00,736.7556834,16.731
2024-10-02 19:00:00,736.5976298999999,16.594
2024-10-02 19:30:00,736.3518821999999,18.251
2024-10-02 20:00:00,736.0469919,18.444
2024-10-02 20:30:00,735.7706532,19.153
2024-10-02 21:00:00,735.3209655,22.184
2024-10-02 21:30:00,735.1945227,21.967
2024-10-02 22:00:00,734.9426567999999,20.278
2024-10-02 22:30:00,734.8325291999998,19.481
2024-10-02 23:00:00,734.724441,18.688
2024-10-02 23:30:00,734.5062251999999,17.872
2024-10-03 00:00:00,734.4970478999999,17.121
2024-10-03 00:30:00,734.3695853999999,16.097
2024-10-03 01:00:00,734.4073142999999,14.165
2024-10-03 01:30:00,734.4246492,13.361
2024-10-03 02:00:00,734.7060863999999,13.074
2024-10-03 02:30:00,734.7795048,11.477
2024-10-03 03:00:00,734.8600610999999,10.419
2024-10-03 03:30:00,734.9059476,9.481
2024-10-03 04:00:00,735.0017994,8.739
2024-10-03 04:30:00,734.9385779999999,8.166
2024-10-03 05:00:00,734.9640704999999,7.738
2024-10-03 05:30:00,734.9130855,7.359
2024-10-03 06:00:00,734.8590413999999,7.014
2024-10-03 06:30:00,734.7478940999999,6.709
2024-10-03 07:00:00,734.6703969,6.443
2024-10-03 07:30:00,734.5674071999999,6.235
2024-10-03 08:00:00,734.4552401999999,6.025
2024-10-03 08:30:00,734.3971172999999,5.756
2024-10-03 09:00:00,734.3420535,5.552
2024-10-03 09:30:00,734.1860394,5.321
2024-10-03 10:00:00,734.102424,5.067
2024-10-03 10:30:00,733.9413114,4.864
2024-10-03 11:00:00,733.8750309,4.57
2024-10-03 11:30:00,733.7873367,4.38
2024-10-03 12:00:00,733.8699323999999,4.197
2024-10-03 12:30:00,733.8689126999999,3.951
2024-10-03 13:00:00,733.9688432999999,3.713
2024-10-03 13:30:00,733.8719717999999,3.574
2024-10-03 14:00:00,733.9127597999999,3.56
2024-10-03 14:30:00,734.0657147999999,3.586
2024-10-03 15:00:00,734.1697241999999,3.694
2024-10-03 15:30:00,734.2492607999999,3.873
2024-10-03 16:00:00,734.2625168999999,5.855
2024-10-03 16:30:00,734.5602693,8.773
2024-10-03 17:00:00,734.5918800000001,10.531
2024-10-03 17:30:00,734.4593189999999,12.618
2024-10-03 18:00:00,734.3216594999999,16.144
2024-10-03 18:30:00,734.2890291,16.257
2024-10-03 19:00:00,734.1432119999998,15.949
2024-10-03 19:30:00,733.9892373,18.493
2024-10-03 20:00:00,733.8301640999999,18.276
2024-10-03 20:30:00,733.5691208999999,18.518
2024-10-03 21:00:00,733.2570926999999,21.041
2024-10-03 21:30:00,733.2061077,21.126
2024-10-03 22:00:00,733.215285,19.224
2024-10-03 22:30:00,732.9603599999999,18.424
2024-10-03 23:00:00,732.9736160999998,17.648
2024-10-03 23:30:00,733.0694679,16.948
2024-10-04 00:00:00,733.0133844,16.224
2024-10-04 00:30:00,733.0490738999999,15.217
2024-10-04 01:00:00,733.0154238,14.522
2024-10-04 01:30:00,733.1928515999999,13.825
2024-10-04 02:00:00,733.4131068,12.812
2024-10-04 02:30:00,733.5589239,12.573
2024-10-04 03:00:00,733.6547757,10.999
2024-10-04 03:30:00,733.7954943,9.967
2024-10-04 04:00:00,733.9657841999999,9.121
2024-10-04 04:30:00,734.0789709,8.36
2024-10-04 05:00:00,734.2411032,7.724
2024-10-04 05:30:00,734.2421229,7.178
2024-10-04 06:00:00,734.3022851999999,6.771
2024-10-04 06:30:00,734.4022157999999,6.499
2024-10-04 07:00:00,734.4215901,6.235
2024-10-04 07:30:00,734.4307673999999,5.98
2024-10-04 08:00:00,734.4491219999999,5.839
2024-10-04 08:30:00,734.5561905,5.606
2024-10-04 09:00:00,734.5225403999999,5.385
2024-10-04 09:30:00,734.3634672,5.189
2024-10-04 10:00:00,734.1819605999999,4.979
2024-10-04 10:30:00,733.9729220999999,4.934
2024-10-04 11:00:00,733.8668733,4.806
2024-10-04 11:30:00,733.8332231999999,4.695
2024-10-04 12:00:00,733.7536866,4.664
2024-10-04 12:30:00,733.8383216999999,4.859
2024-10-04 13:00:00,733.9290749999999,4.907
2024-10-04 13:30:00,734.0106509999999,5.017
2024-10-04 14:00:00,734.2043939999999,5.062
2024-10-04 14:30:00,734.316561,5.868
2024-10-04 15:00:00,734.8845339000001,7.562
2024-10-04 15:30:00,735.0017994,8.704
2024-10-04 16:00:00,734.9885433,9.683
2024-10-04 16:30:00,735.3015912,11.537
2024-10-04 17:00:00,735.6013829999999,12.115
2024-10-04 17:30:00,735.652368,12.865
2024-10-04 18:00:00,735.9174899999999,15.029
2024-10-04 18:30:00,735.7390425,14.722
2024-10-04 19:00:00,735.9613370999999,14.593
2024-10-04 19:30:00,735.7064120999999,15.103
2024-10-04 20:00:00,736.0724843999999,14.844
2024-10-04 20:30:00,735.7257864,14.645
2024-10-04 21:00:00,735.7064120999999,16.48
2024-10-04 21:30:00,735.7023333,15.519
2024-10-04 22:00:00,735.5993436,15.349
2024-10-04 22:30:00,735.9052536,15.048
2024-10-04 23:00:00,735.6125997,14.627
2024-10-04 23:30:00,735.8450912999999,14.564
2024-10-05 00:00:00,735.7726925999999,14.015
2024-10-05 00:30:00,735.8420322,13.245
2024-10-05 01:00:00,735.7839092999999,12.638
2024-10-05 01:30:00,735.948081,12.008
2024-10-05 02:00:00,735.9664356,10.619
2024-10-05 02:30:00,736.1581391999999,9.599
2024-10-05 03:00:00,736.2957986999999,8.751
2024-10-05 03:30:00,736.4253006,7.971
2024-10-05 04:00:00,736.5323691,7.337
2024-10-05 04:30:00,736.6098662999999,6.733
2024-10-05 05:00:00,736.7607819,6.417
2024-10-05 05:30:00,736.855614,6.079
2024-10-05 06:00:00,736.9371899999999,5.884
2024-10-05 06:30:00,736.9626824999999,5.644
2024-10-05 07:00:00,736.988175,5.392
2024-10-05 07:30:00,737.0564949,5.144
2024-10-05 08:00:00,736.9035398999999,4.936
2024-10-05 08:30:00,736.9402491,4.793
2024-10-05 09:00:00,737.018766,4.635
2024-10-05 09:30:00,736.9361703,4.493
2024-10-05 10:00:00,736.8209442,4.386
2024-10-05 10:30:00,736.6363784999999,4.271
2024-10-05 11:00:00,736.7352894,4.116
2024-10-05 11:30:00,736.7770971,4.029
2024-10-05 12:00:00,736.7291712,3.995
2024-10-05 12:30:00,736.7770971,3.9
2024-10-05 13:00:00,736.9229142,3.883
2024-10-05 13:30:00,737.0768888999999,3.762
2024-10-05 14:00:00,737.2849077,3.712
2024-10-05 14:30:00,737.4399020999999,3.759
2024-10-05 15:00:00,737.6265071999999,3.851
2024-10-05 15:30:00,737.7488711999999,3.993
2024-10-05 16:00:00,737.8090335,5.577
2024-10-05 16:30:00,738.1740861,8.105
2024-10-05 17:00:00,738.3912821999999,10.263
2024-10-05 17:30:00,738.4137155999999,12.201
2024-10-05 18:00:00,738.4534838999999,16.113
2024-10-05 18:30:00,738.2760561,16.685
2024-10-05 19:00:00,738.0863919,15.505
2024-10-05 19:30:00,737.8804124999999,17.076
2024-10-05 20:00:00,737.7407135999999,17.154
2024-10-05 20:30:00,737.65098,16.455
2024-10-05 21:00:00,737.4623355,18.564
2024-10-05 21:30:00,737.5439114999999,18.568
2024-10-05 22:00:00,737.4919067999999,17.316
2024-10-05 22:30:00,737.3685230999998,16.086
2024-10-05 23:00:00,737.3878973999999,15.586
2024-10-05 23:30:00,737.2767500999998,15.226
2024-10-06 00:00:00,737.2614546,14.76
2024-10-06 00:30:00,737.3501685,14.165
2024-10-06 01:00:00,737.3114199,13.57
2024-10-06 01:30:00,737.4195080999999,13.098
2024-10-06 02:00:00,737.5082219999998,12.754
2024-10-06 02:30:00,737.6570981999998,12.12
2024-10-06 03:00:00,737.7325559999999,11.268
2024-10-06 03:30:00,737.9232398999999,10.474
2024-10-06 04:00:00,737.9181414,9.377
2024-10-06 04:30:00,737.9497520999998,8.385
2024-10-06 05:00:00,737.9436339,7.656
2024-10-06 05:30:00,737.9895204,7.204
2024-10-06 06:00:00,738.0364265999999,6.861
2024-10-06 06:30:00,737.9905401,6.576
2024-10-06 07:00:00,737.9691263999999,6.304
2024-10-06 07:30:00,737.8579790999999,6.041
2024-10-06 08:00:00,737.8049546999998,5.857
2024-10-06 08:30:00,737.7447923999999,5.75
2024-10-06 09:00:00,737.6927876999999,5.655
2024-10-06 09:30:00,737.5887783,5.554
2024-10-06 10:00:00,737.4551976,5.622
2024-10-06 10:30:00,737.3338532999999,5.566
2024-10-06 11:00:00,737.1605043,5.39
2024-10-06 11:30:00,737.2114892999999,5.347
2024-10-06 12:00:00,737.2471787999999,5.073
2024-10-06 12:30:00,737.3165183999998,4.84
2024-10-06 13:00:00,737.3491488,4.623
2024-10-06 13:30:00,737.4817098,4.425
2024-10-06 14:00:00,737.5459509,4.288
2024-10-06 14:30:00,737.5836797999999,4.268
2024-10-06 15:00:00,737.7621272999999,4.34
2024-10-06 15:30:00,737.8406441999999,4.52
2024-10-06 16:00:00,737.9191610999999,5.778
2024-10-06 16:30:00,738.1292192999999,7.796
2024-10-06 17:00:00,738.1455344999998,9.881
2024-10-06 17:30:00,738.1445148,11.937
2024-10-06 18:00:00,738.0568205999999,16.383
2024-10-06 18:30:00,737.8926488999999,16.336
2024-10-06 19:00:00,737.7254181,16.119
2024-10-06 19:30:00,737.6112117,16.848
2024-10-06 20:00:00,737.498025,16.186
2024-10-06 20:30:00,737.2553363999999,15.692
2024-10-06 21:00:00,737.0881056,16.68
2024-10-06 21:30:00,736.9341308999999,15.795
2024-10-06 22:00:00,736.7801561999999,15.259
2024-10-06 22:30:00,737.1462284999999,14.054
2024-10-06 23:00:00,737.8273880999999,12.397
2024-10-06 23:30:00,737.8865307,11.223
2024-10-07 00:00:00,737.9762642999999,11.219
2024-10-07 00:30:00,737.6254875,10.994
2024-10-07 01:00:00,737.498025,11.247
2024-10-07 01:30:00,737.2675728,11.247
2024-10-07 02:00:00,736.9657416,10.336
2024-10-07 02:30:00,737.0687313,9.075
2024-10-07 03:00:00,737.0391599999999,7.967
2024-10-07 03:30:00,737.1492876,7.26
2024-10-07 04:00:00,737.1757998,6.701
2024-10-07 04:30:00,737.1166572,6.44
2024-10-07 05:00:00,736.9626824999999,6.393
2024-10-07 05:30:00,736.9983719999999,6.396
2024-10-07 06:00:00,736.9769582999999,6.283
2024-10-07 06:30:00,736.8331805999999,5.993
2024-10-07 07:00:00,736.5823344,5.727
2024-10-07 07:30:00,736.5609206999999,5.468
2024-10-07 08:00:00,736.4059262999999,5.35
2024-10-07 08:30:00,736.2805032,5.142
2024-10-07 09:00:00,736.1856710999999,4.819
2024-10-07 09:30:00,735.9256475999999,4.659
2024-10-07 10:00:00,735.7064120999999,4.46
2024-10-07 10:30:00,735.5147084999999,4.284
2024-10-07 11:00:00,735.4504674,4.237
2024-10-07 11:30:00,735.3107685,4.113
2024-10-07 12:00:00,735.2506062,4.042
2024-10-07 12:30:00,735.2597835,3.903
2024-10-07 13:00:00,735.2057394,3.859
2024-10-07 13:30:00,735.2281727999999,3.656
2024-10-07 14:00:00,735.1884044999999,3.597
2024-10-07 14:30:00,735.3831671999999,3.72
2024-10-07 15:00:00,735.5238857999999,3.956
2024-10-07 15:30:00,735.6442103999999,4.395
2024-10-07 16:00:00,735.6166784999999,5.349
2024-10-07 16:30:00,735.6911166,6.913
2024-10-07 17:00:00,735.6962151,9.483
2024-10-07 17:30:00,735.6513483,11.951
2024-10-07 18:00:00,735.530004,16.197
2024-10-07 18:30:00,735.4035612,14.191
2024-10-07 19:00:00,735.6054618,12.768
2024-10-07 19:30:00,735.2016606,13.349
2024-10-07 20:00:00,734.9997599999999,13.243
2024-10-07 20:30:00,734.7774654,13.001
2024-10-07 21:00:00,734.6285892,12.882
2024-10-07 21:30:00,734.9079869999999,12.793
2024-10-07 22:00:00,734.6795741999998,11.171
2024-10-07 22:30:00,734.6306286,11.112
2024-10-07 23:00:00,734.5663874999999,9.723
2024-10-07 23:30:00,734.4593189999999,10.176
2024-10-08 00:00:00,734.0595965999998,10.772
2024-10-08 00:30:00,734.1187391999999,10.067
2024-10-08 01:00:00,733.6802681999999,10.047
2024-10-08 01:30:00,733.7292137999999,9.535
2024-10-08 02:00:00,733.9209173999999,8.006
2024-10-08 02:30:00,733.8454596,6.584
2024-10-08 03:00:00,733.7547062999998,5.765
2024-10-08 03:30:00,733.6272438,5.206
2024-10-08 04:00:00,733.6241846999999,4.875
2024-10-08 04:30:00,733.6547757,4.734
2024-10-08 05:00:00,733.7638835999999,4.499
2024-10-08 05:30:00,733.7812184999999,4.37
2024-10-08 06:00:00,733.7159576999999,4.18
2024-10-08 06:30:00,733.6853666999999,4.037
2024-10-08 07:00:00,733.5262935,3.65
2024-10-08 07:30:00,733.4977418999999,3.562
2024-10-08 08:00:00,733.4263629,3.477
2024-10-08 08:30:00,733.2754472999999,3.401
2024-10-08 09:00:00,733.2173243999998,3.515
2024-10-08 09:30:00,733.0195026,3.206
2024-10-08 10:00:00,732.8420747999999,3.029
2024-10-08 10:30:00,732.7482623999999,3.402
2024-10-08 11:00:00,732.7095138,3.759
2024-10-08 11:30:00,732.5912285999999,3.537
2024-10-08 12:00:00,732.5698149,3.311
2024-10-08 12:30:00,732.5035343999999,3.346
2024-10-08 13:00:00,732.4882388999998,3.388
2024-10-08 13:30:00,732.5361647999998,3.995
2024-10-08 14:00:00,732.6503711999999,4.142
2024-10-08 14:30:00,732.6768834,4.467
2024-10-08 15:00:00,732.7268487,4.862
2024-10-08 15:30:00,732.8379959999999,4.738
2024-10-08 16:00:00,732.9562811999999,5.148
2024-10-08 16:30:00,733.0806845999999,6.079
2024-10-08 17:00:00,733.1275907999999,7.829
2024-10-08 17:30:00,733.2244622999999,10.468
2024-10-08 18:00:00,733.0296995999998,14.076
2024-10-08 18:30:00,733.2703487999999,13.129
2024-10-08 19:00:00,732.9695373,13.339
2024-10-08 19:30:00,732.9522023999999,12.826
2024-10-08 20:00:00,732.8420747999999,12.339
2024-10-08 20:30:00,732.481101,14.345
2024-10-08 21:00:00,732.0742406999999,17.606
2024-10-08 21:30:00,731.9498373,16.739
2024-10-08 22:00:00,731.7917838,15.835
2024-10-08 22:30:00,731.6684000999999,14.609
2024-10-08 23:00:00,731.7214244999999,14.805
2024-10-08 23:30:00,731.7938232,14.533
2024-10-09 00:00:00,731.9590145999999,13.706
2024-10-09 00:30:00,732.073221,12.275
2024-10-09 01:00:00,732.1252257,11.006
2024-10-09 01:30:00,732.1252257,9.416
2024-10-09 02:00:00,732.2475897,8.166
2024-10-09 02:30:00,732.4341948,7.288
2024-10-09 03:00:00,732.5382041999999,6.583
2024-10-09 03:30:00,732.6656667,6.047
2024-10-09 04:00:00,732.7961882999999,5.682
2024-10-09 04:30:00,732.9838130999999,5.314
2024-10-09 05:00:00,733.1469651,5.036
2024-10-09 05:30:00,733.2081471,4.828
2024-10-09 06:00:00,733.1622606,4.606
2024-10-09 06:30:00,733.1775561000001,4.364
2024-10-09 07:00:00,733.1622606,4.21
2024-10-09 07:30:00,733.1806151999999,4.029
2024-10-09 08:00:00,733.1928515999999,3.822
2024-10-09 08:30:00,733.1418666,3.677
2024-10-09 09:00:00,733.1173938,3.59
2024-10-09 09:30:00,733.0480541999999,3.438
2024-10-09 10:00:00,732.8950991999999,3.295
2024-10-09 10:30:00,732.8114837999999,3.149
2024-10-09 11:00:00,732.8339171999999,3.072
2024-10-09 11:30:00,732.8808234,2.906
2024-10-09 12:00:00,732.9960494999999,2.829
2024-10-09 12:30:00,733.0235814,2.713
2024-10-09 13:00:00,733.113315,2.431
2024-10-09 13:30:00,733.2601518,2.368
2024-10-09 14:00:00,733.3366292999999,2.253
2024-10-09 14:30:00,733.4895842999999,2.255
2024-10-09 15:00:00,733.7098395,2.394
2024-10-09 15:30:00,733.8750309,2.532
2024-10-09 16:00:00,733.9198977,3.439
2024-10-09 16:30:00,734.184,5.541
2024-10-09 17:00:00,734.2176500999999,7.658
2024-10-09 17:30:00,734.2380441,10.496
2024-10-09 18:00:00,734.0432814,17.311
2024-10-09 18:30:00,734.2400835,14.274
2024-10-09 19:00:00,734.0912073,14.58
2024-10-09 19:30:00,733.9719024,16.159
2024-10-09 20:00:00,733.7567457,15.733
2024-10-09 20:30:00,733.6486575,15.68
2024-10-09 21:00:00,733.3060383,19.177
2024-10-09 21:30:00,733.3345899,18.164
2024-10-09 22:00:00,733.2754472999999,17.155
2024-10-09 22:30:00,733.2968609999999,16.24
2024-10-09 23:00:00,733.2876836999999,15.214
2024-10-09 23:30:00,733.3192943999999,14.421
2024-10-10 00:00:00,733.4671508999999,13.802
2024-10-10 00:30:00,733.5874755,12.868
2024-10-10 01:00:00,733.6792485,12.12
2024-10-10 01:30:00,733.8199670999999,11.368
2024-10-10 02:00:00,734.0300252999999,10.455
2024-10-10 02:30:00,734.1758424,9.259
2024-10-10 03:00:00,734.2411032,8.171
2024-10-10 03:30:00,734.4226097999999,7.278
2024-10-10 04:00:00,734.4195507,6.45
2024-10-10 04:30:00,734.2135712999999,5.839
2024-10-10 05:00:00,734.2747532999999,5.4
2024-10-10 05:30:00,734.2084727999999,5.086
2024-10-10 06:00:00,734.2186697999999,4.765
2024-10-10 06:30:00,734.3787626999999,4.525
2024-10-10 07:00:00,734.3287974,4.292
2024-10-10 07:30:00,734.3828414999999,4.176
2024-10-10 08:00:00,734.2309061999999,3.957
2024-10-10 08:30:00,734.1707438999999,3.845
2024-10-10 09:00:00,734.0504193,3.739
2024-10-10 09:30:00,733.9596659999999,3.747
2024-10-10 10:00:00,733.7822381999999,3.92
2024-10-10 10:30:00,733.6955637,4.106
2024-10-10 11:00:00,733.6670120999999,4.055
2024-10-10 11:30:00,733.7669427,3.889
2024-10-10 12:00:00,733.6139877,3.376
2024-10-10 12:30:00,733.7312532,3.035
2024-10-10 13:00:00,733.5966528,2.741
2024-10-10 13:30:00,733.5028404,2.297
2024-10-10 14:00:00,733.5364904999999,1.966
2024-10-10 14:30:00,733.7394108,1.784
2024-10-10 15:00:00,733.8128291999999,1.814
2024-10-10 15:30:00,734.0055524999999,1.881
2024-10-10 16:00:00,734.1044633999999,2.858
2024-10-10 16:30:00,734.0881482,5.433
2024-10-10 17:00:00,734.1890985,8.388
2024-10-10 17:30:00,734.1523892999999,10.49
2024-10-10 18:00:00,733.9882176,13.451
2024-10-10 18:30:00,734.0432814,12.957
2024-10-10 19:00:00,733.9464098999999,13.212
2024-10-10 19:30:00,733.9402917,13.476
2024-10-10 20:00:00,733.6476378,13.887
2024-10-10 20:30:00,733.6384605,14.174
2024-10-10 21:00:00,733.4487962999999,14.544
2024-10-10 21:30:00,733.2683094,14.441
2024-10-10 22:00:00,733.3621218,14.442
2024-10-10 22:30:00,733.4589933,13.711
2024-10-10 23:00:00,733.5375101999999,13.356
2024-10-10 23:30:00,733.5731996999999,12.812
2024-10-11 00:00:00,733.6180664999999,12.16
2024-10-11 00:30:00,733.6506969,11.624
2024-10-11 01:00:00,733.6823076,10.856
2024-10-11 01:30:00,733.6099089,9.847
2024-10-11 02:00:00,733.8689126999999,9.073
2024-10-11 02:30:00,733.7700017999999,8.102
2024-10-11 03:00:00,733.8607550999999,6.817
2024-10-11 03:30:00,733.8158882999999,5.711
2024-10-11 04:00:00,734.1595272,4.99
2024-10-11 04:30:00,734.0789709,4.303
2024-10-11 05:00:00,733.9739417999999,3.915
2024-10-11 05:30:00,733.8913461,3.596
2024-10-11 06:00:00,733.7220758999999,3.313
2024-10-11 06:30:00,733.7526669,3.015
2024-10-11 07:00:00,733.6904652,2.592
2024-10-11 07:30:00,733.5721799999999,2.218
2024-10-11 08:00:00,733.5232343999999,2.013
2024-10-11 08:30:00,733.3733384999999,1.821
2024-10-11 09:00:00,733.398831,1.679
2024-10-11 09:30:00,733.3845551999999,1.477
2024-10-11 10:00:00,733.2825852,1.327
2024-10-11 10:30:00,733.1928515999999,1.149
2024-10-11 11:00:00,733.1622606,0.857
2024-10-11 11:30:00,733.1184135,0.74
2024-10-11 12:00:00,733.1296302,0.603
2024-10-11 12:30:00,733.0429556999999,0.493
2024-10-11 13:00:00,733.0144041,0.495
2024-10-11 13:30:00,733.0358177999999,0.43
2024-10-11 14:00:00,733.0225617,0.315
2024-10-11 14:30:00,732.9929903999999,0.616
2024-10-11 15:00:00,733.3162353,1.774
2024-10-11 15:30:00,733.4426781,2.757
2024-10-11 16:00:00,733.7954943,3.173
2024-10-11 16:30:00,733.8373019999999,3.723
2024-10-11 17:00:00,733.9280553,5.442
2024-10-11 17:30:00,733.8515778,8.484
2024-10-11 18:00:00,733.7465487,14.728
2024-10-11 18:30:00,733.6914849,13.034
2024-10-11 19:00:00,733.4885645999999,14.965
2024-10-11 19:30:00,733.6965834,15.658
2024-10-11 20:00:00,733.5650420999999,14.994
2024-10-11 20:30:00,733.6170467999999,14.49
2024-10-11 21:00:00,733.4436978,17.543
2024-10-11 21:30:00,733.7220758999999,16.379
2024-10-11 22:00:00,733.5793179,15.137
2024-10-11 22:30:00,733.5140570999998,14.326
2024-10-11 23:00:00,733.4273825999999,13.669
2024-10-11 23:30:00,733.4263629,12.949
2024-10-12 00:00:00,733.551786,12.012
2024-10-12 00:30:00,733.3845551999999,11.05
2024-10-12 01:00:00,733.5731996999999,9.935
2024-10-12 01:30:00,733.6180664999999,9.188
2024-10-12 02:00:00,733.8046716,7.906
2024-10-12 02:30:00,734.0595965999998,6.981
2024-10-12 03:00:00,734.1187391999999,6.18
2024-10-12 03:30:00,734.2767927,5.488
2024-10-12 04:00:00,734.4124128,4.83
2024-10-12 04:30:00,734.3644869,4.209
2024-10-12 05:00:00,734.3583686999999,3.715
2024-10-12 05:30:00,734.1432119999998,3.225
2024-10-12 06:00:00,734.0830497,2.757
2024-10-12 06:30:00,733.9770008999999,2.441
2024-10-12 07:00:00,733.9311144,2.181
2024-10-12 07:30:00,733.7954943,2.088
2024-10-12 08:00:00,733.7720411999999,1.907
2024-10-12 08:30:00,733.6323422999999,1.694
2024-10-12 09:00:00,733.6364210999999,1.53
2024-10-12 09:30:00,733.4110674,1.292
2024-10-12 10:00:00,733.1999894999999,1.198
2024-10-12 10:30:00,733.1326892999999,1.312
2024-10-12 11:00:00,733.0664088,1.348
2024-10-12 11:30:00,732.9399659999999,1.504
2024-10-12 12:00:00,732.7237896,1.634
2024-10-12 12:30:00,732.9369068999999,2.963
2024-10-12 13:00:00,733.2509745,2.681
2024-10-12 13:30:00,733.1999894999999,1.74
2024-10-12 14:00:00,733.3876142999999,0.994
2024-10-12 14:30:00,733.3182746999998,0.669
2024-10-12 15:00:00,733.4263629,0.719
2024-10-12 15:30:00,733.6211255999999,0.973
2024-10-12 16:00:00,733.6364210999999,2.29
2024-10-12 16:30:00,733.9198977,6.18
2024-10-12 17:00:00,734.0646950999999,7.745
2024-10-12 17:30:00,734.0881482,9.973
2024-10-12 18:00:00,733.9933161,15.557
2024-10-12 18:30:00,734.1697241999999,12.59
2024-10-12 19:00:00,733.8311838,14.291
2024-10-12 19:30:00,734.0371632,15.126
2024-10-12 20:00:00,733.8842082,14.209
2024-10-12 20:30:00,733.7128985999999,13.772
2024-10-12 21:00:00,733.3631415,16.57
2024-10-12 21:30:00,733.4151461999999,15.849
2024-10-12 22:00:00,733.3458066,14.98
2024-10-12 22:30:00,733.4120871,13.862
2024-10-12 23:00:00,733.4436978,13.063
2024-10-12 23:30:00,733.3141959,12.317
2024-10-13 00:00:00,733.3549839,11.424
2024-10-13 00:30:00,733.4080083,10.265
2024-10-13 01:00:00,733.3845551999999,9.389
2024-10-13 01:30:00,733.3345899,8.405
2024-10-13 02:00:00,733.5772784999999,7.114
2024-10-13 02:30:00,733.8933855,6.233
2024-10-13 03:00:00,733.7883564,5.488
2024-10-13 03:30:00,733.6843469999999,4.7
2024-10-13 04:00:00,733.5997119,4.028
2024-10-13 04:30:00,733.4141264999998,3.567
2024-10-13 05:00:00,733.3335701999999,3.182
2024-10-13 05:30:00,733.3804763999999,2.733
2024-10-13 06:00:00,733.2417972,2.309
2024-10-13 06:30:00,733.0541724,1.958
2024-10-13 07:00:00,733.0521329999999,1.731
2024-10-13 07:30:00,732.8400353999999,1.54
2024-10-13 08:00:00,732.6677060999999,1.272
2024-10-13 08:30:00,732.4770222,1.06
2024-10-13 09:00:00,732.2057819999999,0.942
2024-10-13 09:30:00,732.093615,0.806
2024-10-13 10:00:00,731.9284236,0.591
2024-10-13 10:30:00,731.7122471999999,0.414
2024-10-13 11:00:00,731.6010999,0.245
2024-10-13 11:30:00,731.5042284,0.051
2024-10-13 12:00:00,731.4073569,-0.145
2024-10-13 12:30:00,731.5093269,-0.292
2024-10-13 13:00:00,731.4532434,-0.488
2024-10-13 13:30:00,731.5072875,-0.611
2024-10-13 14:00:00,731.5154450999999,-0.728
2024-10-13 14:30:00,731.5817255999999,-0.753
2024-10-13 15:00:00,731.6112968999998,-0.585
2024-10-13 15:30:00,731.695932,-0.37
2024-10-13 16:00:00,731.9610539999999,0.36
2024-10-13 16:30:00,732.2302548,2.545
2024-10-13 17:00:00,732.2516684999999,4.78
2024-10-13 17:30:00,732.2639048999999,8.346
2024-10-13 18:00:00,731.9172068999999,15.707
2024-10-13 18:30:00,731.9457585,12.554
2024-10-13 19:00:00,731.6806364999999,14.207
2024-10-13 19:30:00,731.9131280999999,15.272
2024-10-13 20:00:00,731.7683306999999,14.769
2024-10-13 20:30:00,731.6255726999999,14.288
2024-10-13 21:00:00,731.3155839,16.803
2024-10-13 21:30:00,731.4287705999999,16.468
2024-10-13 22:00:00,731.4736373999999,16.165
2024-10-13 22:30:00,731.5083072,14.982
2024-10-13 23:00:00,731.5694891999999,13.939
2024-10-13 23:30:00,731.7234639,12.961
2024-10-14 00:00:00,731.859084,11.912
2024-10-14 00:30:00,731.9457585,10.584
2024-10-14 01:00:00,732.0885165,8.938
2024-10-14 01:30:00,732.1068710999999,7.734
2024-10-14 02:00:00,732.3454808999999,6.591
2024-10-14 02:30:00,732.4341948,5.667
2024-10-14 03:00:00,732.4984358999999,5.282
2024-10-14 03:30:00,732.6931986,6.772
2024-10-14 04:00:00,732.797208,7.314
2024-10-14 04:30:00,732.8328975000001,7.136
2024-10-14 05:00:00,732.9369068999999,6.93
2024-10-14 05:30:00,733.0704876,6.431
2024-10-14 06:00:00,732.9328281,5.306
2024-10-14 06:30:00,732.8553308999999,4.514
2024-10-14 07:00:00,732.7452033,4.107
2024-10-14 07:30:00,732.5086329,3.653
2024-10-14 08:00:00,732.5585981999999,3.254
2024-10-14 08:30:00,732.5626769999999,2.782
2024-10-14 09:00:00,732.5789922,2.33
2024-10-14 09:30:00,732.4974161999999,1.95
2024-10-14 10:00:00,732.4127811,1.586
2024-10-14 10:30:00,732.3179489999999,1.614
2024-10-14 11:00:00,732.2547275999999,1.509
2024-10-14 11:30:00,732.24657,1.187
2024-10-14 12:00:00,732.2455502999999,0.944
2024-10-14 12:30:00,732.2394320999998,0.733
2024-10-14 13:00:00,732.3587369999999,0.543
2024-10-14 13:30:00,732.3883082999998,0.339
2024-10-14 14:00:00,732.5473814999999,0.432
2024-10-14 14:30:00,732.7696761,0.898
2024-10-14 15:00:00,733.0562117999999,0.79
2024-10-14 15:30:00,733.225482,0.816
2024-10-14 16:00:00,733.5701406,2.189
2024-10-14 16:30:00,733.7801988,4.696
2024-10-14 17:00:00,733.9698629999999,6.864
2024-10-14 17:30:00,734.1187391999999,9.654
2024-10-14 18:00:00,734.0799906,15.137
2024-10-14 18:30:00,734.1687045,12.268
2024-10-14 19:00:00,733.9290749999999,13.76
2024-10-14 19:30:00,734.0188085999999,15.436
2024-10-14 20:00:00,733.7230956,15.281
2024-10-14 20:30:00,733.5436284,14.554
2024-10-14 21:00:00,733.1245317,16.402
2024-10-14 21:30:00,733.1428863,16.517
2024-10-14 22:00:00,733.0929209999999,16.644
2024-10-14 22:30:00,733.1989698,15.458
2024-10-14 23:00:00,733.3039989,14.683
2024-10-14 23:30:00,733.3019595,13.853
2024-10-15 00:00:00,733.398831,12.961
2024-10-15 00:30:00,733.5538253999999,11.581
2024-10-15 01:00:00,733.6914849,10.496
2024-10-15 01:30:00,734.0045327999999,9.342
2024-10-15 02:00:00,734.0973255,8.15
2024-10-15 02:30:00,734.1666650999999,7.09
2024-10-15 03:00:00,734.255379,6.241
2024-10-15 03:30:00,734.1085421999999,5.594
2024-10-15 04:00:00,734.2074531,5.308
2024-10-15 04:30:00,734.3349155999999,6.052
2024-10-15 05:00:00,734.3706050999999,5.771
2024-10-15 05:30:00,734.3604081,5.482
2024-10-15 06:00:00,734.4246492,5.222
2024-10-15 06:30:00,734.4572795999999,4.803
2024-10-15 07:00:00,734.3859006,4.668
2024-10-15 07:30:00,734.3236989,4.603
2024-10-15 08:00:00,734.4470825999999,4.54
2024-10-15 08:30:00,734.3338959,4.001
2024-10-15 09:00:00,734.2003151999999,3.419
2024-10-15 09:30:00,734.0555177999998,2.907
2024-10-15 10:00:00,733.8893067,2.686
2024-10-15 10:30:00,733.7598047999999,2.639
2024-10-15 11:00:00,733.602771,2.566
2024-10-15 11:30:00,733.6323422999999,2.441
2024-10-15 12:00:00,733.6598741999999,1.816
2024-10-15 12:30:00,733.6996425,1.451
2024-10-15 13:00:00,733.6863864,1.087
2024-10-15 13:30:00,733.7394108,0.994
2024-10-15 14:00:00,733.6996425,0.903
2024-10-15 14:30:00,733.7445093,0.884
2024-10-15 15:00:00,733.8933855,1.009
2024-10-15 15:30:00,734.0126903999999,1.104
2024-10-15 16:00:00,734.1523892999999,1.839
2024-10-15 16:30:00,734.3797824,4.043
2024-10-15 17:00:00,734.3542898999999,6.609
2024-10-15 17:30:00,734.3940581999999,9.499
2024-10-15 18:00:00,734.3257383,15.375
2024-10-15 18:30:00,734.2533395999999,12.675
2024-10-15 19:00:00,733.7771396999999,14.545
2024-10-15 19:30:00,733.8515778,16.655
2024-10-15 20:00:00,733.6690514999999,15.984
2024-10-15 20:30:00,733.4651115,14.797
2024-10-15 21:00:00,733.0409162999999,15.839
2024-10-15 21:30:00,732.980754,16.173
2024-10-15 22:00:00,732.9236508,16.13
2024-10-15 22:30:00,732.9267099,14.841
2024-10-15 23:00:00,732.9379265999999,13.849
2024-10-15 23:30:00,732.9267099,12.938
2024-10-16 00:00:00,732.8747052,12.073
2024-10-16 00:30:00,732.7921094999999,11.006
2024-10-16 01:00:00,732.6942182999999,10.414
2024-10-16 01:30:00,732.8736855,9.089
2024-10-16 02:00:00,732.8451339,7.499
2024-10-16 02:30:00,732.8910203999999,6.272
2024-10-16 03:00:00,732.8400353999999,5.327
2024-10-16 03:30:00,732.8838824999999,4.694
2024-10-16 04:00:00,733.0031874,4.255
2024-10-16 04:30:00,733.0531526999999,3.826
2024-10-16 05:00:00,733.0215419999998,3.425
2024-10-16 05:30:00,732.8451339,3.062
2024-10-16 06:00:00,732.6789228,2.739
2024-10-16 06:30:00,732.4841600999998,2.46
2024-10-16 07:00:00,732.2312744999999,2.227
2024-10-16 07:30:00,732.0548663999999,2.089
2024-10-16 08:00:00,731.8529658,1.837
2024-10-16 08:30:00,731.6388287999999,1.576
2024-10-16 09:00:00,731.5511346,1.248
2024-10-16 09:30:00,731.2156533,0.985
2024-10-16 10:00:00,730.9036250999999,0.833
2024-10-16 10:30:00,730.7731034999999,0.617
2024-10-16 11:00:00,730.5497892,0.451
2024-10-16 11:30:00,730.3009824,0.202
2024-10-16 12:00:00,729.9869147999999,0.129
2024-10-16 12:30:00,729.8869841999999,0.031
2024-10-16 13:00:00,729.8543538,-0.117
2024-10-16 13:30:00,729.9451071,-0.313
2024-10-16 14:00:00,729.6881427,-0.527
2024-10-16 14:30:00,729.5168330999999,-0.544
2024-10-16 15:00:00,729.3812129999999,-0.389
2024-10-16 15:30:00,729.4994982,-0.153
2024-10-16 16:00:00,729.5525226,0.92
2024-10-16 16:30:00,729.7901127,4.855
2024-10-16 17:00:00,729.5912711999999,6.392
2024-10-16 17:30:00,729.4831829999999,8.114
2024-10-16 18:00:00,729.2190806999998,13.73
2024-10-16 18:30:00,728.9284661999999,10.413
2024-10-16 19:00:00,728.4532859999999,11.641
2024-10-16 19:30:00,728.3237840999999,12.339
2024-10-16 20:00:00,727.8628796999999,11.481
2024-10-16 20:30:00,727.7609096999998,9.618
2024-10-16 21:00:00,727.3275371999999,8.355
2024-10-16 21:30:00,727.2347444999999,6.924
2024-10-16 22:00:00,726.8605146,5.442
2024-10-16 22:30:00,726.3537236999999,5.115
2024-10-16 23:00:00,726.0325181999999,4.595
2024-10-16 23:30:00,725.9356467,4.258
2024-10-17 00:00:00,725.9764346999999,3.865
2024-10-17 00:30:00,726.5566439999999,2.239
2024-10-17 01:00:00,726.2028080999999,1.401
2024-10-17 01:30:00,726.4485557999999,1.429
2024-10-17 02:00:00,726.5495060999999,1.544
2024-10-17 02:30:00,726.6667716,1.596
2024-10-17 03:00:00,726.8809085999999,1.519
2024-10-17 03:30:00,726.7768992,1.376
2024-10-17 04:00:00,726.4414179,1.145
2024-10-17 04:30:00,726.3486251999999,0.815
2024-10-17 05:00:00,726.0845228999999,0.425
2024-10-17 05:30:00,726.0151832999999,0.008
2024-10-17 06:00:00,725.7164111999999,-0.315
2024-10-17 06:30:00,725.7439431,-0.69
2024-10-17 07:00:00,725.4971757,-1.101
2024-10-17 07:30:00,725.2351127999999,-1.595
2024-10-17 08:00:00,725.1311033999999,-1.981
2024-10-17 08:30:00,724.8496661999999,-2.399
2024-10-17 09:00:00,724.6926323999999,-2.725
2024-10-17 09:30:00,724.4733969,-3.03
2024-10-17 10:00:00,724.2072552,-3.206
2024-10-17 10:30:00,723.8993058,-3.424
2024-10-17 11:00:00,723.8544389999998,-3.569
2024-10-17 11:30:00,723.9074633999999,-3.661
2024-10-17 12:00:00,723.5964548999999,-3.785
2024-10-17 12:30:00,723.650499,-3.921
2024-10-17 13:00:00,723.6525384,-3.833
2024-10-17 13:30:00,723.7514493,-3.757
2024-10-17 14:00:00,723.4853075999999,-3.912
2024-10-17 14:30:00,723.6025731,-3.659
2024-10-17 15:00:00,723.4659332999998,-3.821
2024-10-17 15:30:00,723.3476480999999,-3.864
2024-10-17 16:00:00,723.0407184,-3.28
2024-10-17 16:30:00,723.0682502999998,-2.485
2024-10-17 17:00:00,723.1324913999999,-1.306
2024-10-17 17:30:00,723.242619,0.482
2024-10-17 18:00:00,723.1416687,4.639
2024-10-17 18:30:00,722.7878327999999,2.585
2024-10-17 19:00:00,722.4533711999999,3.682
2024-10-17 19:30:00,722.6277398999999,6.271
2024-10-17 20:00:00,721.9190484,5.057
2024-10-17 20:30:00,721.8650042999999,4.013
2024-10-17 21:00:00,721.9659545999999,3.197
2024-10-17 21:30:00,721.6763597999999,2.797
2024-10-17 22:00:00,721.8527679,3.59
2024-10-17 22:30:00,721.1838446999999,2.893
2024-10-17 23:00:00,721.5366608999999,2.131
2024-10-17 23:30:00,721.4265333,1.801
2024-10-18 00:00:00,721.2042386999999,1.567
2024-10-18 00:30:00,720.8932302,1.162
2024-10-18 01:00:00,720.8942499,0.664
2024-10-18 01:30:00,720.8351072999999,0.234
2024-10-18 02:00:00,720.5924186999999,-0.026
2024-10-18 02:30:00,720.7514918999999,-0.256
2024-10-18 03:00:00,720.8758953,-0.571
2024-10-18 03:30:00,720.8932302,-0.569
2024-10-18 04:00:00,720.805536,-0.914
2024-10-18 04:30:00,721.3123269,-1.518
2024-10-18 05:00:00,721.5285032999999,-2.037
2024-10-18 05:30:00,721.8282951,-2.526
2024-10-18 06:00:00,721.8741815999999,-2.669
2024-10-18 06:30:00,721.8517482,-2.973
2024-10-18 07:00:00,722.0699639999999,-3.213
2024-10-18 07:30:00,722.1291066,-3.367
2024-10-18 08:00:00,722.3463026999999,-3.902
2024-10-18 08:30:00,721.9659545999999,-4.428
2024-10-18 09:00:00,722.0740427999999,-4.238
2024-10-18 09:30:00,722.263707,-3.289
2024-10-18 10:00:00,722.9723984999998,-3.453
2024-10-18 10:30:00,723.1620627,-3.564
2024-10-18 11:00:00,722.7949706999999,-3.296
2024-10-18 11:30:00,723.0998609999999,-3.043
2024-10-18 12:00:00,722.9540439,-3.287
2024-10-18 12:30:00,723.7881585,-3.201
2024-10-18 13:00:00,724.1939991,-2.889
2024-10-18 13:30:00,724.6283913,-2.772
2024-10-18 14:00:00,725.1525171,-2.685
2024-10-18 14:30:00,725.3064918,-2.564
2024-10-18 15:00:00,725.5512198,-2.427
2024-10-18 15:30:00,725.904036,-1.918
2024-10-18 16:00:00,726.2333990999999,-1.256
2024-10-18 16:30:00,726.8401205999999,-0.505
2024-10-18 17:00:00,727.2143505,0.223
2024-10-18 17:30:00,727.4651966999999,2.045
2024-10-18 18:00:00,728.0433666,4.326
2024-10-18 18:30:00,728.1086273999999,3.061
2024-10-18 19:00:00,728.2809566999999,4.733
2024-10-18 19:30:00,728.4889755,7.992
2024-10-18 20:00:00,728.3594735999999,5.43
2024-10-18 20:30:00,728.2942127999999,4.562
2024-10-18 21:00:00,728.3044097999999,5.154
2024-10-18 21:30:00,728.7051518999999,5.957
2024-10-18 22:00:00,729.0518499,5.886
2024-10-18 22:30:00,728.9335646999999,5.224
2024-10-18 23:00:00,729.1946078999999,4.724
2024-10-18 23:30:00,729.3332870999999,3.901
2024-10-19 00:00:00,729.3720356999999,3.145
2024-10-19 00:30:00,729.2975975999999,2.361
2024-10-19 01:00:00,729.4842027,1.852
2024-10-19 01:30:00,729.6952805999999,1.264
2024-10-19 02:00:00,729.6473546999999,2.047
2024-10-19 02:30:00,730.1592440999999,2.175
2024-10-19 03:00:00,730.3805189999999,2.358
2024-10-19 03:30:00,730.6966259999999,2.225
2024-10-19 04:00:00,731.0545407,2.019
2024-10-19 04:30:00,731.5480755,1.646
2024-10-19 05:00:00,731.73672,1.21
2024-10-19 05:30:00,732.3352839,0.796
2024-10-19 06:00:00,732.3842295,2.051
2024-10-19 06:30:00,732.5453420999999,2.555
2024-10-19 07:00:00,732.4239977999999,1.662
2024-10-19 07:30:00,732.2333139,1.427
2024-10-19 08:00:00,731.9284236,0.056
2024-10-19 08:30:00,731.7917838,0.048
2024-10-19 09:00:00,731.9131280999999,-0.505
2024-10-19 09:30:00,731.6551439999998,-1.074
2024-10-19 10:00:00,731.4664995,-1.162
2024-10-19 10:30:00,731.3257808999999,-1.329
2024-10-19 11:00:00,731.216673,-1.551
2024-10-19 11:30:00,731.4379478999999,-1.464
2024-10-19 12:00:00,731.6928729,-0.713
2024-10-19 12:30:00,731.7999414,-0.764
2024-10-19 13:00:00,731.9569751999999,-0.659
2024-10-19 13:30:00,731.9049704999999,-0.452
2024-10-19 14:00:00,732.0405906,0.412
2024-10-19 14:30:00,731.9865464999999,0.687
2024-10-19 15:00:00,732.1966046999999,1.397
2024-10-19 15:30:00,732.5198495999999,1.752
2024-10-19 16:00:00,732.7788534,1.877
2024-10-19 16:30:00,732.5779725,2.634
2024-10-19 17:00:00,732.9022371,3.742
2024-10-19 17:30:00,733.2030486,5.682
2024-10-19 18:00:00,733.5120177,8.169
2024-10-19 18:30:00,733.4416583999999,7.534
2024-10-19 19:00:00,733.0857831,8.768
2024-10-19 19:30:00,733.2316001999999,12.924
2024-10-19 20:00:00,733.2519942,9.774
2024-10-19 20:30:00,732.9318083999999,8.74
2024-10-19 21:00:00,732.8196414,9.269
2024-10-19 21:30:00,732.6758636999999,9.923
2024-10-19 22:00:00,732.7747746,9.728
2024-10-19 22:30:00,732.7645775999999,8.46
2024-10-19 23:00:00,732.7676366999999,7.661
2024-10-19 23:30:00,733.0133844,6.895
2024-10-20 00:00:00,732.6830016,5.909
2024-10-20 00:30:00,732.6850409999998,5.162
2024-10-20 01:00:00,732.6615879,4.727
2024-10-20 01:30:00,732.5596178999999,4.316
2024-10-20 02:00:00,732.5096526,2.959
2024-10-20 02:30:00,732.6432332999999,2.791
2024-10-20 03:00:00,732.6921788999999,2.373
2024-10-20 03:30:00,732.7146123,2.435
2024-10-20 04:00:00,732.4627463999999,2.799
2024-10-20 04:30:00,732.4331751,3.559
2024-10-20 05:00:00,732.6626076,4.575
2024-10-20 05:30:00,732.4698843,2.991
2024-10-20 06:00:00,732.3597566999999,2.609
2024-10-20 06:30:00,732.3118307999999,2.852
2024-10-20 07:00:00,732.3668945999999,3.089
2024-10-20 07:30:00,732.3934067999999,2.02
2024-10-20 08:00:00,732.0762801,0.899
2024-10-20 08:30:00,731.9875662,0.409
2024-10-20 09:00:00,732.001842,0.208
2024-10-20 09:30:00,732.0752603999999,-0.13
2024-10-20 10:00:00,731.9498373,-0.561
2024-10-20 10:30:00,731.991645,-0.911
2024-10-20 11:00:00,731.9569751999999,-1.284
2024-10-20 11:30:00,732.1874273999999,-1.561
2024-10-20 12:00:00,732.2180183999999,-1.789
2024-10-20 12:30:00,732.236373,-1.928
2024-10-20 13:00:00,732.4413326999999,-2.06
2024-10-20 13:30:00,732.4668251999999,-2.225
2024-10-20 14:00:00,732.4739631,-2.319
2024-10-20 14:30:00,732.430116,-2.398
2024-10-20 15:00:00,732.5361647999998,-2.373
2024-10-20 15:30:00,732.7431638999999,-2.278
2024-10-20 16:00:00,732.9216114,-2.006
2024-10-20 16:30:00,732.9460842,-0.478
2024-10-20 17:00:00,733.2785063999999,1.902
2024-10-20 17:30:00,733.4039295,4.931
2024-10-20 18:00:00,733.4967221999999,8.042
2024-10-20 18:30:00,733.2428169,7.819
2024-10-20 19:00:00,733.0592709,9.214
2024-10-20 19:30:00,732.8257596,14.295
2024-10-20 20:00:00,732.7105335,11.401
2024-10-20 20:30:00,732.6493515,10.487
2024-10-20 21:00:00,732.4433720999999,10.704
2024-10-20 21:30:00,732.4464311999999,11.349
2024-10-20 22:00:00,732.3444611999998,11.141
2024-10-20 22:30:00,732.3648552,10.04
2024-10-20 23:00:00,732.3791309999999,9.194
2024-10-20 23:30:00,732.4851798,8.209
2024-10-21 00:00:00,732.5249481,7.117
2024-10-21 00:30:00,732.5963270999999,5.732
2024-10-21 01:00:00,732.8553308999999,4.468
2024-10-21 01:30:00,732.7737549,3.398
2024-10-21 02:00:00,732.8114837999999,2.493
2024-10-21 02:30:00,732.7390850999999,1.759
2024-10-21 03:00:00,732.6575091,1.104
2024-10-21 03:30:00,732.7207305,0.67
2024-10-21 04:00:00,732.6391544999999,0.307
2024-10-21 04:30:00,732.8665476,0.147
2024-10-21 05:00:00,732.9328281,-0.04
2024-10-21 05:30:00,732.9889115999999,-0.279
2024-10-21 06:00:00,733.041936,-0.531
2024-10-21 06:30:00,732.8900006999999,-0.817
2024-10-21 07:00:00,732.6513908999999,-0.961
2024-10-21 07:30:00,732.4892585999999,-1.146
2024-10-21 08:00:00,732.1915061999998,-1.247
2024-10-21 08:30:00,731.9294432999999,-1.306
2024-10-21 09:00:00,731.9416797,-1.373
2024-10-21 09:30:00,731.7438579,-1.518
2024-10-21 10:00:00,731.512386,-1.61
2024-10-21 10:30:00,731.5266617999999,-1.612
2024-10-21 11:00:00,731.6510652,-1.703
2024-10-21 11:30:00,731.6000802,-1.824
2024-10-21 12:00:00,731.757114,-1.927
2024-10-21 12:30:00,731.7724094999999,-2.038
2024-10-21 13:00:00,731.6102772,-2.122
2024-10-21 13:30:00,731.7999414,-2.172
2024-10-21 14:00:00,731.8845765,-2.173
2024-10-21 14:30:00,731.9467782,-2.195
2024-10-21 15:00:00,732.0925953,-2.201
2024-10-21 15:30:00,732.2302548,-2.177
2024-10-21 16:00:00,732.4678448999999,-1.967
2024-10-21 16:30:00,732.4403129999998,-0.652
2024-10-21 17:00:00,732.7064546999999,1.972
2024-10-21 17:30:00,732.8308580999999,4.863
2024-10-21 18:00:00,732.7941488999999,7.542
2024-10-21 18:30:00,732.6921788999999,7.456
2024-10-21 19:00:00,732.7146123,8.565
2024-10-21 19:30:00,732.6942182999999,13.553
2024-10-21 20:00:00,732.6004058999999,10.808
2024-10-21 20:30:00,732.4494902999999,9.92
2024-10-21 21:00:00,732.4138008,10.441
2024-10-21 21:30:00,732.2129199,11.44
2024-10-21 22:00:00,732.1140089999999,11.592
2024-10-21 22:30:00,732.124206,10.375
2024-10-21 23:00:00,732.1792697999999,9.6
2024-10-21 23:30:00,732.1252257,8.785
2024-10-22 00:00:00,732.0385511999999,7.688
2024-10-22 00:30:00,732.1884471,6.751
2024-10-22 01:00:00,732.1140089999999,5.799
2024-10-22 01:30:00,732.2333139,4.338
2024-10-22 02:00:00,732.2282154,3.159
2024-10-22 02:30:00,732.2027228999999,2.306
2024-10-22 03:00:00,732.1609151999999,1.695
2024-10-22 03:30:00,732.1792697999999,1.238
2024-10-22 04:00:00,732.2455502999999,0.974
2024-10-22 04:30:00,732.24657,0.702
2024-10-22 05:00:00,732.2190380999999,0.447
2024-10-22 05:30:00,732.3832098,0.211
2024-10-22 06:00:00,732.4821207,0.026
2024-10-22 06:30:00,732.3536384999999,-0.177
2024-10-22 07:00:00,732.3067322999999,-0.294
2024-10-22 07:30:00,732.0069404999999,-0.437
2024-10-22 08:00:00,731.981448,-0.459
2024-10-22 08:30:00,732.1456197,-0.372
2024-10-22 09:00:00,732.2557472999999,-0.411
2024-10-22 09:30:00,732.4036037999999,-0.589
2024-10-22 10:00:00,732.4688646,-0.855
2024-10-22 10:30:00,732.3118307999999,-1.142
2024-10-22 11:00:00,732.2710427999999,-1.307
2024-10-22 11:30:00,732.2139395999999,-1.433
2024-10-22 12:00:00,732.1874273999999,-1.533
2024-10-22 12:30:00,732.1802895,-1.597
2024-10-22 13:00:00,732.4821207,-1.562
2024-10-22 13:30:00,732.4433720999999,-1.494
2024-10-22 14:00:00,732.5106722999999,-1.383
2024-10-22 14:30:00,732.4280765999999,-1.292
2024-10-22 15:00:00,732.6931986,-1.116
2024-10-22 15:30:00,733.0949603999999,-0.935
2024-10-22 16:00:00,733.2897231,-0.728
2024-10-22 16:30:00,733.4171856,1.52
2024-10-22 17:00:00,733.8648338999999,4.285
2024-10-22 17:30:00,733.9933161,7.841
2024-10-22 18:00:00,733.9586462999999,9.819
2024-10-22 18:30:00,734.1656453999999,9.675
2024-10-22 19:00:00,734.1044633999999,10.929
2024-10-22 19:30:00,734.2145909999999,16.141
2024-10-22 20:00:00,734.0106509999999,13.493
2024-10-22 20:30:00,733.8719717999999,12.335
2024-10-22 21:00:00,733.7016818999999,12.878
2024-10-22 21:30:00,733.5548451,14.052
2024-10-22 22:00:00,733.6598741999999,13.895
2024-10-22 22:30:00,733.7220758999999,12.926
2024-10-22 23:00:00,733.6884258,11.947
2024-10-22 23:30:00,733.6976030999999,10.961
2024-10-23 00:00:00,733.7159576999999,9.426
2024-10-23 00:30:00,733.8077306999999,7.476
2024-10-23 01:00:00,733.8648338999999,5.927
2024-10-23 01:30:00,734.0738723999999,4.874
2024-10-23 02:00:00,734.3063639999999,4.025
2024-10-23 02:30:00,734.3328762,3.348
2024-10-23 03:00:00,734.3094230999999,2.735
2024-10-23 03:30:00,734.2390637999999,2.268
2024-10-23 04:00:00,734.1870590999999,1.919
2024-10-23 04:30:00,734.4144521999999,1.573
2024-10-23 05:00:00,734.48991,1.287
2024-10-23 05:30:00,734.5684269,1.019
2024-10-23 06:00:00,734.4939887999999,0.854
2024-10-23 06:30:00,734.3909991,0.674
2024-10-23 07:00:00,734.3818218,0.553
2024-10-23 07:30:00,734.4379053,0.368
2024-10-23 08:00:00,734.5765845,0.161
2024-10-23 08:30:00,734.469516,-0.025
2024-10-23 09:00:00,734.3736642,-0.094
2024-10-23 09:30:00,734.4348462,-0.182
2024-10-23 10:00:00,734.4633977999999,-0.274
2024-10-23 10:30:00,734.2778124,-0.362
2024-10-23 11:00:00,734.2829108999999,-0.552
2024-10-23 11:30:00,734.1523892999999,-0.673
2024-10-23 12:00:00,734.0810103,-0.621
2024-10-23 12:30:00,734.3706050999999,-0.724
2024-10-23 13:00:00,734.4613583999999,-0.829
2024-10-23 13:30:00,734.4236295,-0.874
2024-10-23 14:00:00,734.4103733999999,-0.982
2024-10-23 14:30:00,734.3481716999999,-1.089
2024-10-23 15:00:00,734.5582298999999,-1.031
2024-10-23 15:30:00,734.7795048,-0.871
2024-10-23 16:00:00,735.0007797,-0.489
2024-10-23 16:30:00,735.0843950999999,1.26
2024-10-23 17:00:00,735.2526455999999,3.596
2024-10-23 17:30:00,735.1741286999999,8.007
2024-10-23 18:00:00,735.3678717,11.241
2024-10-23 18:30:00,735.3750095999999,10.935
2024-10-23 19:00:00,735.1822862999999,11.794
2024-10-23 19:30:00,735.1741286999999,16.638
2024-10-23 20:00:00,734.9650902,13.826
2024-10-23 20:30:00,734.5633283999999,12.971
2024-10-23 21:00:00,734.3053442999999,13.188
2024-10-23 21:30:00,734.1289362,13.685
2024-10-23 22:00:00,734.1707438999999,13.304
2024-10-23 22:30:00,733.8658535999999,12.228
2024-10-23 23:00:00,733.5262935,11.216
2024-10-23 23:30:00,733.490604,10.41
2024-10-24 00:00:00,733.6017512999999,9.558
2024-10-24 00:30:00,733.2672897,8.695
2024-10-24 01:00:00,733.0551921,7.938
2024-10-24 01:30:00,732.9919706999999,7.121
2024-10-24 02:00:00,733.1765363999999,6.977
2024-10-24 02:30:00,733.4793872999999,6.449
2024-10-24 03:00:00,733.4753084999999,6.419
2024-10-24 03:30:00,733.4385993,6.22
2024-10-24 04:00:00,733.4284022999999,6.228
2024-10-24 04:30:00,733.3060383,6.136
2024-10-24 05:00:00,733.4141264999998,6.395
2024-10-24 05:30:00,733.2448562999999,6.372
2024-10-24 06:00:00,733.001148,6.143
2024-10-24 06:30:00,732.9369068999999,6.254
2024-10-24 07:00:00,732.7370456999998,5.793
2024-10-24 07:30:00,732.6656667,5.212
2024-10-24 08:00:00,732.5106722999999,4.228
2024-10-24 08:30:00,732.4474508999999,3.735
2024-10-24 09:00:00,732.226176,2.937
2024-10-24 09:30:00,732.001842,2.17
2024-10-24 10:00:00,731.8203353999999,1.852
2024-10-24 10:30:00,731.6337302999999,1.771
2024-10-24 11:00:00,731.5582725,1.467
2024-10-24 11:30:00,731.5215632999999,1.167
2024-10-24 12:00:00,731.3788053,0.914
2024-10-24 12:30:00,731.4124554,1.524
2024-10-24 13:00:00,731.2074957,1.298
2024-10-24 13:30:00,731.1595698,0.869
2024-10-24 14:00:00,731.1045059999999,0.532
2024-10-24 14:30:00,731.0606589,0.341
2024-10-24 15:00:00,731.1738456,0.427
2024-10-24 15:30:00,731.4206129999999,0.924
2024-10-24 16:00:00,731.6337302999999,1.727
2024-10-24 16:30:00,731.8376703,2.781
2024-10-24 17:00:00,731.8346111999999,3.891
2024-10-24 17:30:00,731.7591534000001,6.703
2024-10-24 18:00:00,731.8193157,10.213
2024-10-24 18:30:00,731.899872,10.189
2024-10-24 19:00:00,731.7754686,11.302
2024-10-24 19:30:00,731.6316909,15.317
2024-10-24 20:00:00,731.4654798,13.813
2024-10-24 20:30:00,731.3217021,13.37
2024-10-24 21:00:00,730.9648070999999,13.272
2024-10-24 21:30:00,730.6436015999999,14.585
2024-10-24 22:00:00,730.6262667,14.309
2024-10-24 22:30:00,730.5895574999998,13.656
2024-10-24 23:00:00,730.4865678,12.762
2024-10-24 23:30:00,730.4763707999999,11.983
2024-10-25 00:00:00,730.3662432,11.085
2024-10-25 00:30:00,730.3886765999998,8.778
2024-10-25 01:00:00,730.3427900999999,7.009
2024-10-25 01:30:00,730.4671934999999,5.717
2024-10-25 02:00:00,730.6130105999999,4.717
2024-10-25 02:30:00,730.8475415999999,4.042
2024-10-25 03:00:00,730.7557685999999,3.528
2024-10-25 03:30:00,730.6017939,3.034
2024-10-25 04:00:00,730.7058033,2.583
2024-10-25 04:30:00,730.8036944999999,2.275
2024-10-25 05:00:00,730.8587583,1.949
2024-10-25 05:30:00,730.9260584999998,1.671
2024-10-25 06:00:00,731.1167424,1.417
2024-10-25 06:30:00,731.1218409,1.116
2024-10-25 07:00:00,731.2146336,0.863
2024-10-25 07:30:00,731.2666382999998,0.611
2024-10-25 08:00:00,731.3145641999998,0.43
2024-10-25 08:30:00,731.4165341999999,0.321
2024-10-25 09:00:00,731.4970905,0.16
2024-10-25 09:30:00,731.4471252,-0.05
2024-10-25 10:00:00,731.3145641999998,-0.163
2024-10-25 10:30:00,731.1616091999999,-0.31
2024-10-25 11:00:00,731.0157921,-0.537
2024-10-25 11:30:00,731.0871710999999,-0.699
2024-10-25 12:00:00,731.1024666,-0.855
2024-10-25 12:30:00,731.1636486,-0.902
2024-10-25 13:00:00,731.2227911999998,-0.976
2024-10-25 13:30:00,731.2809140999999,-1.081
2024-10-25 14:00:00,731.4155144999999,-1.192
2024-10-25 14:30:00,731.4165341999999,-1.236
2024-10-25 15:00:00,731.5980407999999,-1.059
2024-10-25 15:30:00,731.9151674999999,-0.72
2024-10-25 16:00:00,732.3872886,-0.28
2024-10-25 16:30:00,732.6728046,1.216
2024-10-25 17:00:00,732.6248787,3.699
2024-10-25 17:30:00,732.4372539,8.246
2024-10-25 18:00:00,732.9573009,11.344
2024-10-25 18:30:00,732.9154932,11.407
2024-10-25 19:00:00,732.8981583,12.49
2024-10-25 19:30:00,732.6952379999999,16.045
2024-10-25 20:00:00,732.7696761,13.476
2024-10-25 20:30:00,732.0140783999999,13.183
2024-10-25 21:00:00,732.338343,13.519
2024-10-25 21:30:00,732.4199189999999,13.264
2024-10-25 22:00:00,732.4219584,12.426
2024-10-25 22:30:00,732.5575785,12.276
2024-10-25 23:00:00,732.3138701999999,11.526
2024-10-25 23:30:00,732.2720625,11.199
2024-10-26 00:00:00,732.2282154,10.392
2024-10-26 00:30:00,732.4117613999999,9.555
2024-10-26 01:00:00,732.572874,8.706
2024-10-26 01:30:00,732.6728046,7.579
2024-10-26 02:00:00,732.7309275,6.7
2024-10-26 02:30:00,732.8685869999999,6.864
2024-10-26 03:00:00,733.1020983,7.217
2024-10-26 03:30:00,733.4477766,6.826
2024-10-26 04:00:00,733.4865252,5.939
2024-10-26 04:30:00,733.7139182999999,6.629
2024-10-26 05:00:00,733.9668039,6.944
2024-10-26 05:30:00,734.3033049,6.191
2024-10-26 06:00:00,734.2910684999998,4.454
2024-10-26 06:30:00,734.3338959,3.152
2024-10-26 07:00:00,734.1493301999999,2.133
2024-10-26 07:30:00,733.9780205999999,1.409
2024-10-26 08:00:00,734.0392026,1.008
2024-10-26 08:30:00,733.9780205999999,0.725
2024-10-26 09:00:00,734.0198283,0.42
2024-10-26 09:30:00,733.9678236,0.173
2024-10-26 10:00:00,733.9300946999999,-0.039
2024-10-26 10:30:00,733.7710215,-0.278
2024-10-26 11:00:00,733.5813572999999,-0.452
2024-10-26 11:30:00,733.5273131999999,-0.616
2024-10-26 12:00:00,733.5273131999999,-0.819
2024-10-26 12:30:00,733.5660618,-0.996
2024-10-26 13:00:00,733.8005928,-1.232
2024-10-26 13:30:00,733.7506275,-1.343
2024-10-26 14:00:00,733.7547062999998,-1.264
2024-10-26 14:30:00,734.0524586999999,-1.348
2024-10-26 15:00:00,734.2166304,-1.33
2024-10-26 15:30:00,734.5143827999999,-1.05
2024-10-26 16:00:00,734.673456,-0.414
2024-10-26 16:30:00,734.9039081999999,1.231
2024-10-26 17:00:00,735.1496559,3.616
2024-10-26 17:30:00,735.3005714999999,6.878
2024-10-26 18:00:00,735.3872459999999,10.35
2024-10-26 18:30:00,735.2618229,11.221
2024-10-26 19:00:00,735.1109073,12.209
2024-10-26 19:30:00,735.0456465,15.377
2024-10-26 20:00:00,734.7998987999999,13.986
2024-10-26 20:30:00,734.6234906999999,13.521
2024-10-26 21:00:00,734.3502110999999,13.685
2024-10-26 21:30:00,734.2176500999999,13.978
2024-10-26 22:00:00,734.0942664,14.399
2024-10-26 22:30:00,734.2298864999999,13.728
2024-10-26 23:00:00,734.4113930999999,12.916
2024-10-26 23:30:00,734.2808715,12.086
2024-10-27 00:00:00,734.2023545999999,11.249
2024-10-27 00:30:00,734.2064333999999,10.406
2024-10-27 01:00:00,734.194197,9.181
2024-10-27 01:30:00,734.1880788,7.602
2024-10-27 02:00:00,734.3124822,6.006
2024-10-27 02:30:00,734.3338959,5.107
2024-10-27 03:00:00,734.2594578,4.586
2024-10-27 03:30:00,734.1279165,4.215
2024-10-27 04:00:00,734.2594578,3.657
2024-10-27 04:30:00,734.2910684999998,3.27
2024-10-27 05:00:00,734.2706744999999,3.009
2024-10-27 05:30:00,734.0290056,2.95
2024-10-27 06:00:00,734.1707438999999,4.129
2024-10-27 06:30:00,734.2217288999999,6.37
2024-10-27 07:00:00,733.8505580999998,7.242
2024-10-27 07:30:00,733.6078695,7.732
2024-10-27 08:00:00,733.7190168,7.991
2024-10-27 08:30:00,733.5895148999999,8.001
2024-10-27 09:00:00,733.3223534999998,7.692
2024-10-27 09:30:00,733.3814960999999,7.726
2024-10-27 10:00:00,733.0062465,6.993
2024-10-27 10:30:00,732.6585287999999,6.611
2024-10-27 11:00:00,732.430116,6.312
2024-10-27 11:30:00,732.3199883999999,6.06
2024-10-27 12:00:00,732.6524105999999,7.043
2024-10-27 12:30:00,732.5392239,7.101
2024-10-27 13:00:00,732.5351451,6.999
2024-10-27 13:30:00,732.5371844999999,6.622
2024-10-27 14:00:00,732.5545193999999,6.124
2024-10-27 14:30:00,732.5922482999999,6.028
2024-10-27 15:00:00,732.4331751,5.764
2024-10-27 15:30:00,732.5004753,5.808
2024-10-27 16:00:00,732.5963270999999,6.216
2024-10-27 16:30:00,732.7819124999999,7.273
2024-10-27 17:00:00,732.6289575,8.417
2024-10-27 17:30:00,732.3638354999999,10.326
2024-10-27 18:00:00,732.2537078999999,12.721
2024-10-27 18:30:00,732.0518072999998,11.677
2024-10-27 19:00:00,731.7132668999999,11.08
2024-10-27 19:30:00,731.8091186999999,13.581
2024-10-27 20:00:00,731.3125248,11.308
2024-10-27 20:30:00,730.9484918999999,10.779
2024-10-27 21:00:00,730.4121296999999,10.37
2024-10-27 21:30:00,730.1847366,10.48
2024-10-27 22:00:00,730.0470771,9.95
2024-10-27 22:30:00,729.9451071,9.735
2024-10-27 23:00:00,729.6993593999999,9.137
2024-10-27 23:30:00,729.5372271,8.301
2024-10-28 00:00:00,729.0997758,7.362
2024-10-28 00:30:00,728.7347231999998,6.778
2024-10-28 01:00:00,728.6460093,6.432
2024-10-28 01:30:00,728.2279322999999,6.201
2024-10-28 02:00:00,728.3278629,6.072
2024-10-28 02:30:00,728.3095083,5.761
2024-10-28 03:00:00,727.9148843999999,5.552
2024-10-28 03:30:00,727.6212107999999,5.457
2024-10-28 04:00:00,727.4029949999999,5.17
2024-10-28 04:30:00,727.3713842999999,4.957
2024-10-28 05:00:00,727.0899470999999,4.677
2024-10-28 05:30:00,726.8941646999999,4.46
2024-10-28 06:00:00,726.6626928,4.192
2024-10-28 06:30:00,726.5260529999999,3.899
2024-10-28 07:00:00,726.3210932999999,3.641
2024-10-28 07:30:00,725.9325875999999,3.404
2024-10-28 08:00:00,725.6990763,3.306
2024-10-28 08:30:00,725.8041054,2.593
2024-10-28 09:00:00,724.8894344999999,1.688
2024-10-28 09:30:00,725.1525171,2.407
2024-10-28 10:00:00,724.6967111999999,2.135
2024-10-28 10:30:00,724.2286689,1.787
2024-10-28 11:00:00,724.1787036,1.524
2024-10-28 11:30:00,723.7208582999999,1.669
2024-10-28 12:00:00,723.2477174999999,1.473
2024-10-28 12:30:00,723.1804172999999,1.511
2024-10-28 13:00:00,722.8296404999999,1.485
2024-10-28 13:30:00,722.3432436,1.493
2024-10-28 14:00:00,722.1617369999999,1.402
2024-10-28 14:30:00,722.0169395999999,1.343
2024-10-28 15:00:00,721.8272754,1.229
2024-10-28 15:30:00,722.1647960999999,0.921
2024-10-28 16:00:00,722.0108213999999,0.726
2024-10-28 16:30:00,722.0658851999999,0.791
2024-10-28 17:00:00,722.1862098,0.415
2024-10-28 17:30:00,722.3299875,-0.349
2024-10-28 18:00:00,722.3024555999999,-0.766
2024-10-28 18:30:00,722.5114940999999,-0.843
2024-10-28 19:00:00,722.3422239,-0.749
2024-10-28 19:30:00,722.3677164,2.598
2024-10-28 20:00:00,721.9710531,1.479
2024-10-28 20:30:00,721.5784686,1.492
2024-10-28 21:00:00,721.2042386999999,1.207
2024-10-28 21:30:00,721.0145745,1.778
2024-10-28 22:00:00,720.9748062,1.768
2024-10-28 22:30:00,720.7922798999999,0.909
2024-10-28 23:00:00,720.5669261999999,-0.111
2024-10-28 23:30:00,720.356868,-0.844
2024-10-29 00:00:00,719.9204364,-1.288
2024-10-29 00:30:00,719.7399495,-1.456
2024-10-29 01:00:00,719.7878754,-1.703
2024-10-29 01:30:00,719.6950827,-1.839
2024-10-29 02:00:00,719.7022206,-1.903
2024-10-29 02:30:00,719.3330891999999,-2.389
2024-10-29 03:00:00,719.2107252,-2.859
2024-10-29 03:30:00,719.1485234999999,-3.07
2024-10-29 04:00:00,719.1067158,-2.995
2024-10-29 04:30:00,719.0526716999999,-3.191
2024-10-29 05:00:00,719.0659277999999,-3.551
2024-10-29 05:30:00,718.8701454,-3.822
2024-10-29 06:00:00,718.9996473,-3.978
2024-10-29 06:30:00,718.8813621,-4.089
2024-10-29 07:00:00,718.7732738999999,-4.25
2024-10-29 07:30:00,718.6488704999999,-4.384
2024-10-29 08:00:00,718.7549193,-4.343
2024-10-29 08:30:00,718.7426828999999,-4.476
2024-10-29 09:00:00,718.5469004999999,-4.397
2024-10-29 09:30:00,718.5499596,-4.768
2024-10-29 10:00:00,718.3449999000001,-4.72
2024-10-29 10:30:00,718.4123000999999,-4.964
2024-10-29 11:00:00,718.3551968999999,-5.127
2024-10-29 11:30:00,718.2032615999999,-5.26
2024-10-29 12:00:00,718.2878967,-5.46
2024-10-29 12:30:00,718.4775609,-5.668
2024-10-29 13:00:00,718.4561471999999,-5.885
2024-10-29 13:30:00,718.5887082,-6.185
2024-10-29 14:00:00,718.6916978999999,-6.387
2024-10-29 14:30:00,718.9221501,-6.707
2024-10-29 15:00:00,719.2178631,-6.459
2024-10-29 15:30:00,719.6318613,-6.165
2024-10-29 16:00:00,720.0866475,-5.513
2024-10-29 16:30:00,720.3996953999999,-4.558
2024-10-29 17:00:00,720.5648868,-3.269
2024-10-29 17:30:00,720.9228015,-3.072
2024-10-29 18:00:00,721.1950614,-2.136
2024-10-29 18:30:00,721.4040999,-1.782
2024-10-29 19:00:00,721.5692912999999,-1.16
2024-10-29 19:30:00,721.4346909,-0.628
2024-10-29 20:00:00,721.2562434,-0.205
2024-10-29 20:30:00,721.2276917999999,0.02
2024-10-29 21:00:00,721.3296617999999,0.555
2024-10-29 21:30:00,721.3612725,0.88
2024-10-29 22:00:00,721.5621534,0.958
2024-10-29 22:30:00,721.6641233999999,0.442
2024-10-29 23:00:00,721.6682021999999,-0.257
2024-10-29 23:30:00,721.8252359999999,-0.808
2024-10-30 00:00:00,721.9588166999999,-1.473
2024-10-30 00:30:00,722.2881798,-2.049
2024-10-30 01:00:00,722.4666272999999,-2.497
2024-10-30 01:30:00,722.5849124999999,-2.715
2024-10-30 02:00:00,722.6756657999999,-2.842
2024-10-30 02:30:00,722.8836845999999,-3.004
2024-10-30 03:00:00,722.8887831,-2.951
2024-10-30 03:30:00,722.814345,-3.317
2024-10-30 04:00:00,722.8092465,-3.929
2024-10-30 04:30:00,722.9071376999999,-4.559
2024-10-30 05:00:00,723.1895946,-5.072
2024-10-30 05:30:00,723.1620627,-5.539
2024-10-30 06:00:00,723.1590036,-5.925
2024-10-30 06:30:00,723.3863967,-6.229
2024-10-30 07:00:00,723.7392129,-6.406
2024-10-30 07:30:00,723.8105918999998,-6.369
2024-10-30 08:00:00,724.0706154,-6.448
2024-10-30 08:30:00,723.9176603999999,-6.695
2024-10-30 09:00:00,723.6515187,-7.011
2024-10-30 09:30:00,723.5342532,-7.2
2024-10-30 10:00:00,723.5352728999999,-7.198
2024-10-30 10:30:00,723.6739521,-7.115
2024-10-30 11:00:00,723.8177297999999,-7.004
2024-10-30 11:30:00,723.8870694,-7.115
2024-10-30 12:00:00,724.0298273999999,-7.206
2024-10-30 12:30:00,724.3000478999999,-7.226
2024-10-30 13:00:00,724.4611604999999,-7.254
2024-10-30 13:30:00,724.3938602999999,-7.019
2024-10-30 14:00:00,724.5559926,-6.727
2024-10-30 14:30:00,724.7874644999999,-6.541
2024-10-30 15:00:00,724.9353209999999,-6.177
2024-10-30 15:30:00,725.3686934999998,-5.596
2024-10-30 16:00:00,725.7072339,-4.866
2024-10-30 16:30:00,726.1559018999999,-4.592
2024-10-30 17:00:00,726.2109657,-3.532
2024-10-30 17:30:00,726.4618118999999,-0.125
2024-10-30 18:00:00,726.6392396999998,1.233
2024-10-30 18:30:00,726.5811168,2.341
2024-10-30 19:00:00,726.7412096999999,3.625
2024-10-30 19:30:00,726.8584751999999,4.233
2024-10-30 20:00:00,726.9359723999999,3.808
2024-10-30 20:30:00,726.6259835999999,4.209
2024-10-30 21:00:00,726.4036889999999,4.157
2024-10-30 21:30:00,726.2772461999999,3.701
2024-10-30 22:00:00,726.4414179,3.746
2024-10-30 22:30:00,726.3639206999999,3.34
2024-10-30 23:00:00,726.1854731999999,2.768
2024-10-30 23:30:00,726.3149751,1.601
2024-10-31 00:00:00,726.2058672,0.67
2024-10-31 00:30:00,726.2048474999999,0.24
2024-10-31 01:00:00,726.1579413,-0.25
2024-10-31 01:30:00,726.2782659,-0.845
2024-10-31 02:00:00,726.3445463999999,-1.429
2024-10-31 02:30:00,726.515856,-1.69
2024-10-31 03:00:00,726.3170144999999,-1.941
2024-10-31 03:30:00,725.9794938,-2.186
2024-10-31 04:00:00,726.0274197,-2.392
2024-10-31 04:30:00,725.7582188999999,-2.673
2024-10-31 05:00:00,725.8244993999999,-2.853
2024-10-31 05:30:00,725.7939084,-2.549
2024-10-31 06:00:00,725.5624364999999,-2.295
2024-10-31 06:30:00,725.5420425,-1.052
2024-10-31 07:00:00,725.3768511,-0.683
2024-10-31 07:30:00,725.1953444999999,-0.56
2024-10-31 08:00:00,725.0464682999999,-0.551
2024-10-31 08:30:00,725.2555067999999,-0.328
2024-10-31 09:00:00,724.8445677,-0.25
2024-10-31 09:30:00,724.5610910999999,-0.249
2024-10-31 10:00:00,724.5580319999999,-0.227
2024-10-31 10:30:00,724.3255403999999,-0.374
2024-10-31 11:00:00,724.2582401999999,-1.011
2024-10-31 11:30:00,723.9543695999998,-1.057
2024-10-31 12:00:00,724.0991669999999,-0.996
2024-10-31 12:30:00,724.0971276,-1.303
2024-10-31 13:00:00,724.0104531,-2.492
2024-10-31 13:30:00,723.9513104999999,-2.191
2024-10-31 14:00:00,724.3632693,-1.497
2024-10-31 14:30:00,724.08897,-1.401
2024-10-31 15:00:00,724.2347871,-1.451
2024-10-31 15:30:00,724.5896426999999,-1.604
2024-10-31 16:00:00,724.772169,-1.533
2024-10-31 16:30:00,724.7374991999999,-1.694
2024-10-31 17:00:00,724.8058190999999,-0.853
2024-10-31 17:30:00,725.6572685999998,1.487
2024-10-31 18:00:00,725.1260048999999,0.793
2024-10-31 18:30:00,725.302413,1.214
2024-10-31 19:00:00,724.9985423999999,1.983
2024-10-31 19:30:00,724.8700602,4.085
2024-10-31 20:00:00,724.6314503999998,3.472
2024-10-31 20:30:00,724.5539531999999,3.164
2024-10-31 21:00:00,724.4621801999999,3.406
2024-10-31 21:30:00,724.5865836,3.829
2024-10-31 22:00:00,724.5427364999999,3.974
2024-10-31 22:30:00,724.7262825,3.426
2024-10-31 23:00:00,725.0515667999999,2.572
2024-10-31 23:30:00,725.0342318999999,1.602
2024-11-01 00:00:00,725.1107094,0.536
2024-11-01 00:30:00,724.8884147999999,-0.444
2024-11-01 01:00:00,724.9088088,-1.295
2024-11-01 01:30:00,725.1290639999999,-1.74
2024-11-01 02:00:00,725.2381718999999,-1.89
2024-11-01 02:30:00,725.2075808999999,-2.099
2024-11-01 03:00:00,725.1178473,-2.397
2024-11-01 03:30:00,725.1565959,-2.753
2024-11-01 04:00:00,724.9485771,-3.126
2024-11-01 04:30:00,724.9546952999999,-3.222
2024-11-01 05:00:00,725.1433397999999,-3.275
2024-11-01 05:30:00,725.1219261,-3.311
2024-11-01 06:00:00,725.2055415,-3.467
2024-11-01 06:30:00,725.3778707999999,-3.542
2024-11-01 07:00:00,725.4716831999999,-3.716
2024-11-01 07:30:00,725.2820189999999,-3.892
2024-11-01 08:00:00,725.1871868999999,-3.984
2024-11-01 08:30:00,724.9812074999999,-4.044
2024-11-01 09:00:00,724.9506164999999,-4.003
2024-11-01 09:30:00,724.9190057999999,-3.853
2024-11-01 10:00:00,724.5529334999999,-3.814
2024-11-01 10:30:00,724.5203031,-3.873
2024-11-01 11:00:00,724.7456567999999,-3.975
2024-11-01 11:30:00,724.6712186999999,-4.193
2024-11-01 12:00:00,724.5723078,-4.445
2024-11-01 12:30:00,724.5927017999999,-4.64
2024-11-01 13:00:00,724.6314503999998,-4.818
2024-11-01 13:30:00,724.6222730999999,-4.989
2024-11-01 14:00:00,724.4917514999999,-5.156
2024-11-01 14:30:00,724.5294804,-5.238
2024-11-01 15:00:00,724.4723772,-5.142
2024-11-01 15:30:00,724.751775,-5.025
2024-11-01 16:00:00,724.8517056,-4.72
2024-11-01 16:30:00,724.9781483999999,-2.983
2024-11-01 17:00:00,724.8894344999999,-0.327
2024-11-01 17:30:00,725.2208369999998,3.514
2024-11-01 18:00:00,725.1576156,3.657
2024-11-01 18:30:00,724.8812768999999,4.019
2024-11-01 19:00:00,724.6640808,4.768
2024-11-01 19:30:00,724.5508940999999,6.53
2024-11-01 20:00:00,724.5152046,5.666
2024-11-01 20:30:00,724.1725853999999,4.851
2024-11-01 21:00:00,723.7718432999999,4.546
2024-11-01 21:30:00,723.3262343999999,4.697
2024-11-01 22:00:00,723.2110083,4.984
2024-11-01 22:30:00,723.2854464,4.351
2024-11-01 23:00:00,723.6535580999999,3.061
2024-11-01 23:30:00,723.3945543,1.715
2024-11-02 00:00:00,723.446559,1.171
2024-11-02 00:30:00,723.2212052999998,0.52
2024-11-02 01:00:00,723.1273928999999,-0.075
2024-11-02 01:30:00,722.9193741,-1.158
2024-11-02 02:00:00,722.7664191,-1.73
2024-11-02 02:30:00,722.7133947,-1.906
2024-11-02 03:00:00,722.5645185,-2.0
2024-11-02 03:30:00,722.5023167999999,-1.799
2024-11-02 04:00:00,722.2555494,-1.792
2024-11-02 04:30:00,722.35548,-1.561
2024-11-02 05:00:00,722.3768937,-0.887
2024-11-02 05:30:00,721.8180980999999,-0.58
2024-11-02 06:00:00,722.1474611999998,-0.362
2024-11-02 06:30:00,721.9547379,-0.336
2024-11-02 07:00:00,721.3082481,-0.636
2024-11-02 07:30:00,721.1450960999999,-0.541
2024-11-02 08:00:00,721.1685492,-0.773
2024-11-02 08:30:00,720.8320482,-2.128
2024-11-02 09:00:00,720.3956165999999,-2.37
2024-11-02 09:30:00,719.9969139,-2.056
2024-11-02 10:00:00,719.8215254999999,-1.68
2024-11-02 10:30:00,719.8582346999999,-1.745
2024-11-02 11:00:00,720.1050020999999,-1.992
2024-11-02 11:30:00,720.1131596999999,-2.271
2024-11-02 12:00:00,719.9051408999999,-3.054
2024-11-02 12:30:00,719.6869250999999,-3.884
2024-11-02 13:00:00,719.7113978999998,-4.246
2024-11-02 13:30:00,719.4411773999999,-3.851
2024-11-02 14:00:00,719.3942711999999,-3.684
2024-11-02 14:30:00,719.4544334999999,-3.487
2024-11-02 15:00:00,719.6522553,-3.729
2024-11-02 15:30:00,719.7460677,-3.998
2024-11-02 16:00:00,719.7766587,-4.511
2024-11-02 16:30:00,720.0213866999999,-4.371
2024-11-02 17:00:00,720.2783511,-3.066
2024-11-02 17:30:00,720.8136936,-0.221
2024-11-02 18:00:00,720.5506109999999,0.993
2024-11-02 18:30:00,720.7474130999999,0.344
2024-11-02 19:00:00,720.7005068999999,0.243
2024-11-02 19:30:00,720.9105651,2.012
2024-11-02 20:00:00,720.9697077,1.621
2024-11-02 20:30:00,720.5190002999999,0.955
2024-11-02 21:00:00,720.3619664999999,1.484
2024-11-02 21:30:00,720.6209703,2.07
2024-11-02 22:00:00,720.5179806,2.164
2024-11-02 22:30:00,720.7300782,1.566
2024-11-02 23:00:00,720.7708662,0.735
2024-11-02 23:30:00,720.9299393999999,0.072
2024-11-03 00:00:00,720.9156636,-0.687
2024-11-03 00:30:00,721.0584216,-1.108
2024-11-03 01:00:00,720.7637282999999,-1.411
2024-11-03 01:30:00,720.7983980999999,-1.586
2024-11-03 02:00:00,721.0614807,-1.758
2024-11-03 02:30:00,721.1654900999999,-1.868
2024-11-03 03:00:00,721.3164057,-2.159
2024-11-03 03:30:00,721.0278305999999,-2.184
2024-11-03 04:00:00,720.7229403,-2.234
2024-11-03 04:30:00,720.9421758,-2.35
2024-11-03 05:00:00,721.0227321,-2.325
2024-11-03 05:30:00,721.0247715,-2.333
2024-11-03 06:00:00,720.9952001999999,-2.569
2024-11-03 06:30:00,720.8850726,-3.015
2024-11-03 07:00:00,720.5913989999999,-3.274
2024-11-03 07:30:00,720.6739947,-3.322
2024-11-03 08:00:00,720.5536701,-3.261
2024-11-03 08:30:00,720.5913989999999,-3.568
2024-11-03 09:00:00,720.4302864,-3.891
2024-11-03 09:30:00,720.1814796,-4.428
2024-11-03 10:00:00,720.3711437999999,-4.325
2024-11-03 10:30:00,720.2069720999999,-4.344
2024-11-03 11:00:00,720.4078529999999,-4.608
2024-11-03 11:30:00,719.8194861,-5.341
2024-11-03 12:00:00,719.6808068999999,-5.787
2024-11-03 12:30:00,719.8867862999999,-6.096
2024-11-03 13:00:00,720.1519083000001,-6.353
2024-11-03 13:30:00,720.1631249999999,-6.59
2024-11-03 14:00:00,720.3354543,-6.866
2024-11-03 14:30:00,720.5883399,-7.022
2024-11-03 15:00:00,720.8697771,-6.884
2024-11-03 15:30:00,721.3337405999999,-6.333
2024-11-03 16:00:00,721.8191178,-5.601
2024-11-03 16:30:00,722.0750625,-4.714
2024-11-03 17:00:00,722.2178204999999,-3.329
2024-11-03 17:30:00,722.8541133,-0.353
2024-11-03 18:00:00,722.9774969999999,1.239
2024-11-03 18:30:00,723.0009501,0.034
2024-11-03 19:00:00,722.9723984999998,-0.119
2024-11-03 19:30:00,723.5311940999999,1.63
2024-11-03 20:00:00,723.1549248,0.195
2024-11-03 20:30:00,722.9540439,-0.679
2024-11-03 21:00:00,722.9050983,-0.471
2024-11-03 21:30:00,723.2528159999999,-0.116
2024-11-03 22:00:00,723.5189576999999,-0.087
2024-11-03 22:30:00,723.3772194,-0.367
2024-11-03 23:00:00,723.4312634999999,-0.992
2024-11-03 23:30:00,723.5097803999998,-1.477
2024-11-04 00:00:00,723.6372428999999,-1.842
2024-11-04 00:30:00,723.6657945,-2.118
2024-11-04 01:00:00,724.0726547999999,-2.479
2024-11-04 01:30:00,723.8636162999999,-2.492
2024-11-04 02:00:00,723.8513799,-1.884
2024-11-04 02:30:00,724.2511022999998,-1.075
2024-11-04 03:00:00,724.772169,-0.686
2024-11-04 03:30:00,725.2300142999999,-1.207
2024-11-04 04:00:00,725.5206287999999,-1.599
2024-11-04 04:30:00,725.1300836999999,-1.077
2024-11-04 05:00:00,725.9672573999999,-1.142
2024-11-04 05:30:00,726.1599806999999,-0.975
2024-11-04 06:00:00,726.2803053,-0.409
2024-11-04 06:30:00,726.6351608999998,-0.617
2024-11-04 07:00:00,726.6004910999999,-0.577
2024-11-04 07:30:00,726.6117078,-0.616
2024-11-04 08:00:00,726.8880464999999,-1.254
2024-11-04 08:30:00,727.0787303999999,-1.663
2024-11-04 09:00:00,727.5437135999999,-1.544
2024-11-04 09:30:00,727.7160428999999,-2.276
2024-11-04 10:00:00,727.9577117999999,-2.751
2024-11-04 10:30:00,727.8985692,-3.093
2024-11-04 11:00:00,727.75989,-3.064
2024-11-04 11:30:00,727.5569697,-2.922
2024-11-04 12:00:00,727.6936095,-2.881
2024-11-04 12:30:00,727.9668890999999,-2.825
2024-11-04 13:00:00,727.9281404999999,-3.077
2024-11-04 13:30:00,728.1310608,-3.113
2024-11-04 14:00:00,728.2452671999998,-3.082
2024-11-04 14:30:00,728.9743526999998,-3.078
2024-11-04 15:00:00,729.4393359,-3.379
2024-11-04 15:30:00,729.5178527999999,-3.539
2024-11-04 16:00:00,729.5637392999998,-3.52
2024-11-04 16:30:00,729.7697186999999,-2.843
2024-11-04 17:00:00,729.9614222999999,-0.604
2024-11-04 17:30:00,730.7251775999999,4.203
2024-11-04 18:00:00,730.5915968999999,6.163
2024-11-04 18:30:00,730.8169505999999,6.655
2024-11-04 19:00:00,730.8852704999999,7.091
2024-11-04 19:30:00,730.8200097,8.664
2024-11-04 20:00:00,730.5079814999999,7.462
2024-11-04 20:30:00,730.3040414999999,7.143
2024-11-04 21:00:00,730.1521061999999,7.375
2024-11-04 21:30:00,730.2489776999998,7.891
2024-11-04 22:00:00,730.3468688999999,8.086
2024-11-04 22:30:00,730.0899045,7.485
2024-11-04 23:00:00,729.8920827,6.581
2024-11-04 23:30:00,729.9940527,5.15
2024-11-05 00:00:00,730.2398004,3.766
2024-11-05 00:30:00,730.0970423999999,2.523
2024-11-05 01:00:00,730.2326625,1.364
2024-11-05 01:30:00,730.2632534999999,0.368
2024-11-05 02:00:00,730.3733811,-0.381
2024-11-05 02:30:00,730.4151887999999,-0.893
2024-11-05 03:00:00,730.2428595,-1.266
2024-11-05 03:30:00,730.2714110999999,-1.469
2024-11-05 04:00:00,730.4457797999999,-1.657
2024-11-05 04:30:00,730.4274252,-1.79
2024-11-05 05:00:00,730.4355828,-1.883
2024-11-05 05:30:00,730.3152581999999,-2.102
2024-11-05 06:00:00,730.1775987,-2.233
2024-11-05 06:30:00,730.2571353,-2.394
2024-11-05 07:00:00,730.1041802999999,-2.535
2024-11-05 07:30:00,730.0633922999999,-2.524
2024-11-05 08:00:00,729.9695798999999,-2.374
2024-11-05 08:30:00,729.9675404999999,-2.295
2024-11-05 09:00:00,729.8115263999999,-2.395
2024-11-05 09:30:00,729.5504831999999,-2.547
2024-11-05 10:00:00,729.2700657,-2.694
2024-11-05 10:30:00,728.7948855,-2.463
2024-11-05 11:00:00,729.1058939999999,-2.483
2024-11-05 11:30:00,728.5674924,-2.594
2024-11-05 12:00:00,728.5766697,-2.663
2024-11-05 12:30:00,728.3686508999999,-2.715
2024-11-05 13:00:00,728.422695,-2.409
2024-11-05 13:30:00,728.7275853,-2.255
2024-11-05 14:00:00,728.4940739999998,-1.782
2024-11-05 14:30:00,728.1534942000001,-1.272
2024-11-05 15:00:00,728.0851743,-1.393
2024-11-05 15:30:00,727.9505739,-1.26
2024-11-05 16:00:00,728.2095777,-0.641
2024-11-05 16:30:00,728.6256152999999,0.88
2024-11-05 17:00:00,728.3533553999999,1.66
2024-11-05 17:30:00,728.2829961,3.899
2024-11-05 18:00:00,728.1147455999999,3.968
2024-11-05 18:30:00,727.8353477999999,4.209
2024-11-05 19:00:00,727.4356253999999,4.427
2024-11-05 19:30:00,727.3275371999999,5.494
2024-11-05 20:00:00,726.9094602,5.274
2024-11-05 20:30:00,726.5546046,5.075
2024-11-05 21:00:00,726.3761571,5.432
2024-11-05 21:30:00,726.240537,5.712
2024-11-05 22:00:00,726.1630397999999,5.943
2024-11-05 22:30:00,726.1375472999999,5.794
2024-11-05 23:00:00,725.8846616999999,5.192
2024-11-05 23:30:00,725.8703859,4.518
2024-11-06 00:00:00,725.6684852999999,3.758
2024-11-06 00:30:00,725.5960865999999,2.937
2024-11-06 01:00:00,725.1137685,1.797
2024-11-06 01:30:00,725.0627835,0.726
2024-11-06 02:00:00,725.0036408999999,-0.056
2024-11-06 02:30:00,724.6243125,-0.548
2024-11-06 03:00:00,724.5845442,-0.821
2024-11-06 03:30:00,724.5937214999999,-1.006
2024-11-06 04:00:00,724.4183330999999,-1.011
2024-11-06 04:30:00,724.3061660999999,-0.854
2024-11-06 05:00:00,724.1990975999998,-0.861
2024-11-06 05:30:00,724.2786341999999,-1.107
2024-11-06 06:00:00,724.1838021,-1.419
2024-11-06 06:30:00,724.2776144999999,-1.73
2024-11-06 07:00:00,723.9023648999998,-2.02
2024-11-06 07:30:00,724.1216003999999,-2.143
2024-11-06 08:00:00,723.7545083999998,-2.114
2024-11-06 08:30:00,723.5250758999999,-2.188
2024-11-06 09:00:00,723.1834763999999,-1.733
2024-11-06 09:30:00,723.2609735999999,-1.336
2024-11-06 10:00:00,723.1885748999999,-2.03
2024-11-06 10:30:00,722.5359668999998,-2.134
2024-11-06 11:00:00,722.4656076,-1.664
2024-11-06 11:30:00,722.4146225999999,-0.604
2024-11-06 12:00:00,721.8864179999999,-0.804
2024-11-06 12:30:00,721.6039611,-1.386
2024-11-06 13:00:00,721.6335323999999,-0.155
2024-11-06 13:30:00,721.8996741,1.326
2024-11-06 14:00:00,722.4809031,1.974
2024-11-06 14:30:00,722.3636376,2.556
2024-11-06 15:00:00,723.0672306,3.361
2024-11-06 15:30:00,723.2456781,4.361
2024-11-06 16:00:00,723.7891781999999,4.044
2024-11-06 16:30:00,724.2816932999999,4.354
2024-11-06 17:00:00,724.2959690999999,6.06
2024-11-06 17:30:00,724.4897121,8.516
2024-11-06 18:00:00,724.6508246999999,7.692
2024-11-06 18:30:00,724.8425282999999,7.868
2024-11-06 19:00:00,724.5396773999998,8.718
2024-11-06 19:30:00,724.5651699,9.943
2024-11-06 20:00:00,724.1440338,8.822
2024-11-06 20:30:00,724.925124,6.736
2024-11-06 21:00:00,725.3401418999999,3.874
2024-11-06 21:30:00,725.2422506999999,3.463
2024-11-06 22:00:00,725.5002347999999,3.854
2024-11-06 22:30:00,725.6572685999998,3.09
2024-11-06 23:00:00,725.5695743999999,2.554
2024-11-06 23:30:00,725.5624364999999,1.868
2024-11-07 00:00:00,725.7633173999999,0.805
2024-11-07 00:30:00,725.8591691999999,-0.152
2024-11-07 01:00:00,726.0682076999999,-0.815
2024-11-07 01:30:00,726.3894132,-1.161
2024-11-07 02:00:00,726.3547434,-1.518
2024-11-07 02:30:00,726.6820671,-1.8
2024-11-07 03:00:00,727.0277453999998,-1.905
2024-11-07 03:30:00,727.3438524,-1.746
2024-11-07 04:00:00,727.6660775999999,-2.053
2024-11-07 04:30:00,727.7252202,-2.304
2024-11-07 05:00:00,727.6181516999999,-2.548
2024-11-07 05:30:00,727.8496236,-2.472
2024-11-07 06:00:00,728.0148149999999,-2.63
2024-11-07 06:30:00,727.9974801,-2.765
2024-11-07 07:00:00,728.3482568999999,-2.937
2024-11-07 07:30:00,728.4369708,-3.026
2024-11-07 08:00:00,728.1902034,-3.123
2024-11-07 08:30:00,727.9964603999998,-2.847
2024-11-07 09:00:00,727.9597511999999,-2.706
2024-11-07 09:30:00,728.1137259,-2.681
2024-11-07 10:00:00,727.9658693999999,-2.609
2024-11-07 10:30:00,728.2473065999999,-2.478
2024-11-07 11:00:00,728.0168543999999,-2.59
2024-11-07 11:30:00,728.3778282,-2.487
2024-11-07 12:00:00,728.4390101999999,-2.605
2024-11-07 12:30:00,728.4655223999999,-2.715
2024-11-07 13:00:00,728.3135871,-2.796
2024-11-07 13:30:00,728.4940739999998,-2.635
2024-11-07 14:00:00,728.6755806,-2.432
2024-11-07 14:30:00,728.9672148,-2.474
2024-11-07 15:00:00,729.5433452999999,-2.569
2024-11-07 15:30:00,729.6412365,-2.559
2024-11-07 16:00:00,729.9787571999999,-2.409
2024-11-07 16:30:00,730.2775293,-1.75
2024-11-07 17:00:00,730.5355134,1.492
2024-11-07 17:30:00,731.1789440999999,6.923
2024-11-07 18:00:00,731.3329187999999,6.601
2024-11-07 18:30:00,731.4909723,7.26
2024-11-07 19:00:00,731.4134751,8.976
2024-11-07 19:30:00,731.3166036,11.074
2024-11-07 20:00:00,731.3186429999998,8.866
2024-11-07 20:30:00,731.1758849999999,7.501
2024-11-07 21:00:00,731.0361860999999,7.72
2024-11-07 21:30:00,731.0168118,8.162
2024-11-07 22:00:00,731.1667077,8.466
2024-11-07 22:30:00,731.2442048999999,7.951
2024-11-07 23:00:00,731.2319684999999,7.089
2024-11-07 23:30:00,731.2197320999999,6.29
2024-11-08 00:00:00,731.4073569,4.976
2024-11-08 00:30:00,731.2299290999999,3.343
2024-11-08 01:00:00,730.9668465,1.675
2024-11-08 01:30:00,730.9750040999999,0.581
2024-11-08 02:00:00,731.2778549999999,0.041
2024-11-08 02:30:00,731.5093269,0.087
2024-11-08 03:00:00,731.5735679999999,-0.332
2024-11-08 03:30:00,731.6622819,-0.473
2024-11-08 04:00:00,731.7040896,-0.848
2024-11-08 04:30:00,731.8356309,-1.147
2024-11-08 05:00:00,731.8753992,-1.064
2024-11-08 05:30:00,732.0436497,-1.133
2024-11-08 06:00:00,732.0783194999999,-1.116
2024-11-08 06:30:00,731.9865464999999,-0.993
2024-11-08 07:00:00,732.0110192999999,-0.286
2024-11-08 07:30:00,732.0069404999999,-0.261
2024-11-08 08:00:00,731.7306017999999,-0.587
2024-11-08 08:30:00,731.5705088999999,-1.26
2024-11-08 09:00:00,731.5236026999999,-1.585
2024-11-08 09:30:00,731.4226524,-1.761
2024-11-08 10:00:00,731.2798943999999,-1.942
2024-11-08 10:30:00,731.1993381,-2.103
2024-11-08 11:00:00,731.0096738999999,-2.105
2024-11-08 11:30:00,730.9852010999999,-2.186
2024-11-08 12:00:00,730.8006353999999,-2.419
2024-11-08 12:30:00,730.7588277,-2.499
2024-11-08 13:00:00,730.8342854999999,-2.229
2024-11-08 13:30:00,730.6639955999999,-2.153
2024-11-08 14:00:00,730.7690246999999,-2.219
2024-11-08 14:30:00,730.8760932,-2.308
2024-11-08 15:00:00,730.9923389999999,-2.123
2024-11-08 15:30:00,731.1707864999998,-1.974
2024-11-08 16:00:00,731.3431158,-1.937
2024-11-08 16:30:00,731.4175539,-1.028
2024-11-08 17:00:00,731.5174844999999,2.364
2024-11-08 17:30:00,731.7897443999999,5.876
2024-11-08 18:00:00,731.6306711999999,6.91
2024-11-08 18:30:00,731.5225829999999,8.992
2024-11-08 19:00:00,731.1626289,10.85
2024-11-08 19:30:00,731.1636486,12.893
2024-11-08 20:00:00,730.7965565999999,10.629
2024-11-08 20:30:00,730.5518285999999,9.65
2024-11-08 21:00:00,730.3132188,9.86
2024-11-08 21:30:00,730.0491164999999,10.314
2024-11-08 22:00:00,729.9379692,10.798
2024-11-08 22:30:00,729.7992899999999,10.283
2024-11-08 23:00:00,729.6646895999999,8.908
2024-11-08 23:30:00,729.7034381999998,7.336
2024-11-09 00:00:00,729.6300197999999,5.801
2024-11-09 00:30:00,729.6188030999999,4.049
2024-11-09 01:00:00,729.3934493999999,2.577
2024-11-09 01:30:00,729.2466125999999,1.434
2024-11-09 02:00:00,729.1283273999999,0.681
2024-11-09 02:30:00,729.1242485999999,0.257
2024-11-09 03:00:00,729.0620468999999,-0.063
2024-11-09 03:30:00,728.9376434999999,-0.391
2024-11-09 04:00:00,729.0018845999999,-0.625
2024-11-09 04:30:00,728.9610965999999,-0.87
2024-11-09 05:00:00,729.0151407,-1.068
2024-11-09 05:30:00,729.1201698,-1.191
2024-11-09 06:00:00,729.0885590999999,-1.346
2024-11-09 06:30:00,728.9814905999999,-1.43
2024-11-09 07:00:00,728.7877475999999,-1.635
2024-11-09 07:30:00,728.6521274999999,-1.789
2024-11-09 08:00:00,728.5277241,-1.855
2024-11-09 08:30:00,728.3156264999999,-2.001
2024-11-09 09:00:00,728.2126367999999,-2.151
2024-11-09 09:30:00,728.0984303999999,-2.304
2024-11-09 10:00:00,728.0535635999998,-2.42
2024-11-09 10:30:00,727.9821846,-2.532
2024-11-09 11:00:00,727.8129144,-2.651
2024-11-09 11:30:00,727.7425551,-2.789
2024-11-09 12:00:00,727.4784527999999,-2.916
2024-11-09 12:30:00,727.4753936999999,-2.984
2024-11-09 13:00:00,727.5365757,-3.038
2024-11-09 13:30:00,727.4611179,-3.175
2024-11-09 14:00:00,727.4560194,-3.264
2024-11-09 14:30:00,727.4101329,-3.381
2024-11-09 15:00:00,727.5008862,-3.359
2024-11-09 15:30:00,727.5559499999999,-3.228
2024-11-09 16:00:00,727.5233195999999,-2.974
2024-11-09 16:30:00,727.6721957999999,-2.254
2024-11-09 17:00:00,727.9719875999999,0.984
2024-11-09 17:30:00,728.2452671999998,3.696
2024-11-09 18:00:00,728.3370401999998,5.164
2024-11-09 18:30:00,728.2819764,7.798
2024-11-09 19:00:00,727.8628796999999,9.439
2024-11-09 19:30:00,728.0576423999998,11.203
2024-11-09 20:00:00,727.7313383999999,9.519
2024-11-09 20:30:00,727.4855907,8.734
2024-11-09 21:00:00,727.2969462,8.95
2024-11-09 21:30:00,727.2378035999999,9.585
2024-11-09 22:00:00,727.1215578,10.016
2024-11-09 22:30:00,727.035903,9.749
2024-11-09 23:00:00,727.0868879999999,8.812
2024-11-09 23:30:00,727.1001441,7.204
2024-11-10 00:00:00,727.0420211999999,5.696
2024-11-10 00:30:00,726.9859376999999,4.098
2024-11-10 01:00:00,726.9553467,3.105
2024-11-10 01:30:00,727.0705728,2.248
2024-11-10 02:00:00,727.1134002,1.348
2024-11-10 02:30:00,727.158267,0.62
2024-11-10 03:00:00,727.1042229,0.095
2024-11-10 03:30:00,727.1970156,-0.311
2024-11-10 04:00:00,727.2541188,-0.573
2024-11-10 04:30:00,727.3652661,-0.789
2024-11-10 05:00:00,727.4142117,-0.879
2024-11-10 05:30:00,727.4335859999999,-1.031
2024-11-10 06:00:00,727.4203298999998,-1.2
2024-11-10 06:30:00,727.3051038,-1.342
2024-11-10 07:00:00,727.2367839,-1.517
2024-11-10 07:30:00,727.2306656999999,-1.559
2024-11-10 08:00:00,727.1715230999998,-1.575
2024-11-10 08:30:00,727.0389620999999,-1.383
2024-11-10 09:00:00,727.1429714999999,-0.36
2024-11-10 09:30:00,727.2541188,-0.172
2024-11-10 10:00:00,727.2653355,-0.655
2024-11-10 10:30:00,727.1460305999999,-1.216
2024-11-10 11:00:00,727.0685334,-1.305
2024-11-10 11:30:00,726.9461693999999,-1.725
2024-11-10 12:00:00,726.9145586999999,-1.37
2024-11-10 12:30:00,726.9991938,-1.304
2024-11-10 13:00:00,727.0348832999999,-1.611
2024-11-10 13:30:00,727.0042923,-1.301
2024-11-10 14:00:00,727.1837595,-0.235
2024-11-10 14:30:00,727.4315465999999,-0.476
2024-11-10 15:00:00,727.6293684,-0.864
2024-11-10 15:30:00,727.9495541999999,-1.204
2024-11-10 16:00:00,728.2289519999999,-1.32
2024-11-10 16:30:00,728.4063798,-0.688
2024-11-10 17:00:00,728.5817681999998,2.355
2024-11-10 17:30:00,728.8010036999999,4.353
2024-11-10 18:00:00,728.9366237999999,6.152
2024-11-10 18:30:00,728.8377128999999,7.661
2024-11-10 19:00:00,728.6133788999999,8.724
2024-11-10 19:30:00,728.6878169999999,10.977
2024-11-10 20:00:00,728.47368,9.237
2024-11-10 20:30:00,728.2493460000001,8.532
2024-11-10 21:00:00,728.1392184,8.632
2024-11-10 21:30:00,728.3584539,8.87
2024-11-10 22:00:00,728.1687896999999,9.138
2024-11-10 22:30:00,728.2993112999999,8.615
2024-11-10 23:00:00,728.2513853999999,7.245
2024-11-10 23:30:00,728.147376,5.916
2024-11-11 00:00:00,728.1545138999999,4.36
2024-11-11 00:30:00,728.1167849999999,2.986
2024-11-11 01:00:00,727.8333084,2.2
2024-11-11 01:30:00,728.1861246,1.961
2024-11-11 02:00:00,728.5899258000001,1.799
2024-11-11 02:30:00,728.6103198,0.767
2024-11-11 03:00:00,728.4563450999999,-0.217
2024-11-11 03:30:00,728.2952324999999,-0.511
2024-11-11 04:00:00,728.3859858,-0.319
2024-11-11 04:30:00,728.1983609999999,0.671
2024-11-11 05:00:00,728.0474454,1.092
2024-11-11 05:30:00,728.2993112999999,2.017
2024-11-11 06:00:00,728.3982221999999,2.797
2024-11-11 06:30:00,728.3839464,2.885
2024-11-11 07:00:00,728.2972719,2.915
2024-11-11 07:30:00,728.0423469,2.881
2024-11-11 08:00:00,727.9719875999999,2.739
2024-11-11 08:30:00,727.7649885,2.717
2024-11-11 09:00:00,727.5314771999999,2.744
2024-11-11 09:30:00,727.3336553999999,2.839
2024-11-11 10:00:00,727.2306656999999,2.545
2024-11-11 10:30:00,726.9563664,1.269
2024-11-11 11:00:00,726.3486251999999,1.387
2024-11-11 11:30:00,726.2874432,2.341
2024-11-11 12:00:00,725.9896908,2.435
2024-11-11 12:30:00,725.6501307,2.366
2024-11-11 13:00:00,725.0811380999999,2.285
2024-11-11 13:30:00,724.6681596,2.349
2024-11-11 14:00:00,724.3051463999999,2.292
2024-11-11 14:30:00,724.2806736,2.129
2024-11-11 15:00:00,724.4050769999999,1.785
2024-11-11 15:30:00,724.5631304999999,1.805
2024-11-11 16:00:00,724.8863753999999,1.578
2024-11-11 16:30:00,724.9699908,1.697
2024-11-11 17:00:00,724.7793068999998,3.506
2024-11-11 17:30:00,725.0372909999999,3.234
2024-11-11 18:00:00,724.5937214999999,2.736
2024-11-11 18:30:00,724.6243125,2.422
2024-11-11 19:00:00,723.6321443999999,2.204
2024-11-11 19:30:00,722.8724679,2.341
2024-11-11 20:00:00,722.2218992999999,1.972
2024-11-11 20:30:00,721.2021993,1.031
2024-11-11 21:00:00,721.2083175,0.521
2024-11-11 21:30:00,720.8769149999998,-0.231
2024-11-11 22:00:00,720.2477601,0.026
2024-11-11 22:30:00,720.1447703999999,-0.206
2024-11-11 23:00:00,720.3221982,-1.233
2024-11-11 23:30:00,721.4714000999999,-2.95
2024-11-12 00:00:00,721.1348990999999,-3.935
2024-11-12 00:30:00,720.8483633999999,-4.306
2024-11-12 01:00:00,720.9370772999999,-4.593
2024-11-12 01:30:00,721.0359881999999,-4.608
2024-11-12 02:00:00,721.0380276,-4.965
2024-11-12 02:30:00,721.1022687,-5.867
2024-11-12 03:00:00,721.0155942,-6.805
2024-11-12 03:30:00,721.5132078,-7.669
2024-11-12 04:00:00,721.1206233,-8.067
2024-11-12 04:30:00,721.4632424999999,-8.405
2024-11-12 05:00:00,721.5835671,-8.593
2024-11-12 05:30:00,721.8976347,-8.728
2024-11-12 06:00:00,722.0577275999999,-8.877
2024-11-12 06:30:00,721.9159892999999,-9.206
2024-11-12 07:00:00,722.1107519999999,-9.292
2024-11-12 07:30:00,722.0342744999999,-9.533
2024-11-12 08:00:00,722.3228495999999,-9.502
2024-11-12 08:30:00,722.5125138,-9.469
2024-11-12 09:00:00,722.2473918000001,-9.648
2024-11-12 09:30:00,722.3371254,-9.811
2024-11-12 10:00:00,722.3717952,-9.819
2024-11-12 10:30:00,722.6930006999999,-9.693
2024-11-12 11:00:00,722.7592811999999,-9.772
2024-11-12 11:30:00,722.9805561000001,-9.835
2024-11-12 12:00:00,723.0152259,-9.89
2024-11-12 12:30:00,723.4220861999999,-10.248
2024-11-12 13:00:00,723.5444501999999,-10.568
2024-11-12 13:30:00,723.936015,-10.834
2024-11-12 14:00:00,723.9941378999999,-10.966
2024-11-12 14:30:00,723.9319362,-11.081
2024-11-12 15:00:00,723.8248676999999,-10.882
2024-11-12 15:30:00,724.6324701,-10.214
2024-11-12 16:00:00,724.9761089999998,-9.921
2024-11-12 16:30:00,725.2493886,-8.994
2024-11-12 17:00:00,725.4686241,-6.407
2024-11-12 17:30:00,725.8346964,-4.572
2024-11-12 18:00:00,726.1844535,-2.671
2024-11-12 18:30:00,726.2976402,-0.504
2024-11-12 19:00:00,726.4098071999999,2.58
2024-11-12 19:30:00,727.2724733999999,4.974
2024-11-12 20:00:00,726.8941646999999,3.027
2024-11-12 20:30:00,726.7707809999999,2.04
2024-11-12 21:00:00,726.7432491,2.169
2024-11-12 21:30:00,726.9145586999999,2.7
2024-11-12 22:00:00,727.1562276,3.459
2024-11-12 22:30:00,727.3153008,2.464
2024-11-12 23:00:00,727.0685334,0.461
2024-11-12 23:30:00,726.9930755999999,-1.615
2024-11-13 00:00:00,727.1929368,-2.576
2024-11-13 00:30:00,727.2959265,-3.03
2024-11-13 01:00:00,727.1694837,-3.89
2024-11-13 01:30:00,727.2316854,-4.407
2024-11-13 02:00:00,727.5324969,-4.858
2024-11-13 02:30:00,727.4784527999999,-5.163
2024-11-13 03:00:00,727.7955795,-5.297
2024-11-13 03:30:00,727.9424163,-5.566
2024-11-13 04:00:00,728.0474454,-5.781
2024-11-13 04:30:00,728.3146068,-6.021
2024-11-13 05:00:00,728.3727296999999,-6.098
2024-11-13 05:30:00,728.4696011999999,-6.206
2024-11-13 06:00:00,728.4206555999999,-6.385
2024-11-13 06:30:00,728.3166461999999,-6.479
2024-11-13 07:00:00,728.2544444999999,-6.6
2024-11-13 07:30:00,728.1249425999999,-6.575
2024-11-13 08:00:00,728.3268432,-6.493
2024-11-13 08:30:00,728.1127061999999,-6.481
2024-11-13 09:00:00,727.9250814,-6.292
2024-11-13 09:30:00,727.5426938999999,-6.165
2024-11-13 10:00:00,727.5202605,-6.168
2024-11-13 10:30:00,727.3367145,-6.262
2024-11-13 11:00:00,727.3448721,-6.411
2024-11-13 11:30:00,727.1980352999999,-6.468
2024-11-13 12:00:00,727.0889273999999,-6.443
2024-11-13 12:30:00,727.3418129999999,-6.43
2024-11-13 13:00:00,727.2235278,-6.374
2024-11-13 13:30:00,727.1929368,-6.4
2024-11-13 14:00:00,727.0348832999999,-5.344
2024-11-13 14:30:00,727.2408627,-4.124
2024-11-13 15:00:00,727.5233195999999,-2.628
2024-11-13 15:30:00,727.8180128999999,-1.721
2024-11-13 16:00:00,728.1127061999999,-0.697
2024-11-13 16:30:00,728.2197746999999,0.02
2024-11-13 17:00:00,728.1759275999999,2.693
2024-11-13 17:30:00,728.4757194,2.469
2024-11-13 18:00:00,728.6103198,3.016
2024-11-13 18:30:00,728.8560675,3.11
2024-11-13 19:00:00,728.6307138,4.962
2024-11-13 19:30:00,728.3207249999999,6.489
2024-11-13 20:00:00,728.3584539,5.197
2024-11-13 20:30:00,727.9556723999999,3.556
2024-11-13 21:00:00,727.9077464999999,3.306
2024-11-13 21:30:00,728.0188937999999,3.257
2024-11-13 22:00:00,728.0851743,2.382
2024-11-13 22:30:00,728.0005392,1.835
2024-11-13 23:00:00,727.882254,1.445
2024-11-13 23:30:00,727.8027174,1.117
2024-11-14 00:00:00,727.6742351999999,0.657
2024-11-14 00:30:00,727.2714537,0.18
2024-11-14 01:00:00,727.3662858,-0.159
2024-11-14 01:30:00,727.3224386999999,-0.364
2024-11-14 02:00:00,727.3632267,-0.432
2024-11-14 02:30:00,727.3081629,-0.505
2024-11-14 03:00:00,727.4142117,-0.547
2024-11-14 03:30:00,727.0675137,-0.642
2024-11-14 04:00:00,727.2510596999999,-0.826
2024-11-14 04:30:00,727.0389620999999,-1.268
2024-11-14 05:00:00,727.2143505,-1.492
2024-11-14 05:30:00,727.1531685,-1.963
2024-11-14 06:00:00,727.1021834999999,-2.043
2024-11-14 06:30:00,726.8951844,-1.847
2024-11-14 07:00:00,726.7575248999999,-2.002
2024-11-14 07:30:00,726.5025999,-2.446
2024-11-14 08:00:00,726.2191233,-2.662
2024-11-14 08:30:00,726.0539318999998,-2.426
2024-11-14 09:00:00,725.8306176,-2.489
2024-11-14 09:30:00,725.6154608999999,-2.918
2024-11-14 10:00:00,725.5807910999999,-2.895
2024-11-14 10:30:00,725.3391221999999,-3.057
2024-11-14 11:00:00,725.0862365999999,-3.5
2024-11-14 11:30:00,724.8139767,-3.724
2024-11-14 12:00:00,724.6610217,-4.03
2024-11-14 12:30:00,724.5712881,-4.138
2024-11-14 13:00:00,724.5549728999999,-4.418
2024-11-14 13:30:00,724.2755751,-4.601
2024-11-14 14:00:00,724.19094,-4.776
2024-11-14 14:30:00,724.2572204999999,-4.736
2024-11-14 15:00:00,724.3387964999998,-4.705
2024-11-14 15:30:00,724.4162937,-4.283
2024-11-14 16:00:00,724.4040572999999,-3.578
2024-11-14 16:30:00,724.3826435999999,-2.199
2024-11-14 17:00:00,724.3377768,-0.489
2024-11-14 17:30:00,724.1368959,0.103
2024-11-14 18:00:00,724.0145319,0.938
2024-11-14 18:30:00,723.6831294,1.187
2024-11-14 19:00:00,723.2038703999999,3.049
2024-11-14 19:30:00,722.6226414,3.305
2024-11-14 20:00:00,722.375874,2.818
2024-11-14 20:30:00,721.9649348999999,2.098
2024-11-14 21:00:00,721.6794189,2.214
2024-11-14 21:30:00,721.3765679999999,2.586
2024-11-14 22:00:00,721.0757564999999,3.206
2024-11-14 22:30:00,720.7494525,2.113
2024-11-14 23:00:00,720.4435424999999,0.586
2024-11-14 23:30:00,719.9805987,-0.58
2024-11-15 00:00:00,719.5533444,-1.31
2024-11-15 00:30:00,719.29638,-1.841
2024-11-15 01:00:00,719.2545723,-2.381
2024-11-15 01:30:00,718.8324164999999,-2.817
2024-11-15 02:00:00,718.7069934,-3.213
2024-11-15 02:30:00,718.5112109999999,-3.303
2024-11-15 03:00:00,718.2817785,-3.467
2024-11-15 03:30:00,718.1879660999999,-3.937
2024-11-15 04:00:00,717.9870852,-4.318
2024-11-15 04:30:00,717.8840955,-4.005
2024-11-15 05:00:00,717.5567718,-4.115
2024-11-15 05:30:00,717.3742454999999,-4.18
2024-11-15 06:00:00,717.0214293,-4.824
2024-11-15 06:30:00,716.6971646999999,-5.049
2024-11-15 07:00:00,716.4340821,-5.045
2024-11-15 07:30:00,716.0241626999999,-5.535
2024-11-15 08:00:00,715.5999674999999,-5.312
2024-11-15 08:30:00,715.2124815,-5.622
2024-11-15 09:00:00,715.0901174999999,-5.731
2024-11-15 09:30:00,714.7821681,-5.993
2024-11-15 10:00:00,714.7658528999999,-6.42
2024-11-15 10:30:00,714.6271737,-5.984
2024-11-15 11:00:00,714.4160958,-5.692
2024-11-15 11:30:00,714.3080075999999,-6.282
2024-11-15 12:00:00,714.1122251999999,-6.022
2024-11-15 12:30:00,714.0204521999999,-6.731
2024-11-15 13:00:00,714.4528049999999,-7.171
2024-11-15 13:30:00,713.9806838999999,-7.383
2024-11-15 14:00:00,713.9643686999999,-7.516
2024-11-15 14:30:00,713.9796642,-7.375
2024-11-15 15:00:00,714.3233031,-7.751
2024-11-15 15:30:00,714.6088190999999,-7.712
2024-11-15 16:00:00,714.8341727999999,-7.611
2024-11-15 16:30:00,714.8260152,-7.304
2024-11-15 17:00:00,715.0309748999999,-6.402
2024-11-15 17:30:00,715.2338951999999,-5.476
2024-11-15 18:00:00,715.3062939,-5.516
2024-11-15 18:30:00,715.584672,-4.468
2024-11-15 19:00:00,715.4694458999999,-3.077
2024-11-15 19:30:00,715.4378352,-2.687
2024-11-15 20:00:00,715.2909983999999,-2.934
2024-11-15 20:30:00,715.339944,-3.01
2024-11-15 21:00:00,715.2196193999998,-3.698
2024-11-15 21:30:00,715.3226090999999,-3.582
2024-11-15 22:00:00,715.2899786999999,-4.42
2024-11-15 22:30:00,715.2359346,-5.236
2024-11-15 23:00:00,715.3837910999999,-5.829
2024-11-15 23:30:00,715.3532001,-5.947
2024-11-16 00:00:00,715.5347066999999,-5.736
2024-11-16 00:30:00,715.5010566,-5.922
2024-11-16 01:00:00,715.8090059999998,-6.459
2024-11-16 01:30:00,716.0119262999999,-6.673
2024-11-16 02:00:00,716.0007096,-6.661
2024-11-16 02:30:00,716.0700492,-7.048
2024-11-16 03:00:00,716.0833053,-8.064
2024-11-16 03:30:00,716.0557733999999,-8.94
2024-11-16 04:00:00,716.2954028999999,-8.622
2024-11-16 04:30:00,716.5350324,-8.054
2024-11-16 05:00:00,716.8541984999999,-7.572
2024-11-16 05:30:00,717.0785324999999,-7.445
2024-11-16 06:00:00,716.8052528999999,-8.472
2024-11-16 06:30:00,716.8735728,-9.607
2024-11-16 07:00:00,716.8205484,-10.383
2024-11-16 07:30:00,716.7450905999999,-10.762
2024-11-16 08:00:00,716.716539,-11.192
2024-11-16 08:30:00,716.7899573999999,-11.57
2024-11-16 09:00:00,716.8990653,-11.637
2024-11-16 09:30:00,716.971464,-11.846
2024-11-16 10:00:00,717.042843,-12.155
2024-11-16 10:30:00,717.1030053,-12.035
2024-11-16 11:00:00,717.0000156,-11.972
2024-11-16 11:30:00,716.9347548,-11.998
2024-11-16 12:00:00,716.8399226999999,-12.274
2024-11-16 12:30:00,717.0387642,-12.221
2024-11-16 13:00:00,717.3803636999999,-11.936
2024-11-16 13:30:00,717.409935,-12.015
2024-11-16 14:00:00,717.3956592,-10.919
2024-11-16 14:30:00,717.6220325999999,-10.951
2024-11-16 15:00:00,717.8902137,-11.642
2024-11-16 15:30:00,718.1869464,-11.364
2024-11-16 16:00:00,718.3562165999999,-11.411
2024-11-16 16:30:00,718.5815703,-10.951
2024-11-16 17:00:00,719.1077355,-8.212
2024-11-16 17:30:00,719.4819653999999,-6.829
2024-11-16 18:00:00,720.1712825999999,-2.883
2024-11-16 18:30:00,720.0754307999999,-3.469
2024-11-16 19:00:00,720.1957554,-1.385
2024-11-16 19:30:00,720.3252573,-0.07
2024-11-16 20:00:00,720.3701241,-0.225
2024-11-16 20:30:00,720.0264851999999,-1.559
2024-11-16 21:00:00,720.1692432,-2.029
2024-11-16 21:30:00,720.3120011999999,-1.432
2024-11-16 22:00:00,720.5179806,-0.064
2024-11-16 22:30:00,720.5322563999998,-1.308
2024-11-16 23:00:00,720.5047245,-2.597
2024-11-16 23:30:00,720.4822911,-3.848
2024-11-17 00:00:00,720.5648868,-5.426
2024-11-17 00:30:00,720.4884092999998,-6.638
2024-11-17 01:00:00,720.6107732999999,-7.445
2024-11-17 01:30:00,720.5261382,-8.274
2024-11-17 02:00:00,720.8014572,-8.52
2024-11-17 02:30:00,720.9850031999999,-8.807
2024-11-17 03:00:00,721.1491748999999,-9.029
2024-11-17 03:30:00,721.3408784999999,-8.802
2024-11-17 04:00:00,721.6804385999999,-8.665
2024-11-17 04:30:00,721.9068120000001,-8.678
2024-11-17 05:00:00,722.1199293,-8.879
2024-11-17 05:30:00,722.3422239,-8.879
2024-11-17 06:00:00,722.3738346,-8.849
2024-11-17 06:30:00,722.4003467999999,-8.914
2024-11-17 07:00:00,722.5329078,-8.813
2024-11-17 07:30:00,722.5594199999999,-8.534
2024-11-17 08:00:00,722.5859322,-8.414
2024-11-17 08:30:00,722.7001386,-8.326
2024-11-17 09:00:00,722.8082267999999,-8.471
2024-11-17 09:30:00,722.3850513,-8.326
2024-11-17 10:00:00,722.6083656,-8.059
2024-11-17 10:30:00,722.6991188999999,-7.868
2024-11-17 11:00:00,722.6736264,-7.738
2024-11-17 11:30:00,722.7704979,-7.574
2024-11-17 12:00:00,723.0050289,-7.407
2024-11-17 12:30:00,723.2976828,-7.322
2024-11-17 13:00:00,723.3568253999999,-7.161
2024-11-17 13:30:00,723.4873469999999,-6.864
2024-11-17 14:00:00,723.3935346,-5.955
2024-11-17 14:30:00,723.6076716,-5.593
2024-11-17 15:00:00,723.9768029999999,-5.398
2024-11-17 15:30:00,724.2011369999999,-4.972
2024-11-17 16:00:00,724.3367571,-4.506
2024-11-17 16:30:00,724.4366877,-4.259
2024-11-17 17:00:00,724.6651005,-2.418
2024-11-17 17:30:00,724.7701296,-0.582
2024-11-17 18:00:00,725.3370828,4.06
2024-11-17 18:30:00,725.2126794,4.325
2024-11-17 19:00:00,724.9281830999998,5.358
2024-11-17 19:30:00,724.8619026,6.947
2024-11-17 20:00:00,724.7568735,5.958
2024-11-17 20:30:00,724.5009287999999,5.161
2024-11-17 21:00:00,724.2388659,4.887
2024-11-17 21:30:00,724.4377074,4.897
2024-11-17 22:00:00,724.3918208999999,4.5
2024-11-17 22:30:00,724.0308471,4.259
2024-11-17 23:00:00,723.8931875999999,3.306
2024-11-17 23:30:00,724.0318668,2.208
2024-11-18 00:00:00,724.0563395999999,1.759
2024-11-18 00:30:00,723.8054934,0.868
2024-11-18 01:00:00,723.6780309,0.008
2024-11-18 01:30:00,723.5689229999999,-0.407
2024-11-18 02:00:00,723.4618544999998,-0.819
2024-11-18 02:30:00,723.7494098999999,-0.765
2024-11-18 03:00:00,723.8116115999999,-0.672
2024-11-18 03:30:00,723.8330252999999,-1.28
2024-11-18 04:00:00,723.7086219,-1.938
2024-11-18 04:30:00,723.7137203999999,-2.191
2024-11-18 05:00:00,723.8585177999998,-2.644
2024-11-18 05:30:00,723.8687147999999,-2.967
2024-11-18 06:00:00,723.3976134,-3.559
2024-11-18 06:30:00,723.089664,-4.005
2024-11-18 07:00:00,723.0519350999999,-4.144
2024-11-18 07:30:00,722.9112164999999,-4.31
2024-11-18 08:00:00,722.3646573,-4.582
2024-11-18 08:30:00,721.9598363999999,-4.174
2024-11-18 09:00:00,722.4013664999999,-3.167
2024-11-18 09:30:00,722.1393036,-2.815
2024-11-18 10:00:00,722.0923974,-2.633
2024-11-18 10:30:00,721.9149696,-2.596
2024-11-18 11:00:00,721.8293147999999,-2.606
2024-11-18 11:30:00,721.3765679999999,-2.865
2024-11-18 12:00:00,721.1012489999999,-3.229
2024-11-18 12:30:00,721.0319093999999,-3.62
2024-11-18 13:00:00,720.6515612999999,-4.267
2024-11-18 13:30:00,720.2599964999999,-4.606
2024-11-18 14:00:00,719.9316531,-4.237
2024-11-18 14:30:00,720.0886869,-4.332
2024-11-18 15:00:00,720.1886175,-4.186
2024-11-18 15:30:00,720.3334149,-4.209
2024-11-18 16:00:00,720.6250491,-4.327
2024-11-18 16:30:00,720.5567292,-4.375
2024-11-18 17:00:00,721.0084562999999,-3.283
2024-11-18 17:30:00,721.1971007999999,-2.567
2024-11-18 18:00:00,721.3592331,-1.176
2024-11-18 18:30:00,721.3551543,-1.229
2024-11-18 19:00:00,720.9850031999999,-0.052
2024-11-18 19:30:00,721.0155942,0.706
2024-11-18 20:00:00,720.866718,0.004
2024-11-18 20:30:00,720.5200199999999,-1.377
2024-11-18 21:00:00,720.2599964999999,-1.686
2024-11-18 21:30:00,719.948988,-1.202
2024-11-18 22:00:00,720.4710743999999,-0.529
2024-11-18 22:30:00,720.4282469999999,-2.541
2024-11-18 23:00:00,720.0713519999999,-3.605
2024-11-18 23:30:00,720.1865781,-4.758
2024-11-19 00:00:00,720.0611549999999,-5.469
2024-11-19 00:30:00,720.3864393,-5.78
2024-11-19 01:00:00,720.3466709999999,-5.908
2024-11-19 01:30:00,720.3323952,-6.268
2024-11-19 02:00:00,720.6087339,-6.627
2024-11-19 02:30:00,720.7300782,-7.151
2024-11-19 03:00:00,720.7484327999999,-7.531
2024-11-19 03:30:00,720.9737864999998,-8.1
2024-11-19 04:00:00,720.7382357999999,-8.805
2024-11-19 04:30:00,720.7576101,-9.396
2024-11-19 05:00:00,720.8361269999999,-9.684
2024-11-19 05:30:00,721.0145745,-9.976
2024-11-19 06:00:00,720.7994177999999,-10.415
2024-11-19 06:30:00,720.7963586999999,-10.5
2024-11-19 07:00:00,721.1124657,-10.33
2024-11-19 07:30:00,721.2847949999999,-10.157
2024-11-19 08:00:00,721.2654206999998,-10.132
2024-11-19 08:30:00,721.050264,-10.177
2024-11-19 09:00:00,720.9737864999998,-10.165
2024-11-19 09:30:00,721.1787461999999,-10.4
2024-11-19 10:00:00,721.1573324999999,-10.6
2024-11-19 10:30:00,721.2960116999999,-10.893
2024-11-19 11:00:00,721.4285726999999,-11.099
2024-11-19 11:30:00,721.3745285999998,-11.357
2024-11-19 12:00:00,721.2837752999999,-11.436
2024-11-19 12:30:00,721.2001598999999,-11.551
2024-11-19 13:00:00,721.1889431999999,-11.667
2024-11-19 13:30:00,721.2633813,-11.557
2024-11-19 14:00:00,721.2572630999999,-11.643
2024-11-19 14:30:00,721.5101486999998,-11.602
2024-11-19 15:00:00,721.7049114,-11.541
2024-11-19 15:30:00,722.1862098,-11.206
2024-11-19 16:00:00,722.3636376,-10.548
2024-11-19 16:30:00,722.7572418,-9.772
2024-11-19 17:00:00,722.9948318999999,-7.592
2024-11-19 17:30:00,723.3965936999999,-5.258
2024-11-19 18:00:00,723.7687841999999,-2.564
2024-11-19 18:30:00,723.5260956,-2.198
2024-11-19 19:00:00,723.7636856999999,-0.679
2024-11-19 19:30:00,723.8299662,0.923
2024-11-19 20:00:00,723.7789812,0.065
2024-11-19 20:30:00,723.7657250999999,-0.523
2024-11-19 21:00:00,723.6464202,-0.867
2024-11-19 21:30:00,723.4506378,-0.938
2024-11-19 22:00:00,723.2365007999999,-1.202
2024-11-19 22:30:00,723.2252840999998,-1.148
2024-11-19 23:00:00,723.4424802,-1.054
2024-11-19 23:30:00,723.5984943,-1.426
2024-11-20 00:00:00,723.6433611,-1.726
2024-11-20 00:30:00,723.7891781999999,-2.067
2024-11-20 01:00:00,723.7483902,-2.378
2024-11-20 01:30:00,724.0859108999999,-2.163
2024-11-20 02:00:00,723.9717045,-2.375
2024-11-20 02:30:00,724.2429446999998,-2.236
2024-11-20 03:00:00,724.4570816999999,-2.179
2024-11-20 03:30:00,724.3663283999999,-2.217
2024-11-20 04:00:00,724.2755751,-2.213
2024-11-20 04:30:00,724.925124,-1.743
2024-11-20 05:00:00,725.3503389,-1.628
2024-11-20 05:30:00,725.4716831999999,-1.853
2024-11-20 06:00:00,725.5563182999998,-1.956
2024-11-20 06:30:00,725.5920077999999,-2.012
2024-11-20 07:00:00,725.6807216999999,-2.17
2024-11-20 07:30:00,725.3839889999999,-2.059
2024-11-20 08:00:00,725.4339543,-1.782
2024-11-20 08:30:00,725.5196090999999,-1.716
2024-11-20 09:00:00,725.7378249,-1.582
2024-11-20 09:30:00,725.8163417999999,-1.443
2024-11-20 10:00:00,725.6531898,-1.412
2024-11-20 10:30:00,725.3982648,-1.186
2024-11-20 11:00:00,725.5226681999999,-1.026
2024-11-20 11:30:00,725.8928192999999,-1.255
2024-11-20 12:00:00,725.8703859,-1.156
2024-11-20 12:30:00,726.087582,-0.794
2024-11-20 13:00:00,726.0508727999999,-0.636
2024-11-20 13:30:00,726.1528427999999,-0.822
2024-11-20 14:00:00,726.3578024999999,-1.066
2024-11-20 14:30:00,726.4006298999999,-1.115
2024-11-20 15:00:00,726.4913831999999,-1.014
2024-11-20 15:30:00,726.3771767999999,-0.608
2024-11-20 16:00:00,726.7167369,-0.462
2024-11-20 16:30:00,727.0807697999999,0.022
2024-11-20 17:00:00,727.606935,0.371
2024-11-20 17:30:00,727.8057764999999,0.959
2024-11-20 18:00:00,728.2411883999998,2.009
2024-11-20 18:30:00,728.4512465999999,2.39
2024-11-20 19:00:00,728.2330307999999,1.936
2024-11-20 19:30:00,728.0749772999999,1.902
2024-11-20 20:00:00,727.8771555,1.558
2024-11-20 20:30:00,728.0892531,1.554
2024-11-20 21:00:00,728.0882333999999,1.409
2024-11-20 21:30:00,728.177967,1.445
2024-11-20 22:00:00,727.9984998,1.272
2024-11-20 22:30:00,728.0005392,1.024
2024-11-20 23:00:00,727.9750466999999,1.014
2024-11-20 23:30:00,728.0576423999998,0.967
2024-11-21 00:00:00,728.1677699999999,0.884
2024-11-21 00:30:00,727.9811649,0.74
2024-11-21 01:00:00,727.8944904,0.696
2024-11-21 01:30:00,727.9791254999999,0.585
2024-11-21 02:00:00,727.974027,0.377
2024-11-21 02:30:00,728.0494847999998,0.366
2024-11-21 03:00:00,728.1198440999999,0.382
2024-11-21 03:30:00,728.2473065999999,0.391
2024-11-21 04:00:00,728.4349314,0.252
2024-11-21 04:30:00,728.6184774,0.456
2024-11-21 05:00:00,728.8917569999999,0.382
2024-11-21 05:30:00,728.9988255,0.263
2024-11-21 06:00:00,729.2557899,0.065
2024-11-21 06:30:00,729.4087449,-0.151
2024-11-21 07:00:00,729.6014682,-0.322
2024-11-21 07:30:00,729.4301585999999,-0.086
2024-11-21 08:00:00,729.3016763999999,0.176
2024-11-21 08:30:00,729.2017457999999,0.178
2024-11-21 09:00:00,729.1731941999999,0.339
2024-11-21 09:30:00,729.3169719,0.471
2024-11-21 10:00:00,729.2221398,0.553
2024-11-21 10:30:00,728.8336341,0.564
2024-11-21 11:00:00,728.9315252999999,0.59
2024-11-21 11:30:00,728.9825103,0.523
2024-11-21 12:00:00,729.0926378999999,0.587
2024-11-21 12:30:00,729.2201003999999,0.43
2024-11-21 13:00:00,729.1721744999999,0.511
2024-11-21 13:30:00,729.4862420999999,0.635
2024-11-21 14:00:00,729.5667983999999,0.621
2024-11-21 14:30:00,729.6555122999998,0.567
2024-11-21 15:00:00,729.6861032999999,0.707
2024-11-21 15:30:00,729.8441568,0.786
2024-11-21 16:00:00,729.9359297999999,0.883
2024-11-21 16:30:00,730.1102984999999,1.107
2024-11-21 17:00:00,730.288746,1.86
2024-11-21 17:30:00,730.5630453,2.172
2024-11-21 18:00:00,730.7129411999999,2.918
2024-11-21 18:30:00,730.6089317999999,3.507
2024-11-21 19:00:00,730.3254552,4.098
2024-11-21 19:30:00,730.2693717,5.637
2024-11-21 20:00:00,729.9145160999999,4.724
2024-11-21 20:30:00,729.6188030999999,4.07
2024-11-21 21:00:00,729.7309700999999,4.22
2024-11-21 21:30:00,729.5464043999999,4.594
2024-11-21 22:00:00,729.5331482999999,4.498
2024-11-21 22:30:00,729.4179221999999,3.582
2024-11-21 23:00:00,729.2201003999999,3.062
2024-11-21 23:30:00,729.0029043,2.729
2024-11-22 00:00:00,729.0640863,2.403
2024-11-22 00:30:00,729.1099727999999,2.273
2024-11-22 01:00:00,729.1018151999999,1.947
2024-11-22 01:30:00,729.2496716999999,1.656
2024-11-22 02:00:00,729.5484438,1.463
2024-11-22 02:30:00,729.0538892999999,1.402
2024-11-22 03:00:00,729.5453847,1.496
2024-11-22 03:30:00,729.2598687,1.709
2024-11-22 04:00:00,729.2578293,1.888
2024-11-22 04:30:00,729.3445038,1.748
2024-11-22 05:00:00,729.3159521999999,1.528
2024-11-22 05:30:00,729.1660563,1.557
2024-11-22 06:00:00,729.3791736,1.854
2024-11-22 06:30:00,729.4648283999999,1.972
2024-11-22 07:00:00,729.5504831999999,2.046
2024-11-22 07:30:00,729.3343067999999,1.811
2024-11-22 08:00:00,729.7778762999999,1.812
2024-11-22 08:30:00,729.5912711999999,1.431
2024-11-22 09:00:00,729.4189419,1.144
2024-11-22 09:30:00,729.1915488,0.929
2024-11-22 10:00:00,729.2282579999999,1.076
2024-11-22 10:30:00,729.1711547999998,1.161
2024-11-22 11:00:00,729.0610272,1.099
2024-11-22 11:30:00,729.0334952999999,1.004
2024-11-22 12:00:00,728.9835299999999,0.97
2024-11-22 12:30:00,728.8428114,0.843
2024-11-22 13:00:00,728.7388019999999,0.445
2024-11-22 13:30:00,728.7122897999999,0.512
2024-11-22 14:00:00,728.8050824999999,0.696
2024-11-22 14:30:00,728.9437616999999,0.872
2024-11-22 15:00:00,728.9417222999999,0.892
2024-11-22 15:30:00,729.0171801,1.179
2024-11-22 16:00:00,729.2731247999999,1.373
2024-11-22 16:30:00,729.1507608,1.537
2024-11-22 17:00:00,729.0334952999999,2.249
2024-11-22 17:30:00,728.8978751999999,3.055
2024-11-22 18:00:00,728.4767390999999,3.317
2024-11-22 18:30:00,728.3217447,3.694
2024-11-22 19:00:00,727.5845016,3.789
2024-11-22 19:30:00,727.1215578,3.708
2024-11-22 20:00:00,726.8635737,3.865
2024-11-22 20:30:00,726.5107575,3.815
2024-11-22 21:00:00,726.1283699999999,3.47
2024-11-22 21:30:00,726.1548821999999,3.316
2024-11-22 22:00:00,726.2884629,3.096
2024-11-22 22:30:00,725.8489721999998,2.803
2024-11-22 23:00:00,725.7561795,2.528
2024-11-22 23:30:00,725.9519619,2.183
2024-11-23 00:00:00,725.5614167999998,1.894
2024-11-23 00:30:00,725.5175696999999,1.637
2024-11-23 01:00:00,725.1300836999999,1.539
2024-11-23 01:30:00,724.9210452,1.286
2024-11-23 02:00:00,724.7089476,1.076
2024-11-23 02:30:00,725.0362713,0.831
2024-11-23 03:00:00,724.9393997999999,0.55
2024-11-23 03:30:00,723.9992363999999,0.359
2024-11-23 04:00:00,724.4203725,0.119
2024-11-23 04:30:00,724.8547646999999,-0.225
2024-11-23 05:00:00,724.3795845,-1.122
2024-11-23 05:30:00,723.6372428999999,-1.657
2024-11-23 06:00:00,723.5332334999999,-2.008
2024-11-23 06:30:00,722.6389565999999,-2.605
2024-11-23 07:00:00,722.4085044,-3.014
2024-11-23 07:30:00,721.7191872,-3.158
2024-11-23 08:00:00,720.9839834999999,-3.192
2024-11-23 08:30:00,720.6750144,-3.164
2024-11-23 09:00:00,720.4037741999999,-3.138
2024-11-23 09:30:00,720.2803905,-3.222
2024-11-23 10:00:00,719.5727186999999,-3.042
2024-11-23 10:30:00,719.5043988,-3.066
2024-11-23 11:00:00,719.5645610999999,-2.981
2024-11-23 11:30:00,719.0231003999999,-2.717
2024-11-23 12:00:00,719.0363564999999,-2.377
2024-11-23 12:30:00,719.1821735999999,-2.023
2024-11-23 13:00:00,719.1342477,-1.341
2024-11-23 13:30:00,719.5033791,-1.116
2024-11-23 14:00:00,719.4870639,-1.009
2024-11-23 14:30:00,719.5502852999999,-1.2
2024-11-23 15:00:00,719.7185357999999,-1.449
2024-11-23 15:30:00,719.9173772999999,-1.514
2024-11-23 16:00:00,720.1763811,-1.276
2024-11-23 16:30:00,720.2803905,-1.396
2024-11-23 17:00:00,720.4904486999999,-1.17
2024-11-23 17:30:00,720.5026850999999,-0.899
2024-11-23 18:00:00,720.2385828,-0.837
2024-11-23 18:30:00,720.4221288,-0.66
2024-11-23 19:00:00,720.2008538999999,-0.647
2024-11-23 19:30:00,719.8663922999999,-0.548
2024-11-23 20:00:00,719.5125563999999,-0.706
2024-11-23 20:30:00,719.4146651999998,-0.618
2024-11-23 21:00:00,719.2056266999999,-0.68
2024-11-23 21:30:00,719.1107946,-0.691
2024-11-23 22:00:00,718.8538302,-0.924
2024-11-23 22:30:00,718.9588593,-1.158
2024-11-23 23:00:00,718.8966575999999,-1.609
2024-11-23 23:30:00,718.8211997999999,-2.236
2024-11-24 00:00:00,718.8477119999999,-2.657
2024-11-24 00:30:00,718.9507017,-2.831
2024-11-24 01:00:00,719.0231003999999,-3.566
2024-11-24 01:30:00,718.7100525,-3.973
2024-11-24 02:00:00,718.8895196999999,-4.171
2024-11-24 02:30:00,718.6498902,-4.292
2024-11-24 03:00:00,718.9986276,-4.446
2024-11-24 03:30:00,718.8742242,-4.384
2024-11-24 04:00:00,719.1138536999999,-4.471
2024-11-24 04:30:00,719.3524635,-4.498
2024-11-24 05:00:00,719.4748275,-4.468
2024-11-24 05:30:00,719.5798566,-4.343
2024-11-24 06:00:00,719.3106558,-4.381
2024-11-24 06:30:00,719.2290797999999,-4.511
2024-11-24 07:00:00,719.2341782999999,-4.553
2024-11-24 07:30:00,719.3116755,-4.498
2024-11-24 08:00:00,719.3300300999999,-4.591
2024-11-24 08:30:00,719.021061,-4.644
2024-11-24 09:00:00,719.0893808999999,-4.741
2024-11-24 09:30:00,718.7987664,-5.096
2024-11-24 10:00:00,719.0496125999999,-4.99
2024-11-24 10:30:00,719.0322776999999,-4.988
2024-11-24 11:00:00,719.1811538999999,-5.053
2024-11-24 11:30:00,719.1291491999999,-5.301
2024-11-24 12:00:00,719.2321388999999,-5.169
2024-11-24 12:30:00,719.5156154999999,-5.439
2024-11-24 13:00:00,719.5584429,-5.271
2024-11-24 13:30:00,719.7246539999999,-5.456
2024-11-24 14:00:00,720.0173078999999,-5.449
2024-11-24 14:30:00,720.2630555999999,-5.664
2024-11-24 15:00:00,720.4588379999999,-6.199
2024-11-24 15:30:00,720.6943886999999,-6.038
2024-11-24 16:00:00,721.0135548,-5.692
2024-11-24 16:30:00,721.3694301,-5.419
2024-11-24 17:00:00,721.345977,-5.447
2024-11-24 17:30:00,721.4683409999999,-5.478
2024-11-24 18:00:00,721.7110295999998,-4.318
2024-11-24 18:30:00,722.0006243999999,-2.722
2024-11-24 19:00:00,722.0628260999999,-2.657
2024-11-24 19:30:00,721.9363833,-0.45
2024-11-24 20:00:00,721.9547379,-0.845
2024-11-24 20:30:00,721.8180980999999,-2.023
2024-11-24 21:00:00,721.8119798999999,-1.948
2024-11-24 21:30:00,722.0108213999999,-1.006
2024-11-24 22:00:00,722.1515399999998,0.066
2024-11-24 22:30:00,722.3075541,-0.736
2024-11-24 23:00:00,722.3350859999999,-3.619
2024-11-24 23:30:00,722.2443326999999,-5.489
2024-11-25 00:00:00,722.2259780999999,-6.67
2024-11-25 00:30:00,721.9863485999999,-7.661
2024-11-25 01:00:00,722.2851207,-8.427
2024-11-25 01:30:00,722.3106131999999,-8.944
2024-11-25 02:00:00,722.3269283999999,-9.608
2024-11-25 02:30:00,722.3014358999999,-10.043
2024-11-25 03:00:00,722.6022473999999,-10.52
2024-11-25 03:30:00,722.8184238,-10.994
2024-11-25 04:00:00,722.8938815999999,-11.273
2024-11-25 04:30:00,723.0672306,-11.523
2024-11-25 05:00:00,723.1406489999999,-11.745
2024-11-25 05:30:00,723.1263731999999,-11.966
2024-11-25 06:00:00,723.0366396,-12.13
2024-11-25 06:30:00,723.1681809,-12.505
2024-11-25 07:00:00,723.0815063999999,-12.609
2024-11-25 07:30:00,723.0580533,-12.557
2024-11-25 08:00:00,723.06927,-12.564
2024-11-25 08:30:00,722.9632212,-12.101
2024-11-25 09:00:00,722.9713788,-11.27
2024-11-25 09:30:00,722.6726067,-9.983
2024-11-25 10:00:00,723.4292240999999,-8.607
2024-11-25 10:30:00,723.4863273,-7.722
2024-11-25 11:00:00,723.3017616,-6.44
2024-11-25 11:30:00,723.8829906,-5.777
2024-11-25 12:00:00,723.7738827,-6.131
2024-11-25 12:30:00,723.8228283,-6.304
2024-11-25 13:00:00,723.8187495,-6.398
2024-11-25 13:30:00,723.4751105999999,-6.367
2024-11-25 14:00:00,723.2946237,-6.266
2024-11-25 14:30:00,723.4944849,-6.149
2024-11-25 15:00:00,723.7922373,-5.951
2024-11-25 15:30:00,723.6994446,-5.731
2024-11-25 16:00:00,724.0196304,-5.132
2024-11-25 16:30:00,723.9176603999999,-4.454
2024-11-25 17:00:00,724.0991669999999,-3.96
2024-11-25 17:30:00,724.4387271,-3.073
2024-11-25 18:00:00,724.6447064999999,-2.243
2024-11-25 18:30:00,724.8649617,-1.633
2024-11-25 19:00:00,725.1178473,-1.044
2024-11-25 19:30:00,724.8078585,-0.708
2024-11-25 20:00:00,724.3612298999999,-0.683
2024-11-25 20:30:00,724.1858414999999,-0.704
2024-11-25 21:00:00,724.5121455,-0.502
2024-11-25 21:30:00,724.3785647999999,-0.447
2024-11-25 22:00:00,724.4397467999999,-0.613
2024-11-25 22:30:00,724.2592599,-0.636
2024-11-25 23:00:00,724.3296192,-0.692
2024-11-25 23:30:00,724.4540225999999,-0.984
2024-11-26 00:00:00,724.425471,-1.219
2024-11-26 00:30:00,724.8292722,-1.484
2024-11-26 01:00:00,724.3530722999999,-1.82
2024-11-26 01:30:00,724.3775451,-2.064
2024-11-26 02:00:00,724.5927017999999,-2.114
2024-11-26 02:30:00,724.6283913,-2.389
2024-11-26 03:00:00,724.9353209999999,-2.452
2024-11-26 03:30:00,724.9669317,-2.618
2024-11-26 04:00:00,724.8598632,-2.479
2024-11-26 04:30:00,724.9587740999999,-2.899
2024-11-26 05:00:00,724.6161549,-3.165
2024-11-26 05:30:00,724.5896426999999,-3.507
2024-11-26 06:00:00,724.2205113,-3.745
2024-11-26 06:30:00,723.9431529,-3.896
2024-11-26 07:00:00,723.9237785999999,-3.925
2024-11-26 07:30:00,723.4628742,-3.837
2024-11-26 08:00:00,723.6739521,-3.926
2024-11-26 08:30:00,723.0529548,-4.009
2024-11-26 09:00:00,722.6297793,-4.028
2024-11-26 09:30:00,722.620602,-4.097
2024-11-26 10:00:00,722.6868824999999,-3.98
2024-11-26 10:30:00,722.5767549,-3.819
2024-11-26 11:00:00,722.7317493,-3.825
2024-11-26 11:30:00,722.6175429,-3.813
2024-11-26 12:00:00,722.6624096999999,-3.676
2024-11-26 12:30:00,722.753163,-3.577
2024-11-26 13:00:00,722.8867436999999,-3.501
2024-11-26 13:30:00,722.8622709,-3.542
2024-11-26 14:00:00,723.1080185999999,-3.626
2024-11-26 14:30:00,723.446559,-3.802
2024-11-26 15:00:00,723.8544389999998,-4.12
2024-11-26 15:30:00,723.8605571999999,-4.264
2024-11-26 16:00:00,724.1032457999999,-4.378
2024-11-26 16:30:00,724.3184024999999,-4.417
2024-11-26 17:00:00,724.2572204999999,-4.184
2024-11-26 17:30:00,724.4988893999999,-3.96
2024-11-26 18:00:00,724.2755751,-3.69
2024-11-26 18:30:00,724.3673481,-3.586
2024-11-26 19:00:00,724.2266295,-3.234
2024-11-26 19:30:00,723.7555281,-2.861
2024-11-26 20:00:00,723.9370346999999,-2.144
2024-11-26 20:30:00,723.7718432999999,-2.134
2024-11-26 21:00:00,723.8289464999999,-2.209
2024-11-26 21:30:00,723.3609041999998,-2.621
2024-11-26 22:00:00,723.7045431,-2.823
2024-11-26 22:30:00,723.4506378,-2.868
2024-11-26 23:00:00,723.1518656999999,-2.931
2024-11-26 23:30:00,722.9632212,-2.994
2024-11-27 00:00:00,723.1844960999999,-3.291
2024-11-27 00:30:00,723.2670918,-3.888
2024-11-27 01:00:00,723.1722597,-4.544
2024-11-27 01:30:00,723.4536969,-5.001
2024-11-27 02:00:00,723.7310553,-5.192
2024-11-27 02:30:00,723.8707542,-5.58
2024-11-27 03:00:00,723.9564089999999,-6.036
2024-11-27 03:30:00,724.19094,-6.693
2024-11-27 04:00:00,724.3133039999999,-7.492
2024-11-27 04:30:00,724.2704765999999,-8.673
2024-11-27 05:00:00,724.3163631,-8.903
2024-11-27 05:30:00,724.3285995,-10.008
2024-11-27 06:00:00,724.2898509,-11.453
2024-11-27 06:30:00,724.0104531,-12.652
2024-11-27 07:00:00,723.9859802999999,-13.472
2024-11-27 07:30:00,723.936015,-14.104
2024-11-27 08:00:00,724.078773,-14.542
2024-11-27 08:30:00,723.9176603999999,-14.321
2024-11-27 09:00:00,723.9574286999999,-13.29
2024-11-27 09:30:00,723.8870694,-12.488
2024-11-27 10:00:00,723.8646359999999,-11.976
2024-11-27 10:30:00,723.8228283,-11.721
2024-11-27 11:00:00,723.7055627999998,-11.888
2024-11-27 11:30:00,723.6188882999999,-12.052
2024-11-27 12:00:00,723.4180073999999,-12.818
2024-11-27 12:30:00,723.2263037999999,-13.288
2024-11-27 13:00:00,723.6270458999999,-13.138
2024-11-27 13:30:00,723.9074633999999,-12.445
2024-11-27 14:00:00,723.8727935999999,-12.165
2024-11-27 14:30:00,723.9727241999999,-12.436
2024-11-27 15:00:00,724.1634081,-12.809
2024-11-27 15:30:00,723.9717045,-12.651
2024-11-27 16:00:00,724.1715657,-12.615
2024-11-27 16:30:00,724.5294804,-12.477
2024-11-27 17:00:00,724.6059578999999,-12.126
2024-11-27 17:30:00,724.9761089999998,-10.698
2024-11-27 18:00:00,725.200443,-8.671
2024-11-27 18:30:00,725.6042442,-5.133
2024-11-27 19:00:00,725.3442206999999,-4.682
2024-11-27 19:30:00,725.241231,-2.67
2024-11-27 20:00:00,725.0607441,-2.442
2024-11-27 20:30:00,724.7629916999999,-3.086
2024-11-27 21:00:00,724.6100366999999,-2.944
2024-11-27 21:30:00,724.5305000999999,-2.48
2024-11-27 22:00:00,724.6120761,-1.038
2024-11-27 22:30:00,724.5906623999999,-2.727
2024-11-27 23:00:00,724.3326783,-5.406
2024-11-27 23:30:00,724.2001172999999,-7.442
2024-11-28 00:00:00,724.0961079,-8.697
2024-11-28 00:30:00,724.0920291,-9.902
2024-11-28 01:00:00,724.0848912,-10.843
2024-11-28 01:30:00,724.0267683,-11.428
2024-11-28 02:00:00,724.0869306,-11.882
2024-11-28 02:30:00,724.2194916,-12.099
2024-11-28 03:00:00,724.3449146999999,-12.197
2024-11-28 03:30:00,724.486653,-12.355
2024-11-28 04:00:00,724.6110563999999,-12.581
2024-11-28 04:30:00,724.7069081999999,-12.759
2024-11-28 05:00:00,724.9393997999999,-12.958
2024-11-28 05:30:00,725.0087394,-13.187
2024-11-28 06:00:00,724.9852862999999,-13.391
2024-11-28 06:30:00,725.10867,-13.593
2024-11-28 07:00:00,725.2983342,-13.685
2024-11-28 07:30:00,725.4818802,-13.807
2024-11-28 08:00:00,725.3615556,-13.984
2024-11-28 08:30:00,725.3513585999999,-14.127
2024-11-28 09:00:00,725.1718914,-14.352
2024-11-28 09:30:00,725.31261,-14.34
2024-11-28 10:00:00,725.261625,-14.565
2024-11-28 10:30:00,725.3064918,-14.515
2024-11-28 11:00:00,725.3595162,-14.408
2024-11-28 11:30:00,725.2738613999999,-14.609
2024-11-28 12:00:00,725.3472797999999,-14.455
2024-11-28 12:30:00,725.4176390999999,-14.415
2024-11-28 13:00:00,725.3289252,-14.322
2024-11-28 13:30:00,725.4155997,-14.253
2024-11-28 14:00:00,725.6154608999999,-14.097
2024-11-28 14:30:00,725.7826917,-13.973
2024-11-28 15:00:00,725.9274890999999,-13.839
2024-11-28 15:30:00,726.1854731999999,-13.7
2024-11-28 16:00:00,726.3455661,-13.461
2024-11-28 16:30:00,726.5913137999999,-13.046
2024-11-28 17:00:00,726.8340023999999,-11.569
2024-11-28 17:30:00,727.066494,-9.787
2024-11-28 18:00:00,727.4254283999999,-7.74
2024-11-28 18:30:00,727.504965,-4.055
2024-11-28 19:00:00,727.4978271,-2.065
2024-11-28 19:30:00,727.6670972999999,0.454
2024-11-28 20:00:00,727.4968074,0.642
2024-11-28 20:30:00,727.3683251999998,0.014
2024-11-28 21:00:00,727.2276066,0.304
2024-11-28 21:30:00,727.2235278,0.721
2024-11-28 22:00:00,727.3571085,0.939
2024-11-28 22:30:00,727.2643158,-1.215
2024-11-28 23:00:00,727.0491590999999,-3.64
2024-11-28 23:30:00,726.9635043,-5.336
2024-11-29 00:00:00,726.9329132999999,-6.554
2024-11-29 00:30:00,727.0440606,-7.652
2024-11-29 01:00:00,727.1093214,-8.584
2024-11-29 01:30:00,727.1735624999999,-9.259
2024-11-29 02:00:00,727.1572473,-9.901
2024-11-29 02:30:00,727.1032031999999,-10.484
2024-11-29 03:00:00,727.2632960999998,-10.793
2024-11-29 03:30:00,727.4386844999999,-10.999
2024-11-29 04:00:00,727.6120335,-11.218
2024-11-29 04:30:00,727.5681864,-11.405
2024-11-29 05:00:00,727.5345362999999,-11.537
2024-11-29 05:30:00,727.6334472,-11.8
2024-11-29 06:00:00,727.5814425,-12.064
2024-11-29 06:30:00,727.6925898,-12.334
2024-11-29 07:00:00,727.8098552999999,-12.583
2024-11-29 07:30:00,727.882254,-12.768
2024-11-29 08:00:00,727.6864715999999,-12.979
2024-11-29 08:30:00,727.4968074,-13.13
2024-11-29 09:00:00,727.362207,-13.199
2024-11-29 09:30:00,727.2898082999999,-13.177
2024-11-29 10:00:00,727.3061235,-13.27
2024-11-29 10:30:00,727.2357642,-13.264
2024-11-29 11:00:00,727.2133308,-13.318
2024-11-29 11:30:00,727.1949761999999,-13.267
2024-11-29 12:00:00,727.0899470999999,-13.174
2024-11-29 12:30:00,727.1134002,-13.185
2024-11-29 13:00:00,727.1837595,-13.203
2024-11-29 13:30:00,727.2694142999999,-13.269
2024-11-29 14:00:00,727.3785221999999,-13.18
2024-11-29 14:30:00,727.3683251999998,-13.107
2024-11-29 15:00:00,727.4937483,-13.063
2024-11-29 15:30:00,727.7670278999999,-13.086
2024-11-29 16:00:00,727.9148843999999,-12.906
2024-11-29 16:30:00,728.2330307999999,-12.315
2024-11-29 17:00:00,728.4410496,-10.875
2024-11-29 17:30:00,728.7235065,-9.154
2024-11-29 18:00:00,729.0090225,-7.058
2024-11-29 18:30:00,729.1334258999999,-3.636
2024-11-29 19:00:00,729.1456622999999,-2.333
2024-11-29 19:30:00,729.4169024999999,0.32
2024-11-29 20:00:00,729.2476323,0.794
2024-11-29 20:30:00,728.9682345,-0.136
2024-11-29 21:00:00,728.9019539999999,0.122
2024-11-29 21:30:00,728.8244568,0.151
2024-11-29 22:00:00,728.6194971,-0.105
2024-11-29 22:30:00,728.6959745999999,-0.779
2024-11-29 23:00:00,728.5501575,-2.674
2024-11-29 23:30:00,728.4950936999999,-3.773
2024-11-30 00:00:00,728.3390796,-4.712
2024-11-30 00:30:00,728.4583845,-5.815
2024-11-30 01:00:00,728.5766697,-6.84
2024-11-30 01:30:00,728.4950936999999,-7.697
2024-11-30 02:00:00,728.5379210999998,-8.321
2024-11-30 02:30:00,728.6582457,-8.837
2024-11-30 03:00:00,728.8244568,-9.273
2024-11-30 03:30:00,728.9182691999999,-9.503
2024-11-30 04:00:00,729.0916182,-9.805
2024-11-30 04:30:00,729.095697,-10.103
2024-11-30 05:00:00,729.1324061999999,-10.255
2024-11-30 05:30:00,729.1966473,-10.455
2024-11-30 06:00:00,729.2231594999998,-10.605
2024-11-30 06:30:00,729.4423949999999,-10.662
2024-11-30 07:00:00,729.5749559999999,-10.632
2024-11-30 07:30:00,729.7411671,-10.367
2024-11-30 08:00:00,729.7554429,-10.177
2024-11-30 08:30:00,729.7146548999999,-9.917
2024-11-30 09:00:00,729.6116651999998,-9.873
2024-11-30 09:30:00,729.4719662999998,-10.19
2024-11-30 10:00:00,729.4342373999999,-10.621
2024-11-30 10:30:00,729.4026266999999,-10.867
2024-11-30 11:00:00,729.3047355,-10.776
2024-11-30 11:30:00,729.4077252,-10.975
2024-11-30 12:00:00,729.4740056999999,-11.317
2024-11-30 12:30:00,729.2802626999999,-11.309
2024-11-30 13:00:00,729.0793817999999,-11.467
2024-11-30 13:30:00,729.2241791999999,-11.756
2024-11-30 14:00:00,729.3842721,-12.028
2024-11-30 14:30:00,729.5718969,-12.021
2024-11-30 15:00:00,729.6585714,-11.916
2024-11-30 15:30:00,729.8319204,-11.87
2024-11-30 16:00:00,729.9909936,-11.57
2024-11-30 16:30:00,730.1990123999999,-11.139
2024-11-30 17:00:00,730.4641343999999,-9.882
2024-11-30 17:30:00,730.6772516999999,-8.291
2024-11-30 18:00:00,730.9739843999998,-6.292
2024-11-30 18:30:00,731.0739149999998,-2.803
2024-11-30 19:00:00,731.1758849999999,-0.849
2024-11-30 19:30:00,731.4807752999999,3.208
2024-11-30 20:00:00,730.9658268,2.55
2024-11-30 20:30:00,730.8087929999999,1.992
2024-11-30 21:00:00,730.7476109999999,2.636
2024-11-30 21:30:00,730.778202,3.765
2024-11-30 22:00:00,730.5650846999999,3.226
2024-11-30 22:30:00,730.3886765999998,1.175
2024-11-30 23:00:00,730.3285142999999,-0.479
2024-11-30 23:30:00,730.3693023,-2.06
2024-12-01 00:00:00,730.3764401999999,-3.061
2024-12-01 00:30:00,730.3387113,-3.921
2024-12-01 01:00:00,730.4539374,-4.6
2024-12-01 01:30:00,730.5885378,-5.207
2024-12-01 02:00:00,730.5202178999999,-5.671
2024-12-01 02:30:00,730.584459,-5.983
2024-12-01 03:00:00,730.7261973,-6.23
2024-12-01 03:30:00,730.7037638999999,-6.24
2024-12-01 04:00:00,730.778202,-6.185
2024-12-01 04:30:00,730.9168811999999,-6.028
2024-12-01 05:00:00,731.1524318999999,-6.036
2024-12-01 05:30:00,731.216673,-6.116
2024-12-01 06:00:00,731.1646683,-6.125
2024-12-01 06:30:00,731.2778549999999,-5.844
2024-12-01 07:00:00,731.4032781,-5.368
2024-12-01 07:30:00,731.6133362999999,-5.052
2024-12-01 08:00:00,731.6857349999999,-4.815
2024-12-01 08:30:00,731.6102772,-4.376
2024-12-01 09:00:00,731.6408682,-3.99
2024-12-01 09:30:00,731.6163953999999,-3.6
2024-12-01 10:00:00,731.5980407999999,-3.285
2024-12-01 10:30:00,731.5939619999999,-3.129
2024-12-01 11:00:00,731.3951205,-3.129
2024-12-01 11:30:00,731.2411457999999,-3.129
2024-12-01 12:00:00,731.0688165,-3.171
2024-12-01 12:30:00,730.9495115999999,-3.315
2024-12-01 13:00:00,730.9790828999999,-3.49
2024-12-01 13:30:00,731.0351663999999,-3.897
2024-12-01 14:00:00,731.1534515999999,-4.007
2024-12-01 14:30:00,731.3339384999999,-4.125
2024-12-01 15:00:00,731.4868935,-4.221
2024-12-01 15:30:00,731.6306711999999,-4.084
2024-12-01 16:00:00,731.8927341,-3.689
2024-12-01 16:30:00,732.0976938,-3.608
2024-12-01 17:00:00,732.328146,-2.009
2024-12-01 17:30:00,732.5351451,-1.309
2024-12-01 18:00:00,732.7268487,1.718
2024-12-01 18:30:00,732.6432332999999,3.557
2024-12-01 19:00:00,732.4831404,3.565
2024-12-01 19:30:00,732.0436497,3.05
2024-12-01 20:00:00,732.0161178,5.354
2024-12-01 20:30:00,731.7764883,4.358
2024-12-01 21:00:00,731.5042284,3.673
2024-12-01 21:30:00,731.5236026999999,3.602
2024-12-01 22:00:00,731.6174150999999,2.877
2024-12-01 22:30:00,731.4756767999999,2.698
2024-12-01 23:00:00,731.6163953999999,2.757
2024-12-01 23:30:00,731.6276121,2.184
2024-12-02 00:00:00,731.6184347999999,1.852
2024-12-02 00:30:00,731.542977,1.434
2024-12-02 01:00:00,731.4848540999999,0.58
2024-12-02 01:30:00,731.5215632999999,-0.13
2024-12-02 02:00:00,731.6490258,-0.721
2024-12-02 02:30:00,731.7091880999999,-1.154
2024-12-02 03:00:00,731.7265229999999,-1.53
2024-12-02 03:30:00,731.6643212999999,-1.773
2024-12-02 04:00:00,731.8050399,-2.156
2024-12-02 04:30:00,731.8254338999999,-2.634
2024-12-02 05:00:00,731.7163259999999,-3.065
2024-12-02 05:30:00,731.6408682,-3.5
2024-12-02 06:00:00,731.6286317999999,-3.827
2024-12-02 06:30:00,731.6887941,-4.051
2024-12-02 07:00:00,731.7785276999999,-4.296
2024-12-02 07:30:00,731.6061984,-4.427
2024-12-02 08:00:00,731.5388982,-4.603
2024-12-02 08:30:00,731.43081,-4.841
2024-12-02 09:00:00,731.3981795999999,-5.019
2024-12-02 09:30:00,731.4042978,-5.037
2024-12-02 10:00:00,731.4287705999999,-5.185
2024-12-02 10:30:00,731.4573222,-5.297
2024-12-02 11:00:00,731.2829535,-5.363
2024-12-02 11:30:00,731.1004271999999,-5.506
2024-12-02 12:00:00,731.0545407,-5.608
2024-12-02 12:30:00,730.9964177999999,-5.834
2024-12-02 13:00:00,730.9923389999999,-5.902
2024-12-02 13:30:00,731.0208906,-5.944
2024-12-02 14:00:00,731.1299984999999,-6.039
2024-12-02 14:30:00,731.2544019,-6.064
2024-12-02 15:00:00,731.4634403999999,-6.113
2024-12-02 15:30:00,731.5582725,-6.046
2024-12-02 16:00:00,731.6663606999999,-6.021
2024-12-02 16:30:00,731.8295126999999,-5.928
2024-12-02 17:00:00,732.124206,-5.035
2024-12-02 17:30:00,732.215979,-3.863
2024-12-02 18:00:00,732.3872886,-1.519
2024-12-02 18:30:00,732.6411938999998,1.305
2024-12-02 19:00:00,732.3719930999999,2.323
2024-12-02 19:30:00,732.3230474999999,6.133
2024-12-02 20:00:00,731.8978326,4.828
2024-12-02 20:30:00,731.5939619999999,3.682
2024-12-02 21:00:00,731.4787359,3.791
2024-12-02 21:30:00,731.4297902999999,4.737
2024-12-02 22:00:00,731.2982489999999,5.375
2024-12-02 22:30:00,731.3288399999999,3.536
2024-12-02 23:00:00,731.2411457999999,1.036
2024-12-02 23:30:00,731.1830228999999,-0.276
2024-12-03 00:00:00,731.1687471,-1.303
2024-12-03 00:30:00,731.1350969999999,-1.891
2024-12-03 01:00:00,731.1208212,-2.322
2024-12-03 01:30:00,731.1616091999999,-2.739
2024-12-03 02:00:00,731.2849928999999,-3.232
2024-12-03 02:30:00,731.1962789999999,-3.649
2024-12-03 03:00:00,731.1585501,-4.046
2024-12-03 03:30:00,731.1534515999999,-4.189
2024-12-03 04:00:00,731.2003578,-4.096
2024-12-03 04:30:00,731.2645989,-4.287
2024-12-03 05:00:00,731.2849928999999,-4.523
2024-12-03 05:30:00,731.2849928999999,-4.637
2024-12-03 06:00:00,731.2085154,-4.747
2024-12-03 06:30:00,731.2176927,-4.887
2024-12-03 07:00:00,731.1493727999999,-4.922
2024-12-03 07:30:00,731.1381561,-5.063
2024-12-03 08:00:00,730.9974374999999,-4.953
2024-12-03 08:30:00,730.7771822999998,-4.865
2024-12-03 09:00:00,730.6109712,-4.863
2024-12-03 09:30:00,730.4437403999999,-5.024
2024-12-03 10:00:00,730.482489,-5.255
2024-12-03 10:30:00,730.4957450999999,-5.49
2024-12-03 11:00:00,730.3234157999999,-5.728
2024-12-03 11:30:00,730.176579,-5.994
2024-12-03 12:00:00,730.1347713,-6.119
2024-12-03 12:30:00,730.0236239999999,-6.318
2024-12-03 13:00:00,730.0246437,-6.392
2024-12-03 13:30:00,729.9848754,-6.49
2024-12-03 14:00:00,730.0083285,-6.589
2024-12-03 14:30:00,730.084806,-6.743
2024-12-03 15:00:00,730.2724307999999,-6.667
2024-12-03 15:30:00,730.3845977999999,-6.541
2024-12-03 16:00:00,730.6028135999999,-6.43
2024-12-03 16:30:00,730.7741232,-6.274
2024-12-03 17:00:00,731.0565800999999,-5.211
2024-12-03 17:30:00,731.1391758,-4.116
2024-12-03 18:00:00,731.3471946,-2.541
2024-12-03 18:30:00,731.5032087,0.231
2024-12-03 19:00:00,731.4236720999999,1.924
2024-12-03 19:30:00,731.4450857999999,6.098
2024-12-03 20:00:00,731.1034863,4.678
2024-12-03 20:30:00,730.8251081999998,3.351
2024-12-03 21:00:00,730.8067536,3.524
2024-12-03 21:30:00,730.8444824999999,4.635
2024-12-03 22:00:00,730.8516203999999,5.329
2024-12-03 22:30:00,730.7149806,3.07
2024-12-03 23:00:00,730.625247,0.783
2024-12-03 23:30:00,730.6436015999999,-0.535
2024-12-04 00:00:00,730.553868,-1.557
2024-12-04 00:30:00,730.5548876999999,-2.121
2024-12-04 01:00:00,730.6884683999999,-2.674
2024-12-04 01:30:00,730.8465219,-3.342
2024-12-04 02:00:00,730.8393839999999,-3.919
2024-12-04 02:30:00,730.9423737,-4.225
2024-12-04 03:00:00,731.0616785999999,-4.353
2024-12-04 03:30:00,731.2798943999999,-4.413
2024-12-04 04:00:00,731.4042978,-4.519
2024-12-04 04:30:00,731.5113662999998,-4.753
2024-12-04 05:00:00,731.5592921999998,-4.893
2024-12-04 05:30:00,731.6551439999998,-5.088
2024-12-04 06:00:00,731.6684000999999,-5.196
2024-12-04 06:30:00,731.9243448,-5.248
2024-12-04 07:00:00,732.0477284999998,-5.317
2024-12-04 07:30:00,732.1945653,-5.474
2024-12-04 08:00:00,732.1354226999999,-5.63
2024-12-04 08:30:00,731.9906252999999,-5.772
2024-12-04 09:00:00,732.0242754,-5.765
2024-12-04 09:30:00,731.9661524999999,-5.969
2024-12-04 10:00:00,731.8662218999999,-6.162
2024-12-04 10:30:00,731.9416797,-6.257
2024-12-04 11:00:00,731.9477979,-6.316
2024-12-04 11:30:00,731.9528963999999,-6.542
2024-12-04 12:00:00,731.8172762999999,-6.771
2024-12-04 12:30:00,731.9131280999999,-6.859
2024-12-04 13:00:00,731.8682613,-6.986
2024-12-04 13:30:00,731.9304629999999,-7.095
2024-12-04 14:00:00,731.8723401,-7.177
2024-12-04 14:30:00,731.9712509999999,-7.38
2024-12-04 15:00:00,732.1864077,-7.463
2024-12-04 15:30:00,732.2883777,-7.401
2024-12-04 16:00:00,732.4280765999999,-7.253
2024-12-04 16:30:00,732.7309275,-6.944
2024-12-04 17:00:00,732.8563505999999,-6.09
2024-12-04 17:30:00,733.0347980999999,-4.938
2024-12-04 18:00:00,733.3233731999999,-3.498
2024-12-04 18:30:00,733.5986922,0.077
2024-12-04 19:00:00,733.6017512999999,1.925
2024-12-04 19:30:00,733.6568151,6.072
2024-12-04 20:00:00,733.3141959,4.671
2024-12-04 20:30:00,733.1918318999999,3.675
2024-12-04 21:00:00,733.0144041,3.689
2024-12-04 21:30:00,733.0307192999999,4.638
2024-12-04 22:00:00,732.8696067,5.258
2024-12-04 22:30:00,732.8696067,3.376
2024-12-04 23:00:00,732.5861300999999,0.668
2024-12-04 23:30:00,732.6299772,-1.013
2024-12-05 00:00:00,732.5249481,-1.993
2024-12-05 00:30:00,732.4882388999998,-2.683
2024-12-05 01:00:00,732.4749828,-3.372
2024-12-05 01:30:00,732.4974161999999,-3.878
2024-12-05 02:00:00,732.5473814999999,-4.311
2024-12-05 02:30:00,732.6187605,-4.597
2024-12-05 03:00:00,732.6238589999999,-4.695
2024-12-05 03:30:00,732.6687258,-4.966
2024-12-05 04:00:00,732.6411938999998,-5.418
2024-12-05 04:30:00,732.6891197999998,-5.696
2024-12-05 05:00:00,732.6452727,-5.838
2024-12-05 05:30:00,732.7033955999999,-6.107
2024-12-05 06:00:00,732.6187605,-6.261
2024-12-05 06:30:00,732.6187605,-6.545
2024-12-05 07:00:00,732.6452727,-6.861
2024-12-05 07:30:00,732.6146817,-7.11
2024-12-05 08:00:00,732.3668945999999,-7.235
2024-12-05 08:30:00,732.2343336,-7.505
2024-12-05 09:00:00,732.0864771,-7.72
2024-12-05 09:30:00,731.9947041,-7.931
2024-12-05 10:00:00,732.1089104999999,-8.15
2024-12-05 10:30:00,732.2200578,-8.297
2024-12-05 11:00:00,732.3515990999999,-8.442
2024-12-05 11:30:00,732.3169293,-8.58
2024-12-05 12:00:00,732.1496984999999,-8.649
2024-12-05 12:30:00,732.195585,-8.655
2024-12-05 13:00:00,732.2037425999999,-8.626
2024-12-05 13:30:00,732.1384818,-8.644
2024-12-05 14:00:00,732.1415409,-8.623
2024-12-05 14:30:00,732.164994,-8.638
2024-12-05 15:00:00,732.0671027999999,-8.699
2024-12-05 15:30:00,731.9977632,-8.702
2024-12-05 16:00:00,732.0293739,-8.629
2024-12-05 16:30:00,732.1068710999999,-8.329
2024-12-05 17:00:00,732.3515990999999,-7.712
2024-12-05 17:30:00,732.6707652,-6.49
2024-12-05 18:00:00,732.8950991999999,-4.72
2024-12-05 18:30:00,733.0072662,-2.245
2024-12-05 19:00:00,732.8696067,0.073
2024-12-05 19:30:00,733.0562117999999,4.837
2024-12-05 20:00:00,732.5983664999999,3.963
2024-12-05 20:30:00,732.1945653,3.227
2024-12-05 21:00:00,732.0436497,3.189
2024-12-05 21:30:00,732.0038813999998,3.767
2024-12-05 22:00:00,731.8193157,4.437
2024-12-05 22:30:00,731.7040896,2.872
2024-12-05 23:00:00,731.4389676,-0.237
2024-12-05 23:30:00,731.2941701999999,-1.985
2024-12-06 00:00:00,731.2013774999999,-2.996
2024-12-06 00:30:00,731.1616091999999,-3.831
2024-12-06 01:00:00,731.2023972,-4.487
2024-12-06 01:30:00,731.3064066,-4.871
2024-12-06 02:00:00,731.4899525999999,-4.902
2024-12-06 02:30:00,731.6612621999999,-4.642
2024-12-06 03:00:00,731.7458973,-4.811
2024-12-06 03:30:00,731.7775079999999,-5.155
2024-12-06 04:00:00,731.7255032999999,-5.648
2024-12-06 04:30:00,731.5888635,-5.786
2024-12-06 05:00:00,731.8142171999999,-5.764
2024-12-06 05:30:00,731.8560248999999,-6.174
2024-12-06 06:00:00,731.9304629999999,-6.352
2024-12-06 06:30:00,731.9763495,-6.618
2024-12-06 07:00:00,731.9936844,-6.84
2024-12-06 07:30:00,732.2231168999999,-6.791
2024-12-06 08:00:00,732.4239977999999,-7.109
2024-12-06 08:30:00,732.6106028999999,-7.559
2024-12-06 09:00:00,732.5800118999999,-7.651
2024-12-06 09:30:00,732.2639048999999,-7.627
2024-12-06 10:00:00,732.2108804999999,-7.679
2024-12-06 10:30:00,731.8529658,-7.677
2024-12-06 11:00:00,731.5766270999999,-7.362
2024-12-06 11:30:00,731.5796862,-6.526
2024-12-06 12:00:00,731.6296514999999,-6.629
2024-12-06 12:30:00,731.6112968999998,-6.778
2024-12-06 13:00:00,731.5144254,-6.96
2024-12-06 13:30:00,731.6337302999999,-7.024
2024-12-06 14:00:00,731.8346111999999,-7.06
2024-12-06 14:30:00,732.0038813999998,-7.327
2024-12-06 15:00:00,732.0803589,-7.516
2024-12-06 15:30:00,732.2180183999999,-7.497
2024-12-06 16:00:00,732.2730822,-7.344
2024-12-06 16:30:00,732.4209387,-7.009
2024-12-06 17:00:00,732.5769528,-6.209
2024-12-06 17:30:00,732.9256901999998,-4.82
2024-12-06 18:00:00,733.4691902999999,-3.139
2024-12-06 18:30:00,733.5344511,-0.863
2024-12-06 19:00:00,733.2683094,0.577
2024-12-06 19:30:00,733.7761199999999,6.195
2024-12-06 20:00:00,733.3437671999999,5.173
2024-12-06 20:30:00,733.0949603999999,3.936
2024-12-06 21:00:00,732.7584594,4.114
2024-12-06 21:30:00,732.664647,4.931
2024-12-06 22:00:00,732.5310663,5.818
2024-12-06 22:30:00,732.3485399999998,4.048
2024-12-06 23:00:00,732.2353532999999,1.331
2024-12-06 23:30:00,732.1894668,-0.41
2024-12-07 00:00:00,732.4678448999999,-1.922
2024-12-07 00:30:00,732.5422829999999,-2.86
2024-12-07 01:00:00,732.634056,-3.747
2024-12-07 01:30:00,732.4372539,-4.15
2024-12-07 02:00:00,732.3974855999999,-4.561
2024-12-07 02:30:00,732.3964659000001,-4.8
2024-12-07 03:00:00,732.4464311999999,-4.935
2024-12-07 03:30:00,732.4056431999999,-5.085
2024-12-07 04:00:00,732.4739631,-5.336
2024-12-07 04:30:00,732.6116225999999,-5.518
2024-12-07 05:00:00,732.7696761,-5.699
2024-12-07 05:30:00,732.736026,-5.84
2024-12-07 06:00:00,732.8267793,-5.897
2024-12-07 06:30:00,732.7880306999999,-5.987
2024-12-07 07:00:00,732.7023758999999,-6.098
2024-12-07 07:30:00,732.7717155,-6.259
2024-12-07 08:00:00,732.5157707999999,-6.401
2024-12-07 08:30:00,732.2863383,-6.539
2024-12-07 09:00:00,732.0915755999999,-6.586
2024-12-07 09:30:00,732.1150286999999,-6.793
2024-12-07 10:00:00,732.0813786,-6.923
2024-12-07 10:30:00,731.8784582999999,-7.017
2024-12-07 11:00:00,731.8458279,-6.9
2024-12-07 11:30:00,731.8631627999999,-6.921
2024-12-07 12:00:00,731.9661524999999,-6.879
2024-12-07 12:30:00,731.9763495,-6.992
2024-12-07 13:00:00,731.950857,-7.011
2024-12-07 13:30:00,732.0671027999999,-7.012
2024-12-07 14:00:00,732.2995943999999,-7.154
2024-12-07 14:30:00,732.4148204999999,-7.101
2024-12-07 15:00:00,732.4464311999999,-7.08
2024-12-07 15:30:00,732.4943570999999,-7.029
2024-12-07 16:00:00,732.4861995,-6.926
2024-12-07 16:30:00,732.5341254,-6.63
2024-12-07 17:00:00,732.6309969,-5.746
2024-12-07 17:30:00,732.7727351999999,-4.587
2024-12-07 18:00:00,732.888981,-2.835
2024-12-07 18:30:00,732.9929903999999,-0.196
2024-12-07 19:00:00,732.8328975000001,1.717
2024-12-07 19:30:00,733.0541724,9.052
2024-12-07 20:00:00,732.674844,7.452
2024-12-07 20:30:00,732.3699537,6.191
2024-12-07 21:00:00,732.0752603999999,6.095
2024-12-07 21:30:00,731.9967435,6.634
2024-12-07 22:00:00,731.7112274999998,5.904
2024-12-07 22:30:00,731.8682613,3.971
2024-12-07 23:00:00,731.9284236,2.907
2024-12-07 23:30:00,731.8723401,1.354
2024-12-08 00:00:00,731.6245529999999,-0.177
2024-12-08 00:30:00,731.5929423,-1.389
2024-12-08 01:00:00,731.4766964999999,-2.356
2024-12-08 01:30:00,731.6724788999999,-2.818
2024-12-08 02:00:00,731.7316215,-3.089
2024-12-08 02:30:00,731.6163953999999,-3.179
2024-12-08 03:00:00,731.6021195999999,-3.067
2024-12-08 03:30:00,731.6561637,-2.938
2024-12-08 04:00:00,731.6653409999999,-2.784
2024-12-08 04:30:00,731.8060596,-2.689
2024-12-08 05:00:00,731.8937538,-2.708
2024-12-08 05:30:00,731.6694197999999,-2.857
2024-12-08 06:00:00,731.5052481,-2.937
2024-12-08 06:30:00,731.3951205,-2.956
2024-12-08 07:00:00,731.3635098,-2.844
2024-12-08 07:30:00,731.1157227,-2.991
2024-12-08 08:00:00,730.9566494999999,-3.225
2024-12-08 08:30:00,730.5773211,-3.338
2024-12-08 09:00:00,730.2693717,-3.402
2024-12-08 09:30:00,730.0460574,-3.452
2024-12-08 10:00:00,730.2224655,-3.538
2024-12-08 10:30:00,730.2255246,-3.67
2024-12-08 11:00:00,730.0215846,-3.788
2024-12-08 11:30:00,729.9104372999999,-3.819
2024-12-08 12:00:00,729.7972506,-4.058
2024-12-08 12:30:00,729.7064973,-4.216
2024-12-08 13:00:00,729.7513640999998,-4.446
2024-12-08 13:30:00,729.7054776,-4.702
2024-12-08 14:00:00,729.7421868,-5.017
2024-12-08 14:30:00,729.707517,-5.274
2024-12-08 15:00:00,729.5831135999999,-5.62
2024-12-08 15:30:00,729.6320592,-5.83
2024-12-08 16:00:00,729.6636699000001,-5.599
2024-12-08 16:30:00,729.7819550999999,-5.459
2024-12-08 17:00:00,729.6718275,-5.154
2024-12-08 17:30:00,729.7187336999999,-4.228
2024-12-08 18:00:00,729.8982009,-2.488
2024-12-08 18:30:00,729.9410283,-0.502
2024-12-08 19:00:00,729.6004485,1.698
2024-12-08 19:30:00,729.6748865999999,7.773
2024-12-08 20:00:00,729.3781538999999,6.227
2024-12-08 20:30:00,729.1140515999999,4.85
2024-12-08 21:00:00,728.6500881,4.34
2024-12-08 21:30:00,728.6194971,5.006
2024-12-08 22:00:00,728.5338422999998,5.764
2024-12-08 22:30:00,728.6225562,4.564
2024-12-08 23:00:00,728.3645720999999,2.895
2024-12-08 23:30:00,728.0902728,1.25
2024-12-09 00:00:00,728.1290213999999,0.28
2024-12-09 00:30:00,728.0331696,-0.342
2024-12-09 01:00:00,728.0912925,-1.509
2024-12-09 01:30:00,728.0086967999999,-2.758
2024-12-09 02:00:00,728.0739576,-3.506
2024-12-09 02:30:00,728.0872137,-4.282
2024-12-09 03:00:00,728.1402381,-4.895
2024-12-09 03:30:00,728.0974106999998,-5.509
2024-12-09 04:00:00,728.0882333999999,-5.947
2024-12-09 04:30:00,728.0178741,-6.369
2024-12-09 05:00:00,727.9362980999999,-6.82
2024-12-09 05:30:00,727.9291602,-6.926
2024-12-09 06:00:00,727.9138646999999,-7.082
2024-12-09 06:30:00,727.8098552999999,-7.319
2024-12-09 07:00:00,727.7925204,-7.42
2024-12-09 07:30:00,727.7558112,-7.548
2024-12-09 08:00:00,727.5681864,-7.676
2024-12-09 08:30:00,727.4774330999999,-7.705
2024-12-09 09:00:00,727.4866103999999,-7.592
2024-12-09 09:30:00,727.4111526,-7.8
2024-12-09 10:00:00,727.3234583999999,-7.855
2024-12-09 10:30:00,727.4091132,-8.11
2024-12-09 11:00:00,727.3499706,-8.479
2024-12-09 11:30:00,727.3091826,-8.799
2024-12-09 12:00:00,727.2612567,-9.184
2024-12-09 12:30:00,727.2439218,-9.528
2024-12-09 13:00:00,727.1694837,-9.839
2024-12-09 13:30:00,727.0981046999999,-10.108
2024-12-09 14:00:00,727.3397736,-10.323
2024-12-09 14:30:00,727.413192,-10.454
2024-12-09 15:00:00,727.6456836,-10.6
2024-12-09 15:30:00,727.5804228,-10.451
2024-12-09 16:00:00,727.8985692,-10.375
2024-12-09 16:30:00,728.1657306,-10.391
2024-12-09 17:00:00,728.4043403999999,-9.396
2024-12-09 17:30:00,728.7673536,-7.817
2024-12-09 18:00:00,729.1058939999999,-6.331
2024-12-09 18:30:00,729.1599381,-4.232
2024-12-09 19:00:00,729.1273076999998,-1.693
2024-12-09 19:30:00,729.5637392999998,5.807
2024-12-09 20:00:00,729.3883509,3.867
2024-12-09 20:30:00,729.1273076999998,2.492
2024-12-09 21:00:00,729.0345149999999,2.398
2024-12-09 21:30:00,729.3047355,3.789
2024-12-09 22:00:00,729.4097646,4.234
2024-12-09 22:30:00,729.3750947999999,1.284
2024-12-09 23:00:00,729.2384549999999,-1.852
2024-12-09 23:30:00,729.4056858,-3.741
2024-12-10 00:00:00,729.6861032999999,-5.022
2024-12-10 00:30:00,729.7217927999999,-5.821
2024-12-10 01:00:00,729.9838556999999,-5.622
2024-12-10 01:30:00,730.1888154,-5.569
2024-12-10 02:00:00,730.3468688999999,-5.842
2024-12-10 02:30:00,730.1092787999999,-6.925
2024-12-10 03:00:00,730.3071005999999,-7.065
2024-12-10 03:30:00,730.4264055,-7.024
2024-12-10 04:00:00,730.7527094999999,-6.707
2024-12-10 04:30:00,731.1718061999999,-6.901
2024-12-10 05:00:00,731.1748652999999,-7.395
2024-12-10 05:30:00,731.3053868999999,-8.0
2024-12-10 06:00:00,731.7224441999999,-8.2
2024-12-10 06:30:00,731.7489564,-7.967
2024-12-10 07:00:00,731.9753297999999,-8.132
2024-12-10 07:30:00,732.3210081,-7.979
2024-12-10 08:00:00,732.4770222,-7.314
2024-12-10 08:30:00,732.1180877999999,-7.828
2024-12-10 09:00:00,731.9926647,-8.364
2024-12-10 09:30:00,732.2312744999999,-8.176
2024-12-10 10:00:00,732.725829,-8.469
2024-12-10 10:30:00,733.0327586999999,-9.019
2024-12-10 11:00:00,732.9583206,-9.076
2024-12-10 11:30:00,732.8349368999999,-9.178
2024-12-10 12:00:00,732.7523411999999,-9.251
2024-12-10 12:30:00,732.8767445999998,-9.345
2024-12-10 13:00:00,732.9491433,-9.408
2024-12-10 13:30:00,733.113315,-9.395
2024-12-10 14:00:00,733.2214032,-9.593
2024-12-10 14:30:00,733.3957719,-9.714
2024-12-10 15:00:00,733.5038601,-9.864
2024-12-10 15:30:00,733.6935242999999,-9.794
2024-12-10 16:00:00,733.9668039,-9.533
2024-12-10 16:30:00,734.316561,-9.284
2024-12-10 17:00:00,734.5602693,-8.614
2024-12-10 17:30:00,735.0211737,-7.147
2024-12-10 18:00:00,735.2873153999999,-5.129
2024-12-10 18:30:00,735.3831671999999,-2.817
2024-12-10 19:00:00,735.1863650999999,-0.857
2024-12-10 19:30:00,735.4678022999999,5.651
2024-12-10 20:00:00,735.1170255,4.171
2024-12-10 20:30:00,734.6958893999999,2.731
2024-12-10 21:00:00,734.5347768,2.395
2024-12-10 21:30:00,734.6306286,2.915
2024-12-10 22:00:00,734.5031660999999,3.15
2024-12-10 22:30:00,734.4837918,1.341
2024-12-10 23:00:00,734.1319953,-1.061
2024-12-10 23:30:00,734.0810103,-2.791
2024-12-11 00:00:00,733.9770008999999,-3.863
2024-12-11 00:30:00,733.7638835999999,-4.684
2024-12-11 01:00:00,733.9025627999998,-5.407
2024-12-11 01:30:00,733.7312532,-5.874
2024-12-11 02:00:00,733.7210561999999,-6.263
2024-12-11 02:30:00,733.6282634999999,-6.6
2024-12-11 03:00:00,733.4916237,-6.805
2024-12-11 03:30:00,733.5436284,-6.858
2024-12-11 04:00:00,733.5986922,-6.912
2024-12-11 04:30:00,733.5956331,-7.027
2024-12-11 05:00:00,733.4732690999999,-7.181
2024-12-11 05:30:00,733.4294219999999,-7.394
2024-12-11 06:00:00,733.317255,-7.561
2024-12-11 06:30:00,733.3702793999998,-7.593
2024-12-11 07:00:00,733.3080777,-7.591
2024-12-11 07:30:00,733.0766058,-7.78
2024-12-11 08:00:00,732.8043458999999,-7.963
2024-12-11 08:30:00,732.5708346,-8.016
2024-12-11 09:00:00,732.5555390999999,-8.022
2024-12-11 09:30:00,732.4739631,-8.157
2024-12-11 10:00:00,732.3923870999998,-8.188
2024-12-11 10:30:00,731.9426993999999,-8.123
2024-12-11 11:00:00,731.6928729,-7.981
2024-12-11 11:30:00,731.3839037999999,-7.999
2024-12-11 12:00:00,731.2890716999999,-7.672
2024-12-11 12:30:00,731.3604507,-7.201
2024-12-11 13:00:00,731.2778549999999,-7.116
2024-12-11 13:30:00,731.4552828,-7.362
2024-12-11 14:00:00,731.5409375999999,-7.6
2024-12-11 14:30:00,731.1850622999999,-7.756
2024-12-11 15:00:00,731.0300679000001,-7.855
2024-12-11 15:30:00,730.9444130999999,-7.649
2024-12-11 16:00:00,730.8373445999999,-7.223
2024-12-11 16:30:00,730.9036250999999,-6.867
2024-12-11 17:00:00,731.0688165,-5.725
2024-12-11 17:30:00,731.1401954999999,-4.154
2024-12-11 18:00:00,731.1055256999999,-2.646
2024-12-11 18:30:00,731.0341467,-0.238
2024-12-11 19:00:00,730.7618868,1.207
2024-12-11 19:30:00,730.6721532,7.483
2024-12-11 20:00:00,730.288746,5.176
2024-12-11 20:30:00,729.7411671,3.443
2024-12-11 21:00:00,729.2782232999999,3.459
2024-12-11 21:30:00,729.0916182,4.443
2024-12-11 22:00:00,728.8652447999999,5.172
2024-12-11 22:30:00,728.6429501999999,4.141
2024-12-11 23:00:00,728.3523356999999,2.673
2024-12-11 23:30:00,728.1412578,1.62
2024-12-12 00:00:00,727.8771555,0.498
2024-12-12 00:30:00,727.5467727,-0.891
2024-12-12 01:00:00,727.3662858,-2.342
2024-12-12 01:30:00,727.0858682999999,-3.273
2024-12-12 02:00:00,726.6973625999999,-3.751
2024-12-12 02:30:00,726.3006992999999,-3.931
2024-12-12 03:00:00,725.9692967999999,-3.667
2024-12-12 03:30:00,725.8612085999999,-3.896
2024-12-12 04:00:00,725.6909187,-2.98
2024-12-12 04:30:00,725.1943247999999,-3.518
2024-12-12 05:00:00,724.7609523,-3.683
2024-12-12 05:30:00,724.4927711999999,-2.225
2024-12-12 06:00:00,724.2103142999999,-1.144
2024-12-12 06:30:00,723.7453310999999,-0.867
2024-12-12 07:00:00,723.4282043999999,-0.667
2024-12-12 07:30:00,723.1304519999999,-0.638
2024-12-12 08:00:00,722.5951094999999,-0.748
2024-12-12 08:30:00,722.4482727,-1.1
2024-12-12 09:00:00,722.1892689,-1.16
2024-12-12 09:30:00,721.8119798999999,-1.54
2024-12-12 10:00:00,721.4866956,-1.443
2024-12-12 10:30:00,720.9136242,-1.429
2024-12-12 11:00:00,720.7453737,-1.817
2024-12-12 11:30:00,720.3099617999999,-1.872
2024-12-12 12:00:00,719.7552449999998,-2.173
2024-12-12 12:30:00,719.0587899,-2.188
2024-12-12 13:00:00,718.5040730999999,-2.598
2024-12-12 13:30:00,718.4959154999999,-3.133
2024-12-12 14:00:00,717.4425653999999,-4.935
2024-12-12 14:30:00,716.9684049,-5.655
2024-12-12 15:00:00,716.9418926999999,-6.24
2024-12-12 15:30:00,715.9629806999999,-6.459
2024-12-12 16:00:00,715.8783456,-6.366
2024-12-12 16:30:00,715.8967001999999,-6.435
2024-12-12 17:00:00,716.2097481,-6.274
2024-12-12 17:30:00,716.5788795,-5.974
2024-12-12 18:00:00,716.7348935999999,-5.627
2024-12-12 18:30:00,717.2263889999999,-4.948
2024-12-12 19:00:00,716.6563766999999,-5.425
2024-12-12 19:30:00,716.2321815,-4.457
2024-12-12 20:00:00,716.1648812999999,-5.162
2024-12-12 20:30:00,716.2903043999999,-5.081
2024-12-12 21:00:00,716.3310924,-5.115
2024-12-12 21:30:00,716.4422396999998,-5.584
2024-12-12 22:00:00,716.594175,-6.248
2024-12-12 22:30:00,716.8450211999999,-6.887
2024-12-12 23:00:00,716.8307453999998,-7.021
2024-12-12 23:30:00,717.2651376,-7.02
2024-12-13 00:00:00,717.3507923999999,-7.139
2024-12-13 00:30:00,717.5618703,-7.278
2024-12-13 01:00:00,717.6587418,-7.457
2024-12-13 01:30:00,717.7698890999999,-7.553
2024-12-13 02:00:00,717.8300513999999,-7.385
2024-12-13 02:30:00,718.0390899,-7.148
2024-12-13 03:00:00,718.4938760999999,-6.912
2024-12-13 03:30:00,718.2664829999999,-6.84
2024-12-13 04:00:00,718.4561471999999,-6.711
2024-12-13 04:30:00,718.5693339,-6.572
2024-12-13 05:00:00,718.5203882999999,-6.478
2024-12-13 05:30:00,718.7202495,-6.426
2024-12-13 06:00:00,718.9150122,-6.342
2024-12-13 06:30:00,719.2882223999999,-6.268
2024-12-13 07:00:00,719.3514438,-6.275
2024-12-13 07:30:00,719.7419888999999,-6.277
2024-12-13 08:00:00,719.6481765,-6.51
2024-12-13 08:30:00,719.9785592999999,-6.518
2024-12-13 09:00:00,720.7035659999999,-6.365
2024-12-13 09:30:00,721.0380276,-6.171
2024-12-13 10:00:00,721.1920022999999,-6.212
2024-12-13 10:30:00,721.5611337,-6.415
2024-12-13 11:00:00,721.6376111999999,-6.652
2024-12-13 11:30:00,722.0465109,-7.042
2024-12-13 12:00:00,722.0923974,-7.39
2024-12-13 12:30:00,722.0699639999999,-8.032
2024-12-13 13:00:00,721.9802304,-9.331
2024-12-13 13:30:00,722.4003467999999,-10.738
2024-12-13 14:00:00,722.2667660999999,-11.733
2024-12-13 14:30:00,722.3401844999999,-12.231
2024-12-13 15:00:00,722.171934,-12.491
2024-12-13 15:30:00,722.7327689999998,-12.307
2024-12-13 16:00:00,723.4720514999999,-11.629
2024-12-13 16:30:00,723.78306,-9.431
2024-12-13 17:00:00,724.3795845,-6.687
2024-12-13 17:30:00,725.0770592999999,-4.381
2024-12-13 18:00:00,725.8673267999999,-2.884
2024-12-13 18:30:00,726.0610697999999,-2.026
2024-12-13 19:00:00,726.0651485999999,-1.555
2024-12-13 19:30:00,725.9743953,-1.51
2024-12-13 20:00:00,726.0549515999999,-1.079
2024-12-13 20:30:00,725.6287169999999,-0.703
2024-12-13 21:00:00,725.802066,-0.554
2024-12-13 21:30:00,725.6073033,-0.655
2024-12-13 22:00:00,725.5451016,-0.889
2024-12-13 22:30:00,725.6674655999999,-1.031
2024-12-13 23:00:00,726.0100848,-1.295
2024-12-13 23:30:00,726.2007686999999,-1.862
2024-12-14 00:00:00,725.9672573999999,-2.231
2024-12-14 00:30:00,726.0977789999998,-2.2
2024-12-14 01:00:00,726.4220435999999,-2.411
2024-12-14 01:30:00,726.4169450999999,-2.474
2024-12-14 02:00:00,726.4771074,-2.15
2024-12-14 02:30:00,726.2843841,-2.008
2024-12-14 03:00:00,726.3312903,-1.202
2024-12-14 03:30:00,726.3506646,-1.621
2024-12-14 04:00:00,726.2772461999999,-1.888
2024-12-14 04:30:00,726.209946,-2.005
2024-12-14 05:00:00,725.8948587,-2.147
2024-12-14 05:30:00,725.7317066999999,-1.604
2024-12-14 06:00:00,725.6562489,-1.438
2024-12-14 06:30:00,724.9363407,-1.252
2024-12-14 07:00:00,724.8945329999999,-0.79
2024-12-14 07:30:00,724.5733275,-1.035
2024-12-14 08:00:00,724.5753669,-2.534
2024-12-14 08:30:00,724.282713,-3.53
2024-12-14 09:00:00,724.4091557999999,-4.073
2024-12-14 09:30:00,724.8149963999999,-4.627
2024-12-14 10:00:00,724.4458649999999,-5.149
2024-12-14 10:30:00,725.0240348999998,-5.577
2024-12-14 11:00:00,724.7303613,-5.945
2024-12-14 11:30:00,724.8486465,-6.13
2024-12-14 12:00:00,724.1368959,-6.379
2024-12-14 12:30:00,723.2701508999999,-6.747
2024-12-14 13:00:00,722.997891,-6.687
2024-12-14 13:30:00,722.7827343,-6.526
2024-12-14 14:00:00,721.9996046999998,-6.366
2024-12-14 14:30:00,721.5356412,-6.16
2024-12-14 15:00:00,721.0441457999999,-5.819
2024-12-14 15:30:00,720.9982593,-5.369
2024-12-14 16:00:00,721.0421064,-5.014
2024-12-14 16:30:00,719.5553838,-5.495
2024-12-14 17:00:00,718.4959154999999,-5.892
2024-12-14 17:30:00,717.8983713,-6.417
2024-12-14 18:00:00,717.7209434999999,-6.922
2024-12-14 18:30:00,717.2518815,-7.196
2024-12-14 19:00:00,716.8796909999999,-6.918
2024-12-14 19:30:00,717.3803636999999,-6.13
2024-12-14 20:00:00,718.1869464,-5.94
2024-12-14 20:30:00,716.8440014999999,-6.209
2024-12-14 21:00:00,717.2172117,-6.536
2024-12-14 21:30:00,718.0564248,-6.037
2024-12-14 22:00:00,719.1515826,-5.9
2024-12-14 22:30:00,719.7715602,-6.13
2024-12-14 23:00:00,720.0081306,-6.479
2024-12-14 23:30:00,720.4659759,-6.619
2024-12-15 00:00:00,721.1787461999999,-6.872
2024-12-15 00:30:00,721.8384920999999,-7.145
2024-12-15 01:00:00,723.1365701999999,-7.363
2024-12-15 01:30:00,723.4873469999999,-7.941
2024-12-15 02:00:00,723.7871388,-8.044
2024-12-15 02:30:00,723.9451923,-8.192
2024-12-15 03:00:00,724.0135121999999,-8.911
2024-12-15 03:30:00,723.9727241999999,-10.132
2024-12-15 04:00:00,723.8982861,-11.398
2024-12-15 04:30:00,723.8238479999999,-12.211
2024-12-15 05:00:00,723.9920985,-12.834
2024-12-15 05:30:00,724.2918902999999,-12.746
2024-12-15 06:00:00,724.4101754999999,-13.032
2024-12-15 06:30:00,725.0485077,-13.089
2024-12-15 07:00:00,725.0719607999998,-13.609
2024-12-15 07:30:00,724.9506164999999,-14.339
2024-12-15 08:00:00,724.8058190999999,-14.811
2024-12-15 08:30:00,724.6814157,-15.329
2024-12-15 09:00:00,724.4570816999999,-15.51
2024-12-15 09:30:00,724.6334898,-15.733
2024-12-15 10:00:00,725.0342318999999,-15.883
2024-12-15 10:30:00,725.2504083,-16.225
2024-12-15 11:00:00,725.2738613999999,-16.465
2024-12-15 11:30:00,725.149458,-16.58
2024-12-15 12:00:00,725.3115903,-16.799
2024-12-15 12:30:00,725.2738613999999,-16.823
2024-12-15 13:00:00,725.5461213,-16.558
2024-12-15 13:30:00,725.6348352,-16.431
2024-12-15 14:00:00,725.7724946999999,-16.49
2024-12-15 14:30:00,726.0192620999999,-16.396
2024-12-15 15:00:00,726.1599806999999,-16.006
2024-12-15 15:30:00,726.3924722999999,-15.355
2024-12-15 16:00:00,726.4577330999999,-15.057
2024-12-15 16:30:00,726.7514067,-14.8
2024-12-15 17:00:00,727.0277453999998,-13.869
2024-12-15 17:30:00,727.270434,-12.484
2024-12-15 18:00:00,727.5916394999999,-10.57
2024-12-15 18:30:00,727.6293684,-8.371
2024-12-15 19:00:00,727.7986386,-6.606
2024-12-15 19:30:00,728.1626714999999,-0.831
2024-12-15 20:00:00,728.157573,-1.168
2024-12-15 20:30:00,728.1514547999999,-2.337
2024-12-15 21:00:00,728.2636217999999,-1.949
2024-12-15 21:30:00,728.2809566999999,-0.859
2024-12-15 22:00:00,728.5165073999999,0.277
2024-12-15 22:30:00,728.77959,-1.022
2024-12-15 23:00:00,728.5175270999999,-4.117
2024-12-15 23:30:00,728.422695,-5.993
2024-12-16 00:00:00,728.4308526,-7.051
2024-12-16 00:30:00,728.2493460000001,-7.994
2024-12-16 01:00:00,728.1045485999999,-8.628
2024-12-16 01:30:00,728.2758581999999,-9.13
2024-12-16 02:00:00,728.6398910999999,-9.467
2024-12-16 02:30:00,728.5827879,-9.745
2024-12-16 03:00:00,728.8468902,-9.77
2024-12-16 03:30:00,728.8366931999999,-9.683
2024-12-16 04:00:00,728.8305749999998,-9.283
2024-12-16 04:30:00,728.7510384,-8.899
2024-12-16 05:00:00,728.9284661999999,-8.64
2024-12-16 05:30:00,729.1324061999999,-8.267
2024-12-16 06:00:00,729.3975282,-7.75
2024-12-16 06:30:00,729.4005873,-7.339
2024-12-16 07:00:00,729.2629277999999,-5.593
2024-12-16 07:30:00,729.0967166999999,-5.335
2024-12-16 08:00:00,729.1375046999999,-5.22
2024-12-16 08:30:00,728.7765309,-5.584
2024-12-16 09:00:00,728.7143292,-5.718
2024-12-16 09:30:00,729.116091,-5.004
2024-12-16 10:00:00,729.1742139,-4.242
2024-12-16 10:30:00,729.2211201,-4.731
2024-12-16 11:00:00,729.0773423999999,-4.674
2024-12-16 11:30:00,728.9886284999999,-4.459
2024-12-16 12:00:00,728.8142598,-4.279
2024-12-16 12:30:00,728.9784315,-3.381
2024-12-16 13:00:00,728.9131706999999,-3.182
2024-12-16 13:30:00,728.6337728999998,-3.664
2024-12-16 14:00:00,728.4369708,-4.571
2024-12-16 14:30:00,728.2411883999998,-4.709
2024-12-16 15:00:00,728.1596123999999,-5.049
2024-12-16 15:30:00,727.8842933999999,-5.023
2024-12-16 16:00:00,728.2381293,-4.804
2024-12-16 16:30:00,728.6082803999999,-3.755
2024-12-16 17:00:00,728.9580374999999,-1.97
2024-12-16 17:30:00,728.8428114,-1.12
2024-12-16 18:00:00,729.1191500999998,-0.634
2024-12-16 18:30:00,729.3455234999999,0.045
2024-12-16 19:00:00,729.1018151999999,0.445
2024-12-16 19:30:00,728.6072607,0.661
2024-12-16 20:00:00,728.2789173,0.913
2024-12-16 20:30:00,727.6518017999999,0.677
2024-12-16 21:00:00,727.2153701999998,0.178
2024-12-16 21:30:00,726.8778495,0.277
2024-12-16 22:00:00,727.1266562999999,-0.036
2024-12-16 22:30:00,727.3571085,-0.455
2024-12-16 23:00:00,726.7819977,-1.716
2024-12-16 23:30:00,727.0685334,-1.914
2024-12-17 00:00:00,727.4651966999999,-1.826
2024-12-17 00:30:00,727.4284875,-1.661
2024-12-17 01:00:00,727.2296459999999,-2.024
2024-12-17 01:30:00,727.2510596999999,-2.246
2024-12-17 02:00:00,727.4998664999999,-1.993
2024-12-17 02:30:00,727.4080935,-1.192
2024-12-17 03:00:00,727.413192,-0.976
2024-12-17 03:30:00,727.3856600999999,-0.815
2024-12-17 04:00:00,728.0974106999998,-0.848
2024-12-17 04:30:00,727.5936789,-1.172
2024-12-17 05:00:00,728.1025091999999,-1.692
2024-12-17 05:30:00,727.9485344999998,-1.842
2024-12-17 06:00:00,727.5324969,-2.503
2024-12-17 06:30:00,727.7048261999998,-3.162
2024-12-17 07:00:00,728.4400299,-3.516
2024-12-17 07:30:00,728.6918957999999,-4.283
2024-12-17 08:00:00,728.7836687999999,-4.858
2024-12-17 08:30:00,728.7561368999999,-5.597
2024-12-17 09:00:00,729.0457316999999,-6.156
2024-12-17 09:30:00,728.8152795,-6.596
2024-12-17 10:00:00,729.0916182,-7.038
2024-12-17 10:30:00,729.1986866999999,-7.526
2024-12-17 11:00:00,729.1477017,-7.917
2024-12-17 11:30:00,729.1629972,-7.999
2024-12-17 12:00:00,729.3220703999999,-8.003
2024-12-17 12:30:00,729.4403556,-7.977
2024-12-17 13:00:00,729.4240403999999,-7.643
2024-12-17 13:30:00,729.4087449,-7.352
2024-12-17 14:00:00,729.8961615,-7.178
2024-12-17 14:30:00,730.0603332,-7.117
2024-12-17 15:00:00,730.1714804999999,-7.166
2024-12-17 15:30:00,730.4345631,-7.104
2024-12-17 16:00:00,730.8210293999999,-6.847
2024-12-17 16:30:00,731.3257808999999,-6.537
2024-12-17 17:00:00,731.7917838,-5.986
2024-12-17 17:30:00,732.5065934999999,-5.111
2024-12-17 18:00:00,733.0541724,-3.79
2024-12-17 18:30:00,733.2489350999999,-2.292
2024-12-17 19:00:00,733.4457371999999,-0.413
2024-12-17 19:30:00,733.5752390999999,4.422
2024-12-17 20:00:00,733.3223534999998,3.476
2024-12-17 20:30:00,733.0398965999999,2.553
2024-12-17 21:00:00,732.8318778,2.463
2024-12-17 21:30:00,733.2428169,2.601
2024-12-17 22:00:00,733.2897231,1.699
2024-12-17 22:30:00,733.6201058999999,3.49
2024-12-17 23:00:00,733.4477766,1.779
2024-12-17 23:30:00,733.5181359000001,0.356
2024-12-18 00:00:00,733.6741499999999,-1.232
2024-12-18 00:30:00,733.7434896,-2.303
2024-12-18 01:00:00,734.0126903999999,-2.633
2024-12-18 01:30:00,734.4338265,-3.374
2024-12-18 02:00:00,734.6265498,-3.908
2024-12-18 02:30:00,734.8335488999999,-4.165
2024-12-18 03:00:00,734.9946614999999,-4.291
2024-12-18 03:30:00,735.2659017,-4.234
2024-12-18 04:00:00,735.2750789999999,-4.022
2024-12-18 04:30:00,735.1700499,-4.033
2024-12-18 05:00:00,735.1455771,-3.817
2024-12-18 05:30:00,735.2047196999999,-3.666
2024-12-18 06:00:00,735.3903051,-3.378
2024-12-18 06:30:00,735.3046502999999,-3.772
2024-12-18 07:00:00,735.3281033999999,-3.234
2024-12-18 07:30:00,735.1231437,-3.729
2024-12-18 08:00:00,735.1669908,-3.646
2024-12-18 08:30:00,735.4647432,-3.624
2024-12-18 09:00:00,735.3372807,-4.194
2024-12-18 09:30:00,735.3321821999999,-4.607
2024-12-18 10:00:00,735.5473389,-4.839
2024-12-18 10:30:00,735.5218464,-5.125
2024-12-18 11:00:00,735.4229354999999,-5.358
2024-12-18 11:30:00,735.3546156,-5.495
2024-12-18 12:00:00,735.2648819999998,-5.609
2024-12-18 12:30:00,735.2373501,-5.73
2024-12-18 13:00:00,735.3729701999999,-5.862
2024-12-18 13:30:00,735.5789495999999,-6.025
2024-12-18 14:00:00,735.5687525999999,-6.173
2024-12-18 14:30:00,735.5554965,-6.338
2024-12-18 15:00:00,735.6615453000001,-6.366
2024-12-18 15:30:00,735.7380228,-6.245
2024-12-18 16:00:00,735.9307461,-6.076
2024-12-18 16:30:00,736.1448831,-5.978
2024-12-18 17:00:00,736.3885914,-5.5
2024-12-18 17:30:00,736.5792753,-4.316
2024-12-18 18:00:00,736.7322302999999,-2.523
2024-12-18 18:30:00,736.8168654,-0.476
2024-12-18 19:00:00,736.6455557999999,1.684
2024-12-18 19:30:00,736.4895417,7.979
2024-12-18 20:00:00,736.3121138999999,6.445
2024-12-18 20:30:00,735.8236775999999,4.687
2024-12-18 21:00:00,735.4739204999998,4.838
2024-12-18 21:30:00,735.2424486,5.74
2024-12-18 22:00:00,735.0068978999999,6.301
2024-12-18 22:30:00,734.9497947,4.893
2024-12-18 23:00:00,734.8396670999999,2.967
2024-12-18 23:30:00,734.7835836,1.064
2024-12-19 00:00:00,734.6428649999999,-0.503
2024-12-19 00:30:00,734.4409643999999,-1.816
2024-12-19 01:00:00,734.4022157999999,-2.439
2024-12-19 01:30:00,734.4460628999999,-2.783
2024-12-19 02:00:00,734.4175113,-3.182
2024-12-19 02:30:00,734.4603387,-3.437
2024-12-19 03:00:00,734.5949390999999,-3.666
2024-12-19 03:30:00,734.6632589999999,-3.84
2024-12-19 04:00:00,734.7030272999999,-3.874
2024-12-19 04:30:00,734.775426,-3.982
2024-12-19 05:00:00,734.9069672999999,-4.118
2024-12-19 05:30:00,734.9110460999999,-4.218
2024-12-19 06:00:00,734.9100264,-4.319
2024-12-19 06:30:00,734.8386473999999,-4.391
2024-12-19 07:00:00,734.9630508,-4.466
2024-12-19 07:30:00,734.7529926,-4.671
2024-12-19 08:00:00,734.5245798,-4.744
2024-12-19 08:30:00,734.3277777,-4.722
2024-12-19 09:00:00,734.2767927,-4.864
2024-12-19 09:30:00,734.1472907999998,-5.053
2024-12-19 10:00:00,734.0402223,-5.171
2024-12-19 10:30:00,734.0228874,-5.338
2024-12-19 11:00:00,733.8760506,-5.439
2024-12-19 11:30:00,733.7139182999999,-5.488
2024-12-19 12:00:00,733.4855054999999,-5.581
2024-12-19 12:30:00,733.3662005999998,-5.704
2024-12-19 13:00:00,733.3529444999999,-5.726
2024-12-19 13:30:00,733.4049491999999,-5.719
2024-12-19 14:00:00,733.4763281999999,-5.782
2024-12-19 14:30:00,733.5772784999999,-5.872
2024-12-19 15:00:00,733.7577654,-5.896
2024-12-19 15:30:00,733.939272,-6.031
2024-12-19 16:00:00,734.1799212,-5.93
2024-12-19 16:30:00,734.2604774999999,-5.723
2024-12-19 17:00:00,734.4990872999999,-5.024
2024-12-19 17:30:00,734.7856229999999,-3.785
2024-12-19 18:00:00,734.9232825,-1.815
2024-12-19 18:30:00,734.9110460999999,0.26
2024-12-19 19:00:00,735.0089373,2.363
2024-12-19 19:30:00,734.612274,8.471
2024-12-19 20:00:00,734.6000376,7.291
2024-12-19 20:30:00,734.1381135,5.127
2024-12-19 21:00:00,733.9555871999999,4.957
2024-12-19 21:30:00,733.7220758999999,5.395
2024-12-19 22:00:00,733.5925739999999,6.044
2024-12-19 22:30:00,733.5721799999999,4.423
2024-12-19 23:00:00,733.4671508999999,1.494
2024-12-19 23:30:00,733.3101171,-0.36
2024-12-20 00:00:00,733.1469651,-1.266
2024-12-20 00:30:00,733.0684482,-1.953
2024-12-20 01:00:00,732.9725964,-2.42
2024-12-20 01:30:00,732.9440447999999,-2.832
2024-12-20 02:00:00,732.8084246999999,-3.042
2024-12-20 02:30:00,732.7482623999999,-2.851
2024-12-20 03:00:00,732.8471732999999,-2.844
2024-12-20 03:30:00,732.9695373,-2.858
2024-12-20 04:00:00,732.9991085999999,-2.948
2024-12-20 04:30:00,732.919572,-3.14
2024-12-20 05:00:00,732.9440447999999,-3.298
2024-12-20 05:30:00,732.9491433,-3.472
2024-12-20 06:00:00,732.9420054,-3.569
2024-12-20 06:30:00,733.0276601999999,-3.643
2024-12-20 07:00:00,732.8828627999999,-3.787
2024-12-20 07:30:00,732.7921094999999,-3.947
2024-12-20 08:00:00,732.6289575,-4.25
2024-12-20 08:30:00,732.3883082999998,-4.575
2024-12-20 09:00:00,732.3291657,-4.769
2024-12-20 09:30:00,732.5606376,-4.894
2024-12-20 10:00:00,732.6004058999999,-5.085
2024-12-20 10:30:00,732.3903477,-5.213
2024-12-20 11:00:00,732.3750521999999,-5.199
2024-12-20 11:30:00,732.3607764,-5.192
2024-12-20 12:00:00,732.195585,-5.357
2024-12-20 12:30:00,732.0946347,-5.566
2024-12-20 13:00:00,731.9732903999999,-5.648
2024-12-20 13:30:00,731.7785276999999,-5.798
2024-12-20 14:00:00,731.767311,-5.736
2024-12-20 14:30:00,731.8019808,-5.745
2024-12-20 15:00:00,732.0538466999999,-5.802
2024-12-20 15:30:00,732.2414715,-5.77
2024-12-20 16:00:00,732.521889,-5.521
2024-12-20 16:30:00,732.6656667,-5.067
2024-12-20 17:00:00,732.8930598,-3.959
2024-12-20 17:30:00,733.2112062,-1.645
2024-12-20 18:00:00,733.500801,1.362
2024-12-20 18:30:00,733.4824464,3.002
2024-12-20 19:00:00,733.3325504999999,3.953
2024-12-20 19:30:00,732.7411245,9.029
2024-12-20 20:00:00,732.5412632999999,7.42
2024-12-20 20:30:00,732.236373,5.546
2024-12-20 21:00:00,731.9998025999998,5.474
2024-12-20 21:30:00,731.7051093,5.981
2024-12-20 22:00:00,732.0099995999999,7.194
2024-12-20 22:30:00,732.3566976,5.8
2024-12-20 23:00:00,732.2119002,2.939
2024-12-20 23:30:00,732.0691421999999,1.89
2024-12-21 00:00:00,732.0671027999999,1.062
2024-12-21 00:30:00,732.0528269999999,0.207
2024-12-21 01:00:00,731.8743794999999,-0.824
2024-12-21 01:30:00,732.1160484,-0.721
2024-12-21 02:00:00,732.2669639999999,-1.423
2024-12-21 02:30:00,732.3230474999999,-2.231
2024-12-21 03:00:00,732.4219584,-2.601
2024-12-21 03:30:00,732.2710427999999,-2.87
2024-12-21 04:00:00,732.2669639999999,-2.834
2024-12-21 04:30:00,732.2169987,-2.756
2024-12-21 05:00:00,732.1262453999999,-2.731
2024-12-21 05:30:00,732.1792697999999,-2.59
2024-12-21 06:00:00,732.0997331999998,-2.436
2024-12-21 06:30:00,731.9141477999999,-2.158
2024-12-21 07:00:00,731.6949122999999,-1.72
2024-12-21 07:30:00,731.5460360999999,-1.735
2024-12-21 08:00:00,731.4695585999999,-1.676
2024-12-21 08:30:00,731.2227911999998,-1.936
2024-12-21 09:00:00,730.9158615,-1.564
2024-12-21 09:30:00,731.2900913999999,-1.166
2024-12-21 10:00:00,730.4651541,-2.232
2024-12-21 10:30:00,731.0015162999999,-2.051
2024-12-21 11:00:00,730.6507394999999,-1.628
2024-12-21 11:30:00,730.8546795,0.38
2024-12-21 12:00:00,730.8414233999999,0.627
2024-12-21 12:30:00,730.7139609,1.564
2024-12-21 13:00:00,730.7333352,1.886
2024-12-21 13:30:00,731.0127329999999,1.8
2024-12-21 14:00:00,730.7527094999999,1.732
2024-12-21 14:30:00,730.5528482999999,1.655
2024-12-21 15:00:00,730.6109712,1.306
2024-12-21 15:30:00,730.7323155,1.531
2024-12-21 16:00:00,730.8353051999999,1.756
2024-12-21 16:30:00,731.0575997999999,1.938
2024-12-21 17:00:00,730.9902996,2.084
2024-12-21 17:30:00,731.4685388999999,2.268
2024-12-21 18:00:00,731.4889328999999,2.147
2024-12-21 18:30:00,731.5898831999999,2.506
2024-12-21 19:00:00,731.1371363999999,2.526
2024-12-21 19:30:00,730.890369,2.704
2024-12-21 20:00:00,730.2326625,2.865
2024-12-21 20:30:00,730.0766484,2.608
2024-12-21 21:00:00,730.2510170999999,2.875
2024-12-21 21:30:00,729.8003097,2.648
2024-12-21 22:00:00,729.7166942999999,2.978
2024-12-21 22:30:00,729.9481661999998,2.906
2024-12-21 23:00:00,729.9165555,2.737
2024-12-21 23:30:00,730.390716,1.927
2024-12-22 00:00:00,730.7078426999999,1.933
2024-12-22 00:30:00,730.4600555999999,1.706
2024-12-22 01:00:00,730.1908548,1.516
2024-12-22 01:30:00,730.237761,1.582
2024-12-22 02:00:00,730.0470771,1.377
2024-12-22 02:30:00,730.51308,1.345
2024-12-22 03:00:00,730.3784796,1.309
2024-12-22 03:30:00,730.3988735999999,0.938
2024-12-22 04:00:00,730.0348407,0.915
2024-12-22 04:30:00,730.2612141,1.302
2024-12-22 05:00:00,730.3988735999999,1.342
2024-12-22 05:30:00,730.3805189999999,1.49
2024-12-22 06:00:00,730.2122684999999,1.317
2024-12-22 06:30:00,730.0185254999999,1.076
2024-12-22 07:00:00,729.8176445999999,1.076
2024-12-22 07:30:00,729.6014682,0.966
2024-12-22 08:00:00,729.5627196,0.997
2024-12-22 08:30:00,729.2955582,0.527
2024-12-22 09:00:00,728.7398216999999,0.38
2024-12-22 09:30:00,728.8672842,-0.009
2024-12-22 10:00:00,728.7082109999999,-0.345
2024-12-22 10:30:00,728.718408,-0.538
2024-12-22 11:00:00,728.4767390999999,-0.573
2024-12-22 11:30:00,728.3553947999999,-0.512
2024-12-22 12:00:00,728.3380599,-0.417
2024-12-22 12:30:00,728.3655918,-0.406
2024-12-22 13:00:00,728.2371095999999,-0.331
2024-12-22 13:30:00,728.2095777,-0.344
2024-12-22 14:00:00,728.3645720999999,-0.186
2024-12-22 14:30:00,728.1626714999999,-0.556
2024-12-22 15:00:00,728.341119,-0.661
2024-12-22 15:30:00,728.6307138,-0.661
2024-12-22 16:00:00,728.9947467,-0.546
2024-12-22 16:30:00,729.4036464,-0.438
2024-12-22 17:00:00,729.6820244999999,-0.302
2024-12-22 17:30:00,729.942048,-0.109
2024-12-22 18:00:00,730.0491164999999,0.061
2024-12-22 18:30:00,730.3223961,0.582
2024-12-22 19:00:00,730.2805883999999,1.212
2024-12-22 19:30:00,729.9267524999999,2.845
2024-12-22 20:00:00,729.6820244999999,2.513
2024-12-22 20:30:00,729.6096258,1.955
2024-12-22 21:00:00,729.5576211,1.57
2024-12-22 21:30:00,729.3485826,2.059
2024-12-22 22:00:00,729.3251294999999,3.898
2024-12-22 22:30:00,729.3251294999999,2.994
2024-12-22 23:00:00,729.4199615999999,1.31
2024-12-22 23:30:00,729.7340291999999,-0.001
2024-12-23 00:00:00,730.6099515,-0.327
2024-12-23 00:30:00,730.6629759,0.132
2024-12-23 01:00:00,731.0188512,-0.02
2024-12-23 01:30:00,730.9750040999999,0.122
2024-12-23 02:00:00,730.8455021999999,0.162
2024-12-23 02:30:00,730.7037638999999,0.69
2024-12-23 03:00:00,730.8373445999999,0.789
2024-12-23 03:30:00,730.6109712,0.468
2024-12-23 04:00:00,730.7649458999999,0.423
2024-12-23 04:30:00,730.9382949,0.393
2024-12-23 05:00:00,731.0300679000001,0.163
2024-12-23 05:30:00,731.2115745,0.033
2024-12-23 06:00:00,730.6956062999999,-0.114
2024-12-23 06:30:00,730.9352357999999,-0.332
2024-12-23 07:00:00,730.7802414,-0.042
2024-12-23 07:30:00,730.6599167999999,-0.117
2024-12-23 08:00:00,730.7261973,-0.105
2024-12-23 08:30:00,730.7323155,-0.054
2024-12-23 09:00:00,730.5977151,-0.2
2024-12-23 09:30:00,730.5834393,-0.26
2024-12-23 10:00:00,730.3723613999999,-0.143
2024-12-23 10:30:00,730.7170199999999,-0.607
2024-12-23 11:00:00,730.4773905,-0.83
2024-12-23 11:30:00,730.4855480999998,-1.643
2024-12-23 12:00:00,730.1184560999999,-2.067
2024-12-23 12:30:00,730.0124073,-2.425
2024-12-23 13:00:00,729.9165555,-2.133
2024-12-23 13:30:00,730.1561849999999,-1.822
2024-12-23 14:00:00,730.4896268999998,-1.684
2024-12-23 14:30:00,730.7160002999999,-2.038
2024-12-23 15:00:00,730.6609364999999,-2.592
2024-12-23 15:30:00,730.859778,-3.031
2024-12-23 16:00:00,730.8485612999999,-3.231
2024-12-23 16:30:00,730.8414233999999,-3.017
2024-12-23 17:00:00,731.1728259,-3.173
2024-12-23 17:30:00,731.3094657,-2.755
2024-12-23 18:00:00,731.2125942,-1.528
2024-12-23 18:30:00,731.614356,-0.22
2024-12-23 19:00:00,731.9794085999999,0.964
2024-12-23 19:30:00,731.7775079999999,4.738
2024-12-23 20:00:00,732.0201966,4.397
2024-12-23 20:30:00,731.542977,2.816
2024-12-23 21:00:00,731.4746571,2.805
2024-12-23 21:30:00,731.4868935,3.347
2024-12-23 22:00:00,731.7775079999999,4.886
2024-12-23 22:30:00,731.6551439999998,4.03
2024-12-23 23:00:00,731.5552134,2.606
2024-12-23 23:30:00,731.3859431999999,-0.095
2024-12-24 00:00:00,731.5062677999999,-0.888
2024-12-24 00:30:00,731.3196626999999,-1.429
2024-12-24 01:00:00,731.2217715,-2.197
2024-12-24 01:30:00,731.3614704,-2.566
2024-12-24 02:00:00,731.1187818,-2.375
2024-12-24 02:30:00,731.2085154,-2.532
2024-12-24 03:00:00,731.1157227,-2.94
2024-12-24 03:30:00,730.9525706999999,-3.395
2024-12-24 04:00:00,730.7731034999999,-3.419
2024-12-24 04:30:00,730.6446212999999,-3.464
2024-12-24 05:00:00,730.6680743999999,-3.658
2024-12-24 05:30:00,730.6038332999999,-3.746
2024-12-24 06:00:00,730.4682131999999,-3.819
2024-12-24 06:30:00,730.3285142999999,-4.009
2024-12-24 07:00:00,730.3376916,-4.051
2024-12-24 07:30:00,729.6371577,-4.158
2024-12-24 08:00:00,729.1446425999999,-4.1
2024-12-24 08:30:00,728.8785008999998,-3.33
2024-12-24 09:00:00,728.8336341,-1.853
2024-12-24 09:30:00,728.4757194,-1.606
2024-12-24 10:00:00,728.6276547,-0.612
2024-12-24 10:30:00,728.0433666,0.539
2024-12-24 11:00:00,728.5287438,1.379
2024-12-24 11:30:00,727.6997276999999,1.068
2024-12-24 12:00:00,727.3102023,1.2
2024-12-24 12:30:00,727.2551384999999,0.933
2024-12-24 13:00:00,727.0634349,0.73
2024-12-24 13:30:00,726.5525651999999,0.49
2024-12-24 14:00:00,726.2568521999999,0.408
2024-12-24 14:30:00,726.0998183999999,0.061
2024-12-24 15:00:00,725.5481606999999,-0.195
2024-12-24 15:30:00,724.7976614999999,-0.298
2024-12-24 16:00:00,724.1205806999999,-0.801
2024-12-24 16:30:00,723.5464896,-0.775
2024-12-24 17:00:00,723.4016922,-0.934
2024-12-24 17:30:00,722.5155728999999,-1.165
2024-12-24 18:00:00,723.059073,-1.312
2024-12-24 18:30:00,723.7514493,-2.535
2024-12-24 19:00:00,723.4526771999999,-2.511
2024-12-24 19:30:00,722.6501732999999,-2.172
2024-12-24 20:00:00,721.9843092,-2.211
2024-12-24 20:30:00,720.9350378999999,-2.129
2024-12-24 21:00:00,720.7902404999999,-2.904
2024-12-24 21:30:00,720.6434036999999,-3.3
2024-12-24 22:00:00,720.6352461,-3.358
2024-12-24 22:30:00,720.8983287,-3.526
2024-12-24 23:00:00,721.2878540999999,-3.848
2024-12-24 23:30:00,721.0767762,-4.152
2024-12-25 00:00:00,720.9544122,-4.584
2024-12-25 00:30:00,720.4231484999999,-4.852
2024-12-25 01:00:00,719.9173772999999,-5.393
2024-12-25 01:30:00,720.5230791,-5.764
2024-12-25 02:00:00,721.0930913999999,-5.933
2024-12-25 02:30:00,721.4306121,-6.538
2024-12-25 03:00:00,721.7660933999999,-6.701
2024-12-25 03:30:00,721.896615,-6.866
2024-12-25 04:00:00,721.8996741,-6.852
2024-12-25 04:30:00,722.1229883999999,-7.131
2024-12-25 05:00:00,722.386071,-7.414
2024-12-25 05:30:00,722.3014358999999,-7.492
2024-12-25 06:00:00,722.2117023,-8.424
2024-12-25 06:30:00,721.9557575999999,-9.875
2024-12-25 07:00:00,721.9129301999999,-10.772
2024-12-25 07:30:00,722.1902886,-11.531
2024-12-25 08:00:00,721.5315624,-11.976
2024-12-25 08:30:00,721.0206927,-12.287
2024-12-25 09:00:00,720.9727668,-12.383
2024-12-25 09:30:00,721.3673906999999,-12.498
2024-12-25 10:00:00,722.5726761,-12.245
2024-12-25 10:30:00,722.4309377999999,-12.017
2024-12-25 11:00:00,722.8225026,-12.07
2024-12-25 11:30:00,722.8398374999999,-12.259
2024-12-25 12:00:00,722.4401150999998,-11.687
2024-12-25 12:30:00,722.6593505999999,-11.613
2024-12-25 13:00:00,722.5665578999999,-12.068
2024-12-25 13:30:00,722.5308684,-12.486
2024-12-25 14:00:00,722.9683196999999,-12.352
2024-12-25 14:30:00,723.5577062999998,-11.49
2024-12-25 15:00:00,724.2164324999999,-10.955
2024-12-25 15:30:00,724.3316586,-10.772
2024-12-25 16:00:00,724.1165018999999,-10.194
2024-12-25 16:30:00,724.3765254,-9.222
2024-12-25 17:00:00,724.7089476,-7.725
2024-12-25 17:30:00,724.6589822999999,-6.207
2024-12-25 18:00:00,725.1331427999999,-4.895
2024-12-25 18:30:00,725.1372215999999,-4.004
2024-12-25 19:00:00,725.0729804999999,-3.003
2024-12-25 19:30:00,724.9128876,-0.005
2024-12-25 20:00:00,724.9118679,0.527
2024-12-25 20:30:00,724.9404195,0.591
2024-12-25 21:00:00,725.5400030999999,0.928
2024-12-25 21:30:00,725.2361324999999,1.124
2024-12-25 22:00:00,725.0413697999999,0.163
2024-12-25 22:30:00,725.3748116999999,0.008
2024-12-25 23:00:00,725.2524477,-0.466
2024-12-25 23:30:00,725.5532592,-1.268
2024-12-26 00:00:00,725.4492498,-2.073
2024-12-26 00:30:00,725.577732,-3.014
2024-12-26 01:00:00,725.6052639,-3.716
2024-12-26 01:30:00,725.5043135999999,-4.121
2024-12-26 02:00:00,725.8469328,-4.395
2024-12-26 02:30:00,726.1834338,-4.36
2024-12-26 03:00:00,726.0865623,-4.696
2024-12-26 03:30:00,726.1212320999999,-4.818
2024-12-26 04:00:00,726.1161335999999,-5.024
2024-12-26 04:30:00,726.4526345999999,-4.756
2024-12-26 05:00:00,727.8995889,-3.733
2024-12-26 05:30:00,728.0464257,-3.149
2024-12-26 06:00:00,727.8812343,-3.47
2024-12-26 06:30:00,727.4784527999999,-3.493
2024-12-26 07:00:00,727.6161122999999,-3.401
2024-12-26 07:30:00,727.8363674999999,-3.324
2024-12-26 08:00:00,727.7221610999999,-3.14
2024-12-26 08:30:00,727.0348832999999,-3.007
2024-12-26 09:00:00,726.9757406999998,-2.966
2024-12-26 09:30:00,728.5175270999999,-2.849
2024-12-26 10:00:00,728.188164,-3.683
2024-12-26 10:30:00,727.9179434999999,-4.027
2024-12-26 11:00:00,727.6038758999999,-4.134
2024-12-26 11:30:00,726.8533766999999,-4.345
2024-12-26 12:00:00,727.0124499,-4.354
2024-12-26 12:30:00,726.8798888999999,-3.215
2024-12-26 13:00:00,726.6473973,-3.404
2024-12-26 13:30:00,726.5484863999999,-3.856
2024-12-26 14:00:00,726.7045004999999,-4.888
2024-12-26 14:30:00,726.760584,-5.773
2024-12-26 15:00:00,727.0491590999999,-6.633
2024-12-26 15:30:00,726.7544657999999,-7.183
2024-12-26 16:00:00,725.5705940999999,-7.39
2024-12-26 16:30:00,726.0457742999998,-4.932
2024-12-26 17:00:00,727.3754630999999,-4.267
2024-12-26 17:30:00,728.004618,-2.562
2024-12-26 18:00:00,727.9016282999999,-1.698
2024-12-26 18:30:00,727.1817200999999,-1.553
2024-12-26 19:00:00,726.7616036999999,-0.674
2024-12-26 19:30:00,726.9125193,-0.133
2024-12-26 20:00:00,726.8258448,-0.643
2024-12-26 20:30:00,726.5637819,-1.064
2024-12-26 21:00:00,725.6317760999999,-1.627
2024-12-26 21:30:00,726.3690191999999,-1.725
2024-12-26 22:00:00,726.8064704999999,-1.531
2024-12-26 22:30:00,725.9560406999999,-1.347
2024-12-26 23:00:00,725.8520313,-1.656
2024-12-26 23:30:00,726.0151832999999,-1.96
2024-12-27 00:00:00,725.4003041999999,-2.386
2024-12-27 00:30:00,725.6644064999999,-2.734
2024-12-27 01:00:00,725.1219261,-3.106
2024-12-27 01:30:00,725.0740002,-3.351
2024-12-27 02:00:00,724.5508940999999,-3.716
2024-12-27 02:30:00,724.8659814,-4.002
2024-12-27 03:00:00,724.7793068999998,-3.898
2024-12-27 03:30:00,724.1919597,-3.757
2024-12-27 04:00:00,723.7279961999999,-3.611
2024-12-27 04:30:00,723.3976134,-3.224
2024-12-27 05:00:00,722.7694782,-2.912
2024-12-27 05:30:00,722.6685279,-2.747
2024-12-27 06:00:00,722.681784,-2.58
2024-12-27 06:30:00,723.1936734,-2.163
2024-12-27 07:00:00,723.1365701999999,-2.211
2024-12-27 07:30:00,722.9846349,-2.263
2024-12-27 08:00:00,722.6175429,-2.235
2024-12-27 08:30:00,722.6838234,-2.514
2024-12-27 09:00:00,722.3310071999999,-2.455
2024-12-27 09:30:00,722.2728843,-2.158
2024-12-27 10:00:00,722.5930700999999,-1.959
2024-12-27 10:30:00,722.3493617999999,-2.007
2024-12-27 11:00:00,722.0699639999999,-1.762
2024-12-27 11:30:00,722.3534405999999,-1.657
2024-12-27 12:00:00,721.5152471999999,-1.586
2024-12-27 12:30:00,720.8728361999999,-1.401
2024-12-27 13:00:00,721.1644704,-1.266
2024-12-27 13:30:00,721.6437294,-1.136
2024-12-27 14:00:00,722.6736264,-1.085
2024-12-27 14:30:00,722.4594893999999,-1.062
2024-12-27 15:00:00,723.2089689,-1.133
2024-12-27 15:30:00,723.4649136,-1.288
2024-12-27 16:00:00,723.5607654,-1.333
2024-12-27 16:30:00,724.4071164,-1.594
2024-12-27 17:00:00,724.7181249,-1.975
2024-12-27 17:30:00,725.0984729999999,-2.075
2024-12-27 18:00:00,725.8295979,-1.385
2024-12-27 18:30:00,726.1711974,-0.906
2024-12-27 19:00:00,726.1773155999999,-0.909
2024-12-27 19:30:00,726.0325181999999,0.445
2024-12-27 20:00:00,726.1304094,0.796
2024-12-27 20:30:00,726.1559018999999,0.055
2024-12-27 21:00:00,726.1497837000001,-0.04
2024-12-27 21:30:00,726.3302706,0.592
2024-12-27 22:00:00,726.3751374,1.654
2024-12-27 22:30:00,726.7942340999999,1.875
2024-12-27 23:00:00,726.7136777999999,-0.414
2024-12-27 23:30:00,726.7228551,-1.479
2024-12-28 00:00:00,726.7208157,-2.654
2024-12-28 00:30:00,727.0573167,-3.207
2024-12-28 01:00:00,727.5600287999998,-3.617
2024-12-28 01:30:00,727.6018365,-4.043
2024-12-28 02:00:00,727.9709678999999,-4.28
2024-12-28 02:30:00,727.6691366999999,-3.979
2024-12-28 03:00:00,728.0168543999999,-3.563
2024-12-28 03:30:00,728.1106667999999,-3.768
2024-12-28 04:00:00,728.6143986,-3.328
2024-12-28 04:30:00,728.8193583,-2.587
2024-12-28 05:00:00,729.1477017,-2.228
2024-12-28 05:30:00,729.1925684999999,-2.52
2024-12-28 06:00:00,729.0385938,-2.774
2024-12-28 06:30:00,728.8754418,-2.806
2024-12-28 07:00:00,728.8377128999999,-2.251
2024-12-28 07:30:00,728.9213283,-1.402
2024-12-28 08:00:00,729.1364849999999,-1.143
2024-12-28 08:30:00,729.0538892999999,-1.237
2024-12-28 09:00:00,729.0059633999999,-1.282
2024-12-28 09:30:00,728.7245262,-1.564
2024-12-28 10:00:00,728.6755806,-2.091
2024-12-28 10:30:00,728.6796594,-1.694
2024-12-28 11:00:00,728.7887672999999,-1.554
2024-12-28 11:30:00,728.8162992,-1.603
2024-12-28 12:00:00,728.4971330999999,-1.236
2024-12-28 12:30:00,728.5511771999999,-1.162
2024-12-28 13:00:00,728.7388019999999,-1.444
2024-12-28 13:30:00,729.0385938,-1.792
2024-12-28 14:00:00,729.1395441,-2.167
2024-12-28 14:30:00,729.4842027,-2.317
2024-12-28 15:00:00,729.2924991,-2.587
2024-12-28 15:30:00,729.2241791999999,-2.419
2024-12-28 16:00:00,729.7177139999999,-1.8
2024-12-28 16:30:00,730.0226042999999,-1.086
2024-12-28 17:00:00,730.2856869,-0.073
2024-12-28 17:30:00,730.4437403999999,0.786
2024-12-28 18:00:00,730.5100209,1.005
2024-12-28 18:30:00,730.5864983999999,1.154
2024-12-28 19:00:00,730.523277,1.925
2024-12-28 19:30:00,730.3081202999999,2.75
2024-12-28 20:00:00,730.1745396,3.055
2024-12-28 20:30:00,730.0746089999999,3.28
2024-12-28 21:00:00,729.9083978999998,2.885
2024-12-28 21:30:00,729.8604719999998,3.426
2024-12-28 22:00:00,729.7707383999999,5.047
2024-12-28 22:30:00,729.9083978999998,4.751
2024-12-28 23:00:00,729.8003097,2.895
2024-12-28 23:30:00,729.6789653999999,1.609
2024-12-29 00:00:00,729.6391970999999,0.856
2024-12-29 00:30:00,729.5566014,0.582
2024-12-29 01:00:00,729.5943302999999,0.598
2024-12-29 01:30:00,729.5219315999999,0.634
2024-12-29 02:00:00,729.5647589999999,0.453
2024-12-29 02:30:00,729.5515029,-0.33
2024-12-29 03:00:00,729.6208424999999,-0.58
2024-12-29 03:30:00,729.7595217,0.428
2024-12-29 04:00:00,729.7401474,-0.12
2024-12-29 04:30:00,729.7737974999999,-0.82
2024-12-29 05:00:00,729.5260103999999,-1.015
2024-12-29 05:30:00,729.4903208999999,-1.759
2024-12-29 06:00:00,729.3924297,-1.207
2024-12-29 06:30:00,729.4026266999999,-1.568
2024-12-29 07:00:00,729.1844108999999,-1.675
2024-12-29 07:30:00,728.9814905999999,-2.152
2024-12-29 08:00:00,728.7133094999999,-2.172
2024-12-29 08:30:00,728.4277935,-2.541
2024-12-29 09:00:00,728.6613047999999,-2.119
2024-12-29 09:30:00,728.3564144999999,-1.408
2024-12-29 10:00:00,728.3992418999999,-1.206
2024-12-29 10:30:00,728.5001921999999,-1.214
2024-12-29 11:00:00,728.4543057,-1.016
2024-12-29 11:30:00,728.2758581999999,-0.542
2024-12-29 12:00:00,727.6721957999999,0.388
2024-12-29 12:30:00,727.3040841,0.932
2024-12-29 13:00:00,726.8615342999999,0.895
2024-12-29 13:30:00,726.8289039,0.697
2024-12-29 14:00:00,726.4403981999999,0.956
2024-12-29 14:30:00,726.2150445,1.167
2024-12-29 15:00:00,725.6654261999998,1.098
2024-12-29 15:30:00,725.9805134999999,0.891
2024-12-29 16:00:00,725.3788904999999,0.711
2024-12-29 16:30:00,725.0780789999999,0.061
2024-12-29 17:00:00,725.1433397999999,-0.48
2024-12-29 17:30:00,724.9404195,-1.066
2024-12-29 18:00:00,725.1525171,-0.886
2024-12-29 18:30:00,724.9444983,-0.063
2024-12-29 19:00:00,724.7374991999999,-0.056
2024-12-29 19:30:00,724.5009287999999,-0.103
2024-12-29 20:00:00,724.1216003999999,-0.346
2024-12-29 20:30:00,724.7079279,-0.498
2024-12-29 21:00:00,724.4060966999999,-0.802
2024-12-29 21:30:00,724.3653086999999,-0.975
2024-12-29 22:00:00,724.3632693,-1.632
2024-12-29 22:30:00,724.0961079,-1.72
2024-12-29 23:00:00,724.0614380999999,-1.874
2024-12-29 23:30:00,724.5009287999999,-2.192
2024-12-30 00:00:00,724.8986117999999,-2.465
2024-12-30 00:30:00,725.2330734,-2.788
2024-12-30 01:00:00,725.0413697999999,-2.766
2024-12-30 01:30:00,725.5022742,-2.891
2024-12-30 02:00:00,725.5318454999999,-2.955
2024-12-30 02:30:00,725.7296673,-2.944
2024-12-30 03:00:00,725.5522394999999,-3.09
2024-12-30 03:30:00,725.7571991999998,-3.418
2024-12-30 04:00:00,726.0896213999999,-3.57
2024-12-30 04:30:00,726.0437349,-4.169
2024-12-30 05:00:00,726.3679995,-4.88
2024-12-30 05:30:00,726.5658212999999,-5.694
2024-12-30 06:00:00,726.4995407999999,-6.446
2024-12-30 06:30:00,726.7350914999998,-7.052
2024-12-30 07:00:00,726.5423682,-7.542
2024-12-30 07:30:00,726.7208157,-7.858
2024-12-30 08:00:00,726.5699000999999,-8.411
2024-12-30 08:30:00,726.3690191999999,-8.811
2024-12-30 09:00:00,726.2568521999999,-9.1
2024-12-30 09:30:00,726.2293202999999,-9.334
2024-12-30 10:00:00,726.5790774,-9.477
2024-12-30 10:30:00,726.4516148999999,-9.863
2024-12-30 11:00:00,726.4730285999999,-10.012
2024-12-30 11:30:00,726.3078371999999,-10.217
2024-12-30 12:00:00,726.3496448999999,-10.345
2024-12-30 12:30:00,726.2079065999999,-10.618
2024-12-30 13:00:00,726.1803747,-10.787
2024-12-30 13:30:00,726.1538625,-11.01
2024-12-30 14:00:00,726.3129356999999,-11.168
2024-12-30 14:30:00,726.4862846999998,-11.364
2024-12-30 15:00:00,726.6524957999999,-11.301
2024-12-30 15:30:00,726.8289039,-10.906
2024-12-30 16:00:00,727.0420211999999,-10.415
2024-12-30 16:30:00,727.3968768,-10.092
2024-12-30 17:00:00,727.4203298999998,-9.71
2024-12-30 17:30:00,727.7150231999999,-8.812
2024-12-30 18:00:00,727.9291602,-7.195
2024-12-30 18:30:00,727.7741657999999,-5.355
2024-12-30 19:00:00,727.5783833999999,-3.871
2024-12-30 19:30:00,727.4040147,0.432
2024-12-30 20:00:00,727.4723346,1.394
2024-12-30 20:30:00,727.2010944,0.363
2024-12-30 21:00:00,727.1633654999999,0.186
2024-12-30 21:30:00,727.1531685,0.756
2024-12-30 22:00:00,727.1144199,2.089
2024-12-30 22:30:00,727.2255671999999,1.644
2024-12-30 23:00:00,727.0654743,-0.576
2024-12-30 23:30:00,726.8085099,-2.593
2024-12-31 00:00:00,726.5535848999999,-3.043
2024-12-31 00:30:00,726.1813943999999,-4.305
2024-12-31 01:00:00,726.0284393999999,-4.93
2024-12-31 01:30:00,725.7582188999999,-5.249
2024-12-31 02:00:00,725.6042442,-6.085
2024-12-31 02:30:00,725.2952750999999,-6.298
2024-12-31 03:00:00,725.1953444999999,-5.802
2024-12-31 03:30:00,725.5022742,-5.121
2024-12-31 04:00:00,725.3686934999998,-5.682
2024-12-31 04:30:00,725.2769204999998,-5.934
2024-12-31 05:00:00,725.3890875,-6.051
2024-12-31 05:30:00,725.3554374,-6.599
2024-12-31 06:00:00,725.5838501999999,-6.604
2024-12-31 06:30:00,725.31261,-7.309
2024-12-31 07:00:00,725.2126794,-7.024
2024-12-31 07:30:00,725.5756925999999,-5.929
2024-12-31 08:00:00,725.3044524,-5.431
2024-12-31 08:30:00,724.8884147999999,-5.545
2024-12-31 09:00:00,725.2187976,-5.9
2024-12-31 09:30:00,725.0485077,-7.748
2024-12-31 10:00:00,725.0811380999999,-9.487
2024-12-31 10:30:00,724.9954832999999,-10.699
2024-12-31 11:00:00,724.8700602,-11.411
2024-12-31 11:30:00,724.7976614999999,-12.021
2024-12-31 12:00:00,724.6314503999998,-12.315
2024-12-31 12:30:00,724.629411,-12.479
2024-12-31 13:00:00,724.2572204999999,-12.702
2024-12-31 13:30:00,724.4948105999999,-12.792
2024-12-31 14:00:00,724.8547646999999,-12.923
2024-12-31 14:30:00,724.996503,-13.126
2024-12-31 15:00:00,725.0281136999998,-13.201
2024-12-31 15:30:00,725.3911268999999,-13.015
2024-12-31 16:00:00,725.995809,-12.916
2024-12-31 16:30:00,726.0763652999999,-12.636
2024-12-31 17:00:00,726.6943034999999,-11.259
2024-12-31 17:30:00,727.1103410999999,-9.206
2024-12-31 18:00:00,727.1083017,-6.911
2024-12-31 18:30:00,727.2072125999999,-4.237
2024-12-31 19:00:00,727.2378035999999,-3.027
2024-12-31 19:30:00,727.0644546,1.89
2024-12-31 20:00:00,727.2061929,2.855
2024-12-31 20:30:00,726.9614649,1.379
2024-12-31 21:00:00,726.7891355999999,0.84
2024-12-31 21:30:00,726.7636431,1.194
2024-12-31 22:00:00,726.9838982999999,2.758
2024-12-31 22:30:00,727.1266562999999,2.644
2024-12-31 23:00:00,726.9064010999999,-0.777
2024-12-31 23:30:00,726.8166675,-3.148
2025-01-01 00:00:00,726.5790774,-4.172
2025-01-01 00:30:00,726.6402593999999,-4.803
2025-01-01 01:00:00,726.5597031,-5.736
2025-01-01 01:30:00,726.4709892,-6.768
2025-01-01 02:00:00,726.6606534,-7.317
2025-01-01 02:30:00,726.9339329999999,-7.545
2025-01-01 03:00:00,727.1470502999999,-7.464
2025-01-01 03:30:00,726.9706421999998,-7.322
2025-01-01 04:00:00,726.8136083999999,-7.048
2025-01-01 04:30:00,727.1817200999999,-5.732
2025-01-01 05:00:00,727.6405851,-3.848
2025-01-01 05:30:00,727.6762745999999,-3.5
2025-01-01 06:00:00,728.0902728,-3.239
2025-01-01 06:30:00,728.0107361999999,-2.828
2025-01-01 07:00:00,727.9148843999999,-2.791
2025-01-01 07:30:00,728.0810955,-3.02
2025-01-01 08:00:00,728.0668196999999,-2.78
2025-01-01 08:30:00,727.8384069,-2.716
2025-01-01 09:00:00,727.8537023999999,-2.93
2025-01-01 09:30:00,727.8159734999999,-3.336
2025-01-01 10:00:00,727.8394265999999,-3.52
2025-01-01 10:30:00,728.0749772999999,-3.67
2025-01-01 11:00:00,727.7874218999999,-3.873
2025-01-01 11:30:00,727.8261704999999,-4.64
2025-01-01 12:00:00,727.6997276999999,-5.315
2025-01-01 12:30:00,727.8312689999999,-5.083
2025-01-01 13:00:00,728.035209,-4.282
2025-01-01 13:30:00,728.0668196999999,-3.465
2025-01-01 14:00:00,728.3839464,-2.706
2025-01-01 14:30:00,728.6235759,-2.437
2025-01-01 15:00:00,728.8948161,-2.476
2025-01-01 15:30:00,728.9937269999999,-2.374
2025-01-01 16:00:00,728.9988255,-2.141
2025-01-01 16:30:00,729.2190806999998,-1.777
2025-01-01 17:00:00,729.6636699000001,-1.306
2025-01-01 17:30:00,729.8064279,-0.546
2025-01-01 18:00:00,729.9777375,0.602
2025-01-01 18:30:00,730.1888154,1.626
2025-01-01 19:00:00,730.0450377,1.728
2025-01-01 19:30:00,729.5178527999999,3.946
2025-01-01 20:00:00,729.3842721,3.474
2025-01-01 20:30:00,729.0753029999998,2.449
2025-01-01 21:00:00,728.8978751999999,2.57
2025-01-01 21:30:00,728.9203086,2.711
2025-01-01 22:00:00,728.9294859,1.875
2025-01-01 22:30:00,728.9641557,1.518
2025-01-01 23:00:00,729.1701351,1.258
2025-01-01 23:30:00,729.2272383,0.717
2025-01-02 00:00:00,729.1833912,0.395
2025-01-02 00:30:00,729.2007261,0.039
2025-01-02 01:00:00,729.1823714999999,-0.351
2025-01-02 01:30:00,729.3526614,-0.609
2025-01-02 02:00:00,729.3720356999999,-0.877
2025-01-02 02:30:00,729.8166249,-1.002
2025-01-02 03:00:00,729.8217233999999,-1.219
2025-01-02 03:30:00,729.9655010999999,-1.247
2025-01-02 04:00:00,729.9502056,-1.204
2025-01-02 04:30:00,730.1663819999999,-1.21
2025-01-02 05:00:00,730.3835781,-1.163
2025-01-02 05:30:00,730.5497892,-1.044
2025-01-02 06:00:00,730.4865678,-1.234
2025-01-02 06:30:00,730.6843896,-1.123
2025-01-02 07:00:00,730.8404036999999,-0.988
2025-01-02 07:30:00,730.8332658,-0.944
2025-01-02 08:00:00,730.9709253,-0.899
2025-01-02 08:30:00,731.1055256999999,-0.728
2025-01-02 09:00:00,731.2329881999999,-0.804
2025-01-02 09:30:00,731.0851316999999,-1.401
2025-01-02 10:00:00,731.2207518,-1.993
2025-01-02 10:30:00,731.3237414999999,-2.462
2025-01-02 11:00:00,731.4838344,-3.177
2025-01-02 11:30:00,731.3930810999999,-3.716
2025-01-02 12:00:00,731.1055256999999,-4.111
2025-01-02 12:30:00,730.8353051999999,-4.466
2025-01-02 13:00:00,730.8240885,-4.69
2025-01-02 13:30:00,730.880172,-4.753
2025-01-02 14:00:00,730.8852704999999,-4.735
2025-01-02 14:30:00,730.9046447999999,-4.818
2025-01-02 15:00:00,731.0423043,-4.909
2025-01-02 15:30:00,731.0871710999999,-4.85
2025-01-02 16:00:00,731.2085154,-4.585
2025-01-02 16:30:00,731.4552828,-3.794
2025-01-02 17:00:00,731.7142865999999,-3.143
2025-01-02 17:30:00,731.9834874,-1.836
2025-01-02 18:00:00,732.2353532999999,0.824
2025-01-02 18:30:00,732.3250869,2.789
2025-01-02 19:00:00,732.1751909999999,3.243
2025-01-02 19:30:00,731.8468475999999,5.717
2025-01-02 20:00:00,731.3839037999999,6.444
2025-01-02 20:30:00,730.9352357999999,5.646
2025-01-02 21:00:00,730.6650152999999,5.145
2025-01-02 21:30:00,730.482489,5.76
2025-01-02 22:00:00,730.3937750999999,6.838
2025-01-02 22:30:00,730.5324543,6.755
2025-01-02 23:00:00,730.3448295000001,4.321
2025-01-02 23:30:00,730.186776,1.422
2025-01-03 00:00:00,729.9532646999999,-0.037
2025-01-03 00:30:00,729.7452459,-0.943
2025-01-03 01:00:00,729.5606801999999,-1.692
2025-01-03 01:30:00,729.4678874999998,-2.23
2025-01-03 02:00:00,729.3791736,-2.592
2025-01-03 02:30:00,729.1558593,-2.66
2025-01-03 03:00:00,729.0936575999999,-1.575
2025-01-03 03:30:00,729.2710853999998,-0.766
2025-01-03 04:00:00,729.1976669999999,-0.091
2025-01-03 04:30:00,729.2782232999999,0.711
2025-01-03 05:00:00,728.9580374999999,-0.436
2025-01-03 05:30:00,728.7897869999999,-0.11
2025-01-03 06:00:00,728.9009342999999,0.448
2025-01-03 06:30:00,728.7908067,0.733
2025-01-03 07:00:00,728.6918957999999,0.879
2025-01-03 07:30:00,728.6398910999999,1.196
2025-01-03 08:00:00,728.6093000999999,1.047
2025-01-03 08:30:00,728.4349314,0.993
2025-01-03 09:00:00,728.2004003999999,0.684
2025-01-03 09:30:00,728.2075382999999,0.638
2025-01-03 10:00:00,727.8475842,0.29
2025-01-03 10:30:00,727.8924509999999,0.3
2025-01-03 11:00:00,727.9169238,-0.169
2025-01-03 11:30:00,727.3000053,-0.589
2025-01-03 12:00:00,726.8248251,-0.637
2025-01-03 12:30:00,726.8492978999999,-0.956
2025-01-03 13:00:00,726.4047086999999,-0.796
2025-01-03 13:30:00,726.0967593,-0.245
2025-01-03 14:00:00,726.2884629,-0.223
2025-01-03 14:30:00,726.1640594999999,0.003
2025-01-03 15:00:00,726.0763652999999,-0.01
2025-01-03 15:30:00,726.1069562999999,-0.035
2025-01-03 16:00:00,726.3679995,0.216
2025-01-03 16:30:00,725.9815332,0.5
2025-01-03 17:00:00,726.1599806999999,0.813
2025-01-03 17:30:00,726.2497142999999,0.729
2025-01-03 18:00:00,726.2333990999999,0.873
2025-01-03 18:30:00,726.4047086999999,1.005
2025-01-03 19:00:00,725.6949975,0.567
2025-01-03 19:30:00,724.8598632,0.636
2025-01-03 20:00:00,724.3102448999999,1.008
2025-01-03 20:30:00,723.4394210999999,0.934
2025-01-03 21:00:00,723.0753882,0.682
2025-01-03 21:30:00,722.3269283999999,0.251
2025-01-03 22:00:00,721.2113766,-0.055
2025-01-03 22:30:00,720.5761034999999,-0.789
2025-01-03 23:00:00,721.0523033999999,-1.453
2025-01-03 23:30:00,721.3102875,-2.685
2025-01-04 00:00:00,721.3918635,-3.534
2025-01-04 00:30:00,721.0971701999999,-4.143
2025-01-04 01:00:00,721.2348296999999,-4.14
2025-01-04 01:30:00,721.3500558,-4.068
2025-01-04 02:00:00,721.1481551999999,-4.152
2025-01-04 02:30:00,721.8813194999999,-4.403
2025-01-04 03:00:00,721.6773794999999,-5.45
2025-01-04 03:30:00,721.4917941,-6.389
2025-01-04 04:00:00,721.7660933999999,-7.43
2025-01-04 04:30:00,721.5866262,-7.742
2025-01-04 05:00:00,721.6284338999999,-8.056
2025-01-04 05:30:00,721.5488973,-8.596
2025-01-04 06:00:00,722.1056534999999,-8.505
2025-01-04 06:30:00,722.4961986,-8.453
2025-01-04 07:00:00,722.2412736,-8.639
2025-01-04 07:30:00,721.9904273999999,-8.623
2025-01-04 08:00:00,721.8690830999999,-8.6
2025-01-04 08:30:00,721.9159892999999,-8.486
2025-01-04 09:00:00,722.0383532999999,-8.717
2025-01-04 09:30:00,722.3350859999999,-9.0
2025-01-04 10:00:00,722.6756657999999,-9.126
2025-01-04 10:30:00,723.0325607999999,-9.812
2025-01-04 11:00:00,723.2028507,-10.263
2025-01-04 11:30:00,722.9581227,-10.668
2025-01-04 12:00:00,723.0631518,-11.696
2025-01-04 12:30:00,723.0906836999999,-11.701
2025-01-04 13:00:00,723.6984249,-12.151
2025-01-04 13:30:00,723.4506378,-12.814
2025-01-04 14:00:00,723.6372428999999,-13.12
2025-01-04 14:30:00,723.5097803999998,-13.214
2025-01-04 15:00:00,723.7891781999999,-13.464
2025-01-04 15:30:00,724.1154822,-13.551
2025-01-04 16:00:00,724.3265600999999,-13.491
2025-01-04 16:30:00,724.8302919,-13.347
2025-01-04 17:00:00,725.1984035999999,-12.514
2025-01-04 17:30:00,725.6011851,-10.784
2025-01-04 18:00:00,725.9101541999999,-9.184
2025-01-04 18:30:00,726.3679995,-6.685
2025-01-04 19:00:00,726.5321712,-3.991
2025-01-04 19:30:00,726.6973625999999,-0.024
2025-01-04 20:00:00,727.3673055,0.941
2025-01-04 20:30:00,727.0766909999999,0.283
2025-01-04 21:00:00,726.913539,-0.194
2025-01-04 21:30:00,727.0695531,0.646
2025-01-04 22:00:00,727.3887192,2.076
2025-01-04 22:30:00,727.5814425,2.703
2025-01-04 23:00:00,727.3550690999999,-0.139
2025-01-04 23:30:00,727.2632960999998,-1.051
2025-01-05 00:00:00,727.3356947999999,-2.947
2025-01-05 00:30:00,727.1052426,-3.862
2025-01-05 01:00:00,727.5488121,-4.53
2025-01-05 01:30:00,727.9271207999999,-5.11
2025-01-05 02:00:00,728.0525439,-5.608
2025-01-05 02:30:00,728.1239228999999,-6.045
2025-01-05 03:00:00,728.2024397999999,-6.212
2025-01-05 03:30:00,728.3706903,-6.308
2025-01-05 04:00:00,728.5858469999998,-6.283
2025-01-05 04:30:00,728.6623245,-6.239
2025-01-05 05:00:00,728.6664033,-6.04
2025-01-05 05:30:00,728.9498798999999,-5.801
2025-01-05 06:00:00,729.4852223999999,-5.853
2025-01-05 06:30:00,729.5525226,-6.087
2025-01-05 07:00:00,729.8094869999999,-6.318
2025-01-05 07:30:00,729.8880039,-6.549
2025-01-05 08:00:00,729.8247825,-6.661
2025-01-05 08:30:00,729.7197534,-6.805
2025-01-05 09:00:00,729.636138,-6.892
2025-01-05 09:30:00,729.7452459,-6.854
2025-01-05 10:00:00,729.6239016,-6.796
2025-01-05 10:30:00,729.6259409999999,-6.567
2025-01-05 11:00:00,729.5667983999999,-6.379
2025-01-05 11:30:00,729.360819,-6.239
2025-01-05 12:00:00,729.3026960999999,-6.178
2025-01-05 12:30:00,729.2700657,-6.057
2025-01-05 13:00:00,729.4423949999999,-5.989
2025-01-05 13:30:00,729.5994287999999,-5.881
2025-01-05 14:00:00,729.6575517,-5.627
2025-01-05 14:30:00,729.9318509999999,-5.756
2025-01-05 15:00:00,730.1684213999999,-6.047
2025-01-05 15:30:00,729.9481661999998,-6.393
2025-01-05 16:00:00,730.1276333999999,-6.388
2025-01-05 16:30:00,730.3183173,-6.493
2025-01-05 17:00:00,730.5467300999999,-6.043
2025-01-05 17:30:00,731.0249694,-4.483
2025-01-05 18:00:00,731.4685388999999,-2.815
2025-01-05 18:30:00,731.5664301,-0.585
2025-01-05 19:00:00,731.6918532,1.167
2025-01-05 19:30:00,731.4981101999999,3.746
2025-01-05 20:00:00,731.5297208999999,5.928
2025-01-05 20:30:00,731.2951899,4.703
2025-01-05 21:00:00,731.2819337999999,4.237
2025-01-05 21:30:00,731.0433239999999,4.515
2025-01-05 22:00:00,731.0249694,5.084
2025-01-05 22:30:00,731.3757461999999,5.635
2025-01-05 23:00:00,731.3522931,3.417
2025-01-05 23:30:00,731.2564413,1.32
2025-01-06 00:00:00,731.3186429999998,0.334
2025-01-06 00:30:00,731.2431852,-0.441
2025-01-06 01:00:00,731.3380172999999,-1.555
2025-01-06 01:30:00,731.3879826,-2.685
2025-01-06 02:00:00,731.1024666,-3.5
2025-01-06 02:30:00,731.1401954999999,-3.927
2025-01-06 03:00:00,731.2340078999999,-3.772
2025-01-06 03:30:00,731.3298596999999,-3.751
2025-01-06 04:00:00,731.4175539,-3.835
2025-01-06 04:30:00,731.4889328999999,-4.055
2025-01-06 05:00:00,731.5205435999999,-4.257
2025-01-06 05:30:00,731.7316215,-4.424
2025-01-06 06:00:00,731.6327105999999,-4.438
2025-01-06 06:30:00,731.6194545,-4.61
2025-01-06 07:00:00,731.4022583999999,-4.277
2025-01-06 07:30:00,731.3369975999999,-4.062
2025-01-06 08:00:00,731.0372057999999,-4.687
2025-01-06 08:30:00,730.7425124999999,-5.036
2025-01-06 09:00:00,730.4733117,-5.193
2025-01-06 09:30:00,730.1775987,-4.989
2025-01-06 10:00:00,730.0725696,-3.627
2025-01-06 10:30:00,730.0307618999999,-1.564
2025-01-06 11:00:00,729.9338904,-1.49
2025-01-06 11:30:00,729.6524532,-1.564
2025-01-06 12:00:00,729.0854999999999,-1.704
2025-01-06 12:30:00,728.9019539999999,-1.742
2025-01-06 13:00:00,729.0467514,-2.374
2025-01-06 13:30:00,728.8346537999998,-2.448
2025-01-06 14:00:00,729.0375740999999,-2.65
2025-01-06 14:30:00,728.2432278,-3.158
2025-01-06 15:00:00,728.3543750999999,-3.728
2025-01-06 15:30:00,728.3880252,-4.586
2025-01-06 16:00:00,728.3727296999999,-5.428
2025-01-06 16:30:00,728.4288131999999,-6.278
2025-01-06 17:00:00,728.4614435999999,-6.399
2025-01-06 17:30:00,728.5603544999999,-5.602
2025-01-06 18:00:00,728.6378517,-4.496
2025-01-06 18:30:00,728.7245262,-2.29
2025-01-06 19:00:00,728.5175270999999,-0.961
2025-01-06 19:30:00,728.1606320999999,1.761
2025-01-06 20:00:00,727.8781752,3.365
2025-01-06 20:30:00,727.1919171,1.909
2025-01-06 21:00:00,726.6402593999999,1.384
2025-01-06 21:30:00,726.4281618,1.87
2025-01-06 22:00:00,726.2854037999999,3.396
2025-01-06 22:30:00,726.2741871,3.97
2025-01-06 23:00:00,725.8336767,0.746
2025-01-06 23:30:00,725.5094121,-1.86
2025-01-07 00:00:00,725.3676738,-3.313
2025-01-07 00:30:00,725.3911268999999,-3.754
2025-01-07 01:00:00,725.5236878999999,-3.107
2025-01-07 01:30:00,725.5338849,-2.913
2025-01-07 02:00:00,725.6154608999999,-3.098
2025-01-07 02:30:00,725.5654955999998,-3.246
2025-01-07 03:00:00,725.557338,-3.89
2025-01-07 03:30:00,725.700096,-3.484
2025-01-07 04:00:00,725.7939084,-3.271
2025-01-07 04:30:00,725.6684852999999,-3.519
2025-01-07 05:00:00,725.5909881,-3.567
2025-01-07 05:30:00,725.5685546999999,-3.815
2025-01-07 06:00:00,725.6684852999999,-4.176
2025-01-07 06:30:00,725.8306176,-4.526
2025-01-07 07:00:00,726.3863541,-4.73
2025-01-07 07:30:00,726.0773849999999,-4.976
2025-01-07 08:00:00,725.8010462999998,-5.49
2025-01-07 08:30:00,725.6164805999999,-5.772
2025-01-07 09:00:00,725.5389833999999,-6.022
2025-01-07 09:30:00,725.9172920999999,-6.363
2025-01-07 10:00:00,725.6582882999999,-6.682
2025-01-07 10:30:00,725.700096,-6.89
2025-01-07 11:00:00,725.7225293999999,-7.059
2025-01-07 11:30:00,725.7184505999999,-7.314
2025-01-07 12:00:00,725.4217178999999,-7.506
2025-01-07 12:30:00,724.7803265999999,-7.809
2025-01-07 13:00:00,724.7691099,-8.098
2025-01-07 13:30:00,725.2799795999999,-8.36
2025-01-07 14:00:00,725.4614861999999,-8.479
2025-01-07 14:30:00,726.1803747,-8.512
2025-01-07 15:00:00,726.7269339,-8.542
2025-01-07 15:30:00,726.8911056,-8.519
2025-01-07 16:00:00,726.9257754,-8.09
2025-01-07 16:30:00,727.3866797999999,-8.216
2025-01-07 17:00:00,727.9566921,-7.968
2025-01-07 17:30:00,728.2493460000001,-7.17
2025-01-07 18:00:00,728.2727990999999,-6.949
2025-01-07 18:30:00,728.6949548999999,-5.532
2025-01-07 19:00:00,728.7561368999999,-5.111
2025-01-07 19:30:00,728.5083497999999,-3.44
2025-01-07 20:00:00,728.5848273,-1.514
2025-01-07 20:30:00,727.7282792999999,-2.61
2025-01-07 21:00:00,727.6966686,-3.093
2025-01-07 21:30:00,727.7955795,-3.315
2025-01-07 22:00:00,727.5090438,-1.894
2025-01-07 22:30:00,727.6293684,-1.043
2025-01-07 23:00:00,727.6008168,-2.788
2025-01-07 23:30:00,727.6416048,-3.66
2025-01-08 00:00:00,727.3295765999999,-3.88
2025-01-08 00:30:00,727.4040147,-4.035
2025-01-08 01:00:00,727.9597511999999,-4.409
2025-01-08 01:30:00,728.2207943999999,-5.078
2025-01-08 02:00:00,727.8863328,-5.568
2025-01-08 02:30:00,727.9403768999999,-5.884
2025-01-08 03:00:00,728.1708291,-5.926
2025-01-08 03:30:00,728.1045485999999,-5.994
2025-01-08 04:00:00,727.362207,-5.316
2025-01-08 04:30:00,727.8435054,-4.484
2025-01-08 05:00:00,728.381907,-4.682
2025-01-08 05:30:00,728.9213283,-5.152
2025-01-08 06:00:00,729.1823714999999,-5.118
2025-01-08 06:30:00,729.4474935,-5.295
2025-01-08 07:00:00,729.8094869999999,-5.381
2025-01-08 07:30:00,730.1092787999999,-4.132
2025-01-08 08:00:00,729.7003791,-3.98
2025-01-08 08:30:00,729.4607496,-3.719
2025-01-08 09:00:00,729.1823714999999,-3.482
2025-01-08 09:30:00,729.2109231,-3.362
2025-01-08 10:00:00,728.6592654,-3.385
2025-01-08 10:30:00,728.7051518999999,-3.34
2025-01-08 11:00:00,728.7296247,-3.046
2025-01-08 11:30:00,728.7031125,-3.447
2025-01-08 12:00:00,728.4685814999999,-3.977
2025-01-08 12:30:00,728.8530083999999,-3.087
2025-01-08 13:00:00,728.8897175999999,-2.941
2025-01-08 13:30:00,729.3159521999999,-2.813
2025-01-08 14:00:00,729.5616999,-2.635
2025-01-08 14:30:00,729.9767178,-2.463
2025-01-08 15:00:00,729.7146548999999,-2.353
2025-01-08 15:30:00,730.0899045,-1.429
2025-01-08 16:00:00,730.2183866999999,-0.958
2025-01-08 16:30:00,730.7883989999999,-0.748
2025-01-08 17:00:00,731.3941007999999,-0.443
2025-01-08 17:30:00,731.767311,0.237
2025-01-08 18:00:00,731.8040201999999,0.956
2025-01-08 18:30:00,731.9579948999999,2.524
2025-01-08 19:00:00,732.7686563999999,3.112
2025-01-08 19:30:00,732.1191074999999,4.476
2025-01-08 20:00:00,731.7815867999999,5.839
2025-01-08 20:30:00,731.5103465999998,4.507
2025-01-08 21:00:00,731.0331269999999,4.202
2025-01-08 21:30:00,731.1218409,4.803
2025-01-08 22:00:00,731.3431158,5.918
2025-01-08 22:30:00,731.8978326,6.594
2025-01-08 23:00:00,731.7142865999999,3.805
2025-01-08 23:30:00,731.5592921999998,1.509
2025-01-09 00:00:00,731.0718756,-1.226
2025-01-09 00:30:00,731.1473334,-2.359
2025-01-09 01:00:00,731.3043672,-2.984
2025-01-09 01:30:00,731.2044366,-3.47
2025-01-09 02:00:00,731.3777855999999,-3.195
2025-01-09 02:30:00,731.8346111999999,-3.429
2025-01-09 03:00:00,731.8346111999999,-3.95
2025-01-09 03:30:00,731.3308794,-4.178
2025-01-09 04:00:00,731.5450164,-4.571
2025-01-09 04:30:00,731.5480755,-4.767
2025-01-09 05:00:00,731.5276815,-4.87
2025-01-09 05:30:00,731.2003578,-5.192
2025-01-09 06:00:00,731.1687471,-4.984
2025-01-09 06:30:00,731.4338690999999,-4.852
2025-01-09 07:00:00,731.3410763999999,-4.474
2025-01-09 07:30:00,731.1860819999999,-3.065
2025-01-09 08:00:00,730.9464525,-3.195
2025-01-09 08:30:00,730.8995462999999,-2.809
2025-01-09 09:00:00,730.7078426999999,-2.44
2025-01-09 09:30:00,730.7312958,-3.268
2025-01-09 10:00:00,730.9301372999998,-3.465
2025-01-09 10:30:00,731.2013774999999,-3.814
2025-01-09 11:00:00,731.2238108999999,-4.17
2025-01-09 11:30:00,731.0698361999998,-4.513
2025-01-09 12:00:00,731.1401954999999,-5.116
2025-01-09 12:30:00,731.0055950999999,-5.359
2025-01-09 13:00:00,730.8760932,-4.359
2025-01-09 13:30:00,731.2105548,-2.121
2025-01-09 14:00:00,731.3196626999999,-1.605
2025-01-09 14:30:00,731.3410763999999,-2.23
2025-01-09 15:00:00,731.461401,-1.935
2025-01-09 15:30:00,731.5858043999999,-3.275
2025-01-09 16:00:00,731.5980407999999,-4.3
2025-01-09 16:30:00,731.9019114,-4.654
2025-01-09 17:00:00,732.0966740999999,-3.67
2025-01-09 17:30:00,732.4729434,-2.073
2025-01-09 18:00:00,732.9940101,-0.104
2025-01-09 18:30:00,732.8757249,1.681
2025-01-09 19:00:00,732.7951685999999,2.443
2025-01-09 19:30:00,732.6371150999998,4.109
2025-01-09 20:00:00,732.6391544999999,5.571
2025-01-09 20:30:00,732.0997331999998,4.627
2025-01-09 21:00:00,731.8621430999999,4.014
2025-01-09 21:30:00,731.5715285999999,4.909
2025-01-09 22:00:00,731.7540549,6.279
2025-01-09 22:30:00,731.9957238,6.841
2025-01-09 23:00:00,731.8682613,4.069
2025-01-09 23:30:00,731.889675,1.319
2025-01-10 00:00:00,731.6745182999999,-0.818
2025-01-10 00:30:00,731.9110886999999,-1.366
2025-01-10 01:00:00,732.3536384999999,-2.231
2025-01-10 01:30:00,732.4984358999999,-2.652
2025-01-10 02:00:00,732.5320859999998,-2.592
2025-01-10 02:30:00,732.4984358999999,-2.703
2025-01-10 03:00:00,732.2384124,-2.335
2025-01-10 03:30:00,732.6982970999999,-0.73
2025-01-10 04:00:00,732.8257596,-0.752
2025-01-10 04:30:00,733.2346592999999,-0.458
2025-01-10 05:00:00,733.5711602999999,0.071
2025-01-10 05:30:00,733.7751003,-0.417
2025-01-10 06:00:00,733.8954249,-1.099
2025-01-10 06:30:00,734.0341040999999,-1.955
2025-01-10 07:00:00,734.367546,-2.775
2025-01-10 07:30:00,734.6581604999999,-3.351
2025-01-10 08:00:00,734.0942664,-4.142
2025-01-10 08:30:00,733.9617053999999,-4.206
2025-01-10 09:00:00,733.9178582999999,-4.248
2025-01-10 09:30:00,734.0086115999999,-4.27
2025-01-10 10:00:00,733.8434202,-4.163
2025-01-10 10:30:00,733.7598047999999,-3.948
2025-01-10 11:00:00,733.9025627999998,-3.935
2025-01-10 11:30:00,734.1258770999999,-4.154
2025-01-10 12:00:00,734.2910684999998,-4.588
2025-01-10 12:30:00,734.0188085999999,-4.791
2025-01-10 13:00:00,734.0361435,-5.01
2025-01-10 13:30:00,734.0157495,-5.164
2025-01-10 14:00:00,734.1411726,-5.29
2025-01-10 14:30:00,733.9249961999999,-5.202
2025-01-10 15:00:00,734.1207785999999,-4.829
2025-01-10 15:30:00,734.3338959,-4.523
2025-01-10 16:00:00,734.5939193999999,-4.389
2025-01-10 16:30:00,734.5041858,-4.342
2025-01-10 17:00:00,734.7101651999999,-3.503
2025-01-10 17:30:00,734.8396670999999,-1.966
2025-01-10 18:00:00,735.3128078999998,0.259
2025-01-10 18:30:00,735.3790883999999,2.487
2025-01-10 19:00:00,735.2628426,4.102
2025-01-10 19:30:00,734.744835,6.593
2025-01-10 20:00:00,734.3124822,8.614
2025-01-10 20:30:00,733.8169079999999,8.035
2025-01-10 21:00:00,733.827105,7.268
2025-01-10 21:30:00,733.6843469999999,6.876
2025-01-10 22:00:00,733.3631415,7.734
2025-01-10 22:30:00,733.2805457999999,8.331
2025-01-10 23:00:00,733.0460148,6.153
2025-01-10 23:30:00,732.9899313,4.968
2025-01-11 00:00:00,732.8879612999999,3.727
2025-01-11 00:30:00,732.4372539,2.819
2025-01-11 01:00:00,732.1048316999999,2.194
2025-01-11 01:30:00,732.0569057999999,2.447
2025-01-11 02:00:00,731.8019808,2.504
2025-01-11 02:30:00,731.8988522999998,2.418
2025-01-11 03:00:00,731.5256420999999,2.086
2025-01-11 03:30:00,731.5664301,1.795
2025-01-11 04:00:00,731.7316215,1.138
2025-01-11 04:30:00,731.614356,0.183
2025-01-11 05:00:00,731.3757461999999,-0.397
2025-01-11 05:30:00,731.1085848,-1.032
2025-01-11 06:00:00,730.8842507999999,-1.795
2025-01-11 06:30:00,730.4284448999999,-2.925
2025-01-11 07:00:00,730.2051306,-3.538
2025-01-11 07:30:00,729.7299503999999,-4.243
2025-01-11 08:00:00,729.3975282,-4.829
2025-01-11 08:30:00,728.9141903999999,-5.419
2025-01-11 09:00:00,728.381907,-5.924
2025-01-11 09:30:00,728.2687202999999,-6.393
2025-01-11 10:00:00,728.0148149999999,-6.894
2025-01-11 10:30:00,727.6793336999999,-7.482
2025-01-11 11:00:00,727.4499012,-7.921
2025-01-11 11:30:00,727.2938870999999,-8.252
2025-01-11 12:00:00,726.8849873999999,-8.625
2025-01-11 12:30:00,726.7789385999998,-8.788
2025-01-11 13:00:00,727.1715230999998,-7.214
2025-01-11 13:30:00,727.6966686,-6.758
2025-01-11 14:00:00,727.6936095,-7.333
2025-01-11 14:30:00,727.8608403,-7.269
2025-01-11 15:00:00,727.8679781999999,-7.561
2025-01-11 15:30:00,727.7078853,-9.028
2025-01-11 16:00:00,727.6334472,-9.828
2025-01-11 16:30:00,727.4753936999999,-10.082
2025-01-11 17:00:00,727.5569697,-9.408
2025-01-11 17:30:00,727.7221610999999,-7.985
2025-01-11 18:00:00,727.6854519,-6.522
2025-01-11 18:30:00,727.4753936999999,-3.992
2025-01-11 19:00:00,727.6048956,-1.504
2025-01-11 19:30:00,727.35201,1.244
2025-01-11 20:00:00,727.0165287,2.253
2025-01-11 20:30:00,726.4842453,1.585
2025-01-11 21:00:00,726.2752068,0.841
2025-01-11 21:30:00,726.1120547999999,0.978
2025-01-11 22:00:00,726.2068868999999,1.418
2025-01-11 22:30:00,726.3068175,2.0
2025-01-11 23:00:00,726.0886017,-0.173
2025-01-11 23:30:00,725.8877208,-2.066
2025-01-12 00:00:00,726.1538625,-3.275
2025-01-12 00:30:00,725.9672573999999,-3.946
2025-01-12 01:00:00,725.7969674999999,-4.353
2025-01-12 01:30:00,726.2242217999999,-4.526
2025-01-12 02:00:00,726.3057977999999,-4.97
2025-01-12 02:30:00,726.1742565,-5.879
2025-01-12 03:00:00,726.2028080999999,-6.646
2025-01-12 03:30:00,726.1273503,-6.972
2025-01-12 04:00:00,725.7276278999999,-7.067
2025-01-12 04:30:00,725.3136297,-6.475
2025-01-12 05:00:00,725.1351821999999,-6.929
2025-01-12 05:30:00,725.2555067999999,-7.617
2025-01-12 06:00:00,725.9988681,-5.522
2025-01-12 06:30:00,726.0998183999999,-6.097
2025-01-12 07:00:00,726.1263306,-5.648
2025-01-12 07:30:00,725.995809,-5.749
2025-01-12 08:00:00,725.8367357999999,-5.84
2025-01-12 08:30:00,725.1576156,-6.329
2025-01-12 09:00:00,724.9557149999999,-6.303
2025-01-12 09:30:00,724.9638726,-5.781
2025-01-12 10:00:00,724.8241737,-6.826
2025-01-12 10:30:00,724.7181249,-7.896
2025-01-12 11:00:00,724.4897121,-8.704
2025-01-12 11:30:00,724.2959690999999,-9.088
2025-01-12 12:00:00,723.9258179999999,-9.495
2025-01-12 12:30:00,723.8156903999999,-9.721
2025-01-12 13:00:00,723.5954352,-9.193
2025-01-12 13:30:00,723.4955046,-8.719
2025-01-12 14:00:00,723.6719126999999,-9.024
2025-01-12 14:30:00,723.5913564,-9.789
2025-01-12 15:00:00,723.5964548999999,-10.563
2025-01-12 15:30:00,723.7453310999999,-11.087
2025-01-12 16:00:00,724.0155515999999,-11.233
2025-01-12 16:30:00,723.9543695999998,-11.446
2025-01-12 17:00:00,724.3398162,-10.643
2025-01-12 17:30:00,724.7548340999999,-9.165
2025-01-12 18:00:00,724.6610217,-7.331
2025-01-12 18:30:00,724.6691793,-4.165
2025-01-12 19:00:00,724.6324701,-2.101
2025-01-12 19:30:00,724.6426670999999,-0.424
2025-01-12 20:00:00,724.5865836,0.051
2025-01-12 20:30:00,724.5325395,-1.286
2025-01-12 21:00:00,724.3744859999999,-2.279
2025-01-12 21:30:00,724.4162937,-1.784
2025-01-12 22:00:00,724.2307083,-0.502
2025-01-12 22:30:00,724.3999784999999,0.444
2025-01-12 23:00:00,724.2623189999999,-1.594
2025-01-12 23:30:00,724.3000478999999,-3.068
2025-01-13 00:00:00,723.895227,-4.477
2025-01-13 00:30:00,723.3517269,-6.598
2025-01-13 01:00:00,723.6137897999998,-8.458
2025-01-13 01:30:00,723.4598151,-9.663
2025-01-13 02:00:00,723.5230364999999,-10.193
2025-01-13 02:30:00,723.3058404,-10.711
2025-01-13 03:00:00,723.507741,-10.559
2025-01-13 03:30:00,723.3303131999999,-10.37
2025-01-13 04:00:00,723.2742296999999,-10.406
2025-01-13 04:30:00,722.8530936,-10.915
2025-01-13 05:00:00,722.7215523,-11.158
2025-01-13 05:30:00,722.7694782,-11.378
2025-01-13 06:00:00,722.9418074999999,-11.753
2025-01-13 06:30:00,722.8683891,-12.165
2025-01-13 07:00:00,722.9030588999999,-12.409
2025-01-13 07:30:00,723.3537663,-11.301
2025-01-13 08:00:00,723.2579145,-11.444
2025-01-13 08:30:00,723.2344613999999,-11.967
2025-01-13 09:00:00,723.5821791,-11.378
2025-01-13 09:30:00,723.8921679,-11.771
2025-01-13 10:00:00,723.8136509999999,-11.729
2025-01-13 10:30:00,723.7106612999999,-11.84
2025-01-13 11:00:00,723.895227,-12.129
2025-01-13 11:30:00,723.7616463,-12.171
2025-01-13 12:00:00,723.6290852999999,-12.147
2025-01-13 12:30:00,723.4873469999999,-11.975
2025-01-13 13:00:00,723.3537663,-12.2
2025-01-13 13:30:00,723.558726,-11.373
2025-01-13 14:00:00,723.8473011,-11.4
2025-01-13 14:30:00,724.2959690999999,-12.071
2025-01-13 15:00:00,724.7670704999999,-12.675
2025-01-13 15:30:00,725.2463295,-13.136
2025-01-13 16:00:00,725.6960171999999,-13.283
2025-01-13 16:30:00,726.1977096,-13.204
2025-01-13 17:00:00,726.5862153,-12.023
2025-01-13 17:30:00,727.1745822,-8.755
2025-01-13 18:00:00,727.7445945,-6.787
2025-01-13 18:30:00,728.1086273999999,-4.336
2025-01-13 19:00:00,728.4726602999999,-3.227
2025-01-13 19:30:00,728.4237147,-1.575
2025-01-13 20:00:00,728.2870749,-0.768
2025-01-13 20:30:00,728.1504350999999,-1.695
2025-01-13 21:00:00,727.8435054,-2.282
2025-01-13 21:30:00,727.6997276999999,-1.847
2025-01-13 22:00:00,728.0392878,-0.655
2025-01-13 22:30:00,728.4186162,0.381
2025-01-13 23:00:00,728.2422081,-1.378
2025-01-13 23:30:00,728.2024397999999,-2.717
2025-01-14 00:00:00,728.3074688999999,-3.493
2025-01-14 00:30:00,728.3900645999998,-3.849
2025-01-14 01:00:00,728.5980834,-4.124
2025-01-14 01:30:00,728.8458704999999,-4.599
2025-01-14 02:00:00,729.0783621,-4.382
2025-01-14 02:30:00,729.3271689,-4.654
2025-01-14 03:00:00,729.5198921999998,-4.643
2025-01-14 03:30:00,730.0042497000001,-4.464
2025-01-14 04:00:00,730.3550264999999,-4.983
2025-01-14 04:30:00,730.7160002999999,-4.76
2025-01-14 05:00:00,730.8200097,-5.499
2025-01-14 05:30:00,730.9525706999999,-5.519
2025-01-14 06:00:00,731.2125942,-5.396
2025-01-14 06:30:00,731.2798943999999,-5.38
2025-01-14 07:00:00,731.3604507,-4.65
2025-01-14 07:30:00,731.3665688999998,-4.585
2025-01-14 08:00:00,730.9607282999999,-4.385
2025-01-14 08:30:00,730.6966259999999,-4.643
2025-01-14 09:00:00,731.0157921,-4.372
2025-01-14 09:30:00,731.2442048999999,-4.315
2025-01-14 10:00:00,731.2105548,-5.315
2025-01-14 10:30:00,731.0137526999999,-4.961
2025-01-14 11:00:00,731.1024666,-4.156
2025-01-14 11:30:00,730.7843201999999,-4.727
2025-01-14 12:00:00,730.7904383999999,-4.339
2025-01-14 12:30:00,730.8587583,-4.505
2025-01-14 13:00:00,730.9862208,-4.655
2025-01-14 13:30:00,731.2809140999999,-5.871
2025-01-14 14:00:00,731.3094657,-6.214
2025-01-14 14:30:00,731.4369281999999,-6.227
2025-01-14 15:00:00,732.0456891,-4.398
2025-01-14 15:30:00,732.2220971999999,-4.882
2025-01-14 16:00:00,732.4790616,-4.756
2025-01-14 16:30:00,732.7186911,-5.54
2025-01-14 17:00:00,732.6391544999999,-5.646
2025-01-14 17:30:00,733.0827239999999,-3.673
2025-01-14 18:00:00,733.307058,-2.338
2025-01-14 18:30:00,733.5691208999999,-0.036
2025-01-14 19:00:00,733.6252043999999,0.39
2025-01-14 19:30:00,733.5211949999999,2.093
2025-01-14 20:00:00,733.2815654999999,3.615
2025-01-14 20:30:00,732.8216808,2.786
2025-01-14 21:00:00,732.5320859999998,2.484
2025-01-14 21:30:00,732.2659442999999,2.653
2025-01-14 22:00:00,732.3475202999999,3.524
2025-01-14 22:30:00,732.4658055,4.382
2025-01-14 23:00:00,732.3995249999999,2.393
2025-01-14 23:30:00,732.4178796,0.722
2025-01-15 00:00:00,732.3250869,-1.075
2025-01-15 00:30:00,732.4709039999999,-2.176
2025-01-15 01:00:00,732.3903477,-2.817
2025-01-15 01:30:00,732.4025840999999,-2.968
2025-01-15 02:00:00,732.2761413,-3.671
2025-01-15 02:30:00,732.0028617,-4.476
2025-01-15 03:00:00,731.9579948999999,-4.184
2025-01-15 03:30:00,732.1915061999998,-2.945
2025-01-15 04:00:00,732.5708346,-2.742
2025-01-15 04:30:00,732.5922482999999,-3.786
2025-01-15 05:00:00,732.6442529999999,-4.133
2025-01-15 05:30:00,732.8196414,-3.625
2025-01-15 06:00:00,733.0949603999999,-3.353
2025-01-15 06:30:00,733.3600824,-2.754
2025-01-15 07:00:00,733.2530138999999,-2.859
2025-01-15 07:30:00,733.2101865,-2.937
2025-01-15 08:00:00,732.9827933999999,-3.149
2025-01-15 08:30:00,732.6442529999999,-3.888
2025-01-15 09:00:00,732.4851798,-4.182
2025-01-15 09:30:00,732.3210081,-4.767
2025-01-15 10:00:00,732.4760024999999,-4.864
2025-01-15 10:30:00,732.4372539,-5.562
2025-01-15 11:00:00,732.2812398,-6.14
2025-01-15 11:30:00,732.1068710999999,-6.928
2025-01-15 12:00:00,732.0334527,-7.298
2025-01-15 12:30:00,731.9416797,-7.403
2025-01-15 13:00:00,731.8764189,-7.974
2025-01-15 13:30:00,731.7346805999999,-7.611
2025-01-15 14:00:00,731.8376703,-7.39
2025-01-15 14:30:00,731.9692115999999,-7.03
2025-01-15 15:00:00,731.9600342999998,-7.174
2025-01-15 15:30:00,732.0691421999999,-7.279
2025-01-15 16:00:00,732.1109498999999,-7.267
2025-01-15 16:30:00,732.2690034,-7.262
2025-01-15 17:00:00,732.6218196,-5.085
2025-01-15 17:30:00,733.1643,-2.327
2025-01-15 18:00:00,733.3570232999999,-0.86
2025-01-15 18:30:00,733.3315307999999,2.541
2025-01-15 19:00:00,733.5599436,2.577
2025-01-15 19:30:00,733.0990392,3.398
2025-01-15 20:00:00,732.8910203999999,4.501
2025-01-15 20:30:00,732.5687952,3.221
2025-01-15 21:00:00,732.1496984999999,2.558
2025-01-15 21:30:00,731.8050399,3.001
2025-01-15 22:00:00,731.6398485,3.945
2025-01-15 22:30:00,731.6887941,4.761
2025-01-15 23:00:00,731.4155144999999,2.936
2025-01-15 23:30:00,731.3023278,1.295
2025-01-16 00:00:00,731.1330575999999,0.564
2025-01-16 00:30:00,731.0239497,0.17
2025-01-16 01:00:00,730.9219797,-0.168
2025-01-16 01:30:00,730.9464525,-0.364
2025-01-16 02:00:00,730.9964177999999,-0.586
2025-01-16 02:30:00,730.8934280999999,-1.023
2025-01-16 03:00:00,730.9362554999999,-1.417
2025-01-16 03:30:00,730.859778,-1.479
2025-01-16 04:00:00,730.8087929999999,-1.795
2025-01-16 04:30:00,730.8852704999999,-1.868
2025-01-16 05:00:00,730.9729647,-1.617
2025-01-16 05:30:00,730.7659656,-2.018
2025-01-16 06:00:00,730.7741232,-2.287
2025-01-16 06:30:00,730.5813999,-3.813
2025-01-16 07:00:00,730.482489,-4.246
2025-01-16 07:30:00,730.3866372,-4.706
2025-01-16 08:00:00,730.1062196999999,-5.282
2025-01-16 08:30:00,729.8818857,-6.239
2025-01-16 09:00:00,729.5464043999999,-7.127
2025-01-16 09:30:00,729.3944690999999,-7.731
2025-01-16 10:00:00,729.3373658999999,-8.157
2025-01-16 10:30:00,729.299637,-8.487
2025-01-16 11:00:00,729.2170413,-8.853
2025-01-16 11:30:00,729.1252682999999,-9.321
2025-01-16 12:00:00,728.9855693999999,-9.679
2025-01-16 12:30:00,728.8081416,-9.912
2025-01-16 13:00:00,728.6174576999999,-10.111
2025-01-16 13:30:00,728.5287438,-10.338
2025-01-16 14:00:00,728.3095083,-10.455
2025-01-16 14:30:00,728.2493460000001,-10.616
2025-01-16 15:00:00,728.0239922999999,-10.772
2025-01-16 15:30:00,727.9271207999999,-10.845
2025-01-16 16:00:00,727.8384069,-10.792
2025-01-16 16:30:00,727.8455448,-10.711
2025-01-16 17:00:00,727.8985692,-10.034
2025-01-16 17:30:00,728.0821152,-8.287
2025-01-16 18:00:00,728.1004698,-6.716
2025-01-16 18:30:00,728.2687202999999,-2.141
2025-01-16 19:00:00,728.3125673999999,-0.852
2025-01-16 19:30:00,727.9546526999999,0.611
2025-01-16 20:00:00,727.7772249,2.982
2025-01-16 20:30:00,727.2143505,1.963
2025-01-16 21:00:00,726.7340718,1.293
2025-01-16 21:30:00,726.3965510999999,1.695
2025-01-16 22:00:00,726.4159254,2.974
2025-01-16 22:30:00,726.4087874999999,3.678
2025-01-16 23:00:00,726.1140942,1.401
2025-01-16 23:30:00,725.8571298,-1.452
2025-01-17 00:00:00,725.6949975,-3.329
2025-01-17 00:30:00,725.6684852999999,-4.622
2025-01-17 01:00:00,725.7102929999999,-5.732
2025-01-17 01:30:00,725.6480912999999,-6.606
2025-01-17 02:00:00,725.5308257999999,-7.375
2025-01-17 02:30:00,725.455368,-8.093
2025-01-17 03:00:00,725.4808605,-8.808
2025-01-17 03:30:00,725.3574768,-9.352
2025-01-17 04:00:00,725.3279054999999,-9.767
2025-01-17 04:30:00,725.2626447,-10.126
2025-01-17 05:00:00,725.3656343999999,-10.457
2025-01-17 05:30:00,725.3360630999999,-10.692
2025-01-17 06:00:00,725.4033633,-10.8
2025-01-17 06:30:00,725.5899684,-11.015
2025-01-17 07:00:00,725.5512198,-11.161
2025-01-17 07:30:00,725.3676738,-11.177
2025-01-17 08:00:00,725.0709411,-11.249
2025-01-17 08:30:00,724.8894344999999,-11.274
2025-01-17 09:00:00,725.2035020999999,-11.383
2025-01-17 09:30:00,725.3187282,-11.761
2025-01-17 10:00:00,725.2748810999999,-11.891
2025-01-17 10:30:00,725.3870480999999,-11.987
2025-01-17 11:00:00,725.3095509,-12.068
2025-01-17 11:30:00,725.0841972,-12.051
2025-01-17 12:00:00,724.9526559,-12.023
2025-01-17 12:30:00,725.0709411,-12.035
2025-01-17 13:00:00,724.8782178,-11.914
2025-01-17 13:30:00,725.0852168999999,-12.021
2025-01-17 14:00:00,725.2565265,-12.13
2025-01-17 14:30:00,725.1392609999999,-12.12
2025-01-17 15:00:00,725.1107094,-12.148
2025-01-17 15:30:00,725.0138379,-12.168
2025-01-17 16:00:00,725.0485077,-11.876
2025-01-17 16:30:00,725.6440124999999,-11.668
2025-01-17 17:00:00,725.9529816,-11.157
2025-01-17 17:30:00,726.1589609999999,-9.619
2025-01-17 18:00:00,726.6147669,-8.165
2025-01-17 18:30:00,727.0858682999999,-2.822
2025-01-17 19:00:00,727.2480006,-1.951
2025-01-17 19:30:00,727.1184987,-0.042
2025-01-17 20:00:00,727.0991243999999,1.975
2025-01-17 20:30:00,726.8268644999998,1.163
2025-01-17 21:00:00,726.699402,0.716
2025-01-17 21:30:00,726.5454272999999,1.223
2025-01-17 22:00:00,726.6443381999999,2.183
2025-01-17 22:30:00,726.7646628,3.071
2025-01-17 23:00:00,726.5811168,0.907
2025-01-17 23:30:00,726.5189151,-0.808
2025-01-18 00:00:00,726.4210238999999,-3.125
2025-01-18 00:30:00,726.5892743999999,-4.47
2025-01-18 01:00:00,726.6698306999999,-5.436
2025-01-18 01:30:00,726.6402593999999,-6.253
2025-01-18 02:00:00,726.7381505999999,-7.191
2025-01-18 02:30:00,726.5270727,-7.958
2025-01-18 03:00:00,726.5535848999999,-8.521
2025-01-18 03:30:00,726.5199348,-8.888
2025-01-18 04:00:00,726.6004910999999,-9.16
2025-01-18 04:30:00,726.7870962000001,-9.457
2025-01-18 05:00:00,726.9757406999998,-9.732
2025-01-18 05:30:00,727.1541881999999,-9.983
2025-01-18 06:00:00,727.2153701999998,-10.175
2025-01-18 06:30:00,727.3081629,-10.202
2025-01-18 07:00:00,727.4305268999999,-10.329
2025-01-18 07:30:00,727.4101329,-10.469
2025-01-18 08:00:00,727.3917782999999,-10.65
2025-01-18 08:30:00,727.5100635,-10.877
2025-01-18 09:00:00,727.4764134,-11.055
2025-01-18 09:30:00,727.5916394999999,-11.032
2025-01-18 10:00:00,727.6242699,-11.021
2025-01-18 10:30:00,727.6874912999999,-11.191
2025-01-18 11:00:00,727.6721957999999,-11.384
2025-01-18 11:30:00,727.5936789,-11.594
2025-01-18 12:00:00,727.6548609,-11.839
2025-01-18 12:30:00,727.7262398999999,-12.136
2025-01-18 13:00:00,727.7976189,-12.363
2025-01-18 13:30:00,727.902648,-12.41
2025-01-18 14:00:00,728.0239922999999,-12.355
2025-01-18 14:30:00,728.1891837,-12.308
2025-01-18 15:00:00,728.2829961,-12.343
2025-01-18 15:30:00,728.4288131999999,-12.256
2025-01-18 16:00:00,728.6419305,-11.899
2025-01-18 16:30:00,728.8010036999999,-11.645
2025-01-18 17:00:00,729.1273076999998,-10.586
2025-01-18 17:30:00,729.5341679999999,-8.383
2025-01-18 18:00:00,729.9716192999999,-6.966
2025-01-18 18:30:00,730.2163472999999,-3.386
2025-01-18 19:00:00,730.3264749,-1.907
2025-01-18 19:30:00,730.0990818,1.064
2025-01-18 20:00:00,730.1745396,3.789
2025-01-18 20:30:00,729.9032994,3.471
2025-01-18 21:00:00,729.6391970999999,3.061
2025-01-18 21:30:00,729.4689071999999,3.176
2025-01-18 22:00:00,729.5219315999999,3.743
2025-01-18 22:30:00,729.5688377999999,3.824
2025-01-18 23:00:00,729.3536811,0.865
2025-01-18 23:30:00,729.1650366,-2.064
2025-01-19 00:00:00,729.1578986999999,-3.831
2025-01-19 00:30:00,729.116091,-5.033
2025-01-19 01:00:00,729.1171107,-5.963
2025-01-19 01:30:00,729.0926378999999,-6.752
2025-01-19 02:00:00,729.2190806999998,-7.306
2025-01-19 02:30:00,729.3322673999999,-7.755
2025-01-19 03:00:00,729.3597993,-8.255
2025-01-19 03:30:00,729.3139128,-8.518
2025-01-19 04:00:00,729.2649672,-8.808
2025-01-19 04:30:00,729.1415834999999,-9.028
2025-01-19 05:00:00,729.2313171,-9.266
2025-01-19 05:30:00,729.1405637999999,-9.431
2025-01-19 06:00:00,729.1884896999999,-9.769
2025-01-19 06:30:00,729.1833912,-9.995
2025-01-19 07:00:00,729.2088837,-10.219
2025-01-19 07:30:00,729.1252682999999,-10.375
2025-01-19 08:00:00,728.8407719999999,-10.629
2025-01-19 08:30:00,728.5715712,-10.834
2025-01-19 09:00:00,728.4848967,-10.893
2025-01-19 09:30:00,728.5736105999999,-11.033
2025-01-19 10:00:00,728.4757194,-11.047
2025-01-19 10:30:00,728.2891142999998,-11.215
2025-01-19 11:00:00,728.147376,-11.251
2025-01-19 11:30:00,727.8129144,-11.367
2025-01-19 12:00:00,727.6752548999999,-11.418
2025-01-19 12:30:00,727.5406545,-11.497
2025-01-19 13:00:00,727.3754630999999,-11.51
2025-01-19 13:30:00,727.2551384999999,-11.73
2025-01-19 14:00:00,727.2490203,-11.718
2025-01-19 14:30:00,727.3673055,-11.69
2025-01-19 15:00:00,727.3662858,-11.768
2025-01-19 15:30:00,727.4284875,-11.647
2025-01-19 16:00:00,727.4315465999999,-11.721
2025-01-19 16:30:00,727.5957182999999,-11.506
2025-01-19 17:00:00,727.6783139999999,-10.771
2025-01-19 17:30:00,727.9240616999999,-8.128
2025-01-19 18:00:00,728.2044791999999,-6.03
2025-01-19 18:30:00,728.2218141,-2.648
2025-01-19 19:00:00,728.0974106999998,-1.212
2025-01-19 19:30:00,727.6844322,1.231
2025-01-19 20:00:00,727.6538412,2.418
2025-01-19 20:30:00,727.2255671999999,1.302
2025-01-19 21:00:00,726.7595643,0.575
2025-01-19 21:30:00,726.4475360999999,1.082
2025-01-19 22:00:00,726.3781965,1.986
2025-01-19 22:30:00,726.3149751,2.759
2025-01-19 23:00:00,726.0712668,0.871
2025-01-19 23:30:00,725.6582882999999,-1.312
2025-01-20 00:00:00,725.2809993,-3.63
2025-01-20 00:30:00,725.1535368,-5.155
2025-01-20 01:00:00,724.8323312999999,-6.297
2025-01-20 01:30:00,724.7844053999999,-7.286
2025-01-20 02:00:00,724.7619719999999,-8.057
2025-01-20 02:30:00,724.5152046,-8.807
2025-01-20 03:00:00,724.2276492,-9.375
2025-01-20 03:30:00,724.1674869,-9.861
2025-01-20 04:00:00,723.7596068999999,-10.183
2025-01-20 04:30:00,723.7789812,-10.463
2025-01-20 05:00:00,723.8962467,-10.898
2025-01-20 05:30:00,723.9411135,-10.91
2025-01-20 06:00:00,723.8320056,-10.967
2025-01-20 06:30:00,723.7585871999999,-11.694
2025-01-20 07:00:00,723.7137203999999,-11.699
2025-01-20 07:30:00,723.6770111999999,-11.65
2025-01-20 08:00:00,723.905424,-11.021
2025-01-20 08:30:00,723.7402326,-11.692
2025-01-20 09:00:00,724.2745553999999,-10.304
2025-01-20 09:30:00,724.3398162,-10.285
2025-01-20 10:00:00,724.1032457999999,-11.17
2025-01-20 10:30:00,723.9880197,-12.151
2025-01-20 11:00:00,724.1562701999999,-13.738
2025-01-20 11:30:00,723.7667447999999,-14.193
2025-01-20 12:00:00,724.2184718999999,-13.473
2025-01-20 12:30:00,723.7932569999999,-13.201
2025-01-20 13:00:00,723.9258179999999,-13.433
2025-01-20 13:30:00,724.1256791999999,-13.839
2025-01-20 14:00:00,724.7405582999999,-12.678
2025-01-20 14:30:00,725.7347658,-9.666
2025-01-20 15:00:00,725.9590997999999,-9.767
2025-01-20 15:30:00,726.0794244,-11.111
2025-01-20 16:00:00,726.923736,-9.147
2025-01-20 16:30:00,727.4335859999999,-9.963
2025-01-20 17:00:00,727.8078159,-9.061
2025-01-20 17:30:00,728.1963216,-6.868
2025-01-20 18:00:00,728.7969248999999,-5.698
2025-01-20 18:30:00,729.4077252,-3.931
2025-01-20 19:00:00,729.6912017999999,-3.716
2025-01-20 19:30:00,730.2214458,-1.268
2025-01-20 20:00:00,730.5875181,0.347
2025-01-20 20:30:00,730.1684213999999,-0.683
2025-01-20 21:00:00,729.5494635,-1.234
2025-01-20 21:30:00,729.1375046999999,-0.665
2025-01-20 22:00:00,729.4842027,0.206
2025-01-20 22:30:00,729.4026266999999,0.829
2025-01-20 23:00:00,729.4821632999999,-0.735
2025-01-20 23:30:00,729.7564625999998,-2.212
2025-01-21 00:00:00,730.5100209,-4.088
2025-01-21 00:30:00,730.5671241,-5.35
2025-01-21 01:00:00,730.7751429,-6.902
2025-01-21 01:30:00,730.9097433,-8.365
2025-01-21 02:00:00,731.4787359,-9.548
2025-01-21 02:30:00,731.8988522999998,-9.813
2025-01-21 03:00:00,731.9386205999999,-9.71
2025-01-21 03:30:00,731.7458973,-10.494
2025-01-21 04:00:00,731.6714592,-10.117
2025-01-21 04:30:00,732.0854574,-10.056
2025-01-21 05:00:00,732.3250869,-9.253
2025-01-21 05:30:00,732.9573009,-8.264
2025-01-21 06:00:00,732.8736855,-9.996
2025-01-21 06:30:00,733.0276601999999,-10.763
2025-01-21 07:00:00,733.1367680999999,-10.697
2025-01-21 07:30:00,733.4406386999999,-10.695
2025-01-21 08:00:00,733.6333619999999,-10.556
2025-01-21 08:30:00,733.6700711999999,-10.62
2025-01-21 09:00:00,733.888287,-10.833
2025-01-21 09:30:00,734.1432119999998,-11.044
2025-01-21 10:00:00,734.4542204999999,-11.126
2025-01-21 10:30:00,734.4511613999999,-11.262
2025-01-21 11:00:00,734.2920881999999,-11.143
2025-01-21 11:30:00,734.2186697999999,-10.96
2025-01-21 12:00:00,734.3991566999999,-10.593
2025-01-21 12:30:00,734.4399446999998,-10.292
2025-01-21 13:00:00,734.8029578999999,-10.16
2025-01-21 13:30:00,735.0813359999999,-10.284
2025-01-21 14:00:00,735.1792271999999,-10.594
2025-01-21 14:30:00,735.1047891,-10.562
2025-01-21 15:00:00,735.2577441,-10.598
2025-01-21 15:30:00,735.2995517999999,-10.731
2025-01-21 16:00:00,735.5289842999999,-10.607
2025-01-21 16:30:00,735.6717422999999,-10.293
2025-01-21 17:00:00,736.0388343,-9.521
2025-01-21 17:30:00,736.4120445,-7.505
2025-01-21 18:00:00,736.7465060999999,-6.069
2025-01-21 18:30:00,737.0687313,-2.804
2025-01-21 19:00:00,737.1248147999999,-1.26
2025-01-21 19:30:00,737.0075492999999,2.722
2025-01-21 20:00:00,737.1421496999999,4.881
2025-01-21 20:30:00,736.8270624,3.938
2025-01-21 21:00:00,736.3977686999999,3.264
2025-01-21 21:30:00,736.2386955,3.821
2025-01-21 22:00:00,736.2183014999999,4.452
2025-01-21 22:30:00,736.1255087999999,4.983
2025-01-21 23:00:00,735.8471307,2.152
2025-01-21 23:30:00,735.6768407999999,-0.756
2025-01-22 00:00:00,735.4892159999999,-2.831
2025-01-22 00:30:00,735.3811278,-4.139
2025-01-22 01:00:00,735.3372807,-5.121
2025-01-22 01:30:00,735.5055312,-5.909
2025-01-22 02:00:00,735.5993436,-6.381
2025-01-22 02:30:00,735.7125302999999,-6.769
2025-01-22 03:00:00,735.6044421,-7.067
2025-01-22 03:30:00,735.4321127999999,-7.311
2025-01-22 04:00:00,735.3699110999999,-7.569
2025-01-22 04:30:00,735.3862263,-7.774
2025-01-22 05:00:00,735.2006408999999,-8.176
2025-01-22 05:30:00,735.1986015,-8.294
2025-01-22 06:00:00,735.1669908,-8.418
2025-01-22 06:30:00,735.1598528999999,-8.579
2025-01-22 07:00:00,735.2047196999999,-8.737
2025-01-22 07:30:00,735.1486361999999,-8.902
2025-01-22 08:00:00,734.9844645,-8.953
2025-01-22 08:30:00,734.8172337,-9.009
2025-01-22 09:00:00,734.7152636999999,-9.05
2025-01-22 09:30:00,734.6765151,-9.014
2025-01-22 10:00:00,734.6693772,-8.971
2025-01-22 10:30:00,734.4113930999999,-9.031
2025-01-22 11:00:00,734.2971866999999,-9.016
2025-01-22 11:30:00,734.0361435,-8.825
2025-01-22 12:00:00,733.9423310999999,-8.8
2025-01-22 12:30:00,733.9290749999999,-8.741
2025-01-22 13:00:00,734.0728526999999,-8.639
2025-01-22 13:30:00,734.0891679,-8.737
2025-01-22 14:00:00,734.0952860999998,-8.708
2025-01-22 14:30:00,734.1014042999999,-8.581
2025-01-22 15:00:00,734.2808715,-8.435
2025-01-22 15:30:00,734.2217288999999,-8.296
2025-01-22 16:00:00,734.3583686999999,-8.091
2025-01-22 16:30:00,734.6673377999999,-7.756
2025-01-22 17:00:00,734.9946614999999,-6.493
2025-01-22 17:30:00,735.3637929,-4.158
2025-01-22 18:00:00,735.8114411999999,-1.878
2025-01-22 18:30:00,736.2234,1.11
2025-01-22 19:00:00,736.1479421999999,1.438
2025-01-22 19:30:00,736.1989271999998,3.285
2025-01-22 20:00:00,736.2723456,3.222
2025-01-22 20:30:00,735.7533182999998,2.41
2025-01-22 21:00:00,735.3484973999999,1.83
2025-01-22 21:30:00,735.3036306,2.202
2025-01-22 22:00:00,735.2281727999999,2.898
2025-01-22 22:30:00,735.2475470999999,3.333
2025-01-22 23:00:00,735.2006408999999,1.479
2025-01-22 23:30:00,735.0538041,-0.177
2025-01-23 00:00:00,734.9620311,-1.306
2025-01-23 00:30:00,734.7978593999999,-1.74
2025-01-23 01:00:00,734.6612196,-2.134
2025-01-23 01:30:00,734.4582992999999,-2.457
2025-01-23 02:00:00,734.5857618,-2.624
2025-01-23 02:30:00,734.5969784999999,-3.585
2025-01-23 03:00:00,734.7672683999999,-3.694
2025-01-23 03:30:00,735.009957,-4.094
2025-01-23 04:00:00,735.0446268,-4.869
2025-01-23 04:30:00,735.0680798999998,-5.34
2025-01-23 05:00:00,734.8977899999999,-6.095
2025-01-23 05:30:00,735.1924832999999,-5.833
2025-01-23 06:00:00,735.1608726,-5.51
2025-01-23 06:30:00,735.3332019,-4.524
2025-01-23 07:00:00,735.4117188,-3.516
2025-01-23 07:30:00,735.5840480999999,-2.621
2025-01-23 08:00:00,735.8195987999999,-2.831
2025-01-23 08:30:00,735.8083820999999,-3.686
2025-01-23 09:00:00,735.6095405999998,-5.027
2025-01-23 09:30:00,735.4484279999999,-5.934
2025-01-23 10:00:00,735.2975124,-6.002
2025-01-23 10:30:00,735.3321821999999,-5.709
2025-01-23 11:00:00,735.2964926999999,-5.832
2025-01-23 11:30:00,735.2771184,-5.671
2025-01-23 12:00:00,735.3566549999999,-5.326
2025-01-23 12:30:00,735.4943145,-5.087
2025-01-23 13:00:00,735.5565162,-5.423
2025-01-23 13:30:00,735.5442797999999,-5.439
2025-01-23 14:00:00,735.6166784999999,-5.244
2025-01-23 14:30:00,735.6238163999999,-5.792
2025-01-23 15:00:00,735.7798304999999,-5.863
2025-01-23 15:30:00,735.8981157,-6.106
2025-01-23 16:00:00,735.927687,-6.355
2025-01-23 16:30:00,736.1193906,-6.059
2025-01-23 17:00:00,736.3998080999999,-4.958
2025-01-23 17:30:00,736.6567725,-2.718
2025-01-23 18:00:00,736.8260427,-0.692
2025-01-23 18:30:00,736.9708401,2.759
2025-01-23 19:00:00,736.9351505999999,4.05
2025-01-23 19:30:00,736.4946401999999,6.887
2025-01-23 20:00:00,736.3743155999999,7.605
2025-01-23 20:30:00,735.978672,6.751
2025-01-23 21:00:00,735.7186484999999,5.785
2025-01-23 21:30:00,735.4402703999999,6.082
2025-01-23 22:00:00,735.4229354999999,6.652
2025-01-23 22:30:00,735.3923444999999,6.925
2025-01-23 23:00:00,735.0976512,4.574
2025-01-23 23:30:00,734.765229,1.987
2025-01-24 00:00:00,734.5551707999999,0.129
2025-01-24 00:30:00,734.4348462,-1.298
2025-01-24 01:00:00,734.3216594999999,-2.351
2025-01-24 01:30:00,734.1299558999999,-3.062
2025-01-24 02:00:00,734.0453208,-3.587
2025-01-24 02:30:00,733.9943357999999,-3.977
2025-01-24 03:00:00,733.9127597999999,-4.229
2025-01-24 03:30:00,733.7781593999999,-4.613
2025-01-24 04:00:00,733.5701406,-4.819
2025-01-24 04:30:00,733.3896536999999,-5.057
2025-01-24 05:00:00,733.4671508999999,-5.2
2025-01-24 05:30:00,733.3865946,-5.515
2025-01-24 06:00:00,733.3315307999999,-5.712
2025-01-24 06:30:00,733.2285410999999,-5.903
2025-01-24 07:00:00,733.0235814,-6.061
2025-01-24 07:30:00,732.6891197999998,-6.287
2025-01-24 08:00:00,732.3026534999999,-6.452
2025-01-24 08:30:00,731.767311,-6.549
2025-01-24 09:00:00,731.6184347999999,-6.629
2025-01-24 09:30:00,731.4053175,-6.774
2025-01-24 10:00:00,731.1758849999999,-6.856
2025-01-24 10:30:00,730.9026054,-7.063
2025-01-24 11:00:00,730.849581,-7.268
2025-01-24 11:30:00,730.4682131999999,-7.498
2025-01-24 12:00:00,730.0491164999999,-7.682
2025-01-24 12:30:00,729.5922909,-7.858
2025-01-24 13:00:00,729.3975282,-8.005
2025-01-24 13:30:00,729.2292776999999,-8.196
2025-01-24 14:00:00,729.0416528999999,-8.313
2025-01-24 14:30:00,728.8489295999999,-8.312
2025-01-24 15:00:00,728.6602850999999,-8.419
2025-01-24 15:30:00,728.5685120999999,-8.396
2025-01-24 16:00:00,728.3604932999999,-8.207
2025-01-24 16:30:00,728.1708291,-7.963
2025-01-24 17:00:00,728.1208637999999,-7.145
2025-01-24 17:30:00,728.1351396,-3.979
2025-01-24 18:00:00,728.1249425999999,-0.755
2025-01-24 18:30:00,728.2136565,2.183
2025-01-24 19:00:00,727.7894613,2.77
2025-01-24 19:30:00,727.3397736,5.275
2025-01-24 20:00:00,726.9257754,5.232
2025-01-24 20:30:00,726.393492,4.436
2025-01-24 21:00:00,725.5665152999999,3.312
2025-01-24 21:30:00,725.0689017,3.553
2025-01-24 22:00:00,724.578426,4.219
2025-01-24 22:30:00,724.231728,4.346
2025-01-24 23:00:00,723.6688535999999,2.5
2025-01-24 23:30:00,723.5291546999999,1.626
2025-01-25 00:00:00,723.1742990999999,0.924
2025-01-25 00:30:00,722.8734876,-0.006
2025-01-25 01:00:00,722.6644491,-0.643
2025-01-25 01:30:00,722.3228495999999,-1.634
2025-01-25 02:00:00,722.0811807,-2.122
2025-01-25 02:30:00,721.6080399,-2.749
2025-01-25 03:00:00,721.1756870999999,-3.208
2025-01-25 03:30:00,720.8697771,-3.574
2025-01-25 04:00:00,720.5638670999999,-3.759
2025-01-25 04:30:00,720.0519776999998,-3.345
2025-01-25 05:00:00,720.0417807,-2.959
2025-01-25 05:30:00,719.5859747999999,-2.853
2025-01-25 06:00:00,719.3157543,-3.011
2025-01-25 06:30:00,718.9782335999998,-2.964
2025-01-25 07:00:00,719.1658583999998,-3.141
2025-01-25 07:30:00,718.5489398999999,-3.37
2025-01-25 08:00:00,718.1267840999999,-3.575
2025-01-25 08:30:00,717.8575832999999,-3.455
2025-01-25 09:00:00,717.2192510999998,-3.863
2025-01-25 09:30:00,716.9194593,-3.871
2025-01-25 10:00:00,716.9622866999999,-3.884
2025-01-25 10:30:00,716.9378138999999,-4.0
2025-01-25 11:00:00,716.6288448,-4.734
2025-01-25 11:30:00,715.8895623,-5.405
2025-01-25 12:00:00,715.4368155,-5.627
2025-01-25 12:30:00,715.1196887999998,-5.926
2025-01-25 13:00:00,714.6649026,-6.136
2025-01-25 13:30:00,714.1132448999999,-6.27
2025-01-25 14:00:00,713.9551913999999,-6.258
2025-01-25 14:30:00,713.7492119999999,-6.225
2025-01-25 15:00:00,713.8766744999999,-6.715
2025-01-25 15:30:00,713.5575084,-7.45
2025-01-25 16:00:00,713.4657353999999,-7.213
2025-01-25 16:30:00,713.3046228,-6.441
2025-01-25 17:00:00,713.3984352,-6.008
2025-01-25 17:30:00,713.3963957999999,-3.521
2025-01-25 18:00:00,713.7920394,-2.896
2025-01-25 18:30:00,713.7053648999998,-2.409
2025-01-25 19:00:00,713.5432326,-3.154
2025-01-25 19:30:00,713.4188291999999,-2.908
2025-01-25 20:00:00,712.9293731999999,-3.488
2025-01-25 20:30:00,712.6183646999999,-4.004
2025-01-25 21:00:00,712.3246911,-4.26
2025-01-25 21:30:00,712.2482135999999,-3.976
2025-01-25 22:00:00,712.0014462,-3.875
2025-01-25 22:30:00,712.1217707999999,-4.374
2025-01-25 23:00:00,712.0452933,-5.113
2025-01-25 23:30:00,712.1105541,-6.003
2025-01-26 00:00:00,711.8464518,-6.791
2025-01-26 00:30:00,711.6007041,-7.457
2025-01-26 01:00:00,711.8301366,-8.073
2025-01-26 01:30:00,712.0758843,-8.636
2025-01-26 02:00:00,712.0320372,-8.943
2025-01-26 02:30:00,712.1798937,-9.266
2025-01-26 03:00:00,712.4215625999999,-9.551
2025-01-26 03:30:00,712.5316902,-9.63
2025-01-26 04:00:00,712.7131968,-9.946
2025-01-26 04:30:00,712.8957230999999,-10.08
2025-01-26 05:00:00,713.361726,-10.259
2025-01-26 05:30:00,713.5289568,-10.533
2025-01-26 06:00:00,713.8318076999999,-10.567
2025-01-26 06:30:00,714.1030478999999,-10.706
2025-01-26 07:00:00,714.2264316,-10.79
2025-01-26 07:30:00,714.2621211,-10.882
2025-01-26 08:00:00,714.3171848999999,-10.917
2025-01-26 08:30:00,714.3834654,-10.969
2025-01-26 09:00:00,714.5619128999999,-11.116
2025-01-26 09:30:00,714.6383904,-11.52
2025-01-26 10:00:00,714.6424691999999,-12.145
2025-01-26 10:30:00,714.5812872,-13.024
2025-01-26 11:00:00,714.6149373,-13.614
2025-01-26 11:30:00,714.6128978999999,-13.214
2025-01-26 12:00:00,714.7342422,-12.931
2025-01-26 12:30:00,715.1278464000001,-12.666
2025-01-26 13:00:00,715.3042545,-12.563
2025-01-26 13:30:00,715.6805238,-12.883
2025-01-26 14:00:00,715.8344985,-12.984
2025-01-26 14:30:00,716.1455069999998,-13.03
2025-01-26 15:00:00,716.3749395,-13.017
2025-01-26 15:30:00,716.5493081999999,-12.786
2025-01-26 16:00:00,716.5870370999999,-12.178
2025-01-26 16:30:00,716.9816609999999,-11.67
2025-01-26 17:00:00,717.2447436,-11.249
2025-01-26 17:30:00,717.5445354,-10.595
2025-01-26 18:00:00,718.0431687,-10.242
2025-01-26 18:30:00,718.1471781,-9.534
2025-01-26 19:00:00,718.4490093,-8.861
2025-01-26 19:30:00,718.4796003,-8.05
2025-01-26 20:00:00,718.5723929999999,-8.215
2025-01-26 20:30:00,718.3592756999999,-8.235
2025-01-26 21:00:00,718.4918366999999,-8.088
2025-01-26 21:30:00,718.6264371,-7.621
2025-01-26 22:00:00,718.7508405,-6.547
2025-01-26 22:30:00,718.8589287,-7.315
2025-01-26 23:00:00,718.8089633999999,-8.671
2025-01-26 23:30:00,718.9201107,-9.654
2025-01-27 00:00:00,718.8752439,-10.118
2025-01-27 00:30:00,719.2056266999999,-10.581
2025-01-27 01:00:00,719.3636802,-10.887
2025-01-27 01:30:00,719.4748275,-11.098
2025-01-27 02:00:00,719.6910038999999,-11.235
2025-01-27 02:30:00,719.8531362,-11.379
2025-01-27 03:00:00,720.1457901,-11.431
2025-01-27 03:30:00,720.1712825999999,-11.497
2025-01-27 04:00:00,720.3160799999999,-11.648
2025-01-27 04:30:00,720.5210397,-11.614
2025-01-27 05:00:00,720.6760340999999,-11.678
2025-01-27 05:30:00,720.8850726,-11.923
2025-01-27 06:00:00,721.1298006,-11.761
2025-01-27 06:30:00,721.2858147,-11.841
2025-01-27 07:00:00,721.3449572999999,-11.889
2025-01-27 07:30:00,721.3857452999999,-11.459
2025-01-27 08:00:00,721.5784686,-10.959
2025-01-27 08:30:00,721.4408090999999,-10.868
2025-01-27 09:00:00,721.3225238999999,-10.967
2025-01-27 09:30:00,721.3918635,-12.306
2025-01-27 10:00:00,721.3266026999999,-12.16
2025-01-27 10:30:00,721.3653513,-11.11
2025-01-27 11:00:00,721.3204844999999,-10.62
2025-01-27 11:30:00,721.2348296999999,-10.358
2025-01-27 12:00:00,721.2317705999999,-10.266
2025-01-27 12:30:00,721.2572630999999,-10.205
2025-01-27 13:00:00,721.4214347999999,-10.212
2025-01-27 13:30:00,721.6019216999999,-10.33
2025-01-27 14:00:00,721.5886655999999,-10.51
2025-01-27 14:30:00,721.7579358,-10.473
2025-01-27 15:00:00,721.7558963999999,-10.336
2025-01-27 15:30:00,722.0108213999999,-10.203
2025-01-27 16:00:00,721.9108908,-10.04
2025-01-27 16:30:00,722.0047031999999,-10.175
2025-01-27 17:00:00,722.1821309999999,-10.376
2025-01-27 17:30:00,722.6175429,-9.12
2025-01-27 18:00:00,722.8694088,-8.008
2025-01-27 18:30:00,723.3537663,-7.184
2025-01-27 19:00:00,723.4108695,-5.678
2025-01-27 19:30:00,723.3129782999998,-4.469
2025-01-27 20:00:00,723.4445195999999,-2.389
2025-01-27 20:30:00,723.0407184,-3.232
2025-01-27 21:00:00,722.8439162999999,-3.557
2025-01-27 21:30:00,722.824542,-3.78
2025-01-27 22:00:00,722.7470447999999,-3.499
2025-01-27 22:30:00,722.8602314999999,-3.023
2025-01-27 23:00:00,722.8225026,-4.014
2025-01-27 23:30:00,722.8500344999999,-5.585
2025-01-28 00:00:00,722.7378674999999,-6.911
2025-01-28 00:30:00,722.9489454,-8.329
2025-01-28 01:00:00,722.7613206,-9.835
2025-01-28 01:30:00,722.7103355999999,-10.96
2025-01-28 02:00:00,722.6216217,-12.017
2025-01-28 02:30:00,722.6930006999999,-12.674
2025-01-28 03:00:00,722.6562915,-13.271
2025-01-28 03:30:00,722.8530936,-13.359
2025-01-28 04:00:00,722.9040785999999,-13.436
2025-01-28 04:30:00,722.9356892999999,-13.659
2025-01-28 05:00:00,722.9203937999999,-14.03
2025-01-28 05:30:00,723.110058,-14.019
2025-01-28 06:00:00,723.0855852,-14.096
2025-01-28 06:30:00,723.1681809,-14.216
2025-01-28 07:00:00,722.9581227,-14.071
2025-01-28 07:30:00,722.8908224999999,-14.071
2025-01-28 08:00:00,722.7562221,-14.165
2025-01-28 08:30:00,722.4982379999999,-14.28
2025-01-28 09:00:00,722.4146225999999,-14.255
2025-01-28 09:30:00,722.2280175,-14.24
2025-01-28 10:00:00,722.0832201,-14.095
2025-01-28 10:30:00,722.0709836999999,-13.903
2025-01-28 11:00:00,721.7813888999999,-13.83
2025-01-28 11:30:00,721.7589554999998,-13.576
2025-01-28 12:00:00,721.6763597999999,-13.822
2025-01-28 12:30:00,721.4979122999999,-14.064
2025-01-28 13:00:00,721.4295923999999,-14.194
2025-01-28 13:30:00,721.2705191999999,-14.498
2025-01-28 14:00:00,721.3276223999999,-14.545
2025-01-28 14:30:00,721.4836364999999,-14.266
2025-01-28 15:00:00,721.6141581,-13.867
2025-01-28 15:30:00,721.6783992,-13.611
2025-01-28 16:00:00,721.7599751999999,-13.268
2025-01-28 16:30:00,722.1607172999999,-13.207
2025-01-28 17:00:00,722.4554105999999,-12.878
2025-01-28 17:30:00,722.6522127,-9.23
2025-01-28 18:00:00,722.9387483999999,-7.165
2025-01-28 18:30:00,723.0764079,-5.693
2025-01-28 19:00:00,722.9948318999999,-2.916
2025-01-28 19:30:00,722.9020392,-0.343
2025-01-28 20:00:00,722.8908224999999,2.213
2025-01-28 20:30:00,722.4452135999999,0.229
2025-01-28 21:00:00,722.0006243999999,-0.671
2025-01-28 21:30:00,721.8099404999999,-0.242
2025-01-28 22:00:00,721.896615,0.542
2025-01-28 22:30:00,721.7926056,1.069
2025-01-28 23:00:00,721.8323739,-0.325
2025-01-28 23:30:00,721.5968232,-1.677
2025-01-29 00:00:00,721.5203456999999,-2.196
2025-01-29 00:30:00,721.3898240999999,-2.88
2025-01-29 01:00:00,721.4020605,-3.421
2025-01-29 01:30:00,721.3378194,-4.511
2025-01-29 02:00:00,721.3694301,-5.404
2025-01-29 02:30:00,721.4367302999999,-5.762
2025-01-29 03:00:00,721.6865568,-6.11
2025-01-29 03:30:00,721.8405315,-6.35
2025-01-29 04:00:00,721.9526984999999,-6.279
2025-01-29 04:30:00,722.0893383,-6.934
2025-01-29 05:00:00,722.2147613999999,-7.494
2025-01-29 05:30:00,722.3340663,-7.827
2025-01-29 06:00:00,722.2820616,-7.848
2025-01-29 06:30:00,722.2973570999999,-7.102
2025-01-29 07:00:00,722.3687361,-6.925
2025-01-29 07:30:00,722.4727455,-7.34
2025-01-29 08:00:00,722.2168008,-8.328
2025-01-29 08:30:00,722.0250971999999,-9.125
2025-01-29 09:00:00,721.7834283,-9.517
2025-01-29 09:30:00,721.9006938,-9.702
2025-01-29 10:00:00,721.9822697999999,-10.149
2025-01-29 10:30:00,721.8935559,-10.407
2025-01-29 11:00:00,721.9261862999999,-10.649
2025-01-29 11:30:00,721.988388,-10.459
2025-01-29 12:00:00,721.8833589,-10.048
2025-01-29 12:30:00,722.0699639999999,-9.38
2025-01-29 13:00:00,722.2922585999999,-8.765
2025-01-29 13:30:00,722.4207408,-8.179
2025-01-29 14:00:00,722.6450747999999,-7.728
2025-01-29 14:30:00,722.8806254999998,-7.671
2025-01-29 15:00:00,723.0600926999999,-7.796
2025-01-29 15:30:00,723.3292935,-8.616
2025-01-29 16:00:00,723.4618544999998,-9.382
2025-01-29 16:30:00,723.7392129,-9.923
2025-01-29 17:00:00,723.8513799,-9.34
2025-01-29 17:30:00,724.4662589999999,-3.949
2025-01-29 18:00:00,724.8629222999999,-2.896
2025-01-29 18:30:00,725.1708717,-1.199
2025-01-29 19:00:00,725.1769898999999,3.192
2025-01-29 19:30:00,725.2218566999999,4.796
2025-01-29 20:00:00,725.2534674,6.734
2025-01-29 20:30:00,724.8904541999999,4.839
2025-01-29 21:00:00,724.7242431,3.879
2025-01-29 21:30:00,724.5539531999999,4.133
2025-01-29 22:00:00,724.7099672999999,4.786
2025-01-29 22:30:00,724.8292722,5.283
2025-01-29 23:00:00,724.9281830999998,4.17
2025-01-29 23:30:00,724.8384494999999,1.038
2025-01-30 00:00:00,724.6406276999999,-2.18
2025-01-30 00:30:00,724.6793762999998,-3.81
2025-01-30 01:00:00,724.7589128999999,-4.966
2025-01-30 01:30:00,724.7242431,-5.882
2025-01-30 02:00:00,724.8731193,-6.687
2025-01-30 02:30:00,724.8863753999999,-7.228
2025-01-30 03:00:00,725.0240348999998,-7.255
2025-01-30 03:30:00,725.1484383,-7.778
2025-01-30 04:00:00,725.3727723000001,-7.968
2025-01-30 04:30:00,725.5083923999998,-8.031
2025-01-30 05:00:00,725.5287864,-8.123
2025-01-30 05:30:00,725.6746034999999,-7.942
2025-01-30 06:00:00,725.7959478,-8.045
2025-01-30 06:30:00,725.8999572,-8.15
2025-01-30 07:00:00,725.9366663999999,-8.336
2025-01-30 07:30:00,725.9305482,-8.453
2025-01-30 08:00:00,726.0365969999999,-8.353
2025-01-30 08:30:00,726.1895519999999,-8.603
2025-01-30 09:00:00,726.0376167,-8.936
2025-01-30 09:30:00,726.0498530999998,-9.134
2025-01-30 10:00:00,726.0386364,-9.308
2025-01-30 10:30:00,726.1212320999999,-9.416
2025-01-30 11:00:00,726.1232715,-9.472
2025-01-30 11:30:00,726.1161335999999,-9.487
2025-01-30 12:00:00,726.1844535,-9.531
2025-01-30 12:30:00,726.3047780999999,-9.621
2025-01-30 13:00:00,726.4526345999999,-9.675
2025-01-30 13:30:00,726.3853344,-9.871
2025-01-30 14:00:00,726.5311515,-9.928
2025-01-30 14:30:00,726.7310126999998,-9.915
2025-01-30 15:00:00,726.9828785999999,-9.929
2025-01-30 15:30:00,727.2296459999999,-9.867
2025-01-30 16:00:00,727.4458224,-9.754
2025-01-30 16:30:00,727.6477229999999,-9.506
2025-01-30 17:00:00,727.943436,-8.311
2025-01-30 17:30:00,728.330922,-3.356
2025-01-30 18:00:00,728.6388713999999,-2.055
2025-01-30 18:30:00,729.0457316999999,-0.296
2025-01-30 19:00:00,729.2772035999999,4.028
2025-01-30 19:30:00,729.1650366,6.291
2025-01-30 20:00:00,729.3516417,7.577
2025-01-30 20:30:00,729.1731941999999,5.803
2025-01-30 21:00:00,728.8010036999999,4.639
2025-01-30 21:30:00,728.6969942999999,5.091
2025-01-30 22:00:00,728.7265656,5.804
2025-01-30 22:30:00,728.9254071,5.964
2025-01-30 23:00:00,728.7540975,3.78
2025-01-30 23:30:00,728.7224868,0.726
2025-01-31 00:00:00,728.718408,-1.244
2025-01-31 00:30:00,728.6704821,-3.119
2025-01-31 01:00:00,728.5899258000001,-4.496
2025-01-31 01:30:00,728.5532165999999,-5.098
2025-01-31 02:00:00,728.5868666999999,-5.724
2025-01-31 02:30:00,728.5114089,-6.541
2025-01-31 03:00:00,728.4553253999999,-7.184
2025-01-31 03:30:00,728.5419999000001,-7.62
2025-01-31 04:00:00,728.7755112,-7.928
2025-01-31 04:30:00,728.7143292,-8.435
2025-01-31 05:00:00,728.7867278999998,-8.673
2025-01-31 05:30:00,728.9458010999999,-8.867
2025-01-31 06:00:00,729.1252682999999,-9.328
2025-01-31 06:30:00,729.0508302,-9.454
2025-01-31 07:00:00,729.2058245999999,-9.573
2025-01-31 07:30:00,729.1130319,-9.907
2025-01-31 08:00:00,728.9060327999999,-10.076
2025-01-31 08:30:00,728.6745609,-9.835
2025-01-31 09:00:00,728.6296940999998,-9.281
2025-01-31 09:30:00,728.8193583,-8.535
2025-01-31 10:00:00,728.7632748,-8.242
2025-01-31 10:30:00,728.5419999000001,-7.892
2025-01-31 11:00:00,728.2503656999999,-7.81
2025-01-31 11:30:00,728.2921734,-7.693
2025-01-31 12:00:00,728.1830655,-7.693
2025-01-31 12:30:00,728.0953713,-7.312
2025-01-31 13:00:00,728.0423469,-7.11
2025-01-31 13:30:00,727.9271207999999,-7.184
2025-01-31 14:00:00,728.0168543999999,-7.142
2025-01-31 14:30:00,728.3951630999999,-6.842
2025-01-31 15:00:00,728.4961133999999,-6.088
2025-01-31 15:30:00,728.6827184999999,-6.168
2025-01-31 16:00:00,728.8917569999999,-5.608
2025-01-31 16:30:00,729.5025572999999,-3.681
2025-01-31 17:00:00,730.1286531,-1.042
2025-01-31 17:30:00,730.2143078999999,0.896
2025-01-31 18:00:00,730.329534,2.313
2025-01-31 18:30:00,730.2234851999999,2.948
2025-01-31 19:00:00,730.5426512999999,3.198
2025-01-31 19:30:00,730.6803108,2.267
2025-01-31 20:00:00,730.7588277,1.145
2025-01-31 20:30:00,729.5382467999999,-0.011
2025-01-31 21:00:00,729.2904596999999,0.917
2025-01-31 21:30:00,728.7071913,1.081
2025-01-31 22:00:00,728.9254071,0.893
2025-01-31 22:30:00,728.8897175999999,0.901
2025-01-31 23:00:00,728.6602850999999,0.766
2025-01-31 23:30:00,728.1840852,0.402
2025-02-01 00:00:00,727.9923815999999,0.25
2025-02-01 00:30:00,727.8934707,0.17
2025-02-01 01:00:00,728.086194,0.105
2025-02-01 01:30:00,728.1198440999999,0.027
2025-02-01 02:00:00,728.4094388999999,-0.212
2025-02-01 02:30:00,728.3543750999999,-0.696
2025-02-01 03:00:00,728.5073300999999,-0.992
2025-02-01 03:30:00,728.2299717,-1.145
2025-02-01 04:00:00,728.0443863,-0.962
2025-02-01 04:30:00,727.8975495,-0.94
2025-02-01 05:00:00,728.1310608,-0.793
2025-02-01 05:30:00,728.0658,-0.851
2025-02-01 06:00:00,728.1524744999999,-1.101
2025-02-01 06:30:00,727.9934013,-1.163
2025-02-01 07:00:00,727.8118946999999,-1.177
2025-02-01 07:30:00,727.7140034999999,-1.317
2025-02-01 08:00:00,727.8832736999999,-1.372
2025-02-01 08:30:00,727.688511,-1.412
2025-02-01 09:00:00,727.2163899,-1.523
2025-02-01 09:30:00,727.066494,-1.298
2025-02-01 10:00:00,727.0879077,-1.216
2025-02-01 10:30:00,726.9838982999999,-1.207
2025-02-01 11:00:00,726.7391703,-1.167
2025-02-01 11:30:00,726.7208157,-1.12
2025-02-01 12:00:00,726.5270727,-0.966
2025-02-01 12:30:00,727.2887886,-0.738
2025-02-01 13:00:00,727.0246862999999,-0.69
2025-02-01 13:30:00,726.4098071999999,-0.662
2025-02-01 14:00:00,726.6422987999999,-0.599
2025-02-01 14:30:00,726.9604452,-0.521
2025-02-01 15:00:00,727.1205381,-0.522
2025-02-01 15:30:00,726.6973625999999,-0.577
2025-02-01 16:00:00,727.2480006,-0.472
2025-02-01 16:30:00,727.2000747,-0.326
2025-02-01 17:00:00,727.3469114999999,-0.176
2025-02-01 17:30:00,727.2316854,-0.075
2025-02-01 18:00:00,727.5110832,0.001
2025-02-01 18:30:00,727.5222998999999,0.111
2025-02-01 19:00:00,727.7262398999999,0.238
2025-02-01 19:30:00,727.2072125999999,0.374
2025-02-01 20:00:00,727.5161817000001,0.381
2025-02-01 20:30:00,727.3652661,0.461
2025-02-01 21:00:00,727.3703645999999,0.123
2025-02-01 21:30:00,727.1908973999999,0.145
2025-02-01 22:00:00,727.2836901,0.045
2025-02-01 22:30:00,727.2745127999999,0.024
2025-02-01 23:00:00,727.4111526,0.135
2025-02-01 23:30:00,726.9838982999999,0.225
2025-02-02 00:00:00,727.1358336,0.156
2025-02-02 00:30:00,727.3367145,0.086
2025-02-02 01:00:00,727.2632960999998,0.032
2025-02-02 01:30:00,727.8027174,-0.029
2025-02-02 02:00:00,727.4988467999999,-0.045
2025-02-02 02:30:00,727.4784527999999,-0.048
2025-02-02 03:00:00,727.9760663999999,-0.004
2025-02-02 03:30:00,728.0025785999999,-0.005
2025-02-02 04:00:00,728.3900645999998,0.071
2025-02-02 04:30:00,728.3115476999999,0.143
2025-02-02 05:00:00,728.2870749,0.219
2025-02-02 05:30:00,728.0035982999999,0.364
2025-02-02 06:00:00,728.1912231,0.656
2025-02-02 06:30:00,728.4512465999999,0.539
2025-02-02 07:00:00,728.2289519999999,0.465
2025-02-02 07:30:00,728.4084191999999,0.312
2025-02-02 08:00:00,728.1963216,0.418
2025-02-02 08:30:00,727.8312689999999,0.402
2025-02-02 09:00:00,727.800678,0.171
2025-02-02 09:30:00,727.8271901999999,-0.1
2025-02-02 10:00:00,728.1004698,-0.238
2025-02-02 10:30:00,727.8883721999999,-0.823
2025-02-02 11:00:00,727.5182210999999,-1.465
2025-02-02 11:30:00,727.2286262999999,-1.802
2025-02-02 12:00:00,727.1674442999998,-2.16
2025-02-02 12:30:00,727.1246168999999,-2.175
2025-02-02 13:00:00,727.0389620999999,-2.313
2025-02-02 13:30:00,726.9951149999999,-2.462
2025-02-02 14:00:00,726.7503869999999,-2.655
2025-02-02 14:30:00,726.6749292,-2.797
2025-02-02 15:00:00,726.7830173999998,-2.348
2025-02-02 15:30:00,726.9971543999999,-2.232
2025-02-02 16:00:00,727.1001441,-1.815
2025-02-02 16:30:00,727.2235278,-1.157
2025-02-02 17:00:00,727.3978965,-0.446
2025-02-02 17:30:00,727.2143505,-0.1
2025-02-02 18:00:00,727.7191019999999,0.431
2025-02-02 18:30:00,727.7792642999999,1.605
2025-02-02 19:00:00,728.0097164999999,1.863
2025-02-02 19:30:00,727.75989,2.003
2025-02-02 20:00:00,727.4947679999999,2.42
2025-02-02 20:30:00,727.1388926999999,2.365
2025-02-02 21:00:00,727.0695531,2.304
2025-02-02 21:30:00,727.0491590999999,2.59
2025-02-02 22:00:00,726.9828785999999,2.268
2025-02-02 22:30:00,726.7095989999999,1.895
2025-02-02 23:00:00,726.7157172,1.746
2025-02-02 23:30:00,726.6372002999999,1.574
2025-02-03 00:00:00,726.5800971,1.607
2025-02-03 00:30:00,726.5964122999999,1.409
2025-02-03 01:00:00,726.8951844,0.931
2025-02-03 01:30:00,726.7870962000001,0.779
2025-02-03 02:00:00,727.1205381,0.849
2025-02-03 02:30:00,727.0511984999999,0.698
2025-02-03 03:00:00,726.9991938,0.294
2025-02-03 03:30:00,726.7177565999999,-0.176
2025-02-03 04:00:00,726.923736,0.229
2025-02-03 04:30:00,726.8849873999999,-0.137
2025-02-03 05:00:00,726.7095989999999,-0.143
2025-02-03 05:30:00,726.5535848999999,0.353
2025-02-03 06:00:00,726.4352997,0.299
2025-02-03 06:30:00,726.393492,-0.124
2025-02-03 07:00:00,726.4801665,-0.091
2025-02-03 07:30:00,726.3853344,-0.923
2025-02-03 08:00:00,726.0773849999999,-0.969
2025-02-03 08:30:00,726.0610697999999,-0.888
2025-02-03 09:00:00,725.7602582999999,-0.795
2025-02-03 09:30:00,725.6480912999999,-0.885
2025-02-03 10:00:00,725.5145105999999,-0.679
2025-02-03 10:30:00,725.353398,-0.838
2025-02-03 11:00:00,725.1280443,-0.815
2025-02-03 11:30:00,724.9832468999999,-0.872
2025-02-03 12:00:00,724.7415779999999,-0.921
2025-02-03 12:30:00,724.6222730999999,-0.906
2025-02-03 13:00:00,724.7130264,-0.834
2025-02-03 13:30:00,724.4193528,-0.821
2025-02-03 14:00:00,724.3092251999999,-0.815
2025-02-03 14:30:00,724.1307777,-0.808
2025-02-03 15:00:00,724.0675563,-0.904
2025-02-03 15:30:00,723.9176603999999,-0.948
2025-02-03 16:00:00,724.1613686999999,-0.51
2025-02-03 16:30:00,724.1613686999999,0.03
2025-02-03 17:00:00,724.3245207,0.474
2025-02-03 17:30:00,724.0104531,1.273
2025-02-03 18:00:00,724.170546,3.084
2025-02-03 18:30:00,724.2041960999999,3.89
2025-02-03 19:00:00,724.1980779,3.838
2025-02-03 19:30:00,723.7738827,3.864
2025-02-03 20:00:00,723.3894558,3.723
2025-02-03 20:30:00,722.8286207999998,3.33
2025-02-03 21:00:00,722.9642408999999,2.863
2025-02-03 21:30:00,722.5563609,2.115
2025-02-03 22:00:00,722.0964762,1.784
2025-02-03 22:30:00,721.8558269999999,1.508
2025-02-03 23:00:00,721.8007632,1.251
2025-02-03 23:30:00,721.6947144,0.925
2025-02-04 00:00:00,721.4408090999999,0.714
2025-02-04 00:30:00,721.3551543,0.165
2025-02-04 01:00:00,721.2215736,-0.124
2025-02-04 01:30:00,720.8697771,-0.534
2025-02-04 02:00:00,720.6158717999999,-0.679
2025-02-04 02:30:00,720.8626392,-0.613
2025-02-04 03:00:00,721.1012489999999,-0.601
2025-02-04 03:30:00,720.5659065,-0.624
2025-02-04 04:00:00,720.7249797,-0.68
2025-02-04 04:30:00,720.7831025999999,-0.856
2025-02-04 05:00:00,720.8136936,-1.131
2025-02-04 05:30:00,720.9615501,-1.172
2025-02-04 06:00:00,720.8677377,-1.205
2025-02-04 06:30:00,720.6790932,-1.191
2025-02-04 07:00:00,720.7107039,-1.314
2025-02-04 07:30:00,720.5414336999999,-1.435
2025-02-04 08:00:00,720.3966363000001,-1.565
2025-02-04 08:30:00,720.2946663,-1.839
2025-02-04 09:00:00,720.0948051,-1.854
2025-02-04 09:30:00,720.1661840999999,-1.974
2025-02-04 10:00:00,719.7205751999999,-2.078
2025-02-04 10:30:00,719.8398801,-2.092
2025-02-04 11:00:00,720.0397413,-2.173
2025-02-04 11:30:00,719.7409692,-2.194
2025-02-04 12:00:00,719.8888257,-2.311
2025-02-04 12:30:00,719.7103782,-2.294
2025-02-04 13:00:00,719.7103782,-2.27
2025-02-04 13:30:00,719.3228921999998,-2.338
2025-02-04 14:00:00,718.8283377,-2.229
2025-02-04 14:30:00,718.2736209,-1.801
2025-02-04 15:00:00,717.4935504,-1.441
2025-02-04 15:30:00,717.4007577,-1.283
2025-02-04 16:00:00,717.9564942000001,-1.258
2025-02-04 16:30:00,717.4425653999999,-1.741
2025-02-04 17:00:00,717.5006883,-1.036
2025-02-04 17:30:00,717.8229134999999,0.761
2025-02-04 18:00:00,717.9972822,1.849
2025-02-04 18:30:00,718.0380702,1.846
2025-02-04 19:00:00,718.3653939,1.194
2025-02-04 19:30:00,718.7304464999999,0.855
2025-02-04 20:00:00,718.7640965999999,0.271
2025-02-04 20:30:00,718.6906781999999,0.247
2025-02-04 21:00:00,718.6570280999999,0.277
2025-02-04 21:30:00,718.7375844000001,0.571
2025-02-04 22:00:00,718.3511180999999,0.811
2025-02-04 22:30:00,717.9411987,0.986
2025-02-04 23:00:00,717.0652764,0.818
2025-02-04 23:30:00,717.1499114999999,-0.145
2025-02-05 00:00:00,716.7512088,-0.898
2025-02-05 00:30:00,716.4544761,-1.352
2025-02-05 01:00:00,716.6104902,-1.783
2025-02-05 01:30:00,716.1200144999999,-1.715
2025-02-05 02:00:00,715.3848108,-1.603
2025-02-05 02:30:00,715.3644167999998,-1.526
2025-02-05 03:00:00,715.2165603,-1.48
2025-02-05 03:30:00,715.2410331,-1.43
2025-02-05 04:00:00,715.4398745999999,-1.376
2025-02-05 04:30:00,714.8749607999998,-1.355
2025-02-05 05:00:00,715.2491907,-1.379
2025-02-05 05:30:00,715.6417752,-1.173
2025-02-05 06:00:00,715.9843943999999,-1.132
2025-02-05 06:30:00,716.1322508999999,-1.187
2025-02-05 07:00:00,716.4279639,-1.154
2025-02-05 07:30:00,716.9622866999999,-1.13
2025-02-05 08:00:00,716.4911852999999,-1.11
2025-02-05 08:30:00,716.5809189,-1.223
2025-02-05 09:00:00,716.8307453999998,-1.401
2025-02-05 09:30:00,716.9582078999999,-1.581
2025-02-05 10:00:00,717.216192,-1.602
2025-02-05 10:30:00,717.9055091999999,-1.705
2025-02-05 11:00:00,717.8310710999999,-1.886
2025-02-05 11:30:00,718.2848376,-2.1
2025-02-05 12:00:00,719.2188827999998,-2.654
2025-02-05 12:30:00,718.9558002,-2.93
2025-02-05 13:00:00,719.6400189,-3.063
2025-02-05 13:30:00,720.0295443,-3.381
2025-02-05 14:00:00,720.5883399,-3.834
2025-02-05 14:30:00,720.8911907999999,-4.528
2025-02-05 15:00:00,721.2807161999999,-5.15
2025-02-05 15:30:00,721.7130689999999,-5.554
2025-02-05 16:00:00,721.9659545999999,-6.179
2025-02-05 16:30:00,722.1658157999999,-6.73
2025-02-05 17:00:00,722.4717258,-6.27
2025-02-05 17:30:00,722.9530242,-4.964
2025-02-05 18:00:00,723.5046818999999,-3.196
2025-02-05 18:30:00,724.0777532999999,0.109
2025-02-05 19:00:00,724.3469541000001,-0.175
2025-02-05 19:30:00,724.0532804999999,-1.128
2025-02-05 20:00:00,724.1929794,0.348
2025-02-05 20:30:00,723.8452616999999,-0.331
2025-02-05 21:00:00,723.538332,-1.118
2025-02-05 21:30:00,723.5250758999999,-0.99
2025-02-05 22:00:00,723.4914258,-0.258
2025-02-05 22:30:00,723.5230364999999,-0.039
2025-02-05 23:00:00,723.5373122999999,-0.714
2025-02-05 23:30:00,723.4985637,-2.172
2025-02-06 00:00:00,723.4292240999999,-3.941
2025-02-06 00:30:00,723.2222249999999,-5.525
2025-02-06 01:00:00,722.8734876,-6.458
2025-02-06 01:30:00,722.6287596,-7.034
2025-02-06 02:00:00,722.6114246999999,-7.269
2025-02-06 02:30:00,722.6756657999999,-7.414
2025-02-06 03:00:00,722.5155728999999,-7.68
2025-02-06 03:30:00,722.3412042,-7.81
2025-02-06 04:00:00,722.2871600999999,-7.884
2025-02-06 04:30:00,722.1698945999999,-8.064
2025-02-06 05:00:00,722.192328,-8.109
2025-02-06 05:30:00,722.1015746999999,-8.28
2025-02-06 06:00:00,721.8721421999999,-8.448
2025-02-06 06:30:00,721.8089207999999,-8.654
2025-02-06 07:00:00,721.7426403,-8.618
2025-02-06 07:30:00,721.6998129,-8.403
2025-02-06 08:00:00,721.3949226,-7.998
2025-02-06 08:30:00,721.3816664999999,-6.453
2025-02-06 09:00:00,721.1675295,-5.856
2025-02-06 09:30:00,721.0910519999999,-5.954
2025-02-06 10:00:00,720.7841223,-6.659
2025-02-06 10:30:00,720.6485021999999,-6.696
2025-02-06 11:00:00,720.2742723,-7.213
2025-02-06 11:30:00,720.1437506999998,-6.126
2025-02-06 12:00:00,720.0030321,-5.486
2025-02-06 12:30:00,719.8806681,-5.375
2025-02-06 13:00:00,719.7827768999999,-5.441
2025-02-06 13:30:00,719.6757084,-5.503
2025-02-06 14:00:00,719.3086164,-5.7
2025-02-06 14:30:00,718.8844211999999,-5.522
2025-02-06 15:00:00,719.0159625,-5.288
2025-02-06 15:30:00,719.143425,-4.963
2025-02-06 16:00:00,719.2759859999999,-4.44
2025-02-06 16:30:00,719.3432862,-4.184
2025-02-06 17:00:00,719.3096361,-4.104
2025-02-06 17:30:00,718.9751744999999,-4.174
2025-02-06 18:00:00,718.868106,-4.33
2025-02-06 18:30:00,718.5856490999998,-4.567
2025-02-06 19:00:00,718.7100525,-4.429
2025-02-06 19:30:00,718.5999248999999,-4.415
2025-02-06 20:00:00,717.7943619,-4.455
2025-02-06 20:30:00,717.5455551,-4.158
2025-02-06 21:00:00,716.8419620999999,-3.598
2025-02-06 21:30:00,716.7338739,-3.317
2025-02-06 22:00:00,716.1720191999999,-3.01
2025-02-06 22:30:00,716.6064114,-2.439
2025-02-06 23:00:00,716.4167471999999,-2.051
2025-02-06 23:30:00,717.0530399999999,-2.017
2025-02-07 00:00:00,717.0326459999999,-2.131
2025-02-07 00:30:00,716.7338739,-2.119
2025-02-07 01:00:00,716.7318344999999,-2.202
2025-02-07 01:30:00,716.8949865,-2.102
2025-02-07 02:00:00,717.0754733999999,-2.177
2025-02-07 02:30:00,717.1356357,-2.178
2025-02-07 03:00:00,717.1968177,-2.115
2025-02-07 03:30:00,716.8419620999999,-2.301
2025-02-07 04:00:00,716.6594358,-2.289
2025-02-07 04:30:00,716.9255775,-2.281
2025-02-07 05:00:00,717.0030747,-2.253
2025-02-07 05:30:00,717.073434,-2.461
2025-02-07 06:00:00,717.2957286,-2.382
2025-02-07 06:30:00,717.2437239,-2.629
2025-02-07 07:00:00,717.6465054,-3.055
2025-02-07 07:30:00,717.7586724,-3.284
2025-02-07 08:00:00,717.9116273999999,-3.504
2025-02-07 08:30:00,717.9615926999999,-3.755
2025-02-07 09:00:00,718.3460195999999,-3.898
2025-02-07 09:30:00,718.2369117,-4.141
2025-02-07 10:00:00,718.5224277,-4.551
2025-02-07 10:30:00,719.1005975999999,-4.898
2025-02-07 11:00:00,718.5887082,-5.159
2025-02-07 11:30:00,718.5112109999999,-5.325
2025-02-07 12:00:00,718.4979548999999,-5.316
2025-02-07 12:30:00,718.9160319,-5.293
2025-02-07 13:00:00,718.8089633999999,-5.496
2025-02-07 13:30:00,719.0944794,-5.404
2025-02-07 14:00:00,718.9680366,-5.499
2025-02-07 14:30:00,719.6206445999999,-5.643
2025-02-07 15:00:00,719.7725798999999,-5.778
2025-02-07 15:30:00,719.6522553,-5.729
2025-02-07 16:00:00,720.1570067999999,-5.462
2025-02-07 16:30:00,720.2467403999999,-5.095
2025-02-07 17:00:00,720.469035,-4.878
2025-02-07 17:30:00,720.8422451999999,-4.582
2025-02-07 18:00:00,720.8371467,-4.255
2025-02-07 18:30:00,721.0043774999999,-3.951
2025-02-07 19:00:00,721.2266720999999,-3.752
2025-02-07 19:30:00,721.2083175,-3.644
2025-02-07 20:00:00,720.9880622999999,-3.543
2025-02-07 20:30:00,721.1022687,-2.909
2025-02-07 21:00:00,721.2552237,-2.724
2025-02-07 21:30:00,721.3041693,-2.531
2025-02-07 22:00:00,721.5468579,-2.885
2025-02-07 22:30:00,721.7528373,-3.379
2025-02-07 23:00:00,722.2198599,-4.078
2025-02-07 23:30:00,722.5441245,-4.785
2025-02-08 00:00:00,722.7959903999999,-5.431
2025-02-08 00:30:00,722.9662803,-6.1
2025-02-08 01:00:00,722.9550635999999,-6.889
2025-02-08 01:30:00,723.0254228999999,-9.002
2025-02-08 02:00:00,722.9214135,-10.617
2025-02-08 02:30:00,723.0672306,-11.788
2025-02-08 03:00:00,723.0662109,-12.788
2025-02-08 03:30:00,723.1579839,-13.455
2025-02-08 04:00:00,723.4016922,-13.935
2025-02-08 04:30:00,723.161043,-14.47
2025-02-08 05:00:00,723.2375205,-15.019
2025-02-08 05:30:00,723.3303131999999,-15.389
2025-02-08 06:00:00,723.3282737999999,-15.506
2025-02-08 06:30:00,723.2212052999998,-15.616
2025-02-08 07:00:00,723.6280655999999,-15.54
2025-02-08 07:30:00,723.6933263999999,-15.502
2025-02-08 08:00:00,723.6678338999999,-15.565
2025-02-08 08:30:00,723.6107306999999,-15.789
2025-02-08 09:00:00,723.4628742,-15.995
2025-02-08 09:30:00,723.3180767999999,-16.136
2025-02-08 10:00:00,723.4791893999999,-16.179
2025-02-08 10:30:00,723.4016922,-16.29
2025-02-08 11:00:00,723.3211359000001,-16.518
2025-02-08 11:30:00,723.0346001999999,-16.761
2025-02-08 12:00:00,722.8276011,-16.963
2025-02-08 12:30:00,722.9091771,-17.068
2025-02-08 13:00:00,723.0019698,-17.228
2025-02-08 13:30:00,723.0356198999999,-17.191
2025-02-08 14:00:00,723.1171959,-17.36
2025-02-08 14:30:00,723.0978216,-17.574
2025-02-08 15:00:00,723.150846,-17.652
2025-02-08 15:30:00,723.3965936999999,-17.2
2025-02-08 16:00:00,723.8207888999999,-16.514
2025-02-08 16:30:00,724.211334,-15.032
2025-02-08 17:00:00,724.6181942999999,-11.654
2025-02-08 17:30:00,725.1158078999999,-9.71
2025-02-08 18:00:00,725.5552986,-6.415
2025-02-08 18:30:00,725.6939778,-5.607
2025-02-08 19:00:00,725.6154608999999,-4.794
2025-02-08 19:30:00,725.3605359,-2.469
2025-02-08 20:00:00,725.5695743999999,-0.62
2025-02-08 20:30:00,725.3258660999999,-2.425
2025-02-08 21:00:00,725.0077196999999,-3.967
2025-02-08 21:30:00,725.0678819999999,-3.214
2025-02-08 22:00:00,725.1667929,-2.866
2025-02-08 22:30:00,725.0821577999999,-2.589
2025-02-08 23:00:00,725.2136991,-2.946
2025-02-08 23:30:00,725.0546258999999,-4.752
2025-02-09 00:00:00,724.8527253,-7.929
2025-02-09 00:30:00,724.5672093,-10.222
2025-02-09 01:00:00,724.5457955999999,-11.928
2025-02-09 01:30:00,724.3969193999999,-12.827
2025-02-09 02:00:00,724.1593293,-13.349
2025-02-09 02:30:00,724.1389353,-12.902
2025-02-09 03:00:00,724.1032457999999,-13.939
2025-02-09 03:30:00,723.9451923,-15.481
2025-02-09 04:00:00,723.8921679,-16.249
2025-02-09 04:30:00,723.9146013,-16.799
2025-02-09 05:00:00,724.1634081,-16.928
2025-02-09 05:30:00,723.9543695999998,-17.178
2025-02-09 06:00:00,723.9135815999999,-17.103
2025-02-09 06:30:00,724.1083442999999,-16.762
2025-02-09 07:00:00,724.4050769999999,-16.64
2025-02-09 07:30:00,724.3785647999999,-16.95
2025-02-09 08:00:00,724.0206500999999,-17.233
2025-02-09 08:30:00,723.7320749999999,-17.003
2025-02-09 09:00:00,723.6005337,-16.761
2025-02-09 09:30:00,723.5556669,-16.503
2025-02-09 10:00:00,723.5668835999999,-15.992
2025-02-09 10:30:00,723.5903367,-15.836
2025-02-09 11:00:00,723.5026425,-16.009
2025-02-09 11:30:00,723.2823872999999,-16.505
2025-02-09 12:00:00,723.0927231,-16.728
2025-02-09 12:30:00,723.1926536999999,-16.988
2025-02-09 13:00:00,723.1386095999999,-17.137
2025-02-09 13:30:00,723.0764079,-17.116
2025-02-09 14:00:00,722.9316104999999,-17.118
2025-02-09 14:30:00,722.9560832999999,-17.103
2025-02-09 15:00:00,722.9917727999999,-17.003
2025-02-09 15:30:00,723.0906836999999,-16.803
2025-02-09 16:00:00,723.3007418999999,-16.52
2025-02-09 16:30:00,723.3843572999999,-15.91
2025-02-09 17:00:00,723.6882278999999,-14.157
2025-02-09 17:30:00,724.0288076999999,-11.012
2025-02-09 18:00:00,724.5121455,-6.59
2025-02-09 18:30:00,724.8200949,-3.873
2025-02-09 19:00:00,724.6549034999999,-2.814
2025-02-09 19:30:00,724.2878115,0.703
2025-02-09 20:00:00,724.4213921999999,2.927
2025-02-09 20:30:00,724.0349259,1.657
2025-02-09 21:00:00,723.7687841999999,1.574
2025-02-09 21:30:00,723.6168488999999,2.379
2025-02-09 22:00:00,723.5260956,2.504
2025-02-09 22:30:00,723.4771499999999,2.517
2025-02-09 23:00:00,723.3955739999999,0.978
2025-02-09 23:30:00,723.2059098,-0.537
2025-02-10 00:00:00,723.0570336,-3.309
2025-02-10 00:30:00,722.8428965999999,-5.458
2025-02-10 01:00:00,722.7184932,-7.323
2025-02-10 01:30:00,722.5135335,-8.997
2025-02-10 02:00:00,722.4656076,-9.717
2025-02-10 02:30:00,722.4605091,-10.283
2025-02-10 03:00:00,722.4605091,-10.327
2025-02-10 03:30:00,722.3493617999999,-10.554
2025-02-10 04:00:00,722.1913082999998,-10.384
2025-02-10 04:30:00,722.1138110999999,-10.935
2025-02-10 05:00:00,722.4136028999999,-11.661
2025-02-10 05:30:00,722.2392341999999,-12.724
2025-02-10 06:00:00,721.9996046999998,-13.535
2025-02-10 06:30:00,721.9537182,-14.24
2025-02-10 07:00:00,721.8415511999999,-14.831
2025-02-10 07:30:00,721.7426403,-15.2
2025-02-10 08:00:00,721.9425014999999,-15.379
2025-02-10 08:30:00,721.6141581,-15.743
2025-02-10 09:00:00,721.3643316,-16.017
2025-02-10 09:30:00,721.3000905,-16.325
2025-02-10 10:00:00,721.1746673999999,-16.554
2025-02-10 10:30:00,721.0329290999999,-16.759
2025-02-10 11:00:00,720.7831025999999,-16.904
2025-02-10 11:30:00,720.8340875999999,-17.135
2025-02-10 12:00:00,720.8177724,-17.35
2025-02-10 12:30:00,720.7994177999999,-17.475
2025-02-10 13:00:00,720.6688962,-17.596
2025-02-10 13:30:00,720.5077835999999,-17.752
2025-02-10 14:00:00,720.2722329,-17.857
2025-02-10 14:30:00,720.4170303,-17.738
2025-02-10 15:00:00,720.5006457,-17.787
2025-02-10 15:30:00,720.6607386,-17.508
2025-02-10 16:00:00,720.8198118,-17.024
2025-02-10 16:30:00,720.9421758,-16.206
2025-02-10 17:00:00,721.0767762,-14.306
2025-02-10 17:30:00,721.4326514999999,-11.152
2025-02-10 18:00:00,721.794645,-7.25
2025-02-10 18:30:00,721.9455606,-4.119
2025-02-10 19:00:00,722.2259780999999,-2.509
2025-02-10 19:30:00,722.2443326999999,0.275
2025-02-10 20:00:00,722.3350859999999,3.164
2025-02-10 20:30:00,721.8537876,1.345
2025-02-10 21:00:00,721.4948532,0.605
2025-02-10 21:30:00,721.162431,1.225
2025-02-10 22:00:00,721.3194647999999,1.746
2025-02-10 22:30:00,721.1450960999999,1.518
2025-02-10 23:00:00,721.0278305999999,0.327
2025-02-10 23:30:00,720.8024769,-1.36
2025-02-11 00:00:00,720.6230097,-3.531
2025-02-11 00:30:00,720.2987450999999,-5.477
2025-02-11 01:00:00,720.0458595,-6.581
2025-02-11 01:30:00,720.0030321,-7.799
2025-02-11 02:00:00,719.9173772999999,-8.992
2025-02-11 02:30:00,719.8765893,-9.925
2025-02-11 03:00:00,719.8296830999999,-10.72
2025-02-11 03:30:00,719.5788368999999,-11.199
2025-02-11 04:00:00,719.2759859999999,-11.675
2025-02-11 04:30:00,719.1158931,-12.193
2025-02-11 05:00:00,719.1678978,-12.54
2025-02-11 05:30:00,718.8935984999999,-12.818
2025-02-11 06:00:00,718.7182101,-13.098
2025-02-11 06:30:00,718.5020337,-13.013
2025-02-11 07:00:00,718.2675026999999,-12.957
2025-02-11 07:30:00,718.0594838999999,-12.482
2025-02-11 08:00:00,718.1369811,-11.435
2025-02-11 08:30:00,717.9799472999999,-10.461
2025-02-11 09:00:00,717.6281508,-10.595
2025-02-11 09:30:00,717.3446742,-11.742
2025-02-11 10:00:00,717.0744537,-12.688
2025-02-11 10:30:00,716.685948,-13.031
2025-02-11 11:00:00,716.5258551,-13.275
2025-02-11 11:30:00,716.1210341999999,-14.093
2025-02-11 12:00:00,715.8803849999999,-14.724
2025-02-11 12:30:00,715.6519721999999,-15.433
2025-02-11 13:00:00,715.5214505999999,-16.072
2025-02-11 13:30:00,715.4796428999999,-16.544
2025-02-11 14:00:00,715.3481016,-16.734
2025-02-11 14:30:00,715.3175105999999,-16.9
2025-02-11 15:00:00,715.2563286,-16.929
2025-02-11 15:30:00,715.1533389,-16.479
2025-02-11 16:00:00,715.3684955999998,-15.888
2025-02-11 16:30:00,715.3797122999999,-13.839
2025-02-11 17:00:00,715.7202920999999,-10.751
2025-02-11 17:30:00,715.7906514,-8.793
2025-02-11 18:00:00,716.0058080999999,-6.546
2025-02-11 18:30:00,716.3025407999999,-5.04
2025-02-11 19:00:00,716.1393888,-5.963
2025-02-11 19:30:00,716.1230736,-3.154
2025-02-11 20:00:00,716.6349629999999,-1.342
2025-02-11 20:30:00,716.3565848999999,-3.712
2025-02-11 21:00:00,716.1883344,-4.498
2025-02-11 21:30:00,715.8844637999999,-3.905
2025-02-11 22:00:00,715.4551701,-3.55
2025-02-11 22:30:00,715.4990171999999,-3.625
2025-02-11 23:00:00,715.5765144,-5.478
2025-02-11 23:30:00,715.4255987999999,-6.599
2025-02-12 00:00:00,715.5775340999999,-7.121
2025-02-12 00:30:00,715.7029572,-7.426
2025-02-12 01:00:00,715.4357957999999,-8.093
2025-02-12 01:30:00,714.9657141,-9.071
2025-02-12 02:00:00,715.1859692999999,-10.402
2025-02-12 02:30:00,715.2563286,-10.638
2025-02-12 03:00:00,715.1900480999999,-10.754
2025-02-12 03:30:00,714.8392713,-10.812
2025-02-12 04:00:00,714.4915535999999,-11.14
2025-02-12 04:30:00,714.3273819,-11.577
2025-02-12 05:00:00,714.4701398999999,-12.275
2025-02-12 05:30:00,714.4782974999999,-12.704
2025-02-12 06:00:00,714.1499541000001,-12.957
2025-02-12 06:30:00,713.9715065999999,-12.942
2025-02-12 07:00:00,713.8827927,-13.129
2025-02-12 07:30:00,713.922561,-14.074
2025-02-12 08:00:00,713.698227,-14.972
2025-02-12 08:30:00,713.7522711,-15.99
2025-02-12 09:00:00,713.7920394,-16.804
2025-02-12 09:30:00,713.6564193,-17.561
2025-02-12 10:00:00,713.494287,-17.589
2025-02-12 10:30:00,713.2923863999999,-17.259
2025-02-12 11:00:00,713.1251555999999,-16.698
2025-02-12 11:30:00,712.9864763999999,-16.694
2025-02-12 12:00:00,712.8977624999999,-17.47
2025-02-12 12:30:00,713.0955842999999,-18.165
2025-02-12 13:00:00,713.1139389,-18.496
2025-02-12 13:30:00,713.1842982,-18.598
2025-02-12 14:00:00,713.137392,-18.736
2025-02-12 14:30:00,713.096604,-18.858
2025-02-12 15:00:00,713.3923169999999,-18.719
2025-02-12 15:30:00,713.6584586999999,-18.33
2025-02-12 16:00:00,713.8960488,-17.525
2025-02-12 16:30:00,714.1621905,-16.705
2025-02-12 17:00:00,714.4997111999999,-14.53
2025-02-12 17:30:00,715.0075218,-11.436
2025-02-12 18:00:00,715.5459234,-6.012
2025-02-12 18:30:00,716.0425173,-2.57
2025-02-12 19:00:00,715.788612,-2.886
2025-02-12 19:30:00,716.0221233,0.004
2025-02-12 20:00:00,716.2566542999999,2.067
2025-02-12 20:30:00,716.1628418999999,0.677
2025-02-12 21:00:00,716.0078474999999,0.227
2025-02-12 21:30:00,715.9058774999999,-0.092
2025-02-12 22:00:00,715.9905126,0.567
2025-02-12 22:30:00,715.9803155999999,0.02
2025-02-12 23:00:00,715.9160744999999,-1.133
2025-02-12 23:30:00,715.6407555,-1.946
2025-02-13 00:00:00,715.5867113999999,-3.397
2025-02-13 00:30:00,715.4918792999999,-4.898
2025-02-13 01:00:00,715.5928296,-4.283
2025-02-13 01:30:00,715.6519721999999,-4.492
2025-02-13 02:00:00,715.9283108999999,-4.925
2025-02-13 02:30:00,716.1393888,-5.102
2025-02-13 03:00:00,716.1404085,-4.953
2025-02-13 03:30:00,715.9772565,-4.943
2025-02-13 04:00:00,715.7967696,-4.703
2025-02-13 04:30:00,715.9221927,-4.155
2025-02-13 05:00:00,715.7743361999999,-3.768
2025-02-13 05:30:00,715.9731777,-4.16
2025-02-13 06:00:00,715.7926908,-5.101
2025-02-13 06:30:00,715.6346372999999,-5.285
2025-02-13 07:00:00,715.6101644999999,-4.279
2025-02-13 07:30:00,715.5071748,-4.53
2025-02-13 08:00:00,715.6366767,-4.327
2025-02-13 08:30:00,715.492899,-3.934
2025-02-13 09:00:00,714.9544973999999,-3.815
2025-02-13 09:30:00,714.5578340999999,-3.728
2025-02-13 10:00:00,714.3936624,-3.659
2025-02-13 10:30:00,714.1336388999999,-3.583
2025-02-13 11:00:00,714.1142646,-3.599
2025-02-13 11:30:00,713.7604286999999,-3.686
2025-02-13 12:00:00,713.208771,-3.677
2025-02-13 12:30:00,712.7407286999999,-3.675
2025-02-13 13:00:00,712.4256414,-3.657
2025-02-13 13:30:00,712.2502529999999,-3.517
2025-02-13 14:00:00,711.8311563,-3.471
2025-02-13 14:30:00,712.0738448999999,-3.283
2025-02-13 15:00:00,711.5629751999999,-3.181
2025-02-13 15:30:00,711.5130099,-3.268
2025-02-13 16:00:00,711.7016543999999,-3.333
2025-02-13 16:30:00,711.8036244,-3.39
2025-02-13 17:00:00,711.3529169999999,-3.501
2025-02-13 17:30:00,711.1306223999999,-3.585
2025-02-13 18:00:00,710.3821626,-3.656
2025-02-13 18:30:00,710.7278409,-3.561
2025-02-13 19:00:00,710.0895087,-3.428
2025-02-13 19:30:00,710.6217921,-3.151
2025-02-13 20:00:00,710.8257321,-3.155
2025-02-13 20:30:00,710.8705989,-3.938
2025-02-13 21:00:00,710.8308305999999,-4.254
2025-02-13 21:30:00,711.1245042,-4.4
2025-02-13 22:00:00,711.434493,-4.546
2025-02-13 22:30:00,711.2397302999999,-4.837
2025-02-13 23:00:00,710.5137039,-4.962
2025-02-13 23:30:00,709.9916175,-4.816
2025-02-14 00:00:00,710.0262872999999,-4.733
2025-02-14 00:30:00,709.9365537,-4.556
2025-02-14 01:00:00,710.2985471999999,-4.491
2025-02-14 01:30:00,712.5592220999999,-4.526
2025-02-14 02:00:00,712.6509950999999,-4.984
2025-02-14 02:30:00,713.3188985999999,-5.159
2025-02-14 03:00:00,713.2648544999998,-5.543
2025-02-14 03:30:00,713.4198488999999,-5.772
2025-02-14 04:00:00,713.3087016,-5.972
2025-02-14 04:30:00,713.7410543999999,-5.971
2025-02-14 05:00:00,713.4565580999999,-5.98
2025-02-14 05:30:00,714.0775553999999,-5.904
2025-02-14 06:00:00,714.4038593999999,-5.809
2025-02-14 06:30:00,714.8749607999998,-5.976
2025-02-14 07:00:00,714.4650413999999,-6.017
2025-02-14 07:30:00,714.554775,-6.013
2025-02-14 08:00:00,713.9908809,-6.113
2025-02-14 08:30:00,714.2152149,-6.178
2025-02-14 09:00:00,714.4426079999998,-6.062
2025-02-14 09:30:00,714.4273125,-5.872
2025-02-14 10:00:00,714.6363509999999,-5.668
2025-02-14 10:30:00,714.9544973999999,-5.72
2025-02-14 11:00:00,714.8392713,-5.914
2025-02-14 11:30:00,714.9891671999999,-6.054
2025-02-14 12:00:00,715.3124121,-6.049
2025-02-14 12:30:00,715.3746137999999,-6.144
2025-02-14 13:00:00,716.1720191999999,-6.33
2025-02-14 13:30:00,716.6492387999999,-6.333
2025-02-14 14:00:00,716.9072229,-6.44
2025-02-14 14:30:00,717.1682661,-6.535
2025-02-14 15:00:00,717.3130635,-6.808
2025-02-14 15:30:00,717.4904912999999,-6.874
2025-02-14 16:00:00,718.1186264999999,-6.617
2025-02-14 16:30:00,718.4214774,-6.264
2025-02-14 17:00:00,718.5418019999998,-5.852
2025-02-14 17:30:00,719.0710263,-5.619
2025-02-14 18:00:00,719.2719071999999,-5.152
2025-02-14 18:30:00,719.7440283,-4.764
2025-02-14 19:00:00,720.1672037999999,-4.1
2025-02-14 19:30:00,720.5077835999999,-3.441
2025-02-14 20:00:00,720.7219206,-2.329
2025-02-14 20:30:00,721.356174,-2.682
2025-02-14 21:00:00,720.9544122,-3.284
2025-02-14 21:30:00,721.2470661,-3.176
2025-02-14 22:00:00,721.3245632999999,-3.253
2025-02-14 22:30:00,721.5519564,-4.202
2025-02-14 23:00:00,721.5499169999999,-5.033
2025-02-14 23:30:00,721.9567772999999,-5.32
2025-02-15 00:00:00,721.8231966,-5.399
2025-02-15 00:30:00,722.1576581999999,-5.841
2025-02-15 01:00:00,722.3218298999999,-6.405
2025-02-15 01:30:00,722.5930700999999,-8.292
2025-02-15 02:00:00,722.8541133,-9.88
2025-02-15 02:30:00,722.9897333999999,-10.923
2025-02-15 03:00:00,723.0478562999999,-11.916
2025-02-15 03:30:00,723.1824566999999,-12.707
2025-02-15 04:00:00,723.4424802,-13.398
2025-02-15 04:30:00,723.5811593999999,-13.902
2025-02-15 05:00:00,723.905424,-13.997
2025-02-15 05:30:00,724.0063743000001,-14.215
2025-02-15 06:00:00,724.1532110999999,-14.738
2025-02-15 06:30:00,724.2296885999999,-15.091
2025-02-15 07:00:00,724.5855639,-15.198
2025-02-15 07:30:00,724.8588434999999,-15.51
2025-02-15 08:00:00,725.016897,-15.747
2025-02-15 08:30:00,725.0862365999999,-15.905
2025-02-15 09:00:00,725.2789598999999,-15.771
2025-02-15 09:30:00,725.4747422999999,-15.658
2025-02-15 10:00:00,725.791869,-15.536
2025-02-15 10:30:00,725.985612,-15.272
2025-02-15 11:00:00,725.8673267999999,-15.131
2025-02-15 11:30:00,726.1140942,-14.775
2025-02-15 12:00:00,726.2813249999999,-14.594
2025-02-15 12:30:00,726.7095989999999,-14.186
2025-02-15 13:00:00,726.9573861,-13.842
2025-02-15 13:30:00,727.2388232999999,-13.628
2025-02-15 14:00:00,727.5396347999999,-13.539
2025-02-15 14:30:00,727.7802839999999,-13.362
2025-02-15 15:00:00,727.8995889,-13.158
2025-02-15 15:30:00,727.9240616999999,-12.5
2025-02-15 16:00:00,728.3299023,-11.773
2025-02-15 16:30:00,728.7347231999998,-10.671
2025-02-15 17:00:00,729.2782232999999,-8.694
2025-02-15 17:30:00,729.6708077999999,-6.247
2025-02-15 18:00:00,730.6211681999999,-1.556
2025-02-15 18:30:00,731.0382255,-0.403
2025-02-15 19:00:00,730.9923389999999,-0.362
2025-02-15 19:30:00,731.0178314999999,2.742
2025-02-15 20:00:00,731.0565800999999,5.5
2025-02-15 20:30:00,730.9331963999999,4.426
2025-02-15 21:00:00,730.8720144,3.667
2025-02-15 21:30:00,730.6803108,3.888
2025-02-15 22:00:00,730.4886072,4.257
2025-02-15 22:30:00,730.6191288,4.72
2025-02-15 23:00:00,730.8975068999999,3.216
2025-02-15 23:30:00,731.0881907999999,1.951
2025-02-16 00:00:00,731.0565800999999,0.994
2025-02-16 00:30:00,731.1779243999999,0.257
2025-02-16 01:00:00,730.9953980999999,-0.573
2025-02-16 01:30:00,730.9627677,-1.464
2025-02-16 02:00:00,731.2115745,-2.106
2025-02-16 02:30:00,731.2227911999998,-2.594
2025-02-16 03:00:00,731.2391064,-3.093
2025-02-16 03:30:00,731.0157921,-3.536
2025-02-16 04:00:00,730.9046447999999,-4.178
2025-02-16 04:30:00,730.9250388,-4.815
2025-02-16 05:00:00,730.8098127,-4.934
2025-02-16 05:30:00,730.7109018,-5.794
2025-02-16 06:00:00,730.492686,-6.19
2025-02-16 06:30:00,730.2754898999999,-6.485
2025-02-16 07:00:00,730.0440179999999,-6.799
2025-02-16 07:30:00,729.9134963999999,-6.86
2025-02-16 08:00:00,729.7166942999999,-6.896
2025-02-16 08:30:00,729.6075863999998,-6.85
2025-02-16 09:00:00,729.3567402,-6.607
2025-02-16 09:30:00,729.1905290999999,-6.298
2025-02-16 10:00:00,729.2231594999998,-6.333
2025-02-16 10:30:00,729.0385938,-6.434
2025-02-16 11:00:00,728.9794511999999,-6.397
2025-02-16 11:30:00,728.5430195999999,-6.707
2025-02-16 12:00:00,728.5695317999999,-5.589
2025-02-16 12:30:00,728.5134482999999,-5.258
2025-02-16 13:00:00,728.6205168,-5.377
2025-02-16 13:30:00,728.402301,-5.745
2025-02-16 14:00:00,728.2554641999999,-5.926
2025-02-16 14:30:00,728.2993112999999,-6.354
2025-02-16 15:00:00,728.5899258000001,-6.23
2025-02-16 15:30:00,728.6439698999999,-4.461
2025-02-16 16:00:00,728.9804708999999,-2.787
2025-02-16 16:30:00,729.3108536999999,-2.251
2025-02-16 17:00:00,729.3057552,-1.664
2025-02-16 17:30:00,729.0365543999999,-0.469
2025-02-16 18:00:00,729.3975282,2.652
2025-02-16 18:30:00,729.4831829999999,3.426
2025-02-16 19:00:00,729.2914794,2.177
2025-02-16 19:30:00,728.820378,1.896
2025-02-16 20:00:00,728.1188243999999,1.614
2025-02-16 20:30:00,727.9087662000001,0.392
2025-02-16 21:00:00,727.3652661,-0.028
2025-02-16 21:30:00,726.9155784,-0.082
2025-02-16 22:00:00,726.8431797,-0.066
2025-02-16 22:30:00,726.5943728999999,0.038
2025-02-16 23:00:00,726.7167369,0.059
2025-02-16 23:30:00,726.4985211,-0.114
2025-02-17 00:00:00,726.4159254,-0.31
2025-02-17 00:30:00,725.9988681,-1.493
2025-02-17 01:00:00,725.8173615,-2.382
2025-02-17 01:30:00,725.4105012,-2.61
2025-02-17 02:00:00,725.4798407999999,-3.504
2025-02-17 02:30:00,725.1729110999999,-4.733
2025-02-17 03:00:00,724.8833162999999,-5.739
2025-02-17 03:30:00,724.7374991999999,-5.769
2025-02-17 04:00:00,724.8649617,-5.682
2025-02-17 04:30:00,724.9557149999999,-5.862
2025-02-17 05:00:00,725.0291333999999,-5.688
2025-02-17 05:30:00,725.0138379,-6.193
2025-02-17 06:00:00,724.8088782,-6.191
2025-02-17 06:30:00,724.6161549,-5.483
2025-02-17 07:00:00,724.2806736,-6.666
2025-02-17 07:30:00,724.2388659,-6.905
2025-02-17 08:00:00,724.4570816999999,-6.791
2025-02-17 08:30:00,724.1990975999998,-7.261
2025-02-17 09:00:00,724.0553198999999,-7.827
2025-02-17 09:30:00,723.9706848,-7.287
2025-02-17 10:00:00,723.7453310999999,-7.037
2025-02-17 10:30:00,723.2721903,-6.731
2025-02-17 11:00:00,722.9254922999999,-5.78
2025-02-17 11:30:00,722.7042174,-7.044
2025-02-17 12:00:00,722.7643797,-7.95
2025-02-17 12:30:00,722.9112164999999,-7.467
2025-02-17 13:00:00,723.0254228999999,-7.378
2025-02-17 13:30:00,723.2762690999999,-7.247
2025-02-17 14:00:00,723.0702897,-7.146
2025-02-17 14:30:00,723.1049595,-6.583
2025-02-17 15:00:00,723.1314716999999,-5.993
2025-02-17 15:30:00,723.2446583999999,-5.446
2025-02-17 16:00:00,723.405771,-5.063
2025-02-17 16:30:00,723.3925148999999,-4.647
2025-02-17 17:00:00,723.4904061,-3.586
2025-02-17 17:30:00,723.4587954,-2.996
2025-02-17 18:00:00,723.9615074999999,-0.102
2025-02-17 18:30:00,724.1287383,-0.091
2025-02-17 19:00:00,724.2133733999999,-0.22
2025-02-17 19:30:00,724.0563395999999,0.695
2025-02-17 20:00:00,723.7687841999999,2.857
2025-02-17 20:30:00,723.5291546999999,1.461
2025-02-17 21:00:00,723.4190270999999,1.06
2025-02-17 21:30:00,723.1406489999999,1.692
2025-02-17 22:00:00,723.1681809,2.43
2025-02-17 22:30:00,722.9825954999999,1.329
2025-02-17 23:00:00,722.824542,-0.122
2025-02-17 23:30:00,723.0631518,-0.491
2025-02-18 00:00:00,723.0060486,-1.389
2025-02-18 00:30:00,722.8276011,-2.324
2025-02-18 01:00:00,722.9795363999999,-3.234
2025-02-18 01:30:00,722.957103,-3.892
2025-02-18 02:00:00,722.9458863,-5.298
2025-02-18 02:30:00,722.8377980999999,-6.157
2025-02-18 03:00:00,723.0162455999999,-6.813
2025-02-18 03:30:00,723.028482,-6.958
2025-02-18 04:00:00,722.8418768999999,-7.264
2025-02-18 04:30:00,723.0060486,-7.798
2025-02-18 05:00:00,722.9601620999999,-8.385
2025-02-18 05:30:00,722.9601620999999,-9.278
2025-02-18 06:00:00,722.8908224999999,-9.757
2025-02-18 06:30:00,722.7276704999998,-9.733
2025-02-18 07:00:00,722.7990494999999,-10.291
2025-02-18 07:30:00,722.6644491,-11.08
2025-02-18 08:00:00,722.6807642999999,-11.713
2025-02-18 08:30:00,722.7766161,-12.081
2025-02-18 09:00:00,722.8286207999998,-12.369
2025-02-18 09:30:00,722.824542,-12.685
2025-02-18 10:00:00,722.8163844,-12.782
2025-02-18 10:30:00,722.8357586999999,-12.772
2025-02-18 11:00:00,722.681784,-12.647
2025-02-18 11:30:00,722.4635681999999,-12.396
2025-02-18 12:00:00,722.6277398999999,-12.125
2025-02-18 12:30:00,722.7552023999999,-11.951
2025-02-18 13:00:00,723.1488066,-11.761
2025-02-18 13:30:00,723.3700814999999,-12.09
2025-02-18 14:00:00,723.5648442,-12.653
2025-02-18 14:30:00,723.721878,-12.902
2025-02-18 15:00:00,723.8248676999999,-13.046
2025-02-18 15:30:00,723.9900590999999,-12.388
2025-02-18 16:00:00,724.2796539,-12.065
2025-02-18 16:30:00,724.5672093,-11.405
2025-02-18 17:00:00,724.9210452,-9.68
2025-02-18 17:30:00,725.2952750999999,-7.217
2025-02-18 18:00:00,726.0804440999999,-0.519
2025-02-18 18:30:00,726.5709198,1.375
2025-02-18 19:00:00,726.7167369,1.1
2025-02-18 19:30:00,726.6800277,3.984
2025-02-18 20:00:00,727.0889273999999,7.476
2025-02-18 20:30:00,726.8543963999999,4.898
2025-02-18 21:00:00,726.6810474,4.459
2025-02-18 21:30:00,726.7972931999999,5.542
2025-02-18 22:00:00,726.7177565999999,6.753
2025-02-18 22:30:00,726.8319629999999,6.263
2025-02-18 23:00:00,726.9828785999999,4.334
2025-02-18 23:30:00,727.2378035999999,3.066
2025-02-19 00:00:00,727.2530991,1.343
2025-02-19 00:30:00,727.2480006,-1.304
2025-02-19 01:00:00,727.1745822,-2.877
2025-02-19 01:30:00,727.3724039999998,-3.736
2025-02-19 02:00:00,727.6293684,-4.272
2025-02-19 02:30:00,727.7527520999998,-4.36
2025-02-19 03:00:00,727.7242004999999,-4.623
2025-02-19 03:30:00,727.7843627999999,-4.644
2025-02-19 04:00:00,727.9699482,-4.362
2025-02-19 04:30:00,728.3023703999999,-4.114
2025-02-19 05:00:00,728.6796594,-4.239
2025-02-19 05:30:00,728.7020928,-4.379
2025-02-19 06:00:00,728.7969248999999,-4.188
2025-02-19 06:30:00,728.8550478,-4.033
2025-02-19 07:00:00,728.7561368999999,-3.702
2025-02-19 07:30:00,728.8774812,-3.347
2025-02-19 08:00:00,729.2537504999999,-3.03
2025-02-19 08:30:00,729.2160216,-2.853
2025-02-19 09:00:00,729.2629277999999,-2.74
2025-02-19 09:30:00,729.1283273999999,-2.689
2025-02-19 10:00:00,729.1558593,-2.907
2025-02-19 10:30:00,729.1375046999999,-3.088
2025-02-19 11:00:00,728.8999146,-3.102
2025-02-19 11:30:00,728.9967860999999,-2.92
2025-02-19 12:00:00,729.0314558999999,-2.774
2025-02-19 12:30:00,728.8968554999999,-2.669
2025-02-19 13:00:00,728.9325449999999,-2.905
2025-02-19 13:30:00,728.9763921,-3.055
2025-02-19 14:00:00,729.2027654999999,-2.88
2025-02-19 14:30:00,729.1966473,-2.659
2025-02-19 15:00:00,728.8540280999999,-2.871
2025-02-19 15:30:00,728.9039934,-2.92
2025-02-19 16:00:00,728.9661950999999,-2.952
2025-02-19 16:30:00,729.2629277999999,-1.876
2025-02-19 17:00:00,729.4994982,-0.408
2025-02-19 17:30:00,729.9593828999999,1.073
2025-02-19 18:00:00,729.9165555,1.358
2025-02-19 18:30:00,729.7013988,1.139
2025-02-19 19:00:00,729.6453153,1.487
2025-02-19 19:30:00,729.6667289999999,3.252
2025-02-19 20:00:00,729.2211201,5.883
2025-02-19 20:30:00,729.1793124,4.164
2025-02-19 21:00:00,728.2575036,2.842
2025-02-19 21:30:00,727.8618599999999,2.526
2025-02-19 22:00:00,727.4315465999999,2.429
2025-02-19 22:30:00,727.2683945999999,1.8
2025-02-19 23:00:00,727.1460305999999,1.271
2025-02-19 23:30:00,726.5688804,0.697
2025-02-20 00:00:00,726.5525651999999,-0.257
2025-02-20 00:30:00,726.3017189999999,-0.459
2025-02-20 01:00:00,726.1528427999999,-0.86
2025-02-20 01:30:00,726.0213014999999,-1.31
2025-02-20 02:00:00,726.0508727999999,-1.852
2025-02-20 02:30:00,726.1161335999999,-2.212
2025-02-20 03:00:00,726.2986598999998,-2.586
2025-02-20 03:30:00,726.0712668,-3.123
2025-02-20 04:00:00,726.3251720999999,-3.726
2025-02-20 04:30:00,726.3904328999998,-4.657
2025-02-20 05:00:00,726.4801665,-5.773
2025-02-20 05:30:00,726.4628316,-6.962
2025-02-20 06:00:00,726.1803747,-7.881
2025-02-20 06:30:00,726.1130744999999,-8.76
2025-02-20 07:00:00,725.9295285,-9.494
2025-02-20 07:30:00,725.893839,-9.881
2025-02-20 08:00:00,725.7357854999999,-10.45
2025-02-20 08:30:00,725.6542095,-11.019
2025-02-20 09:00:00,725.4869786999999,-11.386
2025-02-20 09:30:00,725.3268857999999,-11.932
2025-02-20 10:00:00,725.1290639999999,-12.274
2025-02-20 10:30:00,725.0250545999999,-12.562
2025-02-20 11:00:00,724.7548340999999,-12.906
2025-02-20 11:30:00,724.7844053999999,-13.158
2025-02-20 12:00:00,724.772169,-13.431
2025-02-20 12:30:00,724.8180555,-13.668
2025-02-20 13:00:00,725.0260742999999,-13.793
2025-02-20 13:30:00,724.9893650999999,-13.966
2025-02-20 14:00:00,725.0321925,-13.946
2025-02-20 14:30:00,725.0219955,-13.849
2025-02-20 15:00:00,725.2932357,-13.965
2025-02-20 15:30:00,725.4033633,-13.551
2025-02-20 16:00:00,725.4166193999998,-13.157
2025-02-20 16:30:00,725.7368051999999,-12.138
2025-02-20 17:00:00,726.0355773,-10.124
2025-02-20 17:30:00,726.3353691,-7.318
2025-02-20 18:00:00,726.7095989999999,-1.016
2025-02-20 18:30:00,726.8299236,1.51
2025-02-20 19:00:00,726.8207463,1.563
2025-02-20 19:30:00,726.8340023999999,3.756
2025-02-20 20:00:00,726.8034114,8.247
2025-02-20 20:30:00,726.4536542999999,5.462
2025-02-20 21:00:00,726.2293202999999,4.392
2025-02-20 21:30:00,726.2364582,5.235
2025-02-20 22:00:00,726.3098765999999,6.105
2025-02-20 22:30:00,726.3537236999999,5.644
2025-02-20 23:00:00,726.3006992999999,3.886
2025-02-20 23:30:00,726.0733061999999,2.865
2025-02-21 00:00:00,726.3496448999999,1.878
2025-02-21 00:30:00,726.2752068,-0.996
2025-02-21 01:00:00,726.179355,-2.854
2025-02-21 01:30:00,726.2170838999999,-3.926
2025-02-21 02:00:00,726.3557630999999,-4.886
2025-02-21 02:30:00,726.4607921999999,-5.469
2025-02-21 03:00:00,726.5749986,-6.386
2025-02-21 03:30:00,726.4454966999999,-7.24
2025-02-21 04:00:00,726.3822753,-7.667
2025-02-21 04:30:00,726.4985211,-7.968
2025-02-21 05:00:00,726.7983128999999,-8.126
2025-02-21 05:30:00,727.0868879999999,-8.425
2025-02-21 06:00:00,727.0236665999998,-8.714
2025-02-21 06:30:00,727.0726121999999,-8.878
2025-02-21 07:00:00,727.0195878,-9.204
2025-02-21 07:30:00,726.8472585,-9.468
2025-02-21 08:00:00,726.6698306999999,-9.637
2025-02-21 08:30:00,726.7157172,-9.825
2025-02-21 09:00:00,726.5352302999999,-9.848
2025-02-21 09:30:00,726.4036889999999,-9.902
2025-02-21 10:00:00,726.3608615999999,-9.971
2025-02-21 10:30:00,726.5219741999999,-10.051
2025-02-21 11:00:00,726.5535848999999,-10.243
2025-02-21 11:30:00,726.5790774,-10.248
2025-02-21 12:00:00,726.791175,-10.394
2025-02-21 12:30:00,726.9624845999999,-10.62
2025-02-21 13:00:00,727.0511984999999,-10.834
2025-02-21 13:30:00,727.0063316999999,-10.865
2025-02-21 14:00:00,727.0634349,-10.739
2025-02-21 14:30:00,727.1042229,-10.447
2025-02-21 15:00:00,727.2316854,-9.939
2025-02-21 15:30:00,727.4386844999999,-9.313
2025-02-21 16:00:00,727.5182210999999,-8.614
2025-02-21 16:30:00,727.6711760999999,-7.144
2025-02-21 17:00:00,727.9913619,-5.442
2025-02-21 17:30:00,728.4675618,-2.593
2025-02-21 18:00:00,728.8805402999999,2.582
2025-02-21 18:30:00,729.1364849999999,4.631
2025-02-21 19:00:00,729.2119428,4.0
2025-02-21 19:30:00,729.1487214,5.839
2025-02-21 20:00:00,729.2843414999999,8.678
2025-02-21 20:30:00,728.9651754,6.764
2025-02-21 21:00:00,728.8346537999998,6.055
2025-02-21 21:30:00,728.8530083999999,6.748
2025-02-21 22:00:00,728.9090918999999,6.883
2025-02-21 22:30:00,729.0396135,6.34
2025-02-21 23:00:00,729.0691848,4.687
2025-02-21 23:30:00,729.3332870999999,3.593
2025-02-22 00:00:00,729.4474935,2.485
2025-02-22 00:30:00,729.5219315999999,0.64
2025-02-22 01:00:00,729.5168330999999,-1.075
2025-02-22 01:30:00,729.4230206999999,-2.449
2025-02-22 02:00:00,729.2700657,-3.434
2025-02-22 02:30:00,729.1191500999998,-4.232
2025-02-22 03:00:00,729.3088143,-5.055
2025-02-22 03:30:00,729.7217927999999,-5.611
2025-02-22 04:00:00,729.5994287999999,-5.992
2025-02-22 04:30:00,729.5464043999999,-6.139
2025-02-22 05:00:00,729.3190113,-6.537
2025-02-22 05:30:00,729.2588489999999,-6.904
2025-02-22 06:00:00,729.6330789,-7.042
2025-02-22 06:30:00,729.4434147,-7.52
2025-02-22 07:00:00,729.7972506,-7.743
2025-02-22 07:30:00,730.0990818,-8.183
2025-02-22 08:00:00,730.1725002,-8.437
2025-02-22 08:30:00,730.1439486,-8.724
2025-02-22 09:00:00,730.3325930999999,-9.098
2025-02-22 09:30:00,730.4162084999999,-9.261
2025-02-22 10:00:00,730.2877263,-9.379
2025-02-22 10:30:00,730.3468688999999,-9.612
2025-02-22 11:00:00,730.1775987,-9.763
2025-02-22 11:30:00,730.0899045,-9.767
2025-02-22 12:00:00,730.3591052999999,-9.326
2025-02-22 12:30:00,729.9909936,-9.107
2025-02-22 13:00:00,729.5718969,-8.199
2025-02-22 13:30:00,729.7880733,-8.078
2025-02-22 14:00:00,730.4264055,-8.183
2025-02-22 14:30:00,730.9301372999998,-8.736
2025-02-22 15:00:00,731.2849928999999,-9.193
2025-02-22 15:30:00,731.2768352999999,-9.283
2025-02-22 16:00:00,731.6276121,-8.707
2025-02-22 16:30:00,732.0783194999999,-7.141
2025-02-22 17:00:00,732.2639048999999,-6.016
2025-02-22 17:30:00,732.4729434,-3.785
2025-02-22 18:00:00,733.0103253,2.477
2025-02-22 18:30:00,733.5038601,5.658
2025-02-22 19:00:00,733.5731996999999,4.452
2025-02-22 19:30:00,733.6272438,6.554
2025-02-22 20:00:00,733.7037213,8.899
2025-02-22 20:30:00,733.3539642,6.527
2025-02-22 21:00:00,733.0296995999998,5.737
2025-02-22 21:30:00,732.9399659999999,6.65
2025-02-22 22:00:00,733.0551921,7.135
2025-02-22 22:30:00,732.9929903999999,6.617
2025-02-22 23:00:00,732.8981583,4.8
2025-02-22 23:30:00,732.7757943,3.474
2025-02-23 00:00:00,732.7747746,2.029
2025-02-23 00:30:00,732.6269181,0.698
2025-02-23 01:00:00,732.5208693,-0.209
2025-02-23 01:30:00,732.8900006999999,-0.865
2025-02-23 02:00:00,733.2581124,-2.166
2025-02-23 02:30:00,733.3060383,-3.17
2025-02-23 03:00:00,733.460013,-3.811
2025-02-23 03:30:00,733.5344511,-4.407
2025-02-23 04:00:00,734.1279165,-4.833
2025-02-23 04:30:00,734.1177194999999,-5.225
2025-02-23 05:00:00,734.3410338,-5.312
2025-02-23 05:30:00,734.4154719,-5.312
2025-02-23 06:00:00,734.4379053,-5.547
2025-02-23 06:30:00,734.5072448999999,-5.7
2025-02-23 07:00:00,734.3930384999999,-5.818
2025-02-23 07:30:00,734.275773,-5.922
2025-02-23 08:00:00,734.3114625,-5.758
2025-02-23 08:30:00,734.1829802999999,-5.476
2025-02-23 09:00:00,734.2920881999999,-5.417
2025-02-23 09:30:00,733.8444399,-5.108
2025-02-23 10:00:00,733.7924352,-4.806
2025-02-23 10:30:00,733.4926433999999,-4.109
2025-02-23 11:00:00,733.6415195999999,-3.593
2025-02-23 11:30:00,733.5456677999999,-2.182
2025-02-23 12:00:00,733.5171161999999,-2.069
2025-02-23 12:30:00,733.4477766,-1.856
2025-02-23 13:00:00,733.7526669,-1.563
2025-02-23 13:30:00,733.7526669,-1.379
2025-02-23 14:00:00,733.796514,-1.216
2025-02-23 14:30:00,734.0075918999999,-1.167
2025-02-23 15:00:00,734.0677542,-0.952
2025-02-23 15:30:00,734.3808021,-0.387
2025-02-23 16:00:00,734.4960282,-0.319
2025-02-23 16:30:00,734.7376970999999,0.129
2025-02-23 17:00:00,734.9253219,1.343
2025-02-23 17:30:00,735.2210348999998,2.49
2025-02-23 18:00:00,735.2791577999999,5.463
2025-02-23 18:30:00,735.5157281999999,5.222
2025-02-23 19:00:00,735.5452994999999,4.179
2025-02-23 19:30:00,735.4219157999999,3.927
2025-02-23 20:00:00,735.0211737,4.259
2025-02-23 20:30:00,734.9079869999999,4.838
2025-02-23 21:00:00,734.7937805999999,4.706
2025-02-23 21:30:00,734.3899794,4.495
2025-02-23 22:00:00,734.2278471,4.605
2025-02-23 22:30:00,734.1452514,4.421
2025-02-23 23:00:00,733.888287,4.604
2025-02-23 23:30:00,733.9066416000001,4.365
2025-02-24 00:00:00,733.8403611,4.044
2025-02-24 00:30:00,733.8087503999999,3.302
2025-02-24 01:00:00,733.8383216999999,2.566
2025-02-24 01:30:00,733.6374407999999,1.542
2025-02-24 02:00:00,733.5905346,0.925
2025-02-24 02:30:00,733.6231649999999,1.044
2025-02-24 03:00:00,733.7842776,1.187
2025-02-24 03:30:00,734.1156801,1.557
2025-02-24 04:00:00,734.0738723999999,1.622
2025-02-24 04:30:00,733.9464098999999,1.28
2025-02-24 05:00:00,734.0208479999999,1.095
2025-02-24 05:30:00,734.1177194999999,1.521
2025-02-24 06:00:00,733.9545675,1.232
2025-02-24 06:30:00,733.7363517,0.586
2025-02-24 07:00:00,733.6190861999999,0.088
2025-02-24 07:30:00,733.5681011999999,-0.856
2025-02-24 08:00:00,733.2989004,-1.616
2025-02-24 08:30:00,733.2774866999999,-2.129
2025-02-24 09:00:00,732.9073355999999,-2.376
2025-02-24 09:30:00,732.7217502,-2.424
2025-02-24 10:00:00,732.4760024999999,-2.506
2025-02-24 10:30:00,732.3515990999999,-2.431
2025-02-24 11:00:00,732.2557472999999,-1.811
2025-02-24 11:30:00,732.24657,-0.825
2025-02-24 12:00:00,732.3934067999999,0.534
2025-02-24 12:30:00,732.3444611999998,0.377
2025-02-24 13:00:00,732.226176,0.341
2025-02-24 13:30:00,732.3607764,-0.217
2025-02-24 14:00:00,732.0772998,-0.311
2025-02-24 14:30:00,732.2078214,0.103
2025-02-24 15:00:00,732.3750521999999,0.388
2025-02-24 15:30:00,732.6207999,1.295
2025-02-24 16:00:00,732.8563505999999,2.269
2025-02-24 16:30:00,733.0429556999999,3.184
2025-02-24 17:00:00,732.8573703,3.158
2025-02-24 17:30:00,733.4579736,4.478
2025-02-24 18:00:00,733.5507663,2.556
2025-02-24 18:30:00,733.2101865,3.985
2025-02-24 19:00:00,733.1581818,4.377
2025-02-24 19:30:00,733.1122953,5.118
2025-02-24 20:00:00,732.8227005,6.54
2025-02-24 20:30:00,732.2312744999999,6.77
2025-02-24 21:00:00,732.1578560999999,5.903
2025-02-24 21:30:00,732.1935456,5.446
2025-02-24 22:00:00,731.2034169,5.637
2025-02-24 22:30:00,731.3074263,6.027
2025-02-24 23:00:00,731.5490952,4.427
2025-02-24 23:30:00,731.4277508999999,3.752
2025-02-25 00:00:00,731.3533127999999,2.992
2025-02-25 00:30:00,731.0657573999999,2.753
2025-02-25 01:00:00,731.1055256999999,1.951
2025-02-25 01:30:00,731.1595698,0.905
2025-02-25 02:00:00,731.3033475,0.245
2025-02-25 02:30:00,731.2156533,-0.219
2025-02-25 03:00:00,731.1106242,-1.462
2025-02-25 03:30:00,730.8444824999999,-2.394
2025-02-25 04:00:00,731.0310875999999,-2.938
2025-02-25 04:30:00,731.2523625,-3.483
2025-02-25 05:00:00,731.0912499,-4.157
2025-02-25 05:30:00,731.1656879999998,-4.593
2025-02-25 06:00:00,730.7843201999999,-5.067
2025-02-25 06:30:00,730.7109018,-5.241
2025-02-25 07:00:00,730.7996156999999,-5.323
2025-02-25 07:30:00,730.8689552999999,-5.404
2025-02-25 08:00:00,730.7476109999999,-5.619
2025-02-25 08:30:00,730.6303455,-5.868
2025-02-25 09:00:00,730.5110405999999,-6.227
2025-02-25 09:30:00,730.5069617999999,-6.345
2025-02-25 10:00:00,730.278549,-6.394
2025-02-25 10:30:00,730.1337516,-6.254
2025-02-25 11:00:00,730.0328013,-6.431
2025-02-25 11:30:00,729.9542843999999,-6.747
2025-02-25 12:00:00,729.8064279,-7.153
2025-02-25 12:30:00,729.5066361,-7.417
2025-02-25 13:00:00,729.5219315999999,-7.627
2025-02-25 13:30:00,729.503577,-7.701
2025-02-25 14:00:00,729.4689071999999,-7.719
2025-02-25 14:30:00,729.6086060999999,-7.762
2025-02-25 15:00:00,729.4872617999999,-7.659
2025-02-25 15:30:00,729.5637392999998,-7.436
2025-02-25 16:00:00,729.5178527999999,-7.237
2025-02-25 16:30:00,729.6137045999999,-6.357
2025-02-25 17:00:00,729.6106455,-4.41
2025-02-25 17:30:00,729.8064279,-1.499
2025-02-25 18:00:00,729.8890236,3.498
2025-02-25 18:30:00,730.3193369999999,6.27
2025-02-25 19:00:00,730.1775987,4.081
2025-02-25 19:30:00,729.9471465,5.754
2025-02-25 20:00:00,730.0817469,7.304
2025-02-25 20:30:00,729.503577,6.107
2025-02-25 21:00:00,729.2945384999999,5.687
2025-02-25 21:30:00,729.0457316999999,7.598
2025-02-25 22:00:00,728.9988255,6.916
2025-02-25 22:30:00,728.9345844,6.671
2025-02-25 23:00:00,728.7653141999999,4.967
2025-02-25 23:30:00,728.7887672999999,3.589
2025-02-26 00:00:00,728.5277241,1.829
2025-02-26 00:30:00,728.3227644,-0.065
2025-02-26 01:00:00,728.2748385,-1.448
2025-02-26 01:30:00,728.1840852,-2.405
2025-02-26 02:00:00,728.1361592999999,-3.159
2025-02-26 02:30:00,728.2075382999999,-3.66
2025-02-26 03:00:00,728.4410496,-4.018
2025-02-26 03:30:00,728.4104586,-4.307
2025-02-26 04:00:00,728.6898563999999,-4.715
2025-02-26 04:30:00,728.7928460999999,-5.089
2025-02-26 05:00:00,728.8162992,-5.182
2025-02-26 05:30:00,728.8356734999999,-5.474
2025-02-26 06:00:00,728.7938657999999,-5.956
2025-02-26 06:30:00,729.0436923,-6.22
2025-02-26 07:00:00,728.9947467,-6.384
2025-02-26 07:30:00,728.9152101,-6.574
2025-02-26 08:00:00,728.9131706999999,-6.569
2025-02-26 08:30:00,728.8417916999999,-6.763
2025-02-26 09:00:00,728.8152795,-6.918
2025-02-26 09:30:00,728.8030431,-7.012
2025-02-26 10:00:00,728.7163686,-7.191
2025-02-26 10:30:00,728.5817681999998,-7.258
2025-02-26 11:00:00,728.3829267,-7.447
2025-02-26 11:30:00,728.3502962999999,-7.607
2025-02-26 12:00:00,728.1616518,-7.651
2025-02-26 12:30:00,728.1127061999999,-7.847
2025-02-26 13:00:00,728.0974106999998,-8.017
2025-02-26 13:30:00,728.2952324999999,-7.992
2025-02-26 14:00:00,728.3788479,-8.106
2025-02-26 14:30:00,728.6276547,-8.164
2025-02-26 15:00:00,728.850969,-8.08
2025-02-26 15:30:00,729.3720356999999,-7.826
2025-02-26 16:00:00,729.5127542999999,-7.444
2025-02-26 16:30:00,729.7513640999998,-5.842
2025-02-26 17:00:00,730.1306925,-3.474
2025-02-26 17:30:00,730.5487694999999,-0.64
2025-02-26 18:00:00,730.6905077999999,5.099
2025-02-26 18:30:00,731.3206823999999,8.401
2025-02-26 19:00:00,731.4022583999999,5.659
2025-02-26 19:30:00,731.4960708,8.902
2025-02-26 20:00:00,731.4542630999999,8.595
2025-02-26 20:30:00,731.3227217999998,7.736
2025-02-26 21:00:00,731.0759543999999,7.422
2025-02-26 21:30:00,730.9433933999999,9.909
2025-02-26 22:00:00,731.0759543999999,8.658
2025-02-26 22:30:00,731.1820031999999,8.214
2025-02-26 23:00:00,731.0922695999999,6.13
2025-02-26 23:30:00,731.0912499,4.772
2025-02-27 00:00:00,731.0779938000001,3.129
2025-02-27 00:30:00,731.0535209999999,1.322
2025-02-27 01:00:00,731.0667771,-0.157
2025-02-27 01:30:00,731.1789440999999,-1.168
2025-02-27 02:00:00,731.4573222,-1.895
2025-02-27 02:30:00,731.6653409999999,-2.579
2025-02-27 03:00:00,731.7346805999999,-3.15
2025-02-27 03:30:00,731.8335914999999,-3.393
2025-02-27 04:00:00,731.9702312999999,-3.579
2025-02-27 04:30:00,732.1762107,-3.569
2025-02-27 05:00:00,732.3118307999999,-3.795
2025-02-27 05:30:00,732.3138701999999,-4.151
2025-02-27 06:00:00,732.0976938,-4.289
2025-02-27 06:30:00,731.9274039,-4.408
2025-02-27 07:00:00,731.9987829,-4.102
2025-02-27 07:30:00,732.0528269999999,-3.473
2025-02-27 08:00:00,732.1129892999999,-3.607
2025-02-27 08:30:00,732.1170681,-4.078
2025-02-27 09:00:00,731.9274039,-4.27
2025-02-27 09:30:00,731.7795474,-4.212
2025-02-27 10:00:00,731.4726176999999,-4.403
2025-02-27 10:30:00,731.4359085,-4.342
2025-02-27 11:00:00,731.2340078999999,-4.697
2025-02-27 11:30:00,731.0474028,-5.092
2025-02-27 12:00:00,731.0035557,-5.702
2025-02-27 12:30:00,730.9342160999998,-6.098
2025-02-27 13:00:00,731.0739149999998,-6.472
2025-02-27 13:30:00,731.1269393999999,-6.738
2025-02-27 14:00:00,731.0932892999999,-7.058
2025-02-27 14:30:00,731.2095350999999,-7.296
2025-02-27 15:00:00,731.3971598999999,-7.364
2025-02-27 15:30:00,731.5225829999999,-7.23
2025-02-27 16:00:00,731.5990605,-6.993
2025-02-27 16:30:00,731.6612621999999,-6.002
2025-02-27 17:00:00,732.0416103,-2.804
2025-02-27 17:30:00,732.3832098,0.058
2025-02-27 18:00:00,732.4148204999999,5.917
2025-02-27 18:30:00,732.8390156999999,8.864
2025-02-27 19:00:00,732.8716461,6.35
2025-02-27 19:30:00,732.8461535999999,8.983
2025-02-27 20:00:00,732.7411245,8.575
2025-02-27 20:30:00,732.4239977999999,7.862
2025-02-27 21:00:00,732.1833485999999,7.298
2025-02-27 21:30:00,731.8580642999999,9.246
2025-02-27 22:00:00,731.8386899999999,7.536
2025-02-27 22:30:00,731.9325024,7.025
2025-02-27 23:00:00,731.8050399,5.844
2025-02-27 23:30:00,731.6388287999999,4.918
2025-02-28 00:00:00,731.3553522,3.784
2025-02-28 00:30:00,731.0688165,2.733
2025-02-28 01:00:00,730.9953980999999,2.063
2025-02-28 01:30:00,730.7435321999999,1.008
2025-02-28 02:00:00,730.7649458999999,0.419
2025-02-28 02:30:00,730.9026054,-0.108
2025-02-28 03:00:00,730.8964871999999,-0.784
2025-02-28 03:30:00,730.798596,-0.905
2025-02-28 04:00:00,730.6813304999998,-1.458
2025-02-28 04:30:00,730.5691635,-2.007
2025-02-28 05:00:00,730.4304843,-2.443
2025-02-28 05:30:00,730.3468688999999,-2.743
2025-02-28 06:00:00,730.2387807,-3.4
2025-02-28 06:30:00,730.0175057999999,-4.234
2025-02-28 07:00:00,729.7319898,-4.773
2025-02-28 07:30:00,729.4220009999999,-5.046
2025-02-28 08:00:00,729.3363462,-4.936
2025-02-28 08:30:00,729.3373658999999,-4.428
2025-02-28 09:00:00,729.1976669999999,-4.512
2025-02-28 09:30:00,729.1018151999999,-4.244
2025-02-28 10:00:00,728.8162992,-4.081
2025-02-28 10:30:00,728.6939351999999,-3.097
2025-02-28 11:00:00,728.3543750999999,-3.345
2025-02-28 11:30:00,728.1759275999999,-2.799
2025-02-28 12:00:00,727.8159734999999,-3.75
2025-02-28 12:30:00,727.6864715999999,-3.577
2025-02-28 13:00:00,727.7323580999999,-3.826
2025-02-28 13:30:00,727.7425551,-3.742
2025-02-28 14:00:00,727.6212107999999,-3.59
2025-02-28 14:30:00,727.5019059,-3.922
2025-02-28 15:00:00,727.5508515,-3.586
2025-02-28 15:30:00,727.7660081999999,-3.109
2025-02-28 16:00:00,728.177967,-2.27
2025-02-28 16:30:00,728.4359511,-1.197
2025-02-28 17:00:00,728.6725215,0.332
2025-02-28 17:30:00,728.8356734999999,1.411
2025-02-28 18:00:00,728.9498798999999,4.109
2025-02-28 18:30:00,729.1487214,4.893
2025-02-28 19:00:00,728.8948161,3.885
2025-02-28 19:30:00,728.8397522999999,5.92
2025-02-28 20:00:00,728.4696011999999,5.904
2025-02-28 20:30:00,728.1004698,5.724
2025-02-28 21:00:00,727.7537718,5.87
2025-02-28 21:30:00,727.5549303,9.121
2025-02-28 22:00:00,727.5396347999999,6.877
2025-02-28 22:30:00,727.4672361,6.3
2025-02-28 23:00:00,727.2490203,4.633
2025-02-28 23:30:00,727.35201,3.867
2025-03-01 00:00:00,727.3754630999999,2.898
2025-03-01 00:30:00,727.2928674,1.971
2025-03-01 01:00:00,727.097085,0.062
2025-03-01 01:30:00,726.964524,-1.535
2025-03-01 02:00:00,726.8788692,-2.851
2025-03-01 02:30:00,726.9808391999999,-3.487
2025-03-01 03:00:00,726.7463081999999,-3.917
2025-03-01 03:30:00,726.7269339,-4.264
2025-03-01 04:00:00,726.5250333,-4.495
2025-03-01 04:30:00,726.5719395,-4.393
2025-03-01 05:00:00,726.6106881,-4.503
2025-03-01 05:30:00,726.5015801999999,-4.811
2025-03-01 06:00:00,726.4495754999999,-4.946
2025-03-01 06:30:00,726.5617424999999,-4.581
2025-03-01 07:00:00,726.515856,-4.946
2025-03-01 07:30:00,726.3404676,-5.614
2025-03-01 08:00:00,726.0977789999998,-5.875
2025-03-01 08:30:00,726.1579413,-5.738
2025-03-01 09:00:00,726.2130050999999,-5.71
2025-03-01 09:30:00,726.1875126,-5.677
2025-03-01 10:00:00,725.8744647,-5.675
2025-03-01 10:30:00,725.8642676999999,-5.43
2025-03-01 11:00:00,725.5858896,-5.465
2025-03-01 11:30:00,725.3421813,-5.667
2025-03-01 12:00:00,725.3870480999999,-5.799
2025-03-01 12:30:00,725.3421813,-5.941
2025-03-01 13:00:00,725.2738613999999,-6.174
2025-03-01 13:30:00,725.3401418999999,-6.341
2025-03-01 14:00:00,725.3013933,-6.006
2025-03-01 14:30:00,725.2126794,-5.65
2025-03-01 15:00:00,725.3064918,-5.094
2025-03-01 15:30:00,725.2086006,-4.269
2025-03-01 16:00:00,725.1423200999999,-3.234
2025-03-01 16:30:00,725.2402112999999,-1.945
2025-03-01 17:00:00,725.3370828,0.188
2025-03-01 17:30:00,725.4798407999999,2.165
2025-03-01 18:00:00,725.2860977999999,6.015
2025-03-01 18:30:00,725.638914,7.934
2025-03-01 19:00:00,725.2340930999999,5.313
2025-03-01 19:30:00,725.3136297,8.398
2025-03-01 20:00:00,724.9740696,7.294
2025-03-01 20:30:00,724.4672787,6.639
2025-03-01 21:00:00,724.2082748999999,6.817
2025-03-01 21:30:00,723.9676256999999,10.009
2025-03-01 22:00:00,723.9125618999999,7.807
2025-03-01 22:30:00,723.7259568,6.806
2025-03-01 23:00:00,723.7504296,5.004
2025-03-01 23:30:00,723.4567559999999,4.043
2025-03-02 00:00:00,723.8687147999999,3.117
2025-03-02 00:30:00,723.9298967999999,1.551
2025-03-02 01:00:00,723.8401632,0.888
2025-03-02 01:30:00,724.1440338,0.579
2025-03-02 02:00:00,724.3020872999999,-0.081
2025-03-02 02:30:00,723.9023648999998,-0.612
2025-03-02 03:00:00,723.5087607,-1.539
2025-03-02 03:30:00,722.9836151999999,-2.745
2025-03-02 04:00:00,722.9744379,-3.256
2025-03-02 04:30:00,722.7582614999999,-2.801
2025-03-02 05:00:00,723.1722597,-3.35
2025-03-02 05:30:00,722.7562221,-4.154
2025-03-02 06:00:00,722.1790718999999,-4.756
2025-03-02 06:30:00,721.4734394999999,-5.118
2025-03-02 07:00:00,721.1981205,-4.566
2025-03-02 07:30:00,721.0482245999999,-3.439
2025-03-02 08:00:00,720.6117929999999,-3.026
2025-03-02 08:30:00,720.7198811999999,-2.825
2025-03-02 09:00:00,720.2691738,-3.076
2025-03-02 09:30:00,720.2232872999999,-2.691
2025-03-02 10:00:00,719.6277825,-2.774
2025-03-02 10:30:00,718.9354061999999,-3.084
2025-03-02 11:00:00,718.6580478,-3.493
2025-03-02 11:30:00,718.3460195999999,-3.827
2025-03-02 12:00:00,717.8871545999999,-4.184
2025-03-02 12:30:00,717.3273393,-4.392
2025-03-02 13:00:00,716.4238851,-4.553
2025-03-02 13:30:00,716.4218457,-4.724
2025-03-02 14:00:00,717.2998074,-6.205
2025-03-02 14:30:00,717.1764236999999,-6.432
2025-03-02 15:00:00,717.4894715999999,-6.172
2025-03-02 15:30:00,717.7189040999999,-5.841
2025-03-02 16:00:00,717.7953815999999,-5.497
2025-03-02 16:30:00,717.8463666,-5.668
2025-03-02 17:00:00,718.0492868999999,-5.616
2025-03-02 17:30:00,718.2389511,-5.635
2025-03-02 18:00:00,718.1910252,-1.743
2025-03-02 18:30:00,718.4204576999999,-1.864
2025-03-02 19:00:00,718.3511180999999,-3.637
2025-03-02 19:30:00,718.1665523999999,-4.746
2025-03-02 20:00:00,718.0227746999999,-4.119
2025-03-02 20:30:00,717.8535044999999,-4.215
2025-03-02 21:00:00,717.7790663999999,-3.524
2025-03-02 21:30:00,717.7515344999998,-3.975
2025-03-02 22:00:00,717.7862043,-4.698
2025-03-02 22:30:00,717.4813139999999,-5.277
2025-03-02 23:00:00,717.3844425,-5.037
2025-03-02 23:30:00,717.5363778,-5.764
2025-03-03 00:00:00,717.1815221999999,-6.104
2025-03-03 00:30:00,717.0724143,-6.44
2025-03-03 01:00:00,716.9724837,-6.703
2025-03-03 01:30:00,716.7960755999999,-6.905
2025-03-03 02:00:00,717.0387642,-7.249
2025-03-03 02:30:00,716.9979761999999,-7.311
2025-03-03 03:00:00,717.0601779,-7.697
2025-03-03 03:30:00,717.0000156,-8.261
2025-03-03 04:00:00,716.8817304,-9.401
2025-03-03 04:30:00,716.9113017,-9.82
2025-03-03 05:00:00,716.9439320999999,-9.454
2025-03-03 05:30:00,717.0693552,-8.865
2025-03-03 06:00:00,717.1050447,-8.497
2025-03-03 06:30:00,717.1009659,-8.554
2025-03-03 07:00:00,716.8103514,-9.097
2025-03-03 07:30:00,716.5911158999999,-9.819
2025-03-03 08:00:00,716.8072923,-9.297
2025-03-03 08:30:00,716.8103514,-8.892
2025-03-03 09:00:00,716.8858091999999,-8.858
2025-03-03 09:30:00,716.9684049,-8.731
2025-03-03 10:00:00,716.8603167,-8.625
2025-03-03 10:30:00,716.9031441,-8.71
2025-03-03 11:00:00,716.961267,-8.827
2025-03-03 11:30:00,716.8562379,-8.847
2025-03-03 12:00:00,716.9765624999999,-8.911
2025-03-03 12:30:00,717.2182314,-9.013
2025-03-03 13:00:00,717.3222407999999,-8.885
2025-03-03 13:30:00,717.3416150999999,-8.804
2025-03-03 14:00:00,717.6393674999999,-8.921
2025-03-03 14:30:00,717.9768882,-9.425
2025-03-03 15:00:00,718.3715120999999,-9.691
2025-03-03 15:30:00,718.7335056000001,-9.178
2025-03-03 16:00:00,718.929288,-8.928
2025-03-03 16:30:00,719.3514438,-8.609
2025-03-03 17:00:00,719.5829157,-8.226
2025-03-03 17:30:00,719.979579,-7.263
2025-03-03 18:00:00,720.3833802,-2.442
2025-03-03 18:30:00,721.0278305999999,0.439
2025-03-03 19:00:00,721.0461852,-0.453
2025-03-03 19:30:00,721.1348990999999,-1.251
2025-03-03 20:00:00,721.2623616,-0.776
2025-03-03 20:30:00,721.5662322000001,-0.211
2025-03-03 21:00:00,721.8497088,0.574
2025-03-03 21:30:00,722.1066731999999,1.627
2025-03-03 22:00:00,722.2800222,2.218
2025-03-03 22:30:00,722.4350166,1.729
2025-03-03 23:00:00,722.4299181,0.567
2025-03-03 23:30:00,722.5196516999999,-0.123
2025-03-04 00:00:00,722.6216217,-0.594
2025-03-04 00:30:00,722.9774969999999,-2.496
2025-03-04 01:00:00,723.0101274,-3.059
2025-03-04 01:30:00,723.2201856,-3.442
2025-03-04 02:00:00,723.2976828,-4.688
2025-03-04 02:30:00,723.4689923999999,-6.518
2025-03-04 03:00:00,723.3741602999999,-7.717
2025-03-04 03:30:00,723.4485983999999,-8.556
2025-03-04 04:00:00,723.4812287999999,-9.265
2025-03-04 04:30:00,723.7106612999999,-9.528
2025-03-04 05:00:00,723.8207888999999,-9.757
2025-03-04 05:30:00,724.1990975999998,-9.994
2025-03-04 06:00:00,724.4428059,-10.092
2025-03-04 06:30:00,724.4295498,-10.111
2025-03-04 07:00:00,724.6202337,-9.804
2025-03-04 07:30:00,724.7731887,-9.946
2025-03-04 08:00:00,724.8608829,-10.374
2025-03-04 08:30:00,724.9506164999999,-9.916
2025-03-04 09:00:00,724.9546952999999,-10.115
2025-03-04 09:30:00,724.90473,-10.244
2025-03-04 10:00:00,725.0709411,-9.728
2025-03-04 10:30:00,724.9475573999999,-9.947
2025-03-04 11:00:00,725.0648229,-10.137
2025-03-04 11:30:00,724.8761783999998,-10.722
2025-03-04 12:00:00,724.9791681,-11.198
2025-03-04 12:30:00,724.7986811999999,-11.639
2025-03-04 13:00:00,724.7599326,-11.949
2025-03-04 13:30:00,724.7201643,-11.967
2025-03-04 14:00:00,725.1535368,-11.584
2025-03-04 14:30:00,725.3381024999999,-11.517
2025-03-04 15:00:00,725.5196090999999,-11.5
2025-03-04 15:30:00,725.6756231999999,-10.986
2025-03-04 16:00:00,725.8448933999999,-10.204
2025-03-04 16:30:00,725.9295285,-7.535
2025-03-04 17:00:00,726.7503869999999,-3.077
2025-03-04 17:30:00,727.1501093999999,-0.745
2025-03-04 18:00:00,727.3856600999999,0.055
2025-03-04 18:30:00,727.7884415999999,0.285
2025-03-04 19:00:00,727.5202605,1.091
2025-03-04 19:30:00,727.7027868,1.984
2025-03-04 20:00:00,727.5814425,2.028
2025-03-04 20:30:00,727.5773636999999,2.348
2025-03-04 21:00:00,727.2530991,2.756
2025-03-04 21:30:00,727.2418823999999,2.194
2025-03-04 22:00:00,727.0206075,2.084
2025-03-04 22:30:00,726.8401205999999,2.177
2025-03-04 23:00:00,726.6973625999999,2.114
2025-03-04 23:30:00,726.7259142,1.931
2025-03-05 00:00:00,726.3312903,1.814
2025-03-05 00:30:00,726.4087874999999,1.288
2025-03-05 01:00:00,726.6004910999999,0.611
2025-03-05 01:30:00,726.2660295,-0.116
2025-03-05 02:00:00,725.7582188999999,-0.987
2025-03-05 02:30:00,725.6552292,-2.363
2025-03-05 03:00:00,725.6837807999999,-3.333
2025-03-05 03:30:00,725.3860284,-4.213
2025-03-05 04:00:00,725.3085312,-4.524
2025-03-05 04:30:00,725.2871174999999,-4.077
2025-03-05 05:00:00,725.4054027,-3.856
2025-03-05 05:30:00,725.1117290999999,-4.011
2025-03-05 06:00:00,724.8761783999998,-4.486
2025-03-05 06:30:00,724.4040572999999,-4.13
2025-03-05 07:00:00,724.5559926,-4.429
2025-03-05 07:30:00,724.150152,-4.362
2025-03-05 08:00:00,724.4183330999999,-4.195
2025-03-05 08:30:00,724.2256097999999,-4.561
2025-03-05 09:00:00,723.7004643,-5.186
2025-03-05 09:30:00,723.9431529,-4.697
2025-03-05 10:00:00,723.6800702999999,-4.236
2025-03-05 10:30:00,723.3456087,-3.935
2025-03-05 11:00:00,722.4574499999999,-3.851
2025-03-05 11:30:00,722.0760822,-3.949
2025-03-05 12:00:00,721.9659545999999,-4.177
2025-03-05 12:30:00,721.6253747999999,-4.192
2025-03-05 13:00:00,721.2664403999999,-4.366
2025-03-05 13:30:00,720.9921410999999,-4.299
2025-03-05 14:00:00,720.7769843999998,-4.364
2025-03-05 14:30:00,720.3069026999999,-4.607
2025-03-05 15:00:00,720.0315836999999,-4.382
2025-03-05 15:30:00,719.6604128999999,-3.954
2025-03-05 16:00:00,719.4248621999999,-3.422
2025-03-05 16:30:00,719.1230309999999,-2.807
2025-03-05 17:00:00,718.6774221,-2.178
2025-03-05 17:30:00,718.3276649999999,-1.769
2025-03-05 18:00:00,718.1114885999999,-2.215
2025-03-05 18:30:00,717.8412681,-2.303
2025-03-05 19:00:00,717.5210822999999,-2.274
2025-03-05 19:30:00,717.1162614,-2.742
2025-03-05 20:00:00,716.6992041,-2.891
2025-03-05 20:30:00,716.1608024999999,-2.973
2025-03-05 21:00:00,715.696839,-2.78
2025-03-05 21:30:00,715.4194805999999,-2.762
2025-03-05 22:00:00,714.9983444999999,-2.641
2025-03-05 22:30:00,714.7791089999998,-3.305
2025-03-05 23:00:00,714.5078688,-3.632
2025-03-05 23:30:00,714.2509043999999,-3.819
2025-03-06 00:00:00,714.3335000999999,-4.268
2025-03-06 00:30:00,714.0846932999999,-4.671
2025-03-06 01:00:00,714.0194324999999,-4.906
2025-03-06 01:30:00,713.8654578,-5.458
2025-03-06 02:00:00,713.6574389999998,-5.673
2025-03-06 02:30:00,713.4392231999999,-5.986
2025-03-06 03:00:00,713.2026528,-6.181
2025-03-06 03:30:00,713.0833478999999,-6.376
2025-03-06 04:00:00,712.9273338,-6.464
2025-03-06 04:30:00,712.8488169,-6.65
2025-03-06 05:00:00,712.6438572,-6.847
2025-03-06 05:30:00,712.3073562,-6.968
2025-03-06 06:00:00,712.1054555999999,-7.123
2025-03-06 06:30:00,711.8688851999999,-7.319
2025-03-06 07:00:00,711.6914574,-7.887
2025-03-06 07:30:00,711.6741225,-8.359
2025-03-06 08:00:00,711.4385718,-8.417
2025-03-06 08:30:00,711.1703906999999,-8.759
2025-03-06 09:00:00,711.0663813,-9.247
2025-03-06 09:30:00,710.7594515999999,-10.085
2025-03-06 10:00:00,710.5310388,-10.873
2025-03-06 10:30:00,710.0028342,-12.812
2025-03-06 11:00:00,709.4379203999999,-14.09
2025-03-06 11:30:00,709.2125667,-14.419
2025-03-06 12:00:00,709.4440386,-14.658
2025-03-06 12:30:00,709.2543744,-14.057
2025-03-06 13:00:00,709.007607,-13.944
2025-03-06 13:30:00,708.6884408999999,-14.438
2025-03-06 14:00:00,708.7333076999998,-15.07
2025-03-06 14:30:00,708.9311294999999,-15.045
2025-03-06 15:00:00,709.3696005,-13.875
2025-03-06 15:30:00,709.5164372999999,-12.504
2025-03-06 16:00:00,710.0048735999999,-11.039
2025-03-06 16:30:00,710.2608182999999,-9.961
2025-03-06 17:00:00,710.5310388,-9.533
2025-03-06 17:30:00,710.8165548,-7.948
2025-03-06 18:00:00,711.0429281999999,-6.323
2025-03-06 18:30:00,711.3284441999999,-4.034
2025-03-06 19:00:00,711.4059414,-4.841
2025-03-06 19:30:00,711.5578766999998,-3.177
2025-03-06 20:00:00,711.6608664,-2.619
2025-03-06 20:30:00,711.8586881999998,-2.17
2025-03-06 21:00:00,711.7281665999999,-3.773
2025-03-06 21:30:00,711.7720136999999,-1.87
2025-03-06 22:00:00,712.1635785,-3.805
2025-03-06 22:30:00,712.280844,-5.548
2025-03-06 23:00:00,712.2747257999999,-6.037
2025-03-06 23:30:00,712.7019800999999,-6.056
2025-03-07 00:00:00,712.8539153999999,-6.781
2025-03-07 00:30:00,713.1312737999999,-7.042
2025-03-07 01:00:00,713.3545881,-7.893
2025-03-07 01:30:00,713.6421435,-8.201
2025-03-07 02:00:00,713.9929203,-8.589
2025-03-07 02:30:00,714.2111361,-8.783
2025-03-07 03:00:00,714.5343809999998,-9.143
2025-03-07 03:30:00,715.1890284,-9.031
2025-03-07 04:00:00,715.3124121,-9.02
2025-03-07 04:30:00,715.1594570999999,-9.59
2025-03-07 05:00:00,715.4317169999999,-10.627
2025-03-07 05:30:00,715.8059468999999,-9.999
2025-03-07 06:00:00,716.0200838999999,-9.517
2025-03-07 06:30:00,716.0690294999999,-9.575
2025-03-07 07:00:00,716.3443484999999,-9.664
2025-03-07 07:30:00,716.6268054,-9.633
2025-03-07 08:00:00,716.6370024,-9.979
2025-03-07 08:30:00,716.6665737,-10.623
2025-03-07 09:00:00,716.4911852999999,-12.39
2025-03-07 09:30:00,716.6604554999999,-13.288
2025-03-07 10:00:00,716.5615445999999,-14.262
2025-03-07 10:30:00,716.5533869999999,-14.779
2025-03-07 11:00:00,716.3331317999999,-15.59
2025-03-07 11:30:00,716.4616139999999,-15.744
2025-03-07 12:00:00,716.2719497999999,-16.203
2025-03-07 12:30:00,716.1975116999998,-16.936
2025-03-07 13:00:00,716.2994816999999,-17.537
2025-03-07 13:30:00,716.4514169999999,-18.199
2025-03-07 14:00:00,716.6268054,-18.645
2025-03-07 14:30:00,716.5013822999999,-18.732
2025-03-07 15:00:00,717.0234686999999,-18.43
2025-03-07 15:30:00,717.4639790999998,-17.541
2025-03-07 16:00:00,717.4568412,-15.704
2025-03-07 16:30:00,717.9656714999999,-12.003
2025-03-07 17:00:00,718.5091716,-10.217
2025-03-07 17:30:00,718.470423,-9.355
2025-03-07 18:00:00,718.7090327999999,-8.057
2025-03-07 18:30:00,719.010864,-7.497
2025-03-07 19:00:00,719.5237730999999,-7.119
2025-03-07 19:30:00,719.9357319,-6.503
2025-03-07 20:00:00,720.1253961,-6.578
2025-03-07 20:30:00,720.3323952,-6.347
2025-03-07 21:00:00,720.7158023999999,-6.361
2025-03-07 21:30:00,721.1134854,-6.52
2025-03-07 22:00:00,721.4408090999999,-4.817
2025-03-07 22:30:00,721.8537876,-4.219
2025-03-07 23:00:00,721.9506590999998,-5.768
2025-03-07 23:30:00,722.1515399999998,-6.306
2025-03-08 00:00:00,722.5145531999999,-6.853
2025-03-08 00:30:00,722.8999997999999,-7.901
2025-03-08 01:00:00,723.2987025,-9.053
2025-03-08 01:30:00,723.2650523999998,-11.09
2025-03-08 02:00:00,723.6341838,-12.396
2025-03-08 02:30:00,723.7259568,-14.047
2025-03-08 03:00:00,723.7871388,-15.147
2025-03-08 03:30:00,723.9798621,-15.318
2025-03-08 04:00:00,724.2460038,-15.437
2025-03-08 04:30:00,724.5814851,-15.603
2025-03-08 05:00:00,724.8496661999999,-15.436
2025-03-08 05:30:00,725.0811380999999,-15.196
2025-03-08 06:00:00,725.4563876999999,-14.845
2025-03-08 06:30:00,725.8408145999999,-14.633
2025-03-08 07:00:00,725.8204205999999,-14.797
2025-03-08 07:30:00,725.9254497,-14.622
2025-03-08 08:00:00,726.0641288999999,-14.127
2025-03-08 08:30:00,726.3078371999999,-13.471
2025-03-08 09:00:00,726.5739788999999,-13.372
2025-03-08 09:30:00,726.6749292,-13.39
2025-03-08 10:00:00,726.8176872,-12.573
2025-03-08 10:30:00,726.8268644999998,-12.752
2025-03-08 11:00:00,726.7972931999999,-12.968
2025-03-08 11:30:00,726.9604452,-13.105
2025-03-08 12:00:00,727.0328438999999,-13.055
2025-03-08 12:30:00,727.2337247999999,-13.054
2025-03-08 13:00:00,727.3356947999999,-13.172
2025-03-08 13:30:00,727.4743739999999,-13.113
2025-03-08 14:00:00,727.5824621999999,-12.851
2025-03-08 14:30:00,727.9067267999999,-11.961
2025-03-08 15:00:00,728.4757194,-11.086
2025-03-08 15:30:00,728.7010730999999,-11.224
2025-03-08 16:00:00,729.2445732,-9.035
2025-03-08 16:30:00,729.8349794999999,-4.692
2025-03-08 17:00:00,730.1796380999999,-3.957
2025-03-08 17:30:00,730.4886072,-2.271
2025-03-08 18:00:00,730.859778,0.995
2025-03-08 18:30:00,731.4491646,4.692
2025-03-08 19:00:00,731.3033475,3.349
2025-03-08 19:30:00,731.2696974,5.546
2025-03-08 20:00:00,731.3155839,6.038
2025-03-08 20:30:00,731.0820726,5.908
2025-03-08 21:00:00,731.0606589,6.425
2025-03-08 21:30:00,731.0504619,11.089
2025-03-08 22:00:00,731.0055950999999,7.765
2025-03-08 22:30:00,730.9770435,6.098
2025-03-08 23:00:00,730.9464525,4.713
2025-03-08 23:30:00,730.9953980999999,3.842
2025-03-09 00:00:00,730.9219797,2.598
2025-03-09 00:30:00,730.8434627999999,0.584
2025-03-09 01:00:00,730.8607976999999,-1.167
2025-03-09 01:30:00,730.7078426999999,-2.902
2025-03-09 02:00:00,730.6864289999999,-4.096
2025-03-09 02:30:00,730.5946559999999,-5.076
2025-03-09 03:00:00,730.5406119,-5.827
2025-03-09 03:30:00,730.6792911,-6.142
2025-03-09 04:00:00,730.7098821,-6.925
2025-03-09 04:30:00,730.7588277,-7.393
2025-03-09 05:00:00,730.8281673,-7.695
2025-03-09 05:30:00,730.81899,-7.922
2025-03-09 06:00:00,730.6303455,-8.092
2025-03-09 06:30:00,730.5497892,-8.248
2025-03-09 07:00:00,730.4977844999999,-8.382
2025-03-09 07:30:00,730.4875875,-8.624
2025-03-09 08:00:00,730.2285837,-8.833
2025-03-09 08:30:00,730.2061502999999,-9.234
2025-03-09 09:00:00,730.1072393999999,-9.539
2025-03-09 09:30:00,729.7493247,-9.802
2025-03-09 10:00:00,729.4270994999999,-9.937
2025-03-09 10:30:00,729.1130319,-10.016
2025-03-09 11:00:00,728.9223479999999,-10.024
2025-03-09 11:30:00,728.6888366999999,-10.045
2025-03-09 12:00:00,728.6154183,-10.172
2025-03-09 12:30:00,728.5797288,-10.33
2025-03-09 13:00:00,728.4298329,-10.468
2025-03-09 13:30:00,728.3156264999999,-10.537
2025-03-09 14:00:00,728.1565532999999,-10.472
2025-03-09 14:30:00,728.1932624999998,-10.536
2025-03-09 15:00:00,728.2432278,-10.637
2025-03-09 15:30:00,728.2921734,-10.55
2025-03-09 16:00:00,728.2840158,-10.045
2025-03-09 16:30:00,728.7092306999999,-4.96
2025-03-09 17:00:00,728.8530083999999,-3.109
2025-03-09 17:30:00,729.0824408999999,-0.01
2025-03-09 18:00:00,729.1548396,4.667
2025-03-09 18:30:00,729.6555122999998,6.696
2025-03-09 19:00:00,729.3108536999999,4.779
2025-03-09 19:30:00,729.0946773,6.632
2025-03-09 20:00:00,728.9723133,7.019
2025-03-09 20:30:00,728.850969,6.375
2025-03-09 21:00:00,728.6347925999999,6.667
2025-03-09 21:30:00,728.4614435999999,10.667
2025-03-09 22:00:00,728.0933319,7.62
2025-03-09 22:30:00,727.6365063,6.346
2025-03-09 23:00:00,727.3989161999999,4.92
2025-03-09 23:30:00,727.1490897,3.983
2025-03-10 00:00:00,726.8737707,2.863
2025-03-10 00:30:00,726.5637819,1.874
2025-03-10 01:00:00,726.5270727,0.886
2025-03-10 01:30:00,726.383295,-0.039
2025-03-10 02:00:00,726.3190539,-1.122
2025-03-10 02:30:00,726.3047780999999,-1.325
2025-03-10 03:00:00,726.1018578000001,-1.215
2025-03-10 03:30:00,726.1457048999998,-0.897
2025-03-10 04:00:00,726.1191927,-1.562
2025-03-10 04:30:00,726.2119853999999,-2.044
2025-03-10 05:00:00,726.2456355,-3.037
2025-03-10 05:30:00,725.8489721999998,-3.323
2025-03-10 06:00:00,725.7327263999999,-2.094
2025-03-10 06:30:00,725.6327957999999,-1.559
2025-03-10 07:00:00,725.5216484999999,-1.433
2025-03-10 07:30:00,725.2860977999999,-1.343
2025-03-10 08:00:00,725.0454486,-1.261
2025-03-10 08:30:00,724.8445677,-1.125
2025-03-10 09:00:00,724.6630610999999,-1.355
2025-03-10 09:30:00,724.384683,-1.889
2025-03-10 10:00:00,724.0084136999999,-3.229
2025-03-10 10:30:00,723.5515881,-4.083
2025-03-10 11:00:00,723.2579145,-5.237
2025-03-10 11:30:00,722.9173347,-6.307
2025-03-10 12:00:00,722.7766161,-7.214
2025-03-10 12:30:00,722.7613206,-7.829
2025-03-10 13:00:00,722.569617,-8.39
2025-03-10 13:30:00,722.6042868,-8.638
2025-03-10 14:00:00,722.4390954,-8.887
2025-03-10 14:30:00,722.5818534,-8.784
2025-03-10 15:00:00,722.5726761,-9.017
2025-03-10 15:30:00,722.6236610999999,-9.005
2025-03-10 16:00:00,722.6491535999999,-8.658
2025-03-10 16:30:00,722.9948318999999,-4.084
2025-03-10 17:00:00,723.1447277999999,-2.621
2025-03-10 17:30:00,723.0866048999999,-0.516
2025-03-10 18:00:00,723.2079491999999,3.518
2025-03-10 18:30:00,723.2568947999999,5.512
2025-03-10 19:00:00,723.1273928999999,4.524
2025-03-10 19:30:00,723.1029201,5.404
2025-03-10 20:00:00,722.8989800999999,6.32
2025-03-10 20:30:00,722.6257005,5.977
2025-03-10 21:00:00,722.3575193999999,6.337
2025-03-10 21:30:00,722.2229189999999,9.749
2025-03-10 22:00:00,721.9465802999998,6.717
2025-03-10 22:30:00,721.6682021999999,5.116
2025-03-10 23:00:00,721.5876459,3.893
2025-03-10 23:30:00,721.2593025,3.087
2025-03-11 00:00:00,721.2440069999999,2.224
2025-03-11 00:30:00,721.1247021,1.298
2025-03-11 01:00:00,720.8738559,0.03
2025-03-11 01:30:00,720.805536,-1.167
2025-03-11 02:00:00,720.5037047999999,-2.863
2025-03-11 02:30:00,720.3405527999998,-3.914
2025-03-11 03:00:00,720.4170303,-4.548
2025-03-11 03:30:00,720.2834495999999,-5.004
2025-03-11 04:00:00,720.132534,-5.379
2025-03-11 04:30:00,720.1988144999999,-5.798
2025-03-11 05:00:00,720.3691044,-6.075
2025-03-11 05:30:00,720.2385828,-6.21
2025-03-11 06:00:00,720.0631943999999,-6.548
2025-03-11 06:30:00,719.8888257,-6.828
2025-03-11 07:00:00,719.6420582999999,-6.818
2025-03-11 07:30:00,719.5421276999999,-7.002
2025-03-11 08:00:00,719.4075273,-7.174
2025-03-11 08:30:00,719.2749662999998,-7.503
2025-03-11 09:00:00,719.1617795999999,-7.917
2025-03-11 09:30:00,718.9741547999998,-8.096
2025-03-11 10:00:00,718.7141313,-7.964
2025-03-11 10:30:00,718.4490093,-7.742
2025-03-11 11:00:00,718.3490787,-7.426
2025-03-11 11:30:00,718.0972127999999,-7.087
2025-03-11 12:00:00,717.929982,-6.72
2025-03-11 12:30:00,717.7301207999999,-6.617
2025-03-11 13:00:00,717.409935,-6.86
2025-03-11 13:30:00,717.2518815,-7.122
2025-03-11 14:00:00,717.2141526,-7.876
2025-03-11 14:30:00,717.1152417,-8.729
2025-03-11 15:00:00,717.2314875,-8.959
2025-03-11 15:30:00,717.2590193999999,-8.804
2025-03-11 16:00:00,717.4262501999999,-7.991
2025-03-11 16:30:00,717.7178843999999,-3.721
2025-03-11 17:00:00,717.8035392,-3.558
2025-03-11 17:30:00,717.9065288999999,-1.395
2025-03-11 18:00:00,718.2562859999999,2.03
2025-03-11 18:30:00,718.3755909,2.941
2025-03-11 19:00:00,718.3602953999999,2.079
2025-03-11 19:30:00,718.3429604999999,2.702
2025-03-11 20:00:00,718.1380008,4.461
2025-03-11 20:30:00,718.1125083,4.492
2025-03-11 21:00:00,717.8861349,4.576
2025-03-11 21:30:00,717.797421,6.812
2025-03-11 22:00:00,717.6322296,4.667
2025-03-11 22:30:00,717.4731563999999,3.647
2025-03-11 23:00:00,717.4486836,3.404
2025-03-11 23:30:00,717.5557521,2.454
2025-03-12 00:00:00,717.5577915,0.37
2025-03-12 00:30:00,717.5363778,-0.829
2025-03-12 01:00:00,717.5159837999998,-1.337
2025-03-12 01:30:00,717.491511,-1.72
2025-03-12 02:00:00,717.7260419999999,-2.015
2025-03-12 02:30:00,717.5496339,-2.374
2025-03-12 03:00:00,717.7596921,-2.546
2025-03-12 03:30:00,717.9717896999999,-2.753
2025-03-12 04:00:00,717.8259725999999,-2.922
2025-03-12 04:30:00,717.9146864999999,-3.283
2025-03-12 05:00:00,718.1604341999999,-3.599
2025-03-12 05:30:00,717.9585335999999,-3.833
2025-03-12 06:00:00,718.0299126,-4.529
2025-03-12 06:30:00,718.0288929,-5.23
2025-03-12 07:00:00,717.9799472999999,-5.552
2025-03-12 07:30:00,717.9126471,-5.761
2025-03-12 08:00:00,717.8239331999999,-5.684
2025-03-12 08:30:00,717.4986488999999,-5.978
2025-03-12 09:00:00,717.2478027,-6.363
2025-03-12 09:30:00,717.1356357,-5.568
2025-03-12 10:00:00,716.9551488,-4.875
2025-03-12 10:30:00,716.1261327,-5.581
2025-03-12 11:00:00,716.0221233,-6.25
2025-03-12 11:30:00,716.0394582,-6.074
2025-03-12 12:00:00,716.1108371999999,-6.281
2025-03-12 12:30:00,716.1271524,-6.723
2025-03-12 13:00:00,716.2158662999999,-7.342
2025-03-12 13:30:00,715.9925519999999,-6.289
2025-03-12 14:00:00,716.5584855,-4.604
2025-03-12 14:30:00,716.7216374999999,-4.169
2025-03-12 15:00:00,716.7002237999999,-3.578
2025-03-12 15:30:00,716.8562379,-3.089
2025-03-12 16:00:00,717.0030747,-2.789
2025-03-12 16:30:00,717.2753346,-2.413
2025-03-12 17:00:00,717.3252998999999,-2.39
2025-03-12 17:30:00,717.3630287999998,-2.349
2025-03-12 18:00:00,717.7882437,-2.143
2025-03-12 18:30:00,717.6148946999999,-2.444
2025-03-12 19:00:00,717.1947782999999,-2.298
2025-03-12 19:30:00,717.0724143,-2.416
2025-03-12 20:00:00,716.7552876,-2.525
2025-03-12 20:30:00,716.6777903999998,-2.99
2025-03-12 21:00:00,716.2026101999999,-3.257
2025-03-12 21:30:00,715.9221927,-3.406
2025-03-12 22:00:00,715.5296081999999,-3.641
2025-03-12 22:30:00,714.9799898999999,-3.751
2025-03-12 23:00:00,714.8147984999999,-3.706
2025-03-12 23:30:00,714.3141257999999,-3.941
2025-03-13 00:00:00,713.8858518,-4.094
2025-03-13 00:30:00,713.5728038999999,-4.228
2025-03-13 01:00:00,713.1414708,-4.245
2025-03-13 01:30:00,712.3124546999999,-4.309
2025-03-13 02:00:00,711.7536590999998,-4.358
2025-03-13 02:30:00,711.9647369999999,-4.43
2025-03-13 03:00:00,711.5854085999999,-4.652
2025-03-13 03:30:00,711.3080502,-4.793
2025-03-13 04:00:00,711.1153269,-4.847
2025-03-13 04:30:00,711.0225342,-4.994
2025-03-13 05:00:00,711.0521054999999,-5.024
2025-03-13 05:30:00,711.4905765,-5.205
2025-03-13 06:00:00,711.6863589,-5.99
2025-03-13 06:30:00,711.3743306999999,-6.409
2025-03-13 07:00:00,710.9083277999999,-6.506
2025-03-13 07:30:00,710.8716186,-6.556
2025-03-13 08:00:00,710.7227424,-6.637
2025-03-13 08:30:00,710.4147929999999,-6.776
2025-03-13 09:00:00,710.9154657,-7.068
2025-03-13 09:30:00,710.9358596999999,-7.426
2025-03-13 10:00:00,710.7380378999999,-7.781
2025-03-13 10:30:00,710.2547000999999,-8.306
2025-03-13 11:00:00,710.2220696999999,-8.7
2025-03-13 11:30:00,709.9640855999999,-8.876
2025-03-13 12:00:00,709.7662637999999,-8.95
2025-03-13 12:30:00,709.4909448,-9.112
2025-03-13 13:00:00,709.5980132999999,-9.235
2025-03-13 13:30:00,709.3573640999999,-9.499
2025-03-13 14:00:00,709.2727289999999,-9.814
2025-03-13 14:30:00,709.1248725,-9.911
2025-03-13 15:00:00,709.1636211,-9.838
2025-03-13 15:30:00,709.3379898,-9.481
2025-03-13 16:00:00,709.6520574,-8.725
2025-03-13 16:30:00,709.60923,-8.821
2025-03-13 17:00:00,709.7601455999999,-8.279
2025-03-13 17:30:00,709.9131005999999,-7.595
2025-03-13 18:00:00,710.0701343999999,-7.675
2025-03-13 18:30:00,710.1099026999999,-6.666
2025-03-13 19:00:00,710.2954881000001,-6.626
2025-03-13 19:30:00,710.5351176,-7.235
2025-03-13 20:00:00,710.5657086,-6.745
2025-03-13 20:30:00,710.6248512,-5.998
2025-03-13 21:00:00,710.5769253,-6.459
2025-03-13 21:30:00,710.5310388,-5.818
2025-03-13 22:00:00,710.4311081999999,-6.565
2025-03-13 22:30:00,710.4637385999999,-6.954
2025-03-13 23:00:00,710.5769253,-8.149
2025-03-13 23:30:00,710.5371569999999,-8.648
2025-03-14 00:00:00,710.8012593,-8.847
2025-03-14 00:30:00,710.8063578,-9.095
2025-03-14 01:00:00,711.1153269,-9.46
2025-03-14 01:30:00,711.0643418999999,-10.049
2025-03-14 02:00:00,711.1540755,-10.634
2025-03-14 02:30:00,711.3488381999999,-10.68
2025-03-14 03:00:00,711.6017238,-10.72
2025-03-14 03:30:00,711.9015156,-10.771
2025-03-14 04:00:00,712.0942388999998,-10.783
2025-03-14 04:30:00,712.3144940999999,-10.724
2025-03-14 05:00:00,712.6071479999999,-10.77
2025-03-14 05:30:00,712.9446687,-10.871
2025-03-14 06:00:00,712.7356302000001,-11.203
2025-03-14 06:30:00,712.6764876,-11.566
2025-03-14 07:00:00,712.7019800999999,-12.198
2025-03-14 07:30:00,712.6632314999999,-12.935
2025-03-14 08:00:00,712.4786657999999,-13.499
2025-03-14 08:30:00,712.6326405,-13.859
2025-03-14 09:00:00,713.0782493999999,-14.363
2025-03-14 09:30:00,712.7641818,-14.347
2025-03-14 10:00:00,712.7284923,-13.641
2025-03-14 10:30:00,712.3359078,-13.101
2025-03-14 11:00:00,712.3522229999999,-12.918
2025-03-14 11:30:00,712.3155138,-12.818
2025-03-14 12:00:00,712.2431150999998,-12.729
2025-03-14 12:30:00,712.1289087,-12.598
2025-03-14 13:00:00,712.0116431999999,-12.404
2025-03-14 13:30:00,711.9484218,-12.197
2025-03-14 14:00:00,711.7852697999999,-11.945
2025-03-14 14:30:00,712.219662,-9.981
2025-03-14 15:00:00,712.6204041,-9.414
2025-03-14 15:30:00,713.0333825999999,-8.289
2025-03-14 16:00:00,712.7223741,-7.502
2025-03-14 16:30:00,713.1557465999999,-6.986
2025-03-14 17:00:00,713.2648544999998,-6.349
2025-03-14 17:30:00,713.1639041999999,-5.982
2025-03-14 18:00:00,713.2261058999999,-5.433
2025-03-14 18:30:00,713.0649933,-4.778
2025-03-14 19:00:00,712.9069397999999,-4.651
2025-03-14 19:30:00,712.5510644999999,-3.783
2025-03-14 20:00:00,712.3042970999999,-4.297
2025-03-14 20:30:00,711.1530558,-5.162
2025-03-14 21:00:00,711.0123371999999,-6.642
2025-03-14 21:30:00,711.8862201,-7.169
2025-03-14 22:00:00,712.2675879,-7.513
2025-03-14 22:30:00,712.4195232,-8.36
2025-03-14 23:00:00,712.2308787,-8.492
2025-03-14 23:30:00,712.0799631,-8.207
2025-03-15 00:00:00,712.2288393,-8.248
2025-03-15 00:30:00,712.1452239,-8.239
2025-03-15 01:00:00,712.8590138999999,-8.47
2025-03-15 01:30:00,712.6897436999999,-8.669
2025-03-15 02:00:00,713.2006134,-8.915
2025-03-15 02:30:00,713.769606,-9.085
2025-03-15 03:00:00,714.0326885999999,-9.199
2025-03-15 03:30:00,714.3855048,-9.33
2025-03-15 04:00:00,714.4130366999999,-9.375
2025-03-15 04:30:00,714.5639523,-9.396
2025-03-15 05:00:00,715.0166991,-9.488
2025-03-15 05:30:00,715.4582292,-9.642
2025-03-15 06:00:00,715.9466655,-9.513
2025-03-15 06:30:00,715.9323896999999,-9.834
2025-03-15 07:00:00,716.0873841,-10.849
2025-03-15 07:30:00,716.0986007999999,-12.481
2025-03-15 08:00:00,716.3688212999999,-12.603
2025-03-15 08:30:00,716.7114405,-11.763
2025-03-15 09:00:00,717.1366553999999,-10.896
2025-03-15 09:30:00,717.0020549999999,-10.516
2025-03-15 10:00:00,717.1397145,-10.81
2025-03-15 10:30:00,717.2947088999999,-10.547
2025-03-15 11:00:00,717.2906300999999,-10.953
2025-03-15 11:30:00,717.1876404,-11.937
2025-03-15 12:00:00,717.3569106,-13.324
2025-03-15 12:30:00,717.5455551,-14.113
2025-03-15 13:00:00,718.0615232999999,-13.756
2025-03-15 13:30:00,718.3082906999999,-13.649
2025-03-15 14:00:00,718.5071321999999,-13.415
2025-03-15 14:30:00,719.0883611999999,-13.41
2025-03-15 15:00:00,719.3279906999999,-13.071
2025-03-15 15:30:00,719.9938548,-10.761
2025-03-15 16:00:00,720.509823,-8.904
2025-03-15 16:30:00,720.5465321999999,-7.492
2025-03-15 17:00:00,721.2276917999999,-6.18
2025-03-15 17:30:00,721.6049808,-5.059
2025-03-15 18:00:00,721.9608560999999,-2.514
2025-03-15 18:30:00,722.5318881,-0.863
2025-03-15 19:00:00,722.7460250999999,-2.44
2025-03-15 19:30:00,722.9101968,-1.884
2025-03-15 20:00:00,723.0876245999999,-1.657
2025-03-15 20:30:00,723.3374511,-1.273
2025-03-15 21:00:00,723.2864660999999,-0.948
2025-03-15 21:30:00,723.3792587999999,-0.556
2025-03-15 22:00:00,723.3292935,-1.01
2025-03-15 22:30:00,723.5648442,-1.036
2025-03-15 23:00:00,723.5872776,-1.361
2025-03-15 23:30:00,723.5118198,-1.4
2025-03-16 00:00:00,723.6188882999999,-1.381
2025-03-16 00:30:00,723.7300356,-1.326
2025-03-16 01:00:00,723.9676256999999,-1.757
2025-03-16 01:30:00,724.0186107,-2.744
2025-03-16 02:00:00,724.1430141,-3.605
2025-03-16 02:30:00,724.4530028999999,-4.425
2025-03-16 03:00:00,724.8782178,-5.418
2025-03-16 03:30:00,725.0036408999999,-6.218
2025-03-16 04:00:00,725.1423200999999,-7.298
2025-03-16 04:30:00,725.1341624999999,-8.274
2025-03-16 05:00:00,725.149458,-8.99
2025-03-16 05:30:00,725.2911962999999,-9.289
2025-03-16 06:00:00,725.1290639999999,-9.656
2025-03-16 06:30:00,725.2493886,-8.594
2025-03-16 07:00:00,725.7419037,-6.068
2025-03-16 07:30:00,725.9203511999999,-5.64
2025-03-16 08:00:00,725.9203511999999,-5.479
2025-03-16 08:30:00,726.2986598999998,-4.554
2025-03-16 09:00:00,726.0498530999998,-4.184
2025-03-16 09:30:00,726.0488334,-4.488
2025-03-16 10:00:00,726.1915914,-4.613
2025-03-16 10:30:00,725.8510116,-4.279
2025-03-16 11:00:00,725.7133521000001,-4.449
2025-03-16 11:30:00,725.7663764999999,-4.367
2025-03-16 12:00:00,725.5971063,-4.639
2025-03-16 12:30:00,725.4155997,-4.984
2025-03-16 13:00:00,725.3238266999999,-5.818
2025-03-16 13:30:00,725.1729110999999,-7.063
2025-03-16 14:00:00,725.4319148999999,-7.153
2025-03-16 14:30:00,725.4278360999999,-7.707
2025-03-16 15:00:00,725.5461213,-8.041
2025-03-16 15:30:00,725.7194702999999,-7.292
2025-03-16 16:00:00,726.0773849999999,-6.228
2025-03-16 16:30:00,726.5117772,-2.535
2025-03-16 17:00:00,726.9216966,-1.499
2025-03-16 17:30:00,726.852357,-0.941
2025-03-16 18:00:00,727.0583363999999,2.121
2025-03-16 18:30:00,727.5090438,4.082
2025-03-16 19:00:00,727.3652661,2.136
2025-03-16 19:30:00,727.3367145,3.228
2025-03-16 20:00:00,727.1735624999999,3.694
2025-03-16 20:30:00,726.7585445999999,2.895
2025-03-16 21:00:00,726.5331909,2.913
2025-03-16 21:30:00,726.4312209,3.25
2025-03-16 22:00:00,726.1711974,2.89
2025-03-16 22:30:00,726.209946,1.988
2025-03-16 23:00:00,726.0508727999999,1.442
2025-03-16 23:30:00,726.0335378999999,0.932
2025-03-17 00:00:00,725.9519619,0.244
2025-03-17 00:30:00,725.730687,-0.537
2025-03-17 01:00:00,725.4461907,-1.288
2025-03-17 01:30:00,725.4227375999999,-1.937
2025-03-17 02:00:00,725.5522394999999,-2.529
2025-03-17 02:30:00,725.302413,-2.811
2025-03-17 03:00:00,725.3686934999998,-2.917
2025-03-17 03:30:00,725.4257966999999,-2.926
2025-03-17 04:00:00,725.3442206999999,-2.936
2025-03-17 04:30:00,725.2075808999999,-2.9
2025-03-17 05:00:00,725.1514973999999,-2.995
2025-03-17 05:30:00,724.9088088,-3.027
2025-03-17 06:00:00,724.5427364999999,-3.059
2025-03-17 06:30:00,724.5355985999998,-3.147
2025-03-17 07:00:00,724.2633387,-3.25
2025-03-17 07:30:00,723.8126312999999,-3.397
2025-03-17 08:00:00,723.3843572999999,-3.335
2025-03-17 08:30:00,722.8439162999999,-3.329
2025-03-17 09:00:00,722.8989800999999,-3.337
2025-03-17 09:30:00,722.3911695,-3.337
2025-03-17 10:00:00,722.0822003999999,-3.548
2025-03-17 10:30:00,721.3775876999999,-3.83
2025-03-17 11:00:00,721.1247021,-3.992
2025-03-17 11:30:00,720.9788849999999,-4.707
2025-03-17 12:00:00,720.5108426999999,-5.055
2025-03-17 12:30:00,719.9805987,-5.293
2025-03-17 13:00:00,719.6746886999999,-4.995
2025-03-17 13:30:00,719.6624523,-4.836
2025-03-17 14:00:00,719.051652,-4.683
2025-03-17 14:30:00,719.0781642000001,-4.205
2025-03-17 15:00:00,718.9507017,-3.999
2025-03-17 15:30:00,718.9139925,-3.835
2025-03-17 16:00:00,718.8161013,-3.608
2025-03-17 16:30:00,718.4133198,-3.215
2025-03-17 17:00:00,718.5458807999998,-2.843
2025-03-17 17:30:00,718.4123000999999,-2.68
2025-03-17 18:00:00,717.8942925,-2.542
2025-03-17 18:30:00,717.2294480999999,-2.242
2025-03-17 19:00:00,717.3293786999999,-2.422
2025-03-17 19:30:00,717.2947088999999,-2.182
2025-03-17 20:00:00,717.0183701999999,-2.614
2025-03-17 20:30:00,716.5166777999999,-3.244
2025-03-17 21:00:00,716.5554263999999,-3.952
2025-03-17 21:30:00,716.9571881999999,-5.232
2025-03-17 22:00:00,716.7420314999999,-5.753
2025-03-17 22:30:00,717.3395757,-7.495
2025-03-17 23:00:00,716.5809189,-7.857
2025-03-17 23:30:00,716.706342,-7.912
2025-03-18 00:00:00,716.4177669,-7.969
2025-03-18 00:30:00,717.0928082999999,-8.082
2025-03-18 01:00:00,717.0255081,-8.574
2025-03-18 01:30:00,717.3110240999999,-8.805
2025-03-18 02:00:00,717.0183701999999,-9.177
2025-03-18 02:30:00,717.0938279999999,-9.231
2025-03-18 03:00:00,717.3395757,-9.345
2025-03-18 03:30:00,718.1012915999999,-9.32
2025-03-18 04:00:00,718.2960543,-9.175
2025-03-18 04:30:00,718.4908169999999,-9.295
2025-03-18 05:00:00,718.3939454999999,-9.71
2025-03-18 05:30:00,718.7559389999999,-10.951
2025-03-18 06:00:00,718.5458807999998,-12.236
2025-03-18 06:30:00,719.0791838999999,-12.493
2025-03-18 07:00:00,719.3330891999999,-12.352
2025-03-18 07:30:00,719.5666004999999,-11.962
2025-03-18 08:00:00,719.979579,-11.673
2025-03-18 08:30:00,720.3507497999999,-11.254
2025-03-18 09:00:00,720.6454431,-10.955
2025-03-18 09:30:00,720.9870425999999,-11.129
2025-03-18 10:00:00,721.1767067999999,-12.057
2025-03-18 10:30:00,721.294992,-12.924
2025-03-18 11:00:00,721.4091984,-13.977
2025-03-18 11:30:00,721.6967538,-15.234
2025-03-18 12:00:00,722.0179592999999,-16.201
2025-03-18 12:30:00,721.9506590999998,-16.836
2025-03-18 13:00:00,722.039373,-17.285
2025-03-18 13:30:00,722.3983073999999,-17.634
2025-03-18 14:00:00,722.9203937999999,-17.287
2025-03-18 14:30:00,723.5250758999999,-17.398
2025-03-18 15:00:00,723.9339755999999,-17.593
2025-03-18 15:30:00,724.2612992999999,-17.837
2025-03-18 16:00:00,724.5121455,-16.73
2025-03-18 16:30:00,725.2432703999999,-12.161
2025-03-18 17:00:00,725.7775932,-10.611
2025-03-18 17:30:00,726.2548127999999,-8.422
2025-03-18 18:00:00,726.6759489,-2.537
2025-03-18 18:30:00,727.6028562,-0.606
2025-03-18 19:00:00,727.3295765999999,-3.213
2025-03-18 19:30:00,727.8740964,-0.822
2025-03-18 20:00:00,728.0097164999999,-1.065
2025-03-18 20:30:00,728.0637605999999,-1.469
2025-03-18 21:00:00,728.2666809,-1.3
2025-03-18 21:30:00,728.4961133999999,0.599
2025-03-18 22:00:00,728.6908760999999,0.07
2025-03-18 22:30:00,728.5063104,-0.91
2025-03-18 23:00:00,728.3319417,-1.596
2025-03-18 23:30:00,728.3839464,-2.017
2025-03-19 00:00:00,728.4247343999999,-2.667
2025-03-19 00:30:00,728.6551866,-3.811
2025-03-19 01:00:00,728.6317335,-5.747
2025-03-19 01:30:00,728.6398910999999,-7.385
2025-03-19 02:00:00,728.4145374,-8.583
2025-03-19 02:30:00,728.514468,-9.382
2025-03-19 03:00:00,728.6867972999999,-10.086
2025-03-19 03:30:00,729.0854999999999,-10.833
2025-03-19 04:00:00,729.2435535,-11.436
2025-03-19 04:30:00,729.3353265,-11.861
2025-03-19 05:00:00,729.5464043999999,-11.673
2025-03-19 05:30:00,729.5820938999999,-11.369
2025-03-19 06:00:00,729.656532,-11.487
2025-03-19 06:30:00,729.789093,-11.958
2025-03-19 07:00:00,729.8258021999999,-12.499
2025-03-19 07:30:00,729.8767872,-12.893
2025-03-19 08:00:00,729.9665207999999,-13.053
2025-03-19 08:30:00,730.0378998,-13.215
2025-03-19 09:00:00,729.9349100999999,-13.308
2025-03-19 09:30:00,729.6881427,-13.366
2025-03-19 10:00:00,729.6320592,-13.293
2025-03-19 10:30:00,729.4546313999999,-13.327
2025-03-19 11:00:00,729.3057552,-13.338
2025-03-19 11:30:00,729.1181304,-13.374
2025-03-19 12:00:00,728.9876087999999,-13.248
2025-03-19 12:30:00,728.9957664,-13.029
2025-03-19 13:00:00,728.9559981,-12.672
2025-03-19 13:30:00,729.1650366,-12.483
2025-03-19 14:00:00,729.432198,-12.358
2025-03-19 14:30:00,729.5096952,-12.263
2025-03-19 15:00:00,729.5912711999999,-11.878
2025-03-19 15:30:00,729.8043884999998,-11.114
2025-03-19 16:00:00,730.1174364,-9.668
2025-03-19 16:30:00,730.4386419,-5.412
2025-03-19 17:00:00,731.0555604,-2.343
2025-03-19 17:30:00,731.1789440999999,-1.756
2025-03-19 18:00:00,731.3890022999999,2.568
2025-03-19 18:30:00,731.5715285999999,3.46
2025-03-19 19:00:00,731.0667771,2.571
2025-03-19 19:30:00,731.1677274,4.044
2025-03-19 20:00:00,731.1626289,4.14
2025-03-19 20:30:00,730.8138915,3.597
2025-03-19 21:00:00,730.5120602999999,3.322
2025-03-19 21:30:00,730.2561155999999,3.524
2025-03-19 22:00:00,729.8003097,2.851
2025-03-19 22:30:00,729.9114569999999,1.212
2025-03-19 23:00:00,729.8727084,0.325
2025-03-19 23:30:00,729.2741444999999,0.083
2025-03-20 00:00:00,729.1150713,-0.207
2025-03-20 00:30:00,729.1130319,-1.187
2025-03-20 01:00:00,729.3057552,-2.121
2025-03-20 01:30:00,729.0630666,-2.625
2025-03-20 02:00:00,728.7928460999999,-3.127
2025-03-20 02:30:00,728.1840852,-3.475
2025-03-20 03:00:00,728.1912231,-3.669
2025-03-20 03:30:00,728.3146068,-3.903
2025-03-20 04:00:00,728.4430889999999,-3.948
2025-03-20 04:30:00,728.4583845,-3.959
2025-03-20 05:00:00,728.2942127999999,-4.029
2025-03-20 05:30:00,728.0117558999999,-4.102
2025-03-20 06:00:00,728.0525439,-4.262
2025-03-20 06:30:00,728.0821152,-4.521
2025-03-20 07:00:00,727.5559499999999,-4.818
2025-03-20 07:30:00,726.5749986,-5.06
2025-03-20 08:00:00,726.2925417,-5.406
2025-03-20 08:30:00,726.2333990999999,-5.57
2025-03-20 09:00:00,726.1018578000001,-5.919
2025-03-20 09:30:00,725.7051944999998,-5.911
2025-03-20 10:00:00,725.6154608999999,-5.802
2025-03-20 10:30:00,725.6501307,-5.824
2025-03-20 11:00:00,725.4798407999999,-5.936
2025-03-20 11:30:00,725.485959,-6.083
2025-03-20 12:00:00,725.7143717999999,-6.463
2025-03-20 12:30:00,725.9621589,-6.711
2025-03-20 13:00:00,725.7245687999999,-6.385
2025-03-20 13:30:00,726.0998183999999,-7.143
2025-03-20 14:00:00,726.5913137999999,-8.473
2025-03-20 14:30:00,726.1497837000001,-9.095
2025-03-20 15:00:00,725.9030162999999,-8.85
2025-03-20 15:30:00,725.9070950999999,-8.436
2025-03-20 16:00:00,726.6219047999999,-6.295
2025-03-20 16:30:00,727.0726121999999,-4.309
2025-03-20 17:00:00,727.4080935,-2.024
2025-03-20 17:30:00,727.6365063,-2.288
2025-03-20 18:00:00,727.6956488999999,0.58
2025-03-20 18:30:00,727.9250814,1.702
2025-03-20 19:00:00,727.9230419999999,2.088
2025-03-20 19:30:00,727.8679781999999,2.922
2025-03-20 20:00:00,727.8159734999999,3.0
2025-03-20 20:30:00,727.7099246999999,2.76
2025-03-20 21:00:00,727.5273983999999,3.386
2025-03-20 21:30:00,727.5865409999999,5.121
2025-03-20 22:00:00,727.5743045999999,4.199
2025-03-20 22:30:00,727.5019059,3.286
2025-03-20 23:00:00,727.3244780999999,2.489
2025-03-20 23:30:00,727.2194489999998,2.005
2025-03-21 00:00:00,727.0685334,1.278
2025-03-21 00:30:00,727.0175484,0.433
2025-03-21 01:00:00,726.9114996,-0.71
2025-03-21 01:30:00,726.7503869999999,-2.163
2025-03-21 02:00:00,726.8319629999999,-3.006
2025-03-21 02:30:00,727.0501787999999,-3.714
2025-03-21 03:00:00,727.1817200999999,-4.295
2025-03-21 03:30:00,727.4193102,-4.92
2025-03-21 04:00:00,727.2683945999999,-5.63
2025-03-21 04:30:00,727.4957876999999,-6.161
2025-03-21 05:00:00,727.4040147,-6.673
2025-03-21 05:30:00,727.4784527999999,-6.938
2025-03-21 06:00:00,727.5335166,-6.942
2025-03-21 06:30:00,727.6660775999999,-6.82
2025-03-21 07:00:00,727.3673055,-6.967
2025-03-21 07:30:00,727.2836901,-7.051
2025-03-21 08:00:00,727.5488121,-7.105
2025-03-21 08:30:00,727.7099246999999,-6.736
2025-03-21 09:00:00,727.3316159999999,-6.586
2025-03-21 09:30:00,727.1276760000001,-6.802
2025-03-21 10:00:00,726.8289039,-7.109
2025-03-21 10:30:00,726.7381505999999,-7.222
2025-03-21 11:00:00,726.5433878999999,-7.257
2025-03-21 11:30:00,726.6188457,-7.417
2025-03-21 12:00:00,726.5291121,-7.382
2025-03-21 12:30:00,726.2905022999998,-7.411
2025-03-21 13:00:00,726.3190539,-7.491
2025-03-21 13:30:00,726.5382894,-7.324
2025-03-21 14:00:00,726.6412790999999,-6.575
2025-03-21 14:30:00,726.8441993999999,-5.854
2025-03-21 15:00:00,726.9604452,-4.805
2025-03-21 15:30:00,727.2663552,-3.245
2025-03-21 16:00:00,727.6711760999999,-1.202
2025-03-21 16:30:00,727.9964603999998,0.524
2025-03-21 17:00:00,728.3360205,1.391
2025-03-21 17:30:00,728.432892,2.35
2025-03-21 18:00:00,728.2993112999999,3.186
2025-03-21 18:30:00,728.3166461999999,5.274
2025-03-21 19:00:00,728.0678393999999,4.846
2025-03-21 19:30:00,728.0882333999999,6.972
2025-03-21 20:00:00,728.025012,6.074
2025-03-21 20:30:00,727.5916394999999,4.916
2025-03-21 21:00:00,727.7578505999999,4.888
2025-03-21 21:30:00,727.5335166,6.123
2025-03-21 22:00:00,727.2194489999998,4.439
2025-03-21 22:30:00,727.2072125999999,3.604
2025-03-21 23:00:00,727.2530991,2.869
2025-03-21 23:30:00,726.7667021999999,2.407
2025-03-22 00:00:00,726.4322406,1.481
2025-03-22 00:30:00,726.5760183,0.952
2025-03-22 01:00:00,726.1803747,0.679
2025-03-22 01:30:00,726.0304788,0.373
2025-03-22 02:00:00,726.4495754999999,0.127
2025-03-22 02:30:00,726.5240136,-0.258
2025-03-22 03:00:00,726.7595643,-0.588
2025-03-22 03:30:00,726.5444075999999,-0.656
2025-03-22 04:00:00,726.7687416,-0.687
2025-03-22 04:30:00,727.0012331999999,-0.688
2025-03-22 05:00:00,727.0940258999999,-0.861
2025-03-22 05:30:00,727.3866797999999,-0.941
2025-03-22 06:00:00,727.2276066,-0.927
2025-03-22 06:30:00,727.1317548,-1.035
2025-03-22 07:00:00,726.9777801,-1.203
2025-03-22 07:30:00,726.9176178,-1.321
2025-03-22 08:00:00,726.7575248999999,-1.123
2025-03-22 08:30:00,726.7483475999999,-0.97
2025-03-22 09:00:00,726.5586834,-0.982
2025-03-22 09:30:00,726.4403981999999,-0.983
2025-03-22 10:00:00,726.1324488,-1.275
2025-03-22 10:30:00,725.8877208,-1.58
2025-03-22 11:00:00,725.7378249,-1.593
2025-03-22 11:30:00,725.5940472,-1.56
2025-03-22 12:00:00,725.6022048,-1.548
2025-03-22 12:30:00,725.7174309,-1.454
2025-03-22 13:00:00,725.7062141999999,-1.524
2025-03-22 13:30:00,725.6970369,-1.778
2025-03-22 14:00:00,725.8479525,-1.772
2025-03-22 14:30:00,725.8775238,-1.675
2025-03-22 15:00:00,726.0396561,-1.129
2025-03-22 15:30:00,726.1783353,-0.41
2025-03-22 16:00:00,726.4638513,1.158
2025-03-22 16:30:00,726.7371308999999,1.861
2025-03-22 17:00:00,726.7452884999999,2.2
2025-03-22 17:30:00,726.8594949,2.75
2025-03-22 18:00:00,727.025706,3.52
2025-03-22 18:30:00,727.056297,3.883
2025-03-22 19:00:00,727.0165287,4.132
2025-03-22 19:30:00,726.8625539999999,4.505
2025-03-22 20:00:00,726.5923334999999,4.381
2025-03-22 20:30:00,726.4026693,5.031
2025-03-22 21:00:00,726.3608615999999,5.666
2025-03-22 21:30:00,726.1864929,5.605
2025-03-22 22:00:00,726.1701777,5.375
2025-03-22 22:30:00,726.0804440999999,4.827
2025-03-22 23:00:00,726.0386364,3.635
2025-03-22 23:30:00,725.8765040999999,2.679
2025-03-23 00:00:00,725.8071644999999,2.232
2025-03-23 00:30:00,725.6287169999999,1.685
2025-03-23 01:00:00,725.5705940999999,1.43
2025-03-23 01:30:00,725.5971063,0.781
2025-03-23 02:00:00,725.5481606999999,0.197
2025-03-23 02:30:00,725.6848004999999,-0.004
2025-03-23 03:00:00,725.7796325999999,-0.11
2025-03-23 03:30:00,726.0427152,-0.155
2025-03-23 04:00:00,726.2466551999999,-0.166
2025-03-23 04:30:00,726.3384281999998,-0.338
2025-03-23 05:00:00,726.6728898,-0.463
2025-03-23 05:30:00,726.7656824999999,-0.529
2025-03-23 06:00:00,726.7983128999999,-0.752
2025-03-23 06:30:00,726.7524263999999,-1.081
2025-03-23 07:00:00,726.7004216999999,-1.164
2025-03-23 07:30:00,727.0195878,-1.292
2025-03-23 08:00:00,726.8503175999999,-1.322
2025-03-23 08:30:00,726.7095989999999,-1.443
2025-03-23 09:00:00,726.811569,-1.569
2025-03-23 09:30:00,726.8411402999999,-1.324
2025-03-23 10:00:00,727.3499706,-1.277
2025-03-23 10:30:00,727.2592172999999,-1.426
2025-03-23 11:00:00,727.3295765999999,-1.575
2025-03-23 11:30:00,727.7272595999999,-1.714
2025-03-23 12:00:00,727.1990549999999,-2.307
2025-03-23 12:30:00,726.9013025999999,-3.372
2025-03-23 13:00:00,727.0491590999999,-3.938
2025-03-23 13:30:00,727.3764828,-4.27
2025-03-23 14:00:00,727.5273983999999,-4.632
2025-03-23 14:30:00,727.7303186999999,-4.513
2025-03-23 15:00:00,728.0280710999999,-4.21
2025-03-23 15:30:00,728.2575036,-3.724
2025-03-23 16:00:00,728.7938657999999,-2.085
2025-03-23 16:30:00,729.2211201,0.915
2025-03-23 17:00:00,729.9899739,5.865
2025-03-23 17:30:00,730.1572046999999,5.286
2025-03-23 18:00:00,730.1643425999999,9.287
2025-03-23 18:30:00,730.7700444,11.55
2025-03-23 19:00:00,730.8689552999999,8.879
2025-03-23 19:30:00,731.0453633999999,10.376
2025-03-23 20:00:00,731.0341467,9.791
2025-03-23 20:30:00,730.9862208,8.956
2025-03-23 21:00:00,730.8414233999999,9.771
2025-03-23 21:30:00,730.7945171999999,11.39
2025-03-23 22:00:00,730.8852704999999,10.066
2025-03-23 22:30:00,731.0616785999999,8.905
2025-03-23 23:00:00,731.0616785999999,7.772
2025-03-23 23:30:00,730.9597086,7.391
2025-03-24 00:00:00,731.0881907999999,6.468
2025-03-24 00:30:00,731.1259197,5.203
2025-03-24 01:00:00,731.3420960999999,3.163
2025-03-24 01:30:00,731.4736373999999,1.951
2025-03-24 02:00:00,731.7815867999999,1.185
2025-03-24 02:30:00,731.6928729,0.505
2025-03-24 03:00:00,731.7693503999999,0.074
2025-03-24 03:30:00,731.9590145999999,-0.289
2025-03-24 04:00:00,732.2322942,-0.532
2025-03-24 04:30:00,732.328146,-0.441
2025-03-24 05:00:00,732.6493515,0.058
2025-03-24 05:30:00,732.9012174,0.242
2025-03-24 06:00:00,732.7717155,-0.489
2025-03-24 06:30:00,732.8420747999999,-0.376
2025-03-24 07:00:00,732.7829321999999,-0.733
2025-03-24 07:30:00,732.7319472,-1.224
2025-03-24 08:00:00,732.6993167999999,-1.798
2025-03-24 08:30:00,732.6595484999999,-2.611
2025-03-24 09:00:00,732.5871498,-2.996
2025-03-24 09:30:00,732.5534997,-3.185
2025-03-24 10:00:00,732.4158401999999,-3.29
2025-03-24 10:30:00,732.2710427999999,-3.439
2025-03-24 11:00:00,732.226176,-3.595
2025-03-24 11:30:00,732.2557472999999,-3.687
2025-03-24 12:00:00,732.2139395999999,-3.784
2025-03-24 12:30:00,732.4545887999999,-3.851
2025-03-24 13:00:00,732.5871498,-3.935
2025-03-24 13:30:00,732.7013562,-4.054
2025-03-24 14:00:00,732.9042764999999,-4.072
2025-03-24 14:30:00,733.0347980999999,-3.974
2025-03-24 15:00:00,733.0215419999998,-3.825
2025-03-24 15:30:00,732.9746358,-3.355
2025-03-24 16:00:00,733.2927821999999,-1.322
2025-03-24 16:30:00,733.6017512999999,1.637
2025-03-24 17:00:00,734.1085421999999,6.356
2025-03-24 17:30:00,733.9922964,5.886
2025-03-24 18:00:00,733.7485881,10.379
2025-03-24 18:30:00,734.1534089999999,12.894
2025-03-24 19:00:00,734.0626556999999,10.572
2025-03-24 19:30:00,734.0116706999999,12.824
2025-03-24 20:00:00,733.9311144,11.145
2025-03-24 20:30:00,733.8617747999999,10.495
2025-03-24 21:00:00,733.6782287999999,10.962
2025-03-24 21:30:00,733.5640223999999,12.649
2025-03-24 22:00:00,733.4946828,11.231
2025-03-24 22:30:00,733.4630720999999,9.729
2025-03-24 23:00:00,733.2611714999999,8.367
2025-03-24 23:30:00,733.0195026,7.688
2025-03-25 00:00:00,732.9409856999999,6.637
2025-03-25 00:30:00,732.9328281,5.112
2025-03-25 01:00:00,732.9613797,3.562
2025-03-25 01:30:00,732.9919706999999,2.554
2025-03-25 02:00:00,733.0868027999999,1.812
2025-03-25 02:30:00,733.0123646999999,1.187
2025-03-25 03:00:00,733.0327586999999,0.79
2025-03-25 03:30:00,733.3978113,0.381
2025-03-25 04:00:00,733.5681011999999,0.349
2025-03-25 04:30:00,733.6384605,0.199
2025-03-25 05:00:00,733.5589239,-0.097
2025-03-25 05:30:00,733.5436284,-0.507
2025-03-25 06:00:00,733.4314613999999,-0.707
2025-03-25 06:30:00,733.3141959,-0.932
2025-03-25 07:00:00,733.2825852,-1.238
2025-03-25 07:30:00,733.113315,-1.572
2025-03-25 08:00:00,732.919572,-1.888
2025-03-25 08:30:00,732.7452033,-1.987
2025-03-25 09:00:00,732.6218196,-2.171
2025-03-25 09:30:00,732.4494902999999,-2.029
2025-03-25 10:00:00,732.2985746999999,-1.66
2025-03-25 10:30:00,732.0925953,-1.686
2025-03-25 11:00:00,731.8611233999999,-1.731
2025-03-25 11:30:00,731.8550052,-1.752
2025-03-25 12:00:00,731.8131974999999,-1.91
2025-03-25 12:30:00,731.6673804,-2.259
2025-03-25 13:00:00,731.4175539,-2.927
2025-03-25 13:30:00,731.2890716999999,-3.237
2025-03-25 14:00:00,731.3502536999999,-2.645
2025-03-25 14:30:00,731.5603119,-1.924
2025-03-25 15:00:00,731.5439967,-1.727
2025-03-25 15:30:00,731.5562331,-1.709
2025-03-25 16:00:00,731.6582031,-0.371
2025-03-25 16:30:00,731.7897443999999,1.388
2025-03-25 17:00:00,732.1741712999999,5.667
2025-03-25 17:30:00,732.2577866999999,6.229
2025-03-25 18:00:00,731.8295126999999,10.394
2025-03-25 18:30:00,732.0976938,13.127
2025-03-25 19:00:00,732.0507876,11.745
2025-03-25 19:30:00,731.9661524999999,14.837
2025-03-25 20:00:00,731.9284236,12.308
2025-03-25 20:30:00,731.6531046,11.104
2025-03-25 21:00:00,731.5317603,11.168
2025-03-25 21:30:00,731.2890716999999,12.828
2025-03-25 22:00:00,731.2309488,11.432
2025-03-25 22:30:00,731.002536,10.464
2025-03-25 23:00:00,730.9872404999999,9.275
2025-03-25 23:30:00,730.7302760999999,7.824
2025-03-26 00:00:00,730.6436015999999,6.547
2025-03-26 00:30:00,730.5120602999999,5.061
2025-03-26 01:00:00,730.4243660999999,3.401
2025-03-26 01:30:00,730.2989429999999,2.397
2025-03-26 02:00:00,730.1694411,1.671
2025-03-26 02:30:00,730.1694411,0.742
2025-03-26 03:00:00,730.247958,0.054
2025-03-26 03:30:00,730.2754898999999,-0.42
2025-03-26 04:00:00,730.1429289,-0.855
2025-03-26 04:30:00,729.9338904,-1.146
2025-03-26 05:00:00,729.7523838,-1.182
2025-03-26 05:30:00,729.6371577,-1.179
2025-03-26 06:00:00,729.5596604999998,-1.284
2025-03-26 06:30:00,729.4515723,-1.596
2025-03-26 07:00:00,729.3720356999999,-1.959
2025-03-26 07:30:00,729.2547701999999,-2.282
2025-03-26 08:00:00,729.2068443,-2.589
2025-03-26 08:30:00,729.0844802999999,-2.912
2025-03-26 09:00:00,728.9162298,-3.145
2025-03-26 09:30:00,728.626635,-3.363
2025-03-26 10:00:00,728.3880252,-3.479
2025-03-26 10:30:00,728.3023703999999,-3.638
2025-03-26 11:00:00,728.2717793999999,-3.749
2025-03-26 11:30:00,728.1973412999998,-3.759
2025-03-26 12:00:00,728.0698788,-3.782
2025-03-26 12:30:00,727.8812343,-3.845
2025-03-26 13:00:00,727.9138646999999,-4.082
2025-03-26 13:30:00,727.8190325999999,-4.201
2025-03-26 14:00:00,727.8679781999999,-4.232
2025-03-26 14:30:00,727.7751854999999,-4.103
2025-03-26 15:00:00,727.7313383999999,-3.853
2025-03-26 15:30:00,727.7099246999999,-3.366
2025-03-26 16:00:00,727.9036677,-0.549
2025-03-26 16:30:00,728.3166461999999,3.075
2025-03-26 17:00:00,728.6011424999999,6.224
2025-03-26 17:30:00,728.5919651999999,6.027
2025-03-26 18:00:00,728.4410496,9.296
2025-03-26 18:30:00,728.514468,11.421
2025-03-26 19:00:00,728.2534248,9.89
2025-03-26 19:30:00,728.2544444999999,14.565
2025-03-26 20:00:00,728.1912231,10.79
2025-03-26 20:30:00,727.7853825,9.509
2025-03-26 21:00:00,727.688511,10.265
2025-03-26 21:30:00,727.7262398999999,11.196
2025-03-26 22:00:00,727.7629490999999,9.805
2025-03-26 22:30:00,727.7180822999999,8.784
2025-03-26 23:00:00,727.3509902999999,8.025
2025-03-26 23:30:00,727.3112219999999,7.158
2025-03-27 00:00:00,727.2174096,6.234
2025-03-27 00:30:00,727.1083017,5.158
2025-03-27 01:00:00,726.8492978999999,4.235
2025-03-27 01:30:00,726.6677913,3.395
2025-03-27 02:00:00,726.5352302999999,2.564
2025-03-27 02:30:00,726.4505952,2.125
2025-03-27 03:00:00,726.2762265,2.21
2025-03-27 03:30:00,726.4964816999999,2.294
2025-03-27 04:00:00,726.6800277,2.026
2025-03-27 04:30:00,726.8768298,1.767
2025-03-27 05:00:00,726.7034808,1.486
2025-03-27 05:30:00,726.719796,1.367
2025-03-27 06:00:00,726.719796,1.333
2025-03-27 06:30:00,726.4975013999999,1.2
2025-03-27 07:00:00,726.4077677999999,1.051
2025-03-27 07:30:00,726.0763652999999,0.765
2025-03-27 08:00:00,726.1212320999999,1.086
2025-03-27 08:30:00,725.8550903999999,0.138
2025-03-27 09:00:00,725.7378249,0.494
2025-03-27 09:30:00,725.6511504,0.586
2025-03-27 10:00:00,725.6552292,0.704
2025-03-27 10:30:00,725.4665846999999,0.804
2025-03-27 11:00:00,725.4533286,0.726
2025-03-27 11:30:00,725.4074421,0.513
2025-03-27 12:00:00,725.2351127999999,0.297
2025-03-27 12:30:00,724.8771981,0.301
2025-03-27 13:00:00,724.7028293999999,0.177
2025-03-27 13:30:00,724.6763172,-0.232
2025-03-27 14:00:00,725.1147882,-0.795
2025-03-27 14:30:00,724.996503,-1.063
2025-03-27 15:00:00,725.0097591,-1.364
2025-03-27 15:30:00,724.9852862999999,-1.486
2025-03-27 16:00:00,725.1402807,1.012
2025-03-27 16:30:00,725.3452404,2.246
2025-03-27 17:00:00,725.7990069,4.043
2025-03-27 17:30:00,725.5134908999999,3.805
2025-03-27 18:00:00,725.7062141999999,6.465
2025-03-27 18:30:00,725.6623670999999,8.831
2025-03-27 19:00:00,725.5175696999999,7.356
2025-03-27 19:30:00,725.1311033999999,8.73
2025-03-27 20:00:00,724.9016708999999,7.354
2025-03-27 20:30:00,724.2531416999999,6.564
2025-03-27 21:00:00,723.9625272,6.753
2025-03-27 21:30:00,723.9237785999999,7.493
2025-03-27 22:00:00,723.6148094999999,6.246
2025-03-27 22:30:00,723.3456087,4.611
2025-03-27 23:00:00,723.0029894999999,3.012
2025-03-27 23:30:00,723.1324913999999,2.049
2025-03-28 00:00:00,722.9673,1.643
2025-03-28 00:30:00,723.1824566999999,0.969
2025-03-28 01:00:00,723.1335111,0.158
2025-03-28 01:30:00,722.7684585,-0.463
2025-03-28 02:00:00,722.5329078,-1.154
2025-03-28 02:30:00,722.6114246999999,-1.792
2025-03-28 03:00:00,722.4003467999999,-2.273
2025-03-28 03:30:00,722.0964762,-2.475
2025-03-28 04:00:00,722.0098016999999,-2.374
2025-03-28 04:30:00,722.1454218,-2.603
2025-03-28 05:00:00,721.8955953,-2.739
2025-03-28 05:30:00,721.6172171999999,-2.847
2025-03-28 06:00:00,721.6947144,-2.837
2025-03-28 06:30:00,721.6253747999999,-2.927
2025-03-28 07:00:00,721.5621534,-2.992
2025-03-28 07:30:00,721.3775876999999,-2.886
2025-03-28 08:00:00,721.4346909,-2.929
2025-03-28 08:30:00,721.4632424999999,-2.94
2025-03-28 09:00:00,721.2909132,-3.124
2025-03-28 09:30:00,720.9952001999999,-3.203
2025-03-28 10:00:00,720.754551,-3.317
2025-03-28 10:30:00,720.72396,-3.364
2025-03-28 11:00:00,720.6709356,-3.649
2025-03-28 11:30:00,720.5516306999999,-3.767
2025-03-28 12:00:00,720.1090808999999,-4.051
2025-03-28 12:30:00,719.9938548,-4.298
2025-03-28 13:00:00,720.1804599,-4.222
2025-03-28 13:30:00,720.0529973999999,-4.38
2025-03-28 14:00:00,720.2681541,-5.101
2025-03-28 14:30:00,720.3884786999998,-5.235
2025-03-28 15:00:00,720.4537394999999,-5.499
2025-03-28 15:30:00,720.5975171999999,-5.19
2025-03-28 16:00:00,720.9911213999999,-3.725
2025-03-28 16:30:00,721.1695688999998,-2.343
2025-03-28 17:00:00,721.6192565999999,-0.484
2025-03-28 17:30:00,721.753857,-0.429
2025-03-28 18:00:00,722.0771019,1.747
2025-03-28 18:30:00,722.2688055,4.98
2025-03-28 19:00:00,722.0179592999999,4.256
2025-03-28 19:30:00,722.2076235,9.268
2025-03-28 20:00:00,722.0883186,5.389
2025-03-28 20:30:00,721.9170089999999,3.942
2025-03-28 21:00:00,721.9047725999999,4.175
2025-03-28 21:30:00,721.937403,5.02
2025-03-28 22:00:00,721.7589554999998,3.992
2025-03-28 22:30:00,721.5427791,2.893
2025-03-28 23:00:00,721.3969619999999,1.646
2025-03-28 23:30:00,721.1257217999998,1.264
2025-03-29 00:00:00,720.8932302,0.869
2025-03-29 00:30:00,720.9482939999999,-0.16
2025-03-29 01:00:00,720.8983287,-0.559
2025-03-29 01:30:00,720.3864393,-1.502
2025-03-29 02:00:00,720.2548979999999,-2.167
2025-03-29 02:30:00,720.3711437999999,-2.631
2025-03-29 03:00:00,720.5088033,-2.966
2025-03-29 03:30:00,720.4129515,-3.19
2025-03-29 04:00:00,720.3160799999999,-3.634
2025-03-29 04:30:00,720.4139712,-4.048
2025-03-29 05:00:00,720.5414336999999,-4.683
2025-03-29 05:30:00,720.4445622000001,-4.898
2025-03-29 06:00:00,720.387459,-5.275
2025-03-29 06:30:00,719.9214560999999,-6.006
2025-03-29 07:00:00,719.9296136999999,-6.14
2025-03-29 07:30:00,719.8072497,-6.46
2025-03-29 08:00:00,719.592093,-7.089
2025-03-29 08:30:00,719.7052797,-7.564
2025-03-29 09:00:00,719.4921624,-8.134
2025-03-29 09:30:00,719.5054185,-8.636
2025-03-29 10:00:00,719.1933902999999,-9.169
2025-03-29 10:30:00,718.9588593,-9.58
2025-03-29 11:00:00,718.8477119999999,-10.024
2025-03-29 11:30:00,718.715151,-10.477
2025-03-29 12:00:00,718.5336443999998,-10.906
2025-03-29 12:30:00,718.6203188999999,-11.223
2025-03-29 13:00:00,718.5999248999999,-11.517
2025-03-29 13:30:00,718.5581172,-11.876
2025-03-29 14:00:00,718.7273874,-11.911
2025-03-29 14:30:00,718.9588593,-11.687
2025-03-29 15:00:00,719.1526022999999,-11.25
2025-03-29 15:30:00,719.3147345999998,-10.542
2025-03-29 16:00:00,719.5533444,-7.93
2025-03-29 16:30:00,720.0060911999999,-5.423
2025-03-29 17:00:00,720.5047245,-2.636
2025-03-29 17:30:00,720.8605997999999,-1.745
2025-03-29 18:00:00,721.1155248,1.952
2025-03-29 18:30:00,721.5794883,4.925
2025-03-29 19:00:00,721.6488279,5.77
2025-03-29 19:30:00,721.6529067,8.844
2025-03-29 20:00:00,721.5172865999999,4.346
2025-03-29 20:30:00,721.1542734,3.531
2025-03-29 21:00:00,720.8840528999999,4.433
2025-03-29 21:30:00,721.1614112999999,5.365
2025-03-29 22:00:00,720.8371467,4.664
2025-03-29 22:30:00,720.6699159,4.045
2025-03-29 23:00:00,720.6801129,3.519
2025-03-29 23:30:00,721.0553625,2.952
2025-03-30 00:00:00,721.0492442999999,2.206
2025-03-30 00:30:00,720.9289197,1.358
2025-03-30 01:00:00,720.8402057999999,0.467
2025-03-30 01:30:00,721.0298699999998,-0.097
2025-03-30 02:00:00,720.7290584999998,-0.805
2025-03-30 02:30:00,720.7759647,-1.74
2025-03-30 03:00:00,721.0155942,-1.965
2025-03-30 03:30:00,721.0512837,-2.163
2025-03-30 04:00:00,720.4700547,-2.153
2025-03-30 04:30:00,720.581202,-2.147
2025-03-30 05:00:00,720.2967056999998,-2.514
2025-03-30 05:30:00,720.3558482999999,-2.558
2025-03-30 06:00:00,720.3089421,-2.401
2025-03-30 06:30:00,720.142731,-2.543
2025-03-30 07:00:00,720.2895678,-2.538
2025-03-30 07:30:00,719.9683623,-2.678
2025-03-30 08:00:00,719.6889645,-3.005
2025-03-30 08:30:00,719.3422664999999,-3.074
2025-03-30 09:00:00,719.0496125999999,-3.376
2025-03-30 09:30:00,718.2216162,-3.522
2025-03-30 10:00:00,718.0135973999999,-3.79
2025-03-30 10:30:00,718.0900749,-3.56
2025-03-30 11:00:00,718.3888469999998,-3.633
2025-03-30 11:30:00,718.2899361,-4.401
2025-03-30 12:00:00,718.2277343999999,-4.806
2025-03-30 12:30:00,718.3766105999999,-4.615
2025-03-30 13:00:00,718.1125083,-4.381
2025-03-30 13:30:00,717.8198543999999,-4.489
2025-03-30 14:00:00,718.0462278,-4.24
2025-03-30 14:30:00,718.6182795,-3.812
2025-03-30 15:00:00,718.9007363999999,-2.796
2025-03-30 15:30:00,719.1668781,-1.72
2025-03-30 16:00:00,719.7368904,-1.24
2025-03-30 16:30:00,720.0723717,-0.56
2025-03-30 17:00:00,720.7280388,-0.802
2025-03-30 17:30:00,720.1162188,0.009
2025-03-30 18:00:00,720.6230097,0.051
2025-03-30 18:30:00,721.0492442999999,0.127
2025-03-30 19:00:00,721.3011101999999,1.725
2025-03-30 19:30:00,721.498932,0.782
2025-03-30 20:00:00,721.6885962,1.111
2025-03-30 20:30:00,721.6885962,1.765
2025-03-30 21:00:00,722.1525596999999,1.68
2025-03-30 21:30:00,722.1372642,1.09
2025-03-30 22:00:00,722.3932088999999,2.048
2025-03-30 22:30:00,722.4860016,2.503
2025-03-30 23:00:00,722.4380757,2.258
2025-03-30 23:30:00,722.1209489999999,1.746
2025-03-31 00:00:00,721.7987238,0.839
2025-03-31 00:30:00,721.8833589,-0.109
2025-03-31 01:00:00,721.7589554999998,-0.189
2025-03-31 01:30:00,721.7324432999999,-1.043
2025-03-31 02:00:00,721.1440763999999,-1.865
2025-03-31 02:30:00,721.1043080999999,-2.323
2025-03-31 03:00:00,720.8871119999999,-2.399
2025-03-31 03:30:00,721.0278305999999,-2.305
2025-03-31 04:00:00,721.2134159999999,-2.316
2025-03-31 04:30:00,721.2144357,-2.434
2025-03-31 05:00:00,721.1043080999999,-2.669
2025-03-31 05:30:00,720.7076447999999,-2.79
2025-03-31 06:00:00,720.9360575999999,-2.916
2025-03-31 06:30:00,720.8106345,-2.976
2025-03-31 07:00:00,720.5037047999999,-2.953
2025-03-31 07:30:00,720.4496606999999,-2.933
2025-03-31 08:00:00,720.2548979999999,-2.927
2025-03-31 08:30:00,719.9265545999999,-2.94
2025-03-31 09:00:00,719.2423359,-2.97
2025-03-31 09:30:00,719.4299606999999,-3.03
2025-03-31 10:00:00,719.2290797999999,-3.202
2025-03-31 10:30:00,718.7834708999999,-3.378
2025-03-31 11:00:00,718.5489398999999,-3.524
2025-03-31 11:30:00,718.6131809999999,-3.691
2025-03-31 12:00:00,718.3817091,-3.955
2025-03-31 12:30:00,718.4021030999999,-3.858
2025-03-31 13:00:00,718.6121612999999,-3.935
2025-03-31 13:30:00,718.7263677,-3.999
2025-03-31 14:00:00,719.1036567,-4.001
2025-03-31 14:30:00,719.0261594999998,-4.073
2025-03-31 15:00:00,718.8191604,-4.159
2025-03-31 15:30:00,718.5703536,-3.912
2025-03-31 16:00:00,718.5020337,-3.84
2025-03-31 16:30:00,718.4530881,-3.581
2025-03-31 17:00:00,718.7141313,-3.281
2025-03-31 17:30:00,718.6417326,-3.347
2025-03-31 18:00:00,718.6998554999999,-2.887
2025-03-31 18:30:00,718.8324164999999,-2.984
2025-03-31 19:00:00,718.7131115999999,-2.077
2025-03-31 19:30:00,718.5642353999999,-1.662
2025-03-31 20:00:00,718.1573750999999,-1.703
2025-03-31 20:30:00,718.3572363,-1.655
2025-03-31 21:00:00,718.1889858,-1.988
2025-03-31 21:30:00,717.5475945,-3.235
2025-03-31 22:00:00,717.7872239999999,-3.329
2025-03-31 22:30:00,717.0693552,-3.529
2025-03-31 23:00:00,716.7002237999999,-4.028
2025-03-31 23:30:00,716.8113711,-4.175
2025-04-01 00:00:00,716.6115099,-4.589
2025-04-01 00:30:00,716.5962143999999,-4.918
2025-04-01 01:00:00,716.5798992,-5.708
2025-04-01 01:30:00,716.6064114,-6.202
2025-04-01 02:00:00,716.257674,-6.788
2025-04-01 02:30:00,716.0680097999999,-6.766
2025-04-01 03:00:00,715.5183914999999,-6.606
2025-04-01 03:30:00,715.8803849999999,-6.478
2025-04-01 04:00:00,715.7600604,-6.812
2025-04-01 04:30:00,715.6540116,-6.948
2025-04-01 05:00:00,716.3086589999999,-6.843
2025-04-01 05:30:00,716.2668513,-7.433
2025-04-01 06:00:00,716.2321815,-7.883
2025-04-01 06:30:00,716.1852753,-7.884
2025-04-01 07:00:00,716.3321121,-8.078
2025-04-01 07:30:00,716.4340821,-7.905
2025-04-01 08:00:00,716.13531,-8.121
2025-04-01 08:30:00,716.4116486999999,-8.22
2025-04-01 09:00:00,716.6115099,-8.696
2025-04-01 09:30:00,716.5319733,-8.9
2025-04-01 10:00:00,716.5574657999999,-8.418
2025-04-01 10:30:00,716.4667125,-8.587
2025-04-01 11:00:00,716.2770482999999,-9.439
2025-04-01 11:30:00,715.8599909999999,-10.219
2025-04-01 12:00:00,715.7641391999999,-11.099
2025-04-01 12:30:00,715.6101644999999,-11.628
2025-04-01 13:00:00,715.5296081999999,-11.21
2025-04-01 13:30:00,715.8294,-10.106
2025-04-01 14:00:00,715.9589018999999,-9.444
2025-04-01 14:30:00,715.8875228999999,-9.077
2025-04-01 15:00:00,716.2026101999999,-8.569
2025-04-01 15:30:00,716.196492,-7.559
2025-04-01 16:00:00,716.2087283999999,-6.976
2025-04-01 16:30:00,716.4055304999999,-6.683
2025-04-01 17:00:00,716.685948,-6.142
2025-04-01 17:30:00,716.8021937999999,-5.476
2025-04-01 18:00:00,716.7705831,-4.139
2025-04-01 18:30:00,716.5778597999999,-3.668
2025-04-01 19:00:00,716.1679403999999,-3.223
2025-04-01 19:30:00,716.0343597,-4.205
2025-04-01 20:00:00,715.6723661999999,-4.376
2025-04-01 20:30:00,715.5744749999999,-5.166
2025-04-01 21:00:00,715.2033041999999,-4.704
2025-04-01 21:30:00,715.0707432,-4.294
2025-04-01 22:00:00,714.8260152,-4.211
2025-04-01 22:30:00,714.7974635999999,-5.031
2025-04-01 23:00:00,714.7515771,-5.87
2025-04-01 23:30:00,714.1958405999999,-6.353
2025-04-02 00:00:00,713.7808226999999,-6.322
2025-04-02 00:30:00,713.5075431,-6.681
2025-04-02 01:00:00,713.3607063,-6.837
2025-04-02 01:30:00,712.9793385,-7.035
2025-04-02 02:00:00,713.0741705999999,-7.418
2025-04-02 02:30:00,712.9477277999999,-7.734
2025-04-02 03:00:00,713.2883075999999,-7.869
2025-04-02 03:30:00,713.3790608999999,-8.226
2025-04-02 04:00:00,713.2689332999998,-8.534
2025-04-02 04:30:00,713.3760017999999,-8.506
2025-04-02 05:00:00,713.3556078,-8.439
2025-04-02 05:30:00,713.1486087,-8.409
2025-04-02 06:00:00,713.2179483,-8.378
2025-04-02 06:30:00,713.1027221999999,-9.001
2025-04-02 07:00:00,712.9946339999999,-10.878
2025-04-02 07:30:00,712.7845757999999,-12.664
2025-04-02 08:00:00,712.7519454,-12.65
2025-04-02 08:30:00,712.9212156,-11.962
2025-04-02 09:00:00,712.7835561,-12.201
2025-04-02 09:30:00,712.5918524999998,-13.279
2025-04-02 10:00:00,712.1605193999999,-14.572
2025-04-02 10:30:00,711.9453627,-15.426
2025-04-02 11:00:00,711.9463824,-15.722
2025-04-02 11:30:00,711.7373438999999,-15.901
2025-04-02 12:00:00,711.6353739,-16.262
2025-04-02 12:30:00,711.6873786,-16.478
2025-04-02 13:00:00,711.495675,-16.778
2025-04-02 13:30:00,711.5772509999999,-16.964
2025-04-02 14:00:00,711.6771815999999,-16.711
2025-04-02 14:30:00,711.8984564999998,-16.575
2025-04-02 15:00:00,712.0575296999999,-16.256
2025-04-02 15:30:00,712.1737754999999,-14.919
2025-04-02 16:00:00,712.8019106999999,-11.747
2025-04-02 16:30:00,713.0853872999999,-9.37
2025-04-02 17:00:00,713.4779717999999,-6.271
2025-04-02 17:30:00,713.8185515999999,-6.249
2025-04-02 18:00:00,714.0265704,-3.881
2025-04-02 18:30:00,714.0204521999999,-2.25
2025-04-02 19:00:00,714.1530131999999,-0.639
2025-04-02 19:30:00,714.3824457,-0.632
2025-04-02 20:00:00,714.1377176999999,-1.666
2025-04-02 20:30:00,714.1846239,-3.103
2025-04-02 21:00:00,714.3498152999999,-4.394
2025-04-02 21:30:00,714.2600816999999,-2.979
2025-04-02 22:00:00,714.3498152999999,-4.955
2025-04-02 22:30:00,714.5343809999998,-5.705
2025-04-02 23:00:00,714.3946820999998,-5.153
2025-04-02 23:30:00,714.5303021999999,-3.964
2025-04-03 00:00:00,714.4385291999998,-4.016
2025-04-03 00:30:00,714.4579034999999,-4.234
2025-04-03 01:00:00,714.4762581,-4.604
2025-04-03 01:30:00,714.4171154999999,-5.261
2025-04-03 02:00:00,714.3957017999999,-6.718
2025-04-03 02:30:00,714.3916229999999,-8.489
2025-04-03 03:00:00,714.5160264,-9.153
2025-04-03 03:30:00,714.6404297999999,-10.626
2025-04-03 04:00:00,714.7260846,-11.88
2025-04-03 04:30:00,714.8127591,-12.703
2025-04-03 05:00:00,714.7780893,-13.302
2025-04-03 05:30:00,714.7893059999999,-13.634
2025-04-03 06:00:00,714.7791089999998,-13.961
2025-04-03 06:30:00,714.8229560999999,-14.386
2025-04-03 07:00:00,714.9514383,-14.203
2025-04-03 07:30:00,715.136004,-14.411
2025-04-03 08:00:00,715.2624468,-14.532
2025-04-03 08:30:00,715.3348454999999,-15.068
2025-04-03 09:00:00,715.3144515,-15.532
2025-04-03 09:30:00,715.1553782999999,-15.829
2025-04-03 10:00:00,715.2053436,-15.697
2025-04-03 10:30:00,715.1390630999999,-15.909
2025-04-03 11:00:00,715.1594570999999,-15.973
2025-04-03 11:30:00,715.0381127999999,-16.28
2025-04-03 12:00:00,714.9606156,-16.713
2025-04-03 12:30:00,715.1217282,-16.725
2025-04-03 13:00:00,715.0585067999999,-17.225
2025-04-03 13:30:00,715.1196887999998,-17.399
2025-04-03 14:00:00,715.1400828,-17.323
2025-04-03 14:30:00,715.4154018,-17.447
2025-04-03 15:00:00,715.788612,-16.584
2025-04-03 15:30:00,716.2566542999999,-14.682
2025-04-03 16:00:00,716.7124602,-10.801
2025-04-03 16:30:00,717.0367247999999,-8.907
2025-04-03 17:00:00,717.6148946999999,-6.194
2025-04-03 17:30:00,717.7811058,-6.313
2025-04-03 18:00:00,718.1176068,-1.947
2025-04-03 18:30:00,718.4673638999999,0.282
2025-04-03 19:00:00,718.8793226999999,4.921
2025-04-03 19:30:00,718.9925093999999,4.871
2025-04-03 20:00:00,718.8324164999999,0.773
2025-04-03 20:30:00,718.7783723999999,-0.041
2025-04-03 21:00:00,718.8793226999999,0.894
2025-04-03 21:30:00,718.8538302,-0.136
2025-04-03 22:00:00,718.9241895,-0.342
2025-04-03 22:30:00,719.1271097999999,-1.206
2025-04-03 23:00:00,719.2290797999999,-4.064
2025-04-03 23:30:00,719.3422664999999,-3.666
2025-04-04 00:00:00,719.1301689,-3.673
2025-04-04 00:30:00,719.0557308,-3.865
2025-04-04 01:00:00,719.2484541,-4.68
2025-04-04 01:30:00,719.4044682,-5.462
2025-04-04 02:00:00,719.7246539999999,-5.944
2025-04-04 02:30:00,719.7695207999999,-6.544
2025-04-04 03:00:00,719.9173772999999,-7.61
2025-04-04 03:30:00,720.1417113,-7.805
2025-04-04 04:00:00,720.571005,-7.545
2025-04-04 04:30:00,720.8820134999999,-7.464
2025-04-04 05:00:00,721.1583522,-8.245
2025-04-04 05:30:00,721.2011795999999,-9.427
2025-04-04 06:00:00,721.5223851,-10.573
2025-04-04 06:30:00,721.5917247,-11.355
2025-04-04 07:00:00,721.8588861000001,-11.609
2025-04-04 07:30:00,721.9394424,-11.991
2025-04-04 08:00:00,721.8986543999998,-12.606
2025-04-04 08:30:00,721.9588166999999,-12.866
2025-04-04 09:00:00,722.0811807,-13.362
2025-04-04 09:30:00,722.0220380999999,-13.618
2025-04-04 10:00:00,722.1219686999999,-13.633
2025-04-04 10:30:00,722.3228495999999,-14.044
2025-04-04 11:00:00,722.3177510999999,-14.394
2025-04-04 11:30:00,722.5787943,-14.469
2025-04-04 12:00:00,722.7786555,-14.677
2025-04-04 12:30:00,722.8367784,-14.843
2025-04-04 13:00:00,722.9540439,-14.795
2025-04-04 13:30:00,722.8969407,-14.647
2025-04-04 14:00:00,723.334392,-14.368
2025-04-04 14:30:00,723.7596068999999,-13.711
2025-04-04 15:00:00,724.1695262999999,-12.68
2025-04-04 15:30:00,724.3296192,-10.204
2025-04-04 16:00:00,724.7160855,-7.653
2025-04-04 16:30:00,724.8945329999999,-6.078
2025-04-04 17:00:00,725.4502695,-4.005
2025-04-04 17:30:00,725.6338155,-3.951
2025-04-04 18:00:00,725.669505,-0.448
2025-04-04 18:30:00,725.8979178,2.782
2025-04-04 19:00:00,726.33231,6.382
2025-04-04 19:30:00,726.7106186999999,6.295
2025-04-04 20:00:00,726.6198654,2.162
2025-04-04 20:30:00,726.6881852999999,1.124
2025-04-04 21:00:00,726.8227856999999,1.669
2025-04-04 21:30:00,726.7616036999999,1.873
2025-04-04 22:00:00,726.9961347,1.863
2025-04-04 22:30:00,726.9930755999999,1.455
2025-04-04 23:00:00,726.8921252999999,1.138
2025-04-04 23:30:00,726.8176872,1.083
2025-04-05 00:00:00,726.9329132999999,0.337
2025-04-05 00:30:00,727.1735624999999,-0.921
2025-04-05 01:00:00,727.3581282,-1.609
2025-04-05 01:30:00,727.4376647999999,-2.677
2025-04-05 02:00:00,727.3356947999999,-3.493
2025-04-05 02:30:00,727.4743739999999,-4.142
2025-04-05 03:00:00,727.5090438,-4.942
2025-04-05 03:30:00,727.7017671,-6.016
2025-04-05 04:00:00,728.1871443,-5.448
2025-04-05 04:30:00,728.4369708,-5.529
2025-04-05 05:00:00,728.6480486999999,-6.062
2025-04-05 05:30:00,728.6898563999999,-6.974
2025-04-05 06:00:00,728.8295553,-6.945
2025-04-05 06:30:00,728.8846190999999,-6.795
2025-04-05 07:00:00,728.8672842,-7.354
2025-04-05 07:30:00,729.0283967999999,-7.045
2025-04-05 08:00:00,729.2272383,-7.067
2025-04-05 08:30:00,729.0436923,-7.255
2025-04-05 09:00:00,728.9294859,-7.96
2025-04-05 09:30:00,728.9284661999999,-8.228
2025-04-05 10:00:00,728.9172495,-9.058
2025-04-05 10:30:00,728.9794511999999,-9.738
2025-04-05 11:00:00,729.1456622999999,-9.906
2025-04-05 11:30:00,729.2639475,-10.14
2025-04-05 12:00:00,729.3954888,-10.37
2025-04-05 12:30:00,729.4719662999998,-10.171
2025-04-05 13:00:00,729.6188030999999,-10.4
2025-04-05 13:30:00,729.7952111999999,-10.852
2025-04-05 14:00:00,730.0725696,-11.045
2025-04-05 14:30:00,730.3111793999999,-10.849
2025-04-05 15:00:00,730.5161390999999,-10.246
2025-04-05 15:30:00,731.0076345,-8.038
2025-04-05 16:00:00,731.6010999,-5.649
2025-04-05 16:30:00,731.9151674999999,-3.389
2025-04-05 17:00:00,732.4831404,-0.094
2025-04-05 17:30:00,732.7604987999999,0.832
2025-04-05 18:00:00,732.8920400999999,4.515
2025-04-05 18:30:00,732.9460842,8.092
2025-04-05 19:00:00,732.7931292,11.369
2025-04-05 19:30:00,732.9634191,10.175
2025-04-05 20:00:00,733.0205223,7.335
2025-04-05 20:30:00,732.9063159,6.572
2025-04-05 21:00:00,732.8879612999999,7.088
2025-04-05 21:30:00,732.8145429,7.323
2025-04-05 22:00:00,732.7441835999999,6.944
2025-04-05 22:30:00,732.5616573,6.752
2025-04-05 23:00:00,732.5708346,6.532
2025-04-05 23:30:00,732.5555390999999,6.703
2025-04-06 00:00:00,732.5922482999999,5.088
2025-04-06 00:30:00,732.6493515,3.521
2025-04-06 01:00:00,732.7278684,2.437
2025-04-06 01:30:00,732.7105335,0.795
2025-04-06 02:00:00,732.7217502,-0.646
2025-04-06 02:30:00,732.6595484999999,-1.924
2025-04-06 03:00:00,732.6605682,-2.867
2025-04-06 03:30:00,732.8726657999999,-3.111
2025-04-06 04:00:00,732.8859218999999,-3.872
2025-04-06 04:30:00,732.8563505999999,-4.448
2025-04-06 05:00:00,733.0144041,-4.912
2025-04-06 05:30:00,732.9827933999999,-5.49
2025-04-06 06:00:00,732.8063853,-6.031
2025-04-06 06:30:00,732.7268487,-6.313
2025-04-06 07:00:00,732.7543806,-6.477
2025-04-06 07:30:00,732.6738243,-6.479
2025-04-06 08:00:00,732.5810316,-6.515
2025-04-06 08:30:00,732.5290269,-6.736
2025-04-06 09:00:00,732.3118307999999,-6.904
2025-04-06 09:30:00,732.134403,-6.926
2025-04-06 10:00:00,731.9630933999999,-7.153
2025-04-06 10:30:00,731.797902,-7.496
2025-04-06 11:00:00,731.6092575,-7.725
2025-04-06 11:30:00,731.4420266999999,-7.825
2025-04-06 12:00:00,731.4685388999999,-7.793
2025-04-06 12:30:00,731.5562331,-7.875
2025-04-06 13:00:00,731.6153756999998,-8.023
2025-04-06 13:30:00,731.7958626,-8.086
2025-04-06 14:00:00,731.9559554999998,-8.011
2025-04-06 14:30:00,731.9651327999999,-7.804
2025-04-06 15:00:00,731.8458279,-7.32
2025-04-06 15:30:00,732.0477284999998,-5.602
2025-04-06 16:00:00,732.2455502999999,-3.108
2025-04-06 16:30:00,732.4107416999999,-0.362
2025-04-06 17:00:00,732.8318778,3.459
2025-04-06 17:30:00,733.0990392,4.764
2025-04-06 18:00:00,733.0541724,7.919
2025-04-06 18:30:00,732.6585287999999,13.031
2025-04-06 19:00:00,732.7156319999999,16.497
2025-04-06 19:30:00,732.8900006999999,14.118
2025-04-06 20:00:00,732.817602,10.281
2025-04-06 20:30:00,732.7655973,9.236
2025-04-06 21:00:00,732.7319472,9.122
2025-04-06 21:30:00,732.7574397,8.502
2025-04-06 22:00:00,732.6350757,8.139
2025-04-06 22:30:00,732.3872886,6.971
2025-04-06 23:00:00,732.1262453999999,6.692
2025-04-06 23:30:00,732.0599649,6.313
2025-04-07 00:00:00,731.7917838,5.454
2025-04-07 00:30:00,731.7489564,4.668
2025-04-07 01:00:00,731.9396403,3.751
2025-04-07 01:30:00,731.7948428999999,2.836
2025-04-07 02:00:00,731.6826758999999,1.732
2025-04-07 02:30:00,731.6051787,0.572
2025-04-07 03:00:00,731.6000802,-0.262
2025-04-07 03:30:00,731.73672,-0.975
2025-04-07 04:00:00,731.8019808,-1.569
2025-04-07 04:30:00,731.6724788999999,-2.218
2025-04-07 05:00:00,731.4420266999999,-2.629
2025-04-07 05:30:00,731.3206823999999,-2.872
2025-04-07 06:00:00,731.2299290999999,-3.101
2025-04-07 06:30:00,731.0208906,-3.414
2025-04-07 07:00:00,730.8179703,-3.735
2025-04-07 07:30:00,730.5151193999999,-3.841
2025-04-07 08:00:00,730.2795686999999,-3.836
2025-04-07 08:30:00,729.9410283,-3.853
2025-04-07 09:00:00,729.6188030999999,-3.698
2025-04-07 09:30:00,729.4536117,-3.369
2025-04-07 10:00:00,729.6147242999999,-3.248
2025-04-07 10:30:00,729.2374352999999,-3.492
2025-04-07 11:00:00,729.0090225,-3.534
2025-04-07 11:30:00,728.8693236,-3.187
2025-04-07 12:00:00,729.218061,-2.929
2025-04-07 12:30:00,729.1303667999999,-2.88
2025-04-07 13:00:00,729.1619774999999,-2.318
2025-04-07 13:30:00,729.1731941999999,-2.232
2025-04-07 14:00:00,729.3261491999999,-3.052
2025-04-07 14:30:00,729.2129625,-3.495
2025-04-07 15:00:00,729.0059633999999,-3.337
2025-04-07 15:30:00,729.1007954999999,-0.248
2025-04-07 16:00:00,729.0375740999999,1.056
2025-04-07 16:30:00,729.0661256999999,2.652
2025-04-07 17:00:00,729.2415140999999,4.167
2025-04-07 17:30:00,729.4352571,4.894
2025-04-07 18:00:00,729.5678181000001,7.457
2025-04-07 18:30:00,729.2058245999999,11.284
2025-04-07 19:00:00,729.2027654999999,14.297
2025-04-07 19:30:00,729.3363462,11.097
2025-04-07 20:00:00,729.4352571,8.476
2025-04-07 20:30:00,729.2853611999999,7.883
2025-04-07 21:00:00,729.1986866999999,8.158
2025-04-07 21:30:00,729.0232982999999,8.019
2025-04-07 22:00:00,728.7826490999998,7.504
2025-04-07 22:30:00,728.6235759,6.891
2025-04-07 23:00:00,728.4716406,6.677
2025-04-07 23:30:00,728.5052906999999,6.578
2025-04-08 00:00:00,728.4390101999999,4.907
2025-04-08 00:30:00,728.4573647999999,3.974
2025-04-08 01:00:00,728.4186162,3.024
2025-04-08 01:30:00,728.3400993,2.399
2025-04-08 02:00:00,728.2727990999999,1.945
2025-04-08 02:30:00,728.0341893,1.37
2025-04-08 03:00:00,728.0780364,1.034
2025-04-08 03:30:00,728.0209332,0.169
2025-04-08 04:00:00,728.1514547999999,-0.354
2025-04-08 04:30:00,728.4961133999999,-0.508
2025-04-08 05:00:00,728.4583845,-1.158
2025-04-08 05:30:00,728.4797982,-1.449
2025-04-08 06:00:00,728.6867972999999,-1.557
2025-04-08 06:30:00,728.5725909,-1.666
2025-04-08 07:00:00,728.7306443999998,-1.04
2025-04-08 07:30:00,728.7867278999998,-0.172
2025-04-08 08:00:00,728.9356040999999,0.428
2025-04-08 08:30:00,728.7010730999999,0.557
2025-04-08 09:00:00,728.6735411999999,0.271
2025-04-08 09:30:00,728.5052906999999,0.724
2025-04-08 10:00:00,728.4899951999998,0.576
2025-04-08 10:30:00,728.3655918,0.745
2025-04-08 11:00:00,728.2829961,0.155
2025-04-08 11:30:00,728.1840852,-0.587
2025-04-08 12:00:00,728.1331002,-1.796
2025-04-08 12:30:00,728.0678393999999,-2.559
2025-04-08 13:00:00,728.1514547999999,-2.692
2025-04-08 13:30:00,728.3207249999999,-3.1
2025-04-08 14:00:00,728.4614435999999,-3.175
2025-04-08 14:30:00,728.7612353999999,-2.682
2025-04-08 15:00:00,729.1415834999999,-1.772
2025-04-08 15:30:00,729.3771341999999,-0.585
2025-04-08 16:00:00,729.6820244999999,2.4
2025-04-08 16:30:00,729.9716192999999,3.82
2025-04-08 17:00:00,730.1918745,4.724
2025-04-08 17:30:00,730.5936363,5.457
2025-04-08 18:00:00,730.6109712,7.209
2025-04-08 18:30:00,730.3427900999999,12.62
2025-04-08 19:00:00,730.6140303,16.65
2025-04-08 19:30:00,730.8679356,12.792
2025-04-08 20:00:00,730.9403342999999,10.34
2025-04-08 20:30:00,730.8047141999999,9.224
2025-04-08 21:00:00,730.8057339,9.513
2025-04-08 21:30:00,730.7414928,9.454
2025-04-08 22:00:00,730.6731728999999,9.018
2025-04-08 22:30:00,730.6813304999998,8.614
2025-04-08 23:00:00,730.6140303,8.516
2025-04-08 23:30:00,730.5161390999999,8.373
2025-04-09 00:00:00,730.5946559999999,7.172
2025-04-09 00:30:00,730.5559073999999,5.761
2025-04-09 01:00:00,730.4376221999999,4.167
2025-04-09 01:30:00,730.4478191999999,2.805
2025-04-09 02:00:00,730.3825584,1.822
2025-04-09 02:30:00,730.4753511,1.175
2025-04-09 03:00:00,730.6344242999999,0.463
2025-04-09 03:30:00,730.8108324,-0.223
2025-04-09 04:00:00,730.8200097,-0.844
2025-04-09 04:30:00,730.9413539999999,-1.461
2025-04-09 05:00:00,731.0392451999999,-1.662
2025-04-09 05:30:00,730.9821420000001,-1.707
2025-04-09 06:00:00,731.0372057999999,-2.055
2025-04-09 06:30:00,730.9892798999999,-2.594
2025-04-09 07:00:00,731.0351663999999,-2.998
2025-04-09 07:30:00,731.0657573999999,-3.331
2025-04-09 08:00:00,731.1024666,-3.591
2025-04-09 08:30:00,731.1096044999999,-3.783
2025-04-09 09:00:00,730.8465219,-3.932
2025-04-09 09:30:00,730.8036944999999,-4.048
2025-04-09 10:00:00,730.7690246999999,-4.215
2025-04-09 10:30:00,730.7720838,-4.326
2025-04-09 11:00:00,730.8240885,-4.507
2025-04-09 11:30:00,730.9382949,-4.662
2025-04-09 12:00:00,730.8730340999998,-4.88
2025-04-09 12:30:00,731.0351663999999,-4.971
2025-04-09 13:00:00,731.0779938000001,-5.075
2025-04-09 13:30:00,731.2197320999999,-5.168
2025-04-09 14:00:00,731.4481449,-5.209
2025-04-09 14:30:00,731.6836956,-5.086
2025-04-09 15:00:00,731.8601036999999,-4.793
2025-04-09 15:30:00,732.2037425999999,-3.316
2025-04-09 16:00:00,732.5983664999999,0.5
2025-04-09 16:30:00,732.9154932,2.583
2025-04-09 17:00:00,733.2621912,4.86
2025-04-09 17:30:00,733.6058300999998,6.657
2025-04-09 18:00:00,733.7118788999999,9.308
2025-04-09 18:30:00,733.4640918,15.32
2025-04-09 19:00:00,733.5742194,18.967
2025-04-09 19:30:00,733.7659229999999,14.45
2025-04-09 20:00:00,733.8495384,12.461
2025-04-09 20:30:00,733.888287,11.699
2025-04-09 21:00:00,733.9555871999999,11.978
2025-04-09 21:30:00,733.9504886999998,11.883
2025-04-09 22:00:00,733.9331537999999,11.408
2025-04-09 22:30:00,733.9402917,11.128
2025-04-09 23:00:00,733.8944051999999,10.599
2025-04-09 23:30:00,733.8158882999999,9.906
2025-04-10 00:00:00,733.8495384,9.143
2025-04-10 00:30:00,733.8393414,6.705
2025-04-10 01:00:00,733.8056913,4.829
2025-04-10 01:30:00,733.7842776,3.441
2025-04-10 02:00:00,733.9841388,2.422
2025-04-10 02:30:00,734.0942664,1.609
2025-04-10 03:00:00,734.1595272,1.008
2025-04-10 03:30:00,734.1268967999999,0.502
2025-04-10 04:00:00,734.4226097999999,0.175
2025-04-10 04:30:00,734.4735948,-0.277
2025-04-10 05:00:00,734.6041164,-0.448
2025-04-10 05:30:00,734.4776736,-0.772
2025-04-10 06:00:00,734.3909991,-1.194
2025-04-10 06:30:00,734.3298171,-1.315
2025-04-10 07:00:00,734.3338959,-1.364
2025-04-10 07:30:00,734.4633977999999,-1.385
2025-04-10 08:00:00,734.4878705999998,-1.854
2025-04-10 08:30:00,734.3706050999999,-2.313
2025-04-10 09:00:00,734.4113930999999,-2.635
2025-04-10 09:30:00,734.2462017,-3.111
2025-04-10 10:00:00,734.1248574,-3.333
2025-04-10 10:30:00,734.0463405,-3.469
2025-04-10 11:00:00,734.0371632,-3.633
2025-04-10 11:30:00,733.8403611,-3.793
2025-04-10 12:00:00,733.9820993999999,-3.782
2025-04-10 12:30:00,733.8852278999999,-3.95
2025-04-10 13:00:00,733.8332231999999,-4.076
2025-04-10 13:30:00,733.9382522999999,-4.108
2025-04-10 14:00:00,734.0504193,-4.045
2025-04-10 14:30:00,734.2839306,-3.838
2025-04-10 15:00:00,734.5490525999999,-3.57
2025-04-10 15:30:00,734.7509531999999,-2.166
2025-04-10 16:00:00,735.0741980999999,2.144
2025-04-10 16:30:00,735.1914635999999,4.098
2025-04-10 17:00:00,735.4005020999999,6.255
2025-04-10 17:30:00,735.6870378,7.627
2025-04-10 18:00:00,735.6992742,9.822
2025-04-10 18:30:00,735.4892159999999,16.302
2025-04-10 19:00:00,735.6105602999999,20.159
2025-04-10 19:30:00,735.8726231999999,15.587
2025-04-10 20:00:00,735.8175593999999,13.53
2025-04-10 20:30:00,735.8858792999999,12.273
2025-04-10 21:00:00,735.9960069,12.551
2025-04-10 21:30:00,736.0102827,12.446
2025-04-10 22:00:00,735.8685443999999,12.004
2025-04-10 22:30:00,735.7798304999999,11.449
2025-04-10 23:00:00,735.6809195999999,11.139
2025-04-10 23:30:00,735.6431907,10.872
2025-04-11 00:00:00,735.5065509,9.303
2025-04-11 00:30:00,735.3005714999999,6.651
2025-04-11 01:00:00,735.1986015,6.126
2025-04-11 01:30:00,735.0170949,4.545
2025-04-11 02:00:00,734.7152636999999,3.468
2025-04-11 02:30:00,734.4684963,2.692
2025-04-11 03:00:00,734.2880094,2.323
2025-04-11 03:30:00,734.3960975999998,1.83
2025-04-11 04:00:00,734.775426,1.311
2025-04-11 04:30:00,735.0119963999999,0.599
2025-04-11 05:00:00,734.8977899999999,0.013
2025-04-11 05:30:00,734.7499334999999,-0.309
2025-04-11 06:00:00,734.2513002,-0.727
2025-04-11 06:30:00,734.3430732,-1.178
2025-04-11 07:00:00,734.2767927,-1.664
2025-04-11 07:30:00,734.1789014999999,-1.893
2025-04-11 08:00:00,733.8260852999999,-1.866
2025-04-11 08:30:00,733.7761199999999,-1.887
2025-04-11 09:00:00,733.5191555999999,-2.038
2025-04-11 09:30:00,733.3458066,-2.209
2025-04-11 10:00:00,733.1357483999999,-2.267
2025-04-11 10:30:00,732.8298383999999,-2.162
2025-04-11 11:00:00,732.6656667,-1.927
2025-04-11 11:30:00,732.7472426999999,-2.024
2025-04-11 12:00:00,732.3770916,-2.549
2025-04-11 12:30:00,732.3108110999999,-2.783
2025-04-11 13:00:00,732.1976243999999,-3.122
2025-04-11 13:30:00,732.3903477,-3.441
2025-04-11 14:00:00,732.5137314,-3.758
2025-04-11 14:30:00,732.4851798,-3.694
2025-04-11 15:00:00,732.6840213,-2.869
2025-04-11 15:30:00,732.6901394999999,-1.511
2025-04-11 16:00:00,732.5983664999999,1.775
2025-04-11 16:30:00,732.5687952,4.128
2025-04-11 17:00:00,732.5280071999999,6.635
2025-04-11 17:30:00,732.3240672,8.42
2025-04-11 18:00:00,732.5045541,10.302
2025-04-11 18:30:00,731.9416797,12.574
2025-04-11 19:00:00,732.2017031999999,17.749
2025-04-11 19:30:00,732.2078214,13.131
2025-04-11 20:00:00,732.55248,12.264
2025-04-11 20:30:00,731.8855962,9.918
2025-04-11 21:00:00,732.0171374999999,10.245
2025-04-11 21:30:00,731.6163953999999,10.444
2025-04-11 22:00:00,731.4440661,9.916
2025-04-11 22:30:00,731.1045059999999,10.174
2025-04-11 23:00:00,730.7639261999999,8.831
2025-04-11 23:30:00,730.533474,8.478
2025-04-12 00:00:00,730.4692329,7.578
2025-04-12 00:30:00,730.3917357,7.939
2025-04-12 01:00:00,730.0144466999999,6.682
2025-04-12 01:30:00,730.0368801,5.539
2025-04-12 02:00:00,729.8135657999999,4.239
2025-04-12 02:30:00,729.3271689,2.814
2025-04-12 03:00:00,729.2201003999999,1.936
2025-04-12 03:30:00,729.2088837,1.579
2025-04-12 04:00:00,729.0518499,1.359
2025-04-12 04:30:00,729.0375740999999,1.514
2025-04-12 05:00:00,729.2843414999999,1.727
2025-04-12 05:30:00,729.1578986999999,2.326
2025-04-12 06:00:00,729.0355346999999,1.369
2025-04-12 06:30:00,728.8050824999999,0.273
2025-04-12 07:00:00,728.6847579,-0.701
2025-04-12 07:30:00,728.4696011999999,-1.152
2025-04-12 08:00:00,728.2269126,-1.601
2025-04-12 08:30:00,727.9556723999999,-1.871
2025-04-12 09:00:00,727.7119641,-1.57
2025-04-12 09:30:00,727.4386844999999,-1.644
2025-04-12 10:00:00,727.0338635999999,-1.654
2025-04-12 10:30:00,726.7932143999999,-1.966
2025-04-12 11:00:00,726.7126581,-1.962
2025-04-12 11:30:00,726.6657518999999,-2.041
2025-04-12 12:00:00,726.5790774,-2.452
2025-04-12 12:30:00,726.4587528,-2.797
2025-04-12 13:00:00,726.5780576999999,-3.133
2025-04-12 13:30:00,726.4352997,-3.413
2025-04-12 14:00:00,726.3985905,-3.497
2025-04-12 14:30:00,726.53625,-3.332
2025-04-12 15:00:00,726.6637125,-1.999
2025-04-12 15:30:00,726.7412096999999,0.486
2025-04-12 16:00:00,726.9492284999999,3.036
2025-04-12 16:30:00,726.9920559,3.718
2025-04-12 17:00:00,726.9838982999999,4.267
2025-04-12 17:30:00,727.2225081,5.413
2025-04-12 18:00:00,727.2683945999999,7.694
2025-04-12 18:30:00,727.1409320999999,12.495
2025-04-12 19:00:00,726.9991938,16.109
2025-04-12 19:30:00,727.2500399999999,11.221
2025-04-12 20:00:00,727.1592866999999,10.042
2025-04-12 20:30:00,727.0930061999999,9.465
2025-04-12 21:00:00,727.1215578,9.514
2025-04-12 21:30:00,727.0002135,9.165
2025-04-12 22:00:00,726.8023916999999,9.228
2025-04-12 22:30:00,726.6188457,9.167
2025-04-12 23:00:00,726.4516148999999,8.865
2025-04-12 23:30:00,726.4281618,8.503
2025-04-13 00:00:00,726.2548127999999,6.898
2025-04-13 00:30:00,726.0814637999999,5.757
2025-04-13 01:00:00,725.8397949,4.656
2025-04-13 01:30:00,725.6878595999999,3.341
2025-04-13 02:00:00,725.5359242999999,2.022
2025-04-13 02:30:00,725.3319842999999,0.916
2025-04-13 03:00:00,725.5308257999999,0.049
2025-04-13 03:30:00,725.7388446,-0.515
2025-04-13 04:00:00,725.8958784,-0.255
2025-04-13 04:30:00,725.8397949,-0.774
2025-04-13 05:00:00,725.8642676999999,-1.528
2025-04-13 05:30:00,725.8550903999999,-2.109
2025-04-13 06:00:00,725.7062141999999,-2.424
2025-04-13 06:30:00,725.6205593999999,-2.639
2025-04-13 07:00:00,725.5247075999999,-2.812
2025-04-13 07:30:00,725.6175002999998,-3.062
2025-04-13 08:00:00,725.6287169999999,-3.172
2025-04-13 08:30:00,725.4737225999999,-3.24
2025-04-13 09:00:00,725.3350433999999,-3.112
2025-04-13 09:30:00,725.2320536999999,-3.289
2025-04-13 10:00:00,725.1810686999999,-3.424
2025-04-13 10:30:00,725.3044524,-2.932
2025-04-13 11:00:00,725.2096203,-2.548
2025-04-13 11:30:00,725.2534674,-2.175
2025-04-13 12:00:00,725.0709411,-2.227
2025-04-13 12:30:00,725.1851475,-2.389
2025-04-13 13:00:00,725.3207675999998,-2.703
2025-04-13 13:30:00,725.5206287999999,-2.885
2025-04-13 14:00:00,725.7102929999999,-2.959
2025-04-13 14:30:00,725.9050557,-2.971
2025-04-13 15:00:00,726.0335378999999,-2.62
2025-04-13 15:30:00,726.4087874999999,-1.506
2025-04-13 16:00:00,726.6637125,0.482
2025-04-13 16:30:00,726.8717313,1.557
2025-04-13 17:00:00,727.0348832999999,2.099
2025-04-13 17:30:00,727.301025,3.381
2025-04-13 18:00:00,727.5447333,5.462
2025-04-13 18:30:00,727.7456142,9.353
2025-04-13 19:00:00,727.7048261999998,13.953
2025-04-13 19:30:00,727.7027868,9.908
2025-04-13 20:00:00,727.7343975,8.118
2025-04-13 20:30:00,727.7792642999999,7.881
2025-04-13 21:00:00,727.8853131,8.214
2025-04-13 21:30:00,727.8955101,8.279
2025-04-13 22:00:00,727.9301799,8.068
2025-04-13 22:30:00,727.8231113999999,7.83
2025-04-13 23:00:00,727.6711760999999,7.99
2025-04-13 23:30:00,727.6823927999999,7.555
2025-04-14 00:00:00,727.7242004999999,6.6
2025-04-14 00:30:00,727.7609096999998,5.593
2025-04-14 01:00:00,727.8618599999999,4.778
2025-04-14 01:30:00,727.9648497,3.467
2025-04-14 02:00:00,728.004618,2.305
2025-04-14 02:30:00,728.1871443,1.167
2025-04-14 03:00:00,728.3462174999999,0.127
2025-04-14 03:30:00,728.5103892,-0.621
2025-04-14 04:00:00,728.7112701,-1.079
2025-04-14 04:30:00,728.8825796999998,-1.052
2025-04-14 05:00:00,729.0396135,-0.598
2025-04-14 05:30:00,728.7785702999998,-1.377
2025-04-14 06:00:00,728.5389407999999,-2.019
2025-04-14 06:30:00,728.5022316,-2.361
2025-04-14 07:00:00,728.4655223999999,-2.499
2025-04-14 07:30:00,728.3584539,-2.801
2025-04-14 08:00:00,728.2727990999999,-2.754
2025-04-14 08:30:00,728.2269126,-2.988
2025-04-14 09:00:00,728.0698788,-3.108
2025-04-14 09:30:00,728.0596817999999,-3.143
2025-04-14 10:00:00,728.0658,-3.119
2025-04-14 10:30:00,728.0097164999999,-3.142
2025-04-14 11:00:00,728.0392878,-3.062
2025-04-14 11:30:00,727.9648497,-3.376
2025-04-14 12:00:00,727.7700869999999,-3.84
2025-04-14 12:30:00,727.7578505999999,-3.948
2025-04-14 13:00:00,727.8445250999999,-4.077
2025-04-14 13:30:00,727.9872831,-4.134
2025-04-14 14:00:00,728.0199134999999,-4.191
2025-04-14 14:30:00,728.1585926999999,-4.099
2025-04-14 15:00:00,728.2136565,-3.84
2025-04-14 15:30:00,728.3635523999999,-2.295
2025-04-14 16:00:00,728.8479098999999,1.449
2025-04-14 16:30:00,729.1599381,3.079
2025-04-14 17:00:00,729.3047355,3.684
2025-04-14 17:30:00,729.4994982,5.132
2025-04-14 18:00:00,729.6952805999999,7.336
2025-04-14 18:30:00,729.850275,10.68
2025-04-14 19:00:00,729.6738668999999,16.483
2025-04-14 19:30:00,729.8390582999999,12.353
2025-04-14 20:00:00,729.6004485,10.253
2025-04-14 20:30:00,729.5127542999999,9.479
2025-04-14 21:00:00,729.6320592,9.776
2025-04-14 21:30:00,729.5117345999998,10.238
2025-04-14 22:00:00,729.3750947999999,9.996
2025-04-14 22:30:00,729.1956276,9.671
2025-04-14 23:00:00,729.0681651,9.486
2025-04-14 23:30:00,728.9743526999998,7.943
2025-04-15 00:00:00,728.8897175999999,7.816
2025-04-15 00:30:00,728.9213283,6.451
2025-04-15 01:00:00,728.8978751999999,5.889
2025-04-15 01:30:00,728.8897175999999,4.426
2025-04-15 02:00:00,728.8417916999999,3.354
2025-04-15 02:30:00,728.8907373,2.665
2025-04-15 03:00:00,729.0202392,1.848
2025-04-15 03:30:00,729.1691154,1.102
2025-04-15 04:00:00,729.5321286,0.662
2025-04-15 04:30:00,729.7054776,0.373
2025-04-15 05:00:00,729.7105761,0.366
2025-04-15 05:30:00,729.6473546999999,0.274
2025-04-15 06:00:00,729.3873312,-0.113
2025-04-15 06:30:00,729.309834,-0.714
2025-04-15 07:00:00,729.207864,-0.994
2025-04-15 07:30:00,729.0905984999999,-1.322
2025-04-15 08:00:00,728.9060327999999,-1.661
2025-04-15 08:30:00,728.6582457,-1.886
2025-04-15 09:00:00,728.3666115,-1.706
2025-04-15 09:30:00,728.2554641999999,-1.945
2025-04-15 10:00:00,728.0005392,-2.342
2025-04-15 10:30:00,727.9485344999998,-2.577
2025-04-15 11:00:00,727.8710372999999,-2.661
2025-04-15 11:30:00,727.9006085999998,-2.619
2025-04-15 12:00:00,727.8934707,-2.615
2025-04-15 12:30:00,727.7476535999999,-2.571
2025-04-15 13:00:00,727.7833430999999,-2.494
2025-04-15 13:30:00,727.8506433,-2.504
2025-04-15 14:00:00,728.0066573999999,-2.316
2025-04-15 14:30:00,728.0759969999999,-1.756
2025-04-15 15:00:00,728.4186162,-0.918
2025-04-15 15:30:00,728.6602850999999,0.769
2025-04-15 16:00:00,728.7367625999999,3.048
2025-04-15 16:30:00,728.8632054,4.315
2025-04-15 17:00:00,728.9865891,5.352
2025-04-15 17:30:00,729.1691154,6.304
2025-04-15 18:00:00,728.9876087999999,8.693
2025-04-15 18:30:00,729.0131013,11.277
2025-04-15 19:00:00,728.7785702999998,10.626
2025-04-15 19:30:00,728.3574342,10.82
2025-04-15 20:00:00,728.2381293,9.755
2025-04-15 20:30:00,728.6133788999999,9.022
2025-04-15 21:00:00,728.6847579,6.952
2025-04-15 21:30:00,728.4033206999999,6.967
2025-04-15 22:00:00,728.096391,6.749
2025-04-15 22:30:00,728.0005392,6.965
2025-04-15 23:00:00,727.5284181,6.386
2025-04-15 23:30:00,727.5977577,6.621
2025-04-16 00:00:00,728.0301105,4.639
2025-04-16 00:30:00,727.5743045999999,4.426
2025-04-16 01:00:00,727.2510596999999,4.244
2025-04-16 01:30:00,726.9910361999999,3.557
2025-04-16 02:00:00,726.6392396999998,2.728
2025-04-16 02:30:00,726.6025305,2.128
2025-04-16 03:00:00,726.7442687999999,1.741
2025-04-16 03:30:00,726.6422987999999,1.322
2025-04-16 04:00:00,726.7320323999999,1.08
2025-04-16 04:30:00,726.7901552999999,0.809
2025-04-16 05:00:00,726.7055201999999,0.534
2025-04-16 05:30:00,726.5902941,0.461
2025-04-16 06:00:00,726.4495754999999,0.346
2025-04-16 06:30:00,726.2935614,0.178
2025-04-16 07:00:00,726.2905022999998,0.03
2025-04-16 07:30:00,726.1477442999999,-0.03
2025-04-16 08:00:00,726.0488334,-0.254
2025-04-16 08:30:00,725.7673961999999,-0.545
2025-04-16 09:00:00,725.4033633,-0.638
2025-04-16 09:30:00,725.1871868999999,-0.828
2025-04-16 10:00:00,724.9383800999999,-1.239
2025-04-16 10:30:00,724.8313116,-1.75
2025-04-16 11:00:00,724.6212534,-2.193
2025-04-16 11:30:00,724.4285301,-2.424
2025-04-16 12:00:00,724.3561313999999,-2.628
2025-04-16 12:30:00,724.3591905,-2.805
2025-04-16 13:00:00,724.3020872999999,-2.883
2025-04-16 13:30:00,724.3357374,-2.846
2025-04-16 14:00:00,724.3561313999999,-2.48
2025-04-16 14:30:00,724.3958996999999,-1.685
2025-04-16 15:00:00,724.6243125,-0.566
2025-04-16 15:30:00,724.6977308999999,1.103
2025-04-16 16:00:00,724.7007899999999,3.625
2025-04-16 16:30:00,724.8496661999999,5.323
2025-04-16 17:00:00,724.7956221,5.724
2025-04-16 17:30:00,724.8017402999999,6.478
2025-04-16 18:00:00,724.8282524999998,8.835
2025-04-16 18:30:00,724.6436868,7.749
2025-04-16 19:00:00,724.5988199999999,11.437
2025-04-16 19:30:00,724.3653086999999,7.758
2025-04-16 20:00:00,724.0563395999999,7.506
2025-04-16 20:30:00,723.8411828999999,9.535
2025-04-16 21:00:00,724.0604183999999,9.253
2025-04-16 21:30:00,724.0441032,7.01
2025-04-16 22:00:00,723.7667447999999,6.287
2025-04-16 22:30:00,723.6494792999999,6.286
2025-04-16 23:00:00,723.4108695,6.462
2025-04-16 23:30:00,723.3160374,6.287
2025-04-17 00:00:00,723.1161761999998,6.208
2025-04-17 00:30:00,722.8673693999999,5.944
2025-04-17 01:00:00,722.8928619,5.494
2025-04-17 01:30:00,722.8857239999999,4.78
2025-04-17 02:00:00,722.8010889,3.49
2025-04-17 02:30:00,722.86533,2.172
2025-04-17 03:00:00,722.6756657999999,1.123
2025-04-17 03:30:00,722.6440551,0.379
2025-04-17 04:00:00,722.712375,-0.307
2025-04-17 04:30:00,722.7490842,-0.865
2025-04-17 05:00:00,722.6134641,-1.314
2025-04-17 05:30:00,722.3687361,-1.629
2025-04-17 06:00:00,722.2851207,-1.86
2025-04-17 06:30:00,722.2168008,-2.111
2025-04-17 07:00:00,722.2249584,-2.304
2025-04-17 07:30:00,721.9924668,-2.583
2025-04-17 08:00:00,721.84563,-2.804
2025-04-17 08:30:00,721.6243550999999,-2.92
2025-04-17 09:00:00,721.2980511,-3.057
2025-04-17 09:30:00,721.2327902999999,-3.241
2025-04-17 10:00:00,721.2113766,-3.398
2025-04-17 10:30:00,721.0645397999999,-3.53
2025-04-17 11:00:00,720.9380969999999,-3.675
2025-04-17 11:30:00,720.6556400999999,-3.846
2025-04-17 12:00:00,720.6923492999999,-3.858
2025-04-17 12:30:00,720.8391860999999,-3.941
2025-04-17 13:00:00,720.7780041,-4.203
2025-04-17 13:30:00,720.7606691999999,-4.252
2025-04-17 14:00:00,720.8096148,-4.151
2025-04-17 14:30:00,721.0370078999999,-3.946
2025-04-17 15:00:00,721.1797658999999,-3.619
2025-04-17 15:30:00,721.2817359,-2.182
2025-04-17 16:00:00,721.3959423,1.022
2025-04-17 16:30:00,721.5876459,2.636
2025-04-17 17:00:00,721.7875071,3.434
2025-04-17 17:30:00,721.8935559,4.621
2025-04-17 18:00:00,722.0760822,6.815
2025-04-17 18:30:00,722.0383532999999,8.682
2025-04-17 19:00:00,721.7467191,14.155
2025-04-17 19:30:00,721.9221074999999,10.634
2025-04-17 20:00:00,721.8802998,7.761
2025-04-17 20:30:00,721.8231966,7.871
2025-04-17 21:00:00,721.9078316999999,8.463
2025-04-17 21:30:00,721.8588861000001,8.296
2025-04-17 22:00:00,721.7834283,7.907
2025-04-17 22:30:00,721.7191872,8.455
2025-04-17 23:00:00,721.6335323999999,7.563
2025-04-17 23:30:00,721.6202762999999,5.995
2025-04-18 00:00:00,721.7762903999999,4.695
2025-04-18 00:30:00,721.8252359999999,3.695
2025-04-18 01:00:00,721.8231966,2.856
2025-04-18 01:30:00,721.8344132999999,2.141
2025-04-18 02:00:00,721.74366,1.697
2025-04-18 02:30:00,721.7609948999999,1.399
2025-04-18 03:00:00,721.8517482,0.887
2025-04-18 03:30:00,722.039373,0.713
2025-04-18 04:00:00,722.2310765999999,0.582
2025-04-18 04:30:00,722.4187013999999,0.369
2025-04-18 05:00:00,722.4656076,-0.05
2025-04-18 05:30:00,722.4054452999999,-0.171
2025-04-18 06:00:00,722.3279481,-0.497
2025-04-18 06:30:00,722.1342050999999,-1.302
2025-04-18 07:00:00,722.2484114999999,-1.675
2025-04-18 07:30:00,722.1097322999999,-2.149
2025-04-18 08:00:00,721.8731618999999,-2.832
2025-04-18 08:30:00,721.600902,-3.532
2025-04-18 09:00:00,721.2868344,-4.202
2025-04-18 09:30:00,721.1032884,-4.681
2025-04-18 10:00:00,721.0900323,-5.059
2025-04-18 10:30:00,720.8922104999999,-5.501
2025-04-18 11:00:00,720.8238906,-5.712
2025-04-18 11:30:00,720.7759647,-5.96
2025-04-18 12:00:00,720.5638670999999,-6.264
2025-04-18 12:30:00,720.4435424999999,-6.489
2025-04-18 13:00:00,720.4996259999999,-6.648
2025-04-18 13:30:00,720.530217,-6.737
2025-04-18 14:00:00,720.72396,-6.569
2025-04-18 14:30:00,720.8351072999999,-6.355
2025-04-18 15:00:00,720.9646091999999,-5.828
2025-04-18 15:30:00,721.2470661,-4.044
2025-04-18 16:00:00,721.5417593999999,-1.417
2025-04-18 16:30:00,721.6855370999999,0.351
2025-04-18 17:00:00,721.7630342999998,0.852
2025-04-18 17:30:00,722.1678552,2.376
2025-04-18 18:00:00,722.4472529999999,4.706
2025-04-18 18:30:00,722.3728149,6.89
2025-04-18 19:00:00,722.4258393,13.22
2025-04-18 19:30:00,722.9040785999999,8.023
2025-04-18 20:00:00,722.9560832999999,6.104
2025-04-18 20:30:00,723.0968019,5.902
2025-04-18 21:00:00,723.0600926999999,5.791
2025-04-18 21:30:00,723.3425496,5.865
2025-04-18 22:00:00,723.3874163999999,5.457
2025-04-18 22:30:00,723.4292240999999,5.531
2025-04-18 23:00:00,723.6035928,5.04
2025-04-18 23:30:00,723.7351341,4.522
2025-04-19 00:00:00,723.9880197,3.226
2025-04-19 00:30:00,724.1460732,2.093
2025-04-19 01:00:00,724.2480431999999,1.114
2025-04-19 01:30:00,724.3357374,0.092
2025-04-19 02:00:00,724.4397467999999,-0.842
2025-04-19 02:30:00,724.7283219,-1.433
2025-04-19 03:00:00,724.8007206,-2.08
2025-04-19 03:30:00,725.1331427999999,-2.55
2025-04-19 04:00:00,725.3503389,-2.778
2025-04-19 04:30:00,725.4747422999999,-3.264
2025-04-19 05:00:00,725.5002347999999,-3.919
2025-04-19 05:30:00,725.3207675999998,-4.779
2025-04-19 06:00:00,725.3880677999999,-5.092
2025-04-19 06:30:00,725.3238266999999,-5.457
2025-04-19 07:00:00,725.3809299,-4.965
2025-04-19 07:30:00,725.781672,-4.592
2025-04-19 08:00:00,725.8714055999999,-5.415
2025-04-19 08:30:00,725.8326569999999,-6.236
2025-04-19 09:00:00,725.5705940999999,-6.71
2025-04-19 09:30:00,725.271822,-7.002
2025-04-19 10:00:00,725.3299448999999,-6.983
2025-04-19 10:30:00,725.3432009999999,-7.091
2025-04-19 11:00:00,725.4421119,-7.206
2025-04-19 11:30:00,725.5583577,-7.155
2025-04-19 12:00:00,725.5206287999999,-7.058
2025-04-19 12:30:00,725.5349045999999,-7.091
2025-04-19 13:00:00,725.669505,-6.902
2025-04-19 13:30:00,726.0508727999999,-6.725
2025-04-19 14:00:00,726.0743259,-6.376
2025-04-19 14:30:00,726.4465164,-5.874
2025-04-19 15:00:00,727.1134002,-4.784
2025-04-19 15:30:00,727.1735624999999,-3.367
2025-04-19 16:00:00,727.5355559999999,-0.425
2025-04-19 16:30:00,727.9057070999999,2.351
2025-04-19 17:00:00,728.0535635999998,2.996
2025-04-19 17:30:00,728.2146761999999,5.205
2025-04-19 18:00:00,728.3217447,7.779
2025-04-19 18:30:00,728.0576423999998,11.27
2025-04-19 19:00:00,727.9424163,18.475
2025-04-19 19:30:00,728.5093694999999,12.841
2025-04-19 20:00:00,728.5022316,9.503
2025-04-19 20:30:00,728.6154183,9.133
2025-04-19 21:00:00,728.7439004999999,8.95
2025-04-19 21:30:00,728.8978751999999,8.767
2025-04-19 22:00:00,728.7428807999999,8.78
2025-04-19 22:30:00,728.6490683999999,8.442
2025-04-19 23:00:00,728.5909454999999,8.554
2025-04-19 23:30:00,728.7357428999999,8.258
2025-04-20 00:00:00,728.6786397,6.914
2025-04-20 00:30:00,728.7357428999999,5.949
2025-04-20 01:00:00,728.6776199999999,5.051
2025-04-20 01:30:00,728.6592654,3.639
2025-04-20 02:00:00,728.6827184999999,2.407
2025-04-20 02:30:00,728.8112007,1.578
2025-04-20 03:00:00,728.8683039,0.869
2025-04-20 03:30:00,728.9447813999999,0.23
2025-04-20 04:00:00,729.0212589,-0.502
2025-04-20 04:30:00,728.9345844,-1.031
2025-04-20 05:00:00,728.8632054,-1.457
2025-04-20 05:30:00,728.7979445999999,-1.788
2025-04-20 06:00:00,728.9172495,-1.9
2025-04-20 06:30:00,728.8326143999999,-2.128
2025-04-20 07:00:00,728.8693236,-2.281
2025-04-20 07:30:00,728.7194277,-2.307
2025-04-20 08:00:00,728.6398910999999,-2.32
2025-04-20 08:30:00,728.5103892,-2.483
2025-04-20 09:00:00,728.3329613999999,-2.585
2025-04-20 09:30:00,728.1453365999998,-2.767
2025-04-20 10:00:00,728.0984303999999,-2.834
2025-04-20 10:30:00,728.0984303999999,-2.903
2025-04-20 11:00:00,727.9199828999999,-3.051
2025-04-20 11:30:00,727.9617905999999,-3.199
2025-04-20 12:00:00,727.9617905999999,-3.336
2025-04-20 12:30:00,728.0678393999999,-3.531
2025-04-20 13:00:00,728.0025785999999,-3.622
2025-04-20 13:30:00,728.1749079,-3.775
2025-04-20 14:00:00,728.3095083,-3.936
2025-04-20 14:30:00,728.4196359,-4.103
2025-04-20 15:00:00,728.4369708,-3.407
2025-04-20 15:30:00,728.6113395,-2.035
2025-04-20 16:00:00,728.8377128999999,0.442
2025-04-20 16:30:00,729.2333564999999,3.462
2025-04-20 17:00:00,729.3496022999999,3.829
2025-04-20 17:30:00,729.3822326999999,5.592
2025-04-20 18:00:00,729.4301585999999,8.154
2025-04-20 18:30:00,729.0854999999999,11.599
2025-04-20 19:00:00,728.9294859,18.623
2025-04-20 19:30:00,729.3761144999999,13.764
2025-04-20 20:00:00,729.3343067999999,10.841
2025-04-20 20:30:00,729.2221398,10.164
2025-04-20 21:00:00,729.2129625,10.246
2025-04-20 21:30:00,729.0640863,10.018
2025-04-20 22:00:00,728.8978751999999,9.882
2025-04-20 22:30:00,728.9345844,9.458
2025-04-20 23:00:00,728.8468902,9.431
2025-04-20 23:30:00,728.8417916999999,9.079
2025-04-21 00:00:00,728.9274464999999,7.761
2025-04-21 00:30:00,728.7020928,6.789
2025-04-21 01:00:00,728.6327532,5.593
2025-04-21 01:30:00,728.4175965,4.69
2025-04-21 02:00:00,728.3635523999999,3.783
2025-04-21 02:30:00,728.2993112999999,3.443
2025-04-21 03:00:00,728.4655223999999,2.801
2025-04-21 03:30:00,728.5919651999999,1.931
2025-04-21 04:00:00,728.8734024,1.456
2025-04-21 04:30:00,728.8519886999999,1.586
2025-04-21 05:00:00,728.7275853,1.61
2025-04-21 05:30:00,728.7102504,1.414
2025-04-21 06:00:00,728.4104586,0.614
2025-04-21 06:30:00,728.1708291,-0.279
2025-04-21 07:00:00,728.0974106999998,-0.919
2025-04-21 07:30:00,728.2340505,-1.351
2025-04-21 08:00:00,727.9352784,-1.694
2025-04-21 08:30:00,727.7986386,-1.939
2025-04-21 09:00:00,727.5447333,-2.217
2025-04-21 09:30:00,727.3907585999999,-2.507
2025-04-21 10:00:00,727.1857988999999,-2.82
2025-04-21 10:30:00,727.1113607999999,-3.194
2025-04-21 11:00:00,726.9094602,-3.572
2025-04-21 11:30:00,726.8482782,-3.796
2025-04-21 12:00:00,726.811569,-3.716
2025-04-21 12:30:00,726.6677913,-3.896
2025-04-21 13:00:00,726.6412790999999,-4.179
2025-04-21 13:30:00,726.6943034999999,-4.36
2025-04-21 14:00:00,726.8197266,-4.405
2025-04-21 14:30:00,726.9349526999999,-4.377
2025-04-21 15:00:00,727.0063316999999,-3.675
2025-04-21 15:30:00,727.2082323,-1.891
2025-04-21 16:00:00,727.3856600999999,0.317
2025-04-21 16:30:00,727.5712454999999,3.666
2025-04-21 17:00:00,727.5824621999999,4.408
2025-04-21 17:30:00,727.7191019999999,6.515
2025-04-21 18:00:00,727.9709678999999,8.897
2025-04-21 18:30:00,727.6293684,12.732
2025-04-21 19:00:00,727.6028562,19.742
2025-04-21 19:30:00,727.9138646999999,15.088
2025-04-21 20:00:00,727.8445250999999,11.77
2025-04-21 20:30:00,727.7884415999999,10.842
2025-04-21 21:00:00,727.7609096999998,10.792
2025-04-21 21:30:00,727.7191019999999,10.669
2025-04-21 22:00:00,727.5222998999999,10.657
2025-04-21 22:30:00,727.5273983999999,10.139
2025-04-21 23:00:00,727.4142117,9.276
2025-04-21 23:30:00,727.4998664999999,9.262
2025-04-22 00:00:00,727.4784527999999,7.023
2025-04-22 00:30:00,727.3295765999999,5.514
2025-04-22 01:00:00,727.2949067999999,5.693
2025-04-22 01:30:00,727.3102023,4.632
2025-04-22 02:00:00,727.3193796,3.603
2025-04-22 02:30:00,727.3724039999998,2.588
2025-04-22 03:00:00,727.5202605,1.988
2025-04-22 03:30:00,727.6467033,1.479
2025-04-22 04:00:00,727.7282792999999,1.11
2025-04-22 04:30:00,727.7333778,0.65
2025-04-22 05:00:00,727.6946292,0.31
2025-04-22 05:30:00,727.6252896,-0.089
2025-04-22 06:00:00,727.5110832,-0.59
2025-04-22 06:30:00,727.4101329,-0.9
2025-04-22 07:00:00,727.3234583999999,-1.055
2025-04-22 07:30:00,727.2694142999999,-1.317
2025-04-22 08:00:00,727.1572473,-1.49
2025-04-22 08:30:00,726.9553467,-1.568
2025-04-22 09:00:00,726.7269339,-1.648
2025-04-22 09:30:00,726.5566439999999,-1.847
2025-04-22 10:00:00,726.2741871,-2.155
2025-04-22 10:30:00,726.0712668,-2.347
2025-04-22 11:00:00,725.9305482,-2.5
2025-04-22 11:30:00,725.7398642999999,-2.574
2025-04-22 12:00:00,725.5787516999999,-2.761
2025-04-22 12:30:00,725.4961559999999,-2.923
2025-04-22 13:00:00,725.4900378,-3.096
2025-04-22 13:30:00,725.4380331,-3.151
2025-04-22 14:00:00,725.4278360999999,-3.092
2025-04-22 14:30:00,725.4890181,-2.989
2025-04-22 15:00:00,725.5277666999999,-2.064
2025-04-22 15:30:00,725.7877901999999,-0.436
2025-04-22 16:00:00,726.0600500999999,2.409
2025-04-22 16:30:00,726.1253108999999,4.564
2025-04-22 17:00:00,726.2344188,5.228
2025-04-22 17:30:00,726.2588916,6.879
2025-04-22 18:00:00,726.322113,9.024
2025-04-22 18:30:00,725.8041054,12.699
2025-04-22 19:00:00,725.7633173999999,18.282
2025-04-22 19:30:00,726.2232021,14.236
2025-04-22 20:00:00,726.0019271999998,11.237
2025-04-22 20:30:00,725.9438043,10.322
2025-04-22 21:00:00,725.9060753999998,10.031
2025-04-22 21:30:00,725.8397949,9.135
2025-04-22 22:00:00,725.6827611,8.533
2025-04-22 22:30:00,725.506353,8.148
2025-04-22 23:00:00,725.3707328999999,8.096
2025-04-22 23:30:00,725.4472103999999,7.507
2025-04-23 00:00:00,725.3034326999999,6.669
2025-04-23 00:30:00,725.1780095999999,6.011
2025-04-23 01:00:00,725.0658426,5.222
2025-04-23 01:30:00,724.8812768999999,4.694
2025-04-23 02:00:00,724.6742778,4.054
2025-04-23 02:30:00,724.6477656,3.3
2025-04-23 03:00:00,724.7568735,2.371
2025-04-23 03:30:00,724.8078585,1.415
2025-04-23 04:00:00,724.8068387999999,0.502
2025-04-23 04:30:00,724.7793068999998,-0.074
2025-04-23 05:00:00,724.6712186999999,-0.528
2025-04-23 05:30:00,724.4927711999999,-1.161
2025-04-23 06:00:00,724.3387964999998,-1.549
2025-04-23 06:30:00,724.3082054999999,-1.815
2025-04-23 07:00:00,724.3693874999999,-2.059
2025-04-23 07:30:00,724.1827824,-2.545
2025-04-23 08:00:00,724.0665366,-2.832
2025-04-23 08:30:00,723.7963161,-3.135
2025-04-23 09:00:00,723.3955739999999,-3.511
2025-04-23 09:30:00,723.2487371999999,-3.791
2025-04-23 10:00:00,723.1324913999999,-4.019
2025-04-23 10:30:00,722.9346695999999,-4.284
2025-04-23 11:00:00,722.8510541999999,-4.549
2025-04-23 11:30:00,722.7021779999999,-4.775
2025-04-23 12:00:00,722.630799,-4.956
2025-04-23 12:30:00,722.4900803999999,-5.15
2025-04-23 13:00:00,722.3972876999999,-5.28
2025-04-23 13:30:00,722.3391647999998,-5.299
2025-04-23 14:00:00,722.2810419,-5.061
2025-04-23 14:30:00,722.4707060999999,-4.512
2025-04-23 15:00:00,722.4972182999999,-2.587
2025-04-23 15:30:00,722.6297793,-0.702
2025-04-23 16:00:00,722.8398374999999,1.03
2025-04-23 16:30:00,722.9938122,3.139
2025-04-23 17:00:00,723.0764079,3.003
2025-04-23 17:30:00,723.3690618,4.341
2025-04-23 18:00:00,723.5444501999999,6.575
2025-04-23 18:30:00,723.120255,11.011
2025-04-23 19:00:00,722.9622015,16.794
2025-04-23 19:30:00,723.4944849,13.222
2025-04-23 20:00:00,723.4944849,9.085
2025-04-23 20:30:00,723.4394210999999,8.107
2025-04-23 21:00:00,723.4700120999998,7.661
2025-04-23 21:30:00,723.5199773999999,7.506
2025-04-23 22:00:00,723.5413910999999,7.489
2025-04-23 22:30:00,723.4812287999999,7.492
2025-04-23 23:00:00,723.4995834,7.411
2025-04-23 23:30:00,723.4394210999999,6.92
2025-04-24 00:00:00,723.4027119,5.514
2025-04-24 00:30:00,723.4220861999999,4.855
2025-04-24 01:00:00,723.5179379999998,4.009
2025-04-24 01:30:00,723.4914258,3.085
2025-04-24 02:00:00,723.5933957999999,2.448
2025-04-24 02:30:00,723.6341838,1.589
2025-04-24 03:00:00,723.7025037,0.524
2025-04-24 03:30:00,723.7432917,-0.422
2025-04-24 04:00:00,723.6209276999999,-0.96
2025-04-24 04:30:00,723.5903367,-1.396
2025-04-24 05:00:00,723.5862579,-1.918
2025-04-24 05:30:00,723.5495487,-2.414
2025-04-24 06:00:00,723.6770111999999,-2.908
2025-04-24 06:30:00,723.6770111999999,-3.616
2025-04-24 07:00:00,723.7310553,-4.322
2025-04-24 07:30:00,723.7065824999999,-4.788
2025-04-24 08:00:00,723.6443807999999,-5.103
2025-04-24 08:30:00,723.3099192,-5.446
2025-04-24 09:00:00,723.2242643999999,-5.531
2025-04-24 09:30:00,723.1039397999999,-5.932
2025-04-24 10:00:00,723.0101274,-6.352
2025-04-24 10:30:00,722.6970795,-6.538
2025-04-24 11:00:00,722.5359668999998,-6.624
2025-04-24 11:30:00,722.3738346,-6.529
2025-04-24 12:00:00,722.2616675999999,-6.551
2025-04-24 12:30:00,722.3391647999998,-6.455
2025-04-24 13:00:00,722.4768243,-6.355
2025-04-24 13:30:00,722.5533017999999,-6.245
2025-04-24 14:00:00,722.6532324,-5.874
2025-04-24 14:30:00,722.7378674999999,-5.169
2025-04-24 15:00:00,722.8174041,-3.293
2025-04-24 15:30:00,723.06927,-1.965
2025-04-24 16:00:00,723.3415299,-0.166
2025-04-24 16:30:00,723.630105,3.197
2025-04-24 17:00:00,723.6882278999999,3.856
2025-04-24 17:30:00,723.9227589,5.139
2025-04-24 18:00:00,724.1848218,6.822
2025-04-24 18:30:00,724.1063048999999,9.724
2025-04-24 19:00:00,724.0175909999999,14.413
2025-04-24 19:30:00,724.1042654999999,12.811
2025-04-24 20:00:00,724.0981473,9.354
2025-04-24 20:30:00,724.0685759999999,8.699
2025-04-24 21:00:00,723.946212,8.548
2025-04-24 21:30:00,723.8391435,8.613
2025-04-24 22:00:00,723.7198385999999,8.578
2025-04-24 22:30:00,723.5311940999999,8.375
2025-04-24 23:00:00,723.4628742,8.405
2025-04-24 23:30:00,723.3680421,7.587
2025-04-25 00:00:00,723.1182156,6.485
2025-04-25 00:30:00,723.06927,5.907
2025-04-25 01:00:00,722.9683196999999,5.179
2025-04-25 01:30:00,722.6848430999999,4.377
2025-04-25 02:00:00,722.4809031,3.638
2025-04-25 02:30:00,722.3636376,2.714
2025-04-25 03:00:00,722.3340663,2.032
2025-04-25 03:30:00,722.3717952,1.681
2025-04-25 04:00:00,722.2249584,1.405
2025-04-25 04:30:00,722.2218992999999,1.068
2025-04-25 05:00:00,721.9006938,0.646
2025-04-25 05:30:00,721.5050502,0.341
2025-04-25 06:00:00,721.2613418999999,0.265
2025-04-25 06:30:00,721.1124657,0.379
2025-04-25 07:00:00,720.9819440999999,0.622
2025-04-25 07:30:00,721.1858841,0.387
2025-04-25 08:00:00,720.8504028,0.071
2025-04-25 08:30:00,720.5852807999999,-0.108
2025-04-25 09:00:00,720.3640058999999,-0.315
2025-04-25 09:30:00,719.9591849999999,-0.367
2025-04-25 10:00:00,719.5339700999999,-0.489
2025-04-25 10:30:00,719.3453255999999,-0.591
2025-04-25 11:00:00,719.1454643999999,-0.718
2025-04-25 11:30:00,719.0934596999999,-0.741
2025-04-25 12:00:00,719.0383959,-1.069
2025-04-25 12:30:00,719.1169128,-1.396
2025-04-25 13:00:00,718.9129727999999,-1.656
2025-04-25 13:30:00,718.8956378999999,-1.763
2025-04-25 14:00:00,718.7712345,-1.783
2025-04-25 14:30:00,718.8772833,-1.746
2025-04-25 15:00:00,719.0281988999999,-1.379
2025-04-25 15:30:00,718.9180713,-0.955
2025-04-25 16:00:00,718.9680366,-0.202
2025-04-25 16:30:00,719.0577701999999,0.998
2025-04-25 17:00:00,719.0771444999999,1.329
2025-04-25 17:30:00,719.1699372,2.165
2025-04-25 18:00:00,719.4707487,3.945
2025-04-25 18:30:00,719.2372373999999,9.251
2025-04-25 19:00:00,719.3024982,14.414
2025-04-25 19:30:00,719.551305,12.554
2025-04-25 20:00:00,719.4564729,7.563
2025-04-25 20:30:00,719.3769362999999,4.967
2025-04-25 21:00:00,719.2596708,5.235
2025-04-25 21:30:00,719.2800647999999,5.971
2025-04-25 22:00:00,719.0914203,5.071
2025-04-25 22:30:00,719.0465535,5.657
2025-04-25 23:00:00,718.9823124000001,5.798
2025-04-25 23:30:00,718.8517907999999,4.917
2025-04-26 00:00:00,718.8313967999999,3.537
2025-04-26 00:30:00,718.4520683999999,2.244
2025-04-26 01:00:00,718.2277343999999,1.739
2025-04-26 01:30:00,718.0176761999999,0.962
2025-04-26 02:00:00,717.7199238,0.353
2025-04-26 02:30:00,717.7392980999999,-0.471
2025-04-26 03:00:00,717.7219631999999,-1.25
2025-04-26 03:30:00,717.7851846,-1.517
2025-04-26 04:00:00,717.6567023999999,-1.895
2025-04-26 04:30:00,717.7025889,-1.991
2025-04-26 05:00:00,717.6597614999998,-2.179
2025-04-26 05:30:00,717.5088459,-2.24
2025-04-26 06:00:00,717.1672463999998,-2.308
2025-04-26 06:30:00,717.0785324999999,-2.43
2025-04-26 07:00:00,716.9745230999998,-2.692
2025-04-26 07:30:00,716.8164696,-3.003
2025-04-26 08:00:00,716.5890764999999,-3.173
2025-04-26 08:30:00,716.3219151,-3.199
2025-04-26 09:00:00,716.0170248,-3.399
2025-04-26 09:30:00,715.7325285,-3.524
2025-04-26 10:00:00,715.5836522999999,-3.738
2025-04-26 10:30:00,715.380732,-3.92
2025-04-26 11:00:00,715.3256681999999,-3.825
2025-04-26 11:30:00,714.9993642,-3.946
2025-04-26 12:00:00,714.91167,-4.199
2025-04-26 12:30:00,714.7301634,-4.345
2025-04-26 13:00:00,714.6720405,-4.605
2025-04-26 13:30:00,714.7332224999999,-4.924
2025-04-26 14:00:00,714.9228866999998,-4.935
2025-04-26 14:30:00,714.8668031999999,-4.844
2025-04-26 15:00:00,714.8290743,-4.665
2025-04-26 15:30:00,714.8474289,-4.233
2025-04-26 16:00:00,714.8678229,-4.404
2025-04-26 16:30:00,714.9351230999999,-3.545
2025-04-26 17:00:00,714.9606156,-3.556
2025-04-26 17:30:00,715.1737328999999,-2.948
2025-04-26 18:00:00,715.3205696999999,-1.789
2025-04-26 18:30:00,715.3348454999999,-1.827
2025-04-26 19:00:00,715.3011954,-1.206
2025-04-26 19:30:00,715.3756334999999,-1.794
2025-04-26 20:00:00,715.31955,-2.191
2025-04-26 20:30:00,715.5612188999999,-1.368
2025-04-26 21:00:00,715.5285885,-1.514
2025-04-26 21:30:00,715.8814047,-0.694
2025-04-26 22:00:00,715.7702573999999,-1.941
2025-04-26 22:30:00,715.6499328,-1.54
2025-04-26 23:00:00,715.5877310999999,-1.551
2025-04-26 23:30:00,715.7641391999999,-1.481
2025-04-27 00:00:00,715.9242320999999,-1.736
2025-04-27 00:30:00,716.0139657,-2.135
2025-04-27 01:00:00,715.7824938,-3.499
2025-04-27 01:30:00,715.9344291,-4.031
2025-04-27 02:00:00,716.0425173,-4.053
2025-04-27 02:30:00,716.1822162,-4.325
2025-04-27 03:00:00,716.2658316,-4.89
2025-04-27 03:30:00,716.3810576999999,-4.965
2025-04-27 04:00:00,716.6502585,-4.869
2025-04-27 04:30:00,717.0132717,-4.785
2025-04-27 05:00:00,716.9775822,-5.144
2025-04-27 05:30:00,717.012252,-5.018
2025-04-27 06:00:00,716.8368635999999,-5.214
2025-04-27 06:30:00,716.9755427999999,-5.155
2025-04-27 07:00:00,717.0132717,-5.149
2025-04-27 07:30:00,717.0204096,-5.221
2025-04-27 08:00:00,717.1927388999999,-5.131
2025-04-27 08:30:00,716.9847200999999,-5.122
2025-04-27 09:00:00,716.920479,-5.098
2025-04-27 09:30:00,716.7389723999999,-5.195
2025-04-27 10:00:00,716.6584161,-5.047
2025-04-27 10:30:00,716.6135492999999,-5.319
2025-04-27 11:00:00,716.5156581,-5.42
2025-04-27 11:30:00,716.5360521,-5.653
2025-04-27 12:00:00,716.6869676999999,-5.661
2025-04-27 12:30:00,716.869494,-5.62
2025-04-27 13:00:00,717.3008271,-5.406
2025-04-27 13:30:00,717.5812445999999,-5.468
2025-04-27 14:00:00,717.9666911999999,-5.392
2025-04-27 14:30:00,718.2613845,-4.802
2025-04-27 15:00:00,718.4286152999999,-4.912
2025-04-27 15:30:00,718.9649774999999,-3.877
2025-04-27 16:00:00,718.9751744999999,-3.94
2025-04-27 16:30:00,719.2056266999999,-3.654
2025-04-27 17:00:00,719.6859053999999,-2.393
2025-04-27 17:30:00,719.9887563,-1.378
2025-04-27 18:00:00,720.1855584,-0.201
2025-04-27 18:30:00,720.4098923999999,-0.156
2025-04-27 19:00:00,720.469035,0.316
2025-04-27 19:30:00,720.4863699,0.881
2025-04-27 20:00:00,720.8177724,1.223
2025-04-27 20:30:00,721.0084562999999,0.093
2025-04-27 21:00:00,721.2399281999999,-0.065
2025-04-27 21:30:00,721.458144,-0.039
2025-04-27 22:00:00,721.5560352,0.13
2025-04-27 22:30:00,721.7100099,0.034
2025-04-27 23:00:00,721.8507284999998,-0.481
2025-04-27 23:30:00,721.9608560999999,-1.013
2025-04-28 00:00:00,722.0424320999999,-1.14
2025-04-28 00:30:00,722.2565690999999,-1.261
2025-04-28 01:00:00,722.3024555999999,-1.722
2025-04-28 01:30:00,722.3514011999999,-2.061
2025-04-28 02:00:00,722.4951788999999,-2.332
2025-04-28 02:30:00,722.6838234,-2.655
2025-04-28 03:00:00,722.9030588999999,-2.82
2025-04-28 03:30:00,723.0560138999999,-2.934
2025-04-28 04:00:00,723.313998,-3.888
2025-04-28 04:30:00,723.5097803999998,-4.574
2025-04-28 05:00:00,723.6535580999999,-4.659
2025-04-28 05:30:00,723.742272,-4.303
2025-04-28 06:00:00,723.8207888999999,-4.471
2025-04-28 06:30:00,723.9717045,-4.422
2025-04-28 07:00:00,724.0563395999999,-3.799
2025-04-28 07:30:00,724.2266295,-3.414
2025-04-28 08:00:00,724.272516,-3.063
2025-04-28 08:30:00,724.3500131999999,-2.691
2025-04-28 09:00:00,724.1899203,-2.772
2025-04-28 09:30:00,724.180743,-3.123
2025-04-28 10:00:00,724.1695262999999,-3.496
2025-04-28 10:30:00,724.1960384999999,-3.973
2025-04-28 11:00:00,724.1715657,-4.714
2025-04-28 11:30:00,724.1827824,-5.186
2025-04-28 12:00:00,724.2449841,-5.605
2025-04-28 12:30:00,724.2602795999999,-6.052
2025-04-28 13:00:00,724.5315198,-6.243
2025-04-28 13:30:00,724.6793762999998,-6.124
2025-04-28 14:00:00,725.1902459999999,-6.206
2025-04-28 14:30:00,725.3646146999998,-5.921
2025-04-28 15:00:00,725.8143023999999,-3.05
2025-04-28 15:30:00,726.0029468999999,-2.498
2025-04-28 16:00:00,726.4159254,-0.843
2025-04-28 16:30:00,726.7636431,1.003
2025-04-28 17:00:00,726.7952538,1.354
2025-04-28 17:30:00,727.1715230999998,2.765
2025-04-28 18:00:00,727.2918477,4.952
2025-04-28 18:30:00,727.1766215999999,9.567
2025-04-28 19:00:00,727.3336553999999,14.767
2025-04-28 19:30:00,727.8118946999999,11.919
2025-04-28 20:00:00,727.6242699,7.214
2025-04-28 20:30:00,727.6691366999999,6.285
2025-04-28 21:00:00,727.8955101,6.006
2025-04-28 21:30:00,727.8394265999999,6.568
2025-04-28 22:00:00,727.9821846,6.225
2025-04-28 22:30:00,727.8914313,5.586
2025-04-28 23:00:00,727.9464951,4.906
2025-04-28 23:30:00,727.9087662000001,4.458
2025-04-29 00:00:00,728.1483957,3.605
2025-04-29 00:30:00,728.2768778999999,3.256
2025-04-29 01:00:00,728.2105973999999,3.01
2025-04-29 01:30:00,728.3003309999999,2.467
2025-04-29 02:00:00,728.4298329,1.848
2025-04-29 02:30:00,728.6541669,1.273
2025-04-29 03:00:00,728.6327532,0.673
2025-04-29 03:30:00,728.9070525,0.068
2025-04-29 04:00:00,728.9417222999999,-0.414
2025-04-29 04:30:00,729.2578293,-0.105
2025-04-29 05:00:00,729.5698574999999,-0.247
2025-04-29 05:30:00,729.6983397,-0.598
2025-04-29 06:00:00,729.8268218999999,-0.439
2025-04-29 06:30:00,730.0674710999999,-0.32
2025-04-29 07:00:00,730.0837862999999,-0.524
2025-04-29 07:30:00,730.0124073,-1.034
2025-04-29 08:00:00,729.7636004999999,-1.576
2025-04-29 08:30:00,729.4169024999999,-2.098
2025-04-29 09:00:00,729.2190806999998,-2.435
2025-04-29 09:30:00,729.1303667999999,-2.19
2025-04-29 10:00:00,729.1324061999999,-2.221
2025-04-29 10:30:00,729.0029043,-2.096
2025-04-29 11:00:00,728.8662644999999,-2.131
2025-04-29 11:30:00,728.718408,-2.159
2025-04-29 12:00:00,728.6276547,-2.357
2025-04-29 12:30:00,728.5226256,-2.962
2025-04-29 13:00:00,728.4471677999999,-3.853
2025-04-29 13:30:00,728.7224868,-4.095
2025-04-29 14:00:00,728.8162992,-4.168
2025-04-29 14:30:00,728.7693929999999,-3.895
2025-04-29 15:00:00,729.3016763999999,0.495
2025-04-29 15:30:00,729.5739362999999,0.815
2025-04-29 16:00:00,729.6412365,1.448
2025-04-29 16:30:00,729.7992899999999,3.207
2025-04-29 17:00:00,729.8380386,3.031
2025-04-29 17:30:00,729.7707383999999,4.594
2025-04-29 18:00:00,729.9328707,6.899
2025-04-29 18:30:00,729.5698574999999,11.589
2025-04-29 19:00:00,729.3241097999999,18.283
2025-04-29 19:30:00,729.554562,16.552
2025-04-29 20:00:00,729.5566014,11.042
2025-04-29 20:30:00,729.2598687,10.239
2025-04-29 21:00:00,729.2058245999999,9.909
2025-04-29 21:30:00,729.0895787999999,9.847
2025-04-29 22:00:00,728.8693236,9.659
2025-04-29 22:30:00,728.8387326,9.97
2025-04-29 23:00:00,728.7846884999999,10.032
2025-04-29 23:30:00,728.7153489,9.829
2025-04-30 00:00:00,728.8530083999999,8.2
2025-04-30 00:30:00,728.7275853,7.432
2025-04-30 01:00:00,728.5695317999999,5.962
2025-04-30 01:30:00,728.4502269,5.12
2025-04-30 02:00:00,728.4991724999999,4.784
2025-04-30 02:30:00,728.6072607,4.198
2025-04-30 03:00:00,728.6949548999999,3.493
2025-04-30 03:30:00,728.8621856999999,2.926
2025-04-30 04:00:00,728.9131706999999,2.691
2025-04-30 04:30:00,729.0161604,2.617
2025-04-30 05:00:00,729.0283967999999,2.575
2025-04-30 05:30:00,728.9335646999999,2.36
2025-04-30 06:00:00,728.7489989999999,2.206
2025-04-30 06:30:00,728.7275853,1.939
2025-04-30 07:00:00,728.4787785,1.639
2025-04-30 07:30:00,728.2605626999999,1.234
2025-04-30 08:00:00,728.0627408999999,0.752
2025-04-30 08:30:00,727.7435747999999,0.239
2025-04-30 09:00:00,727.5681864,-0.242
2025-04-30 09:30:00,727.2632960999998,-0.556
2025-04-30 10:00:00,727.1368532999999,-0.843
2025-04-30 10:30:00,726.9288344999999,-1.043
2025-04-30 11:00:00,726.9196572,-1.256
2025-04-30 11:30:00,726.8574554999999,-1.265
2025-04-30 12:00:00,726.7819977,-1.364
2025-04-30 12:30:00,726.6841064999999,-1.603
2025-04-30 13:00:00,726.6565745999999,-1.792
2025-04-30 13:30:00,726.7952538,-1.864
2025-04-30 14:00:00,726.9614649,-1.596
2025-04-30 14:30:00,727.0195878,-0.421
2025-04-30 15:00:00,727.2123111,1.776
2025-04-30 15:30:00,727.5651272999999,3.885
2025-04-30 16:00:00,727.4509208999999,4.605
2025-04-30 16:30:00,727.413192,5.667
2025-04-30 17:00:00,727.4407239,5.935
2025-04-30 17:30:00,727.4499012,7.584
2025-04-30 18:00:00,727.6436441999999,8.742
2025-04-30 18:30:00,727.4397041999999,7.983
2025-04-30 19:00:00,727.4080935,8.221
2025-04-30 19:30:00,727.0899470999999,8.782
2025-04-30 20:00:00,727.2072125999999,10.161
2025-04-30 20:30:00,727.0063316999999,7.514
2025-04-30 21:00:00,726.9859376999999,7.676
2025-04-30 21:30:00,727.3662858,5.076
2025-04-30 22:00:00,726.8941646999999,3.555
2025-04-30 22:30:00,726.6943034999999,4.336
2025-04-30 23:00:00,726.7524263999999,4.635
2025-04-30 23:30:00,726.6137471999999,4.997
2025-05-01 00:00:00,726.6433184999999,4.865
2025-05-01 00:30:00,726.7422293999999,4.615
2025-05-01 01:00:00,726.9686028,1.96
2025-05-01 01:30:00,726.9410708999999,1.71
2025-05-01 02:00:00,726.7330521,1.483
2025-05-01 02:30:00,726.7870962000001,1.67
2025-05-01 03:00:00,726.7034808,1.319
2025-05-01 03:30:00,726.7391703,0.634
2025-05-01 04:00:00,726.8992632,0.29
2025-05-01 04:30:00,727.0807697999999,0.266
2025-05-01 05:00:00,727.1572473,0.55
2025-05-01 05:30:00,727.0756712999998,0.532
2025-05-01 06:00:00,727.0369226999999,0.183
2025-05-01 06:30:00,727.0012331999999,0.015
2025-05-01 07:00:00,726.9726816,-0.399
2025-05-01 07:30:00,726.9125193,-0.951
2025-05-01 08:00:00,726.7789385999998,-1.382
2025-05-01 08:30:00,726.6035502,-1.65
2025-05-01 09:00:00,726.577038,-1.782
2025-05-01 09:30:00,726.4577330999999,-1.936
2025-05-01 10:00:00,726.4720089,-2.169
2025-05-01 10:30:00,726.5831561999998,-2.515
2025-05-01 11:00:00,726.4699694999999,-2.772
2025-05-01 11:30:00,726.454674,-2.969
2025-05-01 12:00:00,726.3873738,-3.204
2025-05-01 12:30:00,726.3904328999998,-3.432
2025-05-01 13:00:00,726.4302011999999,-3.618
2025-05-01 13:30:00,726.6229245,-3.787
2025-05-01 14:00:00,726.6708504,-3.688
2025-05-01 14:30:00,726.6871655999998,-3.482
2025-05-01 15:00:00,726.9318935999999,-0.679
2025-05-01 15:30:00,727.209252,0.772
2025-05-01 16:00:00,727.3785221999999,2.142
2025-05-01 16:30:00,727.6650578999999,3.233
2025-05-01 17:00:00,727.7782445999999,3.602
2025-05-01 17:30:00,727.9464951,5.015
2025-05-01 18:00:00,728.3360205,7.232
2025-05-01 18:30:00,728.1963216,9.524
2025-05-01 19:00:00,728.1198440999999,13.372
2025-05-01 19:30:00,728.1626714999999,13.236
2025-05-01 20:00:00,728.1331002,10.375
2025-05-01 20:30:00,728.0882333999999,9.699
2025-05-01 21:00:00,728.1096471,9.675
2025-05-01 21:30:00,728.004618,10.067
2025-05-01 22:00:00,727.7629490999999,10.263
2025-05-01 22:30:00,727.7201216999999,10.712
2025-05-01 23:00:00,727.6293684,9.259
2025-05-01 23:30:00,727.4753936999999,9.115
2025-05-02 00:00:00,727.5253589999999,8.456
2025-05-02 00:30:00,727.5019059,7.349
2025-05-02 01:00:00,727.4152314,6.646
2025-05-02 01:30:00,727.4111526,5.952
2025-05-02 02:00:00,727.4366451,4.531
2025-05-02 02:30:00,727.4458224,3.438
2025-05-02 03:00:00,727.8312689999999,2.862
2025-05-02 03:30:00,728.0759969999999,2.584
2025-05-02 04:00:00,728.2248731999999,2.471
2025-05-02 04:30:00,728.2513853999999,2.099
2025-05-02 05:00:00,728.1392184,1.623
2025-05-02 05:30:00,728.2972719,1.081
2025-05-02 06:00:00,728.239149,0.613
2025-05-02 06:30:00,728.2636217999999,0.482
2025-05-02 07:00:00,728.3676311999999,0.457
2025-05-02 07:30:00,728.4441086999999,0.891
2025-05-02 08:00:00,728.3492765999999,0.496
2025-05-02 08:30:00,728.0097164999999,-0.332
2025-05-02 09:00:00,727.8200522999999,-1.033
2025-05-02 09:30:00,727.6446639,-1.29
2025-05-02 10:00:00,727.6018365,-1.233
2025-05-02 10:30:00,727.6314077999999,-1.326
2025-05-02 11:00:00,727.6201910999999,-1.421
2025-05-02 11:30:00,727.5039452999999,-1.518
2025-05-02 12:00:00,727.4682557999998,-1.732
2025-05-02 12:30:00,727.4213495999999,-1.897
2025-05-02 13:00:00,727.3978965,-1.999
2025-05-02 13:30:00,727.6436441999999,-1.95
2025-05-02 14:00:00,727.7935401,-1.894
2025-05-02 14:30:00,727.7252202,-1.689
2025-05-02 15:00:00,728.0994501,2.376
2025-05-02 15:30:00,728.3900645999998,3.8
2025-05-02 16:00:00,728.4359511,4.922
2025-05-02 16:30:00,728.4961133999999,6.265
2025-05-02 17:00:00,728.6562062999999,6.55
2025-05-02 17:30:00,728.7918263999999,7.736
2025-05-02 18:00:00,728.9152101,10.038
2025-05-02 18:30:00,728.7816294,13.148
2025-05-02 19:00:00,728.4910148999999,20.031
2025-05-02 19:30:00,728.7642945,18.163
2025-05-02 20:00:00,728.8112007,12.955
2025-05-02 20:30:00,728.6143986,11.583
2025-05-02 21:00:00,728.4899951999998,11.168
2025-05-02 21:30:00,728.4063798,10.925
2025-05-02 22:00:00,728.7408413999999,8.031
2025-05-02 22:30:00,728.3003309999999,7.614
2025-05-02 23:00:00,728.4859163999998,7.025
2025-05-02 23:30:00,728.3564144999999,6.085
2025-05-03 00:00:00,728.1902034,6.002
2025-05-03 00:30:00,728.2381293,5.54
2025-05-03 01:00:00,728.1086273999999,5.369
2025-05-03 01:30:00,728.0770167,4.78
2025-05-03 02:00:00,727.841466,4.138
2025-05-03 02:30:00,727.6681169999999,3.415
2025-05-03 03:00:00,727.5263786999999,2.863
2025-05-03 03:30:00,727.4203298999998,2.648
2025-05-03 04:00:00,727.4641769999998,2.463
2025-05-03 04:30:00,727.5008862,2.301
2025-05-03 05:00:00,727.3917782999999,2.134
2025-05-03 05:30:00,727.3917782999999,1.983
2025-05-03 06:00:00,727.0501787999999,1.624
2025-05-03 06:30:00,727.097085,1.381
2025-05-03 07:00:00,726.9859376999999,1.475
2025-05-03 07:30:00,727.0348832999999,1.928
2025-05-03 08:00:00,726.6208851,2.893
2025-05-03 08:30:00,726.3812556,3.304
2025-05-03 09:00:00,726.3761571,3.246
2025-05-03 09:30:00,726.2609309999999,2.363
2025-05-03 10:00:00,725.9590997999999,1.895
2025-05-03 10:30:00,725.6562489,1.696
2025-05-03 11:00:00,725.6225987999999,1.535
2025-05-03 11:30:00,725.5797713999999,1.663
2025-05-03 12:00:00,725.3401418999999,1.642
2025-05-03 12:30:00,725.1576156,1.49
2025-05-03 13:00:00,724.8996314999999,1.372
2025-05-03 13:30:00,724.7925629999999,1.615
2025-05-03 14:00:00,725.0525865,1.882
2025-05-03 14:30:00,724.9241042999998,1.137
2025-05-03 15:00:00,724.8843359999998,0.981
2025-05-03 15:30:00,724.8170358,1.896
2025-05-03 16:00:00,724.8517056,2.543
2025-05-03 16:30:00,724.9037103,3.027
2025-05-03 17:00:00,724.8557844,2.19
2025-05-03 17:30:00,724.9536756,2.055
2025-05-03 18:00:00,724.7854250999999,1.857
2025-05-03 18:30:00,724.6610217,1.744
2025-05-03 19:00:00,724.5876032999998,1.67
2025-05-03 19:30:00,724.3989588,2.67
2025-05-03 20:00:00,723.9829212,3.303
2025-05-03 20:30:00,723.9319362,3.776
2025-05-03 21:00:00,723.8238479999999,3.204
2025-05-03 21:30:00,723.7290158999999,2.571
2025-05-03 22:00:00,723.4883666999999,2.152
2025-05-03 22:30:00,722.9927925,2.116
2025-05-03 23:00:00,722.6287596,1.345
2025-05-03 23:30:00,722.4890606999999,1.353
2025-05-04 00:00:00,722.6216217,1.208
2025-05-04 00:30:00,722.6155034999999,1.614
2025-05-04 01:00:00,722.3819922,1.818
2025-05-04 01:30:00,722.1066731999999,1.349
2025-05-04 02:00:00,721.8303344999999,1.164
2025-05-04 02:30:00,721.7304038999999,0.819
2025-05-04 03:00:00,721.5101486999998,0.367
2025-05-04 03:30:00,721.4866956,0.173
2025-05-04 04:00:00,721.5213653999999,0.028
2025-05-04 04:30:00,721.3949226,-0.116
2025-05-04 05:00:00,721.0737170999998,-0.336
2025-05-04 05:30:00,720.8136936,-0.531
2025-05-04 06:00:00,720.4445622000001,-1.109
2025-05-04 06:30:00,720.0937854,-1.738
2025-05-04 07:00:00,720.0978642,-1.873
2025-05-04 07:30:00,719.9846775,-0.988
2025-05-04 08:00:00,719.7919542,-1.087
2025-05-04 08:30:00,719.4299606999999,-1.024
2025-05-04 09:00:00,719.1464841,-1.052
2025-05-04 09:30:00,719.0475732,-0.909
2025-05-04 10:00:00,718.9751744999999,-0.818
2025-05-04 10:30:00,718.9017561,-0.825
2025-05-04 11:00:00,718.6815008999998,-1.131
2025-05-04 11:30:00,718.5010139999999,-1.252
2025-05-04 12:00:00,718.4490093,-1.406
2025-05-04 12:30:00,718.3113497999999,-1.299
2025-05-04 13:00:00,718.4153591999999,-1.236
2025-05-04 13:30:00,718.3623348,-1.701
2025-05-04 14:00:00,718.5010139999999,-1.539
2025-05-04 14:30:00,718.6152204,-1.407
2025-05-04 15:00:00,718.7702148,0.101
2025-05-04 15:30:00,718.9384653,0.884
2025-05-04 16:00:00,718.9537607999999,1.948
2025-05-04 16:30:00,718.9456031999999,2.804
2025-05-04 17:00:00,719.2973996999999,3.035
2025-05-04 17:30:00,719.1067158,2.073
2025-05-04 18:00:00,719.0404352999999,4.934
2025-05-04 18:30:00,718.5591368999999,10.502
2025-05-04 19:00:00,719.3983499999999,8.224
2025-05-04 19:30:00,719.0414549999999,5.03
2025-05-04 20:00:00,719.0159625,6.804
2025-05-04 20:30:00,718.9139925,6.025
2025-05-04 21:00:00,718.8538302,6.071
2025-05-04 21:30:00,718.8395543999999,5.568
2025-05-04 22:00:00,718.5856490999998,5.931
2025-05-04 22:30:00,718.7059737,6.601
2025-05-04 23:00:00,718.68456,4.586
2025-05-04 23:30:00,718.7100525,3.881
2025-05-05 00:00:00,718.8762636,3.344
2025-05-05 00:30:00,718.9731351,3.099
2025-05-05 01:00:00,719.1719765999999,2.862
2025-05-05 01:30:00,719.4625910999998,2.139
2025-05-05 02:00:00,719.7929739,1.503
2025-05-05 02:30:00,719.9805987,1.187
2025-05-05 03:00:00,720.0764505,0.683
2025-05-05 03:30:00,720.2151296999999,0.549
2025-05-05 04:00:00,720.3048633,0.522
2025-05-05 04:30:00,720.6046551,0.515
2025-05-05 05:00:00,720.7372160999998,0.478
2025-05-05 05:30:00,720.9503334,0.483
2025-05-05 06:00:00,721.0421064,0.409
2025-05-05 06:30:00,720.8911907999999,0.366
2025-05-05 07:00:00,720.7841223,0.263
2025-05-05 07:30:00,721.1073672,0.286
2025-05-05 08:00:00,720.7698465,0.31
2025-05-05 08:30:00,721.0890125999999,0.206
2025-05-05 09:00:00,721.1767067999999,0.159
2025-05-05 09:30:00,721.0726974,0.162
2025-05-05 10:00:00,721.3102875,0.211
2025-05-05 10:30:00,721.4673212999999,0.057
2025-05-05 11:00:00,721.3633119,-0.162
2025-05-05 11:30:00,721.570311,-0.37
2025-05-05 12:00:00,721.5764291999999,-0.506
2025-05-05 12:30:00,721.509129,-0.577
2025-05-05 13:00:00,721.5417593999999,-0.593
2025-05-05 13:30:00,721.8129995999999,-0.464
2025-05-05 14:00:00,722.0149001999999,-0.182
2025-05-05 14:30:00,722.1617369999999,0.461
2025-05-05 15:00:00,722.4594893999999,1.174
2025-05-05 15:30:00,722.4564303,1.455
2025-05-05 16:00:00,722.3779134,2.307
2025-05-05 16:30:00,722.2259780999999,4.132
2025-05-05 17:00:00,722.2249584,3.661
2025-05-05 17:30:00,722.4900803999999,4.582
2025-05-05 18:00:00,722.8673693999999,5.837
2025-05-05 18:30:00,723.1161761999998,9.291
2025-05-05 19:00:00,722.5971488999999,12.984
2025-05-05 19:30:00,723.0407184,13.407
2025-05-05 20:00:00,723.2415993,9.651
2025-05-05 20:30:00,723.2038703999999,8.65
2025-05-05 21:00:00,723.2619933,8.26
2025-05-05 21:30:00,723.2864660999999,8.418
2025-05-05 22:00:00,723.2375205,8.416
2025-05-05 22:30:00,723.3262343999999,8.638
2025-05-05 23:00:00,723.4047512999999,8.257
2025-05-05 23:30:00,723.3761996999999,8.076
2025-05-06 00:00:00,723.5495487,7.342
2025-05-06 00:30:00,723.6637550999999,6.453
2025-05-06 01:00:00,723.7341144,5.662
2025-05-06 01:30:00,723.7759220999999,4.841
2025-05-06 02:00:00,723.7769417999999,3.576
2025-05-06 02:30:00,723.9115421999999,3.042
2025-05-06 03:00:00,724.2470234999998,2.521
2025-05-06 03:30:00,724.1725853999999,1.896
2025-05-06 04:00:00,724.4183330999999,1.439
2025-05-06 04:30:00,724.6304307,1.073
2025-05-06 05:00:00,725.1831080999999,0.623
2025-05-06 05:30:00,724.8700602,-0.39
2025-05-06 06:00:00,724.6171746,-0.578
2025-05-06 06:30:00,724.2969887999999,-1.146
2025-05-06 07:00:00,724.4377074,-1.245
2025-05-06 07:30:00,724.6181942999999,-1.315
2025-05-06 08:00:00,724.2551811,-1.665
2025-05-06 08:30:00,723.9247982999999,-2.135
2025-05-06 09:00:00,723.7698038999999,-2.243
2025-05-06 09:30:00,723.7718432999999,-2.115
2025-05-06 10:00:00,723.9492711,-2.18
2025-05-06 10:30:00,724.0777532999999,-2.49
2025-05-06 11:00:00,723.9900590999999,-3.006
2025-05-06 11:30:00,723.7157597999999,-3.333
2025-05-06 12:00:00,723.4649136,-3.622
2025-05-06 12:30:00,723.0631518,-3.934
2025-05-06 13:00:00,723.0264425999999,-4.103
2025-05-06 13:30:00,723.4129089,-4.091
2025-05-06 14:00:00,723.5862579,-3.975
2025-05-06 14:30:00,723.6076716,-3.725
2025-05-06 15:00:00,723.8697344999999,-0.839
2025-05-06 15:30:00,724.0165712999999,0.688
2025-05-06 16:00:00,723.9808817999999,2.666
2025-05-06 16:30:00,724.1827824,4.199
2025-05-06 17:00:00,724.0706154,5.062
2025-05-06 17:30:00,724.1583095999999,6.439
2025-05-06 18:00:00,724.5315198,8.477
2025-05-06 18:30:00,724.3877421,12.576
2025-05-06 19:00:00,724.486653,17.386
2025-05-06 19:30:00,724.9067693999999,15.263
2025-05-06 20:00:00,724.9302224999999,10.854
2025-05-06 20:30:00,724.9424588999999,9.417
2025-05-06 21:00:00,724.7813462999999,9.192
2025-05-06 21:30:00,724.8078585,8.844
2025-05-06 22:00:00,724.8619026,8.388
2025-05-06 22:30:00,724.8496661999999,8.672
2025-05-06 23:00:00,724.8547646999999,8.691
2025-05-06 23:30:00,725.0719607999998,8.359
2025-05-07 00:00:00,725.1831080999999,6.648
2025-05-07 00:30:00,725.3309645999999,6.005
2025-05-07 01:00:00,725.4655649999999,5.365
2025-05-07 01:30:00,725.7123323999999,4.497
2025-05-07 02:00:00,726.0549515999999,3.486
2025-05-07 02:30:00,726.2568521999999,2.666
2025-05-07 03:00:00,726.4312209,2.184
2025-05-07 03:30:00,726.2354385,1.751
2025-05-07 04:00:00,726.6208851,1.363
2025-05-07 04:30:00,726.7167369,0.84
2025-05-07 05:00:00,726.8289039,0.012
2025-05-07 05:30:00,726.8849873999999,-0.069
2025-05-07 06:00:00,727.0634349,-0.058
2025-05-07 06:30:00,726.9278147999999,-0.43
2025-05-07 07:00:00,727.0297847999999,-1.037
2025-05-07 07:30:00,727.2051732,-0.706
2025-05-07 08:00:00,726.9798194999998,-1.059
2025-05-07 08:30:00,726.8482782,-1.656
2025-05-07 09:00:00,726.8462387999999,-1.912
2025-05-07 09:30:00,727.0012331999999,-2.099
2025-05-07 10:00:00,726.9696225,-2.192
2025-05-07 10:30:00,726.9543269999999,-2.425
2025-05-07 11:00:00,726.9114996,-2.668
2025-05-07 11:30:00,727.1715230999998,-2.692
2025-05-07 12:00:00,727.1144199,-3.023
2025-05-07 12:30:00,726.9726816,-3.274
2025-05-07 13:00:00,727.2836901,-3.324
2025-05-07 13:30:00,727.5141422999999,-3.34
2025-05-07 14:00:00,727.6670972999999,-3.255
2025-05-07 14:30:00,727.8618599999999,-2.983
2025-05-07 15:00:00,728.3217447,0.785
2025-05-07 15:30:00,728.5042709999999,1.665
2025-05-07 16:00:00,728.9294859,4.17
2025-05-07 16:30:00,729.2088837,5.274
2025-05-07 17:00:00,729.4668678,6.272
2025-05-07 17:30:00,729.6137045999999,7.692
2025-05-07 18:00:00,729.7870535999999,9.919
2025-05-07 18:30:00,729.4413752999999,15.021
2025-05-07 19:00:00,729.5158133999998,20.944
2025-05-07 19:30:00,729.8747477999999,18.249
2025-05-07 20:00:00,730.084806,13.72
2025-05-07 20:30:00,730.0062890999999,12.329
2025-05-07 21:00:00,730.237761,11.607
2025-05-07 21:30:00,730.2805883999999,11.075
2025-05-07 22:00:00,730.3213764,10.871
2025-05-07 22:30:00,730.2979232999999,10.94
2025-05-07 23:00:00,730.3682825999999,11.061
2025-05-07 23:30:00,730.3978538999999,10.409
2025-05-08 00:00:00,730.4682131999999,9.548
2025-05-08 00:30:00,730.5181785,8.58
2025-05-08 01:00:00,730.4192675999999,7.454
2025-05-08 01:30:00,730.4539374,5.869
2025-05-08 02:00:00,730.4467994999999,4.448
2025-05-08 02:30:00,730.5803802,3.561
2025-05-08 03:00:00,730.7873792999999,2.96
2025-05-08 03:30:00,731.0249694,2.476
2025-05-08 04:00:00,731.0463831,2.093
2025-05-08 04:30:00,731.1106242,1.79
2025-05-08 05:00:00,731.2544019,1.458
2025-05-08 05:30:00,731.2217715,1.193
2025-05-08 06:00:00,731.3614704,1.105
2025-05-08 06:30:00,731.4981101999999,1.018
2025-05-08 07:00:00,731.5694891999999,0.828
2025-05-08 07:30:00,731.6174150999999,0.588
2025-05-08 08:00:00,731.5694891999999,0.409
2025-05-08 08:30:00,731.3798249999999,0.249
2025-05-08 09:00:00,731.2656186,-0.089
2025-05-08 09:30:00,731.2268699999998,-0.3
2025-05-08 10:00:00,731.2931504999999,-0.54
2025-05-08 10:30:00,731.2696974,-0.744
2025-05-08 11:00:00,731.3818643999999,-0.929
2025-05-08 11:30:00,731.3635098,-1.255
2025-05-08 12:00:00,731.3839037999999,-1.485
2025-05-08 12:30:00,731.4257114999999,-1.63
2025-05-08 13:00:00,731.5174844999999,-1.724
2025-05-08 13:30:00,731.8886553,-1.717
2025-05-08 14:00:00,732.0416103,-1.728
2025-05-08 14:30:00,732.1833485999999,-1.339
2025-05-08 15:00:00,732.6993167999999,3.311
2025-05-08 15:30:00,732.9236508,4.272
2025-05-08 16:00:00,733.1551227,5.761
2025-05-08 16:30:00,733.3345899,7.287
2025-05-08 17:00:00,733.4824464,8.162
2025-05-08 17:30:00,733.6731302999999,9.174
2025-05-08 18:00:00,733.9005234,11.064
2025-05-08 18:30:00,733.5579041999998,15.476
2025-05-08 19:00:00,733.6986228,20.993
2025-05-08 19:30:00,733.8862475999999,18.427
2025-05-08 20:00:00,734.0708132999999,14.089
2025-05-08 20:30:00,734.0320647,13.044
2025-05-08 21:00:00,734.0432814,12.819
2025-05-08 21:30:00,733.9810796999999,12.693
2025-05-08 22:00:00,733.8556565999999,12.714
2025-05-08 22:30:00,733.7108591999998,12.668
2025-05-08 23:00:00,733.6853666999999,12.698
2025-05-08 23:30:00,733.6476378,12.106
2025-05-09 00:00:00,733.7190168,11.143
2025-05-09 00:30:00,733.7220758999999,9.879
2025-05-09 01:00:00,733.7404305,8.757
2025-05-09 01:30:00,733.7465487,7.216
2025-05-09 02:00:00,733.8128291999999,5.785
2025-05-09 02:30:00,733.9158188999999,4.596
2025-05-09 03:00:00,734.1727833,3.825
2025-05-09 03:30:00,734.48991,3.418
2025-05-09 04:00:00,734.6601999,3.01
2025-05-09 04:30:00,734.7570714,2.744
2025-05-09 05:00:00,734.8886127,2.477
2025-05-09 05:30:00,734.8141746,2.24
2025-05-09 06:00:00,734.8223322,2.016
2025-05-09 06:30:00,734.8916717999999,1.922
2025-05-09 07:00:00,734.9895629999999,1.733
2025-05-09 07:30:00,734.9406174,1.662
2025-05-09 08:00:00,734.9049279,1.599
2025-05-09 08:30:00,734.7815441999999,1.42
2025-05-09 09:00:00,734.6469437999999,1.218
2025-05-09 09:30:00,734.500107,0.959
2025-05-09 10:00:00,734.4919493999998,0.666
2025-05-09 10:30:00,734.4450431999999,0.574
2025-05-09 11:00:00,734.4542204999999,0.449
2025-05-09 11:30:00,734.5419146999999,0.293
2025-05-09 12:00:00,734.4817524,0.057
2025-05-09 12:30:00,734.5480329,-0.093
2025-05-09 13:00:00,734.5480329,-0.208
2025-05-09 13:30:00,734.6877318,-0.188
2025-05-09 14:00:00,734.775426,-0.087
2025-05-09 14:30:00,734.8998293999999,0.471
2025-05-09 15:00:00,735.2057394,5.788
2025-05-09 15:30:00,735.1924832999999,6.487
2025-05-09 16:00:00,735.4117188,7.948
2025-05-09 16:30:00,735.4300734,8.414
2025-05-09 17:00:00,735.5493783,9.03
2025-05-09 17:30:00,735.6401315999999,10.087
2025-05-09 18:00:00,735.6860181,11.946
2025-05-09 18:30:00,735.3311624999999,16.229
2025-05-09 19:00:00,735.162912,22.868
2025-05-09 19:30:00,735.5595753,20.409
2025-05-09 20:00:00,735.4871765999999,15.794
2025-05-09 20:30:00,735.4025415,14.345
2025-05-09 21:00:00,735.3362609999999,13.908
2025-05-09 21:30:00,735.2424486,13.916
2025-05-09 22:00:00,735.1078481999999,13.903
2025-05-09 22:30:00,734.8335488999999,13.939
2025-05-09 23:00:00,734.6285892,14.026
2025-05-09 23:30:00,734.6143133999999,13.037
2025-05-10 00:00:00,734.6622392999999,11.993
2025-05-10 00:30:00,734.5245798,10.07
2025-05-10 01:00:00,734.5245798,8.18
2025-05-10 01:30:00,734.3318565,6.843
2025-05-10 02:00:00,734.3400140999998,5.474
2025-05-10 02:30:00,734.3298171,4.696
2025-05-10 03:00:00,734.4052748999999,3.999
2025-05-10 03:30:00,734.4848115,3.58
2025-05-10 04:00:00,734.6255301,3.239
2025-05-10 04:30:00,734.6938499999999,2.938
2025-05-10 05:00:00,734.6051361,2.72
2025-05-10 05:30:00,734.653062,2.518
2025-05-10 06:00:00,734.6163528,2.225
2025-05-10 06:30:00,734.4888902999999,2.051
2025-05-10 07:00:00,734.6204316,1.883
2025-05-10 07:30:00,734.4613583999999,1.771
2025-05-10 08:00:00,734.4001763999999,1.68
2025-05-10 08:30:00,734.1513695999998,1.62
2025-05-10 09:00:00,733.9321341,1.507
2025-05-10 09:30:00,733.8301640999999,1.37
2025-05-10 10:00:00,733.7547062999998,1.243
2025-05-10 10:30:00,733.6568151,1.179
2025-05-10 11:00:00,733.612968,0.998
2025-05-10 11:30:00,733.5405692999999,0.866
2025-05-10 12:00:00,733.2387381,0.689
2025-05-10 12:30:00,733.1214725999998,0.663
2025-05-10 13:00:00,733.1490044999999,0.615
2025-05-10 13:30:00,733.1194332,0.741
2025-05-10 14:00:00,733.0980195,0.865
2025-05-10 14:30:00,733.0215419999998,1.694
2025-05-10 15:00:00,733.2846245999999,6.592
2025-05-10 15:30:00,733.0184829,8.598
2025-05-10 16:00:00,733.3447868999999,9.061
2025-05-10 16:30:00,733.4661311999998,9.133
2025-05-10 17:00:00,733.4304417,9.634
2025-05-10 17:30:00,733.3590627,10.602
2025-05-10 18:00:00,733.5130374,12.447
2025-05-10 18:30:00,733.1724576,16.555
2025-05-10 19:00:00,733.0868027999999,22.336
2025-05-10 19:30:00,733.1173938,19.253
2025-05-10 20:00:00,733.1704181999999,15.608
2025-05-10 20:30:00,732.8838824999999,14.21
2025-05-10 21:00:00,732.7533609,13.897
2025-05-10 21:30:00,732.5188298999999,13.985
2025-05-10 22:00:00,732.3077519999999,14.039
2025-05-10 22:30:00,732.0079602,13.888
2025-05-10 23:00:00,731.9029311,13.628
2025-05-10 23:30:00,731.6684000999999,13.374
2025-05-11 00:00:00,731.7928035,12.384
2025-05-11 00:30:00,731.5246223999999,10.898
2025-05-11 01:00:00,731.2747958999998,10.316
2025-05-11 01:30:00,731.1993381,9.153
2025-05-11 02:00:00,731.1198015,8.058
2025-05-11 02:30:00,730.910763,7.274
2025-05-11 03:00:00,730.6191288,7.059
2025-05-11 03:30:00,730.6446212999999,6.857
2025-05-11 04:00:00,730.7027442,6.796
2025-05-11 04:30:00,730.5915968999999,6.323
2025-05-11 05:00:00,730.6293258,6.526
2025-05-11 05:30:00,730.5569270999999,6.614
2025-05-11 06:00:00,730.3825584,6.448
2025-05-11 06:30:00,730.3101596999999,6.027
2025-05-11 07:00:00,730.1612835,5.719
2025-05-11 07:30:00,729.9899739,5.347
2025-05-11 08:00:00,729.8461962,5.271
2025-05-11 08:30:00,729.7238322,5.386
2025-05-11 09:00:00,729.6728471999999,4.985
2025-05-11 09:30:00,729.5096952,4.732
2025-05-11 10:00:00,729.1742139,4.265
2025-05-11 10:30:00,729.2139822,3.903
2025-05-11 11:00:00,729.1935881999999,3.777
2025-05-11 11:30:00,729.0916182,3.383
2025-05-11 12:00:00,729.0477711,3.011
2025-05-11 12:30:00,728.5940046,2.459
2025-05-11 13:00:00,728.4196359,2.397
2025-05-11 13:30:00,728.2320111,3.286
2025-05-11 14:00:00,728.3074688999999,3.614
2025-05-11 14:30:00,728.4481874999999,4.69
2025-05-11 15:00:00,728.4002615999999,6.737
2025-05-11 15:30:00,727.8883721999999,7.931
2025-05-11 16:00:00,727.9668890999999,7.725
2025-05-11 16:30:00,727.9995195,7.637
2025-05-11 17:00:00,727.9628102999999,8.087
2025-05-11 17:30:00,727.9301799,8.917
2025-05-11 18:00:00,728.188164,10.273
2025-05-11 18:30:00,728.0311302,13.7
2025-05-11 19:00:00,727.8791948999999,19.329
2025-05-11 19:30:00,728.3431583999999,15.771
2025-05-11 20:00:00,728.4175965,12.781
2025-05-11 20:30:00,728.4461480999998,11.546
2025-05-11 21:00:00,728.2727990999999,11.083
2025-05-11 21:30:00,728.1810260999999,11.006
2025-05-11 22:00:00,727.7445945,10.61
2025-05-11 22:30:00,727.7619293999999,10.47
2025-05-11 23:00:00,727.5233195999999,10.322
2025-05-11 23:30:00,727.4274677999999,9.815
2025-05-12 00:00:00,727.2928674,8.589
2025-05-12 00:30:00,727.0236665999998,7.913
2025-05-12 01:00:00,726.9675831,7.2
2025-05-12 01:30:00,726.5066787,6.324
2025-05-12 02:00:00,726.2201429999999,5.42
2025-05-12 02:30:00,726.0835032,5.029
2025-05-12 03:00:00,725.7011157,4.908
2025-05-12 03:30:00,725.6215791,4.624
2025-05-12 04:00:00,725.3839889999999,4.491
2025-05-12 04:30:00,725.2973145,4.27
2025-05-12 05:00:00,724.7324006999999,4.216
2025-05-12 05:30:00,724.5631304999999,4.07
2025-05-12 06:00:00,724.3693874999999,4.037
2025-05-12 06:30:00,724.3551117,3.819
2025-05-12 07:00:00,724.3255403999999,3.603
2025-05-12 07:30:00,724.5039879,3.45
2025-05-12 08:00:00,724.5305000999999,3.263
2025-05-12 08:30:00,724.4305694999999,3.066
2025-05-12 09:00:00,724.4397467999999,2.905
2025-05-12 09:30:00,724.1950187999998,2.633
2025-05-12 10:00:00,723.7871388,2.444
2025-05-12 10:30:00,723.4577757,2.388
2025-05-12 11:00:00,723.1212746999998,2.373
2025-05-12 11:30:00,722.6399763000001,2.132
2025-05-12 12:00:00,722.5023167999999,2.073
2025-05-12 12:30:00,722.416662,1.942
2025-05-12 13:00:00,722.3921891999998,1.48
2025-05-12 13:30:00,722.2912388999998,1.501
2025-05-12 14:00:00,722.0740427999999,1.701
2025-05-12 14:30:00,721.9088513999999,2.407
2025-05-12 15:00:00,721.8211571999999,4.251
2025-05-12 15:30:00,721.7467191,5.406
2025-05-12 16:00:00,721.7426403,5.354
2025-05-12 16:30:00,721.7762903999999,4.794
2025-05-12 17:00:00,721.8119798999999,5.113
2025-05-12 17:30:00,721.7528373,5.472
2025-05-12 18:00:00,721.7049114,6.436
2025-05-12 18:30:00,721.0900323,9.907
2025-05-12 19:00:00,720.9217818,15.021
2025-05-12 19:30:00,720.8656983,10.817
2025-05-12 20:00:00,720.1998342,8.229
2025-05-12 20:30:00,720.2334843,7.159
2025-05-12 21:00:00,719.9153378999999,6.5
2025-05-12 21:30:00,719.6685704999999,5.98
2025-05-12 22:00:00,719.7837966,5.959
2025-05-12 22:30:00,719.80623,5.847
2025-05-12 23:00:00,719.745048,5.816
2025-05-12 23:30:00,719.6267627999999,5.133
2025-05-13 00:00:00,719.7226145999999,3.653
2025-05-13 00:30:00,719.8561952999999,2.432
2025-05-13 01:00:00,719.7939936,1.673
2025-05-13 01:30:00,719.6899841999999,1.026
2025-05-13 02:00:00,719.6318613,0.537
2025-05-13 02:30:00,719.5329503999999,-0.314
2025-05-13 03:00:00,719.3585817,-0.837
2025-05-13 03:30:00,719.3901923999999,-1.122
2025-05-13 04:00:00,719.5686398999999,-1.437
2025-05-13 04:30:00,719.3422664999999,-1.505
2025-05-13 05:00:00,719.4218030999999,-1.703
2025-05-13 05:30:00,719.50032,-1.877
2025-05-13 06:00:00,719.4819653999999,-2.018
2025-05-13 06:30:00,719.5931127,-2.222
2025-05-13 07:00:00,719.6135066999999,-2.42
2025-05-13 07:30:00,719.5451868,-2.645
2025-05-13 08:00:00,719.3351286,-2.603
2025-05-13 08:30:00,719.1780947999999,-2.819
2025-05-13 09:00:00,718.9201107,-3.047
2025-05-13 09:30:00,718.8854408999999,-3.357
2025-05-13 10:00:00,718.6549886999999,-3.644
2025-05-13 10:30:00,718.4337138,-3.828
2025-05-13 11:00:00,718.3368423,-3.967
2025-05-13 11:30:00,718.3939454999999,-4.066
2025-05-13 12:00:00,718.4133198,-4.066
2025-05-13 12:30:00,718.4826594,-4.072
2025-05-13 13:00:00,718.6203188999999,-4.08
2025-05-13 13:30:00,718.7498208,-4.069
2025-05-13 14:00:00,719.0098442999999,-3.892
2025-05-13 14:30:00,719.2199024999999,-3.644
2025-05-13 15:00:00,719.3534831999999,-2.448
2025-05-13 15:30:00,719.6553143999998,-0.285
2025-05-13 16:00:00,720.0081306,-1.805
2025-05-13 16:30:00,720.3894983999999,-1.428
2025-05-13 17:00:00,720.5995565999999,-1.297
2025-05-13 17:30:00,720.8075753999999,-0.307
2025-05-13 18:00:00,721.2195342,1.293
2025-05-13 18:30:00,721.3031496,4.515
2025-05-13 19:00:00,721.5376805999999,8.192
2025-05-13 19:30:00,721.6110989999999,5.808
2025-05-13 20:00:00,721.7100099,2.855
2025-05-13 20:30:00,721.6651430999999,-0.066
2025-05-13 21:00:00,721.8242162999999,-0.453
2025-05-13 21:30:00,721.9577969999999,-1.108
2025-05-13 22:00:00,721.9894077,-0.671
2025-05-13 22:30:00,721.7813888999999,-0.924
2025-05-13 23:00:00,721.8639845999999,-2.677
2025-05-13 23:30:00,721.7681327999999,-2.982
2025-05-14 00:00:00,721.9832895,-2.436
2025-05-14 00:30:00,722.0465109,-2.5
2025-05-14 01:00:00,722.1107519999999,-1.877
2025-05-14 01:30:00,722.2147613999999,-1.437
2025-05-14 02:00:00,722.3840316,-1.966
2025-05-14 02:30:00,722.5125138,-2.499
2025-05-14 03:00:00,722.5940897999999,-3.139
2025-05-14 03:30:00,722.6583308999999,-3.793
2025-05-14 04:00:00,723.0111471,-4.457
2025-05-14 04:30:00,723.2303825999999,-4.634
2025-05-14 05:00:00,723.1375899,-4.245
2025-05-14 05:30:00,723.1671612,-4.773
2025-05-14 06:00:00,723.2609735999999,-5.259
2025-05-14 06:30:00,723.0651912,-5.846
2025-05-14 07:00:00,723.1783778999999,-6.058
2025-05-14 07:30:00,723.2354810999999,-6.339
2025-05-14 08:00:00,723.1416687,-6.489
2025-05-14 08:30:00,722.9673,-6.7
2025-05-14 09:00:00,722.7868130999999,-6.678
2025-05-14 09:30:00,722.6338581,-6.739
2025-05-14 10:00:00,722.6583308999999,-6.816
2025-05-14 10:30:00,722.9785166999999,-6.936
2025-05-14 11:00:00,722.8989800999999,-7.17
2025-05-14 11:30:00,722.8561526999999,-7.283
2025-05-14 12:00:00,722.6726067,-7.141
2025-05-14 12:30:00,722.5543214999999,-7.203
2025-05-14 13:00:00,722.7348083999999,-7.161
2025-05-14 13:30:00,723.0437774999999,-7.244
2025-05-14 14:00:00,723.303801,-7.06
2025-05-14 14:30:00,723.6168488999999,-6.217
2025-05-14 15:00:00,723.9920985,-3.9
2025-05-14 15:30:00,724.4530028999999,-1.301
2025-05-14 16:00:00,724.8608829,-0.109
2025-05-14 16:30:00,725.0566653,-0.046
2025-05-14 17:00:00,725.0872562999999,0.504
2025-05-14 17:30:00,725.3605359,1.889
2025-05-14 18:00:00,725.5909881,3.859
2025-05-14 18:30:00,725.4033633,8.954
2025-05-14 19:00:00,725.5512198,14.048
2025-05-14 19:30:00,726.0682076999999,10.114
2025-05-14 20:00:00,726.2537930999999,7.227
2025-05-14 20:30:00,726.2772461999999,5.777
2025-05-14 21:00:00,726.3333296999999,5.91
2025-05-14 21:30:00,726.2344188,4.912
2025-05-14 22:00:00,726.2986598999998,5.319
2025-05-14 22:30:00,726.2028080999999,4.955
2025-05-14 23:00:00,726.1630397999999,6.01
2025-05-14 23:30:00,726.2242217999999,6.297
2025-05-15 00:00:00,726.2660295,4.935
2025-05-15 00:30:00,726.2435961,4.158
2025-05-15 01:00:00,726.1885323,3.297
2025-05-15 01:30:00,726.2007686999999,2.772
2025-05-15 02:00:00,726.1997489999999,2.219
2025-05-15 02:30:00,726.0508727999999,1.861
2025-05-15 03:00:00,726.1426458,1.471
2025-05-15 03:30:00,726.2650097999999,1.234
2025-05-15 04:00:00,726.4475360999999,0.851
2025-05-15 04:30:00,726.6637125,0.646
2025-05-15 05:00:00,726.7269339,0.334
2025-05-15 05:30:00,726.4883241,-0.412
2025-05-15 06:00:00,726.3781965,-0.943
2025-05-15 06:30:00,726.3384281999998,-0.736
2025-05-15 07:00:00,726.2527733999999,-0.918
2025-05-15 07:30:00,726.2966204999999,-0.976
2025-05-15 08:00:00,726.1834338,-0.688
2025-05-15 08:30:00,726.1977096,-1.072
2025-05-15 09:00:00,726.0437349,-1.526
2025-05-15 09:30:00,725.9172920999999,-1.775
2025-05-15 10:00:00,725.8877208,-1.969
2025-05-15 10:30:00,725.7653568,-2.27
2025-05-15 11:00:00,725.8397949,-2.453
2025-05-15 11:30:00,725.7266081999999,-2.741
2025-05-15 12:00:00,725.8265388,-2.983
2025-05-15 12:30:00,725.506353,-3.237
2025-05-15 13:00:00,725.6042442,-3.229
2025-05-15 13:30:00,726.0243605999999,-3.218
2025-05-15 14:00:00,726.3924722999999,-3.106
2025-05-15 14:30:00,726.3557630999999,-2.18
2025-05-15 15:00:00,726.8696919,0.255
2025-05-15 15:30:00,727.1745822,3.72
2025-05-15 16:00:00,727.4499012,3.459
2025-05-15 16:30:00,727.5121028999998,3.712
2025-05-15 17:00:00,727.5681864,4.45
2025-05-15 17:30:00,727.515162,5.72
2025-05-15 18:00:00,727.65792,7.253
2025-05-15 18:30:00,727.413192,11.695
2025-05-15 19:00:00,727.3754630999999,16.606
2025-05-15 19:30:00,727.9577117999999,13.32
2025-05-15 20:00:00,727.8944904,10.255
2025-05-15 20:30:00,727.9974801,9.696
2025-05-15 21:00:00,728.1596123999999,9.549
2025-05-15 21:30:00,728.1239228999999,9.389
2025-05-15 22:00:00,728.0382681,9.399
2025-05-15 22:30:00,727.9322192999999,9.298
2025-05-15 23:00:00,728.0831349,9.046
2025-05-15 23:30:00,728.1494153999998,8.516
2025-05-16 00:00:00,728.0953713,7.817
2025-05-16 00:30:00,728.1361592999999,6.784
2025-05-16 01:00:00,727.9006085999998,5.935
2025-05-16 01:30:00,727.8078159,5.412
2025-05-16 02:00:00,727.8098552999999,4.569
2025-05-16 02:30:00,727.8424857,3.649
2025-05-16 03:00:00,727.821072,2.957
2025-05-16 03:30:00,727.8190325999999,2.392
2025-05-16 04:00:00,727.9230419999999,1.809
2025-05-16 04:30:00,727.9791254999999,1.45
2025-05-16 05:00:00,727.9199828999999,1.481
2025-05-16 05:30:00,727.8343281,1.53
2025-05-16 06:00:00,727.5651272999999,1.076
2025-05-16 06:30:00,727.3683251999998,0.376
2025-05-16 07:00:00,727.3091826,-0.357
2025-05-16 07:30:00,727.2418823999999,-0.853
2025-05-16 08:00:00,727.1113607999999,-1.134
2025-05-16 08:30:00,726.8982434999999,-1.263
2025-05-16 09:00:00,726.7106186999999,-1.345
2025-05-16 09:30:00,726.5800971,-1.384
2025-05-16 10:00:00,726.2762265,-1.537
2025-05-16 10:30:00,726.2191233,-1.612
2025-05-16 11:00:00,726.1977096,-1.5
2025-05-16 11:30:00,726.1946504999999,-1.27
2025-05-16 12:00:00,726.1926111,-0.941
2025-05-16 12:30:00,726.1242911999999,-0.628
2025-05-16 13:00:00,726.0712668,-0.393
2025-05-16 13:30:00,726.1885323,0.023
2025-05-16 14:00:00,726.1946504999999,0.674
2025-05-16 14:30:00,726.0763652999999,2.064
2025-05-16 15:00:00,726.3078371999999,4.335
2025-05-16 15:30:00,726.3363888,6.836
2025-05-16 16:00:00,726.3251720999999,6.188
2025-05-16 16:30:00,726.4149057,6.57
2025-05-16 17:00:00,726.6861459,6.741
2025-05-16 17:30:00,726.7901552999999,7.467
2025-05-16 18:00:00,726.8411402999999,8.3
2025-05-16 18:30:00,726.8543963999999,10.625
2025-05-16 19:00:00,726.6657518999999,15.085
2025-05-16 19:30:00,726.9533072999999,14.095
2025-05-16 20:00:00,727.015509,11.722
2025-05-16 20:30:00,726.9512679,10.992
2025-05-16 21:00:00,726.9114996,10.722
2025-05-16 21:30:00,726.9940952999999,10.39
2025-05-16 22:00:00,726.9114996,9.414
2025-05-16 22:30:00,726.6535154999999,9.092
2025-05-16 23:00:00,726.393492,9.56
2025-05-16 23:30:00,726.3781965,10.061
2025-05-17 00:00:00,726.4179647999999,9.536
2025-05-17 00:30:00,726.2772461999999,9.119
2025-05-17 01:00:00,726.7106186999999,8.026
2025-05-17 01:30:00,726.63822,6.671
2025-05-17 02:00:00,726.6851262,6.003
2025-05-17 02:30:00,726.3649403999999,5.64
2025-05-17 03:00:00,726.2558324999999,4.432
2025-05-17 03:30:00,726.7106186999999,3.551
2025-05-17 04:00:00,726.7901552999999,3.084
2025-05-17 04:30:00,726.8931449999999,2.806
2025-05-17 05:00:00,726.6463775999999,2.283
2025-05-17 05:30:00,726.3486251999999,1.75
2025-05-17 06:00:00,726.4403981999999,1.344
2025-05-17 06:30:00,726.3119159999999,1.068
2025-05-17 07:00:00,726.3241524,0.815
2025-05-17 07:30:00,726.1742565,0.646
2025-05-17 08:00:00,726.271128,0.425
2025-05-17 08:30:00,725.9030162999999,0.287
2025-05-17 09:00:00,725.2381718999999,0.248
2025-05-17 09:30:00,725.0117984999999,0.172
2025-05-17 10:00:00,724.3958996999999,0.035
2025-05-17 10:30:00,724.5641502,-0.045
2025-05-17 11:00:00,724.5121455,0.008
2025-05-17 11:30:00,723.8544389999998,-0.119
2025-05-17 12:00:00,723.6861885,-0.22
2025-05-17 12:30:00,723.2048901,0.639
2025-05-17 13:00:00,723.1916339999999,1.423
2025-05-17 13:30:00,723.0825260999999,1.627
2025-05-17 14:00:00,722.6399763000001,1.879
2025-05-17 14:30:00,722.5237304999999,2.201
2025-05-17 15:00:00,722.7653994,3.265
2025-05-17 15:30:00,721.5346215,3.89
2025-05-17 16:00:00,721.0665792,4.782
2025-05-17 16:30:00,722.4217605,4.079
2025-05-17 17:00:00,722.2657463999999,2.129
2025-05-17 17:30:00,722.4645879,2.174
2025-05-17 18:00:00,721.6508673,4.775
2025-05-17 18:30:00,721.0869731999999,6.533
2025-05-17 19:00:00,721.3765679999999,6.676
2025-05-17 19:30:00,721.0492442999999,5.607
2025-05-17 20:00:00,721.7018522999998,5.171
2025-05-17 20:30:00,721.590705,4.791
2025-05-17 21:00:00,721.8038222999999,4.248
2025-05-17 21:30:00,721.9700333999999,3.68
2025-05-17 22:00:00,721.8894771,3.265
2025-05-17 22:30:00,722.1229883999999,3.052
2025-05-17 23:00:00,721.8853982999999,2.651
2025-05-17 23:30:00,721.8935559,2.426
2025-05-18 00:00:00,721.9047725999999,2.613
2025-05-18 00:30:00,722.1678552,2.157
2025-05-18 01:00:00,722.2025249999999,1.626
2025-05-18 01:30:00,722.3350859999999,0.942
2025-05-18 02:00:00,722.3768937,0.311
2025-05-18 02:30:00,722.3799528,0.067
2025-05-18 03:00:00,722.6053065,-0.347
2025-05-18 03:30:00,722.7154340999999,-0.31
2025-05-18 04:00:00,723.0447972,-0.371
2025-05-18 04:30:00,723.2456781,-0.489
2025-05-18 05:00:00,723.2670918,-0.722
2025-05-18 05:30:00,723.3680421,-1.055
2025-05-18 06:00:00,723.2548554,-1.535
2025-05-18 06:30:00,723.1141368,-2.012
2025-05-18 07:00:00,723.1518656999999,-2.32
2025-05-18 07:30:00,723.06927,-2.755
2025-05-18 08:00:00,723.0458169,-3.181
2025-05-18 08:30:00,723.1039397999999,-3.566
2025-05-18 09:00:00,722.9214135,-3.901
2025-05-18 09:30:00,722.7868130999999,-4.069
2025-05-18 10:00:00,722.6634293999999,-4.234
2025-05-18 10:30:00,722.7266508,-4.413
2025-05-18 11:00:00,722.8276011,-4.534
2025-05-18 11:30:00,722.8938815999999,-4.65
2025-05-18 12:00:00,722.9805561000001,-4.663
2025-05-18 12:30:00,723.1222943999999,-4.615
2025-05-18 13:00:00,723.1967324999999,-4.587
2025-05-18 13:30:00,723.3507072,-4.366
2025-05-18 14:00:00,723.5831988,-4.25
2025-05-18 14:30:00,723.6168488999999,-1.766
2025-05-18 15:00:00,724.3520525999999,1.136
2025-05-18 15:30:00,724.4631999,3.481
2025-05-18 16:00:00,724.6865142,2.838
2025-05-18 16:30:00,724.7028293999999,2.871
2025-05-18 17:00:00,724.7864447999999,3.624
2025-05-18 17:30:00,725.0454486,4.514
2025-05-18 18:00:00,725.3697131999999,5.986
2025-05-18 18:30:00,725.3544177,10.481
2025-05-18 19:00:00,725.3064918,15.942
2025-05-18 19:30:00,725.7031551,13.318
2025-05-18 20:00:00,726.0151832999999,9.626
2025-05-18 20:30:00,726.2068868999999,8.527
2025-05-18 21:00:00,726.1324488,8.123
2025-05-18 21:30:00,726.2517536999999,8.229
2025-05-18 22:00:00,726.4709892,8.31
2025-05-18 22:30:00,726.5127968999999,8.657
2025-05-18 23:00:00,726.5056589999999,8.943
2025-05-18 23:30:00,726.5760183,8.792
2025-05-19 00:00:00,726.6208851,8.146
2025-05-19 00:30:00,726.8911056,7.502
2025-05-19 01:00:00,726.8921252999999,7.359
2025-05-19 01:30:00,726.9369920999999,7.03
2025-05-19 02:00:00,727.2010944,6.378
2025-05-19 02:30:00,727.3316159999999,4.994
2025-05-19 03:00:00,727.7211414,3.786
2025-05-19 03:30:00,728.1208637999999,3.306
2025-05-19 04:00:00,728.3798676,3.152
2025-05-19 04:30:00,728.6296940999998,3.144
2025-05-19 05:00:00,728.7897869999999,2.85
2025-05-19 05:30:00,728.8050824999999,2.551
2025-05-19 06:00:00,728.6745609,1.722
2025-05-19 06:30:00,728.5165073999999,0.773
2025-05-19 07:00:00,728.2534248,-0.163
2025-05-19 07:30:00,728.0535635999998,-0.582
2025-05-19 08:00:00,728.1280016999999,-0.68
2025-05-19 08:30:00,728.0035982999999,-0.974
2025-05-19 09:00:00,727.8904116,-1.205
2025-05-19 09:30:00,727.7649885,-1.468
2025-05-19 10:00:00,727.851663,-1.614
2025-05-19 10:30:00,727.8486039,-1.756
2025-05-19 11:00:00,728.0280710999999,-1.835
2025-05-19 11:30:00,728.1361592999999,-1.968
2025-05-19 12:00:00,728.2636217999999,-2.143
2025-05-19 12:30:00,728.3390796,-2.27
2025-05-19 13:00:00,728.4247343999999,-2.282
2025-05-19 13:30:00,728.6562062999999,-2.25
2025-05-19 14:00:00,729.0131013,-2.068
2025-05-19 14:30:00,729.3954888,1.59
2025-05-19 15:00:00,730.0756286999999,4.692
2025-05-19 15:30:00,730.2652929,7.057
2025-05-19 16:00:00,730.2163472999999,6.634
2025-05-19 16:30:00,730.4274252,6.792
2025-05-19 17:00:00,730.5997544999999,7.594
2025-05-19 17:30:00,730.9586889,7.98
2025-05-19 18:00:00,730.951551,9.044
2025-05-19 18:30:00,730.8485612999999,12.754
2025-05-19 19:00:00,730.9648070999999,17.512
2025-05-19 19:30:00,731.1534515999999,15.705
2025-05-19 20:00:00,731.3400567,12.599
2025-05-19 20:30:00,731.2829535,11.843
2025-05-19 21:00:00,731.2595004,11.702
2025-05-19 21:30:00,731.4236720999999,11.242
2025-05-19 22:00:00,731.3920614,11.237
2025-05-19 22:30:00,731.1605895,11.442
2025-05-19 23:00:00,731.2146336,11.444
2025-05-19 23:30:00,731.1544713,10.706
2025-05-20 00:00:00,731.1157227,10.084
2025-05-20 00:30:00,731.0963483999999,9.331
2025-05-20 01:00:00,731.1391758,8.642
2025-05-20 01:30:00,731.0820726,7.726
2025-05-20 02:00:00,730.9801025999999,6.39
2025-05-20 02:30:00,730.9627677,4.924
2025-05-20 03:00:00,730.869975,4.133
2025-05-20 03:30:00,731.0168118,3.445
2025-05-20 04:00:00,731.0769741,2.63
2025-05-20 04:30:00,731.0606589,1.934
2025-05-20 05:00:00,730.9168811999999,1.548
2025-05-20 05:30:00,730.7547489,1.116
2025-05-20 06:00:00,730.6405424999999,0.692
2025-05-20 06:30:00,730.5375527999998,0.22
2025-05-20 07:00:00,730.4478191999999,-0.305
2025-05-20 07:30:00,730.3998932999999,-0.689
2025-05-20 08:00:00,730.2020714999999,-0.953
2025-05-20 08:30:00,730.0062890999999,-1.103
2025-05-20 09:00:00,729.8696492999999,-1.379
2025-05-20 09:30:00,729.8115263999999,-1.571
2025-05-20 10:00:00,729.5515029,-1.795
2025-05-20 10:30:00,729.5147937,-1.873
2025-05-20 11:00:00,729.4801239,-1.966
2025-05-20 11:30:00,729.3210506999999,-2.116
2025-05-20 12:00:00,729.3343067999999,-2.218
2025-05-20 12:30:00,729.2843414999999,-2.353
2025-05-20 13:00:00,729.2874006,-2.408
2025-05-20 13:30:00,729.4729859999999,-2.345
2025-05-20 14:00:00,729.5790347999999,-2.188
2025-05-20 14:30:00,729.7421868,1.749
2025-05-20 15:00:00,730.3662432,4.313
2025-05-20 15:30:00,730.3417703999999,6.288
2025-05-20 16:00:00,730.5416315999998,6.792
2025-05-20 16:30:00,730.666035,7.056
2025-05-20 17:00:00,730.7547489,8.006
2025-05-20 17:30:00,730.9780631999998,8.747
2025-05-20 18:00:00,731.1789440999999,10.224
2025-05-20 18:30:00,730.9026054,14.537
2025-05-20 19:00:00,730.8240885,20.721
2025-05-20 19:30:00,731.1636486,18.08
2025-05-20 20:00:00,731.3166036,14.032
2025-05-20 20:30:00,731.3951205,12.821
2025-05-20 21:00:00,731.3206823999999,12.627
2025-05-20 21:30:00,731.3686082999999,12.529
2025-05-20 22:00:00,731.3104854,12.717
2025-05-20 22:30:00,731.1769046999999,12.872
2025-05-20 23:00:00,731.1412151999999,13.057
2025-05-20 23:30:00,731.1738456,12.406
2025-05-21 00:00:00,731.0953287,11.72
2025-05-21 00:30:00,731.0208906,11.019
2025-05-21 01:00:00,730.9811222999999,10.308
2025-05-21 01:30:00,731.0983878,8.529
2025-05-21 02:00:00,730.9913192999999,6.473
2025-05-21 02:30:00,731.0769741,5.27
2025-05-21 03:00:00,731.1208212,4.424
2025-05-21 03:30:00,731.2105548,3.745
2025-05-21 04:00:00,731.4022583999999,3.252
2025-05-21 04:30:00,731.4430464,2.809
2025-05-21 05:00:00,731.4440661,2.42
2025-05-21 05:30:00,731.2829535,2.101
2025-05-21 06:00:00,731.1605895,1.836
2025-05-21 06:30:00,730.9811222999999,1.686
2025-05-21 07:00:00,730.7996156999999,1.44
2025-05-21 07:30:00,730.7496504,1.258
2025-05-21 08:00:00,730.7353745999999,0.922
2025-05-21 08:30:00,730.574262,0.654
2025-05-21 09:00:00,730.4508782999999,0.339
2025-05-21 09:30:00,730.1908548,0.185
2025-05-21 10:00:00,730.0103678999999,-0.105
2025-05-21 10:30:00,729.8145854999999,-0.189
2025-05-21 11:00:00,729.8370189,-0.437
2025-05-21 11:30:00,729.9298116,-0.719
2025-05-21 12:00:00,729.9073781999999,-0.907
2025-05-21 12:30:00,729.9032994,-0.966
2025-05-21 13:00:00,729.8421174,-0.997
2025-05-21 13:30:00,729.9022797,-0.954
2025-05-21 14:00:00,729.9196145999999,-0.889
2025-05-21 14:30:00,730.1102984999999,3.611
2025-05-21 15:00:00,730.7792217,6.639
2025-05-21 15:30:00,730.6986653999999,7.057
2025-05-21 16:00:00,730.645641,7.845
2025-05-21 16:30:00,730.778202,8.324
2025-05-21 17:00:00,730.9066842,9.11
2025-05-21 17:30:00,731.094309,9.869
2025-05-21 18:00:00,731.094309,11.347
2025-05-21 18:30:00,730.9852010999999,15.467
2025-05-21 19:00:00,730.8516203999999,21.448
2025-05-21 19:30:00,731.0606589,19.464
2025-05-21 20:00:00,731.1687471,15.759
2025-05-21 20:30:00,731.1993381,14.35
2025-05-21 21:00:00,731.2207518,13.993
2025-05-21 21:30:00,731.2411457999999,13.747
2025-05-21 22:00:00,731.2197320999999,13.808
2025-05-21 22:30:00,731.1228605999999,13.787
2025-05-21 23:00:00,731.1045059999999,13.704
2025-05-21 23:30:00,731.1891410999999,13.147
2025-05-22 00:00:00,731.2513428,12.331
2025-05-22 00:30:00,731.2360472999999,11.653
2025-05-22 01:00:00,731.2023972,10.867
2025-05-22 01:30:00,731.3400567,9.8
2025-05-22 02:00:00,731.2829535,7.989
2025-05-22 02:30:00,731.1412151999999,6.268
2025-05-22 03:00:00,731.1738456,5.229
2025-05-22 03:30:00,731.2197320999999,4.371
2025-05-22 04:00:00,731.2523625,3.652
2025-05-22 04:30:00,731.1820031999999,3.115
2025-05-22 05:00:00,731.3441355,2.71
2025-05-22 05:30:00,731.2289093999999,2.468
2025-05-22 06:00:00,730.8240885,2.172
2025-05-22 06:30:00,730.6813304999998,1.914
2025-05-22 07:00:00,730.5569270999999,2.046
2025-05-22 07:30:00,730.523277,2.116
2025-05-22 08:00:00,730.3417703999999,1.962
2025-05-22 08:30:00,730.3356522,1.834
2025-05-22 09:00:00,730.2051306,1.679
2025-05-22 09:30:00,729.850275,1.25
2025-05-22 10:00:00,729.6075863999998,1.215
2025-05-22 10:30:00,729.4994982,1.229
2025-05-22 11:00:00,729.432198,1.179
2025-05-22 11:30:00,729.3057552,1.313
2025-05-22 12:00:00,729.0385938,0.677
2025-05-22 12:30:00,728.9723133,0.469
2025-05-22 13:00:00,728.7326838,0.373
2025-05-22 13:30:00,729.1150713,1.615
2025-05-22 14:00:00,729.3832524,2.704
2025-05-22 14:30:00,729.1038546,8.267
2025-05-22 15:00:00,729.8359992,11.118
2025-05-22 15:30:00,729.656532,9.774
2025-05-22 16:00:00,729.7054776,8.761
2025-05-22 16:30:00,729.8543538,8.341
2025-05-22 17:00:00,730.0603332,8.782
2025-05-22 17:30:00,730.1877956999999,9.199
2025-05-22 18:00:00,730.3489083,10.302
2025-05-22 18:30:00,730.1806578,13.739
2025-05-22 19:00:00,729.9746783999999,18.767
2025-05-22 19:30:00,730.1510864999999,17.235
2025-05-22 20:00:00,730.3213764,13.761
2025-05-22 20:30:00,730.2408200999998,12.727
2025-05-22 21:00:00,730.2826278,12.269
2025-05-22 21:30:00,730.2601943999999,12.134
2025-05-22 22:00:00,730.2438792,12.291
2025-05-22 22:30:00,729.9644814,12.254
2025-05-22 23:00:00,729.8033688,12.302
2025-05-22 23:30:00,729.7330095,11.548
2025-05-23 00:00:00,729.7319898,10.811
2025-05-23 00:30:00,729.6351182999999,10.246
2025-05-23 01:00:00,729.5963697,9.453
2025-05-23 01:30:00,729.4576905,8.694
2025-05-23 02:00:00,729.3149324999998,7.52
2025-05-23 02:30:00,729.1935881999999,6.439
2025-05-23 03:00:00,729.1436229,6.036
2025-05-23 03:30:00,729.2415140999999,5.141
2025-05-23 04:00:00,729.3424643999999,4.597
2025-05-23 04:30:00,729.3761144999999,4.502
2025-05-23 05:00:00,729.3557205,4.075
2025-05-23 05:30:00,729.1793124,3.762
2025-05-23 06:00:00,729.0865196999999,3.83
2025-05-23 06:30:00,728.9213283,3.808
2025-05-23 07:00:00,728.7163686,3.793
2025-05-23 07:30:00,728.4308526,3.637
2025-05-23 08:00:00,728.2646414999999,3.131
2025-05-23 08:30:00,728.0117558999999,2.536
2025-05-23 09:00:00,727.7354171999999,2.424
2025-05-23 09:30:00,727.6793336999999,2.127
2025-05-23 10:00:00,727.3040841,2.62
2025-05-23 10:30:00,727.3448721,2.953
2025-05-23 11:00:00,727.2235278,1.604
2025-05-23 11:30:00,726.9451496999999,0.756
2025-05-23 12:00:00,726.8564358,0.433
2025-05-23 12:30:00,726.9349526999999,0.652
2025-05-23 13:00:00,726.9614649,1.043
2025-05-23 13:30:00,726.7942340999999,0.736
2025-05-23 14:00:00,726.8605146,0.666
2025-05-23 14:30:00,726.719796,5.659
2025-05-23 15:00:00,727.4325663,9.418
2025-05-23 15:30:00,727.3224386999999,7.637
2025-05-23 16:00:00,727.3326357,6.931
2025-05-23 16:30:00,727.2490203,7.154
2025-05-23 17:00:00,727.3764828,7.957
2025-05-23 17:30:00,727.5253589999999,8.467
2025-05-23 18:00:00,727.7558112,9.736
2025-05-23 18:30:00,727.6803534,13.488
2025-05-23 19:00:00,727.3407933,19.797
2025-05-23 19:30:00,727.7201216999999,18.714
2025-05-23 20:00:00,727.7843627999999,14.159
2025-05-23 20:30:00,727.7354171999999,12.788
2025-05-23 21:00:00,727.65792,12.491
2025-05-23 21:30:00,727.6793336999999,12.15
2025-05-23 22:00:00,727.5019059,12.084
2025-05-23 22:30:00,727.3326357,12.414
2025-05-23 23:00:00,727.2592172999999,12.361
2025-05-23 23:30:00,727.0318241999998,11.982
2025-05-24 00:00:00,727.0236665999998,11.198
2025-05-24 00:30:00,727.0613955,10.731
2025-05-24 01:00:00,726.9053813999999,10.169
2025-05-24 01:30:00,726.9522876,9.53
2025-05-24 02:00:00,726.9655437,8.593
2025-05-24 02:30:00,727.2775718999999,7.678
2025-05-24 03:00:00,727.5477923999999,6.769
2025-05-24 03:30:00,727.5753242999999,5.656
2025-05-24 04:00:00,727.6161122999999,4.814
2025-05-24 04:30:00,727.5192407999999,4.412
2025-05-24 05:00:00,727.4723346,3.814
2025-05-24 05:30:00,727.6089743999999,3.377
2025-05-24 06:00:00,727.6222304999999,2.914
2025-05-24 06:30:00,727.4886498,3.042
2025-05-24 07:00:00,727.3693448999999,3.27
2025-05-24 07:30:00,727.3020447,2.683
2025-05-24 08:00:00,727.1388926999999,2.15
2025-05-24 08:30:00,727.0073514,1.585
2025-05-24 09:00:00,726.8758101,1.397
2025-05-24 09:30:00,726.8951844,1.154
2025-05-24 10:00:00,726.7544657999999,1.15
2025-05-24 10:30:00,726.6708504,0.907
2025-05-24 11:00:00,726.6677913,0.745
2025-05-24 11:30:00,726.7208157,0.548
2025-05-24 12:00:00,726.729993,0.396
2025-05-24 12:30:00,726.6494366999999,0.107
2025-05-24 13:00:00,726.7452884999999,0.159
2025-05-24 13:30:00,726.9716619,0.248
2025-05-24 14:00:00,727.1490897,0.494
2025-05-24 14:30:00,727.3254977999999,3.789
2025-05-24 15:00:00,727.841466,8.375
2025-05-24 15:30:00,727.8740964,7.631
2025-05-24 16:00:00,728.0321498999999,7.552
2025-05-24 16:30:00,727.974027,7.818
2025-05-24 17:00:00,728.1555335999999,8.292
2025-05-24 17:30:00,728.2911537,8.899
2025-05-24 18:00:00,728.4522662999999,10.195
2025-05-24 18:30:00,728.4920345999999,13.684
2025-05-24 19:00:00,728.2503656999999,17.768
2025-05-24 19:30:00,728.5267044,18.213
2025-05-24 20:00:00,728.7031125,14.229
2025-05-24 20:30:00,728.7255458999999,13.312
2025-05-24 21:00:00,728.6123591999999,13.188
2025-05-24 21:30:00,728.6276547,13.105
2025-05-24 22:00:00,728.5746303,12.157
2025-05-24 22:30:00,728.6184774,10.642
2025-05-24 23:00:00,728.6582457,9.527
2025-05-24 23:30:00,728.7092306999999,8.739
2025-05-25 00:00:00,728.8468902,8.401
2025-05-25 00:30:00,728.9621162999999,8.296
2025-05-25 01:00:00,729.1742139,7.11
2025-05-25 01:30:00,729.7697186999999,6.396
2025-05-25 02:00:00,729.8869841999999,5.872
2025-05-25 02:30:00,730.1653623,5.591
2025-05-25 03:00:00,730.1378304,5.3
2025-05-25 03:30:00,730.0521756,4.552
2025-05-25 04:00:00,729.9175751999999,3.65
2025-05-25 04:30:00,729.9134963999999,2.808
2025-05-25 05:00:00,730.00323,2.34
2025-05-25 05:30:00,730.0990818,2.198
2025-05-25 06:00:00,729.9716192999999,1.92
2025-05-25 06:30:00,729.9787571999999,1.617
2025-05-25 07:00:00,729.9716192999999,1.442
2025-05-25 07:30:00,730.0124073,1.283
2025-05-25 08:00:00,729.9553041,1.289
2025-05-25 08:30:00,729.8757674999999,1.153
2025-05-25 09:00:00,729.7411671,1.001
2025-05-25 09:30:00,729.7003791,0.778
2025-05-25 10:00:00,729.7646201999999,0.664
2025-05-25 10:30:00,729.6310394999999,0.531
2025-05-25 11:00:00,729.6799851,0.589
2025-05-25 11:30:00,729.6473546999999,0.404
2025-05-25 12:00:00,729.6912017999999,0.224
2025-05-25 12:30:00,729.6830441999999,0.125
2025-05-25 13:00:00,729.8686296,0.051
2025-05-25 13:30:00,730.0501361999999,0.11
2025-05-25 14:00:00,730.2112487999999,0.148
2025-05-25 14:30:00,730.3427900999999,5.391
2025-05-25 15:00:00,730.9128023999999,9.457
2025-05-25 15:30:00,730.859778,7.616
2025-05-25 16:00:00,730.8913886999999,7.764
2025-05-25 16:30:00,730.8373445999999,8.425
2025-05-25 17:00:00,730.8689552999999,9.251
2025-05-25 17:30:00,730.9994769,9.925
2025-05-25 18:00:00,731.0841119999999,11.513
2025-05-25 18:30:00,730.8893492999999,15.706
2025-05-25 19:00:00,730.6945865999999,20.845
2025-05-25 19:30:00,730.8985266,20.503
2025-05-25 20:00:00,730.8179703,15.83
2025-05-25 20:30:00,730.8118521,14.69
2025-05-25 21:00:00,730.7333352,14.241
2025-05-25 21:30:00,730.6048529999999,14.384
2025-05-25 22:00:00,730.6670547,14.377
2025-05-25 22:30:00,730.5365331,14.477
2025-05-25 23:00:00,730.5324543,13.9
2025-05-25 23:30:00,730.4998238999999,13.36
2025-05-26 00:00:00,730.4753511,12.974
2025-05-26 00:30:00,730.5773211,12.138
2025-05-26 01:00:00,730.339731,11.056
2025-05-26 01:30:00,730.2204260999999,10.411
2025-05-26 02:00:00,730.1908548,9.262
2025-05-26 02:30:00,730.2724307999999,8.651
2025-05-26 03:00:00,730.3774599,7.102
2025-05-26 03:30:00,730.3958144999999,5.855
2025-05-26 04:00:00,730.4947253999999,5.109
2025-05-26 04:30:00,730.5242966999999,4.446
2025-05-26 05:00:00,730.482489,3.815
2025-05-26 05:30:00,730.339731,3.438
2025-05-26 06:00:00,730.2469382999999,2.939
2025-05-26 06:30:00,730.1877956999999,2.616
2025-05-26 07:00:00,730.0582937999999,2.356
2025-05-26 07:30:00,729.8319204,2.036
2025-05-26 08:00:00,729.6218621999999,1.826
2025-05-26 08:30:00,729.3496022999999,1.648
2025-05-26 09:00:00,729.1303667999999,1.661
2025-05-26 09:30:00,729.1324061999999,1.696
2025-05-26 10:00:00,728.9590572,1.49
2025-05-26 10:30:00,728.7714324,1.157
2025-05-26 11:00:00,728.6490683999999,0.83
2025-05-26 11:30:00,728.3350008,0.43
2025-05-26 12:00:00,728.096391,-0.026
2025-05-26 12:30:00,728.3003309999999,-0.295
2025-05-26 13:00:00,728.1891837,-0.415
2025-05-26 13:30:00,728.2269126,0.183
2025-05-26 14:00:00,728.3156264999999,0.939
2025-05-26 14:30:00,728.4726602999999,1.665
2025-05-26 15:00:00,728.7897869999999,2.264
2025-05-26 15:30:00,728.9621162999999,2.896
2025-05-26 16:00:00,728.9213283,3.836
2025-05-26 16:30:00,728.5991030999999,5.096
2025-05-26 17:00:00,728.7071913,6.262
2025-05-26 17:30:00,728.7377822999999,7.405
2025-05-26 18:00:00,728.9947467,8.336
2025-05-26 18:30:00,729.1028349,9.074
2025-05-26 19:00:00,729.0742833,9.96
2025-05-26 19:30:00,729.0783621,11.089
2025-05-26 20:00:00,728.9692542,11.226
2025-05-26 20:30:00,728.9254071,11.171
2025-05-26 21:00:00,728.7673536,12.027
2025-05-26 21:30:00,728.6653835999999,12.374
2025-05-26 22:00:00,728.5960439999999,12.602
2025-05-26 22:30:00,728.4543057,12.89
2025-05-26 23:00:00,728.3523356999999,13.172
2025-05-26 23:30:00,728.2982915999999,12.695
2025-05-27 00:00:00,728.1157652999999,12.027
2025-05-27 00:30:00,728.2065185999999,11.471
2025-05-27 01:00:00,728.1626714999999,10.701
2025-05-27 01:30:00,728.4583845,9.838
2025-05-27 02:00:00,728.4950936999999,9.31
2025-05-27 02:30:00,728.6745609,8.482
2025-05-27 03:00:00,729.0742833,7.937
2025-05-27 03:30:00,729.1303667999999,6.433
2025-05-27 04:00:00,729.1150713,5.049
2025-05-27 04:30:00,729.2843414999999,4.402
2025-05-27 05:00:00,729.4169024999999,3.89
2025-05-27 05:30:00,729.4291388999999,3.872
2025-05-27 06:00:00,729.3934493999999,3.684
2025-05-27 06:30:00,729.4260797999999,3.581
2025-05-27 07:00:00,729.3995676,3.446
2025-05-27 07:30:00,729.4607496,3.64
2025-05-27 08:00:00,729.636138,4.184
2025-05-27 08:30:00,729.5331482999999,3.489
2025-05-27 09:00:00,729.3934493999999,2.674
2025-05-27 09:30:00,729.2547701999999,2.285
2025-05-27 10:00:00,729.2088837,2.126
2025-05-27 10:30:00,729.2394747,1.991
2025-05-27 11:00:00,729.2843414999999,2.213
2025-05-27 11:30:00,729.279243,2.067
2025-05-27 12:00:00,729.4454541,1.972
2025-05-27 12:30:00,729.5392664999999,1.96
2025-05-27 13:00:00,729.7656398999999,1.958
2025-05-27 13:30:00,730.0011905999999,2.103
2025-05-27 14:00:00,730.1500667999999,2.77
2025-05-27 14:30:00,730.2540761999999,8.131
2025-05-27 15:00:00,730.8975068999999,11.834
2025-05-27 15:30:00,730.9454327999999,9.545
2025-05-27 16:00:00,730.9280979,8.826
2025-05-27 16:30:00,731.0412845999999,9.011
2025-05-27 17:00:00,731.1177620999998,9.743
2025-05-27 17:30:00,731.3094657,10.431
2025-05-27 18:00:00,731.5103465999998,11.677
2025-05-27 18:30:00,731.2737761999999,16.132
2025-05-27 19:00:00,731.0474028,20.914
2025-05-27 19:30:00,731.4369281999999,20.905
2025-05-27 20:00:00,731.3961402,16.213
2025-05-27 20:30:00,731.2839731999999,15.363
2025-05-27 21:00:00,731.1065454,14.884
2025-05-27 21:30:00,731.0423043,14.713
2025-05-27 22:00:00,730.9301372999998,15.126
2025-05-27 22:30:00,730.8506007,15.202
2025-05-27 23:00:00,730.6803108,15.551
2025-05-27 23:30:00,730.5518285999999,15.165
2025-05-28 00:00:00,730.6140303,14.635
2025-05-28 00:30:00,730.8964871999999,13.467
2025-05-28 01:00:00,730.9790828999999,12.559
2025-05-28 01:30:00,731.0790134999999,11.948
2025-05-28 02:00:00,731.2421654999999,10.848
2025-05-28 02:30:00,731.5195238999999,8.743
2025-05-28 03:00:00,731.5521543,7.21
2025-05-28 03:30:00,731.6367894,6.288
2025-05-28 04:00:00,731.9090492999999,5.64
2025-05-28 04:30:00,732.0303935999999,4.961
2025-05-28 05:00:00,732.0130586999999,4.471
2025-05-28 05:30:00,731.7489564,3.976
2025-05-28 06:00:00,731.5368587999999,3.653
2025-05-28 06:30:00,731.5613316,3.312
2025-05-28 07:00:00,731.5185041999999,2.896
2025-05-28 07:30:00,731.4155144999999,2.53
2025-05-28 08:00:00,731.3981795999999,2.136
2025-05-28 08:30:00,731.1381561,1.952
2025-05-28 09:00:00,730.9964177999999,1.698
2025-05-28 09:30:00,730.8669159,1.494
2025-05-28 10:00:00,730.645641,1.293
2025-05-28 10:30:00,730.5946559999999,1.061
2025-05-28 11:00:00,730.4773905,0.856
2025-05-28 11:30:00,730.3754204999999,0.725
2025-05-28 12:00:00,730.1969729999998,0.644
2025-05-28 12:30:00,730.2265443,0.568
2025-05-28 13:00:00,730.2989429999999,0.689
2025-05-28 13:30:00,730.4722919999999,0.985
2025-05-28 14:00:00,730.5528482999999,1.142
2025-05-28 14:30:00,730.6741926,5.807
2025-05-28 15:00:00,731.0708559,9.187
2025-05-28 15:30:00,730.9892798999999,9.165
2025-05-28 16:00:00,731.1605895,9.842
2025-05-28 16:30:00,731.1340773,10.346
2025-05-28 17:00:00,731.1422349,11.05
2025-05-28 17:30:00,731.1871017,11.84
2025-05-28 18:00:00,731.2625595,13.171
2025-05-28 18:30:00,731.0963483999999,17.611
2025-05-28 19:00:00,730.8618174,22.23
2025-05-28 19:30:00,731.0066148,22.229
2025-05-28 20:00:00,730.8883295999999,17.506
2025-05-28 20:30:00,730.7506701,16.655
2025-05-28 21:00:00,730.5181785,16.35
2025-05-28 21:30:00,730.3764401999999,16.711
2025-05-28 22:00:00,730.5100209,16.861
2025-05-28 22:30:00,730.6140303,14.705
2025-05-28 23:00:00,730.5936363,14.224
2025-05-28 23:30:00,731.0066148,12.304
2025-05-29 00:00:00,730.8709947,10.621
2025-05-29 00:30:00,730.6956062999999,11.161
2025-05-29 01:00:00,730.6242272999999,11.461
2025-05-29 01:30:00,730.6772516999999,11.052
2025-05-29 02:00:00,730.8271476,9.705
2025-05-29 02:30:00,730.9423737,7.867
2025-05-29 03:00:00,730.9953980999999,6.604
2025-05-29 03:30:00,731.2421654999999,5.803
2025-05-29 04:00:00,731.4848540999999,5.241
2025-05-29 04:30:00,731.4695585999999,4.703
2025-05-29 05:00:00,731.7132668999999,4.205
2025-05-29 05:30:00,731.7550745999998,3.84
2025-05-29 06:00:00,731.7764883,3.57
2025-05-29 06:30:00,731.7509957999999,3.325
2025-05-29 07:00:00,731.6949122999999,3.093
2025-05-29 07:30:00,731.6602424999999,2.886
2025-05-29 08:00:00,731.6775773999999,2.69
2025-05-29 08:30:00,731.5868241,2.561
2025-05-29 09:00:00,731.4083766,2.402
2025-05-29 09:30:00,731.3930810999999,2.207
2025-05-29 10:00:00,731.3665688999998,2.033
2025-05-29 10:30:00,731.3451551999999,1.914
2025-05-29 11:00:00,731.2431852,1.896
2025-05-29 11:30:00,731.2513428,1.918
2025-05-29 12:00:00,731.1228605999999,1.896
2025-05-29 12:30:00,731.2278896999999,1.891
2025-05-29 13:00:00,731.4267312,1.899
2025-05-29 13:30:00,731.5735679999999,2.048
2025-05-29 14:00:00,731.767311,2.21
2025-05-29 14:30:00,731.9110886999999,6.601
2025-05-29 15:00:00,732.3934067999999,9.655
2025-05-29 15:30:00,732.3546581999999,9.474
2025-05-29 16:00:00,732.491298,10.13
2025-05-29 16:30:00,732.6666864,10.773
2025-05-29 17:00:00,732.7462229999999,11.57
2025-05-29 17:30:00,732.8186217,12.516
2025-05-29 18:00:00,732.9940101,13.811
2025-05-29 18:30:00,732.7543806,18.402
2025-05-29 19:00:00,732.7095138,23.263
2025-05-29 19:30:00,732.9797342999999,23.462
2025-05-29 20:00:00,733.1653196999999,18.28
2025-05-29 20:30:00,733.1377878,17.433
2025-05-29 21:00:00,733.0541724,17.027
2025-05-29 21:30:00,733.1846939999999,16.968
2025-05-29 22:00:00,733.2020289,17.273
2025-05-29 22:30:00,733.0246011,17.614
2025-05-29 23:00:00,732.8838824999999,18.063
2025-05-29 23:30:00,732.7880306999999,17.177
2025-05-30 00:00:00,732.9460842,16.053
2025-05-30 00:30:00,732.8237202,15.265
2025-05-30 01:00:00,732.9369068999999,15.272
2025-05-30 01:30:00,733.2193638,14.12
2025-05-30 02:00:00,733.5925739999999,12.517
2025-05-30 02:30:00,733.8893067,10.033
2025-05-30 03:00:00,734.1319953,8.562
2025-05-30 03:30:00,734.3757036,7.496
2025-05-30 04:00:00,734.6204316,6.659
2025-05-30 04:30:00,734.7774654,6.125
2025-05-30 05:00:00,734.8029578999999,5.623
2025-05-30 05:30:00,734.9395976999999,5.403
2025-05-30 06:00:00,734.9100264,5.157
2025-05-30 06:30:00,735.0568632,4.954
2025-05-30 07:00:00,735.0741980999999,4.858
2025-05-30 07:30:00,735.1557740999999,4.655
2025-05-30 08:00:00,735.1598528999999,4.509
2025-05-30 08:30:00,735.2087985,4.326
2025-05-30 09:00:00,735.2128773,4.207
2025-05-30 09:30:00,735.2924138999999,4.159
2025-05-30 10:00:00,735.3433988999999,4.14
2025-05-30 10:30:00,735.5075706,3.953
2025-05-30 11:00:00,735.6482892,3.841
2025-05-30 11:30:00,735.7910472,3.668
2025-05-30 12:00:00,735.8654852999999,3.538
2025-05-30 12:30:00,736.0204796999999,3.52
2025-05-30 13:00:00,736.1673165,3.506
2025-05-30 13:30:00,736.3131335999999,3.685
2025-05-30 14:00:00,736.4100050999999,3.859
2025-05-30 14:30:00,736.4711871,8.141
2025-05-30 15:00:00,737.0320221,10.863
2025-05-30 15:30:00,737.1543861,10.573
2025-05-30 16:00:00,737.2685924999998,11.982
2025-05-30 16:30:00,737.2981638,12.655
2025-05-30 17:00:00,737.3807595,13.571
2025-05-30 17:30:00,737.3501685,14.531
2025-05-30 18:00:00,737.4429611999999,16.009
2025-05-30 18:30:00,737.2971441,20.426
2025-05-30 19:00:00,737.0269236,25.419
2025-05-30 19:30:00,737.2951046999999,25.476
2025-05-30 20:00:00,737.3124396,20.236
2025-05-30 20:30:00,737.2053711,19.012
2025-05-30 21:00:00,736.9351505999999,19.328
2025-05-30 21:30:00,736.7618015999999,19.691
2025-05-30 22:00:00,736.6934816999999,19.308
2025-05-30 22:30:00,736.3029366,19.625
2025-05-30 23:00:00,736.2142226999999,20.165
2025-05-30 23:30:00,736.2152424,19.381
2025-05-31 00:00:00,736.0000857,17.228
2025-05-31 00:30:00,736.0612676999999,16.183
2025-05-31 01:00:00,735.8094018,15.604
2025-05-31 01:30:00,735.7930865999999,15.314
2025-05-31 02:00:00,736.0429131,14.212
2025-05-31 02:30:00,736.1367255,11.521
2025-05-31 03:00:00,736.1907696,9.711
2025-05-31 03:30:00,736.2856017,8.635
2025-05-31 04:00:00,736.4018474999999,7.95
2025-05-31 04:30:00,736.5813147,7.4
2025-05-31 05:00:00,736.6272012,7.011
2025-05-31 05:30:00,736.6649301,6.708
2025-05-31 06:00:00,736.5884525999999,6.431
2025-05-31 06:30:00,736.5170736,6.16
2025-05-31 07:00:00,736.4487536999999,5.874
2025-05-31 07:30:00,736.4028672,5.76
2025-05-31 08:00:00,736.3702367999999,5.561
2025-05-31 08:30:00,736.3131335999999,5.457
2025-05-31 09:00:00,736.2825425999999,5.246
2025-05-31 09:30:00,736.2478727999999,5.093
2025-05-31 10:00:00,736.0898192999999,4.998
2025-05-31 10:30:00,735.9776522999999,4.867
2025-05-31 11:00:00,735.9348249,4.769
2025-05-31 11:30:00,735.7992048,4.821
2025-05-31 12:00:00,735.7288454999999,4.551
2025-05-31 12:30:00,735.7961457,4.502
2025-05-31 13:00:00,735.8226579,4.535
2025-05-31 13:30:00,735.9919281,4.638
2025-05-31 14:00:00,735.9643961999999,4.702
2025-05-31 14:30:00,735.9083126999999,8.704
2025-05-31 15:00:00,736.3294488,11.312
2025-05-31 15:30:00,736.3080350999999,11.357
2025-05-31 16:00:00,736.3478033999999,12.88
2025-05-31 16:30:00,736.2009665999999,13.917
2025-05-31 17:00:00,736.1469224999998,15.095
2025-05-31 17:30:00,736.0306767,15.941
2025-05-31 18:00:00,736.0072235999999,17.388
2025-05-31 18:30:00,735.8654852999999,21.707
2025-05-31 19:00:00,735.6299346,23.302
2025-05-31 19:30:00,735.6289148999999,25.185
2025-05-31 20:00:00,735.5473389,20.798
2025-05-31 20:30:00,735.3046502999999,20.06
2025-05-31 21:00:00,735.2516258999999,19.613
2025-05-31 21:30:00,735.795126,17.138
2025-05-31 22:00:00,736.0989965999999,14.203
2025-05-31 22:30:00,735.4932948,13.574
2025-05-31 23:00:00,734.9161445999999,13.67
2025-05-31 23:30:00,734.7560517,15.521
2025-06-01 00:00:00,734.7132243,16.727
2025-06-01 00:30:00,734.5776042,15.247
2025-06-01 01:00:00,734.4358659,13.762
2025-06-01 01:30:00,734.4501416999999,12.058
2025-06-01 02:00:00,734.6336877,10.881
2025-06-01 02:30:00,734.7234212999999,9.807
2025-06-01 03:00:00,734.5592495999999,8.902
2025-06-01 03:30:00,734.3532701999999,8.429
2025-06-01 04:00:00,734.2584380999999,8.173
2025-06-01 04:30:00,734.2482410999999,7.806
2025-06-01 05:00:00,734.1778817999999,7.254
2025-06-01 05:30:00,734.2196895,7.402
2025-06-01 06:00:00,734.1105815999999,7.197
2025-06-01 06:30:00,733.8362823,6.972
2025-06-01 07:00:00,733.6976030999999,6.558
2025-06-01 07:30:00,733.6221452999999,6.192
2025-06-01 08:00:00,733.4926433999999,5.833
2025-06-01 08:30:00,733.3060383,5.458
2025-06-01 09:00:00,733.1500242,5.376
2025-06-01 09:30:00,733.0766058,5.287
2025-06-01 10:00:00,733.0347980999999,5.051
2025-06-01 10:30:00,732.8655279,4.904
2025-06-01 11:00:00,732.7523411999999,4.676
2025-06-01 11:30:00,732.5300466,4.381
2025-06-01 12:00:00,732.3811704,4.161
2025-06-01 12:30:00,732.4097219999999,3.957
2025-06-01 13:00:00,732.5137314,3.908
2025-06-01 13:30:00,732.5137314,4.051
2025-06-01 14:00:00,732.4423523999999,4.388
2025-06-01 14:30:00,732.2526881999999,8.269
2025-06-01 15:00:00,732.3699537,11.142
2025-06-01 15:30:00,732.1721319,11.385
2025-06-01 16:00:00,732.1782500999999,12.737
2025-06-01 16:30:00,732.0385511999999,13.341
2025-06-01 17:00:00,731.9732903999999,14.065
2025-06-01 17:30:00,731.7928035,14.784
2025-06-01 18:00:00,731.7142865999999,16.117
2025-06-01 18:30:00,731.4899525999999,19.692
2025-06-01 19:00:00,731.2442048999999,22.566
2025-06-01 19:30:00,731.2645989,22.405
2025-06-01 20:00:00,731.1177620999998,19.01
2025-06-01 20:30:00,730.9128023999999,18.072
2025-06-01 21:00:00,730.7292563999998,17.295
2025-06-01 21:30:00,730.6211681999999,17.656
2025-06-01 22:00:00,730.2030911999999,17.203
2025-06-01 22:30:00,729.942048,17.193
2025-06-01 23:00:00,729.9604026,17.233
2025-06-01 23:30:00,730.0460574,16.545
2025-06-02 00:00:00,729.8992206,15.778
2025-06-02 00:30:00,729.8176445999999,15.355
2025-06-02 01:00:00,729.5321286,14.814
2025-06-02 01:30:00,729.4230206999999,14.169
2025-06-02 02:00:00,729.5606801999999,12.994
2025-06-02 02:30:00,729.6310394999999,12.045
2025-06-02 03:00:00,729.6677487,10.187
2025-06-02 03:30:00,729.7574822999999,8.839
2025-06-02 04:00:00,729.9848754,7.785
2025-06-02 04:30:00,730.1337516,7.063
2025-06-02 05:00:00,730.3876569,6.492
2025-06-02 05:30:00,730.4396616,6.025
2025-06-02 06:00:00,730.2224655,5.608
2025-06-02 06:30:00,729.9083978999998,5.411
2025-06-02 07:00:00,729.9471465,5.164
2025-06-02 07:30:00,729.9022797,4.967
2025-06-02 08:00:00,729.8890236,4.776
2025-06-02 08:30:00,729.8094869999999,4.584
2025-06-02 09:00:00,729.5718969,4.698
2025-06-02 09:30:00,729.5290694999999,4.461
2025-06-02 10:00:00,729.4587102,4.23
2025-06-02 10:30:00,729.5586408,4.091
2025-06-02 11:00:00,729.7095563999999,4.506
2025-06-02 11:30:00,729.6330789,4.265
2025-06-02 12:00:00,729.605547,3.957
2025-06-02 12:30:00,729.6830441999999,3.76
2025-06-02 13:00:00,729.7238322,3.613
2025-06-02 13:30:00,729.8013294,3.73
2025-06-02 14:00:00,729.7758369,4.109
2025-06-02 14:30:00,729.758502,8.55
2025-06-02 15:00:00,730.1959533,12.337
2025-06-02 15:30:00,730.2469382999999,11.607
2025-06-02 16:00:00,730.4682131999999,12.154
2025-06-02 16:30:00,730.5661044,11.652
2025-06-02 17:00:00,730.6854092999998,12.119
2025-06-02 17:30:00,730.7180397,12.873
2025-06-02 18:00:00,730.8026748,14.15
2025-06-02 18:30:00,730.81899,18.512
2025-06-02 19:00:00,730.5610058999999,23.759
2025-06-02 19:30:00,730.7476109999999,24.319
2025-06-02 20:00:00,730.8811917,18.877
2025-06-02 20:30:00,730.6874486999999,17.795
2025-06-02 21:00:00,730.5110405999999,17.892
2025-06-02 21:30:00,730.3346325,18.333
2025-06-02 22:00:00,730.8393839999999,17.624
2025-06-02 22:30:00,731.3217021,14.584
2025-06-02 23:00:00,731.6918532,12.791
2025-06-02 23:30:00,731.5929423,11.705
2025-06-03 00:00:00,731.8641824999999,11.339
2025-06-03 00:30:00,732.5800118999999,8.915
2025-06-03 01:00:00,732.3954461999999,8.548
2025-06-03 01:30:00,732.2475897,8.56
2025-06-03 02:00:00,731.7550745999998,8.233
2025-06-03 02:30:00,731.7000108,8.034
2025-06-03 03:00:00,731.4185736000001,7.256
2025-06-03 03:30:00,731.2227911999998,6.449
2025-06-03 04:00:00,731.2227911999998,5.684
2025-06-03 04:30:00,731.5215632999999,5.298
2025-06-03 05:00:00,731.6938925999999,4.832
2025-06-03 05:30:00,731.6592227999998,4.628
2025-06-03 06:00:00,731.6806364999999,4.539
2025-06-03 06:30:00,731.6367894,4.358
2025-06-03 07:00:00,731.614356,4.257
2025-06-03 07:30:00,731.5113662999998,4.214
2025-06-03 08:00:00,731.3431158,4.086
2025-06-03 08:30:00,731.2187123999998,4.001
2025-06-03 09:00:00,731.0443436999999,3.899
2025-06-03 09:30:00,730.9913192999999,3.81
2025-06-03 10:00:00,731.0137526999999,3.659
2025-06-03 10:30:00,730.7608670999999,3.463
2025-06-03 11:00:00,730.6385030999999,3.415
2025-06-03 11:30:00,730.7669853,3.378
2025-06-03 12:00:00,730.7720838,3.184
2025-06-03 12:30:00,730.6956062999999,2.951
2025-06-03 13:00:00,730.7404730999999,2.998
2025-06-03 13:30:00,730.8577386,3.063
2025-06-03 14:00:00,730.8760932,3.202
2025-06-03 14:30:00,730.7537292,6.846
2025-06-03 15:00:00,731.1249,10.263
2025-06-03 15:30:00,731.0443436999999,9.354
2025-06-03 16:00:00,731.1177620999998,11.45
2025-06-03 16:30:00,731.1820031999999,11.725
2025-06-03 17:00:00,731.2023972,12.297
2025-06-03 17:30:00,731.0453633999999,13.137
2025-06-03 18:00:00,731.1514122,14.479
2025-06-03 18:30:00,730.9933586999999,18.373
2025-06-03 19:00:00,730.7537292,23.136
2025-06-03 19:30:00,731.0004965999999,23.274
2025-06-03 20:00:00,731.0004965999999,18.095
2025-06-03 20:30:00,730.9331963999999,17.139
2025-06-03 21:00:00,730.9026054,16.752
2025-06-03 21:30:00,730.6741926,16.126
2025-06-03 22:00:00,730.5559073999999,16.101
2025-06-03 22:30:00,730.2469382999999,16.142
2025-06-03 23:00:00,729.9797768999999,16.344
2025-06-03 23:30:00,730.0307618999999,15.769
2025-06-04 00:00:00,730.0124073,14.427
2025-06-04 00:30:00,729.8390582999999,14.101
2025-06-04 01:00:00,729.7013988,13.696
2025-06-04 01:30:00,729.6473546999999,12.944
2025-06-04 02:00:00,729.8094869999999,12.002
2025-06-04 02:30:00,729.9134963999999,11.064
2025-06-04 03:00:00,729.8523143999998,10.036
2025-06-04 03:30:00,729.840078,8.928
2025-06-04 04:00:00,730.0888848,7.975
2025-06-04 04:30:00,730.1357909999999,7.228
2025-06-04 05:00:00,729.9889542,6.67
2025-06-04 05:30:00,729.8472159,6.338
2025-06-04 06:00:00,729.7564625999998,5.978
2025-06-04 06:30:00,729.6840639,5.515
2025-06-04 07:00:00,729.6544926,5.315
2025-06-04 07:30:00,729.503577,5.152
2025-06-04 08:00:00,729.3149324999998,4.818
2025-06-04 08:30:00,729.1548396,4.48
2025-06-04 09:00:00,728.9274464999999,4.251
2025-06-04 09:30:00,728.8336341,3.971
2025-06-04 10:00:00,728.7714324,4.115
2025-06-04 10:30:00,728.7704127,4.532
2025-06-04 11:00:00,728.5195665,4.414
2025-06-04 11:30:00,728.3288825999999,4.289
2025-06-04 12:00:00,728.2330307999999,3.924
2025-06-04 12:30:00,728.2136565,4.407
2025-06-04 13:00:00,728.3360205,4.832
2025-06-04 13:30:00,728.3686508999999,4.659
2025-06-04 14:00:00,728.2646414999999,4.438
2025-06-04 14:30:00,728.2534248,7.865
2025-06-04 15:00:00,728.5134482999999,11.264
2025-06-04 15:30:00,728.4502269,9.777
2025-06-04 16:00:00,728.402301,10.875
2025-06-04 16:30:00,728.3829267,10.793
2025-06-04 17:00:00,728.3788479,11.585
2025-06-04 17:30:00,728.3064491999999,13.033
2025-06-04 18:00:00,728.4512465999999,13.806
2025-06-04 18:30:00,728.3299023,16.082
2025-06-04 19:00:00,728.4247343999999,15.32
2025-06-04 19:30:00,728.3482568999999,13.543
2025-06-04 20:00:00,728.4910148999999,12.395
2025-06-04 20:30:00,728.667423,11.943
2025-06-04 21:00:00,728.9753723999999,10.004
2025-06-04 21:30:00,728.6572259999999,10.036
2025-06-04 22:00:00,728.8142598,11.906
2025-06-04 22:30:00,729.0569484,11.433
2025-06-04 23:00:00,729.3485826,10.243
2025-06-04 23:30:00,729.5994287999999,9.467
2025-06-05 00:00:00,729.9349100999999,7.649
2025-06-05 00:30:00,729.4893011999999,7.145
2025-06-05 01:00:00,729.1426031999999,7.311
2025-06-05 01:30:00,728.7439004999999,7.301
2025-06-05 02:00:00,728.7449201999999,7.159
2025-06-05 02:30:00,728.8010036999999,7.062
2025-06-05 03:00:00,728.6602850999999,6.329
2025-06-05 03:30:00,728.5634136,5.454
2025-06-05 04:00:00,728.5001921999999,4.719
2025-06-05 04:30:00,728.7449201999999,4.148
2025-06-05 05:00:00,728.9366237999999,3.809
2025-06-05 05:30:00,728.8061021999999,3.511
2025-06-05 06:00:00,728.6327532,3.237
2025-06-05 06:30:00,728.4767390999999,3.082
2025-06-05 07:00:00,728.3523356999999,2.926
2025-06-05 07:30:00,728.2575036,2.719
2025-06-05 08:00:00,728.0658,2.614
2025-06-05 08:30:00,727.9842239999999,2.514
2025-06-05 09:00:00,727.7925204,2.418
2025-06-05 09:30:00,727.7323580999999,2.277
2025-06-05 10:00:00,727.6242699,2.209
2025-06-05 10:30:00,727.5284181,2.086
2025-06-05 11:00:00,727.5233195999999,1.916
2025-06-05 11:30:00,727.5110832,1.729
2025-06-05 12:00:00,727.6569002999998,1.633
2025-06-05 12:30:00,727.7027868,1.465
2025-06-05 13:00:00,727.7068656,1.44
2025-06-05 13:30:00,727.8577811999999,1.578
2025-06-05 14:00:00,727.9210026,1.77
2025-06-05 14:30:00,727.8771555,5.254
2025-06-05 15:00:00,728.2004003999999,9.297
2025-06-05 15:30:00,728.3044097999999,8.128
2025-06-05 16:00:00,728.3135871,9.351
2025-06-05 16:30:00,728.2840158,9.644
2025-06-05 17:00:00,728.4145374,10.273
2025-06-05 17:30:00,728.4777588,11.138
2025-06-05 18:00:00,728.6317335,12.518
2025-06-05 18:30:00,728.5929848999999,16.285
2025-06-05 19:00:00,728.2309914,21.602
2025-06-05 19:30:00,728.4165767999999,21.46
2025-06-05 20:00:00,728.5909454999999,16.675
2025-06-05 20:30:00,728.4777588,15.63
2025-06-05 21:00:00,728.5736105999999,14.097
2025-06-05 21:30:00,729.2568096,11.277
2025-06-05 22:00:00,729.2394747,9.646
2025-06-05 22:30:00,728.7000533999999,9.538
2025-06-05 23:00:00,729.1650366,8.932
2025-06-05 23:30:00,729.2476323,8.322
2025-06-06 00:00:00,728.8499492999999,9.62
2025-06-06 00:30:00,728.6337728999998,9.686
2025-06-06 01:00:00,728.5634136,9.998
2025-06-06 01:30:00,728.6582457,9.787
2025-06-06 02:00:00,728.7785702999998,9.038
2025-06-06 02:30:00,728.8010036999999,7.835
2025-06-06 03:00:00,728.9508996,6.888
2025-06-06 03:30:00,729.0538892999999,6.275
2025-06-06 04:00:00,729.1456622999999,5.785
2025-06-06 04:30:00,729.411804,5.243
2025-06-06 05:00:00,729.6483744,4.795
2025-06-06 05:30:00,729.6534729,4.393
2025-06-06 06:00:00,729.503577,4.361
2025-06-06 06:30:00,729.3261491999999,4.07
2025-06-06 07:00:00,729.2262185999999,3.777
2025-06-06 07:30:00,729.2058245999999,3.581
2025-06-06 08:00:00,729.0732636,3.628
2025-06-06 08:30:00,728.9835299999999,3.647
2025-06-06 09:00:00,728.9702738999999,3.742
2025-06-06 09:30:00,728.9988255,3.83
2025-06-06 10:00:00,729.0763226999999,3.901
2025-06-06 10:30:00,729.0712241999998,3.893
2025-06-06 11:00:00,729.0630666,3.667
2025-06-06 11:30:00,729.0732636,3.558
2025-06-06 12:00:00,729.18747,3.343
2025-06-06 12:30:00,729.2190806999998,3.179
2025-06-06 13:00:00,729.3455234999999,3.165
2025-06-06 13:30:00,729.6239016,3.383
2025-06-06 14:00:00,729.7748171999999,3.636
2025-06-06 14:30:00,729.8074476,6.581
2025-06-06 15:00:00,730.2673322999999,10.863
2025-06-06 15:30:00,730.4049918,9.691
2025-06-06 16:00:00,730.4988041999999,10.797
2025-06-06 16:30:00,730.6741926,10.54
2025-06-06 17:00:00,730.7027442,10.895
2025-06-06 17:30:00,730.8281673,11.784
2025-06-06 18:00:00,731.0310875999999,12.918
2025-06-06 18:30:00,730.8648764999999,16.548
2025-06-06 19:00:00,730.6221879,21.232
2025-06-06 19:30:00,730.8210293999999,21.495
2025-06-06 20:00:00,730.8312263999999,17.275
2025-06-06 20:30:00,730.7323155,16.698
2025-06-06 21:00:00,731.0892104999999,15.169
2025-06-06 21:30:00,731.7193851,11.613
2025-06-06 22:00:00,731.2778549999999,10.959
2025-06-06 22:30:00,731.3941007999999,11.275
2025-06-06 23:00:00,731.5083072,10.195
2025-06-06 23:30:00,731.7469169999999,9.454
2025-06-07 00:00:00,731.8937538,9.102
2025-06-07 00:30:00,731.9987829,8.955
2025-06-07 01:00:00,731.9457585,8.992
2025-06-07 01:30:00,731.8305323999999,9.563
2025-06-07 02:00:00,731.8937538,9.098
2025-06-07 02:30:00,731.8601036999999,8.287
2025-06-07 03:00:00,731.8662218999999,7.156
2025-06-07 03:30:00,731.8111581000001,6.241
2025-06-07 04:00:00,731.9049704999999,5.606
2025-06-07 04:30:00,732.0895362,5.163
2025-06-07 05:00:00,732.1945653,4.873
2025-06-07 05:30:00,732.3505793999999,4.668
2025-06-07 06:00:00,732.3709733999999,4.462
2025-06-07 06:30:00,732.3230474999999,4.32
2025-06-07 07:00:00,732.3118307999999,4.106
2025-06-07 07:30:00,732.3016337999999,3.909
2025-06-07 08:00:00,732.2384124,3.797
2025-06-07 08:30:00,732.1395014999999,3.858
2025-06-07 09:00:00,732.0518072999998,3.763
2025-06-07 09:30:00,731.9671721999999,3.627
2025-06-07 10:00:00,731.9161872,3.609
2025-06-07 10:30:00,731.8682613,3.548
2025-06-07 11:00:00,731.8774385999999,3.435
2025-06-07 11:30:00,732.0273344999999,3.332
2025-06-07 12:00:00,732.0375315,3.205
2025-06-07 12:30:00,732.0752603999999,3.135
2025-06-07 13:00:00,732.2649246,3.198
2025-06-07 13:30:00,732.4392933,3.265
2025-06-07 14:00:00,732.7492821,3.411
2025-06-07 14:30:00,732.8900006999999,6.403
2025-06-07 15:00:00,733.2428169,10.324
2025-06-07 15:30:00,733.3294913999999,9.473
2025-06-07 16:00:00,733.4651115,11.581
2025-06-07 16:30:00,733.531392,11.547
2025-06-07 17:00:00,733.5640223999999,12.064
2025-06-07 17:30:00,733.6221452999999,13.008
2025-06-07 18:00:00,733.5966528,14.204
2025-06-07 18:30:00,733.5160964999999,17.974
2025-06-07 19:00:00,733.3896536999999,18.608
2025-06-07 19:30:00,733.4324810999999,19.905
2025-06-07 20:00:00,733.3600824,17.31
2025-06-07 20:30:00,733.2428169,16.526
2025-06-07 21:00:00,733.0307192999999,17.332
2025-06-07 21:30:00,732.9307886999999,17.088
2025-06-07 22:00:00,732.8767445999998,18.178
2025-06-07 22:30:00,732.7125728999999,17.796
2025-06-07 23:00:00,732.7584594,18.868
2025-06-07 23:30:00,732.8563505999999,16.697
2025-06-08 00:00:00,733.2632109,14.687
2025-06-08 00:30:00,733.4233037999999,13.946
2025-06-08 01:00:00,733.3804763999999,13.661
2025-06-08 01:30:00,733.8770702999999,13.009
2025-06-08 02:00:00,734.1401529,12.014
2025-06-08 02:30:00,734.1136406999999,11.527
2025-06-08 03:00:00,734.2727139,10.373
2025-06-08 03:30:00,734.3012654999999,9.17
2025-06-08 04:00:00,734.2767927,8.452
2025-06-08 04:30:00,734.4256689,8.428
2025-06-08 05:00:00,734.6316482999998,8.401
2025-06-08 05:30:00,734.744835,7.868
2025-06-08 06:00:00,734.6316482999998,7.301
2025-06-08 06:30:00,734.5908602999999,6.788
2025-06-08 07:00:00,734.4919493999998,6.412
2025-06-08 07:30:00,734.2614971999999,6.051
2025-06-08 08:00:00,734.0341040999999,6.224
2025-06-08 08:30:00,733.9576265999999,6.05
2025-06-08 09:00:00,733.7730608999999,5.582
2025-06-08 09:30:00,733.6649726999999,5.303
2025-06-08 10:00:00,733.4916237,5.176
2025-06-08 10:30:00,733.3978113,5.158
2025-06-08 11:00:00,733.256073,4.928
2025-06-08 11:30:00,733.2764669999999,4.738
2025-06-08 12:00:00,733.2387381,4.624
2025-06-08 12:30:00,733.3437671999999,4.461
2025-06-08 13:00:00,733.4589933,4.425
2025-06-08 13:30:00,733.5497465999999,4.596
2025-06-08 14:00:00,733.5986922,4.716
2025-06-08 14:30:00,733.5640223999999,7.511
2025-06-08 15:00:00,733.7934548999999,11.955
2025-06-08 15:30:00,733.9137794999999,11.179
2025-06-08 16:00:00,733.9168385999999,13.464
2025-06-08 16:30:00,733.9831191,13.458
2025-06-08 17:00:00,733.9647644999999,13.795
2025-06-08 17:30:00,734.0667344999999,14.667
2025-06-08 18:00:00,734.1166997999999,15.456
2025-06-08 18:30:00,733.9851585,18.957
2025-06-08 19:00:00,733.8770702999999,20.585
2025-06-08 19:30:00,733.7088198,22.947
2025-06-08 20:00:00,733.2346592999999,19.209
2025-06-08 20:30:00,733.1744969999999,19.106
2025-06-08 21:00:00,733.1204529,17.4
2025-06-08 21:30:00,733.3621218,16.394
2025-06-08 22:00:00,734.0218676999999,14.706
2025-06-08 22:30:00,734.4807327,13.366
2025-06-08 23:00:00,734.2166304,12.422
2025-06-08 23:30:00,734.7162834,12.09
2025-06-09 00:00:00,734.3359353,12.119
2025-06-09 00:30:00,734.6867120999999,11.759
2025-06-09 01:00:00,734.4542204999999,11.244
2025-06-09 01:30:00,734.224788,11.613
2025-06-09 02:00:00,734.0137100999999,11.129
2025-06-09 02:30:00,734.1289362,10.281
2025-06-09 03:00:00,734.0443011,9.224
2025-06-09 03:30:00,733.9810796999999,8.259
2025-06-09 04:00:00,733.8750309,7.618
2025-06-09 04:30:00,734.0137100999999,7.268
2025-06-09 05:00:00,734.1972560999999,6.74
2025-06-09 05:30:00,734.1105815999999,6.506
2025-06-09 06:00:00,734.1432119999998,6.247
2025-06-09 06:30:00,734.0279859,6.137
2025-06-09 07:00:00,733.9046021999999,5.887
2025-06-09 07:30:00,733.8760506,5.636
2025-06-09 08:00:00,733.8617747999999,5.461
2025-06-09 08:30:00,733.7271744,5.42
2025-06-09 09:00:00,733.6068498,5.478
2025-06-09 09:30:00,733.6527363,5.438
2025-06-09 10:00:00,733.6639529999999,5.235
2025-06-09 10:30:00,733.5079389,4.984
2025-06-09 11:00:00,733.5334313999999,4.853
2025-06-09 11:30:00,733.4253431999999,4.66
2025-06-09 12:00:00,733.4753084999999,4.54
2025-06-09 12:30:00,733.4080083,4.468
2025-06-09 13:00:00,733.4957025,4.597
2025-06-09 13:30:00,733.5721799999999,4.622
2025-06-09 14:00:00,733.6802681999999,4.748
2025-06-09 14:30:00,733.6598741999999,7.427
2025-06-09 15:00:00,733.8291443999999,12.828
2025-06-09 15:30:00,734.1360741,11.887
2025-06-09 16:00:00,734.1544286999999,14.019
2025-06-09 16:30:00,734.2145909999999,13.776
2025-06-09 17:00:00,734.1309755999999,14.175
2025-06-09 17:30:00,734.1503499,15.197
2025-06-09 18:00:00,734.184,16.511
2025-06-09 18:30:00,734.2298864999999,20.926
2025-06-09 19:00:00,733.8791097,24.929
2025-06-09 19:30:00,734.102424,25.171
2025-06-09 20:00:00,733.9025627999998,20.818
2025-06-09 20:30:00,733.8556565999999,20.215
2025-06-09 21:00:00,733.7118788999999,19.686
2025-06-09 21:30:00,733.6354014,19.454
2025-06-09 22:00:00,733.4824464,19.385
2025-06-09 22:30:00,733.4110674,19.611
2025-06-09 23:00:00,733.2825852,20.33
2025-06-09 23:30:00,733.5283328999999,19.125
2025-06-10 00:00:00,733.4365598999999,18.443
2025-06-10 00:30:00,733.4131068,18.381
2025-06-10 01:00:00,733.4569539,17.746
2025-06-10 01:30:00,733.6690514999999,16.605
2025-06-10 02:00:00,733.8322035,15.776
2025-06-10 02:30:00,734.0779511999999,14.48
2025-06-10 03:00:00,734.4338265,13.264
2025-06-10 03:30:00,734.7325985999998,11.816
2025-06-10 04:00:00,734.7621699,10.657
2025-06-10 04:30:00,735.0323903999999,9.672
2025-06-10 05:00:00,735.1282421999999,9.005
2025-06-10 05:30:00,735.0629814,8.562
2025-06-10 06:00:00,735.0293312999999,8.319
2025-06-10 06:30:00,734.9446962,8.056
2025-06-10 07:00:00,734.765229,7.702
2025-06-10 07:30:00,734.9579523,7.49
2025-06-10 08:00:00,734.8947308999999,7.467
2025-06-10 08:30:00,734.7315789,7.214
2025-06-10 09:00:00,734.7336182999999,7.178
2025-06-10 09:30:00,734.5327374,6.955
2025-06-10 10:00:00,734.5765845,6.803
2025-06-10 10:30:00,734.3328762,6.575
2025-06-10 11:00:00,734.1717636,6.457
2025-06-10 11:30:00,734.0810103,6.327
2025-06-10 12:00:00,734.0381828999999,6.168
2025-06-10 12:30:00,733.8842082,6.176
2025-06-10 13:00:00,734.0218676999999,6.234
2025-06-10 13:30:00,734.0177888999999,6.321
2025-06-10 14:00:00,734.1391332,6.404
2025-06-10 14:30:00,734.0636754,8.853
2025-06-10 15:00:00,734.1421923,14.25
2025-06-10 15:30:00,734.1952166999998,13.052
2025-06-10 16:00:00,734.2013348999999,15.462
2025-06-10 16:30:00,734.1748226999999,14.868
2025-06-10 17:00:00,734.0453208,15.087
2025-06-10 17:30:00,734.0912073,16.039
2025-06-10 18:00:00,734.1034436999998,17.284
2025-06-10 18:30:00,734.1432119999998,20.927
2025-06-10 19:00:00,733.9453902,25.47
2025-06-10 19:30:00,734.1860394,25.246
2025-06-10 20:00:00,733.9820993999999,20.694
2025-06-10 20:30:00,733.9413114,19.922
2025-06-10 21:00:00,733.7852972999999,19.687
2025-06-10 21:30:00,733.6853666999999,19.821
2025-06-10 22:00:00,733.5497465999999,20.094
2025-06-10 22:30:00,733.4773478999999,20.301
2025-06-10 23:00:00,733.4946828,20.145
2025-06-10 23:30:00,733.3437671999999,19.536
2025-06-11 00:00:00,733.2662699999998,18.879
2025-06-11 00:30:00,733.1643,18.093
2025-06-11 01:00:00,732.909375,17.307
2025-06-11 01:30:00,732.9532221,16.536
2025-06-11 02:00:00,733.0898619,15.469
2025-06-11 02:30:00,733.2407774999999,14.461
2025-06-11 03:00:00,733.2672897,13.699
2025-06-11 03:30:00,733.3927127999999,12.15
2025-06-11 04:00:00,733.3957719,10.837
2025-06-11 04:30:00,733.6415195999999,9.999
2025-06-11 05:00:00,733.8566762999999,9.462
2025-06-11 05:30:00,733.7975337,9.351
2025-06-11 06:00:00,733.9107204,8.872
2025-06-11 06:30:00,733.7332925999999,8.447
2025-06-11 07:00:00,733.4579736,7.971
2025-06-11 07:30:00,733.4008703999999,7.428
2025-06-11 08:00:00,733.3600824,6.612
2025-06-11 08:30:00,733.2907428,6.321
2025-06-11 09:00:00,732.8502324,5.998
2025-06-11 09:30:00,732.6615879,5.419
2025-06-11 10:00:00,732.7431638999999,4.987
2025-06-11 10:30:00,732.5585981999999,4.357
2025-06-11 11:00:00,732.4148204999999,4.012
2025-06-11 11:30:00,732.3607764,3.682
2025-06-11 12:00:00,732.2659442999999,3.287
2025-06-11 12:30:00,732.1996638,3.095
2025-06-11 13:00:00,732.3169293,2.831
2025-06-11 13:30:00,732.2506487999999,2.801
2025-06-11 14:00:00,732.0528269999999,2.854
2025-06-11 14:30:00,732.0844377,5.57
2025-06-11 15:00:00,732.1568363999999,12.332
2025-06-11 15:30:00,732.4861995,11.193
2025-06-11 16:00:00,732.4454114999999,13.71
2025-06-11 16:30:00,732.4525494,13.261
2025-06-11 17:00:00,732.3444611999998,13.974
2025-06-11 17:30:00,732.3607764,14.874
2025-06-11 18:00:00,732.3934067999999,16.01
2025-06-11 18:30:00,732.3934067999999,19.984
2025-06-11 19:00:00,732.0548663999999,24.865
2025-06-11 19:30:00,732.3730128,24.352
2025-06-11 20:00:00,732.236373,19.359
2025-06-11 20:30:00,732.0630239999999,18.7
2025-06-11 21:00:00,732.0885165,18.377
2025-06-11 21:30:00,731.9875662,18.423
2025-06-11 22:00:00,732.0069404999999,18.307
2025-06-11 22:30:00,731.6745182999999,18.482
2025-06-11 23:00:00,731.6561637,18.404
2025-06-11 23:30:00,731.644947,17.925
2025-06-12 00:00:00,731.4889328999999,17.124
2025-06-12 00:30:00,731.3655492,16.587
2025-06-12 01:00:00,731.2727564999999,15.69
2025-06-12 01:30:00,731.1901608,14.82
2025-06-12 02:00:00,731.2360472999999,13.891
2025-06-12 02:30:00,731.2023972,13.035
2025-06-12 03:00:00,731.3115051,12.185
2025-06-12 03:30:00,731.4257114999999,11.228
2025-06-12 04:00:00,731.6969517,9.978
2025-06-12 04:30:00,731.767311,9.195
2025-06-12 05:00:00,731.8947734999999,8.209
2025-06-12 05:30:00,731.7153063,7.278
2025-06-12 06:00:00,731.4654798,6.59
2025-06-12 06:30:00,731.2554216,5.962
2025-06-12 07:00:00,730.9872404999999,5.439
2025-06-12 07:30:00,730.7843201999999,4.989
2025-06-12 08:00:00,730.6405424999999,4.443
2025-06-12 08:30:00,730.4590358999999,3.927
2025-06-12 09:00:00,730.2918051,3.563
2025-06-12 09:30:00,730.1775987,3.221
2025-06-12 10:00:00,729.9165555,2.826
2025-06-12 10:30:00,729.7411671,2.55
2025-06-12 11:00:00,729.7595217,2.282
2025-06-12 11:30:00,729.8064279,2.001
2025-06-12 12:00:00,729.6677487,1.822
2025-06-12 12:30:00,729.7146548999999,1.611
2025-06-12 13:00:00,729.7941915,1.517
2025-06-12 13:30:00,729.8421174,1.513
2025-06-12 14:00:00,729.7839945,1.557
2025-06-12 14:30:00,729.8003097,4.358
2025-06-12 15:00:00,729.9287919,11.125
2025-06-12 15:30:00,729.9655010999999,9.362
2025-06-12 16:00:00,730.0022102999999,12.266
2025-06-12 16:30:00,729.8798462999999,11.585
2025-06-12 17:00:00,729.7564625999998,12.04
2025-06-12 17:30:00,729.8094869999999,13.249
2025-06-12 18:00:00,729.8665901999999,14.62
2025-06-12 18:30:00,729.7625807999999,18.646
2025-06-12 19:00:00,729.4842027,23.389
2025-06-12 19:30:00,729.8604719999998,22.636
2025-06-12 20:00:00,729.7686989999999,18.11
2025-06-12 20:30:00,729.6177833999999,17.407
2025-06-12 21:00:00,729.6473546999999,16.925
2025-06-12 21:30:00,729.7523838,17.233
2025-06-12 22:00:00,729.7707383999999,16.945
2025-06-12 22:30:00,729.6616304999999,17.122
2025-06-12 23:00:00,729.5780150999999,17.065
2025-06-12 23:30:00,729.4056858,16.217
2025-06-13 00:00:00,729.5433452999999,15.531
2025-06-13 00:30:00,729.6014682,14.77
2025-06-13 01:00:00,729.6544926,14.03
2025-06-13 01:30:00,729.5433452999999,13.142
2025-06-13 02:00:00,729.5892318,12.119
2025-06-13 02:30:00,729.6748865999999,11.43
2025-06-13 03:00:00,729.6983397,10.825
2025-06-13 03:30:00,729.8064279,10.053
2025-06-13 04:00:00,729.9155357999999,8.965
2025-06-13 04:30:00,730.1572046999999,7.932
2025-06-13 05:00:00,730.2387807,6.951
2025-06-13 05:30:00,730.2775293,6.069
2025-06-13 06:00:00,730.1051999999999,5.305
2025-06-13 06:30:00,730.0552346999999,4.724
2025-06-13 07:00:00,729.9787571999999,4.22
2025-06-13 07:30:00,729.9389888999999,3.828
2025-06-13 08:00:00,729.8594522999999,3.436
2025-06-13 08:30:00,729.7217927999999,3.124
2025-06-13 09:00:00,729.5413059,2.766
2025-06-13 09:30:00,729.4036464,2.576
2025-06-13 10:00:00,729.2965779,2.296
2025-06-13 10:30:00,729.0477711,2.134
2025-06-13 11:00:00,728.9356040999999,1.868
2025-06-13 11:30:00,728.8479098999999,1.637
2025-06-13 12:00:00,728.6929154999999,1.473
2025-06-13 12:30:00,728.6949548999999,1.274
2025-06-13 13:00:00,728.6633442,1.149
2025-06-13 13:30:00,728.6694623999999,1.181
2025-06-13 14:00:00,728.5134482999999,1.278
2025-06-13 14:30:00,728.7173882999999,3.976
2025-06-13 15:00:00,728.9794511999999,10.99
2025-06-13 15:30:00,729.0895787999999,9.281
2025-06-13 16:00:00,729.2353959,11.722
2025-06-13 16:30:00,729.2557899,11.066
2025-06-13 17:00:00,729.3394053,11.329
2025-06-13 17:30:00,729.4189419,12.463
2025-06-13 18:00:00,729.4984784999999,13.558
2025-06-13 18:30:00,729.5198921999998,17.61
2025-06-13 19:00:00,729.218061,21.787
2025-06-13 19:30:00,729.7085366999999,21.685
2025-06-13 20:00:00,729.6636699000001,17.15
2025-06-13 20:30:00,729.6697880999999,16.202
2025-06-13 21:00:00,729.7013988,16.08
2025-06-13 21:30:00,729.6993593999999,16.178
2025-06-13 22:00:00,729.7788959999999,16.348
2025-06-13 22:30:00,729.6901820999999,16.691
2025-06-13 23:00:00,729.6065667,16.778
2025-06-13 23:30:00,729.5994287999999,16.105
2025-06-14 00:00:00,729.5943302999999,15.412
2025-06-14 00:30:00,729.5749559999999,14.928
2025-06-14 01:00:00,729.6320592,14.194
2025-06-14 01:30:00,729.7024185,13.411
2025-06-14 02:00:00,729.7625807999999,12.434
2025-06-14 02:30:00,729.7350488999999,11.502
2025-06-14 03:00:00,729.9206343,10.861
2025-06-14 03:30:00,730.1317121999999,9.547
2025-06-14 04:00:00,730.2673322999999,8.334
2025-06-14 04:30:00,730.4855480999998,7.544
2025-06-14 05:00:00,730.51308,6.842
2025-06-14 05:30:00,730.4865678,6.176
2025-06-14 06:00:00,730.4641343999999,5.58
2025-06-14 06:30:00,730.3336128,5.134
2025-06-14 07:00:00,730.3499279999999,4.807
2025-06-14 07:30:00,730.2938444999999,4.558
2025-06-14 08:00:00,730.2805883999999,4.301
2025-06-14 08:30:00,730.278549,4.047
2025-06-14 09:00:00,730.1888154,3.781
2025-06-14 09:30:00,730.1541455999999,3.526
2025-06-14 10:00:00,730.0888848,3.233
2025-06-14 10:30:00,730.1225348999999,2.996
2025-06-14 11:00:00,730.1572046999999,2.747
2025-06-14 11:30:00,730.1623031999999,2.554
2025-06-14 12:00:00,730.2102290999999,2.338
2025-06-14 12:30:00,730.2754898999999,2.145
2025-06-14 13:00:00,730.2989429999999,2.06
2025-06-14 13:30:00,730.4498585999999,2.321
2025-06-14 14:00:00,730.6140303,3.027
2025-06-14 14:30:00,730.6956062999999,4.858
2025-06-14 15:00:00,731.0280284999999,9.122
2025-06-14 15:30:00,731.1116439,9.527
2025-06-14 16:00:00,731.2717367999999,11.031
2025-06-14 16:30:00,731.1738456,11.37
2025-06-14 17:00:00,731.3196626999999,12.462
2025-06-14 17:30:00,731.4583418999999,13.806
2025-06-14 18:00:00,731.451204,15.035
2025-06-14 18:30:00,731.5174844999999,19.387
2025-06-14 19:00:00,731.3482143,24.026
2025-06-14 19:30:00,731.8947734999999,23.375
2025-06-14 20:00:00,731.7917838,18.829
2025-06-14 20:30:00,731.8713204,18.161
2025-06-14 21:00:00,731.8448082,17.641
2025-06-14 21:30:00,731.9314827,17.568
2025-06-14 22:00:00,731.9957238,17.869
2025-06-14 22:30:00,732.1170681,17.792
2025-06-14 23:00:00,732.0966740999999,17.507
2025-06-14 23:30:00,732.0956543999998,17.078
2025-06-15 00:00:00,732.1252257,15.799
2025-06-15 00:30:00,731.9896056,15.519
2025-06-15 01:00:00,732.1405212,15.004
2025-06-15 01:30:00,732.2588063999999,14.254
2025-06-15 02:00:00,732.4148204999999,13.291
2025-06-15 02:30:00,732.4015643999999,12.502
2025-06-15 03:00:00,732.4617267,11.871
2025-06-15 03:30:00,732.5687952,11.192
2025-06-15 04:00:00,732.6207999,10.731
2025-06-15 04:30:00,732.7655973,9.809
2025-06-15 05:00:00,732.9532221,9.016
2025-06-15 05:30:00,732.9440447999999,8.596
2025-06-15 06:00:00,732.9022371,8.371
2025-06-15 06:30:00,732.8930598,8.152
2025-06-15 07:00:00,732.8675673,7.89
2025-06-15 07:30:00,732.7319472,7.745
2025-06-15 08:00:00,732.6524105999999,7.341
2025-06-15 08:30:00,732.5402436,7.029
2025-06-15 09:00:00,732.2975549999999,7.014
2025-06-15 09:30:00,732.2598260999999,7.031
2025-06-15 10:00:00,732.2373927,6.714
2025-06-15 10:30:00,732.1864077,6.396
2025-06-15 11:00:00,732.1537772999999,6.134
2025-06-15 11:30:00,732.2210775,5.637
2025-06-15 12:00:00,732.1904865,5.002
2025-06-15 12:30:00,732.2975549999999,4.814
2025-06-15 13:00:00,732.4219584,5.103
2025-06-15 13:30:00,732.6207999,4.692
2025-06-15 14:00:00,732.6024452999999,4.372
2025-06-15 14:30:00,732.6401741999999,7.415
2025-06-15 15:00:00,732.6911591999999,14.613
2025-06-15 15:30:00,732.8930598,12.436
2025-06-15 16:00:00,732.9654585,14.314
2025-06-15 16:30:00,733.0602905999999,13.463
2025-06-15 17:00:00,733.1020983,13.656
2025-06-15 17:30:00,733.2448562999999,14.583
2025-06-15 18:00:00,733.3111368,15.933
2025-06-15 18:30:00,733.4997813,20.487
2025-06-15 19:00:00,733.1194332,24.997
2025-06-15 19:30:00,733.6710909,24.059
2025-06-15 20:00:00,733.7812184999999,20.09
2025-06-15 20:30:00,733.7027016,18.934
2025-06-15 21:00:00,733.8046716,18.761
2025-06-15 21:30:00,733.8648338999999,19.024
2025-06-15 22:00:00,733.9443705,18.815
2025-06-15 22:30:00,733.8740111999999,19.313
2025-06-15 23:00:00,733.7608244999999,19.377
2025-06-15 23:30:00,733.8036519,18.631
2025-06-16 00:00:00,733.8118094999999,17.926
2025-06-16 00:30:00,733.7557259999999,17.404
2025-06-16 01:00:00,733.5140570999998,16.608
2025-06-16 01:30:00,733.4681705999999,15.81
2025-06-16 02:00:00,733.5609633,14.725
2025-06-16 02:30:00,733.551786,13.739
2025-06-16 03:00:00,733.7190168,13.104
2025-06-16 03:30:00,733.6863864,12.509
2025-06-16 04:00:00,733.6588544999998,11.513
2025-06-16 04:30:00,733.9178582999999,10.739
2025-06-16 05:00:00,734.0534783999999,10.07
2025-06-16 05:30:00,733.9912767,9.513
2025-06-16 06:00:00,733.9290749999999,9.046
2025-06-16 06:30:00,733.8689126999999,8.457
2025-06-16 07:00:00,733.7832579,8.327
2025-06-16 07:30:00,733.643559,8.172
2025-06-16 08:00:00,733.6119482999999,8.168
2025-06-16 08:30:00,733.5477072,7.676
2025-06-16 09:00:00,733.4029098,6.83
2025-06-16 09:30:00,733.2499548,6.063
2025-06-16 10:00:00,733.123512,5.543
2025-06-16 10:30:00,733.0286799,5.395
2025-06-16 11:00:00,732.8186217,5.199
2025-06-16 11:30:00,732.7747746,5.09
2025-06-16 12:00:00,732.6289575,4.712
2025-06-16 12:30:00,732.6024452999999,4.599
2025-06-16 13:00:00,732.6626076,4.697
2025-06-16 13:30:00,732.8349368999999,4.778
2025-06-16 14:00:00,732.7706958,4.335
2025-06-16 14:30:00,732.8420747999999,6.697
2025-06-16 15:00:00,732.9063159,12.941
2025-06-16 15:30:00,732.9348674999999,11.381
2025-06-16 16:00:00,732.9950297999999,12.906
2025-06-16 16:30:00,732.9063159,12.268
2025-06-16 17:00:00,732.85839,13.031
2025-06-16 17:30:00,733.0358177999999,14.088
2025-06-16 18:00:00,732.9185523,15.029
2025-06-16 18:30:00,732.7319472,19.114
2025-06-16 19:00:00,732.521889,22.934
2025-06-16 19:30:00,732.8961188999999,22.285
2025-06-16 20:00:00,732.9032567999999,17.978
2025-06-16 20:30:00,732.8002670999999,17.178
2025-06-16 21:00:00,732.85839,16.913
2025-06-16 21:30:00,732.817602,16.555
2025-06-16 22:00:00,732.7910897999999,16.328
2025-06-16 22:30:00,732.7472426999999,16.299
2025-06-16 23:00:00,732.5647164,16.132
2025-06-16 23:30:00,732.4321553999999,15.315
2025-06-17 00:00:00,732.195585,14.637
2025-06-17 00:30:00,732.3118307999999,13.944
2025-06-17 01:00:00,732.2598260999999,13.096
2025-06-17 01:30:00,732.1527575999999,12.414
2025-06-17 02:00:00,732.164994,11.57
2025-06-17 02:30:00,732.0976938,10.849
2025-06-17 03:00:00,732.0783194999999,10.317
2025-06-17 03:30:00,732.1864077,9.731
2025-06-17 04:00:00,732.2802201,9.045
2025-06-17 04:30:00,732.5208693,8.477
2025-06-17 05:00:00,732.5759330999999,8.007
2025-06-17 05:30:00,732.6075437999999,7.476
2025-06-17 06:00:00,732.5718542999999,6.294
2025-06-17 06:30:00,732.4229780999999,5.426
2025-06-17 07:00:00,732.4066628999999,4.74
2025-06-17 07:30:00,732.3199883999999,4.286
2025-06-17 08:00:00,732.1751909999999,3.849
2025-06-17 08:30:00,731.9681919,3.484
2025-06-17 09:00:00,731.8346111999999,3.305
2025-06-17 09:30:00,731.695932,3.109
2025-06-17 10:00:00,731.6235333,2.902
2025-06-17 10:30:00,731.5001496,2.696
2025-06-17 11:00:00,731.4675191999999,2.578
2025-06-17 11:30:00,731.4787359,2.446
2025-06-17 12:00:00,731.4053175,2.332
2025-06-17 12:30:00,731.4583418999999,2.217
2025-06-17 13:00:00,731.5490952,2.202
2025-06-17 13:30:00,731.6378090999999,2.285
2025-06-17 14:00:00,731.8070793,2.433
2025-06-17 14:30:00,731.8407294,5.073
2025-06-17 15:00:00,731.9845071,11.694
2025-06-17 15:30:00,732.1486787999999,10.322
2025-06-17 16:00:00,732.3026534999999,12.543
2025-06-17 16:30:00,732.3811704,11.731
2025-06-17 17:00:00,732.3546581999999,12.457
2025-06-17 17:30:00,732.3465005999999,13.974
2025-06-17 18:00:00,732.3699537,15.5
2025-06-17 18:30:00,732.3169293,19.971
2025-06-17 19:00:00,732.1680531,25.241
2025-06-17 19:30:00,732.4974161999999,25.575
2025-06-17 20:00:00,732.5891891999999,21.274
2025-06-17 20:30:00,732.4454114999999,20.237
2025-06-17 21:00:00,732.4178796,20.258
2025-06-17 21:30:00,732.3974855999999,20.316
2025-06-17 22:00:00,732.2537078999999,20.379
2025-06-17 22:30:00,732.2302548,20.247
2025-06-17 23:00:00,732.1252257,20.128
2025-06-17 23:30:00,732.1048316999999,19.76
2025-06-18 00:00:00,732.0956543999998,19.131
2025-06-18 00:30:00,732.0334527,18.714
2025-06-18 01:00:00,732.0701618999999,18.127
2025-06-18 01:30:00,732.2200578,17.269
2025-06-18 02:00:00,732.4056431999999,16.23
2025-06-18 02:30:00,732.6350757,14.651
2025-06-18 03:00:00,732.6238589999999,13.392
2025-06-18 03:30:00,732.7380653999999,12.243
2025-06-18 04:00:00,732.7401047999999,11.204
2025-06-18 04:30:00,732.9471038999999,10.503
2025-06-18 05:00:00,733.1173938,10.074
2025-06-18 05:30:00,733.2428169,9.802
2025-06-18 06:00:00,733.1785757999999,9.284
2025-06-18 06:30:00,733.1061771,8.875
2025-06-18 07:00:00,733.0082858999999,8.605
2025-06-18 07:30:00,732.9522023999999,8.588
2025-06-18 08:00:00,732.8512520999999,8.287
2025-06-18 08:30:00,732.6738243,8.119
2025-06-18 09:00:00,732.6738243,7.733
2025-06-18 09:30:00,732.6330362999998,7.398
2025-06-18 10:00:00,732.5687952,7.059
2025-06-18 10:30:00,732.4892585999999,6.807
2025-06-18 11:00:00,732.4617267,6.651
2025-06-18 11:30:00,732.4270568999999,6.444
2025-06-18 12:00:00,732.4392933,6.311
2025-06-18 12:30:00,732.4168599,6.159
2025-06-18 13:00:00,732.5422829999999,6.116
2025-06-18 13:30:00,732.5973467999999,6.088
2025-06-18 14:00:00,732.6891197999998,6.143
2025-06-18 14:30:00,732.7462229999999,8.493
2025-06-18 15:00:00,732.7421441999999,14.671
2025-06-18 15:30:00,732.8665476,13.222
2025-06-18 16:00:00,732.7074743999999,16.718
2025-06-18 16:30:00,732.7452033,16.384
2025-06-18 17:00:00,732.7645775999999,16.741
2025-06-18 17:30:00,732.7513214999999,17.8
2025-06-18 18:00:00,732.8441141999999,18.768
2025-06-18 18:30:00,732.9685175999999,23.399
2025-06-18 19:00:00,732.5942876999999,27.887
2025-06-18 19:30:00,733.0602905999999,27.389
2025-06-18 20:00:00,733.0704876,23.222
2025-06-18 20:30:00,733.1122953,22.113
2025-06-18 21:00:00,733.1286104999999,21.727
2025-06-18 21:30:00,732.9654585,21.529
2025-06-18 22:00:00,732.9838130999999,21.827
2025-06-18 22:30:00,732.8716461,21.842
2025-06-18 23:00:00,732.7564199999999,22.043
2025-06-18 23:30:00,732.7503017999999,21.22
2025-06-19 00:00:00,732.6524105999999,20.644
2025-06-19 00:30:00,732.6758636999999,20.134
2025-06-19 01:00:00,732.6044847,19.492
2025-06-19 01:30:00,732.521889,18.657
2025-06-19 02:00:00,732.5239283999999,17.773
2025-06-19 02:30:00,732.7319472,16.317
2025-06-19 03:00:00,732.8288186999998,14.964
2025-06-19 03:30:00,732.7584594,13.678
2025-06-19 04:00:00,732.8604293999999,12.734
2025-06-19 04:30:00,732.8879612999999,11.872
2025-06-19 05:00:00,732.9593403,11.169
2025-06-19 05:30:00,732.8675673,10.559
2025-06-19 06:00:00,732.8114837999999,10.081
2025-06-19 06:30:00,732.7064546999999,9.548
2025-06-19 07:00:00,732.5473814999999,8.962
2025-06-19 07:30:00,732.3342642,8.577
2025-06-19 08:00:00,732.0089798999999,8.12
2025-06-19 08:30:00,731.7754686,7.719
2025-06-19 09:00:00,731.6214938999999,7.366
2025-06-19 09:30:00,731.5541936999999,7.079
2025-06-19 10:00:00,731.2503231,6.824
2025-06-19 10:30:00,731.0433239999999,6.644
2025-06-19 11:00:00,730.8648764999999,6.406
2025-06-19 11:30:00,730.7751429,6.045
2025-06-19 12:00:00,730.5966953999999,5.783
2025-06-19 12:30:00,730.4896268999998,5.631
2025-06-19 13:00:00,730.4518979999999,5.484
2025-06-19 13:30:00,730.4947253999999,5.523
2025-06-19 14:00:00,730.4865678,5.534
2025-06-19 14:30:00,730.5803802,8.002
2025-06-19 15:00:00,730.7955368999999,14.677
2025-06-19 15:30:00,730.7241579,12.849
2025-06-19 16:00:00,730.4773905,15.449
2025-06-19 16:30:00,730.2194063999999,14.609
2025-06-19 17:00:00,730.0073087999999,15.168
2025-06-19 17:30:00,729.8869841999999,16.137
2025-06-19 18:00:00,729.8971812,17.036
2025-06-19 18:30:00,730.2714110999999,20.605
2025-06-19 19:00:00,729.9532646999999,23.344
2025-06-19 19:30:00,730.2020714999999,22.968
2025-06-19 20:00:00,729.8217233999999,19.247
2025-06-19 20:30:00,729.5525226,18.96
2025-06-19 21:00:00,729.3455234999999,18.817
2025-06-19 21:30:00,729.4097646,18.241
2025-06-19 22:00:00,729.4281192,17.152
2025-06-19 22:30:00,729.503577,15.922
2025-06-19 23:00:00,729.4005873,15.319
2025-06-19 23:30:00,729.1854305999999,15.414
2025-06-20 00:00:00,728.9998452,16.004
2025-06-20 00:30:00,728.8621856999999,15.413
2025-06-20 01:00:00,728.7877475999999,14.921
2025-06-20 01:30:00,728.8621856999999,14.142
2025-06-20 02:00:00,729.1048743,12.773
2025-06-20 02:30:00,728.8805402999999,12.007
2025-06-20 03:00:00,728.8978751999999,11.197
2025-06-20 03:30:00,728.8550478,11.069
2025-06-20 04:00:00,728.8173188999999,10.876
2025-06-20 04:30:00,728.8560675,10.484
2025-06-20 05:00:00,728.9458010999999,10.338
2025-06-20 05:30:00,728.8264961999998,10.229
2025-06-20 06:00:00,728.6093000999999,10.045
2025-06-20 06:30:00,728.1127061999999,9.807
2025-06-20 07:00:00,728.0515241999999,9.691
2025-06-20 07:30:00,727.65792,9.501
2025-06-20 08:00:00,727.4733542999999,9.481
2025-06-20 08:30:00,727.1388926999999,9.504
2025-06-20 09:00:00,726.9471891,9.352
2025-06-20 09:30:00,726.7626233999999,9.221
2025-06-20 10:00:00,726.6861459,8.896
2025-06-20 10:30:00,726.6779883,8.715
2025-06-20 11:00:00,726.6219047999999,8.473
2025-06-20 11:30:00,726.5678607,7.948
2025-06-20 12:00:00,726.4067481,7.109
2025-06-20 12:30:00,726.4648709999999,5.836
2025-06-20 13:00:00,726.4607921999999,5.233
2025-06-20 13:30:00,726.4220435999999,4.997
2025-06-20 14:00:00,726.4261223999999,5.371
2025-06-20 14:30:00,726.3210932999999,7.81
2025-06-20 15:00:00,726.4332603,13.506
2025-06-20 15:30:00,726.3985905,11.333
2025-06-20 16:00:00,726.6259835999999,13.061
2025-06-20 16:30:00,726.3374085,11.833
2025-06-20 17:00:00,726.1885323,11.765
2025-06-20 17:30:00,726.1283699999999,12.707
2025-06-20 18:00:00,726.3333296999999,13.792
2025-06-20 18:30:00,726.2252414999999,17.59
2025-06-20 19:00:00,725.9866317,21.436
2025-06-20 19:30:00,726.0967593,21.243
2025-06-20 20:00:00,726.0457742999998,16.939
2025-06-20 20:30:00,726.1783353,16.255
2025-06-20 21:00:00,725.9264694,15.694
2025-06-20 21:30:00,725.9489028,15.671
2025-06-20 22:00:00,725.7245687999999,15.882
2025-06-20 22:30:00,725.649111,15.775
2025-06-20 23:00:00,725.5950669,15.848
2025-06-20 23:30:00,725.6480912999999,15.201
2025-06-21 00:00:00,725.5145105999999,14.55
2025-06-21 00:30:00,725.2667235,13.794
2025-06-21 01:00:00,725.1198866999998,13.316
2025-06-21 01:30:00,724.9761089999998,12.694
2025-06-21 02:00:00,724.9577544,11.826
2025-06-21 02:30:00,724.7895038999999,11.17
2025-06-21 03:00:00,724.7986811999999,10.727
2025-06-21 03:30:00,724.8109175999999,10.37
2025-06-21 04:00:00,724.9495967999999,10.017
2025-06-21 04:30:00,725.3564571,8.815
2025-06-21 05:00:00,725.4869786999999,7.676
2025-06-21 05:30:00,725.5236878999999,7.098
2025-06-21 06:00:00,725.2779401999999,6.509
2025-06-21 06:30:00,725.2126794,6.066
2025-06-21 07:00:00,725.0556455999999,5.588
2025-06-21 07:30:00,724.8058190999999,5.088
2025-06-21 08:00:00,724.5192834,4.579
2025-06-21 08:30:00,724.3561313999999,4.524
2025-06-21 09:00:00,724.1695262999999,4.233
2025-06-21 09:30:00,723.9829212,3.719
2025-06-21 10:00:00,723.8829906,3.168
2025-06-21 10:30:00,723.5281349999999,2.754
2025-06-21 11:00:00,723.2344613999999,2.35
2025-06-21 11:30:00,723.1600232999999,2.542
2025-06-21 12:00:00,723.1335111,1.976
2025-06-21 12:30:00,722.7766161,1.806
2025-06-21 13:00:00,723.1416687,3.599
2025-06-21 13:30:00,722.8918421999999,2.591
2025-06-21 14:00:00,722.7572418,2.158
2025-06-21 14:30:00,722.7888524999998,3.422
2025-06-21 15:00:00,722.7704979,7.856
2025-06-21 15:30:00,722.8041479999999,6.553
2025-06-21 16:00:00,722.9866742999999,8.394
2025-06-21 16:30:00,722.9112164999999,7.041
2025-06-21 17:00:00,723.1039397999999,7.038
2025-06-21 17:30:00,723.1855158,7.566
2025-06-21 18:00:00,723.2517962999999,8.122
2025-06-21 18:30:00,723.4322831999999,11.378
2025-06-21 19:00:00,723.3925148999999,13.867
2025-06-21 19:30:00,723.7728629999999,13.104
2025-06-21 20:00:00,723.9411135,9.753
2025-06-21 20:30:00,724.1848218,8.619
2025-06-21 21:00:00,724.2378462,8.446
2025-06-21 21:30:00,724.4937908999999,7.807
2025-06-21 22:00:00,724.3408359,8.007
2025-06-21 22:30:00,724.4387271,8.342
2025-06-21 23:00:00,724.4111952,7.577
2025-06-21 23:30:00,724.5692487,7.356
2025-06-22 00:00:00,724.6977308999999,6.721
2025-06-22 00:30:00,724.8476268,6.569
2025-06-22 01:00:00,724.6793762999998,5.993
2025-06-22 01:30:00,724.5192834,5.453
2025-06-22 02:00:00,724.7466764999999,4.887
2025-06-22 02:30:00,724.9934438999999,4.083
2025-06-22 03:00:00,725.0362713,3.492
2025-06-22 03:30:00,725.2279748999999,3.107
2025-06-22 04:00:00,725.1249851999999,2.393
2025-06-22 04:30:00,725.3044524,1.743
2025-06-22 05:00:00,725.4380331,1.274
2025-06-22 05:30:00,725.5359242999999,1.009
2025-06-22 06:00:00,725.6786822999999,0.798
2025-06-22 06:30:00,725.4492498,0.509
2025-06-22 07:00:00,725.3268857999999,0.821
2025-06-22 07:30:00,725.3136297,0.832
2025-06-22 08:00:00,724.9699908,0.489
2025-06-22 08:30:00,725.1780095999999,0.174
2025-06-22 09:00:00,725.0026211999999,-0.015
2025-06-22 09:30:00,724.9679514,-0.172
2025-06-22 10:00:00,724.8302919,-0.312
2025-06-22 10:30:00,724.9842666,-0.482
2025-06-22 11:00:00,724.8863753999999,-0.727
2025-06-22 11:30:00,725.0556455999999,-0.919
2025-06-22 12:00:00,724.9944635999999,-1.098
2025-06-22 12:30:00,725.118867,-1.239
2025-06-22 13:00:00,725.1637337999999,-1.351
2025-06-22 13:30:00,725.3421813,-1.341
2025-06-22 14:00:00,725.4614861999999,-1.188
2025-06-22 14:30:00,725.6644064999999,0.787
2025-06-22 15:00:00,726.2191233,6.11
2025-06-22 15:30:00,726.2588916,4.521
2025-06-22 16:00:00,726.4699694999999,6.655
2025-06-22 16:30:00,726.5342105999998,5.834
2025-06-22 17:00:00,726.7422293999999,6.513
2025-06-22 17:30:00,726.8666327999999,7.582
2025-06-22 18:00:00,727.0185681,8.658
2025-06-22 18:30:00,727.0552773,12.587
2025-06-22 19:00:00,726.7442687999999,16.382
2025-06-22 19:30:00,727.1674442999998,17.471
2025-06-22 20:00:00,727.2908279999999,13.512
2025-06-22 20:30:00,727.3173401999999,12.952
2025-06-22 21:00:00,727.2979659,12.415
2025-06-22 21:30:00,727.4264480999999,12.389
2025-06-22 22:00:00,727.362207,12.987
2025-06-22 22:30:00,727.3693448999999,13.299
2025-06-22 23:00:00,727.3132614,13.853
2025-06-22 23:30:00,727.2480006,13.435
2025-06-23 00:00:00,727.2204686999999,12.903
2025-06-23 00:30:00,727.1756019000001,11.663
2025-06-23 01:00:00,727.2112913999999,10.913
2025-06-23 01:30:00,727.5284181,9.718
2025-06-23 02:00:00,727.7741657999999,9.094
2025-06-23 02:30:00,727.6079546999998,8.787
2025-06-23 03:00:00,727.5304574999999,8.295
2025-06-23 03:30:00,727.6028562,7.222
2025-06-23 04:00:00,727.6895307,6.945
2025-06-23 04:30:00,727.7976189,6.747
2025-06-23 05:00:00,727.9699482,6.104
2025-06-23 05:30:00,728.0270513999999,5.94
2025-06-23 06:00:00,728.0566226999999,5.784
2025-06-23 06:30:00,727.8883721999999,5.522
2025-06-23 07:00:00,727.8802145999999,5.323
2025-06-23 07:30:00,727.7405157,5.116
2025-06-23 08:00:00,727.637526,4.939
2025-06-23 08:30:00,727.5263786999999,4.903
2025-06-23 09:00:00,727.4162510999998,4.709
2025-06-23 09:30:00,727.3071431999999,4.493
2025-06-23 10:00:00,727.3163204999998,4.3
2025-06-23 10:30:00,727.209252,4.121
2025-06-23 11:00:00,727.2000747,4.055
2025-06-23 11:30:00,727.2949067999999,4.017
2025-06-23 12:00:00,727.3234583999999,4.015
2025-06-23 12:30:00,727.4029949999999,3.852
2025-06-23 13:00:00,727.5365757,3.797
2025-06-23 13:30:00,727.6752548999999,4.116
2025-06-23 14:00:00,727.800678,4.619
2025-06-23 14:30:00,728.0545832999999,6.292
2025-06-23 15:00:00,728.3941433999998,6.607
2025-06-23 15:30:00,728.3441781,6.907
2025-06-23 16:00:00,728.2717793999999,7.706
2025-06-23 16:30:00,728.2493460000001,6.962
2025-06-23 17:00:00,728.0607014999999,7.215
2025-06-23 17:30:00,728.4604238999999,8.329
2025-06-23 18:00:00,728.4512465999999,9.184
2025-06-23 18:30:00,728.5052906999999,13.147
2025-06-23 19:00:00,728.1432972,17.525
2025-06-23 19:30:00,728.5277241,16.705
2025-06-23 20:00:00,728.6847579,11.923
2025-06-23 20:30:00,728.5868666999999,10.652
2025-06-23 21:00:00,728.728605,10.862
2025-06-23 21:30:00,728.9305056000001,9.925
2025-06-23 22:00:00,729.1130319,8.435
2025-06-23 22:30:00,729.2221398,8.312
2025-06-23 23:00:00,729.3292082999999,8.565
2025-06-23 23:30:00,729.5606801999999,7.359
2025-06-24 00:00:00,729.6239016,6.66
2025-06-24 00:30:00,729.4709465999999,6.04
2025-06-24 01:00:00,729.3975282,6.058
2025-06-24 01:30:00,729.2670065999998,5.999
2025-06-24 02:00:00,729.1599381,5.674
2025-06-24 02:30:00,729.1558593,5.656
2025-06-24 03:00:00,729.0192195,5.38
2025-06-24 03:30:00,728.8377128999999,4.614
2025-06-24 04:00:00,728.8081416,4.005
2025-06-24 04:30:00,728.9192889,3.438
2025-06-24 05:00:00,729.0263574,2.845
2025-06-24 05:30:00,728.9447813999999,2.34
2025-06-24 06:00:00,728.9896481999999,2.188
2025-06-24 06:30:00,728.9182691999999,1.904
2025-06-24 07:00:00,728.8876781999999,1.718
2025-06-24 07:30:00,728.7316641,1.6
2025-06-24 08:00:00,728.7061716,1.496
2025-06-24 08:30:00,728.6072607,1.452
2025-06-24 09:00:00,728.5909454999999,1.29
2025-06-24 09:30:00,728.4767390999999,1.116
2025-06-24 10:00:00,728.4124979999999,1.097
2025-06-24 10:30:00,728.4135176999999,1.061
2025-06-24 11:00:00,728.4390101999999,0.888
2025-06-24 11:30:00,728.4757194,0.803
2025-06-24 12:00:00,728.5827879,0.639
2025-06-24 12:30:00,728.6715018,0.495
2025-06-24 13:00:00,728.7704127,0.543
2025-06-24 13:30:00,728.9886284999999,0.815
2025-06-24 14:00:00,729.2680262999999,1.188
2025-06-24 14:30:00,729.5362074,3.237
2025-06-24 15:00:00,729.8156051999999,8.731
2025-06-24 15:30:00,730.0929636,8.011
2025-06-24 16:00:00,730.2398004,10.144
2025-06-24 16:30:00,730.4029523999999,9.239
2025-06-24 17:00:00,730.5793605,9.263
2025-06-24 17:30:00,730.8475415999999,10.395
2025-06-24 18:00:00,730.8587583,11.278
2025-06-24 18:30:00,730.8404036999999,15.561
2025-06-24 19:00:00,730.6272864,19.729
2025-06-24 19:30:00,730.9607282999999,19.824
2025-06-24 20:00:00,731.1198015,14.972
2025-06-24 20:30:00,730.9882601999999,13.555
2025-06-24 21:00:00,730.9505313,13.311
2025-06-24 21:30:00,730.8240885,13.524
2025-06-24 22:00:00,730.9821420000001,12.913
2025-06-24 22:30:00,730.9199403,12.854
2025-06-24 23:00:00,731.0861514,13.48
2025-06-24 23:30:00,730.9902996,12.441
2025-06-25 00:00:00,731.1177620999998,11.957
2025-06-25 00:30:00,731.0657573999999,12.121
2025-06-25 01:00:00,731.1748652999999,12.198
2025-06-25 01:30:00,731.4277508999999,11.54
2025-06-25 02:00:00,731.6082378,10.856
2025-06-25 02:30:00,731.6745182999999,10.211
2025-06-25 03:00:00,731.7815867999999,9.528
2025-06-25 03:30:00,732.0293739,8.602
2025-06-25 04:00:00,732.2139395999999,7.681
2025-06-25 04:30:00,732.4443918000001,6.888
2025-06-25 05:00:00,732.5861300999999,6.19
2025-06-25 05:30:00,732.4984358999999,5.716
2025-06-25 06:00:00,732.3760718999999,5.373
2025-06-25 06:30:00,732.3668945999999,5.053
2025-06-25 07:00:00,732.4036037999999,4.511
2025-06-25 07:30:00,732.2924564999998,4.219
2025-06-25 08:00:00,732.328146,3.973
2025-06-25 08:30:00,732.2088410999999,3.706
2025-06-25 09:00:00,732.0803589,3.465
2025-06-25 09:30:00,732.0630239999999,3.261
2025-06-25 10:00:00,732.1129892999999,3.105
2025-06-25 10:30:00,732.0813786,2.968
2025-06-25 11:00:00,732.1119696,2.941
2025-06-25 11:30:00,732.1089104999999,2.827
2025-06-25 12:00:00,732.2282154,2.686
2025-06-25 12:30:00,732.3760718999999,2.467
2025-06-25 13:00:00,732.5310663,2.41
2025-06-25 13:30:00,732.6952379999999,2.455
2025-06-25 14:00:00,732.7778337,2.601
2025-06-25 14:30:00,732.9725964,4.804
2025-06-25 15:00:00,733.0908815999999,11.108
2025-06-25 15:30:00,733.4222840999998,9.786
2025-06-25 16:00:00,733.2999201,12.61
2025-06-25 16:30:00,733.3937324999999,11.7
2025-06-25 17:00:00,733.3957719,11.865
2025-06-25 17:30:00,733.4508357,12.791
2025-06-25 18:00:00,733.4936630999999,14.027
2025-06-25 18:30:00,733.4355401999999,18.112
2025-06-25 19:00:00,733.1602212,22.147
2025-06-25 19:30:00,733.4804069999999,22.914
2025-06-25 20:00:00,733.3774172999999,18.796
2025-06-25 20:30:00,733.2754472999999,17.918
2025-06-25 21:00:00,733.1122953,17.492
2025-06-25 21:30:00,732.9991085999999,17.709
2025-06-25 22:00:00,733.2132455999999,17.675
2025-06-25 22:30:00,733.0929209999999,17.851
2025-06-25 23:00:00,733.0531526999999,17.875
2025-06-25 23:30:00,732.9746358,17.404
2025-06-26 00:00:00,732.8553308999999,16.61
2025-06-26 00:30:00,732.7319472,16.257
2025-06-26 01:00:00,732.6840213,15.432
2025-06-26 01:30:00,732.7931292,14.609
2025-06-26 02:00:00,732.8481929999999,13.758
2025-06-26 02:30:00,732.9216114,12.894
2025-06-26 03:00:00,733.072527,11.994
2025-06-26 03:30:00,733.1163741,10.862
2025-06-26 04:00:00,733.1510439,9.913
2025-06-26 04:30:00,733.2040682999999,9.055
2025-06-26 05:00:00,733.1439059999999,8.272
2025-06-26 05:30:00,733.1296302,7.511
2025-06-26 06:00:00,733.1204529,6.952
2025-06-26 06:30:00,733.1245317,6.509
2025-06-26 07:00:00,733.1163741,6.132
2025-06-26 07:30:00,733.1255513999998,5.892
2025-06-26 08:00:00,733.0072662,5.622
2025-06-26 08:30:00,732.8940795,5.346
2025-06-26 09:00:00,732.7503017999999,5.016
2025-06-26 09:30:00,732.5606376,4.713
2025-06-26 10:00:00,732.4678448999999,4.418
2025-06-26 10:30:00,732.3964659000001,4.143
2025-06-26 11:00:00,732.4423523999999,3.864
2025-06-26 11:30:00,732.1731516,3.685
2025-06-26 12:00:00,732.1282848,3.493
2025-06-26 12:30:00,732.2068016999999,3.335
2025-06-26 13:00:00,732.277161,3.279
2025-06-26 13:30:00,732.1660136999999,3.314
2025-06-26 14:00:00,732.2526881999999,3.509
2025-06-26 14:30:00,732.2241366,5.676
2025-06-26 15:00:00,731.9896056,12.041
2025-06-26 15:30:00,732.0252951,11.21
2025-06-26 16:00:00,731.8703006999999,13.267
2025-06-26 16:30:00,731.6612621999999,13.022
2025-06-26 17:00:00,731.757114,13.462
2025-06-26 17:30:00,731.9702312999999,14.45
2025-06-26 18:00:00,731.9121083999999,15.522
2025-06-26 18:30:00,731.7387593999999,19.503
2025-06-26 19:00:00,731.4807752999999,23.239
2025-06-26 19:30:00,731.8111581000001,23.52
2025-06-26 20:00:00,731.8142171999999,19.031
2025-06-26 20:30:00,731.8570445999999,18.484
2025-06-26 21:00:00,731.7377396999999,17.966
2025-06-26 21:30:00,731.8295126999999,17.997
2025-06-26 22:00:00,731.8611233999999,18.116
2025-06-26 22:30:00,731.6092575,17.857
2025-06-26 23:00:00,731.7509957999999,18.079
2025-06-26 23:30:00,731.5827452999999,17.69
2025-06-27 00:00:00,731.5480755,17.159
2025-06-27 00:30:00,731.4746571,16.639
2025-06-27 01:00:00,731.3298596999999,16.155
2025-06-27 01:30:00,731.4359085,15.404
2025-06-27 02:00:00,731.5970211,14.464
2025-06-27 02:30:00,731.8131974999999,13.418
2025-06-27 03:00:00,731.9386205999999,12.76
2025-06-27 03:30:00,731.9325024,11.521
2025-06-27 04:00:00,731.9967435,10.304
2025-06-27 04:30:00,732.0548663999999,9.397
2025-06-27 05:00:00,732.0813786,8.631
2025-06-27 05:30:00,731.9692115999999,8.129
2025-06-27 06:00:00,731.9365812,7.669
2025-06-27 06:30:00,731.8906946999999,7.265
2025-06-27 07:00:00,731.8458279,6.936
2025-06-27 07:30:00,731.7509957999999,6.699
2025-06-27 08:00:00,731.6989911,6.318
2025-06-27 08:30:00,731.6347499999999,5.992
2025-06-27 09:00:00,731.5541936999999,5.757
2025-06-27 09:30:00,731.3675885999999,5.599
2025-06-27 10:00:00,731.2360472999999,5.378
2025-06-27 10:30:00,731.1401954999999,5.223
2025-06-27 11:00:00,731.1198015,5.348
2025-06-27 11:30:00,731.0219102999998,5.371
2025-06-27 12:00:00,731.1116439,5.194
2025-06-27 12:30:00,731.2217715,4.949
2025-06-27 13:00:00,731.2788747,4.945
2025-06-27 13:30:00,731.3533127999999,5.079
2025-06-27 14:00:00,731.3910417,5.616
2025-06-27 14:30:00,731.3900219999999,7.916
2025-06-27 15:00:00,731.4185736000001,14.062
2025-06-27 15:30:00,731.8060596,13.226
2025-06-27 16:00:00,731.7377396999999,14.478
2025-06-27 16:30:00,731.8866158999999,14.294
2025-06-27 17:00:00,731.9753297999999,14.822
2025-06-27 17:30:00,732.0650633999999,15.832
2025-06-27 18:00:00,732.1792697999999,16.761
2025-06-27 18:30:00,732.2353532999999,20.882
2025-06-27 19:00:00,732.0395709,24.915
2025-06-27 19:30:00,732.4974161999999,25.336
2025-06-27 20:00:00,732.6371150999998,20.475
2025-06-27 20:30:00,732.6157013999999,19.507
2025-06-27 21:00:00,732.6238589999999,19.236
2025-06-27 21:30:00,732.6544499999999,19.363
2025-06-27 22:00:00,732.7135926,19.721
2025-06-27 22:30:00,732.6493515,19.554
2025-06-27 23:00:00,732.6503711999999,19.58
2025-06-27 23:30:00,732.6248787,19.319
2025-06-28 00:00:00,732.5810316,18.726
2025-06-28 00:30:00,732.6126423,18.442
2025-06-28 01:00:00,732.5698149,17.924
2025-06-28 01:30:00,732.7431638999999,17.113
2025-06-28 02:00:00,732.9358871999999,16.258
2025-06-28 02:30:00,733.1184135,15.137
2025-06-28 03:00:00,733.2448562999999,14.274
2025-06-28 03:30:00,733.4508357,13.366
2025-06-28 04:00:00,733.6731302999999,12.32
2025-06-28 04:30:00,733.8148686,11.451
2025-06-28 05:00:00,733.8689126999999,10.632
2025-06-28 05:30:00,733.9351932,10.173
2025-06-28 06:00:00,733.7414501999999,9.627
2025-06-28 06:30:00,733.7771396999999,9.35
2025-06-28 07:00:00,733.6996425,8.817
2025-06-28 07:30:00,733.6282634999999,8.401
2025-06-28 08:00:00,733.582377,8.257
2025-06-28 08:30:00,733.5640223999999,8.102
2025-06-28 09:00:00,733.5262935,7.871
2025-06-28 09:30:00,733.4589933,7.626
2025-06-28 10:00:00,733.4253431999999,7.825
2025-06-28 10:30:00,733.4029098,7.698
2025-06-28 11:00:00,733.4151461999999,7.821
2025-06-28 11:30:00,733.5609633,8.106
2025-06-28 12:00:00,733.5497465999999,7.927
2025-06-28 12:30:00,733.5242540999999,7.521
2025-06-28 13:00:00,733.5742194,7.796
2025-06-28 13:30:00,733.8301640999999,7.999
2025-06-28 14:00:00,733.9576265999999,7.861
2025-06-28 14:30:00,734.1340346999999,9.686
2025-06-28 15:00:00,734.1279165,16.179
2025-06-28 15:30:00,734.3338959,14.551
2025-06-28 16:00:00,734.2298864999999,16.232
2025-06-28 16:30:00,734.3328762,15.408
2025-06-28 17:00:00,734.1656453999999,15.325
2025-06-28 17:30:00,734.2676154,16.307
2025-06-28 18:00:00,734.2574183999999,17.459
2025-06-28 18:30:00,734.1411726,21.879
2025-06-28 19:00:00,734.0799906,25.637
2025-06-28 19:30:00,734.2411032,26.829
2025-06-28 20:00:00,734.4185309999999,22.066
2025-06-28 20:30:00,734.2696547999999,21.148
2025-06-28 21:00:00,734.1187391999999,20.946
2025-06-28 21:30:00,733.9820993999999,21.016
2025-06-28 22:00:00,733.9637447999999,21.482
2025-06-28 22:30:00,733.9770008999999,20.776
2025-06-28 23:00:00,733.98006,21.238
2025-06-28 23:30:00,733.8281247,20.816
2025-06-29 00:00:00,733.8770702999999,20.055
2025-06-29 00:30:00,733.7098395,19.595
2025-06-29 01:00:00,733.6976030999999,19.46
2025-06-29 01:30:00,733.6690514999999,18.78
2025-06-29 02:00:00,733.7628638999998,17.597
2025-06-29 02:30:00,733.8067109999998,16.508
2025-06-29 03:00:00,734.0687738999999,15.552
2025-06-29 03:30:00,734.2431425999998,14.844
2025-06-29 04:00:00,734.4990872999999,13.768
2025-06-29 04:30:00,734.6632589999999,12.84
2025-06-29 05:00:00,734.7009879,11.942
2025-06-29 05:30:00,734.5918800000001,11.368
2025-06-29 06:00:00,734.5041858,10.9
2025-06-29 06:30:00,734.4878705999998,10.485
2025-06-29 07:00:00,734.5133631,10.12
2025-06-29 07:30:00,734.3991566999999,9.712
2025-06-29 08:00:00,734.4501416999999,9.425
2025-06-29 08:30:00,734.3328762,9.179
2025-06-29 09:00:00,734.2349849999999,9.211
2025-06-29 09:30:00,734.2094924999999,9.063
2025-06-29 10:00:00,734.1513695999998,9.046
2025-06-29 10:30:00,734.0942664,9.073
2025-06-29 11:00:00,733.9729220999999,8.59
2025-06-29 11:30:00,733.9545675,8.208
2025-06-29 12:00:00,734.0137100999999,7.992
2025-06-29 12:30:00,734.1360741,8.021
2025-06-29 13:00:00,734.1156801,7.819
2025-06-29 13:30:00,734.1595272,7.699
2025-06-29 14:00:00,734.2880094,7.704
2025-06-29 14:30:00,734.2655759999999,9.813
2025-06-29 15:00:00,734.133015,16.532
2025-06-29 15:30:00,734.2625168999999,15.042
2025-06-29 16:00:00,734.1217982999999,16.732
2025-06-29 16:30:00,734.2309061999999,16.038
2025-06-29 17:00:00,734.102424,16.094
2025-06-29 17:30:00,734.0810103,16.848
2025-06-29 18:00:00,734.2115319,17.809
2025-06-29 18:30:00,734.2166304,21.978
2025-06-29 19:00:00,734.0218676999999,26.018
2025-06-29 19:30:00,734.1177194999999,26.97
2025-06-29 20:00:00,734.1890985,22.294
2025-06-29 20:30:00,734.0290056,21.537
2025-06-29 21:00:00,733.9770008999999,21.004
2025-06-29 21:30:00,733.6680317999999,21.078
2025-06-29 22:00:00,733.5446480999999,21.71
2025-06-29 22:30:00,733.3794566999999,21.986
2025-06-29 23:00:00,733.103118,22.081
2025-06-29 23:30:00,732.9409856999999,21.71
2025-06-30 00:00:00,732.9287493,20.896
2025-06-30 00:30:00,732.5871498,20.483
2025-06-30 01:00:00,732.4127811,19.815
2025-06-30 01:30:00,732.5198495999999,18.592
2025-06-30 02:00:00,732.6462923999999,17.19
2025-06-30 02:30:00,732.7768139999998,15.983
2025-06-30 03:00:00,732.8869415999999,15.181
2025-06-30 03:30:00,732.9929903999999,14.403
2025-06-30 04:00:00,733.1693984999998,13.374
2025-06-30 04:30:00,733.3835354999999,12.529
2025-06-30 05:00:00,733.3233731999999,11.57
2025-06-30 05:30:00,733.1744969999999,10.725
2025-06-30 06:00:00,733.0847633999999,10.074
2025-06-30 06:30:00,732.9124340999999,9.686
2025-06-30 07:00:00,732.8155625999999,9.473
2025-06-30 07:30:00,732.6636272999999,8.935
2025-06-30 08:00:00,732.3862689,8.812
2025-06-30 08:30:00,732.1782500999999,8.818
2025-06-30 09:00:00,731.7958626,8.682
2025-06-30 09:30:00,731.8162565999999,8.47
2025-06-30 10:00:00,731.6133362999999,8.504
2025-06-30 10:30:00,731.4073569,8.825
2025-06-30 11:00:00,731.4083766,9.648
2025-06-30 11:30:00,731.542977,9.141
2025-06-30 12:00:00,731.6194545,8.875
2025-06-30 12:30:00,731.7540549,7.87
2025-06-30 13:00:00,731.8019808,7.143
2025-06-30 13:30:00,731.8784582999999,6.789
2025-06-30 14:00:00,732.0558861000001,6.518
2025-06-30 14:30:00,732.2088410999999,8.092
2025-06-30 15:00:00,732.2486093999999,14.069
2025-06-30 15:30:00,732.3699537,12.918
2025-06-30 16:00:00,732.0660830999999,14.072
2025-06-30 16:30:00,732.0569057999999,13.85
2025-06-30 17:00:00,731.9845071,14.281
2025-06-30 17:30:00,731.9896056,15.555
2025-06-30 18:00:00,732.0130586999999,16.512
2025-06-30 18:30:00,732.185388,20.761
2025-06-30 19:00:00,731.9763495,24.452
2025-06-30 19:30:00,732.2394320999998,25.45
2025-06-30 20:00:00,732.2934761999999,20.387
2025-06-30 20:30:00,732.3332445,19.508
2025-06-30 21:00:00,732.1670333999999,19.335
2025-06-30 21:30:00,732.012039,19.582
2025-06-30 22:00:00,731.9161872,19.731
2025-06-30 22:30:00,731.7010305,20.217
2025-06-30 23:00:00,731.5572528,20.727
2025-06-30 23:30:00,731.3747265,20.419
2025-07-01 00:00:00,731.5735679999999,19.386
2025-07-01 00:30:00,731.5062677999999,18.593
2025-07-01 01:00:00,731.3971598999999,17.865
2025-07-01 01:30:00,731.3961402,17.225
2025-07-01 02:00:00,731.3900219999999,16.384
2025-07-01 02:30:00,731.3839037999999,15.585
2025-07-01 03:00:00,731.4991299,14.724
2025-07-01 03:30:00,731.6367894,13.769
2025-07-01 04:00:00,731.8662218999999,13.076
2025-07-01 04:30:00,732.1731516,12.476
2025-07-01 05:00:00,732.226176,11.871
2025-07-01 05:30:00,732.2037425999999,11.112
2025-07-01 06:00:00,731.9457585,10.403
2025-07-01 06:30:00,731.9029311,9.816
2025-07-01 07:00:00,731.9019114,9.323
2025-07-01 07:30:00,731.8142171999999,8.877
2025-07-01 08:00:00,731.5980407999999,8.619
2025-07-01 08:30:00,731.3645295,8.291
2025-07-01 09:00:00,731.2248305999999,8.003
2025-07-01 09:30:00,731.1310181999999,7.782
2025-07-01 10:00:00,731.1085848,7.462
2025-07-01 10:30:00,731.0300679000001,7.238
2025-07-01 11:00:00,730.9128023999999,7.1
2025-07-01 11:30:00,731.1177620999998,6.841
2025-07-01 12:00:00,731.1820031999999,6.491
2025-07-01 12:30:00,731.2370669999999,6.244
2025-07-01 13:00:00,731.2309488,6.047
2025-07-01 13:30:00,731.3349582,5.988
2025-07-01 14:00:00,731.3930810999999,6.016
2025-07-01 14:30:00,731.3900219999999,7.631
2025-07-01 15:00:00,731.3013080999999,13.987
2025-07-01 15:30:00,731.3349582,12.935
2025-07-01 16:00:00,731.1299984999999,14.119
2025-07-01 16:30:00,731.0168118,14.053
2025-07-01 17:00:00,731.0514816,14.68
2025-07-01 17:30:00,731.114703,15.812
2025-07-01 18:00:00,731.0280284999999,16.782
2025-07-01 18:30:00,731.0157921,21.027
2025-07-01 19:00:00,730.9260584999998,25.405
2025-07-01 19:30:00,731.1738456,26.724
2025-07-01 20:00:00,731.1575303999999,20.971
2025-07-01 20:30:00,731.0402648999999,20.323
2025-07-01 21:00:00,731.0973680999999,19.943
2025-07-01 21:30:00,731.0117133,19.993
2025-07-01 22:00:00,731.1718061999999,19.497
2025-07-01 22:30:00,730.9994769,19.456
2025-07-01 23:00:00,730.7833004999999,19.809
2025-07-01 23:30:00,731.0066148,19.19
2025-07-02 00:00:00,730.8220491,18.582
2025-07-02 00:30:00,730.7618868,17.588
2025-07-02 01:00:00,730.6436015999999,16.861
2025-07-02 01:30:00,730.6140303,16.356
2025-07-02 02:00:00,730.6211681999999,15.639
2025-07-02 02:30:00,730.6823501999999,14.933
2025-07-02 03:00:00,730.6221879,14.183
2025-07-02 03:30:00,730.7098821,13.412
2025-07-02 04:00:00,730.8781325999998,12.758
2025-07-02 04:30:00,730.8924083999999,11.866
2025-07-02 05:00:00,731.0086541999999,10.978
2025-07-02 05:30:00,730.8434627999999,10.154
2025-07-02 06:00:00,730.7302760999999,9.415
2025-07-02 06:30:00,730.7527094999999,8.597
2025-07-02 07:00:00,730.6721532,8.932
2025-07-02 07:30:00,730.9372751999999,8.797
2025-07-02 08:00:00,731.0351663999999,8.272
2025-07-02 08:30:00,730.7618868,7.724
2025-07-02 09:00:00,730.6201484999999,7.364
2025-07-02 09:30:00,730.4600555999999,6.928
2025-07-02 10:00:00,730.2092094,6.41
2025-07-02 10:30:00,730.0144466999999,5.889
2025-07-02 11:00:00,730.0328013,5.792
2025-07-02 11:30:00,730.0062890999999,5.512
2025-07-02 12:00:00,730.1674016999999,5.378
2025-07-02 12:30:00,730.3835781,5.381
2025-07-02 13:00:00,730.4590358999999,5.377
2025-07-02 13:30:00,730.5395921999999,5.384
2025-07-02 14:00:00,730.6680743999999,5.586
2025-07-02 14:30:00,730.7496504,7.228
2025-07-02 15:00:00,730.8353051999999,13.754
2025-07-02 15:30:00,730.9729647,12.772
2025-07-02 16:00:00,730.798596,14.175
2025-07-02 16:30:00,730.8975068999999,13.99
2025-07-02 17:00:00,730.9393145999999,14.065
2025-07-02 17:30:00,730.9739843999998,14.929
2025-07-02 18:00:00,730.8455021999999,16.208
2025-07-02 18:30:00,730.9546101,20.524
2025-07-02 19:00:00,730.7751429,24.5
2025-07-02 19:30:00,730.8404036999999,26.163
2025-07-02 20:00:00,730.8883295999999,20.829
2025-07-02 20:30:00,730.6232076,19.563
2025-07-02 21:00:00,730.6874486999999,19.433
2025-07-02 21:30:00,730.3611447,19.498
2025-07-02 22:00:00,730.523277,20.113
2025-07-02 22:30:00,730.5161390999999,18.164
2025-07-02 23:00:00,731.6714592,11.398
2025-07-02 23:30:00,731.8580642999999,6.025
2025-07-03 00:00:00,731.9335221,5.365
2025-07-03 00:30:00,732.2445305999998,6.067
2025-07-03 01:00:00,732.3342642,6.578
2025-07-03 01:30:00,732.24657,6.598
2025-07-03 02:00:00,733.001148,6.979
2025-07-03 02:30:00,732.8849021999999,7.119
2025-07-03 03:00:00,732.073221,7.223
2025-07-03 03:30:00,732.1996638,7.22
2025-07-03 04:00:00,731.7897443999999,6.758
2025-07-03 04:30:00,731.6000802,6.377
2025-07-03 05:00:00,731.5592921999998,6.264
2025-07-03 05:30:00,731.6112968999998,5.974
2025-07-03 06:00:00,731.7142865999999,5.723
2025-07-03 06:30:00,731.6398485,5.5
2025-07-03 07:00:00,731.3971598999999,5.245
2025-07-03 07:30:00,731.2503231,5.097
2025-07-03 08:00:00,731.2758155999999,5.01
2025-07-03 08:30:00,731.206476,4.789
2025-07-03 09:00:00,730.9627677,4.574
2025-07-03 09:30:00,730.8302066999998,4.434
2025-07-03 10:00:00,730.7282367,4.273
2025-07-03 10:30:00,730.7058033,4.117
2025-07-03 11:00:00,730.768005,3.955
2025-07-03 11:30:00,730.7496504,3.821
2025-07-03 12:00:00,730.6915274999999,3.697
2025-07-03 12:30:00,730.7261973,3.582
2025-07-03 13:00:00,730.7445518999999,3.53
2025-07-03 13:30:00,730.8169505999999,3.615
2025-07-03 14:00:00,730.829187,3.738
2025-07-03 14:30:00,730.8322461,5.369
2025-07-03 15:00:00,731.2187123999998,10.044
2025-07-03 15:30:00,731.3777855999999,8.598
2025-07-03 16:00:00,731.4359085,10.359
2025-07-03 16:30:00,731.7071486999998,10.271
2025-07-03 17:00:00,731.6286317999999,10.434
2025-07-03 17:30:00,731.5858043999999,11.609
2025-07-03 18:00:00,731.5307406,12.794
2025-07-03 18:30:00,731.4257114999999,17.1
2025-07-03 19:00:00,731.2819337999999,20.892
2025-07-03 19:30:00,731.3859431999999,21.701
2025-07-03 20:00:00,731.5103465999998,17.435
2025-07-03 20:30:00,731.7030699,15.642
2025-07-03 21:00:00,731.5878438,15.906
2025-07-03 21:30:00,731.583765,15.817
2025-07-03 22:00:00,731.512386,15.775
2025-07-03 22:30:00,731.3879826,15.999
2025-07-03 23:00:00,731.2523625,16.774
2025-07-03 23:30:00,731.1972986999999,16.365
2025-07-04 00:00:00,731.0127329999999,14.773
2025-07-04 00:30:00,731.0973680999999,14.326
2025-07-04 01:00:00,731.0861514,13.826
2025-07-04 01:30:00,731.1646683,13.053
2025-07-04 02:00:00,730.8760932,12.193
2025-07-04 02:30:00,730.8822113999998,11.548
2025-07-04 03:00:00,730.5966953999999,11.246
2025-07-04 03:30:00,730.7975763,10.859
2025-07-04 04:00:00,731.2289093999999,10.303
2025-07-04 04:30:00,731.3104854,9.789
2025-07-04 05:00:00,731.2982489999999,9.246
2025-07-04 05:30:00,731.2278896999999,8.661
2025-07-04 06:00:00,730.8475415999999,8.164
2025-07-04 06:30:00,730.7741232,8.531
2025-07-04 07:00:00,730.6650152999999,8.472
2025-07-04 07:30:00,730.4559767999999,7.957
2025-07-04 08:00:00,730.2775293,7.529
2025-07-04 08:30:00,730.1816775,7.446
2025-07-04 09:00:00,730.1235545999999,7.713
2025-07-04 09:30:00,729.7605413999999,7.795
2025-07-04 10:00:00,729.5464043999999,7.771
2025-07-04 10:30:00,729.4270994999999,7.717
2025-07-04 11:00:00,729.5484438,7.546
2025-07-04 11:30:00,729.5525226,7.412
2025-07-04 12:00:00,729.6330789,7.324
2025-07-04 12:30:00,729.9196145999999,7.155
2025-07-04 13:00:00,729.9593828999999,7.105
2025-07-04 13:30:00,730.3427900999999,6.95
2025-07-04 14:00:00,730.3499279999999,6.754
2025-07-04 14:30:00,730.4875875,8.063
2025-07-04 15:00:00,730.9821420000001,12.569
2025-07-04 15:30:00,730.9750040999999,10.63
2025-07-04 16:00:00,731.1605895,11.021
2025-07-04 16:30:00,731.3981795999999,10.804
2025-07-04 17:00:00,731.5174844999999,10.744
2025-07-04 17:30:00,731.8437885,11.604
2025-07-04 18:00:00,732.0161178,12.507
2025-07-04 18:30:00,731.899872,16.37
2025-07-04 19:00:00,731.8386899999999,19.872
2025-07-04 19:30:00,732.1262453999999,21.876
2025-07-04 20:00:00,732.5269875,16.524
2025-07-04 20:30:00,732.4953767999999,15.773
2025-07-04 21:00:00,732.5320859999998,15.396
2025-07-04 21:30:00,732.8135232,15.704
2025-07-04 22:00:00,733.041936,15.53
2025-07-04 22:30:00,732.9746358,15.465
2025-07-04 23:00:00,732.8808234,15.761
2025-07-04 23:30:00,732.8227005,15.331
2025-07-05 00:00:00,732.8206610999999,14.639
2025-07-05 00:30:00,732.7503017999999,14.082
2025-07-05 01:00:00,732.8196414,13.38
2025-07-05 01:30:00,733.0133844,12.766
2025-07-05 02:00:00,732.9593403,12.014
2025-07-05 02:30:00,733.0817043,11.275
2025-07-05 03:00:00,733.0358177999999,10.505
2025-07-05 03:30:00,733.2927821999999,9.783
2025-07-05 04:00:00,733.4793872999999,8.925
2025-07-05 04:30:00,733.7914155,7.935
2025-07-05 05:00:00,733.9780205999999,7.095
2025-07-05 05:30:00,734.163606,6.457
2025-07-05 06:00:00,734.1442317,5.812
2025-07-05 06:30:00,733.9790403,5.388
2025-07-05 07:00:00,733.8587157000001,4.973
2025-07-05 07:30:00,733.7914155,4.439
2025-07-05 08:00:00,733.7037213,3.954
2025-07-05 08:30:00,733.5069192,3.628
2025-07-05 09:00:00,733.4335007999999,3.389
2025-07-05 09:30:00,733.3335701999999,3.044
2025-07-05 10:00:00,733.2499548,2.792
2025-07-05 10:30:00,733.1693984999998,2.615
2025-07-05 11:00:00,732.9532221,2.449
2025-07-05 11:30:00,732.8155625999999,2.182
2025-07-05 12:00:00,732.8471732999999,1.964
2025-07-05 12:30:00,732.9032567999999,1.706
2025-07-05 13:00:00,733.1020983,1.631
2025-07-05 13:30:00,733.1643,1.607
2025-07-05 14:00:00,733.3702793999998,1.765
2025-07-05 14:30:00,733.5028404,3.661
2025-07-05 15:00:00,733.7903957999999,9.614
2025-07-05 15:30:00,733.8373019999999,8.553
2025-07-05 16:00:00,733.8250655999999,10.614
2025-07-05 16:30:00,734.0636754,11.069
2025-07-05 17:00:00,734.1462711,12.032
2025-07-05 17:30:00,734.2288668,13.172
2025-07-05 18:00:00,734.2502804999999,14.574
2025-07-05 18:30:00,734.133015,18.763
2025-07-05 19:00:00,733.9861781999999,23.156
2025-07-05 19:30:00,734.1829802999999,24.851
2025-07-05 20:00:00,734.4409643999999,19.168
2025-07-05 20:30:00,734.3818218,18.283
2025-07-05 21:00:00,734.2961669999999,17.849
2025-07-05 21:30:00,734.2339653,18.021
2025-07-05 22:00:00,734.2237683,18.438
2025-07-05 22:30:00,734.1748226999999,18.832
2025-07-05 23:00:00,734.0443011,18.846
2025-07-05 23:30:00,734.0341040999999,18.089
2025-07-06 00:00:00,733.9749615,17.384
2025-07-06 00:30:00,733.8811490999999,16.913
2025-07-06 01:00:00,733.8760506,16.479
2025-07-06 01:30:00,734.1493301999999,15.551
2025-07-06 02:00:00,734.2808715,14.337
2025-07-06 02:30:00,734.3644869,13.333
2025-07-06 03:00:00,734.4042552,12.427
2025-07-06 03:30:00,734.5674071999999,11.338
2025-07-06 04:00:00,734.8151942999999,10.414
2025-07-06 04:30:00,734.8743369,9.84
2025-07-06 05:00:00,734.7927609,9.257
2025-07-06 05:30:00,734.7162834,8.7
2025-07-06 06:00:00,734.6336877,8.219
2025-07-06 06:30:00,734.5990178999999,7.871
2025-07-06 07:00:00,734.2829108999999,7.667
2025-07-06 07:30:00,734.2207092,7.397
2025-07-06 08:00:00,734.0524586999999,7.147
2025-07-06 08:30:00,733.8311838,7.105
2025-07-06 09:00:00,733.5986922,6.908
2025-07-06 09:30:00,733.4508357,6.544
2025-07-06 10:00:00,733.3916931,6.424
2025-07-06 10:30:00,733.2927821999999,6.507
2025-07-06 11:00:00,733.1887727999999,6.473
2025-07-06 11:30:00,733.0062465,6.266
2025-07-06 12:00:00,733.0735466999998,6.146
2025-07-06 12:30:00,733.1296302,5.854
2025-07-06 13:00:00,733.1357483999999,5.6
2025-07-06 13:30:00,733.2285410999999,5.548
2025-07-06 14:00:00,733.2621912,5.831
2025-07-06 14:30:00,733.3264322999999,7.787
2025-07-06 15:00:00,733.4518554,14.218
2025-07-06 15:30:00,733.5181359000001,12.597
2025-07-06 16:00:00,733.3886339999999,13.54
2025-07-06 16:30:00,733.4763281999999,13.243
2025-07-06 17:00:00,733.4069886,13.6
2025-07-06 17:30:00,733.3804763999999,14.356
2025-07-06 18:00:00,733.2591321,15.693
2025-07-06 18:30:00,733.0246011,20.355
2025-07-06 19:00:00,732.8410551,24.482
2025-07-06 19:30:00,733.0592709,26.374
2025-07-06 20:00:00,733.1918318999999,20.734
2025-07-06 20:30:00,732.9776948999998,19.638
2025-07-06 21:00:00,732.8125034999999,19.544
2025-07-06 21:30:00,732.7074743999999,19.628
2025-07-06 22:00:00,732.7227699,20.313
2025-07-06 22:30:00,732.7237896,20.324
2025-07-06 23:00:00,732.5953073999999,20.449
2025-07-06 23:30:00,732.5473814999999,19.877
2025-07-07 00:00:00,732.3781113,19.189
2025-07-07 00:30:00,732.2639048999999,18.567
2025-07-07 01:00:00,732.2802201,18.036
2025-07-07 01:30:00,732.2455502999999,17.227
2025-07-07 02:00:00,732.4474508999999,16.169
2025-07-07 02:30:00,732.5963270999999,15.193
2025-07-07 03:00:00,732.7523411999999,13.959
2025-07-07 03:30:00,732.8288186999998,12.862
2025-07-07 04:00:00,733.011345,12.006
2025-07-07 04:30:00,733.1490044999999,11.264
2025-07-07 05:00:00,733.1163741,10.548
2025-07-07 05:30:00,733.0429556999999,9.929
2025-07-07 06:00:00,733.1224922999999,9.497
2025-07-07 06:30:00,732.9787145999999,9.137
2025-07-07 07:00:00,732.8747052,8.673
2025-07-07 07:30:00,732.7717155,8.346
2025-07-07 08:00:00,732.7380653999999,7.994
2025-07-07 08:30:00,732.5555390999999,7.624
2025-07-07 09:00:00,732.4188992999999,7.327
2025-07-07 09:30:00,732.3138701999999,7.052
2025-07-07 10:00:00,732.1333833,6.833
2025-07-07 10:30:00,731.9824676999999,6.556
2025-07-07 11:00:00,731.7968823,6.307
2025-07-07 11:30:00,731.8040201999999,6.071
2025-07-07 12:00:00,731.8723401,5.799
2025-07-07 12:30:00,731.9294432999999,5.415
2025-07-07 13:00:00,732.0864771,5.261
2025-07-07 13:30:00,732.1976243999999,5.264
2025-07-07 14:00:00,732.3118307999999,5.349
2025-07-07 14:30:00,732.430116,6.927
2025-07-07 15:00:00,732.6401741999999,13.446
2025-07-07 15:30:00,732.6462923999999,12.402
2025-07-07 16:00:00,732.5504405999999,13.942
2025-07-07 16:30:00,732.7727351999999,14.037
2025-07-07 17:00:00,732.8063853,14.586
2025-07-07 17:30:00,732.8247398999999,15.41
2025-07-07 18:00:00,732.9185523,16.722
2025-07-07 18:30:00,732.8900006999999,21.015
2025-07-07 19:00:00,732.8206610999999,24.571
2025-07-07 19:30:00,733.1969303999999,25.424
2025-07-07 20:00:00,733.5426087,20.179
2025-07-07 20:30:00,733.4844857999999,19.69
2025-07-07 21:00:00,733.6037907,19.245
2025-07-07 21:30:00,733.5599436,19.344
2025-07-07 22:00:00,733.6231649999999,19.478
2025-07-07 22:30:00,733.7241152999999,19.595
2025-07-07 23:00:00,733.7485881,19.913
2025-07-07 23:30:00,733.9290749999999,19.488
2025-07-08 00:00:00,733.9066416000001,18.291
2025-07-08 00:30:00,733.8821687999999,17.897
2025-07-08 01:00:00,733.9953555,17.095
2025-07-08 01:30:00,734.102424,16.405
2025-07-08 02:00:00,734.1921576,15.372
2025-07-08 02:30:00,734.1707438999999,14.618
2025-07-08 03:00:00,734.0443011,14.419
2025-07-08 03:30:00,734.1687045,14.232
2025-07-08 04:00:00,734.4368856,13.893
2025-07-08 04:30:00,734.7478940999999,13.56
2025-07-08 05:00:00,735.213897,13.224
2025-07-08 05:30:00,735.5024721,12.878
2025-07-08 06:00:00,735.3617535,12.649
2025-07-08 06:30:00,735.4433295,12.5
2025-07-08 07:00:00,735.4117188,12.234
2025-07-08 07:30:00,735.3903051,11.849
2025-07-08 08:00:00,735.30567,11.897
2025-07-08 08:30:00,734.9773265999999,11.714
2025-07-08 09:00:00,734.8049973,11.65
2025-07-08 09:30:00,734.9141052,10.933
2025-07-08 10:00:00,734.6989484999999,9.947
2025-07-08 10:30:00,734.5357964999998,9.407
2025-07-08 11:00:00,734.5164222,9.1
2025-07-08 11:30:00,734.561289,8.631
2025-07-08 12:00:00,734.6867120999999,7.984
2025-07-08 12:30:00,734.6459240999999,8.33
2025-07-08 13:00:00,734.8294700999999,8.931
2025-07-08 13:30:00,735.1414983,8.908
2025-07-08 14:00:00,735.1282421999999,9.401
2025-07-08 14:30:00,735.1669908,11.745
2025-07-08 15:00:00,735.3566549999999,17.053
2025-07-08 15:30:00,735.5779299,14.476
2025-07-08 16:00:00,735.6258558,14.801
2025-07-08 16:30:00,735.6452300999999,14.516
2025-07-08 17:00:00,735.8216381999999,15.006
2025-07-08 17:30:00,735.9827508,15.632
2025-07-08 18:00:00,736.1591589,16.97
2025-07-08 18:30:00,736.1000162999999,20.989
2025-07-08 19:00:00,736.0857404999999,25.43
2025-07-08 19:30:00,736.2580697999999,27.717
2025-07-08 20:00:00,736.6343391,21.356
2025-07-08 20:30:00,736.5058568999999,20.266
2025-07-08 21:00:00,736.6526936999999,19.869
2025-07-08 21:30:00,736.8464366999999,19.386
2025-07-08 22:00:00,736.7240727,19.487
2025-07-08 22:30:00,736.6465754999999,19.887
2025-07-08 23:00:00,736.6057874999999,19.947
2025-07-08 23:30:00,736.5323691,19.382
2025-07-09 00:00:00,736.4773053,18.598
2025-07-09 00:30:00,736.2876411,18.053
2025-07-09 01:00:00,736.2111636,17.244
2025-07-09 01:30:00,736.192809,16.627
2025-07-09 02:00:00,736.2580697999999,15.627
2025-07-09 02:30:00,736.2315576,14.726
2025-07-09 03:00:00,736.3478033999999,13.619
2025-07-09 03:30:00,736.5782556,12.841
2025-07-09 04:00:00,736.9382096999999,12.518
2025-07-09 04:30:00,737.0575146,11.368
2025-07-09 05:00:00,737.0544554999999,10.326
2025-07-09 05:30:00,736.9810370999999,9.665
2025-07-09 06:00:00,736.9086384,8.98
2025-07-09 06:30:00,736.7240727,8.415
2025-07-09 07:00:00,736.7118363,8.548
2025-07-09 07:30:00,736.6771665,9.124
2025-07-09 08:00:00,736.4538521999999,9.078
2025-07-09 08:30:00,736.42734,8.897
2025-07-09 09:00:00,736.2356364,8.727
2025-07-09 09:30:00,736.2264590999999,8.427
2025-07-09 10:00:00,736.0388343,7.534
2025-07-09 10:30:00,735.9460416,6.83
2025-07-09 11:00:00,735.835914,6.277
2025-07-09 11:30:00,735.7839092999999,5.893
2025-07-09 12:00:00,735.8787414,5.431
2025-07-09 12:30:00,736.0520903999999,5.096
2025-07-09 13:00:00,736.0959375,4.82
2025-07-09 13:30:00,736.1713953,4.595
2025-07-09 14:00:00,736.1193906,4.438
2025-07-09 14:30:00,735.9287066999999,6.241
2025-07-09 15:00:00,736.0918587,14.072
2025-07-09 15:30:00,736.5435857999998,12.552
2025-07-09 16:00:00,736.5945707999999,12.529
2025-07-09 16:30:00,736.6292406,12.359
2025-07-09 17:00:00,736.3692170999999,13.585
2025-07-09 17:30:00,736.5813147,15.069
2025-07-09 18:00:00,736.5129947999999,16.495
2025-07-09 18:30:00,736.4191824,20.86
2025-07-09 19:00:00,736.3243503,25.535
2025-07-09 19:30:00,736.4334582,26.324
2025-07-09 20:00:00,736.5996693,21.059
2025-07-09 20:30:00,736.4650688999999,19.944
2025-07-09 21:00:00,736.4110248,19.537
2025-07-09 21:30:00,736.4354976,19.342
2025-07-09 22:00:00,736.4253006,19.583
2025-07-09 22:30:00,736.1754741,19.537
2025-07-09 23:00:00,736.1764938,19.779
2025-07-09 23:30:00,736.0816616999999,19.327
2025-07-10 00:00:00,735.9348249,18.587
2025-07-10 00:30:00,735.8195987999999,18.136
2025-07-10 01:00:00,735.8012442,17.43
2025-07-10 01:30:00,735.8848595999999,16.676
2025-07-10 02:00:00,736.0898192999999,15.598
2025-07-10 02:30:00,736.2142226999999,14.461
2025-07-10 03:00:00,736.4028672,13.55
2025-07-10 03:30:00,736.6363784999999,12.271
2025-07-10 04:00:00,736.7301909,11.306
2025-07-10 04:30:00,736.7597622,10.486
2025-07-10 05:00:00,736.7057180999999,9.789
2025-07-10 05:30:00,736.5344085,9.166
2025-07-10 06:00:00,736.4120445,8.614
2025-07-10 06:30:00,736.4436551999999,8.393
2025-07-10 07:00:00,736.3131335999999,8.004
2025-07-10 07:30:00,736.2070848,7.6
2025-07-10 08:00:00,736.090839,7.129
2025-07-10 08:30:00,735.8634458999999,6.917
2025-07-10 09:00:00,735.6737817,6.587
2025-07-10 09:30:00,735.4525067999999,6.444
2025-07-10 10:00:00,735.3811278,6.821
2025-07-10 10:30:00,735.2465274,6.75
2025-07-10 11:00:00,735.2373501,6.909
2025-07-10 11:30:00,735.2353106999999,7.243
2025-07-10 12:00:00,735.254685,6.891
2025-07-10 12:30:00,735.2862956999999,6.558
2025-07-10 13:00:00,735.2862956999999,5.914
2025-07-10 13:30:00,735.2485667999999,6.114
2025-07-10 14:00:00,735.3964232999999,5.845
2025-07-10 14:30:00,735.3903051,7.666
2025-07-10 15:00:00,735.6788802,13.985
2025-07-10 15:30:00,735.6289148999999,12.206
2025-07-10 16:00:00,735.5595753,13.573
2025-07-10 16:30:00,735.6248360999999,14.023
2025-07-10 17:00:00,735.6340134,15.092
2025-07-10 17:30:00,735.7104908999999,16.206
2025-07-10 18:00:00,735.5402009999999,17.734
2025-07-10 18:30:00,735.2557046999999,22.488
2025-07-10 19:00:00,735.2312318999999,27.252
2025-07-10 19:30:00,735.3179063999999,29.208
2025-07-10 20:00:00,735.5473389,23.882
2025-07-10 20:30:00,735.2944533,22.168
2025-07-10 21:00:00,735.2322515999999,22.209
2025-07-10 21:30:00,735.162912,22.28
2025-07-10 22:00:00,735.1516952999999,22.366
2025-07-10 22:30:00,735.0456465,22.595
2025-07-10 23:00:00,734.9977206,22.523
2025-07-10 23:30:00,734.8417064999999,21.797
2025-07-11 00:00:00,734.826411,21.176
2025-07-11 00:30:00,734.6663181,20.735
2025-07-11 01:00:00,734.6632589999999,19.883
2025-07-11 01:30:00,734.734638,18.977
2025-07-11 02:00:00,734.8651596,17.757
2025-07-11 02:30:00,734.9365386,16.785
2025-07-11 03:00:00,734.9406174,15.469
2025-07-11 03:30:00,735.0354494999999,14.327
2025-07-11 04:00:00,735.1098876,13.401
2025-07-11 04:30:00,735.1863650999999,12.564
2025-07-11 05:00:00,735.2618229,12.015
2025-07-11 05:30:00,735.2720199,11.908
2025-07-11 06:00:00,735.0415677,12.017
2025-07-11 06:30:00,734.9365386,11.848
2025-07-11 07:00:00,734.9151249,11.359
2025-07-11 07:30:00,734.8141746,10.822
2025-07-11 08:00:00,734.8070366999999,11.164
2025-07-11 08:30:00,734.7631895999999,10.999
2025-07-11 09:00:00,734.6500028999999,10.356
2025-07-11 09:30:00,734.5592495999999,9.865
2025-07-11 10:00:00,734.3063639999999,9.388
2025-07-11 10:30:00,734.2064333999999,9.08
2025-07-11 11:00:00,734.1187391999999,8.958
2025-07-11 11:30:00,734.1625862999999,8.91
2025-07-11 12:00:00,734.1452514,8.984
2025-07-11 12:30:00,734.2023545999999,9.041
2025-07-11 13:00:00,734.2614971999999,8.947
2025-07-11 13:30:00,734.2971866999999,8.906
2025-07-11 14:00:00,734.4399446999998,8.81
2025-07-11 14:30:00,734.4307673999999,10.45
2025-07-11 15:00:00,734.6826333,17.066
2025-07-11 15:30:00,734.7397364999999,15.697
2025-07-11 16:00:00,734.7876623999999,16.231
2025-07-11 16:30:00,734.7550319999999,16.257
2025-07-11 17:00:00,734.7081258,16.826
2025-07-11 17:30:00,734.673456,17.712
2025-07-11 18:00:00,734.581683,19.29
2025-07-11 18:30:00,734.4817524,23.832
2025-07-11 19:00:00,734.4644175,27.986
2025-07-11 19:30:00,734.6489831999999,30.13
2025-07-11 20:00:00,734.8447656,24.894
2025-07-11 20:30:00,734.7866426999999,23.16
2025-07-11 21:00:00,734.8549625999999,22.757
2025-07-11 21:30:00,734.8253913,22.845
2025-07-11 22:00:00,734.6591801999999,23.029
2025-07-11 22:30:00,734.6265498,23.295
2025-07-11 23:00:00,734.5480329,23.138
2025-07-11 23:30:00,734.4450431999999,22.944
2025-07-12 00:00:00,734.5561905,22.395
2025-07-12 00:30:00,734.3940581999999,21.701
2025-07-12 01:00:00,734.4460628999999,20.626
2025-07-12 01:30:00,734.4878705999998,19.903
2025-07-12 02:00:00,734.6418452999999,18.925
2025-07-12 02:30:00,734.6826333,17.761
2025-07-12 03:00:00,734.9742675,16.871
2025-07-12 03:30:00,735.2781380999999,16.202
2025-07-12 04:00:00,735.5116494,15.048
2025-07-12 04:30:00,735.6595059,14.108
2025-07-12 05:00:00,735.6574664999998,13.346
2025-07-12 05:30:00,735.6156587999999,12.859
2025-07-12 06:00:00,735.7492394999999,12.509
2025-07-12 06:30:00,735.6839786999999,12.093
2025-07-12 07:00:00,735.6319739999999,11.705
2025-07-12 07:30:00,735.6095405999998,11.209
2025-07-12 08:00:00,735.5351024999999,10.879
2025-07-12 08:30:00,735.3811278,10.597
2025-07-12 09:00:00,735.2047196999999,10.423
2025-07-12 09:30:00,735.0843950999999,10.169
2025-07-12 10:00:00,735.0283116,9.88
2025-07-12 10:30:00,734.9192037,9.669
2025-07-12 11:00:00,734.9599916999999,9.468
2025-07-12 11:30:00,735.0252524999999,9.294
2025-07-12 12:00:00,735.1262027999999,9.152
2025-07-12 12:30:00,735.1884044999999,9.119
2025-07-12 13:00:00,735.346458,9.074
2025-07-12 13:30:00,735.3688914,9.122
2025-07-12 14:00:00,735.4310930999999,9.137
2025-07-12 14:30:00,735.4973736,10.208
2025-07-12 15:00:00,735.6319739999999,16.634
2025-07-12 15:30:00,735.4616840999998,15.889
2025-07-12 16:00:00,735.4922750999999,17.234
2025-07-12 16:30:00,735.4657628999998,17.618
2025-07-12 17:00:00,735.5187872999999,18.29
2025-07-12 17:30:00,735.8685443999999,18.944
2025-07-12 18:00:00,735.7125302999999,20.262
2025-07-12 18:30:00,735.5483585999999,24.29
2025-07-12 19:00:00,735.1455771,28.846
2025-07-12 19:30:00,735.4759598999999,30.686
2025-07-12 20:00:00,735.6656241,25.171
2025-07-12 20:30:00,735.6013829999999,24.132
2025-07-12 21:00:00,735.5962844999999,23.691
2025-07-12 21:30:00,735.6166784999999,23.551
2025-07-12 22:00:00,735.5228660999999,23.953
2025-07-12 22:30:00,735.4729007999999,23.937
2025-07-12 23:00:00,735.4229354999999,24.332
2025-07-12 23:30:00,735.4861569,23.811
2025-07-13 00:00:00,735.5962844999999,22.853
2025-07-13 00:30:00,735.4678022999999,21.899
2025-07-13 01:00:00,735.4576053,21.112
2025-07-13 01:30:00,735.5381616,20.435
2025-07-13 02:00:00,735.7421016,19.383
2025-07-13 02:30:00,735.8583473999998,18.325
2025-07-13 03:00:00,736.0469919,17.609
2025-07-13 03:30:00,736.3039562999999,16.663
2025-07-13 04:00:00,736.4742461999999,15.557
2025-07-13 04:30:00,736.7791364999998,14.626
2025-07-13 05:00:00,737.0075492999999,13.835
2025-07-13 05:30:00,737.0289629999999,13.248
2025-07-13 06:00:00,737.0136675,12.807
2025-07-13 06:30:00,737.0605737,12.472
2025-07-13 07:00:00,737.0636327999999,12.241
2025-07-13 07:30:00,736.9861355999999,11.908
2025-07-13 08:00:00,736.8372593999999,11.566
2025-07-13 08:30:00,736.7240727,11.287
2025-07-13 09:00:00,736.4405960999999,11.066
2025-07-13 09:30:00,736.3722762,10.779
2025-07-13 10:00:00,736.2866214,10.447
2025-07-13 10:30:00,736.2335969999999,10.248
2025-07-13 11:00:00,736.1550800999999,10.048
2025-07-13 11:30:00,736.2550107,9.912
2025-07-13 12:00:00,736.2356364,9.755
2025-07-13 12:30:00,736.2111636,9.742
2025-07-13 13:00:00,736.3885914,9.595
2025-07-13 13:30:00,736.5344085,9.693
2025-07-13 14:00:00,736.5629600999999,9.813
2025-07-13 14:30:00,736.5568418999999,10.818
2025-07-13 15:00:00,736.6649301,18.26
2025-07-13 15:30:00,736.6679892,17.038
2025-07-13 16:00:00,736.7036787,17.834
2025-07-13 16:30:00,736.7383484999999,17.892
2025-07-13 17:00:00,736.7842349999999,18.617
2025-07-13 17:30:00,736.6812453,19.518
2025-07-13 18:00:00,736.7842349999999,20.993
2025-07-13 18:30:00,736.4956598999999,24.917
2025-07-13 19:00:00,736.4059262999999,29.317
2025-07-13 19:30:00,736.4395763999999,30.605
2025-07-13 20:00:00,736.7730183,26.388
2025-07-13 20:30:00,736.5955905,25.467
2025-07-13 21:00:00,736.6322997,25.464
2025-07-13 21:30:00,736.4354976,25.059
2025-07-13 22:00:00,736.4548719,24.491
2025-07-13 22:30:00,736.4283597,23.177
2025-07-13 23:00:00,736.5395069999998,23.512
2025-07-13 23:30:00,736.4660885999999,23.463
2025-07-14 00:00:00,736.2203409,22.822
2025-07-14 00:30:00,736.1581391999999,22.217
2025-07-14 01:00:00,736.1479421999999,21.623
2025-07-14 01:30:00,736.2478727999999,21.002
2025-07-14 02:00:00,736.3335276,20.094
2025-07-14 02:30:00,736.4711871,19.047
2025-07-14 03:00:00,736.7097968999999,18.207
2025-07-14 03:30:00,736.9565643,17.313
2025-07-14 04:00:00,737.1390905999999,16.162
2025-07-14 04:30:00,737.3817791999999,15.268
2025-07-14 05:00:00,737.6040738,14.447
2025-07-14 05:30:00,737.7131817000001,13.795
2025-07-14 06:00:00,737.7203195999999,13.359
2025-07-14 06:30:00,737.6234480999999,12.986
2025-07-14 07:00:00,737.589798,12.678
2025-07-14 07:30:00,737.3307941999999,12.362
2025-07-14 08:00:00,737.2522773,12.075
2025-07-14 08:30:00,737.1166572,11.822
2025-07-14 09:00:00,736.9249536,11.515
2025-07-14 09:30:00,736.7475258,11.249
2025-07-14 10:00:00,736.5456251999999,11.013
2025-07-14 10:30:00,736.4609900999999,10.826
2025-07-14 11:00:00,736.4059262999999,10.61
2025-07-14 11:30:00,736.4232612,10.43
2025-07-14 12:00:00,736.3814535,10.271
2025-07-14 12:30:00,736.3692170999999,10.106
2025-07-14 13:00:00,736.4028672,10.049
2025-07-14 13:30:00,736.3335276,10.142
2025-07-14 14:00:00,736.4140838999999,10.207
2025-07-14 14:30:00,736.4079657,11.033
2025-07-14 15:00:00,736.4293794,18.6
2025-07-14 15:30:00,736.3019168999999,17.364
2025-07-14 16:00:00,736.2152424,18.264
2025-07-14 16:30:00,736.1734346999999,18.601
2025-07-14 17:00:00,736.0102827,19.466
2025-07-14 17:30:00,736.0520903999999,20.476
2025-07-14 18:00:00,736.1275482,21.838
2025-07-14 18:30:00,735.9919281,25.432
2025-07-14 19:00:00,735.7472001,29.849
2025-07-14 19:30:00,735.7726925999999,31.812
2025-07-14 20:00:00,735.8603867999999,26.926
2025-07-14 20:30:00,735.7400622,24.793
2025-07-14 21:00:00,735.6350331,24.37
2025-07-14 21:30:00,735.3566549999999,24.361
2025-07-14 22:00:00,735.2342909999999,24.559
2025-07-14 22:30:00,735.0589026,24.276
2025-07-14 23:00:00,735.0313706999999,24.428
2025-07-14 23:30:00,735.0119963999999,23.87
2025-07-15 00:00:00,734.7774654,22.882
2025-07-15 00:30:00,734.5551707999999,22.379
2025-07-15 01:00:00,734.4124128,21.557
2025-07-15 01:30:00,734.3624474999999,20.907
2025-07-15 02:00:00,734.4868509,20.017
2025-07-15 02:30:00,734.5449737999999,19.168
2025-07-15 03:00:00,734.6459240999999,18.296
2025-07-15 03:30:00,734.8508837999999,17.478
2025-07-15 04:00:00,735.0395282999999,16.303
2025-07-15 04:30:00,735.2760986999999,15.244
2025-07-15 05:00:00,735.2383697999999,14.326
2025-07-15 05:30:00,735.2189955,13.624
2025-07-15 06:00:00,735.2475470999999,13.193
2025-07-15 06:30:00,735.1058088,12.693
2025-07-15 07:00:00,734.9844645,12.175
2025-07-15 07:30:00,734.9671296,11.794
2025-07-15 08:00:00,734.7621699,11.399
2025-07-15 08:30:00,734.6132937,11.098
2025-07-15 09:00:00,734.4093536999999,10.89
2025-07-15 09:30:00,734.3094230999999,10.716
2025-07-15 10:00:00,734.1044633999999,10.338
2025-07-15 10:30:00,733.8373019999999,10.009
2025-07-15 11:00:00,733.7536866,9.678
2025-07-15 11:30:00,733.5833967,9.294
2025-07-15 12:00:00,733.3763975999999,9.012
2025-07-15 12:30:00,733.2550533,8.746
2025-07-15 13:00:00,733.2815654999999,8.568
2025-07-15 13:30:00,733.3672202999999,8.529
2025-07-15 14:00:00,733.5211949999999,8.652
2025-07-15 14:30:00,733.5160964999999,9.406
2025-07-15 15:00:00,733.6986228,17.553
2025-07-15 15:30:00,733.5874755,15.728
2025-07-15 16:00:00,733.4029098,15.983
2025-07-15 16:30:00,733.2091667999999,16.281
2025-07-15 17:00:00,732.9827933999999,17.388
2025-07-15 17:30:00,733.0653891,18.314
2025-07-15 18:00:00,733.0460148,19.423
2025-07-15 18:30:00,732.9562811999999,23.49
2025-07-15 19:00:00,732.9899313,28.338
2025-07-15 19:30:00,733.0643693999999,29.909
2025-07-15 20:00:00,733.194891,24.945
2025-07-15 20:30:00,733.0776254999998,23.169
2025-07-15 21:00:00,733.0337784,22.591
2025-07-15 21:30:00,733.0286799,22.554
2025-07-15 22:00:00,732.9246704999998,22.591
2025-07-15 22:30:00,732.7900700999999,22.413
2025-07-15 23:00:00,732.6422135999999,22.423
2025-07-15 23:30:00,732.5127117,22.096
2025-07-16 00:00:00,732.5076131999999,21.229
2025-07-16 00:30:00,732.4617267,20.424
2025-07-16 01:00:00,732.3811704,19.581
2025-07-16 01:30:00,732.24657,18.95
2025-07-16 02:00:00,732.3169293,17.972
2025-07-16 02:30:00,732.4872192,17.108
2025-07-16 03:00:00,732.5647164,15.97
2025-07-16 03:30:00,732.6636272999999,15.382
2025-07-16 04:00:00,732.888981,14.445
2025-07-16 04:30:00,732.9603599999999,13.468
2025-07-16 05:00:00,733.0429556999999,12.59
2025-07-16 05:30:00,732.9175326,11.901
2025-07-16 06:00:00,732.878784,11.416
2025-07-16 06:30:00,732.817602,10.943
2025-07-16 07:00:00,732.6452727,10.492
2025-07-16 07:30:00,732.5453420999999,10.189
2025-07-16 08:00:00,732.3414020999999,9.823
2025-07-16 08:30:00,732.3087717,9.321
2025-07-16 09:00:00,732.2231168999999,9.012
2025-07-16 09:30:00,732.1435802999998,8.756
2025-07-16 10:00:00,731.9304629999999,8.469
2025-07-16 10:30:00,731.797902,8.311
2025-07-16 11:00:00,731.8427687999999,8.166
2025-07-16 11:30:00,731.8030004999998,7.931
2025-07-16 12:00:00,731.767311,7.688
2025-07-16 12:30:00,731.8804977,7.441
2025-07-16 13:00:00,731.9090492999999,7.425
2025-07-16 13:30:00,731.9284236,7.473
2025-07-16 14:00:00,732.0038813999998,7.601
2025-07-16 14:30:00,732.0395709,8.56
2025-07-16 15:00:00,732.1476590999998,19.364
2025-07-16 15:30:00,732.0222359999999,16.058
2025-07-16 16:00:00,731.9396403,16.312
2025-07-16 16:30:00,731.9212856999999,16.57
2025-07-16 17:00:00,731.9773692,17.252
2025-07-16 17:30:00,732.2108804999999,18.078
2025-07-16 18:00:00,732.2435109,19.159
2025-07-16 18:30:00,732.0405906,22.972
2025-07-16 19:00:00,731.9671721999999,27.893
2025-07-16 19:30:00,732.1568363999999,28.88
2025-07-16 20:00:00,732.4545887999999,24.058
2025-07-16 20:30:00,732.2679837,22.499
2025-07-16 21:00:00,732.2322942,21.862
2025-07-16 21:30:00,732.185388,22.123
2025-07-16 22:00:00,732.0446694,22.009
2025-07-16 22:30:00,731.9936844,22.291
2025-07-16 23:00:00,731.8030004999998,22.487
2025-07-16 23:30:00,731.6714592,22.127
2025-07-17 00:00:00,731.5582725,21.178
2025-07-17 00:30:00,731.3584113,20.547
2025-07-17 01:00:00,731.3808446999999,19.843
2025-07-17 01:30:00,731.4593616,19.216
2025-07-17 02:00:00,731.6541243,18.079
2025-07-17 02:30:00,732.0518072999998,16.78
2025-07-17 03:00:00,732.2690034,16.037
2025-07-17 03:30:00,732.3444611999998,15.067
2025-07-17 04:00:00,732.4474508999999,14.07
2025-07-17 04:30:00,732.5371844999999,13.36
2025-07-17 05:00:00,732.6870803999999,12.558
2025-07-17 05:30:00,732.5331057,12.151
2025-07-17 06:00:00,732.6024452999999,11.664
2025-07-17 06:30:00,732.6146817,11.192
2025-07-17 07:00:00,732.4688646,10.808
2025-07-17 07:30:00,732.4617267,10.523
2025-07-17 08:00:00,732.3240672,10.234
2025-07-17 08:30:00,732.1609151999999,10.019
2025-07-17 09:00:00,732.0150980999999,9.613
2025-07-17 09:30:00,731.9987829,9.286
2025-07-17 10:00:00,731.8601036999999,9.141
2025-07-17 10:30:00,731.8774385999999,8.909
2025-07-17 11:00:00,731.8131974999999,8.679
2025-07-17 11:30:00,731.7357003,8.368
2025-07-17 12:00:00,731.8560248999999,8.253
2025-07-17 12:30:00,731.8601036999999,8.011
2025-07-17 13:00:00,731.9233250999999,7.839
2025-07-17 13:30:00,732.0467088,7.883
2025-07-17 14:00:00,732.1670333999999,7.966
2025-07-17 14:30:00,732.0885165,8.743
2025-07-17 15:00:00,732.389328,19.434
2025-07-17 15:30:00,732.2893974,15.466
2025-07-17 16:00:00,732.4015643999999,15.084
2025-07-17 16:30:00,732.3923870999998,15.052
2025-07-17 17:00:00,732.4658055,16.1
2025-07-17 17:30:00,732.6320166,16.99
2025-07-17 18:00:00,732.6197801999999,18.079
2025-07-17 18:30:00,732.4953767999999,21.802
2025-07-17 19:00:00,732.4454114999999,27.005
2025-07-17 19:30:00,732.5647164,29.283
2025-07-17 20:00:00,732.8502324,23.816
2025-07-17 20:30:00,732.5942876999999,22.198
2025-07-17 21:00:00,732.7472426999999,21.522
2025-07-17 21:30:00,732.5891891999999,21.493
2025-07-17 22:00:00,732.5412632999999,21.551
2025-07-17 22:30:00,732.6014256,21.407
2025-07-17 23:00:00,732.4994555999999,21.079
2025-07-17 23:30:00,732.3485399999998,21.066
2025-07-18 00:00:00,732.2169987,20.433
2025-07-18 00:30:00,732.1405212,19.652
2025-07-18 01:00:00,732.0681225,18.875
2025-07-18 01:30:00,732.0630239999999,18.175
2025-07-18 02:00:00,732.2017031999999,17.194
2025-07-18 02:30:00,732.3781113,16.19
2025-07-18 03:00:00,732.4851798,15.442
2025-07-18 03:30:00,732.7268487,14.84
2025-07-18 04:00:00,733.0246011,14.284
2025-07-18 04:30:00,733.4538948,13.367
2025-07-18 05:00:00,733.6058300999998,12.358
2025-07-18 05:30:00,733.5844163999999,11.459
2025-07-18 06:00:00,733.5609633,10.832
2025-07-18 06:30:00,733.4538948,10.231
2025-07-18 07:00:00,733.4773478999999,9.802
2025-07-18 07:30:00,733.5181359000001,9.209
2025-07-18 08:00:00,733.5109979999999,8.8
2025-07-18 08:30:00,733.4314613999999,8.42
2025-07-18 09:00:00,733.3407080999999,8.056
2025-07-18 09:30:00,733.2917624999999,7.663
2025-07-18 10:00:00,733.2173243999998,7.454
2025-07-18 10:30:00,733.2071274,7.281
2025-07-18 11:00:00,733.1479847999999,7.119
2025-07-18 11:30:00,733.1449256999999,6.901
2025-07-18 12:00:00,733.2091667999999,6.805
2025-07-18 12:30:00,733.3641612,6.591
2025-07-18 13:00:00,733.6527363,6.491
2025-07-18 13:30:00,733.6884258,6.568
2025-07-18 14:00:00,733.8954249,6.674
2025-07-18 14:30:00,733.8464792999999,7.237
2025-07-18 15:00:00,733.9882176,18.338
2025-07-18 15:30:00,733.8862475999999,14.654
2025-07-18 16:00:00,733.9861781999999,14.882
2025-07-18 16:30:00,734.031045,14.829
2025-07-18 17:00:00,734.1360741,15.613
2025-07-18 17:30:00,734.1299558999999,16.649
2025-07-18 18:00:00,734.0891679,18.148
2025-07-18 18:30:00,734.0269662,21.841
2025-07-18 19:00:00,733.7669427,26.808
2025-07-18 19:30:00,734.1778817999999,21.556
2025-07-18 20:00:00,734.2472214000001,19.25
2025-07-18 20:30:00,734.2258076999999,18.62
2025-07-18 21:00:00,734.2716942,18.545
2025-07-18 21:30:00,734.2971866999999,20.529
2025-07-18 22:00:00,734.2665956999999,20.942
2025-07-18 22:30:00,734.2207092,20.471
2025-07-18 23:00:00,734.1370938,20.412
2025-07-18 23:30:00,734.1646256999999,19.899
2025-07-19 00:00:00,734.092227,19.266
2025-07-19 00:30:00,733.8515778,18.751
2025-07-19 01:00:00,733.9402917,18.093
2025-07-19 01:30:00,734.0422616999999,17.465
2025-07-19 02:00:00,734.1513695999998,16.342
2025-07-19 02:30:00,734.3757036,15.326
2025-07-19 03:00:00,734.4491219999999,14.755
2025-07-19 03:30:00,734.6918105999999,13.907
2025-07-19 04:00:00,734.9457159,13.061
2025-07-19 04:30:00,735.1710696,12.349
2025-07-19 05:00:00,735.2659017,11.637
2025-07-19 05:30:00,735.1037693999999,11.012
2025-07-19 06:00:00,735.1516952999999,10.629
2025-07-19 06:30:00,735.0640010999999,10.376
2025-07-19 07:00:00,735.0670602,10.231
2025-07-19 07:30:00,735.1129467,9.943
2025-07-19 08:00:00,735.1567938,9.479
2025-07-19 08:30:00,735.0436070999999,9.059
2025-07-19 09:00:00,734.9457159,8.785
2025-07-19 09:30:00,734.9640704999999,8.56
2025-07-19 10:00:00,734.9049279,8.322
2025-07-19 10:30:00,734.7917411999999,8.111
2025-07-19 11:00:00,734.7417758999999,7.879
2025-07-19 11:30:00,734.7478940999999,7.767
2025-07-19 12:00:00,734.8967703,7.701
2025-07-19 12:30:00,735.0038387999999,7.506
2025-07-19 13:00:00,735.1139664,7.34
2025-07-19 13:30:00,735.1068285,7.351
2025-07-19 14:00:00,735.1506756,7.433
2025-07-19 14:30:00,735.2455077,7.864
2025-07-19 15:00:00,735.3352412999999,19.087
2025-07-19 15:30:00,735.3117882,15.482
2025-07-19 16:00:00,735.4168173,15.955
2025-07-19 16:30:00,735.3321821999999,15.897
2025-07-19 17:00:00,735.3790883999999,16.52
2025-07-19 17:30:00,735.4025415,17.427
2025-07-19 18:00:00,735.3505368,19.372
2025-07-19 18:30:00,735.1720893,22.455
2025-07-19 19:00:00,735.0935724,27.47
2025-07-19 19:30:00,735.5636540999999,25.87
2025-07-19 20:00:00,735.1792271999999,22.198
2025-07-19 20:30:00,735.1557740999999,22.021
2025-07-19 21:00:00,735.1149861,21.896
2025-07-19 21:30:00,734.9416370999999,21.94
2025-07-19 22:00:00,734.9395976999999,22.182
2025-07-19 22:30:00,734.765229,22.026
2025-07-19 23:00:00,734.7825639,21.999
2025-07-19 23:30:00,734.6143133999999,21.041
2025-07-20 00:00:00,734.5694466,20.533
2025-07-20 00:30:00,734.4430038,19.797
2025-07-20 01:00:00,734.3991566999999,19.012
2025-07-20 01:30:00,734.4093536999999,18.533
2025-07-20 02:00:00,734.5011266999999,17.515
2025-07-20 02:30:00,734.612274,16.833
2025-07-20 03:00:00,734.7703275,16.489
2025-07-20 03:30:00,734.7407561999999,15.87
2025-07-20 04:00:00,734.9100264,14.739
2025-07-20 04:30:00,735.1435376999999,13.907
2025-07-20 05:00:00,735.2057394,13.142
2025-07-20 05:30:00,735.1822862999999,12.422
2025-07-20 06:00:00,735.1272224999999,11.862
2025-07-20 06:30:00,734.9885433,11.432
2025-07-20 07:00:00,734.9946614999999,11.098
2025-07-20 07:30:00,734.8304898,10.793
2025-07-20 08:00:00,734.6683575,10.504
2025-07-20 08:30:00,734.5388556,10.159
2025-07-20 09:00:00,734.2971866999999,9.953
2025-07-20 09:30:00,734.1778817999999,9.632
2025-07-20 10:00:00,733.9770008999999,9.404
2025-07-20 10:30:00,733.7547062999998,9.008
2025-07-20 11:00:00,733.6741499999999,8.704
2025-07-20 11:30:00,733.6608939,8.401
2025-07-20 12:00:00,733.6404999,8.117
2025-07-20 12:30:00,733.6700711999999,7.762
2025-07-20 13:00:00,733.6772090999999,7.376
2025-07-20 13:30:00,733.6466181,7.283
2025-07-20 14:00:00,733.6608939,7.41
2025-07-20 14:30:00,733.6721105999999,7.682
2025-07-20 15:00:00,733.5191555999999,18.208
2025-07-20 15:30:00,733.4141264999998,14.853
2025-07-20 16:00:00,733.5181359000001,16.173
2025-07-20 16:30:00,733.5609633,15.48
2025-07-20 17:00:00,733.5864558,16.3
2025-07-20 17:30:00,733.4314613999999,17.186
2025-07-20 18:00:00,733.5589239,18.503
2025-07-20 18:30:00,733.1398271999999,21.818
2025-07-20 19:00:00,733.0093056,27.463
2025-07-20 19:30:00,733.133709,29.317
2025-07-20 20:00:00,733.0551921,23.814
2025-07-20 20:30:00,732.8767445999998,21.905
2025-07-20 21:00:00,732.7135926,21.288
2025-07-20 21:30:00,732.6248787,21.123
2025-07-20 22:00:00,732.4474508999999,21.36
2025-07-20 22:30:00,732.4290963,21.637
2025-07-20 23:00:00,732.3067322999999,21.651
2025-07-20 23:30:00,732.1272650999999,20.861
2025-07-21 00:00:00,731.9416797,19.948
2025-07-21 00:30:00,731.8733597999999,19.204
2025-07-21 01:00:00,731.8784582999999,18.34
2025-07-21 01:30:00,732.0059207999999,17.446
2025-07-21 02:00:00,731.9885859,16.473
2025-07-21 02:30:00,732.1578560999999,15.555
2025-07-21 03:00:00,732.1670333999999,14.98
2025-07-21 03:30:00,732.277161,14.22
2025-07-21 04:00:00,732.5259678,13.395
2025-07-21 04:30:00,732.6534303,12.58
2025-07-21 05:00:00,732.766617,11.536
2025-07-21 05:30:00,732.6931986,10.827
2025-07-21 06:00:00,732.4821207,10.12
2025-07-21 06:30:00,732.4423523999999,9.65
2025-07-21 07:00:00,732.3974855999999,9.049
2025-07-21 07:30:00,732.1986440999999,8.536
2025-07-21 08:00:00,731.9121083999999,8.118
2025-07-21 08:30:00,731.7550745999998,7.705
2025-07-21 09:00:00,731.4736373999999,7.202
2025-07-21 09:30:00,731.2798943999999,6.856
2025-07-21 10:00:00,731.1055256999999,6.449
2025-07-21 10:30:00,731.0412845999999,6.104
2025-07-21 11:00:00,731.0433239999999,5.681
2025-07-21 11:30:00,730.9229994,5.334
2025-07-21 12:00:00,730.8444824999999,5.042
2025-07-21 12:30:00,730.9607282999999,4.732
2025-07-21 13:00:00,730.9321766999999,4.455
2025-07-21 13:30:00,730.9841813999999,4.286
2025-07-21 14:00:00,731.0015162999999,4.138
2025-07-21 14:30:00,731.0392451999999,4.417
2025-07-21 15:00:00,731.0953287,13.82
2025-07-21 15:30:00,730.8556991999999,11.255
2025-07-21 16:00:00,730.8873098999999,11.8
2025-07-21 16:30:00,730.9189206,11.488
2025-07-21 17:00:00,730.8332658,12.442
2025-07-21 17:30:00,730.8618174,13.673
2025-07-21 18:00:00,730.9005659999999,15.146
2025-07-21 18:30:00,730.574262,18.307
2025-07-21 19:00:00,730.4600555999999,24.139
2025-07-21 19:30:00,730.4957450999999,24.95
2025-07-21 20:00:00,730.6303455,20.479
2025-07-21 20:30:00,730.5457103999998,18.92
2025-07-21 21:00:00,730.4692329,18.396
2025-07-21 21:30:00,730.4111099999999,18.11
2025-07-21 22:00:00,730.4243660999999,18.233
2025-07-21 22:30:00,730.2194063999999,17.932
2025-07-21 23:00:00,730.1490470999998,17.94
2025-07-21 23:30:00,730.0429983,17.457
2025-07-22 00:00:00,730.0001708999998,16.929
2025-07-22 00:30:00,730.0093481999999,16.248
2025-07-22 01:00:00,730.0011905999999,15.266
2025-07-22 01:30:00,730.1775987,14.655
2025-07-22 02:00:00,730.1775987,13.644
2025-07-22 02:30:00,730.1398697999999,13.058
2025-07-22 03:00:00,730.2581549999999,12.398
2025-07-22 03:30:00,730.4080508999999,11.756
2025-07-22 04:00:00,730.5997544999999,11.093
2025-07-22 04:30:00,730.7384336999999,10.375
2025-07-22 05:00:00,730.7027442,9.729
2025-07-22 05:30:00,730.7496504,9.133
2025-07-22 06:00:00,730.7210987999999,8.587
2025-07-22 06:30:00,730.7567882999999,8.17
2025-07-22 07:00:00,730.6415622,7.739
2025-07-22 07:30:00,730.4039720999999,7.512
2025-07-22 08:00:00,730.2408200999998,7.198
2025-07-22 08:30:00,730.0582937999999,6.923
2025-07-22 09:00:00,729.8788265999999,6.665
2025-07-22 09:30:00,729.7064973,6.336
2025-07-22 10:00:00,729.5433452999999,6.003
2025-07-22 10:30:00,729.4699268999999,5.762
2025-07-22 11:00:00,729.4413752999999,5.475
2025-07-22 11:30:00,729.3557205,5.069
2025-07-22 12:00:00,729.3169719,4.721
2025-07-22 12:30:00,729.4943996999999,4.412
2025-07-22 13:00:00,729.4658481,4.136
2025-07-22 13:30:00,729.5229512999999,4.004
2025-07-22 14:00:00,729.5637392999998,4.053
2025-07-22 14:30:00,729.7248519,4.244
2025-07-22 15:00:00,729.9971118,12.515
2025-07-22 15:30:00,729.8105066999999,11.146
2025-07-22 16:00:00,729.9869147999999,11.485
2025-07-22 16:30:00,729.9318509999999,10.938
2025-07-22 17:00:00,729.9124767,11.735
2025-07-22 17:30:00,729.8859645,13.046
2025-07-22 18:00:00,729.9716192999999,14.55
2025-07-22 18:30:00,729.6952805999999,18.143
2025-07-22 19:00:00,729.5984090999999,24.561
2025-07-22 19:30:00,729.9247131,26.266
2025-07-22 20:00:00,730.0226042999999,20.788
2025-07-22 20:30:00,729.9185948999999,18.959
2025-07-22 21:00:00,729.7523838,18.719
2025-07-22 21:30:00,729.6657092999999,18.687
2025-07-22 22:00:00,729.7054776,18.472
2025-07-22 22:30:00,729.6759063,18.779
2025-07-22 23:00:00,729.5953499999999,18.275
2025-07-22 23:30:00,729.7911323999999,17.182
2025-07-23 00:00:00,729.6912017999999,16.61
2025-07-23 00:30:00,729.7054776,15.88
2025-07-23 01:00:00,729.7462656,15.102
2025-07-23 01:30:00,729.880866,14.224
2025-07-23 02:00:00,729.942048,13.345
2025-07-23 02:30:00,730.3672628999999,12.403
2025-07-23 03:00:00,730.6966259999999,11.425
2025-07-23 03:30:00,730.7802414,10.89
2025-07-23 04:00:00,730.8414233999999,10.316
2025-07-23 04:30:00,730.971945,9.742
2025-07-23 05:00:00,731.0830922999999,9.169
2025-07-23 05:30:00,731.0249694,8.604
2025-07-23 06:00:00,731.0249694,8.117
2025-07-23 06:30:00,730.9168811999999,7.851
2025-07-23 07:00:00,730.8822113999998,7.483
2025-07-23 07:30:00,730.8689552999999,7.277
2025-07-23 08:00:00,730.8159309,7.341
2025-07-23 08:30:00,730.8169505999999,7.719
2025-07-23 09:00:00,730.7710641,7.798
2025-07-23 09:30:00,730.6996850999999,7.744
2025-07-23 10:00:00,730.6425818999999,7.6
2025-07-23 10:30:00,730.6405424999999,7.407
2025-07-23 11:00:00,730.5263361,7.318
2025-07-23 11:30:00,730.5559073999999,7.077
2025-07-23 12:00:00,730.5253164,6.585
2025-07-23 12:30:00,730.645641,6.252
2025-07-23 13:00:00,730.7129411999999,6.061
2025-07-23 13:30:00,730.7853399,6.156
2025-07-23 14:00:00,730.9627677,6.164
2025-07-23 14:30:00,731.0657573999999,6.296
2025-07-23 15:00:00,731.3115051,13.136
2025-07-23 15:30:00,731.1004271999999,12.697
2025-07-23 16:00:00,731.3471946,13.152
2025-07-23 16:30:00,731.4573222,12.371
2025-07-23 17:00:00,731.4787359,12.75
2025-07-23 17:30:00,731.7132668999999,13.425
2025-07-23 18:00:00,731.7214244999999,14.555
2025-07-23 18:30:00,731.3268006,17.985
2025-07-23 19:00:00,731.267658,24.348
2025-07-23 19:30:00,731.3910417,25.662
2025-07-23 20:00:00,731.4246917999999,20.419
2025-07-23 20:30:00,731.3400567,18.924
2025-07-23 21:00:00,731.5541936999999,18.701
2025-07-23 21:30:00,731.7204047999999,16.789
2025-07-23 22:00:00,731.7275427,15.437
2025-07-23 22:30:00,731.94066,14.88
2025-07-23 23:00:00,731.9090492999999,14.359
2025-07-23 23:30:00,732.3006140999998,12.8
2025-07-24 00:00:00,732.4138008,11.795
2025-07-24 00:30:00,732.4127811,11.442
2025-07-24 01:00:00,732.2710427999999,11.884
2025-07-24 01:30:00,732.3821901,11.891
2025-07-24 02:00:00,732.389328,11.405
2025-07-24 02:30:00,732.4994555999999,10.901
2025-07-24 03:00:00,732.5861300999999,10.59
2025-07-24 03:30:00,732.8573703,10.13
2025-07-24 04:00:00,733.0531526999999,9.669
2025-07-24 04:30:00,733.2265016999999,9.526
2025-07-24 05:00:00,733.317255,9.014
2025-07-24 05:30:00,733.2785063999999,8.403
2025-07-24 06:00:00,733.3651809,7.944
2025-07-24 06:30:00,733.4569539,7.529
2025-07-24 07:00:00,733.5385299,7.24
2025-07-24 07:30:00,733.6099089,7.053
2025-07-24 08:00:00,733.5211949999999,6.798
2025-07-24 08:30:00,733.317255,6.642
2025-07-24 09:00:00,733.0307192999999,6.343
2025-07-24 09:30:00,732.9440447999999,6.125
2025-07-24 10:00:00,732.8492127,5.892
2025-07-24 10:30:00,732.6717848999999,5.781
2025-07-24 11:00:00,732.5647164,5.535
2025-07-24 11:30:00,732.5269875,5.301
2025-07-24 12:00:00,732.4250175,4.988
2025-07-24 12:30:00,732.4841600999998,4.597
2025-07-24 13:00:00,732.6085635,4.307
2025-07-24 13:30:00,732.6615879,4.215
2025-07-24 14:00:00,732.7156319999999,4.345
2025-07-24 14:30:00,732.8125034999999,4.624
2025-07-24 15:00:00,732.9409856999999,11.059
2025-07-24 15:30:00,732.9052962,10.455
2025-07-24 16:00:00,733.0919012999999,11.426
2025-07-24 16:30:00,733.1551227,11.194
2025-07-24 17:00:00,733.1816349,11.788
2025-07-24 17:30:00,733.2754472999999,12.426
2025-07-24 18:00:00,733.1622606,13.78
2025-07-24 18:30:00,732.9420054,16.819
2025-07-24 19:00:00,732.8094444,22.964
2025-07-24 19:30:00,732.9389462999999,24.056
2025-07-24 20:00:00,732.9399659999999,19.822
2025-07-24 20:30:00,732.6238589999999,17.957
2025-07-24 21:00:00,732.5647164,17.704
2025-07-24 21:30:00,732.430116,18.373
2025-07-24 22:00:00,732.4760024999999,16.967
2025-07-24 22:30:00,732.6075437999999,17.12
2025-07-24 23:00:00,732.6830016,15.319
2025-07-24 23:30:00,732.9318083999999,13.838
2025-07-25 00:00:00,733.2010091999999,12.454
2025-07-25 00:30:00,733.1469651,12.206
2025-07-25 01:00:00,733.0052268,12.124
2025-07-25 01:30:00,732.8512520999999,12.068
2025-07-25 02:00:00,732.7288880999998,11.836
2025-07-25 02:30:00,732.7268487,11.178
2025-07-25 03:00:00,732.8471732999999,10.661
2025-07-25 03:30:00,732.9328281,10.22
2025-07-25 04:00:00,733.1704181999999,9.862
2025-07-25 04:30:00,733.1510439,9.297
2025-07-25 05:00:00,733.1520635999999,8.598
2025-07-25 05:30:00,733.1449256999999,8.051
2025-07-25 06:00:00,733.1439059999999,7.545
2025-07-25 06:30:00,733.06233,7.091
2025-07-25 07:00:00,733.2377184,6.827
2025-07-25 07:30:00,733.0817043,6.716
2025-07-25 08:00:00,732.8471732999999,6.483
2025-07-25 08:30:00,732.7615185,6.233
2025-07-25 09:00:00,732.6911591999999,5.977
2025-07-25 09:30:00,732.4933373999999,5.774
2025-07-25 10:00:00,732.0518072999998,5.557
2025-07-25 10:30:00,731.8774385999999,5.299
2025-07-25 11:00:00,731.5909029,5.121
2025-07-25 11:30:00,731.4287705999999,4.959
2025-07-25 12:00:00,731.2564413,4.685
2025-07-25 12:30:00,731.247264,4.528
2025-07-25 13:00:00,731.0657573999999,4.451
2025-07-25 13:30:00,730.9750040999999,4.49
2025-07-25 14:00:00,730.9566494999999,4.765
2025-07-25 14:30:00,731.0402648999999,5.101
2025-07-25 15:00:00,731.1860819999999,9.87
2025-07-25 15:30:00,731.0494421999999,10.766
2025-07-25 16:00:00,731.1473334,11.626
2025-07-25 16:30:00,731.1187818,10.999
2025-07-25 17:00:00,731.1340773,11.365
2025-07-25 17:30:00,731.0708559,12.032
2025-07-25 18:00:00,731.0402648999999,13.277
2025-07-25 18:30:00,730.4763707999999,16.429
2025-07-25 19:00:00,730.30914,22.795
2025-07-25 19:30:00,730.3366718999999,23.386
2025-07-25 20:00:00,730.482489,18.993
2025-07-25 20:30:00,730.3468688999999,17.515
2025-07-25 21:00:00,730.2867066,17.03
2025-07-25 21:30:00,730.2693717,14.985
2025-07-25 22:00:00,730.0858257,14.981
2025-07-25 22:30:00,729.9981315,15.722
2025-07-25 23:00:00,729.90126,15.651
2025-07-25 23:30:00,730.1102984999999,15.961
2025-07-26 00:00:00,730.0450377,13.922
2025-07-26 00:30:00,729.9043190999998,13.306
2025-07-26 01:00:00,729.9338904,13.065
2025-07-26 01:30:00,729.8431370999999,12.605
2025-07-26 02:00:00,730.0776681,11.981
2025-07-26 02:30:00,730.0878650999999,11.131
2025-07-26 03:00:00,730.1184560999999,10.39
2025-07-26 03:30:00,730.4284448999999,9.656
2025-07-26 04:00:00,730.6629759,9.369
2025-07-26 04:30:00,730.7812611,9.229
2025-07-26 05:00:00,730.8240885,8.891
2025-07-26 05:30:00,730.859778,8.206
2025-07-26 06:00:00,730.7037638999999,7.628
2025-07-26 06:30:00,730.6711335,7.312
2025-07-26 07:00:00,730.6721532,6.922
2025-07-26 07:30:00,730.4580162,6.554
2025-07-26 08:00:00,730.3642037999999,6.233
2025-07-26 08:30:00,730.1582243999999,6.159
2025-07-26 09:00:00,730.0480967999998,5.99
2025-07-26 09:30:00,729.7799157,5.661
2025-07-26 10:00:00,729.6453153,5.543
2025-07-26 10:30:00,729.3169719,5.453
2025-07-26 11:00:00,729.1793124,5.438
2025-07-26 11:30:00,729.0671454,5.477
2025-07-26 12:00:00,729.0171801,5.473
2025-07-26 12:30:00,729.1415834999999,5.439
2025-07-26 13:00:00,729.3944690999999,5.371
2025-07-26 13:30:00,729.4740056999999,5.69
2025-07-26 14:00:00,729.7534035,6.212
2025-07-26 14:30:00,729.9746783999999,6.696
2025-07-26 15:00:00,729.9756980999999,7.146
2025-07-26 15:30:00,729.9716192999999,7.939
2025-07-26 16:00:00,730.0521756,8.145
2025-07-26 16:30:00,729.9716192999999,9.066
2025-07-26 17:00:00,730.0103678999999,10.382
2025-07-26 17:30:00,730.1643425999999,11.487
2025-07-26 18:00:00,730.1480274,13.121
2025-07-26 18:30:00,730.0297422,14.844
2025-07-26 19:00:00,729.9553041,19.079
2025-07-26 19:30:00,730.1837168999999,16.739
2025-07-26 20:00:00,729.9410283,16.864
2025-07-26 20:30:00,729.9318509999999,16.401
2025-07-26 21:00:00,730.0256634,16.529
2025-07-26 21:30:00,730.1306925,15.742
2025-07-26 22:00:00,730.2275639999999,14.531
2025-07-26 22:30:00,730.1031605999999,14.091
2025-07-26 23:00:00,730.1816775,13.905
2025-07-26 23:30:00,730.3529871,12.869
2025-07-27 00:00:00,730.2826278,12.423
2025-07-27 00:30:00,730.4366024999998,12.588
2025-07-27 01:00:00,730.3866372,11.68
2025-07-27 01:30:00,730.431504,11.308
2025-07-27 02:00:00,730.5518285999999,10.786
2025-07-27 02:30:00,730.7537292,10.316
2025-07-27 03:00:00,730.7516897999999,9.852
2025-07-27 03:30:00,730.9627677,9.156
2025-07-27 04:00:00,731.1483530999999,8.428
2025-07-27 04:30:00,731.3900219999999,7.859
2025-07-27 05:00:00,731.5093269,7.385
2025-07-27 05:30:00,731.4481449,6.996
2025-07-27 06:00:00,731.3900219999999,6.74
2025-07-27 06:30:00,731.2819337999999,6.446
2025-07-27 07:00:00,731.2034169,6.201
2025-07-27 07:30:00,731.0779938000001,6.165
2025-07-27 08:00:00,731.1677274,6.262
2025-07-27 08:30:00,731.1157227,6.222
2025-07-27 09:00:00,731.0545407,6.413
2025-07-27 09:30:00,730.9026054,6.156
2025-07-27 10:00:00,730.8006353999999,5.781
2025-07-27 10:30:00,730.6721532,5.517
2025-07-27 11:00:00,730.5212376,5.313
2025-07-27 11:30:00,730.5915968999999,5.652
2025-07-27 12:00:00,730.727217,6.397
2025-07-27 12:30:00,730.7639261999999,6.795
2025-07-27 13:00:00,730.8322461,6.648
2025-07-27 13:30:00,730.8760932,6.695
2025-07-27 14:00:00,730.8465219,6.476
2025-07-27 14:30:00,731.002536,6.27
2025-07-27 15:00:00,731.2146336,9.534
2025-07-27 15:30:00,731.2329881999999,11.079
2025-07-27 16:00:00,731.3155839,11.502
2025-07-27 16:30:00,731.3767658999999,11.281
2025-07-27 17:00:00,731.3512734,11.809
2025-07-27 17:30:00,731.4838344,12.692
2025-07-27 18:00:00,731.4736373999999,14.127
2025-07-27 18:30:00,731.2666382999998,17.327
2025-07-27 19:00:00,731.2635792,24.034
2025-07-27 19:30:00,731.757114,23.636
2025-07-27 20:00:00,731.8529658,19.295
2025-07-27 20:30:00,731.7316215,18.177
2025-07-27 21:00:00,731.8703006999999,18.062
2025-07-27 21:30:00,731.889675,17.728
2025-07-27 22:00:00,731.8703006999999,18.109
2025-07-27 22:30:00,731.8886553,18.093
2025-07-27 23:00:00,732.0834179999999,18.156
2025-07-27 23:30:00,732.0569057999999,17.431
2025-07-28 00:00:00,732.0823982999999,16.673
2025-07-28 00:30:00,731.9947041,16.222
2025-07-28 01:00:00,732.0436497,15.566
2025-07-28 01:30:00,732.1099301999999,14.946
2025-07-28 02:00:00,732.3699537,14.02
2025-07-28 02:30:00,732.6799425,13.287
2025-07-28 03:00:00,732.8390156999999,12.526
2025-07-28 03:30:00,733.0266404999999,11.438
2025-07-28 04:00:00,733.1999894999999,10.349
2025-07-28 04:30:00,733.2978807,9.554
2025-07-28 05:00:00,733.4498159999999,8.856
2025-07-28 05:30:00,733.4080083,8.325
2025-07-28 06:00:00,733.4436978,7.798
2025-07-28 06:30:00,733.4080083,7.304
2025-07-28 07:00:00,733.3611021,6.649
2025-07-28 07:30:00,733.3264322999999,6.098
2025-07-28 08:00:00,733.3712990999999,5.647
2025-07-28 08:30:00,733.4385993,5.438
2025-07-28 09:00:00,733.4029098,5.32
2025-07-28 09:30:00,733.2989004,5.329
2025-07-28 10:00:00,733.1357483999999,5.187
2025-07-28 10:30:00,733.1071968,5.014
2025-07-28 11:00:00,733.0755860999999,4.893
2025-07-28 11:30:00,733.1500242,4.818
2025-07-28 12:00:00,733.0602905999999,4.702
2025-07-28 12:30:00,733.1673591,4.535
2025-07-28 13:00:00,733.2193638,4.289
2025-07-28 13:30:00,733.3662005999998,4.19
2025-07-28 14:00:00,733.3927127999999,4.32
2025-07-28 14:30:00,733.4783676,4.695
2025-07-28 15:00:00,733.602771,8.187
2025-07-28 15:30:00,733.8097700999999,11.424
2025-07-28 16:00:00,733.7261546999999,12.862
2025-07-28 16:30:00,733.7241152999999,13.161
2025-07-28 17:00:00,733.9229568,13.87
2025-07-28 17:30:00,734.1034436999998,14.59
2025-07-28 18:00:00,734.2614971999999,15.953
2025-07-28 18:30:00,734.1381135,18.895
2025-07-28 19:00:00,734.1095618999999,25.909
2025-07-28 19:30:00,734.4633977999999,24.669
2025-07-28 20:00:00,734.469516,20.294
2025-07-28 20:30:00,734.4715553999999,19.356
2025-07-28 21:00:00,734.5888208999999,19.025
2025-07-28 21:30:00,734.6030966999999,18.993
2025-07-28 22:00:00,734.6408255999999,19.236
2025-07-28 22:30:00,734.5908602999999,19.386
2025-07-28 23:00:00,734.5592495999999,19.518
2025-07-28 23:30:00,734.4430038,19.185
2025-07-29 00:00:00,734.3726445,18.117
2025-07-29 00:30:00,734.3512307999999,17.493
2025-07-29 01:00:00,734.2390637999999,16.849
2025-07-29 01:30:00,734.4195507,15.617
2025-07-29 02:00:00,734.3971172999999,14.765
2025-07-29 02:30:00,734.5449737999999,14.173
2025-07-29 03:00:00,734.6663181,13.211
2025-07-29 03:30:00,734.9640704999999,12.32
2025-07-29 04:00:00,735.2159364,11.758
2025-07-29 04:30:00,735.4718810999999,10.961
2025-07-29 05:00:00,735.4474083,10.241
2025-07-29 05:30:00,735.3943839,9.677
2025-07-29 06:00:00,735.3352412999999,9.101
2025-07-29 06:30:00,735.4005020999999,8.647
2025-07-29 07:00:00,735.4443491999999,8.27
2025-07-29 07:30:00,735.4484279999999,8.04
2025-07-29 08:00:00,735.5014524,7.718
2025-07-29 08:30:00,735.2587638,7.369
2025-07-29 09:00:00,735.1506756,7.099
2025-07-29 09:30:00,734.9212431,6.828
2025-07-29 10:00:00,734.8100958,6.546
2025-07-29 10:30:00,734.7091455,6.354
2025-07-29 11:00:00,734.683653,6.22
2025-07-29 11:30:00,734.6867120999999,6.08
2025-07-29 12:00:00,734.724441,5.898
2025-07-29 12:30:00,734.7805244999998,5.662
2025-07-29 13:00:00,734.9365386,5.725
2025-07-29 13:30:00,735.0262721999999,6.049
2025-07-29 14:00:00,735.0150555,6.15
2025-07-29 14:30:00,735.0650208,6.152
2025-07-29 15:00:00,735.2444879999999,8.14
2025-07-29 15:30:00,735.193503,11.445
2025-07-29 16:00:00,735.2811972,13.468
2025-07-29 16:30:00,735.2913941999999,13.664
2025-07-29 17:00:00,735.3179063999999,14.293
2025-07-29 17:30:00,735.3699110999999,15.034
2025-07-29 18:00:00,735.2781380999999,16.269
2025-07-29 18:30:00,735.1975818,19.093
2025-07-29 19:00:00,735.2057394,26.518
2025-07-29 19:30:00,735.5402009999999,25.655
2025-07-29 20:00:00,735.4851371999999,21.01
2025-07-29 20:30:00,735.4249748999999,20.027
2025-07-29 21:00:00,735.3831671999999,19.432
2025-07-29 21:30:00,735.2659017,19.736
2025-07-29 22:00:00,735.1139664,19.948
2025-07-29 22:30:00,735.0038387999999,20.1
2025-07-29 23:00:00,734.8641398999999,20.267
2025-07-29 23:30:00,734.6816136,19.791
2025-07-30 00:00:00,734.5276388999999,18.732
2025-07-30 00:30:00,734.4246492,18.169
2025-07-30 01:00:00,734.2584380999999,17.229
2025-07-30 01:30:00,734.3277777,16.218
2025-07-30 02:00:00,734.4470825999999,15.103
2025-07-30 02:30:00,734.6571408,14.243
2025-07-30 03:00:00,734.8641398999999,13.628
2025-07-30 03:30:00,735.1078481999999,13.0
2025-07-30 04:00:00,735.2077787999999,12.421
2025-07-30 04:30:00,735.2526455999999,11.517
2025-07-30 05:00:00,735.1557740999999,10.786
2025-07-30 05:30:00,734.9579523,10.131
2025-07-30 06:00:00,734.8202928,9.606
2025-07-30 06:30:00,734.6877318,9.275
2025-07-30 07:00:00,734.7764457,8.946
2025-07-30 07:30:00,734.5378359,8.56
2025-07-30 08:00:00,734.3186003999999,8.225
2025-07-30 08:30:00,734.1707438999999,8.165
2025-07-30 09:00:00,733.8515778,7.911
2025-07-30 09:30:00,733.6374407999999,7.761
2025-07-30 10:00:00,733.5232343999999,7.511
2025-07-30 10:30:00,733.2570926999999,7.143
2025-07-30 11:00:00,733.0980195,7.153
2025-07-30 11:30:00,732.9634191,7.22
2025-07-30 12:00:00,733.3702793999998,7.128
2025-07-30 12:30:00,733.3386687,6.647
2025-07-30 13:00:00,733.286664,6.141
2025-07-30 13:30:00,733.2163047,6.044
2025-07-30 14:00:00,733.0021677,6.143
2025-07-30 14:30:00,733.0246011,6.994
2025-07-30 15:00:00,733.1245317,9.199
2025-07-30 15:30:00,733.1122953,11.671
2025-07-30 16:00:00,733.1897925,12.833
2025-07-30 16:30:00,733.2101865,12.761
2025-07-30 17:00:00,733.2244622999999,13.333
2025-07-30 17:30:00,733.2142653,14.03
2025-07-30 18:00:00,733.1673591,15.925
2025-07-30 18:30:00,733.5548451,13.222
2025-07-30 19:00:00,734.0126903999999,10.375
2025-07-30 19:30:00,733.5813572999999,9.63
2025-07-30 20:00:00,733.5293525999999,9.709
2025-07-30 20:30:00,733.8658535999999,8.646
2025-07-30 21:00:00,734.0126903999999,8.036
2025-07-30 21:30:00,734.2533395999999,9.13
2025-07-30 22:00:00,734.1738029999999,9.787
2025-07-30 22:30:00,733.9984146,11.277
2025-07-30 23:00:00,733.8230262,12.004
2025-07-30 23:30:00,733.6496771999999,12.464
2025-07-31 00:00:00,733.6843469999999,12.456
2025-07-31 00:30:00,733.5415889999999,12.547
2025-07-31 01:00:00,733.2754472999999,12.899
2025-07-31 01:30:00,733.2509745,13.066
2025-07-31 02:00:00,733.4895842999999,12.063
2025-07-31 02:30:00,733.5283328999999,10.984
2025-07-31 03:00:00,733.5803375999999,9.793
2025-07-31 03:30:00,733.8352626,8.987
2025-07-31 04:00:00,733.9423310999999,8.248
2025-07-31 04:30:00,733.9637447999999,7.519
2025-07-31 05:00:00,733.8780899999999,6.737
2025-07-31 05:30:00,733.8189474,6.229
2025-07-31 06:00:00,733.8128291999999,5.932
2025-07-31 06:30:00,733.7526669,5.496
2025-07-31 07:00:00,733.7700017999999,5.216
2025-07-31 07:30:00,733.6894454999999,4.944
2025-07-31 08:00:00,733.4171856,4.776
2025-07-31 08:30:00,733.3865946,4.512
2025-07-31 09:00:00,733.3896536999999,4.142
2025-07-31 09:30:00,733.154103,3.625
2025-07-31 10:00:00,733.0633497,3.147
2025-07-31 10:30:00,733.113315,2.98
2025-07-31 11:00:00,732.9858524999999,3.043
2025-07-31 11:30:00,733.0001282999999,3.279
2025-07-31 12:00:00,733.0123646999999,3.21
2025-07-31 12:30:00,733.1551227,2.689
2025-07-31 13:00:00,733.307058,2.308
2025-07-31 13:30:00,733.2356789999999,2.381
2025-07-31 14:00:00,733.4304417,2.381
2025-07-31 14:30:00,733.5864558,2.409
2025-07-31 15:00:00,733.8046716,4.045
2025-07-31 15:30:00,734.0177888999999,6.54
2025-07-31 16:00:00,734.0942664,8.979
2025-07-31 16:30:00,734.1890985,9.77
2025-07-31 17:00:00,734.3002457999999,11.034
2025-07-31 17:30:00,734.2982063999999,12.308
2025-07-31 18:00:00,734.2074531,14.016
2025-07-31 18:30:00,734.1564680999999,16.406
2025-07-31 19:00:00,733.9270356,24.712
2025-07-31 19:30:00,734.4236295,23.487
2025-07-31 20:00:00,734.4481022999998,19.62
2025-07-31 20:30:00,734.3736642,18.384
2025-07-31 21:00:00,734.4440234999998,18.273
2025-07-31 21:30:00,734.3991566999999,18.491
2025-07-31 22:00:00,734.5745451,18.56
2025-07-31 22:30:00,734.5827027,18.84
2025-07-31 23:00:00,734.479713,18.697
2025-07-31 23:30:00,734.3593884,17.966
2025-08-01 00:00:00,734.4348462,17.463
2025-08-01 00:30:00,734.4195507,16.864
2025-08-01 01:00:00,734.3991566999999,16.182
2025-08-01 01:30:00,734.5776042,15.585
2025-08-01 02:00:00,734.7336182999999,14.484
2025-08-01 02:30:00,734.9120657999999,13.198
2025-08-01 03:00:00,735.1221239999999,12.073
2025-08-01 03:30:00,735.3586944,11.211
2025-08-01 04:00:00,735.591186,10.448
2025-08-01 04:30:00,735.6697029,9.67
2025-08-01 05:00:00,735.7094712,8.898
2025-08-01 05:30:00,735.8858792999999,8.329
2025-08-01 06:00:00,735.7696334999999,7.898
2025-08-01 06:30:00,735.8634458999999,7.576
2025-08-01 07:00:00,735.8389731,6.987
2025-08-01 07:30:00,735.6564468,6.827
2025-08-01 08:00:00,735.5667131999999,6.982
2025-08-01 08:30:00,735.4219157999999,7.053
2025-08-01 09:00:00,735.3372807,6.987
2025-08-01 09:30:00,735.2200152,6.883
2025-08-01 10:00:00,735.0945920999999,7.11
2025-08-01 10:30:00,735.0497253,7.913
2025-08-01 11:00:00,735.060942,8.325
2025-08-01 11:30:00,735.1251830999998,8.772
2025-08-01 12:00:00,735.1384391999999,8.689
2025-08-01 12:30:00,735.1720893,8.374
2025-08-01 13:00:00,735.2189955,7.864
2025-08-01 13:30:00,735.1986015,7.891
2025-08-01 14:00:00,735.3597141,7.81
2025-08-01 14:30:00,735.3576747,7.528
2025-08-01 15:00:00,735.5289842999999,9.311
2025-08-01 15:30:00,735.6024027,11.967
2025-08-01 16:00:00,735.5850677999999,12.754
2025-08-01 16:30:00,735.5310236999999,12.826
2025-08-01 17:00:00,735.5412206999999,13.491
2025-08-01 17:30:00,735.6064815,14.434
2025-08-01 18:00:00,735.7624955999999,15.914
2025-08-01 18:30:00,735.6839786999999,17.881
2025-08-01 19:00:00,735.5187872999999,25.748
2025-08-01 19:30:00,735.8267367,24.493
2025-08-01 20:00:00,735.9460416,20.355
2025-08-01 20:30:00,735.886899,19.124
2025-08-01 21:00:00,735.9011748,19.109
2025-08-01 21:30:00,735.9174899999999,19.002
2025-08-01 22:00:00,736.0408737,19.089
2025-08-01 22:30:00,735.9766325999999,18.98
2025-08-01 23:00:00,736.0102827,18.523
2025-08-01 23:30:00,735.988869,18.321
2025-08-02 00:00:00,735.9297263999999,17.789
2025-08-02 00:30:00,735.835914,17.063
2025-08-02 01:00:00,735.7512789,16.29
2025-08-02 01:30:00,735.8950566,15.615
2025-08-02 02:00:00,736.0480116,14.563
2025-08-02 02:30:00,736.1112329999999,13.772
2025-08-02 03:00:00,736.1601785999999,12.881
2025-08-02 03:30:00,736.468128,11.619
2025-08-02 04:00:00,736.7516046,10.894
2025-08-02 04:30:00,737.0299826999999,10.361
2025-08-02 05:00:00,737.2145484,9.688
2025-08-02 05:30:00,737.3134593,8.921
2025-08-02 06:00:00,737.3603655,8.279
2025-08-02 06:30:00,737.4429611999999,7.649
2025-08-02 07:00:00,737.3726019000001,7.078
2025-08-02 07:30:00,737.2512575999999,6.746
2025-08-02 08:00:00,737.1401103,6.123
2025-08-02 08:30:00,736.9616628,5.276
2025-08-02 09:00:00,736.7944319999999,4.728
2025-08-02 09:30:00,736.4864826,4.27
2025-08-02 10:00:00,736.4181626999999,4.051
2025-08-02 10:30:00,736.5731571,3.768
2025-08-02 11:00:00,736.6353587999998,3.416
2025-08-02 11:30:00,736.5007583999999,3.131
2025-08-02 12:00:00,736.4181626999999,3.033
2025-08-02 12:30:00,736.3212911999999,2.85
2025-08-02 13:00:00,736.4426355,2.753
2025-08-02 13:30:00,736.6618709999999,2.719
2025-08-02 14:00:00,736.672068,2.606
2025-08-02 14:30:00,736.7444666999999,2.761
2025-08-02 15:00:00,737.0065295999999,4.405
2025-08-02 15:30:00,737.1462284999999,7.692
2025-08-02 16:00:00,737.069751,9.981
2025-08-02 16:30:00,737.1543861,11.041
2025-08-02 17:00:00,737.0707707,12.293
2025-08-02 17:30:00,737.2196469,14.029
2025-08-02 18:00:00,737.3389517999999,15.713
2025-08-02 18:30:00,737.3511881999999,18.098
2025-08-02 19:00:00,737.1034010999999,26.366
2025-08-02 19:30:00,737.6030541,24.868
2025-08-02 20:00:00,737.6295663,20.755
2025-08-02 20:30:00,737.3838185999999,19.613
2025-08-02 21:00:00,737.2645137,19.206
2025-08-02 21:30:00,737.1808982999999,19.158
2025-08-02 22:00:00,737.1248147999999,19.466
2025-08-02 22:30:00,737.1686618999998,19.76
2025-08-02 23:00:00,737.1095193,19.769
2025-08-02 23:30:00,736.9463672999999,19.459
2025-08-03 00:00:00,736.8923232,18.577
2025-08-03 00:30:00,736.8678504,17.723
2025-08-03 01:00:00,736.7424272999999,17.024
2025-08-03 01:30:00,736.7699592,16.058
2025-08-03 02:00:00,736.9259733,14.954
2025-08-03 02:30:00,737.1166572,14.123
2025-08-03 03:00:00,737.0483373,12.981
2025-08-03 03:30:00,737.0881056,11.874
2025-08-03 04:00:00,737.0932041,10.899
2025-08-03 04:30:00,737.0656722,10.051
2025-08-03 05:00:00,737.2502379,9.491
2025-08-03 05:30:00,737.0911646999999,8.892
2025-08-03 06:00:00,736.7505848999999,8.51
2025-08-03 06:30:00,736.6659497999999,8.225
2025-08-03 07:00:00,736.5853935,8.03
2025-08-03 07:30:00,736.7403878999999,8.074
2025-08-03 08:00:00,736.5711177,7.545
2025-08-03 08:30:00,736.2957986999999,7.1
2025-08-03 09:00:00,736.1367255,6.859
2025-08-03 09:30:00,735.8369336999999,6.492
2025-08-03 10:00:00,735.7767713999999,6.24
2025-08-03 10:30:00,735.6656241,6.003
2025-08-03 11:00:00,735.5534571,5.689
2025-08-03 11:30:00,735.4259945999999,5.477
2025-08-03 12:00:00,735.3648125999998,5.364
2025-08-03 12:30:00,735.3913247999999,5.208
2025-08-03 13:00:00,735.4290536999999,5.03
2025-08-03 13:30:00,735.4168173,4.862
2025-08-03 14:00:00,735.2771184,4.768
2025-08-03 14:30:00,735.2934336,4.851
2025-08-03 15:00:00,735.2128773,6.453
2025-08-03 15:30:00,735.2740592999999,9.28
2025-08-03 16:00:00,735.1659711,11.3
2025-08-03 16:30:00,735.1506756,11.882
2025-08-03 17:00:00,735.1465967999999,12.979
2025-08-03 17:30:00,735.1302815999999,14.419
2025-08-03 18:00:00,734.9895629999999,16.036
2025-08-03 18:30:00,734.6132937,18.464
2025-08-03 19:00:00,734.5052054999999,26.226
2025-08-03 19:30:00,734.5857618,25.336
2025-08-03 20:00:00,734.6826333,20.617
2025-08-03 20:30:00,734.5745451,19.587
2025-08-03 21:00:00,734.5174419,19.33
2025-08-03 21:30:00,734.2900488,19.629
2025-08-03 22:00:00,734.2390637999999,19.276
2025-08-03 22:30:00,734.2380441,18.685
2025-08-03 23:00:00,734.0759118,18.834
2025-08-03 23:30:00,733.8944051999999,18.798
2025-08-04 00:00:00,733.7455289999999,17.95
2025-08-04 00:30:00,733.5813572999999,17.039
2025-08-04 01:00:00,733.531392,16.152
2025-08-04 01:30:00,733.5650420999999,15.222
2025-08-04 02:00:00,733.6527363,14.106
2025-08-04 02:30:00,733.7720411999999,13.331
2025-08-04 03:00:00,733.7944746,12.455
2025-08-04 03:30:00,733.827105,11.49
2025-08-04 04:00:00,734.1014042999999,10.9
2025-08-04 04:30:00,734.2370244,9.982
2025-08-04 05:00:00,734.0657147999999,8.932
2025-08-04 05:30:00,733.9198977,8.192
2025-08-04 06:00:00,733.7679623999999,7.513
2025-08-04 06:30:00,733.4712296999999,6.872
2025-08-04 07:00:00,733.3366292999999,6.511
2025-08-04 07:30:00,733.2927821999999,6.178
2025-08-04 08:00:00,733.1041376999999,5.84
2025-08-04 08:30:00,732.8063853,5.566
2025-08-04 09:00:00,732.6483317999999,5.247
2025-08-04 09:30:00,732.5229087,4.946
2025-08-04 10:00:00,732.3210081,4.637
2025-08-04 10:30:00,732.3465005999999,4.316
2025-08-04 11:00:00,732.236373,3.937
2025-08-04 11:30:00,732.164994,3.603
2025-08-04 12:00:00,732.1211469,3.439
2025-08-04 12:30:00,732.0946347,3.154
2025-08-04 13:00:00,732.0742406999999,2.95
2025-08-04 13:30:00,731.950857,2.907
2025-08-04 14:00:00,731.9192462999999,2.937
2025-08-04 14:30:00,731.9641131,3.023
2025-08-04 15:00:00,731.7591534000001,4.72
2025-08-04 15:30:00,732.1446,7.661
2025-08-04 16:00:00,732.0762801,9.779
2025-08-04 16:30:00,731.8753992,10.988
2025-08-04 17:00:00,731.9947041,12.04
2025-08-04 17:30:00,732.1864077,13.456
2025-08-04 18:00:00,732.2445305999998,14.969
2025-08-04 18:30:00,732.0140783999999,17.452
2025-08-04 19:00:00,731.9141477999999,25.05
2025-08-04 19:30:00,732.3322248,26.105
2025-08-04 20:00:00,732.3220278,19.956
2025-08-04 20:30:00,732.1741712999999,18.548
2025-08-04 21:00:00,732.215979,18.333
2025-08-04 21:30:00,732.3291657,18.002
2025-08-04 22:00:00,732.2210775,18.093
2025-08-04 22:30:00,732.1558167,18.221
2025-08-04 23:00:00,732.1486787999999,18.224
2025-08-04 23:30:00,731.9019114,17.739
2025-08-05 00:00:00,731.9192462999999,16.906
2025-08-05 00:30:00,731.8764189,16.349
2025-08-05 01:00:00,731.8356309,15.821
2025-08-05 01:30:00,731.9610539999999,15.184
2025-08-05 02:00:00,732.2302548,13.896
2025-08-05 02:30:00,732.5127117,12.982
2025-08-05 03:00:00,732.7421441999999,12.051
2025-08-05 03:30:00,732.6666864,10.805
2025-08-05 04:00:00,732.7931292,9.744
2025-08-05 04:30:00,732.7931292,8.852
2025-08-05 05:00:00,732.7390850999999,8.254
2025-08-05 05:30:00,732.725829,7.82
2025-08-05 06:00:00,732.7217502,7.393
2025-08-05 06:30:00,732.7890504,6.994
2025-08-05 07:00:00,732.8033261999999,6.699
2025-08-05 07:30:00,732.7431638999999,6.425
2025-08-05 08:00:00,732.7146123,6.206
2025-08-05 08:30:00,732.6534303,5.967
2025-08-05 09:00:00,732.4525494,5.616
2025-08-05 09:30:00,732.4107416999999,5.408
2025-08-05 10:00:00,732.3668945999999,5.22
2025-08-05 10:30:00,732.3954461999999,5.016
2025-08-05 11:00:00,732.3781113,4.866
2025-08-05 11:30:00,732.2802201,4.629
2025-08-05 12:00:00,732.3301854,4.373
2025-08-05 12:30:00,732.3587369999999,4.237
2025-08-05 13:00:00,732.5300466,3.997
2025-08-05 13:30:00,732.6462923999999,3.897
2025-08-05 14:00:00,732.8288186999998,3.868
2025-08-05 14:30:00,732.8910203999999,3.914
2025-08-05 15:00:00,732.878784,5.485
2025-08-05 15:30:00,733.3335701999999,7.944
2025-08-05 16:00:00,733.4661311999998,9.985
2025-08-05 16:30:00,733.3743581999998,11.761
2025-08-05 17:00:00,733.5048798,13.081
2025-08-05 17:30:00,733.6364210999999,14.457
2025-08-05 18:00:00,733.7220758999999,16.267
2025-08-05 18:30:00,733.5456677999999,19.028
2025-08-05 19:00:00,733.5171161999999,26.34
2025-08-05 19:30:00,733.8016125,27.245
2025-08-05 20:00:00,733.9433508,21.192
2025-08-05 20:30:00,733.9525280999999,20.011
2025-08-05 21:00:00,733.98006,19.445
2025-08-05 21:30:00,734.0544980999999,19.472
2025-08-05 22:00:00,733.9953555,19.25
2025-08-05 22:30:00,734.1044633999999,19.471
2025-08-05 23:00:00,734.0045327999999,19.62
2025-08-05 23:30:00,734.0799906,19.361
2025-08-06 00:00:00,734.0616359999999,18.488
2025-08-06 00:30:00,734.0137100999999,17.928
2025-08-06 01:00:00,734.0443011,17.221
2025-08-06 01:30:00,734.1962363999999,16.521
2025-08-06 02:00:00,734.5154024999999,15.14
2025-08-06 02:30:00,734.7693078,14.192
2025-08-06 03:00:00,734.9243021999998,13.012
2025-08-06 03:30:00,735.0568632,11.775
2025-08-06 04:00:00,735.2108379,10.883
2025-08-06 04:30:00,735.2648819999998,10.181
2025-08-06 05:00:00,735.4290536999999,9.526
2025-08-06 05:30:00,735.3831671999999,8.977
2025-08-06 06:00:00,735.4749401999999,8.506
2025-08-06 06:30:00,735.4657628999998,8.12
2025-08-06 07:00:00,735.4321127999999,7.66
2025-08-06 07:30:00,735.4616840999998,7.162
2025-08-06 08:00:00,735.2924138999999,6.768
2025-08-06 08:30:00,735.1557740999999,6.588
2025-08-06 09:00:00,735.0690996,6.284
2025-08-06 09:30:00,735.0935724,6.065
2025-08-06 10:00:00,735.0925526999999,5.765
2025-08-06 10:30:00,735.0089373,5.46
2025-08-06 11:00:00,734.8049973,5.372
2025-08-06 11:30:00,734.8141746,5.271
2025-08-06 12:00:00,734.9171643,5.089
2025-08-06 12:30:00,735.0792965999999,4.897
2025-08-06 13:00:00,735.2444879999999,4.641
2025-08-06 13:30:00,735.1180452,4.575
2025-08-06 14:00:00,735.1873847999999,4.632
2025-08-06 14:30:00,735.1414983,4.742
2025-08-06 15:00:00,735.3933642,6.407
2025-08-06 15:30:00,735.7828896,8.5
2025-08-06 16:00:00,735.8818004999999,10.506
2025-08-06 16:30:00,735.8022639,12.968
2025-08-06 17:00:00,735.8522292,13.468
2025-08-06 17:30:00,735.846111,15.021
2025-08-06 18:00:00,735.8960763,16.923
2025-08-06 18:30:00,735.8787414,19.275
2025-08-06 19:00:00,735.8420322,26.874
2025-08-06 19:30:00,736.1071541999999,28.025
2025-08-06 20:00:00,736.3049759999999,21.299
2025-08-06 20:30:00,736.3406655,20.539
2025-08-06 21:00:00,736.2121832999999,20.277
2025-08-06 21:30:00,736.1448831,20.23
2025-08-06 22:00:00,736.1234694,20.32
2025-08-06 22:30:00,736.0337357999999,20.398
2025-08-06 23:00:00,735.9603173999999,20.411
2025-08-06 23:30:00,736.0082432999999,20.204
2025-08-07 00:00:00,735.9592976999999,19.228
2025-08-07 00:30:00,735.9603173999999,18.397
2025-08-07 01:00:00,735.9470613,17.754
2025-08-07 01:30:00,735.9001551,16.962
2025-08-07 02:00:00,736.0102827,15.806
2025-08-07 02:30:00,736.0918587,14.494
2025-08-07 03:00:00,736.1795529,13.416
2025-08-07 03:30:00,736.3600397999999,12.587
2025-08-07 04:00:00,736.4742461999999,11.793
2025-08-07 04:30:00,736.5711177,10.912
2025-08-07 05:00:00,736.6588118999999,10.275
2025-08-07 05:30:00,736.8607125,9.748
2025-08-07 06:00:00,736.7230529999999,9.202
2025-08-07 06:30:00,736.4650688999999,8.696
2025-08-07 07:00:00,736.2784637999999,8.298
2025-08-07 07:30:00,736.3325079,8.212
2025-08-07 08:00:00,736.1968878,7.808
2025-08-07 08:30:00,736.0663662,7.598
2025-08-07 09:00:00,735.9032141999999,7.272
2025-08-07 09:30:00,735.7308849,7.091
2025-08-07 10:00:00,735.6666437999999,6.949
2025-08-07 10:30:00,735.4892159999999,6.669
2025-08-07 11:00:00,735.5065509,6.431
2025-08-07 11:30:00,735.4790189999999,6.233
2025-08-07 12:00:00,735.3444185999999,6.032
2025-08-07 12:30:00,735.3117882,5.856
2025-08-07 13:00:00,735.4219157999999,5.69
2025-08-07 13:30:00,735.3648125999998,5.609
2025-08-07 14:00:00,735.2169560999998,5.662
2025-08-07 14:30:00,735.2893548,5.8
2025-08-07 15:00:00,735.2689607999998,8.149
2025-08-07 15:30:00,735.5463192,10.101
2025-08-07 16:00:00,735.4708613999999,11.549
2025-08-07 16:30:00,735.3087290999999,14.201
2025-08-07 17:00:00,735.5004326999999,14.197
2025-08-07 17:30:00,735.5748707999999,15.289
2025-08-07 18:00:00,735.4749401999999,17.42
2025-08-07 18:30:00,735.3087290999999,19.6
2025-08-07 19:00:00,735.1333407,27.028
2025-08-07 19:30:00,735.4005020999999,28.333
2025-08-07 20:00:00,735.5891465999999,22.354
2025-08-07 20:30:00,735.5055312,20.768
2025-08-07 21:00:00,735.5045114999999,20.872
2025-08-07 21:30:00,735.4555659,20.714
2025-08-07 22:00:00,735.2363303999999,20.687
2025-08-07 22:30:00,735.2373501,20.453
2025-08-07 23:00:00,735.1149861,20.314
2025-08-07 23:30:00,735.0395282999999,20.056
2025-08-08 00:00:00,734.9803857,19.139
2025-08-08 00:30:00,735.0395282999999,18.385
2025-08-08 01:00:00,735.0007797,17.651
2025-08-08 01:30:00,734.9681492999999,16.974
2025-08-08 02:00:00,735.0558434999999,15.964
2025-08-08 02:30:00,735.1802468999999,15.127
2025-08-08 03:00:00,735.2954729999999,13.896
2025-08-08 03:30:00,735.3821475,12.716
2025-08-08 04:00:00,735.5136887999998,11.836
2025-08-08 04:30:00,735.6289148999999,11.072
2025-08-08 05:00:00,735.6115799999999,10.491
2025-08-08 05:30:00,735.4963538999999,9.997
2025-08-08 06:00:00,735.3811278,9.569
2025-08-08 06:30:00,735.1731089999998,9.159
2025-08-08 07:00:00,735.0170949,8.691
2025-08-08 07:30:00,734.8773959999999,8.266
2025-08-08 08:00:00,734.8386473999999,7.787
2025-08-08 08:30:00,734.5439541,7.317
2025-08-08 09:00:00,734.3899794,7.042
2025-08-08 09:30:00,734.3848809,6.74
2025-08-08 10:00:00,734.1799212,6.414
2025-08-08 10:30:00,734.0646950999999,6.254
2025-08-08 11:00:00,733.9433508,6.009
2025-08-08 11:30:00,733.6935242999999,5.763
2025-08-08 12:00:00,733.6476378,5.498
2025-08-08 12:30:00,733.6364210999999,5.148
2025-08-08 13:00:00,733.6588544999998,4.894
2025-08-08 13:30:00,733.8801294,4.709
2025-08-08 14:00:00,733.8780899999999,4.728
2025-08-08 14:30:00,733.9770008999999,4.757
2025-08-08 15:00:00,734.0004539999999,7.752
2025-08-08 15:30:00,734.2584380999999,9.272
2025-08-08 16:00:00,734.1758424,11.255
2025-08-08 16:30:00,734.184,13.442
2025-08-08 17:00:00,734.1513695999998,14.065
2025-08-08 17:30:00,734.1207785999999,15.91
2025-08-08 18:00:00,734.1850197,18.434
2025-08-08 18:30:00,734.1972560999999,20.463
2025-08-08 19:00:00,733.9892373,28.106
2025-08-08 19:30:00,734.3104427999999,29.345
2025-08-08 20:00:00,734.3022851999999,22.994
2025-08-08 20:30:00,734.2441622999999,21.748
2025-08-08 21:00:00,734.2370244,21.975
2025-08-08 21:30:00,734.2900488,21.782
2025-08-08 22:00:00,734.3135018999999,22.211
2025-08-08 22:30:00,734.2400835,21.988
2025-08-08 23:00:00,734.2115319,22.003
2025-08-08 23:30:00,734.1513695999998,21.739
2025-08-09 00:00:00,734.2227485999999,20.829
2025-08-09 00:30:00,734.2380441,20.024
2025-08-09 01:00:00,734.2543592999999,19.209
2025-08-09 01:30:00,734.2900488,18.397
2025-08-09 02:00:00,734.4419840999999,16.925
2025-08-09 02:30:00,734.5225403999999,15.578
2025-08-09 03:00:00,734.6642787,14.452
2025-08-09 03:30:00,734.8376276999999,13.494
2025-08-09 04:00:00,735.0864344999999,12.818
2025-08-09 04:30:00,735.2689607999998,12.157
2025-08-09 05:00:00,735.2057394,11.548
2025-08-09 05:30:00,735.1516952999999,11.294
2025-08-09 06:00:00,735.0864344999999,11.501
2025-08-09 06:30:00,734.9436764999999,11.533
2025-08-09 07:00:00,734.9681492999999,11.101
2025-08-09 07:30:00,734.8733172,10.546
2025-08-09 08:00:00,734.7795048,10.518
2025-08-09 08:30:00,734.622471,10.762
2025-08-09 09:00:00,734.5021463999999,10.51
2025-08-09 09:30:00,734.4766539,10.371
2025-08-09 10:00:00,734.4746144999999,9.838
2025-08-09 10:30:00,734.4399446999998,10.477
2025-08-09 11:00:00,734.3073837,10.018
2025-08-09 11:30:00,734.1452514,9.326
2025-08-09 12:00:00,734.2462017,9.428
2025-08-09 12:30:00,734.2472214000001,10.031
2025-08-09 13:00:00,734.5041858,10.29
2025-08-09 13:30:00,734.622471,10.564
2025-08-09 14:00:00,734.7978593999999,10.397
2025-08-09 14:30:00,734.8916717999999,9.959
2025-08-09 15:00:00,734.8773959999999,12.888
2025-08-09 15:30:00,735.009957,14.226
2025-08-09 16:00:00,735.0181146,14.755
2025-08-09 16:30:00,734.8661793,15.861
2025-08-09 17:00:00,734.9426567999999,16.345
2025-08-09 17:30:00,734.9028884999999,17.317
2025-08-09 18:00:00,734.9885433,19.442
2025-08-09 18:30:00,734.9773265999999,21.274
2025-08-09 19:00:00,734.7876623999999,27.839
2025-08-09 19:30:00,734.9130855,29.561
2025-08-09 20:00:00,735.0487056,24.074
2025-08-09 20:30:00,734.816214,23.014
2025-08-09 21:00:00,734.8049973,23.115
2025-08-09 21:30:00,734.765229,22.845
2025-08-09 22:00:00,734.7835836,22.897
2025-08-09 22:30:00,734.5551707999999,22.554
2025-08-09 23:00:00,734.7020075999999,22.702
2025-08-09 23:30:00,734.5429343999999,22.085
2025-08-10 00:00:00,734.6000376,21.439
2025-08-10 00:30:00,734.5898405999999,20.676
2025-08-10 01:00:00,734.4450431999999,19.754
2025-08-10 01:30:00,734.530698,18.93
2025-08-10 02:00:00,734.6754953999999,17.929
2025-08-10 02:30:00,734.8641398999999,17.139
2025-08-10 03:00:00,735.0466661999999,16.281
2025-08-10 03:30:00,735.3036306,15.251
2025-08-10 04:00:00,735.6839786999999,14.315
2025-08-10 04:30:00,735.8736428999999,13.419
2025-08-10 05:00:00,735.9643961999999,12.624
2025-08-10 05:30:00,735.8919975,11.996
2025-08-10 06:00:00,735.9083126999999,11.493
2025-08-10 06:30:00,735.8532489,11.124
2025-08-10 07:00:00,735.978672,10.685
2025-08-10 07:30:00,735.8644655999999,10.245
2025-08-10 08:00:00,735.8522292,9.935
2025-08-10 08:30:00,735.8532489,9.698
2025-08-10 09:00:00,735.8471307,9.512
2025-08-10 09:30:00,735.7298652,9.356
2025-08-10 10:00:00,735.7879881,9.253
2025-08-10 10:30:00,735.8195987999999,9.312
2025-08-10 11:00:00,735.7645349999999,9.334
2025-08-10 11:30:00,735.8083820999999,9.242
2025-08-10 12:00:00,735.9470613,9.195
2025-08-10 12:30:00,736.1163314999999,9.035
2025-08-10 13:00:00,736.2866214,9.11
2025-08-10 13:30:00,736.3498427999999,9.013
2025-08-10 14:00:00,736.4742461999999,8.998
2025-08-10 14:30:00,736.7026589999999,9.149
2025-08-10 15:00:00,736.7536439999999,11.806
2025-08-10 15:30:00,736.9361703,14.198
2025-08-10 16:00:00,736.8913034999999,15.117
2025-08-10 16:30:00,736.8066683999999,16.261
2025-08-10 17:00:00,736.9891946999999,17.163
2025-08-10 17:30:00,736.9840962,18.296
2025-08-10 18:00:00,737.0116280999999,20.254
2025-08-10 18:30:00,736.9443279,22.06
2025-08-10 19:00:00,736.8994610999999,29.428
2025-08-10 19:30:00,737.008569,30.54
2025-08-10 20:00:00,737.0646525,24.845
2025-08-10 20:30:00,736.8464366999999,23.783
2025-08-10 21:00:00,736.9708401,23.701
2025-08-10 21:30:00,737.0503766999999,23.362
2025-08-10 22:00:00,736.9993916999999,21.856
2025-08-10 22:30:00,736.9096581,22.591
2025-08-10 23:00:00,736.8505154999999,22.077
2025-08-10 23:30:00,736.712856,21.158
2025-08-11 00:00:00,736.6894028999999,20.733
2025-08-11 00:30:00,736.5935510999999,20.8
2025-08-11 01:00:00,736.5915116999998,20.507
2025-08-11 01:30:00,736.8321608999998,19.68
2025-08-11 02:00:00,736.8831459,18.631
2025-08-11 02:30:00,737.0075492999999,17.741
2025-08-11 03:00:00,737.2349423999999,16.906
2025-08-11 03:30:00,737.5041431999999,15.805
2025-08-11 04:00:00,737.8029153,14.802
2025-08-11 04:30:00,737.9273186999999,13.883
2025-08-11 05:00:00,737.8630775999999,13.198
2025-08-11 05:30:00,737.7356150999999,12.58
2025-08-11 06:00:00,737.7009453,12.087
2025-08-11 06:30:00,737.7040044,11.602
2025-08-11 07:00:00,737.8314668999999,11.169
2025-08-11 07:30:00,737.7274574999999,10.838
2025-08-11 08:00:00,737.6367041999999,10.553
2025-08-11 08:30:00,737.559207,10.273
2025-08-11 09:00:00,737.3950352999999,10.033
2025-08-11 09:30:00,737.4307247999999,9.857
2025-08-11 10:00:00,737.3705624999999,9.605
2025-08-11 10:30:00,737.3287548,9.399
2025-08-11 11:00:00,737.3195775,9.239
2025-08-11 11:30:00,737.3695427999999,9.107
2025-08-11 12:00:00,737.3909564999999,8.956
2025-08-11 12:30:00,737.3909564999999,8.704
2025-08-11 13:00:00,737.5663448999999,8.691
2025-08-11 13:30:00,737.6050935,8.575
2025-08-11 14:00:00,737.7835409999999,8.68
2025-08-11 14:30:00,737.9130428999999,8.675
2025-08-11 15:00:00,737.8936686,10.383
2025-08-11 15:30:00,737.9161019999999,13.43
2025-08-11 16:00:00,737.8742943,14.948
2025-08-11 16:30:00,737.8202501999999,16.531
2025-08-11 17:00:00,737.8763336999999,17.361
2025-08-11 17:30:00,737.8335063,18.437
2025-08-11 18:00:00,737.7315362999999,20.343
2025-08-11 18:30:00,737.5581873,21.936
2025-08-11 19:00:00,737.1268541999999,29.478
2025-08-11 19:30:00,737.2675728,30.473
2025-08-11 20:00:00,737.2492182,25.628
2025-08-11 20:30:00,737.0921844,24.424
2025-08-11 21:00:00,737.0881056,23.446
2025-08-11 21:30:00,737.1095193,22.757
2025-08-11 22:00:00,737.0473175999999,22.548
2025-08-11 22:30:00,736.9371899999999,21.926
2025-08-11 23:00:00,736.9239338999998,20.98
2025-08-11 23:30:00,736.7444666999999,20.906
2025-08-12 00:00:00,736.7077575,21.233
2025-08-12 00:30:00,736.5588812999999,20.676
2025-08-12 01:00:00,736.3732958999999,20.172
2025-08-12 01:30:00,736.4395763999999,19.461
2025-08-12 02:00:00,736.3529018999999,18.458
2025-08-12 02:30:00,736.4334582,17.543
2025-08-12 03:00:00,736.5446054999999,16.398
2025-08-12 03:30:00,736.8056486999999,15.281
2025-08-12 04:00:00,736.9596233999999,14.478
2025-08-12 04:30:00,737.008569,13.755
2025-08-12 05:00:00,736.9932734999999,13.119
2025-08-12 05:30:00,736.9504460999999,12.621
2025-08-12 06:00:00,736.8494957999999,12.258
2025-08-12 06:30:00,736.6945013999999,11.943
2025-08-12 07:00:00,736.6282209,11.529
2025-08-12 07:30:00,736.5068765999999,11.212
2025-08-12 08:00:00,736.4915810999998,11.003
2025-08-12 08:30:00,736.4976992999999,10.918
2025-08-12 09:00:00,736.2652076999999,10.709
2025-08-12 09:30:00,736.2580697999999,10.604
2025-08-12 10:00:00,736.2009665999999,10.425
2025-08-12 10:30:00,736.0214993999999,10.262
2025-08-12 11:00:00,735.9429825,10.144
2025-08-12 11:30:00,735.9185097,9.846
2025-08-12 12:00:00,735.8175593999999,9.638
2025-08-12 12:30:00,735.7961457,9.625
2025-08-12 13:00:00,735.9307461,9.541
2025-08-12 13:30:00,735.978672,9.467
2025-08-12 14:00:00,736.2132029999999,9.476
2025-08-12 14:30:00,736.2733652999999,9.386
2025-08-12 15:00:00,736.1683361999999,11.416
2025-08-12 15:30:00,736.2417546,13.432
2025-08-12 16:00:00,736.1275482,15.275
2025-08-12 16:30:00,736.0857404999999,17.796
2025-08-12 17:00:00,736.0123220999999,18.269
2025-08-12 17:30:00,736.0918587,19.348
2025-08-12 18:00:00,736.0653464999999,21.268
2025-08-12 18:30:00,736.0072235999999,22.791
2025-08-12 19:00:00,735.6962151,31.174
2025-08-12 19:30:00,735.9949872,31.672
2025-08-12 20:00:00,736.0041644999999,25.283
2025-08-12 20:30:00,736.0796223,22.779
2025-08-12 21:00:00,736.2764244,21.338
2025-08-12 21:30:00,735.9623568,19.455
2025-08-12 22:00:00,736.1968878,21.297
2025-08-12 22:30:00,736.0959375,19.554
2025-08-12 23:00:00,736.0928784,19.197
2025-08-12 23:30:00,735.5809889999999,19.392
2025-08-13 00:00:00,735.2393894999999,20.746
2025-08-13 00:30:00,735.2781380999999,21.305
2025-08-13 01:00:00,735.3046502999999,20.843
2025-08-13 01:30:00,735.2557046999999,20.219
2025-08-13 02:00:00,735.2771184,19.197
2025-08-13 02:30:00,735.3454383,18.036
2025-08-13 03:00:00,735.6125997,17.116
2025-08-13 03:30:00,735.7849289999999,15.609
2025-08-13 04:00:00,735.9776522999999,14.5
2025-08-13 04:30:00,736.0276176,13.57
2025-08-13 05:00:00,735.9450219,12.976
2025-08-13 05:30:00,735.8838399,12.365
2025-08-13 06:00:00,735.8848595999999,11.928
2025-08-13 06:30:00,735.7849289999999,11.622
2025-08-13 07:00:00,735.8236775999999,11.329
2025-08-13 07:30:00,735.7522986,11.059
2025-08-13 08:00:00,735.5718116999999,10.822
2025-08-13 08:30:00,735.3811278,10.596
2025-08-13 09:00:00,735.3087290999999,10.367
2025-08-13 09:30:00,735.4270142999999,10.088
2025-08-13 10:00:00,735.4310930999999,9.759
2025-08-13 10:30:00,735.3444185999999,9.337
2025-08-13 11:00:00,735.1547544,9.109
2025-08-13 11:30:00,735.1027497,8.988
2025-08-13 12:00:00,735.0232131,8.779
2025-08-13 12:30:00,735.1873847999999,8.513
2025-08-13 13:00:00,735.1996211999999,8.226
2025-08-13 13:30:00,735.2016606,8.144
2025-08-13 14:00:00,735.2383697999999,8.173
2025-08-13 14:30:00,735.3321821999999,8.256
2025-08-13 15:00:00,735.3036306,10.023
2025-08-13 15:30:00,735.2924138999999,11.808
2025-08-13 16:00:00,735.040548,13.929
2025-08-13 16:30:00,734.9752872,16.332
2025-08-13 17:00:00,734.8998293999999,16.698
2025-08-13 17:30:00,734.6938499999999,18.24
2025-08-13 18:00:00,734.7152636999999,20.586
2025-08-13 18:30:00,734.6877318,22.224
2025-08-13 19:00:00,734.2920881999999,29.911
2025-08-13 19:30:00,734.6377664999999,30.309
2025-08-13 20:00:00,734.5470131999999,24.398
2025-08-13 20:30:00,734.5143827999999,22.641
2025-08-13 21:00:00,734.5164222,21.968
2025-08-13 21:30:00,734.3440928999999,22.111
2025-08-13 22:00:00,734.1982758,22.139
2025-08-13 22:30:00,734.1717636,21.984
2025-08-13 23:00:00,734.1421923,21.89
2025-08-13 23:30:00,734.1585074999999,21.453
2025-08-14 00:00:00,734.1217982999999,20.438
2025-08-14 00:30:00,733.8791097,19.696
2025-08-14 01:00:00,733.7751003,19.102
2025-08-14 01:30:00,733.7465487,18.152
2025-08-14 02:00:00,733.9535478,17.089
2025-08-14 02:30:00,734.1085421999999,16.385
2025-08-14 03:00:00,734.2931079,15.435
2025-08-14 03:30:00,734.4654372,14.274
2025-08-14 04:00:00,734.5572102,13.368
2025-08-14 04:30:00,734.6663181,12.463
2025-08-14 05:00:00,734.5531313999999,11.789
2025-08-14 05:30:00,734.4338265,11.407
2025-08-14 06:00:00,734.2645563,10.886
2025-08-14 06:30:00,734.2258076999999,10.453
2025-08-14 07:00:00,734.0901875999999,10.204
2025-08-14 07:30:00,734.0075918999999,9.957
2025-08-14 08:00:00,733.9117400999999,9.673
2025-08-14 08:30:00,733.6506969,9.407
2025-08-14 09:00:00,733.4722493999999,9.136
2025-08-14 09:30:00,733.2509745,8.936
2025-08-14 10:00:00,733.2999201,8.856
2025-08-14 10:30:00,733.2825852,8.417
2025-08-14 11:00:00,733.0949603999999,8.03
2025-08-14 11:30:00,733.0613103,7.803
2025-08-14 12:00:00,732.9674979,7.578
2025-08-14 12:30:00,733.0613103,7.251
2025-08-14 13:00:00,733.0592709,7.039
2025-08-14 13:30:00,733.0745663999999,6.836
2025-08-14 14:00:00,733.0766058,6.812
2025-08-14 14:30:00,733.0806845999999,6.808
2025-08-14 15:00:00,733.0908815999999,7.983
2025-08-14 15:30:00,733.1643,10.297
2025-08-14 16:00:00,733.1367680999999,12.309
2025-08-14 16:30:00,732.9073355999999,15.045
2025-08-14 17:00:00,732.7686563999999,15.037
2025-08-14 17:30:00,732.6381347999999,16.417
2025-08-14 18:00:00,732.6034649999999,18.615
2025-08-14 18:30:00,732.4464311999999,20.756
2025-08-14 19:00:00,732.2098607999999,29.004
2025-08-14 19:30:00,732.3944264999999,29.704
2025-08-14 20:00:00,732.2873579999998,23.746
2025-08-14 20:30:00,732.2129199,22.321
2025-08-14 21:00:00,732.0049010999999,21.972
2025-08-14 21:30:00,731.8335914999999,22.044
2025-08-14 22:00:00,731.6174150999999,21.869
2025-08-14 22:30:00,731.6357697,21.556
2025-08-14 23:00:00,731.5603119,21.412
2025-08-14 23:30:00,731.5021889999999,21.151
2025-08-15 00:00:00,731.4532434,19.624
2025-08-15 00:30:00,731.4940313999999,18.758
2025-08-15 01:00:00,731.4726176999999,17.626
2025-08-15 01:30:00,731.5225829999999,16.554
2025-08-15 02:00:00,731.757114,15.47
2025-08-15 02:30:00,731.9029311,14.934
2025-08-15 03:00:00,732.1038120000001,14.487
2025-08-15 03:30:00,732.1813092,13.396
2025-08-15 04:00:00,732.2017031999999,12.62
2025-08-15 04:30:00,732.1833485999999,11.795
2025-08-15 05:00:00,732.3261066,11.171
2025-08-15 05:30:00,732.4066628999999,10.701
2025-08-15 06:00:00,732.0487481999999,10.229
2025-08-15 06:30:00,731.9783888999999,9.965
2025-08-15 07:00:00,731.8682613,9.538
2025-08-15 07:30:00,731.797902,9.152
2025-08-15 08:00:00,731.7989216999999,8.998
2025-08-15 08:30:00,731.7173456999999,8.705
2025-08-15 09:00:00,731.5450164,8.606
2025-08-15 09:30:00,731.4420266999999,8.557
2025-08-15 10:00:00,731.4093963,8.398
2025-08-15 10:30:00,731.3420960999999,8.213
2025-08-15 11:00:00,731.2686777,8.193
2025-08-15 11:30:00,731.2309488,8.213
2025-08-15 12:00:00,731.1514122,8.189
2025-08-15 12:30:00,731.2533821999999,8.452
2025-08-15 13:00:00,731.2992687,8.569
2025-08-15 13:30:00,731.3410763999999,8.544
2025-08-15 14:00:00,731.3818643999999,8.653
2025-08-15 14:30:00,731.3859431999999,8.864
2025-08-15 15:00:00,731.4175539,10.072
2025-08-15 15:30:00,731.4817949999999,12.289
2025-08-15 16:00:00,731.5521543,13.695
2025-08-15 16:30:00,731.4277508999999,16.131
2025-08-15 17:00:00,731.4797556,16.243
2025-08-15 17:30:00,731.4481449,17.143
2025-08-15 18:00:00,731.5888635,18.765
2025-08-15 18:30:00,731.5195238999999,21.127
2025-08-15 19:00:00,731.3818643999999,28.662
2025-08-15 19:30:00,731.8091186999999,28.63
2025-08-15 20:00:00,731.7255032999999,22.638
2025-08-15 20:30:00,731.8346111999999,19.536
2025-08-15 21:00:00,731.7000108,20.689
2025-08-15 21:30:00,731.9376009,20.788
2025-08-15 22:00:00,731.8641824999999,20.349
2025-08-15 22:30:00,731.7917838,20.393
2025-08-15 23:00:00,731.7387593999999,21.219
2025-08-15 23:30:00,731.9426993999999,20.95
2025-08-16 00:00:00,732.0589451999999,20.103
2025-08-16 00:30:00,731.9600342999998,19.262
2025-08-16 01:00:00,732.0038813999998,18.28
2025-08-16 01:30:00,732.1364424,17.053
2025-08-16 02:00:00,732.1721319,16.429
2025-08-16 02:30:00,732.3964659000001,15.254
2025-08-16 03:00:00,732.4617267,14.195
2025-08-16 03:30:00,732.7401047999999,13.622
2025-08-16 04:00:00,732.9358871999999,13.022
2025-08-16 04:30:00,733.0103253,12.519
2025-08-16 05:00:00,733.0582512,11.722
2025-08-16 05:30:00,733.0439753999999,10.988
2025-08-16 06:00:00,732.9460842,10.351
2025-08-16 06:30:00,732.9236508,9.83
2025-08-16 07:00:00,733.0317389999999,9.388
2025-08-16 07:30:00,732.8879612999999,8.949
2025-08-16 08:00:00,732.7768139999998,8.683
2025-08-16 08:30:00,732.6014256,8.525
2025-08-16 09:00:00,732.3628157999999,8.213
2025-08-16 09:30:00,732.3179489999999,8.043
2025-08-16 10:00:00,732.3220278,7.954
2025-08-16 10:30:00,732.1446,7.578
2025-08-16 11:00:00,732.0701618999999,7.373
2025-08-16 11:30:00,731.9722707,7.239
2025-08-16 12:00:00,731.9274039,6.945
2025-08-16 12:30:00,731.9518766999998,6.766
2025-08-16 13:00:00,732.1089104999999,6.705
2025-08-16 13:30:00,732.2924564999998,6.533
2025-08-16 14:00:00,732.4127811,6.454
2025-08-16 14:30:00,732.4066628999999,6.464
2025-08-16 15:00:00,732.5341254,7.423
2025-08-16 15:30:00,732.5973467999999,8.976
2025-08-16 16:00:00,732.5361647999998,10.337
2025-08-16 16:30:00,732.5412632999999,12.819
2025-08-16 17:00:00,732.5912285999999,12.844
2025-08-16 17:30:00,732.4647858,14.171
2025-08-16 18:00:00,732.5045541,16.363
2025-08-16 18:30:00,732.3373233,19.214
2025-08-16 19:00:00,732.4250175,26.193
2025-08-16 19:30:00,732.7339865999999,25.985
2025-08-16 20:00:00,732.6462923999999,20.55
2025-08-16 20:30:00,732.6534303,19.626
2025-08-16 21:00:00,732.5922482999999,19.369
2025-08-16 21:30:00,732.4566282,18.685
2025-08-16 22:00:00,732.3964659000001,19.026
2025-08-16 22:30:00,732.3658749,18.91
2025-08-16 23:00:00,732.1435802999998,18.972
2025-08-16 23:30:00,732.1598955,18.433
2025-08-17 00:00:00,732.2496290999999,17.246
2025-08-17 00:30:00,732.2781807,16.677
2025-08-17 01:00:00,732.3138701999999,15.895
2025-08-17 01:30:00,732.2924564999998,14.894
2025-08-17 02:00:00,732.4637660999999,13.707
2025-08-17 02:30:00,732.725829,12.846
2025-08-17 03:00:00,732.8614491,12.148
2025-08-17 03:30:00,732.980754,11.725
2025-08-17 04:00:00,733.2642306,11.448
2025-08-17 04:30:00,733.1806151999999,10.852
2025-08-17 05:00:00,733.1500242,10.174
2025-08-17 05:30:00,733.1275907999999,9.688
2025-08-17 06:00:00,733.1398271999999,10.017
2025-08-17 06:30:00,733.0266404999999,10.014
2025-08-17 07:00:00,732.8410551,9.257
2025-08-17 07:30:00,732.7248093,8.406
2025-08-17 08:00:00,732.664647,8.065
2025-08-17 08:30:00,732.5341254,7.686
2025-08-17 09:00:00,732.3781113,7.327
2025-08-17 09:30:00,732.3913674,7.194
2025-08-17 10:00:00,732.3668945999999,6.909
2025-08-17 10:30:00,732.24657,6.717
2025-08-17 11:00:00,732.0834179999999,6.466
2025-08-17 11:30:00,732.0303935999999,6.363
2025-08-17 12:00:00,732.0966740999999,6.224
2025-08-17 12:30:00,732.0028617,6.054
2025-08-17 13:00:00,732.0752603999999,5.752
2025-08-17 13:30:00,732.2149592999999,5.795
2025-08-17 14:00:00,732.4352145,5.703
2025-08-17 14:30:00,732.3964659000001,5.787
2025-08-17 15:00:00,732.4525494,6.559
2025-08-17 15:30:00,732.4596872999999,7.43
2025-08-17 16:00:00,732.1568363999999,9.065
2025-08-17 16:30:00,732.1843683,12.587
2025-08-17 17:00:00,732.2384124,12.73
2025-08-17 17:30:00,732.1588757999999,13.858
2025-08-17 18:00:00,732.1588757999999,15.294
2025-08-17 18:30:00,731.7071486999998,18.221
2025-08-17 19:00:00,731.8060596,25.695
2025-08-17 19:30:00,731.9692115999999,24.93
2025-08-17 20:00:00,731.8682613,19.714
2025-08-17 20:30:00,731.7989216999999,18.894
2025-08-17 21:00:00,731.8019808,18.966
2025-08-17 21:30:00,731.5990605,18.744
2025-08-17 22:00:00,731.5011693,18.861
2025-08-17 22:30:00,731.553174,18.599
2025-08-17 23:00:00,731.4134751,18.019
2025-08-17 23:30:00,731.4685388999999,17.471
2025-08-18 00:00:00,731.5715285999999,16.692
2025-08-18 00:30:00,731.583765,16.294
2025-08-18 01:00:00,731.6551439999998,15.844
2025-08-18 01:30:00,731.8244142,14.919
2025-08-18 02:00:00,732.0416103,13.934
2025-08-18 02:30:00,732.2965352999998,13.061
2025-08-18 03:00:00,732.3342642,12.447
2025-08-18 03:30:00,732.3536384999999,11.9
2025-08-18 04:00:00,732.491298,11.102
2025-08-18 04:30:00,732.5341254,10.413
2025-08-18 05:00:00,732.3566976,9.863
2025-08-18 05:30:00,732.3536384999999,9.302
2025-08-18 06:00:00,732.2200578,8.736
2025-08-18 06:30:00,732.2475897,8.269
2025-08-18 07:00:00,732.2893974,7.882
2025-08-18 07:30:00,732.215979,7.559
2025-08-18 08:00:00,732.0344723999999,7.159
2025-08-18 08:30:00,732.0375315,6.761
2025-08-18 09:00:00,732.2098607999999,6.475
2025-08-18 09:30:00,732.2312744999999,6.346
2025-08-18 10:00:00,732.3770916,6.129
2025-08-18 10:30:00,732.1925259,5.878
2025-08-18 11:00:00,732.0344723999999,5.534
2025-08-18 11:30:00,732.0620042999999,5.231
2025-08-18 12:00:00,732.0701618999999,4.637
2025-08-18 12:30:00,732.1966046999999,4.406
2025-08-18 13:00:00,732.277161,4.018
2025-08-18 13:30:00,732.5045541,3.671
2025-08-18 14:00:00,732.5504405999999,3.148
2025-08-18 14:30:00,732.4984358999999,2.942
2025-08-18 15:00:00,732.5657361,3.492
2025-08-18 15:30:00,732.6962576999999,5.987
2025-08-18 16:00:00,732.9103947,8.272
2025-08-18 16:30:00,733.001148,11.807
2025-08-18 17:00:00,732.9960494999999,11.756
2025-08-18 17:30:00,732.8991779999999,13.412
2025-08-18 18:00:00,732.9307886999999,15.766
2025-08-18 18:30:00,732.6126423,19.399
2025-08-18 19:00:00,732.7819124999999,27.582
2025-08-18 19:30:00,733.4212643999999,26.442
2025-08-18 20:00:00,733.3611021,21.318
2025-08-18 20:30:00,733.2591321,20.551
2025-08-18 21:00:00,733.4008703999999,20.656
2025-08-18 21:30:00,733.3284716999999,20.483
2025-08-18 22:00:00,733.245876,20.417
2025-08-18 22:30:00,733.4436978,20.441
2025-08-18 23:00:00,733.4294219999999,20.382
2025-08-18 23:30:00,733.3141959,20.237
2025-08-19 00:00:00,733.2366986999999,19.203
2025-08-19 00:30:00,733.3611021,18.496
2025-08-19 01:00:00,733.4375795999999,17.716
2025-08-19 01:30:00,733.6527363,16.542
2025-08-19 02:00:00,733.6547757,15.544
2025-08-19 02:30:00,733.9249961999999,14.422
2025-08-19 03:00:00,734.1044633999999,13.488
2025-08-19 03:30:00,734.3716248,12.551
2025-08-19 04:00:00,734.4022157999999,11.606
2025-08-19 04:30:00,734.3033049,10.684
2025-08-19 05:00:00,734.2400835,10.107
2025-08-19 05:30:00,734.2298864999999,9.428
2025-08-19 06:00:00,734.3389943999998,8.974
2025-08-19 06:30:00,734.3379747,8.522
2025-08-19 07:00:00,734.5786239,8.341
2025-08-19 07:30:00,734.6663181,8.075
2025-08-19 08:00:00,734.4888902999999,7.884
2025-08-19 08:30:00,734.3236989,7.719
2025-08-19 09:00:00,734.2869896999999,7.504
2025-08-19 09:30:00,734.3155413,7.543
2025-08-19 10:00:00,734.3644869,7.733
2025-08-19 10:30:00,734.2696547999999,8.578
2025-08-19 11:00:00,734.3930384999999,10.446
2025-08-19 11:30:00,734.2869896999999,9.228
2025-08-19 12:00:00,734.2421229,8.357
2025-08-19 12:30:00,734.4725751,7.651
2025-08-19 13:00:00,734.5327374,7.016
2025-08-19 13:30:00,734.6877318,7.297
2025-08-19 14:00:00,734.7917411999999,7.33
2025-08-19 14:30:00,734.9426567999999,6.864
2025-08-19 15:00:00,734.9538735,7.403
2025-08-19 15:30:00,735.1231437,10.194
2025-08-19 16:00:00,735.1996211999999,11.886
2025-08-19 16:30:00,735.2903745,14.003
2025-08-19 17:00:00,735.3026109,14.004
2025-08-19 17:30:00,735.4147779,14.846
2025-08-19 18:00:00,735.4443491999999,16.408
2025-08-19 18:30:00,735.3627732,18.782
2025-08-19 19:00:00,735.2862956999999,26.121
2025-08-19 19:30:00,735.7665743999999,24.091
2025-08-19 20:00:00,735.6115799999999,20.382
2025-08-19 20:30:00,735.6370724999999,19.993
2025-08-19 21:00:00,735.5361221999999,20.153
2025-08-19 21:30:00,735.4759598999999,20.001
2025-08-19 22:00:00,735.4800386999999,20.108
2025-08-19 22:30:00,735.4270142999999,20.144
2025-08-19 23:00:00,735.2557046999999,20.104
2025-08-19 23:30:00,735.213897,20.014
2025-08-20 00:00:00,735.2475470999999,19.036
2025-08-20 00:30:00,735.2822168999999,18.225
2025-08-20 01:00:00,735.2781380999999,17.513
2025-08-20 01:30:00,735.2750789999999,16.634
2025-08-20 02:00:00,735.4300734,15.414
2025-08-20 02:30:00,735.7298652,14.77
2025-08-20 03:00:00,735.9185097,13.86
2025-08-20 03:30:00,736.3396458,12.503
2025-08-20 04:00:00,736.5333888,11.595
2025-08-20 04:30:00,736.4436551999999,10.749
2025-08-20 05:00:00,736.2968183999999,10.209
2025-08-20 05:30:00,736.3437245999999,9.747
2025-08-20 06:00:00,736.2917199,9.144
2025-08-20 06:30:00,736.3059956999999,8.713
2025-08-20 07:00:00,736.1662967999999,8.194
2025-08-20 07:30:00,735.9419627999999,8.0
2025-08-20 08:00:00,735.8450912999999,7.718
2025-08-20 08:30:00,735.7533182999998,7.31
2025-08-20 09:00:00,735.8073623999999,7.117
2025-08-20 09:30:00,735.7451606999999,6.815
2025-08-20 10:00:00,735.7329242999999,6.533
2025-08-20 10:30:00,735.5340828,6.21
2025-08-20 11:00:00,735.5147084999999,6.004
2025-08-20 11:30:00,735.5249054999999,5.741
2025-08-20 12:00:00,735.5238857999999,5.461
2025-08-20 12:30:00,735.4321127999999,5.309
2025-08-20 13:00:00,735.1782074999999,5.294
2025-08-20 13:30:00,735.2964926999999,5.297
2025-08-20 14:00:00,735.4555659,5.318
2025-08-20 14:30:00,735.6860181,5.319
2025-08-20 15:00:00,735.7002939,5.666
2025-08-20 15:30:00,735.7930865999999,7.593
2025-08-20 16:00:00,735.8471307,10.171
2025-08-20 16:30:00,735.9297263999999,14.25
2025-08-20 17:00:00,736.1214299999999,15.097
2025-08-20 17:30:00,736.0480116,16.333
2025-08-20 18:00:00,736.0449525,18.097
2025-08-20 18:30:00,735.8889383999999,20.446
2025-08-20 19:00:00,735.8614064999999,27.915
2025-08-20 19:30:00,736.1346861,25.204
2025-08-20 20:00:00,735.9960069,22.108
2025-08-20 20:30:00,736.1020557,21.503
2025-08-20 21:00:00,736.0164008999999,21.66
2025-08-20 21:30:00,735.9440022,21.511
2025-08-20 22:00:00,735.8348943,21.654
2025-08-20 22:30:00,735.7308849,21.749
2025-08-20 23:00:00,735.6024027,21.791
2025-08-20 23:30:00,735.5707919999999,21.7
2025-08-21 00:00:00,735.6227966999999,20.628
2025-08-21 00:30:00,735.6574664999998,19.902
2025-08-21 01:00:00,735.5820087,19.02
2025-08-21 01:30:00,735.6095405999998,17.971
2025-08-21 02:00:00,735.8379534,16.475
2025-08-21 02:30:00,736.0296569999999,15.053
2025-08-21 03:00:00,736.1907696,13.786
2025-08-21 03:30:00,736.4293794,12.939
2025-08-21 04:00:00,736.5884525999999,12.348
2025-08-21 04:30:00,736.7138756999999,11.759
2025-08-21 05:00:00,736.6771665,11.134
2025-08-21 05:30:00,736.5242115,10.652
2025-08-21 06:00:00,736.5435857999998,10.272
2025-08-21 06:30:00,736.5976298999999,10.083
2025-08-21 07:00:00,736.6394375999998,9.902
2025-08-21 07:30:00,736.6404572999999,9.638
2025-08-21 08:00:00,736.5731571,9.362
2025-08-21 08:30:00,736.4497733999999,9.052
2025-08-21 09:00:00,736.4038868999999,8.862
2025-08-21 09:30:00,736.2213605999999,8.671
2025-08-21 10:00:00,736.1020557,8.499
2025-08-21 10:30:00,735.9909084,8.409
2025-08-21 11:00:00,735.8563079999999,8.429
2025-08-21 11:30:00,735.8593670999999,8.26
2025-08-21 12:00:00,735.6401315999999,8.322
2025-08-21 12:30:00,735.5565162,8.511
2025-08-21 13:00:00,735.6075012,8.51
2025-08-21 13:30:00,735.8226579,8.631
2025-08-21 14:00:00,735.9745932,9.258
2025-08-21 14:30:00,736.1764938,9.8
2025-08-21 15:00:00,736.2570500999999,10.571
2025-08-21 15:30:00,736.2397152,12.155
2025-08-21 16:00:00,736.2132029999999,14.234
2025-08-21 16:30:00,736.0959375,16.946
2025-08-21 17:00:00,736.2366561,17.012
2025-08-21 17:30:00,736.1887302,17.979
2025-08-21 18:00:00,736.1611982999999,19.65
2025-08-21 18:30:00,736.0408737,21.638
2025-08-21 19:00:00,735.6564468,29.379
2025-08-21 19:30:00,735.9980462999998,26.378
2025-08-21 20:00:00,735.8114411999999,23.414
2025-08-21 20:30:00,735.6870378,22.946
2025-08-21 21:00:00,735.5932253999999,22.917
2025-08-21 21:30:00,735.4310930999999,23.086
2025-08-21 22:00:00,735.3750095999999,21.862
2025-08-21 22:30:00,735.2455077,21.141
2025-08-21 23:00:00,735.0915329999999,20.726
2025-08-21 23:30:00,735.0497253,21.3
2025-08-22 00:00:00,735.0211737,20.486
2025-08-22 00:30:00,735.071139,20.208
2025-08-22 01:00:00,735.0191343,19.39
2025-08-22 01:30:00,734.979366,18.682
2025-08-22 02:00:00,735.0415677,17.86
2025-08-22 02:30:00,735.2567243999999,16.912
2025-08-22 03:00:00,735.2801774999999,15.737
2025-08-22 03:30:00,735.30567,14.617
2025-08-22 04:00:00,735.6340134,13.91
2025-08-22 04:30:00,735.7879881,13.128
2025-08-22 05:00:00,735.6962151,12.566
2025-08-22 05:30:00,735.7726925999999,12.051
2025-08-22 06:00:00,735.7278257999999,11.714
2025-08-22 06:30:00,735.7726925999999,11.48
2025-08-22 07:00:00,735.7533182999998,11.175
2025-08-22 07:30:00,735.6972347999999,10.83
2025-08-22 08:00:00,735.5707919999999,10.562
2025-08-22 08:30:00,735.5014524,10.23
2025-08-22 09:00:00,735.4494477,9.99
2025-08-22 09:30:00,735.4208960999999,9.823
2025-08-22 10:00:00,735.4637235,9.668
2025-08-22 10:30:00,735.3943839,9.533
2025-08-22 11:00:00,735.2455077,9.467
2025-08-22 11:30:00,735.2985321,9.342
2025-08-22 12:00:00,735.2220545999999,9.247
2025-08-22 12:30:00,735.1557740999999,9.238
2025-08-22 13:00:00,735.2944533,9.377
2025-08-22 13:30:00,735.458625,9.535
2025-08-22 14:00:00,735.4810583999999,9.572
2025-08-22 14:30:00,735.7472001,9.771
2025-08-22 15:00:00,735.703353,10.719
2025-08-22 15:30:00,735.8430519,13.58
2025-08-22 16:00:00,735.8716034999999,15.676
2025-08-22 16:30:00,735.9807113999999,16.833
2025-08-22 17:00:00,736.1785332,17.35
2025-08-22 17:30:00,736.3345472999999,18.309
2025-08-22 18:00:00,736.2692864999999,18.702
2025-08-22 18:30:00,736.2774440999999,21.62
2025-08-22 19:00:00,736.2325773,22.729
2025-08-22 19:30:00,736.2478727999999,22.579
2025-08-22 20:00:00,736.0969572,21.32
2025-08-22 20:30:00,736.1836317,21.659
2025-08-22 21:00:00,736.0143615,21.869
2025-08-22 21:30:00,735.7920669,22.154
2025-08-22 22:00:00,735.5442797999999,22.328
2025-08-22 22:30:00,735.3923444999999,22.619
2025-08-22 23:00:00,735.2353106999999,21.321
2025-08-22 23:30:00,735.2251136999998,20.933
2025-08-23 00:00:00,735.2679411,21.122
2025-08-23 00:30:00,735.0660405,19.853
2025-08-23 01:00:00,735.2077787999999,19.573
2025-08-23 01:30:00,735.4627038,18.87
2025-08-23 02:00:00,735.6615453000001,18.254
2025-08-23 02:30:00,736.1877105,17.386
2025-08-23 03:00:00,736.4008277999999,16.145
2025-08-23 03:30:00,736.5884525999999,15.675
2025-08-23 04:00:00,736.8291018,15.125
2025-08-23 04:30:00,736.865811,14.536
2025-08-23 05:00:00,736.8199245,13.9
2025-08-23 05:30:00,736.8280820999998,13.12
2025-08-23 06:00:00,736.8443973,12.542
2025-08-23 06:30:00,737.0136675,12.12
2025-08-23 07:00:00,736.8770277,11.781
2025-08-23 07:30:00,736.8892640999999,11.592
2025-08-23 08:00:00,736.8372593999999,11.455
2025-08-23 08:30:00,736.6282209,11.274
2025-08-23 09:00:00,736.6017086999999,10.921
2025-08-23 09:30:00,736.6108859999999,10.584
2025-08-23 10:00:00,736.5588812999999,10.36
2025-08-23 10:30:00,736.4824037999999,10.049
2025-08-23 11:00:00,736.5252312,9.873
2025-08-23 11:30:00,736.4630295,9.643
2025-08-23 12:00:00,736.5140144999999,9.506
2025-08-23 12:30:00,736.5649995,9.365
2025-08-23 13:00:00,736.6261815,9.252
2025-08-23 13:30:00,736.7485454999999,9.117
2025-08-23 14:00:00,736.9596233999999,9.37
2025-08-23 14:30:00,737.0432387999999,9.853
2025-08-23 15:00:00,736.8994610999999,10.351
2025-08-23 15:30:00,737.0116280999999,11.514
2025-08-23 16:00:00,737.008569,13.842
2025-08-23 16:30:00,736.9738992,16.346
2025-08-23 17:00:00,736.9331111999999,17.316
2025-08-23 17:30:00,736.7607819,18.72
2025-08-23 18:00:00,736.8178851,18.443
2025-08-23 18:30:00,736.3498427999999,20.696
2025-08-23 19:00:00,736.1306073,26.217
2025-08-23 19:30:00,736.4640492,19.825
2025-08-23 20:00:00,736.5772359,16.211
2025-08-23 20:30:00,736.8933428999999,15.222
2025-08-23 21:00:00,737.5367736,11.753
2025-08-23 21:30:00,737.9599490999999,10.194
2025-08-23 22:00:00,737.681571,10.607
2025-08-23 22:30:00,737.9487324,10.884
2025-08-23 23:00:00,738.0415251,11.086
2025-08-23 23:30:00,738.0211310999999,11.319
2025-08-24 00:00:00,737.4429611999999,11.245
2025-08-24 00:30:00,737.0819873999999,11.534
2025-08-24 01:00:00,736.7220333,11.576
2025-08-24 01:30:00,736.5384873,11.474
2025-08-24 02:00:00,736.3161927,11.357
2025-08-24 02:30:00,736.2968183999999,11.009
2025-08-24 03:00:00,736.2499121999999,10.647
2025-08-24 03:30:00,736.4538521999999,10.482
2025-08-24 04:00:00,736.7495651999999,10.598
2025-08-24 04:30:00,736.7495651999999,10.371
2025-08-24 05:00:00,737.2798091999999,10.376
2025-08-24 05:30:00,737.2033316999999,10.293
2025-08-24 06:00:00,737.4674339999999,10.172
2025-08-24 06:30:00,737.2043514,10.223
2025-08-24 07:00:00,736.6894028999999,10.134
2025-08-24 07:30:00,736.5864132,9.98
2025-08-24 08:00:00,736.2815228999999,9.809
2025-08-24 08:30:00,735.9960069,9.669
2025-08-24 09:00:00,735.7655546999999,9.568
2025-08-24 09:30:00,735.6798998999999,9.452
2025-08-24 10:00:00,735.5116494,9.322
2025-08-24 10:30:00,735.2903745,9.024
2025-08-24 11:00:00,735.040548,8.673
2025-08-24 11:30:00,735.0548238,8.52
2025-08-24 12:00:00,734.8957505999999,8.554
2025-08-24 12:30:00,734.9610114,8.453
2025-08-24 13:00:00,735.0089373,8.36
2025-08-24 13:30:00,735.0925526999999,8.156
2025-08-24 14:00:00,735.213897,8.131
2025-08-24 14:30:00,735.2261333999999,8.321
2025-08-24 15:00:00,735.30567,8.784
2025-08-24 15:30:00,735.3372807,9.837
2025-08-24 16:00:00,735.4035612,11.458
2025-08-24 16:30:00,735.7196681999999,12.033
2025-08-24 17:00:00,735.7828896,11.805
2025-08-24 17:30:00,735.8246972999999,12.043
2025-08-24 18:00:00,735.7645349999999,12.686
2025-08-24 18:30:00,735.6951954,14.353
2025-08-24 19:00:00,735.5779299,14.066
2025-08-24 19:30:00,736.0571888999999,11.653
2025-08-24 20:00:00,735.9491007,11.05
2025-08-24 20:30:00,735.8807807999999,11.433
2025-08-24 21:00:00,735.8828202,11.562
2025-08-24 21:30:00,735.8960763,11.158
2025-08-24 22:00:00,735.3586944,11.759
2025-08-24 22:30:00,735.0334100999999,11.819
2025-08-24 23:00:00,734.8192730999999,11.845
2025-08-24 23:30:00,734.8488444,12.395
2025-08-25 00:00:00,734.8661793,12.551
2025-08-25 00:30:00,735.3209655,11.353
2025-08-25 01:00:00,735.4514871,10.764
2025-08-25 01:30:00,735.4341522,10.45
2025-08-25 02:00:00,735.2689607999998,10.281
2025-08-25 02:30:00,735.2026803,10.278
2025-08-25 03:00:00,735.0660405,9.744
2025-08-25 03:30:00,735.1425179999999,9.301
2025-08-25 04:00:00,735.0701193,8.847
2025-08-25 04:30:00,735.0181146,8.491
2025-08-25 05:00:00,734.8549625999999,8.213
2025-08-25 05:30:00,734.734638,8.005
2025-08-25 06:00:00,734.7764457,7.958
2025-08-25 06:30:00,734.8304898,8.11
2025-08-25 07:00:00,734.8243716,8.106
2025-08-25 07:30:00,734.7907214999999,7.778
2025-08-25 08:00:00,734.6632589999999,7.435
2025-08-25 08:30:00,734.581683,7.177
2025-08-25 09:00:00,734.4521811,6.985
2025-08-25 09:30:00,734.2645563,6.817
2025-08-25 10:00:00,734.2349849999999,6.615
2025-08-25 10:30:00,734.0463405,6.355
2025-08-25 11:00:00,733.9127597999999,6.104
2025-08-25 11:30:00,733.8434202,5.923
2025-08-25 12:00:00,733.7883564,5.729
2025-08-25 12:30:00,733.8056913,5.635
2025-08-25 13:00:00,733.8138488999999,5.423
2025-08-25 13:30:00,733.8984839999998,5.313
2025-08-25 14:00:00,734.0616359999999,5.347
2025-08-25 14:30:00,734.1534089999999,5.503
2025-08-25 15:00:00,734.1880788,5.716
2025-08-25 15:30:00,734.2135712999999,6.606
2025-08-25 16:00:00,734.1901182,8.249
2025-08-25 16:30:00,734.3135018999999,9.856
2025-08-25 17:00:00,734.4297477,10.862
2025-08-25 17:30:00,734.5459934999999,12.225
2025-08-25 18:00:00,734.3124822,13.92
2025-08-25 18:30:00,734.5255995,14.046
2025-08-25 19:00:00,734.9090067,10.734
2025-08-25 19:30:00,734.8559822999999,10.613
2025-08-25 20:00:00,734.5510919999999,11.146
2025-08-25 20:30:00,734.5643481,11.246
2025-08-25 21:00:00,734.8947308999999,10.618
2025-08-25 21:30:00,735.2281727999999,9.418
2025-08-25 22:00:00,735.3586944,9.1
2025-08-25 22:30:00,734.6500028999999,8.904
2025-08-25 23:00:00,734.2135712999999,9.66
2025-08-25 23:30:00,734.1534089999999,10.032
2025-08-26 00:00:00,733.827105,10.148
2025-08-26 00:30:00,733.8709521,10.72
2025-08-26 01:00:00,734.0024934,10.56
2025-08-26 01:30:00,734.1289362,10.061
2025-08-26 02:00:00,734.0361435,9.666
2025-08-26 02:30:00,734.0555177999998,9.188
2025-08-26 03:00:00,733.9117400999999,8.854
2025-08-26 03:30:00,733.7526669,8.543
2025-08-26 04:00:00,733.9586462999999,8.329
2025-08-26 04:30:00,733.9484493,8.054
2025-08-26 05:00:00,733.9382522999999,7.939
2025-08-26 05:30:00,733.8485187,7.866
2025-08-26 06:00:00,733.7608244999999,7.582
2025-08-26 06:30:00,733.5273131999999,7.309
2025-08-26 07:00:00,733.4783676,7.117
2025-08-26 07:30:00,733.5701406,6.987
2025-08-26 08:00:00,733.4080083,6.872
2025-08-26 08:30:00,733.3855748999999,6.705
2025-08-26 09:00:00,733.307058,6.464
2025-08-26 09:30:00,733.2530138999999,6.223
2025-08-26 10:00:00,733.0766058,6.031
2025-08-26 10:30:00,732.9256901999998,5.884
2025-08-26 11:00:00,732.6524105999999,5.867
2025-08-26 11:30:00,732.8624688,6.124
2025-08-26 12:00:00,732.9899313,6.584
2025-08-26 12:30:00,733.0796648999999,6.786
2025-08-26 13:00:00,733.0990392,6.617
2025-08-26 13:30:00,733.2091667999999,6.573
2025-08-26 14:00:00,733.2825852,6.986
2025-08-26 14:30:00,733.5058994999999,7.711
2025-08-26 15:00:00,733.7363517,8.202
2025-08-26 15:30:00,733.7832579,8.513
2025-08-26 16:00:00,733.8566762999999,9.35
2025-08-26 16:30:00,733.9617053999999,9.956
2025-08-26 17:00:00,734.071833,10.82
2025-08-26 17:30:00,734.1595272,10.835
2025-08-26 18:00:00,733.8842082,10.278
2025-08-26 18:30:00,733.6782287999999,11.315
2025-08-26 19:00:00,733.7557259999999,10.883
2025-08-26 19:30:00,734.9977206,9.012
2025-08-26 20:00:00,735.4779993,7.602
2025-08-26 20:30:00,735.4137581999998,7.258
2025-08-26 21:00:00,735.468822,7.073
2025-08-26 21:30:00,735.6533876999999,7.187
2025-08-26 22:00:00,735.3811278,7.083
2025-08-26 22:30:00,734.4990872999999,7.321
2025-08-26 23:00:00,734.3767233,8.513
2025-08-26 23:30:00,734.48991,8.902
2025-08-27 00:00:00,734.0585768999999,9.179
2025-08-27 00:30:00,733.8087503999999,9.156
2025-08-27 01:00:00,733.7577654,9.164
2025-08-27 01:30:00,733.7078000999999,8.399
2025-08-27 02:00:00,733.7190168,7.767
2025-08-27 02:30:00,733.8158882999999,7.298
2025-08-27 03:00:00,733.9433508,6.963
2025-08-27 03:30:00,734.1075225,6.602
2025-08-27 04:00:00,734.3604081,6.355
2025-08-27 04:30:00,734.4623780999999,6.202
2025-08-27 05:00:00,734.5378359,6.096
2025-08-27 05:30:00,734.5103039999999,5.817
2025-08-27 06:00:00,734.5103039999999,5.601
2025-08-27 06:30:00,734.3787626999999,5.431
2025-08-27 07:00:00,734.5388556,5.27
2025-08-27 07:30:00,734.520501,5.083
2025-08-27 08:00:00,734.5714859999999,4.914
2025-08-27 08:30:00,734.48991,4.728
2025-08-27 09:00:00,734.4307673999999,4.516
2025-08-27 09:30:00,734.4215901,4.345
2025-08-27 10:00:00,734.3960975999998,4.183
2025-08-27 10:30:00,734.2961669999999,3.996
2025-08-27 11:00:00,734.2604774999999,3.676
2025-08-27 11:30:00,734.2716942,3.361
2025-08-27 12:00:00,734.3175806999999,3.031
2025-08-27 12:30:00,734.5154024999999,2.679
2025-08-27 13:00:00,734.7376970999999,2.357
2025-08-27 13:30:00,734.8498640999999,2.169
2025-08-27 14:00:00,735.0252524999999,2.495
2025-08-27 14:30:00,735.3352412999999,3.278
2025-08-27 15:00:00,735.5402009999999,4.149
2025-08-27 15:30:00,735.6411512999999,5.179
2025-08-27 16:00:00,735.7777911,6.238
2025-08-27 16:30:00,735.7849289999999,7.573
2025-08-27 17:00:00,735.9735734999999,8.567
2025-08-27 17:30:00,736.050051,9.273
2025-08-27 18:00:00,736.0469919,11.045
2025-08-27 18:30:00,736.039854,10.897
2025-08-27 19:00:00,735.9134111999999,11.774
2025-08-27 19:30:00,735.6401315999999,13.14
2025-08-27 20:00:00,735.7818699,12.575
2025-08-27 20:30:00,736.0612676999999,11.323
2025-08-27 21:00:00,736.2203409,9.632
2025-08-27 21:30:00,735.9052536,9.979
2025-08-27 22:00:00,735.6013829999999,12.213
2025-08-27 22:30:00,735.3984627,12.829
2025-08-27 23:00:00,735.4412901,12.284
2025-08-27 23:30:00,735.4402703999999,11.789
2025-08-28 00:00:00,735.4474083,11.351
2025-08-28 00:30:00,735.642171,10.961
2025-08-28 01:00:00,735.7777911,10.768
2025-08-28 01:30:00,736.1010359999999,10.372
2025-08-28 02:00:00,735.9052536,9.535
2025-08-28 02:30:00,736.070445,9.094
2025-08-28 03:00:00,736.3325079,8.483
2025-08-28 03:30:00,736.4620097999999,8.083
2025-08-28 04:00:00,736.5446054999999,7.309
2025-08-28 04:30:00,736.6475952,6.57
2025-08-28 05:00:00,736.7097968999999,6.074
2025-08-28 05:30:00,736.7872940999999,5.695
2025-08-28 06:00:00,736.6190435999999,5.228
2025-08-28 06:30:00,736.6659497999999,4.735
2025-08-28 07:00:00,736.5751965,4.139
2025-08-28 07:30:00,736.4405960999999,3.768
2025-08-28 08:00:00,736.3172123999999,3.334
2025-08-28 08:30:00,736.2223802999999,2.823
2025-08-28 09:00:00,736.1601785999999,2.541
2025-08-28 09:30:00,736.0826814,2.334
2025-08-28 10:00:00,735.9980462999998,2.075
2025-08-28 10:30:00,735.7675940999999,1.872
2025-08-28 11:00:00,735.6972347999999,1.685
2025-08-28 11:30:00,735.8114411999999,1.489
2025-08-28 12:00:00,735.7084515,1.225
2025-08-28 12:30:00,735.7084515,1.138
2025-08-28 13:00:00,735.8756822999999,1.042
2025-08-28 13:30:00,735.9368642999999,0.922
2025-08-28 14:00:00,736.0724843999999,1.01
2025-08-28 14:30:00,736.1958680999999,1.319
2025-08-28 15:00:00,736.2957986999999,1.883
2025-08-28 15:30:00,736.3865519999998,3.079
2025-08-28 16:00:00,736.3671777,5.543
2025-08-28 16:30:00,736.3967489999999,7.105
2025-08-28 17:00:00,736.4344778999998,8.649
2025-08-28 17:30:00,736.3651382999999,10.411
2025-08-28 18:00:00,736.4202021,11.568
2025-08-28 18:30:00,736.2886608,13.303
2025-08-28 19:00:00,735.9358446,17.671
2025-08-28 19:30:00,735.9766325999999,15.827
2025-08-28 20:00:00,735.9878493,15.018
2025-08-28 20:30:00,735.8002245,15.224
2025-08-28 21:00:00,735.6676634999999,15.013
2025-08-28 21:30:00,735.4168173,14.183
2025-08-28 22:00:00,735.2699804999999,13.554
2025-08-28 22:30:00,735.1975818,13.476
2025-08-28 23:00:00,735.162912,13.05
2025-08-28 23:30:00,735.1129467,12.454
2025-08-29 00:00:00,735.1221239999999,12.148
2025-08-29 00:30:00,735.1618923,11.906
2025-08-29 01:00:00,735.0578829,11.713
2025-08-29 01:30:00,734.9365386,11.743
2025-08-29 02:00:00,735.0415677,11.475
2025-08-29 02:30:00,735.2036999999999,10.911
2025-08-29 03:00:00,735.4086596999999,10.195
2025-08-29 03:30:00,735.6737817,9.31
2025-08-29 04:00:00,735.8257169999999,8.302
2025-08-29 04:30:00,735.7869684,7.492
2025-08-29 05:00:00,735.7431213,6.911
2025-08-29 05:30:00,735.5901663,6.566
2025-08-29 06:00:00,735.5514177,6.173
2025-08-29 06:30:00,735.4729007999999,5.907
2025-08-29 07:00:00,735.4106991,5.731
2025-08-29 07:30:00,735.3862263,5.536
2025-08-29 08:00:00,735.3903051,5.363
2025-08-29 08:30:00,735.1649514,5.211
2025-08-29 09:00:00,735.1047891,4.976
2025-08-29 09:30:00,735.1649514,4.833
2025-08-29 10:00:00,735.1720893,4.668
2025-08-29 10:30:00,735.1139664,4.554
2025-08-29 11:00:00,734.9610114,4.471
2025-08-29 11:30:00,734.857002,4.364
2025-08-29 12:00:00,734.8682186999999,4.198
2025-08-29 12:30:00,734.9865038999999,4.061
2025-08-29 13:00:00,735.2291925,4.028
2025-08-29 13:30:00,735.4606644,3.942
2025-08-29 14:00:00,735.4555659,3.983
2025-08-29 14:30:00,735.5901663,4.346
2025-08-29 15:00:00,735.7308849,4.875
2025-08-29 15:30:00,735.8624261999998,5.98
2025-08-29 16:00:00,736.0235388,8.465
2025-08-29 16:30:00,736.2040256999999,9.853
2025-08-29 17:00:00,736.2978380999999,11.279
2025-08-29 17:30:00,736.2988578000001,12.474
2025-08-29 18:00:00,736.2917199,13.896
2025-08-29 18:30:00,736.2223802999999,14.351
2025-08-29 19:00:00,736.2876411,14.388
2025-08-29 19:30:00,736.0837011,13.917
2025-08-29 20:00:00,736.1510012999998,14.134
2025-08-29 20:30:00,736.2050453999999,13.457
2025-08-29 21:00:00,736.1459028,13.242
2025-08-29 21:30:00,735.9378839999999,13.772
2025-08-29 22:00:00,735.8338746,13.457
2025-08-29 22:30:00,735.7553577,13.359
2025-08-29 23:00:00,735.5881268999999,14.34
2025-08-29 23:30:00,735.6482892,14.199
2025-08-30 00:00:00,735.7206878999999,13.683
2025-08-30 00:30:00,735.7533182999998,12.863
2025-08-30 01:00:00,735.7400622,12.27
2025-08-30 01:30:00,735.7247666999999,11.605
2025-08-30 02:00:00,735.7900275,10.906
2025-08-30 02:30:00,735.9378839999999,10.013
2025-08-30 03:00:00,736.2009665999999,9.03
2025-08-30 03:30:00,736.3987884,8.256
2025-08-30 04:00:00,736.4161233,7.562
2025-08-30 04:30:00,736.4558916,6.988
2025-08-30 05:00:00,736.3814535,6.529
2025-08-30 05:30:00,736.2274788,6.259
2025-08-30 06:00:00,736.1530406999999,6.022
2025-08-30 06:30:00,736.0673859,5.86
2025-08-30 07:00:00,735.9134111999999,5.731
2025-08-30 07:30:00,735.8155199999999,5.604
2025-08-30 08:00:00,735.7084515,5.392
2025-08-30 08:30:00,735.6482892,5.389
2025-08-30 09:00:00,735.6125997,5.311
2025-08-30 09:30:00,735.5697723,5.194
2025-08-30 10:00:00,735.6574664999998,5.089
2025-08-30 10:30:00,735.4922750999999,4.932
2025-08-30 11:00:00,735.560595,4.797
2025-08-30 11:30:00,735.4443491999999,4.609
2025-08-30 12:00:00,735.4412901,4.455
2025-08-30 12:30:00,735.6462498,4.34
2025-08-30 13:00:00,735.7268061,4.235
2025-08-30 13:30:00,735.8726231999999,4.137
2025-08-30 14:00:00,736.0826814,4.078
2025-08-30 14:30:00,736.1071541999999,4.21
2025-08-30 15:00:00,736.2539909999999,4.472
2025-08-30 15:30:00,736.3437245999999,5.695
2025-08-30 16:00:00,736.4130641999999,8.669
2025-08-30 16:30:00,736.5150342,10.251
2025-08-30 17:00:00,736.6333194,11.416
2025-08-30 17:30:00,736.5588812999999,12.623
2025-08-30 18:00:00,736.4793447,14.137
2025-08-30 18:30:00,736.0102827,17.598
2025-08-30 19:00:00,736.0153811999999,21.838
2025-08-30 19:30:00,735.9368642999999,18.889
2025-08-30 20:00:00,735.733944,17.865
2025-08-30 20:30:00,735.4606644,18.604
2025-08-30 21:00:00,735.4106991,18.337
2025-08-30 21:30:00,735.3332019,18.006
2025-08-30 22:00:00,735.1557740999999,17.32
2025-08-30 22:30:00,735.1425179999999,17.81
2025-08-30 23:00:00,735.1241634,16.517
2025-08-30 23:30:00,734.9620311,16.575
2025-08-31 00:00:00,734.9283809999998,16.511
2025-08-31 00:30:00,734.8998293999999,15.745
2025-08-31 01:00:00,734.7560517,15.46
2025-08-31 01:30:00,734.7998987999999,14.876
2025-08-31 02:00:00,734.9712084,13.965
2025-08-31 02:30:00,735.0966315,12.611
2025-08-31 03:00:00,735.3535959,11.562
2025-08-31 03:30:00,735.5565162,10.64
2025-08-31 04:00:00,735.6911166,9.863
2025-08-31 04:30:00,735.7910472,9.143
2025-08-31 05:00:00,735.7859487,8.521
2025-08-31 05:30:00,735.5983239,8.04
2025-08-31 06:00:00,735.4525067999999,7.686
2025-08-31 06:30:00,735.4759598999999,7.417
2025-08-31 07:00:00,735.3260639999999,7.137
2025-08-31 07:30:00,735.3372807,6.909
2025-08-31 08:00:00,735.2924138999999,6.778
2025-08-31 08:30:00,735.2720199,6.668
2025-08-31 09:00:00,735.1761680999999,6.608
2025-08-31 09:30:00,735.2414289,6.433
2025-08-31 10:00:00,735.4280339999999,6.083
2025-08-31 10:30:00,735.4096794,5.822
2025-08-31 11:00:00,735.3801080999999,5.67
2025-08-31 11:30:00,735.4729007999999,5.533
2025-08-31 12:00:00,735.4443491999999,5.419
2025-08-31 12:30:00,735.3525761999999,5.34
2025-08-31 13:00:00,735.4035612,5.224
2025-08-31 13:30:00,735.5422404,5.162
2025-08-31 14:00:00,735.6717422999999,5.211
2025-08-31 14:30:00,735.7125302999999,5.342
2025-08-31 15:00:00,735.7900275,5.783
2025-08-31 15:30:00,735.8073623999999,6.976
2025-08-31 16:00:00,735.9470613,10.818
2025-08-31 16:30:00,736.0551494999999,11.851
2025-08-31 17:00:00,736.0653464999999,12.913
2025-08-31 17:30:00,736.1071541999999,13.88
2025-08-31 18:00:00,736.0928784,15.302
2025-08-31 18:30:00,735.8777216999999,18.797
2025-08-31 19:00:00,735.9837705,20.538
2025-08-31 19:30:00,735.8369336999999,17.614
2025-08-31 20:00:00,735.8308155,16.257
2025-08-31 20:30:00,735.7573971,16.753
2025-08-31 21:00:00,735.6431907,17.151
2025-08-31 21:30:00,735.4718810999999,17.124
2025-08-31 22:00:00,735.2781380999999,16.789
2025-08-31 22:30:00,735.3219851999999,16.726
2025-08-31 23:00:00,735.1843256999999,16.397
2025-08-31 23:30:00,735.1323209999999,16.072
2025-09-01 00:00:00,735.1557740999999,16.35
2025-09-01 00:30:00,735.2424486,16.051
2025-09-01 01:00:00,735.2760986999999,15.411
2025-09-01 01:30:00,735.4066203,14.338
2025-09-01 02:00:00,735.4045808999999,13.646
2025-09-01 02:30:00,735.4759598999999,12.876
2025-09-01 03:00:00,735.7237469999999,11.698
2025-09-01 03:30:00,735.8705838,10.659
2025-09-01 04:00:00,736.0367949,9.856
2025-09-01 04:30:00,736.0062039000001,9.284
2025-09-01 05:00:00,736.0347555,8.801
2025-09-01 05:30:00,736.0867602,8.439
2025-09-01 06:00:00,736.0714647,8.122
2025-09-01 06:30:00,735.9511400999999,7.819
2025-09-01 07:00:00,736.0347555,7.61
2025-09-01 07:30:00,735.9684749999999,7.378
2025-09-01 08:00:00,735.9419627999999,7.221
2025-09-01 08:30:00,735.8624261999998,6.984
2025-09-01 09:00:00,735.7472001,6.816
2025-09-01 09:30:00,735.7645349999999,6.65
2025-09-01 10:00:00,735.8297957999999,6.537
2025-09-01 10:30:00,735.7849289999999,6.328
2025-09-01 11:00:00,735.7920669,6.13
2025-09-01 11:30:00,735.7217076,5.909
2025-09-01 12:00:00,735.7227272999999,5.699
2025-09-01 12:30:00,735.7716728999999,5.496
2025-09-01 13:00:00,735.774732,5.356
2025-09-01 13:30:00,735.8134805999999,5.177
2025-09-01 14:00:00,736.0000857,5.318
2025-09-01 14:30:00,736.0041644999999,5.52
2025-09-01 15:00:00,736.1142921,5.851
2025-09-01 15:30:00,736.1764938,6.867
2025-09-01 16:00:00,736.2346167,11.322
2025-09-01 16:30:00,736.3732958999999,11.639
2025-09-01 17:00:00,736.4701673999999,12.799
2025-09-01 17:30:00,736.6159845,14.055
2025-09-01 18:00:00,736.5160539,15.244
2025-09-01 18:30:00,736.2998774999999,19.0
2025-09-01 19:00:00,736.3396458,22.299
2025-09-01 19:30:00,736.2968183999999,19.484
2025-09-01 20:00:00,736.2162620999999,18.244
2025-09-01 20:30:00,736.1091935999999,18.227
2025-09-01 21:00:00,736.1469224999998,18.908
2025-09-01 21:30:00,735.9052536,19.123
2025-09-01 22:00:00,735.7726925999999,18.16
2025-09-01 22:30:00,735.5391813,18.545
2025-09-01 23:00:00,735.5004326999999,18.871
2025-09-01 23:30:00,735.3933642,18.367
2025-09-02 00:00:00,735.4300734,17.702
2025-09-02 00:30:00,735.5218464,17.036
2025-09-02 01:00:00,735.5850677999999,16.212
2025-09-02 01:30:00,735.7125302999999,14.955
2025-09-02 02:00:00,735.7992048,14.366
2025-09-02 02:30:00,736.0113023999999,13.288
2025-09-02 03:00:00,736.1091935999999,11.983
2025-09-02 03:30:00,736.3875717,11.031
2025-09-02 04:00:00,736.4365173,10.265
2025-09-02 04:30:00,736.4426355,9.729
2025-09-02 05:00:00,736.3478033999999,9.374
2025-09-02 05:30:00,736.2601091999999,9.034
2025-09-02 06:00:00,736.2825425999999,8.858
2025-09-02 06:30:00,736.3855323,9.005
2025-09-02 07:00:00,736.2907001999998,8.793
2025-09-02 07:30:00,736.4354976,8.643
2025-09-02 08:00:00,736.5323691,8.511
2025-09-02 08:30:00,736.4344778999998,8.49
2025-09-02 09:00:00,736.2815228999999,8.396
2025-09-02 09:30:00,736.2621485999999,8.255
2025-09-02 10:00:00,736.2193212,8.002
2025-09-02 10:30:00,736.0388343,7.889
2025-09-02 11:00:00,736.0408737,7.801
2025-09-02 11:30:00,735.8981157,7.874
2025-09-02 12:00:00,735.835914,7.934
2025-09-02 12:30:00,735.8583473999998,7.802
2025-09-02 13:00:00,735.9511400999999,7.798
2025-09-02 13:30:00,736.1010359999999,7.543
2025-09-02 14:00:00,736.2733652999999,7.67
2025-09-02 14:30:00,736.3243503,8.005
2025-09-02 15:00:00,736.2397152,8.499
2025-09-02 15:30:00,736.2448137,9.699
2025-09-02 16:00:00,736.3630989,12.335
2025-09-02 16:30:00,736.3753353,13.047
2025-09-02 17:00:00,736.4314188,13.988
2025-09-02 17:30:00,736.3906307999998,14.566
2025-09-02 18:00:00,736.5415463999999,15.719
2025-09-02 18:30:00,736.4660885999999,15.759
2025-09-02 19:00:00,736.4253006,17.003
2025-09-02 19:30:00,736.2998774999999,16.549
2025-09-02 20:00:00,736.3100744999999,16.572
2025-09-02 20:30:00,736.0724843999999,17.547
2025-09-02 21:00:00,735.9389037,16.914
2025-09-02 21:30:00,736.3508625,16.372
2025-09-02 22:00:00,736.4416158,13.645
2025-09-02 22:30:00,737.0942237999999,11.276
2025-09-02 23:00:00,737.3205971999998,9.808
2025-09-02 23:30:00,737.8324865999999,9.27
2025-09-03 00:00:00,737.6978862,8.86
2025-09-03 00:30:00,736.9422884999999,9.168
2025-09-03 01:00:00,736.6679892,9.698
2025-09-03 01:30:00,736.4018474999999,9.287
2025-09-03 02:00:00,736.090839,8.919
2025-09-03 02:30:00,736.2988578000001,8.487
2025-09-03 03:00:00,736.4813841,8.41
2025-09-03 03:30:00,736.3039562999999,8.525
2025-09-03 04:00:00,736.1601785999999,8.311
2025-09-03 04:30:00,736.1724149999999,7.856
2025-09-03 05:00:00,736.1652770999999,7.479
2025-09-03 05:30:00,736.3263896999999,7.151
2025-09-03 06:00:00,736.2856017,6.976
2025-09-03 06:30:00,736.2050453999999,6.764
2025-09-03 07:00:00,736.1295875999999,6.551
2025-09-03 07:30:00,736.080642,6.44
2025-09-03 08:00:00,735.9847901999999,6.324
2025-09-03 08:30:00,736.0235388,6.227
2025-09-03 09:00:00,735.7217076,6.893
2025-09-03 09:30:00,735.4912554,6.911
2025-09-03 10:00:00,735.4147779,6.936
2025-09-03 10:30:00,735.3474776999999,7.359
2025-09-03 11:00:00,735.3168866999998,7.653
2025-09-03 11:30:00,735.3403397999999,7.728
2025-09-03 12:00:00,735.2261333999999,7.466
2025-09-03 12:30:00,735.0232131,7.883
2025-09-03 13:00:00,735.0548238,8.118
2025-09-03 13:30:00,735.3505368,8.512
2025-09-03 14:00:00,735.4484279999999,8.42
2025-09-03 14:30:00,735.6105602999999,8.251
2025-09-03 15:00:00,735.5575358999998,8.421
2025-09-03 15:30:00,735.6625649999999,9.404
2025-09-03 16:00:00,735.7390425,12.015
2025-09-03 16:30:00,735.8155199999999,11.449
2025-09-03 17:00:00,735.6737817,12.067
2025-09-03 17:30:00,735.6839786999999,13.158
2025-09-03 18:00:00,735.5758904999999,14.755
2025-09-03 18:30:00,735.060942,18.337
2025-09-03 19:00:00,735.1598528999999,19.748
2025-09-03 19:30:00,735.3311624999999,16.409
2025-09-03 20:00:00,735.2210348999998,16.939
2025-09-03 20:30:00,735.0976512,15.276
2025-09-03 21:00:00,735.0068978999999,14.791
2025-09-03 21:30:00,734.7744063,15.721
2025-09-03 22:00:00,734.5776042,15.13
2025-09-03 22:30:00,734.4103733999999,15.091
2025-09-03 23:00:00,734.2920881999999,15.232
2025-09-03 23:30:00,734.2665956999999,14.975
2025-09-04 00:00:00,734.2890291,14.769
2025-09-04 00:30:00,734.1595272,14.524
2025-09-04 01:00:00,734.1992954999998,14.254
2025-09-04 01:30:00,734.3298171,13.776
2025-09-04 02:00:00,734.4684963,13.034
2025-09-04 02:30:00,734.5827027,12.422
2025-09-04 03:00:00,734.8814747999999,11.619
2025-09-04 03:30:00,735.0140358,10.955
2025-09-04 04:00:00,735.1313012999999,10.311
2025-09-04 04:30:00,735.0272919,9.767
2025-09-04 05:00:00,735.1037693999999,9.21
2025-09-04 05:30:00,734.8804550999998,8.796
2025-09-04 06:00:00,734.9865038999999,8.493
2025-09-04 06:30:00,734.9497947,8.3
2025-09-04 07:00:00,734.8998293999999,8.189
2025-09-04 07:30:00,734.7876623999999,8.215
2025-09-04 08:00:00,734.6204316,8.125
2025-09-04 08:30:00,734.6214513,7.872
2025-09-04 09:00:00,734.5510919999999,7.548
2025-09-04 09:30:00,734.4929690999999,7.259
2025-09-04 10:00:00,734.3787626999999,7.054
2025-09-04 10:30:00,734.3349155999999,6.951
2025-09-04 11:00:00,734.2982063999999,6.806
2025-09-04 11:30:00,734.1656453999999,6.704
2025-09-04 12:00:00,734.0646950999999,6.649
2025-09-04 12:30:00,734.0157495,6.507
2025-09-04 13:00:00,733.8566762999999,6.3
2025-09-04 13:30:00,733.8780899999999,6.151
2025-09-04 14:00:00,733.8311838,6.101
2025-09-04 14:30:00,733.9321341,6.26
2025-09-04 15:00:00,733.9066416000001,6.527
2025-09-04 15:30:00,733.7924352,7.292
2025-09-04 16:00:00,733.9219370999999,9.908
2025-09-04 16:30:00,733.7424699,12.539
2025-09-04 17:00:00,733.1693984999998,16.926
2025-09-04 17:30:00,733.7812184999999,15.566
2025-09-04 18:00:00,733.5619829999998,16.012
2025-09-04 18:30:00,733.5640223999999,16.097
2025-09-04 19:00:00,733.1398271999999,25.513
2025-09-04 19:30:00,733.4324810999999,24.3
