datetime,lvl_cm,temp_C
2024-08-21 18:00:00,787.59,13.426
2024-08-21 18:30:00,787.49,12.972
2024-08-21 19:00:00,787.34,12.91
2024-08-21 19:30:00,787.45,12.906
2024-08-21 20:00:00,787.27,12.924
2024-08-21 20:30:00,787.21,12.956
2024-08-21 21:00:00,787.08,12.998
2024-08-21 21:30:00,786.86,13.048
2024-08-21 22:00:00,786.74,13.098
2024-08-21 22:30:00,786.52,13.15
2024-08-21 23:00:00,786.27,13.202
2024-08-21 23:30:00,786.11,13.255
2024-08-22 00:00:00,785.92,13.308
2024-08-22 00:30:00,785.85,13.362
2024-08-22 01:00:00,785.74,13.42
2024-08-22 01:30:00,785.7,13.476
2024-08-22 02:00:00,785.63,13.53
2024-08-22 02:30:00,785.76,13.578
2024-08-22 03:00:00,785.78,13.619
2024-08-22 03:30:00,785.94,13.654
2024-08-22 04:00:00,786.11,13.686
2024-08-22 04:30:00,786.04,13.708
2024-08-22 05:00:00,785.93,13.725
2024-08-22 05:30:00,785.76,13.736
2024-08-22 06:00:00,785.53,13.739
2024-08-22 06:30:00,785.19,13.737
2024-08-22 07:00:00,785.21,13.72
2024-08-22 07:30:00,785.2,13.696
2024-08-22 08:00:00,785.28,13.661
2024-08-22 08:30:00,785.21,13.621
2024-08-22 09:00:00,784.94,13.569
2024-08-22 09:30:00,784.84,13.51
2024-08-22 10:00:00,784.7,13.446
2024-08-22 10:30:00,784.65,13.378
2024-08-22 11:00:00,784.5,13.305
2024-08-22 11:30:00,784.36,13.232
2024-08-22 12:00:00,784.28,13.154
2024-08-22 12:30:00,784.15,13.074
2024-08-22 13:00:00,784.1,12.989
2024-08-22 13:30:00,784.14,12.9
2024-08-22 14:00:00,784.2,12.809
2024-08-22 14:30:00,784.01,12.72
2024-08-22 15:00:00,783.91,12.638
2024-08-22 15:30:00,783.67,12.574
2024-08-22 16:00:00,783.34,12.548
2024-08-22 16:30:00,783.12,12.551
2024-08-22 17:00:00,783.15,12.572
2024-08-22 17:30:00,783.07,12.603
2024-08-22 18:00:00,783.0,12.645
2024-08-22 18:30:00,782.98,12.691
2024-08-22 19:00:00,782.93,12.738
2024-08-22 19:30:00,782.9,12.792
2024-08-22 20:00:00,782.8,12.85
2024-08-22 20:30:00,782.53,12.911
2024-08-22 21:00:00,782.6,12.974
2024-08-22 21:30:00,782.37,13.044
2024-08-22 22:00:00,782.46,13.112
2024-08-22 22:30:00,781.99,13.174
2024-08-22 23:00:00,782.02,13.234
2024-08-22 23:30:00,781.91,13.295
2024-08-23 00:00:00,781.73,13.353
2024-08-23 00:30:00,781.87,13.409
2024-08-23 01:00:00,781.82,13.465
2024-08-23 01:30:00,781.81,13.516
2024-08-23 02:00:00,781.86,13.566
2024-08-23 02:30:00,781.98,13.604
2024-08-23 03:00:00,782.01,13.634
2024-08-23 03:30:00,781.91,13.659
2024-08-23 04:00:00,781.8,13.674
2024-08-23 04:30:00,781.66,13.687
2024-08-23 05:00:00,781.63,13.693
2024-08-23 05:30:00,781.33,13.694
2024-08-23 06:00:00,781.32,13.689
2024-08-23 06:30:00,781.09,13.679
2024-08-23 07:00:00,781.0,13.654
2024-08-23 07:30:00,780.86,13.619
2024-08-23 08:00:00,780.5,13.58
2024-08-23 08:30:00,780.35,13.536
2024-08-23 09:00:00,780.28,13.483
2024-08-23 09:30:00,780.1,13.425
2024-08-23 10:00:00,779.92,13.365
2024-08-23 10:30:00,779.93,13.297
2024-08-23 11:00:00,779.85,13.228
2024-08-23 11:30:00,779.79,13.152
2024-08-23 12:00:00,779.65,13.078
2024-08-23 12:30:00,779.44,13.011
2024-08-23 13:00:00,779.44,12.942
2024-08-23 13:30:00,779.53,12.873
2024-08-23 14:00:00,779.45,12.805
2024-08-23 14:30:00,779.42,12.732
2024-08-23 15:00:00,779.5,12.651
2024-08-23 15:30:00,779.75,12.578
2024-08-23 16:00:00,780.06,12.546
2024-08-23 16:30:00,780.19,12.548
2024-08-23 17:00:00,780.35,12.569
2024-08-23 17:30:00,780.68,12.598
2024-08-23 18:00:00,780.75,12.636
2024-08-23 18:30:00,780.85,12.682
2024-08-23 19:00:00,781.0,12.731
2024-08-23 19:30:00,780.62,12.783
2024-08-23 20:00:00,780.99,12.841
2024-08-23 20:30:00,781.09,12.9
2024-08-23 21:00:00,780.94,12.954
2024-08-23 21:30:00,781.03,13.011
2024-08-23 22:00:00,780.86,13.06
2024-08-23 22:30:00,780.87,13.104
2024-08-23 23:00:00,780.48,13.135
2024-08-23 23:30:00,780.71,13.164
2024-08-24 00:00:00,780.77,13.185
2024-08-24 00:30:00,781.05,13.203
2024-08-24 01:00:00,780.89,13.221
2024-08-24 01:30:00,780.62,13.234
2024-08-24 02:00:00,780.52,13.238
2024-08-24 02:30:00,780.95,13.241
2024-08-24 03:00:00,780.74,13.238
2024-08-24 03:30:00,780.52,13.231
2024-08-24 04:00:00,780.52,13.211
2024-08-24 04:30:00,780.38,13.186
2024-08-24 05:00:00,780.3,13.155
2024-08-24 05:30:00,780.44,13.117
2024-08-24 06:00:00,780.7,13.071
2024-08-24 06:30:00,780.65,13.024
2024-08-24 07:00:00,780.69,12.972
2024-08-24 07:30:00,780.74,12.922
2024-08-24 08:00:00,780.66,12.876
2024-08-24 08:30:00,780.72,12.828
2024-08-24 09:00:00,780.23,12.779
2024-08-24 09:30:00,780.12,12.728
2024-08-24 10:00:00,780.22,12.683
2024-08-24 10:30:00,779.96,12.632
2024-08-24 11:00:00,780.12,12.583
2024-08-24 11:30:00,780.08,12.527
2024-08-24 12:00:00,780.07,12.467
2024-08-24 12:30:00,779.91,12.403
2024-08-24 13:00:00,780.01,12.336
2024-08-24 13:30:00,780.58,12.266
2024-08-24 14:00:00,780.37,12.2
2024-08-24 14:30:00,780.61,12.14
2024-08-24 15:00:00,780.73,12.084
2024-08-24 15:30:00,781.49,12.027
2024-08-24 16:00:00,782.19,11.96
2024-08-24 16:30:00,781.87,11.902
2024-08-24 17:00:00,782.22,11.86
2024-08-24 17:30:00,782.5,11.83
2024-08-24 18:00:00,782.68,11.81
2024-08-24 18:30:00,782.72,11.807
2024-08-24 19:00:00,782.82,11.81
2024-08-24 19:30:00,782.69,11.816
2024-08-24 20:00:00,782.81,11.825
2024-08-24 20:30:00,782.89,11.838
2024-08-24 21:00:00,782.96,11.859
2024-08-24 21:30:00,783.01,11.893
2024-08-24 22:00:00,783.03,11.927
2024-08-24 22:30:00,782.75,11.962
2024-08-24 23:00:00,782.57,11.991
2024-08-24 23:30:00,782.76,12.017
2024-08-25 00:00:00,782.86,12.04
2024-08-25 00:30:00,782.81,12.06
2024-08-25 01:00:00,782.47,12.08
2024-08-25 01:30:00,782.55,12.094
2024-08-25 02:00:00,782.42,12.101
2024-08-25 02:30:00,782.87,12.094
2024-08-25 03:00:00,783.22,12.077
2024-08-25 03:30:00,783.33,12.052
2024-08-25 04:00:00,783.57,12.026
2024-08-25 04:30:00,783.55,11.998
2024-08-25 05:00:00,783.58,11.965
2024-08-25 05:30:00,783.57,11.927
2024-08-25 06:00:00,783.6,11.884
2024-08-25 06:30:00,783.65,11.84
2024-08-25 07:00:00,783.69,11.79
2024-08-25 07:30:00,783.72,11.736
2024-08-25 08:00:00,783.67,11.679
2024-08-25 08:30:00,783.71,11.621
2024-08-25 09:00:00,783.8,11.557
2024-08-25 09:30:00,784.02,11.49
2024-08-25 10:00:00,784.2,11.425
2024-08-25 10:30:00,784.41,11.36
2024-08-25 11:00:00,784.63,11.294
2024-08-25 11:30:00,784.88,11.223
2024-08-25 12:00:00,785.08,11.151
2024-08-25 12:30:00,785.2,11.076
2024-08-25 13:00:00,785.24,10.999
2024-08-25 13:30:00,785.33,10.907
2024-08-25 14:00:00,785.57,10.821
2024-08-25 14:30:00,785.75,10.748
2024-08-25 15:00:00,785.77,10.679
2024-08-25 15:30:00,785.88,10.626
2024-08-25 16:00:00,785.79,10.608
2024-08-25 16:30:00,785.85,10.618
2024-08-25 17:00:00,785.98,10.64
2024-08-25 17:30:00,786.01,10.669
2024-08-25 18:00:00,786.03,10.706
2024-08-25 18:30:00,786.1,10.747
2024-08-25 19:00:00,786.09,10.799
2024-08-25 19:30:00,786.07,10.854
2024-08-25 20:00:00,786.1,10.913
2024-08-25 20:30:00,786.1,10.981
2024-08-25 21:00:00,786.23,11.051
2024-08-25 21:30:00,786.26,11.126
2024-08-25 22:00:00,786.36,11.198
2024-08-25 22:30:00,786.34,11.266
2024-08-25 23:00:00,786.39,11.335
2024-08-25 23:30:00,786.38,11.397
2024-08-26 00:00:00,786.54,11.459
2024-08-26 00:30:00,786.69,11.52
2024-08-26 01:00:00,786.67,11.579
2024-08-26 01:30:00,786.74,11.638
2024-08-26 02:00:00,786.79,11.693
2024-08-26 02:30:00,787.01,11.744
2024-08-26 03:00:00,787.29,11.79
2024-08-26 03:30:00,787.47,11.83
2024-08-26 04:00:00,787.69,11.869
2024-08-26 04:30:00,787.85,11.899
2024-08-26 05:00:00,787.94,11.922
2024-08-26 05:30:00,787.96,11.946
2024-08-26 06:00:00,787.84,11.963
2024-08-26 06:30:00,787.77,11.973
2024-08-26 07:00:00,787.78,11.979
2024-08-26 07:30:00,787.82,11.979
2024-08-26 08:00:00,787.81,11.972
2024-08-26 08:30:00,787.66,11.954
2024-08-26 09:00:00,787.61,11.93
2024-08-26 09:30:00,787.6,11.902
2024-08-26 10:00:00,787.56,11.867
2024-08-26 10:30:00,787.54,11.826
2024-08-26 11:00:00,787.4,11.78
2024-08-26 11:30:00,787.38,11.731
2024-08-26 12:00:00,787.39,11.674
2024-08-26 12:30:00,787.4,11.617
2024-08-26 13:00:00,787.61,11.557
2024-08-26 13:30:00,787.75,11.493
2024-08-26 14:00:00,787.89,11.428
2024-08-26 14:30:00,787.85,11.362
2024-08-26 15:00:00,787.82,11.298
2024-08-26 15:30:00,787.72,11.251
2024-08-26 16:00:00,787.67,11.235
2024-08-26 16:30:00,787.7,11.246
2024-08-26 17:00:00,787.78,11.274
2024-08-26 17:30:00,787.75,11.31
2024-08-26 18:00:00,787.88,11.352
2024-08-26 18:30:00,787.87,11.404
2024-08-26 19:00:00,787.67,11.462
2024-08-26 19:30:00,787.65,11.528
2024-08-26 20:00:00,787.58,11.6
2024-08-26 20:30:00,787.55,11.679
2024-08-26 21:00:00,787.41,11.765
2024-08-26 21:30:00,787.4,11.855
2024-08-26 22:00:00,787.23,11.941
2024-08-26 22:30:00,787.18,12.025
2024-08-26 23:00:00,787.17,12.105
2024-08-26 23:30:00,787.05,12.183
2024-08-27 00:00:00,787.05,12.252
2024-08-27 00:30:00,786.99,12.319
2024-08-27 01:00:00,787.0,12.381
2024-08-27 01:30:00,786.98,12.44
2024-08-27 02:00:00,786.99,12.492
2024-08-27 02:30:00,787.24,12.539
2024-08-27 03:00:00,787.33,12.578
2024-08-27 03:30:00,787.5,12.611
2024-08-27 04:00:00,787.63,12.638
2024-08-27 04:30:00,787.64,12.66
2024-08-27 05:00:00,787.71,12.677
2024-08-27 05:30:00,787.68,12.687
2024-08-27 06:00:00,787.68,12.693
2024-08-27 06:30:00,787.64,12.696
2024-08-27 07:00:00,787.56,12.694
2024-08-27 07:30:00,787.58,12.683
2024-08-27 08:00:00,787.5,12.664
2024-08-27 08:30:00,787.39,12.633
2024-08-27 09:00:00,787.2,12.593
2024-08-27 09:30:00,787.12,12.542
2024-08-27 10:00:00,786.97,12.487
2024-08-27 10:30:00,786.74,12.431
2024-08-27 11:00:00,786.64,12.372
2024-08-27 11:30:00,786.66,12.313
2024-08-27 12:00:00,786.7,12.258
2024-08-27 12:30:00,786.68,12.201
2024-08-27 13:00:00,786.73,12.145
2024-08-27 13:30:00,786.71,12.083
2024-08-27 14:00:00,786.67,12.015
2024-08-27 14:30:00,786.66,11.946
2024-08-27 15:00:00,786.66,11.879
2024-08-27 15:30:00,786.4,11.83
2024-08-27 16:00:00,786.19,11.815
2024-08-27 16:30:00,786.15,11.825
2024-08-27 17:00:00,786.03,11.853
2024-08-27 17:30:00,786.07,11.89
2024-08-27 18:00:00,785.98,11.938
2024-08-27 18:30:00,785.86,11.993
2024-08-27 19:00:00,785.76,12.056
2024-08-27 19:30:00,785.68,12.131
2024-08-27 20:00:00,785.54,12.21
2024-08-27 20:30:00,785.49,12.298
2024-08-27 21:00:00,785.38,12.393
2024-08-27 21:30:00,785.32,12.493
2024-08-27 22:00:00,785.26,12.586
2024-08-27 22:30:00,785.03,12.675
2024-08-27 23:00:00,784.98,12.758
2024-08-27 23:30:00,784.79,12.834
2024-08-28 00:00:00,784.71,12.907
2024-08-28 00:30:00,784.57,12.973
2024-08-28 01:00:00,784.51,13.033
2024-08-28 01:30:00,784.55,13.094
2024-08-28 02:00:00,784.57,13.139
2024-08-28 02:30:00,784.59,13.185
2024-08-28 03:00:00,784.78,13.22
2024-08-28 03:30:00,784.99,13.247
2024-08-28 04:00:00,785.18,13.263
2024-08-28 04:30:00,785.26,13.275
2024-08-28 05:00:00,785.2,13.279
2024-08-28 05:30:00,785.21,13.275
2024-08-28 06:00:00,785.21,13.264
2024-08-28 06:30:00,785.13,13.241
2024-08-28 07:00:00,785.09,13.212
2024-08-28 07:30:00,785.2,13.179
2024-08-28 08:00:00,785.2,13.15
2024-08-28 08:30:00,785.15,13.113
2024-08-28 09:00:00,785.15,13.079
2024-08-28 09:30:00,785.11,13.037
2024-08-28 10:00:00,785.15,12.996
2024-08-28 10:30:00,785.05,12.948
2024-08-28 11:00:00,784.88,12.895
2024-08-28 11:30:00,784.7,12.837
2024-08-28 12:00:00,784.72,12.775
2024-08-28 12:30:00,784.74,12.71
2024-08-28 13:00:00,784.84,12.646
2024-08-28 13:30:00,784.95,12.576
2024-08-28 14:00:00,785.04,12.504
2024-08-28 14:30:00,785.01,12.433
2024-08-28 15:00:00,784.89,12.368
2024-08-28 15:30:00,784.68,12.318
2024-08-28 16:00:00,784.48,12.298
2024-08-28 16:30:00,784.4,12.303
2024-08-28 17:00:00,784.32,12.327
2024-08-28 17:30:00,784.31,12.362
2024-08-28 18:00:00,784.34,12.405
2024-08-28 18:30:00,784.24,12.46
2024-08-28 19:00:00,783.95,12.524
2024-08-28 19:30:00,783.69,12.601
2024-08-28 20:00:00,783.66,12.686
2024-08-28 20:30:00,783.54,12.776
2024-08-28 21:00:00,783.5,12.876
2024-08-28 21:30:00,783.34,12.976
2024-08-28 22:00:00,783.27,13.08
2024-08-28 22:30:00,783.16,13.173
2024-08-28 23:00:00,783.03,13.259
2024-08-28 23:30:00,783.03,13.337
2024-08-29 00:00:00,783.06,13.412
2024-08-29 00:30:00,782.99,13.48
2024-08-29 01:00:00,782.87,13.542
2024-08-29 01:30:00,783.03,13.596
2024-08-29 02:00:00,783.24,13.638
2024-08-29 02:30:00,783.28,13.676
2024-08-29 03:00:00,783.53,13.703
2024-08-29 03:30:00,783.69,13.722
2024-08-29 04:00:00,783.92,13.733
2024-08-29 04:30:00,784.0,13.737
2024-08-29 05:00:00,784.07,13.731
2024-08-29 05:30:00,784.14,13.719
2024-08-29 06:00:00,784.3,13.7
2024-08-29 06:30:00,784.24,13.674
2024-08-29 07:00:00,784.34,13.641
2024-08-29 07:30:00,784.48,13.598
2024-08-29 08:00:00,784.5,13.556
2024-08-29 08:30:00,784.57,13.514
2024-08-29 09:00:00,784.52,13.468
2024-08-29 09:30:00,784.61,13.42
2024-08-29 10:00:00,784.67,13.364
2024-08-29 10:30:00,784.73,13.306
2024-08-29 11:00:00,784.71,13.251
2024-08-29 11:30:00,784.85,13.193
2024-08-29 12:00:00,784.91,13.142
2024-08-29 12:30:00,785.0,13.087
2024-08-29 13:00:00,784.99,13.032
2024-08-29 13:30:00,785.22,12.978
2024-08-29 14:00:00,785.36,12.921
2024-08-29 14:30:00,785.45,12.86
2024-08-29 15:00:00,785.51,12.8
2024-08-29 15:30:00,785.4,12.749
2024-08-29 16:00:00,785.45,12.722
2024-08-29 16:30:00,785.42,12.722
2024-08-29 17:00:00,785.47,12.749
2024-08-29 17:30:00,785.48,12.793
2024-08-29 18:00:00,785.37,12.851
2024-08-29 18:30:00,785.36,12.92
2024-08-29 19:00:00,785.27,12.99
2024-08-29 19:30:00,785.24,13.064
2024-08-29 20:00:00,785.09,13.143
2024-08-29 20:30:00,785.07,13.233
2024-08-29 21:00:00,785.04,13.33
2024-08-29 21:30:00,784.92,13.432
2024-08-29 22:00:00,784.78,13.527
2024-08-29 22:30:00,784.71,13.622
2024-08-29 23:00:00,784.74,13.712
2024-08-29 23:30:00,784.96,13.797
2024-08-30 00:00:00,784.88,13.876
2024-08-30 00:30:00,784.97,13.948
2024-08-30 01:00:00,785.08,14.011
2024-08-30 01:30:00,785.26,14.064
2024-08-30 02:00:00,785.38,14.112
2024-08-30 02:30:00,785.53,14.151
2024-08-30 03:00:00,785.81,14.179
2024-08-30 03:30:00,786.11,14.202
2024-08-30 04:00:00,786.28,14.211
2024-08-30 04:30:00,786.48,14.219
2024-08-30 05:00:00,786.64,14.216
2024-08-30 05:30:00,786.79,14.208
2024-08-30 06:00:00,786.9,14.193
2024-08-30 06:30:00,787.03,14.173
2024-08-30 07:00:00,787.14,14.149
2024-08-30 07:30:00,787.15,14.117
2024-08-30 08:00:00,787.12,14.079
2024-08-30 08:30:00,787.09,14.035
2024-08-30 09:00:00,787.03,13.983
2024-08-30 09:30:00,787.08,13.936
2024-08-30 10:00:00,787.05,13.883
2024-08-30 10:30:00,787.06,13.828
2024-08-30 11:00:00,787.07,13.767
2024-08-30 11:30:00,787.08,13.699
2024-08-30 12:00:00,787.13,13.631
2024-08-30 12:30:00,787.2,13.559
2024-08-30 13:00:00,787.18,13.487
2024-08-30 13:30:00,787.35,13.416
2024-08-30 14:00:00,787.58,13.345
2024-08-30 14:30:00,787.81,13.279
2024-08-30 15:00:00,787.86,13.217
2024-08-30 15:30:00,787.84,13.163
2024-08-30 16:00:00,787.86,13.135
2024-08-30 16:30:00,787.9,13.132
2024-08-30 17:00:00,787.96,13.149
2024-08-30 17:30:00,787.91,13.179
2024-08-30 18:00:00,787.98,13.222
2024-08-30 18:30:00,788.01,13.28
2024-08-30 19:00:00,787.93,13.344
2024-08-30 19:30:00,787.8,13.414
2024-08-30 20:00:00,787.63,13.497
2024-08-30 20:30:00,787.63,13.581
2024-08-30 21:00:00,787.56,13.668
2024-08-30 21:30:00,787.65,13.747
2024-08-30 22:00:00,787.48,13.818
2024-08-30 22:30:00,787.5,13.881
2024-08-30 23:00:00,787.31,13.939
2024-08-30 23:30:00,787.56,13.994
2024-08-31 00:00:00,787.57,14.047
2024-08-31 00:30:00,787.58,14.091
2024-08-31 01:00:00,787.78,14.129
2024-08-31 01:30:00,787.74,14.166
2024-08-31 02:00:00,787.99,14.198
2024-08-31 02:30:00,788.27,14.222
2024-08-31 03:00:00,788.62,14.243
2024-08-31 03:30:00,788.9,14.253
2024-08-31 04:00:00,789.13,14.258
2024-08-31 04:30:00,789.29,14.255
2024-08-31 05:00:00,789.46,14.246
2024-08-31 05:30:00,789.6,14.23
2024-08-31 06:00:00,789.57,14.209
2024-08-31 06:30:00,789.36,14.181
2024-08-31 07:00:00,789.38,14.146
2024-08-31 07:30:00,789.39,14.1
2024-08-31 08:00:00,789.5,14.053
2024-08-31 08:30:00,789.41,13.999
2024-08-31 09:00:00,789.27,13.941
2024-08-31 09:30:00,789.17,13.883
2024-08-31 10:00:00,789.09,13.824
2024-08-31 10:30:00,788.98,13.769
2024-08-31 11:00:00,788.84,13.708
2024-08-31 11:30:00,788.74,13.641
2024-08-31 12:00:00,788.68,13.575
2024-08-31 12:30:00,788.54,13.502
2024-08-31 13:00:00,788.63,13.426
2024-08-31 13:30:00,788.86,13.346
2024-08-31 14:00:00,789.14,13.269
2024-08-31 14:30:00,789.09,13.194
2024-08-31 15:00:00,789.1,13.13
2024-08-31 15:30:00,789.0,13.076
2024-08-31 16:00:00,788.95,13.046
2024-08-31 16:30:00,788.99,13.046
2024-08-31 17:00:00,789.08,13.063
2024-08-31 17:30:00,789.08,13.094
2024-08-31 18:00:00,789.19,13.134
2024-08-31 18:30:00,788.95,13.184
2024-08-31 19:00:00,789.01,13.245
2024-08-31 19:30:00,788.43,13.314
2024-08-31 20:00:00,788.38,13.385
2024-08-31 20:30:00,788.26,13.46
2024-08-31 21:00:00,788.04,13.535
2024-08-31 21:30:00,787.8,13.61
2024-08-31 22:00:00,787.65,13.689
2024-08-31 22:30:00,787.75,13.77
2024-08-31 23:00:00,787.61,13.842
2024-08-31 23:30:00,787.73,13.912
2024-09-01 00:00:00,787.71,13.975
2024-09-01 00:30:00,787.95,14.033
2024-09-01 01:00:00,788.26,14.081
2024-09-01 01:30:00,788.13,14.113
2024-09-01 02:00:00,788.05,14.143
2024-09-01 02:30:00,788.25,14.168
2024-09-01 03:00:00,788.59,14.181
2024-09-01 03:30:00,789.05,14.196
2024-09-01 04:00:00,789.38,14.203
2024-09-01 04:30:00,789.65,14.21
2024-09-01 05:00:00,789.65,14.207
2024-09-01 05:30:00,789.74,14.204
2024-09-01 06:00:00,789.78,14.195
2024-09-01 06:30:00,789.68,14.18
2024-09-01 07:00:00,789.5,14.165
2024-09-01 07:30:00,789.35,14.139
2024-09-01 08:00:00,789.14,14.104
2024-09-01 08:30:00,788.88,14.067
2024-09-01 09:00:00,788.69,14.019
2024-09-01 09:30:00,788.48,13.967
2024-09-01 10:00:00,788.37,13.913
2024-09-01 10:30:00,788.24,13.853
2024-09-01 11:00:00,788.06,13.792
2024-09-01 11:30:00,787.96,13.728
2024-09-01 12:00:00,787.99,13.663
2024-09-01 12:30:00,787.86,13.594
2024-09-01 13:00:00,787.85,13.524
2024-09-01 13:30:00,787.83,13.451
2024-09-01 14:00:00,787.91,13.378
2024-09-01 14:30:00,787.85,13.304
2024-09-01 15:00:00,787.97,13.238
2024-09-01 15:30:00,788.02,13.177
2024-09-01 16:00:00,788.0,13.146
2024-09-01 16:30:00,788.04,13.141
2024-09-01 17:00:00,788.21,13.151
2024-09-01 17:30:00,788.17,13.173
2024-09-01 18:00:00,788.21,13.206
2024-09-01 18:30:00,788.02,13.249
2024-09-01 19:00:00,788.04,13.293
2024-09-01 19:30:00,788.08,13.355
2024-09-01 20:00:00,787.61,13.425
2024-09-01 20:30:00,787.9,13.499
2024-09-01 21:00:00,787.66,13.569
2024-09-01 21:30:00,787.59,13.649
2024-09-01 22:00:00,787.45,13.729
2024-09-01 22:30:00,787.2,13.807
2024-09-01 23:00:00,787.17,13.876
2024-09-01 23:30:00,787.1,13.932
2024-09-02 00:00:00,787.1,13.989
2024-09-02 00:30:00,787.12,14.042
2024-09-02 01:00:00,787.07,14.09
2024-09-02 01:30:00,787.17,14.134
2024-09-02 02:00:00,787.12,14.18
2024-09-02 02:30:00,787.12,14.219
2024-09-02 03:00:00,787.26,14.251
2024-09-02 03:30:00,787.41,14.271
2024-09-02 04:00:00,787.59,14.287
2024-09-02 04:30:00,787.65,14.296
2024-09-02 05:00:00,787.73,14.306
2024-09-02 05:30:00,787.79,14.307
2024-09-02 06:00:00,787.88,14.303
2024-09-02 06:30:00,787.9,14.296
2024-09-02 07:00:00,787.9,14.282
2024-09-02 07:30:00,787.82,14.263
2024-09-02 08:00:00,787.63,14.237
2024-09-02 08:30:00,787.44,14.206
2024-09-02 09:00:00,787.31,14.168
2024-09-02 09:30:00,787.17,14.122
2024-09-02 10:00:00,787.0,14.073
2024-09-02 10:30:00,786.83,14.018
2024-09-02 11:00:00,786.8,13.96
2024-09-02 11:30:00,786.75,13.899
2024-09-02 12:00:00,786.62,13.834
2024-09-02 12:30:00,786.58,13.768
2024-09-02 13:00:00,786.57,13.702
2024-09-02 13:30:00,786.62,13.634
2024-09-02 14:00:00,786.79,13.563
2024-09-02 14:30:00,786.81,13.497
2024-09-02 15:00:00,786.87,13.435
2024-09-02 15:30:00,786.92,13.378
2024-09-02 16:00:00,786.95,13.345
2024-09-02 16:30:00,787.07,13.33
2024-09-02 17:00:00,787.3,13.333
2024-09-02 17:30:00,787.19,13.343
2024-09-02 18:00:00,787.18,13.36
2024-09-02 18:30:00,787.29,13.38
2024-09-02 19:00:00,787.29,13.411
2024-09-02 19:30:00,787.23,13.448
2024-09-02 20:00:00,787.23,13.496
2024-09-02 20:30:00,787.22,13.549
2024-09-02 21:00:00,787.01,13.598
2024-09-02 21:30:00,787.08,13.64
2024-09-02 22:00:00,786.94,13.676
2024-09-02 22:30:00,787.03,13.711
2024-09-02 23:00:00,787.19,13.747
2024-09-02 23:30:00,787.11,13.78
2024-09-03 00:00:00,786.92,13.807
2024-09-03 00:30:00,786.89,13.836
2024-09-03 01:00:00,786.94,13.855
2024-09-03 01:30:00,786.97,13.871
2024-09-03 02:00:00,786.92,13.884
2024-09-03 02:30:00,787.0,13.89
2024-09-03 03:00:00,787.2,13.898
2024-09-03 03:30:00,787.44,13.895
2024-09-03 04:00:00,787.58,13.891
2024-09-03 04:30:00,787.74,13.884
2024-09-03 05:00:00,787.79,13.874
2024-09-03 05:30:00,787.99,13.863
2024-09-03 06:00:00,787.98,13.845
2024-09-03 06:30:00,787.97,13.825
2024-09-03 07:00:00,787.96,13.799
2024-09-03 07:30:00,788.0,13.768
2024-09-03 08:00:00,787.9,13.733
2024-09-03 08:30:00,787.8,13.694
2024-09-03 09:00:00,787.7,13.649
2024-09-03 09:30:00,787.71,13.601
2024-09-03 10:00:00,787.79,13.549
2024-09-03 10:30:00,787.9,13.494
2024-09-03 11:00:00,787.88,13.434
2024-09-03 11:30:00,787.88,13.373
2024-09-03 12:00:00,787.94,13.309
2024-09-03 12:30:00,788.1,13.249
2024-09-03 13:00:00,788.28,13.181
2024-09-03 13:30:00,788.41,13.111
2024-09-03 14:00:00,788.61,13.04
2024-09-03 14:30:00,788.63,12.97
2024-09-03 15:00:00,788.62,12.899
2024-09-03 15:30:00,788.54,12.839
2024-09-03 16:00:00,788.71,12.811
2024-09-03 16:30:00,788.8,12.805
2024-09-03 17:00:00,788.89,12.815
2024-09-03 17:30:00,788.92,12.836
2024-09-03 18:00:00,789.08,12.863
2024-09-03 18:30:00,789.0,12.898
2024-09-03 19:00:00,789.09,12.94
2024-09-03 19:30:00,789.04,12.99
2024-09-03 20:00:00,788.98,13.049
2024-09-03 20:30:00,789.0,13.114
2024-09-03 21:00:00,788.8,13.181
2024-09-03 21:30:00,788.94,13.256
2024-09-03 22:00:00,788.8,13.332
2024-09-03 22:30:00,788.75,13.397
2024-09-03 23:00:00,788.84,13.467
2024-09-03 23:30:00,788.81,13.528
2024-09-04 00:00:00,788.69,13.592
2024-09-04 00:30:00,788.8,13.654
2024-09-04 01:00:00,789.04,13.714
2024-09-04 01:30:00,789.15,13.772
2024-09-04 02:00:00,789.23,13.826
2024-09-04 02:30:00,789.42,13.878
2024-09-04 03:00:00,789.54,13.92
2024-09-04 03:30:00,789.76,13.957
2024-09-04 04:00:00,789.95,13.99
2024-09-04 04:30:00,790.2,14.014
2024-09-04 05:00:00,790.32,14.032
2024-09-04 05:30:00,790.29,14.043
2024-09-04 06:00:00,790.28,14.051
2024-09-04 06:30:00,790.41,14.049
2024-09-04 07:00:00,790.53,14.044
2024-09-04 07:30:00,790.48,14.032
2024-09-04 08:00:00,790.42,14.011
2024-09-04 08:30:00,790.4,13.982
2024-09-04 09:00:00,790.32,13.942
2024-09-04 09:30:00,790.3,13.897
2024-09-04 10:00:00,790.36,13.84
2024-09-04 10:30:00,790.25,13.782
2024-09-04 11:00:00,790.2,13.728
2024-09-04 11:30:00,790.16,13.67
2024-09-04 12:00:00,790.29,13.613
2024-09-04 12:30:00,790.32,13.549
2024-09-04 13:00:00,790.39,13.485
2024-09-04 13:30:00,790.51,13.416
2024-09-04 14:00:00,790.76,13.347
2024-09-04 14:30:00,790.91,13.274
2024-09-04 15:00:00,790.9,13.204
2024-09-04 15:30:00,790.91,13.143
2024-09-04 16:00:00,790.93,13.106
2024-09-04 16:30:00,790.93,13.098
2024-09-04 17:00:00,790.89,13.103
2024-09-04 17:30:00,790.96,13.118
2024-09-04 18:00:00,790.91,13.141
2024-09-04 18:30:00,791.05,13.163
2024-09-04 19:00:00,791.1,13.195
2024-09-04 19:30:00,791.07,13.233
2024-09-04 20:00:00,791.07,13.279
2024-09-04 20:30:00,791.05,13.331
2024-09-04 21:00:00,791.16,13.391
2024-09-04 21:30:00,791.21,13.46
2024-09-04 22:00:00,791.31,13.537
2024-09-04 22:30:00,791.35,13.613
2024-09-04 23:00:00,791.43,13.683
2024-09-04 23:30:00,791.41,13.753
2024-09-05 00:00:00,791.53,13.822
2024-09-05 00:30:00,791.72,13.89
2024-09-05 01:00:00,791.8,13.957
2024-09-05 01:30:00,791.84,14.023
2024-09-05 02:00:00,791.89,14.082
2024-09-05 02:30:00,792.07,14.14
2024-09-05 03:00:00,792.3,14.189
2024-09-05 03:30:00,792.56,14.231
2024-09-05 04:00:00,792.92,14.268
2024-09-05 04:30:00,793.1,14.299
2024-09-05 05:00:00,793.15,14.327
2024-09-05 05:30:00,793.21,14.346
2024-09-05 06:00:00,793.22,14.359
2024-09-05 06:30:00,793.19,14.367
2024-09-05 07:00:00,793.13,14.372
2024-09-05 07:30:00,793.1,14.372
2024-09-05 08:00:00,793.07,14.362
2024-09-05 08:30:00,793.03,14.346
2024-09-05 09:00:00,793.01,14.313
2024-09-05 09:30:00,793.01,14.267
2024-09-05 10:00:00,793.09,14.215
2024-09-05 10:30:00,793.0,14.151
2024-09-05 11:00:00,792.86,14.084
2024-09-05 11:30:00,792.82,14.019
2024-09-05 12:00:00,792.85,13.945
2024-09-05 12:30:00,792.77,13.871
2024-09-05 13:00:00,792.93,13.801
2024-09-05 13:30:00,793.24,13.734
2024-09-05 14:00:00,793.43,13.665
2024-09-05 14:30:00,793.35,13.598
2024-09-05 15:00:00,793.32,13.528
2024-09-05 15:30:00,793.27,13.469
2024-09-05 16:00:00,793.18,13.433
2024-09-05 16:30:00,793.17,13.422
2024-09-05 17:00:00,793.2,13.427
2024-09-05 17:30:00,793.18,13.439
2024-09-05 18:00:00,793.1,13.46
2024-09-05 18:30:00,793.1,13.484
2024-09-05 19:00:00,793.01,13.517
2024-09-05 19:30:00,792.87,13.556
2024-09-05 20:00:00,792.78,13.603
2024-09-05 20:30:00,792.76,13.661
2024-09-05 21:00:00,792.64,13.721
2024-09-05 21:30:00,792.5,13.791
2024-09-05 22:00:00,792.47,13.862
2024-09-05 22:30:00,792.49,13.938
2024-09-05 23:00:00,792.37,14.01
2024-09-05 23:30:00,792.23,14.086
2024-09-06 00:00:00,792.31,14.154
2024-09-06 00:30:00,792.38,14.224
2024-09-06 01:00:00,792.25,14.298
2024-09-06 01:30:00,792.15,14.364
2024-09-06 02:00:00,792.15,14.424
2024-09-06 02:30:00,792.22,14.481
2024-09-06 03:00:00,792.38,14.531
2024-09-06 03:30:00,792.71,14.57
2024-09-06 04:00:00,792.85,14.603
2024-09-06 04:30:00,792.95,14.631
2024-09-06 05:00:00,793.01,14.655
2024-09-06 05:30:00,793.07,14.67
2024-09-06 06:00:00,793.04,14.68
2024-09-06 06:30:00,793.11,14.684
2024-09-06 07:00:00,793.07,14.685
2024-09-06 07:30:00,793.03,14.675
2024-09-06 08:00:00,792.98,14.664
2024-09-06 08:30:00,792.98,14.644
2024-09-06 09:00:00,792.94,14.612
2024-09-06 09:30:00,792.86,14.568
2024-09-06 10:00:00,792.73,14.518
2024-09-06 10:30:00,792.55,14.469
2024-09-06 11:00:00,792.37,14.417
2024-09-06 11:30:00,792.17,14.363
2024-09-06 12:00:00,792.07,14.308
2024-09-06 12:30:00,792.02,14.25
2024-09-06 13:00:00,791.99,14.19
2024-09-06 13:30:00,792.13,14.126
2024-09-06 14:00:00,792.24,14.063
2024-09-06 14:30:00,792.21,14.0
2024-09-06 15:00:00,792.12,13.936
2024-09-06 15:30:00,791.95,13.882
2024-09-06 16:00:00,791.74,13.846
2024-09-06 16:30:00,791.52,13.833
2024-09-06 17:00:00,791.73,13.832
2024-09-06 17:30:00,791.7,13.838
2024-09-06 18:00:00,791.64,13.852
2024-09-06 18:30:00,791.82,13.866
2024-09-06 19:00:00,791.83,13.885
2024-09-06 19:30:00,791.85,13.906
2024-09-06 20:00:00,791.58,13.925
2024-09-06 20:30:00,791.52,13.95
2024-09-06 21:00:00,791.49,13.979
2024-09-06 21:30:00,791.24,14.009
2024-09-06 22:00:00,791.78,14.046
2024-09-06 22:30:00,791.33,14.085
2024-09-06 23:00:00,791.37,14.117
2024-09-06 23:30:00,791.12,14.148
2024-09-07 00:00:00,791.04,14.172
2024-09-07 00:30:00,790.9,14.199
2024-09-07 01:00:00,790.85,14.224
2024-09-07 01:30:00,790.84,14.255
2024-09-07 02:00:00,790.84,14.282
2024-09-07 02:30:00,790.84,14.306
2024-09-07 03:00:00,791.06,14.32
2024-09-07 03:30:00,791.22,14.327
2024-09-07 04:00:00,791.4,14.334
2024-09-07 04:30:00,791.41,14.333
2024-09-07 05:00:00,791.38,14.327
2024-09-07 05:30:00,791.42,14.314
2024-09-07 06:00:00,791.43,14.292
2024-09-07 06:30:00,791.4,14.262
2024-09-07 07:00:00,791.54,14.227
2024-09-07 07:30:00,791.47,14.186
2024-09-07 08:00:00,791.21,14.143
2024-09-07 08:30:00,791.12,14.101
2024-09-07 09:00:00,790.8,14.058
2024-09-07 09:30:00,790.45,14.013
2024-09-07 10:00:00,790.33,13.962
2024-09-07 10:30:00,790.12,13.911
2024-09-07 11:00:00,789.93,13.858
2024-09-07 11:30:00,789.87,13.796
2024-09-07 12:00:00,789.8,13.737
2024-09-07 12:30:00,789.7,13.669
2024-09-07 13:00:00,789.75,13.602
2024-09-07 13:30:00,789.8,13.531
2024-09-07 14:00:00,789.9,13.46
2024-09-07 14:30:00,789.97,13.386
2024-09-07 15:00:00,789.82,13.314
2024-09-07 15:30:00,789.71,13.253
2024-09-07 16:00:00,789.66,13.214
2024-09-07 16:30:00,789.54,13.195
2024-09-07 17:00:00,789.7,13.188
2024-09-07 17:30:00,789.83,13.199
2024-09-07 18:00:00,789.67,13.217
2024-09-07 18:30:00,789.49,13.236
2024-09-07 19:00:00,789.77,13.259
2024-09-07 19:30:00,789.45,13.286
2024-09-07 20:00:00,789.23,13.309
2024-09-07 20:30:00,789.14,13.34
2024-09-07 21:00:00,788.97,13.373
2024-09-07 21:30:00,789.0,13.414
2024-09-07 22:00:00,788.85,13.461
2024-09-07 22:30:00,788.37,13.513
2024-09-07 23:00:00,788.28,13.563
2024-09-07 23:30:00,788.21,13.612
2024-09-08 00:00:00,787.95,13.659
2024-09-08 00:30:00,787.97,13.704
2024-09-08 01:00:00,787.8,13.746
2024-09-08 01:30:00,787.6,13.787
2024-09-08 02:00:00,787.58,13.827
2024-09-08 02:30:00,787.59,13.855
2024-09-08 03:00:00,787.75,13.882
2024-09-08 03:30:00,787.85,13.899
2024-09-08 04:00:00,788.09,13.91
2024-09-08 04:30:00,788.17,13.92
2024-09-08 05:00:00,788.16,13.92
2024-09-08 05:30:00,788.28,13.916
2024-09-08 06:00:00,788.11,13.91
2024-09-08 06:30:00,787.97,13.898
2024-09-08 07:00:00,787.89,13.88
2024-09-08 07:30:00,787.78,13.856
2024-09-08 08:00:00,787.79,13.821
2024-09-08 08:30:00,787.59,13.784
2024-09-08 09:00:00,787.33,13.743
2024-09-08 09:30:00,787.25,13.695
2024-09-08 10:00:00,787.18,13.645
2024-09-08 10:30:00,787.09,13.59
2024-09-08 11:00:00,786.96,13.536
2024-09-08 11:30:00,786.94,13.478
2024-09-08 12:00:00,786.97,13.419
2024-09-08 12:30:00,786.93,13.356
2024-09-08 13:00:00,786.99,13.286
2024-09-08 13:30:00,787.16,13.215
2024-09-08 14:00:00,787.41,13.143
2024-09-08 14:30:00,787.48,13.072
2024-09-08 15:00:00,787.54,13.0
2024-09-08 15:30:00,787.42,12.935
2024-09-08 16:00:00,787.28,12.894
2024-09-08 16:30:00,787.36,12.882
2024-09-08 17:00:00,787.41,12.892
2024-09-08 17:30:00,787.65,12.913
2024-09-08 18:00:00,787.71,12.943
2024-09-08 18:30:00,787.65,12.981
2024-09-08 19:00:00,787.73,13.024
2024-09-08 19:30:00,787.75,13.077
2024-09-08 20:00:00,787.59,13.132
2024-09-08 20:30:00,787.53,13.19
2024-09-08 21:00:00,787.6,13.254
2024-09-08 21:30:00,787.48,13.321
2024-09-08 22:00:00,787.39,13.39
2024-09-08 22:30:00,787.22,13.453
2024-09-08 23:00:00,787.16,13.516
2024-09-08 23:30:00,786.99,13.576
2024-09-09 00:00:00,786.85,13.629
2024-09-09 00:30:00,786.73,13.679
2024-09-09 01:00:00,786.68,13.726
2024-09-09 01:30:00,786.69,13.767
2024-09-09 02:00:00,786.7,13.804
2024-09-09 02:30:00,786.89,13.838
2024-09-09 03:00:00,787.09,13.865
2024-09-09 03:30:00,787.52,13.882
2024-09-09 04:00:00,787.75,13.897
2024-09-09 04:30:00,787.8,13.905
2024-09-09 05:00:00,787.92,13.907
2024-09-09 05:30:00,787.95,13.901
2024-09-09 06:00:00,787.84,13.887
2024-09-09 06:30:00,787.86,13.869
2024-09-09 07:00:00,787.77,13.84
2024-09-09 07:30:00,787.86,13.806
2024-09-09 08:00:00,787.97,13.762
2024-09-09 08:30:00,787.93,13.712
2024-09-09 09:00:00,787.74,13.658
2024-09-09 09:30:00,787.66,13.604
2024-09-09 10:00:00,787.57,13.545
2024-09-09 10:30:00,787.42,13.484
2024-09-09 11:00:00,787.49,13.42
2024-09-09 11:30:00,787.5,13.353
2024-09-09 12:00:00,787.64,13.282
2024-09-09 12:30:00,787.55,13.21
2024-09-09 13:00:00,787.42,13.135
2024-09-09 13:30:00,787.67,13.062
2024-09-09 14:00:00,787.79,12.985
2024-09-09 14:30:00,787.87,12.905
2024-09-09 15:00:00,787.9,12.832
2024-09-09 15:30:00,787.83,12.761
2024-09-09 16:00:00,787.65,12.711
2024-09-09 16:30:00,787.67,12.7
2024-09-09 17:00:00,787.76,12.712
2024-09-09 17:30:00,787.95,12.734
2024-09-09 18:00:00,787.94,12.767
2024-09-09 18:30:00,788.05,12.803
2024-09-09 19:00:00,788.04,12.846
2024-09-09 19:30:00,787.97,12.897
2024-09-09 20:00:00,787.83,12.955
2024-09-09 20:30:00,787.62,13.013
2024-09-09 21:00:00,787.57,13.08
2024-09-09 21:30:00,787.51,13.147
2024-09-09 22:00:00,787.38,13.215
2024-09-09 22:30:00,787.33,13.282
2024-09-09 23:00:00,787.37,13.345
2024-09-09 23:30:00,787.09,13.404
2024-09-10 00:00:00,787.01,13.462
2024-09-10 00:30:00,786.89,13.513
2024-09-10 01:00:00,786.93,13.565
2024-09-10 01:30:00,787.07,13.612
2024-09-10 02:00:00,787.0,13.652
2024-09-10 02:30:00,786.98,13.691
2024-09-10 03:00:00,787.1,13.723
2024-09-10 03:30:00,787.34,13.747
2024-09-10 04:00:00,787.53,13.761
2024-09-10 04:30:00,787.61,13.768
2024-09-10 05:00:00,787.36,13.769
2024-09-10 05:30:00,787.15,13.757
2024-09-10 06:00:00,787.03,13.734
2024-09-10 06:30:00,787.0,13.702
2024-09-10 07:00:00,786.79,13.668
2024-09-10 07:30:00,786.66,13.629
2024-09-10 08:00:00,786.53,13.586
2024-09-10 08:30:00,786.59,13.539
2024-09-10 09:00:00,786.41,13.488
2024-09-10 09:30:00,786.36,13.427
2024-09-10 10:00:00,786.24,13.365
2024-09-10 10:30:00,786.06,13.296
2024-09-10 11:00:00,785.78,13.228
2024-09-10 11:30:00,785.67,13.158
2024-09-10 12:00:00,785.49,13.085
2024-09-10 12:30:00,785.35,13.007
2024-09-10 13:00:00,785.2,12.927
2024-09-10 13:30:00,785.12,12.84
2024-09-10 14:00:00,785.18,12.751
2024-09-10 14:30:00,785.28,12.667
2024-09-10 15:00:00,785.18,12.582
2024-09-10 15:30:00,785.07,12.504
2024-09-10 16:00:00,784.8,12.452
2024-09-10 16:30:00,784.62,12.439
2024-09-10 17:00:00,784.79,12.451
2024-09-10 17:30:00,784.64,12.477
2024-09-10 18:00:00,784.59,12.515
2024-09-10 18:30:00,784.61,12.554
2024-09-10 19:00:00,784.36,12.599
2024-09-10 19:30:00,784.11,12.649
2024-09-10 20:00:00,784.09,12.71
2024-09-10 20:30:00,783.9,12.769
2024-09-10 21:00:00,783.51,12.833
2024-09-10 21:30:00,783.38,12.904
2024-09-10 22:00:00,783.14,12.976
2024-09-10 22:30:00,783.15,13.041
2024-09-10 23:00:00,782.87,13.102
2024-09-10 23:30:00,782.58,13.161
2024-09-11 00:00:00,782.62,13.218
2024-09-11 00:30:00,782.61,13.264
2024-09-11 01:00:00,782.37,13.31
2024-09-11 01:30:00,782.25,13.349
2024-09-11 02:00:00,782.23,13.383
2024-09-11 02:30:00,782.05,13.412
2024-09-11 03:00:00,782.04,13.432
2024-09-11 03:30:00,782.17,13.441
2024-09-11 04:00:00,782.38,13.442
2024-09-11 04:30:00,782.22,13.433
2024-09-11 05:00:00,782.22,13.406
2024-09-11 05:30:00,782.23,13.374
2024-09-11 06:00:00,782.1,13.327
2024-09-11 06:30:00,782.07,13.28
2024-09-11 07:00:00,781.84,13.227
2024-09-11 07:30:00,781.53,13.174
2024-09-11 08:00:00,781.58,13.116
2024-09-11 08:30:00,781.39,13.052
2024-09-11 09:00:00,781.31,12.983
2024-09-11 09:30:00,781.01,12.913
2024-09-11 10:00:00,781.16,12.837
2024-09-11 10:30:00,780.95,12.759
2024-09-11 11:00:00,780.77,12.683
2024-09-11 11:30:00,780.57,12.604
2024-09-11 12:00:00,780.28,12.516
2024-09-11 12:30:00,780.41,12.426
2024-09-11 13:00:00,780.28,12.333
2024-09-11 13:30:00,780.39,12.246
2024-09-11 14:00:00,780.38,12.158
2024-09-11 14:30:00,780.34,12.055
2024-09-11 15:00:00,780.08,11.959
2024-09-11 15:30:00,780.0,11.86
2024-09-11 16:00:00,779.84,11.781
2024-09-11 16:30:00,779.75,11.775
2024-09-11 17:00:00,779.75,11.801
2024-09-11 17:30:00,779.84,11.843
2024-09-11 18:00:00,779.71,11.897
2024-09-11 18:30:00,779.76,11.959
2024-09-11 19:00:00,779.54,12.012
2024-09-11 19:30:00,779.21,12.08
2024-09-11 20:00:00,779.04,12.147
2024-09-11 20:30:00,778.95,12.215
2024-09-11 21:00:00,778.8,12.284
2024-09-11 21:30:00,778.9,12.352
2024-09-11 22:00:00,778.71,12.422
2024-09-11 22:30:00,778.68,12.484
2024-09-11 23:00:00,778.63,12.541
2024-09-11 23:30:00,778.18,12.589
2024-09-12 00:00:00,778.06,12.627
2024-09-12 00:30:00,777.89,12.665
2024-09-12 01:00:00,777.88,12.699
2024-09-12 01:30:00,777.68,12.725
2024-09-12 02:00:00,777.49,12.749
2024-09-12 02:30:00,777.47,12.763
2024-09-12 03:00:00,777.51,12.771
2024-09-12 03:30:00,777.73,12.763
2024-09-12 04:00:00,777.84,12.741
2024-09-12 04:30:00,777.81,12.705
2024-09-12 05:00:00,777.78,12.66
2024-09-12 05:30:00,777.63,12.603
2024-09-12 06:00:00,777.56,12.555
2024-09-12 06:30:00,777.33,12.509
2024-09-12 07:00:00,777.15,12.453
2024-09-12 07:30:00,777.09,12.389
2024-09-12 08:00:00,776.99,12.31
2024-09-12 08:30:00,776.77,12.235
2024-09-12 09:00:00,776.67,12.189
2024-09-12 09:30:00,776.58,12.104
2024-09-12 10:00:00,776.46,12.03
2024-09-12 10:30:00,776.34,11.96
2024-09-12 11:00:00,776.3,11.891
2024-09-12 11:30:00,776.2,11.828
2024-09-12 12:00:00,776.15,11.745
2024-09-12 12:30:00,776.08,11.656
2024-09-12 13:00:00,776.02,11.56
2024-09-12 13:30:00,776.14,11.463
2024-09-12 14:00:00,776.31,11.365
2024-09-12 14:30:00,776.54,11.275
2024-09-12 15:00:00,776.4,11.193
2024-09-12 15:30:00,776.15,11.113
2024-09-12 16:00:00,776.1,11.067
2024-09-12 16:30:00,776.17,11.068
2024-09-12 17:00:00,776.24,11.098
2024-09-12 17:30:00,776.12,11.144
2024-09-12 18:00:00,776.04,11.2
2024-09-12 18:30:00,776.35,11.264
2024-09-12 19:00:00,776.47,11.337
2024-09-12 19:30:00,776.4,11.406
2024-09-12 20:00:00,776.34,11.483
2024-09-12 20:30:00,776.21,11.56
2024-09-12 21:00:00,776.13,11.642
2024-09-12 21:30:00,776.18,11.726
2024-09-12 22:00:00,776.14,11.807
2024-09-12 22:30:00,776.08,11.879
2024-09-12 23:00:00,776.2,11.946
2024-09-12 23:30:00,776.05,12.004
2024-09-13 00:00:00,776.12,12.057
2024-09-13 00:30:00,776.23,12.102
2024-09-13 01:00:00,776.44,12.144
2024-09-13 01:30:00,776.51,12.178
2024-09-13 02:00:00,776.61,12.21
2024-09-13 02:30:00,776.67,12.233
2024-09-13 03:00:00,776.92,12.25
2024-09-13 03:30:00,776.99,12.256
2024-09-13 04:00:00,777.18,12.245
2024-09-13 04:30:00,777.14,12.224
2024-09-13 05:00:00,777.21,12.202
2024-09-13 05:30:00,777.38,12.177
2024-09-13 06:00:00,777.36,12.152
2024-09-13 06:30:00,777.38,12.127
2024-09-13 07:00:00,777.5,12.1
2024-09-13 07:30:00,777.52,12.066
2024-09-13 08:00:00,777.49,12.024
2024-09-13 08:30:00,777.47,11.975
2024-09-13 09:00:00,777.44,11.925
2024-09-13 09:30:00,777.32,11.869
2024-09-13 10:00:00,777.23,11.808
2024-09-13 10:30:00,777.22,11.75
2024-09-13 11:00:00,777.31,11.683
2024-09-13 11:30:00,777.31,11.615
2024-09-13 12:00:00,777.48,11.543
2024-09-13 12:30:00,777.66,11.477
2024-09-13 13:00:00,777.75,11.41
2024-09-13 13:30:00,777.96,11.342
2024-09-13 14:00:00,778.13,11.271
2024-09-13 14:30:00,778.24,11.2
2024-09-13 15:00:00,778.13,11.126
2024-09-13 15:30:00,778.04,11.06
2024-09-13 16:00:00,777.98,11.027
2024-09-13 16:30:00,778.0,11.031
2024-09-13 17:00:00,778.04,11.067
2024-09-13 17:30:00,778.03,11.115
2024-09-13 18:00:00,778.04,11.17
2024-09-13 18:30:00,778.15,11.233
2024-09-13 19:00:00,778.09,11.307
2024-09-13 19:30:00,778.27,11.389
2024-09-13 20:00:00,778.22,11.476
2024-09-13 20:30:00,778.15,11.571
2024-09-13 21:00:00,778.04,11.666
2024-09-13 21:30:00,777.98,11.767
2024-09-13 22:00:00,778.02,11.864
2024-09-13 22:30:00,777.97,11.953
2024-09-13 23:00:00,778.16,12.032
2024-09-13 23:30:00,778.32,12.099
2024-09-14 00:00:00,778.4,12.158
2024-09-14 00:30:00,778.47,12.211
2024-09-14 01:00:00,778.48,12.259
2024-09-14 01:30:00,778.52,12.298
2024-09-14 02:00:00,778.57,12.332
2024-09-14 02:30:00,778.9,12.364
2024-09-14 03:00:00,779.07,12.386
2024-09-14 03:30:00,779.35,12.4
2024-09-14 04:00:00,779.4,12.404
2024-09-14 04:30:00,779.48,12.396
2024-09-14 05:00:00,779.54,12.374
2024-09-14 05:30:00,779.51,12.34
2024-09-14 06:00:00,779.52,12.302
2024-09-14 06:30:00,779.47,12.263
2024-09-14 07:00:00,779.46,12.222
2024-09-14 07:30:00,779.41,12.182
2024-09-14 08:00:00,779.38,12.144
2024-09-14 08:30:00,779.41,12.102
2024-09-14 09:00:00,779.38,12.058
2024-09-14 09:30:00,779.27,12.004
2024-09-14 10:00:00,779.23,11.95
2024-09-14 10:30:00,779.17,11.896
2024-09-14 11:00:00,779.01,11.838
2024-09-14 11:30:00,778.96,11.782
2024-09-14 12:00:00,778.95,11.724
2024-09-14 12:30:00,778.91,11.667
2024-09-14 13:00:00,778.97,11.609
2024-09-14 13:30:00,779.22,11.548
2024-09-14 14:00:00,779.46,11.483
2024-09-14 14:30:00,779.57,11.418
2024-09-14 15:00:00,779.47,11.352
2024-09-14 15:30:00,779.4,11.292
2024-09-14 16:00:00,779.28,11.26
2024-09-14 16:30:00,779.2,11.269
2024-09-14 17:00:00,779.12,11.301
2024-09-14 17:30:00,779.07,11.346
2024-09-14 18:00:00,779.04,11.401
2024-09-14 18:30:00,779.06,11.467
2024-09-14 19:00:00,779.12,11.546
2024-09-14 19:30:00,779.01,11.633
2024-09-14 20:00:00,779.07,11.727
2024-09-14 20:30:00,778.95,11.829
2024-09-14 21:00:00,778.82,11.934
2024-09-14 21:30:00,778.72,12.037
2024-09-14 22:00:00,778.69,12.13
2024-09-14 22:30:00,778.58,12.222
2024-09-14 23:00:00,778.59,12.296
2024-09-14 23:30:00,778.5,12.358
2024-09-15 00:00:00,778.45,12.412
2024-09-15 00:30:00,778.42,12.459
2024-09-15 01:00:00,778.32,12.504
2024-09-15 01:30:00,778.28,12.539
2024-09-15 02:00:00,778.33,12.568
2024-09-15 02:30:00,778.43,12.59
2024-09-15 03:00:00,778.58,12.6
2024-09-15 03:30:00,778.8,12.603
2024-09-15 04:00:00,778.8,12.596
2024-09-15 04:30:00,778.86,12.574
2024-09-15 05:00:00,778.8,12.539
2024-09-15 05:30:00,778.79,12.492
2024-09-15 06:00:00,778.75,12.439
2024-09-15 06:30:00,778.62,12.385
2024-09-15 07:00:00,778.54,12.331
2024-09-15 07:30:00,778.46,12.274
2024-09-15 08:00:00,778.51,12.218
2024-09-15 08:30:00,778.33,12.16
2024-09-15 09:00:00,778.05,12.106
2024-09-15 09:30:00,777.84,12.052
2024-09-15 10:00:00,777.68,11.997
2024-09-15 10:30:00,777.36,11.942
2024-09-15 11:00:00,777.11,11.885
2024-09-15 11:30:00,777.06,11.825
2024-09-15 12:00:00,777.02,11.766
2024-09-15 12:30:00,776.99,11.701
2024-09-15 13:00:00,776.91,11.632
2024-09-15 13:30:00,776.84,11.565
2024-09-15 14:00:00,776.7,11.498
2024-09-15 14:30:00,776.61,11.427
2024-09-15 15:00:00,776.4,11.354
2024-09-15 15:30:00,776.17,11.291
2024-09-15 16:00:00,775.91,11.261
2024-09-15 16:30:00,775.67,11.269
2024-09-15 17:00:00,775.55,11.313
2024-09-15 17:30:00,775.54,11.377
2024-09-15 18:00:00,775.33,11.446
2024-09-15 18:30:00,775.33,11.522
2024-09-15 19:00:00,774.97,11.613
2024-09-15 19:30:00,774.68,11.703
2024-09-15 20:00:00,774.51,11.805
2024-09-15 20:30:00,774.12,11.903
2024-09-15 21:00:00,773.84,12.005
2024-09-15 21:30:00,773.71,12.103
2024-09-15 22:00:00,773.55,12.198
2024-09-15 22:30:00,773.33,12.272
2024-09-15 23:00:00,773.32,12.33
2024-09-15 23:30:00,772.84,12.374
2024-09-16 00:00:00,772.53,12.411
2024-09-16 00:30:00,772.32,12.44
2024-09-16 01:00:00,771.98,12.457
2024-09-16 01:30:00,771.91,12.462
2024-09-16 02:00:00,771.7,12.458
2024-09-16 02:30:00,771.7,12.44
2024-09-16 03:00:00,771.64,12.413
2024-09-16 03:30:00,771.58,12.373
2024-09-16 04:00:00,771.69,12.323
2024-09-16 04:30:00,771.26,12.271
2024-09-16 05:00:00,770.85,12.225
2024-09-16 05:30:00,770.68,12.181
2024-09-16 06:00:00,770.53,12.127
2024-09-16 06:30:00,770.4,12.074
2024-09-16 07:00:00,770.16,12.022
2024-09-16 07:30:00,770.04,11.969
2024-09-16 08:00:00,770.04,11.914
2024-09-16 08:30:00,769.76,11.861
2024-09-16 09:00:00,769.78,11.804
2024-09-16 09:30:00,769.41,11.744
2024-09-16 10:00:00,769.23,11.698
2024-09-16 10:30:00,769.19,11.649
2024-09-16 11:00:00,769.04,11.595
2024-09-16 11:30:00,769.08,11.541
2024-09-16 12:00:00,769.03,11.487
2024-09-16 12:30:00,768.96,11.43
2024-09-16 13:00:00,768.88,11.375
2024-09-16 13:30:00,768.87,11.319
2024-09-16 14:00:00,768.92,11.258
2024-09-16 14:30:00,768.8,11.194
2024-09-16 15:00:00,768.94,11.131
2024-09-16 15:30:00,769.04,11.075
2024-09-16 16:00:00,769.28,11.031
2024-09-16 16:30:00,769.33,11.033
2024-09-16 17:00:00,769.36,11.065
2024-09-16 17:30:00,769.47,11.113
2024-09-16 18:00:00,769.8,11.17
2024-09-16 18:30:00,769.84,11.236
2024-09-16 19:00:00,769.76,11.311
2024-09-16 19:30:00,769.65,11.392
2024-09-16 20:00:00,769.76,11.479
2024-09-16 20:30:00,770.26,11.564
2024-09-16 21:00:00,770.59,11.632
2024-09-16 21:30:00,770.68,11.679
2024-09-16 22:00:00,770.68,11.708
2024-09-16 22:30:00,770.93,11.729
2024-09-16 23:00:00,771.2,11.734
2024-09-16 23:30:00,771.51,11.713
2024-09-17 00:00:00,771.7,11.679
2024-09-17 00:30:00,771.88,11.637
2024-09-17 01:00:00,772.1,11.59
2024-09-17 01:30:00,772.31,11.536
2024-09-17 02:00:00,772.31,11.478
2024-09-17 02:30:00,772.2,11.419
2024-09-17 03:00:00,772.53,11.355
2024-09-17 03:30:00,772.85,11.29
2024-09-17 04:00:00,772.96,11.223
2024-09-17 04:30:00,773.13,11.153
2024-09-17 05:00:00,773.29,11.083
2024-09-17 05:30:00,773.18,11.018
2024-09-17 06:00:00,773.26,10.952
2024-09-17 06:30:00,773.33,10.885
2024-09-17 07:00:00,773.56,10.818
2024-09-17 07:30:00,773.82,10.75
2024-09-17 08:00:00,773.94,10.68
2024-09-17 08:30:00,773.94,10.614
2024-09-17 09:00:00,774.19,10.545
2024-09-17 09:30:00,773.83,10.48
2024-09-17 10:00:00,773.99,10.413
2024-09-17 10:30:00,774.47,10.346
2024-09-17 11:00:00,774.07,10.282
2024-09-17 11:30:00,773.88,10.223
2024-09-17 12:00:00,774.02,10.168
2024-09-17 12:30:00,774.28,10.115
2024-09-17 13:00:00,774.27,10.063
2024-09-17 13:30:00,774.6,10.014
2024-09-17 14:00:00,774.94,9.966
2024-09-17 14:30:00,775.15,9.923
2024-09-17 15:00:00,775.41,9.881
2024-09-17 15:30:00,775.64,9.842
2024-09-17 16:00:00,775.91,9.809
2024-09-17 16:30:00,775.88,9.781
2024-09-17 17:00:00,776.09,9.779
2024-09-17 17:30:00,776.13,9.81
2024-09-17 18:00:00,776.37,9.858
2024-09-17 18:30:00,776.39,9.921
2024-09-17 19:00:00,776.51,9.988
2024-09-17 19:30:00,776.4,10.064
2024-09-17 20:00:00,776.49,10.138
2024-09-17 20:30:00,776.43,10.212
2024-09-17 21:00:00,776.5,10.286
2024-09-17 21:30:00,776.47,10.361
2024-09-17 22:00:00,776.4,10.434
2024-09-17 22:30:00,776.38,10.5
2024-09-17 23:00:00,776.42,10.562
2024-09-17 23:30:00,776.66,10.621
2024-09-18 00:00:00,776.75,10.67
2024-09-18 00:30:00,776.96,10.716
2024-09-18 01:00:00,776.92,10.754
2024-09-18 01:30:00,777.13,10.786
2024-09-18 02:00:00,777.28,10.814
2024-09-18 02:30:00,777.47,10.832
2024-09-18 03:00:00,777.72,10.843
2024-09-18 03:30:00,777.85,10.838
2024-09-18 04:00:00,778.03,10.826
2024-09-18 04:30:00,777.87,10.809
2024-09-18 05:00:00,777.7,10.787
2024-09-18 05:30:00,777.53,10.764
2024-09-18 06:00:00,777.33,10.743
2024-09-18 06:30:00,777.37,10.723
2024-09-18 07:00:00,777.46,10.697
2024-09-18 07:30:00,777.51,10.669
2024-09-18 08:00:00,777.63,10.637
2024-09-18 08:30:00,777.63,10.608
2024-09-18 09:00:00,777.54,10.575
2024-09-18 09:30:00,777.3,10.539
2024-09-18 10:00:00,777.1,10.5
2024-09-18 10:30:00,777.02,10.459
2024-09-18 11:00:00,776.76,10.421
2024-09-18 11:30:00,776.36,10.382
2024-09-18 12:00:00,776.14,10.346
2024-09-18 12:30:00,776.19,10.311
2024-09-18 13:00:00,776.18,10.281
2024-09-18 13:30:00,776.1,10.251
2024-09-18 14:00:00,776.29,10.218
2024-09-18 14:30:00,776.42,10.182
2024-09-18 15:00:00,776.49,10.148
2024-09-18 15:30:00,776.63,10.116
2024-09-18 16:00:00,776.66,10.098
2024-09-18 16:30:00,776.63,10.092
2024-09-18 17:00:00,776.47,10.104
2024-09-18 17:30:00,776.43,10.123
2024-09-18 18:00:00,776.44,10.15
2024-09-18 18:30:00,776.37,10.173
2024-09-18 19:00:00,776.42,10.202
2024-09-18 19:30:00,776.99,10.229
2024-09-18 20:00:00,777.04,10.243
2024-09-18 20:30:00,776.74,10.259
2024-09-18 21:00:00,776.47,10.277
2024-09-18 21:30:00,776.26,10.298
2024-09-18 22:00:00,776.44,10.322
2024-09-18 22:30:00,776.47,10.344
2024-09-18 23:00:00,776.21,10.359
2024-09-18 23:30:00,776.18,10.376
2024-09-19 00:00:00,776.41,10.386
2024-09-19 00:30:00,776.39,10.396
2024-09-19 01:00:00,776.44,10.402
2024-09-19 01:30:00,776.71,10.399
2024-09-19 02:00:00,776.9,10.391
2024-09-19 02:30:00,776.88,10.381
2024-09-19 03:00:00,777.2,10.369
2024-09-19 03:30:00,777.46,10.351
2024-09-19 04:00:00,777.77,10.331
2024-09-19 04:30:00,777.67,10.311
2024-09-19 05:00:00,777.78,10.286
2024-09-19 05:30:00,777.68,10.26
2024-09-19 06:00:00,777.54,10.231
2024-09-19 06:30:00,777.41,10.203
2024-09-19 07:00:00,777.33,10.173
2024-09-19 07:30:00,777.2,10.145
2024-09-19 08:00:00,777.19,10.113
2024-09-19 08:30:00,777.26,10.085
2024-09-19 09:00:00,777.07,10.056
2024-09-19 09:30:00,776.81,10.034
2024-09-19 10:00:00,776.98,10.007
2024-09-19 10:30:00,777.09,9.979
2024-09-19 11:00:00,777.35,9.952
2024-09-19 11:30:00,777.24,9.929
2024-09-19 12:00:00,777.16,9.913
2024-09-19 12:30:00,776.79,9.886
2024-09-19 13:00:00,776.78,9.856
2024-09-19 13:30:00,776.74,9.826
2024-09-19 14:00:00,776.95,9.79
2024-09-19 14:30:00,777.14,9.752
2024-09-19 15:00:00,777.29,9.719
2024-09-19 15:30:00,777.37,9.689
2024-09-19 16:00:00,777.56,9.682
2024-09-19 16:30:00,777.37,9.693
2024-09-19 17:00:00,777.33,9.726
2024-09-19 17:30:00,777.4,9.768
2024-09-19 18:00:00,777.17,9.82
2024-09-19 18:30:00,777.15,9.873
2024-09-19 19:00:00,777.46,9.931
2024-09-19 19:30:00,777.24,9.994
2024-09-19 20:00:00,777.32,10.058
2024-09-19 20:30:00,777.3,10.121
2024-09-19 21:00:00,777.24,10.174
2024-09-19 21:30:00,777.28,10.22
2024-09-19 22:00:00,777.07,10.258
2024-09-19 22:30:00,777.34,10.287
2024-09-19 23:00:00,777.4,10.31
2024-09-19 23:30:00,777.43,10.322
2024-09-20 00:00:00,777.55,10.333
2024-09-20 00:30:00,777.38,10.336
2024-09-20 01:00:00,777.37,10.333
2024-09-20 01:30:00,777.41,10.329
2024-09-20 02:00:00,777.7,10.326
2024-09-20 02:30:00,777.89,10.32
2024-09-20 03:00:00,778.06,10.309
2024-09-20 03:30:00,778.32,10.297
2024-09-20 04:00:00,778.3,10.282
2024-09-20 04:30:00,778.17,10.268
2024-09-20 05:00:00,778.29,10.252
2024-09-20 05:30:00,778.51,10.235
2024-09-20 06:00:00,778.89,10.215
2024-09-20 06:30:00,778.76,10.191
2024-09-20 07:00:00,778.74,10.167
2024-09-20 07:30:00,778.58,10.141
2024-09-20 08:00:00,778.42,10.114
2024-09-20 08:30:00,778.2,10.081
2024-09-20 09:00:00,778.22,10.052
2024-09-20 09:30:00,778.16,10.023
2024-09-20 10:00:00,778.1,9.993
2024-09-20 10:30:00,777.98,9.959
2024-09-20 11:00:00,777.82,9.907
2024-09-20 11:30:00,777.8,9.872
2024-09-20 12:00:00,777.83,9.829
2024-09-20 12:30:00,777.95,9.781
2024-09-20 13:00:00,777.98,9.731
2024-09-20 13:30:00,778.4,9.678
2024-09-20 14:00:00,778.59,9.624
2024-09-20 14:30:00,778.79,9.57
2024-09-20 15:00:00,778.77,9.521
2024-09-20 15:30:00,778.77,9.472
2024-09-20 16:00:00,778.86,9.45
2024-09-20 16:30:00,778.82,9.463
2024-09-20 17:00:00,778.93,9.495
2024-09-20 17:30:00,778.93,9.537
2024-09-20 18:00:00,779.11,9.584
2024-09-20 18:30:00,779.39,9.64
2024-09-20 19:00:00,779.39,9.706
2024-09-20 19:30:00,779.31,9.78
2024-09-20 20:00:00,779.34,9.858
2024-09-20 20:30:00,779.26,9.936
2024-09-20 21:00:00,779.27,10.011
2024-09-20 21:30:00,779.47,10.087
2024-09-20 22:00:00,779.44,10.155
2024-09-20 22:30:00,779.38,10.214
2024-09-20 23:00:00,779.42,10.268
2024-09-20 23:30:00,779.5,10.316
2024-09-21 00:00:00,779.47,10.359
2024-09-21 00:30:00,779.59,10.4
2024-09-21 01:00:00,779.95,10.434
2024-09-21 01:30:00,780.02,10.464
2024-09-21 02:00:00,780.28,10.489
2024-09-21 02:30:00,780.57,10.51
2024-09-21 03:00:00,780.75,10.527
2024-09-21 03:30:00,780.92,10.536
2024-09-21 04:00:00,781.22,10.54
2024-09-21 04:30:00,781.17,10.537
2024-09-21 05:00:00,781.2,10.527
2024-09-21 05:30:00,781.22,10.514
2024-09-21 06:00:00,781.04,10.493
2024-09-21 06:30:00,781.11,10.468
2024-09-21 07:00:00,780.93,10.438
2024-09-21 07:30:00,780.97,10.401
2024-09-21 08:00:00,780.95,10.363
2024-09-21 08:30:00,780.83,10.328
2024-09-21 09:00:00,780.78,10.288
2024-09-21 09:30:00,780.82,10.249
2024-09-21 10:00:00,780.69,10.2
2024-09-21 10:30:00,780.41,10.163
2024-09-21 11:00:00,780.44,10.124
2024-09-21 11:30:00,780.38,10.083
2024-09-21 12:00:00,780.32,10.036
2024-09-21 12:30:00,780.47,9.983
2024-09-21 13:00:00,780.49,9.93
2024-09-21 13:30:00,780.53,9.88
2024-09-21 14:00:00,780.71,9.829
2024-09-21 14:30:00,780.8,9.772
2024-09-21 15:00:00,780.94,9.719
2024-09-21 15:30:00,780.85,9.67
2024-09-21 16:00:00,780.71,9.653
2024-09-21 16:30:00,780.72,9.655
2024-09-21 17:00:00,780.57,9.677
2024-09-21 17:30:00,780.54,9.71
2024-09-21 18:00:00,780.52,9.751
2024-09-21 18:30:00,780.35,9.803
2024-09-21 19:00:00,780.19,9.86
2024-09-21 19:30:00,780.13,9.928
2024-09-21 20:00:00,780.16,10.003
2024-09-21 20:30:00,780.2,10.085
2024-09-21 21:00:00,779.99,10.171
2024-09-21 21:30:00,779.95,10.259
2024-09-21 22:00:00,779.96,10.347
2024-09-21 22:30:00,779.92,10.432
2024-09-21 23:00:00,780.08,10.513
2024-09-21 23:30:00,780.07,10.584
2024-09-22 00:00:00,780.14,10.643
2024-09-22 00:30:00,780.45,10.701
2024-09-22 01:00:00,780.42,10.757
2024-09-22 01:30:00,780.5,10.809
2024-09-22 02:00:00,780.71,10.853
2024-09-22 02:30:00,780.87,10.894
2024-09-22 03:00:00,781.16,10.924
2024-09-22 03:30:00,781.28,10.944
2024-09-22 04:00:00,781.5,10.964
2024-09-22 04:30:00,781.61,10.977
2024-09-22 05:00:00,781.67,10.982
2024-09-22 05:30:00,781.72,10.979
2024-09-22 06:00:00,781.71,10.974
2024-09-22 06:30:00,781.72,10.96
2024-09-22 07:00:00,781.88,10.947
2024-09-22 07:30:00,782.0,10.925
2024-09-22 08:00:00,782.05,10.905
2024-09-22 08:30:00,782.13,10.88
2024-09-22 09:00:00,782.01,10.854
2024-09-22 09:30:00,781.99,10.827
2024-09-22 10:00:00,782.04,10.8
2024-09-22 10:30:00,781.93,10.771
2024-09-22 11:00:00,781.81,10.737
2024-09-22 11:30:00,781.78,10.699
2024-09-22 12:00:00,781.8,10.664
2024-09-22 12:30:00,781.88,10.625
2024-09-22 13:00:00,781.95,10.584
2024-09-22 13:30:00,782.06,10.539
2024-09-22 14:00:00,782.14,10.499
2024-09-22 14:30:00,782.47,10.453
2024-09-22 15:00:00,782.48,10.408
2024-09-22 15:30:00,782.56,10.362
2024-09-22 16:00:00,782.44,10.344
2024-09-22 16:30:00,782.38,10.347
2024-09-22 17:00:00,782.51,10.368
2024-09-22 17:30:00,782.36,10.403
2024-09-22 18:00:00,782.45,10.447
2024-09-22 18:30:00,782.39,10.501
2024-09-22 19:00:00,782.27,10.568
2024-09-22 19:30:00,782.09,10.638
2024-09-22 20:00:00,781.99,10.711
2024-09-22 20:30:00,781.76,10.788
2024-09-22 21:00:00,781.51,10.863
2024-09-22 21:30:00,781.25,10.942
2024-09-22 22:00:00,781.17,11.026
2024-09-22 22:30:00,781.1,11.103
2024-09-22 23:00:00,781.09,11.176
2024-09-22 23:30:00,781.05,11.243
2024-09-23 00:00:00,781.12,11.3
2024-09-23 00:30:00,781.12,11.349
2024-09-23 01:00:00,781.19,11.389
2024-09-23 01:30:00,781.22,11.426
2024-09-23 02:00:00,781.37,11.458
2024-09-23 02:30:00,781.57,11.48
2024-09-23 03:00:00,781.89,11.495
2024-09-23 03:30:00,782.14,11.502
2024-09-23 04:00:00,782.35,11.504
2024-09-23 04:30:00,782.45,11.501
2024-09-23 05:00:00,782.42,11.488
2024-09-23 05:30:00,782.31,11.471
2024-09-23 06:00:00,782.33,11.444
2024-09-23 06:30:00,782.28,11.408
2024-09-23 07:00:00,782.26,11.37
2024-09-23 07:30:00,782.19,11.332
2024-09-23 08:00:00,782.14,11.288
2024-09-23 08:30:00,782.27,11.244
2024-09-23 09:00:00,782.34,11.2
2024-09-23 09:30:00,782.48,11.157
2024-09-23 10:00:00,782.28,11.113
2024-09-23 10:30:00,782.25,11.065
2024-09-23 11:00:00,782.15,11.021
2024-09-23 11:30:00,782.15,10.97
2024-09-23 12:00:00,782.15,10.922
2024-09-23 12:30:00,782.2,10.873
2024-09-23 13:00:00,782.31,10.819
2024-09-23 13:30:00,782.42,10.766
2024-09-23 14:00:00,782.66,10.712
2024-09-23 14:30:00,782.94,10.654
2024-09-23 15:00:00,783.0,10.602
2024-09-23 15:30:00,782.83,10.555
2024-09-23 16:00:00,782.78,10.537
2024-09-23 16:30:00,782.83,10.541
2024-09-23 17:00:00,782.75,10.564
2024-09-23 17:30:00,782.77,10.6
2024-09-23 18:00:00,782.59,10.651
2024-09-23 18:30:00,782.34,10.711
2024-09-23 19:00:00,782.2,10.785
2024-09-23 19:30:00,781.97,10.871
2024-09-23 20:00:00,781.81,10.961
2024-09-23 20:30:00,781.51,11.058
2024-09-23 21:00:00,781.22,11.158
2024-09-23 21:30:00,780.91,11.259
2024-09-23 22:00:00,780.78,11.358
2024-09-23 22:30:00,780.76,11.449
2024-09-23 23:00:00,780.67,11.53
2024-09-23 23:30:00,780.68,11.602
2024-09-24 00:00:00,780.68,11.662
2024-09-24 00:30:00,780.79,11.714
2024-09-24 01:00:00,780.84,11.755
2024-09-24 01:30:00,780.87,11.79
2024-09-24 02:00:00,780.99,11.814
2024-09-24 02:30:00,781.07,11.829
2024-09-24 03:00:00,781.29,11.838
2024-09-24 03:30:00,781.52,11.838
2024-09-24 04:00:00,781.63,11.828
2024-09-24 04:30:00,781.64,11.809
2024-09-24 05:00:00,781.6,11.78
2024-09-24 05:30:00,781.62,11.742
2024-09-24 06:00:00,781.7,11.698
2024-09-24 06:30:00,781.56,11.649
2024-09-24 07:00:00,781.56,11.596
2024-09-24 07:30:00,781.51,11.542
2024-09-24 08:00:00,781.49,11.494
2024-09-24 08:30:00,781.49,11.445
2024-09-24 09:00:00,781.42,11.393
2024-09-24 09:30:00,781.36,11.341
2024-09-24 10:00:00,781.22,11.289
2024-09-24 10:30:00,781.15,11.233
2024-09-24 11:00:00,781.1,11.176
2024-09-24 11:30:00,781.02,11.119
2024-09-24 12:00:00,781.03,11.062
2024-09-24 12:30:00,781.02,10.998
2024-09-24 13:00:00,781.05,10.938
2024-09-24 13:30:00,781.11,10.878
2024-09-24 14:00:00,781.23,10.816
2024-09-24 14:30:00,781.44,10.751
2024-09-24 15:00:00,781.49,10.689
2024-09-24 15:30:00,781.46,10.637
2024-09-24 16:00:00,781.42,10.611
2024-09-24 16:30:00,781.3,10.611
2024-09-24 17:00:00,781.22,10.637
2024-09-24 17:30:00,781.25,10.678
2024-09-24 18:00:00,781.18,10.736
2024-09-24 18:30:00,780.95,10.805
2024-09-24 19:00:00,780.66,10.898
2024-09-24 19:30:00,780.58,10.993
2024-09-24 20:00:00,780.51,11.097
2024-09-24 20:30:00,780.19,11.205
2024-09-24 21:00:00,780.02,11.317
2024-09-24 21:30:00,779.71,11.422
2024-09-24 22:00:00,779.59,11.526
2024-09-24 22:30:00,779.57,11.622
2024-09-24 23:00:00,779.64,11.704
2024-09-24 23:30:00,779.55,11.775
2024-09-25 00:00:00,779.57,11.841
2024-09-25 00:30:00,779.45,11.891
2024-09-25 01:00:00,779.43,11.937
2024-09-25 01:30:00,779.52,11.972
2024-09-25 02:00:00,779.63,11.999
2024-09-25 02:30:00,779.72,12.02
2024-09-25 03:00:00,779.66,12.027
2024-09-25 03:30:00,779.89,12.023
2024-09-25 04:00:00,780.15,12.003
2024-09-25 04:30:00,780.27,11.969
2024-09-25 05:00:00,780.17,11.921
2024-09-25 05:30:00,780.1,11.868
2024-09-25 06:00:00,780.0,11.812
2024-09-25 06:30:00,779.91,11.756
2024-09-25 07:00:00,779.78,11.7
2024-09-25 07:30:00,779.71,11.643
2024-09-25 08:00:00,779.64,11.585
2024-09-25 08:30:00,779.5,11.528
2024-09-25 09:00:00,779.5,11.466
2024-09-25 09:30:00,779.26,11.404
2024-09-25 10:00:00,779.15,11.342
2024-09-25 10:30:00,779.08,11.285
2024-09-25 11:00:00,778.98,11.222
2024-09-25 11:30:00,778.91,11.163
2024-09-25 12:00:00,778.85,11.105
2024-09-25 12:30:00,778.76,11.044
2024-09-25 13:00:00,778.78,10.981
2024-09-25 13:30:00,778.77,10.922
2024-09-25 14:00:00,778.88,10.859
2024-09-25 14:30:00,778.99,10.797
2024-09-25 15:00:00,779.04,10.736
2024-09-25 15:30:00,778.96,10.684
2024-09-25 16:00:00,778.91,10.659
2024-09-25 16:30:00,778.74,10.663
2024-09-25 17:00:00,778.83,10.691
2024-09-25 17:30:00,778.69,10.744
2024-09-25 18:00:00,778.89,10.813
2024-09-25 18:30:00,778.85,10.896
2024-09-25 19:00:00,778.72,10.987
2024-09-25 19:30:00,778.43,11.085
2024-09-25 20:00:00,778.39,11.188
2024-09-25 20:30:00,778.09,11.296
2024-09-25 21:00:00,777.88,11.406
2024-09-25 21:30:00,777.62,11.516
2024-09-25 22:00:00,777.37,11.637
2024-09-25 22:30:00,777.31,11.721
2024-09-25 23:00:00,777.24,11.796
2024-09-25 23:30:00,777.34,11.866
2024-09-26 00:00:00,777.39,11.924
2024-09-26 00:30:00,777.42,11.969
2024-09-26 01:00:00,777.44,12.009
2024-09-26 01:30:00,777.53,12.041
2024-09-26 02:00:00,777.68,12.061
2024-09-26 02:30:00,777.92,12.07
2024-09-26 03:00:00,778.25,12.066
2024-09-26 03:30:00,778.34,12.053
2024-09-26 04:00:00,778.46,12.028
2024-09-26 04:30:00,778.55,11.985
2024-09-26 05:00:00,778.63,11.935
2024-09-26 05:30:00,778.58,11.874
2024-09-26 06:00:00,778.67,11.812
2024-09-26 06:30:00,778.66,11.746
2024-09-26 07:00:00,778.69,11.679
2024-09-26 07:30:00,778.58,11.607
2024-09-26 08:00:00,778.65,11.533
2024-09-26 08:30:00,778.75,11.455
2024-09-26 09:00:00,778.88,11.376
2024-09-26 09:30:00,778.81,11.298
2024-09-26 10:00:00,778.67,11.22
2024-09-26 10:30:00,778.63,11.142
2024-09-26 11:00:00,778.67,11.058
2024-09-26 11:30:00,778.59,10.974
2024-09-26 12:00:00,778.59,10.892
2024-09-26 12:30:00,778.56,10.809
2024-09-26 13:00:00,778.64,10.724
2024-09-26 13:30:00,778.78,10.638
2024-09-26 14:00:00,778.97,10.55
2024-09-26 14:30:00,779.04,10.459
2024-09-26 15:00:00,779.09,10.376
2024-09-26 15:30:00,779.13,10.309
2024-09-26 16:00:00,779.09,10.263
2024-09-26 16:30:00,779.19,10.26
2024-09-26 17:00:00,779.26,10.297
2024-09-26 17:30:00,779.35,10.356
2024-09-26 18:00:00,779.39,10.43
2024-09-26 18:30:00,779.42,10.519
2024-09-26 19:00:00,779.38,10.614
2024-09-26 19:30:00,779.37,10.722
2024-09-26 20:00:00,779.38,10.834
2024-09-26 20:30:00,779.35,10.952
2024-09-26 21:00:00,779.21,11.073
2024-09-26 21:30:00,779.08,11.189
2024-09-26 22:00:00,779.24,11.3
2024-09-26 22:30:00,779.17,11.399
2024-09-26 23:00:00,779.29,11.485
2024-09-26 23:30:00,779.48,11.557
2024-09-27 00:00:00,779.56,11.622
2024-09-27 00:30:00,779.68,11.674
2024-09-27 01:00:00,779.82,11.721
2024-09-27 01:30:00,780.02,11.755
2024-09-27 02:00:00,780.24,11.784
2024-09-27 02:30:00,780.42,11.797
2024-09-27 03:00:00,780.55,11.796
2024-09-27 03:30:00,780.84,11.78
2024-09-27 04:00:00,781.07,11.744
2024-09-27 04:30:00,781.2,11.69
2024-09-27 05:00:00,781.19,11.632
2024-09-27 05:30:00,781.24,11.562
2024-09-27 06:00:00,781.23,11.489
2024-09-27 06:30:00,781.21,11.415
2024-09-27 07:00:00,781.14,11.335
2024-09-27 07:30:00,780.89,11.258
2024-09-27 08:00:00,780.69,11.177
2024-09-27 08:30:00,780.65,11.101
2024-09-27 09:00:00,780.66,11.021
2024-09-27 09:30:00,780.68,10.95
2024-09-27 10:00:00,780.67,10.875
2024-09-27 10:30:00,780.52,10.804
2024-09-27 11:00:00,780.47,10.729
2024-09-27 11:30:00,780.37,10.651
2024-09-27 12:00:00,780.42,10.58
2024-09-27 12:30:00,780.43,10.512
2024-09-27 13:00:00,780.52,10.445
2024-09-27 13:30:00,780.69,10.386
2024-09-27 14:00:00,780.76,10.322
2024-09-27 14:30:00,780.89,10.259
2024-09-27 15:00:00,780.92,10.197
2024-09-27 15:30:00,780.91,10.144
2024-09-27 16:00:00,780.79,10.111
2024-09-27 16:30:00,780.78,10.115
2024-09-27 17:00:00,780.79,10.155
2024-09-27 17:30:00,780.83,10.219
2024-09-27 18:00:00,780.75,10.301
2024-09-27 18:30:00,780.56,10.401
2024-09-27 19:00:00,780.39,10.514
2024-09-27 19:30:00,780.24,10.636
2024-09-27 20:00:00,780.0,10.763
2024-09-27 20:30:00,780.04,10.892
2024-09-27 21:00:00,779.72,11.024
2024-09-27 21:30:00,779.7,11.154
2024-09-27 22:00:00,779.57,11.276
2024-09-27 22:30:00,779.56,11.375
2024-09-27 23:00:00,779.41,11.464
2024-09-27 23:30:00,779.53,11.541
2024-09-28 00:00:00,779.48,11.605
2024-09-28 00:30:00,779.52,11.658
2024-09-28 01:00:00,779.51,11.704
2024-09-28 01:30:00,779.64,11.739
2024-09-28 02:00:00,779.73,11.761
2024-09-28 02:30:00,779.83,11.774
2024-09-28 03:00:00,780.0,11.769
2024-09-28 03:30:00,780.07,11.75
2024-09-28 04:00:00,780.1,11.705
2024-09-28 04:30:00,780.08,11.648
2024-09-28 05:00:00,779.93,11.58
2024-09-28 05:30:00,780.04,11.506
2024-09-28 06:00:00,779.89,11.433
2024-09-28 06:30:00,779.91,11.36
2024-09-28 07:00:00,779.98,11.282
2024-09-28 07:30:00,780.06,11.2
2024-09-28 08:00:00,780.03,11.12
2024-09-28 08:30:00,779.96,11.043
2024-09-28 09:00:00,779.97,10.973
2024-09-28 09:30:00,779.91,10.899
2024-09-28 10:00:00,779.9,10.821
2024-09-28 10:30:00,779.73,10.743
2024-09-28 11:00:00,779.61,10.664
2024-09-28 11:30:00,779.5,10.59
2024-09-28 12:00:00,779.5,10.513
2024-09-28 12:30:00,779.55,10.44
2024-09-28 13:00:00,779.63,10.365
2024-09-28 13:30:00,779.74,10.29
2024-09-28 14:00:00,779.75,10.219
2024-09-28 14:30:00,779.85,10.148
2024-09-28 15:00:00,779.84,10.081
2024-09-28 15:30:00,779.81,10.023
2024-09-28 16:00:00,779.71,9.993
2024-09-28 16:30:00,779.63,10.002
2024-09-28 17:00:00,779.61,10.049
2024-09-28 17:30:00,779.6,10.122
2024-09-28 18:00:00,779.58,10.212
2024-09-28 18:30:00,779.45,10.314
2024-09-28 19:00:00,779.53,10.433
2024-09-28 19:30:00,779.54,10.559
2024-09-28 20:00:00,779.27,10.693
2024-09-28 20:30:00,779.05,10.831
2024-09-28 21:00:00,778.91,10.971
2024-09-28 21:30:00,778.84,11.102
2024-09-28 22:00:00,778.64,11.227
2024-09-28 22:30:00,778.44,11.335
2024-09-28 23:00:00,778.49,11.426
2024-09-28 23:30:00,778.64,11.506
2024-09-29 00:00:00,778.71,11.571
2024-09-29 00:30:00,778.73,11.629
2024-09-29 01:00:00,778.68,11.672
2024-09-29 01:30:00,778.88,11.705
2024-09-29 02:00:00,779.21,11.728
2024-09-29 02:30:00,779.38,11.737
2024-09-29 03:00:00,779.48,11.741
2024-09-29 03:30:00,779.75,11.724
2024-09-29 04:00:00,779.88,11.694
2024-09-29 04:30:00,779.88,11.65
2024-09-29 05:00:00,780.01,11.594
2024-09-29 05:30:00,779.92,11.526
2024-09-29 06:00:00,779.99,11.459
2024-09-29 06:30:00,779.93,11.39
2024-09-29 07:00:00,779.91,11.317
2024-09-29 07:30:00,779.87,11.24
2024-09-29 08:00:00,779.82,11.163
2024-09-29 08:30:00,779.75,11.082
2024-09-29 09:00:00,779.65,11.004
2024-09-29 09:30:00,779.44,10.919
2024-09-29 10:00:00,779.18,10.838
2024-09-29 10:30:00,779.02,10.757
2024-09-29 11:00:00,779.18,10.677
2024-09-29 11:30:00,779.3,10.603
2024-09-29 12:00:00,779.2,10.527
2024-09-29 12:30:00,779.32,10.44
2024-09-29 13:00:00,779.28,10.363
2024-09-29 13:30:00,779.54,10.287
2024-09-29 14:00:00,779.85,10.218
2024-09-29 14:30:00,780.04,10.15
2024-09-29 15:00:00,780.17,10.083
2024-09-29 15:30:00,780.15,10.031
2024-09-29 16:00:00,780.13,10.005
2024-09-29 16:30:00,780.1,10.014
2024-09-29 17:00:00,780.06,10.061
2024-09-29 17:30:00,780.06,10.132
2024-09-29 18:00:00,780.01,10.222
2024-09-29 18:30:00,779.93,10.329
2024-09-29 19:00:00,779.7,10.453
2024-09-29 19:30:00,779.67,10.586
2024-09-29 20:00:00,779.56,10.721
2024-09-29 20:30:00,779.29,10.867
2024-09-29 21:00:00,779.12,11.006
2024-09-29 21:30:00,778.96,11.142
2024-09-29 22:00:00,778.88,11.266
2024-09-29 22:30:00,778.95,11.375
2024-09-29 23:00:00,778.96,11.464
2024-09-29 23:30:00,778.98,11.54
2024-09-30 00:00:00,778.98,11.605
2024-09-30 00:30:00,779.01,11.656
2024-09-30 01:00:00,779.1,11.7
2024-09-30 01:30:00,779.23,11.734
2024-09-30 02:00:00,779.44,11.76
2024-09-30 02:30:00,779.74,11.767
2024-09-30 03:00:00,780.06,11.767
2024-09-30 03:30:00,780.15,11.748
2024-09-30 04:00:00,780.33,11.714
2024-09-30 04:30:00,780.32,11.664
2024-09-30 05:00:00,780.52,11.596
2024-09-30 05:30:00,780.67,11.53
2024-09-30 06:00:00,780.69,11.455
2024-09-30 06:30:00,780.6,11.383
2024-09-30 07:00:00,780.82,11.302
2024-09-30 07:30:00,780.78,11.223
2024-09-30 08:00:00,780.84,11.14
2024-09-30 08:30:00,780.99,11.063
2024-09-30 09:00:00,781.03,10.986
2024-09-30 09:30:00,780.87,10.907
2024-09-30 10:00:00,780.88,10.831
2024-09-30 10:30:00,780.82,10.746
2024-09-30 11:00:00,780.89,10.668
2024-09-30 11:30:00,780.92,10.595
2024-09-30 12:00:00,780.97,10.529
2024-09-30 12:30:00,781.2,10.462
2024-09-30 13:00:00,781.3,10.398
2024-09-30 13:30:00,781.48,10.332
2024-09-30 14:00:00,781.63,10.267
2024-09-30 14:30:00,781.64,10.207
2024-09-30 15:00:00,781.78,10.141
2024-09-30 15:30:00,781.84,10.089
2024-09-30 16:00:00,781.91,10.047
2024-09-30 16:30:00,781.99,10.058
2024-09-30 17:00:00,782.09,10.11
2024-09-30 17:30:00,782.16,10.187
2024-09-30 18:00:00,782.13,10.286
2024-09-30 18:30:00,782.11,10.402
2024-09-30 19:00:00,782.01,10.529
2024-09-30 19:30:00,781.82,10.664
2024-09-30 20:00:00,781.75,10.806
2024-09-30 20:30:00,781.59,10.953
2024-09-30 21:00:00,781.63,11.101
2024-09-30 21:30:00,781.66,11.243
2024-09-30 22:00:00,781.78,11.376
2024-09-30 22:30:00,781.83,11.487
2024-09-30 23:00:00,781.9,11.578
2024-09-30 23:30:00,782.02,11.653
2024-10-01 00:00:00,782.08,11.718
2024-10-01 00:30:00,782.21,11.771
2024-10-01 01:00:00,782.48,11.811
2024-10-01 01:30:00,782.78,11.84
2024-10-01 02:00:00,782.95,11.859
2024-10-01 02:30:00,783.27,11.87
2024-10-01 03:00:00,783.62,11.866
2024-10-01 03:30:00,784.0,11.837
2024-10-01 04:00:00,784.3,11.788
2024-10-01 04:30:00,784.46,11.723
2024-10-01 05:00:00,784.58,11.644
2024-10-01 05:30:00,784.68,11.556
2024-10-01 06:00:00,784.8,11.47
2024-10-01 06:30:00,784.87,11.382
2024-10-01 07:00:00,785.03,11.292
2024-10-01 07:30:00,785.05,11.2
2024-10-01 08:00:00,785.08,11.106
2024-10-01 08:30:00,785.1,11.018
2024-10-01 09:00:00,785.19,10.926
2024-10-01 09:30:00,785.21,10.835
2024-10-01 10:00:00,785.2,10.75
2024-10-01 10:30:00,785.06,10.666
2024-10-01 11:00:00,785.18,10.582
2024-10-01 11:30:00,785.06,10.51
2024-10-01 12:00:00,785.14,10.425
2024-10-01 12:30:00,785.27,10.352
2024-10-01 13:00:00,785.38,10.279
2024-10-01 13:30:00,785.52,10.211
2024-10-01 14:00:00,785.8,10.145
2024-10-01 14:30:00,785.94,10.073
2024-10-01 15:00:00,786.12,10.005
2024-10-01 15:30:00,786.16,9.953
2024-10-01 16:00:00,786.15,9.918
2024-10-01 16:30:00,786.16,9.933
2024-10-01 17:00:00,786.14,9.995
2024-10-01 17:30:00,786.11,10.081
2024-10-01 18:00:00,785.99,10.184
2024-10-01 18:30:00,785.92,10.302
2024-10-01 19:00:00,785.98,10.429
2024-10-01 19:30:00,785.78,10.565
2024-10-01 20:00:00,785.62,10.708
2024-10-01 20:30:00,785.37,10.854
2024-10-01 21:00:00,785.08,10.998
2024-10-01 21:30:00,784.86,11.141
2024-10-01 22:00:00,784.84,11.27
2024-10-01 22:30:00,784.81,11.384
2024-10-01 23:00:00,784.5,11.479
2024-10-01 23:30:00,784.4,11.556
2024-10-02 00:00:00,784.37,11.627
2024-10-02 00:30:00,784.34,11.686
2024-10-02 01:00:00,784.35,11.732
2024-10-02 01:30:00,784.46,11.77
2024-10-02 02:00:00,784.7,11.79
2024-10-02 02:30:00,784.78,11.802
2024-10-02 03:00:00,784.9,11.797
2024-10-02 03:30:00,785.21,11.775
2024-10-02 04:00:00,785.24,11.733
2024-10-02 04:30:00,785.29,11.68
2024-10-02 05:00:00,785.33,11.611
2024-10-02 05:30:00,785.33,11.539
2024-10-02 06:00:00,785.26,11.464
2024-10-02 06:30:00,785.27,11.382
2024-10-02 07:00:00,785.1,11.305
2024-10-02 07:30:00,784.91,11.227
2024-10-02 08:00:00,784.77,11.148
2024-10-02 08:30:00,784.61,11.072
2024-10-02 09:00:00,784.51,10.994
2024-10-02 09:30:00,784.4,10.915
2024-10-02 10:00:00,784.18,10.835
2024-10-02 10:30:00,784.04,10.758
2024-10-02 11:00:00,783.98,10.681
2024-10-02 11:30:00,783.93,10.608
2024-10-02 12:00:00,783.85,10.543
2024-10-02 12:30:00,783.84,10.473
2024-10-02 13:00:00,783.84,10.405
2024-10-02 13:30:00,783.79,10.339
2024-10-02 14:00:00,783.81,10.272
2024-10-02 14:30:00,783.83,10.199
2024-10-02 15:00:00,783.77,10.127
2024-10-02 15:30:00,783.71,10.068
2024-10-02 16:00:00,783.64,10.031
2024-10-02 16:30:00,783.62,10.044
2024-10-02 17:00:00,783.55,10.097
2024-10-02 17:30:00,783.45,10.18
2024-10-02 18:00:00,783.24,10.285
2024-10-02 18:30:00,783.03,10.405
2024-10-02 19:00:00,782.95,10.531
2024-10-02 19:30:00,782.6,10.664
2024-10-02 20:00:00,782.43,10.809
2024-10-02 20:30:00,782.18,10.953
2024-10-02 21:00:00,781.85,11.097
2024-10-02 21:30:00,781.5,11.238
2024-10-02 22:00:00,781.31,11.369
2024-10-02 22:30:00,781.26,11.485
2024-10-02 23:00:00,781.12,11.585
2024-10-02 23:30:00,781.01,11.666
2024-10-03 00:00:00,780.82,11.731
2024-10-03 00:30:00,780.7,11.79
2024-10-03 01:00:00,780.66,11.832
2024-10-03 01:30:00,780.75,11.868
2024-10-03 02:00:00,780.98,11.89
2024-10-03 02:30:00,781.16,11.901
2024-10-03 03:00:00,781.23,11.897
2024-10-03 03:30:00,781.35,11.876
2024-10-03 04:00:00,781.47,11.839
2024-10-03 04:30:00,781.51,11.782
2024-10-03 05:00:00,781.48,11.715
2024-10-03 05:30:00,781.48,11.638
2024-10-03 06:00:00,781.45,11.56
2024-10-03 06:30:00,781.35,11.477
2024-10-03 07:00:00,781.3,11.392
2024-10-03 07:30:00,781.17,11.307
2024-10-03 08:00:00,781.09,11.224
2024-10-03 08:30:00,781.07,11.137
2024-10-03 09:00:00,781.0,11.052
2024-10-03 09:30:00,780.97,10.968
2024-10-03 10:00:00,780.86,10.884
2024-10-03 10:30:00,780.74,10.801
2024-10-03 11:00:00,780.68,10.719
2024-10-03 11:30:00,780.66,10.637
2024-10-03 12:00:00,780.78,10.558
2024-10-03 12:30:00,780.76,10.477
2024-10-03 13:00:00,780.7,10.401
2024-10-03 13:30:00,780.68,10.323
2024-10-03 14:00:00,780.77,10.251
2024-10-03 14:30:00,780.94,10.176
2024-10-03 15:00:00,781.06,10.109
2024-10-03 15:30:00,780.99,10.051
2024-10-03 16:00:00,780.99,10.022
2024-10-03 16:30:00,781.04,10.04
2024-10-03 17:00:00,780.98,10.101
2024-10-03 17:30:00,780.82,10.183
2024-10-03 18:00:00,780.79,10.284
2024-10-03 18:30:00,780.69,10.398
2024-10-03 19:00:00,780.54,10.525
2024-10-03 19:30:00,780.3,10.664
2024-10-03 20:00:00,780.16,10.807
2024-10-03 20:30:00,779.92,10.947
2024-10-03 21:00:00,779.73,11.092
2024-10-03 21:30:00,779.68,11.235
2024-10-03 22:00:00,779.43,11.364
2024-10-03 22:30:00,779.43,11.477
2024-10-03 23:00:00,779.45,11.567
2024-10-03 23:30:00,779.35,11.642
2024-10-04 00:00:00,779.43,11.709
2024-10-04 00:30:00,779.35,11.765
2024-10-04 01:00:00,779.4,11.806
2024-10-04 01:30:00,779.51,11.837
2024-10-04 02:00:00,779.76,11.855
2024-10-04 02:30:00,779.97,11.859
2024-10-04 03:00:00,780.1,11.846
2024-10-04 03:30:00,780.32,11.816
2024-10-04 04:00:00,780.46,11.773
2024-10-04 04:30:00,780.62,11.717
2024-10-04 05:00:00,780.77,11.652
2024-10-04 05:30:00,780.86,11.579
2024-10-04 06:00:00,780.93,11.5
2024-10-04 06:30:00,781.08,11.416
2024-10-04 07:00:00,781.13,11.332
2024-10-04 07:30:00,781.14,11.249
2024-10-04 08:00:00,781.19,11.17
2024-10-04 08:30:00,781.23,11.089
2024-10-04 09:00:00,781.27,11.01
2024-10-04 09:30:00,781.14,10.934
2024-10-04 10:00:00,780.91,10.863
2024-10-04 10:30:00,780.78,10.779
2024-10-04 11:00:00,780.59,10.705
2024-10-04 11:30:00,780.61,10.639
2024-10-04 12:00:00,780.51,10.57
2024-10-04 12:30:00,780.6,10.502
2024-10-04 13:00:00,780.69,10.433
2024-10-04 13:30:00,780.81,10.366
2024-10-04 14:00:00,781.13,10.301
2024-10-04 14:30:00,781.12,10.237
2024-10-04 15:00:00,781.92,10.185
2024-10-04 15:30:00,781.53,10.15
2024-10-04 16:00:00,781.64,10.138
2024-10-04 16:30:00,781.8,10.166
2024-10-04 17:00:00,782.0,10.22
2024-10-04 17:30:00,782.15,10.289
2024-10-04 18:00:00,782.28,10.371
2024-10-04 18:30:00,782.37,10.466
2024-10-04 19:00:00,782.46,10.573
2024-10-04 19:30:00,782.52,10.687
2024-10-04 20:00:00,782.49,10.802
2024-10-04 20:30:00,782.29,10.917
2024-10-04 21:00:00,782.19,11.033
2024-10-04 21:30:00,782.32,11.153
2024-10-04 22:00:00,782.28,11.268
2024-10-04 22:30:00,782.32,11.357
2024-10-04 23:00:00,782.24,11.434
2024-10-04 23:30:00,782.41,11.498
2024-10-05 00:00:00,782.14,11.548
2024-10-05 00:30:00,782.23,11.587
2024-10-05 01:00:00,782.3,11.618
2024-10-05 01:30:00,782.43,11.64
2024-10-05 02:00:00,782.58,11.651
2024-10-05 02:30:00,782.79,11.646
2024-10-05 03:00:00,783.0,11.622
2024-10-05 03:30:00,783.15,11.583
2024-10-05 04:00:00,783.31,11.527
2024-10-05 04:30:00,783.41,11.463
2024-10-05 05:00:00,783.56,11.39
2024-10-05 05:30:00,783.83,11.314
2024-10-05 06:00:00,783.88,11.237
2024-10-05 06:30:00,783.9,11.157
2024-10-05 07:00:00,783.89,11.074
2024-10-05 07:30:00,783.92,10.995
2024-10-05 08:00:00,783.85,10.916
2024-10-05 08:30:00,783.86,10.834
2024-10-05 09:00:00,783.9,10.75
2024-10-05 09:30:00,783.87,10.665
2024-10-05 10:00:00,783.75,10.583
2024-10-05 10:30:00,783.65,10.512
2024-10-05 11:00:00,783.65,10.438
2024-10-05 11:30:00,783.72,10.372
2024-10-05 12:00:00,783.75,10.304
2024-10-05 12:30:00,783.84,10.236
2024-10-05 13:00:00,784.01,10.168
2024-10-05 13:30:00,784.2,10.093
2024-10-05 14:00:00,784.4,10.032
2024-10-05 14:30:00,784.59,9.971
2024-10-05 15:00:00,784.81,9.91
2024-10-05 15:30:00,784.86,9.858
2024-10-05 16:00:00,784.86,9.83
2024-10-05 16:30:00,784.93,9.853
2024-10-05 17:00:00,784.97,9.914
2024-10-05 17:30:00,785.0,9.995
2024-10-05 18:00:00,784.97,10.091
2024-10-05 18:30:00,785.04,10.205
2024-10-05 19:00:00,784.72,10.329
2024-10-05 19:30:00,784.48,10.448
2024-10-05 20:00:00,784.42,10.579
2024-10-05 20:30:00,784.35,10.72
2024-10-05 21:00:00,784.18,10.858
2024-10-05 21:30:00,784.04,10.981
2024-10-05 22:00:00,783.87,11.095
2024-10-05 22:30:00,783.93,11.193
2024-10-05 23:00:00,783.74,11.281
2024-10-05 23:30:00,783.73,11.355
2024-10-06 00:00:00,783.67,11.424
2024-10-06 00:30:00,783.82,11.474
2024-10-06 01:00:00,783.79,11.524
2024-10-06 01:30:00,783.93,11.558
2024-10-06 02:00:00,784.06,11.586
2024-10-06 02:30:00,784.26,11.603
2024-10-06 03:00:00,784.45,11.605
2024-10-06 03:30:00,784.64,11.588
2024-10-06 04:00:00,784.64,11.556
2024-10-06 04:30:00,784.74,11.512
2024-10-06 05:00:00,784.77,11.458
2024-10-06 05:30:00,784.83,11.392
2024-10-06 06:00:00,784.93,11.32
2024-10-06 06:30:00,784.9,11.247
2024-10-06 07:00:00,784.86,11.17
2024-10-06 07:30:00,784.88,11.09
2024-10-06 08:00:00,784.77,11.011
2024-10-06 08:30:00,784.73,10.934
2024-10-06 09:00:00,784.69,10.862
2024-10-06 09:30:00,784.53,10.787
2024-10-06 10:00:00,784.37,10.717
2024-10-06 10:30:00,784.24,10.65
2024-10-06 11:00:00,784.14,10.582
2024-10-06 11:30:00,784.17,10.519
2024-10-06 12:00:00,784.23,10.46
2024-10-06 12:30:00,784.3,10.399
2024-10-06 13:00:00,784.45,10.335
2024-10-06 13:30:00,784.52,10.272
2024-10-06 14:00:00,784.58,10.206
2024-10-06 14:30:00,784.65,10.136
2024-10-06 15:00:00,784.75,10.067
2024-10-06 15:30:00,784.75,10.003
2024-10-06 16:00:00,784.75,9.975
2024-10-06 16:30:00,784.73,9.998
2024-10-06 17:00:00,784.72,10.059
2024-10-06 17:30:00,784.71,10.137
2024-10-06 18:00:00,784.69,10.23
2024-10-06 18:30:00,784.54,10.339
2024-10-06 19:00:00,784.41,10.454
2024-10-06 19:30:00,784.2,10.575
2024-10-06 20:00:00,784.04,10.7
2024-10-06 20:30:00,783.94,10.818
2024-10-06 21:00:00,783.8,10.929
2024-10-06 21:30:00,783.57,11.031
2024-10-06 22:00:00,783.33,11.133
2024-10-06 22:30:00,783.66,11.222
2024-10-06 23:00:00,783.69,11.308
2024-10-06 23:30:00,784.07,11.37
2024-10-07 00:00:00,784.52,11.421
2024-10-07 00:30:00,784.31,11.447
2024-10-07 01:00:00,784.11,11.463
2024-10-07 01:30:00,783.87,11.467
2024-10-07 02:00:00,783.81,11.467
2024-10-07 02:30:00,783.98,11.456
2024-10-07 03:00:00,784.11,11.434
2024-10-07 03:30:00,784.12,11.397
2024-10-07 04:00:00,784.26,11.351
2024-10-07 04:30:00,784.18,11.296
2024-10-07 05:00:00,784.11,11.238
2024-10-07 05:30:00,784.0,11.182
2024-10-07 06:00:00,783.88,11.123
2024-10-07 06:30:00,783.81,11.062
2024-10-07 07:00:00,783.67,11.01
2024-10-07 07:30:00,783.62,10.955
2024-10-07 08:00:00,783.46,10.894
2024-10-07 08:30:00,783.41,10.839
2024-10-07 09:00:00,783.33,10.775
2024-10-07 09:30:00,783.18,10.71
2024-10-07 10:00:00,782.94,10.647
2024-10-07 10:30:00,782.8,10.579
2024-10-07 11:00:00,782.71,10.515
2024-10-07 11:30:00,782.67,10.45
2024-10-07 12:00:00,782.59,10.387
2024-10-07 12:30:00,782.59,10.322
2024-10-07 13:00:00,782.54,10.262
2024-10-07 13:30:00,782.54,10.206
2024-10-07 14:00:00,782.51,10.153
2024-10-07 14:30:00,782.7,10.095
2024-10-07 15:00:00,782.76,10.044
2024-10-07 15:30:00,782.76,9.998
2024-10-07 16:00:00,782.71,9.973
2024-10-07 16:30:00,782.66,9.984
2024-10-07 17:00:00,782.54,10.026
2024-10-07 17:30:00,782.48,10.084
2024-10-07 18:00:00,782.3,10.155
2024-10-07 18:30:00,782.18,10.239
2024-10-07 19:00:00,782.02,10.336
2024-10-07 19:30:00,781.82,10.437
2024-10-07 20:00:00,781.67,10.547
2024-10-07 20:30:00,781.4,10.66
2024-10-07 21:00:00,781.16,10.766
2024-10-07 21:30:00,780.81,10.874
2024-10-07 22:00:00,781.15,10.983
2024-10-07 22:30:00,781.15,11.079
2024-10-07 23:00:00,781.18,11.162
2024-10-07 23:30:00,781.43,11.228
2024-10-08 00:00:00,781.42,11.283
2024-10-08 00:30:00,781.1,11.33
2024-10-08 01:00:00,780.91,11.36
2024-10-08 01:30:00,780.7,11.377
2024-10-08 02:00:00,780.77,11.387
2024-10-08 02:30:00,780.8,11.386
2024-10-08 03:00:00,780.84,11.368
2024-10-08 03:30:00,780.71,11.333
2024-10-08 04:00:00,780.82,11.287
2024-10-08 04:30:00,780.89,11.226
2024-10-08 05:00:00,781.05,11.163
2024-10-08 05:30:00,781.13,11.087
2024-10-08 06:00:00,781.05,11.012
2024-10-08 06:30:00,781.01,10.937
2024-10-08 07:00:00,780.91,10.864
2024-10-08 07:30:00,780.83,10.792
2024-10-08 08:00:00,780.77,10.722
2024-10-08 08:30:00,780.66,10.652
2024-10-08 09:00:00,780.57,10.584
2024-10-08 09:30:00,780.47,10.512
2024-10-08 10:00:00,780.32,10.441
2024-10-08 10:30:00,780.19,10.367
2024-10-08 11:00:00,780.03,10.3
2024-10-08 11:30:00,779.9,10.231
2024-10-08 12:00:00,779.86,10.166
2024-10-08 12:30:00,779.79,10.099
2024-10-08 13:00:00,779.83,10.037
2024-10-08 13:30:00,779.82,9.974
2024-10-08 14:00:00,779.92,9.908
2024-10-08 14:30:00,779.92,9.835
2024-10-08 15:00:00,779.92,9.775
2024-10-08 15:30:00,780.0,9.729
2024-10-08 16:00:00,780.09,9.714
2024-10-08 16:30:00,780.07,9.739
2024-10-08 17:00:00,780.1,9.794
2024-10-08 17:30:00,780.19,9.859
2024-10-08 18:00:00,780.23,9.93
2024-10-08 18:30:00,780.07,10.005
2024-10-08 19:00:00,780.0,10.082
2024-10-08 19:30:00,779.9,10.163
2024-10-08 20:00:00,779.71,10.246
2024-10-08 20:30:00,779.47,10.328
2024-10-08 21:00:00,779.32,10.41
2024-10-08 21:30:00,779.1,10.489
2024-10-08 22:00:00,779.08,10.573
2024-10-08 22:30:00,778.77,10.646
2024-10-08 23:00:00,778.73,10.701
2024-10-08 23:30:00,778.82,10.744
2024-10-09 00:00:00,778.89,10.782
2024-10-09 00:30:00,779.05,10.815
2024-10-09 01:00:00,779.08,10.841
2024-10-09 01:30:00,779.16,10.861
2024-10-09 02:00:00,779.29,10.869
2024-10-09 02:30:00,779.53,10.86
2024-10-09 03:00:00,779.73,10.832
2024-10-09 03:30:00,779.93,10.786
2024-10-09 04:00:00,780.1,10.731
2024-10-09 04:30:00,780.29,10.67
2024-10-09 05:00:00,780.46,10.601
2024-10-09 05:30:00,780.6,10.53
2024-10-09 06:00:00,780.54,10.458
2024-10-09 06:30:00,780.58,10.384
2024-10-09 07:00:00,780.61,10.314
2024-10-09 07:30:00,780.69,10.243
2024-10-09 08:00:00,780.69,10.168
2024-10-09 08:30:00,780.67,10.095
2024-10-09 09:00:00,780.6,10.015
2024-10-09 09:30:00,780.49,9.942
2024-10-09 10:00:00,780.41,9.875
2024-10-09 10:30:00,780.35,9.811
2024-10-09 11:00:00,780.46,9.749
2024-10-09 11:30:00,780.58,9.682
2024-10-09 12:00:00,780.64,9.611
2024-10-09 12:30:00,780.72,9.551
2024-10-09 13:00:00,780.78,9.488
2024-10-09 13:30:00,781.01,9.427
2024-10-09 14:00:00,781.0,9.356
2024-10-09 14:30:00,781.19,9.276
2024-10-09 15:00:00,781.38,9.216
2024-10-09 15:30:00,781.49,9.153
2024-10-09 16:00:00,781.47,9.126
2024-10-09 16:30:00,781.49,9.146
2024-10-09 17:00:00,781.41,9.205
2024-10-09 17:30:00,781.38,9.28
2024-10-09 18:00:00,781.43,9.369
2024-10-09 18:30:00,781.42,9.462
2024-10-09 19:00:00,781.27,9.568
2024-10-09 19:30:00,781.12,9.678
2024-10-09 20:00:00,780.93,9.797
2024-10-09 20:30:00,780.82,9.926
2024-10-09 21:00:00,780.57,10.049
2024-10-09 21:30:00,780.53,10.172
2024-10-09 22:00:00,780.43,10.287
2024-10-09 22:30:00,780.36,10.385
2024-10-09 23:00:00,780.37,10.47
2024-10-09 23:30:00,780.41,10.545
2024-10-10 00:00:00,780.53,10.611
2024-10-10 00:30:00,780.66,10.661
2024-10-10 01:00:00,780.71,10.707
2024-10-10 01:30:00,780.9,10.744
2024-10-10 02:00:00,781.15,10.764
2024-10-10 02:30:00,781.28,10.768
2024-10-10 03:00:00,781.42,10.755
2024-10-10 03:30:00,781.61,10.727
2024-10-10 04:00:00,781.54,10.684
2024-10-10 04:30:00,781.45,10.627
2024-10-10 05:00:00,781.57,10.564
2024-10-10 05:30:00,781.62,10.499
2024-10-10 06:00:00,781.67,10.434
2024-10-10 06:30:00,781.73,10.371
2024-10-10 07:00:00,781.81,10.305
2024-10-10 07:30:00,781.77,10.24
2024-10-10 08:00:00,781.65,10.177
2024-10-10 08:30:00,781.65,10.11
2024-10-10 09:00:00,781.56,10.044
2024-10-10 09:30:00,781.47,9.977
2024-10-10 10:00:00,781.28,9.908
2024-10-10 10:30:00,781.2,9.85
2024-10-10 11:00:00,781.16,9.799
2024-10-10 11:30:00,781.11,9.749
2024-10-10 12:00:00,781.12,9.693
2024-10-10 12:30:00,781.27,9.64
2024-10-10 13:00:00,781.14,9.584
2024-10-10 13:30:00,781.25,9.522
2024-10-10 14:00:00,781.43,9.447
2024-10-10 14:30:00,781.52,9.363
2024-10-10 15:00:00,781.55,9.295
2024-10-10 15:30:00,781.69,9.234
2024-10-10 16:00:00,781.49,9.211
2024-10-10 16:30:00,781.41,9.235
2024-10-10 17:00:00,781.3,9.291
2024-10-10 17:30:00,781.25,9.357
2024-10-10 18:00:00,781.24,9.426
2024-10-10 18:30:00,781.11,9.496
2024-10-10 19:00:00,781.06,9.574
2024-10-10 19:30:00,781.07,9.656
2024-10-10 20:00:00,780.76,9.74
2024-10-10 20:30:00,780.68,9.824
2024-10-10 21:00:00,780.58,9.909
2024-10-10 21:30:00,780.56,9.993
2024-10-10 22:00:00,780.52,10.068
2024-10-10 22:30:00,780.69,10.135
2024-10-10 23:00:00,780.71,10.196
2024-10-10 23:30:00,780.77,10.249
2024-10-11 00:00:00,780.65,10.293
2024-10-11 00:30:00,780.58,10.328
2024-10-11 01:00:00,780.67,10.363
2024-10-11 01:30:00,780.66,10.386
2024-10-11 02:00:00,780.77,10.403
2024-10-11 02:30:00,780.84,10.407
2024-10-11 03:00:00,781.09,10.395
2024-10-11 03:30:00,781.26,10.356
2024-10-11 04:00:00,781.42,10.301
2024-10-11 04:30:00,781.36,10.233
2024-10-11 05:00:00,781.3,10.157
2024-10-11 05:30:00,781.26,10.079
2024-10-11 06:00:00,781.14,10.001
2024-10-11 06:30:00,781.25,9.921
2024-10-11 07:00:00,781.14,9.836
2024-10-11 07:30:00,781.07,9.756
2024-10-11 08:00:00,780.98,9.674
2024-10-11 08:30:00,780.91,9.59
2024-10-11 09:00:00,780.99,9.509
2024-10-11 09:30:00,781.06,9.428
2024-10-11 10:00:00,781.02,9.347
2024-10-11 10:30:00,780.9,9.265
2024-10-11 11:00:00,780.89,9.184
2024-10-11 11:30:00,780.89,9.103
2024-10-11 12:00:00,780.92,9.025
2024-10-11 12:30:00,780.82,8.946
2024-10-11 13:00:00,780.79,8.862
2024-10-11 13:30:00,780.83,8.779
2024-10-11 14:00:00,780.78,8.696
2024-10-11 14:30:00,780.84,8.614
2024-10-11 15:00:00,780.99,8.533
2024-10-11 15:30:00,781.11,8.467
2024-10-11 16:00:00,781.12,8.433
2024-10-11 16:30:00,781.04,8.431
2024-10-11 17:00:00,781.0,8.471
2024-10-11 17:30:00,780.84,8.539
2024-10-11 18:00:00,780.66,8.627
2024-10-11 18:30:00,780.55,8.727
2024-10-11 19:00:00,780.53,8.845
2024-10-11 19:30:00,780.64,8.973
2024-10-11 20:00:00,780.49,9.112
2024-10-11 20:30:00,780.56,9.255
2024-10-11 21:00:00,780.67,9.4
2024-10-11 21:30:00,780.8,9.546
2024-10-11 22:00:00,780.67,9.675
2024-10-11 22:30:00,780.62,9.781
2024-10-11 23:00:00,780.54,9.869
2024-10-11 23:30:00,780.33,9.943
2024-10-12 00:00:00,780.47,9.999
2024-10-12 00:30:00,780.45,10.041
2024-10-12 01:00:00,780.56,10.073
2024-10-12 01:30:00,780.78,10.092
2024-10-12 02:00:00,780.92,10.102
2024-10-12 02:30:00,781.15,10.093
2024-10-12 03:00:00,781.14,10.071
2024-10-12 03:30:00,781.42,10.031
2024-10-12 04:00:00,781.61,9.979
2024-10-12 04:30:00,781.63,9.922
2024-10-12 05:00:00,781.64,9.857
2024-10-12 05:30:00,781.56,9.786
2024-10-12 06:00:00,781.58,9.709
2024-10-12 06:30:00,781.47,9.637
2024-10-12 07:00:00,781.56,9.561
2024-10-12 07:30:00,781.41,9.485
2024-10-12 08:00:00,781.39,9.41
2024-10-12 08:30:00,781.22,9.333
2024-10-12 09:00:00,781.26,9.255
2024-10-12 09:30:00,781.1,9.179
2024-10-12 10:00:00,780.91,9.097
2024-10-12 10:30:00,780.79,9.024
2024-10-12 11:00:00,780.76,8.95
2024-10-12 11:30:00,780.61,8.874
2024-10-12 12:00:00,780.58,8.804
2024-10-12 12:30:00,780.67,8.735
2024-10-12 13:00:00,780.78,8.662
2024-10-12 13:30:00,780.85,8.592
2024-10-12 14:00:00,781.08,8.513
2024-10-12 14:30:00,781.09,8.437
2024-10-12 15:00:00,781.19,8.369
2024-10-12 15:30:00,781.16,8.303
2024-10-12 16:00:00,781.06,8.285
2024-10-12 16:30:00,781.05,8.312
2024-10-12 17:00:00,781.02,8.375
2024-10-12 17:30:00,781.23,8.466
2024-10-12 18:00:00,781.25,8.574
2024-10-12 18:30:00,781.15,8.699
2024-10-12 19:00:00,781.12,8.832
2024-10-12 19:30:00,781.23,8.972
2024-10-12 20:00:00,780.89,9.109
2024-10-12 20:30:00,780.67,9.248
2024-10-12 21:00:00,780.6,9.38
2024-10-12 21:30:00,780.45,9.503
2024-10-12 22:00:00,780.33,9.607
2024-10-12 22:30:00,780.31,9.694
2024-10-12 23:00:00,780.31,9.764
2024-10-12 23:30:00,780.25,9.816
2024-10-13 00:00:00,780.3,9.852
2024-10-13 00:30:00,780.31,9.877
2024-10-13 01:00:00,780.38,9.893
2024-10-13 01:30:00,780.29,9.901
2024-10-13 02:00:00,780.58,9.896
2024-10-13 02:30:00,780.9,9.877
2024-10-13 03:00:00,780.79,9.842
2024-10-13 03:30:00,780.7,9.796
2024-10-13 04:00:00,780.58,9.739
2024-10-13 04:30:00,780.61,9.674
2024-10-13 05:00:00,780.57,9.607
2024-10-13 05:30:00,780.59,9.536
2024-10-13 06:00:00,780.58,9.464
2024-10-13 06:30:00,780.37,9.393
2024-10-13 07:00:00,780.39,9.306
2024-10-13 07:30:00,780.23,9.242
2024-10-13 08:00:00,780.06,9.169
2024-10-13 08:30:00,779.82,9.092
2024-10-13 09:00:00,779.69,9.017
2024-10-13 09:30:00,779.61,8.94
2024-10-13 10:00:00,779.47,8.864
2024-10-13 10:30:00,779.2,8.787
2024-10-13 11:00:00,779.18,8.709
2024-10-13 11:30:00,778.98,8.625
2024-10-13 12:00:00,779.04,8.545
2024-10-13 12:30:00,779.0,8.464
2024-10-13 13:00:00,778.97,8.382
2024-10-13 13:30:00,779.05,8.302
2024-10-13 14:00:00,779.11,8.219
2024-10-13 14:30:00,779.1,8.134
2024-10-13 15:00:00,779.13,8.061
2024-10-13 15:30:00,779.17,7.989
2024-10-13 16:00:00,779.17,7.965
2024-10-13 16:30:00,779.09,7.996
2024-10-13 17:00:00,778.99,8.064
2024-10-13 17:30:00,778.81,8.151
2024-10-13 18:00:00,778.62,8.256
2024-10-13 18:30:00,778.54,8.368
2024-10-13 19:00:00,778.54,8.492
2024-10-13 19:30:00,778.5,8.628
2024-10-13 20:00:00,778.43,8.772
2024-10-13 20:30:00,778.31,8.924
2024-10-13 21:00:00,778.22,9.074
2024-10-13 21:30:00,778.19,9.217
2024-10-13 22:00:00,778.13,9.345
2024-10-13 22:30:00,778.27,9.456
2024-10-13 23:00:00,778.17,9.542
2024-10-13 23:30:00,778.31,9.613
2024-10-14 00:00:00,778.32,9.671
2024-10-14 00:30:00,778.35,9.716
2024-10-14 01:00:00,778.52,9.749
2024-10-14 01:30:00,778.7,9.771
2024-10-14 02:00:00,778.99,9.781
2024-10-14 02:30:00,779.07,9.777
2024-10-14 03:00:00,779.26,9.751
2024-10-14 03:30:00,779.35,9.708
2024-10-14 04:00:00,779.34,9.651
2024-10-14 04:30:00,779.38,9.592
2024-10-14 05:00:00,779.51,9.529
2024-10-14 05:30:00,779.66,9.468
2024-10-14 06:00:00,779.6,9.404
2024-10-14 06:30:00,779.62,9.343
2024-10-14 07:00:00,779.51,9.284
2024-10-14 07:30:00,779.31,9.221
2024-10-14 08:00:00,779.4,9.152
2024-10-14 08:30:00,779.43,9.075
2024-10-14 09:00:00,779.46,8.997
2024-10-14 09:30:00,779.44,8.918
2024-10-14 10:00:00,779.42,8.835
2024-10-14 10:30:00,779.3,8.75
2024-10-14 11:00:00,779.2,8.669
2024-10-14 11:30:00,779.28,8.594
2024-10-14 12:00:00,779.29,8.517
2024-10-14 12:30:00,779.36,8.44
2024-10-14 13:00:00,779.47,8.363
2024-10-14 13:30:00,779.52,8.285
2024-10-14 14:00:00,779.73,8.211
2024-10-14 14:30:00,779.91,8.136
2024-10-14 15:00:00,780.07,8.072
2024-10-14 15:30:00,780.29,8.013
2024-10-14 16:00:00,780.29,7.991
2024-10-14 16:30:00,780.12,8.018
2024-10-14 17:00:00,780.16,8.087
2024-10-14 17:30:00,780.12,8.175
2024-10-14 18:00:00,780.13,8.279
2024-10-14 18:30:00,780.11,8.392
2024-10-14 19:00:00,780.09,8.516
2024-10-14 19:30:00,779.92,8.648
2024-10-14 20:00:00,779.5,8.779
2024-10-14 20:30:00,779.37,8.919
2024-10-14 21:00:00,779.21,9.056
2024-10-14 21:30:00,779.31,9.194
2024-10-14 22:00:00,779.3,9.325
2024-10-14 22:30:00,779.4,9.438
2024-10-14 23:00:00,779.46,9.532
2024-10-14 23:30:00,779.46,9.612
2024-10-15 00:00:00,779.52,9.671
2024-10-15 00:30:00,779.75,9.716
2024-10-15 01:00:00,779.94,9.753
2024-10-15 01:30:00,780.17,9.778
2024-10-15 02:00:00,780.27,9.795
2024-10-15 02:30:00,780.33,9.799
2024-10-15 03:00:00,780.48,9.786
2024-10-15 03:30:00,780.5,9.76
2024-10-15 04:00:00,780.6,9.713
2024-10-15 04:30:00,780.65,9.657
2024-10-15 05:00:00,780.72,9.595
2024-10-15 05:30:00,780.77,9.531
2024-10-15 06:00:00,780.92,9.466
2024-10-15 06:30:00,780.92,9.397
2024-10-15 07:00:00,780.9,9.321
2024-10-15 07:30:00,780.91,9.243
2024-10-15 08:00:00,780.97,9.167
2024-10-15 08:30:00,780.9,9.092
2024-10-15 09:00:00,780.79,9.014
2024-10-15 09:30:00,780.67,8.94
2024-10-15 10:00:00,780.48,8.86
2024-10-15 10:30:00,780.41,8.78
2024-10-15 11:00:00,780.26,8.699
2024-10-15 11:30:00,780.33,8.61
2024-10-15 12:00:00,780.37,8.525
2024-10-15 12:30:00,780.43,8.443
2024-10-15 13:00:00,780.49,8.359
2024-10-15 13:30:00,780.53,8.28
2024-10-15 14:00:00,780.51,8.199
2024-10-15 14:30:00,780.57,8.115
2024-10-15 15:00:00,780.69,8.032
2024-10-15 15:30:00,780.78,7.957
2024-10-15 16:00:00,780.82,7.921
2024-10-15 16:30:00,780.78,7.943
2024-10-15 17:00:00,780.63,8.012
2024-10-15 17:30:00,780.54,8.107
2024-10-15 18:00:00,780.5,8.221
2024-10-15 18:30:00,780.43,8.345
2024-10-15 19:00:00,780.25,8.483
2024-10-15 19:30:00,780.08,8.644
2024-10-15 20:00:00,779.8,8.803
2024-10-15 20:30:00,779.55,8.963
2024-10-15 21:00:00,779.36,9.119
2024-10-15 21:30:00,779.25,9.266
2024-10-15 22:00:00,779.23,9.405
2024-10-15 22:30:00,779.16,9.519
2024-10-15 23:00:00,779.19,9.612
2024-10-15 23:30:00,779.21,9.68
2024-10-16 00:00:00,779.03,9.735
2024-10-16 00:30:00,779.06,9.777
2024-10-16 01:00:00,778.95,9.804
2024-10-16 01:30:00,779.08,9.82
2024-10-16 02:00:00,779.16,9.822
2024-10-16 02:30:00,779.19,9.806
2024-10-16 03:00:00,779.22,9.758
2024-10-16 03:30:00,779.36,9.687
2024-10-16 04:00:00,779.47,9.608
2024-10-16 04:30:00,779.6,9.544
2024-10-16 05:00:00,779.55,9.48
2024-10-16 05:30:00,779.44,9.409
2024-10-16 06:00:00,779.25,9.329
2024-10-16 06:30:00,779.14,9.25
2024-10-16 07:00:00,778.94,9.166
2024-10-16 07:30:00,778.77,9.083
2024-10-16 08:00:00,778.59,9.0
2024-10-16 08:30:00,778.53,8.92
2024-10-16 09:00:00,778.33,8.842
2024-10-16 09:30:00,778.14,8.77
2024-10-16 10:00:00,777.89,8.693
2024-10-16 10:30:00,777.71,8.614
2024-10-16 11:00:00,777.46,8.536
2024-10-16 11:30:00,777.16,8.447
2024-10-16 12:00:00,777.03,8.364
2024-10-16 12:30:00,776.92,8.29
2024-10-16 13:00:00,776.96,8.22
2024-10-16 13:30:00,776.94,8.15
2024-10-16 14:00:00,776.78,8.071
2024-10-16 14:30:00,776.55,7.993
2024-10-16 15:00:00,776.52,7.917
2024-10-16 15:30:00,776.56,7.853
2024-10-16 16:00:00,776.4,7.822
2024-10-16 16:30:00,776.19,7.851
2024-10-16 17:00:00,775.89,7.917
2024-10-16 17:30:00,775.72,8.018
2024-10-16 18:00:00,775.49,8.147
2024-10-16 18:30:00,775.33,8.287
2024-10-16 19:00:00,775.16,8.449
2024-10-16 19:30:00,774.96,8.614
2024-10-16 20:00:00,774.47,8.779
2024-10-16 20:30:00,774.49,8.932
2024-10-16 21:00:00,774.22,9.044
2024-10-16 21:30:00,774.16,9.13
2024-10-16 22:00:00,773.81,9.189
2024-10-16 22:30:00,773.51,9.221
2024-10-16 23:00:00,773.03,9.24
2024-10-16 23:30:00,773.25,9.257
2024-10-17 00:00:00,774.25,9.263
2024-10-17 00:30:00,774.9,9.25
2024-10-17 01:00:00,774.76,9.231
2024-10-17 01:30:00,774.81,9.194
2024-10-17 02:00:00,774.76,9.156
2024-10-17 02:30:00,775.01,9.12
2024-10-17 03:00:00,775.27,9.082
2024-10-17 03:30:00,775.17,9.036
2024-10-17 04:00:00,774.79,8.989
2024-10-17 04:30:00,774.81,8.937
2024-10-17 05:00:00,774.42,8.88
2024-10-17 05:30:00,774.47,8.816
2024-10-17 06:00:00,774.34,8.753
2024-10-17 06:30:00,774.48,8.698
2024-10-17 07:00:00,774.27,8.641
2024-10-17 07:30:00,774.24,8.577
2024-10-17 08:00:00,774.17,8.511
2024-10-17 08:30:00,773.83,8.451
2024-10-17 09:00:00,773.7,8.377
2024-10-17 09:30:00,773.48,8.312
2024-10-17 10:00:00,773.33,8.243
2024-10-17 10:30:00,773.13,8.172
2024-10-17 11:00:00,773.37,8.105
2024-10-17 11:30:00,773.35,8.038
2024-10-17 12:00:00,773.16,7.965
2024-10-17 12:30:00,773.24,7.887
2024-10-17 13:00:00,773.33,7.82
2024-10-17 13:30:00,773.29,7.762
2024-10-17 14:00:00,773.29,7.694
2024-10-17 14:30:00,773.18,7.637
2024-10-17 15:00:00,772.82,7.583
2024-10-17 15:30:00,772.54,7.515
2024-10-17 16:00:00,772.28,7.464
2024-10-17 16:30:00,772.18,7.471
2024-10-17 17:00:00,771.98,7.52
2024-10-17 17:30:00,771.68,7.593
2024-10-17 18:00:00,771.21,7.677
2024-10-17 18:30:00,771.11,7.762
2024-10-17 19:00:00,770.85,7.852
2024-10-17 19:30:00,770.55,7.947
2024-10-17 20:00:00,769.81,8.039
2024-10-17 20:30:00,770.17,8.141
2024-10-17 21:00:00,770.11,8.229
2024-10-17 21:30:00,769.68,8.304
2024-10-17 22:00:00,769.43,8.365
2024-10-17 22:30:00,769.38,8.42
2024-10-17 23:00:00,769.74,8.454
2024-10-17 23:30:00,769.63,8.479
2024-10-18 00:00:00,769.27,8.481
2024-10-18 00:30:00,769.21,8.465
2024-10-18 01:00:00,769.17,8.437
2024-10-18 01:30:00,769.41,8.401
2024-10-18 02:00:00,769.53,8.36
2024-10-18 02:30:00,769.66,8.323
2024-10-18 03:00:00,769.77,8.293
2024-10-18 03:30:00,769.8,8.261
2024-10-18 04:00:00,769.99,8.226
2024-10-18 04:30:00,770.48,8.184
2024-10-18 05:00:00,770.87,8.094
2024-10-18 05:30:00,771.44,7.984
2024-10-18 06:00:00,771.46,7.884
2024-10-18 06:30:00,771.41,7.775
2024-10-18 07:00:00,771.79,7.663
2024-10-18 07:30:00,771.64,7.552
2024-10-18 08:00:00,771.82,7.46
2024-10-18 08:30:00,771.53,7.37
2024-10-18 09:00:00,771.48,7.275
2024-10-18 09:30:00,772.23,7.211
2024-10-18 10:00:00,772.59,7.172
2024-10-18 10:30:00,772.94,7.126
2024-10-18 11:00:00,772.95,7.085
2024-10-18 11:30:00,773.06,7.042
2024-10-18 12:00:00,773.06,7.01
2024-10-18 12:30:00,773.46,6.973
2024-10-18 13:00:00,774.01,6.939
2024-10-18 13:30:00,774.49,6.901
2024-10-18 14:00:00,775.04,6.859
2024-10-18 14:30:00,775.16,6.823
2024-10-18 15:00:00,775.31,6.788
2024-10-18 15:30:00,775.69,6.759
2024-10-18 16:00:00,775.98,6.735
2024-10-18 16:30:00,776.21,6.725
2024-10-18 17:00:00,776.64,6.729
2024-10-18 17:30:00,776.7,6.747
2024-10-18 18:00:00,776.87,6.786
2024-10-18 18:30:00,777.2,6.839
2024-10-18 19:00:00,777.36,6.902
2024-10-18 19:30:00,777.35,6.978
2024-10-18 20:00:00,777.7,7.063
2024-10-18 20:30:00,777.73,7.147
2024-10-18 21:00:00,777.63,7.232
2024-10-18 21:30:00,777.95,7.308
2024-10-18 22:00:00,778.01,7.374
2024-10-18 22:30:00,778.23,7.424
2024-10-18 23:00:00,778.59,7.452
2024-10-18 23:30:00,778.6,7.452
2024-10-19 00:00:00,778.38,7.434
2024-10-19 00:30:00,778.47,7.382
2024-10-19 01:00:00,778.29,7.33
2024-10-19 01:30:00,778.53,7.269
2024-10-19 02:00:00,778.75,7.214
2024-10-19 02:30:00,778.87,7.15
2024-10-19 03:00:00,779.12,7.083
2024-10-19 03:30:00,779.33,7.017
2024-10-19 04:00:00,779.76,6.958
2024-10-19 04:30:00,780.24,6.914
2024-10-19 05:00:00,780.58,6.886
2024-10-19 05:30:00,780.68,6.864
2024-10-19 06:00:00,780.77,6.844
2024-10-19 06:30:00,780.48,6.815
2024-10-19 07:00:00,780.45,6.779
2024-10-19 07:30:00,780.42,6.724
2024-10-19 08:00:00,780.34,6.669
2024-10-19 08:30:00,780.47,6.635
2024-10-19 09:00:00,780.38,6.614
2024-10-19 09:30:00,779.99,6.595
2024-10-19 10:00:00,779.81,6.577
2024-10-19 10:30:00,779.79,6.553
2024-10-19 11:00:00,779.74,6.531
2024-10-19 11:30:00,779.8,6.505
2024-10-19 12:00:00,779.99,6.454
2024-10-19 12:30:00,779.93,6.44
2024-10-19 13:00:00,780.14,6.416
2024-10-19 13:30:00,780.18,6.392
2024-10-19 14:00:00,780.07,6.365
2024-10-19 14:30:00,780.04,6.337
2024-10-19 15:00:00,780.2,6.305
2024-10-19 15:30:00,780.33,6.275
2024-10-19 16:00:00,780.46,6.254
2024-10-19 16:30:00,780.38,6.251
2024-10-19 17:00:00,780.32,6.262
2024-10-19 17:30:00,780.58,6.292
2024-10-19 18:00:00,780.69,6.344
2024-10-19 18:30:00,780.78,6.408
2024-10-19 19:00:00,780.44,6.488
2024-10-19 19:30:00,780.56,6.575
2024-10-19 20:00:00,780.5,6.667
2024-10-19 20:30:00,780.23,6.766
2024-10-19 21:00:00,780.03,6.862
2024-10-19 21:30:00,779.89,6.955
2024-10-19 22:00:00,780.01,7.042
2024-10-19 22:30:00,780.02,7.117
2024-10-19 23:00:00,780.15,7.18
2024-10-19 23:30:00,780.13,7.222
2024-10-20 00:00:00,779.93,7.25
2024-10-20 00:30:00,779.81,7.266
2024-10-20 01:00:00,779.88,7.27
2024-10-20 01:30:00,779.86,7.269
2024-10-20 02:00:00,779.88,7.265
2024-10-20 02:30:00,779.97,7.25
2024-10-20 03:00:00,779.99,7.228
2024-10-20 03:30:00,779.85,7.194
2024-10-20 04:00:00,779.78,7.157
2024-10-20 04:30:00,779.63,7.116
2024-10-20 05:00:00,779.66,7.072
2024-10-20 05:30:00,779.66,7.025
2024-10-20 06:00:00,779.66,6.975
2024-10-20 06:30:00,779.71,6.923
2024-10-20 07:00:00,779.82,6.871
2024-10-20 07:30:00,779.72,6.813
2024-10-20 08:00:00,779.76,6.759
2024-10-20 08:30:00,779.87,6.705
2024-10-20 09:00:00,780.07,6.653
2024-10-20 09:30:00,780.12,6.597
2024-10-20 10:00:00,780.21,6.542
2024-10-20 10:30:00,780.3,6.488
2024-10-20 11:00:00,780.26,6.439
2024-10-20 11:30:00,780.47,6.39
2024-10-20 12:00:00,780.5,6.347
2024-10-20 12:30:00,780.48,6.302
2024-10-20 13:00:00,780.7,6.253
2024-10-20 13:30:00,780.79,6.209
2024-10-20 14:00:00,780.74,6.171
2024-10-20 14:30:00,780.7,6.132
2024-10-20 15:00:00,780.78,6.09
2024-10-20 15:30:00,780.94,6.053
2024-10-20 16:00:00,781.05,6.03
2024-10-20 16:30:00,780.96,6.041
2024-10-20 17:00:00,780.79,6.065
2024-10-20 17:30:00,780.72,6.108
2024-10-20 18:00:00,780.6,6.157
2024-10-20 18:30:00,780.33,6.222
2024-10-20 19:00:00,780.28,6.3
2024-10-20 19:30:00,780.12,6.394
2024-10-20 20:00:00,780.2,6.507
2024-10-20 20:30:00,780.0,6.635
2024-10-20 21:00:00,779.77,6.764
2024-10-20 21:30:00,779.68,6.885
2024-10-20 22:00:00,779.58,7.002
2024-10-20 22:30:00,779.49,7.107
2024-10-20 23:00:00,779.56,7.197
2024-10-20 23:30:00,779.66,7.269
2024-10-21 00:00:00,779.64,7.33
2024-10-21 00:30:00,779.72,7.375
2024-10-21 01:00:00,779.93,7.409
2024-10-21 01:30:00,780.07,7.432
2024-10-21 02:00:00,780.12,7.442
2024-10-21 02:30:00,780.17,7.437
2024-10-21 03:00:00,780.32,7.414
2024-10-21 03:30:00,780.37,7.382
2024-10-21 04:00:00,780.42,7.334
2024-10-21 04:30:00,780.7,7.28
2024-10-21 05:00:00,780.65,7.223
2024-10-21 05:30:00,780.77,7.158
2024-10-21 06:00:00,780.74,7.092
2024-10-21 06:30:00,780.64,7.031
2024-10-21 07:00:00,780.46,6.968
2024-10-21 07:30:00,780.2,6.908
2024-10-21 08:00:00,780.02,6.849
2024-10-21 08:30:00,779.78,6.795
2024-10-21 09:00:00,779.78,6.743
2024-10-21 09:30:00,779.65,6.688
2024-10-21 10:00:00,779.39,6.634
2024-10-21 10:30:00,779.36,6.57
2024-10-21 11:00:00,779.5,6.516
2024-10-21 11:30:00,779.43,6.467
2024-10-21 12:00:00,779.67,6.419
2024-10-21 12:30:00,779.59,6.361
2024-10-21 13:00:00,779.57,6.31
2024-10-21 13:30:00,779.77,6.262
2024-10-21 14:00:00,779.84,6.217
2024-10-21 14:30:00,779.93,6.176
2024-10-21 15:00:00,779.98,6.135
2024-10-21 15:30:00,780.2,6.095
2024-10-21 16:00:00,780.19,6.073
2024-10-21 16:30:00,780.06,6.081
2024-10-21 17:00:00,780.05,6.122
2024-10-21 17:30:00,779.89,6.184
2024-10-21 18:00:00,779.74,6.26
2024-10-21 18:30:00,779.67,6.353
2024-10-21 19:00:00,779.73,6.46
2024-10-21 19:30:00,779.76,6.581
2024-10-21 20:00:00,779.55,6.708
2024-10-21 20:30:00,779.44,6.84
2024-10-21 21:00:00,779.32,6.969
2024-10-21 21:30:00,779.12,7.095
2024-10-21 22:00:00,779.05,7.211
2024-10-21 22:30:00,778.99,7.312
2024-10-21 23:00:00,779.01,7.399
2024-10-21 23:30:00,778.99,7.467
2024-10-22 00:00:00,779.08,7.523
2024-10-22 00:30:00,779.12,7.564
2024-10-22 01:00:00,779.08,7.595
2024-10-22 01:30:00,779.16,7.617
2024-10-22 02:00:00,779.29,7.621
2024-10-22 02:30:00,779.38,7.614
2024-10-22 03:00:00,779.43,7.592
2024-10-22 03:30:00,779.51,7.554
2024-10-22 04:00:00,779.72,7.509
2024-10-22 04:30:00,779.68,7.453
2024-10-22 05:00:00,779.8,7.392
2024-10-22 05:30:00,779.96,7.33
2024-10-22 06:00:00,779.92,7.266
2024-10-22 06:30:00,779.97,7.198
2024-10-22 07:00:00,779.81,7.131
2024-10-22 07:30:00,779.68,7.069
2024-10-22 08:00:00,779.67,7.006
2024-10-22 08:30:00,779.73,6.942
2024-10-22 09:00:00,779.85,6.881
2024-10-22 09:30:00,780.03,6.813
2024-10-22 10:00:00,780.05,6.741
2024-10-22 10:30:00,779.99,6.679
2024-10-22 11:00:00,779.88,6.619
2024-10-22 11:30:00,779.82,6.565
2024-10-22 12:00:00,779.82,6.508
2024-10-22 12:30:00,779.88,6.453
2024-10-22 13:00:00,780.15,6.398
2024-10-22 13:30:00,780.04,6.347
2024-10-22 14:00:00,780.08,6.293
2024-10-22 14:30:00,780.09,6.25
2024-10-22 15:00:00,780.26,6.204
2024-10-22 15:30:00,780.62,6.154
2024-10-22 16:00:00,780.61,6.12
2024-10-22 16:30:00,780.57,6.14
2024-10-22 17:00:00,780.79,6.193
2024-10-22 17:30:00,780.68,6.268
2024-10-22 18:00:00,780.58,6.359
2024-10-22 18:30:00,780.81,6.464
2024-10-22 19:00:00,780.79,6.588
2024-10-22 19:30:00,780.72,6.719
2024-10-22 20:00:00,780.58,6.857
2024-10-22 20:30:00,780.4,6.999
2024-10-22 21:00:00,780.27,7.135
2024-10-22 21:30:00,780.19,7.266
2024-10-22 22:00:00,780.21,7.385
2024-10-22 22:30:00,780.3,7.489
2024-10-22 23:00:00,780.25,7.577
2024-10-22 23:30:00,780.24,7.645
2024-10-23 00:00:00,780.23,7.703
2024-10-23 00:30:00,780.42,7.746
2024-10-23 01:00:00,780.49,7.78
2024-10-23 01:30:00,780.72,7.804
2024-10-23 02:00:00,780.98,7.811
2024-10-23 02:30:00,781.1,7.799
2024-10-23 03:00:00,781.22,7.767
2024-10-23 03:30:00,781.34,7.718
2024-10-23 04:00:00,781.3,7.656
2024-10-23 04:30:00,781.5,7.59
2024-10-23 05:00:00,781.63,7.525
2024-10-23 05:30:00,781.73,7.454
2024-10-23 06:00:00,781.62,7.39
2024-10-23 06:30:00,781.66,7.322
2024-10-23 07:00:00,781.66,7.253
2024-10-23 07:30:00,781.72,7.183
2024-10-23 08:00:00,781.79,7.114
2024-10-23 08:30:00,781.74,7.041
2024-10-23 09:00:00,781.71,6.966
2024-10-23 09:30:00,781.76,6.888
2024-10-23 10:00:00,781.75,6.812
2024-10-23 10:30:00,781.55,6.739
2024-10-23 11:00:00,781.53,6.666
2024-10-23 11:30:00,781.36,6.59
2024-10-23 12:00:00,781.48,6.525
2024-10-23 12:30:00,781.53,6.464
2024-10-23 13:00:00,781.71,6.407
2024-10-23 13:30:00,781.72,6.355
2024-10-23 14:00:00,781.65,6.295
2024-10-23 14:30:00,781.6,6.252
2024-10-23 15:00:00,781.76,6.2
2024-10-23 15:30:00,781.96,6.15
2024-10-23 16:00:00,781.93,6.118
2024-10-23 16:30:00,781.79,6.138
2024-10-23 17:00:00,781.72,6.195
2024-10-23 17:30:00,781.54,6.275
2024-10-23 18:00:00,781.36,6.368
2024-10-23 18:30:00,781.32,6.478
2024-10-23 19:00:00,781.23,6.601
2024-10-23 19:30:00,781.23,6.745
2024-10-23 20:00:00,780.96,6.902
2024-10-23 20:30:00,780.79,7.063
2024-10-23 21:00:00,780.5,7.223
2024-10-23 21:30:00,780.44,7.375
2024-10-23 22:00:00,780.44,7.518
2024-10-23 22:30:00,780.14,7.64
2024-10-23 23:00:00,779.96,7.742
2024-10-23 23:30:00,780.02,7.819
2024-10-24 00:00:00,780.09,7.871
2024-10-24 00:30:00,779.9,7.905
2024-10-24 01:00:00,779.64,7.925
2024-10-24 01:30:00,779.67,7.933
2024-10-24 02:00:00,779.85,7.921
2024-10-24 02:30:00,780.02,7.893
2024-10-24 03:00:00,779.95,7.856
2024-10-24 03:30:00,780.02,7.82
2024-10-24 04:00:00,780.19,7.788
2024-10-24 04:30:00,780.04,7.744
2024-10-24 05:00:00,780.01,7.69
2024-10-24 05:30:00,779.94,7.628
2024-10-24 06:00:00,779.81,7.563
2024-10-24 06:30:00,779.64,7.492
2024-10-24 07:00:00,779.6,7.419
2024-10-24 07:30:00,779.64,7.339
2024-10-24 08:00:00,779.41,7.262
2024-10-24 08:30:00,779.31,7.18
2024-10-24 09:00:00,779.08,7.103
2024-10-24 09:30:00,779.04,7.025
2024-10-24 10:00:00,778.91,6.944
2024-10-24 10:30:00,778.79,6.866
2024-10-24 11:00:00,778.48,6.788
2024-10-24 11:30:00,778.38,6.711
2024-10-24 12:00:00,778.44,6.641
2024-10-24 12:30:00,778.33,6.574
2024-10-24 13:00:00,778.06,6.51
2024-10-24 13:30:00,777.99,6.443
2024-10-24 14:00:00,777.94,6.38
2024-10-24 14:30:00,777.9,6.324
2024-10-24 15:00:00,777.98,6.267
2024-10-24 15:30:00,778.13,6.213
2024-10-24 16:00:00,778.24,6.17
2024-10-24 16:30:00,778.17,6.163
2024-10-24 17:00:00,777.95,6.189
2024-10-24 17:30:00,777.69,6.247
2024-10-24 18:00:00,777.61,6.328
2024-10-24 18:30:00,777.58,6.421
2024-10-24 19:00:00,777.62,6.533
2024-10-24 19:30:00,777.5,6.665
2024-10-24 20:00:00,777.44,6.82
2024-10-24 20:30:00,777.3,6.993
2024-10-24 21:00:00,776.98,7.163
2024-10-24 21:30:00,776.79,7.331
2024-10-24 22:00:00,776.64,7.471
2024-10-24 22:30:00,776.6,7.602
2024-10-24 23:00:00,776.5,7.712
2024-10-24 23:30:00,776.45,7.799
2024-10-25 00:00:00,776.4,7.869
2024-10-25 00:30:00,776.42,7.917
2024-10-25 01:00:00,776.42,7.953
2024-10-25 01:30:00,776.55,7.975
2024-10-25 02:00:00,776.85,7.977
2024-10-25 02:30:00,777.13,7.964
2024-10-25 03:00:00,777.11,7.925
2024-10-25 03:30:00,777.1,7.868
2024-10-25 04:00:00,777.21,7.795
2024-10-25 04:30:00,777.31,7.722
2024-10-25 05:00:00,777.47,7.643
2024-10-25 05:30:00,777.63,7.568
2024-10-25 06:00:00,777.74,7.489
2024-10-25 06:30:00,777.89,7.409
2024-10-25 07:00:00,777.95,7.331
2024-10-25 07:30:00,778.04,7.254
2024-10-25 08:00:00,778.11,7.174
2024-10-25 08:30:00,778.1,7.093
2024-10-25 09:00:00,778.22,7.015
2024-10-25 09:30:00,778.19,6.936
2024-10-25 10:00:00,778.07,6.858
2024-10-25 10:30:00,777.93,6.78
2024-10-25 11:00:00,777.85,6.707
2024-10-25 11:30:00,777.86,6.63
2024-10-25 12:00:00,777.92,6.558
2024-10-25 12:30:00,778.02,6.484
2024-10-25 13:00:00,778.09,6.414
2024-10-25 13:30:00,778.15,6.346
2024-10-25 14:00:00,778.25,6.285
2024-10-25 14:30:00,778.16,6.223
2024-10-25 15:00:00,778.42,6.164
2024-10-25 15:30:00,778.65,6.11
2024-10-25 16:00:00,779.01,6.082
2024-10-25 16:30:00,778.92,6.101
2024-10-25 17:00:00,778.59,6.154
2024-10-25 17:30:00,778.49,6.235
2024-10-25 18:00:00,778.71,6.331
2024-10-25 18:30:00,778.77,6.439
2024-10-25 19:00:00,778.77,6.559
2024-10-25 19:30:00,778.51,6.686
2024-10-25 20:00:00,778.69,6.818
2024-10-25 20:30:00,778.3,6.94
2024-10-25 21:00:00,778.41,7.055
2024-10-25 21:30:00,778.51,7.168
2024-10-25 22:00:00,778.48,7.269
2024-10-25 22:30:00,778.34,7.36
2024-10-25 23:00:00,778.48,7.44
2024-10-25 23:30:00,778.53,7.513
2024-10-26 00:00:00,778.54,7.572
2024-10-26 00:30:00,778.68,7.619
2024-10-26 01:00:00,778.87,7.652
2024-10-26 01:30:00,779.03,7.675
2024-10-26 02:00:00,779.29,7.675
2024-10-26 02:30:00,779.45,7.654
2024-10-26 03:00:00,779.72,7.616
2024-10-26 03:30:00,779.91,7.561
2024-10-26 04:00:00,780.04,7.498
2024-10-26 04:30:00,780.34,7.43
2024-10-26 05:00:00,780.57,7.352
2024-10-26 05:30:00,780.77,7.275
2024-10-26 06:00:00,780.9,7.196
2024-10-26 06:30:00,780.88,7.114
2024-10-26 07:00:00,780.75,7.033
2024-10-26 07:30:00,780.74,6.952
2024-10-26 08:00:00,780.81,6.871
2024-10-26 08:30:00,780.74,6.786
2024-10-26 09:00:00,780.73,6.711
2024-10-26 09:30:00,780.81,6.632
2024-10-26 10:00:00,780.82,6.554
2024-10-26 10:30:00,780.61,6.476
2024-10-26 11:00:00,780.34,6.403
2024-10-26 11:30:00,780.28,6.331
2024-10-26 12:00:00,780.28,6.257
2024-10-26 12:30:00,780.32,6.185
2024-10-26 13:00:00,780.52,6.123
2024-10-26 13:30:00,780.56,6.065
2024-10-26 14:00:00,780.62,6.009
2024-10-26 14:30:00,780.78,5.953
2024-10-26 15:00:00,780.94,5.902
2024-10-26 15:30:00,781.27,5.851
2024-10-26 16:00:00,781.33,5.817
2024-10-26 16:30:00,781.18,5.814
2024-10-26 17:00:00,781.12,5.837
2024-10-26 17:30:00,781.05,5.885
2024-10-26 18:00:00,780.98,5.951
2024-10-26 18:30:00,780.79,6.028
2024-10-26 19:00:00,780.74,6.119
2024-10-26 19:30:00,780.49,6.221
2024-10-26 20:00:00,780.31,6.331
2024-10-26 20:30:00,780.14,6.449
2024-10-26 21:00:00,779.91,6.575
2024-10-26 21:30:00,779.84,6.699
2024-10-26 22:00:00,779.79,6.816
2024-10-26 22:30:00,779.88,6.933
2024-10-26 23:00:00,780.14,7.029
2024-10-26 23:30:00,780.13,7.115
2024-10-27 00:00:00,780.17,7.186
2024-10-27 00:30:00,780.14,7.241
2024-10-27 01:00:00,780.12,7.281
2024-10-27 01:30:00,780.06,7.311
2024-10-27 02:00:00,780.29,7.326
2024-10-27 02:30:00,780.47,7.32
2024-10-27 03:00:00,780.45,7.298
2024-10-27 03:30:00,780.28,7.264
2024-10-27 04:00:00,780.45,7.223
2024-10-27 04:30:00,780.65,7.173
2024-10-27 05:00:00,780.67,7.121
2024-10-27 05:30:00,780.68,7.065
2024-10-27 06:00:00,780.79,7.007
2024-10-27 06:30:00,780.53,6.948
2024-10-27 07:00:00,780.28,6.887
2024-10-27 07:30:00,780.02,6.826
2024-10-27 08:00:00,779.87,6.763
2024-10-27 08:30:00,779.65,6.699
2024-10-27 09:00:00,779.53,6.639
2024-10-27 09:30:00,779.48,6.582
2024-10-27 10:00:00,779.03,6.522
2024-10-27 10:30:00,778.76,6.467
2024-10-27 11:00:00,778.63,6.414
2024-10-27 11:30:00,778.57,6.36
2024-10-27 12:00:00,778.78,6.31
2024-10-27 12:30:00,778.64,6.264
2024-10-27 13:00:00,778.72,6.216
2024-10-27 13:30:00,778.69,6.17
2024-10-27 14:00:00,778.7,6.123
2024-10-27 14:30:00,778.71,6.076
2024-10-27 15:00:00,778.53,6.029
2024-10-27 15:30:00,778.51,5.988
2024-10-27 16:00:00,778.6,5.946
2024-10-27 16:30:00,778.61,5.94
2024-10-27 17:00:00,778.5,5.985
2024-10-27 17:30:00,778.39,6.064
2024-10-27 18:00:00,778.39,6.166
2024-10-27 18:30:00,778.12,6.276
2024-10-27 19:00:00,777.94,6.394
2024-10-27 19:30:00,777.63,6.522
2024-10-27 20:00:00,777.33,6.656
2024-10-27 20:30:00,777.03,6.78
2024-10-27 21:00:00,776.55,6.895
2024-10-27 21:30:00,776.4,6.992
2024-10-27 22:00:00,776.3,7.08
2024-10-27 22:30:00,776.3,7.156
2024-10-27 23:00:00,775.98,7.214
2024-10-27 23:30:00,775.7,7.256
2024-10-28 00:00:00,775.43,7.288
2024-10-28 00:30:00,775.26,7.307
2024-10-28 01:00:00,775.2,7.31
2024-10-28 01:30:00,774.95,7.306
2024-10-28 02:00:00,775.03,7.288
2024-10-28 02:30:00,774.91,7.264
2024-10-28 03:00:00,774.75,7.234
2024-10-28 03:30:00,774.28,7.201
2024-10-28 04:00:00,774.18,7.165
2024-10-28 04:30:00,774.07,7.126
2024-10-28 05:00:00,773.95,7.08
2024-10-28 05:30:00,773.79,7.031
2024-10-28 06:00:00,773.63,6.976
2024-10-28 06:30:00,773.53,6.919
2024-10-28 07:00:00,773.13,6.856
2024-10-28 07:30:00,772.88,6.798
2024-10-28 08:00:00,772.83,6.74
2024-10-28 08:30:00,772.58,6.678
2024-10-28 09:00:00,772.21,6.615
2024-10-28 09:30:00,772.0,6.553
2024-10-28 10:00:00,771.52,6.486
2024-10-28 10:30:00,771.21,6.422
2024-10-28 11:00:00,770.83,6.362
2024-10-28 11:30:00,770.34,6.31
2024-10-28 12:00:00,770.05,6.264
2024-10-28 12:30:00,769.93,6.225
2024-10-28 13:00:00,769.55,6.184
2024-10-28 13:30:00,769.08,6.147
2024-10-28 14:00:00,768.89,6.111
2024-10-28 14:30:00,768.85,6.081
2024-10-28 15:00:00,768.97,6.05
2024-10-28 15:30:00,769.32,6.023
2024-10-28 16:00:00,769.11,5.996
2024-10-28 16:30:00,769.43,5.968
2024-10-28 17:00:00,769.54,5.95
2024-10-28 17:30:00,769.61,5.933
2024-10-28 18:00:00,769.87,5.914
2024-10-28 18:30:00,769.74,5.895
2024-10-28 19:00:00,769.67,5.885
2024-10-28 19:30:00,769.37,5.902
2024-10-28 20:00:00,768.99,5.935
2024-10-28 20:30:00,768.67,5.985
2024-10-28 21:00:00,768.32,6.049
2024-10-28 21:30:00,768.15,6.113
2024-10-28 22:00:00,768.07,6.187
2024-10-28 22:30:00,767.97,6.257
2024-10-28 23:00:00,767.87,6.318
2024-10-28 23:30:00,767.76,6.368
2024-10-29 00:00:00,767.51,6.402
2024-10-29 00:30:00,767.33,6.41
2024-10-29 01:00:00,767.36,6.409
2024-10-29 01:30:00,767.4,6.396
2024-10-29 02:00:00,767.35,6.377
2024-10-29 02:30:00,767.15,6.35
2024-10-29 03:00:00,767.05,6.324
2024-10-29 03:30:00,767.12,6.291
2024-10-29 04:00:00,767.02,6.257
2024-10-29 04:30:00,766.97,6.224
2024-10-29 05:00:00,767.03,6.188
2024-10-29 05:30:00,766.92,6.154
2024-10-29 06:00:00,766.96,6.114
2024-10-29 06:30:00,766.84,6.073
2024-10-29 07:00:00,766.75,6.03
2024-10-29 07:30:00,766.6,5.99
2024-10-29 08:00:00,766.7,5.949
2024-10-29 08:30:00,766.58,5.901
2024-10-29 09:00:00,766.5,5.843
2024-10-29 09:30:00,766.59,5.783
2024-10-29 10:00:00,766.37,5.722
2024-10-29 10:30:00,766.36,5.672
2024-10-29 11:00:00,766.24,5.631
2024-10-29 11:30:00,766.22,5.589
2024-10-29 12:00:00,766.28,5.543
2024-10-29 12:30:00,766.46,5.507
2024-10-29 13:00:00,766.44,5.465
2024-10-29 13:30:00,766.61,5.424
2024-10-29 14:00:00,766.66,5.388
2024-10-29 14:30:00,766.91,5.348
2024-10-29 15:00:00,767.09,5.309
2024-10-29 15:30:00,767.45,5.272
2024-10-29 16:00:00,767.91,5.238
2024-10-29 16:30:00,767.96,5.225
2024-10-29 17:00:00,768.0,5.244
2024-10-29 17:30:00,768.12,5.271
2024-10-29 18:00:00,768.3,5.283
2024-10-29 18:30:00,768.55,5.281
2024-10-29 19:00:00,768.67,5.284
2024-10-29 19:30:00,768.41,5.3
2024-10-29 20:00:00,768.2,5.325
2024-10-29 20:30:00,768.16,5.356
2024-10-29 21:00:00,768.23,5.402
2024-10-29 21:30:00,768.33,5.458
2024-10-29 22:00:00,768.54,5.52
2024-10-29 22:30:00,768.45,5.581
2024-10-29 23:00:00,768.72,5.633
2024-10-29 23:30:00,769.05,5.672
2024-10-30 00:00:00,769.24,5.703
2024-10-30 00:30:00,769.51,5.715
2024-10-30 01:00:00,769.7,5.71
2024-10-30 01:30:00,769.79,5.694
2024-10-30 02:00:00,769.89,5.666
2024-10-30 02:30:00,770.03,5.64
2024-10-30 03:00:00,770.05,5.605
2024-10-30 03:30:00,770.08,5.569
2024-10-30 04:00:00,770.24,5.528
2024-10-30 04:30:00,770.46,5.482
2024-10-30 05:00:00,770.65,5.428
2024-10-30 05:30:00,770.85,5.381
2024-10-30 06:00:00,770.85,5.343
2024-10-30 06:30:00,771.11,5.3
2024-10-30 07:00:00,771.38,5.259
2024-10-30 07:30:00,771.53,5.22
2024-10-30 08:00:00,771.65,5.184
2024-10-30 08:30:00,771.51,5.148
2024-10-30 09:00:00,771.36,5.12
2024-10-30 09:30:00,771.19,5.088
2024-10-30 10:00:00,771.28,5.054
2024-10-30 10:30:00,771.39,5.02
2024-10-30 11:00:00,771.28,4.985
2024-10-30 11:30:00,771.35,4.95
2024-10-30 12:00:00,771.62,4.914
2024-10-30 12:30:00,771.83,4.878
2024-10-30 13:00:00,772.0,4.839
2024-10-30 13:30:00,771.69,4.805
2024-10-30 14:00:00,771.71,4.767
2024-10-30 14:30:00,771.93,4.73
2024-10-30 15:00:00,772.01,4.692
2024-10-30 15:30:00,772.14,4.658
2024-10-30 16:00:00,772.39,4.626
2024-10-30 16:30:00,772.78,4.6
2024-10-30 17:00:00,772.59,4.584
2024-10-30 17:30:00,772.47,4.591
2024-10-30 18:00:00,772.26,4.611
2024-10-30 18:30:00,772.09,4.643
2024-10-30 19:00:00,772.4,4.695
2024-10-30 19:30:00,772.64,4.757
2024-10-30 20:00:00,772.86,4.813
2024-10-30 20:30:00,772.81,4.867
2024-10-30 21:00:00,772.93,4.917
2024-10-30 21:30:00,773.01,4.968
2024-10-30 22:00:00,773.23,5.016
2024-10-30 22:30:00,773.26,5.056
2024-10-30 23:00:00,773.2,5.091
2024-10-30 23:30:00,773.36,5.125
2024-10-31 00:00:00,773.26,5.149
2024-10-31 00:30:00,773.38,5.165
2024-10-31 01:00:00,773.52,5.172
2024-10-31 01:30:00,773.41,5.169
2024-10-31 02:00:00,773.63,5.155
2024-10-31 02:30:00,773.58,5.127
2024-10-31 03:00:00,773.31,5.103
2024-10-31 03:30:00,773.22,5.077
2024-10-31 04:00:00,773.17,5.053
2024-10-31 04:30:00,772.99,5.029
2024-10-31 05:00:00,773.17,5.007
2024-10-31 05:30:00,772.91,4.981
2024-10-31 06:00:00,772.75,4.958
2024-10-31 06:30:00,772.43,4.931
2024-10-31 07:00:00,772.06,4.905
2024-10-31 07:30:00,772.1,4.872
2024-10-31 08:00:00,772.04,4.844
2024-10-31 08:30:00,771.82,4.824
2024-10-31 09:00:00,771.58,4.799
2024-10-31 09:30:00,771.44,4.777
2024-10-31 10:00:00,771.39,4.755
2024-10-31 10:30:00,771.47,4.736
2024-10-31 11:00:00,771.33,4.714
2024-10-31 11:30:00,770.99,4.692
2024-10-31 12:00:00,770.98,4.672
2024-10-31 12:30:00,771.33,4.65
2024-10-31 13:00:00,771.32,4.629
2024-10-31 13:30:00,771.13,4.606
2024-10-31 14:00:00,771.37,4.587
2024-10-31 14:30:00,771.43,4.57
2024-10-31 15:00:00,771.51,4.552
2024-10-31 15:30:00,771.69,4.535
2024-10-31 16:00:00,772.0,4.519
2024-10-31 16:30:00,772.16,4.5
2024-10-31 17:00:00,772.09,4.487
2024-10-31 17:30:00,772.39,4.485
2024-10-31 18:00:00,772.15,4.495
2024-10-31 18:30:00,772.25,4.521
2024-10-31 19:00:00,772.0,4.568
2024-10-31 19:30:00,771.67,4.633
2024-10-31 20:00:00,771.43,4.713
2024-10-31 20:30:00,771.24,4.8
2024-10-31 21:00:00,771.15,4.89
2024-10-31 21:30:00,771.1,4.979
2024-10-31 22:00:00,771.11,5.071
2024-10-31 22:30:00,771.25,5.156
2024-10-31 23:00:00,771.71,5.229
2024-10-31 23:30:00,771.7,5.293
2024-11-01 00:00:00,771.71,5.338
2024-11-01 00:30:00,771.59,5.374
2024-11-01 01:00:00,771.72,5.399
2024-11-01 01:30:00,771.97,5.407
2024-11-01 02:00:00,772.15,5.397
2024-11-01 02:30:00,772.13,5.376
2024-11-01 03:00:00,771.99,5.341
2024-11-01 03:30:00,772.05,5.304
2024-11-01 04:00:00,771.91,5.26
2024-11-01 04:30:00,771.94,5.214
2024-11-01 05:00:00,772.08,5.167
2024-11-01 05:30:00,772.04,5.125
2024-11-01 06:00:00,772.29,5.087
2024-11-01 06:30:00,772.36,5.05
2024-11-01 07:00:00,772.24,5.01
2024-11-01 07:30:00,772.22,4.972
2024-11-01 08:00:00,771.96,4.938
2024-11-01 08:30:00,771.95,4.902
2024-11-01 09:00:00,771.98,4.866
2024-11-01 09:30:00,771.6,4.834
2024-11-01 10:00:00,771.35,4.793
2024-11-01 10:30:00,771.57,4.756
2024-11-01 11:00:00,771.55,4.718
2024-11-01 11:30:00,771.53,4.674
2024-11-01 12:00:00,771.42,4.636
2024-11-01 12:30:00,771.51,4.595
2024-11-01 13:00:00,771.58,4.555
2024-11-01 13:30:00,771.61,4.515
2024-11-01 14:00:00,771.34,4.47
2024-11-01 14:30:00,771.19,4.433
2024-11-01 15:00:00,771.23,4.395
2024-11-01 15:30:00,771.36,4.356
2024-11-01 16:00:00,771.34,4.328
2024-11-01 16:30:00,771.2,4.32
2024-11-01 17:00:00,771.01,4.32
2024-11-01 17:30:00,770.68,4.328
2024-11-01 18:00:00,770.53,4.354
2024-11-01 18:30:00,770.25,4.393
2024-11-01 19:00:00,769.94,4.448
2024-11-01 19:30:00,769.87,4.511
2024-11-01 20:00:00,770.0,4.591
2024-11-01 20:30:00,769.83,4.668
2024-11-01 21:00:00,769.67,4.739
2024-11-01 21:30:00,769.58,4.805
2024-11-01 22:00:00,769.72,4.863
2024-11-01 22:30:00,769.82,4.911
2024-11-01 23:00:00,770.08,4.955
2024-11-01 23:30:00,770.23,4.993
2024-11-02 00:00:00,770.33,5.023
2024-11-02 00:30:00,770.38,5.048
2024-11-02 01:00:00,770.15,5.06
2024-11-02 01:30:00,770.18,5.064
2024-11-02 02:00:00,770.07,5.054
2024-11-02 02:30:00,770.06,5.033
2024-11-02 03:00:00,769.86,5.01
2024-11-02 03:30:00,769.67,4.981
2024-11-02 04:00:00,769.47,4.951
2024-11-02 04:30:00,769.51,4.926
2024-11-02 05:00:00,769.24,4.904
2024-11-02 05:30:00,768.93,4.881
2024-11-02 06:00:00,768.8,4.861
2024-11-02 06:30:00,768.57,4.843
2024-11-02 07:00:00,768.24,4.83
2024-11-02 07:30:00,768.13,4.818
2024-11-02 08:00:00,768.46,4.804
2024-11-02 08:30:00,768.05,4.789
2024-11-02 09:00:00,767.67,4.77
2024-11-02 09:30:00,767.39,4.755
2024-11-02 10:00:00,767.19,4.735
2024-11-02 10:30:00,767.13,4.713
2024-11-02 11:00:00,767.02,4.693
2024-11-02 11:30:00,767.25,4.672
2024-11-02 12:00:00,767.14,4.646
2024-11-02 12:30:00,767.05,4.623
2024-11-02 13:00:00,767.1,4.599
2024-11-02 13:30:00,766.98,4.568
2024-11-02 14:00:00,766.91,4.541
2024-11-02 14:30:00,766.98,4.515
2024-11-02 15:00:00,767.05,4.489
2024-11-02 15:30:00,767.21,4.464
2024-11-02 16:00:00,767.42,4.444
2024-11-02 16:30:00,767.57,4.448
2024-11-02 17:00:00,767.79,4.49
2024-11-02 17:30:00,767.79,4.544
2024-11-02 18:00:00,767.62,4.605
2024-11-02 18:30:00,767.85,4.669
2024-11-02 19:00:00,767.87,4.746
2024-11-02 19:30:00,767.83,4.837
2024-11-02 20:00:00,767.88,4.937
2024-11-02 20:30:00,767.58,5.038
2024-11-02 21:00:00,767.59,5.139
2024-11-02 21:30:00,767.64,5.238
2024-11-02 22:00:00,767.75,5.333
2024-11-02 22:30:00,767.96,5.414
2024-11-02 23:00:00,768.13,5.484
2024-11-02 23:30:00,768.37,5.541
2024-11-03 00:00:00,768.5,5.581
2024-11-03 00:30:00,768.36,5.61
2024-11-03 01:00:00,768.23,5.623
2024-11-03 01:30:00,768.33,5.628
2024-11-03 02:00:00,768.62,5.623
2024-11-03 02:30:00,768.71,5.612
2024-11-03 03:00:00,768.82,5.598
2024-11-03 03:30:00,768.47,5.579
2024-11-03 04:00:00,768.21,5.56
2024-11-03 04:30:00,768.43,5.535
2024-11-03 05:00:00,768.45,5.505
2024-11-03 05:30:00,768.64,5.472
2024-11-03 06:00:00,768.65,5.437
2024-11-03 06:30:00,768.37,5.398
2024-11-03 07:00:00,768.24,5.357
2024-11-03 07:30:00,768.24,5.317
2024-11-03 08:00:00,768.07,5.274
2024-11-03 08:30:00,768.05,5.232
2024-11-03 09:00:00,767.96,5.195
2024-11-03 09:30:00,767.76,5.157
2024-11-03 10:00:00,767.88,5.119
2024-11-03 10:30:00,767.69,5.084
2024-11-03 11:00:00,767.76,5.051
2024-11-03 11:30:00,767.43,5.016
2024-11-03 12:00:00,767.35,4.981
2024-11-03 12:30:00,767.57,4.943
2024-11-03 13:00:00,767.84,4.907
2024-11-03 13:30:00,767.86,4.866
2024-11-03 14:00:00,768.13,4.824
2024-11-03 14:30:00,768.27,4.778
2024-11-03 15:00:00,768.57,4.733
2024-11-03 15:30:00,768.88,4.686
2024-11-03 16:00:00,769.21,4.642
2024-11-03 16:30:00,769.3,4.612
2024-11-03 17:00:00,769.17,4.607
2024-11-03 17:30:00,769.46,4.605
2024-11-03 18:00:00,769.51,4.606
2024-11-03 18:30:00,769.8,4.613
2024-11-03 19:00:00,769.86,4.63
2024-11-03 19:30:00,770.29,4.653
2024-11-03 20:00:00,769.92,4.684
2024-11-03 20:30:00,770.38,4.721
2024-11-03 21:00:00,770.0,4.762
2024-11-03 21:30:00,770.52,4.804
2024-11-03 22:00:00,770.61,4.847
2024-11-03 22:30:00,770.52,4.888
2024-11-03 23:00:00,770.47,4.931
2024-11-03 23:30:00,770.91,4.961
2024-11-04 00:00:00,770.94,4.979
2024-11-04 00:30:00,771.17,4.985
2024-11-04 01:00:00,771.39,4.978
2024-11-04 01:30:00,771.42,4.961
2024-11-04 02:00:00,771.25,4.934
2024-11-04 02:30:00,771.23,4.91
2024-11-04 03:00:00,771.56,4.884
2024-11-04 03:30:00,771.65,4.859
2024-11-04 04:00:00,771.87,4.83
2024-11-04 04:30:00,771.99,4.801
2024-11-04 05:00:00,772.51,4.77
2024-11-04 05:30:00,772.45,4.742
2024-11-04 06:00:00,772.25,4.716
2024-11-04 06:30:00,772.57,4.682
2024-11-04 07:00:00,772.66,4.653
2024-11-04 07:30:00,772.66,4.626
2024-11-04 08:00:00,772.77,4.596
2024-11-04 08:30:00,773.45,4.563
2024-11-04 09:00:00,773.78,4.532
2024-11-04 09:30:00,773.9,4.503
2024-11-04 10:00:00,774.25,4.475
2024-11-04 10:30:00,774.15,4.452
2024-11-04 11:00:00,774.02,4.427
2024-11-04 11:30:00,773.87,4.406
2024-11-04 12:00:00,773.64,4.384
2024-11-04 12:30:00,773.85,4.36
2024-11-04 13:00:00,773.64,4.335
2024-11-04 13:30:00,773.59,4.311
2024-11-04 14:00:00,773.85,4.287
2024-11-04 14:30:00,774.26,4.264
2024-11-04 15:00:00,774.5,4.247
2024-11-04 15:30:00,774.68,4.23
2024-11-04 16:00:00,774.97,4.213
2024-11-04 16:30:00,775.3,4.231
2024-11-04 17:00:00,775.87,4.285
2024-11-04 17:30:00,776.26,4.34
2024-11-04 18:00:00,776.61,4.385
2024-11-04 18:30:00,776.59,4.427
2024-11-04 19:00:00,776.68,4.464
2024-11-04 19:30:00,776.63,4.51
2024-11-04 20:00:00,776.36,4.569
2024-11-04 20:30:00,776.1,4.638
2024-11-04 21:00:00,775.84,4.716
2024-11-04 21:30:00,776.25,4.806
2024-11-04 22:00:00,776.11,4.905
2024-11-04 22:30:00,775.48,4.998
2024-11-04 23:00:00,775.66,5.087
2024-11-04 23:30:00,775.72,5.165
2024-11-05 00:00:00,775.96,5.233
2024-11-05 00:30:00,776.02,5.29
2024-11-05 01:00:00,776.15,5.333
2024-11-05 01:30:00,776.28,5.36
2024-11-05 02:00:00,776.51,5.373
2024-11-05 02:30:00,776.56,5.363
2024-11-05 03:00:00,776.66,5.339
2024-11-05 03:30:00,776.93,5.306
2024-11-05 04:00:00,777.02,5.264
2024-11-05 04:30:00,777.08,5.218
2024-11-05 05:00:00,777.27,5.169
2024-11-05 05:30:00,777.28,5.12
2024-11-05 06:00:00,777.18,5.073
2024-11-05 06:30:00,777.09,5.025
2024-11-05 07:00:00,777.06,4.983
2024-11-05 07:30:00,777.05,4.945
2024-11-05 08:00:00,776.92,4.909
2024-11-05 08:30:00,776.83,4.876
2024-11-05 09:00:00,776.7,4.846
2024-11-05 09:30:00,776.64,4.815
2024-11-05 10:00:00,776.07,4.782
2024-11-05 10:30:00,775.76,4.747
2024-11-05 11:00:00,776.09,4.713
2024-11-05 11:30:00,775.61,4.676
2024-11-05 12:00:00,775.45,4.637
2024-11-05 12:30:00,775.25,4.593
2024-11-05 13:00:00,775.21,4.554
2024-11-05 13:30:00,775.47,4.512
2024-11-05 14:00:00,775.27,4.474
2024-11-05 14:30:00,774.87,4.438
2024-11-05 15:00:00,774.65,4.402
2024-11-05 15:30:00,774.34,4.37
2024-11-05 16:00:00,774.63,4.341
2024-11-05 16:30:00,774.74,4.318
2024-11-05 17:00:00,774.34,4.306
2024-11-05 17:30:00,774.01,4.307
2024-11-05 18:00:00,773.93,4.324
2024-11-05 18:30:00,773.61,4.359
2024-11-05 19:00:00,773.4,4.403
2024-11-05 19:30:00,773.32,4.46
2024-11-05 20:00:00,773.05,4.519
2024-11-05 20:30:00,772.79,4.591
2024-11-05 21:00:00,772.37,4.662
2024-11-05 21:30:00,772.25,4.737
2024-11-05 22:00:00,772.24,4.812
2024-11-05 22:30:00,772.18,4.883
2024-11-05 23:00:00,772.06,4.946
2024-11-05 23:30:00,772.13,5.004
2024-11-06 00:00:00,771.87,5.054
2024-11-06 00:30:00,771.96,5.097
2024-11-06 01:00:00,771.56,5.129
2024-11-06 01:30:00,771.68,5.151
2024-11-06 02:00:00,771.58,5.158
2024-11-06 02:30:00,771.33,5.156
2024-11-06 03:00:00,771.09,5.142
2024-11-06 03:30:00,771.11,5.122
2024-11-06 04:00:00,771.01,5.093
2024-11-06 04:30:00,771.0,5.065
2024-11-06 05:00:00,771.06,5.03
2024-11-06 05:30:00,771.21,4.994
2024-11-06 06:00:00,770.94,4.96
2024-11-06 06:30:00,770.85,4.926
2024-11-06 07:00:00,770.74,4.891
2024-11-06 07:30:00,770.8,4.854
2024-11-06 08:00:00,770.65,4.818
2024-11-06 08:30:00,770.46,4.78
2024-11-06 09:00:00,770.21,4.741
2024-11-06 09:30:00,770.02,4.699
2024-11-06 10:00:00,769.96,4.651
2024-11-06 10:30:00,769.49,4.606
2024-11-06 11:00:00,769.85,4.562
2024-11-06 11:30:00,769.97,4.522
2024-11-06 12:00:00,769.38,4.477
2024-11-06 12:30:00,769.08,4.436
2024-11-06 13:00:00,768.88,4.395
2024-11-06 13:30:00,768.88,4.351
2024-11-06 14:00:00,768.56,4.306
2024-11-06 14:30:00,768.97,4.263
2024-11-06 15:00:00,768.85,4.221
2024-11-06 15:30:00,770.24,4.179
2024-11-06 16:00:00,771.29,4.122
2024-11-06 16:30:00,772.38,4.074
2024-11-06 17:00:00,772.95,4.029
2024-11-06 17:30:00,771.24,3.996
2024-11-06 18:00:00,770.47,3.979
2024-11-06 18:30:00,770.23,3.979
2024-11-06 19:00:00,769.86,3.998
2024-11-06 19:30:00,769.73,4.032
2024-11-06 20:00:00,769.71,4.078
2024-11-06 20:30:00,770.27,4.128
2024-11-06 21:00:00,770.95,4.174
2024-11-06 21:30:00,771.31,4.22
2024-11-06 22:00:00,772.07,4.267
2024-11-06 22:30:00,772.76,4.307
2024-11-06 23:00:00,772.83,4.337
2024-11-06 23:30:00,773.32,4.359
2024-11-07 00:00:00,773.66,4.372
2024-11-07 00:30:00,773.56,4.379
2024-11-07 01:00:00,773.77,4.387
2024-11-07 01:30:00,773.87,4.387
2024-11-07 02:00:00,773.97,4.381
2024-11-07 02:30:00,773.92,4.373
2024-11-07 03:00:00,774.23,4.356
2024-11-07 03:30:00,774.39,4.339
2024-11-07 04:00:00,774.68,4.317
2024-11-07 04:30:00,774.76,4.29
2024-11-07 05:00:00,774.73,4.26
2024-11-07 05:30:00,774.75,4.226
2024-11-07 06:00:00,774.7,4.198
2024-11-07 06:30:00,774.83,4.168
2024-11-07 07:00:00,774.79,4.136
2024-11-07 07:30:00,774.53,4.106
2024-11-07 08:00:00,774.47,4.074
2024-11-07 08:30:00,774.06,4.042
2024-11-07 09:00:00,773.95,4.012
2024-11-07 09:30:00,774.02,3.986
2024-11-07 10:00:00,774.2,3.957
2024-11-07 10:30:00,774.25,3.931
2024-11-07 11:00:00,774.38,3.898
2024-11-07 11:30:00,774.47,3.867
2024-11-07 12:00:00,774.48,3.841
2024-11-07 12:30:00,774.16,3.813
2024-11-07 13:00:00,774.16,3.79
2024-11-07 13:30:00,774.29,3.767
2024-11-07 14:00:00,774.34,3.739
2024-11-07 14:30:00,774.56,3.71
2024-11-07 15:00:00,774.91,3.692
2024-11-07 15:30:00,774.95,3.67
2024-11-07 16:00:00,775.17,3.643
2024-11-07 16:30:00,775.32,3.641
2024-11-07 17:00:00,775.53,3.673
2024-11-07 17:30:00,775.83,3.729
2024-11-07 18:00:00,776.33,3.788
2024-11-07 18:30:00,776.38,3.844
2024-11-07 19:00:00,776.61,3.904
2024-11-07 19:30:00,776.72,3.962
2024-11-07 20:00:00,776.9,4.028
2024-11-07 20:30:00,777.05,4.101
2024-11-07 21:00:00,777.08,4.176
2024-11-07 21:30:00,777.09,4.25
2024-11-07 22:00:00,777.23,4.326
2024-11-07 22:30:00,777.42,4.398
2024-11-07 23:00:00,777.56,4.464
2024-11-07 23:30:00,777.63,4.522
2024-11-08 00:00:00,777.76,4.571
2024-11-08 00:30:00,777.63,4.611
2024-11-08 01:00:00,777.51,4.642
2024-11-08 01:30:00,777.54,4.666
2024-11-08 02:00:00,777.71,4.672
2024-11-08 02:30:00,777.84,4.671
2024-11-08 03:00:00,777.91,4.659
2024-11-08 03:30:00,777.93,4.634
2024-11-08 04:00:00,777.98,4.604
2024-11-08 04:30:00,778.06,4.564
2024-11-08 05:00:00,778.18,4.533
2024-11-08 05:30:00,778.3,4.507
2024-11-08 06:00:00,778.21,4.477
2024-11-08 06:30:00,778.12,4.447
2024-11-08 07:00:00,778.03,4.419
2024-11-08 07:30:00,778.06,4.388
2024-11-08 08:00:00,777.88,4.353
2024-11-08 08:30:00,777.75,4.317
2024-11-08 09:00:00,777.71,4.281
2024-11-08 09:30:00,777.59,4.243
2024-11-08 10:00:00,777.45,4.207
2024-11-08 10:30:00,777.31,4.175
2024-11-08 11:00:00,777.2,4.138
2024-11-08 11:30:00,776.97,4.107
2024-11-08 12:00:00,776.74,4.068
2024-11-08 12:30:00,776.65,4.031
2024-11-08 13:00:00,776.6,3.999
2024-11-08 13:30:00,776.47,3.968
2024-11-08 14:00:00,776.59,3.936
2024-11-08 14:30:00,776.74,3.9
2024-11-08 15:00:00,776.92,3.865
2024-11-08 15:30:00,776.97,3.835
2024-11-08 16:00:00,777.06,3.809
2024-11-08 16:30:00,776.86,3.805
2024-11-08 17:00:00,776.58,3.834
2024-11-08 17:30:00,776.3,3.882
2024-11-08 18:00:00,776.02,3.942
2024-11-08 18:30:00,775.75,4.013
2024-11-08 19:00:00,775.54,4.086
2024-11-08 19:30:00,775.27,4.172
2024-11-08 20:00:00,775.12,4.276
2024-11-08 20:30:00,775.21,4.396
2024-11-08 21:00:00,775.27,4.519
2024-11-08 21:30:00,775.38,4.646
2024-11-08 22:00:00,775.45,4.766
2024-11-08 22:30:00,775.62,4.876
2024-11-08 23:00:00,775.76,4.975
2024-11-08 23:30:00,775.92,5.056
2024-11-09 00:00:00,775.99,5.124
2024-11-09 00:30:00,776.03,5.181
2024-11-09 01:00:00,775.89,5.215
2024-11-09 01:30:00,775.78,5.233
2024-11-09 02:00:00,775.73,5.226
2024-11-09 02:30:00,775.69,5.196
2024-11-09 03:00:00,775.5,5.151
2024-11-09 03:30:00,775.31,5.088
2024-11-09 04:00:00,775.27,5.02
2024-11-09 04:30:00,775.25,4.946
2024-11-09 05:00:00,775.3,4.874
2024-11-09 05:30:00,775.39,4.81
2024-11-09 06:00:00,775.42,4.754
2024-11-09 06:30:00,775.28,4.703
2024-11-09 07:00:00,775.04,4.659
2024-11-09 07:30:00,774.93,4.614
2024-11-09 08:00:00,774.8,4.57
2024-11-09 08:30:00,774.57,4.529
2024-11-09 09:00:00,774.39,4.484
2024-11-09 09:30:00,774.34,4.439
2024-11-09 10:00:00,774.29,4.401
2024-11-09 10:30:00,774.22,4.348
2024-11-09 11:00:00,774.02,4.306
2024-11-09 11:30:00,773.74,4.261
2024-11-09 12:00:00,773.45,4.215
2024-11-09 12:30:00,773.44,4.176
2024-11-09 13:00:00,773.42,4.134
2024-11-09 13:30:00,773.39,4.097
2024-11-09 14:00:00,773.41,4.052
2024-11-09 14:30:00,773.46,4.008
2024-11-09 15:00:00,773.48,3.97
2024-11-09 15:30:00,773.57,3.934
2024-11-09 16:00:00,773.59,3.9
2024-11-09 16:30:00,773.51,3.884
2024-11-09 17:00:00,773.39,3.903
2024-11-09 17:30:00,773.23,3.939
2024-11-09 18:00:00,773.18,3.978
2024-11-09 18:30:00,773.05,4.029
2024-11-09 19:00:00,772.86,4.091
2024-11-09 19:30:00,772.75,4.166
2024-11-09 20:00:00,772.51,4.256
2024-11-09 20:30:00,772.43,4.361
2024-11-09 21:00:00,772.51,4.459
2024-11-09 21:30:00,772.69,4.564
2024-11-09 22:00:00,772.83,4.67
2024-11-09 22:30:00,773.17,4.764
2024-11-09 23:00:00,773.25,4.848
2024-11-09 23:30:00,773.41,4.917
2024-11-10 00:00:00,773.49,4.972
2024-11-10 00:30:00,773.54,5.017
2024-11-10 01:00:00,773.55,5.049
2024-11-10 01:30:00,773.7,5.063
2024-11-10 02:00:00,773.75,5.059
2024-11-10 02:30:00,773.79,5.035
2024-11-10 03:00:00,773.74,5.001
2024-11-10 03:30:00,773.81,4.955
2024-11-10 04:00:00,773.87,4.906
2024-11-10 04:30:00,773.92,4.855
2024-11-10 05:00:00,773.95,4.805
2024-11-10 05:30:00,773.99,4.756
2024-11-10 06:00:00,773.88,4.711
2024-11-10 06:30:00,773.75,4.665
2024-11-10 07:00:00,773.77,4.623
2024-11-10 07:30:00,773.72,4.581
2024-11-10 08:00:00,773.68,4.541
2024-11-10 08:30:00,773.62,4.5
2024-11-10 09:00:00,773.61,4.457
2024-11-10 09:30:00,773.51,4.413
2024-11-10 10:00:00,773.58,4.369
2024-11-10 10:30:00,773.54,4.326
2024-11-10 11:00:00,773.42,4.287
2024-11-10 11:30:00,773.32,4.245
2024-11-10 12:00:00,773.2,4.202
2024-11-10 12:30:00,773.1,4.162
2024-11-10 13:00:00,773.08,4.124
2024-11-10 13:30:00,773.02,4.088
2024-11-10 14:00:00,773.08,4.053
2024-11-10 14:30:00,773.16,4.017
2024-11-10 15:00:00,773.45,3.982
2024-11-10 15:30:00,773.87,3.952
2024-11-10 16:00:00,774.02,3.918
2024-11-10 16:30:00,774.13,3.902
2024-11-10 17:00:00,773.96,3.914
2024-11-10 17:30:00,773.9,3.946
2024-11-10 18:00:00,773.71,3.988
2024-11-10 18:30:00,773.62,4.037
2024-11-10 19:00:00,773.5,4.108
2024-11-10 19:30:00,773.42,4.191
2024-11-10 20:00:00,773.37,4.286
2024-11-10 20:30:00,773.38,4.401
2024-11-10 21:00:00,773.47,4.514
2024-11-10 21:30:00,773.76,4.629
2024-11-10 22:00:00,773.99,4.738
2024-11-10 22:30:00,774.21,4.837
2024-11-10 23:00:00,774.38,4.921
2024-11-10 23:30:00,774.55,4.994
2024-11-11 00:00:00,774.74,5.051
2024-11-11 00:30:00,774.86,5.091
2024-11-11 01:00:00,774.91,5.117
2024-11-11 01:30:00,775.28,5.125
2024-11-11 02:00:00,775.4,5.117
2024-11-11 02:30:00,775.43,5.089
2024-11-11 03:00:00,775.41,5.046
2024-11-11 03:30:00,775.32,4.993
2024-11-11 04:00:00,775.21,4.933
2024-11-11 04:30:00,774.98,4.873
2024-11-11 05:00:00,774.88,4.815
2024-11-11 05:30:00,774.99,4.762
2024-11-11 06:00:00,774.93,4.712
2024-11-11 06:30:00,774.84,4.664
2024-11-11 07:00:00,774.62,4.616
2024-11-11 07:30:00,774.46,4.57
2024-11-11 08:00:00,774.37,4.526
2024-11-11 08:30:00,774.16,4.478
2024-11-11 09:00:00,773.92,4.433
2024-11-11 09:30:00,773.77,4.386
2024-11-11 10:00:00,773.82,4.339
2024-11-11 10:30:00,773.47,4.295
2024-11-11 11:00:00,772.93,4.25
2024-11-11 11:30:00,772.53,4.204
2024-11-11 12:00:00,772.08,4.163
2024-11-11 12:30:00,771.76,4.118
2024-11-11 13:00:00,771.35,4.08
2024-11-11 13:30:00,771.13,4.042
2024-11-11 14:00:00,771.05,4.006
2024-11-11 14:30:00,770.96,3.968
2024-11-11 15:00:00,770.81,3.935
2024-11-11 15:30:00,770.62,3.902
2024-11-11 16:00:00,770.61,3.873
2024-11-11 16:30:00,770.4,3.861
2024-11-11 17:00:00,770.34,3.899
2024-11-11 17:30:00,770.23,3.957
2024-11-11 18:00:00,770.22,4.001
2024-11-11 18:30:00,769.98,4.027
2024-11-11 19:00:00,769.12,4.053
2024-11-11 19:30:00,768.55,4.086
2024-11-11 20:00:00,768.32,4.121
2024-11-11 20:30:00,768.06,4.15
2024-11-11 21:00:00,768.69,4.161
2024-11-11 21:30:00,768.46,4.16
2024-11-11 22:00:00,767.82,4.157
2024-11-11 22:30:00,768.22,4.151
2024-11-11 23:00:00,768.57,4.143
2024-11-11 23:30:00,769.53,4.131
2024-11-12 00:00:00,769.64,4.116
2024-11-12 00:30:00,769.88,4.092
2024-11-12 01:00:00,769.58,4.068
2024-11-12 01:30:00,769.38,4.045
2024-11-12 02:00:00,769.33,4.022
2024-11-12 02:30:00,769.43,3.996
2024-11-12 03:00:00,769.24,3.967
2024-11-12 03:30:00,769.42,3.938
2024-11-12 04:00:00,769.07,3.911
2024-11-12 04:30:00,769.18,3.88
2024-11-12 05:00:00,769.27,3.85
2024-11-12 05:30:00,769.33,3.819
2024-11-12 06:00:00,769.48,3.785
2024-11-12 06:30:00,769.47,3.748
2024-11-12 07:00:00,769.69,3.711
2024-11-12 07:30:00,769.82,3.678
2024-11-12 08:00:00,770.13,3.644
2024-11-12 08:30:00,770.4,3.61
2024-11-12 09:00:00,770.3,3.578
2024-11-12 09:30:00,770.4,3.547
2024-11-12 10:00:00,770.62,3.516
2024-11-12 10:30:00,770.78,3.486
2024-11-12 11:00:00,770.85,3.455
2024-11-12 11:30:00,771.11,3.43
2024-11-12 12:00:00,771.22,3.406
2024-11-12 12:30:00,771.58,3.38
2024-11-12 13:00:00,771.8,3.356
2024-11-12 13:30:00,772.15,3.333
2024-11-12 14:00:00,772.23,3.311
2024-11-12 14:30:00,772.11,3.29
2024-11-12 15:00:00,772.16,3.272
2024-11-12 15:30:00,772.73,3.25
2024-11-12 16:00:00,772.96,3.228
2024-11-12 16:30:00,772.86,3.213
2024-11-12 17:00:00,772.77,3.203
2024-11-12 17:30:00,772.78,3.197
2024-11-12 18:00:00,772.91,3.205
2024-11-12 18:30:00,772.98,3.224
2024-11-12 19:00:00,773.21,3.26
2024-11-12 19:30:00,773.23,3.309
2024-11-12 20:00:00,773.03,3.37
2024-11-12 20:30:00,773.1,3.436
2024-11-12 21:00:00,773.11,3.49
2024-11-12 21:30:00,773.25,3.537
2024-11-12 22:00:00,773.54,3.582
2024-11-12 22:30:00,773.73,3.628
2024-11-12 23:00:00,773.69,3.667
2024-11-12 23:30:00,773.94,3.704
2024-11-13 00:00:00,774.44,3.729
2024-11-13 00:30:00,774.6,3.742
2024-11-13 01:00:00,774.74,3.75
2024-11-13 01:30:00,774.96,3.75
2024-11-13 02:00:00,775.28,3.738
2024-11-13 02:30:00,775.31,3.723
2024-11-13 03:00:00,775.65,3.707
2024-11-13 03:30:00,775.85,3.688
2024-11-13 04:00:00,775.84,3.669
2024-11-13 04:30:00,776.17,3.646
2024-11-13 05:00:00,776.17,3.621
2024-11-13 05:30:00,776.15,3.593
2024-11-13 06:00:00,776.17,3.566
2024-11-13 06:30:00,775.98,3.541
2024-11-13 07:00:00,775.83,3.512
2024-11-13 07:30:00,775.76,3.483
2024-11-13 08:00:00,775.81,3.452
2024-11-13 08:30:00,775.53,3.426
2024-11-13 09:00:00,775.2,3.396
2024-11-13 09:30:00,774.94,3.368
2024-11-13 10:00:00,774.75,3.344
2024-11-13 10:30:00,774.57,3.32
2024-11-13 11:00:00,774.55,3.296
2024-11-13 11:30:00,774.39,3.271
2024-11-13 12:00:00,774.33,3.249
2024-11-13 12:30:00,774.36,3.228
2024-11-13 13:00:00,774.32,3.207
2024-11-13 13:30:00,774.22,3.187
2024-11-13 14:00:00,774.0,3.168
2024-11-13 14:30:00,773.99,3.145
2024-11-13 15:00:00,774.07,3.125
2024-11-13 15:30:00,774.23,3.104
2024-11-13 16:00:00,774.31,3.082
2024-11-13 16:30:00,774.25,3.069
2024-11-13 17:00:00,774.18,3.062
2024-11-13 17:30:00,774.02,3.07
2024-11-13 18:00:00,774.04,3.088
2024-11-13 18:30:00,774.28,3.115
2024-11-13 19:00:00,774.0,3.152
2024-11-13 19:30:00,773.98,3.2
2024-11-13 20:00:00,774.16,3.257
2024-11-13 20:30:00,774.18,3.317
2024-11-13 21:00:00,774.27,3.371
2024-11-13 21:30:00,774.46,3.42
2024-11-13 22:00:00,774.52,3.465
2024-11-13 22:30:00,774.62,3.496
2024-11-13 23:00:00,774.73,3.516
2024-11-13 23:30:00,774.75,3.528
2024-11-14 00:00:00,774.66,3.537
2024-11-14 00:30:00,774.53,3.541
2024-11-14 01:00:00,774.47,3.542
2024-11-14 01:30:00,774.37,3.54
2024-11-14 02:00:00,774.45,3.535
2024-11-14 02:30:00,774.38,3.526
2024-11-14 03:00:00,774.31,3.519
2024-11-14 03:30:00,773.99,3.509
2024-11-14 04:00:00,774.07,3.498
2024-11-14 04:30:00,773.92,3.486
2024-11-14 05:00:00,773.96,3.473
2024-11-14 05:30:00,773.98,3.458
2024-11-14 06:00:00,773.88,3.442
2024-11-14 06:30:00,773.63,3.424
2024-11-14 07:00:00,773.59,3.41
2024-11-14 07:30:00,773.42,3.395
2024-11-14 08:00:00,773.17,3.378
2024-11-14 08:30:00,773.08,3.359
2024-11-14 09:00:00,772.97,3.339
2024-11-14 09:30:00,772.73,3.32
2024-11-14 10:00:00,772.68,3.299
2024-11-14 10:30:00,772.48,3.275
2024-11-14 11:00:00,772.22,3.255
2024-11-14 11:30:00,771.88,3.23
2024-11-14 12:00:00,771.77,3.207
2024-11-14 12:30:00,771.62,3.183
2024-11-14 13:00:00,771.55,3.158
2024-11-14 13:30:00,771.23,3.133
2024-11-14 14:00:00,771.14,3.107
2024-11-14 14:30:00,771.08,3.084
2024-11-14 15:00:00,771.07,3.065
2024-11-14 15:30:00,771.03,3.046
2024-11-14 16:00:00,770.9,3.028
2024-11-14 16:30:00,770.75,3.015
2024-11-14 17:00:00,770.59,3.003
2024-11-14 17:30:00,770.31,2.996
2024-11-14 18:00:00,770.15,2.998
2024-11-14 18:30:00,769.84,3.008
2024-11-14 19:00:00,769.52,3.027
2024-11-14 19:30:00,769.18,3.057
2024-11-14 20:00:00,768.9,3.099
2024-11-14 20:30:00,768.68,3.153
2024-11-14 21:00:00,768.53,3.215
2024-11-14 21:30:00,768.39,3.273
2024-11-14 22:00:00,768.23,3.333
2024-11-14 22:30:00,767.95,3.383
2024-11-14 23:00:00,767.87,3.423
2024-11-14 23:30:00,767.68,3.448
2024-11-15 00:00:00,767.62,3.468
2024-11-15 00:30:00,767.55,3.475
2024-11-15 01:00:00,767.36,3.47
2024-11-15 01:30:00,767.08,3.458
2024-11-15 02:00:00,766.83,3.439
2024-11-15 02:30:00,766.52,3.416
2024-11-15 03:00:00,766.37,3.393
2024-11-15 03:30:00,766.29,3.367
2024-11-15 04:00:00,766.19,3.34
2024-11-15 04:30:00,765.91,3.313
2024-11-15 05:00:00,765.59,3.288
2024-11-15 05:30:00,765.36,3.261
2024-11-15 06:00:00,765.17,3.238
2024-11-15 06:30:00,764.75,3.213
2024-11-15 07:00:00,764.42,3.189
2024-11-15 07:30:00,764.09,3.163
2024-11-15 08:00:00,763.65,3.144
2024-11-15 08:30:00,763.3,3.123
2024-11-15 09:00:00,763.03,3.104
2024-11-15 09:30:00,762.83,3.088
2024-11-15 10:00:00,762.82,3.075
2024-11-15 10:30:00,762.7,3.061
2024-11-15 11:00:00,762.61,3.046
2024-11-15 11:30:00,762.5,3.032
2024-11-15 12:00:00,762.54,3.018
2024-11-15 12:30:00,762.3,3.002
2024-11-15 13:00:00,762.35,2.987
2024-11-15 13:30:00,762.28,2.975
2024-11-15 14:00:00,762.24,2.963
2024-11-15 14:30:00,762.24,2.948
2024-11-15 15:00:00,762.51,2.93
2024-11-15 15:30:00,762.66,2.916
2024-11-15 16:00:00,762.86,2.9
2024-11-15 16:30:00,762.93,2.888
2024-11-15 17:00:00,763.0,2.876
2024-11-15 17:30:00,763.08,2.871
2024-11-15 18:00:00,763.19,2.866
2024-11-15 18:30:00,763.24,2.868
2024-11-15 19:00:00,763.25,2.873
2024-11-15 19:30:00,763.25,2.882
2024-11-15 20:00:00,763.2,2.889
2024-11-15 20:30:00,763.25,2.896
2024-11-15 21:00:00,763.41,2.903
2024-11-15 21:30:00,763.51,2.906
2024-11-15 22:00:00,763.59,2.91
2024-11-15 22:30:00,763.56,2.914
2024-11-15 23:00:00,763.62,2.915
2024-11-15 23:30:00,763.72,2.916
2024-11-16 00:00:00,763.84,2.916
2024-11-16 00:30:00,763.86,2.911
2024-11-16 01:00:00,764.1,2.901
2024-11-16 01:30:00,764.27,2.889
2024-11-16 02:00:00,764.26,2.874
2024-11-16 02:30:00,764.29,2.857
2024-11-16 03:00:00,764.42,2.838
2024-11-16 03:30:00,764.55,2.818
2024-11-16 04:00:00,764.58,2.797
2024-11-16 04:30:00,764.67,2.775
2024-11-16 05:00:00,764.8,2.753
2024-11-16 05:30:00,764.95,2.736
2024-11-16 06:00:00,764.86,2.717
2024-11-16 06:30:00,764.92,2.7
2024-11-16 07:00:00,764.91,2.68
2024-11-16 07:30:00,764.86,2.66
2024-11-16 08:00:00,764.94,2.646
2024-11-16 08:30:00,765.0,2.629
2024-11-16 09:00:00,765.11,2.613
2024-11-16 09:30:00,765.03,2.599
2024-11-16 10:00:00,765.22,2.585
2024-11-16 10:30:00,765.26,2.571
2024-11-16 11:00:00,765.22,2.559
2024-11-16 11:30:00,765.14,2.545
2024-11-16 12:00:00,765.09,2.535
2024-11-16 12:30:00,765.26,2.524
2024-11-16 13:00:00,765.46,2.512
2024-11-16 13:30:00,765.55,2.499
2024-11-16 14:00:00,765.65,2.488
2024-11-16 14:30:00,765.69,2.477
2024-11-16 15:00:00,765.86,2.464
2024-11-16 15:30:00,766.14,2.452
2024-11-16 16:00:00,766.32,2.444
2024-11-16 16:30:00,766.29,2.431
2024-11-16 17:00:00,766.48,2.426
2024-11-16 17:30:00,766.56,2.43
2024-11-16 18:00:00,766.64,2.44
2024-11-16 18:30:00,766.75,2.458
2024-11-16 19:00:00,766.89,2.483
2024-11-16 19:30:00,766.74,2.512
2024-11-16 20:00:00,766.85,2.545
2024-11-16 20:30:00,766.77,2.577
2024-11-16 21:00:00,766.96,2.6
2024-11-16 21:30:00,767.0,2.617
2024-11-16 22:00:00,767.1,2.637
2024-11-16 22:30:00,767.18,2.648
2024-11-16 23:00:00,767.34,2.656
2024-11-16 23:30:00,767.43,2.661
2024-11-17 00:00:00,767.67,2.66
2024-11-17 00:30:00,767.89,2.653
2024-11-17 01:00:00,768.06,2.643
2024-11-17 01:30:00,768.16,2.628
2024-11-17 02:00:00,768.34,2.612
2024-11-17 02:30:00,768.47,2.597
2024-11-17 03:00:00,768.62,2.581
2024-11-17 03:30:00,768.78,2.565
2024-11-17 04:00:00,768.94,2.548
2024-11-17 04:30:00,769.02,2.533
2024-11-17 05:00:00,769.17,2.518
2024-11-17 05:30:00,769.26,2.5
2024-11-17 06:00:00,769.28,2.488
2024-11-17 06:30:00,769.42,2.471
2024-11-17 07:00:00,769.58,2.457
2024-11-17 07:30:00,769.66,2.444
2024-11-17 08:00:00,769.67,2.429
2024-11-17 08:30:00,769.48,2.416
2024-11-17 09:00:00,769.35,2.402
2024-11-17 09:30:00,769.09,2.387
2024-11-17 10:00:00,769.19,2.378
2024-11-17 10:30:00,769.41,2.363
2024-11-17 11:00:00,769.41,2.349
2024-11-17 11:30:00,769.29,2.34
2024-11-17 12:00:00,769.48,2.331
2024-11-17 12:30:00,769.69,2.321
2024-11-17 13:00:00,769.74,2.308
2024-11-17 13:30:00,769.7,2.294
2024-11-17 14:00:00,769.47,2.285
2024-11-17 14:30:00,769.59,2.277
2024-11-17 15:00:00,769.86,2.267
2024-11-17 15:30:00,769.98,2.259
2024-11-17 16:00:00,769.95,2.252
2024-11-17 16:30:00,769.94,2.243
2024-11-17 17:00:00,770.09,2.242
2024-11-17 17:30:00,770.01,2.254
2024-11-17 18:00:00,770.2,2.273
2024-11-17 18:30:00,770.15,2.293
2024-11-17 19:00:00,769.95,2.311
2024-11-17 19:30:00,769.94,2.332
2024-11-17 20:00:00,769.81,2.356
2024-11-17 20:30:00,769.71,2.378
2024-11-17 21:00:00,769.82,2.4
2024-11-17 21:30:00,769.88,2.415
2024-11-17 22:00:00,769.82,2.434
2024-11-17 22:30:00,769.71,2.453
2024-11-17 23:00:00,769.78,2.466
2024-11-17 23:30:00,770.17,2.478
2024-11-18 00:00:00,770.15,2.486
2024-11-18 00:30:00,770.04,2.485
2024-11-18 01:00:00,770.14,2.482
2024-11-18 01:30:00,770.15,2.471
2024-11-18 02:00:00,770.34,2.46
2024-11-18 02:30:00,770.55,2.445
2024-11-18 03:00:00,770.58,2.433
2024-11-18 03:30:00,770.66,2.423
2024-11-18 04:00:00,770.76,2.411
2024-11-18 04:30:00,770.81,2.401
2024-11-18 05:00:00,771.09,2.391
2024-11-18 05:30:00,770.83,2.379
2024-11-18 06:00:00,770.39,2.371
2024-11-18 06:30:00,770.29,2.357
2024-11-18 07:00:00,770.49,2.35
2024-11-18 07:30:00,770.22,2.339
2024-11-18 08:00:00,769.7,2.328
2024-11-18 08:30:00,769.6,2.318
2024-11-18 09:00:00,769.45,2.308
2024-11-18 09:30:00,769.08,2.299
2024-11-18 10:00:00,769.08,2.294
2024-11-18 10:30:00,768.97,2.287
2024-11-18 11:00:00,768.8,2.281
2024-11-18 11:30:00,768.43,2.273
2024-11-18 12:00:00,768.34,2.266
2024-11-18 12:30:00,768.09,2.259
2024-11-18 13:00:00,768.08,2.252
2024-11-18 13:30:00,767.73,2.243
2024-11-18 14:00:00,767.49,2.236
2024-11-18 14:30:00,767.53,2.23
2024-11-18 15:00:00,767.59,2.224
2024-11-18 15:30:00,767.81,2.216
2024-11-18 16:00:00,767.94,2.207
2024-11-18 16:30:00,767.89,2.202
2024-11-18 17:00:00,768.06,2.2
2024-11-18 17:30:00,768.11,2.216
2024-11-18 18:00:00,768.09,2.244
2024-11-18 18:30:00,768.04,2.272
2024-11-18 19:00:00,767.83,2.307
2024-11-18 19:30:00,767.6,2.35
2024-11-18 20:00:00,767.65,2.4
2024-11-18 20:30:00,767.72,2.449
2024-11-18 21:00:00,767.71,2.493
2024-11-18 21:30:00,767.72,2.527
2024-11-18 22:00:00,768.0,2.559
2024-11-18 22:30:00,768.05,2.584
2024-11-18 23:00:00,768.17,2.597
2024-11-18 23:30:00,768.21,2.607
2024-11-19 00:00:00,768.22,2.61
2024-11-19 00:30:00,768.54,2.604
2024-11-19 01:00:00,768.6,2.592
2024-11-19 01:30:00,768.56,2.577
2024-11-19 02:00:00,768.77,2.56
2024-11-19 02:30:00,768.81,2.541
2024-11-19 03:00:00,768.85,2.52
2024-11-19 03:30:00,769.0,2.501
2024-11-19 04:00:00,768.95,2.48
2024-11-19 04:30:00,768.84,2.456
2024-11-19 05:00:00,768.86,2.439
2024-11-19 05:30:00,768.94,2.42
2024-11-19 06:00:00,768.81,2.397
2024-11-19 06:30:00,768.83,2.378
2024-11-19 07:00:00,768.94,2.361
2024-11-19 07:30:00,768.91,2.344
2024-11-19 08:00:00,768.82,2.326
2024-11-19 08:30:00,768.56,2.309
2024-11-19 09:00:00,768.42,2.292
2024-11-19 09:30:00,768.61,2.277
2024-11-19 10:00:00,768.68,2.267
2024-11-19 10:30:00,768.88,2.251
2024-11-19 11:00:00,768.95,2.236
2024-11-19 11:30:00,768.82,2.221
2024-11-19 12:00:00,768.64,2.206
2024-11-19 12:30:00,768.55,2.19
2024-11-19 13:00:00,768.53,2.175
2024-11-19 13:30:00,768.55,2.158
2024-11-19 14:00:00,768.53,2.145
2024-11-19 14:30:00,768.7,2.131
2024-11-19 15:00:00,768.88,2.117
2024-11-19 15:30:00,769.15,2.103
2024-11-19 16:00:00,769.23,2.091
2024-11-19 16:30:00,769.52,2.082
2024-11-19 17:00:00,769.51,2.077
2024-11-19 17:30:00,769.5,2.071
2024-11-19 18:00:00,769.68,2.07
2024-11-19 18:30:00,769.32,2.075
2024-11-19 19:00:00,769.45,2.095
2024-11-19 19:30:00,769.24,2.123
2024-11-19 20:00:00,769.36,2.156
2024-11-19 20:30:00,769.54,2.184
2024-11-19 21:00:00,769.64,2.201
2024-11-19 21:30:00,769.59,2.214
2024-11-19 22:00:00,769.58,2.216
2024-11-19 22:30:00,769.52,2.215
2024-11-19 23:00:00,769.85,2.209
2024-11-19 23:30:00,770.13,2.203
2024-11-20 00:00:00,770.33,2.2
2024-11-20 00:30:00,770.65,2.192
2024-11-20 01:00:00,770.62,2.185
2024-11-20 01:30:00,770.84,2.176
2024-11-20 02:00:00,771.01,2.165
2024-11-20 02:30:00,771.23,2.156
2024-11-20 03:00:00,771.31,2.148
2024-11-20 03:30:00,771.16,2.141
2024-11-20 04:00:00,771.18,2.135
2024-11-20 04:30:00,771.58,2.13
2024-11-20 05:00:00,771.99,2.125
2024-11-20 05:30:00,772.16,2.124
2024-11-20 06:00:00,771.89,2.119
2024-11-20 06:30:00,771.9,2.117
2024-11-20 07:00:00,772.16,2.115
2024-11-20 07:30:00,772.15,2.111
2024-11-20 08:00:00,772.21,2.108
2024-11-20 08:30:00,772.12,2.104
2024-11-20 09:00:00,772.32,2.103
2024-11-20 09:30:00,772.34,2.097
2024-11-20 10:00:00,772.14,2.093
2024-11-20 10:30:00,772.05,2.093
2024-11-20 11:00:00,772.12,2.087
2024-11-20 11:30:00,772.27,2.086
2024-11-20 12:00:00,772.23,2.08
2024-11-20 12:30:00,772.21,2.078
2024-11-20 13:00:00,772.36,2.075
2024-11-20 13:30:00,772.36,2.072
2024-11-20 14:00:00,772.37,2.066
2024-11-20 14:30:00,772.33,2.062
2024-11-20 15:00:00,772.31,2.059
2024-11-20 15:30:00,772.39,2.054
2024-11-20 16:00:00,772.71,2.053
2024-11-20 16:30:00,772.72,2.052
2024-11-20 17:00:00,773.01,2.051
2024-11-20 17:30:00,773.28,2.071
2024-11-20 18:00:00,773.54,2.095
2024-11-20 18:30:00,773.87,2.122
2024-11-20 19:00:00,773.62,2.146
2024-11-20 19:30:00,773.76,2.163
2024-11-20 20:00:00,773.63,2.177
2024-11-20 20:30:00,773.67,2.192
2024-11-20 21:00:00,773.98,2.203
2024-11-20 21:30:00,773.9,2.212
2024-11-20 22:00:00,773.89,2.219
2024-11-20 22:30:00,773.9,2.225
2024-11-20 23:00:00,773.86,2.233
2024-11-20 23:30:00,774.06,2.236
2024-11-21 00:00:00,774.04,2.236
2024-11-21 00:30:00,774.02,2.238
2024-11-21 01:00:00,774.12,2.234
2024-11-21 01:30:00,774.22,2.234
2024-11-21 02:00:00,774.23,2.227
2024-11-21 02:30:00,774.17,2.216
2024-11-21 03:00:00,774.29,2.209
2024-11-21 03:30:00,774.17,2.2
2024-11-21 04:00:00,774.25,2.191
2024-11-21 04:30:00,774.48,2.181
2024-11-21 05:00:00,774.72,2.177
2024-11-21 05:30:00,774.66,2.169
2024-11-21 06:00:00,774.9,2.165
2024-11-21 06:30:00,775.0,2.159
2024-11-21 07:00:00,775.13,2.156
2024-11-21 07:30:00,775.07,2.154
2024-11-21 08:00:00,775.01,2.151
2024-11-21 08:30:00,775.05,2.149
2024-11-21 09:00:00,774.76,2.145
2024-11-21 09:30:00,774.74,2.138
2024-11-21 10:00:00,774.66,2.136
2024-11-21 10:30:00,774.62,2.128
2024-11-21 11:00:00,774.59,2.123
2024-11-21 11:30:00,774.65,2.119
2024-11-21 12:00:00,774.76,2.114
2024-11-21 12:30:00,774.83,2.11
2024-11-21 13:00:00,774.81,2.104
2024-11-21 13:30:00,774.87,2.099
2024-11-21 14:00:00,775.07,2.094
2024-11-21 14:30:00,775.11,2.085
2024-11-21 15:00:00,775.16,2.08
2024-11-21 15:30:00,775.15,2.074
2024-11-21 16:00:00,775.24,2.071
2024-11-21 16:30:00,775.3,2.067
2024-11-21 17:00:00,775.38,2.084
2024-11-21 17:30:00,775.7,2.137
2024-11-21 18:00:00,775.81,2.213
2024-11-21 18:30:00,775.78,2.293
2024-11-21 19:00:00,775.71,2.375
2024-11-21 19:30:00,775.55,2.46
2024-11-21 20:00:00,775.34,2.544
2024-11-21 20:30:00,775.14,2.628
2024-11-21 21:00:00,775.1,2.697
2024-11-21 21:30:00,775.22,2.753
2024-11-21 22:00:00,775.27,2.798
2024-11-21 22:30:00,775.31,2.828
2024-11-21 23:00:00,775.17,2.85
2024-11-21 23:30:00,775.13,2.862
2024-11-22 00:00:00,775.34,2.869
2024-11-22 00:30:00,775.8,2.867
2024-11-22 01:00:00,775.88,2.857
2024-11-22 01:30:00,776.02,2.842
2024-11-22 02:00:00,775.9,2.822
2024-11-22 02:30:00,775.55,2.799
2024-11-22 03:00:00,775.73,2.776
2024-11-22 03:30:00,775.54,2.75
2024-11-22 04:00:00,775.47,2.722
2024-11-22 04:30:00,775.55,2.691
2024-11-22 05:00:00,775.61,2.662
2024-11-22 05:30:00,775.4,2.636
2024-11-22 06:00:00,775.36,2.608
2024-11-22 06:30:00,775.37,2.584
2024-11-22 07:00:00,775.31,2.558
2024-11-22 07:30:00,775.18,2.532
2024-11-22 08:00:00,775.2,2.509
2024-11-22 08:30:00,775.09,2.484
2024-11-22 09:00:00,774.75,2.463
2024-11-22 09:30:00,774.36,2.441
2024-11-22 10:00:00,774.24,2.418
2024-11-22 10:30:00,774.25,2.4
2024-11-22 11:00:00,774.09,2.381
2024-11-22 11:30:00,774.03,2.363
2024-11-22 12:00:00,773.97,2.348
2024-11-22 12:30:00,773.85,2.334
2024-11-22 13:00:00,773.88,2.32
2024-11-22 13:30:00,773.88,2.307
2024-11-22 14:00:00,773.9,2.299
2024-11-22 14:30:00,774.16,2.288
2024-11-22 15:00:00,774.2,2.281
2024-11-22 15:30:00,774.4,2.273
2024-11-22 16:00:00,774.41,2.268
2024-11-22 16:30:00,774.39,2.265
2024-11-22 17:00:00,774.26,2.28
2024-11-22 17:30:00,773.96,2.308
2024-11-22 18:00:00,773.74,2.335
2024-11-22 18:30:00,773.56,2.368
2024-11-22 19:00:00,772.97,2.405
2024-11-22 19:30:00,772.62,2.453
2024-11-22 20:00:00,772.53,2.505
2024-11-22 20:30:00,772.37,2.557
2024-11-22 21:00:00,771.81,2.605
2024-11-22 21:30:00,772.01,2.652
2024-11-22 22:00:00,772.28,2.689
2024-11-22 22:30:00,771.92,2.719
2024-11-22 23:00:00,771.7,2.742
2024-11-22 23:30:00,771.94,2.759
2024-11-23 00:00:00,771.7,2.771
2024-11-23 00:30:00,771.55,2.778
2024-11-23 01:00:00,771.19,2.78
2024-11-23 01:30:00,770.99,2.775
2024-11-23 02:00:00,770.73,2.769
2024-11-23 02:30:00,771.12,2.762
2024-11-23 03:00:00,770.98,2.753
2024-11-23 03:30:00,770.6,2.744
2024-11-23 04:00:00,770.8,2.731
2024-11-23 04:30:00,771.31,2.722
2024-11-23 05:00:00,771.18,2.71
2024-11-23 05:30:00,770.73,2.697
2024-11-23 06:00:00,770.26,2.685
2024-11-23 06:30:00,769.69,2.668
2024-11-23 07:00:00,769.52,2.648
2024-11-23 07:30:00,768.73,2.635
2024-11-23 08:00:00,768.21,2.615
2024-11-23 08:30:00,767.62,2.597
2024-11-23 09:00:00,767.19,2.583
2024-11-23 09:30:00,766.66,2.57
2024-11-23 10:00:00,765.7,2.559
2024-11-23 10:30:00,765.61,2.55
2024-11-23 11:00:00,765.19,2.542
2024-11-23 11:30:00,764.43,2.541
2024-11-23 12:00:00,764.24,2.534
2024-11-23 12:30:00,764.36,2.533
2024-11-23 13:00:00,764.28,2.532
2024-11-23 13:30:00,764.37,2.531
2024-11-23 14:00:00,764.21,2.532
2024-11-23 14:30:00,764.52,2.533
2024-11-23 15:00:00,765.19,2.53
2024-11-23 15:30:00,765.73,2.527
2024-11-23 16:00:00,765.79,2.526
2024-11-23 16:30:00,765.78,2.52
2024-11-23 17:00:00,765.91,2.517
2024-11-23 17:30:00,766.34,2.515
2024-11-23 18:00:00,766.26,2.511
2024-11-23 18:30:00,766.28,2.505
2024-11-23 19:00:00,766.38,2.504
2024-11-23 19:30:00,766.19,2.502
2024-11-23 20:00:00,765.74,2.498
2024-11-23 20:30:00,765.66,2.498
2024-11-23 21:00:00,765.59,2.495
2024-11-23 21:30:00,765.3,2.496
2024-11-23 22:00:00,765.17,2.494
2024-11-23 22:30:00,765.28,2.493
2024-11-23 23:00:00,765.39,2.489
2024-11-23 23:30:00,765.44,2.488
2024-11-24 00:00:00,765.38,2.485
2024-11-24 00:30:00,765.58,2.481
2024-11-24 01:00:00,765.64,2.478
2024-11-24 01:30:00,765.46,2.475
2024-11-24 02:00:00,765.65,2.47
2024-11-24 02:30:00,765.63,2.466
2024-11-24 03:00:00,765.87,2.46
2024-11-24 03:30:00,765.87,2.456
2024-11-24 04:00:00,766.02,2.453
2024-11-24 04:30:00,766.15,2.446
2024-11-24 05:00:00,766.59,2.443
2024-11-24 05:30:00,766.55,2.439
2024-11-24 06:00:00,766.44,2.434
2024-11-24 06:30:00,766.43,2.429
2024-11-24 07:00:00,766.43,2.425
2024-11-24 07:30:00,766.58,2.421
2024-11-24 08:00:00,766.67,2.416
2024-11-24 08:30:00,766.42,2.41
2024-11-24 09:00:00,766.38,2.408
2024-11-24 09:30:00,766.31,2.402
2024-11-24 10:00:00,766.27,2.397
2024-11-24 10:30:00,766.61,2.394
2024-11-24 11:00:00,766.78,2.39
2024-11-24 11:30:00,766.77,2.384
2024-11-24 12:00:00,766.99,2.379
2024-11-24 12:30:00,767.33,2.372
2024-11-24 13:00:00,767.5,2.37
2024-11-24 13:30:00,767.7,2.366
2024-11-24 14:00:00,767.88,2.358
2024-11-24 14:30:00,768.14,2.354
2024-11-24 15:00:00,768.38,2.35
2024-11-24 15:30:00,768.65,2.345
2024-11-24 16:00:00,768.93,2.341
2024-11-24 16:30:00,769.2,2.338
2024-11-24 17:00:00,769.38,2.332
2024-11-24 17:30:00,769.54,2.332
2024-11-24 18:00:00,769.65,2.336
2024-11-24 18:30:00,769.76,2.347
2024-11-24 19:00:00,769.84,2.357
2024-11-24 19:30:00,769.67,2.369
2024-11-24 20:00:00,769.67,2.382
2024-11-24 20:30:00,769.78,2.396
2024-11-24 21:00:00,769.86,2.407
2024-11-24 21:30:00,769.96,2.42
2024-11-24 22:00:00,770.1,2.427
2024-11-24 22:30:00,770.28,2.431
2024-11-24 23:00:00,770.55,2.434
2024-11-24 23:30:00,770.66,2.433
2024-11-25 00:00:00,770.68,2.431
2024-11-25 00:30:00,770.67,2.423
2024-11-25 01:00:00,770.8,2.412
2024-11-25 01:30:00,771.08,2.402
2024-11-25 02:00:00,771.15,2.388
2024-11-25 02:30:00,771.24,2.37
2024-11-25 03:00:00,771.42,2.35
2024-11-25 03:30:00,771.67,2.33
2024-11-25 04:00:00,771.79,2.315
2024-11-25 04:30:00,771.88,2.296
2024-11-25 05:00:00,771.94,2.277
2024-11-25 05:30:00,771.93,2.262
2024-11-25 06:00:00,771.94,2.245
2024-11-25 06:30:00,772.01,2.23
2024-11-25 07:00:00,771.92,2.213
2024-11-25 07:30:00,771.94,2.2
2024-11-25 08:00:00,771.87,2.187
2024-11-25 08:30:00,771.62,2.172
2024-11-25 09:00:00,771.57,2.158
2024-11-25 09:30:00,771.19,2.147
2024-11-25 10:00:00,771.64,2.136
2024-11-25 10:30:00,771.39,2.128
2024-11-25 11:00:00,770.7,2.115
2024-11-25 11:30:00,771.67,2.106
2024-11-25 12:00:00,771.34,2.096
2024-11-25 12:30:00,771.42,2.089
2024-11-25 13:00:00,771.24,2.083
2024-11-25 13:30:00,770.76,2.079
2024-11-25 14:00:00,770.82,2.076
2024-11-25 14:30:00,770.78,2.069
2024-11-25 15:00:00,771.07,2.065
2024-11-25 15:30:00,770.98,2.061
2024-11-25 16:00:00,771.36,2.054
2024-11-25 16:30:00,771.13,2.053
2024-11-25 17:00:00,771.09,2.05
2024-11-25 17:30:00,771.25,2.048
2024-11-25 18:00:00,771.42,2.048
2024-11-25 18:30:00,771.43,2.046
2024-11-25 19:00:00,771.75,2.044
2024-11-25 19:30:00,771.32,2.046
2024-11-25 20:00:00,771.04,2.044
2024-11-25 20:30:00,770.99,2.045
2024-11-25 21:00:00,771.01,2.044
2024-11-25 21:30:00,770.94,2.045
2024-11-25 22:00:00,771.14,2.044
2024-11-25 22:30:00,770.9,2.046
2024-11-25 23:00:00,771.09,2.047
2024-11-25 23:30:00,771.31,2.048
2024-11-26 00:00:00,771.26,2.052
2024-11-26 00:30:00,771.64,2.049
2024-11-26 01:00:00,771.34,2.05
2024-11-26 01:30:00,771.48,2.051
2024-11-26 02:00:00,771.61,2.053
2024-11-26 02:30:00,771.58,2.053
2024-11-26 03:00:00,771.93,2.052
2024-11-26 03:30:00,771.75,2.053
2024-11-26 04:00:00,771.97,2.053
2024-11-26 04:30:00,772.16,2.054
2024-11-26 05:00:00,772.08,2.053
2024-11-26 05:30:00,772.33,2.051
2024-11-26 06:00:00,772.01,2.051
2024-11-26 06:30:00,771.83,2.051
2024-11-26 07:00:00,771.81,2.05
2024-11-26 07:30:00,771.36,2.05
2024-11-26 08:00:00,771.39,2.049
2024-11-26 08:30:00,770.9,2.05
2024-11-26 09:00:00,770.59,2.048
2024-11-26 09:30:00,770.42,2.048
2024-11-26 10:00:00,769.99,2.049
2024-11-26 10:30:00,769.54,2.053
2024-11-26 11:00:00,769.56,2.052
2024-11-26 11:30:00,769.66,2.057
2024-11-26 12:00:00,770.01,2.058
2024-11-26 12:30:00,770.19,2.058
2024-11-26 13:00:00,770.58,2.06
2024-11-26 13:30:00,770.71,2.061
2024-11-26 14:00:00,771.25,2.059
2024-11-26 14:30:00,771.71,2.058
2024-11-26 15:00:00,772.16,2.058
2024-11-26 15:30:00,772.54,2.057
2024-11-26 16:00:00,772.51,2.056
2024-11-26 16:30:00,772.82,2.056
2024-11-26 17:00:00,772.66,2.056
2024-11-26 17:30:00,772.89,2.058
2024-11-26 18:00:00,772.63,2.059
2024-11-26 18:30:00,772.74,2.059
2024-11-26 19:00:00,772.41,2.06
2024-11-26 19:30:00,772.04,2.061
2024-11-26 20:00:00,772.19,2.061
2024-11-26 20:30:00,771.69,2.063
2024-11-26 21:00:00,772.03,2.063
2024-11-26 21:30:00,771.59,2.065
2024-11-26 22:00:00,771.69,2.063
2024-11-26 22:30:00,771.4,2.065
2024-11-26 23:00:00,770.99,2.064
2024-11-26 23:30:00,771.06,2.066
2024-11-27 00:00:00,771.38,2.067
2024-11-27 00:30:00,771.32,2.069
2024-11-27 01:00:00,771.35,2.069
2024-11-27 01:30:00,771.52,2.071
2024-11-27 02:00:00,771.66,2.074
2024-11-27 02:30:00,771.73,2.073
2024-11-27 03:00:00,771.81,2.077
2024-11-27 03:30:00,772.0,2.08
2024-11-27 04:00:00,772.13,2.082
2024-11-27 04:30:00,772.23,2.085
2024-11-27 05:00:00,772.29,2.087
2024-11-27 05:30:00,772.24,2.088
2024-11-27 06:00:00,772.39,2.091
2024-11-27 06:30:00,772.36,2.092
2024-11-27 07:00:00,772.34,2.096
2024-11-27 07:30:00,772.44,2.095
2024-11-27 08:00:00,772.63,2.098
2024-11-27 08:30:00,772.33,2.097
2024-11-27 09:00:00,772.23,2.101
2024-11-27 09:30:00,772.0,2.102
2024-11-27 10:00:00,771.94,2.103
2024-11-27 10:30:00,771.84,2.103
2024-11-27 11:00:00,771.76,2.104
2024-11-27 11:30:00,771.57,2.103
2024-11-27 12:00:00,771.58,2.102
2024-11-27 12:30:00,771.54,2.102
2024-11-27 13:00:00,771.99,2.101
2024-11-27 13:30:00,772.08,2.099
2024-11-27 14:00:00,772.15,2.099
2024-11-27 14:30:00,772.23,2.099
2024-11-27 15:00:00,772.48,2.095
2024-11-27 15:30:00,772.29,2.096
2024-11-27 16:00:00,772.71,2.092
2024-11-27 16:30:00,772.79,2.089
2024-11-27 17:00:00,772.97,2.088
2024-11-27 17:30:00,773.12,2.086
2024-11-27 18:00:00,773.15,2.083
2024-11-27 18:30:00,773.04,2.082
2024-11-27 19:00:00,772.83,2.079
2024-11-27 19:30:00,772.57,2.076
2024-11-27 20:00:00,772.32,2.076
2024-11-27 20:30:00,772.12,2.075
2024-11-27 21:00:00,772.03,2.074
2024-11-27 21:30:00,771.94,2.074
2024-11-27 22:00:00,771.9,2.073
2024-11-27 22:30:00,771.87,2.073
2024-11-27 23:00:00,772.01,2.075
2024-11-27 23:30:00,772.01,2.073
2024-11-28 00:00:00,772.18,2.073
2024-11-28 00:30:00,772.28,2.074
2024-11-28 01:00:00,772.52,2.072
2024-11-28 01:30:00,772.66,2.073
2024-11-28 02:00:00,772.84,2.071
2024-11-28 02:30:00,773.08,2.073
2024-11-28 03:00:00,773.35,2.073
2024-11-28 03:30:00,773.57,2.069
2024-11-28 04:00:00,773.78,2.067
2024-11-28 04:30:00,774.0,2.065
2024-11-28 05:00:00,774.33,2.062
2024-11-28 05:30:00,774.54,2.058
2024-11-28 06:00:00,774.7,2.055
2024-11-28 06:30:00,774.94,2.052
2024-11-28 07:00:00,775.33,2.047
2024-11-28 07:30:00,775.71,2.042
2024-11-28 08:00:00,775.82,2.036
2024-11-28 08:30:00,775.85,2.028
2024-11-28 09:00:00,775.91,2.024
2024-11-28 09:30:00,776.22,2.017
2024-11-28 10:00:00,776.43,2.009
2024-11-28 10:30:00,776.51,2.002
2024-11-28 11:00:00,776.66,1.994
2024-11-28 11:30:00,776.85,1.986
2024-11-28 12:00:00,776.96,1.981
2024-11-28 12:30:00,777.12,1.973
2024-11-28 13:00:00,777.19,1.965
2024-11-28 13:30:00,777.44,1.96
2024-11-28 14:00:00,777.73,1.952
2024-11-28 14:30:00,778.0,1.945
2024-11-28 15:00:00,778.28,1.941
2024-11-28 15:30:00,778.5,1.933
2024-11-28 16:00:00,778.67,1.926
2024-11-28 16:30:00,778.89,1.92
2024-11-28 17:00:00,779.03,1.914
2024-11-28 17:30:00,778.96,1.907
2024-11-28 18:00:00,778.95,1.904
2024-11-28 18:30:00,778.56,1.901
2024-11-28 19:00:00,778.19,1.897
2024-11-28 19:30:00,777.89,1.896
2024-11-28 20:00:00,777.57,1.895
2024-11-28 20:30:00,777.47,1.894
2024-11-28 21:00:00,777.23,1.891
2024-11-28 21:30:00,777.1,1.893
2024-11-28 22:00:00,777.07,1.895
2024-11-28 22:30:00,777.16,1.896
2024-11-28 23:00:00,777.15,1.896
2024-11-28 23:30:00,777.27,1.901
2024-11-29 00:00:00,777.29,1.899
2024-11-29 00:30:00,777.49,1.901
2024-11-29 01:00:00,777.63,1.903
2024-11-29 01:30:00,777.7,1.904
2024-11-29 02:00:00,777.85,1.902
2024-11-29 02:30:00,777.96,1.906
2024-11-29 03:00:00,778.23,1.907
2024-11-29 03:30:00,778.47,1.908
2024-11-29 04:00:00,778.69,1.907
2024-11-29 04:30:00,778.66,1.91
2024-11-29 05:00:00,778.74,1.906
2024-11-29 05:30:00,778.82,1.907
2024-11-29 06:00:00,778.97,1.905
2024-11-29 06:30:00,779.12,1.906
2024-11-29 07:00:00,779.39,1.904
2024-11-29 07:30:00,779.35,1.903
2024-11-29 08:00:00,779.29,1.9
2024-11-29 08:30:00,779.19,1.897
2024-11-29 09:00:00,779.09,1.894
2024-11-29 09:30:00,779.05,1.894
2024-11-29 10:00:00,779.03,1.891
2024-11-29 10:30:00,779.1,1.886
2024-11-29 11:00:00,779.09,1.884
2024-11-29 11:30:00,779.1,1.881
2024-11-29 12:00:00,778.99,1.877
2024-11-29 12:30:00,779.11,1.872
2024-11-29 13:00:00,779.25,1.869
2024-11-29 13:30:00,779.49,1.865
2024-11-29 14:00:00,779.58,1.86
2024-11-29 14:30:00,779.68,1.856
2024-11-29 15:00:00,779.83,1.853
2024-11-29 15:30:00,780.11,1.849
2024-11-29 16:00:00,780.22,1.845
2024-11-29 16:30:00,780.39,1.841
2024-11-29 17:00:00,780.41,1.838
2024-11-29 17:30:00,780.43,1.834
2024-11-29 18:00:00,780.4,1.831
2024-11-29 18:30:00,780.32,1.827
2024-11-29 19:00:00,780.17,1.824
2024-11-29 19:30:00,779.9,1.821
2024-11-29 20:00:00,779.72,1.821
2024-11-29 20:30:00,779.58,1.818
2024-11-29 21:00:00,779.49,1.815
2024-11-29 21:30:00,779.47,1.814
2024-11-29 22:00:00,779.41,1.812
2024-11-29 22:30:00,779.54,1.811
2024-11-29 23:00:00,779.63,1.811
2024-11-29 23:30:00,779.84,1.81
2024-11-30 00:00:00,779.98,1.81
2024-11-30 00:30:00,780.24,1.809
2024-11-30 01:00:00,780.44,1.809
2024-11-30 01:30:00,780.54,1.809
2024-11-30 02:00:00,780.57,1.809
2024-11-30 02:30:00,780.74,1.812
2024-11-30 03:00:00,780.89,1.811
2024-11-30 03:30:00,780.99,1.812
2024-11-30 04:00:00,781.07,1.812
2024-11-30 04:30:00,781.12,1.814
2024-11-30 05:00:00,781.23,1.814
2024-11-30 05:30:00,781.31,1.814
2024-11-30 06:00:00,781.41,1.813
2024-11-30 06:30:00,781.52,1.813
2024-11-30 07:00:00,781.77,1.813
2024-11-30 07:30:00,781.89,1.812
2024-11-30 08:00:00,781.91,1.813
2024-11-30 08:30:00,781.83,1.81
2024-11-30 09:00:00,781.78,1.808
2024-11-30 09:30:00,781.65,1.807
2024-11-30 10:00:00,781.83,1.803
2024-11-30 10:30:00,781.93,1.801
2024-11-30 11:00:00,781.84,1.798
2024-11-30 11:30:00,781.88,1.795
2024-11-30 12:00:00,781.81,1.795
2024-11-30 12:30:00,781.69,1.791
2024-11-30 13:00:00,781.7,1.788
2024-11-30 13:30:00,781.78,1.786
2024-11-30 14:00:00,782.03,1.784
2024-11-30 14:30:00,782.15,1.782
2024-11-30 15:00:00,782.26,1.78
2024-11-30 15:30:00,782.51,1.776
2024-11-30 16:00:00,782.58,1.774
2024-11-30 16:30:00,782.69,1.773
2024-11-30 17:00:00,782.61,1.768
2024-11-30 17:30:00,782.53,1.766
2024-11-30 18:00:00,782.48,1.764
2024-11-30 18:30:00,782.44,1.763
2024-11-30 19:00:00,782.09,1.76
2024-11-30 19:30:00,781.64,1.761
2024-11-30 20:00:00,781.25,1.761
2024-11-30 20:30:00,781.11,1.761
2024-11-30 21:00:00,781.0,1.76
2024-11-30 21:30:00,780.85,1.761
2024-11-30 22:00:00,780.63,1.76
2024-11-30 22:30:00,780.59,1.762
2024-11-30 23:00:00,780.61,1.761
2024-11-30 23:30:00,780.68,1.764
2024-12-01 00:00:00,780.68,1.763
2024-12-01 00:30:00,780.82,1.765
2024-12-01 01:00:00,781.01,1.766
2024-12-01 01:30:00,781.13,1.767
2024-12-01 02:00:00,781.1,1.77
2024-12-01 02:30:00,781.2,1.77
2024-12-01 03:00:00,781.44,1.775
2024-12-01 03:30:00,781.49,1.774
2024-12-01 04:00:00,781.48,1.775
2024-12-01 04:30:00,781.66,1.775
2024-12-01 05:00:00,781.95,1.777
2024-12-01 05:30:00,782.11,1.78
2024-12-01 06:00:00,782.03,1.778
2024-12-01 06:30:00,782.11,1.778
2024-12-01 07:00:00,782.3,1.778
2024-12-01 07:30:00,782.36,1.78
2024-12-01 08:00:00,782.29,1.778
2024-12-01 08:30:00,782.21,1.778
2024-12-01 09:00:00,782.12,1.779
2024-12-01 09:30:00,782.08,1.776
2024-12-01 10:00:00,782.01,1.775
2024-12-01 10:30:00,782.0,1.775
2024-12-01 11:00:00,781.78,1.775
2024-12-01 11:30:00,781.55,1.774
2024-12-01 12:00:00,781.36,1.773
2024-12-01 12:30:00,781.27,1.772
2024-12-01 13:00:00,781.3,1.77
2024-12-01 13:30:00,781.44,1.769
2024-12-01 14:00:00,781.71,1.769
2024-12-01 14:30:00,781.87,1.766
2024-12-01 15:00:00,781.98,1.765
2024-12-01 15:30:00,782.04,1.766
2024-12-01 16:00:00,782.22,1.762
2024-12-01 16:30:00,782.35,1.764
2024-12-01 17:00:00,782.47,1.761
2024-12-01 17:30:00,782.39,1.76
2024-12-01 18:00:00,782.45,1.759
2024-12-01 18:30:00,782.24,1.759
2024-12-01 19:00:00,782.04,1.758
2024-12-01 19:30:00,781.78,1.759
2024-12-01 20:00:00,781.55,1.756
2024-12-01 20:30:00,781.34,1.759
2024-12-01 21:00:00,781.04,1.759
2024-12-01 21:30:00,780.99,1.76
2024-12-01 22:00:00,781.01,1.761
2024-12-01 22:30:00,781.15,1.76
2024-12-01 23:00:00,781.33,1.763
2024-12-01 23:30:00,781.45,1.763
2024-12-02 00:00:00,781.48,1.765
2024-12-02 00:30:00,781.37,1.766
2024-12-02 01:00:00,781.35,1.766
2024-12-02 01:30:00,781.4,1.766
2024-12-02 02:00:00,781.58,1.767
2024-12-02 02:30:00,781.7,1.77
2024-12-02 03:00:00,781.84,1.767
2024-12-02 03:30:00,781.9,1.768
2024-12-02 04:00:00,781.99,1.769
2024-12-02 04:30:00,782.01,1.767
2024-12-02 05:00:00,781.98,1.77
2024-12-02 05:30:00,781.98,1.768
2024-12-02 06:00:00,782.02,1.766
2024-12-02 06:30:00,782.15,1.767
2024-12-02 07:00:00,782.2,1.765
2024-12-02 07:30:00,782.24,1.765
2024-12-02 08:00:00,782.18,1.765
2024-12-02 08:30:00,782.14,1.764
2024-12-02 09:00:00,782.09,1.764
2024-12-02 09:30:00,782.12,1.762
2024-12-02 10:00:00,782.16,1.761
2024-12-02 10:30:00,782.31,1.761
2024-12-02 11:00:00,782.15,1.759
2024-12-02 11:30:00,782.0,1.757
2024-12-02 12:00:00,782.05,1.757
2024-12-02 12:30:00,782.04,1.755
2024-12-02 13:00:00,782.11,1.755
2024-12-02 13:30:00,782.12,1.752
2024-12-02 14:00:00,782.27,1.749
2024-12-02 14:30:00,782.44,1.747
2024-12-02 15:00:00,782.69,1.745
2024-12-02 15:30:00,782.76,1.742
2024-12-02 16:00:00,782.87,1.742
2024-12-02 16:30:00,783.01,1.739
2024-12-02 17:00:00,782.98,1.734
2024-12-02 17:30:00,782.84,1.734
2024-12-02 18:00:00,782.7,1.733
2024-12-02 18:30:00,782.52,1.73
2024-12-02 19:00:00,782.16,1.73
2024-12-02 19:30:00,781.81,1.73
2024-12-02 20:00:00,781.44,1.73
2024-12-02 20:30:00,781.24,1.734
2024-12-02 21:00:00,781.16,1.74
2024-12-02 21:30:00,780.96,1.75
2024-12-02 22:00:00,780.83,1.759
2024-12-02 22:30:00,780.95,1.77
2024-12-02 23:00:00,781.04,1.78
2024-12-02 23:30:00,781.11,1.786
2024-12-03 00:00:00,781.23,1.791
2024-12-03 00:30:00,781.37,1.794
2024-12-03 01:00:00,781.45,1.796
2024-12-03 01:30:00,781.61,1.798
2024-12-03 02:00:00,781.72,1.798
2024-12-03 02:30:00,781.71,1.798
2024-12-03 03:00:00,781.68,1.797
2024-12-03 03:30:00,781.75,1.797
2024-12-03 04:00:00,781.78,1.794
2024-12-03 04:30:00,781.81,1.793
2024-12-03 05:00:00,781.94,1.793
2024-12-03 05:30:00,781.97,1.791
2024-12-03 06:00:00,781.96,1.791
2024-12-03 06:30:00,782.05,1.786
2024-12-03 07:00:00,781.94,1.785
2024-12-03 07:30:00,782.0,1.781
2024-12-03 08:00:00,781.92,1.78
2024-12-03 08:30:00,781.77,1.776
2024-12-03 09:00:00,781.65,1.773
2024-12-03 09:30:00,781.56,1.769
2024-12-03 10:00:00,781.7,1.767
2024-12-03 10:30:00,781.8,1.762
2024-12-03 11:00:00,781.68,1.759
2024-12-03 11:30:00,781.54,1.756
2024-12-03 12:00:00,781.53,1.753
2024-12-03 12:30:00,781.5,1.748
2024-12-03 13:00:00,781.47,1.744
2024-12-03 13:30:00,781.43,1.741
2024-12-03 14:00:00,781.53,1.734
2024-12-03 14:30:00,781.63,1.731
2024-12-03 15:00:00,781.77,1.727
2024-12-03 15:30:00,781.93,1.724
2024-12-03 16:00:00,782.09,1.72
2024-12-03 16:30:00,782.16,1.716
2024-12-03 17:00:00,782.13,1.712
2024-12-03 17:30:00,781.97,1.709
2024-12-03 18:00:00,781.86,1.705
2024-12-03 18:30:00,781.69,1.705
2024-12-03 19:00:00,781.39,1.704
2024-12-03 19:30:00,781.02,1.703
2024-12-03 20:00:00,780.69,1.702
2024-12-03 20:30:00,780.51,1.707
2024-12-03 21:00:00,780.43,1.714
2024-12-03 21:30:00,780.33,1.724
2024-12-03 22:00:00,780.32,1.734
2024-12-03 22:30:00,780.28,1.746
2024-12-03 23:00:00,780.38,1.756
2024-12-03 23:30:00,780.49,1.765
2024-12-04 00:00:00,780.56,1.768
2024-12-04 00:30:00,780.79,1.773
2024-12-04 01:00:00,780.92,1.775
2024-12-04 01:30:00,781.1,1.777
2024-12-04 02:00:00,781.22,1.776
2024-12-04 02:30:00,781.38,1.777
2024-12-04 03:00:00,781.55,1.776
2024-12-04 03:30:00,781.7,1.775
2024-12-04 04:00:00,781.9,1.773
2024-12-04 04:30:00,782.06,1.77
2024-12-04 05:00:00,782.16,1.768
2024-12-04 05:30:00,782.27,1.763
2024-12-04 06:00:00,782.38,1.76
2024-12-04 06:30:00,782.61,1.757
2024-12-04 07:00:00,782.77,1.753
2024-12-04 07:30:00,782.92,1.746
2024-12-04 08:00:00,782.88,1.742
2024-12-04 08:30:00,782.87,1.737
2024-12-04 09:00:00,782.97,1.731
2024-12-04 09:30:00,782.89,1.726
2024-12-04 10:00:00,782.9,1.721
2024-12-04 10:30:00,782.93,1.715
2024-12-04 11:00:00,783.05,1.709
2024-12-04 11:30:00,783.01,1.703
2024-12-04 12:00:00,782.96,1.699
2024-12-04 12:30:00,783.02,1.695
2024-12-04 13:00:00,783.03,1.687
2024-12-04 13:30:00,783.11,1.683
2024-12-04 14:00:00,783.14,1.677
2024-12-04 14:30:00,783.27,1.674
2024-12-04 15:00:00,783.45,1.666
2024-12-04 15:30:00,783.52,1.66
2024-12-04 16:00:00,783.64,1.655
2024-12-04 16:30:00,783.75,1.651
2024-12-04 17:00:00,783.67,1.648
2024-12-04 17:30:00,783.51,1.645
2024-12-04 18:00:00,783.42,1.642
2024-12-04 18:30:00,783.29,1.641
2024-12-04 19:00:00,783.04,1.638
2024-12-04 19:30:00,782.67,1.638
2024-12-04 20:00:00,782.36,1.641
2024-12-04 20:30:00,782.24,1.646
2024-12-04 21:00:00,782.04,1.654
2024-12-04 21:30:00,781.98,1.665
2024-12-04 22:00:00,781.86,1.678
2024-12-04 22:30:00,781.85,1.69
2024-12-04 23:00:00,781.88,1.702
2024-12-04 23:30:00,782.05,1.709
2024-12-05 00:00:00,782.15,1.718
2024-12-05 00:30:00,782.25,1.723
2024-12-05 01:00:00,782.31,1.724
2024-12-05 01:30:00,782.49,1.728
2024-12-05 02:00:00,782.57,1.728
2024-12-05 02:30:00,782.62,1.726
2024-12-05 03:00:00,782.78,1.725
2024-12-05 03:30:00,782.79,1.721
2024-12-05 04:00:00,782.91,1.719
2024-12-05 04:30:00,783.0,1.715
2024-12-05 05:00:00,783.05,1.71
2024-12-05 05:30:00,783.11,1.707
2024-12-05 06:00:00,783.2,1.701
2024-12-05 06:30:00,783.2,1.696
2024-12-05 07:00:00,783.27,1.688
2024-12-05 07:30:00,783.34,1.683
2024-12-05 08:00:00,783.25,1.677
2024-12-05 08:30:00,783.14,1.672
2024-12-05 09:00:00,782.97,1.665
2024-12-05 09:30:00,782.9,1.66
2024-12-05 10:00:00,783.06,1.653
2024-12-05 10:30:00,783.21,1.645
2024-12-05 11:00:00,783.32,1.64
2024-12-05 11:30:00,783.25,1.632
2024-12-05 12:00:00,783.18,1.626
2024-12-05 12:30:00,783.2,1.62
2024-12-05 13:00:00,783.12,1.614
2024-12-05 13:30:00,783.03,1.607
2024-12-05 14:00:00,782.99,1.604
2024-12-05 14:30:00,783.05,1.596
2024-12-05 15:00:00,782.96,1.589
2024-12-05 15:30:00,782.97,1.584
2024-12-05 16:00:00,783.08,1.578
2024-12-05 16:30:00,783.01,1.572
2024-12-05 17:00:00,782.93,1.569
2024-12-05 17:30:00,782.85,1.563
2024-12-05 18:00:00,782.74,1.563
2024-12-05 18:30:00,782.46,1.562
2024-12-05 19:00:00,782.1,1.562
2024-12-05 19:30:00,781.72,1.564
2024-12-05 20:00:00,781.33,1.567
2024-12-05 20:30:00,780.93,1.57
2024-12-05 21:00:00,780.82,1.577
2024-12-05 21:30:00,780.64,1.587
2024-12-05 22:00:00,780.43,1.599
2024-12-05 22:30:00,780.28,1.606
2024-12-05 23:00:00,780.22,1.618
2024-12-05 23:30:00,780.33,1.625
2024-12-06 00:00:00,780.54,1.63
2024-12-06 00:30:00,780.58,1.635
2024-12-06 01:00:00,780.78,1.636
2024-12-06 01:30:00,780.96,1.637
2024-12-06 02:00:00,781.17,1.637
2024-12-06 02:30:00,781.3,1.634
2024-12-06 03:00:00,781.36,1.632
2024-12-06 03:30:00,781.47,1.627
2024-12-06 04:00:00,781.43,1.627
2024-12-06 04:30:00,781.33,1.619
2024-12-06 05:00:00,781.72,1.615
2024-12-06 05:30:00,781.95,1.609
2024-12-06 06:00:00,782.01,1.604
2024-12-06 06:30:00,782.21,1.599
2024-12-06 07:00:00,782.38,1.594
2024-12-06 07:30:00,782.69,1.587
2024-12-06 08:00:00,782.84,1.579
2024-12-06 08:30:00,783.05,1.575
2024-12-06 09:00:00,782.97,1.568
2024-12-06 09:30:00,782.61,1.562
2024-12-06 10:00:00,782.6,1.557
2024-12-06 10:30:00,782.45,1.551
2024-12-06 11:00:00,782.25,1.545
2024-12-06 11:30:00,782.07,1.539
2024-12-06 12:00:00,782.06,1.533
2024-12-06 12:30:00,782.12,1.528
2024-12-06 13:00:00,781.95,1.52
2024-12-06 13:30:00,782.18,1.515
2024-12-06 14:00:00,782.42,1.509
2024-12-06 14:30:00,782.57,1.504
2024-12-06 15:00:00,782.62,1.5
2024-12-06 15:30:00,782.81,1.492
2024-12-06 16:00:00,782.78,1.486
2024-12-06 16:30:00,782.77,1.483
2024-12-06 17:00:00,782.69,1.478
2024-12-06 17:30:00,782.8,1.477
2024-12-06 18:00:00,782.73,1.476
2024-12-06 18:30:00,782.46,1.48
2024-12-06 19:00:00,782.12,1.481
2024-12-06 19:30:00,781.86,1.483
2024-12-06 20:00:00,781.58,1.488
2024-12-06 20:30:00,781.27,1.493
2024-12-06 21:00:00,781.12,1.501
2024-12-06 21:30:00,780.9,1.511
2024-12-06 22:00:00,780.77,1.522
2024-12-06 22:30:00,780.68,1.531
2024-12-06 23:00:00,780.83,1.542
2024-12-06 23:30:00,781.17,1.551
2024-12-07 00:00:00,781.41,1.557
2024-12-07 00:30:00,781.77,1.563
2024-12-07 01:00:00,781.84,1.564
2024-12-07 01:30:00,781.79,1.565
2024-12-07 02:00:00,781.82,1.561
2024-12-07 02:30:00,781.89,1.56
2024-12-07 03:00:00,781.95,1.556
2024-12-07 03:30:00,782.06,1.552
2024-12-07 04:00:00,782.11,1.547
2024-12-07 04:30:00,782.31,1.543
2024-12-07 05:00:00,782.56,1.539
2024-12-07 05:30:00,782.59,1.532
2024-12-07 06:00:00,782.72,1.525
2024-12-07 06:30:00,782.8,1.523
2024-12-07 07:00:00,782.78,1.516
2024-12-07 07:30:00,782.78,1.511
2024-12-07 08:00:00,782.64,1.504
2024-12-07 08:30:00,782.48,1.498
2024-12-07 09:00:00,782.44,1.489
2024-12-07 09:30:00,782.34,1.483
2024-12-07 10:00:00,782.36,1.478
2024-12-07 10:30:00,782.38,1.469
2024-12-07 11:00:00,782.36,1.462
2024-12-07 11:30:00,782.52,1.458
2024-12-07 12:00:00,782.48,1.452
2024-12-07 12:30:00,782.52,1.445
2024-12-07 13:00:00,782.51,1.438
2024-12-07 13:30:00,782.68,1.431
2024-12-07 14:00:00,782.78,1.428
2024-12-07 14:30:00,782.93,1.422
2024-12-07 15:00:00,782.98,1.415
2024-12-07 15:30:00,783.04,1.41
2024-12-07 16:00:00,783.04,1.404
2024-12-07 16:30:00,782.87,1.401
2024-12-07 17:00:00,782.75,1.398
2024-12-07 17:30:00,782.56,1.396
2024-12-07 18:00:00,782.4,1.402
2024-12-07 18:30:00,782.23,1.408
2024-12-07 19:00:00,781.81,1.413
2024-12-07 19:30:00,781.59,1.416
2024-12-07 20:00:00,781.44,1.421
2024-12-07 20:30:00,781.22,1.432
2024-12-07 21:00:00,780.9,1.442
2024-12-07 21:30:00,780.77,1.455
2024-12-07 22:00:00,780.67,1.469
2024-12-07 22:30:00,780.92,1.483
2024-12-07 23:00:00,780.86,1.498
2024-12-07 23:30:00,780.81,1.511
2024-12-08 00:00:00,780.84,1.516
2024-12-08 00:30:00,780.89,1.523
2024-12-08 01:00:00,781.11,1.523
2024-12-08 01:30:00,781.15,1.524
2024-12-08 02:00:00,781.25,1.517
2024-12-08 02:30:00,781.28,1.513
2024-12-08 03:00:00,781.17,1.509
2024-12-08 03:30:00,781.29,1.503
2024-12-08 04:00:00,781.34,1.497
2024-12-08 04:30:00,781.4,1.493
2024-12-08 05:00:00,781.38,1.487
2024-12-08 05:30:00,781.21,1.484
2024-12-08 06:00:00,781.1,1.478
2024-12-08 06:30:00,781.05,1.473
2024-12-08 07:00:00,780.95,1.47
2024-12-08 07:30:00,780.9,1.464
2024-12-08 08:00:00,780.68,1.458
2024-12-08 08:30:00,780.37,1.452
2024-12-08 09:00:00,780.05,1.447
2024-12-08 09:30:00,779.93,1.443
2024-12-08 10:00:00,779.97,1.439
2024-12-08 10:30:00,780.03,1.432
2024-12-08 11:00:00,779.88,1.43
2024-12-08 11:30:00,779.96,1.422
2024-12-08 12:00:00,779.86,1.416
2024-12-08 12:30:00,779.8,1.412
2024-12-08 13:00:00,779.86,1.406
2024-12-08 13:30:00,779.85,1.403
2024-12-08 14:00:00,779.92,1.398
2024-12-08 14:30:00,779.95,1.392
2024-12-08 15:00:00,779.99,1.388
2024-12-08 15:30:00,780.02,1.382
2024-12-08 16:00:00,780.02,1.378
2024-12-08 16:30:00,779.99,1.373
2024-12-08 17:00:00,779.8,1.372
2024-12-08 17:30:00,779.8,1.376
2024-12-08 18:00:00,779.69,1.381
2024-12-08 18:30:00,779.49,1.385
2024-12-08 19:00:00,779.09,1.39
2024-12-08 19:30:00,778.9,1.399
2024-12-08 20:00:00,778.87,1.413
2024-12-08 20:30:00,778.65,1.427
2024-12-08 21:00:00,778.3,1.444
2024-12-08 21:30:00,778.17,1.46
2024-12-08 22:00:00,778.13,1.479
2024-12-08 22:30:00,778.02,1.494
2024-12-08 23:00:00,777.97,1.507
2024-12-08 23:30:00,777.98,1.518
2024-12-09 00:00:00,778.04,1.526
2024-12-09 00:30:00,778.04,1.53
2024-12-09 01:00:00,778.01,1.525
2024-12-09 01:30:00,778.12,1.52
2024-12-09 02:00:00,778.23,1.512
2024-12-09 02:30:00,778.37,1.503
2024-12-09 03:00:00,778.4,1.494
2024-12-09 03:30:00,778.49,1.484
2024-12-09 04:00:00,778.53,1.476
2024-12-09 04:30:00,778.45,1.464
2024-12-09 05:00:00,778.47,1.454
2024-12-09 05:30:00,778.56,1.442
2024-12-09 06:00:00,778.5,1.431
2024-12-09 06:30:00,778.43,1.423
2024-12-09 07:00:00,778.46,1.414
2024-12-09 07:30:00,778.42,1.403
2024-12-09 08:00:00,778.24,1.391
2024-12-09 08:30:00,778.21,1.38
2024-12-09 09:00:00,778.2,1.369
2024-12-09 09:30:00,778.14,1.362
2024-12-09 10:00:00,778.2,1.35
2024-12-09 10:30:00,778.24,1.342
2024-12-09 11:00:00,778.32,1.334
2024-12-09 11:30:00,778.3,1.324
2024-12-09 12:00:00,778.25,1.316
2024-12-09 12:30:00,778.26,1.308
2024-12-09 13:00:00,778.19,1.299
2024-12-09 13:30:00,778.26,1.297
2024-12-09 14:00:00,778.32,1.291
2024-12-09 14:30:00,778.52,1.286
2024-12-09 15:00:00,778.67,1.277
2024-12-09 15:30:00,778.69,1.272
2024-12-09 16:00:00,778.82,1.267
2024-12-09 16:30:00,779.01,1.26
2024-12-09 17:00:00,779.0,1.255
2024-12-09 17:30:00,779.0,1.258
2024-12-09 18:00:00,779.06,1.264
2024-12-09 18:30:00,779.03,1.276
2024-12-09 19:00:00,778.79,1.286
2024-12-09 19:30:00,778.46,1.298
2024-12-09 20:00:00,778.28,1.307
2024-12-09 20:30:00,778.23,1.319
2024-12-09 21:00:00,778.12,1.331
2024-12-09 21:30:00,778.2,1.346
2024-12-09 22:00:00,778.14,1.357
2024-12-09 22:30:00,778.28,1.373
2024-12-09 23:00:00,778.55,1.387
2024-12-09 23:30:00,778.9,1.397
2024-12-10 00:00:00,779.29,1.401
2024-12-10 00:30:00,779.21,1.402
2024-12-10 01:00:00,779.51,1.395
2024-12-10 01:30:00,779.85,1.388
2024-12-10 02:00:00,780.08,1.382
2024-12-10 02:30:00,779.99,1.373
2024-12-10 03:00:00,780.05,1.367
2024-12-10 03:30:00,780.06,1.358
2024-12-10 04:00:00,780.3,1.351
2024-12-10 04:30:00,780.52,1.344
2024-12-10 05:00:00,780.67,1.339
2024-12-10 05:30:00,780.91,1.333
2024-12-10 06:00:00,781.18,1.325
2024-12-10 06:30:00,781.37,1.314
2024-12-10 07:00:00,781.83,1.31
2024-12-10 07:30:00,782.05,1.305
2024-12-10 08:00:00,781.96,1.3
2024-12-10 08:30:00,781.96,1.293
2024-12-10 09:00:00,782.01,1.286
2024-12-10 09:30:00,782.35,1.278
2024-12-10 10:00:00,782.81,1.271
2024-12-10 10:30:00,782.98,1.264
2024-12-10 11:00:00,783.15,1.258
2024-12-10 11:30:00,783.07,1.254
2024-12-10 12:00:00,783.04,1.249
2024-12-10 12:30:00,783.21,1.241
2024-12-10 13:00:00,783.35,1.235
2024-12-10 13:30:00,783.52,1.23
2024-12-10 14:00:00,783.67,1.228
2024-12-10 14:30:00,783.91,1.216
2024-12-10 15:00:00,784.04,1.214
2024-12-10 15:30:00,784.03,1.208
2024-12-10 16:00:00,784.33,1.2
2024-12-10 16:30:00,784.48,1.196
2024-12-10 17:00:00,784.48,1.192
2024-12-10 17:30:00,784.57,1.198
2024-12-10 18:00:00,784.53,1.206
2024-12-10 18:30:00,784.35,1.218
2024-12-10 19:00:00,783.99,1.232
2024-12-10 19:30:00,783.5,1.243
2024-12-10 20:00:00,783.13,1.254
2024-12-10 20:30:00,782.93,1.274
2024-12-10 21:00:00,782.72,1.289
2024-12-10 21:30:00,782.88,1.307
2024-12-10 22:00:00,782.86,1.327
2024-12-10 22:30:00,782.97,1.344
2024-12-10 23:00:00,783.01,1.359
2024-12-10 23:30:00,783.09,1.371
2024-12-11 00:00:00,783.17,1.376
2024-12-11 00:30:00,783.15,1.373
2024-12-11 01:00:00,783.4,1.364
2024-12-11 01:30:00,783.35,1.356
2024-12-11 02:00:00,783.35,1.348
2024-12-11 02:30:00,783.27,1.337
2024-12-11 03:00:00,783.17,1.331
2024-12-11 03:30:00,783.19,1.322
2024-12-11 04:00:00,783.3,1.314
2024-12-11 04:30:00,783.31,1.306
2024-12-11 05:00:00,783.28,1.296
2024-12-11 05:30:00,783.27,1.287
2024-12-11 06:00:00,783.3,1.277
2024-12-11 06:30:00,783.3,1.271
2024-12-11 07:00:00,783.27,1.263
2024-12-11 07:30:00,783.18,1.254
2024-12-11 08:00:00,782.99,1.244
2024-12-11 08:30:00,782.81,1.238
2024-12-11 09:00:00,782.68,1.234
2024-12-11 09:30:00,782.52,1.224
2024-12-11 10:00:00,782.51,1.218
2024-12-11 10:30:00,782.26,1.21
2024-12-11 11:00:00,782.02,1.205
2024-12-11 11:30:00,781.74,1.199
2024-12-11 12:00:00,781.71,1.194
2024-12-11 12:30:00,781.51,1.187
2024-12-11 13:00:00,781.53,1.18
2024-12-11 13:30:00,781.75,1.177
2024-12-11 14:00:00,781.63,1.171
2024-12-11 14:30:00,781.47,1.167
2024-12-11 15:00:00,781.33,1.162
2024-12-11 15:30:00,781.09,1.157
2024-12-11 16:00:00,780.97,1.151
2024-12-11 16:30:00,780.99,1.146
2024-12-11 17:00:00,780.76,1.145
2024-12-11 17:30:00,780.62,1.146
2024-12-11 18:00:00,780.51,1.155
2024-12-11 18:30:00,780.24,1.168
2024-12-11 19:00:00,779.73,1.182
2024-12-11 19:30:00,779.26,1.194
2024-12-11 20:00:00,778.81,1.209
2024-12-11 20:30:00,778.54,1.229
2024-12-11 21:00:00,778.2,1.246
2024-12-11 21:30:00,778.02,1.267
2024-12-11 22:00:00,777.69,1.286
2024-12-11 22:30:00,777.51,1.301
2024-12-11 23:00:00,777.47,1.315
2024-12-11 23:30:00,777.41,1.328
2024-12-12 00:00:00,777.39,1.331
2024-12-12 00:30:00,777.3,1.332
2024-12-12 01:00:00,777.18,1.324
2024-12-12 01:30:00,776.91,1.316
2024-12-12 02:00:00,776.77,1.308
2024-12-12 02:30:00,776.44,1.299
2024-12-12 03:00:00,776.09,1.288
2024-12-12 03:30:00,775.92,1.279
2024-12-12 04:00:00,775.59,1.271
2024-12-12 04:30:00,775.25,1.26
2024-12-12 05:00:00,774.82,1.249
2024-12-12 05:30:00,774.55,1.241
2024-12-12 06:00:00,774.04,1.229
2024-12-12 06:30:00,773.67,1.221
2024-12-12 07:00:00,773.35,1.214
2024-12-12 07:30:00,772.61,1.206
2024-12-12 08:00:00,772.02,1.197
2024-12-12 08:30:00,771.78,1.197
2024-12-12 09:00:00,771.47,1.195
2024-12-12 09:30:00,771.05,1.196
2024-12-12 10:00:00,770.81,1.195
2024-12-12 10:30:00,770.6,1.198
2024-12-12 11:00:00,770.39,1.197
2024-12-12 11:30:00,769.58,1.195
2024-12-12 12:00:00,769.07,1.195
2024-12-12 12:30:00,768.6,1.195
2024-12-12 13:00:00,768.45,1.194
2024-12-12 13:30:00,768.41,1.193
2024-12-12 14:00:00,768.09,1.193
2024-12-12 14:30:00,767.72,1.19
2024-12-12 15:00:00,767.57,1.188
2024-12-12 15:30:00,766.87,1.185
2024-12-12 16:00:00,766.07,1.183
2024-12-12 16:30:00,766.38,1.18
2024-12-12 17:00:00,766.75,1.18
2024-12-12 17:30:00,767.09,1.177
2024-12-12 18:00:00,767.47,1.176
2024-12-12 18:30:00,767.85,1.175
2024-12-12 19:00:00,767.13,1.174
2024-12-12 19:30:00,766.72,1.176
2024-12-12 20:00:00,766.84,1.177
2024-12-12 20:30:00,766.91,1.18
2024-12-12 21:00:00,767.03,1.182
2024-12-12 21:30:00,767.07,1.184
2024-12-12 22:00:00,767.22,1.185
2024-12-12 22:30:00,767.42,1.187
2024-12-12 23:00:00,767.64,1.188
2024-12-12 23:30:00,767.94,1.19
2024-12-13 00:00:00,768.01,1.192
2024-12-13 00:30:00,768.1,1.192
2024-12-13 01:00:00,768.27,1.192
2024-12-13 01:30:00,768.33,1.192
2024-12-13 02:00:00,768.52,1.19
2024-12-13 02:30:00,768.73,1.188
2024-12-13 03:00:00,768.93,1.188
2024-12-13 03:30:00,768.86,1.188
2024-12-13 04:00:00,768.86,1.188
2024-12-13 04:30:00,768.98,1.186
2024-12-13 05:00:00,768.98,1.185
2024-12-13 05:30:00,769.1,1.184
2024-12-13 06:00:00,769.05,1.183
2024-12-13 06:30:00,769.36,1.182
2024-12-13 07:00:00,769.53,1.181
2024-12-13 07:30:00,770.02,1.179
2024-12-13 08:00:00,769.98,1.177
2024-12-13 08:30:00,770.15,1.176
2024-12-13 09:00:00,770.7,1.176
2024-12-13 09:30:00,771.17,1.174
2024-12-13 10:00:00,771.23,1.172
2024-12-13 10:30:00,771.71,1.17
2024-12-13 11:00:00,771.82,1.166
2024-12-13 11:30:00,772.27,1.166
2024-12-13 12:00:00,772.36,1.166
2024-12-13 12:30:00,772.42,1.164
2024-12-13 13:00:00,772.24,1.16
2024-12-13 13:30:00,772.63,1.16
2024-12-13 14:00:00,772.62,1.157
2024-12-13 14:30:00,772.74,1.153
2024-12-13 15:00:00,772.55,1.151
2024-12-13 15:30:00,773.19,1.147
2024-12-13 16:00:00,773.81,1.144
2024-12-13 16:30:00,773.88,1.139
2024-12-13 17:00:00,774.26,1.136
2024-12-13 17:30:00,774.59,1.134
2024-12-13 18:00:00,775.23,1.131
2024-12-13 18:30:00,775.36,1.131
2024-12-13 19:00:00,775.3,1.132
2024-12-13 19:30:00,775.25,1.13
2024-12-13 20:00:00,775.11,1.133
2024-12-13 20:30:00,774.9,1.132
2024-12-13 21:00:00,774.85,1.133
2024-12-13 21:30:00,774.78,1.134
2024-12-13 22:00:00,774.54,1.135
2024-12-13 22:30:00,774.75,1.137
2024-12-13 23:00:00,775.25,1.135
2024-12-13 23:30:00,775.36,1.137
2024-12-14 00:00:00,775.32,1.137
2024-12-14 00:30:00,775.75,1.138
2024-12-14 01:00:00,775.75,1.14
2024-12-14 01:30:00,775.79,1.14
2024-12-14 02:00:00,775.85,1.138
2024-12-14 02:30:00,775.79,1.138
2024-12-14 03:00:00,775.77,1.139
2024-12-14 03:30:00,775.79,1.138
2024-12-14 04:00:00,775.84,1.139
2024-12-14 04:30:00,775.71,1.14
2024-12-14 05:00:00,775.55,1.139
2024-12-14 05:30:00,775.22,1.139
2024-12-14 06:00:00,774.87,1.139
2024-12-14 06:30:00,774.37,1.139
2024-12-14 07:00:00,774.26,1.14
2024-12-14 07:30:00,774.03,1.138
2024-12-14 08:00:00,773.78,1.139
2024-12-14 08:30:00,773.97,1.139
2024-12-14 09:00:00,774.45,1.139
2024-12-14 09:30:00,774.56,1.137
2024-12-14 10:00:00,774.92,1.14
2024-12-14 10:30:00,775.23,1.136
2024-12-14 11:00:00,775.41,1.137
2024-12-14 11:30:00,775.54,1.137
2024-12-14 12:00:00,774.41,1.135
2024-12-14 12:30:00,773.55,1.131
2024-12-14 13:00:00,772.94,1.134
2024-12-14 13:30:00,772.58,1.131
2024-12-14 14:00:00,771.89,1.131
2024-12-14 14:30:00,771.24,1.13
2024-12-14 15:00:00,771.28,1.13
2024-12-14 15:30:00,771.09,1.13
2024-12-14 16:00:00,771.19,1.129
2024-12-14 16:30:00,771.16,1.129
2024-12-14 17:00:00,770.26,1.13
2024-12-14 17:30:00,770.23,1.129
2024-12-14 18:00:00,769.85,1.129
2024-12-14 18:30:00,769.71,1.127
2024-12-14 19:00:00,769.45,1.126
2024-12-14 19:30:00,768.96,1.126
2024-12-14 20:00:00,769.59,1.125
2024-12-14 20:30:00,768.93,1.125
2024-12-14 21:00:00,769.33,1.125
2024-12-14 21:30:00,769.61,1.124
2024-12-14 22:00:00,770.37,1.124
2024-12-14 22:30:00,770.92,1.122
2024-12-14 23:00:00,771.82,1.121
2024-12-14 23:30:00,772.29,1.117
2024-12-15 00:00:00,773.34,1.118
2024-12-15 00:30:00,774.17,1.115
2024-12-15 01:00:00,774.82,1.113
2024-12-15 01:30:00,775.49,1.113
2024-12-15 02:00:00,775.71,1.115
2024-12-15 02:30:00,775.79,1.113
2024-12-15 03:00:00,775.61,1.112
2024-12-15 03:30:00,775.73,1.113
2024-12-15 04:00:00,775.71,1.116
2024-12-15 04:30:00,775.68,1.116
2024-12-15 05:00:00,776.01,1.116
2024-12-15 05:30:00,776.31,1.115
2024-12-15 06:00:00,776.5,1.116
2024-12-15 06:30:00,776.95,1.116
2024-12-15 07:00:00,777.03,1.116
2024-12-15 07:30:00,776.92,1.115
2024-12-15 08:00:00,776.77,1.115
2024-12-15 08:30:00,776.64,1.115
2024-12-15 09:00:00,776.69,1.114
2024-12-15 09:30:00,776.79,1.113
2024-12-15 10:00:00,777.23,1.112
2024-12-15 10:30:00,777.53,1.112
2024-12-15 11:00:00,777.44,1.112
2024-12-15 11:30:00,777.49,1.113
2024-12-15 12:00:00,777.66,1.109
2024-12-15 12:30:00,777.61,1.11
2024-12-15 13:00:00,777.62,1.109
2024-12-15 13:30:00,777.59,1.109
2024-12-15 14:00:00,777.96,1.109
2024-12-15 14:30:00,778.28,1.108
2024-12-15 15:00:00,778.27,1.107
2024-12-15 15:30:00,778.38,1.106
2024-12-15 16:00:00,778.36,1.106
2024-12-15 16:30:00,778.5,1.105
2024-12-15 17:00:00,778.63,1.106
2024-12-15 17:30:00,778.66,1.106
2024-12-15 18:00:00,778.65,1.103
2024-12-15 18:30:00,778.42,1.104
2024-12-15 19:00:00,778.47,1.104
2024-12-15 19:30:00,778.53,1.103
2024-12-15 20:00:00,778.38,1.102
2024-12-15 20:30:00,778.5,1.103
2024-12-15 21:00:00,778.38,1.102
2024-12-15 21:30:00,778.3,1.102
2024-12-15 22:00:00,778.44,1.103
2024-12-15 22:30:00,778.71,1.099
2024-12-15 23:00:00,778.75,1.101
2024-12-15 23:30:00,778.96,1.101
2024-12-16 00:00:00,779.01,1.102
2024-12-16 00:30:00,778.95,1.101
2024-12-16 01:00:00,779.22,1.099
2024-12-16 01:30:00,779.49,1.1
2024-12-16 02:00:00,779.77,1.1
2024-12-16 02:30:00,780.19,1.098
2024-12-16 03:00:00,780.35,1.099
2024-12-16 03:30:00,780.24,1.099
2024-12-16 04:00:00,780.27,1.097
2024-12-16 04:30:00,780.37,1.096
2024-12-16 05:00:00,780.6,1.096
2024-12-16 05:30:00,780.86,1.095
2024-12-16 06:00:00,781.11,1.095
2024-12-16 06:30:00,781.05,1.092
2024-12-16 07:00:00,780.74,1.093
2024-12-16 07:30:00,780.9,1.094
2024-12-16 08:00:00,780.76,1.092
2024-12-16 08:30:00,780.6,1.092
2024-12-16 09:00:00,780.57,1.091
2024-12-16 09:30:00,780.97,1.09
2024-12-16 10:00:00,780.88,1.091
2024-12-16 10:30:00,780.82,1.09
2024-12-16 11:00:00,780.78,1.09
2024-12-16 11:30:00,780.52,1.088
2024-12-16 12:00:00,780.4,1.089
2024-12-16 12:30:00,780.4,1.087
2024-12-16 13:00:00,780.37,1.086
2024-12-16 13:30:00,780.06,1.087
2024-12-16 14:00:00,779.96,1.085
2024-12-16 14:30:00,779.92,1.087
2024-12-16 15:00:00,779.92,1.086
2024-12-16 15:30:00,779.9,1.084
2024-12-16 16:00:00,780.21,1.084
2024-12-16 16:30:00,780.52,1.084
2024-12-16 17:00:00,780.6,1.085
2024-12-16 17:30:00,780.04,1.083
2024-12-16 18:00:00,780.37,1.084
2024-12-16 18:30:00,780.56,1.081
2024-12-16 19:00:00,780.26,1.081
2024-12-16 19:30:00,779.82,1.082
2024-12-16 20:00:00,779.32,1.081
2024-12-16 20:30:00,778.77,1.079
2024-12-16 21:00:00,778.4,1.078
2024-12-16 21:30:00,778.14,1.079
2024-12-16 22:00:00,779.55,1.079
2024-12-16 22:30:00,779.83,1.077
2024-12-16 23:00:00,779.4,1.075
2024-12-16 23:30:00,779.87,1.076
2024-12-17 00:00:00,780.08,1.074
2024-12-17 00:30:00,780.04,1.071
2024-12-17 01:00:00,779.8,1.071
2024-12-17 01:30:00,779.84,1.071
2024-12-17 02:00:00,779.99,1.071
2024-12-17 02:30:00,780.02,1.068
2024-12-17 03:00:00,779.86,1.067
2024-12-17 03:30:00,779.93,1.068
2024-12-17 04:00:00,780.27,1.069
2024-12-17 04:30:00,780.15,1.068
2024-12-17 05:00:00,780.49,1.067
2024-12-17 05:30:00,780.39,1.069
2024-12-17 06:00:00,780.53,1.066
2024-12-17 06:30:00,780.73,1.066
2024-12-17 07:00:00,781.38,1.064
2024-12-17 07:30:00,781.67,1.064
2024-12-17 08:00:00,781.77,1.062
2024-12-17 08:30:00,782.17,1.063
2024-12-17 09:00:00,782.27,1.06
2024-12-17 09:30:00,782.11,1.06
2024-12-17 10:00:00,782.38,1.06
2024-12-17 10:30:00,782.48,1.06
2024-12-17 11:00:00,782.5,1.058
2024-12-17 11:30:00,782.49,1.058
2024-12-17 12:00:00,782.61,1.057
2024-12-17 12:30:00,782.58,1.058
2024-12-17 13:00:00,782.47,1.056
2024-12-17 13:30:00,782.51,1.058
2024-12-17 14:00:00,782.86,1.058
2024-12-17 14:30:00,782.99,1.059
2024-12-17 15:00:00,783.12,1.06
2024-12-17 15:30:00,783.16,1.059
2024-12-17 16:00:00,783.63,1.058
2024-12-17 16:30:00,783.99,1.057
2024-12-17 17:00:00,784.37,1.058
2024-12-17 17:30:00,784.68,1.057
2024-12-17 18:00:00,784.97,1.058
2024-12-17 18:30:00,784.98,1.057
2024-12-17 19:00:00,784.98,1.057
2024-12-17 19:30:00,784.57,1.058
2024-12-17 20:00:00,784.56,1.058
2024-12-17 20:30:00,784.15,1.057
2024-12-17 21:00:00,783.79,1.059
2024-12-17 21:30:00,784.17,1.056
2024-12-17 22:00:00,784.21,1.058
2024-12-17 22:30:00,784.17,1.06
2024-12-17 23:00:00,784.18,1.06
2024-12-17 23:30:00,784.48,1.059
2024-12-18 00:00:00,784.61,1.059
2024-12-18 00:30:00,784.82,1.061
2024-12-18 01:00:00,785.19,1.061
2024-12-18 01:30:00,785.64,1.062
2024-12-18 02:00:00,786.01,1.059
2024-12-18 02:30:00,786.2,1.063
2024-12-18 03:00:00,786.28,1.061
2024-12-18 03:30:00,786.41,1.062
2024-12-18 04:00:00,786.32,1.061
2024-12-18 04:30:00,786.21,1.06
2024-12-18 05:00:00,786.17,1.062
2024-12-18 05:30:00,786.32,1.061
2024-12-18 06:00:00,786.38,1.06
2024-12-18 06:30:00,786.34,1.057
2024-12-18 07:00:00,786.34,1.057
2024-12-18 07:30:00,786.35,1.058
2024-12-18 08:00:00,786.32,1.058
2024-12-18 08:30:00,786.39,1.057
2024-12-18 09:00:00,786.45,1.056
2024-12-18 09:30:00,786.53,1.055
2024-12-18 10:00:00,786.72,1.054
2024-12-18 10:30:00,786.9,1.052
2024-12-18 11:00:00,786.86,1.052
2024-12-18 11:30:00,786.8,1.054
2024-12-18 12:00:00,786.83,1.052
2024-12-18 12:30:00,786.8,1.051
2024-12-18 13:00:00,786.98,1.048
2024-12-18 13:30:00,787.05,1.05
2024-12-18 14:00:00,787.09,1.047
2024-12-18 14:30:00,787.22,1.047
2024-12-18 15:00:00,787.4,1.045
2024-12-18 15:30:00,787.57,1.043
2024-12-18 16:00:00,787.68,1.043
2024-12-18 16:30:00,787.72,1.044
2024-12-18 17:00:00,787.84,1.044
2024-12-18 17:30:00,787.89,1.043
2024-12-18 18:00:00,787.85,1.041
2024-12-18 18:30:00,787.56,1.041
2024-12-18 19:00:00,787.17,1.041
2024-12-18 19:30:00,786.74,1.039
2024-12-18 20:00:00,786.32,1.038
2024-12-18 20:30:00,785.89,1.041
2024-12-18 21:00:00,785.51,1.04
2024-12-18 21:30:00,785.34,1.04
2024-12-18 22:00:00,785.12,1.041
2024-12-18 22:30:00,785.14,1.042
2024-12-18 23:00:00,785.17,1.045
2024-12-18 23:30:00,785.23,1.046
2024-12-19 00:00:00,785.19,1.05
2024-12-19 00:30:00,785.5,1.052
2024-12-19 01:00:00,785.64,1.051
2024-12-19 01:30:00,785.84,1.052
2024-12-19 02:00:00,785.86,1.051
2024-12-19 02:30:00,785.91,1.051
2024-12-19 03:00:00,786.07,1.051
2024-12-19 03:30:00,786.24,1.049
2024-12-19 04:00:00,786.31,1.05
2024-12-19 04:30:00,786.32,1.048
2024-12-19 05:00:00,786.58,1.049
2024-12-19 05:30:00,786.54,1.047
2024-12-19 06:00:00,786.6,1.047
2024-12-19 06:30:00,786.61,1.046
2024-12-19 07:00:00,786.72,1.046
2024-12-19 07:30:00,786.65,1.044
2024-12-19 08:00:00,786.43,1.043
2024-12-19 08:30:00,786.16,1.042
2024-12-19 09:00:00,786.15,1.042
2024-12-19 09:30:00,786.07,1.04
2024-12-19 10:00:00,786.08,1.039
2024-12-19 10:30:00,786.13,1.039
2024-12-19 11:00:00,785.98,1.038
2024-12-19 11:30:00,785.9,1.037
2024-12-19 12:00:00,785.78,1.037
2024-12-19 12:30:00,785.65,1.035
2024-12-19 13:00:00,785.62,1.034
2024-12-19 13:30:00,785.72,1.031
2024-12-19 14:00:00,785.87,1.033
2024-12-19 14:30:00,786.1,1.032
2024-12-19 15:00:00,786.42,1.03
2024-12-19 15:30:00,786.56,1.03
2024-12-19 16:00:00,786.77,1.026
2024-12-19 16:30:00,786.85,1.027
2024-12-19 17:00:00,786.82,1.024
2024-12-19 17:30:00,786.91,1.026
2024-12-19 18:00:00,786.89,1.024
2024-12-19 18:30:00,786.69,1.024
2024-12-19 19:00:00,786.51,1.023
2024-12-19 19:30:00,786.14,1.021
2024-12-19 20:00:00,785.87,1.022
2024-12-19 20:30:00,785.47,1.023
2024-12-19 21:00:00,785.18,1.024
2024-12-19 21:30:00,784.9,1.026
2024-12-19 22:00:00,784.75,1.032
2024-12-19 22:30:00,784.57,1.034
2024-12-19 23:00:00,784.84,1.038
2024-12-19 23:30:00,784.91,1.041
2024-12-20 00:00:00,784.89,1.045
2024-12-20 00:30:00,785.01,1.044
2024-12-20 01:00:00,785.0,1.046
2024-12-20 01:30:00,785.07,1.044
2024-12-20 02:00:00,785.08,1.047
2024-12-20 02:30:00,785.23,1.045
2024-12-20 03:00:00,785.24,1.045
2024-12-20 03:30:00,785.3,1.043
2024-12-20 04:00:00,785.36,1.042
2024-12-20 04:30:00,785.34,1.038
2024-12-20 05:00:00,785.47,1.04
2024-12-20 05:30:00,785.55,1.039
2024-12-20 06:00:00,785.67,1.037
2024-12-20 06:30:00,785.73,1.034
2024-12-20 07:00:00,785.85,1.033
2024-12-20 07:30:00,785.73,1.031
2024-12-20 08:00:00,785.63,1.03
2024-12-20 08:30:00,785.56,1.028
2024-12-20 09:00:00,785.68,1.026
2024-12-20 09:30:00,785.75,1.026
2024-12-20 10:00:00,785.84,1.023
2024-12-20 10:30:00,785.85,1.023
2024-12-20 11:00:00,786.02,1.021
2024-12-20 11:30:00,786.01,1.019
2024-12-20 12:00:00,785.9,1.018
2024-12-20 12:30:00,785.8,1.016
2024-12-20 13:00:00,785.71,1.016
2024-12-20 13:30:00,785.69,1.014
2024-12-20 14:00:00,785.81,1.013
2024-12-20 14:30:00,785.92,1.01
2024-12-20 15:00:00,786.09,1.009
2024-12-20 15:30:00,786.29,1.007
2024-12-20 16:00:00,786.49,1.007
2024-12-20 16:30:00,786.72,1.005
2024-12-20 17:00:00,786.81,1.004
2024-12-20 17:30:00,786.91,1.003
2024-12-20 18:00:00,786.84,1.001
2024-12-20 18:30:00,786.62,1.001
2024-12-20 19:00:00,786.22,0.998
2024-12-20 19:30:00,785.87,0.999
2024-12-20 20:00:00,785.39,0.998
2024-12-20 20:30:00,785.26,1.002
2024-12-20 21:00:00,784.98,1.004
2024-12-20 21:30:00,784.77,1.011
2024-12-20 22:00:00,784.79,1.017
2024-12-20 22:30:00,785.08,1.019
2024-12-20 23:00:00,785.01,1.027
2024-12-20 23:30:00,785.12,1.031
2024-12-21 00:00:00,785.34,1.03
2024-12-21 00:30:00,785.51,1.03
2024-12-21 01:00:00,785.67,1.033
2024-12-21 01:30:00,785.81,1.031
2024-12-21 02:00:00,786.15,1.029
2024-12-21 02:30:00,786.32,1.028
2024-12-21 03:00:00,786.45,1.026
2024-12-21 03:30:00,786.39,1.026
2024-12-21 04:00:00,786.4,1.023
2024-12-21 04:30:00,786.39,1.021
2024-12-21 05:00:00,786.3,1.02
2024-12-21 05:30:00,786.27,1.019
2024-12-21 06:00:00,786.24,1.015
2024-12-21 06:30:00,786.11,1.013
2024-12-21 07:00:00,785.61,1.012
2024-12-21 07:30:00,785.75,1.008
2024-12-21 08:00:00,785.79,1.007
2024-12-21 08:30:00,785.54,1.005
2024-12-21 09:00:00,785.52,1.004
2024-12-21 09:30:00,785.66,1.004
2024-12-21 10:00:00,785.3,1.003
2024-12-21 10:30:00,785.58,1.0
2024-12-21 11:00:00,785.38,0.999
2024-12-21 11:30:00,785.46,0.997
2024-12-21 12:00:00,785.32,0.995
2024-12-21 12:30:00,785.13,0.994
2024-12-21 13:00:00,785.41,0.994
2024-12-21 13:30:00,785.55,0.99
2024-12-21 14:00:00,785.27,0.99
2024-12-21 14:30:00,785.15,0.986
2024-12-21 15:00:00,785.24,0.987
2024-12-21 15:30:00,785.3,0.985
2024-12-21 16:00:00,785.53,0.984
2024-12-21 16:30:00,785.58,0.981
2024-12-21 17:00:00,785.3,0.98
2024-12-21 17:30:00,785.67,0.979
2024-12-21 18:00:00,786.07,0.976
2024-12-21 18:30:00,786.08,0.975
2024-12-21 19:00:00,785.88,0.973
2024-12-21 19:30:00,785.83,0.973
2024-12-21 20:00:00,785.53,0.971
2024-12-21 20:30:00,785.46,0.974
2024-12-21 21:00:00,785.25,0.973
2024-12-21 21:30:00,785.15,0.975
2024-12-21 22:00:00,785.28,0.978
2024-12-21 22:30:00,784.88,0.979
2024-12-21 23:00:00,785.18,0.981
2024-12-21 23:30:00,785.53,0.979
2024-12-22 00:00:00,785.57,0.981
2024-12-22 00:30:00,785.69,0.98
2024-12-22 01:00:00,785.48,0.98
2024-12-22 01:30:00,785.47,0.978
2024-12-22 02:00:00,785.56,0.978
2024-12-22 02:30:00,785.79,0.975
2024-12-22 03:00:00,785.94,0.974
2024-12-22 03:30:00,786.09,0.972
2024-12-22 04:00:00,786.03,0.971
2024-12-22 04:30:00,786.02,0.972
2024-12-22 05:00:00,786.18,0.968
2024-12-22 05:30:00,786.19,0.968
2024-12-22 06:00:00,786.06,0.965
2024-12-22 06:30:00,786.03,0.966
2024-12-22 07:00:00,785.9,0.964
2024-12-22 07:30:00,785.87,0.964
2024-12-22 08:00:00,785.69,0.961
2024-12-22 08:30:00,785.62,0.96
2024-12-22 09:00:00,785.24,0.959
2024-12-22 09:30:00,785.35,0.96
2024-12-22 10:00:00,785.42,0.96
2024-12-22 10:30:00,785.32,0.956
2024-12-22 11:00:00,785.37,0.956
2024-12-22 11:30:00,785.29,0.956
2024-12-22 12:00:00,785.22,0.954
2024-12-22 12:30:00,785.23,0.953
2024-12-22 13:00:00,785.18,0.951
2024-12-22 13:30:00,785.3,0.949
2024-12-22 14:00:00,785.35,0.95
2024-12-22 14:30:00,785.18,0.948
2024-12-22 15:00:00,785.35,0.948
2024-12-22 15:30:00,785.72,0.946
2024-12-22 16:00:00,786.15,0.946
2024-12-22 16:30:00,786.59,0.944
2024-12-22 17:00:00,786.81,0.94
2024-12-22 17:30:00,787.47,0.94
2024-12-22 18:00:00,787.99,0.939
2024-12-22 18:30:00,788.35,0.936
2024-12-22 19:00:00,788.2,0.93
2024-12-22 19:30:00,787.88,0.929
2024-12-22 20:00:00,787.68,0.928
2024-12-22 20:30:00,787.92,0.928
2024-12-22 21:00:00,787.76,0.926
2024-12-22 21:30:00,787.36,0.928
2024-12-22 22:00:00,787.0,0.93
2024-12-22 22:30:00,787.26,0.932
2024-12-22 23:00:00,787.42,0.934
2024-12-22 23:30:00,788.22,0.935
2024-12-23 00:00:00,789.36,0.935
2024-12-23 00:30:00,789.52,0.937
2024-12-23 01:00:00,789.92,0.937
2024-12-23 01:30:00,789.89,0.934
2024-12-23 02:00:00,789.86,0.933
2024-12-23 02:30:00,789.72,0.934
2024-12-23 03:00:00,789.85,0.931
2024-12-23 03:30:00,789.7,0.931
2024-12-23 04:00:00,789.65,0.93
2024-12-23 04:30:00,789.77,0.929
2024-12-23 05:00:00,789.89,0.927
2024-12-23 05:30:00,789.86,0.925
2024-12-23 06:00:00,789.28,0.925
2024-12-23 06:30:00,789.5,0.923
2024-12-23 07:00:00,789.24,0.924
2024-12-23 07:30:00,789.2,0.923
2024-12-23 08:00:00,789.05,0.922
2024-12-23 08:30:00,788.99,0.921
2024-12-23 09:00:00,788.63,0.921
2024-12-23 09:30:00,788.56,0.921
2024-12-23 10:00:00,788.3,0.92
2024-12-23 10:30:00,788.51,0.92
2024-12-23 11:00:00,788.12,0.918
2024-12-23 11:30:00,788.19,0.92
2024-12-23 12:00:00,787.78,0.919
2024-12-23 12:30:00,787.53,0.918
2024-12-23 13:00:00,787.46,0.917
2024-12-23 13:30:00,787.63,0.916
2024-12-23 14:00:00,787.77,0.918
2024-12-23 14:30:00,787.84,0.915
2024-12-23 15:00:00,787.75,0.914
2024-12-23 15:30:00,787.73,0.914
2024-12-23 16:00:00,787.74,0.913
2024-12-23 16:30:00,787.61,0.913
2024-12-23 17:00:00,787.87,0.912
2024-12-23 17:30:00,787.77,0.914
2024-12-23 18:00:00,787.39,0.913
2024-12-23 18:30:00,787.58,0.913
2024-12-23 19:00:00,787.62,0.914
2024-12-23 19:30:00,787.17,0.911
2024-12-23 20:00:00,787.08,0.914
2024-12-23 20:30:00,786.52,0.916
2024-12-23 21:00:00,786.31,0.919
2024-12-23 21:30:00,786.13,0.924
2024-12-23 22:00:00,786.18,0.927
2024-12-23 22:30:00,785.97,0.929
2024-12-23 23:00:00,785.9,0.934
2024-12-23 23:30:00,786.08,0.936
2024-12-24 00:00:00,786.14,0.939
2024-12-24 00:30:00,785.81,0.941
2024-12-24 01:00:00,785.78,0.943
2024-12-24 01:30:00,785.9,0.945
2024-12-24 02:00:00,785.63,0.946
2024-12-24 02:30:00,785.74,0.944
2024-12-24 03:00:00,785.62,0.946
2024-12-24 03:30:00,785.47,0.946
2024-12-24 04:00:00,785.24,0.946
2024-12-24 04:30:00,785.16,0.946
2024-12-24 05:00:00,785.14,0.944
2024-12-24 05:30:00,785.08,0.946
2024-12-24 06:00:00,784.93,0.943
2024-12-24 06:30:00,784.91,0.943
2024-12-24 07:00:00,784.84,0.943
2024-12-24 07:30:00,784.39,0.94
2024-12-24 08:00:00,783.89,0.936
2024-12-24 08:30:00,783.55,0.938
2024-12-24 09:00:00,783.19,0.937
2024-12-24 09:30:00,782.81,0.933
2024-12-24 10:00:00,782.92,0.932
2024-12-24 10:30:00,782.12,0.931
2024-12-24 11:00:00,782.44,0.931
2024-12-24 11:30:00,781.55,0.928
2024-12-24 12:00:00,781.08,0.927
2024-12-24 12:30:00,781.06,0.924
2024-12-24 13:00:00,780.88,0.921
2024-12-24 13:30:00,780.48,0.92
2024-12-24 14:00:00,780.2,0.92
2024-12-24 14:30:00,779.97,0.919
2024-12-24 15:00:00,779.64,0.92
2024-12-24 15:30:00,779.25,0.916
2024-12-24 16:00:00,778.68,0.915
2024-12-24 16:30:00,778.18,0.913
2024-12-24 17:00:00,777.99,0.914
2024-12-24 17:30:00,777.39,0.911
2024-12-24 18:00:00,777.93,0.91
2024-12-24 18:30:00,778.59,0.91
2024-12-24 19:00:00,778.53,0.908
2024-12-24 19:30:00,777.7,0.907
2024-12-24 20:00:00,776.95,0.907
2024-12-24 20:30:00,776.15,0.906
2024-12-24 21:00:00,775.86,0.905
2024-12-24 21:30:00,775.83,0.906
2024-12-24 22:00:00,776.25,0.904
2024-12-24 22:30:00,776.59,0.904
2024-12-24 23:00:00,777.09,0.904
2024-12-24 23:30:00,776.74,0.902
2024-12-25 00:00:00,776.51,0.902
2024-12-25 00:30:00,776.14,0.902
2024-12-25 01:00:00,775.94,0.9
2024-12-25 01:30:00,776.5,0.898
2024-12-25 02:00:00,777.2,0.899
2024-12-25 02:30:00,777.47,0.898
2024-12-25 03:00:00,777.71,0.896
2024-12-25 03:30:00,777.91,0.896
2024-12-25 04:00:00,777.92,0.896
2024-12-25 04:30:00,777.83,0.895
2024-12-25 05:00:00,778.31,0.895
2024-12-25 05:30:00,778.24,0.892
2024-12-25 06:00:00,777.99,0.893
2024-12-25 06:30:00,777.95,0.893
2024-12-25 07:00:00,778.1,0.892
2024-12-25 07:30:00,778.4,0.891
2024-12-25 08:00:00,777.9,0.892
2024-12-25 08:30:00,777.35,0.889
2024-12-25 09:00:00,777.37,0.888
2024-12-25 09:30:00,777.8,0.888
2024-12-25 10:00:00,778.97,0.889
2024-12-25 10:30:00,778.76,0.887
2024-12-25 11:00:00,779.14,0.886
2024-12-25 11:30:00,779.19,0.885
2024-12-25 12:00:00,778.8,0.886
2024-12-25 12:30:00,779.0,0.886
2024-12-25 13:00:00,778.95,0.882
2024-12-25 13:30:00,778.85,0.882
2024-12-25 14:00:00,779.37,0.882
2024-12-25 14:30:00,779.81,0.882
2024-12-25 15:00:00,780.32,0.882
2024-12-25 15:30:00,780.18,0.879
2024-12-25 16:00:00,779.87,0.878
2024-12-25 16:30:00,779.94,0.877
2024-12-25 17:00:00,780.12,0.879
2024-12-25 17:30:00,779.92,0.876
2024-12-25 18:00:00,780.16,0.875
2024-12-25 18:30:00,780.15,0.874
2024-12-25 19:00:00,779.76,0.876
2024-12-25 19:30:00,779.34,0.874
2024-12-25 20:00:00,779.38,0.873
2024-12-25 20:30:00,779.66,0.872
2024-12-25 21:00:00,780.0,0.873
2024-12-25 21:30:00,779.77,0.873
2024-12-25 22:00:00,779.69,0.872
2024-12-25 22:30:00,779.98,0.874
2024-12-25 23:00:00,779.85,0.874
2024-12-25 23:30:00,780.18,0.872
2024-12-26 00:00:00,780.1,0.875
2024-12-26 00:30:00,780.36,0.876
2024-12-26 01:00:00,780.54,0.874
2024-12-26 01:30:00,780.51,0.873
2024-12-26 02:00:00,780.87,0.871
2024-12-26 02:30:00,781.16,0.874
2024-12-26 03:00:00,781.18,0.873
2024-12-26 03:30:00,781.21,0.872
2024-12-26 04:00:00,781.29,0.872
2024-12-26 04:30:00,782.02,0.871
2024-12-26 05:00:00,783.25,0.87
2024-12-26 05:30:00,783.22,0.87
2024-12-26 06:00:00,782.99,0.871
2024-12-26 06:30:00,782.85,0.869
2024-12-26 07:00:00,783.05,0.871
2024-12-26 07:30:00,782.94,0.869
2024-12-26 08:00:00,782.91,0.868
2024-12-26 08:30:00,782.2,0.869
2024-12-26 09:00:00,781.95,0.869
2024-12-26 09:30:00,783.23,0.867
2024-12-26 10:00:00,783.5,0.864
2024-12-26 10:30:00,783.19,0.867
2024-12-26 11:00:00,782.85,0.866
2024-12-26 11:30:00,782.02,0.867
2024-12-26 12:00:00,782.29,0.865
2024-12-26 12:30:00,782.2,0.864
2024-12-26 13:00:00,781.86,0.864
2024-12-26 13:30:00,781.7,0.864
2024-12-26 14:00:00,782.13,0.863
2024-12-26 14:30:00,782.26,0.863
2024-12-26 15:00:00,782.83,0.861
2024-12-26 15:30:00,782.35,0.863
2024-12-26 16:00:00,781.6,0.86
2024-12-26 16:30:00,781.67,0.859
2024-12-26 17:00:00,782.66,0.859
2024-12-26 17:30:00,783.1,0.857
2024-12-26 18:00:00,782.76,0.855
2024-12-26 18:30:00,782.3,0.856
2024-12-26 19:00:00,781.74,0.854
2024-12-26 19:30:00,782.1,0.856
2024-12-26 20:00:00,782.1,0.853
2024-12-26 20:30:00,781.83,0.852
2024-12-26 21:00:00,781.1,0.852
2024-12-26 21:30:00,781.87,0.851
2024-12-26 22:00:00,782.33,0.85
2024-12-26 22:30:00,781.65,0.845
2024-12-26 23:00:00,781.48,0.848
2024-12-26 23:30:00,781.57,0.847
2024-12-27 00:00:00,781.26,0.847
2024-12-27 00:30:00,781.47,0.846
2024-12-27 01:00:00,781.26,0.847
2024-12-27 01:30:00,781.36,0.846
2024-12-27 02:00:00,780.94,0.846
2024-12-27 02:30:00,781.16,0.846
2024-12-27 03:00:00,781.02,0.846
2024-12-27 03:30:00,780.5,0.846
2024-12-27 04:00:00,780.06,0.846
2024-12-27 04:30:00,779.71,0.845
2024-12-27 05:00:00,779.27,0.845
2024-12-27 05:30:00,778.99,0.845
2024-12-27 06:00:00,778.83,0.845
2024-12-27 06:30:00,779.23,0.846
2024-12-27 07:00:00,779.17,0.845
2024-12-27 07:30:00,778.98,0.845
2024-12-27 08:00:00,778.77,0.843
2024-12-27 08:30:00,778.56,0.843
2024-12-27 09:00:00,778.26,0.843
2024-12-27 09:30:00,778.06,0.843
2024-12-27 10:00:00,778.39,0.84
2024-12-27 10:30:00,778.16,0.84
2024-12-27 11:00:00,777.89,0.841
2024-12-27 11:30:00,777.96,0.841
2024-12-27 12:00:00,777.31,0.842
2024-12-27 12:30:00,776.7,0.841
2024-12-27 13:00:00,776.87,0.84
2024-12-27 13:30:00,777.48,0.838
2024-12-27 14:00:00,778.15,0.838
2024-12-27 14:30:00,778.43,0.837
2024-12-27 15:00:00,778.9,0.836
2024-12-27 15:30:00,779.23,0.834
2024-12-27 16:00:00,779.47,0.835
2024-12-27 16:30:00,779.91,0.834
2024-12-27 17:00:00,780.62,0.833
2024-12-27 17:30:00,780.97,0.832
2024-12-27 18:00:00,781.45,0.832
2024-12-27 18:30:00,781.57,0.835
2024-12-27 19:00:00,781.58,0.833
2024-12-27 19:30:00,781.48,0.836
2024-12-27 20:00:00,781.44,0.838
2024-12-27 20:30:00,781.47,0.843
2024-12-27 21:00:00,781.32,0.849
2024-12-27 21:30:00,781.62,0.855
2024-12-27 22:00:00,781.6,0.863
2024-12-27 22:30:00,781.58,0.869
2024-12-27 23:00:00,781.75,0.873
2024-12-27 23:30:00,781.73,0.875
2024-12-28 00:00:00,781.89,0.878
2024-12-28 00:30:00,782.22,0.882
2024-12-28 01:00:00,782.69,0.881
2024-12-28 01:30:00,782.75,0.882
2024-12-28 02:00:00,783.12,0.882
2024-12-28 02:30:00,782.86,0.882
2024-12-28 03:00:00,783.04,0.88
2024-12-28 03:30:00,783.22,0.88
2024-12-28 04:00:00,783.66,0.878
2024-12-28 04:30:00,783.72,0.875
2024-12-28 05:00:00,783.98,0.876
2024-12-28 05:30:00,784.05,0.874
2024-12-28 06:00:00,783.84,0.872
2024-12-28 06:30:00,783.77,0.87
2024-12-28 07:00:00,783.7,0.87
2024-12-28 07:30:00,783.72,0.869
2024-12-28 08:00:00,783.75,0.866
2024-12-28 08:30:00,783.62,0.865
2024-12-28 09:00:00,783.42,0.862
2024-12-28 09:30:00,783.44,0.862
2024-12-28 10:00:00,783.58,0.86
2024-12-28 10:30:00,783.48,0.859
2024-12-28 11:00:00,783.58,0.856
2024-12-28 11:30:00,783.47,0.854
2024-12-28 12:00:00,783.33,0.853
2024-12-28 12:30:00,783.51,0.853
2024-12-28 13:00:00,783.56,0.85
2024-12-28 13:30:00,783.8,0.849
2024-12-28 14:00:00,784.02,0.849
2024-12-28 14:30:00,784.21,0.846
2024-12-28 15:00:00,784.05,0.844
2024-12-28 15:30:00,784.02,0.844
2024-12-28 16:00:00,784.27,0.843
2024-12-28 16:30:00,784.54,0.84
2024-12-28 17:00:00,784.74,0.84
2024-12-28 17:30:00,784.87,0.839
2024-12-28 18:00:00,785.08,0.838
2024-12-28 18:30:00,784.98,0.834
2024-12-28 19:00:00,784.83,0.833
2024-12-28 19:30:00,784.57,0.831
2024-12-28 20:00:00,784.48,0.831
2024-12-28 20:30:00,784.35,0.828
2024-12-28 21:00:00,784.17,0.827
2024-12-28 21:30:00,783.99,0.828
2024-12-28 22:00:00,783.95,0.826
2024-12-28 22:30:00,783.98,0.826
2024-12-28 23:00:00,783.99,0.825
2024-12-28 23:30:00,784.05,0.824
2024-12-29 00:00:00,784.1,0.828
2024-12-29 00:30:00,784.08,0.826
2024-12-29 01:00:00,784.2,0.827
2024-12-29 01:30:00,784.24,0.826
2024-12-29 02:00:00,784.43,0.826
2024-12-29 02:30:00,784.43,0.826
2024-12-29 03:00:00,784.41,0.826
2024-12-29 03:30:00,784.51,0.825
2024-12-29 04:00:00,784.67,0.824
2024-12-29 04:30:00,784.76,0.825
2024-12-29 05:00:00,784.76,0.822
2024-12-29 05:30:00,784.62,0.821
2024-12-29 06:00:00,784.59,0.82
2024-12-29 06:30:00,784.6,0.819
2024-12-29 07:00:00,784.5,0.817
2024-12-29 07:30:00,784.42,0.816
2024-12-29 08:00:00,784.35,0.814
2024-12-29 08:30:00,784.22,0.812
2024-12-29 09:00:00,784.13,0.81
2024-12-29 09:30:00,783.99,0.809
2024-12-29 10:00:00,783.93,0.808
2024-12-29 10:30:00,784.03,0.807
2024-12-29 11:00:00,783.98,0.803
2024-12-29 11:30:00,783.51,0.803
2024-12-29 12:00:00,782.86,0.8
2024-12-29 12:30:00,782.41,0.799
2024-12-29 13:00:00,782.14,0.797
2024-12-29 13:30:00,782.09,0.796
2024-12-29 14:00:00,781.94,0.794
2024-12-29 14:30:00,781.7,0.792
2024-12-29 15:00:00,781.19,0.788
2024-12-29 15:30:00,781.39,0.787
2024-12-29 16:00:00,780.92,0.786
2024-12-29 16:30:00,780.5,0.784
2024-12-29 17:00:00,780.76,0.782
2024-12-29 17:30:00,780.76,0.778
2024-12-29 18:00:00,781.09,0.778
2024-12-29 18:30:00,781.01,0.777
2024-12-29 19:00:00,780.89,0.775
2024-12-29 19:30:00,780.67,0.774
2024-12-29 20:00:00,780.69,0.772
2024-12-29 20:30:00,780.71,0.769
2024-12-29 21:00:00,780.79,0.769
2024-12-29 21:30:00,780.81,0.766
2024-12-29 22:00:00,780.98,0.765
2024-12-29 22:30:00,781.03,0.765
2024-12-29 23:00:00,781.31,0.763
2024-12-29 23:30:00,781.78,0.762
2024-12-30 00:00:00,782.47,0.76
2024-12-30 00:30:00,782.81,0.759
2024-12-30 01:00:00,782.97,0.757
2024-12-30 01:30:00,783.25,0.758
2024-12-30 02:00:00,783.41,0.755
2024-12-30 02:30:00,783.48,0.755
2024-12-30 03:00:00,783.79,0.754
2024-12-30 03:30:00,783.96,0.755
2024-12-30 04:00:00,784.14,0.753
2024-12-30 04:30:00,784.18,0.753
2024-12-30 05:00:00,784.42,0.753
2024-12-30 05:30:00,784.55,0.753
2024-12-30 06:00:00,784.64,0.753
2024-12-30 06:30:00,784.8,0.751
2024-12-30 07:00:00,784.8,0.751
2024-12-30 07:30:00,784.8,0.752
2024-12-30 08:00:00,784.59,0.75
2024-12-30 08:30:00,784.54,0.751
2024-12-30 09:00:00,784.44,0.75
2024-12-30 09:30:00,784.58,0.751
2024-12-30 10:00:00,784.73,0.751
2024-12-30 10:30:00,784.7,0.75
2024-12-30 11:00:00,784.64,0.75
2024-12-30 11:30:00,784.45,0.75
2024-12-30 12:00:00,784.42,0.749
2024-12-30 12:30:00,784.33,0.748
2024-12-30 13:00:00,784.28,0.747
2024-12-30 13:30:00,784.25,0.748
2024-12-30 14:00:00,784.39,0.746
2024-12-30 14:30:00,784.58,0.747
2024-12-30 15:00:00,784.83,0.746
2024-12-30 15:30:00,784.95,0.745
2024-12-30 16:00:00,785.16,0.744
2024-12-30 16:30:00,785.29,0.744
2024-12-30 17:00:00,785.32,0.745
2024-12-30 17:30:00,785.41,0.744
2024-12-30 18:00:00,785.4,0.742
2024-12-30 18:30:00,785.01,0.742
2024-12-30 19:00:00,784.73,0.74
2024-12-30 19:30:00,784.34,0.74
2024-12-30 20:00:00,784.01,0.739
2024-12-30 20:30:00,783.82,0.741
2024-12-30 21:00:00,783.87,0.739
2024-12-30 21:30:00,783.76,0.74
2024-12-30 22:00:00,783.48,0.74
2024-12-30 22:30:00,783.61,0.74
2024-12-30 23:00:00,783.73,0.742
2024-12-30 23:30:00,783.77,0.741
2024-12-31 00:00:00,783.64,0.739
2024-12-31 00:30:00,783.5,0.739
2024-12-31 01:00:00,783.44,0.738
2024-12-31 01:30:00,783.18,0.739
2024-12-31 02:00:00,783.29,0.738
2024-12-31 02:30:00,783.24,0.738
2024-12-31 03:00:00,783.36,0.737
2024-12-31 03:30:00,783.63,0.736
2024-12-31 04:00:00,783.71,0.736
2024-12-31 04:30:00,783.66,0.734
2024-12-31 05:00:00,783.82,0.732
2024-12-31 05:30:00,783.91,0.732
2024-12-31 06:00:00,784.15,0.73
2024-12-31 06:30:00,783.99,0.729
2024-12-31 07:00:00,784.2,0.729
2024-12-31 07:30:00,784.41,0.727
2024-12-31 08:00:00,784.05,0.725
2024-12-31 08:30:00,784.0,0.725
2024-12-31 09:00:00,784.27,0.723
2024-12-31 09:30:00,784.43,0.722
2024-12-31 10:00:00,784.61,0.722
2024-12-31 10:30:00,784.82,0.72
2024-12-31 11:00:00,784.84,0.722
2024-12-31 11:30:00,784.94,0.72
2024-12-31 12:00:00,784.91,0.719
2024-12-31 12:30:00,784.82,0.715
2024-12-31 13:00:00,784.71,0.714
2024-12-31 13:30:00,785.04,0.713
2024-12-31 14:00:00,785.65,0.711
2024-12-31 14:30:00,785.8,0.71
2024-12-31 15:00:00,786.0,0.708
2024-12-31 15:30:00,786.39,0.707
2024-12-31 16:00:00,786.79,0.708
2024-12-31 16:30:00,786.78,0.707
2024-12-31 17:00:00,787.34,0.705
2024-12-31 17:30:00,787.63,0.704
2024-12-31 18:00:00,787.44,0.702
2024-12-31 18:30:00,787.17,0.702
2024-12-31 19:00:00,787.21,0.701
2024-12-31 19:30:00,786.98,0.7
2024-12-31 20:00:00,786.72,0.698
2024-12-31 20:30:00,786.67,0.7
2024-12-31 21:00:00,786.51,0.7
2024-12-31 21:30:00,786.51,0.7
2024-12-31 22:00:00,786.61,0.697
2024-12-31 22:30:00,786.61,0.699
2024-12-31 23:00:00,786.74,0.7
2024-12-31 23:30:00,786.95,0.7
2025-01-01 00:00:00,786.82,0.701
2025-01-01 00:30:00,786.95,0.7
2025-01-01 01:00:00,786.88,0.701
2025-01-01 01:30:00,786.88,0.7
2025-01-01 02:00:00,787.18,0.699
2025-01-01 02:30:00,787.42,0.698
2025-01-01 03:00:00,787.64,0.699
2025-01-01 03:30:00,787.52,0.698
2025-01-01 04:00:00,787.55,0.698
2025-01-01 04:30:00,787.75,0.697
2025-01-01 05:00:00,788.16,0.698
2025-01-01 05:30:00,787.87,0.695
2025-01-01 06:00:00,788.25,0.698
2025-01-01 06:30:00,788.06,0.694
2025-01-01 07:00:00,788.16,0.694
2025-01-01 07:30:00,788.3,0.694
2025-01-01 08:00:00,788.22,0.693
2025-01-01 08:30:00,788.12,0.693
2025-01-01 09:00:00,788.2,0.696
2025-01-01 09:30:00,788.39,0.691
2025-01-01 10:00:00,788.6,0.692
2025-01-01 10:30:00,788.67,0.69
2025-01-01 11:00:00,788.48,0.691
2025-01-01 11:30:00,788.4,0.69
2025-01-01 12:00:00,788.54,0.689
2025-01-01 12:30:00,788.7,0.687
2025-01-01 13:00:00,788.83,0.689
2025-01-01 13:30:00,788.8,0.688
2025-01-01 14:00:00,788.98,0.687
2025-01-01 14:30:00,789.39,0.685
2025-01-01 15:00:00,789.58,0.688
2025-01-01 15:30:00,789.57,0.686
2025-01-01 16:00:00,789.54,0.683
2025-01-01 16:30:00,789.77,0.684
2025-01-01 17:00:00,790.17,0.683
2025-01-01 17:30:00,790.18,0.684
2025-01-01 18:00:00,790.35,0.682
2025-01-01 18:30:00,790.44,0.682
2025-01-01 19:00:00,790.12,0.682
2025-01-01 19:30:00,789.76,0.682
2025-01-01 20:00:00,789.39,0.684
2025-01-01 20:30:00,789.22,0.683
2025-01-01 21:00:00,789.02,0.682
2025-01-01 21:30:00,789.61,0.682
2025-01-01 22:00:00,789.93,0.681
2025-01-01 22:30:00,790.05,0.679
2025-01-01 23:00:00,790.1,0.677
2025-01-01 23:30:00,790.09,0.678
2025-01-02 00:00:00,789.95,0.679
2025-01-02 00:30:00,789.79,0.68
2025-01-02 01:00:00,789.76,0.679
2025-01-02 01:30:00,789.82,0.679
2025-01-02 02:00:00,789.9,0.681
2025-01-02 02:30:00,790.2,0.68
2025-01-02 03:00:00,790.13,0.682
2025-01-02 03:30:00,790.25,0.682
2025-01-02 04:00:00,790.14,0.683
2025-01-02 04:30:00,790.34,0.683
2025-01-02 05:00:00,790.43,0.683
2025-01-02 05:30:00,790.39,0.681
2025-01-02 06:00:00,790.38,0.684
2025-01-02 06:30:00,790.52,0.685
2025-01-02 07:00:00,790.43,0.685
2025-01-02 07:30:00,790.48,0.685
2025-01-02 08:00:00,790.56,0.685
2025-01-02 08:30:00,790.55,0.686
2025-01-02 09:00:00,790.62,0.687
2025-01-02 09:30:00,790.51,0.685
2025-01-02 10:00:00,790.66,0.685
2025-01-02 10:30:00,790.8,0.685
2025-01-02 11:00:00,790.83,0.684
2025-01-02 11:30:00,790.63,0.685
2025-01-02 12:00:00,790.5,0.686
2025-01-02 12:30:00,790.15,0.687
2025-01-02 13:00:00,790.14,0.686
2025-01-02 13:30:00,790.19,0.688
2025-01-02 14:00:00,790.17,0.685
2025-01-02 14:30:00,790.21,0.686
2025-01-02 15:00:00,790.3,0.686
2025-01-02 15:30:00,790.36,0.686
2025-01-02 16:00:00,790.32,0.684
2025-01-02 16:30:00,790.41,0.687
2025-01-02 17:00:00,790.53,0.686
2025-01-02 17:30:00,790.52,0.687
2025-01-02 18:00:00,790.56,0.687
2025-01-02 18:30:00,790.34,0.687
2025-01-02 19:00:00,790.1,0.689
2025-01-02 19:30:00,789.84,0.687
2025-01-02 20:00:00,789.25,0.69
2025-01-02 20:30:00,788.87,0.688
2025-01-02 21:00:00,788.71,0.69
2025-01-02 21:30:00,788.55,0.691
2025-01-02 22:00:00,789.16,0.694
2025-01-02 22:30:00,789.28,0.694
2025-01-02 23:00:00,789.13,0.695
2025-01-02 23:30:00,788.83,0.696
2025-01-03 00:00:00,788.68,0.698
2025-01-03 00:30:00,788.52,0.697
2025-01-03 01:00:00,788.4,0.7
2025-01-03 01:30:00,788.29,0.7
2025-01-03 02:00:00,788.2,0.702
2025-01-03 02:30:00,788.01,0.7
2025-01-03 03:00:00,787.89,0.703
2025-01-03 03:30:00,787.92,0.7
2025-01-03 04:00:00,787.86,0.704
2025-01-03 04:30:00,787.76,0.702
2025-01-03 05:00:00,787.58,0.703
2025-01-03 05:30:00,787.42,0.704
2025-01-03 06:00:00,787.39,0.705
2025-01-03 06:30:00,787.22,0.703
2025-01-03 07:00:00,787.12,0.702
2025-01-03 07:30:00,786.98,0.702
2025-01-03 08:00:00,786.68,0.703
2025-01-03 08:30:00,786.55,0.702
2025-01-03 09:00:00,786.34,0.701
2025-01-03 09:30:00,786.41,0.702
2025-01-03 10:00:00,786.09,0.702
2025-01-03 10:30:00,786.12,0.703
2025-01-03 11:00:00,786.01,0.7
2025-01-03 11:30:00,785.32,0.7
2025-01-03 12:00:00,785.15,0.699
2025-01-03 12:30:00,784.91,0.7
2025-01-03 13:00:00,784.66,0.702
2025-01-03 13:30:00,784.47,0.699
2025-01-03 14:00:00,784.55,0.698
2025-01-03 14:30:00,784.28,0.701
2025-01-03 15:00:00,784.32,0.7
2025-01-03 15:30:00,784.24,0.698
2025-01-03 16:00:00,784.31,0.699
2025-01-03 16:30:00,783.97,0.698
2025-01-03 17:00:00,783.73,0.7
2025-01-03 17:30:00,784.1,0.697
2025-01-03 18:00:00,784.13,0.698
2025-01-03 18:30:00,784.25,0.697
2025-01-03 19:00:00,783.38,0.699
2025-01-03 19:30:00,782.58,0.698
2025-01-03 20:00:00,781.91,0.698
2025-01-03 20:30:00,781.31,0.698
2025-01-03 21:00:00,781.13,0.699
2025-01-03 21:30:00,780.54,0.699
2025-01-03 22:00:00,779.23,0.7
2025-01-03 22:30:00,779.06,0.699
2025-01-03 23:00:00,779.76,0.702
2025-01-03 23:30:00,779.92,0.7
2025-01-04 00:00:00,780.04,0.702
2025-01-04 00:30:00,779.82,0.7
2025-01-04 01:00:00,780.02,0.702
2025-01-04 01:30:00,780.21,0.699
2025-01-04 02:00:00,780.34,0.7
2025-01-04 02:30:00,780.72,0.702
2025-01-04 03:00:00,780.55,0.701
2025-01-04 03:30:00,780.46,0.702
2025-01-04 04:00:00,780.63,0.699
2025-01-04 04:30:00,780.62,0.699
2025-01-04 05:00:00,780.58,0.7
2025-01-04 05:30:00,780.8,0.701
2025-01-04 06:00:00,781.25,0.701
2025-01-04 06:30:00,781.67,0.7
2025-01-04 07:00:00,781.49,0.7
2025-01-04 07:30:00,781.39,0.7
2025-01-04 08:00:00,781.25,0.699
2025-01-04 08:30:00,781.21,0.698
2025-01-04 09:00:00,781.24,0.698
2025-01-04 09:30:00,781.57,0.7
2025-01-04 10:00:00,781.98,0.699
2025-01-04 10:30:00,782.05,0.699
2025-01-04 11:00:00,782.22,0.698
2025-01-04 11:30:00,782.31,0.697
2025-01-04 12:00:00,782.5,0.698
2025-01-04 12:30:00,782.4,0.699
2025-01-04 13:00:00,782.75,0.697
2025-01-04 13:30:00,782.55,0.698
2025-01-04 14:00:00,782.61,0.697
2025-01-04 14:30:00,782.42,0.697
2025-01-04 15:00:00,782.7,0.7
2025-01-04 15:30:00,782.99,0.697
2025-01-04 16:00:00,783.21,0.698
2025-01-04 16:30:00,783.57,0.697
2025-01-04 17:00:00,783.72,0.699
2025-01-04 17:30:00,783.75,0.698
2025-01-04 18:00:00,783.82,0.698
2025-01-04 18:30:00,783.89,0.696
2025-01-04 19:00:00,783.74,0.7
2025-01-04 19:30:00,783.57,0.698
2025-01-04 20:00:00,783.84,0.697
2025-01-04 20:30:00,783.6,0.699
2025-01-04 21:00:00,783.56,0.698
2025-01-04 21:30:00,783.47,0.699
2025-01-04 22:00:00,783.46,0.699
2025-01-04 22:30:00,783.55,0.699
2025-01-04 23:00:00,783.73,0.703
2025-01-04 23:30:00,784.04,0.7
2025-01-05 00:00:00,784.14,0.701
2025-01-05 00:30:00,784.29,0.701
2025-01-05 01:00:00,784.92,0.702
2025-01-05 01:30:00,785.38,0.7
2025-01-05 02:00:00,785.35,0.702
2025-01-05 02:30:00,785.5,0.703
2025-01-05 03:00:00,785.58,0.702
2025-01-05 03:30:00,785.95,0.701
2025-01-05 04:00:00,786.08,0.7
2025-01-05 04:30:00,786.28,0.701
2025-01-05 05:00:00,786.21,0.7
2025-01-05 05:30:00,786.55,0.698
2025-01-05 06:00:00,786.97,0.701
2025-01-05 06:30:00,787.13,0.698
2025-01-05 07:00:00,787.45,0.698
2025-01-05 07:30:00,787.63,0.699
2025-01-05 08:00:00,787.58,0.701
2025-01-05 08:30:00,787.55,0.697
2025-01-05 09:00:00,787.45,0.696
2025-01-05 09:30:00,787.4,0.698
2025-01-05 10:00:00,787.38,0.697
2025-01-05 10:30:00,787.26,0.696
2025-01-05 11:00:00,787.27,0.695
2025-01-05 11:30:00,787.14,0.696
2025-01-05 12:00:00,787.06,0.695
2025-01-05 12:30:00,787.12,0.695
2025-01-05 13:00:00,787.29,0.693
2025-01-05 13:30:00,787.4,0.693
2025-01-05 14:00:00,787.49,0.692
2025-01-05 14:30:00,787.91,0.692
2025-01-05 15:00:00,787.96,0.69
2025-01-05 15:30:00,787.97,0.69
2025-01-05 16:00:00,788.11,0.688
2025-01-05 16:30:00,788.36,0.689
2025-01-05 17:00:00,788.24,0.688
2025-01-05 17:30:00,788.47,0.69
2025-01-05 18:00:00,788.66,0.687
2025-01-05 18:30:00,788.49,0.687
2025-01-05 19:00:00,788.48,0.689
2025-01-05 19:30:00,788.08,0.687
2025-01-05 20:00:00,787.87,0.687
2025-01-05 20:30:00,787.61,0.687
2025-01-05 21:00:00,787.61,0.691
2025-01-05 21:30:00,787.21,0.691
2025-01-05 22:00:00,787.29,0.692
2025-01-05 22:30:00,787.52,0.693
2025-01-05 23:00:00,787.63,0.695
2025-01-05 23:30:00,787.8,0.696
2025-01-06 00:00:00,787.96,0.696
2025-01-06 00:30:00,787.88,0.697
2025-01-06 01:00:00,788.1,0.696
2025-01-06 01:30:00,788.27,0.696
2025-01-06 02:00:00,788.3,0.696
2025-01-06 02:30:00,788.4,0.699
2025-01-06 03:00:00,788.46,0.697
2025-01-06 03:30:00,788.51,0.696
2025-01-06 04:00:00,788.67,0.696
2025-01-06 04:30:00,788.87,0.696
2025-01-06 05:00:00,788.93,0.695
2025-01-06 05:30:00,789.06,0.695
2025-01-06 06:00:00,789.05,0.693
2025-01-06 06:30:00,789.05,0.693
2025-01-06 07:00:00,788.94,0.694
2025-01-06 07:30:00,788.9,0.693
2025-01-06 08:00:00,788.63,0.691
2025-01-06 08:30:00,788.4,0.69
2025-01-06 09:00:00,788.17,0.691
2025-01-06 09:30:00,787.9,0.692
2025-01-06 10:00:00,787.68,0.691
2025-01-06 10:30:00,787.57,0.687
2025-01-06 11:00:00,787.38,0.689
2025-01-06 11:30:00,787.21,0.688
2025-01-06 12:00:00,786.76,0.687
2025-01-06 12:30:00,786.62,0.687
2025-01-06 13:00:00,786.89,0.687
2025-01-06 13:30:00,786.65,0.687
2025-01-06 14:00:00,786.67,0.685
2025-01-06 14:30:00,786.31,0.687
2025-01-06 15:00:00,786.33,0.684
2025-01-06 15:30:00,786.57,0.683
2025-01-06 16:00:00,786.55,0.682
2025-01-06 16:30:00,786.64,0.682
2025-01-06 17:00:00,786.71,0.684
2025-01-06 17:30:00,786.55,0.681
2025-01-06 18:00:00,786.41,0.681
2025-01-06 18:30:00,786.23,0.681
2025-01-06 19:00:00,785.78,0.68
2025-01-06 19:30:00,785.31,0.681
2025-01-06 20:00:00,784.77,0.68
2025-01-06 20:30:00,784.33,0.68
2025-01-06 21:00:00,783.85,0.68
2025-01-06 21:30:00,783.52,0.682
2025-01-06 22:00:00,783.2,0.685
2025-01-06 22:30:00,783.14,0.686
2025-01-06 23:00:00,783.01,0.687
2025-01-06 23:30:00,783.01,0.687
2025-01-07 00:00:00,783.03,0.687
2025-01-07 00:30:00,782.96,0.688
2025-01-07 01:00:00,783.02,0.691
2025-01-07 01:30:00,782.97,0.691
2025-01-07 02:00:00,783.04,0.691
2025-01-07 02:30:00,782.96,0.69
2025-01-07 03:00:00,783.33,0.687
2025-01-07 03:30:00,783.28,0.69
2025-01-07 04:00:00,783.25,0.689
2025-01-07 04:30:00,783.22,0.688
2025-01-07 05:00:00,783.21,0.689
2025-01-07 05:30:00,783.46,0.686
2025-01-07 06:00:00,783.65,0.688
2025-01-07 06:30:00,783.81,0.688
2025-01-07 07:00:00,784.29,0.685
2025-01-07 07:30:00,784.12,0.684
2025-01-07 08:00:00,783.93,0.688
2025-01-07 08:30:00,783.83,0.686
2025-01-07 09:00:00,783.81,0.687
2025-01-07 09:30:00,783.78,0.686
2025-01-07 10:00:00,783.69,0.685
2025-01-07 10:30:00,783.55,0.681
2025-01-07 11:00:00,783.72,0.681
2025-01-07 11:30:00,783.47,0.68
2025-01-07 12:00:00,783.23,0.679
2025-01-07 12:30:00,782.77,0.679
2025-01-07 13:00:00,782.16,0.679
2025-01-07 13:30:00,782.02,0.678
2025-01-07 14:00:00,782.69,0.672
2025-01-07 14:30:00,783.46,0.669
2025-01-07 15:00:00,784.17,0.663
2025-01-07 15:30:00,784.51,0.66
2025-01-07 16:00:00,784.71,0.66
2025-01-07 16:30:00,784.93,0.662
2025-01-07 17:00:00,785.25,0.662
2025-01-07 17:30:00,785.64,0.665
2025-01-07 18:00:00,785.83,0.667
2025-01-07 18:30:00,786.03,0.668
2025-01-07 19:00:00,786.01,0.667
2025-01-07 19:30:00,785.39,0.667
2025-01-07 20:00:00,785.05,0.669
2025-01-07 20:30:00,784.71,0.67
2025-01-07 21:00:00,784.61,0.67
2025-01-07 21:30:00,784.45,0.669
2025-01-07 22:00:00,783.8,0.669
2025-01-07 22:30:00,783.69,0.669
2025-01-07 23:00:00,783.73,0.669
2025-01-07 23:30:00,784.08,0.67
2025-01-08 00:00:00,783.83,0.67
2025-01-08 00:30:00,783.92,0.671
2025-01-08 01:00:00,784.19,0.671
2025-01-08 01:30:00,784.5,0.673
2025-01-08 02:00:00,784.75,0.672
2025-01-08 02:30:00,784.47,0.671
2025-01-08 03:00:00,784.44,0.668
2025-01-08 03:30:00,784.19,0.667
2025-01-08 04:00:00,783.98,0.666
2025-01-08 04:30:00,784.06,0.665
2025-01-08 05:00:00,784.73,0.664
2025-01-08 05:30:00,785.16,0.662
2025-01-08 06:00:00,785.28,0.66
2025-01-08 06:30:00,785.61,0.657
2025-01-08 07:00:00,785.38,0.656
2025-01-08 07:30:00,785.5,0.655
2025-01-08 08:00:00,785.32,0.653
2025-01-08 08:30:00,785.11,0.654
2025-01-08 09:00:00,785.0,0.652
2025-01-08 09:30:00,785.03,0.653
2025-01-08 10:00:00,784.6,0.65
2025-01-08 10:30:00,784.81,0.649
2025-01-08 11:00:00,784.84,0.647
2025-01-08 11:30:00,784.72,0.647
2025-01-08 12:00:00,784.81,0.646
2025-01-08 12:30:00,784.9,0.643
2025-01-08 13:00:00,785.25,0.646
2025-01-08 13:30:00,785.65,0.645
2025-01-08 14:00:00,785.62,0.648
2025-01-08 14:30:00,785.83,0.648
2025-01-08 15:00:00,786.17,0.649
2025-01-08 15:30:00,786.45,0.649
2025-01-08 16:00:00,786.68,0.648
2025-01-08 16:30:00,786.93,0.649
2025-01-08 17:00:00,787.3,0.65
2025-01-08 17:30:00,788.23,0.651
2025-01-08 18:00:00,788.08,0.653
2025-01-08 18:30:00,787.94,0.652
2025-01-08 19:00:00,788.21,0.654
2025-01-08 19:30:00,787.74,0.654
2025-01-08 20:00:00,787.45,0.656
2025-01-08 20:30:00,787.34,0.655
2025-01-08 21:00:00,786.76,0.657
2025-01-08 21:30:00,786.53,0.661
2025-01-08 22:00:00,786.89,0.663
2025-01-08 22:30:00,787.16,0.664
2025-01-08 23:00:00,787.26,0.666
2025-01-08 23:30:00,786.82,0.67
2025-01-09 00:00:00,786.78,0.671
2025-01-09 00:30:00,787.02,0.672
2025-01-09 01:00:00,787.41,0.673
2025-01-09 01:30:00,787.46,0.676
2025-01-09 02:00:00,787.91,0.675
2025-01-09 02:30:00,788.32,0.675
2025-01-09 03:00:00,788.22,0.676
2025-01-09 03:30:00,788.21,0.677
2025-01-09 04:00:00,788.29,0.679
2025-01-09 04:30:00,788.44,0.677
2025-01-09 05:00:00,788.22,0.678
2025-01-09 05:30:00,787.95,0.677
2025-01-09 06:00:00,787.99,0.677
2025-01-09 06:30:00,788.21,0.675
2025-01-09 07:00:00,787.91,0.675
2025-01-09 07:30:00,787.59,0.676
2025-01-09 08:00:00,787.14,0.675
2025-01-09 08:30:00,786.8,0.673
2025-01-09 09:00:00,786.65,0.673
2025-01-09 09:30:00,786.65,0.673
2025-01-09 10:00:00,786.74,0.674
2025-01-09 10:30:00,787.19,0.67
2025-01-09 11:00:00,787.23,0.67
2025-01-09 11:30:00,787.22,0.669
2025-01-09 12:00:00,787.43,0.668
2025-01-09 12:30:00,787.38,0.665
2025-01-09 13:00:00,787.28,0.666
2025-01-09 13:30:00,787.53,0.665
2025-01-09 14:00:00,787.55,0.664
2025-01-09 14:30:00,787.41,0.664
2025-01-09 15:00:00,787.24,0.665
2025-01-09 15:30:00,787.26,0.665
2025-01-09 16:00:00,787.51,0.665
2025-01-09 16:30:00,787.85,0.664
2025-01-09 17:00:00,788.0,0.66
2025-01-09 17:30:00,788.26,0.661
2025-01-09 18:00:00,788.2,0.661
2025-01-09 18:30:00,788.02,0.66
2025-01-09 19:00:00,787.91,0.659
2025-01-09 19:30:00,787.62,0.657
2025-01-09 20:00:00,787.24,0.659
2025-01-09 20:30:00,786.93,0.659
2025-01-09 21:00:00,786.73,0.661
2025-01-09 21:30:00,786.34,0.663
2025-01-09 22:00:00,786.32,0.665
2025-01-09 22:30:00,786.38,0.667
2025-01-09 23:00:00,786.6,0.669
2025-01-09 23:30:00,786.83,0.67
2025-01-10 00:00:00,786.9,0.674
2025-01-10 00:30:00,787.29,0.675
2025-01-10 01:00:00,787.59,0.676
2025-01-10 01:30:00,788.01,0.676
2025-01-10 02:00:00,788.04,0.677
2025-01-10 02:30:00,788.06,0.677
2025-01-10 03:00:00,787.85,0.68
2025-01-10 03:30:00,787.81,0.68
2025-01-10 04:00:00,787.91,0.681
2025-01-10 04:30:00,788.49,0.678
2025-01-10 05:00:00,788.76,0.68
2025-01-10 05:30:00,789.0,0.681
2025-01-10 06:00:00,789.16,0.679
2025-01-10 06:30:00,789.25,0.679
2025-01-10 07:00:00,789.76,0.678
2025-01-10 07:30:00,790.0,0.679
2025-01-10 08:00:00,789.5,0.679
2025-01-10 08:30:00,789.28,0.677
2025-01-10 09:00:00,789.14,0.679
2025-01-10 09:30:00,789.1,0.677
2025-01-10 10:00:00,788.9,0.675
2025-01-10 10:30:00,788.85,0.674
2025-01-10 11:00:00,788.82,0.676
2025-01-10 11:30:00,789.04,0.673
2025-01-10 12:00:00,789.24,0.674
2025-01-10 12:30:00,789.12,0.676
2025-01-10 13:00:00,789.06,0.673
2025-01-10 13:30:00,789.1,0.671
2025-01-10 14:00:00,788.84,0.673
2025-01-10 14:30:00,788.94,0.67
2025-01-10 15:00:00,788.83,0.669
2025-01-10 15:30:00,789.17,0.669
2025-01-10 16:00:00,789.28,0.67
2025-01-10 16:30:00,789.12,0.669
2025-01-10 17:00:00,789.25,0.666
2025-01-10 17:30:00,789.25,0.667
2025-01-10 18:00:00,789.12,0.667
2025-01-10 18:30:00,789.01,0.666
2025-01-10 19:00:00,788.69,0.666
2025-01-10 19:30:00,788.31,0.67
2025-01-10 20:00:00,787.79,0.67
2025-01-10 20:30:00,787.47,0.668
2025-01-10 21:00:00,787.3,0.673
2025-01-10 21:30:00,787.25,0.674
2025-01-10 22:00:00,787.08,0.677
2025-01-10 22:30:00,786.84,0.681
2025-01-10 23:00:00,786.63,0.683
2025-01-10 23:30:00,786.89,0.686
2025-01-11 00:00:00,786.92,0.689
2025-01-11 00:30:00,786.61,0.692
2025-01-11 01:00:00,786.22,0.692
2025-01-11 01:30:00,786.12,0.694
2025-01-11 02:00:00,786.31,0.696
2025-01-11 02:30:00,786.36,0.696
2025-01-11 03:00:00,786.13,0.697
2025-01-11 03:30:00,786.11,0.699
2025-01-11 04:00:00,786.15,0.697
2025-01-11 04:30:00,785.91,0.696
2025-01-11 05:00:00,785.73,0.695
2025-01-11 05:30:00,785.4,0.697
2025-01-11 06:00:00,785.17,0.694
2025-01-11 06:30:00,784.94,0.695
2025-01-11 07:00:00,784.68,0.695
2025-01-11 07:30:00,784.38,0.694
2025-01-11 08:00:00,784.14,0.693
2025-01-11 08:30:00,783.67,0.69
2025-01-11 09:00:00,783.1,0.691
2025-01-11 09:30:00,782.95,0.69
2025-01-11 10:00:00,782.86,0.687
2025-01-11 10:30:00,782.66,0.687
2025-01-11 11:00:00,782.45,0.687
2025-01-11 11:30:00,782.16,0.685
2025-01-11 12:00:00,781.8,0.684
2025-01-11 12:30:00,781.76,0.682
2025-01-11 13:00:00,782.06,0.681
2025-01-11 13:30:00,782.21,0.68
2025-01-11 14:00:00,782.31,0.679
2025-01-11 14:30:00,782.56,0.675
2025-01-11 15:00:00,782.41,0.676
2025-01-11 15:30:00,782.51,0.674
2025-01-11 16:00:00,782.55,0.673
2025-01-11 16:30:00,782.33,0.672
2025-01-11 17:00:00,782.3,0.671
2025-01-11 17:30:00,782.35,0.67
2025-01-11 18:00:00,782.04,0.669
2025-01-11 18:30:00,781.69,0.669
2025-01-11 19:00:00,781.48,0.671
2025-01-11 19:30:00,780.89,0.67
2025-01-11 20:00:00,780.26,0.671
2025-01-11 20:30:00,779.76,0.673
2025-01-11 21:00:00,779.62,0.675
2025-01-11 21:30:00,779.44,0.678
2025-01-11 22:00:00,779.68,0.679
2025-01-11 22:30:00,779.56,0.681
2025-01-11 23:00:00,779.73,0.683
2025-01-11 23:30:00,779.67,0.687
2025-01-12 00:00:00,780.03,0.69
2025-01-12 00:30:00,779.84,0.693
2025-01-12 01:00:00,779.79,0.692
2025-01-12 01:30:00,780.08,0.693
2025-01-12 02:00:00,779.95,0.693
2025-01-12 02:30:00,779.96,0.694
2025-01-12 03:00:00,779.98,0.69
2025-01-12 03:30:00,779.94,0.688
2025-01-12 04:00:00,779.5,0.689
2025-01-12 04:30:00,779.19,0.687
2025-01-12 05:00:00,778.91,0.687
2025-01-12 05:30:00,779.23,0.684
2025-01-12 06:00:00,779.63,0.683
2025-01-12 06:30:00,779.78,0.681
2025-01-12 07:00:00,779.99,0.682
2025-01-12 07:30:00,779.72,0.682
2025-01-12 08:00:00,779.52,0.677
2025-01-12 08:30:00,779.03,0.677
2025-01-12 09:00:00,778.79,0.678
2025-01-12 09:30:00,778.57,0.676
2025-01-12 10:00:00,778.33,0.674
2025-01-12 10:30:00,778.59,0.674
2025-01-12 11:00:00,778.29,0.672
2025-01-12 11:30:00,778.21,0.672
2025-01-12 12:00:00,777.72,0.672
2025-01-12 12:30:00,777.44,0.668
2025-01-12 13:00:00,777.1,0.669
2025-01-12 13:30:00,777.02,0.67
2025-01-12 14:00:00,777.16,0.666
2025-01-12 14:30:00,777.37,0.666
2025-01-12 15:00:00,777.61,0.662
2025-01-12 15:30:00,777.76,0.663
2025-01-12 16:00:00,777.97,0.66
2025-01-12 16:30:00,777.99,0.66
2025-01-12 17:00:00,778.2,0.658
2025-01-12 17:30:00,778.19,0.658
2025-01-12 18:00:00,777.95,0.658
2025-01-12 18:30:00,778.02,0.659
2025-01-12 19:00:00,777.78,0.658
2025-01-12 19:30:00,777.68,0.66
2025-01-12 20:00:00,777.31,0.66
2025-01-12 20:30:00,777.32,0.661
2025-01-12 21:00:00,777.37,0.663
2025-01-12 21:30:00,777.21,0.666
2025-01-12 22:00:00,777.08,0.666
2025-01-12 22:30:00,776.84,0.671
2025-01-12 23:00:00,776.95,0.671
2025-01-12 23:30:00,777.03,0.674
2025-01-13 00:00:00,776.91,0.676
2025-01-13 00:30:00,776.48,0.677
2025-01-13 01:00:00,776.81,0.679
2025-01-13 01:30:00,776.8,0.678
2025-01-13 02:00:00,776.84,0.679
2025-01-13 02:30:00,776.95,0.679
2025-01-13 03:00:00,776.95,0.678
2025-01-13 03:30:00,776.84,0.678
2025-01-13 04:00:00,776.83,0.678
2025-01-13 04:30:00,776.47,0.677
2025-01-13 05:00:00,776.42,0.674
2025-01-13 05:30:00,776.58,0.672
2025-01-13 06:00:00,776.74,0.673
2025-01-13 06:30:00,776.84,0.672
2025-01-13 07:00:00,776.93,0.669
2025-01-13 07:30:00,777.11,0.669
2025-01-13 08:00:00,777.16,0.668
2025-01-13 08:30:00,777.3,0.663
2025-01-13 09:00:00,777.42,0.664
2025-01-13 09:30:00,777.89,0.66
2025-01-13 10:00:00,777.87,0.661
2025-01-13 10:30:00,777.77,0.657
2025-01-13 11:00:00,777.87,0.656
2025-01-13 11:30:00,777.68,0.653
2025-01-13 12:00:00,777.43,0.654
2025-01-13 12:30:00,777.28,0.651
2025-01-13 13:00:00,777.28,0.649
2025-01-13 13:30:00,777.13,0.647
2025-01-13 14:00:00,777.51,0.645
2025-01-13 14:30:00,777.93,0.646
2025-01-13 15:00:00,778.16,0.642
2025-01-13 15:30:00,778.61,0.64
2025-01-13 16:00:00,779.13,0.638
2025-01-13 16:30:00,779.39,0.637
2025-01-13 17:00:00,779.77,0.634
2025-01-13 17:30:00,780.03,0.635
2025-01-13 18:00:00,780.31,0.636
2025-01-13 18:30:00,780.45,0.635
2025-01-13 19:00:00,780.45,0.636
2025-01-13 19:30:00,780.28,0.637
2025-01-13 20:00:00,780.08,0.637
2025-01-13 20:30:00,779.95,0.639
2025-01-13 21:00:00,779.69,0.641
2025-01-13 21:30:00,779.53,0.645
2025-01-13 22:00:00,779.44,0.646
2025-01-13 22:30:00,779.67,0.648
2025-01-13 23:00:00,779.71,0.651
2025-01-13 23:30:00,779.8,0.652
2025-01-14 00:00:00,779.89,0.655
2025-01-14 00:30:00,780.02,0.656
2025-01-14 01:00:00,780.17,0.657
2025-01-14 01:30:00,780.51,0.658
2025-01-14 02:00:00,780.62,0.658
2025-01-14 02:30:00,780.76,0.657
2025-01-14 03:00:00,780.89,0.657
2025-01-14 03:30:00,781.2,0.659
2025-01-14 04:00:00,781.71,0.657
2025-01-14 04:30:00,782.06,0.656
2025-01-14 05:00:00,782.34,0.657
2025-01-14 05:30:00,782.6,0.655
2025-01-14 06:00:00,782.82,0.655
2025-01-14 06:30:00,782.92,0.654
2025-01-14 07:00:00,782.84,0.654
2025-01-14 07:30:00,782.71,0.653
2025-01-14 08:00:00,782.43,0.653
2025-01-14 08:30:00,782.33,0.648
2025-01-14 09:00:00,782.57,0.651
2025-01-14 09:30:00,782.9,0.649
2025-01-14 10:00:00,782.85,0.648
2025-01-14 10:30:00,782.56,0.646
2025-01-14 11:00:00,782.51,0.647
2025-01-14 11:30:00,782.41,0.645
2025-01-14 12:00:00,782.27,0.642
2025-01-14 12:30:00,782.09,0.643
2025-01-14 13:00:00,782.13,0.641
2025-01-14 13:30:00,782.36,0.642
2025-01-14 14:00:00,782.47,0.642
2025-01-14 14:30:00,782.77,0.641
2025-01-14 15:00:00,783.05,0.643
2025-01-14 15:30:00,783.31,0.639
2025-01-14 16:00:00,783.62,0.641
2025-01-14 16:30:00,783.97,0.638
2025-01-14 17:00:00,784.2,0.638
2025-01-14 17:30:00,784.21,0.64
2025-01-14 18:00:00,784.24,0.639
2025-01-14 18:30:00,784.29,0.64
2025-01-14 19:00:00,784.21,0.64
2025-01-14 19:30:00,783.9,0.642
2025-01-14 20:00:00,783.56,0.647
2025-01-14 20:30:00,783.27,0.651
2025-01-14 21:00:00,783.11,0.656
2025-01-14 21:30:00,782.88,0.665
2025-01-14 22:00:00,782.88,0.673
2025-01-14 22:30:00,782.95,0.683
2025-01-14 23:00:00,783.2,0.689
2025-01-14 23:30:00,783.43,0.699
2025-01-15 00:00:00,783.52,0.709
2025-01-15 00:30:00,783.72,0.717
2025-01-15 01:00:00,783.83,0.718
2025-01-15 01:30:00,783.7,0.72
2025-01-15 02:00:00,783.74,0.718
2025-01-15 02:30:00,783.64,0.716
2025-01-15 03:00:00,783.54,0.712
2025-01-15 03:30:00,783.6,0.707
2025-01-15 04:00:00,783.75,0.705
2025-01-15 04:30:00,783.92,0.7
2025-01-15 05:00:00,784.14,0.695
2025-01-15 05:30:00,784.36,0.691
2025-01-15 06:00:00,784.74,0.689
2025-01-15 06:30:00,784.95,0.686
2025-01-15 07:00:00,784.86,0.682
2025-01-15 07:30:00,784.66,0.678
2025-01-15 08:00:00,784.42,0.672
2025-01-15 08:30:00,784.16,0.671
2025-01-15 09:00:00,784.15,0.669
2025-01-15 09:30:00,784.07,0.666
2025-01-15 10:00:00,784.12,0.664
2025-01-15 10:30:00,784.15,0.662
2025-01-15 11:00:00,784.11,0.658
2025-01-15 11:30:00,783.87,0.656
2025-01-15 12:00:00,783.87,0.655
2025-01-15 12:30:00,783.76,0.652
2025-01-15 13:00:00,783.67,0.649
2025-01-15 13:30:00,783.56,0.647
2025-01-15 14:00:00,783.53,0.645
2025-01-15 14:30:00,783.66,0.642
2025-01-15 15:00:00,783.67,0.64
2025-01-15 15:30:00,783.75,0.638
2025-01-15 16:00:00,783.87,0.637
2025-01-15 16:30:00,784.0,0.635
2025-01-15 17:00:00,783.94,0.632
2025-01-15 17:30:00,784.07,0.631
2025-01-15 18:00:00,784.02,0.629
2025-01-15 18:30:00,783.79,0.63
2025-01-15 19:00:00,783.62,0.633
2025-01-15 19:30:00,783.29,0.635
2025-01-15 20:00:00,782.95,0.643
2025-01-15 20:30:00,782.51,0.652
2025-01-15 21:00:00,782.17,0.664
2025-01-15 21:30:00,781.88,0.676
2025-01-15 22:00:00,781.62,0.689
2025-01-15 22:30:00,781.46,0.707
2025-01-15 23:00:00,781.45,0.724
2025-01-15 23:30:00,781.47,0.741
2025-01-16 00:00:00,781.48,0.759
2025-01-16 00:30:00,781.53,0.768
2025-01-16 01:00:00,781.53,0.772
2025-01-16 01:30:00,781.62,0.771
2025-01-16 02:00:00,781.59,0.765
2025-01-16 02:30:00,781.56,0.758
2025-01-16 03:00:00,781.51,0.751
2025-01-16 03:30:00,781.49,0.742
2025-01-16 04:00:00,781.51,0.733
2025-01-16 04:30:00,781.47,0.728
2025-01-16 05:00:00,781.61,0.719
2025-01-16 05:30:00,781.64,0.713
2025-01-16 06:00:00,781.6,0.707
2025-01-16 06:30:00,781.6,0.699
2025-01-16 07:00:00,781.66,0.691
2025-01-16 07:30:00,781.42,0.686
2025-01-16 08:00:00,781.46,0.681
2025-01-16 08:30:00,781.27,0.676
2025-01-16 09:00:00,781.16,0.671
2025-01-16 09:30:00,781.03,0.664
2025-01-16 10:00:00,781.12,0.658
2025-01-16 10:30:00,781.14,0.655
2025-01-16 11:00:00,781.11,0.652
2025-01-16 11:30:00,780.96,0.645
2025-01-16 12:00:00,780.73,0.639
2025-01-16 12:30:00,780.55,0.634
2025-01-16 13:00:00,780.41,0.632
2025-01-16 13:30:00,780.25,0.627
2025-01-16 14:00:00,780.16,0.624
2025-01-16 14:30:00,780.04,0.62
2025-01-16 15:00:00,779.85,0.616
2025-01-16 15:30:00,779.74,0.613
2025-01-16 16:00:00,779.65,0.61
2025-01-16 16:30:00,779.53,0.605
2025-01-16 17:00:00,779.45,0.603
2025-01-16 17:30:00,779.32,0.6
2025-01-16 18:00:00,779.14,0.602
2025-01-16 18:30:00,779.02,0.601
2025-01-16 19:00:00,778.73,0.602
2025-01-16 19:30:00,778.33,0.606
2025-01-16 20:00:00,777.84,0.612
2025-01-16 20:30:00,777.42,0.625
2025-01-16 21:00:00,777.09,0.639
2025-01-16 21:30:00,776.81,0.66
2025-01-16 22:00:00,776.64,0.679
2025-01-16 22:30:00,776.53,0.698
2025-01-16 23:00:00,776.45,0.719
2025-01-16 23:30:00,776.51,0.735
2025-01-17 00:00:00,776.5,0.75
2025-01-17 00:30:00,776.61,0.758
2025-01-17 01:00:00,776.71,0.762
2025-01-17 01:30:00,776.79,0.757
2025-01-17 02:00:00,776.91,0.754
2025-01-17 02:30:00,776.95,0.742
2025-01-17 03:00:00,776.97,0.735
2025-01-17 03:30:00,777.0,0.725
2025-01-17 04:00:00,776.97,0.716
2025-01-17 04:30:00,777.07,0.706
2025-01-17 05:00:00,777.26,0.697
2025-01-17 05:30:00,777.26,0.688
2025-01-17 06:00:00,777.34,0.682
2025-01-17 06:30:00,777.44,0.672
2025-01-17 07:00:00,777.27,0.666
2025-01-17 07:30:00,777.18,0.66
2025-01-17 08:00:00,777.0,0.656
2025-01-17 08:30:00,777.05,0.646
2025-01-17 09:00:00,777.22,0.642
2025-01-17 09:30:00,777.31,0.633
2025-01-17 10:00:00,777.31,0.629
2025-01-17 10:30:00,777.3,0.623
2025-01-17 11:00:00,777.31,0.617
2025-01-17 11:30:00,777.18,0.614
2025-01-17 12:00:00,777.04,0.609
2025-01-17 12:30:00,776.93,0.604
2025-01-17 13:00:00,776.92,0.6
2025-01-17 13:30:00,777.05,0.593
2025-01-17 14:00:00,777.07,0.593
2025-01-17 14:30:00,777.01,0.588
2025-01-17 15:00:00,776.91,0.585
2025-01-17 15:30:00,776.8,0.578
2025-01-17 16:00:00,776.92,0.575
2025-01-17 16:30:00,777.23,0.572
2025-01-17 17:00:00,777.29,0.568
2025-01-17 17:30:00,777.37,0.567
2025-01-17 18:00:00,777.51,0.566
2025-01-17 18:30:00,777.55,0.57
2025-01-17 19:00:00,777.41,0.572
2025-01-17 19:30:00,777.41,0.579
2025-01-17 20:00:00,777.26,0.587
2025-01-17 20:30:00,776.98,0.602
2025-01-17 21:00:00,776.9,0.62
2025-01-17 21:30:00,776.77,0.643
2025-01-17 22:00:00,776.67,0.667
2025-01-17 22:30:00,776.64,0.691
2025-01-17 23:00:00,776.85,0.716
2025-01-17 23:30:00,776.92,0.737
2025-01-18 00:00:00,776.99,0.753
2025-01-18 00:30:00,777.11,0.763
2025-01-18 01:00:00,777.23,0.765
2025-01-18 01:30:00,777.47,0.759
2025-01-18 02:00:00,777.62,0.748
2025-01-18 02:30:00,777.61,0.739
2025-01-18 03:00:00,777.59,0.73
2025-01-18 03:30:00,777.64,0.716
2025-01-18 04:00:00,777.77,0.708
2025-01-18 04:30:00,777.93,0.697
2025-01-18 05:00:00,778.16,0.686
2025-01-18 05:30:00,778.38,0.674
2025-01-18 06:00:00,778.48,0.669
2025-01-18 06:30:00,778.56,0.659
2025-01-18 07:00:00,778.68,0.649
2025-01-18 07:30:00,778.7,0.641
2025-01-18 08:00:00,778.63,0.631
2025-01-18 08:30:00,778.69,0.623
2025-01-18 09:00:00,778.71,0.615
2025-01-18 09:30:00,778.72,0.607
2025-01-18 10:00:00,778.82,0.6
2025-01-18 10:30:00,778.92,0.594
2025-01-18 11:00:00,778.92,0.585
2025-01-18 11:30:00,778.85,0.578
2025-01-18 12:00:00,778.84,0.572
2025-01-18 12:30:00,778.98,0.567
2025-01-18 13:00:00,778.9,0.56
2025-01-18 13:30:00,779.01,0.555
2025-01-18 14:00:00,779.11,0.549
2025-01-18 14:30:00,779.16,0.543
2025-01-18 15:00:00,779.23,0.537
2025-01-18 15:30:00,779.26,0.534
2025-01-18 16:00:00,779.44,0.525
2025-01-18 16:30:00,779.52,0.525
2025-01-18 17:00:00,779.6,0.519
2025-01-18 17:30:00,779.7,0.519
2025-01-18 18:00:00,779.83,0.522
2025-01-18 18:30:00,779.84,0.523
2025-01-18 19:00:00,779.78,0.529
2025-01-18 19:30:00,779.48,0.531
2025-01-18 20:00:00,779.19,0.538
2025-01-18 20:30:00,778.94,0.547
2025-01-18 21:00:00,778.72,0.561
2025-01-18 21:30:00,778.62,0.58
2025-01-18 22:00:00,778.56,0.603
2025-01-18 22:30:00,778.64,0.624
2025-01-18 23:00:00,778.66,0.648
2025-01-18 23:30:00,778.76,0.669
2025-01-19 00:00:00,778.84,0.685
2025-01-19 00:30:00,779.06,0.693
2025-01-19 01:00:00,779.21,0.692
2025-01-19 01:30:00,779.31,0.687
2025-01-19 02:00:00,779.65,0.679
2025-01-19 02:30:00,779.72,0.671
2025-01-19 03:00:00,779.75,0.663
2025-01-19 03:30:00,779.8,0.655
2025-01-19 04:00:00,779.69,0.645
2025-01-19 04:30:00,779.76,0.638
2025-01-19 05:00:00,779.8,0.63
2025-01-19 05:30:00,779.79,0.622
2025-01-19 06:00:00,779.74,0.614
2025-01-19 06:30:00,779.74,0.608
2025-01-19 07:00:00,779.78,0.599
2025-01-19 07:30:00,779.74,0.592
2025-01-19 08:00:00,779.49,0.585
2025-01-19 08:30:00,779.27,0.58
2025-01-19 09:00:00,779.21,0.571
2025-01-19 09:30:00,779.28,0.563
2025-01-19 10:00:00,779.24,0.559
2025-01-19 10:30:00,779.16,0.556
2025-01-19 11:00:00,778.98,0.548
2025-01-19 11:30:00,778.72,0.544
2025-01-19 12:00:00,778.49,0.538
2025-01-19 12:30:00,778.36,0.533
2025-01-19 13:00:00,778.22,0.527
2025-01-19 13:30:00,778.16,0.522
2025-01-19 14:00:00,778.22,0.518
2025-01-19 14:30:00,778.27,0.51
2025-01-19 15:00:00,778.2,0.506
2025-01-19 15:30:00,778.21,0.501
2025-01-19 16:00:00,778.08,0.497
2025-01-19 16:30:00,778.09,0.493
2025-01-19 17:00:00,778.09,0.489
2025-01-19 17:30:00,778.03,0.487
2025-01-19 18:00:00,778.09,0.491
2025-01-19 18:30:00,777.9,0.492
2025-01-19 19:00:00,777.63,0.498
2025-01-19 19:30:00,777.24,0.501
2025-01-19 20:00:00,776.85,0.507
2025-01-19 20:30:00,776.59,0.521
2025-01-19 21:00:00,776.14,0.537
2025-01-19 21:30:00,775.81,0.554
2025-01-19 22:00:00,775.66,0.575
2025-01-19 22:30:00,775.57,0.598
2025-01-19 23:00:00,775.49,0.613
2025-01-19 23:30:00,775.4,0.627
2025-01-20 00:00:00,775.21,0.641
2025-01-20 00:30:00,775.24,0.648
2025-01-20 01:00:00,775.15,0.645
2025-01-20 01:30:00,775.2,0.639
2025-01-20 02:00:00,775.17,0.63
2025-01-20 02:30:00,775.09,0.624
2025-01-20 03:00:00,774.91,0.614
2025-01-20 03:30:00,774.79,0.606
2025-01-20 04:00:00,774.79,0.598
2025-01-20 04:30:00,774.76,0.594
2025-01-20 05:00:00,774.81,0.584
2025-01-20 05:30:00,774.8,0.578
2025-01-20 06:00:00,774.7,0.57
2025-01-20 06:30:00,774.64,0.564
2025-01-20 07:00:00,774.61,0.558
2025-01-20 07:30:00,774.62,0.554
2025-01-20 08:00:00,774.81,0.549
2025-01-20 08:30:00,774.83,0.545
2025-01-20 09:00:00,774.83,0.538
2025-01-20 09:30:00,775.09,0.535
2025-01-20 10:00:00,774.95,0.533
2025-01-20 10:30:00,774.85,0.528
2025-01-20 11:00:00,775.09,0.523
2025-01-20 11:30:00,775.05,0.518
2025-01-20 12:00:00,775.21,0.512
2025-01-20 12:30:00,775.3,0.507
2025-01-20 13:00:00,774.98,0.503
2025-01-20 13:30:00,774.55,0.498
2025-01-20 14:00:00,774.52,0.493
2025-01-20 14:30:00,775.38,0.49
2025-01-20 15:00:00,775.79,0.485
2025-01-20 15:30:00,776.12,0.482
2025-01-20 16:00:00,776.42,0.479
2025-01-20 16:30:00,776.86,0.474
2025-01-20 17:00:00,777.18,0.475
2025-01-20 17:30:00,777.38,0.475
2025-01-20 18:00:00,777.91,0.475
2025-01-20 18:30:00,778.54,0.479
2025-01-20 19:00:00,778.76,0.482
2025-01-20 19:30:00,779.15,0.487
2025-01-20 20:00:00,778.93,0.493
2025-01-20 20:30:00,778.6,0.502
2025-01-20 21:00:00,778.14,0.512
2025-01-20 21:30:00,778.05,0.521
2025-01-20 22:00:00,778.01,0.532
2025-01-20 22:30:00,778.21,0.542
2025-01-20 23:00:00,778.77,0.551
2025-01-20 23:30:00,779.24,0.559
2025-01-21 00:00:00,779.64,0.564
2025-01-21 00:30:00,780.14,0.565
2025-01-21 01:00:00,780.58,0.562
2025-01-21 01:30:00,780.99,0.559
2025-01-21 02:00:00,781.23,0.553
2025-01-21 02:30:00,781.54,0.549
2025-01-21 03:00:00,781.57,0.541
2025-01-21 03:30:00,781.53,0.538
2025-01-21 04:00:00,781.79,0.533
2025-01-21 04:30:00,782.19,0.527
2025-01-21 05:00:00,782.28,0.523
2025-01-21 05:30:00,782.62,0.513
2025-01-21 06:00:00,782.78,0.51
2025-01-21 06:30:00,783.04,0.506
2025-01-21 07:00:00,783.3,0.503
2025-01-21 07:30:00,783.38,0.5
2025-01-21 08:00:00,783.76,0.496
2025-01-21 08:30:00,783.67,0.491
2025-01-21 09:00:00,783.9,0.487
2025-01-21 09:30:00,784.06,0.48
2025-01-21 10:00:00,784.34,0.477
2025-01-21 10:30:00,784.29,0.469
2025-01-21 11:00:00,783.98,0.464
2025-01-21 11:30:00,784.0,0.46
2025-01-21 12:00:00,784.02,0.453
2025-01-21 12:30:00,784.04,0.448
2025-01-21 13:00:00,784.29,0.442
2025-01-21 13:30:00,784.54,0.438
2025-01-21 14:00:00,784.66,0.431
2025-01-21 14:30:00,784.63,0.426
2025-01-21 15:00:00,784.81,0.421
2025-01-21 15:30:00,784.89,0.416
2025-01-21 16:00:00,784.92,0.411
2025-01-21 16:30:00,785.11,0.408
2025-01-21 17:00:00,785.26,0.402
2025-01-21 17:30:00,785.43,0.401
2025-01-21 18:00:00,785.53,0.405
2025-01-21 18:30:00,785.4,0.409
2025-01-21 19:00:00,785.27,0.413
2025-01-21 19:30:00,785.04,0.418
2025-01-21 20:00:00,784.87,0.419
2025-01-21 20:30:00,784.53,0.429
2025-01-21 21:00:00,784.29,0.444
2025-01-21 21:30:00,784.34,0.461
2025-01-21 22:00:00,784.25,0.479
2025-01-21 22:30:00,784.0,0.497
2025-01-21 23:00:00,783.99,0.515
2025-01-21 23:30:00,784.07,0.528
2025-01-22 00:00:00,784.15,0.538
2025-01-22 00:30:00,784.15,0.541
2025-01-22 01:00:00,784.41,0.534
2025-01-22 01:30:00,784.67,0.527
2025-01-22 02:00:00,784.84,0.516
2025-01-22 02:30:00,785.05,0.505
2025-01-22 03:00:00,785.03,0.5
2025-01-22 03:30:00,784.84,0.492
2025-01-22 04:00:00,784.92,0.486
2025-01-22 04:30:00,784.88,0.481
2025-01-22 05:00:00,784.77,0.474
2025-01-22 05:30:00,784.86,0.468
2025-01-22 06:00:00,784.73,0.463
2025-01-22 06:30:00,784.81,0.456
2025-01-22 07:00:00,784.85,0.455
2025-01-22 07:30:00,784.83,0.45
2025-01-22 08:00:00,784.8,0.447
2025-01-22 08:30:00,784.73,0.444
2025-01-22 09:00:00,784.63,0.44
2025-01-22 09:30:00,784.57,0.437
2025-01-22 10:00:00,784.79,0.433
2025-01-22 10:30:00,784.36,0.427
2025-01-22 11:00:00,784.14,0.422
2025-01-22 11:30:00,783.93,0.418
2025-01-22 12:00:00,783.81,0.412
2025-01-22 12:30:00,783.75,0.41
2025-01-22 13:00:00,783.81,0.404
2025-01-22 13:30:00,783.75,0.399
2025-01-22 14:00:00,783.68,0.391
2025-01-22 14:30:00,783.61,0.386
2025-01-22 15:00:00,783.67,0.381
2025-01-22 15:30:00,783.64,0.377
2025-01-22 16:00:00,783.7,0.371
2025-01-22 16:30:00,783.91,0.367
2025-01-22 17:00:00,784.11,0.362
2025-01-22 17:30:00,784.25,0.364
2025-01-22 18:00:00,784.47,0.367
2025-01-22 18:30:00,784.64,0.37
2025-01-22 19:00:00,784.95,0.374
2025-01-22 19:30:00,784.88,0.373
2025-01-22 20:00:00,784.84,0.38
2025-01-22 20:30:00,784.76,0.388
2025-01-22 21:00:00,784.57,0.4
2025-01-22 21:30:00,784.46,0.41
2025-01-22 22:00:00,784.4,0.42
2025-01-22 22:30:00,784.32,0.429
2025-01-22 23:00:00,784.39,0.439
2025-01-22 23:30:00,784.52,0.446
2025-01-23 00:00:00,784.52,0.452
2025-01-23 00:30:00,784.38,0.451
2025-01-23 01:00:00,784.44,0.448
2025-01-23 01:30:00,784.51,0.443
2025-01-23 02:00:00,784.71,0.437
2025-01-23 02:30:00,784.85,0.429
2025-01-23 03:00:00,785.07,0.425
2025-01-23 03:30:00,785.26,0.418
2025-01-23 04:00:00,785.28,0.416
2025-01-23 04:30:00,785.4,0.412
2025-01-23 05:00:00,785.3,0.407
2025-01-23 05:30:00,785.35,0.406
2025-01-23 06:00:00,785.29,0.401
2025-01-23 06:30:00,785.36,0.399
2025-01-23 07:00:00,785.31,0.397
2025-01-23 07:30:00,785.22,0.395
2025-01-23 08:00:00,785.39,0.392
2025-01-23 08:30:00,785.6,0.39
2025-01-23 09:00:00,785.45,0.39
2025-01-23 09:30:00,785.34,0.388
2025-01-23 10:00:00,785.17,0.387
2025-01-23 10:30:00,785.12,0.385
2025-01-23 11:00:00,784.97,0.387
2025-01-23 11:30:00,785.0,0.385
2025-01-23 12:00:00,784.99,0.388
2025-01-23 12:30:00,785.12,0.385
2025-01-23 13:00:00,785.22,0.384
2025-01-23 13:30:00,785.07,0.384
2025-01-23 14:00:00,785.13,0.385
2025-01-23 14:30:00,785.07,0.382
2025-01-23 15:00:00,785.13,0.378
2025-01-23 15:30:00,785.3,0.376
2025-01-23 16:00:00,785.36,0.373
2025-01-23 16:30:00,785.4,0.369
2025-01-23 17:00:00,785.43,0.367
2025-01-23 17:30:00,785.34,0.367
2025-01-23 18:00:00,785.28,0.368
2025-01-23 18:30:00,785.3,0.372
2025-01-23 19:00:00,785.2,0.371
2025-01-23 19:30:00,785.05,0.38
2025-01-23 20:00:00,784.71,0.402
2025-01-23 20:30:00,784.4,0.432
2025-01-23 21:00:00,784.29,0.457
2025-01-23 21:30:00,784.02,0.485
2025-01-23 22:00:00,783.99,0.505
2025-01-23 22:30:00,783.95,0.524
2025-01-23 23:00:00,783.86,0.537
2025-01-23 23:30:00,783.7,0.544
2025-01-24 00:00:00,783.74,0.546
2025-01-24 00:30:00,783.75,0.539
2025-01-24 01:00:00,783.69,0.529
2025-01-24 01:30:00,783.73,0.514
2025-01-24 02:00:00,783.81,0.494
2025-01-24 02:30:00,783.91,0.48
2025-01-24 03:00:00,783.92,0.464
2025-01-24 03:30:00,783.68,0.455
2025-01-24 04:00:00,783.55,0.442
2025-01-24 04:30:00,783.43,0.436
2025-01-24 05:00:00,783.52,0.43
2025-01-24 05:30:00,783.41,0.424
2025-01-24 06:00:00,783.34,0.418
2025-01-24 06:30:00,783.15,0.415
2025-01-24 07:00:00,782.97,0.411
2025-01-24 07:30:00,782.63,0.409
2025-01-24 08:00:00,782.18,0.405
2025-01-24 08:30:00,781.76,0.4
2025-01-24 09:00:00,781.68,0.396
2025-01-24 09:30:00,781.4,0.392
2025-01-24 10:00:00,781.25,0.388
2025-01-24 10:30:00,780.95,0.387
2025-01-24 11:00:00,780.79,0.384
2025-01-24 11:30:00,780.45,0.382
2025-01-24 12:00:00,780.05,0.379
2025-01-24 12:30:00,779.63,0.377
2025-01-24 13:00:00,779.29,0.375
2025-01-24 13:30:00,779.07,0.374
2025-01-24 14:00:00,778.82,0.37
2025-01-24 14:30:00,778.73,0.368
2025-01-24 15:00:00,778.59,0.365
2025-01-24 15:30:00,778.31,0.367
2025-01-24 16:00:00,778.07,0.365
2025-01-24 16:30:00,777.84,0.363
2025-01-24 17:00:00,777.77,0.363
2025-01-24 17:30:00,777.55,0.367
2025-01-24 18:00:00,777.24,0.372
2025-01-24 18:30:00,776.83,0.379
2025-01-24 19:00:00,776.45,0.391
2025-01-24 19:30:00,776.27,0.412
2025-01-24 20:00:00,775.61,0.441
2025-01-24 20:30:00,775.08,0.472
2025-01-24 21:00:00,774.59,0.502
2025-01-24 21:30:00,774.11,0.526
2025-01-24 22:00:00,773.73,0.545
2025-01-24 22:30:00,773.4,0.556
2025-01-24 23:00:00,773.13,0.563
2025-01-24 23:30:00,773.1,0.562
2025-01-25 00:00:00,772.96,0.555
2025-01-25 00:30:00,772.77,0.539
2025-01-25 01:00:00,772.74,0.524
2025-01-25 01:30:00,772.51,0.505
2025-01-25 02:00:00,772.32,0.492
2025-01-25 02:30:00,771.99,0.478
2025-01-25 03:00:00,771.62,0.466
2025-01-25 03:30:00,771.3,0.456
2025-01-25 04:00:00,771.02,0.451
2025-01-25 04:30:00,770.61,0.443
2025-01-25 05:00:00,770.14,0.434
2025-01-25 05:30:00,769.93,0.431
2025-01-25 06:00:00,769.81,0.429
2025-01-25 06:30:00,769.57,0.425
2025-01-25 07:00:00,769.5,0.422
2025-01-25 07:30:00,769.1,0.421
2025-01-25 08:00:00,768.69,0.415
2025-01-25 08:30:00,768.25,0.415
2025-01-25 09:00:00,767.79,0.414
2025-01-25 09:30:00,767.7,0.412
2025-01-25 10:00:00,767.54,0.41
2025-01-25 10:30:00,767.28,0.407
2025-01-25 11:00:00,766.98,0.406
2025-01-25 11:30:00,766.83,0.405
2025-01-25 12:00:00,766.41,0.405
2025-01-25 12:30:00,766.07,0.402
2025-01-25 13:00:00,765.78,0.403
2025-01-25 13:30:00,765.28,0.399
2025-01-25 14:00:00,765.08,0.402
2025-01-25 14:30:00,764.79,0.397
2025-01-25 15:00:00,764.83,0.396
2025-01-25 15:30:00,764.3,0.395
2025-01-25 16:00:00,763.81,0.392
2025-01-25 16:30:00,763.77,0.392
2025-01-25 17:00:00,763.75,0.389
2025-01-25 17:30:00,763.7,0.393
2025-01-25 18:00:00,763.81,0.4
2025-01-25 18:30:00,763.67,0.418
2025-01-25 19:00:00,763.61,0.452
2025-01-25 19:30:00,763.4,0.49
2025-01-25 20:00:00,763.14,0.521
2025-01-25 20:30:00,762.87,0.542
2025-01-25 21:00:00,762.87,0.554
2025-01-25 21:30:00,762.75,0.563
2025-01-25 22:00:00,762.47,0.559
2025-01-25 22:30:00,762.33,0.55
2025-01-25 23:00:00,762.51,0.537
2025-01-25 23:30:00,762.56,0.526
2025-01-26 00:00:00,762.66,0.515
2025-01-26 00:30:00,762.73,0.501
2025-01-26 01:00:00,762.78,0.493
2025-01-26 01:30:00,763.35,0.484
2025-01-26 02:00:00,763.29,0.477
2025-01-26 02:30:00,763.32,0.473
2025-01-26 03:00:00,763.4,0.467
2025-01-26 03:30:00,763.6,0.463
2025-01-26 04:00:00,763.84,0.459
2025-01-26 04:30:00,764.25,0.457
2025-01-26 05:00:00,764.52,0.454
2025-01-26 05:30:00,764.77,0.451
2025-01-26 06:00:00,765.09,0.451
2025-01-26 06:30:00,765.33,0.447
2025-01-26 07:00:00,765.51,0.443
2025-01-26 07:30:00,765.55,0.443
2025-01-26 08:00:00,765.55,0.44
2025-01-26 08:30:00,765.58,0.436
2025-01-26 09:00:00,765.68,0.434
2025-01-26 09:30:00,765.66,0.429
2025-01-26 10:00:00,765.77,0.426
2025-01-26 10:30:00,765.94,0.423
2025-01-26 11:00:00,765.89,0.419
2025-01-26 11:30:00,765.89,0.415
2025-01-26 12:00:00,765.94,0.412
2025-01-26 12:30:00,766.09,0.408
2025-01-26 13:00:00,766.36,0.405
2025-01-26 13:30:00,766.56,0.402
2025-01-26 14:00:00,766.81,0.4
2025-01-26 14:30:00,767.11,0.397
2025-01-26 15:00:00,767.25,0.393
2025-01-26 15:30:00,767.3,0.391
2025-01-26 16:00:00,767.46,0.391
2025-01-26 16:30:00,767.64,0.39
2025-01-26 17:00:00,767.82,0.392
2025-01-26 17:30:00,768.08,0.392
2025-01-26 18:00:00,768.48,0.392
2025-01-26 18:30:00,768.75,0.396
2025-01-26 19:00:00,769.04,0.399
2025-01-26 19:30:00,769.26,0.401
2025-01-26 20:00:00,769.25,0.402
2025-01-26 20:30:00,769.19,0.402
2025-01-26 21:00:00,769.18,0.403
2025-01-26 21:30:00,769.2,0.406
2025-01-26 22:00:00,769.07,0.407
2025-01-26 22:30:00,768.97,0.411
2025-01-26 23:00:00,769.12,0.41
2025-01-26 23:30:00,769.58,0.413
2025-01-27 00:00:00,769.65,0.414
2025-01-27 00:30:00,769.97,0.414
2025-01-27 01:00:00,770.11,0.413
2025-01-27 01:30:00,770.21,0.411
2025-01-27 02:00:00,770.42,0.41
2025-01-27 02:30:00,770.57,0.408
2025-01-27 03:00:00,770.9,0.405
2025-01-27 03:30:00,770.97,0.403
2025-01-27 04:00:00,771.09,0.402
2025-01-27 04:30:00,771.17,0.402
2025-01-27 05:00:00,771.39,0.399
2025-01-27 05:30:00,771.63,0.398
2025-01-27 06:00:00,771.86,0.396
2025-01-27 06:30:00,772.15,0.392
2025-01-27 07:00:00,772.21,0.39
2025-01-27 07:30:00,772.21,0.388
2025-01-27 08:00:00,772.23,0.388
2025-01-27 08:30:00,772.44,0.386
2025-01-27 09:00:00,772.26,0.384
2025-01-27 09:30:00,772.12,0.381
2025-01-27 10:00:00,772.18,0.38
2025-01-27 10:30:00,772.08,0.378
2025-01-27 11:00:00,771.87,0.379
2025-01-27 11:30:00,771.82,0.375
2025-01-27 12:00:00,771.9,0.375
2025-01-27 12:30:00,771.83,0.37
2025-01-27 13:00:00,771.91,0.37
2025-01-27 13:30:00,771.85,0.367
2025-01-27 14:00:00,771.78,0.366
2025-01-27 14:30:00,772.06,0.364
2025-01-27 15:00:00,771.85,0.36
2025-01-27 15:30:00,772.17,0.359
2025-01-27 16:00:00,772.12,0.354
2025-01-27 16:30:00,772.33,0.354
2025-01-27 17:00:00,772.44,0.351
2025-01-27 17:30:00,772.68,0.352
2025-01-27 18:00:00,773.09,0.354
2025-01-27 18:30:00,773.34,0.357
2025-01-27 19:00:00,773.38,0.359
2025-01-27 19:30:00,773.34,0.361
2025-01-27 20:00:00,773.19,0.362
2025-01-27 20:30:00,772.9,0.367
2025-01-27 21:00:00,772.69,0.37
2025-01-27 21:30:00,772.6,0.373
2025-01-27 22:00:00,772.52,0.377
2025-01-27 22:30:00,772.57,0.38
2025-01-27 23:00:00,772.79,0.385
2025-01-27 23:30:00,773.01,0.387
2025-01-28 00:00:00,773.08,0.388
2025-01-28 00:30:00,773.18,0.388
2025-01-28 01:00:00,773.18,0.389
2025-01-28 01:30:00,773.11,0.388
2025-01-28 02:00:00,773.3,0.386
2025-01-28 02:30:00,773.42,0.384
2025-01-28 03:00:00,773.54,0.382
2025-01-28 03:30:00,773.65,0.383
2025-01-28 04:00:00,773.57,0.383
2025-01-28 04:30:00,773.58,0.381
2025-01-28 05:00:00,773.54,0.38
2025-01-28 05:30:00,773.58,0.378
2025-01-28 06:00:00,773.63,0.374
2025-01-28 06:30:00,773.45,0.37
2025-01-28 07:00:00,773.29,0.367
2025-01-28 07:30:00,773.2,0.363
2025-01-28 08:00:00,773.18,0.357
2025-01-28 08:30:00,772.93,0.352
2025-01-28 09:00:00,772.83,0.349
2025-01-28 09:30:00,772.64,0.345
2025-01-28 10:00:00,772.72,0.337
2025-01-28 10:30:00,772.45,0.332
2025-01-28 11:00:00,772.21,0.325
2025-01-28 11:30:00,772.18,0.323
2025-01-28 12:00:00,772.14,0.317
2025-01-28 12:30:00,772.01,0.312
2025-01-28 13:00:00,771.95,0.305
2025-01-28 13:30:00,771.83,0.299
2025-01-28 14:00:00,772.0,0.295
2025-01-28 14:30:00,772.04,0.291
2025-01-28 15:00:00,772.13,0.285
2025-01-28 15:30:00,772.16,0.281
2025-01-28 16:00:00,772.14,0.275
2025-01-28 16:30:00,772.35,0.271
2025-01-28 17:00:00,772.47,0.269
2025-01-28 17:30:00,772.47,0.27
2025-01-28 18:00:00,772.3,0.274
2025-01-28 18:30:00,772.16,0.279
2025-01-28 19:00:00,772.0,0.283
2025-01-28 19:30:00,771.78,0.287
2025-01-28 20:00:00,771.5,0.29
2025-01-28 20:30:00,771.22,0.293
2025-01-28 21:00:00,771.01,0.298
2025-01-28 21:30:00,770.74,0.3
2025-01-28 22:00:00,770.74,0.305
2025-01-28 22:30:00,770.9,0.312
2025-01-28 23:00:00,770.84,0.314
2025-01-28 23:30:00,770.77,0.317
2025-01-29 00:00:00,770.71,0.318
2025-01-29 00:30:00,770.57,0.319
2025-01-29 01:00:00,770.57,0.32
2025-01-29 01:30:00,770.6,0.319
2025-01-29 02:00:00,770.71,0.316
2025-01-29 02:30:00,770.84,0.315
2025-01-29 03:00:00,771.11,0.314
2025-01-29 03:30:00,771.23,0.314
2025-01-29 04:00:00,771.34,0.312
2025-01-29 04:30:00,771.34,0.31
2025-01-29 05:00:00,771.49,0.312
2025-01-29 05:30:00,771.62,0.311
2025-01-29 06:00:00,771.76,0.31
2025-01-29 06:30:00,771.67,0.31
2025-01-29 07:00:00,771.64,0.309
2025-01-29 07:30:00,771.66,0.309
2025-01-29 08:00:00,771.52,0.31
2025-01-29 08:30:00,771.45,0.31
2025-01-29 09:00:00,771.32,0.312
2025-01-29 09:30:00,771.26,0.308
2025-01-29 10:00:00,771.37,0.31
2025-01-29 10:30:00,771.28,0.308
2025-01-29 11:00:00,771.4,0.309
2025-01-29 11:30:00,771.38,0.31
2025-01-29 12:00:00,771.36,0.313
2025-01-29 12:30:00,771.48,0.313
2025-01-29 13:00:00,771.43,0.315
2025-01-29 13:30:00,771.57,0.314
2025-01-29 14:00:00,771.68,0.312
2025-01-29 14:30:00,772.03,0.309
2025-01-29 15:00:00,772.33,0.307
2025-01-29 15:30:00,772.58,0.304
2025-01-29 16:00:00,772.8,0.303
2025-01-29 16:30:00,772.98,0.298
2025-01-29 17:00:00,773.16,0.297
2025-01-29 17:30:00,773.23,0.298
2025-01-29 18:00:00,773.3,0.302
2025-01-29 18:30:00,773.39,0.307
2025-01-29 19:00:00,773.3,0.319
2025-01-29 19:30:00,773.22,0.339
2025-01-29 20:00:00,773.11,0.361
2025-01-29 20:30:00,772.86,0.386
2025-01-29 21:00:00,772.8,0.408
2025-01-29 21:30:00,772.7,0.426
2025-01-29 22:00:00,772.85,0.446
2025-01-29 22:30:00,773.06,0.456
2025-01-29 23:00:00,772.97,0.464
2025-01-29 23:30:00,772.98,0.466
2025-01-30 00:00:00,773.15,0.465
2025-01-30 00:30:00,773.31,0.456
2025-01-30 01:00:00,773.5,0.444
2025-01-30 01:30:00,773.72,0.43
2025-01-30 02:00:00,774.0,0.413
2025-01-30 02:30:00,774.04,0.402
2025-01-30 03:00:00,774.14,0.389
2025-01-30 03:30:00,774.31,0.381
2025-01-30 04:00:00,774.53,0.374
2025-01-30 04:30:00,774.61,0.367
2025-01-30 05:00:00,774.75,0.362
2025-01-30 05:30:00,774.86,0.359
2025-01-30 06:00:00,775.12,0.354
2025-01-30 06:30:00,775.17,0.35
2025-01-30 07:00:00,775.25,0.347
2025-01-30 07:30:00,775.21,0.344
2025-01-30 08:00:00,775.33,0.338
2025-01-30 08:30:00,775.27,0.335
2025-01-30 09:00:00,775.15,0.332
2025-01-30 09:30:00,775.13,0.33
2025-01-30 10:00:00,775.14,0.323
2025-01-30 10:30:00,775.1,0.321
2025-01-30 11:00:00,775.12,0.318
2025-01-30 11:30:00,775.11,0.316
2025-01-30 12:00:00,775.28,0.314
2025-01-30 12:30:00,775.24,0.313
2025-01-30 13:00:00,775.39,0.309
2025-01-30 13:30:00,775.37,0.309
2025-01-30 14:00:00,775.44,0.303
2025-01-30 14:30:00,775.71,0.301
2025-01-30 15:00:00,775.9,0.298
2025-01-30 15:30:00,776.06,0.294
2025-01-30 16:00:00,776.27,0.289
2025-01-30 16:30:00,776.39,0.286
2025-01-30 17:00:00,776.38,0.285
2025-01-30 17:30:00,776.4,0.288
2025-01-30 18:00:00,776.54,0.294
2025-01-30 18:30:00,776.5,0.3
2025-01-30 19:00:00,776.47,0.307
2025-01-30 19:30:00,776.44,0.323
2025-01-30 20:00:00,776.35,0.343
2025-01-30 20:30:00,776.12,0.364
2025-01-30 21:00:00,775.99,0.391
2025-01-30 21:30:00,776.17,0.418
2025-01-30 22:00:00,776.1,0.442
2025-01-30 22:30:00,776.31,0.462
2025-01-30 23:00:00,776.47,0.477
2025-01-30 23:30:00,776.67,0.483
2025-01-31 00:00:00,776.91,0.487
2025-01-31 00:30:00,776.91,0.485
2025-01-31 01:00:00,777.14,0.472
2025-01-31 01:30:00,777.11,0.458
2025-01-31 02:00:00,777.3,0.44
2025-01-31 02:30:00,777.42,0.428
2025-01-31 03:00:00,777.57,0.419
2025-01-31 03:30:00,777.71,0.411
2025-01-31 04:00:00,777.84,0.404
2025-01-31 04:30:00,777.87,0.396
2025-01-31 05:00:00,778.02,0.393
2025-01-31 05:30:00,778.21,0.388
2025-01-31 06:00:00,778.31,0.382
2025-01-31 06:30:00,778.33,0.378
2025-01-31 07:00:00,778.38,0.373
2025-01-31 07:30:00,778.45,0.371
2025-01-31 08:00:00,778.41,0.365
2025-01-31 08:30:00,778.09,0.363
2025-01-31 09:00:00,777.94,0.36
2025-01-31 09:30:00,777.95,0.358
2025-01-31 10:00:00,777.71,0.354
2025-01-31 10:30:00,777.41,0.353
2025-01-31 11:00:00,777.17,0.352
2025-01-31 11:30:00,777.07,0.35
2025-01-31 12:00:00,777.01,0.347
2025-01-31 12:30:00,776.8,0.343
2025-01-31 13:00:00,776.72,0.343
2025-01-31 13:30:00,776.56,0.342
2025-01-31 14:00:00,776.52,0.34
2025-01-31 14:30:00,777.21,0.338
2025-01-31 15:00:00,777.02,0.338
2025-01-31 15:30:00,777.14,0.334
2025-01-31 16:00:00,776.9,0.332
2025-01-31 16:30:00,777.72,0.33
2025-01-31 17:00:00,777.96,0.331
2025-01-31 17:30:00,778.08,0.331
2025-01-31 18:00:00,778.05,0.33
2025-01-31 18:30:00,778.31,0.334
2025-01-31 19:00:00,778.4,0.336
2025-01-31 19:30:00,778.49,0.34
2025-01-31 20:00:00,778.57,0.345
2025-01-31 20:30:00,777.89,0.349
2025-01-31 21:00:00,777.65,0.352
2025-01-31 21:30:00,777.02,0.356
2025-01-31 22:00:00,777.13,0.359
2025-01-31 22:30:00,777.07,0.361
2025-01-31 23:00:00,776.83,0.364
2025-01-31 23:30:00,776.36,0.366
2025-02-01 00:00:00,775.97,0.367
2025-02-01 00:30:00,776.03,0.364
2025-02-01 01:00:00,775.91,0.367
2025-02-01 01:30:00,776.44,0.369
2025-02-01 02:00:00,776.54,0.366
2025-02-01 02:30:00,776.77,0.364
2025-02-01 03:00:00,776.83,0.366
2025-02-01 03:30:00,776.62,0.365
2025-02-01 04:00:00,776.48,0.361
2025-02-01 04:30:00,776.26,0.362
2025-02-01 05:00:00,776.4,0.36
2025-02-01 05:30:00,776.66,0.36
2025-02-01 06:00:00,776.44,0.361
2025-02-01 06:30:00,776.48,0.359
2025-02-01 07:00:00,776.38,0.358
2025-02-01 07:30:00,776.31,0.359
2025-02-01 08:00:00,776.28,0.358
2025-02-01 08:30:00,776.21,0.356
2025-02-01 09:00:00,775.93,0.357
2025-02-01 09:30:00,775.66,0.354
2025-02-01 10:00:00,775.49,0.354
2025-02-01 10:30:00,775.38,0.354
2025-02-01 11:00:00,775.07,0.356
2025-02-01 11:30:00,774.98,0.352
2025-02-01 12:00:00,774.87,0.351
2025-02-01 12:30:00,774.94,0.352
2025-02-01 13:00:00,775.29,0.351
2025-02-01 13:30:00,774.99,0.35
2025-02-01 14:00:00,774.98,0.35
2025-02-01 14:30:00,775.06,0.35
2025-02-01 15:00:00,774.94,0.35
2025-02-01 15:30:00,774.84,0.349
2025-02-01 16:00:00,775.25,0.348
2025-02-01 16:30:00,775.18,0.349
2025-02-01 17:00:00,775.38,0.351
2025-02-01 17:30:00,775.47,0.352
2025-02-01 18:00:00,775.72,0.354
2025-02-01 18:30:00,775.78,0.358
2025-02-01 19:00:00,775.99,0.364
2025-02-01 19:30:00,775.71,0.37
2025-02-01 20:00:00,775.74,0.378
2025-02-01 20:30:00,775.75,0.386
2025-02-01 21:00:00,775.76,0.393
2025-02-01 21:30:00,775.88,0.398
2025-02-01 22:00:00,776.21,0.397
2025-02-01 22:30:00,776.32,0.4
2025-02-01 23:00:00,776.54,0.397
2025-02-01 23:30:00,776.53,0.396
2025-02-02 00:00:00,777.01,0.395
2025-02-02 00:30:00,777.15,0.396
2025-02-02 01:00:00,777.54,0.394
2025-02-02 01:30:00,777.51,0.391
2025-02-02 02:00:00,777.96,0.389
2025-02-02 02:30:00,778.08,0.386
2025-02-02 03:00:00,778.63,0.385
2025-02-02 03:30:00,778.61,0.383
2025-02-02 04:00:00,778.79,0.381
2025-02-02 04:30:00,779.08,0.381
2025-02-02 05:00:00,779.0,0.38
2025-02-02 05:30:00,778.84,0.379
2025-02-02 06:00:00,778.99,0.378
2025-02-02 06:30:00,779.52,0.383
2025-02-02 07:00:00,779.72,0.384
2025-02-02 07:30:00,780.21,0.385
2025-02-02 08:00:00,780.25,0.386
2025-02-02 08:30:00,780.16,0.388
2025-02-02 09:00:00,779.79,0.385
2025-02-02 09:30:00,780.2,0.385
2025-02-02 10:00:00,780.46,0.381
2025-02-02 10:30:00,780.46,0.378
2025-02-02 11:00:00,780.41,0.373
2025-02-02 11:30:00,780.35,0.367
2025-02-02 12:00:00,780.44,0.363
2025-02-02 12:30:00,780.28,0.356
2025-02-02 13:00:00,780.34,0.352
2025-02-02 13:30:00,780.37,0.344
2025-02-02 14:00:00,780.47,0.342
2025-02-02 14:30:00,780.34,0.334
2025-02-02 15:00:00,780.55,0.329
2025-02-02 15:30:00,780.63,0.327
2025-02-02 16:00:00,780.58,0.32
2025-02-02 16:30:00,780.75,0.315
2025-02-02 17:00:00,780.99,0.312
2025-02-02 17:30:00,781.08,0.309
2025-02-02 18:00:00,781.5,0.307
2025-02-02 18:30:00,781.62,0.302
2025-02-02 19:00:00,781.78,0.306
2025-02-02 19:30:00,781.75,0.303
2025-02-02 20:00:00,781.63,0.304
2025-02-02 20:30:00,781.4,0.307
2025-02-02 21:00:00,781.46,0.31
2025-02-02 21:30:00,781.55,0.315
2025-02-02 22:00:00,781.51,0.319
2025-02-02 22:30:00,781.28,0.318
2025-02-02 23:00:00,781.32,0.316
2025-02-02 23:30:00,781.31,0.314
2025-02-03 00:00:00,781.14,0.312
2025-02-03 00:30:00,781.1,0.311
2025-02-03 01:00:00,780.99,0.309
2025-02-03 01:30:00,780.97,0.305
2025-02-03 02:00:00,781.06,0.303
2025-02-03 02:30:00,781.03,0.302
2025-02-03 03:00:00,780.76,0.301
2025-02-03 03:30:00,780.37,0.299
2025-02-03 04:00:00,780.13,0.301
2025-02-03 04:30:00,779.89,0.3
2025-02-03 05:00:00,779.65,0.299
2025-02-03 05:30:00,779.42,0.3
2025-02-03 06:00:00,779.3,0.302
2025-02-03 06:30:00,779.22,0.3
2025-02-03 07:00:00,779.13,0.301
2025-02-03 07:30:00,778.87,0.3
2025-02-03 08:00:00,778.68,0.301
2025-02-03 08:30:00,778.28,0.3
2025-02-03 09:00:00,778.08,0.302
2025-02-03 09:30:00,777.84,0.3
2025-02-03 10:00:00,777.62,0.301
2025-02-03 10:30:00,777.32,0.3
2025-02-03 11:00:00,777.08,0.302
2025-02-03 11:30:00,776.61,0.3
2025-02-03 12:00:00,776.44,0.3
2025-02-03 12:30:00,776.34,0.299
2025-02-03 13:00:00,776.34,0.3
2025-02-03 13:30:00,776.22,0.297
2025-02-03 14:00:00,776.1,0.299
2025-02-03 14:30:00,775.96,0.298
2025-02-03 15:00:00,775.88,0.296
2025-02-03 15:30:00,775.88,0.296
2025-02-03 16:00:00,775.9,0.295
2025-02-03 16:30:00,775.84,0.296
2025-02-03 17:00:00,775.86,0.295
2025-02-03 17:30:00,775.65,0.297
2025-02-03 18:00:00,775.64,0.301
2025-02-03 18:30:00,775.68,0.309
2025-02-03 19:00:00,775.54,0.32
2025-02-03 19:30:00,775.37,0.331
2025-02-03 20:00:00,774.94,0.337
2025-02-03 20:30:00,774.55,0.343
2025-02-03 21:00:00,774.56,0.347
2025-02-03 21:30:00,774.34,0.347
2025-02-03 22:00:00,773.94,0.346
2025-02-03 22:30:00,773.61,0.341
2025-02-03 23:00:00,773.51,0.339
2025-02-03 23:30:00,773.7,0.336
2025-02-04 00:00:00,773.48,0.333
2025-02-04 00:30:00,773.46,0.329
2025-02-04 01:00:00,773.39,0.328
2025-02-04 01:30:00,773.06,0.322
2025-02-04 02:00:00,772.94,0.32
2025-02-04 02:30:00,772.89,0.318
2025-02-04 03:00:00,772.83,0.316
2025-02-04 03:30:00,772.94,0.314
2025-02-04 04:00:00,773.16,0.311
2025-02-04 04:30:00,773.37,0.309
2025-02-04 05:00:00,773.46,0.306
2025-02-04 05:30:00,773.67,0.305
2025-02-04 06:00:00,773.68,0.304
2025-02-04 06:30:00,773.53,0.301
2025-02-04 07:00:00,773.6,0.298
2025-02-04 07:30:00,773.44,0.297
2025-02-04 08:00:00,773.32,0.296
2025-02-04 08:30:00,773.2,0.296
2025-02-04 09:00:00,773.05,0.294
2025-02-04 09:30:00,773.11,0.292
2025-02-04 10:00:00,772.87,0.291
2025-02-04 10:30:00,772.95,0.288
2025-02-04 11:00:00,773.12,0.287
2025-02-04 11:30:00,773.0,0.286
2025-02-04 12:00:00,773.09,0.286
2025-02-04 12:30:00,773.21,0.283
2025-02-04 13:00:00,773.27,0.283
2025-02-04 13:30:00,772.61,0.28
2025-02-04 14:00:00,772.66,0.28
2025-02-04 14:30:00,772.39,0.278
2025-02-04 15:00:00,771.97,0.277
2025-02-04 15:30:00,771.89,0.275
2025-02-04 16:00:00,771.3,0.273
2025-02-04 16:30:00,771.35,0.271
2025-02-04 17:00:00,771.53,0.272
2025-02-04 17:30:00,772.09,0.275
2025-02-04 18:00:00,772.39,0.285
2025-02-04 18:30:00,772.34,0.296
2025-02-04 19:00:00,772.45,0.306
2025-02-04 19:30:00,772.48,0.315
2025-02-04 20:00:00,772.42,0.324
2025-02-04 20:30:00,772.25,0.331
2025-02-04 21:00:00,771.92,0.335
2025-02-04 21:30:00,772.14,0.339
2025-02-04 22:00:00,771.92,0.344
2025-02-04 22:30:00,771.59,0.345
2025-02-04 23:00:00,771.12,0.342
2025-02-04 23:30:00,770.9,0.341
2025-02-05 00:00:00,771.08,0.334
2025-02-05 00:30:00,771.31,0.325
2025-02-05 01:00:00,771.27,0.319
2025-02-05 01:30:00,770.62,0.312
2025-02-05 02:00:00,770.05,0.307
2025-02-05 02:30:00,770.06,0.302
2025-02-05 03:00:00,769.95,0.298
2025-02-05 03:30:00,770.02,0.297
2025-02-05 04:00:00,770.0,0.292
2025-02-05 04:30:00,770.04,0.286
2025-02-05 05:00:00,770.39,0.284
2025-02-05 05:30:00,770.66,0.282
2025-02-05 06:00:00,770.9,0.281
2025-02-05 06:30:00,771.29,0.278
2025-02-05 07:00:00,771.36,0.28
2025-02-05 07:30:00,771.78,0.278
2025-02-05 08:00:00,771.8,0.279
2025-02-05 08:30:00,772.03,0.277
2025-02-05 09:00:00,772.05,0.276
2025-02-05 09:30:00,772.44,0.276
2025-02-05 10:00:00,772.69,0.277
2025-02-05 10:30:00,773.24,0.273
2025-02-05 11:00:00,773.42,0.272
2025-02-05 11:30:00,773.95,0.27
2025-02-05 12:00:00,774.49,0.27
2025-02-05 12:30:00,775.06,0.268
2025-02-05 13:00:00,775.59,0.269
2025-02-05 13:30:00,776.25,0.267
2025-02-05 14:00:00,776.79,0.265
2025-02-05 14:30:00,777.22,0.266
2025-02-05 15:00:00,777.56,0.263
2025-02-05 15:30:00,778.1,0.263
2025-02-05 16:00:00,778.37,0.262
2025-02-05 16:30:00,778.57,0.26
2025-02-05 17:00:00,778.98,0.261
2025-02-05 17:30:00,779.19,0.26
2025-02-05 18:00:00,779.55,0.257
2025-02-05 18:30:00,779.95,0.257
2025-02-05 19:00:00,780.1,0.258
2025-02-05 19:30:00,780.05,0.257
2025-02-05 20:00:00,779.94,0.258
2025-02-05 20:30:00,779.63,0.26
2025-02-05 21:00:00,779.33,0.259
2025-02-05 21:30:00,779.2,0.265
2025-02-05 22:00:00,779.11,0.268
2025-02-05 22:30:00,779.06,0.271
2025-02-05 23:00:00,779.12,0.273
2025-02-05 23:30:00,779.19,0.276
2025-02-06 00:00:00,779.26,0.275
2025-02-06 00:30:00,779.09,0.273
2025-02-06 01:00:00,778.82,0.275
2025-02-06 01:30:00,778.63,0.274
2025-02-06 02:00:00,778.55,0.273
2025-02-06 02:30:00,778.54,0.273
2025-02-06 03:00:00,778.45,0.27
2025-02-06 03:30:00,778.22,0.271
2025-02-06 04:00:00,778.09,0.271
2025-02-06 04:30:00,777.87,0.27
2025-02-06 05:00:00,777.79,0.27
2025-02-06 05:30:00,777.64,0.271
2025-02-06 06:00:00,777.36,0.27
2025-02-06 06:30:00,777.28,0.27
2025-02-06 07:00:00,777.22,0.27
2025-02-06 07:30:00,777.05,0.27
2025-02-06 08:00:00,776.78,0.271
2025-02-06 08:30:00,776.55,0.27
2025-02-06 09:00:00,776.18,0.27
2025-02-06 09:30:00,775.98,0.271
2025-02-06 10:00:00,775.65,0.271
2025-02-06 10:30:00,775.56,0.272
2025-02-06 11:00:00,775.21,0.27
2025-02-06 11:30:00,774.94,0.272
2025-02-06 12:00:00,774.57,0.269
2025-02-06 12:30:00,774.47,0.271
2025-02-06 13:00:00,774.35,0.271
2025-02-06 13:30:00,774.16,0.268
2025-02-06 14:00:00,773.74,0.267
2025-02-06 14:30:00,773.18,0.268
2025-02-06 15:00:00,772.91,0.266
2025-02-06 15:30:00,773.5,0.267
2025-02-06 16:00:00,773.42,0.266
2025-02-06 16:30:00,773.64,0.268
2025-02-06 17:00:00,773.51,0.266
2025-02-06 17:30:00,773.5,0.266
2025-02-06 18:00:00,773.27,0.267
2025-02-06 18:30:00,773.24,0.266
2025-02-06 19:00:00,773.12,0.266
2025-02-06 19:30:00,773.31,0.265
2025-02-06 20:00:00,772.57,0.267
2025-02-06 20:30:00,772.4,0.266
2025-02-06 21:00:00,771.71,0.267
2025-02-06 21:30:00,771.25,0.267
2025-02-06 22:00:00,770.75,0.267
2025-02-06 22:30:00,771.06,0.266
2025-02-06 23:00:00,771.25,0.267
2025-02-06 23:30:00,771.98,0.267
2025-02-07 00:00:00,771.77,0.267
2025-02-07 00:30:00,771.37,0.267
2025-02-07 01:00:00,771.31,0.266
2025-02-07 01:30:00,770.99,0.265
2025-02-07 02:00:00,771.89,0.264
2025-02-07 02:30:00,771.56,0.264
2025-02-07 03:00:00,771.91,0.264
2025-02-07 03:30:00,772.11,0.265
2025-02-07 04:00:00,771.43,0.262
2025-02-07 04:30:00,771.88,0.264
2025-02-07 05:00:00,771.73,0.263
2025-02-07 05:30:00,772.16,0.262
2025-02-07 06:00:00,772.67,0.263
2025-02-07 06:30:00,772.93,0.261
2025-02-07 07:00:00,772.91,0.263
2025-02-07 07:30:00,773.1,0.261
2025-02-07 08:00:00,772.97,0.261
2025-02-07 08:30:00,773.05,0.262
2025-02-07 09:00:00,773.43,0.26
2025-02-07 09:30:00,773.72,0.26
2025-02-07 10:00:00,773.86,0.26
2025-02-07 10:30:00,773.94,0.261
2025-02-07 11:00:00,774.02,0.261
2025-02-07 11:30:00,773.7,0.262
2025-02-07 12:00:00,773.97,0.261
2025-02-07 12:30:00,774.29,0.259
2025-02-07 13:00:00,774.27,0.26
2025-02-07 13:30:00,774.54,0.26
2025-02-07 14:00:00,774.72,0.26
2025-02-07 14:30:00,774.47,0.261
2025-02-07 15:00:00,774.89,0.259
2025-02-07 15:30:00,775.15,0.26
2025-02-07 16:00:00,775.46,0.26
2025-02-07 16:30:00,775.67,0.259
2025-02-07 17:00:00,775.83,0.258
2025-02-07 17:30:00,776.08,0.258
2025-02-07 18:00:00,776.04,0.259
2025-02-07 18:30:00,776.18,0.257
2025-02-07 19:00:00,776.45,0.258
2025-02-07 19:30:00,776.51,0.259
2025-02-07 20:00:00,776.1,0.258
2025-02-07 20:30:00,776.35,0.259
2025-02-07 21:00:00,776.42,0.258
2025-02-07 21:30:00,776.68,0.257
2025-02-07 22:00:00,776.83,0.256
2025-02-07 22:30:00,777.18,0.257
2025-02-07 23:00:00,777.78,0.257
2025-02-07 23:30:00,778.23,0.258
2025-02-08 00:00:00,778.36,0.257
2025-02-08 00:30:00,778.62,0.258
2025-02-08 01:00:00,778.7,0.258
2025-02-08 01:30:00,778.8,0.256
2025-02-08 02:00:00,779.01,0.257
2025-02-08 02:30:00,779.11,0.257
2025-02-08 03:00:00,779.56,0.257
2025-02-08 03:30:00,779.7,0.258
2025-02-08 04:00:00,779.97,0.257
2025-02-08 04:30:00,779.98,0.256
2025-02-08 05:00:00,780.25,0.257
2025-02-08 05:30:00,780.38,0.256
2025-02-08 06:00:00,780.48,0.257
2025-02-08 06:30:00,780.35,0.257
2025-02-08 07:00:00,780.71,0.257
2025-02-08 07:30:00,780.81,0.257
2025-02-08 08:00:00,780.94,0.256
2025-02-08 08:30:00,780.69,0.256
2025-02-08 09:00:00,780.8,0.254
2025-02-08 09:30:00,780.62,0.255
2025-02-08 10:00:00,780.6,0.255
2025-02-08 10:30:00,780.58,0.255
2025-02-08 11:00:00,780.58,0.256
2025-02-08 11:30:00,780.25,0.256
2025-02-08 12:00:00,780.16,0.258
2025-02-08 12:30:00,780.35,0.254
2025-02-08 13:00:00,780.46,0.256
2025-02-08 13:30:00,780.47,0.254
2025-02-08 14:00:00,780.53,0.257
2025-02-08 14:30:00,780.67,0.253
2025-02-08 15:00:00,780.7,0.255
2025-02-08 15:30:00,780.94,0.256
2025-02-08 16:00:00,781.25,0.256
2025-02-08 16:30:00,781.3,0.253
2025-02-08 17:00:00,781.07,0.254
2025-02-08 17:30:00,781.32,0.255
2025-02-08 18:00:00,781.33,0.254
2025-02-08 18:30:00,781.41,0.255
2025-02-08 19:00:00,781.29,0.255
2025-02-08 19:30:00,781.14,0.255
2025-02-08 20:00:00,781.07,0.254
2025-02-08 20:30:00,780.76,0.254
2025-02-08 21:00:00,780.61,0.254
2025-02-08 21:30:00,780.48,0.255
2025-02-08 22:00:00,780.59,0.254
2025-02-08 22:30:00,780.51,0.254
2025-02-08 23:00:00,780.64,0.254
2025-02-08 23:30:00,780.68,0.254
2025-02-09 00:00:00,780.69,0.253
2025-02-09 00:30:00,780.57,0.254
2025-02-09 01:00:00,780.82,0.252
2025-02-09 01:30:00,780.75,0.254
2025-02-09 02:00:00,780.68,0.255
2025-02-09 02:30:00,780.91,0.253
2025-02-09 03:00:00,780.99,0.254
2025-02-09 03:30:00,781.08,0.252
2025-02-09 04:00:00,781.15,0.253
2025-02-09 04:30:00,781.39,0.253
2025-02-09 05:00:00,781.63,0.254
2025-02-09 05:30:00,781.48,0.254
2025-02-09 06:00:00,781.49,0.252
2025-02-09 06:30:00,781.88,0.253
2025-02-09 07:00:00,782.06,0.251
2025-02-09 07:30:00,782.05,0.251
2025-02-09 08:00:00,781.56,0.251
2025-02-09 08:30:00,781.12,0.252
2025-02-09 09:00:00,780.98,0.251
2025-02-09 09:30:00,781.02,0.251
2025-02-09 10:00:00,781.07,0.251
2025-02-09 10:30:00,780.98,0.252
2025-02-09 11:00:00,780.93,0.252
2025-02-09 11:30:00,780.83,0.25
2025-02-09 12:00:00,780.81,0.25
2025-02-09 12:30:00,780.93,0.25
2025-02-09 13:00:00,780.92,0.25
2025-02-09 13:30:00,780.91,0.249
2025-02-09 14:00:00,780.72,0.247
2025-02-09 14:30:00,780.7,0.249
2025-02-09 15:00:00,780.85,0.248
2025-02-09 15:30:00,780.82,0.247
2025-02-09 16:00:00,780.88,0.249
2025-02-09 16:30:00,780.89,0.248
2025-02-09 17:00:00,780.87,0.247
2025-02-09 17:30:00,780.79,0.248
2025-02-09 18:00:00,780.79,0.246
2025-02-09 18:30:00,780.56,0.247
2025-02-09 19:00:00,780.28,0.245
2025-02-09 19:30:00,779.99,0.245
2025-02-09 20:00:00,779.71,0.245
2025-02-09 20:30:00,779.63,0.245
2025-02-09 21:00:00,779.41,0.244
2025-02-09 21:30:00,779.17,0.244
2025-02-09 22:00:00,778.98,0.243
2025-02-09 22:30:00,778.77,0.242
2025-02-09 23:00:00,778.9,0.243
2025-02-09 23:30:00,778.98,0.243
2025-02-10 00:00:00,779.05,0.243
2025-02-10 00:30:00,779.04,0.243
2025-02-10 01:00:00,779.07,0.242
2025-02-10 01:30:00,779.09,0.241
2025-02-10 02:00:00,779.28,0.241
2025-02-10 02:30:00,779.45,0.241
2025-02-10 03:00:00,779.42,0.241
2025-02-10 03:30:00,779.43,0.24
2025-02-10 04:00:00,779.32,0.24
2025-02-10 04:30:00,779.47,0.238
2025-02-10 05:00:00,779.73,0.237
2025-02-10 05:30:00,779.68,0.238
2025-02-10 06:00:00,779.7,0.238
2025-02-10 06:30:00,779.8,0.239
2025-02-10 07:00:00,779.84,0.237
2025-02-10 07:30:00,779.98,0.237
2025-02-10 08:00:00,779.99,0.236
2025-02-10 08:30:00,779.8,0.237
2025-02-10 09:00:00,779.59,0.237
2025-02-10 09:30:00,779.75,0.235
2025-02-10 10:00:00,779.54,0.235
2025-02-10 10:30:00,779.59,0.235
2025-02-10 11:00:00,779.41,0.235
2025-02-10 11:30:00,779.44,0.234
2025-02-10 12:00:00,779.49,0.236
2025-02-10 12:30:00,779.32,0.235
2025-02-10 13:00:00,779.25,0.234
2025-02-10 13:30:00,779.2,0.234
2025-02-10 14:00:00,779.02,0.235
2025-02-10 14:30:00,779.15,0.235
2025-02-10 15:00:00,779.3,0.233
2025-02-10 15:30:00,779.3,0.231
2025-02-10 16:00:00,779.38,0.23
2025-02-10 16:30:00,779.33,0.23
2025-02-10 17:00:00,779.09,0.23
2025-02-10 17:30:00,779.02,0.23
2025-02-10 18:00:00,778.93,0.231
2025-02-10 18:30:00,778.94,0.23
2025-02-10 19:00:00,778.86,0.231
2025-02-10 19:30:00,778.74,0.23
2025-02-10 20:00:00,778.53,0.23
2025-02-10 20:30:00,778.15,0.228
2025-02-10 21:00:00,777.85,0.231
2025-02-10 21:30:00,777.53,0.231
2025-02-10 22:00:00,777.54,0.229
2025-02-10 22:30:00,777.48,0.23
2025-02-10 23:00:00,777.42,0.229
2025-02-10 23:30:00,777.42,0.226
2025-02-11 00:00:00,777.4,0.228
2025-02-11 00:30:00,777.35,0.228
2025-02-11 01:00:00,777.43,0.227
2025-02-11 01:30:00,777.28,0.226
2025-02-11 02:00:00,777.32,0.226
2025-02-11 02:30:00,777.47,0.225
2025-02-11 03:00:00,777.61,0.226
2025-02-11 03:30:00,777.44,0.225
2025-02-11 04:00:00,777.28,0.224
2025-02-11 04:30:00,777.34,0.224
2025-02-11 05:00:00,777.6,0.224
2025-02-11 05:30:00,777.21,0.224
2025-02-11 06:00:00,777.14,0.223
2025-02-11 06:30:00,777.01,0.223
2025-02-11 07:00:00,776.82,0.222
2025-02-11 07:30:00,776.54,0.22
2025-02-11 08:00:00,776.52,0.222
2025-02-11 08:30:00,776.37,0.222
2025-02-11 09:00:00,775.91,0.221
2025-02-11 09:30:00,775.74,0.221
2025-02-11 10:00:00,775.75,0.22
2025-02-11 10:30:00,775.59,0.22
2025-02-11 11:00:00,775.49,0.219
2025-02-11 11:30:00,775.17,0.22
2025-02-11 12:00:00,774.92,0.22
2025-02-11 12:30:00,774.79,0.219
2025-02-11 13:00:00,774.72,0.219
2025-02-11 13:30:00,774.73,0.219
2025-02-11 14:00:00,774.64,0.219
2025-02-11 14:30:00,774.69,0.22
2025-02-11 15:00:00,774.66,0.219
2025-02-11 15:30:00,774.57,0.219
2025-02-11 16:00:00,774.41,0.22
2025-02-11 16:30:00,774.29,0.219
2025-02-11 17:00:00,774.33,0.22
2025-02-11 17:30:00,774.25,0.221
2025-02-11 18:00:00,774.31,0.219
2025-02-11 18:30:00,774.5,0.222
2025-02-11 19:00:00,774.49,0.219
2025-02-11 19:30:00,774.37,0.22
2025-02-11 20:00:00,774.26,0.22
2025-02-11 20:30:00,774.05,0.219
2025-02-11 21:00:00,773.85,0.22
2025-02-11 21:30:00,773.51,0.221
2025-02-11 22:00:00,773.19,0.221
2025-02-11 22:30:00,773.19,0.221
2025-02-11 23:00:00,773.22,0.221
2025-02-11 23:30:00,773.46,0.22
2025-02-12 00:00:00,773.57,0.221
2025-02-12 00:30:00,773.89,0.219
2025-02-12 01:00:00,773.54,0.22
2025-02-12 01:30:00,773.04,0.222
2025-02-12 02:00:00,773.46,0.221
2025-02-12 02:30:00,773.56,0.22
2025-02-12 03:00:00,773.53,0.22
2025-02-12 03:30:00,773.15,0.22
2025-02-12 04:00:00,772.73,0.222
2025-02-12 04:30:00,772.64,0.22
2025-02-12 05:00:00,772.91,0.22
2025-02-12 05:30:00,772.95,0.219
2025-02-12 06:00:00,772.62,0.22
2025-02-12 06:30:00,772.45,0.22
2025-02-12 07:00:00,772.34,0.221
2025-02-12 07:30:00,772.47,0.221
2025-02-12 08:00:00,772.51,0.223
2025-02-12 08:30:00,772.67,0.219
2025-02-12 09:00:00,772.71,0.223
2025-02-12 09:30:00,772.74,0.221
2025-02-12 10:00:00,772.66,0.221
2025-02-12 10:30:00,772.36,0.221
2025-02-12 11:00:00,772.03,0.22
2025-02-12 11:30:00,771.78,0.22
2025-02-12 12:00:00,771.78,0.221
2025-02-12 12:30:00,772.04,0.221
2025-02-12 13:00:00,772.12,0.221
2025-02-12 13:30:00,772.15,0.22
2025-02-12 14:00:00,772.05,0.223
2025-02-12 14:30:00,771.84,0.22
2025-02-12 15:00:00,772.21,0.221
2025-02-12 15:30:00,772.42,0.221
2025-02-12 16:00:00,772.45,0.22
2025-02-12 16:30:00,772.38,0.22
2025-02-12 17:00:00,772.36,0.22
2025-02-12 17:30:00,772.32,0.22
2025-02-12 18:00:00,772.14,0.222
2025-02-12 18:30:00,772.15,0.22
2025-02-12 19:00:00,772.0,0.222
2025-02-12 19:30:00,772.08,0.224
2025-02-12 20:00:00,771.92,0.221
2025-02-12 20:30:00,772.06,0.223
2025-02-12 21:00:00,771.9,0.223
2025-02-12 21:30:00,771.78,0.223
2025-02-12 22:00:00,771.7,0.223
2025-02-12 22:30:00,771.86,0.224
2025-02-12 23:00:00,771.82,0.222
2025-02-12 23:30:00,771.68,0.224
2025-02-13 00:00:00,771.74,0.225
2025-02-13 00:30:00,771.91,0.225
2025-02-13 01:00:00,772.03,0.225
2025-02-13 01:30:00,772.09,0.226
2025-02-13 02:00:00,772.23,0.225
2025-02-13 02:30:00,772.38,0.229
2025-02-13 03:00:00,772.53,0.226
2025-02-13 03:30:00,772.41,0.227
2025-02-13 04:00:00,772.07,0.228
2025-02-13 04:30:00,771.99,0.229
2025-02-13 05:00:00,771.83,0.23
2025-02-13 05:30:00,771.95,0.23
2025-02-13 06:00:00,772.01,0.228
2025-02-13 06:30:00,771.86,0.23
2025-02-13 07:00:00,771.72,0.232
2025-02-13 07:30:00,771.53,0.233
2025-02-13 08:00:00,771.55,0.231
2025-02-13 08:30:00,771.11,0.231
2025-02-13 09:00:00,770.68,0.233
2025-02-13 09:30:00,770.27,0.233
2025-02-13 10:00:00,769.67,0.233
2025-02-13 10:30:00,769.58,0.234
2025-02-13 11:00:00,769.42,0.233
2025-02-13 11:30:00,769.16,0.233
2025-02-13 12:00:00,768.72,0.234
2025-02-13 12:30:00,768.21,0.235
2025-02-13 13:00:00,767.58,0.236
2025-02-13 13:30:00,767.71,0.238
2025-02-13 14:00:00,767.66,0.235
2025-02-13 14:30:00,767.6,0.237
2025-02-13 15:00:00,767.39,0.238
2025-02-13 15:30:00,767.36,0.236
2025-02-13 16:00:00,767.65,0.237
2025-02-13 16:30:00,767.72,0.238
2025-02-13 17:00:00,767.52,0.236
2025-02-13 17:30:00,767.01,0.237
2025-02-13 18:00:00,766.67,0.236
2025-02-13 18:30:00,767.0,0.236
2025-02-13 19:00:00,766.75,0.235
2025-02-13 19:30:00,766.92,0.236
2025-02-13 20:00:00,767.55,0.238
2025-02-13 20:30:00,766.98,0.238
2025-02-13 21:00:00,768.52,0.239
2025-02-13 21:30:00,767.68,0.237
2025-02-13 22:00:00,768.02,0.238
2025-02-13 22:30:00,768.01,0.238
2025-02-13 23:00:00,766.58,0.239
2025-02-13 23:30:00,766.27,0.238
2025-02-14 00:00:00,766.28,0.24
2025-02-14 00:30:00,766.04,0.24
2025-02-14 01:00:00,766.47,0.239
2025-02-14 01:30:00,768.28,0.239
2025-02-14 02:00:00,768.84,0.24
2025-02-14 02:30:00,769.46,0.239
2025-02-14 03:00:00,769.24,0.239
2025-02-14 03:30:00,769.36,0.239
2025-02-14 04:00:00,769.42,0.241
2025-02-14 04:30:00,769.76,0.242
2025-02-14 05:00:00,769.61,0.241
2025-02-14 05:30:00,769.96,0.241
2025-02-14 06:00:00,770.65,0.242
2025-02-14 06:30:00,771.03,0.24
2025-02-14 07:00:00,770.84,0.241
2025-02-14 07:30:00,770.97,0.241
2025-02-14 08:00:00,770.57,0.24
2025-02-14 08:30:00,770.98,0.241
2025-02-14 09:00:00,771.02,0.242
2025-02-14 09:30:00,771.22,0.24
2025-02-14 10:00:00,771.4,0.241
2025-02-14 10:30:00,772.21,0.241
2025-02-14 11:00:00,772.26,0.239
2025-02-14 11:30:00,772.25,0.238
2025-02-14 12:00:00,772.45,0.24
2025-02-14 12:30:00,773.05,0.239
2025-02-14 13:00:00,773.7,0.238
2025-02-14 13:30:00,774.27,0.237
2025-02-14 14:00:00,774.63,0.238
2025-02-14 14:30:00,775.12,0.239
2025-02-14 15:00:00,775.71,0.239
2025-02-14 15:30:00,776.07,0.24
2025-02-14 16:00:00,776.71,0.237
2025-02-14 16:30:00,777.22,0.237
2025-02-14 17:00:00,777.64,0.238
2025-02-14 17:30:00,778.47,0.237
2025-02-14 18:00:00,778.74,0.235
2025-02-14 18:30:00,779.53,0.236
2025-02-14 19:00:00,779.98,0.236
2025-02-14 19:30:00,780.64,0.236
2025-02-14 20:00:00,780.96,0.232
2025-02-14 20:30:00,781.2,0.233
2025-02-14 21:00:00,781.26,0.231
2025-02-14 21:30:00,781.46,0.231
2025-02-14 22:00:00,781.71,0.23
2025-02-14 22:30:00,782.03,0.229
2025-02-14 23:00:00,782.3,0.229
2025-02-14 23:30:00,782.67,0.229
2025-02-15 00:00:00,783.0,0.227
2025-02-15 00:30:00,783.16,0.229
2025-02-15 01:00:00,783.52,0.227
2025-02-15 01:30:00,783.98,0.227
2025-02-15 02:00:00,784.32,0.228
2025-02-15 02:30:00,784.86,0.227
2025-02-15 03:00:00,785.22,0.227
2025-02-15 03:30:00,785.51,0.226
2025-02-15 04:00:00,785.87,0.227
2025-02-15 04:30:00,786.26,0.228
2025-02-15 05:00:00,786.49,0.227
2025-02-15 05:30:00,786.82,0.226
2025-02-15 06:00:00,787.17,0.227
2025-02-15 06:30:00,787.33,0.227
2025-02-15 07:00:00,787.72,0.225
2025-02-15 07:30:00,788.2,0.226
2025-02-15 08:00:00,788.28,0.227
2025-02-15 08:30:00,788.67,0.226
2025-02-15 09:00:00,788.78,0.225
2025-02-15 09:30:00,788.76,0.225
2025-02-15 10:00:00,789.06,0.227
2025-02-15 10:30:00,789.16,0.224
2025-02-15 11:00:00,788.94,0.225
2025-02-15 11:30:00,789.01,0.227
2025-02-15 12:00:00,789.15,0.226
2025-02-15 12:30:00,789.57,0.224
2025-02-15 13:00:00,789.83,0.226
2025-02-15 13:30:00,789.87,0.223
2025-02-15 14:00:00,790.24,0.222
2025-02-15 14:30:00,790.22,0.224
2025-02-15 15:00:00,790.32,0.225
2025-02-15 15:30:00,790.24,0.224
2025-02-15 16:00:00,790.64,0.222
2025-02-15 16:30:00,791.14,0.224
2025-02-15 17:00:00,791.38,0.224
2025-02-15 17:30:00,791.61,0.223
2025-02-15 18:00:00,791.71,0.225
2025-02-15 18:30:00,791.6,0.222
2025-02-15 19:00:00,791.94,0.222
2025-02-15 19:30:00,791.69,0.223
2025-02-15 20:00:00,791.7,0.222
2025-02-15 20:30:00,791.59,0.222
2025-02-15 21:00:00,791.43,0.222
2025-02-15 21:30:00,791.0,0.222
2025-02-15 22:00:00,790.88,0.222
2025-02-15 22:30:00,791.51,0.221
2025-02-15 23:00:00,791.63,0.221
2025-02-15 23:30:00,791.91,0.217
2025-02-16 00:00:00,791.82,0.221
2025-02-16 00:30:00,791.86,0.219
2025-02-16 01:00:00,791.94,0.219
2025-02-16 01:30:00,791.98,0.218
2025-02-16 02:00:00,792.34,0.222
2025-02-16 02:30:00,792.5,0.219
2025-02-16 03:00:00,792.58,0.218
2025-02-16 03:30:00,792.41,0.218
2025-02-16 04:00:00,792.37,0.219
2025-02-16 04:30:00,792.45,0.218
2025-02-16 05:00:00,792.36,0.218
2025-02-16 05:30:00,792.2,0.217
2025-02-16 06:00:00,792.0,0.219
2025-02-16 06:30:00,792.04,0.218
2025-02-16 07:00:00,791.95,0.216
2025-02-16 07:30:00,791.76,0.216
2025-02-16 08:00:00,791.55,0.217
2025-02-16 08:30:00,791.47,0.215
2025-02-16 09:00:00,791.21,0.215
2025-02-16 09:30:00,791.13,0.215
2025-02-16 10:00:00,790.94,0.214
2025-02-16 10:30:00,790.8,0.215
2025-02-16 11:00:00,790.66,0.215
2025-02-16 11:30:00,790.37,0.215
2025-02-16 12:00:00,790.34,0.213
2025-02-16 12:30:00,790.14,0.214
2025-02-16 13:00:00,790.07,0.214
2025-02-16 13:30:00,789.78,0.213
2025-02-16 14:00:00,789.91,0.214
2025-02-16 14:30:00,789.9,0.213
2025-02-16 15:00:00,789.86,0.213
2025-02-16 15:30:00,789.83,0.213
2025-02-16 16:00:00,790.13,0.212
2025-02-16 16:30:00,790.15,0.212
2025-02-16 17:00:00,789.88,0.211
2025-02-16 17:30:00,789.45,0.212
2025-02-16 18:00:00,789.31,0.211
2025-02-16 18:30:00,789.2,0.211
2025-02-16 19:00:00,789.17,0.212
2025-02-16 19:30:00,788.65,0.21
2025-02-16 20:00:00,788.54,0.209
2025-02-16 20:30:00,788.0,0.209
2025-02-16 21:00:00,788.01,0.209
2025-02-16 21:30:00,787.3,0.207
2025-02-16 22:00:00,787.23,0.209
2025-02-16 22:30:00,786.84,0.206
2025-02-16 23:00:00,786.77,0.208
2025-02-16 23:30:00,786.61,0.207
2025-02-17 00:00:00,786.43,0.207
2025-02-17 00:30:00,786.14,0.204
2025-02-17 01:00:00,785.95,0.204
2025-02-17 01:30:00,785.72,0.204
2025-02-17 02:00:00,785.75,0.203
2025-02-17 02:30:00,785.55,0.202
2025-02-17 03:00:00,785.33,0.203
2025-02-17 03:30:00,785.4,0.201
2025-02-17 04:00:00,785.47,0.202
2025-02-17 04:30:00,785.58,0.202
2025-02-17 05:00:00,785.62,0.201
2025-02-17 05:30:00,785.68,0.201
2025-02-17 06:00:00,785.57,0.199
2025-02-17 06:30:00,785.27,0.201
2025-02-17 07:00:00,785.11,0.201
2025-02-17 07:30:00,784.98,0.2
2025-02-17 08:00:00,785.02,0.2
2025-02-17 08:30:00,784.97,0.199
2025-02-17 09:00:00,784.77,0.199
2025-02-17 09:30:00,784.45,0.199
2025-02-17 10:00:00,784.12,0.198
2025-02-17 10:30:00,783.36,0.199
2025-02-17 11:00:00,782.12,0.201
2025-02-17 11:30:00,781.41,0.2
2025-02-17 12:00:00,781.41,0.206
2025-02-17 12:30:00,781.72,0.208
2025-02-17 13:00:00,781.98,0.208
2025-02-17 13:30:00,782.3,0.21
2025-02-17 14:00:00,782.65,0.209
2025-02-17 14:30:00,782.84,0.209
2025-02-17 15:00:00,782.95,0.208
2025-02-17 15:30:00,783.22,0.203
2025-02-17 16:00:00,783.46,0.201
2025-02-17 16:30:00,783.54,0.202
2025-02-17 17:00:00,783.5,0.198
2025-02-17 17:30:00,783.55,0.197
2025-02-17 18:00:00,783.69,0.196
2025-02-17 18:30:00,783.87,0.195
2025-02-17 19:00:00,784.03,0.192
2025-02-17 19:30:00,783.93,0.193
2025-02-17 20:00:00,783.48,0.19
2025-02-17 20:30:00,783.23,0.189
2025-02-17 21:00:00,783.29,0.189
2025-02-17 21:30:00,783.0,0.187
2025-02-17 22:00:00,782.72,0.187
2025-02-17 22:30:00,782.92,0.187
2025-02-17 23:00:00,782.95,0.184
2025-02-17 23:30:00,783.32,0.184
2025-02-18 00:00:00,783.49,0.181
2025-02-18 00:30:00,783.53,0.182
2025-02-18 01:00:00,783.78,0.179
2025-02-18 01:30:00,783.78,0.179
2025-02-18 02:00:00,783.74,0.178
2025-02-18 02:30:00,784.05,0.177
2025-02-18 03:00:00,784.34,0.176
2025-02-18 03:30:00,784.42,0.176
2025-02-18 04:00:00,784.26,0.173
2025-02-18 04:30:00,784.53,0.174
2025-02-18 05:00:00,784.6,0.175
2025-02-18 05:30:00,784.74,0.173
2025-02-18 06:00:00,784.81,0.171
2025-02-18 06:30:00,784.78,0.172
2025-02-18 07:00:00,784.7,0.172
2025-02-18 07:30:00,784.82,0.17
2025-02-18 08:00:00,785.01,0.171
2025-02-18 08:30:00,785.15,0.169
2025-02-18 09:00:00,785.22,0.168
2025-02-18 09:30:00,785.24,0.167
2025-02-18 10:00:00,785.33,0.168
2025-02-18 10:30:00,785.27,0.167
2025-02-18 11:00:00,785.07,0.166
2025-02-18 11:30:00,784.85,0.166
2025-02-18 12:00:00,784.94,0.165
2025-02-18 12:30:00,785.18,0.165
2025-02-18 13:00:00,785.38,0.164
2025-02-18 13:30:00,785.79,0.163
2025-02-18 14:00:00,786.16,0.164
2025-02-18 14:30:00,786.2,0.163
2025-02-18 15:00:00,786.28,0.161
2025-02-18 15:30:00,786.47,0.162
2025-02-18 16:00:00,786.62,0.162
2025-02-18 16:30:00,786.93,0.16
2025-02-18 17:00:00,786.9,0.161
2025-02-18 17:30:00,787.01,0.16
2025-02-18 18:00:00,787.02,0.158
2025-02-18 18:30:00,787.18,0.159
2025-02-18 19:00:00,787.43,0.159
2025-02-18 19:30:00,787.28,0.157
2025-02-18 20:00:00,787.45,0.158
2025-02-18 20:30:00,787.38,0.157
2025-02-18 21:00:00,787.22,0.157
2025-02-18 21:30:00,787.22,0.158
2025-02-18 22:00:00,787.22,0.156
2025-02-18 22:30:00,787.43,0.157
2025-02-18 23:00:00,787.74,0.154
2025-02-18 23:30:00,788.01,0.156
2025-02-19 00:00:00,788.02,0.155
2025-02-19 00:30:00,788.07,0.156
2025-02-19 01:00:00,788.29,0.154
2025-02-19 01:30:00,788.78,0.153
2025-02-19 02:00:00,789.19,0.151
2025-02-19 02:30:00,789.25,0.152
2025-02-19 03:00:00,789.27,0.154
2025-02-19 03:30:00,789.52,0.152
2025-02-19 04:00:00,789.75,0.15
2025-02-19 04:30:00,790.04,0.152
2025-02-19 05:00:00,790.19,0.148
2025-02-19 05:30:00,790.33,0.146
2025-02-19 06:00:00,790.44,0.147
2025-02-19 06:30:00,790.54,0.149
2025-02-19 07:00:00,790.43,0.147
2025-02-19 07:30:00,790.68,0.146
2025-02-19 08:00:00,790.93,0.147
2025-02-19 08:30:00,790.91,0.145
2025-02-19 09:00:00,790.88,0.145
2025-02-19 09:30:00,790.74,0.146
2025-02-19 10:00:00,790.83,0.146
2025-02-19 10:30:00,790.9,0.144
2025-02-19 11:00:00,790.75,0.144
2025-02-19 11:30:00,790.95,0.143
2025-02-19 12:00:00,791.05,0.143
2025-02-19 12:30:00,790.79,0.141
2025-02-19 13:00:00,790.85,0.141
2025-02-19 13:30:00,791.04,0.141
2025-02-19 14:00:00,791.0,0.139
2025-02-19 14:30:00,791.07,0.141
2025-02-19 15:00:00,790.76,0.14
2025-02-19 15:30:00,791.02,0.139
2025-02-19 16:00:00,791.06,0.138
2025-02-19 16:30:00,791.23,0.14
2025-02-19 17:00:00,791.23,0.14
2025-02-19 17:30:00,791.44,0.138
2025-02-19 18:00:00,791.47,0.137
2025-02-19 18:30:00,791.37,0.138
2025-02-19 19:00:00,791.31,0.136
2025-02-19 19:30:00,791.03,0.138
2025-02-19 20:00:00,790.78,0.137
2025-02-19 20:30:00,790.56,0.136
2025-02-19 21:00:00,790.19,0.137
2025-02-19 21:30:00,789.71,0.134
2025-02-19 22:00:00,789.62,0.135
2025-02-19 22:30:00,789.22,0.133
2025-02-19 23:00:00,789.34,0.135
2025-02-19 23:30:00,789.24,0.135
2025-02-20 00:00:00,789.05,0.135
2025-02-20 00:30:00,789.19,0.134
2025-02-20 01:00:00,789.27,0.133
2025-02-20 01:30:00,789.15,0.133
2025-02-20 02:00:00,789.67,0.132
2025-02-20 02:30:00,790.28,0.131
2025-02-20 03:00:00,790.66,0.131
2025-02-20 03:30:00,790.41,0.13
2025-02-20 04:00:00,790.67,0.13
2025-02-20 04:30:00,790.75,0.128
2025-02-20 05:00:00,790.68,0.127
2025-02-20 05:30:00,790.66,0.128
2025-02-20 06:00:00,790.64,0.129
2025-02-20 06:30:00,790.64,0.127
2025-02-20 07:00:00,790.57,0.129
2025-02-20 07:30:00,790.61,0.126
2025-02-20 08:00:00,790.49,0.126
2025-02-20 08:30:00,790.5,0.127
2025-02-20 09:00:00,790.45,0.124
2025-02-20 09:30:00,790.4,0.123
2025-02-20 10:00:00,790.37,0.125
2025-02-20 10:30:00,790.22,0.125
2025-02-20 11:00:00,790.14,0.125
2025-02-20 11:30:00,790.21,0.125
2025-02-20 12:00:00,790.23,0.122
2025-02-20 12:30:00,790.29,0.122
2025-02-20 13:00:00,790.5,0.122
2025-02-20 13:30:00,790.53,0.123
2025-02-20 14:00:00,790.63,0.12
2025-02-20 14:30:00,790.7,0.12
2025-02-20 15:00:00,790.85,0.121
2025-02-20 15:30:00,790.73,0.121
2025-02-20 16:00:00,790.86,0.12
2025-02-20 16:30:00,790.83,0.12
2025-02-20 17:00:00,790.75,0.122
2025-02-20 17:30:00,790.67,0.118
2025-02-20 18:00:00,790.5,0.117
2025-02-20 18:30:00,790.17,0.118
2025-02-20 19:00:00,790.26,0.118
2025-02-20 19:30:00,790.12,0.117
2025-02-20 20:00:00,790.05,0.116
2025-02-20 20:30:00,789.82,0.116
2025-02-20 21:00:00,789.59,0.116
2025-02-20 21:30:00,789.56,0.115
2025-02-20 22:00:00,789.58,0.114
2025-02-20 22:30:00,789.72,0.114
2025-02-20 23:00:00,789.77,0.113
2025-02-20 23:30:00,789.81,0.112
2025-02-21 00:00:00,789.94,0.114
2025-02-21 00:30:00,790.24,0.111
2025-02-21 01:00:00,790.45,0.11
2025-02-21 01:30:00,790.71,0.11
2025-02-21 02:00:00,790.87,0.11
2025-02-21 02:30:00,791.24,0.11
2025-02-21 03:00:00,791.56,0.108
2025-02-21 03:30:00,791.55,0.109
2025-02-21 04:00:00,791.54,0.109
2025-02-21 04:30:00,791.9,0.107
2025-02-21 05:00:00,792.29,0.107
2025-02-21 05:30:00,792.54,0.108
2025-02-21 06:00:00,792.65,0.106
2025-02-21 06:30:00,792.8,0.106
2025-02-21 07:00:00,792.84,0.106
2025-02-21 07:30:00,792.67,0.106
2025-02-21 08:00:00,792.57,0.105
2025-02-21 08:30:00,792.73,0.105
2025-02-21 09:00:00,792.58,0.103
2025-02-21 09:30:00,792.55,0.103
2025-02-21 10:00:00,792.57,0.101
2025-02-21 10:30:00,792.85,0.103
2025-02-21 11:00:00,792.86,0.102
2025-02-21 11:30:00,792.94,0.101
2025-02-21 12:00:00,793.31,0.102
2025-02-21 12:30:00,793.42,0.1
2025-02-21 13:00:00,793.54,0.1
2025-02-21 13:30:00,793.6,0.101
2025-02-21 14:00:00,793.63,0.099
2025-02-21 14:30:00,793.61,0.098
2025-02-21 15:00:00,793.71,0.099
2025-02-21 15:30:00,793.71,0.097
2025-02-21 16:00:00,793.74,0.097
2025-02-21 16:30:00,793.75,0.098
2025-02-21 17:00:00,793.79,0.099
2025-02-21 17:30:00,793.91,0.094
2025-02-21 18:00:00,793.93,0.096
2025-02-21 18:30:00,793.97,0.096
2025-02-21 19:00:00,794.21,0.095
2025-02-21 19:30:00,794.2,0.095
2025-02-21 20:00:00,794.17,0.095
2025-02-21 20:30:00,794.26,0.095
2025-02-21 21:00:00,794.39,0.094
2025-02-21 21:30:00,794.47,0.094
2025-02-21 22:00:00,794.67,0.092
2025-02-21 22:30:00,794.63,0.093
2025-02-21 23:00:00,794.96,0.092
2025-02-21 23:30:00,795.12,0.091
2025-02-22 00:00:00,795.23,0.089
2025-02-22 00:30:00,795.36,0.091
2025-02-22 01:00:00,795.38,0.089
2025-02-22 01:30:00,795.49,0.089
2025-02-22 02:00:00,795.57,0.09
2025-02-22 02:30:00,795.73,0.088
2025-02-22 03:00:00,796.2,0.088
2025-02-22 03:30:00,796.39,0.088
2025-02-22 04:00:00,796.39,0.089
2025-02-22 04:30:00,796.44,0.086
2025-02-22 05:00:00,796.31,0.086
2025-02-22 05:30:00,796.5,0.085
2025-02-22 06:00:00,796.73,0.086
2025-02-22 06:30:00,796.82,0.084
2025-02-22 07:00:00,797.2,0.085
2025-02-22 07:30:00,797.55,0.084
2025-02-22 08:00:00,797.75,0.083
2025-02-22 08:30:00,797.63,0.082
2025-02-22 09:00:00,798.1,0.082
2025-02-22 09:30:00,798.29,0.083
2025-02-22 10:00:00,798.18,0.081
2025-02-22 10:30:00,798.26,0.081
2025-02-22 11:00:00,798.12,0.079
2025-02-22 11:30:00,798.04,0.08
2025-02-22 12:00:00,798.2,0.079
2025-02-22 12:30:00,797.53,0.08
2025-02-22 13:00:00,797.14,0.079
2025-02-22 13:30:00,797.91,0.078
2025-02-22 14:00:00,798.28,0.077
2025-02-22 14:30:00,798.79,0.076
2025-02-22 15:00:00,799.2,0.076
2025-02-22 15:30:00,799.21,0.077
2025-02-22 16:00:00,799.3,0.076
2025-02-22 16:30:00,799.56,0.075
2025-02-22 17:00:00,799.55,0.074
2025-02-22 17:30:00,799.46,0.073
2025-02-22 18:00:00,799.37,0.075
2025-02-22 18:30:00,799.6,0.073
2025-02-22 19:00:00,799.92,0.074
2025-02-22 19:30:00,799.97,0.073
2025-02-22 20:00:00,799.88,0.072
2025-02-22 20:30:00,799.52,0.074
2025-02-22 21:00:00,799.19,0.073
2025-02-22 21:30:00,799.05,0.074
2025-02-22 22:00:00,799.02,0.071
2025-02-22 22:30:00,798.88,0.074
2025-02-22 23:00:00,798.8,0.074
2025-02-22 23:30:00,798.76,0.072
2025-02-23 00:00:00,799.28,0.075
2025-02-23 00:30:00,799.44,0.074
2025-02-23 01:00:00,799.59,0.073
2025-02-23 01:30:00,799.68,0.075
2025-02-23 02:00:00,799.91,0.074
2025-02-23 02:30:00,799.81,0.073
2025-02-23 03:00:00,799.87,0.073
2025-02-23 03:30:00,800.0,0.074
2025-02-23 04:00:00,800.53,0.074
2025-02-23 04:30:00,800.37,0.073
2025-02-23 05:00:00,800.51,0.075
2025-02-23 05:30:00,800.44,0.074
2025-02-23 06:00:00,800.32,0.075
2025-02-23 06:30:00,800.16,0.075
2025-02-23 07:00:00,799.75,0.077
2025-02-23 07:30:00,799.56,0.077
2025-02-23 08:00:00,799.35,0.079
2025-02-23 08:30:00,799.0,0.078
2025-02-23 09:00:00,798.74,0.08
2025-02-23 09:30:00,798.05,0.079
2025-02-23 10:00:00,797.68,0.082
2025-02-23 10:30:00,797.11,0.082
2025-02-23 11:00:00,796.76,0.084
2025-02-23 11:30:00,796.34,0.084
2025-02-23 12:00:00,795.98,0.087
2025-02-23 12:30:00,795.63,0.087
2025-02-23 13:00:00,795.79,0.088
2025-02-23 13:30:00,795.66,0.09
2025-02-23 14:00:00,795.68,0.09
2025-02-23 14:30:00,795.56,0.09
2025-02-23 15:00:00,795.65,0.093
2025-02-23 15:30:00,795.64,0.093
2025-02-23 16:00:00,795.69,0.096
2025-02-23 16:30:00,795.72,0.096
2025-02-23 17:00:00,795.68,0.097
2025-02-23 17:30:00,795.67,0.097
2025-02-23 18:00:00,795.63,0.095
2025-02-23 18:30:00,795.79,0.098
2025-02-23 19:00:00,796.02,0.098
2025-02-23 19:30:00,795.76,0.096
2025-02-23 20:00:00,795.32,0.098
2025-02-23 20:30:00,795.19,0.1
2025-02-23 21:00:00,794.99,0.101
2025-02-23 21:30:00,794.43,0.101
2025-02-23 22:00:00,794.12,0.102
2025-02-23 22:30:00,794.11,0.1
2025-02-23 23:00:00,793.93,0.104
2025-02-23 23:30:00,793.9,0.101
2025-02-24 00:00:00,794.12,0.104
2025-02-24 00:30:00,794.08,0.103
2025-02-24 01:00:00,793.98,0.106
2025-02-24 01:30:00,793.74,0.104
2025-02-24 02:00:00,793.76,0.106
2025-02-24 02:30:00,793.95,0.105
2025-02-24 03:00:00,794.13,0.105
2025-02-24 03:30:00,794.29,0.107
2025-02-24 04:00:00,794.15,0.105
2025-02-24 04:30:00,794.21,0.108
2025-02-24 05:00:00,794.24,0.107
2025-02-24 05:30:00,794.25,0.107
2025-02-24 06:00:00,794.15,0.11
2025-02-24 06:30:00,793.91,0.107
2025-02-24 07:00:00,793.79,0.109
2025-02-24 07:30:00,793.66,0.109
2025-02-24 08:00:00,793.53,0.111
2025-02-24 08:30:00,793.51,0.112
2025-02-24 09:00:00,793.23,0.11
2025-02-24 09:30:00,793.05,0.112
2025-02-24 10:00:00,792.87,0.113
2025-02-24 10:30:00,792.61,0.111
2025-02-24 11:00:00,792.35,0.113
2025-02-24 11:30:00,792.18,0.113
2025-02-24 12:00:00,791.93,0.113
2025-02-24 12:30:00,791.92,0.115
2025-02-24 13:00:00,791.82,0.112
2025-02-24 13:30:00,791.9,0.114
2025-02-24 14:00:00,791.85,0.115
2025-02-24 14:30:00,791.92,0.115
2025-02-24 15:00:00,791.88,0.114
2025-02-24 15:30:00,792.07,0.116
2025-02-24 16:00:00,792.09,0.116
2025-02-24 16:30:00,791.98,0.117
2025-02-24 17:00:00,792.2,0.116
2025-02-24 17:30:00,792.73,0.118
2025-02-24 18:00:00,792.84,0.117
2025-02-24 18:30:00,792.23,0.118
2025-02-24 19:00:00,791.99,0.117
2025-02-24 19:30:00,791.82,0.119
2025-02-24 20:00:00,791.39,0.12
2025-02-24 20:30:00,791.01,0.12
2025-02-24 21:00:00,791.06,0.121
2025-02-24 21:30:00,790.94,0.121
2025-02-24 22:00:00,790.26,0.124
2025-02-24 22:30:00,790.56,0.125
2025-02-24 23:00:00,790.6,0.124
2025-02-24 23:30:00,790.7,0.123
2025-02-25 00:00:00,790.72,0.123
2025-02-25 00:30:00,790.74,0.125
2025-02-25 01:00:00,790.86,0.124
2025-02-25 01:30:00,791.66,0.125
2025-02-25 02:00:00,792.6,0.123
2025-02-25 02:30:00,792.77,0.125
2025-02-25 03:00:00,793.02,0.124
2025-02-25 03:30:00,793.06,0.121
2025-02-25 04:00:00,793.38,0.121
2025-02-25 04:30:00,793.36,0.122
2025-02-25 05:00:00,793.3,0.122
2025-02-25 05:30:00,793.14,0.122
2025-02-25 06:00:00,792.77,0.123
2025-02-25 06:30:00,792.66,0.124
2025-02-25 07:00:00,792.73,0.123
2025-02-25 07:30:00,792.68,0.122
2025-02-25 08:00:00,792.29,0.121
2025-02-25 08:30:00,792.1,0.122
2025-02-25 09:00:00,792.2,0.123
2025-02-25 09:30:00,792.04,0.121
2025-02-25 10:00:00,791.96,0.123
2025-02-25 10:30:00,791.76,0.123
2025-02-25 11:00:00,791.66,0.125
2025-02-25 11:30:00,791.48,0.125
2025-02-25 12:00:00,791.2,0.126
2025-02-25 12:30:00,790.98,0.124
2025-02-25 13:00:00,791.03,0.126
2025-02-25 13:30:00,790.99,0.126
2025-02-25 14:00:00,790.94,0.128
2025-02-25 14:30:00,790.95,0.125
2025-02-25 15:00:00,790.75,0.125
2025-02-25 15:30:00,790.73,0.128
2025-02-25 16:00:00,790.61,0.127
2025-02-25 16:30:00,790.4,0.127
2025-02-25 17:00:00,790.14,0.127
2025-02-25 17:30:00,789.87,0.13
2025-02-25 18:00:00,789.74,0.127
2025-02-25 18:30:00,789.69,0.129
2025-02-25 19:00:00,789.67,0.129
2025-02-25 19:30:00,789.44,0.129
2025-02-25 20:00:00,789.29,0.129
2025-02-25 20:30:00,788.9,0.13
2025-02-25 21:00:00,788.6,0.131
2025-02-25 21:30:00,788.36,0.131
2025-02-25 22:00:00,788.15,0.133
2025-02-25 22:30:00,788.14,0.133
2025-02-25 23:00:00,788.07,0.134
2025-02-25 23:30:00,788.07,0.133
2025-02-26 00:00:00,788.06,0.133
2025-02-26 00:30:00,787.93,0.135
2025-02-26 01:00:00,787.98,0.134
2025-02-26 01:30:00,788.17,0.132
2025-02-26 02:00:00,788.25,0.134
2025-02-26 02:30:00,788.45,0.134
2025-02-26 03:00:00,788.82,0.134
2025-02-26 03:30:00,788.78,0.135
2025-02-26 04:00:00,788.99,0.135
2025-02-26 04:30:00,789.05,0.136
2025-02-26 05:00:00,789.16,0.133
2025-02-26 05:30:00,789.21,0.134
2025-02-26 06:00:00,789.31,0.135
2025-02-26 06:30:00,789.38,0.135
2025-02-26 07:00:00,789.3,0.135
2025-02-26 07:30:00,789.24,0.134
2025-02-26 08:00:00,789.06,0.137
2025-02-26 08:30:00,789.21,0.135
2025-02-26 09:00:00,789.2,0.136
2025-02-26 09:30:00,789.07,0.137
2025-02-26 10:00:00,788.95,0.137
2025-02-26 10:30:00,788.84,0.139
2025-02-26 11:00:00,788.66,0.135
2025-02-26 11:30:00,788.48,0.138
2025-02-26 12:00:00,788.28,0.138
2025-02-26 12:30:00,788.27,0.137
2025-02-26 13:00:00,788.23,0.138
2025-02-26 13:30:00,788.41,0.139
2025-02-26 14:00:00,788.48,0.137
2025-02-26 14:30:00,788.7,0.138
2025-02-26 15:00:00,788.96,0.138
2025-02-26 15:30:00,789.22,0.141
2025-02-26 16:00:00,789.28,0.14
2025-02-26 16:30:00,789.34,0.139
2025-02-26 17:00:00,789.38,0.14
2025-02-26 17:30:00,789.32,0.139
2025-02-26 18:00:00,789.25,0.14
2025-02-26 18:30:00,789.31,0.142
2025-02-26 19:00:00,789.49,0.141
2025-02-26 19:30:00,789.48,0.142
2025-02-26 20:00:00,789.32,0.144
2025-02-26 20:30:00,789.3,0.143
2025-02-26 21:00:00,789.3,0.147
2025-02-26 21:30:00,789.23,0.146
2025-02-26 22:00:00,789.39,0.148
2025-02-26 22:30:00,789.35,0.149
2025-02-26 23:00:00,789.49,0.149
2025-02-26 23:30:00,789.68,0.15
2025-02-27 00:00:00,789.89,0.149
2025-02-27 00:30:00,790.13,0.15
2025-02-27 01:00:00,790.54,0.148
2025-02-27 01:30:00,790.92,0.149
2025-02-27 02:00:00,791.41,0.147
2025-02-27 02:30:00,791.84,0.148
2025-02-27 03:00:00,791.97,0.147
2025-02-27 03:30:00,792.05,0.147
2025-02-27 04:00:00,792.31,0.146
2025-02-27 04:30:00,792.42,0.147
2025-02-27 05:00:00,792.51,0.146
2025-02-27 05:30:00,792.55,0.146
2025-02-27 06:00:00,792.34,0.146
2025-02-27 06:30:00,792.18,0.146
2025-02-27 07:00:00,791.99,0.148
2025-02-27 07:30:00,791.87,0.146
2025-02-27 08:00:00,791.79,0.147
2025-02-27 08:30:00,791.8,0.148
2025-02-27 09:00:00,791.66,0.148
2025-02-27 09:30:00,791.52,0.149
2025-02-27 10:00:00,791.26,0.147
2025-02-27 10:30:00,791.32,0.149
2025-02-27 11:00:00,791.16,0.149
2025-02-27 11:30:00,791.0,0.151
2025-02-27 12:00:00,791.0,0.149
2025-02-27 12:30:00,791.17,0.151
2025-02-27 13:00:00,791.4,0.151
2025-02-27 13:30:00,791.51,0.151
2025-02-27 14:00:00,791.54,0.149
2025-02-27 14:30:00,791.83,0.149
2025-02-27 15:00:00,792.03,0.148
2025-02-27 15:30:00,792.2,0.149
2025-02-27 16:00:00,792.12,0.148
2025-02-27 16:30:00,791.91,0.149
2025-02-27 17:00:00,791.86,0.149
2025-02-27 17:30:00,791.71,0.151
2025-02-27 18:00:00,791.55,0.15
2025-02-27 18:30:00,791.53,0.149
2025-02-27 19:00:00,791.54,0.15
2025-02-27 19:30:00,791.45,0.151
2025-02-27 20:00:00,791.18,0.15
2025-02-27 20:30:00,791.04,0.153
2025-02-27 21:00:00,790.69,0.153
2025-02-27 21:30:00,790.59,0.155
2025-02-27 22:00:00,790.48,0.156
2025-02-27 22:30:00,790.4,0.157
2025-02-27 23:00:00,790.38,0.158
2025-02-27 23:30:00,790.47,0.157
2025-02-28 00:00:00,790.38,0.158
2025-02-28 00:30:00,790.44,0.158
2025-02-28 01:00:00,790.49,0.157
2025-02-28 01:30:00,790.47,0.159
2025-02-28 02:00:00,790.48,0.158
2025-02-28 02:30:00,790.68,0.159
2025-02-28 03:00:00,790.74,0.156
2025-02-28 03:30:00,790.71,0.156
2025-02-28 04:00:00,790.57,0.158
2025-02-28 04:30:00,790.72,0.156
2025-02-28 05:00:00,790.64,0.157
2025-02-28 05:30:00,790.62,0.157
2025-02-28 06:00:00,790.55,0.158
2025-02-28 06:30:00,790.32,0.155
2025-02-28 07:00:00,790.08,0.156
2025-02-28 07:30:00,789.86,0.156
2025-02-28 08:00:00,789.65,0.157
2025-02-28 08:30:00,789.59,0.156
2025-02-28 09:00:00,789.5,0.157
2025-02-28 09:30:00,789.19,0.157
2025-02-28 10:00:00,788.83,0.156
2025-02-28 10:30:00,788.4,0.156
2025-02-28 11:00:00,788.25,0.156
2025-02-28 11:30:00,788.07,0.157
2025-02-28 12:00:00,787.79,0.156
2025-02-28 12:30:00,787.81,0.155
2025-02-28 13:00:00,787.76,0.156
2025-02-28 13:30:00,787.92,0.158
2025-02-28 14:00:00,787.85,0.157
2025-02-28 14:30:00,787.84,0.157
2025-02-28 15:00:00,788.01,0.157
2025-02-28 15:30:00,788.11,0.157
2025-02-28 16:00:00,788.32,0.156
2025-02-28 16:30:00,788.33,0.156
2025-02-28 17:00:00,788.52,0.157
2025-02-28 17:30:00,788.55,0.157
2025-02-28 18:00:00,788.57,0.157
2025-02-28 18:30:00,788.68,0.154
2025-02-28 19:00:00,788.72,0.157
2025-02-28 19:30:00,788.32,0.158
2025-02-28 20:00:00,788.12,0.157
2025-02-28 20:30:00,787.87,0.158
2025-02-28 21:00:00,787.44,0.16
2025-02-28 21:30:00,787.42,0.162
2025-02-28 22:00:00,787.21,0.163
2025-02-28 22:30:00,787.2,0.164
2025-02-28 23:00:00,787.3,0.165
2025-02-28 23:30:00,787.46,0.165
2025-03-01 00:00:00,787.63,0.163
2025-03-01 00:30:00,787.63,0.164
2025-03-01 01:00:00,787.53,0.165
2025-03-01 01:30:00,787.62,0.163
2025-03-01 02:00:00,787.87,0.163
2025-03-01 02:30:00,788.08,0.161
2025-03-01 03:00:00,787.97,0.161
2025-03-01 03:30:00,788.11,0.16
2025-03-01 04:00:00,787.97,0.16
2025-03-01 04:30:00,787.78,0.16
2025-03-01 05:00:00,787.69,0.162
2025-03-01 05:30:00,787.43,0.16
2025-03-01 06:00:00,787.42,0.161
2025-03-01 06:30:00,787.48,0.16
2025-03-01 07:00:00,787.53,0.161
2025-03-01 07:30:00,787.26,0.162
2025-03-01 08:00:00,787.13,0.16
2025-03-01 08:30:00,787.27,0.161
2025-03-01 09:00:00,787.36,0.163
2025-03-01 09:30:00,787.28,0.162
2025-03-01 10:00:00,787.15,0.162
2025-03-01 10:30:00,786.92,0.161
2025-03-01 11:00:00,786.57,0.163
2025-03-01 11:30:00,786.34,0.162
2025-03-01 12:00:00,786.29,0.161
2025-03-01 12:30:00,786.16,0.163
2025-03-01 13:00:00,786.12,0.163
2025-03-01 13:30:00,786.11,0.164
2025-03-01 14:00:00,785.88,0.163
2025-03-01 14:30:00,785.73,0.164
2025-03-01 15:00:00,785.69,0.164
2025-03-01 15:30:00,785.7,0.165
2025-03-01 16:00:00,785.47,0.164
2025-03-01 16:30:00,785.28,0.165
2025-03-01 17:00:00,785.2,0.166
2025-03-01 17:30:00,785.16,0.165
2025-03-01 18:00:00,784.92,0.167
2025-03-01 18:30:00,784.81,0.165
2025-03-01 19:00:00,784.63,0.165
2025-03-01 19:30:00,784.58,0.168
2025-03-01 20:00:00,784.29,0.171
2025-03-01 20:30:00,783.88,0.171
2025-03-01 21:00:00,783.47,0.172
2025-03-01 21:30:00,783.36,0.178
2025-03-01 22:00:00,783.38,0.176
2025-03-01 22:30:00,783.47,0.18
2025-03-01 23:00:00,783.51,0.18
2025-03-01 23:30:00,783.61,0.177
2025-03-02 00:00:00,784.16,0.178
2025-03-02 00:30:00,784.86,0.178
2025-03-02 01:00:00,785.16,0.178
2025-03-02 01:30:00,785.46,0.178
2025-03-02 02:00:00,785.57,0.176
2025-03-02 02:30:00,785.5,0.174
2025-03-02 03:00:00,785.21,0.173
2025-03-02 03:30:00,784.81,0.173
2025-03-02 04:00:00,785.2,0.173
2025-03-02 04:30:00,785.26,0.172
2025-03-02 05:00:00,785.08,0.172
2025-03-02 05:30:00,784.86,0.17
2025-03-02 06:00:00,784.59,0.17
2025-03-02 06:30:00,783.9,0.173
2025-03-02 07:00:00,783.66,0.171
2025-03-02 07:30:00,783.16,0.173
2025-03-02 08:00:00,782.64,0.172
2025-03-02 08:30:00,782.54,0.169
2025-03-02 09:00:00,782.05,0.171
2025-03-02 09:30:00,781.93,0.17
2025-03-02 10:00:00,781.71,0.17
2025-03-02 10:30:00,781.14,0.169
2025-03-02 11:00:00,780.73,0.171
2025-03-02 11:30:00,780.29,0.173
2025-03-02 12:00:00,779.82,0.171
2025-03-02 12:30:00,779.28,0.171
2025-03-02 13:00:00,778.68,0.171
2025-03-02 13:30:00,778.73,0.171
2025-03-02 14:00:00,779.42,0.169
2025-03-02 14:30:00,779.63,0.172
2025-03-02 15:00:00,779.79,0.17
2025-03-02 15:30:00,780.06,0.17
2025-03-02 16:00:00,780.24,0.17
2025-03-02 16:30:00,780.44,0.171
2025-03-02 17:00:00,780.6,0.171
2025-03-02 17:30:00,780.38,0.17
2025-03-02 18:00:00,780.33,0.169
2025-03-02 18:30:00,780.21,0.172
2025-03-02 19:00:00,780.25,0.172
2025-03-02 19:30:00,780.03,0.173
2025-03-02 20:00:00,779.94,0.172
2025-03-02 20:30:00,779.78,0.173
2025-03-02 21:00:00,779.89,0.173
2025-03-02 21:30:00,779.64,0.173
2025-03-02 22:00:00,779.5,0.172
2025-03-02 22:30:00,779.26,0.172
2025-03-02 23:00:00,779.07,0.173
2025-03-02 23:30:00,779.07,0.173
2025-03-03 00:00:00,778.95,0.173
2025-03-03 00:30:00,778.87,0.172
2025-03-03 01:00:00,778.74,0.173
2025-03-03 01:30:00,778.81,0.172
2025-03-03 02:00:00,778.98,0.174
2025-03-03 02:30:00,779.03,0.172
2025-03-03 03:00:00,778.95,0.171
2025-03-03 03:30:00,778.87,0.174
2025-03-03 04:00:00,778.87,0.173
2025-03-03 04:30:00,778.86,0.173
2025-03-03 05:00:00,778.8,0.173
2025-03-03 05:30:00,778.84,0.171
2025-03-03 06:00:00,778.86,0.173
2025-03-03 06:30:00,778.69,0.175
2025-03-03 07:00:00,778.48,0.174
2025-03-03 07:30:00,778.32,0.174
2025-03-03 08:00:00,778.26,0.174
2025-03-03 08:30:00,778.47,0.174
2025-03-03 09:00:00,778.7,0.175
2025-03-03 09:30:00,778.65,0.175
2025-03-03 10:00:00,778.42,0.175
2025-03-03 10:30:00,778.36,0.176
2025-03-03 11:00:00,778.35,0.174
2025-03-03 11:30:00,778.34,0.176
2025-03-03 12:00:00,778.56,0.174
2025-03-03 12:30:00,778.65,0.175
2025-03-03 13:00:00,778.95,0.176
2025-03-03 13:30:00,779.04,0.174
2025-03-03 14:00:00,779.26,0.177
2025-03-03 14:30:00,779.57,0.175
2025-03-03 15:00:00,780.2,0.176
2025-03-03 15:30:00,780.31,0.174
2025-03-03 16:00:00,780.35,0.173
2025-03-03 16:30:00,780.61,0.174
2025-03-03 17:00:00,780.69,0.174
2025-03-03 17:30:00,780.89,0.176
2025-03-03 18:00:00,780.89,0.176
2025-03-03 18:30:00,780.85,0.176
2025-03-03 19:00:00,780.97,0.177
2025-03-03 19:30:00,781.19,0.177
2025-03-03 20:00:00,781.47,0.178
2025-03-03 20:30:00,781.85,0.178
2025-03-03 21:00:00,781.83,0.181
2025-03-03 21:30:00,781.82,0.182
2025-03-03 22:00:00,782.15,0.183
2025-03-03 22:30:00,782.52,0.185
2025-03-03 23:00:00,782.83,0.183
2025-03-03 23:30:00,783.06,0.185
2025-03-04 00:00:00,783.35,0.184
2025-03-04 00:30:00,783.89,0.185
2025-03-04 01:00:00,783.92,0.183
2025-03-04 01:30:00,784.3,0.181
2025-03-04 02:00:00,784.35,0.179
2025-03-04 02:30:00,784.62,0.18
2025-03-04 03:00:00,784.55,0.18
2025-03-04 03:30:00,784.72,0.18
2025-03-04 04:00:00,784.89,0.181
2025-03-04 04:30:00,785.18,0.179
2025-03-04 05:00:00,785.36,0.18
2025-03-04 05:30:00,785.69,0.18
2025-03-04 06:00:00,785.95,0.18
2025-03-04 06:30:00,785.99,0.182
2025-03-04 07:00:00,786.19,0.18
2025-03-04 07:30:00,786.18,0.18
2025-03-04 08:00:00,786.29,0.179
2025-03-04 08:30:00,786.27,0.181
2025-03-04 09:00:00,786.15,0.18
2025-03-04 09:30:00,786.11,0.18
2025-03-04 10:00:00,786.2,0.179
2025-03-04 10:30:00,785.96,0.178
2025-03-04 11:00:00,786.11,0.179
2025-03-04 11:30:00,785.99,0.18
2025-03-04 12:00:00,786.03,0.181
2025-03-04 12:30:00,785.91,0.178
2025-03-04 13:00:00,786.01,0.18
2025-03-04 13:30:00,786.02,0.18
2025-03-04 14:00:00,786.35,0.182
2025-03-04 14:30:00,786.31,0.179
2025-03-04 15:00:00,786.62,0.181
2025-03-04 15:30:00,786.53,0.18
2025-03-04 16:00:00,786.44,0.181
2025-03-04 16:30:00,786.3,0.179
2025-03-04 17:00:00,786.89,0.179
2025-03-04 17:30:00,786.92,0.181
2025-03-04 18:00:00,786.95,0.181
2025-03-04 18:30:00,787.2,0.179
2025-03-04 19:00:00,787.17,0.179
2025-03-04 19:30:00,787.21,0.179
2025-03-04 20:00:00,787.11,0.181
2025-03-04 20:30:00,786.87,0.181
2025-03-04 21:00:00,786.42,0.18
2025-03-04 21:30:00,786.28,0.181
2025-03-04 22:00:00,785.82,0.181
2025-03-04 22:30:00,785.75,0.181
2025-03-04 23:00:00,785.56,0.181
2025-03-04 23:30:00,785.65,0.183
2025-03-05 00:00:00,785.38,0.183
2025-03-05 00:30:00,785.32,0.184
2025-03-05 01:00:00,785.51,0.184
2025-03-05 01:30:00,785.18,0.184
2025-03-05 02:00:00,784.68,0.184
2025-03-05 02:30:00,784.82,0.184
2025-03-05 03:00:00,785.12,0.185
2025-03-05 03:30:00,785.0,0.184
2025-03-05 04:00:00,784.91,0.184
2025-03-05 04:30:00,784.99,0.183
2025-03-05 05:00:00,785.0,0.182
2025-03-05 05:30:00,784.66,0.184
2025-03-05 06:00:00,784.48,0.182
2025-03-05 06:30:00,784.2,0.185
2025-03-05 07:00:00,784.26,0.182
2025-03-05 07:30:00,784.04,0.183
2025-03-05 08:00:00,784.12,0.185
2025-03-05 08:30:00,783.82,0.182
2025-03-05 09:00:00,783.94,0.183
2025-03-05 09:30:00,783.82,0.183
2025-03-05 10:00:00,783.26,0.182
2025-03-05 10:30:00,783.0,0.183
2025-03-05 11:00:00,782.12,0.184
2025-03-05 11:30:00,781.82,0.185
2025-03-05 12:00:00,781.53,0.183
2025-03-05 12:30:00,781.37,0.184
2025-03-05 13:00:00,780.96,0.183
2025-03-05 13:30:00,780.79,0.185
2025-03-05 14:00:00,780.51,0.182
2025-03-05 14:30:00,779.9,0.183
2025-03-05 15:00:00,779.6,0.182
2025-03-05 15:30:00,779.2,0.183
2025-03-05 16:00:00,779.0,0.184
2025-03-05 16:30:00,778.71,0.183
2025-03-05 17:00:00,778.11,0.184
2025-03-05 17:30:00,777.6,0.185
2025-03-05 18:00:00,777.52,0.184
2025-03-05 18:30:00,777.51,0.185
2025-03-05 19:00:00,777.4,0.183
2025-03-05 19:30:00,777.03,0.185
2025-03-05 20:00:00,776.51,0.185
2025-03-05 20:30:00,775.97,0.184
2025-03-05 21:00:00,775.44,0.184
2025-03-05 21:30:00,775.13,0.185
2025-03-05 22:00:00,774.65,0.187
2025-03-05 22:30:00,774.48,0.187
2025-03-05 23:00:00,774.21,0.186
2025-03-05 23:30:00,774.1,0.184
2025-03-06 00:00:00,774.03,0.185
2025-03-06 00:30:00,774.11,0.186
2025-03-06 01:00:00,773.95,0.186
2025-03-06 01:30:00,773.88,0.184
2025-03-06 02:00:00,773.63,0.185
2025-03-06 02:30:00,773.47,0.184
2025-03-06 03:00:00,773.29,0.185
2025-03-06 03:30:00,773.35,0.185
2025-03-06 04:00:00,773.13,0.182
2025-03-06 04:30:00,772.97,0.185
2025-03-06 05:00:00,772.75,0.185
2025-03-06 05:30:00,772.46,0.183
2025-03-06 06:00:00,772.26,0.183
2025-03-06 06:30:00,772.14,0.185
2025-03-06 07:00:00,772.1,0.186
2025-03-06 07:30:00,772.16,0.185
2025-03-06 08:00:00,771.96,0.185
2025-03-06 08:30:00,771.72,0.183
2025-03-06 09:00:00,771.51,0.185
2025-03-06 09:30:00,771.34,0.185
2025-03-06 10:00:00,771.19,0.184
2025-03-06 10:30:00,770.86,0.183
2025-03-06 11:00:00,770.58,0.183
2025-03-06 11:30:00,770.67,0.183
2025-03-06 12:00:00,770.58,0.184
2025-03-06 12:30:00,770.36,0.184
2025-03-06 13:00:00,770.1,0.184
2025-03-06 13:30:00,769.83,0.185
2025-03-06 14:00:00,770.0,0.184
2025-03-06 14:30:00,770.18,0.184
2025-03-06 15:00:00,770.42,0.183
2025-03-06 15:30:00,770.62,0.184
2025-03-06 16:00:00,770.85,0.184
2025-03-06 16:30:00,771.13,0.184
2025-03-06 17:00:00,771.28,0.184
2025-03-06 17:30:00,771.57,0.185
2025-03-06 18:00:00,771.69,0.183
2025-03-06 18:30:00,771.83,0.182
2025-03-06 19:00:00,771.93,0.182
2025-03-06 19:30:00,772.09,0.182
2025-03-06 20:00:00,772.12,0.182
2025-03-06 20:30:00,772.39,0.18
2025-03-06 21:00:00,772.3,0.181
2025-03-06 21:30:00,772.69,0.18
2025-03-06 22:00:00,772.96,0.18
2025-03-06 22:30:00,773.22,0.18
2025-03-06 23:00:00,773.37,0.179
2025-03-06 23:30:00,773.71,0.179
2025-03-07 00:00:00,773.97,0.177
2025-03-07 00:30:00,774.31,0.177
2025-03-07 01:00:00,774.69,0.178
2025-03-07 01:30:00,775.0,0.179
2025-03-07 02:00:00,775.37,0.179
2025-03-07 02:30:00,775.6,0.177
2025-03-07 03:00:00,776.07,0.176
2025-03-07 03:30:00,776.59,0.175
2025-03-07 04:00:00,776.64,0.177
2025-03-07 04:30:00,776.54,0.176
2025-03-07 05:00:00,776.8,0.176
2025-03-07 05:30:00,777.23,0.175
2025-03-07 06:00:00,777.49,0.175
2025-03-07 06:30:00,777.79,0.175
2025-03-07 07:00:00,778.06,0.174
2025-03-07 07:30:00,778.26,0.176
2025-03-07 08:00:00,778.28,0.173
2025-03-07 08:30:00,778.29,0.174
2025-03-07 09:00:00,778.51,0.173
2025-03-07 09:30:00,778.74,0.171
2025-03-07 10:00:00,778.64,0.173
2025-03-07 10:30:00,778.83,0.171
2025-03-07 11:00:00,778.68,0.172
2025-03-07 11:30:00,778.83,0.171
2025-03-07 12:00:00,778.76,0.171
2025-03-07 12:30:00,778.96,0.171
2025-03-07 13:00:00,779.1,0.173
2025-03-07 13:30:00,779.19,0.17
2025-03-07 14:00:00,779.38,0.172
2025-03-07 14:30:00,779.39,0.17
2025-03-07 15:00:00,779.81,0.17
2025-03-07 15:30:00,780.1,0.171
2025-03-07 16:00:00,779.76,0.17
2025-03-07 16:30:00,779.89,0.169
2025-03-07 17:00:00,780.05,0.171
2025-03-07 17:30:00,780.3,0.172
2025-03-07 18:00:00,780.22,0.17
2025-03-07 18:30:00,780.39,0.169
2025-03-07 19:00:00,780.82,0.171
2025-03-07 19:30:00,781.2,0.17
2025-03-07 20:00:00,781.65,0.171
2025-03-07 20:30:00,782.02,0.17
2025-03-07 21:00:00,782.3,0.168
2025-03-07 21:30:00,782.27,0.168
2025-03-07 22:00:00,782.5,0.17
2025-03-07 22:30:00,783.05,0.171
2025-03-07 23:00:00,783.28,0.17
2025-03-07 23:30:00,783.54,0.168
2025-03-08 00:00:00,784.02,0.169
2025-03-08 00:30:00,784.27,0.169
2025-03-08 01:00:00,784.42,0.168
2025-03-08 01:30:00,784.72,0.169
2025-03-08 02:00:00,785.22,0.168
2025-03-08 02:30:00,785.54,0.168
2025-03-08 03:00:00,785.85,0.166
2025-03-08 03:30:00,786.1,0.166
2025-03-08 04:00:00,786.11,0.169
2025-03-08 04:30:00,786.57,0.168
2025-03-08 05:00:00,786.89,0.168
2025-03-08 05:30:00,787.18,0.169
2025-03-08 06:00:00,787.59,0.168
2025-03-08 06:30:00,787.68,0.168
2025-03-08 07:00:00,787.54,0.168
2025-03-08 07:30:00,787.7,0.166
2025-03-08 08:00:00,787.63,0.166
2025-03-08 08:30:00,787.7,0.164
2025-03-08 09:00:00,787.91,0.166
2025-03-08 09:30:00,787.86,0.167
2025-03-08 10:00:00,787.82,0.167
2025-03-08 10:30:00,787.75,0.167
2025-03-08 11:00:00,787.78,0.165
2025-03-08 11:30:00,787.89,0.166
2025-03-08 12:00:00,787.99,0.167
2025-03-08 12:30:00,788.22,0.165
2025-03-08 13:00:00,788.34,0.166
2025-03-08 13:30:00,788.44,0.165
2025-03-08 14:00:00,788.46,0.165
2025-03-08 14:30:00,788.47,0.164
2025-03-08 15:00:00,788.79,0.165
2025-03-08 15:30:00,789.03,0.164
2025-03-08 16:00:00,789.34,0.165
2025-03-08 16:30:00,789.4,0.166
2025-03-08 17:00:00,789.49,0.165
2025-03-08 17:30:00,789.47,0.166
2025-03-08 18:00:00,789.56,0.167
2025-03-08 18:30:00,789.7,0.165
2025-03-08 19:00:00,789.93,0.165
2025-03-08 19:30:00,789.79,0.167
2025-03-08 20:00:00,789.53,0.168
2025-03-08 20:30:00,789.3,0.173
2025-03-08 21:00:00,789.22,0.175
2025-03-08 21:30:00,789.3,0.177
2025-03-08 22:00:00,789.66,0.179
2025-03-08 22:30:00,789.87,0.179
2025-03-08 23:00:00,790.11,0.178
2025-03-08 23:30:00,790.32,0.177
2025-03-09 00:00:00,790.5,0.175
2025-03-09 00:30:00,790.57,0.174
2025-03-09 01:00:00,790.78,0.173
2025-03-09 01:30:00,790.9,0.172
2025-03-09 02:00:00,791.14,0.169
2025-03-09 02:30:00,791.36,0.169
2025-03-09 03:00:00,791.55,0.166
2025-03-09 03:30:00,791.74,0.168
2025-03-09 04:00:00,791.9,0.164
2025-03-09 04:30:00,791.92,0.163
2025-03-09 05:00:00,791.98,0.163
2025-03-09 05:30:00,791.99,0.164
2025-03-09 06:00:00,791.88,0.163
2025-03-09 06:30:00,791.92,0.164
2025-03-09 07:00:00,791.88,0.162
2025-03-09 07:30:00,791.73,0.162
2025-03-09 08:00:00,791.58,0.16
2025-03-09 08:30:00,791.53,0.161
2025-03-09 09:00:00,791.67,0.16
2025-03-09 09:30:00,791.42,0.16
2025-03-09 10:00:00,791.11,0.159
2025-03-09 10:30:00,790.84,0.158
2025-03-09 11:00:00,790.66,0.159
2025-03-09 11:30:00,790.5,0.159
2025-03-09 12:00:00,790.41,0.157
2025-03-09 12:30:00,790.34,0.156
2025-03-09 13:00:00,790.2,0.155
2025-03-09 13:30:00,790.12,0.156
2025-03-09 14:00:00,790.06,0.157
2025-03-09 14:30:00,789.98,0.153
2025-03-09 15:00:00,790.0,0.153
2025-03-09 15:30:00,789.94,0.153
2025-03-09 16:00:00,789.82,0.152
2025-03-09 16:30:00,789.6,0.153
2025-03-09 17:00:00,789.28,0.153
2025-03-09 17:30:00,788.94,0.153
2025-03-09 18:00:00,788.84,0.152
2025-03-09 18:30:00,788.83,0.153
2025-03-09 19:00:00,788.91,0.155
2025-03-09 19:30:00,788.64,0.155
2025-03-09 20:00:00,788.3,0.158
2025-03-09 20:30:00,788.1,0.161
2025-03-09 21:00:00,788.17,0.164
2025-03-09 21:30:00,788.07,0.165
2025-03-09 22:00:00,787.85,0.167
2025-03-09 22:30:00,787.46,0.169
2025-03-09 23:00:00,787.47,0.168
2025-03-09 23:30:00,787.48,0.165
2025-03-10 00:00:00,787.33,0.165
2025-03-10 00:30:00,787.38,0.164
2025-03-10 01:00:00,787.51,0.163
2025-03-10 01:30:00,787.55,0.163
2025-03-10 02:00:00,787.6,0.159
2025-03-10 02:30:00,787.6,0.159
2025-03-10 03:00:00,787.72,0.16
2025-03-10 03:30:00,787.62,0.156
2025-03-10 04:00:00,787.64,0.155
2025-03-10 04:30:00,787.81,0.155
2025-03-10 05:00:00,787.76,0.154
2025-03-10 05:30:00,787.38,0.152
2025-03-10 06:00:00,787.33,0.152
2025-03-10 06:30:00,787.28,0.151
2025-03-10 07:00:00,787.0,0.15
2025-03-10 07:30:00,786.78,0.15
2025-03-10 08:00:00,786.56,0.149
2025-03-10 08:30:00,786.4,0.148
2025-03-10 09:00:00,786.15,0.148
2025-03-10 09:30:00,785.75,0.149
2025-03-10 10:00:00,785.6,0.147
2025-03-10 10:30:00,785.37,0.148
2025-03-10 11:00:00,785.11,0.148
2025-03-10 11:30:00,785.0,0.146
2025-03-10 12:00:00,784.81,0.144
2025-03-10 12:30:00,784.76,0.145
2025-03-10 13:00:00,784.79,0.146
2025-03-10 13:30:00,784.75,0.144
2025-03-10 14:00:00,784.65,0.141
2025-03-10 14:30:00,784.61,0.142
2025-03-10 15:00:00,784.59,0.142
2025-03-10 15:30:00,784.46,0.143
2025-03-10 16:00:00,784.36,0.141
2025-03-10 16:30:00,784.13,0.142
2025-03-10 17:00:00,783.81,0.144
2025-03-10 17:30:00,783.51,0.141
2025-03-10 18:00:00,783.21,0.142
2025-03-10 18:30:00,782.94,0.143
2025-03-10 19:00:00,782.74,0.144
2025-03-10 19:30:00,782.67,0.145
2025-03-10 20:00:00,782.49,0.145
2025-03-10 20:30:00,782.12,0.146
2025-03-10 21:00:00,781.71,0.147
2025-03-10 21:30:00,781.44,0.148
2025-03-10 22:00:00,781.27,0.151
2025-03-10 22:30:00,781.2,0.151
2025-03-10 23:00:00,781.27,0.152
2025-03-10 23:30:00,780.98,0.151
2025-03-11 00:00:00,780.94,0.151
2025-03-11 00:30:00,781.08,0.151
2025-03-11 01:00:00,781.12,0.152
2025-03-11 01:30:00,780.92,0.15
2025-03-11 02:00:00,780.82,0.149
2025-03-11 02:30:00,780.94,0.152
2025-03-11 03:00:00,781.1,0.146
2025-03-11 03:30:00,781.21,0.147
2025-03-11 04:00:00,781.1,0.147
2025-03-11 04:30:00,781.14,0.146
2025-03-11 05:00:00,781.28,0.146
2025-03-11 05:30:00,781.2,0.147
2025-03-11 06:00:00,781.09,0.146
2025-03-11 06:30:00,781.04,0.145
2025-03-11 07:00:00,780.79,0.146
2025-03-11 07:30:00,780.6,0.146
2025-03-11 08:00:00,780.45,0.146
2025-03-11 08:30:00,780.26,0.145
2025-03-11 09:00:00,780.13,0.145
2025-03-11 09:30:00,779.83,0.146
2025-03-11 10:00:00,779.54,0.144
2025-03-11 10:30:00,779.28,0.144
2025-03-11 11:00:00,779.03,0.145
2025-03-11 11:30:00,778.8,0.147
2025-03-11 12:00:00,778.5,0.146
2025-03-11 12:30:00,778.19,0.146
2025-03-11 13:00:00,777.97,0.147
2025-03-11 13:30:00,777.95,0.144
2025-03-11 14:00:00,777.86,0.145
2025-03-11 14:30:00,777.83,0.144
2025-03-11 15:00:00,778.03,0.143
2025-03-11 15:30:00,777.95,0.145
2025-03-11 16:00:00,778.03,0.145
2025-03-11 16:30:00,777.72,0.144
2025-03-11 17:00:00,777.52,0.146
2025-03-11 17:30:00,777.42,0.146
2025-03-11 18:00:00,777.23,0.146
2025-03-11 18:30:00,777.2,0.147
2025-03-11 19:00:00,777.25,0.148
2025-03-11 19:30:00,777.34,0.151
2025-03-11 20:00:00,777.18,0.153
2025-03-11 20:30:00,777.09,0.153
2025-03-11 21:00:00,776.74,0.158
2025-03-11 21:30:00,776.61,0.157
2025-03-11 22:00:00,776.52,0.163
2025-03-11 22:30:00,776.68,0.162
2025-03-11 23:00:00,776.87,0.161
2025-03-11 23:30:00,776.97,0.163
2025-03-12 00:00:00,777.0,0.162
2025-03-12 00:30:00,777.04,0.164
2025-03-12 01:00:00,777.07,0.162
2025-03-12 01:30:00,777.07,0.16
2025-03-12 02:00:00,777.29,0.16
2025-03-12 02:30:00,777.06,0.161
2025-03-12 03:00:00,777.33,0.161
2025-03-12 03:30:00,777.56,0.16
2025-03-12 04:00:00,777.5,0.16
2025-03-12 04:30:00,777.52,0.16
2025-03-12 05:00:00,777.72,0.161
2025-03-12 05:30:00,777.65,0.159
2025-03-12 06:00:00,777.63,0.159
2025-03-12 06:30:00,777.9,0.158
2025-03-12 07:00:00,777.92,0.158
2025-03-12 07:30:00,777.89,0.158
2025-03-12 08:00:00,777.53,0.158
2025-03-12 08:30:00,777.25,0.158
2025-03-12 09:00:00,777.37,0.159
2025-03-12 09:30:00,777.13,0.159
2025-03-12 10:00:00,776.69,0.16
2025-03-12 10:30:00,775.9,0.159
2025-03-12 11:00:00,776.16,0.158
2025-03-12 11:30:00,776.4,0.158
2025-03-12 12:00:00,776.16,0.158
2025-03-12 12:30:00,776.08,0.158
2025-03-12 13:00:00,776.34,0.16
2025-03-12 13:30:00,776.15,0.158
2025-03-12 14:00:00,776.29,0.158
2025-03-12 14:30:00,776.12,0.156
2025-03-12 15:00:00,776.04,0.158
2025-03-12 15:30:00,776.23,0.156
2025-03-12 16:00:00,776.4,0.155
2025-03-12 16:30:00,776.34,0.157
2025-03-12 17:00:00,776.22,0.157
2025-03-12 17:30:00,776.58,0.158
2025-03-12 18:00:00,776.79,0.158
2025-03-12 18:30:00,776.63,0.158
2025-03-12 19:00:00,776.34,0.159
2025-03-12 19:30:00,776.41,0.159
2025-03-12 20:00:00,776.19,0.163
2025-03-12 20:30:00,776.13,0.163
2025-03-12 21:00:00,775.78,0.164
2025-03-12 21:30:00,775.35,0.165
2025-03-12 22:00:00,774.82,0.163
2025-03-12 22:30:00,774.59,0.164
2025-03-12 23:00:00,774.27,0.165
2025-03-12 23:30:00,773.82,0.163
2025-03-13 00:00:00,773.5,0.164
2025-03-13 00:30:00,773.1,0.162
2025-03-13 01:00:00,772.52,0.164
2025-03-13 01:30:00,771.73,0.162
2025-03-13 02:00:00,771.11,0.163
2025-03-13 02:30:00,771.18,0.164
2025-03-13 03:00:00,771.2,0.161
2025-03-13 03:30:00,770.95,0.162
2025-03-13 04:00:00,770.61,0.16
2025-03-13 04:30:00,770.56,0.16
2025-03-13 05:00:00,770.79,0.163
2025-03-13 05:30:00,771.33,0.161
2025-03-13 06:00:00,771.65,0.162
2025-03-13 06:30:00,771.36,0.162
2025-03-13 07:00:00,770.94,0.162
2025-03-13 07:30:00,770.6,0.161
2025-03-13 08:00:00,770.49,0.161
2025-03-13 08:30:00,770.07,0.162
2025-03-13 09:00:00,770.19,0.161
2025-03-13 09:30:00,770.06,0.161
2025-03-13 10:00:00,769.74,0.164
2025-03-13 10:30:00,769.61,0.163
2025-03-13 11:00:00,769.67,0.167
2025-03-13 11:30:00,769.58,0.167
2025-03-13 12:00:00,769.35,0.166
2025-03-13 12:30:00,769.05,0.167
2025-03-13 13:00:00,768.98,0.166
2025-03-13 13:30:00,768.87,0.167
2025-03-13 14:00:00,768.65,0.167
2025-03-13 14:30:00,768.89,0.166
2025-03-13 15:00:00,769.06,0.168
2025-03-13 15:30:00,769.08,0.171
2025-03-13 16:00:00,769.15,0.168
2025-03-13 16:30:00,769.15,0.168
2025-03-13 17:00:00,769.35,0.166
2025-03-13 17:30:00,769.37,0.167
2025-03-13 18:00:00,769.56,0.166
2025-03-13 18:30:00,769.65,0.165
2025-03-13 19:00:00,769.72,0.166
2025-03-13 19:30:00,769.98,0.165
2025-03-13 20:00:00,770.37,0.164
2025-03-13 20:30:00,770.2,0.166
2025-03-13 21:00:00,770.44,0.165
2025-03-13 21:30:00,770.39,0.164
2025-03-13 22:00:00,770.68,0.164
2025-03-13 22:30:00,770.79,0.163
2025-03-13 23:00:00,771.06,0.163
2025-03-13 23:30:00,771.29,0.163
2025-03-14 00:00:00,771.64,0.161
2025-03-14 00:30:00,771.91,0.161
2025-03-14 01:00:00,772.19,0.158
2025-03-14 01:30:00,772.74,0.158
2025-03-14 02:00:00,773.02,0.158
2025-03-14 02:30:00,773.41,0.154
2025-03-14 03:00:00,773.92,0.155
2025-03-14 03:30:00,774.18,0.15
2025-03-14 04:00:00,774.53,0.151
2025-03-14 04:30:00,774.88,0.148
2025-03-14 05:00:00,775.3,0.149
2025-03-14 05:30:00,775.56,0.147
2025-03-14 06:00:00,775.82,0.145
2025-03-14 06:30:00,776.21,0.144
2025-03-14 07:00:00,776.38,0.142
2025-03-14 07:30:00,776.59,0.143
2025-03-14 08:00:00,776.42,0.141
2025-03-14 08:30:00,776.9,0.14
2025-03-14 09:00:00,777.23,0.137
2025-03-14 09:30:00,777.13,0.137
2025-03-14 10:00:00,777.21,0.137
2025-03-14 10:30:00,776.69,0.134
2025-03-14 11:00:00,776.62,0.133
2025-03-14 11:30:00,776.67,0.128
2025-03-14 12:00:00,776.41,0.132
2025-03-14 12:30:00,776.42,0.129
2025-03-14 13:00:00,776.48,0.131
2025-03-14 13:30:00,776.37,0.129
2025-03-14 14:00:00,776.25,0.129
2025-03-14 14:30:00,776.46,0.128
2025-03-14 15:00:00,776.52,0.127
2025-03-14 15:30:00,776.98,0.125
2025-03-14 16:00:00,776.54,0.125
2025-03-14 16:30:00,776.96,0.122
2025-03-14 17:00:00,776.68,0.124
2025-03-14 17:30:00,776.99,0.124
2025-03-14 18:00:00,776.86,0.121
2025-03-14 18:30:00,776.77,0.12
2025-03-14 19:00:00,776.56,0.121
2025-03-14 19:30:00,776.21,0.119
2025-03-14 20:00:00,776.2,0.117
2025-03-14 20:30:00,775.51,0.116
2025-03-14 21:00:00,775.58,0.116
2025-03-14 21:30:00,776.74,0.114
2025-03-14 22:00:00,777.47,0.114
2025-03-14 22:30:00,777.84,0.113
2025-03-14 23:00:00,777.98,0.113
2025-03-14 23:30:00,777.95,0.11
2025-03-15 00:00:00,778.32,0.107
2025-03-15 00:30:00,778.71,0.106
2025-03-15 01:00:00,779.41,0.105
2025-03-15 01:30:00,779.8,0.104
2025-03-15 02:00:00,780.34,0.101
2025-03-15 02:30:00,780.94,0.1
2025-03-15 03:00:00,781.32,0.1
2025-03-15 03:30:00,781.7,0.098
2025-03-15 04:00:00,782.13,0.1
2025-03-15 04:30:00,782.25,0.097
2025-03-15 05:00:00,782.87,0.098
2025-03-15 05:30:00,783.22,0.095
2025-03-15 06:00:00,783.83,0.095
2025-03-15 06:30:00,784.0,0.092
2025-03-15 07:00:00,784.14,0.093
2025-03-15 07:30:00,784.68,0.092
2025-03-15 08:00:00,785.14,0.09
2025-03-15 08:30:00,785.6,0.09
2025-03-15 09:00:00,785.95,0.089
2025-03-15 09:30:00,785.78,0.087
2025-03-15 10:00:00,786.12,0.089
2025-03-15 10:30:00,786.55,0.087
2025-03-15 11:00:00,786.56,0.086
2025-03-15 11:30:00,786.59,0.085
2025-03-15 12:00:00,787.1,0.082
2025-03-15 12:30:00,787.49,0.084
2025-03-15 13:00:00,788.21,0.083
2025-03-15 13:30:00,788.4,0.079
2025-03-15 14:00:00,788.53,0.077
2025-03-15 14:30:00,789.22,0.079
2025-03-15 15:00:00,789.32,0.08
2025-03-15 15:30:00,789.98,0.077
2025-03-15 16:00:00,790.26,0.076
2025-03-15 16:30:00,790.18,0.076
2025-03-15 17:00:00,790.96,0.074
2025-03-15 17:30:00,791.45,0.075
2025-03-15 18:00:00,791.62,0.075
2025-03-15 18:30:00,792.0,0.073
2025-03-15 19:00:00,792.66,0.07
2025-03-15 19:30:00,792.61,0.071
2025-03-15 20:00:00,792.94,0.068
2025-03-15 20:30:00,793.13,0.068
2025-03-15 21:00:00,793.07,0.07
2025-03-15 21:30:00,793.25,0.069
2025-03-15 22:00:00,793.25,0.069
2025-03-15 22:30:00,793.39,0.065
2025-03-15 23:00:00,793.76,0.065
2025-03-15 23:30:00,793.89,0.064
2025-03-16 00:00:00,793.89,0.064
2025-03-16 00:30:00,794.09,0.063
2025-03-16 01:00:00,794.52,0.064
2025-03-16 01:30:00,794.71,0.06
2025-03-16 02:00:00,794.92,0.061
2025-03-16 02:30:00,795.37,0.059
2025-03-16 03:00:00,795.99,0.061
2025-03-16 03:30:00,796.08,0.057
2025-03-16 04:00:00,796.48,0.057
2025-03-16 04:30:00,796.79,0.058
2025-03-16 05:00:00,796.98,0.058
2025-03-16 05:30:00,797.14,0.057
2025-03-16 06:00:00,797.28,0.056
2025-03-16 06:30:00,797.42,0.056
2025-03-16 07:00:00,797.59,0.056
2025-03-16 07:30:00,797.54,0.056
2025-03-16 08:00:00,797.43,0.055
2025-03-16 08:30:00,797.64,0.054
2025-03-16 09:00:00,797.57,0.055
2025-03-16 09:30:00,797.57,0.054
2025-03-16 10:00:00,797.6,0.052
2025-03-16 10:30:00,797.46,0.054
2025-03-16 11:00:00,797.39,0.052
2025-03-16 11:30:00,797.32,0.05
2025-03-16 12:00:00,797.36,0.05
2025-03-16 12:30:00,797.35,0.051
2025-03-16 13:00:00,797.35,0.051
2025-03-16 13:30:00,797.55,0.051
2025-03-16 14:00:00,797.7,0.048
2025-03-16 14:30:00,797.84,0.051
2025-03-16 15:00:00,798.08,0.048
2025-03-16 15:30:00,798.19,0.049
2025-03-16 16:00:00,798.31,0.049
2025-03-16 16:30:00,798.34,0.047
2025-03-16 17:00:00,798.3,0.046
2025-03-16 17:30:00,798.31,0.048
2025-03-16 18:00:00,798.47,0.049
2025-03-16 18:30:00,798.64,0.047
2025-03-16 19:00:00,798.69,0.048
2025-03-16 19:30:00,798.65,0.046
2025-03-16 20:00:00,798.53,0.048
2025-03-16 20:30:00,798.41,0.048
2025-03-16 21:00:00,797.98,0.047
2025-03-16 21:30:00,797.89,0.047
2025-03-16 22:00:00,797.91,0.047
2025-03-16 22:30:00,797.83,0.047
2025-03-16 23:00:00,797.81,0.045
2025-03-16 23:30:00,797.85,0.044
2025-03-17 00:00:00,797.79,0.045
2025-03-17 00:30:00,797.84,0.044
2025-03-17 01:00:00,797.72,0.042
2025-03-17 01:30:00,797.8,0.043
2025-03-17 02:00:00,797.9,0.043
2025-03-17 02:30:00,797.81,0.042
2025-03-17 03:00:00,797.98,0.038
2025-03-17 03:30:00,798.09,0.041
2025-03-17 04:00:00,798.01,0.04
2025-03-17 04:30:00,797.8,0.04
2025-03-17 05:00:00,797.86,0.04
2025-03-17 05:30:00,797.58,0.04
2025-03-17 06:00:00,797.34,0.038
2025-03-17 06:30:00,797.04,0.038
2025-03-17 07:00:00,796.95,0.038
2025-03-17 07:30:00,796.56,0.036
2025-03-17 08:00:00,796.25,0.037
2025-03-17 08:30:00,795.95,0.037
2025-03-17 09:00:00,795.75,0.036
2025-03-17 09:30:00,795.28,0.034
2025-03-17 10:00:00,794.9,0.035
2025-03-17 10:30:00,794.31,0.035
2025-03-17 11:00:00,794.42,0.034
2025-03-17 11:30:00,794.02,0.033
2025-03-17 12:00:00,793.78,0.032
2025-03-17 12:30:00,793.21,0.033
2025-03-17 13:00:00,793.05,0.034
2025-03-17 13:30:00,792.94,0.032
2025-03-17 14:00:00,792.28,0.032
2025-03-17 14:30:00,792.15,0.031
2025-03-17 15:00:00,792.0,0.032
2025-03-17 15:30:00,792.26,0.031
2025-03-17 16:00:00,792.03,0.032
2025-03-17 16:30:00,792.05,0.031
2025-03-17 17:00:00,791.6,0.029
2025-03-17 17:30:00,791.68,0.028
2025-03-17 18:00:00,791.23,0.03
2025-03-17 18:30:00,790.9,0.032
2025-03-17 19:00:00,790.72,0.029
2025-03-17 19:30:00,790.52,0.032
2025-03-17 20:00:00,790.51,0.032
2025-03-17 20:30:00,790.44,0.03
2025-03-17 21:00:00,790.5,0.03
2025-03-17 21:30:00,790.39,0.031
2025-03-17 22:00:00,790.42,0.028
2025-03-17 22:30:00,790.94,0.03
2025-03-17 23:00:00,790.41,0.029
2025-03-17 23:30:00,790.15,0.03
2025-03-18 00:00:00,790.13,0.031
2025-03-18 00:30:00,790.55,0.029
2025-03-18 01:00:00,790.63,0.031
2025-03-18 01:30:00,790.78,0.029
2025-03-18 02:00:00,790.61,0.03
2025-03-18 02:30:00,790.72,0.029
2025-03-18 03:00:00,790.92,0.028
2025-03-18 03:30:00,791.38,0.029
2025-03-18 04:00:00,791.74,0.03
2025-03-18 04:30:00,791.82,0.03
2025-03-18 05:00:00,791.77,0.031
2025-03-18 05:30:00,792.16,0.029
2025-03-18 06:00:00,792.31,0.029
2025-03-18 06:30:00,792.74,0.029
2025-03-18 07:00:00,792.99,0.029
2025-03-18 07:30:00,793.22,0.03
2025-03-18 08:00:00,793.45,0.031
2025-03-18 08:30:00,793.72,0.031
2025-03-18 09:00:00,793.95,0.029
2025-03-18 09:30:00,794.28,0.03
2025-03-18 10:00:00,794.51,0.03
2025-03-18 10:30:00,794.83,0.031
2025-03-18 11:00:00,795.0,0.031
2025-03-18 11:30:00,795.49,0.029
2025-03-18 12:00:00,795.91,0.032
2025-03-18 12:30:00,795.94,0.027
2025-03-18 13:00:00,796.21,0.03
2025-03-18 13:30:00,796.68,0.03
2025-03-18 14:00:00,797.32,0.03
2025-03-18 14:30:00,797.79,0.029
2025-03-18 15:00:00,798.22,0.031
2025-03-18 15:30:00,798.5,0.028
2025-03-18 16:00:00,798.38,0.029
2025-03-18 16:30:00,798.6,0.029
2025-03-18 17:00:00,798.81,0.028
2025-03-18 17:30:00,799.11,0.029
2025-03-18 18:00:00,799.3,0.03
2025-03-18 18:30:00,799.61,0.028
2025-03-18 19:00:00,799.58,0.029
2025-03-18 19:30:00,799.99,0.028
2025-03-18 20:00:00,800.08,0.029
2025-03-18 20:30:00,800.25,0.029
2025-03-18 21:00:00,800.43,0.029
2025-03-18 21:30:00,800.39,0.027
2025-03-18 22:00:00,800.65,0.027
2025-03-18 22:30:00,800.61,0.029
2025-03-18 23:00:00,800.52,0.028
2025-03-18 23:30:00,800.56,0.027
2025-03-19 00:00:00,800.68,0.029
2025-03-19 00:30:00,801.07,0.027
2025-03-19 01:00:00,801.2,0.027
2025-03-19 01:30:00,801.52,0.027
2025-03-19 02:00:00,801.46,0.027
2025-03-19 02:30:00,801.55,0.025
2025-03-19 03:00:00,802.07,0.026
2025-03-19 03:30:00,802.63,0.026
2025-03-19 04:00:00,802.85,0.025
2025-03-19 04:30:00,803.0,0.025
2025-03-19 05:00:00,803.34,0.027
2025-03-19 05:30:00,803.5,0.025
2025-03-19 06:00:00,803.54,0.024
2025-03-19 06:30:00,803.74,0.024
2025-03-19 07:00:00,803.83,0.023
2025-03-19 07:30:00,803.92,0.027
2025-03-19 08:00:00,804.04,0.024
2025-03-19 08:30:00,804.15,0.022
2025-03-19 09:00:00,803.95,0.022
2025-03-19 09:30:00,803.65,0.023
2025-03-19 10:00:00,803.47,0.024
2025-03-19 10:30:00,803.27,0.024
2025-03-19 11:00:00,803.27,0.022
2025-03-19 11:30:00,802.88,0.021
2025-03-19 12:00:00,802.87,0.022
2025-03-19 12:30:00,802.81,0.022
2025-03-19 13:00:00,802.78,0.023
2025-03-19 13:30:00,802.99,0.021
2025-03-19 14:00:00,803.19,0.021
2025-03-19 14:30:00,803.16,0.021
2025-03-19 15:00:00,803.06,0.022
2025-03-19 15:30:00,803.11,0.022
2025-03-19 16:00:00,803.22,0.022
2025-03-19 16:30:00,803.2,0.022
2025-03-19 17:00:00,803.15,0.021
2025-03-19 17:30:00,803.32,0.021
2025-03-19 18:00:00,803.15,0.021
2025-03-19 18:30:00,802.96,0.02
2025-03-19 19:00:00,802.69,0.021
2025-03-19 19:30:00,802.61,0.022
2025-03-19 20:00:00,802.69,0.022
2025-03-19 20:30:00,802.46,0.021
2025-03-19 21:00:00,802.22,0.021
2025-03-19 21:30:00,801.91,0.021
2025-03-19 22:00:00,801.85,0.021
2025-03-19 22:30:00,802.08,0.022
2025-03-19 23:00:00,801.92,0.021
2025-03-19 23:30:00,801.34,0.022
2025-03-20 00:00:00,801.08,0.022
2025-03-20 00:30:00,801.24,0.021
2025-03-20 01:00:00,801.34,0.02
2025-03-20 01:30:00,801.31,0.021
2025-03-20 02:00:00,801.07,0.02
2025-03-20 02:30:00,800.56,0.02
2025-03-20 03:00:00,800.52,0.02
2025-03-20 03:30:00,800.64,0.02
2025-03-20 04:00:00,800.71,0.018
2025-03-20 04:30:00,800.73,0.016
2025-03-20 05:00:00,800.79,0.019
2025-03-20 05:30:00,800.39,0.019
2025-03-20 06:00:00,800.61,0.019
2025-03-20 06:30:00,800.49,0.019
2025-03-20 07:00:00,800.17,0.017
2025-03-20 07:30:00,798.93,0.017
2025-03-20 08:00:00,798.56,0.017
2025-03-20 08:30:00,798.61,0.017
2025-03-20 09:00:00,798.43,0.018
2025-03-20 09:30:00,798.17,0.017
2025-03-20 10:00:00,798.01,0.018
2025-03-20 10:30:00,798.04,0.017
2025-03-20 11:00:00,797.8,0.018
2025-03-20 11:30:00,797.7,0.019
2025-03-20 12:00:00,798.13,0.019
2025-03-20 12:30:00,798.33,0.021
2025-03-20 13:00:00,797.99,0.017
2025-03-20 13:30:00,798.52,0.02
2025-03-20 14:00:00,798.96,0.02
2025-03-20 14:30:00,798.5,0.019
2025-03-20 15:00:00,798.19,0.018
2025-03-20 15:30:00,798.02,0.019
2025-03-20 16:00:00,798.47,0.018
2025-03-20 16:30:00,798.59,0.02
2025-03-20 17:00:00,798.67,0.019
2025-03-20 17:30:00,798.95,0.02
2025-03-20 18:00:00,798.72,0.019
2025-03-20 18:30:00,798.61,0.018
2025-03-20 19:00:00,798.62,0.019
2025-03-20 19:30:00,798.31,0.021
2025-03-20 20:00:00,798.19,0.02
2025-03-20 20:30:00,798.02,0.02
2025-03-20 21:00:00,797.78,0.023
2025-03-20 21:30:00,797.65,0.02
2025-03-20 22:00:00,797.51,0.023
2025-03-20 22:30:00,797.46,0.024
2025-03-20 23:00:00,797.32,0.023
2025-03-20 23:30:00,797.28,0.021
2025-03-21 00:00:00,797.12,0.024
2025-03-21 00:30:00,797.11,0.023
2025-03-21 01:00:00,797.06,0.023
2025-03-21 01:30:00,797.07,0.023
2025-03-21 02:00:00,797.25,0.022
2025-03-21 02:30:00,797.61,0.021
2025-03-21 03:00:00,797.78,0.021
2025-03-21 03:30:00,797.87,0.023
2025-03-21 04:00:00,797.96,0.021
2025-03-21 04:30:00,798.12,0.022
2025-03-21 05:00:00,798.15,0.021
2025-03-21 05:30:00,798.27,0.022
2025-03-21 06:00:00,798.35,0.02
2025-03-21 06:30:00,798.3,0.02
2025-03-21 07:00:00,797.99,0.02
2025-03-21 07:30:00,798.11,0.02
2025-03-21 08:00:00,798.4,0.022
2025-03-21 08:30:00,798.18,0.021
2025-03-21 09:00:00,797.64,0.02
2025-03-21 09:30:00,797.61,0.02
2025-03-21 10:00:00,797.28,0.019
2025-03-21 10:30:00,796.75,0.022
2025-03-21 11:00:00,796.63,0.021
2025-03-21 11:30:00,796.6,0.021
2025-03-21 12:00:00,796.41,0.019
2025-03-21 12:30:00,796.12,0.022
2025-03-21 13:00:00,796.25,0.022
2025-03-21 13:30:00,796.32,0.021
2025-03-21 14:00:00,796.32,0.022
2025-03-21 14:30:00,796.38,0.023
2025-03-21 15:00:00,796.34,0.022
2025-03-21 15:30:00,796.33,0.023
2025-03-21 16:00:00,796.54,0.024
2025-03-21 16:30:00,796.71,0.023
2025-03-21 17:00:00,796.73,0.025
2025-03-21 17:30:00,796.71,0.027
2025-03-21 18:00:00,796.64,0.025
2025-03-21 18:30:00,796.26,0.024
2025-03-21 19:00:00,795.98,0.026
2025-03-21 19:30:00,795.89,0.025
2025-03-21 20:00:00,796.03,0.027
2025-03-21 20:30:00,795.64,0.028
2025-03-21 21:00:00,795.61,0.027
2025-03-21 21:30:00,795.33,0.028
2025-03-21 22:00:00,795.26,0.027
2025-03-21 22:30:00,795.27,0.028
2025-03-21 23:00:00,795.55,0.028
2025-03-21 23:30:00,795.29,0.027
2025-03-22 00:00:00,795.31,0.028
2025-03-22 00:30:00,795.51,0.027
2025-03-22 01:00:00,795.32,0.026
2025-03-22 01:30:00,795.26,0.025
2025-03-22 02:00:00,795.96,0.023
2025-03-22 02:30:00,796.28,0.023
2025-03-22 03:00:00,796.51,0.024
2025-03-22 03:30:00,796.58,0.021
2025-03-22 04:00:00,796.89,0.022
2025-03-22 04:30:00,797.32,0.02
2025-03-22 05:00:00,797.24,0.021
2025-03-22 05:30:00,797.64,0.02
2025-03-22 06:00:00,797.5,0.021
2025-03-22 06:30:00,797.39,0.019
2025-03-22 07:00:00,797.37,0.021
2025-03-22 07:30:00,797.29,0.021
2025-03-22 08:00:00,797.05,0.018
2025-03-22 08:30:00,796.91,0.019
2025-03-22 09:00:00,796.78,0.019
2025-03-22 09:30:00,796.63,0.021
2025-03-22 10:00:00,796.36,0.018
2025-03-22 10:30:00,796.18,0.019
2025-03-22 11:00:00,796.15,0.02
2025-03-22 11:30:00,796.12,0.02
2025-03-22 12:00:00,796.16,0.019
2025-03-22 12:30:00,796.19,0.019
2025-03-22 13:00:00,796.23,0.019
2025-03-22 13:30:00,796.26,0.018
2025-03-22 14:00:00,796.53,0.018
2025-03-22 14:30:00,796.66,0.018
2025-03-22 15:00:00,796.65,0.018
2025-03-22 15:30:00,796.53,0.017
2025-03-22 16:00:00,796.54,0.018
2025-03-22 16:30:00,796.65,0.017
2025-03-22 17:00:00,796.58,0.017
2025-03-22 17:30:00,796.54,0.02
2025-03-22 18:00:00,796.62,0.019
2025-03-22 18:30:00,796.76,0.02
2025-03-22 19:00:00,796.65,0.019
2025-03-22 19:30:00,796.47,0.017
2025-03-22 20:00:00,796.41,0.018
2025-03-22 20:30:00,796.05,0.019
2025-03-22 21:00:00,796.07,0.021
2025-03-22 21:30:00,796.16,0.022
2025-03-22 22:00:00,796.41,0.021
2025-03-22 22:30:00,796.66,0.022
2025-03-22 23:00:00,797.0,0.021
2025-03-22 23:30:00,797.2,0.021
2025-03-23 00:00:00,797.45,0.021
2025-03-23 00:30:00,797.54,0.02
2025-03-23 01:00:00,797.8,0.021
2025-03-23 01:30:00,798.04,0.022
2025-03-23 02:00:00,798.23,0.019
2025-03-23 02:30:00,798.66,0.019
2025-03-23 03:00:00,799.05,0.017
2025-03-23 03:30:00,799.53,0.018
2025-03-23 04:00:00,799.87,0.017
2025-03-23 04:30:00,800.2,0.017
2025-03-23 05:00:00,800.66,0.017
2025-03-23 05:30:00,800.82,0.018
2025-03-23 06:00:00,801.0,0.016
2025-03-23 06:30:00,800.91,0.015
2025-03-23 07:00:00,801.08,0.015
2025-03-23 07:30:00,801.29,0.016
2025-03-23 08:00:00,801.44,0.015
2025-03-23 08:30:00,801.07,0.016
2025-03-23 09:00:00,801.48,0.014
2025-03-23 09:30:00,801.35,0.014
2025-03-23 10:00:00,801.81,0.014
2025-03-23 10:30:00,801.83,0.014
2025-03-23 11:00:00,802.03,0.011
2025-03-23 11:30:00,802.35,0.013
2025-03-23 12:00:00,801.93,0.013
2025-03-23 12:30:00,801.88,0.013
2025-03-23 13:00:00,802.0,0.012
2025-03-23 13:30:00,802.35,0.013
2025-03-23 14:00:00,802.47,0.013
2025-03-23 14:30:00,802.61,0.013
2025-03-23 15:00:00,802.8,0.011
2025-03-23 15:30:00,802.91,0.01
2025-03-23 16:00:00,803.2,0.011
2025-03-23 16:30:00,803.37,0.01
2025-03-23 17:00:00,803.48,0.01
2025-03-23 17:30:00,803.57,0.01
2025-03-23 18:00:00,803.74,0.009
2025-03-23 18:30:00,803.9,0.009
2025-03-23 19:00:00,803.92,0.013
2025-03-23 19:30:00,803.98,0.015
2025-03-23 20:00:00,804.28,0.016
2025-03-23 20:30:00,804.62,0.016
2025-03-23 21:00:00,804.65,0.02
2025-03-23 21:30:00,804.73,0.021
2025-03-23 22:00:00,804.9,0.023
2025-03-23 22:30:00,805.41,0.026
2025-03-23 23:00:00,805.73,0.025
2025-03-23 23:30:00,806.13,0.025
2025-03-24 00:00:00,806.63,0.023
2025-03-24 00:30:00,807.01,0.025
2025-03-24 01:00:00,807.34,0.023
2025-03-24 01:30:00,807.9,0.024
2025-03-24 02:00:00,808.3,0.021
2025-03-24 02:30:00,808.43,0.022
2025-03-24 03:00:00,808.75,0.022
2025-03-24 03:30:00,809.2,0.022
2025-03-24 04:00:00,809.51,0.02
2025-03-24 04:30:00,809.59,0.02
2025-03-24 05:00:00,809.85,0.019
2025-03-24 05:30:00,810.04,0.016
2025-03-24 06:00:00,810.19,0.018
2025-03-24 06:30:00,810.16,0.015
2025-03-24 07:00:00,810.23,0.015
2025-03-24 07:30:00,810.26,0.015
2025-03-24 08:00:00,810.19,0.014
2025-03-24 08:30:00,810.23,0.012
2025-03-24 09:00:00,810.21,0.013
2025-03-24 09:30:00,810.2,0.014
2025-03-24 10:00:00,810.12,0.013
2025-03-24 10:30:00,809.88,0.012
2025-03-24 11:00:00,809.91,0.013
2025-03-24 11:30:00,809.87,0.01
2025-03-24 12:00:00,809.91,0.008
2025-03-24 12:30:00,810.02,0.009
2025-03-24 13:00:00,810.21,0.009
2025-03-24 13:30:00,810.35,0.006
2025-03-24 14:00:00,810.56,0.007
2025-03-24 14:30:00,810.73,0.004
2025-03-24 15:00:00,810.75,0.005
2025-03-24 15:30:00,810.53,0.005
2025-03-24 16:00:00,810.49,0.004
2025-03-24 16:30:00,810.39,0.004
2025-03-24 17:00:00,810.55,0.005
2025-03-24 17:30:00,810.61,0.006
2025-03-24 18:00:00,810.66,0.009
2025-03-24 18:30:00,811.11,0.01
2025-03-24 19:00:00,811.35,0.014
2025-03-24 19:30:00,811.39,0.017
2025-03-24 20:00:00,811.4,0.021
2025-03-24 20:30:00,811.55,0.027
2025-03-24 21:00:00,811.75,0.03
2025-03-24 21:30:00,811.93,0.031
2025-03-24 22:00:00,812.08,0.035
2025-03-24 22:30:00,812.27,0.034
2025-03-24 23:00:00,812.37,0.033
2025-03-24 23:30:00,812.49,0.033
2025-03-25 00:00:00,812.94,0.032
2025-03-25 00:30:00,813.43,0.03
2025-03-25 01:00:00,813.76,0.03
2025-03-25 01:30:00,814.02,0.027
2025-03-25 02:00:00,814.29,0.027
2025-03-25 02:30:00,814.33,0.022
2025-03-25 03:00:00,814.62,0.02
2025-03-25 03:30:00,814.95,0.019
2025-03-25 04:00:00,815.03,0.018
2025-03-25 04:30:00,815.16,0.017
2025-03-25 05:00:00,815.15,0.015
2025-03-25 05:30:00,815.15,0.013
2025-03-25 06:00:00,815.12,0.012
2025-03-25 06:30:00,815.02,0.01
2025-03-25 07:00:00,815.02,0.011
2025-03-25 07:30:00,814.94,0.011
2025-03-25 08:00:00,814.71,0.009
2025-03-25 08:30:00,814.55,0.009
2025-03-25 09:00:00,814.42,0.007
2025-03-25 09:30:00,814.2,0.007
2025-03-25 10:00:00,814.06,0.005
2025-03-25 10:30:00,813.79,0.006
2025-03-25 11:00:00,813.56,0.005
2025-03-25 11:30:00,813.58,0.004
2025-03-25 12:00:00,813.6,0.001
2025-03-25 12:30:00,813.51,0.002
2025-03-25 13:00:00,813.41,0.002
2025-03-25 13:30:00,813.45,0.002
2025-03-25 14:00:00,813.51,-0.001
2025-03-25 14:30:00,813.69,0.0
2025-03-25 15:00:00,813.75,-0.001
2025-03-25 15:30:00,813.73,-0.002
2025-03-25 16:00:00,813.68,-0.0
2025-03-25 16:30:00,813.7,-0.002
2025-03-25 17:00:00,813.71,0.001
2025-03-25 17:30:00,813.85,0.002
2025-03-25 18:00:00,813.88,0.004
2025-03-25 18:30:00,814.01,0.007
2025-03-25 19:00:00,814.75,0.012
2025-03-25 19:30:00,815.06,0.017
2025-03-25 20:00:00,815.25,0.022
2025-03-25 20:30:00,815.46,0.029
2025-03-25 21:00:00,815.66,0.035
2025-03-25 21:30:00,816.02,0.038
2025-03-25 22:00:00,816.52,0.045
2025-03-25 22:30:00,816.88,0.047
2025-03-25 23:00:00,817.36,0.047
2025-03-25 23:30:00,817.9,0.045
2025-03-26 00:00:00,818.64,0.042
2025-03-26 00:30:00,819.45,0.039
2025-03-26 01:00:00,820.4,0.035
2025-03-26 01:30:00,821.51,0.031
2025-03-26 02:00:00,822.43,0.024
2025-03-26 02:30:00,823.32,0.025
2025-03-26 03:00:00,824.24,0.02
2025-03-26 03:30:00,825.09,0.015
2025-03-26 04:00:00,825.75,0.011
2025-03-26 04:30:00,826.26,0.009
2025-03-26 05:00:00,826.66,0.007
2025-03-26 05:30:00,827.16,0.003
2025-03-26 06:00:00,827.8,0.001
2025-03-26 06:30:00,828.6,0.0
2025-03-26 07:00:00,829.39,0.0
2025-03-26 07:30:00,830.11,-0.005
2025-03-26 08:00:00,830.79,-0.005
2025-03-26 08:30:00,831.48,-0.007
2025-03-26 09:00:00,832.1,-0.007
2025-03-26 09:30:00,832.67,-0.011
2025-03-26 10:00:00,833.31,-0.013
2025-03-26 10:30:00,834.03,-0.012
2025-03-26 11:00:00,834.87,-0.013
2025-03-26 11:30:00,835.67,-0.014
2025-03-26 12:00:00,836.45,-0.016
2025-03-26 12:30:00,837.04,-0.016
2025-03-26 13:00:00,837.96,-0.018
2025-03-26 13:30:00,838.75,-0.018
2025-03-26 14:00:00,839.61,-0.018
2025-03-26 14:30:00,840.47,-0.019
2025-03-26 15:00:00,841.15,-0.018
2025-03-26 15:30:00,841.83,-0.019
2025-03-26 16:00:00,842.46,-0.017
2025-03-26 16:30:00,843.2,-0.018
2025-03-26 17:00:00,843.96,-0.013
2025-03-26 17:30:00,844.9,-0.008
2025-03-26 18:00:00,845.53,-0.0
2025-03-26 18:30:00,846.05,0.008
2025-03-26 19:00:00,846.67,0.021
2025-03-26 19:30:00,847.44,0.034
2025-03-26 20:00:00,848.26,0.049
2025-03-26 20:30:00,848.46,0.064
2025-03-26 21:00:00,849.2,0.077
2025-03-26 21:30:00,849.95,0.09
2025-03-26 22:00:00,850.51,0.101
2025-03-26 22:30:00,851.25,0.11
2025-03-26 23:00:00,851.71,0.114
2025-03-26 23:30:00,852.23,0.117
2025-03-27 00:00:00,852.94,0.116
2025-03-27 00:30:00,853.58,0.115
2025-03-27 01:00:00,854.26,0.112
2025-03-27 01:30:00,854.86,0.112
2025-03-27 02:00:00,855.73,0.108
2025-03-27 02:30:00,856.44,0.108
2025-03-27 03:00:00,857.08,0.104
2025-03-27 03:30:00,858.05,0.101
2025-03-27 04:00:00,859.03,0.099
2025-03-27 04:30:00,859.82,0.098
2025-03-27 05:00:00,860.51,0.093
2025-03-27 05:30:00,861.06,0.091
2025-03-27 06:00:00,861.54,0.089
2025-03-27 06:30:00,861.66,0.086
2025-03-27 07:00:00,862.0,0.085
2025-03-27 07:30:00,862.03,0.084
2025-03-27 08:00:00,862.19,0.079
2025-03-27 08:30:00,862.23,0.081
2025-03-27 09:00:00,862.13,0.079
2025-03-27 09:30:00,862.33,0.079
2025-03-27 10:00:00,862.35,0.077
2025-03-27 10:30:00,862.46,0.078
2025-03-27 11:00:00,862.35,0.078
2025-03-27 11:30:00,862.42,0.073
2025-03-27 12:00:00,862.29,0.076
2025-03-27 12:30:00,861.91,0.075
2025-03-27 13:00:00,861.8,0.075
2025-03-27 13:30:00,862.15,0.074
2025-03-27 14:00:00,862.78,0.073
2025-03-27 14:30:00,862.72,0.074
2025-03-27 15:00:00,862.86,0.072
2025-03-27 15:30:00,862.88,0.073
2025-03-27 16:00:00,862.97,0.073
2025-03-27 16:30:00,863.23,0.076
2025-03-27 17:00:00,863.62,0.083
2025-03-27 17:30:00,863.66,0.097
2025-03-27 18:00:00,863.83,0.12
2025-03-27 18:30:00,863.87,0.151
2025-03-27 19:00:00,863.78,0.192
2025-03-27 19:30:00,863.56,0.235
2025-03-27 20:00:00,863.44,0.277
2025-03-27 20:30:00,862.97,0.315
2025-03-27 21:00:00,862.34,0.348
2025-03-27 21:30:00,862.11,0.377
2025-03-27 22:00:00,861.9,0.395
2025-03-27 22:30:00,862.12,0.402
2025-03-27 23:00:00,862.25,0.405
2025-03-27 23:30:00,862.34,0.403
2025-03-28 00:00:00,862.12,0.396
2025-03-28 00:30:00,862.22,0.39
2025-03-28 01:00:00,861.82,0.38
2025-03-28 01:30:00,861.11,0.37
2025-03-28 02:00:00,860.5,0.358
2025-03-28 02:30:00,859.88,0.349
2025-03-28 03:00:00,859.29,0.337
2025-03-28 03:30:00,858.25,0.326
2025-03-28 04:00:00,857.74,0.32
2025-03-28 04:30:00,857.3,0.307
2025-03-28 05:00:00,856.36,0.301
2025-03-28 05:30:00,855.16,0.292
2025-03-28 06:00:00,854.42,0.285
2025-03-28 06:30:00,853.61,0.278
2025-03-28 07:00:00,852.96,0.272
2025-03-28 07:30:00,852.3,0.265
2025-03-28 08:00:00,851.94,0.261
2025-03-28 08:30:00,851.54,0.255
2025-03-28 09:00:00,851.24,0.249
2025-03-28 09:30:00,850.95,0.245
2025-03-28 10:00:00,850.83,0.24
2025-03-28 10:30:00,850.94,0.237
2025-03-28 11:00:00,851.26,0.232
2025-03-28 11:30:00,851.48,0.229
2025-03-28 12:00:00,851.68,0.223
2025-03-28 12:30:00,852.0,0.219
2025-03-28 13:00:00,852.59,0.215
2025-03-28 13:30:00,853.15,0.212
2025-03-28 14:00:00,853.7,0.208
2025-03-28 14:30:00,854.33,0.204
2025-03-28 15:00:00,854.97,0.203
2025-03-28 15:30:00,855.44,0.199
2025-03-28 16:00:00,855.93,0.194
2025-03-28 16:30:00,856.33,0.193
2025-03-28 17:00:00,856.52,0.192
2025-03-28 17:30:00,856.47,0.193
2025-03-28 18:00:00,856.24,0.197
2025-03-28 18:30:00,855.83,0.203
2025-03-28 19:00:00,855.29,0.21
2025-03-28 19:30:00,854.77,0.221
2025-03-28 20:00:00,854.27,0.234
2025-03-28 20:30:00,853.79,0.245
2025-03-28 21:00:00,853.79,0.255
2025-03-28 21:30:00,853.79,0.264
2025-03-28 22:00:00,854.13,0.271
2025-03-28 22:30:00,854.23,0.276
2025-03-28 23:00:00,854.36,0.281
2025-03-28 23:30:00,854.12,0.285
2025-03-29 00:00:00,853.52,0.285
2025-03-29 00:30:00,852.59,0.284
2025-03-29 01:00:00,851.47,0.284
2025-03-29 01:30:00,849.91,0.282
2025-03-29 02:00:00,848.58,0.278
2025-03-29 02:30:00,847.05,0.277
2025-03-29 03:00:00,845.67,0.274
2025-03-29 03:30:00,844.09,0.269
2025-03-29 04:00:00,842.56,0.269
2025-03-29 04:30:00,841.24,0.267
2025-03-29 05:00:00,840.15,0.262
2025-03-29 05:30:00,839.03,0.26
2025-03-29 06:00:00,837.73,0.256
2025-03-29 06:30:00,836.42,0.254
2025-03-29 07:00:00,835.46,0.252
2025-03-29 07:30:00,834.34,0.249
2025-03-29 08:00:00,833.07,0.246
2025-03-29 08:30:00,832.17,0.244
2025-03-29 09:00:00,830.91,0.239
2025-03-29 09:30:00,829.84,0.237
2025-03-29 10:00:00,828.72,0.236
2025-03-29 10:30:00,827.63,0.232
2025-03-29 11:00:00,826.83,0.229
2025-03-29 11:30:00,826.15,0.227
2025-03-29 12:00:00,825.53,0.224
2025-03-29 12:30:00,825.25,0.22
2025-03-29 13:00:00,824.96,0.219
2025-03-29 13:30:00,824.74,0.214
2025-03-29 14:00:00,824.72,0.213
2025-03-29 14:30:00,824.65,0.209
2025-03-29 15:00:00,824.52,0.205
2025-03-29 15:30:00,824.18,0.203
2025-03-29 16:00:00,823.86,0.2
2025-03-29 16:30:00,823.54,0.201
2025-03-29 17:00:00,823.38,0.197
2025-03-29 17:30:00,823.2,0.198
2025-03-29 18:00:00,822.81,0.199
2025-03-29 18:30:00,822.14,0.2
2025-03-29 19:00:00,821.62,0.204
2025-03-29 19:30:00,821.06,0.204
2025-03-29 20:00:00,820.49,0.209
2025-03-29 20:30:00,819.96,0.209
2025-03-29 21:00:00,819.18,0.214
2025-03-29 21:30:00,819.09,0.215
2025-03-29 22:00:00,818.8,0.216
2025-03-29 22:30:00,818.6,0.216
2025-03-29 23:00:00,818.3,0.217
2025-03-29 23:30:00,818.51,0.213
2025-03-30 00:00:00,818.54,0.213
2025-03-30 00:30:00,818.24,0.211
2025-03-30 01:00:00,818.0,0.208
2025-03-30 01:30:00,817.9,0.207
2025-03-30 02:00:00,817.28,0.204
2025-03-30 02:30:00,817.21,0.201
2025-03-30 03:00:00,817.04,0.198
2025-03-30 03:30:00,816.64,0.198
2025-03-30 04:00:00,816.01,0.197
2025-03-30 04:30:00,815.75,0.194
2025-03-30 05:00:00,815.45,0.19
2025-03-30 05:30:00,815.3,0.193
2025-03-30 06:00:00,815.08,0.192
2025-03-30 06:30:00,814.73,0.188
2025-03-30 07:00:00,814.77,0.188
2025-03-30 07:30:00,814.23,0.183
2025-03-30 08:00:00,814.33,0.182
2025-03-30 08:30:00,813.29,0.181
2025-03-30 09:00:00,813.52,0.18
2025-03-30 09:30:00,812.38,0.179
2025-03-30 10:00:00,812.16,0.176
2025-03-30 10:30:00,812.09,0.174
2025-03-30 11:00:00,812.14,0.173
2025-03-30 11:30:00,811.96,0.173
2025-03-30 12:00:00,811.67,0.169
2025-03-30 12:30:00,811.69,0.167
2025-03-30 13:00:00,811.72,0.166
2025-03-30 13:30:00,811.18,0.166
2025-03-30 14:00:00,811.33,0.163
2025-03-30 14:30:00,811.6,0.163
2025-03-30 15:00:00,811.85,0.162
2025-03-30 15:30:00,811.82,0.159
2025-03-30 16:00:00,812.22,0.158
2025-03-30 16:30:00,812.42,0.155
2025-03-30 17:00:00,812.67,0.156
2025-03-30 17:30:00,812.53,0.156
2025-03-30 18:00:00,812.74,0.152
2025-03-30 18:30:00,813.07,0.153
2025-03-30 19:00:00,813.33,0.151
2025-03-30 19:30:00,813.77,0.154
2025-03-30 20:00:00,813.77,0.153
2025-03-30 20:30:00,813.75,0.154
2025-03-30 21:00:00,814.41,0.153
2025-03-30 21:30:00,814.28,0.154
2025-03-30 22:00:00,814.24,0.156
2025-03-30 22:30:00,813.93,0.154
2025-03-30 23:00:00,814.04,0.154
2025-03-30 23:30:00,814.13,0.155
2025-03-31 00:00:00,813.9,0.152
2025-03-31 00:30:00,813.76,0.155
2025-03-31 01:00:00,813.77,0.154
2025-03-31 01:30:00,813.41,0.153
2025-03-31 02:00:00,813.06,0.151
2025-03-31 02:30:00,812.56,0.151
2025-03-31 03:00:00,812.41,0.151
2025-03-31 03:30:00,812.23,0.15
2025-03-31 04:00:00,812.38,0.149
2025-03-31 04:30:00,812.31,0.149
2025-03-31 05:00:00,811.88,0.148
2025-03-31 05:30:00,811.59,0.147
2025-03-31 06:00:00,811.52,0.145
2025-03-31 06:30:00,811.28,0.144
2025-03-31 07:00:00,810.97,0.143
2025-03-31 07:30:00,810.41,0.143
2025-03-31 08:00:00,810.38,0.143
2025-03-31 08:30:00,810.01,0.141
2025-03-31 09:00:00,809.63,0.141
2025-03-31 09:30:00,809.6,0.142
2025-03-31 10:00:00,809.07,0.139
2025-03-31 10:30:00,808.68,0.138
2025-03-31 11:00:00,808.45,0.138
2025-03-31 11:30:00,808.31,0.138
2025-03-31 12:00:00,808.22,0.137
2025-03-31 12:30:00,808.58,0.135
2025-03-31 13:00:00,808.29,0.135
2025-03-31 13:30:00,808.58,0.132
2025-03-31 14:00:00,808.89,0.132
2025-03-31 14:30:00,809.3,0.132
2025-03-31 15:00:00,809.14,0.131
2025-03-31 15:30:00,808.75,0.13
2025-03-31 16:00:00,808.87,0.128
2025-03-31 16:30:00,808.33,0.126
2025-03-31 17:00:00,808.71,0.126
2025-03-31 17:30:00,808.66,0.126
2025-03-31 18:00:00,808.7,0.124
2025-03-31 18:30:00,808.36,0.123
2025-03-31 19:00:00,808.47,0.125
2025-03-31 19:30:00,808.39,0.124
2025-03-31 20:00:00,808.27,0.12
2025-03-31 20:30:00,808.38,0.122
2025-03-31 21:00:00,808.8,0.123
2025-03-31 21:30:00,808.36,0.12
2025-03-31 22:00:00,807.92,0.121
2025-03-31 22:30:00,807.4,0.119
2025-03-31 23:00:00,806.85,0.118
2025-03-31 23:30:00,806.77,0.118
2025-04-01 00:00:00,806.69,0.119
2025-04-01 00:30:00,807.06,0.118
2025-04-01 01:00:00,807.34,0.117
2025-04-01 01:30:00,807.46,0.115
2025-04-01 02:00:00,807.38,0.117
2025-04-01 02:30:00,807.1,0.114
2025-04-01 03:00:00,806.77,0.114
2025-04-01 03:30:00,807.07,0.113
2025-04-01 04:00:00,807.16,0.111
2025-04-01 04:30:00,807.18,0.109
2025-04-01 05:00:00,807.37,0.11
2025-04-01 05:30:00,807.53,0.109
2025-04-01 06:00:00,807.62,0.108
2025-04-01 06:30:00,807.7,0.107
2025-04-01 07:00:00,807.83,0.107
2025-04-01 07:30:00,807.91,0.108
2025-04-01 08:00:00,808.13,0.106
2025-04-01 08:30:00,808.26,0.103
2025-04-01 09:00:00,808.41,0.105
2025-04-01 09:30:00,808.55,0.103
2025-04-01 10:00:00,808.44,0.102
2025-04-01 10:30:00,808.31,0.102
2025-04-01 11:00:00,808.0,0.1
2025-04-01 11:30:00,807.7,0.101
2025-04-01 12:00:00,807.51,0.1
2025-04-01 12:30:00,807.52,0.102
2025-04-01 13:00:00,807.45,0.1
2025-04-01 13:30:00,807.51,0.101
2025-04-01 14:00:00,807.59,0.099
2025-04-01 14:30:00,807.48,0.099
2025-04-01 15:00:00,807.7,0.099
2025-04-01 15:30:00,807.75,0.099
2025-04-01 16:00:00,807.3,0.098
2025-04-01 16:30:00,807.29,0.098
2025-04-01 17:00:00,807.49,0.096
2025-04-01 17:30:00,807.51,0.095
2025-04-01 18:00:00,807.13,0.096
2025-04-01 18:30:00,806.69,0.095
2025-04-01 19:00:00,806.4,0.094
2025-04-01 19:30:00,806.38,0.095
2025-04-01 20:00:00,806.1,0.092
2025-04-01 20:30:00,806.15,0.092
2025-04-01 21:00:00,805.98,0.09
2025-04-01 21:30:00,806.03,0.091
2025-04-01 22:00:00,806.25,0.088
2025-04-01 22:30:00,806.3,0.086
2025-04-01 23:00:00,806.45,0.084
2025-04-01 23:30:00,806.55,0.082
2025-04-02 00:00:00,806.49,0.081
2025-04-02 00:30:00,806.4,0.08
2025-04-02 01:00:00,806.65,0.078
2025-04-02 01:30:00,806.76,0.078
2025-04-02 02:00:00,806.71,0.075
2025-04-02 02:30:00,806.93,0.074
2025-04-02 03:00:00,807.34,0.072
2025-04-02 03:30:00,807.6,0.071
2025-04-02 04:00:00,807.83,0.07
2025-04-02 04:30:00,807.9,0.071
2025-04-02 05:00:00,807.75,0.069
2025-04-02 05:30:00,807.6,0.068
2025-04-02 06:00:00,807.52,0.065
2025-04-02 06:30:00,807.21,0.067
2025-04-02 07:00:00,807.21,0.065
2025-04-02 07:30:00,807.23,0.064
2025-04-02 08:00:00,807.18,0.063
2025-04-02 08:30:00,807.11,0.065
2025-04-02 09:00:00,806.94,0.066
2025-04-02 09:30:00,806.74,0.064
2025-04-02 10:00:00,806.55,0.062
2025-04-02 10:30:00,806.45,0.063
2025-04-02 11:00:00,806.33,0.063
2025-04-02 11:30:00,806.2,0.061
2025-04-02 12:00:00,806.21,0.062
2025-04-02 12:30:00,806.14,0.06
2025-04-02 13:00:00,805.86,0.059
2025-04-02 13:30:00,805.83,0.06
2025-04-02 14:00:00,805.78,0.059
2025-04-02 14:30:00,805.99,0.061
2025-04-02 15:00:00,806.12,0.058
2025-04-02 15:30:00,805.96,0.059
2025-04-02 16:00:00,805.86,0.057
2025-04-02 16:30:00,805.59,0.058
2025-04-02 17:00:00,805.5,0.057
2025-04-02 17:30:00,805.45,0.055
2025-04-02 18:00:00,805.37,0.055
2025-04-02 18:30:00,805.31,0.057
2025-04-02 19:00:00,805.23,0.057
2025-04-02 19:30:00,805.3,0.058
2025-04-02 20:00:00,805.43,0.056
2025-04-02 20:30:00,805.73,0.056
2025-04-02 21:00:00,805.94,0.054
2025-04-02 21:30:00,806.02,0.055
2025-04-02 22:00:00,806.39,0.054
2025-04-02 22:30:00,806.72,0.053
2025-04-02 23:00:00,807.01,0.053
2025-04-02 23:30:00,807.46,0.05
2025-04-03 00:00:00,807.69,0.048
2025-04-03 00:30:00,807.98,0.048
2025-04-03 01:00:00,808.3,0.048
2025-04-03 01:30:00,808.46,0.047
2025-04-03 02:00:00,808.57,0.048
2025-04-03 02:30:00,808.93,0.041
2025-04-03 03:00:00,809.09,0.043
2025-04-03 03:30:00,809.2,0.043
2025-04-03 04:00:00,809.26,0.043
2025-04-03 04:30:00,809.24,0.042
2025-04-03 05:00:00,809.07,0.042
2025-04-03 05:30:00,809.07,0.041
2025-04-03 06:00:00,808.88,0.041
2025-04-03 06:30:00,808.74,0.041
2025-04-03 07:00:00,808.76,0.04
2025-04-03 07:30:00,808.91,0.04
2025-04-03 08:00:00,808.78,0.037
2025-04-03 08:30:00,808.74,0.04
2025-04-03 09:00:00,808.66,0.038
2025-04-03 09:30:00,808.33,0.039
2025-04-03 10:00:00,808.21,0.039
2025-04-03 10:30:00,807.95,0.037
2025-04-03 11:00:00,807.84,0.039
2025-04-03 11:30:00,807.51,0.04
2025-04-03 12:00:00,807.44,0.039
2025-04-03 12:30:00,807.37,0.038
2025-04-03 13:00:00,807.05,0.04
2025-04-03 13:30:00,807.02,0.039
2025-04-03 14:00:00,806.98,0.041
2025-04-03 14:30:00,806.99,0.041
2025-04-03 15:00:00,807.09,0.04
2025-04-03 15:30:00,806.98,0.039
2025-04-03 16:00:00,806.77,0.042
2025-04-03 16:30:00,806.53,0.042
2025-04-03 17:00:00,806.46,0.044
2025-04-03 17:30:00,806.41,0.044
2025-04-03 18:00:00,806.28,0.047
2025-04-03 18:30:00,806.22,0.048
2025-04-03 19:00:00,806.36,0.048
2025-04-03 19:30:00,806.49,0.05
2025-04-03 20:00:00,806.53,0.05
2025-04-03 20:30:00,806.99,0.05
2025-04-03 21:00:00,807.45,0.053
2025-04-03 21:30:00,807.8,0.051
2025-04-03 22:00:00,808.13,0.049
2025-04-03 22:30:00,808.38,0.052
2025-04-03 23:00:00,808.64,0.049
2025-04-03 23:30:00,808.92,0.05
2025-04-04 00:00:00,808.81,0.048
2025-04-04 00:30:00,808.76,0.045
2025-04-04 01:00:00,808.86,0.046
2025-04-04 01:30:00,809.0,0.043
2025-04-04 02:00:00,809.02,0.045
2025-04-04 02:30:00,808.96,0.043
2025-04-04 03:00:00,809.07,0.043
2025-04-04 03:30:00,809.14,0.044
2025-04-04 04:00:00,809.37,0.042
2025-04-04 04:30:00,809.6,0.04
2025-04-04 05:00:00,809.77,0.04
2025-04-04 05:30:00,809.68,0.041
2025-04-04 06:00:00,809.92,0.042
2025-04-04 06:30:00,810.0,0.041
2025-04-04 07:00:00,810.13,0.042
2025-04-04 07:30:00,810.11,0.04
2025-04-04 08:00:00,810.03,0.04
2025-04-04 08:30:00,809.96,0.042
2025-04-04 09:00:00,809.97,0.041
2025-04-04 09:30:00,809.79,0.041
2025-04-04 10:00:00,809.79,0.041
2025-04-04 10:30:00,809.87,0.04
2025-04-04 11:00:00,809.84,0.041
2025-04-04 11:30:00,809.88,0.041
2025-04-04 12:00:00,810.02,0.041
2025-04-04 12:30:00,810.01,0.042
2025-04-04 13:00:00,810.09,0.041
2025-04-04 13:30:00,809.92,0.041
2025-04-04 14:00:00,810.11,0.04
2025-04-04 14:30:00,810.26,0.04
2025-04-04 15:00:00,810.63,0.042
2025-04-04 15:30:00,810.41,0.04
2025-04-04 16:00:00,810.47,0.042
2025-04-04 16:30:00,810.25,0.038
2025-04-04 17:00:00,810.29,0.041
2025-04-04 17:30:00,810.42,0.043
2025-04-04 18:00:00,810.21,0.042
2025-04-04 18:30:00,810.52,0.044
2025-04-04 19:00:00,810.8,0.043
2025-04-04 19:30:00,810.93,0.046
2025-04-04 20:00:00,810.6,0.045
2025-04-04 20:30:00,810.86,0.048
2025-04-04 21:00:00,810.82,0.049
2025-04-04 21:30:00,810.68,0.05
2025-04-04 22:00:00,810.76,0.051
2025-04-04 22:30:00,810.76,0.051
2025-04-04 23:00:00,810.92,0.052
2025-04-04 23:30:00,810.81,0.051
2025-04-05 00:00:00,811.16,0.053
2025-04-05 00:30:00,811.25,0.049
2025-04-05 01:00:00,811.47,0.05
2025-04-05 01:30:00,811.57,0.048
2025-04-05 02:00:00,811.47,0.048
2025-04-05 02:30:00,811.44,0.047
2025-04-05 03:00:00,811.65,0.047
2025-04-05 03:30:00,811.9,0.047
2025-04-05 04:00:00,812.18,0.045
2025-04-05 04:30:00,812.5,0.043
2025-04-05 05:00:00,812.85,0.046
2025-04-05 05:30:00,812.9,0.043
2025-04-05 06:00:00,812.88,0.043
2025-04-05 06:30:00,812.79,0.043
2025-04-05 07:00:00,812.73,0.04
2025-04-05 07:30:00,812.91,0.045
2025-04-05 08:00:00,813.21,0.042
2025-04-05 08:30:00,812.87,0.04
2025-04-05 09:00:00,812.7,0.041
2025-04-05 09:30:00,812.79,0.04
2025-04-05 10:00:00,812.78,0.039
2025-04-05 10:30:00,812.84,0.039
2025-04-05 11:00:00,812.79,0.041
2025-04-05 11:30:00,812.75,0.039
2025-04-05 12:00:00,812.76,0.039
2025-04-05 12:30:00,812.76,0.039
2025-04-05 13:00:00,812.81,0.039
2025-04-05 13:30:00,812.88,0.04
2025-04-05 14:00:00,813.1,0.039
2025-04-05 14:30:00,813.28,0.037
2025-04-05 15:00:00,813.35,0.038
2025-04-05 15:30:00,813.45,0.04
2025-04-05 16:00:00,813.62,0.038
2025-04-05 16:30:00,813.53,0.04
2025-04-05 17:00:00,813.61,0.041
2025-04-05 17:30:00,813.61,0.043
2025-04-05 18:00:00,813.57,0.045
2025-04-05 18:30:00,813.37,0.047
2025-04-05 19:00:00,813.27,0.049
2025-04-05 19:30:00,813.19,0.049
2025-04-05 20:00:00,813.3,0.052
2025-04-05 20:30:00,813.17,0.054
2025-04-05 21:00:00,813.1,0.057
2025-04-05 21:30:00,812.95,0.056
2025-04-05 22:00:00,812.98,0.058
2025-04-05 22:30:00,812.91,0.06
2025-04-05 23:00:00,813.0,0.06
2025-04-05 23:30:00,813.1,0.058
2025-04-06 00:00:00,813.27,0.058
2025-04-06 00:30:00,813.5,0.057
2025-04-06 01:00:00,813.76,0.058
2025-04-06 01:30:00,813.87,0.057
2025-04-06 02:00:00,813.99,0.055
2025-04-06 02:30:00,814.14,0.053
2025-04-06 03:00:00,814.44,0.054
2025-04-06 03:30:00,814.74,0.051
2025-04-06 04:00:00,815.06,0.051
2025-04-06 04:30:00,815.22,0.051
2025-04-06 05:00:00,815.51,0.049
2025-04-06 05:30:00,815.45,0.047
2025-04-06 06:00:00,815.56,0.049
2025-04-06 06:30:00,815.72,0.046
2025-04-06 07:00:00,815.72,0.047
2025-04-06 07:30:00,815.71,0.045
2025-04-06 08:00:00,815.81,0.044
2025-04-06 08:30:00,815.8,0.043
2025-04-06 09:00:00,815.63,0.04
2025-04-06 09:30:00,815.5,0.041
2025-04-06 10:00:00,815.36,0.039
2025-04-06 10:30:00,815.23,0.039
2025-04-06 11:00:00,815.07,0.039
2025-04-06 11:30:00,814.99,0.038
2025-04-06 12:00:00,814.95,0.037
2025-04-06 12:30:00,814.85,0.038
2025-04-06 13:00:00,814.86,0.037
2025-04-06 13:30:00,814.92,0.036
2025-04-06 14:00:00,814.94,0.036
2025-04-06 14:30:00,814.8,0.036
2025-04-06 15:00:00,814.58,0.037
2025-04-06 15:30:00,814.42,0.038
2025-04-06 16:00:00,814.21,0.038
2025-04-06 16:30:00,814.03,0.037
2025-04-06 17:00:00,813.89,0.04
2025-04-06 17:30:00,813.96,0.041
2025-04-06 18:00:00,813.99,0.043
2025-04-06 18:30:00,813.85,0.046
2025-04-06 19:00:00,813.63,0.048
2025-04-06 19:30:00,813.48,0.049
2025-04-06 20:00:00,813.26,0.055
2025-04-06 20:30:00,813.23,0.059
2025-04-06 21:00:00,813.05,0.06
2025-04-06 21:30:00,813.06,0.064
2025-04-06 22:00:00,813.01,0.065
2025-04-06 22:30:00,812.71,0.065
2025-04-06 23:00:00,812.39,0.066
2025-04-06 23:30:00,812.58,0.066
2025-04-07 00:00:00,812.61,0.065
2025-04-07 00:30:00,812.77,0.067
2025-04-07 01:00:00,813.11,0.064
2025-04-07 01:30:00,813.07,0.063
2025-04-07 02:00:00,813.07,0.066
2025-04-07 02:30:00,813.27,0.065
2025-04-07 03:00:00,813.56,0.066
2025-04-07 03:30:00,813.99,0.063
2025-04-07 04:00:00,814.34,0.063
2025-04-07 04:30:00,814.54,0.062
2025-04-07 05:00:00,814.6,0.062
2025-04-07 05:30:00,814.85,0.06
2025-04-07 06:00:00,815.07,0.061
2025-04-07 06:30:00,815.22,0.061
2025-04-07 07:00:00,815.33,0.057
2025-04-07 07:30:00,815.24,0.056
2025-04-07 08:00:00,815.4,0.057
2025-04-07 08:30:00,815.38,0.056
2025-04-07 09:00:00,815.39,0.053
2025-04-07 09:30:00,815.7,0.053
2025-04-07 10:00:00,816.07,0.053
2025-04-07 10:30:00,815.85,0.052
2025-04-07 11:00:00,816.0,0.05
2025-04-07 11:30:00,816.23,0.048
2025-04-07 12:00:00,816.68,0.049
2025-04-07 12:30:00,816.82,0.048
2025-04-07 13:00:00,816.94,0.046
2025-04-07 13:30:00,816.97,0.049
2025-04-07 14:00:00,817.34,0.047
2025-04-07 14:30:00,817.35,0.045
2025-04-07 15:00:00,817.46,0.047
2025-04-07 15:30:00,817.38,0.045
2025-04-07 16:00:00,817.27,0.044
2025-04-07 16:30:00,816.96,0.045
2025-04-07 17:00:00,816.85,0.045
2025-04-07 17:30:00,817.18,0.046
2025-04-07 18:00:00,817.2,0.048
2025-04-07 18:30:00,817.16,0.051
2025-04-07 19:00:00,817.22,0.054
2025-04-07 19:30:00,817.23,0.057
2025-04-07 20:00:00,817.37,0.06
2025-04-07 20:30:00,817.48,0.062
2025-04-07 21:00:00,817.36,0.067
2025-04-07 21:30:00,817.46,0.069
2025-04-07 22:00:00,817.28,0.069
2025-04-07 22:30:00,817.51,0.073
2025-04-07 23:00:00,817.29,0.073
2025-04-07 23:30:00,816.93,0.073
2025-04-08 00:00:00,816.79,0.075
2025-04-08 00:30:00,816.55,0.077
2025-04-08 01:00:00,816.44,0.076
2025-04-08 01:30:00,816.34,0.076
2025-04-08 02:00:00,815.99,0.076
2025-04-08 02:30:00,815.77,0.076
2025-04-08 03:00:00,815.76,0.075
2025-04-08 03:30:00,815.89,0.076
2025-04-08 04:00:00,816.36,0.074
2025-04-08 04:30:00,816.87,0.074
2025-04-08 05:00:00,817.08,0.074
2025-04-08 05:30:00,817.38,0.073
2025-04-08 06:00:00,817.79,0.075
2025-04-08 06:30:00,817.98,0.074
2025-04-08 07:00:00,818.16,0.074
2025-04-08 07:30:00,818.47,0.07
2025-04-08 08:00:00,818.65,0.073
2025-04-08 08:30:00,818.72,0.07
2025-04-08 09:00:00,818.71,0.071
2025-04-08 09:30:00,818.82,0.071
2025-04-08 10:00:00,818.95,0.07
2025-04-08 10:30:00,819.06,0.069
2025-04-08 11:00:00,819.3,0.068
2025-04-08 11:30:00,819.51,0.067
2025-04-08 12:00:00,819.7,0.069
2025-04-08 12:30:00,819.92,0.067
2025-04-08 13:00:00,820.17,0.066
2025-04-08 13:30:00,820.48,0.067
2025-04-08 14:00:00,820.83,0.068
2025-04-08 14:30:00,821.18,0.066
2025-04-08 15:00:00,821.51,0.067
2025-04-08 15:30:00,821.56,0.067
2025-04-08 16:00:00,821.58,0.066
2025-04-08 16:30:00,821.57,0.069
2025-04-08 17:00:00,821.66,0.07
2025-04-08 17:30:00,821.76,0.072
2025-04-08 18:00:00,821.94,0.071
2025-04-08 18:30:00,822.11,0.077
2025-04-08 19:00:00,822.4,0.079
2025-04-08 19:30:00,822.2,0.083
2025-04-08 20:00:00,821.85,0.085
2025-04-08 20:30:00,821.67,0.09
2025-04-08 21:00:00,822.99,0.093
2025-04-08 21:30:00,823.1,0.094
2025-04-08 22:00:00,822.95,0.097
2025-04-08 22:30:00,822.85,0.099
2025-04-08 23:00:00,822.71,0.099
2025-04-08 23:30:00,823.19,0.098
2025-04-09 00:00:00,822.98,0.1
2025-04-09 00:30:00,823.05,0.1
2025-04-09 01:00:00,822.73,0.098
2025-04-09 01:30:00,822.5,0.098
2025-04-09 02:00:00,822.81,0.098
2025-04-09 02:30:00,823.18,0.099
2025-04-09 03:00:00,823.69,0.098
2025-04-09 03:30:00,824.28,0.1
2025-04-09 04:00:00,824.78,0.098
2025-04-09 04:30:00,825.34,0.097
2025-04-09 05:00:00,825.81,0.097
2025-04-09 05:30:00,826.19,0.096
2025-04-09 06:00:00,826.71,0.096
2025-04-09 06:30:00,827.16,0.099
2025-04-09 07:00:00,827.78,0.098
2025-04-09 07:30:00,828.38,0.098
2025-04-09 08:00:00,829.1,0.095
2025-04-09 08:30:00,829.59,0.097
2025-04-09 09:00:00,830.07,0.097
2025-04-09 09:30:00,830.96,0.098
2025-04-09 10:00:00,831.58,0.098
2025-04-09 10:30:00,832.32,0.094
2025-04-09 11:00:00,832.82,0.097
2025-04-09 11:30:00,833.43,0.095
2025-04-09 12:00:00,833.8,0.096
2025-04-09 12:30:00,834.23,0.097
2025-04-09 13:00:00,834.6,0.098
2025-04-09 13:30:00,834.96,0.096
2025-04-09 14:00:00,835.5,0.099
2025-04-09 14:30:00,835.9,0.098
2025-04-09 15:00:00,836.2,0.099
2025-04-09 15:30:00,836.38,0.099
2025-04-09 16:00:00,836.57,0.101
2025-04-09 16:30:00,836.53,0.1
2025-04-09 17:00:00,836.8,0.103
2025-04-09 17:30:00,837.33,0.106
2025-04-09 18:00:00,837.44,0.107
2025-04-09 18:30:00,837.77,0.111
2025-04-09 19:00:00,837.3,0.113
2025-04-09 19:30:00,836.94,0.117
2025-04-09 20:00:00,836.94,0.116
2025-04-09 20:30:00,837.71,0.122
2025-04-09 21:00:00,838.17,0.124
2025-04-09 21:30:00,838.12,0.126
2025-04-09 22:00:00,837.28,0.128
2025-04-09 22:30:00,836.41,0.129
2025-04-09 23:00:00,836.45,0.132
2025-04-09 23:30:00,836.02,0.132
2025-04-10 00:00:00,835.41,0.134
2025-04-10 00:30:00,835.31,0.137
2025-04-10 01:00:00,835.13,0.137
2025-04-10 01:30:00,834.72,0.138
2025-04-10 02:00:00,834.57,0.141
2025-04-10 02:30:00,834.55,0.14
2025-04-10 03:00:00,835.23,0.146
2025-04-10 03:30:00,835.87,0.146
2025-04-10 04:00:00,836.83,0.148
2025-04-10 04:30:00,837.84,0.147
2025-04-10 05:00:00,838.75,0.148
2025-04-10 05:30:00,839.46,0.151
2025-04-10 06:00:00,840.25,0.15
2025-04-10 06:30:00,840.78,0.154
2025-04-10 07:00:00,841.3,0.154
2025-04-10 07:30:00,841.82,0.154
2025-04-10 08:00:00,842.4,0.156
2025-04-10 08:30:00,842.73,0.157
2025-04-10 09:00:00,843.19,0.158
2025-04-10 09:30:00,843.45,0.16
2025-04-10 10:00:00,843.78,0.161
2025-04-10 10:30:00,844.07,0.165
2025-04-10 11:00:00,844.42,0.163
2025-04-10 11:30:00,844.66,0.165
2025-04-10 12:00:00,844.94,0.169
2025-04-10 12:30:00,845.1,0.17
2025-04-10 13:00:00,845.35,0.17
2025-04-10 13:30:00,845.61,0.172
2025-04-10 14:00:00,846.01,0.174
2025-04-10 14:30:00,846.32,0.178
2025-04-10 15:00:00,846.79,0.179
2025-04-10 15:30:00,846.89,0.181
2025-04-10 16:00:00,846.81,0.182
2025-04-10 16:30:00,846.71,0.186
2025-04-10 17:00:00,847.08,0.187
2025-04-10 17:30:00,847.6,0.191
2025-04-10 18:00:00,846.31,0.195
2025-04-10 18:30:00,847.73,0.198
2025-04-10 19:00:00,849.01,0.202
2025-04-10 19:30:00,850.21,0.205
2025-04-10 20:00:00,853.06,0.207
2025-04-10 20:30:00,855.15,0.212
2025-04-10 21:00:00,855.75,0.214
2025-04-10 21:30:00,855.1,0.216
2025-04-10 22:00:00,853.65,0.221
2025-04-10 22:30:00,852.38,0.225
2025-04-10 23:00:00,850.66,0.225
2025-04-10 23:30:00,848.88,0.23
2025-04-11 00:00:00,847.57,0.234
2025-04-11 00:30:00,846.48,0.239
2025-04-11 01:00:00,847.71,0.242
2025-04-11 01:30:00,849.17,0.244
2025-04-11 02:00:00,849.75,0.247
2025-04-11 02:30:00,851.03,0.248
2025-04-11 03:00:00,851.83,0.25
2025-04-11 03:30:00,852.74,0.252
2025-04-11 04:00:00,853.98,0.254
2025-04-11 04:30:00,855.87,0.255
2025-04-11 05:00:00,857.72,0.257
2025-04-11 05:30:00,859.43,0.258
2025-04-11 06:00:00,860.79,0.257
2025-04-11 06:30:00,863.04,0.259
2025-04-11 07:00:00,865.27,0.259
2025-04-11 07:30:00,867.1,0.258
2025-04-11 08:00:00,868.18,0.257
2025-04-11 08:30:00,868.67,0.256
2025-04-11 09:00:00,868.88,0.256
2025-04-11 09:30:00,868.96,0.257
2025-04-11 10:00:00,869.08,0.255
2025-04-11 10:30:00,869.23,0.255
2025-04-11 11:00:00,869.1,0.254
2025-04-11 11:30:00,869.14,0.255
2025-04-11 12:00:00,868.87,0.258
2025-04-11 12:30:00,869.12,0.257
2025-04-11 13:00:00,869.47,0.258
2025-04-11 13:30:00,870.01,0.26
2025-04-11 14:00:00,870.44,0.259
2025-04-11 14:30:00,870.6,0.262
2025-04-11 15:00:00,871.16,0.262
2025-04-11 15:30:00,871.13,0.26
2025-04-11 16:00:00,870.73,0.262
2025-04-11 16:30:00,870.46,0.262
2025-04-11 17:00:00,869.63,0.264
2025-04-11 17:30:00,868.46,0.264
2025-04-11 18:00:00,868.11,0.267
2025-04-11 18:30:00,868.3,0.268
2025-04-11 19:00:00,868.23,0.272
2025-04-11 19:30:00,867.36,0.275
2025-04-11 20:00:00,866.9,0.278
2025-04-11 20:30:00,866.99,0.278
2025-04-11 21:00:00,866.85,0.281
2025-04-11 21:30:00,864.8,0.281
2025-04-11 22:00:00,863.09,0.284
2025-04-11 22:30:00,862.12,0.286
2025-04-11 23:00:00,862.39,0.29
2025-04-11 23:30:00,861.15,0.291
2025-04-12 00:00:00,860.47,0.292
2025-04-12 00:30:00,859.98,0.294
2025-04-12 01:00:00,859.35,0.297
2025-04-12 01:30:00,858.76,0.298
2025-04-12 02:00:00,858.71,0.299
2025-04-12 02:30:00,858.93,0.303
2025-04-12 03:00:00,859.01,0.303
2025-04-12 03:30:00,858.95,0.304
2025-04-12 04:00:00,859.07,0.305
2025-04-12 04:30:00,859.49,0.305
2025-04-12 05:00:00,859.77,0.309
2025-04-12 05:30:00,858.18,0.311
2025-04-12 06:00:00,859.42,0.311
2025-04-12 06:30:00,859.96,0.313
2025-04-12 07:00:00,860.49,0.312
2025-04-12 07:30:00,860.64,0.315
2025-04-12 08:00:00,860.98,0.314
2025-04-12 08:30:00,861.02,0.316
2025-04-12 09:00:00,861.06,0.315
2025-04-12 09:30:00,860.87,0.315
2025-04-12 10:00:00,860.64,0.317
2025-04-12 10:30:00,860.64,0.318
2025-04-12 11:00:00,860.84,0.318
2025-04-12 11:30:00,860.92,0.318
2025-04-12 12:00:00,860.79,0.319
2025-04-12 12:30:00,860.86,0.32
2025-04-12 13:00:00,861.05,0.32
2025-04-12 13:30:00,860.78,0.32
2025-04-12 14:00:00,860.8,0.317
2025-04-12 14:30:00,860.81,0.321
2025-04-12 15:00:00,860.6,0.318
2025-04-12 15:30:00,860.18,0.321
2025-04-12 16:00:00,859.65,0.32
2025-04-12 16:30:00,859.46,0.322
2025-04-12 17:00:00,858.18,0.325
2025-04-12 17:30:00,857.5,0.329
2025-04-12 18:00:00,856.46,0.332
2025-04-12 18:30:00,854.14,0.335
2025-04-12 19:00:00,852.69,0.338
2025-04-12 19:30:00,850.53,0.345
2025-04-12 20:00:00,848.87,0.348
2025-04-12 20:30:00,847.28,0.354
2025-04-12 21:00:00,844.75,0.355
2025-04-12 21:30:00,843.98,0.357
2025-04-12 22:00:00,843.5,0.36
2025-04-12 22:30:00,843.0,0.362
2025-04-12 23:00:00,842.06,0.359
2025-04-12 23:30:00,842.06,0.359
2025-04-13 00:00:00,841.55,0.357
2025-04-13 00:30:00,841.38,0.358
2025-04-13 01:00:00,840.57,0.356
2025-04-13 01:30:00,839.98,0.357
2025-04-13 02:00:00,839.31,0.355
2025-04-13 02:30:00,839.48,0.356
2025-04-13 03:00:00,840.03,0.356
2025-04-13 03:30:00,840.3,0.357
2025-04-13 04:00:00,840.6,0.358
2025-04-13 04:30:00,841.42,0.36
2025-04-13 05:00:00,841.91,0.36
2025-04-13 05:30:00,842.39,0.36
2025-04-13 06:00:00,842.81,0.359
2025-04-13 06:30:00,843.22,0.36
2025-04-13 07:00:00,843.62,0.36
2025-04-13 07:30:00,843.98,0.363
2025-04-13 08:00:00,844.09,0.361
2025-04-13 08:30:00,844.06,0.36
2025-04-13 09:00:00,844.23,0.357
2025-04-13 09:30:00,844.25,0.36
2025-04-13 10:00:00,844.24,0.355
2025-04-13 10:30:00,844.13,0.355
2025-04-13 11:00:00,843.82,0.354
2025-04-13 11:30:00,843.65,0.353
2025-04-13 12:00:00,843.0,0.351
2025-04-13 12:30:00,842.74,0.35
2025-04-13 13:00:00,842.4,0.349
2025-04-13 13:30:00,842.12,0.349
2025-04-13 14:00:00,841.97,0.348
2025-04-13 14:30:00,841.71,0.349
2025-04-13 15:00:00,841.33,0.347
2025-04-13 15:30:00,841.09,0.349
2025-04-13 16:00:00,840.72,0.349
2025-04-13 16:30:00,840.37,0.351
2025-04-13 17:00:00,839.9,0.353
2025-04-13 17:30:00,839.97,0.352
2025-04-13 18:00:00,839.24,0.355
2025-04-13 18:30:00,839.13,0.356
2025-04-13 19:00:00,838.99,0.358
2025-04-13 19:30:00,838.53,0.36
2025-04-13 20:00:00,838.25,0.36
2025-04-13 20:30:00,836.57,0.361
2025-04-13 21:00:00,836.8,0.365
2025-04-13 21:30:00,836.91,0.368
2025-04-13 22:00:00,837.73,0.371
2025-04-13 22:30:00,838.33,0.375
2025-04-13 23:00:00,837.93,0.377
2025-04-13 23:30:00,836.76,0.378
2025-04-14 00:00:00,836.54,0.383
2025-04-14 00:30:00,837.17,0.386
2025-04-14 01:00:00,835.55,0.387
2025-04-14 01:30:00,837.7,0.389
2025-04-14 02:00:00,838.88,0.391
2025-04-14 02:30:00,839.12,0.392
2025-04-14 03:00:00,840.65,0.394
2025-04-14 03:30:00,841.37,0.394
2025-04-14 04:00:00,842.08,0.399
2025-04-14 04:30:00,842.95,0.398
2025-04-14 05:00:00,843.61,0.4
2025-04-14 05:30:00,843.91,0.402
2025-04-14 06:00:00,844.16,0.403
2025-04-14 06:30:00,844.41,0.403
2025-04-14 07:00:00,844.45,0.406
2025-04-14 07:30:00,844.39,0.405
2025-04-14 08:00:00,843.7,0.405
2025-04-14 08:30:00,843.48,0.408
2025-04-14 09:00:00,842.73,0.411
2025-04-14 09:30:00,842.45,0.412
2025-04-14 10:00:00,842.37,0.413
2025-04-14 10:30:00,841.89,0.414
2025-04-14 11:00:00,841.32,0.416
2025-04-14 11:30:00,840.88,0.415
2025-04-14 12:00:00,840.47,0.418
2025-04-14 12:30:00,840.01,0.418
2025-04-14 13:00:00,839.74,0.418
2025-04-14 13:30:00,839.34,0.421
2025-04-14 14:00:00,839.12,0.421
2025-04-14 14:30:00,838.87,0.423
2025-04-14 15:00:00,838.92,0.425
2025-04-14 15:30:00,838.67,0.424
2025-04-14 16:00:00,838.03,0.426
2025-04-14 16:30:00,837.77,0.428
2025-04-14 17:00:00,838.04,0.431
2025-04-14 17:30:00,837.52,0.433
2025-04-14 18:00:00,836.49,0.434
2025-04-14 18:30:00,835.76,0.437
2025-04-14 19:00:00,834.51,0.439
2025-04-14 19:30:00,833.15,0.443
2025-04-14 20:00:00,831.41,0.446
2025-04-14 20:30:00,830.93,0.451
2025-04-14 21:00:00,829.95,0.451
2025-04-14 21:30:00,829.72,0.454
2025-04-14 22:00:00,829.83,0.455
2025-04-14 22:30:00,829.75,0.459
2025-04-14 23:00:00,830.35,0.455
2025-04-14 23:30:00,830.32,0.456
2025-04-15 00:00:00,830.27,0.456
2025-04-15 00:30:00,831.36,0.456
2025-04-15 01:00:00,833.21,0.455
2025-04-15 01:30:00,832.54,0.457
2025-04-15 02:00:00,833.96,0.457
2025-04-15 02:30:00,833.12,0.457
2025-04-15 03:00:00,834.84,0.459
2025-04-15 03:30:00,836.41,0.46
2025-04-15 04:00:00,840.0,0.462
2025-04-15 04:30:00,840.86,0.464
2025-04-15 05:00:00,841.16,0.466
2025-04-15 05:30:00,841.26,0.466
2025-04-15 06:00:00,841.22,0.469
2025-04-15 06:30:00,840.16,0.469
2025-04-15 07:00:00,839.92,0.471
2025-04-15 07:30:00,839.61,0.472
2025-04-15 08:00:00,839.29,0.472
2025-04-15 08:30:00,838.6,0.476
2025-04-15 09:00:00,838.17,0.475
2025-04-15 09:30:00,837.73,0.478
2025-04-15 10:00:00,837.2,0.48
2025-04-15 10:30:00,836.8,0.48
2025-04-15 11:00:00,836.34,0.482
2025-04-15 11:30:00,836.33,0.482
2025-04-15 12:00:00,835.87,0.482
2025-04-15 12:30:00,835.54,0.481
2025-04-15 13:00:00,835.11,0.482
2025-04-15 13:30:00,834.92,0.482
2025-04-15 14:00:00,834.95,0.481
2025-04-15 14:30:00,834.71,0.48
2025-04-15 15:00:00,834.42,0.481
2025-04-15 15:30:00,833.61,0.48
2025-04-15 16:00:00,833.17,0.48
2025-04-15 16:30:00,833.18,0.482
2025-04-15 17:00:00,833.68,0.48
2025-04-15 17:30:00,832.61,0.483
2025-04-15 18:00:00,831.02,0.486
2025-04-15 18:30:00,830.41,0.486
2025-04-15 19:00:00,831.2,0.489
2025-04-15 19:30:00,827.98,0.49
2025-04-15 20:00:00,827.86,0.492
2025-04-15 20:30:00,829.86,0.493
2025-04-15 21:00:00,827.21,0.495
2025-04-15 21:30:00,829.59,0.499
2025-04-15 22:00:00,827.2,0.498
2025-04-15 22:30:00,826.52,0.498
2025-04-15 23:00:00,826.75,0.496
2025-04-15 23:30:00,826.05,0.493
2025-04-16 00:00:00,827.28,0.491
2025-04-16 00:30:00,825.97,0.482
2025-04-16 01:00:00,827.39,0.482
2025-04-16 01:30:00,828.17,0.478
2025-04-16 02:00:00,827.56,0.473
2025-04-16 02:30:00,827.54,0.466
2025-04-16 03:00:00,827.83,0.461
2025-04-16 03:30:00,827.65,0.455
2025-04-16 04:00:00,827.92,0.451
2025-04-16 04:30:00,828.2,0.444
2025-04-16 05:00:00,827.74,0.442
2025-04-16 05:30:00,827.56,0.433
2025-04-16 06:00:00,827.06,0.431
2025-04-16 06:30:00,827.06,0.43
2025-04-16 07:00:00,826.65,0.427
2025-04-16 07:30:00,826.24,0.423
2025-04-16 08:00:00,825.78,0.42
2025-04-16 08:30:00,825.46,0.417
2025-04-16 09:00:00,824.54,0.417
2025-04-16 09:30:00,824.17,0.412
2025-04-16 10:00:00,823.77,0.409
2025-04-16 10:30:00,823.06,0.407
2025-04-16 11:00:00,822.95,0.403
2025-04-16 11:30:00,822.16,0.402
2025-04-16 12:00:00,821.79,0.392
2025-04-16 12:30:00,821.42,0.387
2025-04-16 13:00:00,821.06,0.385
2025-04-16 13:30:00,821.03,0.385
2025-04-16 14:00:00,820.77,0.384
2025-04-16 14:30:00,820.49,0.384
2025-04-16 15:00:00,820.41,0.381
2025-04-16 15:30:00,819.93,0.379
2025-04-16 16:00:00,819.52,0.378
2025-04-16 16:30:00,819.74,0.38
2025-04-16 17:00:00,818.85,0.38
2025-04-16 17:30:00,819.14,0.383
2025-04-16 18:00:00,817.83,0.383
2025-04-16 18:30:00,817.63,0.387
2025-04-16 19:00:00,816.82,0.39
2025-04-16 19:30:00,816.88,0.401
2025-04-16 20:00:00,815.6,0.405
2025-04-16 20:30:00,815.65,0.413
2025-04-16 21:00:00,814.97,0.418
2025-04-16 21:30:00,814.29,0.426
2025-04-16 22:00:00,814.5,0.429
2025-04-16 22:30:00,814.57,0.433
2025-04-16 23:00:00,812.69,0.435
2025-04-16 23:30:00,813.73,0.438
2025-04-17 00:00:00,813.25,0.441
2025-04-17 00:30:00,812.95,0.446
2025-04-17 01:00:00,814.84,0.447
2025-04-17 01:30:00,814.45,0.449
2025-04-17 02:00:00,813.58,0.452
2025-04-17 02:30:00,812.91,0.457
2025-04-17 03:00:00,813.0,0.457
2025-04-17 03:30:00,813.7,0.459
2025-04-17 04:00:00,814.21,0.456
2025-04-17 04:30:00,813.95,0.458
2025-04-17 05:00:00,813.79,0.455
2025-04-17 05:30:00,813.42,0.456
2025-04-17 06:00:00,813.5,0.451
2025-04-17 06:30:00,813.4,0.454
2025-04-17 07:00:00,813.2,0.454
2025-04-17 07:30:00,812.85,0.453
2025-04-17 08:00:00,812.65,0.451
2025-04-17 08:30:00,812.41,0.449
2025-04-17 09:00:00,812.42,0.45
2025-04-17 09:30:00,811.58,0.447
2025-04-17 10:00:00,811.56,0.447
2025-04-17 10:30:00,811.49,0.448
2025-04-17 11:00:00,811.17,0.445
2025-04-17 11:30:00,810.95,0.442
2025-04-17 12:00:00,810.91,0.441
2025-04-17 12:30:00,810.72,0.438
2025-04-17 13:00:00,810.57,0.438
2025-04-17 13:30:00,810.66,0.436
2025-04-17 14:00:00,810.71,0.435
2025-04-17 14:30:00,810.42,0.43
2025-04-17 15:00:00,810.51,0.432
2025-04-17 15:30:00,810.53,0.432
2025-04-17 16:00:00,809.8,0.43
2025-04-17 16:30:00,809.8,0.431
2025-04-17 17:00:00,810.13,0.435
2025-04-17 17:30:00,810.59,0.438
2025-04-17 18:00:00,810.14,0.445
2025-04-17 18:30:00,809.34,0.451
2025-04-17 19:00:00,809.67,0.462
2025-04-17 19:30:00,809.52,0.479
2025-04-17 20:00:00,809.23,0.498
2025-04-17 20:30:00,808.18,0.519
2025-04-17 21:00:00,810.08,0.549
2025-04-17 21:30:00,808.74,0.582
2025-04-17 22:00:00,810.03,0.613
2025-04-17 22:30:00,809.96,0.642
2025-04-17 23:00:00,811.21,0.663
2025-04-17 23:30:00,811.81,0.684
2025-04-18 00:00:00,812.07,0.701
2025-04-18 00:30:00,811.66,0.713
2025-04-18 01:00:00,812.34,0.718
2025-04-18 01:30:00,812.6,0.725
2025-04-18 02:00:00,813.97,0.729
2025-04-18 02:30:00,813.97,0.731
2025-04-18 03:00:00,814.75,0.733
2025-04-18 03:30:00,815.29,0.731
2025-04-18 04:00:00,815.93,0.729
2025-04-18 04:30:00,816.31,0.727
2025-04-18 05:00:00,816.33,0.725
2025-04-18 05:30:00,816.67,0.723
2025-04-18 06:00:00,816.06,0.719
2025-04-18 06:30:00,814.96,0.715
2025-04-18 07:00:00,816.22,0.714
2025-04-18 07:30:00,815.89,0.712
2025-04-18 08:00:00,816.03,0.71
2025-04-18 08:30:00,814.94,0.708
2025-04-18 09:00:00,814.54,0.703
2025-04-18 09:30:00,814.1,0.704
2025-04-18 10:00:00,813.94,0.702
2025-04-18 10:30:00,813.5,0.702
2025-04-18 11:00:00,813.28,0.699
2025-04-18 11:30:00,813.3,0.7
2025-04-18 12:00:00,812.62,0.699
2025-04-18 12:30:00,812.13,0.696
2025-04-18 13:00:00,812.26,0.695
2025-04-18 13:30:00,812.03,0.693
2025-04-18 14:00:00,811.62,0.695
2025-04-18 14:30:00,811.49,0.694
2025-04-18 15:00:00,811.48,0.694
2025-04-18 15:30:00,811.43,0.693
2025-04-18 16:00:00,811.02,0.695
2025-04-18 16:30:00,811.48,0.696
2025-04-18 17:00:00,811.86,0.698
2025-04-18 17:30:00,811.94,0.701
2025-04-18 18:00:00,811.21,0.707
2025-04-18 18:30:00,810.9,0.712
2025-04-18 19:00:00,810.79,0.719
2025-04-18 19:30:00,812.89,0.728
2025-04-18 20:00:00,813.12,0.744
2025-04-18 20:30:00,811.72,0.766
2025-04-18 21:00:00,811.86,0.789
2025-04-18 21:30:00,811.45,0.814
2025-04-18 22:00:00,811.63,0.839
2025-04-18 22:30:00,811.05,0.864
2025-04-18 23:00:00,815.15,0.883
2025-04-18 23:30:00,813.47,0.905
2025-04-19 00:00:00,811.11,0.922
2025-04-19 00:30:00,811.72,0.934
2025-04-19 01:00:00,811.49,0.943
2025-04-19 01:30:00,811.95,0.953
2025-04-19 02:00:00,811.87,0.958
2025-04-19 02:30:00,812.25,0.964
2025-04-19 03:00:00,812.82,0.967
2025-04-19 03:30:00,812.63,0.966
2025-04-19 04:00:00,813.27,0.967
2025-04-19 04:30:00,813.38,0.965
2025-04-19 05:00:00,813.47,0.965
2025-04-19 05:30:00,813.47,0.96
2025-04-19 06:00:00,813.61,0.959
2025-04-19 06:30:00,813.32,0.955
2025-04-19 07:00:00,813.88,0.954
2025-04-19 07:30:00,814.0,0.948
2025-04-19 08:00:00,814.25,0.947
2025-04-19 08:30:00,813.89,0.944
2025-04-19 09:00:00,813.46,0.942
2025-04-19 09:30:00,813.07,0.938
2025-04-19 10:00:00,812.78,0.937
2025-04-19 10:30:00,812.6,0.936
2025-04-19 11:00:00,812.52,0.934
2025-04-19 11:30:00,812.72,0.931
2025-04-19 12:00:00,812.57,0.928
2025-04-19 12:30:00,812.39,0.926
2025-04-19 13:00:00,812.72,0.924
2025-04-19 13:30:00,812.94,0.921
2025-04-19 14:00:00,812.88,0.92
2025-04-19 14:30:00,812.72,0.919
2025-04-19 15:00:00,812.12,0.917
2025-04-19 15:30:00,812.08,0.916
2025-04-19 16:00:00,812.12,0.915
2025-04-19 16:30:00,812.12,0.919
2025-04-19 17:00:00,812.59,0.92
2025-04-19 17:30:00,813.44,0.924
2025-04-19 18:00:00,814.05,0.927
2025-04-19 18:30:00,814.53,0.93
2025-04-19 19:00:00,813.96,0.939
2025-04-19 19:30:00,813.07,0.948
2025-04-19 20:00:00,812.97,0.961
2025-04-19 20:30:00,813.25,0.978
2025-04-19 21:00:00,813.25,1.0
2025-04-19 21:30:00,813.37,1.02
2025-04-19 22:00:00,814.59,1.045
2025-04-19 22:30:00,813.33,1.071
2025-04-19 23:00:00,814.52,1.096
2025-04-19 23:30:00,814.37,1.124
2025-04-20 00:00:00,814.87,1.146
2025-04-20 00:30:00,814.75,1.167
2025-04-20 01:00:00,815.02,1.188
2025-04-20 01:30:00,817.96,1.204
2025-04-20 02:00:00,817.31,1.217
2025-04-20 02:30:00,816.72,1.226
2025-04-20 03:00:00,817.83,1.234
2025-04-20 03:30:00,818.37,1.239
2025-04-20 04:00:00,818.79,1.239
2025-04-20 04:30:00,818.94,1.239
2025-04-20 05:00:00,819.09,1.237
2025-04-20 05:30:00,819.16,1.232
2025-04-20 06:00:00,818.82,1.228
2025-04-20 06:30:00,818.71,1.224
2025-04-20 07:00:00,818.85,1.22
2025-04-20 07:30:00,818.5,1.213
2025-04-20 08:00:00,818.34,1.208
2025-04-20 08:30:00,818.11,1.204
2025-04-20 09:00:00,817.61,1.197
2025-04-20 09:30:00,817.33,1.195
2025-04-20 10:00:00,817.15,1.189
2025-04-20 10:30:00,816.81,1.185
2025-04-20 11:00:00,816.54,1.181
2025-04-20 11:30:00,816.42,1.175
2025-04-20 12:00:00,816.15,1.172
2025-04-20 12:30:00,816.05,1.167
2025-04-20 13:00:00,816.07,1.162
2025-04-20 13:30:00,816.37,1.156
2025-04-20 14:00:00,816.68,1.151
2025-04-20 14:30:00,816.74,1.147
2025-04-20 15:00:00,815.86,1.14
2025-04-20 15:30:00,815.58,1.136
2025-04-20 16:00:00,815.47,1.137
2025-04-20 16:30:00,815.83,1.134
2025-04-20 17:00:00,816.82,1.135
2025-04-20 17:30:00,815.75,1.136
2025-04-20 18:00:00,814.9,1.14
2025-04-20 18:30:00,814.75,1.147
2025-04-20 19:00:00,816.85,1.161
2025-04-20 19:30:00,815.57,1.178
2025-04-20 20:00:00,814.2,1.198
2025-04-20 20:30:00,817.17,1.223
2025-04-20 21:00:00,816.15,1.25
2025-04-20 21:30:00,814.96,1.283
2025-04-20 22:00:00,815.71,1.317
2025-04-20 22:30:00,815.03,1.348
2025-04-20 23:00:00,815.84,1.384
2025-04-20 23:30:00,817.2,1.414
2025-04-21 00:00:00,818.18,1.444
2025-04-21 00:30:00,819.3,1.468
2025-04-21 01:00:00,819.62,1.486
2025-04-21 01:30:00,821.83,1.5
2025-04-21 02:00:00,822.31,1.507
2025-04-21 02:30:00,823.25,1.513
2025-04-21 03:00:00,823.64,1.51
2025-04-21 03:30:00,824.34,1.507
2025-04-21 04:00:00,825.29,1.5
2025-04-21 04:30:00,827.98,1.49
2025-04-21 05:00:00,828.79,1.479
2025-04-21 05:30:00,828.66,1.472
2025-04-21 06:00:00,827.23,1.461
2025-04-21 06:30:00,826.8,1.453
2025-04-21 07:00:00,826.2,1.443
2025-04-21 07:30:00,826.08,1.433
2025-04-21 08:00:00,825.32,1.426
2025-04-21 08:30:00,825.12,1.419
2025-04-21 09:00:00,824.32,1.408
2025-04-21 09:30:00,824.0,1.402
2025-04-21 10:00:00,822.75,1.393
2025-04-21 10:30:00,821.85,1.388
2025-04-21 11:00:00,821.8,1.382
2025-04-21 11:30:00,821.47,1.377
2025-04-21 12:00:00,821.41,1.372
2025-04-21 12:30:00,820.44,1.365
2025-04-21 13:00:00,820.27,1.36
2025-04-21 13:30:00,819.64,1.354
2025-04-21 14:00:00,819.7,1.35
2025-04-21 14:30:00,819.54,1.345
2025-04-21 15:00:00,818.86,1.342
2025-04-21 15:30:00,818.51,1.338
2025-04-21 16:00:00,818.36,1.335
2025-04-21 16:30:00,818.71,1.333
2025-04-21 17:00:00,818.71,1.333
2025-04-21 17:30:00,817.93,1.335
2025-04-21 18:00:00,817.34,1.337
2025-04-21 18:30:00,817.29,1.345
2025-04-21 19:00:00,817.24,1.355
2025-04-21 19:30:00,817.36,1.372
2025-04-21 20:00:00,816.88,1.394
2025-04-21 20:30:00,817.47,1.417
2025-04-21 21:00:00,818.42,1.445
2025-04-21 21:30:00,817.75,1.476
2025-04-21 22:00:00,817.65,1.507
2025-04-21 22:30:00,819.57,1.537
2025-04-21 23:00:00,820.28,1.565
2025-04-21 23:30:00,821.1,1.593
2025-04-22 00:00:00,820.98,1.614
2025-04-22 00:30:00,821.68,1.628
2025-04-22 01:00:00,823.46,1.643
2025-04-22 01:30:00,823.75,1.654
2025-04-22 02:00:00,824.18,1.657
2025-04-22 02:30:00,825.27,1.659
2025-04-22 03:00:00,825.95,1.66
2025-04-22 03:30:00,826.83,1.659
2025-04-22 04:00:00,827.37,1.655
2025-04-22 04:30:00,827.65,1.652
2025-04-22 05:00:00,827.49,1.651
2025-04-22 05:30:00,826.73,1.647
2025-04-22 06:00:00,825.8,1.645
2025-04-22 06:30:00,826.27,1.647
2025-04-22 07:00:00,825.65,1.648
2025-04-22 07:30:00,825.66,1.648
2025-04-22 08:00:00,825.41,1.645
2025-04-22 08:30:00,824.83,1.647
2025-04-22 09:00:00,824.45,1.649
2025-04-22 09:30:00,823.84,1.648
2025-04-22 10:00:00,823.01,1.65
2025-04-22 10:30:00,822.66,1.653
2025-04-22 11:00:00,822.1,1.653
2025-04-22 11:30:00,821.94,1.651
2025-04-22 12:00:00,820.74,1.651
2025-04-22 12:30:00,820.75,1.649
2025-04-22 13:00:00,820.28,1.647
2025-04-22 13:30:00,819.82,1.643
2025-04-22 14:00:00,819.45,1.635
2025-04-22 14:30:00,819.28,1.63
2025-04-22 15:00:00,818.78,1.623
2025-04-22 15:30:00,818.66,1.617
2025-04-22 16:00:00,818.32,1.609
2025-04-22 16:30:00,817.6,1.604
2025-04-22 17:00:00,817.51,1.601
2025-04-22 17:30:00,817.16,1.602
2025-04-22 18:00:00,817.02,1.604
2025-04-22 18:30:00,816.7,1.612
2025-04-22 19:00:00,816.49,1.623
2025-04-22 19:30:00,816.09,1.641
2025-04-22 20:00:00,816.31,1.667
2025-04-22 20:30:00,816.24,1.694
2025-04-22 21:00:00,815.98,1.731
2025-04-22 21:30:00,816.48,1.769
2025-04-22 22:00:00,816.78,1.813
2025-04-22 22:30:00,817.59,1.858
2025-04-22 23:00:00,818.21,1.905
2025-04-22 23:30:00,819.01,1.953
2025-04-23 00:00:00,819.73,2.0
2025-04-23 00:30:00,820.64,2.045
2025-04-23 01:00:00,821.64,2.088
2025-04-23 01:30:00,822.52,2.124
2025-04-23 02:00:00,823.04,2.16
2025-04-23 02:30:00,823.73,2.184
2025-04-23 03:00:00,824.28,2.208
2025-04-23 03:30:00,824.93,2.227
2025-04-23 04:00:00,824.98,2.236
2025-04-23 04:30:00,824.98,2.246
2025-04-23 05:00:00,824.91,2.248
2025-04-23 05:30:00,824.78,2.251
2025-04-23 06:00:00,824.97,2.249
2025-04-23 06:30:00,824.35,2.246
2025-04-23 07:00:00,824.51,2.242
2025-04-23 07:30:00,824.01,2.238
2025-04-23 08:00:00,823.82,2.229
2025-04-23 08:30:00,822.91,2.221
2025-04-23 09:00:00,822.83,2.212
2025-04-23 09:30:00,821.89,2.203
2025-04-23 10:00:00,821.9,2.191
2025-04-23 10:30:00,821.19,2.179
2025-04-23 11:00:00,820.86,2.164
2025-04-23 11:30:00,820.41,2.148
2025-04-23 12:00:00,819.84,2.135
2025-04-23 12:30:00,819.56,2.114
2025-04-23 13:00:00,818.69,2.096
2025-04-23 13:30:00,818.47,2.078
2025-04-23 14:00:00,817.88,2.057
2025-04-23 14:30:00,817.74,2.035
2025-04-23 15:00:00,817.59,2.013
2025-04-23 15:30:00,817.01,1.991
2025-04-23 16:00:00,816.3,1.973
2025-04-23 16:30:00,816.35,1.953
2025-04-23 17:00:00,816.11,1.939
2025-04-23 17:30:00,816.04,1.925
2025-04-23 18:00:00,815.6,1.918
2025-04-23 18:30:00,815.42,1.912
2025-04-23 19:00:00,815.37,1.914
2025-04-23 19:30:00,814.84,1.922
2025-04-23 20:00:00,814.99,1.937
2025-04-23 20:30:00,814.68,1.958
2025-04-23 21:00:00,814.9,1.985
2025-04-23 21:30:00,814.8,2.017
2025-04-23 22:00:00,815.43,2.058
2025-04-23 22:30:00,815.78,2.1
2025-04-23 23:00:00,815.72,2.145
2025-04-23 23:30:00,816.43,2.188
2025-04-24 00:00:00,816.9,2.231
2025-04-24 00:30:00,817.94,2.275
2025-04-24 01:00:00,818.13,2.313
2025-04-24 01:30:00,818.73,2.347
2025-04-24 02:00:00,818.71,2.377
2025-04-24 02:30:00,819.45,2.401
2025-04-24 03:00:00,819.47,2.423
2025-04-24 03:30:00,819.6,2.439
2025-04-24 04:00:00,819.45,2.452
2025-04-24 04:30:00,819.94,2.46
2025-04-24 05:00:00,819.47,2.467
2025-04-24 05:30:00,819.53,2.472
2025-04-24 06:00:00,819.42,2.472
2025-04-24 06:30:00,819.22,2.472
2025-04-24 07:00:00,819.2,2.467
2025-04-24 07:30:00,819.22,2.46
2025-04-24 08:00:00,818.63,2.451
2025-04-24 08:30:00,818.42,2.444
2025-04-24 09:00:00,818.19,2.433
2025-04-24 09:30:00,817.73,2.421
2025-04-24 10:00:00,817.53,2.408
2025-04-24 10:30:00,816.68,2.391
2025-04-24 11:00:00,816.41,2.377
2025-04-24 11:30:00,816.05,2.359
2025-04-24 12:00:00,815.94,2.341
2025-04-24 12:30:00,815.44,2.318
2025-04-24 13:00:00,815.2,2.298
2025-04-24 13:30:00,815.41,2.275
2025-04-24 14:00:00,814.6,2.252
2025-04-24 14:30:00,814.36,2.227
2025-04-24 15:00:00,814.03,2.205
2025-04-24 15:30:00,813.56,2.182
2025-04-24 16:00:00,813.43,2.158
2025-04-24 16:30:00,813.62,2.138
2025-04-24 17:00:00,813.45,2.118
2025-04-24 17:30:00,813.42,2.101
2025-04-24 18:00:00,813.32,2.088
2025-04-24 18:30:00,813.39,2.08
2025-04-24 19:00:00,812.69,2.075
2025-04-24 19:30:00,812.56,2.079
2025-04-24 20:00:00,812.6,2.086
2025-04-24 20:30:00,812.63,2.099
2025-04-24 21:00:00,812.39,2.12
2025-04-24 21:30:00,812.33,2.148
2025-04-24 22:00:00,812.42,2.18
2025-04-24 22:30:00,812.32,2.215
2025-04-24 23:00:00,812.7,2.255
2025-04-24 23:30:00,812.9,2.295
2025-04-25 00:00:00,813.18,2.335
2025-04-25 00:30:00,813.43,2.376
2025-04-25 01:00:00,813.8,2.415
2025-04-25 01:30:00,814.26,2.45
2025-04-25 02:00:00,814.11,2.483
2025-04-25 02:30:00,814.2,2.511
2025-04-25 03:00:00,814.1,2.534
2025-04-25 03:30:00,814.44,2.555
2025-04-25 04:00:00,814.77,2.572
2025-04-25 04:30:00,814.13,2.587
2025-04-25 05:00:00,813.86,2.599
2025-04-25 05:30:00,813.42,2.607
2025-04-25 06:00:00,813.3,2.614
2025-04-25 06:30:00,812.92,2.617
2025-04-25 07:00:00,812.9,2.619
2025-04-25 07:30:00,812.7,2.619
2025-04-25 08:00:00,812.51,2.615
2025-04-25 08:30:00,811.84,2.614
2025-04-25 09:00:00,811.75,2.609
2025-04-25 09:30:00,811.21,2.603
2025-04-25 10:00:00,810.44,2.599
2025-04-25 10:30:00,810.13,2.593
2025-04-25 11:00:00,809.7,2.585
2025-04-25 11:30:00,809.78,2.577
2025-04-25 12:00:00,809.35,2.57
2025-04-25 12:30:00,809.42,2.558
2025-04-25 13:00:00,809.2,2.549
2025-04-25 13:30:00,808.67,2.537
2025-04-25 14:00:00,808.36,2.526
2025-04-25 14:30:00,808.24,2.513
2025-04-25 15:00:00,808.23,2.5
2025-04-25 15:30:00,808.03,2.487
2025-04-25 16:00:00,808.04,2.474
2025-04-25 16:30:00,807.98,2.461
2025-04-25 17:00:00,807.13,2.448
2025-04-25 17:30:00,807.21,2.436
2025-04-25 18:00:00,806.86,2.429
2025-04-25 18:30:00,807.06,2.421
2025-04-25 19:00:00,806.87,2.423
2025-04-25 19:30:00,806.54,2.428
2025-04-25 20:00:00,806.83,2.438
2025-04-25 20:30:00,806.9,2.453
2025-04-25 21:00:00,806.9,2.474
2025-04-25 21:30:00,807.09,2.5
2025-04-25 22:00:00,806.75,2.523
2025-04-25 22:30:00,806.71,2.549
2025-04-25 23:00:00,806.96,2.579
2025-04-25 23:30:00,806.84,2.607
2025-04-26 00:00:00,806.87,2.635
2025-04-26 00:30:00,806.59,2.663
2025-04-26 01:00:00,807.03,2.69
2025-04-26 01:30:00,807.08,2.715
2025-04-26 02:00:00,807.16,2.735
2025-04-26 02:30:00,807.07,2.754
2025-04-26 03:00:00,807.3,2.767
2025-04-26 03:30:00,807.13,2.779
2025-04-26 04:00:00,807.11,2.786
2025-04-26 04:30:00,807.23,2.792
2025-04-26 05:00:00,807.09,2.795
2025-04-26 05:30:00,807.09,2.794
2025-04-26 06:00:00,806.6,2.792
2025-04-26 06:30:00,806.51,2.788
2025-04-26 07:00:00,806.21,2.783
2025-04-26 07:30:00,805.78,2.778
2025-04-26 08:00:00,805.82,2.77
2025-04-26 08:30:00,805.46,2.759
2025-04-26 09:00:00,804.93,2.749
2025-04-26 09:30:00,804.67,2.739
2025-04-26 10:00:00,804.52,2.726
2025-04-26 10:30:00,804.25,2.716
2025-04-26 11:00:00,804.0,2.703
2025-04-26 11:30:00,803.63,2.689
2025-04-26 12:00:00,803.55,2.672
2025-04-26 12:30:00,803.23,2.657
2025-04-26 13:00:00,803.05,2.641
2025-04-26 13:30:00,803.14,2.623
2025-04-26 14:00:00,803.04,2.601
2025-04-26 14:30:00,802.83,2.58
2025-04-26 15:00:00,802.81,2.557
2025-04-26 15:30:00,802.89,2.533
2025-04-26 16:00:00,802.14,2.504
2025-04-26 16:30:00,802.39,2.479
2025-04-26 17:00:00,802.29,2.451
2025-04-26 17:30:00,802.42,2.425
2025-04-26 18:00:00,802.36,2.398
2025-04-26 18:30:00,802.63,2.371
2025-04-26 19:00:00,802.33,2.347
2025-04-26 19:30:00,802.38,2.321
2025-04-26 20:00:00,802.06,2.298
2025-04-26 20:30:00,802.33,2.274
2025-04-26 21:00:00,802.01,2.255
2025-04-26 21:30:00,801.78,2.237
2025-04-26 22:00:00,802.03,2.223
2025-04-26 22:30:00,802.05,2.21
2025-04-26 23:00:00,801.8,2.199
2025-04-26 23:30:00,801.69,2.193
2025-04-27 00:00:00,801.73,2.191
2025-04-27 00:30:00,802.23,2.188
2025-04-27 01:00:00,801.8,2.184
2025-04-27 01:30:00,801.6,2.183
2025-04-27 02:00:00,801.55,2.18
2025-04-27 02:30:00,801.55,2.179
2025-04-27 03:00:00,801.8,2.178
2025-04-27 03:30:00,802.06,2.176
2025-04-27 04:00:00,801.89,2.169
2025-04-27 04:30:00,802.26,2.168
2025-04-27 05:00:00,802.0,2.161
2025-04-27 05:30:00,801.85,2.156
2025-04-27 06:00:00,802.01,2.148
2025-04-27 06:30:00,801.45,2.14
2025-04-27 07:00:00,801.64,2.133
2025-04-27 07:30:00,801.84,2.122
2025-04-27 08:00:00,801.46,2.114
2025-04-27 08:30:00,801.59,2.103
2025-04-27 09:00:00,801.14,2.094
2025-04-27 09:30:00,800.52,2.084
2025-04-27 10:00:00,800.5,2.073
2025-04-27 10:30:00,800.22,2.063
2025-04-27 11:00:00,800.44,2.05
2025-04-27 11:30:00,800.34,2.041
2025-04-27 12:00:00,800.46,2.029
2025-04-27 12:30:00,800.57,2.02
2025-04-27 13:00:00,800.73,2.008
2025-04-27 13:30:00,800.92,1.998
2025-04-27 14:00:00,800.89,1.987
2025-04-27 14:30:00,801.48,1.976
2025-04-27 15:00:00,801.41,1.964
2025-04-27 15:30:00,801.3,1.955
2025-04-27 16:00:00,801.6,1.94
2025-04-27 16:30:00,801.8,1.931
2025-04-27 17:00:00,802.13,1.924
2025-04-27 17:30:00,802.18,1.915
2025-04-27 18:00:00,801.96,1.907
2025-04-27 18:30:00,802.41,1.901
2025-04-27 19:00:00,802.52,1.898
2025-04-27 19:30:00,802.2,1.897
2025-04-27 20:00:00,802.2,1.901
2025-04-27 20:30:00,802.74,1.906
2025-04-27 21:00:00,802.99,1.913
2025-04-27 21:30:00,802.96,1.923
2025-04-27 22:00:00,802.91,1.935
2025-04-27 22:30:00,803.11,1.949
2025-04-27 23:00:00,803.27,1.962
2025-04-27 23:30:00,803.28,1.976
2025-04-28 00:00:00,803.33,1.994
2025-04-28 00:30:00,803.52,2.006
2025-04-28 01:00:00,803.57,2.022
2025-04-28 01:30:00,803.62,2.039
2025-04-28 02:00:00,803.57,2.055
2025-04-28 02:30:00,803.76,2.065
2025-04-28 03:00:00,803.98,2.078
2025-04-28 03:30:00,803.91,2.089
2025-04-28 04:00:00,804.11,2.098
2025-04-28 04:30:00,804.2,2.106
2025-04-28 05:00:00,804.14,2.111
2025-04-28 05:30:00,804.22,2.115
2025-04-28 06:00:00,804.15,2.119
2025-04-28 06:30:00,803.92,2.119
2025-04-28 07:00:00,804.02,2.117
2025-04-28 07:30:00,804.14,2.115
2025-04-28 08:00:00,804.17,2.111
2025-04-28 08:30:00,804.22,2.104
2025-04-28 09:00:00,804.01,2.096
2025-04-28 09:30:00,803.57,2.089
2025-04-28 10:00:00,803.77,2.077
2025-04-28 10:30:00,803.75,2.067
2025-04-28 11:00:00,803.53,2.056
2025-04-28 11:30:00,803.55,2.046
2025-04-28 12:00:00,803.62,2.033
2025-04-28 12:30:00,803.53,2.019
2025-04-28 13:00:00,803.84,2.006
2025-04-28 13:30:00,803.99,1.993
2025-04-28 14:00:00,804.08,1.978
2025-04-28 14:30:00,804.53,1.963
2025-04-28 15:00:00,804.24,1.95
2025-04-28 15:30:00,804.39,1.937
2025-04-28 16:00:00,804.46,1.929
2025-04-28 16:30:00,804.85,1.919
2025-04-28 17:00:00,805.17,1.913
2025-04-28 17:30:00,805.6,1.908
2025-04-28 18:00:00,805.48,1.911
2025-04-28 18:30:00,805.08,1.918
2025-04-28 19:00:00,805.14,1.929
2025-04-28 19:30:00,805.23,1.947
2025-04-28 20:00:00,805.32,1.968
2025-04-28 20:30:00,805.53,1.997
2025-04-28 21:00:00,805.98,2.033
2025-04-28 21:30:00,806.07,2.076
2025-04-28 22:00:00,806.53,2.126
2025-04-28 22:30:00,806.4,2.181
2025-04-28 23:00:00,806.46,2.242
2025-04-28 23:30:00,807.03,2.304
2025-04-29 00:00:00,807.39,2.363
2025-04-29 00:30:00,807.61,2.421
2025-04-29 01:00:00,807.84,2.473
2025-04-29 01:30:00,808.1,2.525
2025-04-29 02:00:00,808.57,2.57
2025-04-29 02:30:00,808.61,2.611
2025-04-29 03:00:00,808.95,2.653
2025-04-29 03:30:00,809.6,2.69
2025-04-29 04:00:00,809.83,2.723
2025-04-29 04:30:00,809.82,2.754
2025-04-29 05:00:00,810.38,2.78
2025-04-29 05:30:00,810.7,2.801
2025-04-29 06:00:00,810.5,2.817
2025-04-29 06:30:00,810.69,2.831
2025-04-29 07:00:00,810.67,2.842
2025-04-29 07:30:00,810.48,2.848
2025-04-29 08:00:00,810.48,2.852
2025-04-29 08:30:00,809.94,2.85
2025-04-29 09:00:00,809.73,2.845
2025-04-29 09:30:00,809.72,2.841
2025-04-29 10:00:00,809.54,2.833
2025-04-29 10:30:00,809.53,2.822
2025-04-29 11:00:00,809.03,2.81
2025-04-29 11:30:00,808.93,2.797
2025-04-29 12:00:00,809.0,2.783
2025-04-29 12:30:00,808.73,2.766
2025-04-29 13:00:00,808.65,2.75
2025-04-29 13:30:00,809.01,2.733
2025-04-29 14:00:00,808.82,2.713
2025-04-29 14:30:00,808.68,2.695
2025-04-29 15:00:00,808.63,2.673
2025-04-29 15:30:00,808.52,2.655
2025-04-29 16:00:00,808.61,2.639
2025-04-29 16:30:00,808.4,2.625
2025-04-29 17:00:00,808.19,2.61
2025-04-29 17:30:00,808.12,2.6
2025-04-29 18:00:00,808.18,2.597
2025-04-29 18:30:00,808.01,2.596
2025-04-29 19:00:00,807.8,2.601
2025-04-29 19:30:00,807.59,2.614
2025-04-29 20:00:00,807.51,2.633
2025-04-29 20:30:00,807.58,2.658
2025-04-29 21:00:00,807.75,2.69
2025-04-29 21:30:00,808.04,2.73
2025-04-29 22:00:00,808.18,2.774
2025-04-29 22:30:00,808.68,2.819
2025-04-29 23:00:00,809.0,2.871
2025-04-29 23:30:00,810.33,2.924
2025-04-30 00:00:00,811.1,2.975
2025-04-30 00:30:00,811.87,3.028
2025-04-30 01:00:00,813.03,3.079
2025-04-30 01:30:00,813.95,3.127
2025-04-30 02:00:00,814.62,3.168
2025-04-30 02:30:00,815.17,3.209
2025-04-30 03:00:00,816.04,3.238
2025-04-30 03:30:00,816.65,3.266
2025-04-30 04:00:00,817.21,3.288
2025-04-30 04:30:00,817.83,3.306
2025-04-30 05:00:00,817.5,3.318
2025-04-30 05:30:00,817.98,3.327
2025-04-30 06:00:00,817.67,3.333
2025-04-30 06:30:00,817.79,3.336
2025-04-30 07:00:00,817.57,3.334
2025-04-30 07:30:00,817.1,3.33
2025-04-30 08:00:00,817.28,3.324
2025-04-30 08:30:00,817.03,3.314
2025-04-30 09:00:00,816.77,3.304
2025-04-30 09:30:00,816.61,3.293
2025-04-30 10:00:00,816.38,3.28
2025-04-30 10:30:00,815.89,3.265
2025-04-30 11:00:00,816.15,3.249
2025-04-30 11:30:00,815.95,3.232
2025-04-30 12:00:00,815.46,3.217
2025-04-30 12:30:00,815.4,3.201
2025-04-30 13:00:00,815.06,3.182
2025-04-30 13:30:00,815.23,3.163
2025-04-30 14:00:00,814.88,3.144
2025-04-30 14:30:00,815.35,3.126
2025-04-30 15:00:00,815.04,3.105
2025-04-30 15:30:00,814.84,3.09
2025-04-30 16:00:00,814.54,3.072
2025-04-30 16:30:00,813.72,3.059
2025-04-30 17:00:00,813.67,3.044
2025-04-30 17:30:00,813.81,3.033
2025-04-30 18:00:00,813.64,3.026
2025-04-30 18:30:00,813.79,3.024
2025-04-30 19:00:00,812.92,3.021
2025-04-30 19:30:00,812.98,3.029
2025-04-30 20:00:00,813.02,3.036
2025-04-30 20:30:00,812.79,3.049
2025-04-30 21:00:00,813.46,3.063
2025-04-30 21:30:00,813.85,3.079
2025-04-30 22:00:00,813.8,3.094
2025-04-30 22:30:00,813.9,3.106
2025-04-30 23:00:00,814.12,3.117
2025-04-30 23:30:00,814.68,3.127
2025-05-01 00:00:00,815.14,3.137
2025-05-01 00:30:00,816.23,3.145
2025-05-01 01:00:00,817.44,3.155
2025-05-01 01:30:00,817.58,3.162
2025-05-01 02:00:00,817.72,3.167
2025-05-01 02:30:00,817.51,3.172
2025-05-01 03:00:00,817.54,3.172
2025-05-01 03:30:00,818.07,3.171
2025-05-01 04:00:00,818.32,3.168
2025-05-01 04:30:00,818.76,3.163
2025-05-01 05:00:00,819.16,3.153
2025-05-01 05:30:00,818.98,3.144
2025-05-01 06:00:00,818.63,3.134
2025-05-01 06:30:00,818.88,3.121
2025-05-01 07:00:00,818.34,3.106
2025-05-01 07:30:00,818.26,3.092
2025-05-01 08:00:00,818.44,3.074
2025-05-01 08:30:00,818.03,3.058
2025-05-01 09:00:00,817.69,3.04
2025-05-01 09:30:00,817.38,3.022
2025-05-01 10:00:00,817.29,3.004
2025-05-01 10:30:00,817.24,2.988
2025-05-01 11:00:00,817.33,2.967
2025-05-01 11:30:00,817.14,2.949
2025-05-01 12:00:00,816.81,2.928
2025-05-01 12:30:00,816.29,2.908
2025-05-01 13:00:00,816.1,2.886
2025-05-01 13:30:00,816.15,2.866
2025-05-01 14:00:00,816.15,2.844
2025-05-01 14:30:00,815.92,2.823
2025-05-01 15:00:00,815.7,2.8
2025-05-01 15:30:00,815.38,2.78
2025-05-01 16:00:00,815.09,2.759
2025-05-01 16:30:00,815.03,2.741
2025-05-01 17:00:00,815.02,2.722
2025-05-01 17:30:00,815.04,2.711
2025-05-01 18:00:00,814.77,2.702
2025-05-01 18:30:00,815.17,2.699
2025-05-01 19:00:00,814.72,2.7
2025-05-01 19:30:00,814.72,2.71
2025-05-01 20:00:00,814.95,2.725
2025-05-01 20:30:00,815.25,2.749
2025-05-01 21:00:00,815.5,2.779
2025-05-01 21:30:00,816.11,2.814
2025-05-01 22:00:00,816.7,2.856
2025-05-01 22:30:00,817.93,2.901
2025-05-01 23:00:00,818.88,2.946
2025-05-01 23:30:00,820.67,2.995
2025-05-02 00:00:00,821.68,3.042
2025-05-02 00:30:00,822.73,3.087
2025-05-02 01:00:00,823.86,3.133
2025-05-02 01:30:00,824.72,3.169
2025-05-02 02:00:00,825.05,3.198
2025-05-02 02:30:00,825.83,3.223
2025-05-02 03:00:00,826.58,3.24
2025-05-02 03:30:00,826.92,3.255
2025-05-02 04:00:00,827.65,3.266
2025-05-02 04:30:00,827.95,3.272
2025-05-02 05:00:00,827.89,3.272
2025-05-02 05:30:00,828.3,3.274
2025-05-02 06:00:00,828.29,3.271
2025-05-02 06:30:00,828.28,3.265
2025-05-02 07:00:00,828.47,3.256
2025-05-02 07:30:00,828.23,3.248
2025-05-02 08:00:00,828.1,3.236
2025-05-02 08:30:00,828.02,3.222
2025-05-02 09:00:00,827.52,3.209
2025-05-02 09:30:00,826.83,3.197
2025-05-02 10:00:00,826.56,3.179
2025-05-02 10:30:00,826.36,3.166
2025-05-02 11:00:00,826.36,3.148
2025-05-02 11:30:00,825.48,3.128
2025-05-02 12:00:00,825.39,3.107
2025-05-02 12:30:00,825.07,3.084
2025-05-02 13:00:00,824.47,3.062
2025-05-02 13:30:00,824.43,3.035
2025-05-02 14:00:00,824.33,3.011
2025-05-02 14:30:00,823.87,2.983
2025-05-02 15:00:00,823.15,2.957
2025-05-02 15:30:00,822.87,2.927
2025-05-02 16:00:00,822.54,2.902
2025-05-02 16:30:00,822.42,2.878
2025-05-02 17:00:00,822.06,2.857
2025-05-02 17:30:00,821.81,2.836
2025-05-02 18:00:00,821.63,2.826
2025-05-02 18:30:00,821.5,2.817
2025-05-02 19:00:00,821.28,2.821
2025-05-02 19:30:00,821.49,2.825
2025-05-02 20:00:00,821.37,2.841
2025-05-02 20:30:00,821.95,2.862
2025-05-02 21:00:00,822.12,2.889
2025-05-02 21:30:00,823.5,2.928
2025-05-02 22:00:00,825.19,2.967
2025-05-02 22:30:00,826.62,3.008
2025-05-02 23:00:00,827.96,3.054
2025-05-02 23:30:00,829.25,3.096
2025-05-03 00:00:00,830.33,3.136
2025-05-03 00:30:00,831.78,3.173
2025-05-03 01:00:00,832.69,3.206
2025-05-03 01:30:00,832.85,3.233
2025-05-03 02:00:00,833.34,3.254
2025-05-03 02:30:00,833.48,3.272
2025-05-03 03:00:00,833.7,3.285
2025-05-03 03:30:00,834.09,3.293
2025-05-03 04:00:00,834.36,3.299
2025-05-03 04:30:00,834.79,3.304
2025-05-03 05:00:00,834.83,3.304
2025-05-03 05:30:00,834.68,3.302
2025-05-03 06:00:00,834.34,3.3
2025-05-03 06:30:00,834.33,3.296
2025-05-03 07:00:00,833.96,3.291
2025-05-03 07:30:00,833.73,3.281
2025-05-03 08:00:00,832.73,3.27
2025-05-03 08:30:00,831.82,3.257
2025-05-03 09:00:00,831.37,3.242
2025-05-03 09:30:00,831.12,3.226
2025-05-03 10:00:00,830.45,3.204
2025-05-03 10:30:00,829.64,3.184
2025-05-03 11:00:00,828.99,3.159
2025-05-03 11:30:00,828.3,3.135
2025-05-03 12:00:00,827.46,3.11
2025-05-03 12:30:00,827.3,3.079
2025-05-03 13:00:00,826.78,3.053
2025-05-03 13:30:00,826.21,3.025
2025-05-03 14:00:00,825.84,2.996
2025-05-03 14:30:00,825.53,2.968
2025-05-03 15:00:00,825.46,2.943
2025-05-03 15:30:00,825.39,2.915
2025-05-03 16:00:00,824.71,2.891
2025-05-03 16:30:00,824.07,2.865
2025-05-03 17:00:00,824.12,2.841
2025-05-03 17:30:00,823.67,2.822
2025-05-03 18:00:00,823.46,2.8
2025-05-03 18:30:00,823.29,2.782
2025-05-03 19:00:00,822.89,2.764
2025-05-03 19:30:00,822.76,2.749
2025-05-03 20:00:00,821.94,2.735
2025-05-03 20:30:00,822.24,2.724
2025-05-03 21:00:00,822.2,2.713
2025-05-03 21:30:00,821.97,2.708
2025-05-03 22:00:00,822.26,2.705
2025-05-03 22:30:00,821.1,2.701
2025-05-03 23:00:00,820.98,2.699
2025-05-03 23:30:00,820.78,2.7
2025-05-04 00:00:00,820.72,2.7
2025-05-04 00:30:00,820.19,2.698
2025-05-04 01:00:00,819.86,2.696
2025-05-04 01:30:00,818.97,2.696
2025-05-04 02:00:00,818.82,2.696
2025-05-04 02:30:00,818.35,2.695
2025-05-04 03:00:00,817.82,2.696
2025-05-04 03:30:00,817.49,2.696
2025-05-04 04:00:00,816.94,2.697
2025-05-04 04:30:00,816.92,2.695
2025-05-04 05:00:00,816.4,2.695
2025-05-04 05:30:00,815.69,2.691
2025-05-04 06:00:00,815.39,2.689
2025-05-04 06:30:00,814.65,2.686
2025-05-04 07:00:00,814.16,2.683
2025-05-04 07:30:00,814.26,2.677
2025-05-04 08:00:00,813.66,2.671
2025-05-04 08:30:00,812.48,2.664
2025-05-04 09:00:00,812.59,2.656
2025-05-04 09:30:00,812.01,2.649
2025-05-04 10:00:00,811.1,2.639
2025-05-04 10:30:00,811.05,2.632
2025-05-04 11:00:00,811.17,2.62
2025-05-04 11:30:00,810.61,2.612
2025-05-04 12:00:00,810.13,2.604
2025-05-04 12:30:00,809.92,2.592
2025-05-04 13:00:00,809.8,2.582
2025-05-04 13:30:00,809.43,2.571
2025-05-04 14:00:00,809.45,2.56
2025-05-04 14:30:00,809.19,2.55
2025-05-04 15:00:00,809.27,2.536
2025-05-04 15:30:00,808.56,2.525
2025-05-04 16:00:00,808.68,2.514
2025-05-04 16:30:00,808.76,2.506
2025-05-04 17:00:00,808.42,2.499
2025-05-04 17:30:00,808.09,2.496
2025-05-04 18:00:00,808.07,2.493
2025-05-04 18:30:00,808.1,2.493
2025-05-04 19:00:00,807.78,2.498
2025-05-04 19:30:00,807.38,2.505
2025-05-04 20:00:00,807.68,2.517
2025-05-04 20:30:00,807.02,2.535
2025-05-04 21:00:00,807.52,2.555
2025-05-04 21:30:00,807.65,2.578
2025-05-04 22:00:00,807.16,2.605
2025-05-04 22:30:00,807.9,2.632
2025-05-04 23:00:00,806.99,2.662
2025-05-04 23:30:00,807.67,2.693
2025-05-05 00:00:00,808.02,2.721
2025-05-05 00:30:00,808.4,2.748
2025-05-05 01:00:00,808.94,2.773
2025-05-05 01:30:00,809.43,2.796
2025-05-05 02:00:00,809.3,2.824
2025-05-05 02:30:00,810.02,2.844
2025-05-05 03:00:00,809.98,2.866
2025-05-05 03:30:00,810.17,2.883
2025-05-05 04:00:00,810.15,2.9
2025-05-05 04:30:00,810.17,2.912
2025-05-05 05:00:00,810.11,2.929
2025-05-05 05:30:00,810.28,2.936
2025-05-05 06:00:00,810.29,2.942
2025-05-05 06:30:00,810.06,2.947
2025-05-05 07:00:00,810.12,2.95
2025-05-05 07:30:00,809.68,2.951
2025-05-05 08:00:00,809.81,2.952
2025-05-05 08:30:00,809.77,2.948
2025-05-05 09:00:00,810.55,2.947
2025-05-05 09:30:00,810.2,2.94
2025-05-05 10:00:00,809.95,2.934
2025-05-05 10:30:00,810.48,2.929
2025-05-05 11:00:00,810.04,2.922
2025-05-05 11:30:00,809.84,2.914
2025-05-05 12:00:00,809.32,2.903
2025-05-05 12:30:00,809.39,2.895
2025-05-05 13:00:00,809.36,2.885
2025-05-05 13:30:00,809.2,2.876
2025-05-05 14:00:00,809.37,2.866
2025-05-05 14:30:00,809.34,2.855
2025-05-05 15:00:00,809.22,2.842
2025-05-05 15:30:00,809.05,2.834
2025-05-05 16:00:00,809.13,2.823
2025-05-05 16:30:00,808.58,2.816
2025-05-05 17:00:00,808.15,2.811
2025-05-05 17:30:00,808.21,2.809
2025-05-05 18:00:00,808.89,2.811
2025-05-05 18:30:00,809.2,2.816
2025-05-05 19:00:00,808.82,2.824
2025-05-05 19:30:00,808.7,2.837
2025-05-05 20:00:00,809.35,2.858
2025-05-05 20:30:00,810.07,2.882
2025-05-05 21:00:00,810.67,2.913
2025-05-05 21:30:00,811.98,2.946
2025-05-05 22:00:00,812.97,2.984
2025-05-05 22:30:00,814.33,3.024
2025-05-05 23:00:00,815.51,3.067
2025-05-05 23:30:00,816.9,3.113
2025-05-06 00:00:00,818.4,3.158
2025-05-06 00:30:00,819.46,3.204
2025-05-06 01:00:00,820.56,3.252
2025-05-06 01:30:00,821.44,3.291
2025-05-06 02:00:00,822.13,3.333
2025-05-06 02:30:00,822.63,3.366
2025-05-06 03:00:00,823.22,3.394
2025-05-06 03:30:00,823.21,3.414
2025-05-06 04:00:00,823.26,3.433
2025-05-06 04:30:00,823.67,3.447
2025-05-06 05:00:00,823.54,3.454
2025-05-06 05:30:00,823.74,3.458
2025-05-06 06:00:00,823.29,3.456
2025-05-06 06:30:00,822.62,3.453
2025-05-06 07:00:00,822.51,3.444
2025-05-06 07:30:00,822.54,3.433
2025-05-06 08:00:00,821.85,3.42
2025-05-06 08:30:00,821.6,3.406
2025-05-06 09:00:00,821.31,3.39
2025-05-06 09:30:00,820.74,3.371
2025-05-06 10:00:00,820.95,3.352
2025-05-06 10:30:00,820.47,3.333
2025-05-06 11:00:00,820.44,3.311
2025-05-06 11:30:00,819.86,3.293
2025-05-06 12:00:00,819.45,3.269
2025-05-06 12:30:00,818.97,3.246
2025-05-06 13:00:00,818.49,3.221
2025-05-06 13:30:00,818.4,3.195
2025-05-06 14:00:00,818.39,3.168
2025-05-06 14:30:00,817.93,3.141
2025-05-06 15:00:00,817.87,3.113
2025-05-06 15:30:00,817.52,3.086
2025-05-06 16:00:00,817.05,3.06
2025-05-06 16:30:00,816.88,3.032
2025-05-06 17:00:00,816.92,3.01
2025-05-06 17:30:00,816.18,2.991
2025-05-06 18:00:00,816.48,2.972
2025-05-06 18:30:00,816.15,2.958
2025-05-06 19:00:00,816.31,2.953
2025-05-06 19:30:00,816.21,2.958
2025-05-06 20:00:00,816.41,2.966
2025-05-06 20:30:00,816.37,2.98
2025-05-06 21:00:00,816.94,3.006
2025-05-06 21:30:00,817.08,3.032
2025-05-06 22:00:00,817.67,3.066
2025-05-06 22:30:00,818.86,3.105
2025-05-06 23:00:00,819.77,3.146
2025-05-06 23:30:00,820.76,3.187
2025-05-07 00:00:00,822.24,3.229
2025-05-07 00:30:00,823.28,3.271
2025-05-07 01:00:00,824.1,3.311
2025-05-07 01:30:00,825.0,3.351
2025-05-07 02:00:00,825.86,3.384
2025-05-07 02:30:00,826.32,3.414
2025-05-07 03:00:00,827.06,3.438
2025-05-07 03:30:00,827.08,3.46
2025-05-07 04:00:00,827.36,3.476
2025-05-07 04:30:00,827.59,3.488
2025-05-07 05:00:00,827.82,3.494
2025-05-07 05:30:00,827.63,3.498
2025-05-07 06:00:00,827.62,3.497
2025-05-07 06:30:00,827.71,3.491
2025-05-07 07:00:00,827.75,3.487
2025-05-07 07:30:00,827.42,3.476
2025-05-07 08:00:00,827.34,3.463
2025-05-07 08:30:00,827.01,3.446
2025-05-07 09:00:00,827.23,3.429
2025-05-07 09:30:00,826.96,3.412
2025-05-07 10:00:00,826.78,3.391
2025-05-07 10:30:00,826.49,3.37
2025-05-07 11:00:00,826.19,3.348
2025-05-07 11:30:00,826.01,3.323
2025-05-07 12:00:00,825.56,3.298
2025-05-07 12:30:00,825.28,3.27
2025-05-07 13:00:00,824.79,3.241
2025-05-07 13:30:00,824.8,3.209
2025-05-07 14:00:00,824.88,3.178
2025-05-07 14:30:00,824.23,3.147
2025-05-07 15:00:00,824.41,3.113
2025-05-07 15:30:00,824.06,3.082
2025-05-07 16:00:00,823.76,3.049
2025-05-07 16:30:00,823.94,3.021
2025-05-07 17:00:00,823.39,2.993
2025-05-07 17:30:00,823.55,2.973
2025-05-07 18:00:00,823.57,2.953
2025-05-07 18:30:00,823.4,2.939
2025-05-07 19:00:00,823.25,2.936
2025-05-07 19:30:00,823.22,2.94
2025-05-07 20:00:00,823.14,2.953
2025-05-07 20:30:00,824.03,2.972
2025-05-07 21:00:00,823.88,2.999
2025-05-07 21:30:00,825.1,3.034
2025-05-07 22:00:00,826.11,3.073
2025-05-07 22:30:00,827.59,3.115
2025-05-07 23:00:00,829.1,3.164
2025-05-07 23:30:00,830.65,3.213
2025-05-08 00:00:00,832.7,3.262
2025-05-08 00:30:00,834.34,3.312
2025-05-08 01:00:00,835.42,3.365
2025-05-08 01:30:00,836.75,3.414
2025-05-08 02:00:00,837.45,3.458
2025-05-08 02:30:00,838.4,3.495
2025-05-08 03:00:00,839.01,3.53
2025-05-08 03:30:00,839.42,3.558
2025-05-08 04:00:00,840.4,3.583
2025-05-08 04:30:00,840.76,3.605
2025-05-08 05:00:00,841.69,3.621
2025-05-08 05:30:00,841.59,3.63
2025-05-08 06:00:00,842.0,3.638
2025-05-08 06:30:00,842.36,3.643
2025-05-08 07:00:00,842.11,3.646
2025-05-08 07:30:00,842.17,3.642
2025-05-08 08:00:00,842.0,3.634
2025-05-08 08:30:00,841.29,3.621
2025-05-08 09:00:00,840.42,3.606
2025-05-08 09:30:00,840.37,3.588
2025-05-08 10:00:00,840.02,3.566
2025-05-08 10:30:00,839.86,3.542
2025-05-08 11:00:00,839.28,3.512
2025-05-08 11:30:00,838.82,3.48
2025-05-08 12:00:00,838.34,3.446
2025-05-08 12:30:00,837.61,3.408
2025-05-08 13:00:00,837.33,3.37
2025-05-08 13:30:00,837.38,3.33
2025-05-08 14:00:00,836.95,3.294
2025-05-08 14:30:00,836.45,3.254
2025-05-08 15:00:00,835.77,3.215
2025-05-08 15:30:00,835.53,3.177
2025-05-08 16:00:00,835.19,3.145
2025-05-08 16:30:00,834.47,3.112
2025-05-08 17:00:00,833.94,3.084
2025-05-08 17:30:00,833.92,3.062
2025-05-08 18:00:00,833.62,3.046
2025-05-08 18:30:00,833.24,3.036
2025-05-08 19:00:00,833.36,3.033
2025-05-08 19:30:00,833.04,3.036
2025-05-08 20:00:00,833.33,3.051
2025-05-08 20:30:00,833.31,3.073
2025-05-08 21:00:00,834.69,3.102
2025-05-08 21:30:00,835.92,3.136
2025-05-08 22:00:00,837.62,3.179
2025-05-08 22:30:00,839.27,3.227
2025-05-08 23:00:00,840.88,3.278
2025-05-08 23:30:00,843.33,3.335
2025-05-09 00:00:00,845.43,3.398
2025-05-09 00:30:00,847.35,3.461
2025-05-09 01:00:00,848.74,3.528
2025-05-09 01:30:00,850.39,3.595
2025-05-09 02:00:00,851.5,3.656
2025-05-09 02:30:00,852.46,3.716
2025-05-09 03:00:00,853.4,3.765
2025-05-09 03:30:00,854.42,3.806
2025-05-09 04:00:00,855.39,3.844
2025-05-09 04:30:00,856.31,3.872
2025-05-09 05:00:00,856.51,3.892
2025-05-09 05:30:00,856.92,3.905
2025-05-09 06:00:00,857.08,3.912
2025-05-09 06:30:00,856.72,3.908
2025-05-09 07:00:00,856.7,3.899
2025-05-09 07:30:00,856.19,3.885
2025-05-09 08:00:00,855.69,3.865
2025-05-09 08:30:00,854.82,3.838
2025-05-09 09:00:00,854.38,3.802
2025-05-09 09:30:00,853.05,3.764
2025-05-09 10:00:00,853.12,3.719
2025-05-09 10:30:00,852.05,3.674
2025-05-09 11:00:00,851.51,3.626
2025-05-09 11:30:00,850.68,3.58
2025-05-09 12:00:00,850.06,3.532
2025-05-09 12:30:00,848.93,3.486
2025-05-09 13:00:00,848.29,3.439
2025-05-09 13:30:00,848.07,3.394
2025-05-09 14:00:00,847.33,3.353
2025-05-09 14:30:00,846.52,3.31
2025-05-09 15:00:00,845.66,3.27
2025-05-09 15:30:00,844.67,3.234
2025-05-09 16:00:00,844.17,3.2
2025-05-09 16:30:00,843.74,3.171
2025-05-09 17:00:00,843.19,3.145
2025-05-09 17:30:00,842.57,3.125
2025-05-09 18:00:00,842.37,3.111
2025-05-09 18:30:00,841.87,3.106
2025-05-09 19:00:00,841.72,3.106
2025-05-09 19:30:00,841.09,3.113
2025-05-09 20:00:00,841.31,3.128
2025-05-09 20:30:00,841.85,3.154
2025-05-09 21:00:00,842.57,3.185
2025-05-09 21:30:00,844.47,3.224
2025-05-09 22:00:00,845.74,3.273
2025-05-09 22:30:00,847.59,3.327
2025-05-09 23:00:00,850.12,3.39
2025-05-09 23:30:00,852.8,3.464
2025-05-10 00:00:00,854.47,3.542
2025-05-10 00:30:00,856.04,3.632
2025-05-10 01:00:00,856.71,3.72
2025-05-10 01:30:00,857.93,3.807
2025-05-10 02:00:00,859.78,3.887
2025-05-10 02:30:00,860.75,3.959
2025-05-10 03:00:00,861.92,4.023
2025-05-10 03:30:00,862.1,4.075
2025-05-10 04:00:00,863.46,4.116
2025-05-10 04:30:00,864.09,4.146
2025-05-10 05:00:00,864.48,4.161
2025-05-10 05:30:00,864.15,4.167
2025-05-10 06:00:00,864.01,4.16
2025-05-10 06:30:00,864.17,4.14
2025-05-10 07:00:00,863.54,4.113
2025-05-10 07:30:00,863.19,4.079
2025-05-10 08:00:00,861.77,4.032
2025-05-10 08:30:00,861.6,3.984
2025-05-10 09:00:00,860.61,3.927
2025-05-10 09:30:00,859.3,3.873
2025-05-10 10:00:00,858.61,3.812
2025-05-10 10:30:00,857.48,3.753
2025-05-10 11:00:00,856.82,3.695
2025-05-10 11:30:00,855.7,3.638
2025-05-10 12:00:00,854.5,3.584
2025-05-10 12:30:00,853.34,3.532
2025-05-10 13:00:00,852.03,3.481
2025-05-10 13:30:00,851.11,3.437
2025-05-10 14:00:00,850.04,3.393
2025-05-10 14:30:00,849.22,3.354
2025-05-10 15:00:00,848.71,3.315
2025-05-10 15:30:00,847.7,3.278
2025-05-10 16:00:00,847.15,3.248
2025-05-10 16:30:00,846.62,3.22
2025-05-10 17:00:00,845.74,3.195
2025-05-10 17:30:00,844.81,3.177
2025-05-10 18:00:00,844.68,3.166
2025-05-10 18:30:00,844.54,3.16
2025-05-10 19:00:00,843.6,3.167
2025-05-10 19:30:00,843.82,3.176
2025-05-10 20:00:00,843.95,3.199
2025-05-10 20:30:00,844.12,3.231
2025-05-10 21:00:00,846.24,3.272
2025-05-10 21:30:00,847.86,3.322
2025-05-10 22:00:00,849.75,3.383
2025-05-10 22:30:00,852.46,3.457
2025-05-10 23:00:00,855.8,3.539
2025-05-10 23:30:00,858.16,3.636
2025-05-11 00:00:00,859.86,3.741
2025-05-11 00:30:00,862.07,3.85
2025-05-11 01:00:00,863.64,3.953
2025-05-11 01:30:00,865.4,4.048
2025-05-11 02:00:00,866.08,4.129
2025-05-11 02:30:00,867.35,4.192
2025-05-11 03:00:00,868.0,4.24
2025-05-11 03:30:00,868.48,4.275
2025-05-11 04:00:00,869.23,4.29
2025-05-11 04:30:00,868.89,4.296
2025-05-11 05:00:00,869.17,4.288
2025-05-11 05:30:00,868.54,4.266
2025-05-11 06:00:00,868.76,4.235
2025-05-11 06:30:00,867.66,4.197
2025-05-11 07:00:00,866.86,4.153
2025-05-11 07:30:00,865.79,4.102
2025-05-11 08:00:00,864.69,4.044
2025-05-11 08:30:00,863.47,3.981
2025-05-11 09:00:00,862.38,3.921
2025-05-11 09:30:00,860.79,3.86
2025-05-11 10:00:00,859.67,3.8
2025-05-11 10:30:00,858.83,3.742
2025-05-11 11:00:00,857.57,3.69
2025-05-11 11:30:00,856.67,3.639
2025-05-11 12:00:00,854.83,3.592
2025-05-11 12:30:00,853.2,3.547
2025-05-11 13:00:00,852.57,3.506
2025-05-11 13:30:00,851.9,3.468
2025-05-11 14:00:00,850.56,3.433
2025-05-11 14:30:00,849.63,3.401
2025-05-11 15:00:00,849.04,3.368
2025-05-11 15:30:00,848.03,3.341
2025-05-11 16:00:00,846.91,3.313
2025-05-11 16:30:00,845.89,3.292
2025-05-11 17:00:00,845.01,3.278
2025-05-11 17:30:00,844.31,3.265
2025-05-11 18:00:00,843.78,3.259
2025-05-11 18:30:00,843.78,3.261
2025-05-11 19:00:00,843.45,3.273
2025-05-11 19:30:00,842.93,3.294
2025-05-11 20:00:00,842.92,3.323
2025-05-11 20:30:00,843.74,3.359
2025-05-11 21:00:00,844.37,3.401
2025-05-11 21:30:00,845.45,3.453
2025-05-11 22:00:00,846.72,3.514
2025-05-11 22:30:00,848.35,3.583
2025-05-11 23:00:00,850.22,3.662
2025-05-11 23:30:00,851.51,3.75
2025-05-12 00:00:00,852.67,3.845
2025-05-12 00:30:00,853.95,3.939
2025-05-12 01:00:00,854.44,4.031
2025-05-12 01:30:00,853.94,4.115
2025-05-12 02:00:00,854.54,4.189
2025-05-12 02:30:00,854.8,4.25
2025-05-12 03:00:00,855.0,4.297
2025-05-12 03:30:00,854.86,4.325
2025-05-12 04:00:00,854.77,4.34
2025-05-12 04:30:00,854.86,4.338
2025-05-12 05:00:00,853.49,4.325
2025-05-12 05:30:00,853.47,4.3
2025-05-12 06:00:00,852.47,4.27
2025-05-12 06:30:00,851.67,4.231
2025-05-12 07:00:00,850.77,4.187
2025-05-12 07:30:00,850.39,4.142
2025-05-12 08:00:00,849.59,4.092
2025-05-12 08:30:00,849.28,4.037
2025-05-12 09:00:00,847.81,3.981
2025-05-12 09:30:00,846.72,3.923
2025-05-12 10:00:00,845.52,3.865
2025-05-12 10:30:00,843.73,3.808
2025-05-12 11:00:00,842.52,3.751
2025-05-12 11:30:00,841.45,3.695
2025-05-12 12:00:00,840.13,3.642
2025-05-12 12:30:00,839.64,3.588
2025-05-12 13:00:00,838.79,3.539
2025-05-12 13:30:00,837.73,3.489
2025-05-12 14:00:00,836.62,3.444
2025-05-12 14:30:00,835.63,3.4
2025-05-12 15:00:00,835.34,3.358
2025-05-12 15:30:00,834.17,3.318
2025-05-12 16:00:00,833.65,3.283
2025-05-12 16:30:00,833.05,3.251
2025-05-12 17:00:00,832.54,3.224
2025-05-12 17:30:00,831.83,3.203
2025-05-12 18:00:00,831.51,3.184
2025-05-12 18:30:00,830.58,3.177
2025-05-12 19:00:00,829.78,3.181
2025-05-12 19:30:00,829.09,3.198
2025-05-12 20:00:00,828.21,3.225
2025-05-12 20:30:00,828.23,3.255
2025-05-12 21:00:00,828.11,3.291
2025-05-12 21:30:00,828.23,3.331
2025-05-12 22:00:00,828.42,3.373
2025-05-12 22:30:00,828.71,3.422
2025-05-12 23:00:00,828.8,3.474
2025-05-12 23:30:00,829.45,3.531
2025-05-13 00:00:00,829.86,3.589
2025-05-13 00:30:00,829.98,3.649
2025-05-13 01:00:00,829.93,3.707
2025-05-13 01:30:00,830.01,3.764
2025-05-13 02:00:00,829.83,3.813
2025-05-13 02:30:00,829.39,3.857
2025-05-13 03:00:00,829.19,3.896
2025-05-13 03:30:00,829.4,3.927
2025-05-13 04:00:00,829.15,3.949
2025-05-13 04:30:00,828.73,3.968
2025-05-13 05:00:00,828.59,3.971
2025-05-13 05:30:00,828.34,3.969
2025-05-13 06:00:00,828.31,3.964
2025-05-13 06:30:00,828.07,3.95
2025-05-13 07:00:00,827.63,3.933
2025-05-13 07:30:00,827.34,3.914
2025-05-13 08:00:00,826.67,3.892
2025-05-13 08:30:00,826.17,3.864
2025-05-13 09:00:00,825.82,3.836
2025-05-13 09:30:00,825.46,3.807
2025-05-13 10:00:00,824.88,3.771
2025-05-13 10:30:00,824.32,3.735
2025-05-13 11:00:00,823.68,3.698
2025-05-13 11:30:00,823.15,3.657
2025-05-13 12:00:00,823.07,3.616
2025-05-13 12:30:00,822.8,3.577
2025-05-13 13:00:00,822.4,3.533
2025-05-13 13:30:00,822.26,3.489
2025-05-13 14:00:00,822.48,3.445
2025-05-13 14:30:00,822.06,3.402
2025-05-13 15:00:00,821.62,3.36
2025-05-13 15:30:00,821.71,3.318
2025-05-13 16:00:00,821.65,3.28
2025-05-13 16:30:00,821.25,3.244
2025-05-13 17:00:00,821.47,3.209
2025-05-13 17:30:00,821.7,3.174
2025-05-13 18:00:00,821.75,3.142
2025-05-13 18:30:00,821.62,3.116
2025-05-13 19:00:00,821.35,3.089
2025-05-13 19:30:00,821.18,3.062
2025-05-13 20:00:00,821.69,3.04
2025-05-13 20:30:00,821.41,3.021
2025-05-13 21:00:00,821.28,3.002
2025-05-13 21:30:00,821.36,2.983
2025-05-13 22:00:00,820.84,2.968
2025-05-13 22:30:00,821.16,2.952
2025-05-13 23:00:00,821.03,2.943
2025-05-13 23:30:00,821.2,2.938
2025-05-14 00:00:00,820.45,2.932
2025-05-14 00:30:00,820.38,2.925
2025-05-14 01:00:00,819.96,2.922
2025-05-14 01:30:00,820.07,2.921
2025-05-14 02:00:00,820.12,2.919
2025-05-14 02:30:00,820.01,2.915
2025-05-14 03:00:00,820.18,2.913
2025-05-14 03:30:00,819.91,2.912
2025-05-14 04:00:00,820.25,2.907
2025-05-14 04:30:00,820.51,2.904
2025-05-14 05:00:00,819.87,2.899
2025-05-14 05:30:00,819.76,2.894
2025-05-14 06:00:00,819.4,2.888
2025-05-14 06:30:00,819.43,2.877
2025-05-14 07:00:00,819.21,2.869
2025-05-14 07:30:00,819.13,2.858
2025-05-14 08:00:00,818.24,2.847
2025-05-14 08:30:00,817.9,2.833
2025-05-14 09:00:00,817.64,2.818
2025-05-14 09:30:00,817.23,2.803
2025-05-14 10:00:00,817.02,2.787
2025-05-14 10:30:00,817.06,2.767
2025-05-14 11:00:00,817.05,2.748
2025-05-14 11:30:00,816.56,2.729
2025-05-14 12:00:00,816.06,2.71
2025-05-14 12:30:00,815.88,2.688
2025-05-14 13:00:00,815.87,2.666
2025-05-14 13:30:00,815.81,2.644
2025-05-14 14:00:00,816.0,2.623
2025-05-14 14:30:00,815.65,2.603
2025-05-14 15:00:00,815.2,2.582
2025-05-14 15:30:00,815.15,2.561
2025-05-14 16:00:00,815.45,2.547
2025-05-14 16:30:00,816.13,2.531
2025-05-14 17:00:00,816.95,2.516
2025-05-14 17:30:00,817.4,2.501
2025-05-14 18:00:00,817.26,2.49
2025-05-14 18:30:00,817.49,2.482
2025-05-14 19:00:00,817.91,2.479
2025-05-14 19:30:00,817.95,2.483
2025-05-14 20:00:00,818.63,2.498
2025-05-14 20:30:00,818.7,2.521
2025-05-14 21:00:00,818.58,2.553
2025-05-14 21:30:00,818.05,2.59
2025-05-14 22:00:00,818.53,2.636
2025-05-14 22:30:00,818.51,2.687
2025-05-14 23:00:00,818.25,2.743
2025-05-14 23:30:00,818.7,2.802
2025-05-15 00:00:00,818.59,2.864
2025-05-15 00:30:00,818.69,2.931
2025-05-15 01:00:00,818.57,2.997
2025-05-15 01:30:00,818.98,3.062
2025-05-15 02:00:00,818.45,3.124
2025-05-15 02:30:00,818.82,3.18
2025-05-15 03:00:00,818.77,3.235
2025-05-15 03:30:00,818.79,3.285
2025-05-15 04:00:00,819.2,3.331
2025-05-15 04:30:00,819.36,3.37
2025-05-15 05:00:00,819.41,3.406
2025-05-15 05:30:00,819.02,3.438
2025-05-15 06:00:00,819.04,3.463
2025-05-15 06:30:00,818.89,3.482
2025-05-15 07:00:00,819.01,3.498
2025-05-15 07:30:00,818.67,3.507
2025-05-15 08:00:00,818.8,3.509
2025-05-15 08:30:00,818.54,3.515
2025-05-15 09:00:00,818.48,3.509
2025-05-15 09:30:00,818.75,3.504
2025-05-15 10:00:00,818.63,3.496
2025-05-15 10:30:00,818.04,3.485
2025-05-15 11:00:00,818.05,3.471
2025-05-15 11:30:00,818.26,3.456
2025-05-15 12:00:00,818.16,3.44
2025-05-15 12:30:00,817.3,3.419
2025-05-15 13:00:00,817.82,3.399
2025-05-15 13:30:00,817.75,3.377
2025-05-15 14:00:00,817.95,3.354
2025-05-15 14:30:00,818.04,3.328
2025-05-15 15:00:00,817.81,3.303
2025-05-15 15:30:00,817.61,3.277
2025-05-15 16:00:00,817.74,3.252
2025-05-15 16:30:00,817.59,3.23
2025-05-15 17:00:00,817.2,3.209
2025-05-15 17:30:00,817.39,3.192
2025-05-15 18:00:00,817.13,3.178
2025-05-15 18:30:00,816.75,3.167
2025-05-15 19:00:00,816.89,3.167
2025-05-15 19:30:00,817.17,3.17
2025-05-15 20:00:00,816.75,3.184
2025-05-15 20:30:00,817.33,3.204
2025-05-15 21:00:00,817.75,3.233
2025-05-15 21:30:00,817.66,3.266
2025-05-15 22:00:00,818.23,3.311
2025-05-15 22:30:00,819.59,3.362
2025-05-15 23:00:00,820.44,3.421
2025-05-15 23:30:00,822.0,3.486
2025-05-16 00:00:00,822.72,3.561
2025-05-16 00:30:00,823.98,3.64
2025-05-16 01:00:00,824.48,3.723
2025-05-16 01:30:00,825.2,3.809
2025-05-16 02:00:00,825.88,3.89
2025-05-16 02:30:00,826.91,3.972
2025-05-16 03:00:00,827.25,4.043
2025-05-16 03:30:00,827.74,4.109
2025-05-16 04:00:00,828.24,4.167
2025-05-16 04:30:00,828.95,4.215
2025-05-16 05:00:00,829.3,4.256
2025-05-16 05:30:00,829.84,4.29
2025-05-16 06:00:00,829.89,4.315
2025-05-16 06:30:00,829.97,4.334
2025-05-16 07:00:00,829.91,4.345
2025-05-16 07:30:00,830.0,4.347
2025-05-16 08:00:00,829.85,4.342
2025-05-16 08:30:00,829.46,4.333
2025-05-16 09:00:00,829.14,4.319
2025-05-16 09:30:00,828.6,4.302
2025-05-16 10:00:00,828.24,4.276
2025-05-16 10:30:00,827.97,4.25
2025-05-16 11:00:00,827.73,4.221
2025-05-16 11:30:00,826.91,4.186
2025-05-16 12:00:00,826.29,4.15
2025-05-16 12:30:00,825.97,4.113
2025-05-16 13:00:00,825.65,4.069
2025-05-16 13:30:00,825.29,4.027
2025-05-16 14:00:00,824.99,3.985
2025-05-16 14:30:00,824.18,3.939
2025-05-16 15:00:00,823.76,3.896
2025-05-16 15:30:00,823.6,3.854
2025-05-16 16:00:00,823.45,3.815
2025-05-16 16:30:00,823.01,3.779
2025-05-16 17:00:00,822.6,3.746
2025-05-16 17:30:00,822.72,3.715
2025-05-16 18:00:00,822.36,3.693
2025-05-16 18:30:00,822.04,3.676
2025-05-16 19:00:00,821.99,3.667
2025-05-16 19:30:00,822.01,3.667
2025-05-16 20:00:00,821.4,3.675
2025-05-16 20:30:00,821.23,3.689
2025-05-16 21:00:00,821.62,3.716
2025-05-16 21:30:00,821.97,3.749
2025-05-16 22:00:00,822.51,3.792
2025-05-16 22:30:00,823.85,3.845
2025-05-16 23:00:00,825.18,3.904
2025-05-16 23:30:00,826.41,3.97
2025-05-17 00:00:00,828.0,4.046
2025-05-17 00:30:00,829.58,4.13
2025-05-17 01:00:00,831.73,4.22
2025-05-17 01:30:00,833.07,4.313
2025-05-17 02:00:00,833.86,4.408
2025-05-17 02:30:00,834.16,4.495
2025-05-17 03:00:00,835.19,4.571
2025-05-17 03:30:00,836.32,4.639
2025-05-17 04:00:00,837.07,4.695
2025-05-17 04:30:00,837.81,4.741
2025-05-17 05:00:00,838.14,4.775
2025-05-17 05:30:00,838.67,4.802
2025-05-17 06:00:00,838.87,4.818
2025-05-17 06:30:00,838.62,4.82
2025-05-17 07:00:00,839.08,4.817
2025-05-17 07:30:00,838.99,4.805
2025-05-17 08:00:00,838.38,4.784
2025-05-17 08:30:00,838.1,4.756
2025-05-17 09:00:00,836.75,4.722
2025-05-17 09:30:00,836.38,4.684
2025-05-17 10:00:00,835.65,4.639
2025-05-17 10:30:00,834.99,4.591
2025-05-17 11:00:00,834.42,4.543
2025-05-17 11:30:00,833.4,4.491
2025-05-17 12:00:00,832.58,4.438
2025-05-17 12:30:00,831.78,4.385
2025-05-17 13:00:00,830.84,4.332
2025-05-17 13:30:00,829.71,4.277
2025-05-17 14:00:00,828.9,4.223
2025-05-17 14:30:00,828.5,4.169
2025-05-17 15:00:00,827.99,4.117
2025-05-17 15:30:00,826.92,4.067
2025-05-17 16:00:00,825.2,4.018
2025-05-17 16:30:00,825.84,3.973
2025-05-17 17:00:00,825.82,3.934
2025-05-17 17:30:00,825.16,3.895
2025-05-17 18:00:00,824.02,3.86
2025-05-17 18:30:00,823.36,3.828
2025-05-17 19:00:00,822.93,3.804
2025-05-17 19:30:00,822.19,3.786
2025-05-17 20:00:00,822.1,3.776
2025-05-17 20:30:00,821.91,3.778
2025-05-17 21:00:00,822.24,3.786
2025-05-17 21:30:00,821.75,3.799
2025-05-17 22:00:00,821.69,3.82
2025-05-17 22:30:00,821.59,3.846
2025-05-17 23:00:00,822.03,3.873
2025-05-17 23:30:00,821.86,3.904
2025-05-18 00:00:00,821.6,3.935
2025-05-18 00:30:00,822.23,3.967
2025-05-18 01:00:00,822.43,3.996
2025-05-18 01:30:00,822.47,4.026
2025-05-18 02:00:00,822.17,4.051
2025-05-18 02:30:00,822.18,4.069
2025-05-18 03:00:00,822.25,4.089
2025-05-18 03:30:00,822.09,4.1
2025-05-18 04:00:00,822.06,4.11
2025-05-18 04:30:00,822.0,4.113
2025-05-18 05:00:00,821.57,4.112
2025-05-18 05:30:00,821.55,4.109
2025-05-18 06:00:00,821.11,4.1
2025-05-18 06:30:00,821.2,4.088
2025-05-18 07:00:00,820.52,4.073
2025-05-18 07:30:00,820.39,4.057
2025-05-18 08:00:00,820.23,4.038
2025-05-18 08:30:00,819.96,4.018
2025-05-18 09:00:00,819.73,3.994
2025-05-18 09:30:00,819.12,3.969
2025-05-18 10:00:00,819.2,3.942
2025-05-18 10:30:00,819.01,3.912
2025-05-18 11:00:00,818.48,3.88
2025-05-18 11:30:00,818.6,3.85
2025-05-18 12:00:00,818.9,3.814
2025-05-18 12:30:00,818.02,3.779
2025-05-18 13:00:00,817.95,3.741
2025-05-18 13:30:00,817.68,3.704
2025-05-18 14:00:00,817.38,3.666
2025-05-18 14:30:00,817.48,3.627
2025-05-18 15:00:00,817.36,3.587
2025-05-18 15:30:00,817.15,3.55
2025-05-18 16:00:00,817.07,3.514
2025-05-18 16:30:00,816.94,3.479
2025-05-18 17:00:00,817.31,3.447
2025-05-18 17:30:00,817.1,3.419
2025-05-18 18:00:00,816.99,3.396
2025-05-18 18:30:00,817.08,3.381
2025-05-18 19:00:00,816.58,3.373
2025-05-18 19:30:00,817.23,3.378
2025-05-18 20:00:00,816.77,3.391
2025-05-18 20:30:00,817.38,3.416
2025-05-18 21:00:00,817.2,3.442
2025-05-18 21:30:00,817.51,3.477
2025-05-18 22:00:00,817.64,3.521
2025-05-18 22:30:00,818.03,3.571
2025-05-18 23:00:00,818.56,3.63
2025-05-18 23:30:00,819.45,3.694
2025-05-19 00:00:00,820.19,3.762
2025-05-19 00:30:00,820.99,3.836
2025-05-19 01:00:00,821.92,3.913
2025-05-19 01:30:00,822.91,3.995
2025-05-19 02:00:00,823.5,4.07
2025-05-19 02:30:00,824.22,4.148
2025-05-19 03:00:00,825.15,4.218
2025-05-19 03:30:00,825.69,4.288
2025-05-19 04:00:00,826.66,4.344
2025-05-19 04:30:00,827.14,4.395
2025-05-19 05:00:00,827.48,4.438
2025-05-19 05:30:00,827.74,4.47
2025-05-19 06:00:00,828.2,4.498
2025-05-19 06:30:00,828.11,4.515
2025-05-19 07:00:00,828.32,4.526
2025-05-19 07:30:00,828.12,4.527
2025-05-19 08:00:00,828.08,4.516
2025-05-19 08:30:00,828.04,4.5
2025-05-19 09:00:00,827.62,4.483
2025-05-19 09:30:00,827.32,4.459
2025-05-19 10:00:00,827.46,4.434
2025-05-19 10:30:00,827.15,4.405
2025-05-19 11:00:00,827.15,4.378
2025-05-19 11:30:00,826.77,4.344
2025-05-19 12:00:00,826.62,4.315
2025-05-19 12:30:00,826.23,4.28
2025-05-19 13:00:00,826.16,4.244
2025-05-19 13:30:00,826.16,4.205
2025-05-19 14:00:00,825.7,4.166
2025-05-19 14:30:00,825.62,4.124
2025-05-19 15:00:00,825.55,4.081
2025-05-19 15:30:00,825.48,4.038
2025-05-19 16:00:00,825.18,3.993
2025-05-19 16:30:00,825.06,3.954
2025-05-19 17:00:00,825.18,3.918
2025-05-19 17:30:00,824.93,3.884
2025-05-19 18:00:00,824.7,3.858
2025-05-19 18:30:00,824.77,3.837
2025-05-19 19:00:00,823.87,3.824
2025-05-19 19:30:00,824.44,3.824
2025-05-19 20:00:00,824.09,3.833
2025-05-19 20:30:00,823.83,3.847
2025-05-19 21:00:00,824.65,3.874
2025-05-19 21:30:00,824.7,3.912
2025-05-19 22:00:00,825.43,3.956
2025-05-19 22:30:00,826.51,4.016
2025-05-19 23:00:00,827.72,4.079
2025-05-19 23:30:00,828.84,4.155
2025-05-20 00:00:00,830.21,4.236
2025-05-20 00:30:00,831.53,4.326
2025-05-20 01:00:00,832.67,4.42
2025-05-20 01:30:00,833.51,4.511
2025-05-20 02:00:00,834.7,4.602
2025-05-20 02:30:00,835.56,4.687
2025-05-20 03:00:00,836.77,4.761
2025-05-20 03:30:00,837.65,4.826
2025-05-20 04:00:00,838.59,4.877
2025-05-20 04:30:00,839.09,4.918
2025-05-20 05:00:00,839.75,4.944
2025-05-20 05:30:00,839.98,4.958
2025-05-20 06:00:00,840.32,4.96
2025-05-20 06:30:00,840.3,4.948
2025-05-20 07:00:00,840.62,4.929
2025-05-20 07:30:00,840.23,4.903
2025-05-20 08:00:00,840.04,4.867
2025-05-20 08:30:00,839.26,4.827
2025-05-20 09:00:00,839.05,4.78
2025-05-20 09:30:00,838.4,4.729
2025-05-20 10:00:00,837.61,4.675
2025-05-20 10:30:00,837.08,4.619
2025-05-20 11:00:00,836.59,4.569
2025-05-20 11:30:00,835.53,4.517
2025-05-20 12:00:00,835.03,4.465
2025-05-20 12:30:00,834.49,4.412
2025-05-20 13:00:00,833.8,4.359
2025-05-20 13:30:00,833.47,4.306
2025-05-20 14:00:00,832.82,4.249
2025-05-20 14:30:00,832.84,4.196
2025-05-20 15:00:00,832.29,4.14
2025-05-20 15:30:00,831.4,4.082
2025-05-20 16:00:00,831.03,4.026
2025-05-20 16:30:00,831.04,3.977
2025-05-20 17:00:00,830.44,3.93
2025-05-20 17:30:00,829.98,3.888
2025-05-20 18:00:00,829.89,3.854
2025-05-20 18:30:00,829.36,3.826
2025-05-20 19:00:00,829.04,3.81
2025-05-20 19:30:00,828.64,3.81
2025-05-20 20:00:00,828.68,3.818
2025-05-20 20:30:00,828.24,3.836
2025-05-20 21:00:00,828.55,3.867
2025-05-20 21:30:00,828.6,3.904
2025-05-20 22:00:00,829.33,3.949
2025-05-20 22:30:00,829.93,4.006
2025-05-20 23:00:00,830.93,4.073
2025-05-20 23:30:00,831.82,4.144
2025-05-21 00:00:00,833.08,4.226
2025-05-21 00:30:00,834.26,4.313
2025-05-21 01:00:00,835.4,4.405
2025-05-21 01:30:00,836.89,4.499
2025-05-21 02:00:00,838.01,4.589
2025-05-21 02:30:00,838.98,4.674
2025-05-21 03:00:00,840.22,4.751
2025-05-21 03:30:00,841.14,4.819
2025-05-21 04:00:00,842.44,4.874
2025-05-21 04:30:00,843.0,4.918
2025-05-21 05:00:00,843.57,4.953
2025-05-21 05:30:00,844.03,4.971
2025-05-21 06:00:00,844.1,4.976
2025-05-21 06:30:00,844.01,4.969
2025-05-21 07:00:00,843.79,4.948
2025-05-21 07:30:00,843.69,4.919
2025-05-21 08:00:00,843.38,4.88
2025-05-21 08:30:00,842.61,4.833
2025-05-21 09:00:00,842.3,4.779
2025-05-21 09:30:00,841.5,4.722
2025-05-21 10:00:00,840.33,4.663
2025-05-21 10:30:00,840.13,4.612
2025-05-21 11:00:00,839.44,4.556
2025-05-21 11:30:00,838.72,4.504
2025-05-21 12:00:00,838.18,4.455
2025-05-21 12:30:00,837.45,4.405
2025-05-21 13:00:00,836.57,4.355
2025-05-21 13:30:00,836.02,4.301
2025-05-21 14:00:00,835.82,4.249
2025-05-21 14:30:00,835.18,4.197
2025-05-21 15:00:00,834.67,4.142
2025-05-21 15:30:00,834.08,4.088
2025-05-21 16:00:00,833.57,4.042
2025-05-21 16:30:00,833.03,3.995
2025-05-21 17:00:00,832.46,3.954
2025-05-21 17:30:00,832.34,3.918
2025-05-21 18:00:00,831.85,3.889
2025-05-21 18:30:00,831.45,3.868
2025-05-21 19:00:00,831.05,3.861
2025-05-21 19:30:00,830.78,3.866
2025-05-21 20:00:00,830.68,3.883
2025-05-21 20:30:00,830.16,3.908
2025-05-21 21:00:00,830.51,3.943
2025-05-21 21:30:00,830.91,3.986
2025-05-21 22:00:00,831.64,4.038
2025-05-21 22:30:00,832.56,4.102
2025-05-21 23:00:00,833.79,4.18
2025-05-21 23:30:00,835.39,4.264
2025-05-22 00:00:00,837.29,4.356
2025-05-22 00:30:00,839.01,4.459
2025-05-22 01:00:00,840.46,4.563
2025-05-22 01:30:00,841.86,4.67
2025-05-22 02:00:00,843.79,4.775
2025-05-22 02:30:00,845.15,4.875
2025-05-22 03:00:00,846.4,4.963
2025-05-22 03:30:00,847.91,5.041
2025-05-22 04:00:00,848.9,5.108
2025-05-22 04:30:00,849.86,5.155
2025-05-22 05:00:00,850.71,5.189
2025-05-22 05:30:00,850.95,5.202
2025-05-22 06:00:00,850.82,5.196
2025-05-22 06:30:00,850.84,5.175
2025-05-22 07:00:00,850.66,5.14
2025-05-22 07:30:00,850.18,5.091
2025-05-22 08:00:00,850.09,5.028
2025-05-22 08:30:00,849.33,4.958
2025-05-22 09:00:00,848.04,4.886
2025-05-22 09:30:00,847.26,4.812
2025-05-22 10:00:00,846.25,4.743
2025-05-22 10:30:00,845.61,4.675
2025-05-22 11:00:00,844.3,4.612
2025-05-22 11:30:00,843.7,4.549
2025-05-22 12:00:00,842.66,4.488
2025-05-22 12:30:00,841.54,4.431
2025-05-22 13:00:00,840.77,4.374
2025-05-22 13:30:00,840.43,4.321
2025-05-22 14:00:00,839.46,4.263
2025-05-22 14:30:00,839.05,4.211
2025-05-22 15:00:00,838.04,4.158
2025-05-22 15:30:00,837.45,4.11
2025-05-22 16:00:00,836.86,4.063
2025-05-22 16:30:00,836.32,4.016
2025-05-22 17:00:00,836.13,3.976
2025-05-22 17:30:00,835.55,3.942
2025-05-22 18:00:00,834.91,3.916
2025-05-22 18:30:00,834.55,3.9
2025-05-22 19:00:00,833.9,3.895
2025-05-22 19:30:00,833.48,3.902
2025-05-22 20:00:00,832.92,3.919
2025-05-22 20:30:00,832.71,3.945
2025-05-22 21:00:00,832.45,3.982
2025-05-22 21:30:00,832.77,4.024
2025-05-22 22:00:00,833.3,4.075
2025-05-22 22:30:00,834.37,4.138
2025-05-22 23:00:00,834.84,4.21
2025-05-22 23:30:00,836.03,4.29
2025-05-23 00:00:00,836.9,4.378
2025-05-23 00:30:00,838.26,4.469
2025-05-23 01:00:00,838.96,4.568
2025-05-23 01:30:00,840.24,4.664
2025-05-23 02:00:00,841.39,4.759
2025-05-23 02:30:00,841.88,4.846
2025-05-23 03:00:00,842.83,4.924
2025-05-23 03:30:00,843.6,4.992
2025-05-23 04:00:00,844.42,5.047
2025-05-23 04:30:00,844.91,5.089
2025-05-23 05:00:00,845.41,5.115
2025-05-23 05:30:00,845.49,5.12
2025-05-23 06:00:00,845.57,5.112
2025-05-23 06:30:00,844.94,5.087
2025-05-23 07:00:00,844.33,5.049
2025-05-23 07:30:00,843.93,5.001
2025-05-23 08:00:00,843.45,4.943
2025-05-23 08:30:00,842.48,4.885
2025-05-23 09:00:00,841.66,4.825
2025-05-23 09:30:00,841.06,4.764
2025-05-23 10:00:00,840.07,4.703
2025-05-23 10:30:00,839.18,4.647
2025-05-23 11:00:00,838.48,4.59
2025-05-23 11:30:00,837.29,4.535
2025-05-23 12:00:00,836.86,4.481
2025-05-23 12:30:00,836.43,4.425
2025-05-23 13:00:00,835.39,4.373
2025-05-23 13:30:00,834.63,4.318
2025-05-23 14:00:00,834.27,4.264
2025-05-23 14:30:00,833.28,4.205
2025-05-23 15:00:00,832.55,4.154
2025-05-23 15:30:00,832.05,4.099
2025-05-23 16:00:00,831.46,4.05
2025-05-23 16:30:00,830.98,4.002
2025-05-23 17:00:00,830.51,3.958
2025-05-23 17:30:00,830.11,3.922
2025-05-23 18:00:00,829.52,3.893
2025-05-23 18:30:00,829.42,3.869
2025-05-23 19:00:00,828.7,3.859
2025-05-23 19:30:00,828.29,3.863
2025-05-23 20:00:00,827.79,3.876
2025-05-23 20:30:00,827.67,3.899
2025-05-23 21:00:00,827.7,3.931
2025-05-23 21:30:00,827.72,3.97
2025-05-23 22:00:00,827.91,4.017
2025-05-23 22:30:00,828.45,4.077
2025-05-23 23:00:00,829.22,4.142
2025-05-23 23:30:00,830.59,4.222
2025-05-24 00:00:00,831.37,4.306
2025-05-24 00:30:00,832.92,4.396
2025-05-24 01:00:00,834.06,4.494
2025-05-24 01:30:00,835.6,4.593
2025-05-24 02:00:00,836.89,4.692
2025-05-24 02:30:00,838.16,4.786
2025-05-24 03:00:00,839.15,4.876
2025-05-24 03:30:00,840.08,4.953
2025-05-24 04:00:00,840.96,5.021
2025-05-24 04:30:00,841.72,5.078
2025-05-24 05:00:00,842.24,5.121
2025-05-24 05:30:00,842.42,5.147
2025-05-24 06:00:00,842.63,5.159
2025-05-24 06:30:00,842.55,5.156
2025-05-24 07:00:00,842.35,5.142
2025-05-24 07:30:00,841.87,5.116
2025-05-24 08:00:00,841.11,5.079
2025-05-24 08:30:00,840.27,5.029
2025-05-24 09:00:00,839.97,4.976
2025-05-24 09:30:00,839.01,4.919
2025-05-24 10:00:00,838.29,4.86
2025-05-24 10:30:00,837.67,4.803
2025-05-24 11:00:00,837.02,4.747
2025-05-24 11:30:00,836.34,4.698
2025-05-24 12:00:00,835.63,4.648
2025-05-24 12:30:00,835.09,4.6
2025-05-24 13:00:00,834.7,4.555
2025-05-24 13:30:00,834.03,4.509
2025-05-24 14:00:00,833.73,4.464
2025-05-24 14:30:00,833.13,4.422
2025-05-24 15:00:00,832.53,4.378
2025-05-24 15:30:00,832.07,4.34
2025-05-24 16:00:00,831.92,4.3
2025-05-24 16:30:00,831.33,4.264
2025-05-24 17:00:00,830.64,4.23
2025-05-24 17:30:00,830.22,4.2
2025-05-24 18:00:00,830.11,4.176
2025-05-24 18:30:00,829.8,4.161
2025-05-24 19:00:00,829.36,4.154
2025-05-24 19:30:00,828.73,4.156
2025-05-24 20:00:00,828.78,4.169
2025-05-24 20:30:00,828.44,4.191
2025-05-24 21:00:00,828.27,4.221
2025-05-24 21:30:00,828.65,4.259
2025-05-24 22:00:00,829.47,4.305
2025-05-24 22:30:00,829.76,4.358
2025-05-24 23:00:00,830.17,4.419
2025-05-24 23:30:00,831.59,4.486
2025-05-25 00:00:00,833.39,4.56
2025-05-25 00:30:00,834.72,4.638
2025-05-25 01:00:00,836.13,4.715
2025-05-25 01:30:00,837.53,4.793
2025-05-25 02:00:00,838.75,4.864
2025-05-25 02:30:00,840.21,4.931
2025-05-25 03:00:00,841.28,4.988
2025-05-25 03:30:00,842.57,5.034
2025-05-25 04:00:00,843.48,5.069
2025-05-25 04:30:00,844.28,5.091
2025-05-25 05:00:00,844.97,5.1
2025-05-25 05:30:00,844.98,5.095
2025-05-25 06:00:00,845.2,5.082
2025-05-25 06:30:00,844.59,5.058
2025-05-25 07:00:00,844.21,5.027
2025-05-25 07:30:00,843.77,4.985
2025-05-25 08:00:00,843.15,4.938
2025-05-25 08:30:00,842.69,4.887
2025-05-25 09:00:00,841.72,4.834
2025-05-25 09:30:00,841.27,4.78
2025-05-25 10:00:00,840.69,4.73
2025-05-25 10:30:00,840.16,4.682
2025-05-25 11:00:00,839.13,4.635
2025-05-25 11:30:00,838.64,4.589
2025-05-25 12:00:00,838.15,4.546
2025-05-25 12:30:00,837.61,4.502
2025-05-25 13:00:00,836.9,4.461
2025-05-25 13:30:00,836.76,4.418
2025-05-25 14:00:00,835.95,4.378
2025-05-25 14:30:00,835.73,4.338
2025-05-25 15:00:00,835.27,4.293
2025-05-25 15:30:00,834.68,4.255
2025-05-25 16:00:00,833.97,4.215
2025-05-25 16:30:00,833.6,4.181
2025-05-25 17:00:00,833.02,4.147
2025-05-25 17:30:00,832.68,4.12
2025-05-25 18:00:00,832.09,4.101
2025-05-25 18:30:00,831.86,4.085
2025-05-25 19:00:00,831.51,4.083
2025-05-25 19:30:00,830.61,4.091
2025-05-25 20:00:00,830.74,4.108
2025-05-25 20:30:00,830.26,4.137
2025-05-25 21:00:00,830.47,4.171
2025-05-25 21:30:00,830.87,4.221
2025-05-25 22:00:00,831.71,4.277
2025-05-25 22:30:00,832.67,4.347
2025-05-25 23:00:00,833.84,4.426
2025-05-25 23:30:00,835.78,4.516
2025-05-26 00:00:00,837.47,4.616
2025-05-26 00:30:00,839.7,4.728
2025-05-26 01:00:00,841.73,4.845
2025-05-26 01:30:00,843.38,4.968
2025-05-26 02:00:00,845.32,5.091
2025-05-26 02:30:00,847.34,5.209
2025-05-26 03:00:00,848.65,5.319
2025-05-26 03:30:00,850.28,5.414
2025-05-26 04:00:00,851.41,5.493
2025-05-26 04:30:00,852.43,5.553
2025-05-26 05:00:00,853.21,5.591
2025-05-26 05:30:00,853.22,5.606
2025-05-26 06:00:00,853.25,5.605
2025-05-26 06:30:00,853.51,5.586
2025-05-26 07:00:00,853.1,5.549
2025-05-26 07:30:00,852.42,5.491
2025-05-26 08:00:00,852.12,5.421
2025-05-26 08:30:00,851.11,5.344
2025-05-26 09:00:00,850.66,5.264
2025-05-26 09:30:00,849.67,5.181
2025-05-26 10:00:00,848.44,5.106
2025-05-26 10:30:00,847.41,5.03
2025-05-26 11:00:00,846.51,4.959
2025-05-26 11:30:00,845.29,4.895
2025-05-26 12:00:00,843.92,4.83
2025-05-26 12:30:00,843.14,4.772
2025-05-26 13:00:00,842.14,4.712
2025-05-26 13:30:00,841.34,4.658
2025-05-26 14:00:00,840.5,4.606
2025-05-26 14:30:00,839.74,4.553
2025-05-26 15:00:00,839.07,4.508
2025-05-26 15:30:00,838.51,4.463
2025-05-26 16:00:00,837.68,4.419
2025-05-26 16:30:00,836.6,4.377
2025-05-26 17:00:00,835.62,4.339
2025-05-26 17:30:00,835.19,4.303
2025-05-26 18:00:00,834.65,4.271
2025-05-26 18:30:00,833.86,4.244
2025-05-26 19:00:00,833.34,4.227
2025-05-26 19:30:00,832.91,4.216
2025-05-26 20:00:00,832.09,4.216
2025-05-26 20:30:00,831.48,4.222
2025-05-26 21:00:00,830.98,4.239
2025-05-26 21:30:00,830.31,4.259
2025-05-26 22:00:00,829.8,4.29
2025-05-26 22:30:00,829.42,4.326
2025-05-26 23:00:00,829.49,4.369
2025-05-26 23:30:00,829.41,4.42
2025-05-27 00:00:00,830.1,4.475
2025-05-27 00:30:00,830.84,4.534
2025-05-27 01:00:00,831.47,4.599
2025-05-27 01:30:00,832.24,4.668
2025-05-27 02:00:00,833.6,4.738
2025-05-27 02:30:00,834.45,4.808
2025-05-27 03:00:00,835.41,4.878
2025-05-27 03:30:00,836.22,4.944
2025-05-27 04:00:00,837.31,5.007
2025-05-27 04:30:00,838.02,5.064
2025-05-27 05:00:00,838.9,5.114
2025-05-27 05:30:00,839.3,5.149
2025-05-27 06:00:00,839.86,5.174
2025-05-27 06:30:00,839.94,5.19
2025-05-27 07:00:00,840.4,5.194
2025-05-27 07:30:00,840.4,5.188
2025-05-27 08:00:00,840.25,5.177
2025-05-27 08:30:00,840.46,5.157
2025-05-27 09:00:00,840.13,5.126
2025-05-27 09:30:00,839.85,5.091
2025-05-27 10:00:00,839.52,5.049
2025-05-27 10:30:00,838.95,5.002
2025-05-27 11:00:00,838.45,4.955
2025-05-27 11:30:00,837.96,4.909
2025-05-27 12:00:00,837.5,4.862
2025-05-27 12:30:00,837.38,4.815
2025-05-27 13:00:00,836.78,4.774
2025-05-27 13:30:00,836.5,4.732
2025-05-27 14:00:00,836.09,4.69
2025-05-27 14:30:00,835.62,4.649
2025-05-27 15:00:00,835.27,4.61
2025-05-27 15:30:00,834.44,4.571
2025-05-27 16:00:00,834.32,4.534
2025-05-27 16:30:00,834.13,4.5
2025-05-27 17:00:00,833.69,4.471
2025-05-27 17:30:00,833.19,4.446
2025-05-27 18:00:00,832.71,4.426
2025-05-27 18:30:00,832.32,4.414
2025-05-27 19:00:00,832.01,4.41
2025-05-27 19:30:00,831.62,4.417
2025-05-27 20:00:00,831.54,4.432
2025-05-27 20:30:00,831.13,4.457
2025-05-27 21:00:00,830.87,4.491
2025-05-27 21:30:00,831.43,4.537
2025-05-27 22:00:00,832.37,4.591
2025-05-27 22:30:00,833.49,4.661
2025-05-27 23:00:00,834.77,4.74
2025-05-27 23:30:00,836.16,4.83
2025-05-28 00:00:00,838.24,4.933
2025-05-28 00:30:00,840.31,5.044
2025-05-28 01:00:00,842.0,5.165
2025-05-28 01:30:00,844.02,5.291
2025-05-28 02:00:00,845.51,5.412
2025-05-28 02:30:00,846.74,5.528
2025-05-28 03:00:00,848.92,5.633
2025-05-28 03:30:00,850.5,5.723
2025-05-28 04:00:00,851.51,5.797
2025-05-28 04:30:00,852.5,5.85
2025-05-28 05:00:00,853.13,5.883
2025-05-28 05:30:00,853.58,5.897
2025-05-28 06:00:00,853.27,5.89
2025-05-28 06:30:00,853.01,5.865
2025-05-28 07:00:00,852.72,5.818
2025-05-28 07:30:00,852.07,5.759
2025-05-28 08:00:00,851.89,5.689
2025-05-28 08:30:00,851.11,5.61
2025-05-28 09:00:00,850.25,5.529
2025-05-28 09:30:00,849.46,5.444
2025-05-28 10:00:00,848.43,5.362
2025-05-28 10:30:00,847.26,5.282
2025-05-28 11:00:00,846.58,5.208
2025-05-28 11:30:00,845.76,5.133
2025-05-28 12:00:00,844.7,5.068
2025-05-28 12:30:00,843.38,5.006
2025-05-28 13:00:00,842.76,4.948
2025-05-28 13:30:00,842.0,4.891
2025-05-28 14:00:00,841.31,4.837
2025-05-28 14:30:00,840.69,4.787
2025-05-28 15:00:00,839.82,4.739
2025-05-28 15:30:00,838.96,4.697
2025-05-28 16:00:00,838.05,4.652
2025-05-28 16:30:00,837.43,4.615
2025-05-28 17:00:00,836.92,4.582
2025-05-28 17:30:00,836.29,4.555
2025-05-28 18:00:00,835.82,4.532
2025-05-28 18:30:00,834.94,4.518
2025-05-28 19:00:00,834.22,4.514
2025-05-28 19:30:00,833.86,4.518
2025-05-28 20:00:00,833.21,4.536
2025-05-28 20:30:00,833.04,4.559
2025-05-28 21:00:00,832.86,4.596
2025-05-28 21:30:00,833.46,4.638
2025-05-28 22:00:00,834.18,4.688
2025-05-28 22:30:00,835.17,4.751
2025-05-28 23:00:00,836.85,4.82
2025-05-28 23:30:00,838.46,4.898
2025-05-29 00:00:00,840.84,4.988
2025-05-29 00:30:00,842.37,5.085
2025-05-29 01:00:00,844.22,5.189
2025-05-29 01:30:00,845.64,5.3
2025-05-29 02:00:00,847.36,5.406
2025-05-29 02:30:00,848.68,5.506
2025-05-29 03:00:00,849.84,5.601
2025-05-29 03:30:00,851.05,5.679
2025-05-29 04:00:00,851.73,5.741
2025-05-29 04:30:00,852.81,5.787
2025-05-29 05:00:00,852.7,5.817
2025-05-29 05:30:00,853.31,5.827
2025-05-29 06:00:00,853.09,5.818
2025-05-29 06:30:00,852.75,5.791
2025-05-29 07:00:00,852.35,5.744
2025-05-29 07:30:00,851.91,5.686
2025-05-29 08:00:00,851.03,5.618
2025-05-29 08:30:00,850.4,5.545
2025-05-29 09:00:00,849.44,5.472
2025-05-29 09:30:00,848.61,5.396
2025-05-29 10:00:00,847.67,5.323
2025-05-29 10:30:00,846.91,5.252
2025-05-29 11:00:00,846.08,5.187
2025-05-29 11:30:00,844.92,5.13
2025-05-29 12:00:00,844.09,5.074
2025-05-29 12:30:00,843.18,5.022
2025-05-29 13:00:00,842.76,4.969
2025-05-29 13:30:00,842.16,4.922
2025-05-29 14:00:00,841.15,4.874
2025-05-29 14:30:00,840.55,4.831
2025-05-29 15:00:00,840.1,4.787
2025-05-29 15:30:00,839.41,4.745
2025-05-29 16:00:00,838.81,4.709
2025-05-29 16:30:00,838.47,4.673
2025-05-29 17:00:00,837.79,4.648
2025-05-29 17:30:00,837.27,4.622
2025-05-29 18:00:00,837.08,4.607
2025-05-29 18:30:00,836.78,4.599
2025-05-29 19:00:00,836.11,4.598
2025-05-29 19:30:00,835.74,4.608
2025-05-29 20:00:00,835.65,4.628
2025-05-29 20:30:00,835.64,4.656
2025-05-29 21:00:00,835.71,4.697
2025-05-29 21:30:00,836.28,4.748
2025-05-29 22:00:00,837.31,4.809
2025-05-29 22:30:00,838.97,4.883
2025-05-29 23:00:00,840.66,4.971
2025-05-29 23:30:00,842.23,5.07
2025-05-30 00:00:00,844.51,5.184
2025-05-30 00:30:00,846.38,5.308
2025-05-30 01:00:00,848.29,5.435
2025-05-30 01:30:00,850.75,5.564
2025-05-30 02:00:00,852.53,5.692
2025-05-30 02:30:00,854.57,5.814
2025-05-30 03:00:00,856.33,5.925
2025-05-30 03:30:00,857.71,6.018
2025-05-30 04:00:00,859.07,6.096
2025-05-30 04:30:00,859.62,6.155
2025-05-30 05:00:00,860.2,6.189
2025-05-30 05:30:00,860.47,6.205
2025-05-30 06:00:00,860.46,6.198
2025-05-30 06:30:00,860.26,6.171
2025-05-30 07:00:00,859.91,6.125
2025-05-30 07:30:00,859.33,6.062
2025-05-30 08:00:00,858.78,5.986
2025-05-30 08:30:00,858.31,5.902
2025-05-30 09:00:00,857.48,5.817
2025-05-30 09:30:00,856.61,5.73
2025-05-30 10:00:00,855.6,5.645
2025-05-30 10:30:00,854.91,5.564
2025-05-30 11:00:00,853.49,5.485
2025-05-30 11:30:00,853.07,5.414
2025-05-30 12:00:00,851.89,5.348
2025-05-30 12:30:00,851.15,5.285
2025-05-30 13:00:00,850.41,5.225
2025-05-30 13:30:00,849.41,5.171
2025-05-30 14:00:00,848.5,5.119
2025-05-30 14:30:00,848.0,5.071
2025-05-30 15:00:00,847.48,5.028
2025-05-30 15:30:00,846.79,4.985
2025-05-30 16:00:00,845.94,4.947
2025-05-30 16:30:00,845.5,4.914
2025-05-30 17:00:00,844.75,4.884
2025-05-30 17:30:00,844.2,4.86
2025-05-30 18:00:00,843.64,4.844
2025-05-30 18:30:00,842.99,4.842
2025-05-30 19:00:00,842.58,4.843
2025-05-30 19:30:00,842.01,4.857
2025-05-30 20:00:00,842.01,4.882
2025-05-30 20:30:00,841.97,4.916
2025-05-30 21:00:00,842.5,4.962
2025-05-30 21:30:00,843.35,5.015
2025-05-30 22:00:00,844.61,5.084
2025-05-30 22:30:00,846.0,5.164
2025-05-30 23:00:00,848.33,5.26
2025-05-30 23:30:00,850.22,5.372
2025-05-31 00:00:00,852.21,5.499
2025-05-31 00:30:00,854.57,5.634
2025-05-31 01:00:00,856.78,5.783
2025-05-31 01:30:00,858.81,5.933
2025-05-31 02:00:00,860.73,6.08
2025-05-31 02:30:00,862.28,6.215
2025-05-31 03:00:00,863.54,6.328
2025-05-31 03:30:00,864.91,6.426
2025-05-31 04:00:00,865.93,6.502
2025-05-31 04:30:00,866.53,6.556
2025-05-31 05:00:00,867.52,6.592
2025-05-31 05:30:00,867.32,6.599
2025-05-31 06:00:00,867.28,6.58
2025-05-31 06:30:00,866.31,6.542
2025-05-31 07:00:00,865.94,6.484
2025-05-31 07:30:00,865.29,6.41
2025-05-31 08:00:00,864.88,6.328
2025-05-31 08:30:00,864.1,6.24
2025-05-31 09:00:00,863.08,6.153
2025-05-31 09:30:00,862.11,6.06
2025-05-31 10:00:00,860.89,5.972
2025-05-31 10:30:00,859.44,5.887
2025-05-31 11:00:00,858.51,5.803
2025-05-31 11:30:00,857.03,5.724
2025-05-31 12:00:00,856.28,5.649
2025-05-31 12:30:00,854.99,5.581
2025-05-31 13:00:00,854.28,5.513
2025-05-31 13:30:00,853.21,5.452
2025-05-31 14:00:00,852.31,5.397
2025-05-31 14:30:00,851.35,5.343
2025-05-31 15:00:00,850.51,5.294
2025-05-31 15:30:00,849.67,5.248
2025-05-31 16:00:00,848.63,5.208
2025-05-31 16:30:00,848.27,5.172
2025-05-31 17:00:00,846.83,5.142
2025-05-31 17:30:00,846.1,5.12
2025-05-31 18:00:00,845.64,5.11
2025-05-31 18:30:00,844.66,5.106
2025-05-31 19:00:00,844.17,5.112
2025-05-31 19:30:00,843.59,5.123
2025-05-31 20:00:00,843.79,5.143
2025-05-31 20:30:00,844.47,5.172
2025-05-31 21:00:00,845.17,5.211
2025-05-31 21:30:00,847.01,5.259
2025-05-31 22:00:00,849.59,5.315
2025-05-31 22:30:00,852.69,5.382
2025-05-31 23:00:00,859.42,5.461
2025-05-31 23:30:00,868.59,5.555
2025-06-01 00:00:00,874.92,5.669
2025-06-01 00:30:00,876.35,5.786
2025-06-01 01:00:00,876.13,5.88
2025-06-01 01:30:00,875.18,5.947
2025-06-01 02:00:00,875.25,5.998
2025-06-01 02:30:00,874.41,6.038
2025-06-01 03:00:00,874.31,6.07
2025-06-01 03:30:00,872.81,6.099
2025-06-01 04:00:00,871.97,6.122
2025-06-01 04:30:00,870.85,6.138
2025-06-01 05:00:00,869.79,6.149
2025-06-01 05:30:00,868.64,6.147
2025-06-01 06:00:00,867.49,6.138
2025-06-01 06:30:00,866.76,6.115
2025-06-01 07:00:00,865.42,6.087
2025-06-01 07:30:00,864.39,6.052
2025-06-01 08:00:00,862.86,6.01
2025-06-01 08:30:00,861.93,5.963
2025-06-01 09:00:00,860.74,5.915
2025-06-01 09:30:00,859.2,5.862
2025-06-01 10:00:00,858.1,5.809
2025-06-01 10:30:00,856.73,5.755
2025-06-01 11:00:00,855.42,5.702
2025-06-01 11:30:00,854.47,5.652
2025-06-01 12:00:00,853.1,5.601
2025-06-01 12:30:00,852.11,5.552
2025-06-01 13:00:00,851.4,5.505
2025-06-01 13:30:00,850.44,5.462
2025-06-01 14:00:00,849.69,5.419
2025-06-01 14:30:00,848.11,5.379
2025-06-01 15:00:00,847.16,5.34
2025-06-01 15:30:00,846.51,5.307
2025-06-01 16:00:00,845.61,5.278
2025-06-01 16:30:00,844.63,5.254
2025-06-01 17:00:00,843.78,5.232
2025-06-01 17:30:00,842.95,5.221
2025-06-01 18:00:00,842.17,5.214
2025-06-01 18:30:00,841.49,5.214
2025-06-01 19:00:00,840.67,5.223
2025-06-01 19:30:00,840.36,5.237
2025-06-01 20:00:00,839.31,5.261
2025-06-01 20:30:00,839.53,5.288
2025-06-01 21:00:00,839.56,5.327
2025-06-01 21:30:00,840.17,5.373
2025-06-01 22:00:00,841.52,5.428
2025-06-01 22:30:00,842.69,5.494
2025-06-01 23:00:00,844.06,5.57
2025-06-01 23:30:00,846.3,5.661
2025-06-02 00:00:00,847.99,5.766
2025-06-02 00:30:00,849.53,5.884
2025-06-02 01:00:00,851.73,6.01
2025-06-02 01:30:00,853.5,6.139
2025-06-02 02:00:00,854.82,6.272
2025-06-02 02:30:00,856.46,6.399
2025-06-02 03:00:00,857.56,6.514
2025-06-02 03:30:00,858.56,6.612
2025-06-02 04:00:00,859.47,6.696
2025-06-02 04:30:00,860.36,6.763
2025-06-02 05:00:00,861.08,6.804
2025-06-02 05:30:00,861.57,6.827
2025-06-02 06:00:00,861.14,6.827
2025-06-02 06:30:00,861.15,6.807
2025-06-02 07:00:00,860.7,6.766
2025-06-02 07:30:00,859.87,6.714
2025-06-02 08:00:00,859.64,6.645
2025-06-02 08:30:00,858.52,6.569
2025-06-02 09:00:00,857.62,6.483
2025-06-02 09:30:00,856.48,6.398
2025-06-02 10:00:00,855.17,6.306
2025-06-02 10:30:00,853.65,6.219
2025-06-02 11:00:00,852.46,6.13
2025-06-02 11:30:00,851.38,6.047
2025-06-02 12:00:00,850.08,5.963
2025-06-02 12:30:00,848.85,5.885
2025-06-02 13:00:00,847.85,5.811
2025-06-02 13:30:00,846.62,5.744
2025-06-02 14:00:00,845.58,5.678
2025-06-02 14:30:00,844.42,5.62
2025-06-02 15:00:00,843.83,5.564
2025-06-02 15:30:00,842.81,5.515
2025-06-02 16:00:00,841.95,5.472
2025-06-02 16:30:00,841.13,5.435
2025-06-02 17:00:00,840.49,5.401
2025-06-02 17:30:00,839.88,5.375
2025-06-02 18:00:00,838.77,5.357
2025-06-02 18:30:00,838.36,5.352
2025-06-02 19:00:00,837.86,5.351
2025-06-02 19:30:00,837.3,5.362
2025-06-02 20:00:00,836.92,5.378
2025-06-02 20:30:00,836.65,5.401
2025-06-02 21:00:00,836.54,5.427
2025-06-02 21:30:00,836.94,5.462
2025-06-02 22:00:00,837.59,5.499
2025-06-02 22:30:00,838.76,5.547
2025-06-02 23:00:00,840.0,5.6
2025-06-02 23:30:00,841.16,5.655
2025-06-03 00:00:00,843.09,5.716
2025-06-03 00:30:00,844.96,5.779
2025-06-03 01:00:00,846.23,5.845
2025-06-03 01:30:00,846.86,5.908
2025-06-03 02:00:00,848.83,5.972
2025-06-03 02:30:00,849.43,6.037
2025-06-03 03:00:00,849.96,6.1
2025-06-03 03:30:00,850.89,6.161
2025-06-03 04:00:00,852.05,6.217
2025-06-03 04:30:00,852.49,6.268
2025-06-03 05:00:00,853.41,6.311
2025-06-03 05:30:00,853.55,6.347
2025-06-03 06:00:00,853.35,6.368
2025-06-03 06:30:00,853.23,6.377
2025-06-03 07:00:00,852.48,6.37
2025-06-03 07:30:00,852.49,6.343
2025-06-03 08:00:00,851.77,6.304
2025-06-03 08:30:00,850.81,6.25
2025-06-03 09:00:00,849.77,6.193
2025-06-03 09:30:00,849.11,6.133
2025-06-03 10:00:00,847.91,6.07
2025-06-03 10:30:00,846.89,6.005
2025-06-03 11:00:00,845.71,5.942
2025-06-03 11:30:00,845.06,5.883
2025-06-03 12:00:00,843.94,5.825
2025-06-03 12:30:00,843.3,5.768
2025-06-03 13:00:00,842.3,5.71
2025-06-03 13:30:00,841.36,5.658
2025-06-03 14:00:00,840.76,5.608
2025-06-03 14:30:00,839.6,5.561
2025-06-03 15:00:00,838.94,5.517
2025-06-03 15:30:00,838.22,5.476
2025-06-03 16:00:00,837.59,5.438
2025-06-03 16:30:00,837.0,5.405
2025-06-03 17:00:00,836.29,5.378
2025-06-03 17:30:00,835.69,5.357
2025-06-03 18:00:00,835.05,5.345
2025-06-03 18:30:00,834.49,5.338
2025-06-03 19:00:00,833.98,5.341
2025-06-03 19:30:00,833.63,5.354
2025-06-03 20:00:00,832.8,5.372
2025-06-03 20:30:00,832.91,5.401
2025-06-03 21:00:00,832.79,5.435
2025-06-03 21:30:00,833.0,5.48
2025-06-03 22:00:00,833.92,5.533
2025-06-03 22:30:00,834.79,5.595
2025-06-03 23:00:00,835.75,5.669
2025-06-03 23:30:00,837.18,5.753
2025-06-04 00:00:00,838.67,5.845
2025-06-04 00:30:00,839.84,5.945
2025-06-04 01:00:00,841.35,6.054
2025-06-04 01:30:00,842.88,6.169
2025-06-04 02:00:00,844.68,6.285
2025-06-04 02:30:00,845.91,6.403
2025-06-04 03:00:00,847.27,6.517
2025-06-04 03:30:00,848.35,6.628
2025-06-04 04:00:00,849.38,6.728
2025-06-04 04:30:00,850.08,6.819
2025-06-04 05:00:00,850.48,6.895
2025-06-04 05:30:00,850.35,6.949
2025-06-04 06:00:00,850.43,6.989
2025-06-04 06:30:00,850.5,7.014
2025-06-04 07:00:00,850.2,7.02
2025-06-04 07:30:00,850.1,7.007
2025-06-04 08:00:00,849.21,6.979
2025-06-04 08:30:00,848.17,6.935
2025-06-04 09:00:00,847.41,6.878
2025-06-04 09:30:00,846.39,6.815
2025-06-04 10:00:00,845.2,6.743
2025-06-04 10:30:00,844.64,6.667
2025-06-04 11:00:00,843.23,6.591
2025-06-04 11:30:00,842.11,6.513
2025-06-04 12:00:00,841.19,6.437
2025-06-04 12:30:00,840.01,6.361
2025-06-04 13:00:00,839.35,6.289
2025-06-04 13:30:00,838.15,6.22
2025-06-04 14:00:00,837.09,6.153
2025-06-04 14:30:00,836.39,6.089
2025-06-04 15:00:00,835.33,6.026
2025-06-04 15:30:00,835.05,5.971
2025-06-04 16:00:00,834.03,5.919
2025-06-04 16:30:00,833.34,5.875
2025-06-04 17:00:00,832.46,5.836
2025-06-04 17:30:00,832.1,5.804
2025-06-04 18:00:00,831.48,5.784
2025-06-04 18:30:00,830.68,5.767
2025-06-04 19:00:00,830.39,5.761
2025-06-04 19:30:00,829.98,5.761
2025-06-04 20:00:00,829.09,5.77
2025-06-04 20:30:00,828.84,5.78
2025-06-04 21:00:00,828.82,5.798
2025-06-04 21:30:00,829.04,5.821
2025-06-04 22:00:00,829.08,5.845
2025-06-04 22:30:00,829.35,5.873
2025-06-04 23:00:00,830.14,5.905
2025-06-04 23:30:00,831.3,5.941
2025-06-05 00:00:00,832.39,5.973
2025-06-05 00:30:00,832.96,6.011
2025-06-05 01:00:00,832.92,6.045
2025-06-05 01:30:00,833.16,6.078
2025-06-05 02:00:00,833.84,6.105
2025-06-05 02:30:00,834.09,6.137
2025-06-05 03:00:00,834.91,6.162
2025-06-05 03:30:00,834.87,6.189
2025-06-05 04:00:00,835.35,6.21
2025-06-05 04:30:00,835.84,6.229
2025-06-05 05:00:00,836.33,6.244
2025-06-05 05:30:00,835.94,6.254
2025-06-05 06:00:00,835.82,6.259
2025-06-05 06:30:00,835.62,6.261
2025-06-05 07:00:00,835.31,6.253
2025-06-05 07:30:00,834.39,6.24
2025-06-05 08:00:00,833.96,6.22
2025-06-05 08:30:00,833.72,6.193
2025-06-05 09:00:00,833.07,6.163
2025-06-05 09:30:00,832.24,6.13
2025-06-05 10:00:00,831.7,6.089
2025-06-05 10:30:00,831.0,6.048
2025-06-05 11:00:00,830.4,6.007
2025-06-05 11:30:00,830.12,5.962
2025-06-05 12:00:00,829.32,5.918
2025-06-05 12:30:00,828.98,5.873
2025-06-05 13:00:00,828.42,5.827
2025-06-05 13:30:00,828.03,5.784
2025-06-05 14:00:00,827.54,5.742
2025-06-05 14:30:00,827.08,5.698
2025-06-05 15:00:00,826.62,5.658
2025-06-05 15:30:00,826.37,5.62
2025-06-05 16:00:00,825.85,5.586
2025-06-05 16:30:00,825.39,5.558
2025-06-05 17:00:00,825.1,5.534
2025-06-05 17:30:00,824.34,5.513
2025-06-05 18:00:00,824.18,5.501
2025-06-05 18:30:00,824.07,5.495
2025-06-05 19:00:00,823.67,5.497
2025-06-05 19:30:00,823.38,5.504
2025-06-05 20:00:00,823.06,5.517
2025-06-05 20:30:00,822.58,5.534
2025-06-05 21:00:00,822.61,5.559
2025-06-05 21:30:00,823.3,5.587
2025-06-05 22:00:00,823.54,5.622
2025-06-05 22:30:00,824.41,5.661
2025-06-05 23:00:00,825.27,5.705
2025-06-05 23:30:00,826.34,5.753
2025-06-06 00:00:00,827.15,5.807
2025-06-06 00:30:00,828.67,5.863
2025-06-06 01:00:00,829.71,5.921
2025-06-06 01:30:00,830.64,5.985
2025-06-06 02:00:00,831.46,6.052
2025-06-06 02:30:00,832.8,6.118
2025-06-06 03:00:00,834.21,6.184
2025-06-06 03:30:00,835.39,6.251
2025-06-06 04:00:00,836.49,6.316
2025-06-06 04:30:00,837.31,6.377
2025-06-06 05:00:00,837.88,6.43
2025-06-06 05:30:00,838.07,6.479
2025-06-06 06:00:00,838.51,6.523
2025-06-06 06:30:00,838.08,6.557
2025-06-06 07:00:00,837.6,6.578
2025-06-06 07:30:00,837.36,6.59
2025-06-06 08:00:00,836.78,6.589
2025-06-06 08:30:00,836.24,6.578
2025-06-06 09:00:00,835.38,6.552
2025-06-06 09:30:00,834.9,6.522
2025-06-06 10:00:00,834.13,6.485
2025-06-06 10:30:00,833.41,6.439
2025-06-06 11:00:00,832.88,6.392
2025-06-06 11:30:00,832.09,6.341
2025-06-06 12:00:00,831.81,6.29
2025-06-06 12:30:00,831.05,6.237
2025-06-06 13:00:00,830.59,6.185
2025-06-06 13:30:00,830.12,6.131
2025-06-06 14:00:00,829.84,6.08
2025-06-06 14:30:00,829.68,6.03
2025-06-06 15:00:00,829.0,5.981
2025-06-06 15:30:00,828.42,5.933
2025-06-06 16:00:00,828.05,5.894
2025-06-06 16:30:00,827.98,5.86
2025-06-06 17:00:00,827.46,5.831
2025-06-06 17:30:00,827.12,5.812
2025-06-06 18:00:00,826.61,5.797
2025-06-06 18:30:00,826.51,5.79
2025-06-06 19:00:00,826.1,5.792
2025-06-06 19:30:00,825.61,5.802
2025-06-06 20:00:00,825.42,5.82
2025-06-06 20:30:00,825.32,5.841
2025-06-06 21:00:00,825.34,5.871
2025-06-06 21:30:00,825.91,5.908
2025-06-06 22:00:00,827.9,5.952
2025-06-06 22:30:00,830.38,6.002
2025-06-06 23:00:00,831.16,6.056
2025-06-06 23:30:00,832.22,6.114
2025-06-07 00:00:00,833.82,6.179
2025-06-07 00:30:00,834.83,6.242
2025-06-07 01:00:00,836.59,6.311
2025-06-07 01:30:00,838.33,6.374
2025-06-07 02:00:00,841.52,6.441
2025-06-07 02:30:00,844.24,6.505
2025-06-07 03:00:00,845.85,6.568
2025-06-07 03:30:00,845.94,6.621
2025-06-07 04:00:00,846.08,6.661
2025-06-07 04:30:00,846.44,6.69
2025-06-07 05:00:00,846.46,6.708
2025-06-07 05:30:00,845.98,6.721
2025-06-07 06:00:00,845.38,6.726
2025-06-07 06:30:00,845.03,6.723
2025-06-07 07:00:00,843.97,6.71
2025-06-07 07:30:00,843.22,6.691
2025-06-07 08:00:00,842.23,6.666
2025-06-07 08:30:00,841.38,6.632
2025-06-07 09:00:00,840.82,6.594
2025-06-07 09:30:00,839.72,6.552
2025-06-07 10:00:00,838.86,6.508
2025-06-07 10:30:00,838.07,6.462
2025-06-07 11:00:00,837.37,6.411
2025-06-07 11:30:00,836.84,6.362
2025-06-07 12:00:00,836.05,6.313
2025-06-07 12:30:00,835.28,6.26
2025-06-07 13:00:00,834.93,6.213
2025-06-07 13:30:00,834.37,6.16
2025-06-07 14:00:00,833.98,6.112
2025-06-07 14:30:00,833.78,6.064
2025-06-07 15:00:00,832.94,6.015
2025-06-07 15:30:00,832.66,5.971
2025-06-07 16:00:00,832.44,5.932
2025-06-07 16:30:00,831.83,5.899
2025-06-07 17:00:00,831.38,5.87
2025-06-07 17:30:00,831.01,5.851
2025-06-07 18:00:00,830.45,5.838
2025-06-07 18:30:00,830.11,5.832
2025-06-07 19:00:00,829.52,5.838
2025-06-07 19:30:00,829.34,5.847
2025-06-07 20:00:00,829.07,5.866
2025-06-07 20:30:00,828.54,5.891
2025-06-07 21:00:00,828.22,5.925
2025-06-07 21:30:00,828.99,5.966
2025-06-07 22:00:00,829.92,6.017
2025-06-07 22:30:00,830.86,6.074
2025-06-07 23:00:00,831.99,6.139
2025-06-07 23:30:00,833.37,6.215
2025-06-08 00:00:00,834.8,6.298
2025-06-08 00:30:00,836.26,6.391
2025-06-08 01:00:00,838.36,6.489
2025-06-08 01:30:00,841.94,6.593
2025-06-08 02:00:00,845.08,6.708
2025-06-08 02:30:00,846.76,6.828
2025-06-08 03:00:00,847.8,6.941
2025-06-08 03:30:00,848.32,7.042
2025-06-08 04:00:00,848.43,7.128
2025-06-08 04:30:00,849.43,7.193
2025-06-08 05:00:00,849.48,7.248
2025-06-08 05:30:00,849.75,7.288
2025-06-08 06:00:00,849.46,7.323
2025-06-08 06:30:00,849.11,7.347
2025-06-08 07:00:00,848.96,7.366
2025-06-08 07:30:00,848.43,7.37
2025-06-08 08:00:00,848.05,7.369
2025-06-08 08:30:00,847.38,7.354
2025-06-08 09:00:00,847.22,7.331
2025-06-08 09:30:00,846.49,7.297
2025-06-08 10:00:00,845.64,7.255
2025-06-08 10:30:00,844.47,7.204
2025-06-08 11:00:00,843.67,7.143
2025-06-08 11:30:00,843.12,7.083
2025-06-08 12:00:00,842.03,7.017
2025-06-08 12:30:00,841.41,6.951
2025-06-08 13:00:00,840.78,6.884
2025-06-08 13:30:00,839.97,6.818
2025-06-08 14:00:00,839.14,6.75
2025-06-08 14:30:00,838.35,6.69
2025-06-08 15:00:00,837.93,6.63
2025-06-08 15:30:00,837.16,6.576
2025-06-08 16:00:00,836.51,6.523
2025-06-08 16:30:00,835.86,6.482
2025-06-08 17:00:00,835.15,6.448
2025-06-08 17:30:00,834.56,6.42
2025-06-08 18:00:00,834.21,6.401
2025-06-08 18:30:00,833.78,6.389
2025-06-08 19:00:00,832.79,6.388
2025-06-08 19:30:00,832.4,6.393
2025-06-08 20:00:00,831.99,6.408
2025-06-08 20:30:00,831.69,6.428
2025-06-08 21:00:00,832.3,6.457
2025-06-08 21:30:00,832.93,6.493
2025-06-08 22:00:00,834.6,6.538
2025-06-08 22:30:00,835.55,6.588
2025-06-08 23:00:00,836.78,6.645
2025-06-08 23:30:00,837.22,6.704
2025-06-09 00:00:00,838.17,6.768
2025-06-09 00:30:00,838.76,6.832
2025-06-09 01:00:00,839.52,6.9
2025-06-09 01:30:00,840.32,6.965
2025-06-09 02:00:00,841.13,7.029
2025-06-09 02:30:00,841.89,7.095
2025-06-09 03:00:00,842.6,7.154
2025-06-09 03:30:00,843.36,7.209
2025-06-09 04:00:00,843.89,7.257
2025-06-09 04:30:00,844.18,7.299
2025-06-09 05:00:00,844.58,7.334
2025-06-09 05:30:00,844.64,7.359
2025-06-09 06:00:00,844.36,7.377
2025-06-09 06:30:00,843.67,7.381
2025-06-09 07:00:00,843.25,7.376
2025-06-09 07:30:00,842.74,7.358
2025-06-09 08:00:00,842.23,7.326
2025-06-09 08:30:00,841.7,7.291
2025-06-09 09:00:00,841.07,7.241
2025-06-09 09:30:00,840.74,7.19
2025-06-09 10:00:00,840.01,7.13
2025-06-09 10:30:00,839.24,7.072
2025-06-09 11:00:00,838.12,7.011
2025-06-09 11:30:00,837.78,6.95
2025-06-09 12:00:00,837.13,6.893
2025-06-09 12:30:00,836.32,6.829
2025-06-09 13:00:00,835.73,6.772
2025-06-09 13:30:00,835.2,6.714
2025-06-09 14:00:00,834.42,6.655
2025-06-09 14:30:00,834.02,6.6
2025-06-09 15:00:00,833.21,6.547
2025-06-09 15:30:00,832.87,6.499
2025-06-09 16:00:00,832.18,6.455
2025-06-09 16:30:00,831.72,6.42
2025-06-09 17:00:00,831.34,6.388
2025-06-09 17:30:00,830.7,6.365
2025-06-09 18:00:00,830.42,6.35
2025-06-09 18:30:00,830.11,6.346
2025-06-09 19:00:00,829.65,6.348
2025-06-09 19:30:00,829.11,6.358
2025-06-09 20:00:00,828.94,6.374
2025-06-09 20:30:00,828.31,6.398
2025-06-09 21:00:00,828.6,6.431
2025-06-09 21:30:00,828.58,6.474
2025-06-09 22:00:00,828.99,6.522
2025-06-09 22:30:00,829.86,6.578
2025-06-09 23:00:00,830.11,6.645
2025-06-09 23:30:00,830.79,6.722
2025-06-10 00:00:00,832.12,6.805
2025-06-10 00:30:00,833.09,6.894
2025-06-10 01:00:00,834.35,6.99
2025-06-10 01:30:00,836.29,7.095
2025-06-10 02:00:00,838.05,7.201
2025-06-10 02:30:00,840.04,7.314
2025-06-10 03:00:00,842.15,7.426
2025-06-10 03:30:00,843.66,7.538
2025-06-10 04:00:00,844.69,7.646
2025-06-10 04:30:00,846.06,7.744
2025-06-10 05:00:00,847.01,7.834
2025-06-10 05:30:00,847.42,7.917
2025-06-10 06:00:00,847.89,7.986
2025-06-10 06:30:00,847.85,8.047
2025-06-10 07:00:00,848.21,8.093
2025-06-10 07:30:00,848.28,8.126
2025-06-10 08:00:00,847.8,8.14
2025-06-10 08:30:00,847.59,8.138
2025-06-10 09:00:00,846.94,8.124
2025-06-10 09:30:00,846.3,8.085
2025-06-10 10:00:00,845.69,8.042
2025-06-10 10:30:00,844.24,7.984
2025-06-10 11:00:00,843.59,7.92
2025-06-10 11:30:00,842.43,7.847
2025-06-10 12:00:00,841.33,7.773
2025-06-10 12:30:00,840.42,7.697
2025-06-10 13:00:00,839.98,7.622
2025-06-10 13:30:00,838.83,7.547
2025-06-10 14:00:00,838.16,7.473
2025-06-10 14:30:00,837.6,7.404
2025-06-10 15:00:00,836.51,7.337
2025-06-10 15:30:00,835.91,7.277
2025-06-10 16:00:00,835.38,7.223
2025-06-10 16:30:00,834.81,7.178
2025-06-10 17:00:00,833.76,7.139
2025-06-10 17:30:00,833.09,7.112
2025-06-10 18:00:00,832.69,7.093
2025-06-10 18:30:00,832.29,7.083
2025-06-10 19:00:00,831.97,7.079
2025-06-10 19:30:00,831.42,7.085
2025-06-10 20:00:00,830.76,7.099
2025-06-10 20:30:00,830.46,7.119
2025-06-10 21:00:00,830.51,7.151
2025-06-10 21:30:00,830.45,7.192
2025-06-10 22:00:00,831.19,7.245
2025-06-10 22:30:00,831.78,7.304
2025-06-10 23:00:00,832.78,7.377
2025-06-10 23:30:00,833.94,7.461
2025-06-11 00:00:00,835.15,7.557
2025-06-11 00:30:00,836.27,7.659
2025-06-11 01:00:00,837.89,7.774
2025-06-11 01:30:00,839.25,7.897
2025-06-11 02:00:00,841.34,8.026
2025-06-11 02:30:00,843.03,8.161
2025-06-11 03:00:00,844.4,8.29
2025-06-11 03:30:00,845.8,8.416
2025-06-11 04:00:00,846.62,8.533
2025-06-11 04:30:00,847.84,8.639
2025-06-11 05:00:00,848.3,8.729
2025-06-11 05:30:00,849.01,8.805
2025-06-11 06:00:00,849.31,8.866
2025-06-11 06:30:00,849.27,8.909
2025-06-11 07:00:00,849.02,8.932
2025-06-11 07:30:00,848.79,8.932
2025-06-11 08:00:00,848.21,8.911
2025-06-11 08:30:00,847.65,8.87
2025-06-11 09:00:00,846.55,8.815
2025-06-11 09:30:00,845.68,8.742
2025-06-11 10:00:00,844.95,8.658
2025-06-11 10:30:00,843.71,8.568
2025-06-11 11:00:00,842.81,8.47
2025-06-11 11:30:00,841.61,8.369
2025-06-11 12:00:00,840.7,8.273
2025-06-11 12:30:00,839.87,8.171
2025-06-11 13:00:00,839.16,8.077
2025-06-11 13:30:00,838.01,7.981
2025-06-11 14:00:00,836.61,7.891
2025-06-11 14:30:00,835.95,7.802
2025-06-11 15:00:00,835.21,7.717
2025-06-11 15:30:00,834.24,7.637
2025-06-11 16:00:00,833.29,7.565
2025-06-11 16:30:00,832.68,7.5
2025-06-11 17:00:00,831.7,7.444
2025-06-11 17:30:00,830.76,7.399
2025-06-11 18:00:00,830.65,7.364
2025-06-11 18:30:00,830.19,7.34
2025-06-11 19:00:00,829.67,7.327
2025-06-11 19:30:00,829.01,7.321
2025-06-11 20:00:00,828.52,7.326
2025-06-11 20:30:00,827.93,7.337
2025-06-11 21:00:00,828.01,7.359
2025-06-11 21:30:00,827.41,7.388
2025-06-11 22:00:00,826.83,7.424
2025-06-11 22:30:00,826.45,7.468
2025-06-11 23:00:00,826.46,7.515
2025-06-11 23:30:00,826.66,7.57
2025-06-12 00:00:00,827.13,7.631
2025-06-12 00:30:00,827.59,7.7
2025-06-12 01:00:00,828.31,7.773
2025-06-12 01:30:00,828.99,7.846
2025-06-12 02:00:00,829.51,7.923
2025-06-12 02:30:00,830.58,8.004
2025-06-12 03:00:00,831.26,8.082
2025-06-12 03:30:00,832.7,8.16
2025-06-12 04:00:00,833.97,8.236
2025-06-12 04:30:00,835.2,8.306
2025-06-12 05:00:00,836.15,8.373
2025-06-12 05:30:00,836.81,8.433
2025-06-12 06:00:00,837.19,8.481
2025-06-12 06:30:00,837.21,8.521
2025-06-12 07:00:00,837.16,8.55
2025-06-12 07:30:00,836.97,8.568
2025-06-12 08:00:00,836.69,8.575
2025-06-12 08:30:00,836.24,8.568
2025-06-12 09:00:00,835.73,8.545
2025-06-12 09:30:00,834.86,8.507
2025-06-12 10:00:00,834.09,8.457
2025-06-12 10:30:00,833.24,8.395
2025-06-12 11:00:00,832.57,8.325
2025-06-12 11:30:00,832.16,8.252
2025-06-12 12:00:00,831.15,8.171
2025-06-12 12:30:00,830.59,8.088
2025-06-12 13:00:00,830.07,8.004
2025-06-12 13:30:00,829.21,7.917
2025-06-12 14:00:00,828.57,7.831
2025-06-12 14:30:00,827.88,7.744
2025-06-12 15:00:00,827.23,7.663
2025-06-12 15:30:00,826.54,7.583
2025-06-12 16:00:00,825.95,7.512
2025-06-12 16:30:00,825.06,7.448
2025-06-12 17:00:00,824.47,7.395
2025-06-12 17:30:00,824.19,7.351
2025-06-12 18:00:00,823.56,7.318
2025-06-12 18:30:00,823.33,7.295
2025-06-12 19:00:00,822.62,7.281
2025-06-12 19:30:00,822.43,7.279
2025-06-12 20:00:00,822.24,7.287
2025-06-12 20:30:00,821.85,7.299
2025-06-12 21:00:00,821.18,7.32
2025-06-12 21:30:00,821.26,7.351
2025-06-12 22:00:00,820.91,7.382
2025-06-12 22:30:00,820.59,7.424
2025-06-12 23:00:00,820.19,7.469
2025-06-12 23:30:00,819.98,7.519
2025-06-13 00:00:00,820.18,7.576
2025-06-13 00:30:00,820.41,7.631
2025-06-13 01:00:00,820.87,7.692
2025-06-13 01:30:00,821.01,7.753
2025-06-13 02:00:00,821.54,7.815
2025-06-13 02:30:00,822.29,7.879
2025-06-13 03:00:00,822.62,7.94
2025-06-13 03:30:00,823.61,8.002
2025-06-13 04:00:00,824.4,8.059
2025-06-13 04:30:00,825.2,8.117
2025-06-13 05:00:00,826.28,8.166
2025-06-13 05:30:00,827.03,8.212
2025-06-13 06:00:00,827.93,8.255
2025-06-13 06:30:00,828.18,8.291
2025-06-13 07:00:00,828.62,8.313
2025-06-13 07:30:00,828.76,8.334
2025-06-13 08:00:00,828.95,8.345
2025-06-13 08:30:00,828.71,8.347
2025-06-13 09:00:00,828.42,8.34
2025-06-13 09:30:00,827.94,8.321
2025-06-13 10:00:00,827.64,8.292
2025-06-13 10:30:00,826.86,8.25
2025-06-13 11:00:00,826.07,8.202
2025-06-13 11:30:00,825.66,8.141
2025-06-13 12:00:00,825.0,8.078
2025-06-13 12:30:00,824.63,8.008
2025-06-13 13:00:00,824.04,7.937
2025-06-13 13:30:00,823.54,7.864
2025-06-13 14:00:00,823.03,7.787
2025-06-13 14:30:00,822.61,7.712
2025-06-13 15:00:00,821.75,7.637
2025-06-13 15:30:00,821.38,7.568
2025-06-13 16:00:00,821.21,7.505
2025-06-13 16:30:00,820.76,7.447
2025-06-13 17:00:00,820.51,7.4
2025-06-13 17:30:00,820.18,7.36
2025-06-13 18:00:00,819.56,7.33
2025-06-13 18:30:00,819.53,7.31
2025-06-13 19:00:00,819.01,7.301
2025-06-13 19:30:00,818.83,7.3
2025-06-13 20:00:00,818.53,7.307
2025-06-13 20:30:00,818.17,7.325
2025-06-13 21:00:00,818.27,7.346
2025-06-13 21:30:00,817.87,7.375
2025-06-13 22:00:00,817.5,7.409
2025-06-13 22:30:00,817.48,7.451
2025-06-13 23:00:00,816.88,7.497
2025-06-13 23:30:00,816.88,7.549
2025-06-14 00:00:00,816.82,7.603
2025-06-14 00:30:00,817.11,7.657
2025-06-14 01:00:00,817.1,7.715
2025-06-14 01:30:00,817.42,7.775
2025-06-14 02:00:00,817.73,7.836
2025-06-14 02:30:00,818.12,7.9
2025-06-14 03:00:00,818.6,7.96
2025-06-14 03:30:00,819.52,8.016
2025-06-14 04:00:00,820.19,8.072
2025-06-14 04:30:00,820.86,8.125
2025-06-14 05:00:00,822.01,8.174
2025-06-14 05:30:00,822.83,8.219
2025-06-14 06:00:00,823.34,8.258
2025-06-14 06:30:00,823.94,8.295
2025-06-14 07:00:00,824.41,8.322
2025-06-14 07:30:00,824.52,8.341
2025-06-14 08:00:00,824.67,8.353
2025-06-14 08:30:00,824.77,8.355
2025-06-14 09:00:00,824.47,8.353
2025-06-14 09:30:00,824.28,8.341
2025-06-14 10:00:00,824.05,8.325
2025-06-14 10:30:00,823.72,8.299
2025-06-14 11:00:00,823.41,8.263
2025-06-14 11:30:00,822.9,8.218
2025-06-14 12:00:00,822.73,8.167
2025-06-14 12:30:00,822.35,8.11
2025-06-14 13:00:00,821.97,8.048
2025-06-14 13:30:00,821.6,7.982
2025-06-14 14:00:00,821.4,7.916
2025-06-14 14:30:00,820.81,7.85
2025-06-14 15:00:00,820.48,7.784
2025-06-14 15:30:00,820.37,7.72
2025-06-14 16:00:00,819.73,7.665
2025-06-14 16:30:00,819.48,7.615
2025-06-14 17:00:00,818.81,7.578
2025-06-14 17:30:00,818.96,7.547
2025-06-14 18:00:00,818.46,7.528
2025-06-14 18:30:00,818.37,7.516
2025-06-14 19:00:00,818.04,7.515
2025-06-14 19:30:00,817.74,7.521
2025-06-14 20:00:00,817.7,7.536
2025-06-14 20:30:00,817.44,7.556
2025-06-14 21:00:00,817.19,7.584
2025-06-14 21:30:00,816.98,7.618
2025-06-14 22:00:00,817.06,7.658
2025-06-14 22:30:00,816.97,7.703
2025-06-14 23:00:00,816.61,7.752
2025-06-14 23:30:00,816.47,7.808
2025-06-15 00:00:00,816.73,7.863
2025-06-15 00:30:00,816.8,7.922
2025-06-15 01:00:00,817.01,7.984
2025-06-15 01:30:00,817.34,8.049
2025-06-15 02:00:00,817.83,8.11
2025-06-15 02:30:00,818.09,8.172
2025-06-15 03:00:00,818.55,8.234
2025-06-15 03:30:00,818.98,8.293
2025-06-15 04:00:00,819.63,8.349
2025-06-15 04:30:00,820.55,8.405
2025-06-15 05:00:00,821.47,8.452
2025-06-15 05:30:00,822.49,8.498
2025-06-15 06:00:00,822.93,8.539
2025-06-15 06:30:00,823.7,8.575
2025-06-15 07:00:00,824.24,8.602
2025-06-15 07:30:00,824.41,8.619
2025-06-15 08:00:00,824.64,8.625
2025-06-15 08:30:00,824.35,8.624
2025-06-15 09:00:00,824.03,8.614
2025-06-15 09:30:00,823.72,8.6
2025-06-15 10:00:00,823.72,8.578
2025-06-15 10:30:00,823.19,8.551
2025-06-15 11:00:00,823.15,8.512
2025-06-15 11:30:00,822.64,8.466
2025-06-15 12:00:00,822.27,8.414
2025-06-15 12:30:00,821.93,8.353
2025-06-15 13:00:00,821.67,8.287
2025-06-15 13:30:00,821.86,8.222
2025-06-15 14:00:00,821.12,8.151
2025-06-15 14:30:00,820.94,8.084
2025-06-15 15:00:00,820.56,8.015
2025-06-15 15:30:00,820.14,7.95
2025-06-15 16:00:00,819.55,7.893
2025-06-15 16:30:00,819.25,7.841
2025-06-15 17:00:00,819.16,7.8
2025-06-15 17:30:00,818.77,7.767
2025-06-15 18:00:00,818.41,7.747
2025-06-15 18:30:00,818.61,7.737
2025-06-15 19:00:00,818.24,7.737
2025-06-15 19:30:00,817.81,7.74
2025-06-15 20:00:00,817.72,7.754
2025-06-15 20:30:00,817.8,7.776
2025-06-15 21:00:00,817.57,7.804
2025-06-15 21:30:00,817.12,7.839
2025-06-15 22:00:00,817.24,7.878
2025-06-15 22:30:00,816.84,7.925
2025-06-15 23:00:00,816.66,7.977
2025-06-15 23:30:00,816.34,8.033
2025-06-16 00:00:00,816.66,8.092
2025-06-16 00:30:00,816.71,8.155
2025-06-16 01:00:00,816.72,8.221
2025-06-16 01:30:00,816.84,8.289
2025-06-16 02:00:00,817.19,8.356
2025-06-16 02:30:00,817.52,8.424
2025-06-16 03:00:00,818.11,8.49
2025-06-16 03:30:00,818.77,8.554
2025-06-16 04:00:00,819.2,8.615
2025-06-16 04:30:00,820.55,8.677
2025-06-16 05:00:00,821.58,8.734
2025-06-16 05:30:00,822.87,8.79
2025-06-16 06:00:00,823.44,8.836
2025-06-16 06:30:00,824.16,8.883
2025-06-16 07:00:00,824.7,8.919
2025-06-16 07:30:00,824.82,8.945
2025-06-16 08:00:00,824.89,8.959
2025-06-16 08:30:00,824.79,8.966
2025-06-16 09:00:00,824.68,8.963
2025-06-16 09:30:00,824.41,8.956
2025-06-16 10:00:00,824.06,8.939
2025-06-16 10:30:00,823.69,8.914
2025-06-16 11:00:00,823.27,8.88
2025-06-16 11:30:00,822.61,8.838
2025-06-16 12:00:00,822.11,8.786
2025-06-16 12:30:00,822.09,8.725
2025-06-16 13:00:00,821.6,8.66
2025-06-16 13:30:00,821.19,8.588
2025-06-16 14:00:00,820.52,8.515
2025-06-16 14:30:00,820.57,8.442
2025-06-16 15:00:00,820.0,8.367
2025-06-16 15:30:00,819.74,8.299
2025-06-16 16:00:00,818.95,8.236
2025-06-16 16:30:00,818.43,8.18
2025-06-16 17:00:00,818.06,8.138
2025-06-16 17:30:00,818.09,8.104
2025-06-16 18:00:00,817.65,8.078
2025-06-16 18:30:00,817.56,8.066
2025-06-16 19:00:00,817.31,8.06
2025-06-16 19:30:00,817.16,8.064
2025-06-16 20:00:00,816.61,8.075
2025-06-16 20:30:00,816.46,8.094
2025-06-16 21:00:00,816.11,8.118
2025-06-16 21:30:00,815.92,8.151
2025-06-16 22:00:00,815.54,8.187
2025-06-16 22:30:00,815.26,8.23
2025-06-16 23:00:00,814.92,8.277
2025-06-16 23:30:00,814.74,8.328
2025-06-17 00:00:00,814.87,8.38
2025-06-17 00:30:00,814.54,8.437
2025-06-17 01:00:00,814.32,8.495
2025-06-17 01:30:00,814.61,8.552
2025-06-17 02:00:00,814.91,8.611
2025-06-17 02:30:00,814.98,8.668
2025-06-17 03:00:00,815.15,8.72
2025-06-17 03:30:00,815.6,8.772
2025-06-17 04:00:00,816.32,8.818
2025-06-17 04:30:00,816.95,8.862
2025-06-17 05:00:00,817.96,8.9
2025-06-17 05:30:00,819.04,8.937
2025-06-17 06:00:00,819.4,8.969
2025-06-17 06:30:00,820.06,8.995
2025-06-17 07:00:00,820.53,9.014
2025-06-17 07:30:00,821.09,9.021
2025-06-17 08:00:00,821.26,9.018
2025-06-17 08:30:00,821.11,9.002
2025-06-17 09:00:00,820.84,8.979
2025-06-17 09:30:00,820.55,8.949
2025-06-17 10:00:00,820.42,8.918
2025-06-17 10:30:00,819.99,8.883
2025-06-17 11:00:00,819.74,8.842
2025-06-17 11:30:00,819.44,8.796
2025-06-17 12:00:00,819.11,8.743
2025-06-17 12:30:00,818.76,8.683
2025-06-17 13:00:00,818.22,8.619
2025-06-17 13:30:00,818.17,8.547
2025-06-17 14:00:00,817.81,8.48
2025-06-17 14:30:00,817.5,8.409
2025-06-17 15:00:00,816.97,8.338
2025-06-17 15:30:00,816.77,8.274
2025-06-17 16:00:00,816.49,8.216
2025-06-17 16:30:00,816.24,8.165
2025-06-17 17:00:00,815.67,8.123
2025-06-17 17:30:00,815.34,8.092
2025-06-17 18:00:00,815.36,8.072
2025-06-17 18:30:00,815.47,8.062
2025-06-17 19:00:00,814.88,8.059
2025-06-17 19:30:00,814.64,8.069
2025-06-17 20:00:00,814.36,8.082
2025-06-17 20:30:00,814.17,8.103
2025-06-17 21:00:00,813.8,8.131
2025-06-17 21:30:00,813.58,8.167
2025-06-17 22:00:00,813.4,8.209
2025-06-17 22:30:00,813.22,8.255
2025-06-17 23:00:00,813.17,8.308
2025-06-17 23:30:00,812.77,8.365
2025-06-18 00:00:00,812.72,8.426
2025-06-18 00:30:00,812.94,8.489
2025-06-18 01:00:00,812.66,8.555
2025-06-18 01:30:00,812.9,8.62
2025-06-18 02:00:00,813.16,8.688
2025-06-18 02:30:00,813.53,8.754
2025-06-18 03:00:00,814.05,8.819
2025-06-18 03:30:00,814.25,8.881
2025-06-18 04:00:00,815.34,8.942
2025-06-18 04:30:00,816.3,9.001
2025-06-18 05:00:00,817.32,9.061
2025-06-18 05:30:00,818.81,9.116
2025-06-18 06:00:00,819.65,9.173
2025-06-18 06:30:00,820.75,9.226
2025-06-18 07:00:00,821.38,9.275
2025-06-18 07:30:00,821.7,9.317
2025-06-18 08:00:00,822.3,9.35
2025-06-18 08:30:00,822.25,9.374
2025-06-18 09:00:00,822.32,9.39
2025-06-18 09:30:00,822.31,9.4
2025-06-18 10:00:00,822.25,9.403
2025-06-18 10:30:00,821.65,9.4
2025-06-18 11:00:00,821.68,9.385
2025-06-18 11:30:00,821.08,9.365
2025-06-18 12:00:00,820.88,9.338
2025-06-18 12:30:00,820.54,9.3
2025-06-18 13:00:00,820.12,9.254
2025-06-18 13:30:00,819.89,9.203
2025-06-18 14:00:00,819.56,9.151
2025-06-18 14:30:00,819.09,9.094
2025-06-18 15:00:00,818.69,9.04
2025-06-18 15:30:00,818.26,8.986
2025-06-18 16:00:00,817.78,8.94
2025-06-18 16:30:00,817.56,8.9
2025-06-18 17:00:00,817.28,8.868
2025-06-18 17:30:00,817.01,8.843
2025-06-18 18:00:00,816.31,8.829
2025-06-18 18:30:00,816.38,8.825
2025-06-18 19:00:00,816.26,8.822
2025-06-18 19:30:00,815.77,8.83
2025-06-18 20:00:00,815.43,8.845
2025-06-18 20:30:00,815.48,8.867
2025-06-18 21:00:00,815.04,8.896
2025-06-18 21:30:00,814.91,8.93
2025-06-18 22:00:00,814.58,8.972
2025-06-18 22:30:00,814.36,9.022
2025-06-18 23:00:00,813.98,9.077
2025-06-18 23:30:00,814.27,9.139
2025-06-19 00:00:00,814.01,9.204
2025-06-19 00:30:00,814.37,9.275
2025-06-19 01:00:00,814.43,9.348
2025-06-19 01:30:00,815.02,9.42
2025-06-19 02:00:00,815.62,9.498
2025-06-19 02:30:00,816.11,9.571
2025-06-19 03:00:00,817.4,9.65
2025-06-19 03:30:00,818.46,9.728
2025-06-19 04:00:00,819.88,9.807
2025-06-19 04:30:00,821.39,9.889
2025-06-19 05:00:00,822.62,9.969
2025-06-19 05:30:00,823.86,10.046
2025-06-19 06:00:00,824.86,10.117
2025-06-19 06:30:00,825.53,10.182
2025-06-19 07:00:00,825.97,10.235
2025-06-19 07:30:00,826.13,10.282
2025-06-19 08:00:00,826.19,10.315
2025-06-19 08:30:00,825.97,10.338
2025-06-19 09:00:00,825.84,10.35
2025-06-19 09:30:00,825.24,10.352
2025-06-19 10:00:00,824.92,10.338
2025-06-19 10:30:00,824.14,10.315
2025-06-19 11:00:00,823.74,10.277
2025-06-19 11:30:00,823.06,10.228
2025-06-19 12:00:00,822.46,10.173
2025-06-19 12:30:00,821.93,10.111
2025-06-19 13:00:00,821.36,10.044
2025-06-19 13:30:00,821.19,9.973
2025-06-19 14:00:00,820.63,9.9
2025-06-19 14:30:00,820.43,9.825
2025-06-19 15:00:00,819.98,9.752
2025-06-19 15:30:00,819.18,9.68
2025-06-19 16:00:00,818.4,9.613
2025-06-19 16:30:00,817.85,9.554
2025-06-19 17:00:00,817.21,9.503
2025-06-19 17:30:00,816.89,9.465
2025-06-19 18:00:00,816.58,9.434
2025-06-19 18:30:00,816.42,9.417
2025-06-19 19:00:00,815.92,9.405
2025-06-19 19:30:00,815.73,9.402
2025-06-19 20:00:00,815.01,9.408
2025-06-19 20:30:00,814.45,9.42
2025-06-19 21:00:00,814.16,9.44
2025-06-19 21:30:00,813.53,9.467
2025-06-19 22:00:00,813.3,9.496
2025-06-19 22:30:00,812.92,9.537
2025-06-19 23:00:00,813.02,9.582
2025-06-19 23:30:00,812.91,9.628
2025-06-20 00:00:00,812.75,9.68
2025-06-20 00:30:00,812.75,9.734
2025-06-20 01:00:00,812.99,9.795
2025-06-20 01:30:00,813.26,9.854
2025-06-20 02:00:00,813.77,9.914
2025-06-20 02:30:00,814.41,9.976
2025-06-20 03:00:00,815.34,10.032
2025-06-20 03:30:00,816.04,10.093
2025-06-20 04:00:00,817.22,10.15
2025-06-20 04:30:00,818.34,10.205
2025-06-20 05:00:00,819.44,10.259
2025-06-20 05:30:00,820.64,10.305
2025-06-20 06:00:00,820.81,10.346
2025-06-20 06:30:00,821.1,10.377
2025-06-20 07:00:00,821.33,10.398
2025-06-20 07:30:00,821.1,10.413
2025-06-20 08:00:00,821.21,10.41
2025-06-20 08:30:00,820.91,10.399
2025-06-20 09:00:00,820.25,10.378
2025-06-20 09:30:00,819.58,10.346
2025-06-20 10:00:00,819.41,10.304
2025-06-20 10:30:00,818.6,10.249
2025-06-20 11:00:00,818.38,10.181
2025-06-20 11:30:00,817.91,10.106
2025-06-20 12:00:00,817.59,10.028
2025-06-20 12:30:00,817.21,9.944
2025-06-20 13:00:00,816.57,9.86
2025-06-20 13:30:00,816.18,9.771
2025-06-20 14:00:00,815.68,9.684
2025-06-20 14:30:00,815.2,9.598
2025-06-20 15:00:00,815.03,9.512
2025-06-20 15:30:00,814.27,9.434
2025-06-20 16:00:00,813.99,9.364
2025-06-20 16:30:00,813.34,9.302
2025-06-20 17:00:00,813.11,9.245
2025-06-20 17:30:00,812.45,9.2
2025-06-20 18:00:00,812.08,9.164
2025-06-20 18:30:00,811.72,9.142
2025-06-20 19:00:00,811.43,9.129
2025-06-20 19:30:00,811.05,9.129
2025-06-20 20:00:00,810.53,9.133
2025-06-20 20:30:00,810.08,9.143
2025-06-20 21:00:00,809.49,9.163
2025-06-20 21:30:00,809.21,9.183
2025-06-20 22:00:00,809.19,9.215
2025-06-20 22:30:00,808.93,9.25
2025-06-20 23:00:00,808.95,9.286
2025-06-20 23:30:00,808.63,9.33
2025-06-21 00:00:00,808.12,9.372
2025-06-21 00:30:00,807.7,9.419
2025-06-21 01:00:00,807.35,9.463
2025-06-21 01:30:00,806.8,9.507
2025-06-21 02:00:00,806.82,9.55
2025-06-21 02:30:00,806.57,9.588
2025-06-21 03:00:00,806.62,9.624
2025-06-21 03:30:00,806.55,9.653
2025-06-21 04:00:00,806.65,9.68
2025-06-21 04:30:00,807.03,9.703
2025-06-21 05:00:00,807.14,9.719
2025-06-21 05:30:00,807.58,9.733
2025-06-21 06:00:00,807.63,9.741
2025-06-21 06:30:00,807.77,9.743
2025-06-21 07:00:00,807.93,9.738
2025-06-21 07:30:00,808.07,9.724
2025-06-21 08:00:00,807.69,9.699
2025-06-21 08:30:00,807.78,9.662
2025-06-21 09:00:00,807.6,9.625
2025-06-21 09:30:00,807.57,9.579
2025-06-21 10:00:00,807.33,9.528
2025-06-21 10:30:00,806.89,9.477
2025-06-21 11:00:00,806.56,9.424
2025-06-21 11:30:00,806.42,9.37
2025-06-21 12:00:00,806.08,9.312
2025-06-21 12:30:00,805.86,9.255
2025-06-21 13:00:00,805.77,9.195
2025-06-21 13:30:00,805.3,9.13
2025-06-21 14:00:00,804.98,9.068
2025-06-21 14:30:00,804.5,8.999
2025-06-21 15:00:00,804.59,8.937
2025-06-21 15:30:00,803.94,8.878
2025-06-21 16:00:00,803.88,8.824
2025-06-21 16:30:00,803.8,8.775
2025-06-21 17:00:00,803.75,8.737
2025-06-21 17:30:00,803.23,8.704
2025-06-21 18:00:00,803.3,8.684
2025-06-21 18:30:00,803.16,8.673
2025-06-21 19:00:00,803.09,8.67
2025-06-21 19:30:00,802.79,8.675
2025-06-21 20:00:00,802.66,8.688
2025-06-21 20:30:00,802.4,8.709
2025-06-21 21:00:00,802.05,8.734
2025-06-21 21:30:00,801.99,8.761
2025-06-21 22:00:00,801.69,8.793
2025-06-21 22:30:00,801.47,8.83
2025-06-21 23:00:00,801.5,8.868
2025-06-21 23:30:00,801.41,8.91
2025-06-22 00:00:00,802.01,8.955
2025-06-22 00:30:00,802.03,8.997
2025-06-22 01:00:00,802.16,9.047
2025-06-22 01:30:00,801.99,9.09
2025-06-22 02:00:00,802.16,9.134
2025-06-22 02:30:00,802.29,9.175
2025-06-22 03:00:00,802.32,9.211
2025-06-22 03:30:00,802.26,9.243
2025-06-22 04:00:00,802.16,9.269
2025-06-22 04:30:00,802.0,9.292
2025-06-22 05:00:00,802.19,9.308
2025-06-22 05:30:00,802.41,9.318
2025-06-22 06:00:00,802.34,9.317
2025-06-22 06:30:00,802.13,9.309
2025-06-22 07:00:00,801.97,9.29
2025-06-22 07:30:00,801.89,9.263
2025-06-22 08:00:00,801.39,9.23
2025-06-22 08:30:00,801.79,9.192
2025-06-22 09:00:00,801.76,9.146
2025-06-22 09:30:00,801.68,9.095
2025-06-22 10:00:00,801.47,9.039
2025-06-22 10:30:00,801.58,8.981
2025-06-22 11:00:00,801.58,8.918
2025-06-22 11:30:00,801.65,8.852
2025-06-22 12:00:00,801.51,8.787
2025-06-22 12:30:00,801.54,8.721
2025-06-22 13:00:00,801.65,8.658
2025-06-22 13:30:00,801.69,8.59
2025-06-22 14:00:00,801.65,8.526
2025-06-22 14:30:00,801.63,8.465
2025-06-22 15:00:00,801.56,8.404
2025-06-22 15:30:00,801.53,8.351
2025-06-22 16:00:00,801.45,8.3
2025-06-22 16:30:00,801.23,8.259
2025-06-22 17:00:00,801.28,8.227
2025-06-22 17:30:00,801.22,8.201
2025-06-22 18:00:00,801.15,8.187
2025-06-22 18:30:00,801.04,8.182
2025-06-22 19:00:00,801.1,8.187
2025-06-22 19:30:00,801.0,8.199
2025-06-22 20:00:00,800.9,8.219
2025-06-22 20:30:00,800.67,8.245
2025-06-22 21:00:00,800.59,8.278
2025-06-22 21:30:00,800.57,8.316
2025-06-22 22:00:00,800.41,8.361
2025-06-22 22:30:00,800.28,8.408
2025-06-22 23:00:00,799.98,8.461
2025-06-22 23:30:00,799.91,8.518
2025-06-23 00:00:00,799.77,8.58
2025-06-23 00:30:00,799.65,8.644
2025-06-23 01:00:00,799.5,8.707
2025-06-23 01:30:00,799.69,8.768
2025-06-23 02:00:00,800.12,8.834
2025-06-23 02:30:00,799.78,8.894
2025-06-23 03:00:00,799.71,8.955
2025-06-23 03:30:00,799.81,9.011
2025-06-23 04:00:00,799.89,9.061
2025-06-23 04:30:00,800.33,9.11
2025-06-23 05:00:00,800.51,9.153
2025-06-23 05:30:00,800.56,9.191
2025-06-23 06:00:00,800.42,9.222
2025-06-23 06:30:00,800.64,9.25
2025-06-23 07:00:00,800.61,9.272
2025-06-23 07:30:00,800.73,9.287
2025-06-23 08:00:00,800.93,9.293
2025-06-23 08:30:00,801.07,9.296
2025-06-23 09:00:00,801.19,9.288
2025-06-23 09:30:00,801.35,9.277
2025-06-23 10:00:00,801.71,9.258
2025-06-23 10:30:00,801.96,9.231
2025-06-23 11:00:00,802.18,9.201
2025-06-23 11:30:00,802.45,9.164
2025-06-23 12:00:00,802.62,9.125
2025-06-23 12:30:00,802.71,9.079
2025-06-23 13:00:00,802.65,9.033
2025-06-23 13:30:00,802.94,8.988
2025-06-23 14:00:00,802.92,8.941
2025-06-23 14:30:00,802.97,8.895
2025-06-23 15:00:00,803.04,8.853
2025-06-23 15:30:00,802.87,8.812
2025-06-23 16:00:00,802.66,8.776
2025-06-23 16:30:00,802.49,8.744
2025-06-23 17:00:00,802.41,8.716
2025-06-23 17:30:00,802.3,8.7
2025-06-23 18:00:00,802.32,8.691
2025-06-23 18:30:00,802.21,8.692
2025-06-23 19:00:00,801.98,8.696
2025-06-23 19:30:00,801.69,8.711
2025-06-23 20:00:00,801.75,8.728
2025-06-23 20:30:00,801.79,8.75
2025-06-23 21:00:00,801.79,8.773
2025-06-23 21:30:00,802.29,8.799
2025-06-23 22:00:00,802.14,8.827
2025-06-23 22:30:00,802.19,8.855
2025-06-23 23:00:00,802.5,8.879
2025-06-23 23:30:00,802.62,8.902
2025-06-24 00:00:00,802.44,8.927
2025-06-24 00:30:00,802.17,8.948
2025-06-24 01:00:00,801.83,8.968
2025-06-24 01:30:00,801.54,8.982
2025-06-24 02:00:00,801.4,8.999
2025-06-24 02:30:00,801.17,9.011
2025-06-24 03:00:00,800.81,9.021
2025-06-24 03:30:00,800.58,9.03
2025-06-24 04:00:00,800.6,9.035
2025-06-24 04:30:00,800.75,9.033
2025-06-24 05:00:00,800.88,9.029
2025-06-24 05:30:00,800.93,9.02
2025-06-24 06:00:00,800.84,9.001
2025-06-24 06:30:00,800.88,8.978
2025-06-24 07:00:00,800.87,8.951
2025-06-24 07:30:00,800.69,8.921
2025-06-24 08:00:00,800.63,8.881
2025-06-24 08:30:00,800.46,8.839
2025-06-24 09:00:00,800.55,8.793
2025-06-24 09:30:00,800.39,8.745
2025-06-24 10:00:00,800.16,8.69
2025-06-24 10:30:00,800.25,8.641
2025-06-24 11:00:00,800.27,8.585
2025-06-24 11:30:00,800.38,8.527
2025-06-24 12:00:00,800.32,8.47
2025-06-24 12:30:00,800.51,8.412
2025-06-24 13:00:00,800.5,8.358
2025-06-24 13:30:00,800.62,8.299
2025-06-24 14:00:00,800.81,8.243
2025-06-24 14:30:00,800.84,8.187
2025-06-24 15:00:00,800.91,8.136
2025-06-24 15:30:00,800.94,8.089
2025-06-24 16:00:00,801.02,8.052
2025-06-24 16:30:00,801.02,8.019
2025-06-24 17:00:00,801.12,7.997
2025-06-24 17:30:00,801.18,7.981
2025-06-24 18:00:00,801.16,7.975
2025-06-24 18:30:00,801.36,7.975
2025-06-24 19:00:00,801.41,7.984
2025-06-24 19:30:00,801.27,7.995
2025-06-24 20:00:00,801.12,8.011
2025-06-24 20:30:00,801.01,8.034
2025-06-24 21:00:00,800.86,8.052
2025-06-24 21:30:00,800.79,8.08
2025-06-24 22:00:00,800.8,8.112
2025-06-24 22:30:00,800.64,8.146
2025-06-24 23:00:00,800.44,8.182
2025-06-24 23:30:00,800.27,8.226
2025-06-25 00:00:00,800.27,8.269
2025-06-25 00:30:00,800.18,8.316
2025-06-25 01:00:00,800.19,8.361
2025-06-25 01:30:00,800.37,8.414
2025-06-25 02:00:00,800.52,8.465
2025-06-25 02:30:00,800.65,8.515
2025-06-25 03:00:00,800.79,8.567
2025-06-25 03:30:00,800.91,8.613
2025-06-25 04:00:00,801.16,8.657
2025-06-25 04:30:00,801.37,8.7
2025-06-25 05:00:00,801.69,8.742
2025-06-25 05:30:00,801.81,8.778
2025-06-25 06:00:00,801.83,8.809
2025-06-25 06:30:00,801.99,8.838
2025-06-25 07:00:00,802.31,8.86
2025-06-25 07:30:00,802.46,8.881
2025-06-25 08:00:00,802.69,8.899
2025-06-25 08:30:00,802.92,8.913
2025-06-25 09:00:00,802.97,8.915
2025-06-25 09:30:00,803.28,8.912
2025-06-25 10:00:00,803.64,8.903
2025-06-25 10:30:00,803.99,8.883
2025-06-25 11:00:00,804.13,8.853
2025-06-25 11:30:00,804.44,8.818
2025-06-25 12:00:00,804.81,8.776
2025-06-25 12:30:00,805.25,8.729
2025-06-25 13:00:00,805.53,8.678
2025-06-25 13:30:00,805.76,8.625
2025-06-25 14:00:00,805.9,8.571
2025-06-25 14:30:00,805.88,8.519
2025-06-25 15:00:00,805.89,8.469
2025-06-25 15:30:00,805.8,8.427
2025-06-25 16:00:00,805.78,8.392
2025-06-25 16:30:00,805.51,8.362
2025-06-25 17:00:00,805.54,8.341
2025-06-25 17:30:00,805.31,8.33
2025-06-25 18:00:00,805.31,8.328
2025-06-25 18:30:00,805.07,8.331
2025-06-25 19:00:00,805.11,8.345
2025-06-25 19:30:00,804.98,8.367
2025-06-25 20:00:00,804.81,8.396
2025-06-25 20:30:00,804.52,8.431
2025-06-25 21:00:00,804.23,8.472
2025-06-25 21:30:00,804.15,8.526
2025-06-25 22:00:00,803.83,8.583
2025-06-25 22:30:00,803.76,8.651
2025-06-25 23:00:00,803.41,8.725
2025-06-25 23:30:00,803.25,8.802
2025-06-26 00:00:00,802.97,8.889
2025-06-26 00:30:00,802.69,8.978
2025-06-26 01:00:00,802.53,9.066
2025-06-26 01:30:00,802.55,9.159
2025-06-26 02:00:00,802.66,9.246
2025-06-26 02:30:00,802.74,9.333
2025-06-26 03:00:00,803.02,9.415
2025-06-26 03:30:00,803.17,9.494
2025-06-26 04:00:00,803.44,9.566
2025-06-26 04:30:00,803.51,9.632
2025-06-26 05:00:00,803.83,9.692
2025-06-26 05:30:00,803.99,9.745
2025-06-26 06:00:00,804.42,9.789
2025-06-26 06:30:00,804.85,9.826
2025-06-26 07:00:00,805.5,9.861
2025-06-26 07:30:00,806.48,9.892
2025-06-26 08:00:00,807.3,9.916
2025-06-26 08:30:00,808.12,9.938
2025-06-26 09:00:00,808.83,9.954
2025-06-26 09:30:00,809.33,9.964
2025-06-26 10:00:00,809.87,9.968
2025-06-26 10:30:00,810.22,9.961
2025-06-26 11:00:00,810.22,9.946
2025-06-26 11:30:00,810.24,9.922
2025-06-26 12:00:00,810.21,9.888
2025-06-26 12:30:00,810.16,9.847
2025-06-26 13:00:00,810.1,9.807
2025-06-26 13:30:00,809.81,9.763
2025-06-26 14:00:00,809.59,9.719
2025-06-26 14:30:00,809.14,9.675
2025-06-26 15:00:00,808.76,9.631
2025-06-26 15:30:00,808.38,9.592
2025-06-26 16:00:00,807.87,9.56
2025-06-26 16:30:00,807.5,9.531
2025-06-26 17:00:00,807.23,9.511
2025-06-26 17:30:00,807.0,9.497
2025-06-26 18:00:00,806.89,9.49
2025-06-26 18:30:00,806.64,9.488
2025-06-26 19:00:00,806.49,9.495
2025-06-26 19:30:00,806.17,9.507
2025-06-26 20:00:00,806.05,9.527
2025-06-26 20:30:00,805.76,9.55
2025-06-26 21:00:00,805.43,9.585
2025-06-26 21:30:00,805.46,9.627
2025-06-26 22:00:00,805.2,9.677
2025-06-26 22:30:00,804.9,9.729
2025-06-26 23:00:00,804.64,9.79
2025-06-26 23:30:00,804.37,9.854
2025-06-27 00:00:00,804.03,9.923
2025-06-27 00:30:00,803.79,9.995
2025-06-27 01:00:00,803.66,10.068
2025-06-27 01:30:00,803.74,10.139
2025-06-27 02:00:00,803.92,10.214
2025-06-27 02:30:00,804.15,10.284
2025-06-27 03:00:00,804.35,10.355
2025-06-27 03:30:00,804.56,10.42
2025-06-27 04:00:00,804.84,10.482
2025-06-27 04:30:00,805.37,10.539
2025-06-27 05:00:00,805.95,10.589
2025-06-27 05:30:00,806.65,10.639
2025-06-27 06:00:00,807.55,10.682
2025-06-27 06:30:00,808.62,10.723
2025-06-27 07:00:00,809.73,10.759
2025-06-27 07:30:00,810.64,10.792
2025-06-27 08:00:00,811.58,10.817
2025-06-27 08:30:00,812.19,10.84
2025-06-27 09:00:00,812.27,10.85
2025-06-27 09:30:00,812.46,10.847
2025-06-27 10:00:00,812.31,10.833
2025-06-27 10:30:00,812.19,10.808
2025-06-27 11:00:00,811.98,10.778
2025-06-27 11:30:00,811.83,10.742
2025-06-27 12:00:00,811.41,10.706
2025-06-27 12:30:00,811.3,10.665
2025-06-27 13:00:00,810.93,10.617
2025-06-27 13:30:00,811.04,10.573
2025-06-27 14:00:00,810.65,10.521
2025-06-27 14:30:00,810.33,10.47
2025-06-27 15:00:00,810.18,10.415
2025-06-27 15:30:00,809.84,10.362
2025-06-27 16:00:00,809.73,10.313
2025-06-27 16:30:00,809.39,10.273
2025-06-27 17:00:00,809.24,10.238
2025-06-27 17:30:00,808.98,10.212
2025-06-27 18:00:00,808.69,10.196
2025-06-27 18:30:00,808.58,10.186
2025-06-27 19:00:00,808.42,10.183
2025-06-27 19:30:00,808.37,10.186
2025-06-27 20:00:00,808.25,10.196
2025-06-27 20:30:00,808.27,10.212
2025-06-27 21:00:00,807.87,10.238
2025-06-27 21:30:00,807.73,10.267
2025-06-27 22:00:00,807.6,10.306
2025-06-27 22:30:00,807.37,10.352
2025-06-27 23:00:00,807.29,10.406
2025-06-27 23:30:00,807.0,10.462
2025-06-28 00:00:00,806.86,10.524
2025-06-28 00:30:00,806.7,10.588
2025-06-28 01:00:00,806.78,10.657
2025-06-28 01:30:00,806.9,10.728
2025-06-28 02:00:00,807.07,10.796
2025-06-28 02:30:00,807.25,10.866
2025-06-28 03:00:00,807.49,10.929
2025-06-28 03:30:00,808.01,10.991
2025-06-28 04:00:00,808.57,11.05
2025-06-28 04:30:00,809.24,11.104
2025-06-28 05:00:00,810.2,11.155
2025-06-28 05:30:00,811.22,11.203
2025-06-28 06:00:00,812.22,11.246
2025-06-28 06:30:00,813.41,11.286
2025-06-28 07:00:00,814.16,11.322
2025-06-28 07:30:00,814.78,11.351
2025-06-28 08:00:00,815.17,11.378
2025-06-28 08:30:00,815.45,11.395
2025-06-28 09:00:00,815.51,11.401
2025-06-28 09:30:00,815.62,11.398
2025-06-28 10:00:00,815.54,11.383
2025-06-28 10:30:00,815.36,11.365
2025-06-28 11:00:00,815.14,11.34
2025-06-28 11:30:00,814.93,11.311
2025-06-28 12:00:00,814.75,11.277
2025-06-28 12:30:00,814.6,11.242
2025-06-28 13:00:00,814.36,11.196
2025-06-28 13:30:00,814.23,11.149
2025-06-28 14:00:00,814.16,11.095
2025-06-28 14:30:00,813.99,11.035
2025-06-28 15:00:00,813.69,10.972
2025-06-28 15:30:00,813.53,10.914
2025-06-28 16:00:00,813.22,10.861
2025-06-28 16:30:00,813.04,10.815
2025-06-28 17:00:00,812.62,10.778
2025-06-28 17:30:00,812.19,10.754
2025-06-28 18:00:00,812.02,10.734
2025-06-28 18:30:00,811.79,10.725
2025-06-28 19:00:00,811.65,10.718
2025-06-28 19:30:00,811.48,10.718
2025-06-28 20:00:00,811.24,10.726
2025-06-28 20:30:00,811.02,10.737
2025-06-28 21:00:00,810.67,10.756
2025-06-28 21:30:00,810.29,10.784
2025-06-28 22:00:00,810.06,10.816
2025-06-28 22:30:00,809.81,10.853
2025-06-28 23:00:00,809.56,10.894
2025-06-28 23:30:00,809.46,10.944
2025-06-29 00:00:00,809.15,10.996
2025-06-29 00:30:00,808.94,11.052
2025-06-29 01:00:00,808.93,11.113
2025-06-29 01:30:00,809.04,11.177
2025-06-29 02:00:00,809.29,11.239
2025-06-29 02:30:00,809.62,11.304
2025-06-29 03:00:00,810.07,11.367
2025-06-29 03:30:00,810.4,11.426
2025-06-29 04:00:00,811.5,11.485
2025-06-29 04:30:00,812.48,11.538
2025-06-29 05:00:00,813.43,11.589
2025-06-29 05:30:00,814.66,11.636
2025-06-29 06:00:00,815.68,11.676
2025-06-29 06:30:00,816.71,11.716
2025-06-29 07:00:00,817.66,11.751
2025-06-29 07:30:00,817.79,11.778
2025-06-29 08:00:00,818.42,11.799
2025-06-29 08:30:00,818.38,11.815
2025-06-29 09:00:00,818.53,11.824
2025-06-29 09:30:00,818.59,11.822
2025-06-29 10:00:00,818.43,11.814
2025-06-29 10:30:00,818.19,11.801
2025-06-29 11:00:00,817.96,11.779
2025-06-29 11:30:00,817.72,11.751
2025-06-29 12:00:00,817.4,11.713
2025-06-29 12:30:00,817.38,11.672
2025-06-29 13:00:00,816.79,11.62
2025-06-29 13:30:00,816.76,11.567
2025-06-29 14:00:00,816.47,11.509
2025-06-29 14:30:00,816.35,11.45
2025-06-29 15:00:00,815.78,11.394
2025-06-29 15:30:00,815.44,11.338
2025-06-29 16:00:00,814.93,11.293
2025-06-29 16:30:00,814.6,11.249
2025-06-29 17:00:00,814.21,11.214
2025-06-29 17:30:00,814.0,11.19
2025-06-29 18:00:00,813.71,11.174
2025-06-29 18:30:00,813.37,11.164
2025-06-29 19:00:00,813.38,11.158
2025-06-29 19:30:00,812.84,11.158
2025-06-29 20:00:00,812.65,11.166
2025-06-29 20:30:00,811.96,11.182
2025-06-29 21:00:00,811.61,11.201
2025-06-29 21:30:00,811.17,11.231
2025-06-29 22:00:00,810.63,11.264
2025-06-29 22:30:00,810.3,11.303
2025-06-29 23:00:00,810.1,11.349
2025-06-29 23:30:00,809.59,11.399
2025-06-30 00:00:00,809.35,11.451
2025-06-30 00:30:00,809.29,11.509
2025-06-30 01:00:00,809.06,11.572
2025-06-30 01:30:00,809.03,11.632
2025-06-30 02:00:00,809.09,11.695
2025-06-30 02:30:00,809.31,11.752
2025-06-30 03:00:00,809.47,11.812
2025-06-30 03:30:00,810.06,11.867
2025-06-30 04:00:00,810.78,11.916
2025-06-30 04:30:00,811.68,11.964
2025-06-30 05:00:00,812.4,12.006
2025-06-30 05:30:00,813.25,12.047
2025-06-30 06:00:00,814.11,12.086
2025-06-30 06:30:00,814.37,12.119
2025-06-30 07:00:00,814.81,12.147
2025-06-30 07:30:00,814.96,12.166
2025-06-30 08:00:00,815.13,12.175
2025-06-30 08:30:00,814.77,12.173
2025-06-30 09:00:00,814.62,12.162
2025-06-30 09:30:00,814.56,12.142
2025-06-30 10:00:00,814.35,12.113
2025-06-30 10:30:00,813.83,12.081
2025-06-30 11:00:00,813.58,12.043
2025-06-30 11:30:00,813.59,12.003
2025-06-30 12:00:00,813.56,11.956
2025-06-30 12:30:00,813.41,11.908
2025-06-30 13:00:00,813.19,11.849
2025-06-30 13:30:00,813.21,11.784
2025-06-30 14:00:00,812.96,11.714
2025-06-30 14:30:00,812.51,11.643
2025-06-30 15:00:00,812.34,11.572
2025-06-30 15:30:00,812.04,11.508
2025-06-30 16:00:00,811.51,11.449
2025-06-30 16:30:00,811.14,11.4
2025-06-30 17:00:00,810.72,11.361
2025-06-30 17:30:00,810.19,11.333
2025-06-30 18:00:00,810.14,11.313
2025-06-30 18:30:00,810.04,11.302
2025-06-30 19:00:00,809.85,11.297
2025-06-30 19:30:00,809.7,11.302
2025-06-30 20:00:00,809.26,11.309
2025-06-30 20:30:00,809.15,11.321
2025-06-30 21:00:00,808.68,11.342
2025-06-30 21:30:00,808.23,11.367
2025-06-30 22:00:00,807.9,11.4
2025-06-30 22:30:00,807.4,11.441
2025-06-30 23:00:00,807.17,11.485
2025-06-30 23:30:00,806.91,11.537
2025-07-01 00:00:00,806.61,11.59
2025-07-01 00:30:00,806.44,11.645
2025-07-01 01:00:00,806.13,11.701
2025-07-01 01:30:00,805.97,11.758
2025-07-01 02:00:00,806.02,11.816
2025-07-01 02:30:00,806.02,11.869
2025-07-01 03:00:00,805.99,11.922
2025-07-01 03:30:00,806.07,11.972
2025-07-01 04:00:00,806.31,12.016
2025-07-01 04:30:00,806.63,12.058
2025-07-01 05:00:00,807.09,12.091
2025-07-01 05:30:00,807.27,12.121
2025-07-01 06:00:00,807.6,12.15
2025-07-01 06:30:00,808.05,12.174
2025-07-01 07:00:00,808.68,12.193
2025-07-01 07:30:00,809.33,12.208
2025-07-01 08:00:00,809.72,12.218
2025-07-01 08:30:00,809.98,12.224
2025-07-01 09:00:00,810.3,12.22
2025-07-01 09:30:00,810.42,12.202
2025-07-01 10:00:00,810.45,12.178
2025-07-01 10:30:00,810.61,12.144
2025-07-01 11:00:00,810.46,12.107
2025-07-01 11:30:00,810.45,12.065
2025-07-01 12:00:00,810.67,12.021
2025-07-01 12:30:00,810.39,11.977
2025-07-01 13:00:00,810.41,11.93
2025-07-01 13:30:00,810.43,11.88
2025-07-01 14:00:00,810.05,11.829
2025-07-01 14:30:00,809.88,11.776
2025-07-01 15:00:00,809.69,11.726
2025-07-01 15:30:00,809.2,11.674
2025-07-01 16:00:00,808.7,11.631
2025-07-01 16:30:00,808.41,11.591
2025-07-01 17:00:00,808.1,11.558
2025-07-01 17:30:00,808.01,11.534
2025-07-01 18:00:00,807.77,11.519
2025-07-01 18:30:00,807.39,11.509
2025-07-01 19:00:00,807.35,11.508
2025-07-01 19:30:00,807.07,11.512
2025-07-01 20:00:00,806.9,11.521
2025-07-01 20:30:00,806.68,11.537
2025-07-01 21:00:00,806.25,11.559
2025-07-01 21:30:00,806.01,11.586
2025-07-01 22:00:00,805.94,11.622
2025-07-01 22:30:00,805.53,11.66
2025-07-01 23:00:00,805.26,11.705
2025-07-01 23:30:00,804.88,11.75
2025-07-02 00:00:00,804.64,11.796
2025-07-02 00:30:00,804.51,11.843
2025-07-02 01:00:00,804.27,11.891
2025-07-02 01:30:00,804.09,11.932
2025-07-02 02:00:00,803.88,11.979
2025-07-02 02:30:00,803.89,12.02
2025-07-02 03:00:00,803.89,12.059
2025-07-02 03:30:00,803.81,12.095
2025-07-02 04:00:00,803.9,12.128
2025-07-02 04:30:00,804.18,12.157
2025-07-02 05:00:00,804.2,12.184
2025-07-02 05:30:00,804.29,12.202
2025-07-02 06:00:00,804.43,12.219
2025-07-02 06:30:00,805.18,12.231
2025-07-02 07:00:00,805.72,12.239
2025-07-02 07:30:00,806.39,12.245
2025-07-02 08:00:00,806.77,12.248
2025-07-02 08:30:00,807.36,12.24
2025-07-02 09:00:00,807.6,12.225
2025-07-02 09:30:00,807.59,12.199
2025-07-02 10:00:00,807.62,12.164
2025-07-02 10:30:00,807.7,12.121
2025-07-02 11:00:00,807.61,12.073
2025-07-02 11:30:00,807.55,12.02
2025-07-02 12:00:00,807.62,11.967
2025-07-02 12:30:00,807.58,11.914
2025-07-02 13:00:00,807.57,11.858
2025-07-02 13:30:00,807.35,11.802
2025-07-02 14:00:00,807.24,11.743
2025-07-02 14:30:00,807.16,11.684
2025-07-02 15:00:00,806.85,11.629
2025-07-02 15:30:00,806.62,11.576
2025-07-02 16:00:00,806.36,11.531
2025-07-02 16:30:00,805.96,11.485
2025-07-02 17:00:00,805.69,11.453
2025-07-02 17:30:00,805.58,11.426
2025-07-02 18:00:00,805.32,11.406
2025-07-02 18:30:00,805.21,11.396
2025-07-02 19:00:00,805.13,11.392
2025-07-02 19:30:00,804.91,11.393
2025-07-02 20:00:00,804.58,11.403
2025-07-02 20:30:00,804.24,11.418
2025-07-02 21:00:00,804.14,11.438
2025-07-02 21:30:00,803.89,11.464
2025-07-02 22:00:00,803.29,11.497
2025-07-02 22:30:00,803.1,11.535
2025-07-02 23:00:00,802.87,11.58
2025-07-02 23:30:00,803.53,11.629
2025-07-03 00:00:00,804.31,11.681
2025-07-03 00:30:00,804.11,11.736
2025-07-03 01:00:00,803.79,11.789
2025-07-03 01:30:00,805.0,11.839
2025-07-03 02:00:00,805.76,11.886
2025-07-03 02:30:00,805.85,11.925
2025-07-03 03:00:00,805.58,11.957
2025-07-03 03:30:00,805.43,11.982
2025-07-03 04:00:00,805.19,12.0
2025-07-03 04:30:00,805.02,12.013
2025-07-03 05:00:00,805.58,12.02
2025-07-03 05:30:00,807.75,12.027
2025-07-03 06:00:00,813.69,12.04
2025-07-03 06:30:00,819.82,12.065
2025-07-03 07:00:00,823.61,12.093
2025-07-03 07:30:00,825.84,12.109
2025-07-03 08:00:00,826.98,12.106
2025-07-03 08:30:00,827.57,12.085
2025-07-03 09:00:00,827.26,12.054
2025-07-03 09:30:00,827.01,12.013
2025-07-03 10:00:00,825.69,11.952
2025-07-03 10:30:00,824.82,11.867
2025-07-03 11:00:00,823.47,11.762
2025-07-03 11:30:00,822.2,11.653
2025-07-03 12:00:00,821.05,11.544
2025-07-03 12:30:00,819.78,11.439
2025-07-03 13:00:00,818.61,11.338
2025-07-03 13:30:00,817.83,11.246
2025-07-03 14:00:00,817.1,11.154
2025-07-03 14:30:00,816.36,11.068
2025-07-03 15:00:00,815.9,10.987
2025-07-03 15:30:00,815.53,10.913
2025-07-03 16:00:00,814.88,10.85
2025-07-03 16:30:00,814.36,10.792
2025-07-03 17:00:00,814.12,10.749
2025-07-03 17:30:00,813.35,10.716
2025-07-03 18:00:00,812.89,10.689
2025-07-03 18:30:00,812.7,10.677
2025-07-03 19:00:00,812.15,10.672
2025-07-03 19:30:00,811.89,10.672
2025-07-03 20:00:00,811.48,10.683
2025-07-03 20:30:00,811.27,10.696
2025-07-03 21:00:00,811.03,10.719
2025-07-03 21:30:00,810.66,10.745
2025-07-03 22:00:00,810.31,10.772
2025-07-03 22:30:00,809.92,10.799
2025-07-03 23:00:00,809.37,10.831
2025-07-03 23:30:00,809.29,10.867
2025-07-04 00:00:00,808.86,10.905
2025-07-04 00:30:00,808.91,10.945
2025-07-04 01:00:00,808.5,10.986
2025-07-04 01:30:00,808.46,11.024
2025-07-04 02:00:00,808.09,11.064
2025-07-04 02:30:00,807.98,11.104
2025-07-04 03:00:00,807.79,11.139
2025-07-04 03:30:00,807.69,11.175
2025-07-04 04:00:00,807.73,11.207
2025-07-04 04:30:00,807.99,11.235
2025-07-04 05:00:00,808.34,11.259
2025-07-04 05:30:00,808.32,11.281
2025-07-04 06:00:00,808.37,11.301
2025-07-04 06:30:00,808.71,11.316
2025-07-04 07:00:00,808.72,11.33
2025-07-04 07:30:00,808.7,11.339
2025-07-04 08:00:00,808.58,11.339
2025-07-04 08:30:00,808.64,11.333
2025-07-04 09:00:00,808.78,11.315
2025-07-04 09:30:00,808.63,11.296
2025-07-04 10:00:00,808.69,11.269
2025-07-04 10:30:00,808.86,11.238
2025-07-04 11:00:00,808.86,11.209
2025-07-04 11:30:00,808.72,11.173
2025-07-04 12:00:00,808.82,11.138
2025-07-04 12:30:00,808.54,11.098
2025-07-04 13:00:00,808.47,11.059
2025-07-04 13:30:00,808.52,11.015
2025-07-04 14:00:00,808.35,10.972
2025-07-04 14:30:00,808.31,10.926
2025-07-04 15:00:00,808.2,10.878
2025-07-04 15:30:00,808.2,10.835
2025-07-04 16:00:00,808.23,10.795
2025-07-04 16:30:00,808.05,10.758
2025-07-04 17:00:00,808.16,10.726
2025-07-04 17:30:00,808.05,10.703
2025-07-04 18:00:00,808.17,10.689
2025-07-04 18:30:00,808.09,10.682
2025-07-04 19:00:00,808.1,10.684
2025-07-04 19:30:00,807.95,10.691
2025-07-04 20:00:00,807.72,10.704
2025-07-04 20:30:00,807.72,10.723
2025-07-04 21:00:00,807.52,10.747
2025-07-04 21:30:00,807.57,10.777
2025-07-04 22:00:00,807.48,10.811
2025-07-04 22:30:00,807.11,10.851
2025-07-04 23:00:00,806.9,10.897
2025-07-04 23:30:00,806.63,10.946
2025-07-05 00:00:00,806.39,11.0
2025-07-05 00:30:00,806.2,11.054
2025-07-05 01:00:00,805.97,11.113
2025-07-05 01:30:00,805.89,11.172
2025-07-05 02:00:00,805.88,11.229
2025-07-05 02:30:00,805.77,11.282
2025-07-05 03:00:00,805.68,11.336
2025-07-05 03:30:00,805.57,11.38
2025-07-05 04:00:00,805.75,11.423
2025-07-05 04:30:00,805.99,11.463
2025-07-05 05:00:00,806.21,11.495
2025-07-05 05:30:00,806.35,11.522
2025-07-05 06:00:00,806.32,11.541
2025-07-05 06:30:00,806.35,11.56
2025-07-05 07:00:00,806.43,11.569
2025-07-05 07:30:00,806.45,11.575
2025-07-05 08:00:00,806.53,11.569
2025-07-05 08:30:00,806.43,11.56
2025-07-05 09:00:00,806.73,11.54
2025-07-05 09:30:00,806.77,11.514
2025-07-05 10:00:00,806.98,11.477
2025-07-05 10:30:00,807.13,11.435
2025-07-05 11:00:00,807.12,11.384
2025-07-05 11:30:00,807.24,11.328
2025-07-05 12:00:00,807.25,11.269
2025-07-05 12:30:00,807.5,11.204
2025-07-05 13:00:00,807.6,11.14
2025-07-05 13:30:00,807.56,11.069
2025-07-05 14:00:00,807.63,11.003
2025-07-05 14:30:00,807.42,10.937
2025-07-05 15:00:00,807.29,10.873
2025-07-05 15:30:00,807.2,10.819
2025-07-05 16:00:00,807.0,10.766
2025-07-05 16:30:00,806.98,10.725
2025-07-05 17:00:00,806.77,10.692
2025-07-05 17:30:00,806.74,10.669
2025-07-05 18:00:00,806.58,10.657
2025-07-05 18:30:00,806.53,10.653
2025-07-05 19:00:00,806.37,10.655
2025-07-05 19:30:00,806.36,10.663
2025-07-05 20:00:00,806.17,10.681
2025-07-05 20:30:00,806.0,10.706
2025-07-05 21:00:00,805.84,10.735
2025-07-05 21:30:00,805.51,10.768
2025-07-05 22:00:00,805.36,10.811
2025-07-05 22:30:00,805.04,10.859
2025-07-05 23:00:00,804.86,10.914
2025-07-05 23:30:00,804.67,10.972
2025-07-06 00:00:00,804.56,11.035
2025-07-06 00:30:00,804.41,11.101
2025-07-06 01:00:00,804.29,11.171
2025-07-06 01:30:00,804.28,11.241
2025-07-06 02:00:00,804.15,11.309
2025-07-06 02:30:00,804.06,11.373
2025-07-06 03:00:00,804.05,11.434
2025-07-06 03:30:00,804.16,11.493
2025-07-06 04:00:00,804.2,11.547
2025-07-06 04:30:00,804.37,11.597
2025-07-06 05:00:00,804.25,11.64
2025-07-06 05:30:00,804.15,11.677
2025-07-06 06:00:00,804.1,11.709
2025-07-06 06:30:00,804.03,11.736
2025-07-06 07:00:00,803.81,11.759
2025-07-06 07:30:00,803.82,11.776
2025-07-06 08:00:00,803.76,11.79
2025-07-06 08:30:00,803.85,11.799
2025-07-06 09:00:00,803.95,11.804
2025-07-06 09:30:00,804.22,11.804
2025-07-06 10:00:00,804.61,11.796
2025-07-06 10:30:00,804.85,11.779
2025-07-06 11:00:00,805.19,11.754
2025-07-06 11:30:00,805.22,11.72
2025-07-06 12:00:00,805.44,11.68
2025-07-06 12:30:00,805.6,11.634
2025-07-06 13:00:00,805.66,11.581
2025-07-06 13:30:00,805.72,11.525
2025-07-06 14:00:00,805.53,11.466
2025-07-06 14:30:00,805.5,11.412
2025-07-06 15:00:00,805.37,11.361
2025-07-06 15:30:00,805.2,11.314
2025-07-06 16:00:00,804.97,11.278
2025-07-06 16:30:00,804.73,11.245
2025-07-06 17:00:00,804.46,11.219
2025-07-06 17:30:00,804.26,11.205
2025-07-06 18:00:00,804.23,11.196
2025-07-06 18:30:00,804.13,11.193
2025-07-06 19:00:00,803.96,11.195
2025-07-06 19:30:00,803.82,11.206
2025-07-06 20:00:00,803.51,11.223
2025-07-06 20:30:00,803.26,11.248
2025-07-06 21:00:00,802.95,11.28
2025-07-06 21:30:00,802.8,11.32
2025-07-06 22:00:00,802.58,11.365
2025-07-06 22:30:00,802.48,11.418
2025-07-06 23:00:00,802.24,11.478
2025-07-06 23:30:00,802.09,11.545
2025-07-07 00:00:00,801.86,11.613
2025-07-07 00:30:00,801.63,11.684
2025-07-07 01:00:00,801.4,11.759
2025-07-07 01:30:00,801.35,11.834
2025-07-07 02:00:00,801.2,11.907
2025-07-07 02:30:00,801.22,11.98
2025-07-07 03:00:00,801.19,12.044
2025-07-07 03:30:00,801.19,12.107
2025-07-07 04:00:00,801.3,12.164
2025-07-07 04:30:00,801.42,12.214
2025-07-07 05:00:00,801.46,12.26
2025-07-07 05:30:00,801.55,12.3
2025-07-07 06:00:00,801.58,12.334
2025-07-07 06:30:00,801.7,12.362
2025-07-07 07:00:00,801.85,12.385
2025-07-07 07:30:00,802.14,12.405
2025-07-07 08:00:00,802.5,12.421
2025-07-07 08:30:00,802.79,12.432
2025-07-07 09:00:00,803.33,12.44
2025-07-07 09:30:00,803.69,12.442
2025-07-07 10:00:00,804.01,12.436
2025-07-07 10:30:00,804.24,12.421
2025-07-07 11:00:00,804.25,12.396
2025-07-07 11:30:00,804.45,12.364
2025-07-07 12:00:00,804.57,12.324
2025-07-07 12:30:00,804.63,12.275
2025-07-07 13:00:00,804.67,12.223
2025-07-07 13:30:00,804.82,12.166
2025-07-07 14:00:00,804.79,12.11
2025-07-07 14:30:00,804.68,12.056
2025-07-07 15:00:00,804.67,12.003
2025-07-07 15:30:00,804.48,11.956
2025-07-07 16:00:00,804.17,11.918
2025-07-07 16:30:00,804.06,11.882
2025-07-07 17:00:00,804.01,11.858
2025-07-07 17:30:00,804.09,11.838
2025-07-07 18:00:00,804.03,11.825
2025-07-07 18:30:00,803.81,11.818
2025-07-07 19:00:00,803.81,11.82
2025-07-07 19:30:00,803.93,11.827
2025-07-07 20:00:00,803.88,11.84
2025-07-07 20:30:00,803.65,11.861
2025-07-07 21:00:00,803.41,11.888
2025-07-07 21:30:00,803.5,11.922
2025-07-07 22:00:00,803.34,11.965
2025-07-07 22:30:00,803.27,12.012
2025-07-07 23:00:00,803.2,12.067
2025-07-07 23:30:00,802.96,12.127
2025-07-08 00:00:00,802.96,12.19
2025-07-08 00:30:00,802.86,12.255
2025-07-08 01:00:00,802.72,12.324
2025-07-08 01:30:00,802.62,12.389
2025-07-08 02:00:00,802.45,12.455
2025-07-08 02:30:00,802.57,12.52
2025-07-08 03:00:00,802.58,12.576
2025-07-08 03:30:00,802.57,12.628
2025-07-08 04:00:00,802.61,12.675
2025-07-08 04:30:00,802.89,12.715
2025-07-08 05:00:00,803.05,12.75
2025-07-08 05:30:00,803.19,12.774
2025-07-08 06:00:00,803.22,12.795
2025-07-08 06:30:00,803.25,12.81
2025-07-08 07:00:00,803.33,12.817
2025-07-08 07:30:00,803.48,12.82
2025-07-08 08:00:00,803.67,12.817
2025-07-08 08:30:00,803.82,12.81
2025-07-08 09:00:00,803.88,12.8
2025-07-08 09:30:00,804.29,12.785
2025-07-08 10:00:00,804.56,12.762
2025-07-08 10:30:00,804.81,12.74
2025-07-08 11:00:00,805.14,12.705
2025-07-08 11:30:00,805.38,12.666
2025-07-08 12:00:00,805.55,12.623
2025-07-08 12:30:00,805.81,12.568
2025-07-08 13:00:00,805.91,12.508
2025-07-08 13:30:00,806.03,12.447
2025-07-08 14:00:00,806.04,12.38
2025-07-08 14:30:00,806.03,12.316
2025-07-08 15:00:00,806.03,12.254
2025-07-08 15:30:00,806.09,12.203
2025-07-08 16:00:00,806.0,12.157
2025-07-08 16:30:00,805.85,12.115
2025-07-08 17:00:00,805.77,12.083
2025-07-08 17:30:00,805.95,12.057
2025-07-08 18:00:00,805.94,12.042
2025-07-08 18:30:00,805.93,12.033
2025-07-08 19:00:00,805.86,12.028
2025-07-08 19:30:00,805.89,12.035
2025-07-08 20:00:00,805.96,12.044
2025-07-08 20:30:00,805.67,12.065
2025-07-08 21:00:00,805.74,12.093
2025-07-08 21:30:00,805.72,12.128
2025-07-08 22:00:00,805.53,12.169
2025-07-08 22:30:00,805.3,12.218
2025-07-08 23:00:00,805.17,12.272
2025-07-08 23:30:00,805.01,12.329
2025-07-09 00:00:00,804.61,12.394
2025-07-09 00:30:00,804.26,12.461
2025-07-09 01:00:00,804.1,12.531
2025-07-09 01:30:00,803.99,12.598
2025-07-09 02:00:00,803.85,12.662
2025-07-09 02:30:00,803.76,12.724
2025-07-09 03:00:00,803.73,12.779
2025-07-09 03:30:00,803.82,12.83
2025-07-09 04:00:00,803.93,12.875
2025-07-09 04:30:00,804.13,12.914
2025-07-09 05:00:00,804.12,12.946
2025-07-09 05:30:00,804.03,12.97
2025-07-09 06:00:00,804.01,12.993
2025-07-09 06:30:00,803.94,13.006
2025-07-09 07:00:00,803.99,13.014
2025-07-09 07:30:00,804.08,13.019
2025-07-09 08:00:00,804.17,13.011
2025-07-09 08:30:00,804.35,12.999
2025-07-09 09:00:00,804.73,12.982
2025-07-09 09:30:00,805.11,12.956
2025-07-09 10:00:00,805.4,12.923
2025-07-09 10:30:00,805.69,12.886
2025-07-09 11:00:00,805.93,12.839
2025-07-09 11:30:00,806.13,12.789
2025-07-09 12:00:00,806.36,12.731
2025-07-09 12:30:00,806.66,12.664
2025-07-09 13:00:00,806.72,12.596
2025-07-09 13:30:00,806.71,12.524
2025-07-09 14:00:00,806.52,12.444
2025-07-09 14:30:00,806.4,12.37
2025-07-09 15:00:00,806.41,12.298
2025-07-09 15:30:00,806.27,12.23
2025-07-09 16:00:00,806.22,12.169
2025-07-09 16:30:00,806.08,12.118
2025-07-09 17:00:00,805.71,12.077
2025-07-09 17:30:00,805.7,12.043
2025-07-09 18:00:00,805.68,12.021
2025-07-09 18:30:00,805.61,12.005
2025-07-09 19:00:00,805.56,12.0
2025-07-09 19:30:00,805.37,12.001
2025-07-09 20:00:00,805.15,12.009
2025-07-09 20:30:00,805.08,12.027
2025-07-09 21:00:00,805.03,12.048
2025-07-09 21:30:00,804.68,12.08
2025-07-09 22:00:00,804.44,12.116
2025-07-09 22:30:00,804.13,12.162
2025-07-09 23:00:00,803.81,12.213
2025-07-09 23:30:00,803.71,12.27
2025-07-10 00:00:00,803.4,12.333
2025-07-10 00:30:00,803.13,12.398
2025-07-10 01:00:00,802.83,12.467
2025-07-10 01:30:00,802.81,12.537
2025-07-10 02:00:00,802.87,12.602
2025-07-10 02:30:00,802.77,12.668
2025-07-10 03:00:00,802.74,12.725
2025-07-10 03:30:00,802.82,12.779
2025-07-10 04:00:00,802.99,12.824
2025-07-10 04:30:00,802.83,12.864
2025-07-10 05:00:00,802.9,12.9
2025-07-10 05:30:00,802.71,12.926
2025-07-10 06:00:00,802.58,12.95
2025-07-10 06:30:00,802.52,12.968
2025-07-10 07:00:00,802.46,12.979
2025-07-10 07:30:00,802.3,12.982
2025-07-10 08:00:00,802.31,12.982
2025-07-10 08:30:00,802.19,12.976
2025-07-10 09:00:00,802.13,12.962
2025-07-10 09:30:00,802.19,12.942
2025-07-10 10:00:00,802.35,12.917
2025-07-10 10:30:00,802.48,12.888
2025-07-10 11:00:00,802.89,12.849
2025-07-10 11:30:00,803.33,12.811
2025-07-10 12:00:00,803.68,12.764
2025-07-10 12:30:00,804.11,12.716
2025-07-10 13:00:00,804.3,12.661
2025-07-10 13:30:00,804.44,12.6
2025-07-10 14:00:00,804.55,12.533
2025-07-10 14:30:00,804.62,12.464
2025-07-10 15:00:00,804.52,12.398
2025-07-10 15:30:00,804.5,12.334
2025-07-10 16:00:00,804.25,12.278
2025-07-10 16:30:00,804.19,12.23
2025-07-10 17:00:00,804.01,12.194
2025-07-10 17:30:00,803.82,12.163
2025-07-10 18:00:00,803.7,12.143
2025-07-10 18:30:00,803.53,12.13
2025-07-10 19:00:00,803.39,12.122
2025-07-10 19:30:00,803.27,12.126
2025-07-10 20:00:00,803.06,12.138
2025-07-10 20:30:00,802.88,12.156
2025-07-10 21:00:00,802.68,12.18
2025-07-10 21:30:00,802.55,12.217
2025-07-10 22:00:00,802.29,12.261
2025-07-10 22:30:00,802.11,12.311
2025-07-10 23:00:00,801.91,12.367
2025-07-10 23:30:00,801.71,12.434
2025-07-11 00:00:00,801.5,12.503
2025-07-11 00:30:00,801.25,12.579
2025-07-11 01:00:00,801.09,12.654
2025-07-11 01:30:00,801.09,12.734
2025-07-11 02:00:00,801.08,12.81
2025-07-11 02:30:00,800.93,12.886
2025-07-11 03:00:00,800.71,12.952
2025-07-11 03:30:00,800.51,13.012
2025-07-11 04:00:00,800.59,13.072
2025-07-11 04:30:00,800.78,13.125
2025-07-11 05:00:00,800.83,13.175
2025-07-11 05:30:00,800.82,13.217
2025-07-11 06:00:00,800.61,13.249
2025-07-11 06:30:00,800.41,13.276
2025-07-11 07:00:00,800.37,13.298
2025-07-11 07:30:00,800.24,13.313
2025-07-11 08:00:00,800.28,13.323
2025-07-11 08:30:00,800.36,13.328
2025-07-11 09:00:00,800.53,13.326
2025-07-11 09:30:00,800.69,13.319
2025-07-11 10:00:00,800.82,13.305
2025-07-11 10:30:00,801.26,13.289
2025-07-11 11:00:00,801.64,13.267
2025-07-11 11:30:00,802.17,13.24
2025-07-11 12:00:00,802.59,13.207
2025-07-11 12:30:00,802.9,13.167
2025-07-11 13:00:00,803.21,13.119
2025-07-11 13:30:00,803.36,13.066
2025-07-11 14:00:00,803.48,13.006
2025-07-11 14:30:00,803.53,12.948
2025-07-11 15:00:00,803.52,12.891
2025-07-11 15:30:00,803.53,12.835
2025-07-11 16:00:00,803.45,12.785
2025-07-11 16:30:00,803.22,12.742
2025-07-11 17:00:00,803.06,12.706
2025-07-11 17:30:00,802.88,12.68
2025-07-11 18:00:00,802.79,12.661
2025-07-11 18:30:00,802.67,12.651
2025-07-11 19:00:00,802.54,12.646
2025-07-11 19:30:00,802.46,12.65
2025-07-11 20:00:00,802.27,12.661
2025-07-11 20:30:00,802.27,12.68
2025-07-11 21:00:00,802.3,12.708
2025-07-11 21:30:00,802.03,12.746
2025-07-11 22:00:00,801.97,12.791
2025-07-11 22:30:00,801.89,12.846
2025-07-11 23:00:00,801.88,12.912
2025-07-11 23:30:00,801.8,12.984
2025-07-12 00:00:00,801.44,13.063
2025-07-12 00:30:00,801.27,13.145
2025-07-12 01:00:00,801.07,13.226
2025-07-12 01:30:00,800.91,13.305
2025-07-12 02:00:00,800.87,13.387
2025-07-12 02:30:00,800.91,13.464
2025-07-12 03:00:00,801.02,13.537
2025-07-12 03:30:00,801.16,13.602
2025-07-12 04:00:00,801.21,13.663
2025-07-12 04:30:00,801.36,13.715
2025-07-12 05:00:00,801.43,13.762
2025-07-12 05:30:00,801.32,13.801
2025-07-12 06:00:00,801.48,13.837
2025-07-12 06:30:00,801.52,13.865
2025-07-12 07:00:00,801.59,13.888
2025-07-12 07:30:00,801.79,13.908
2025-07-12 08:00:00,802.06,13.922
2025-07-12 08:30:00,802.26,13.933
2025-07-12 09:00:00,802.75,13.938
2025-07-12 09:30:00,803.17,13.939
2025-07-12 10:00:00,803.57,13.935
2025-07-12 10:30:00,803.93,13.926
2025-07-12 11:00:00,804.31,13.91
2025-07-12 11:30:00,804.58,13.887
2025-07-12 12:00:00,804.83,13.858
2025-07-12 12:30:00,805.07,13.82
2025-07-12 13:00:00,805.23,13.773
2025-07-12 13:30:00,805.21,13.723
2025-07-12 14:00:00,805.3,13.666
2025-07-12 14:30:00,805.28,13.607
2025-07-12 15:00:00,805.33,13.552
2025-07-12 15:30:00,805.09,13.498
2025-07-12 16:00:00,804.94,13.449
2025-07-12 16:30:00,804.92,13.412
2025-07-12 17:00:00,804.86,13.379
2025-07-12 17:30:00,804.83,13.354
2025-07-12 18:00:00,804.95,13.334
2025-07-12 18:30:00,804.71,13.322
2025-07-12 19:00:00,804.45,13.316
2025-07-12 19:30:00,804.31,13.316
2025-07-12 20:00:00,804.15,13.325
2025-07-12 20:30:00,803.93,13.341
2025-07-12 21:00:00,803.73,13.366
2025-07-12 21:30:00,803.85,13.399
2025-07-12 22:00:00,803.79,13.44
2025-07-12 22:30:00,803.71,13.49
2025-07-12 23:00:00,803.49,13.55
2025-07-12 23:30:00,803.34,13.613
2025-07-13 00:00:00,803.12,13.684
2025-07-13 00:30:00,802.91,13.756
2025-07-13 01:00:00,802.74,13.836
2025-07-13 01:30:00,802.66,13.913
2025-07-13 02:00:00,802.85,13.989
2025-07-13 02:30:00,802.79,14.064
2025-07-13 03:00:00,802.73,14.132
2025-07-13 03:30:00,802.83,14.194
2025-07-13 04:00:00,802.92,14.252
2025-07-13 04:30:00,803.03,14.3
2025-07-13 05:00:00,803.22,14.342
2025-07-13 05:30:00,803.36,14.375
2025-07-13 06:00:00,803.51,14.408
2025-07-13 06:30:00,803.66,14.429
2025-07-13 07:00:00,803.91,14.448
2025-07-13 07:30:00,804.14,14.462
2025-07-13 08:00:00,804.51,14.474
2025-07-13 08:30:00,804.85,14.482
2025-07-13 09:00:00,805.25,14.483
2025-07-13 09:30:00,805.58,14.483
2025-07-13 10:00:00,805.95,14.475
2025-07-13 10:30:00,806.37,14.466
2025-07-13 11:00:00,806.52,14.445
2025-07-13 11:30:00,806.78,14.417
2025-07-13 12:00:00,806.94,14.379
2025-07-13 12:30:00,807.0,14.331
2025-07-13 13:00:00,807.16,14.28
2025-07-13 13:30:00,807.31,14.22
2025-07-13 14:00:00,807.31,14.158
2025-07-13 14:30:00,807.28,14.1
2025-07-13 15:00:00,807.24,14.041
2025-07-13 15:30:00,807.12,13.987
2025-07-13 16:00:00,807.06,13.939
2025-07-13 16:30:00,806.88,13.902
2025-07-13 17:00:00,806.79,13.872
2025-07-13 17:30:00,806.8,13.847
2025-07-13 18:00:00,806.62,13.828
2025-07-13 18:30:00,806.4,13.816
2025-07-13 19:00:00,806.36,13.811
2025-07-13 19:30:00,806.19,13.809
2025-07-13 20:00:00,805.97,13.816
2025-07-13 20:30:00,805.85,13.826
2025-07-13 21:00:00,805.71,13.84
2025-07-13 21:30:00,805.58,13.857
2025-07-13 22:00:00,805.38,13.882
2025-07-13 22:30:00,805.1,13.912
2025-07-13 23:00:00,804.95,13.949
2025-07-13 23:30:00,804.74,13.988
2025-07-14 00:00:00,804.47,14.034
2025-07-14 00:30:00,804.11,14.086
2025-07-14 01:00:00,804.05,14.143
2025-07-14 01:30:00,803.93,14.2
2025-07-14 02:00:00,803.9,14.26
2025-07-14 02:30:00,803.95,14.317
2025-07-14 03:00:00,803.95,14.372
2025-07-14 03:30:00,804.15,14.424
2025-07-14 04:00:00,804.16,14.468
2025-07-14 04:30:00,804.3,14.507
2025-07-14 05:00:00,804.46,14.543
2025-07-14 05:30:00,804.71,14.572
2025-07-14 06:00:00,804.79,14.597
2025-07-14 06:30:00,804.9,14.62
2025-07-14 07:00:00,805.1,14.637
2025-07-14 07:30:00,805.2,14.648
2025-07-14 08:00:00,805.45,14.657
2025-07-14 08:30:00,805.8,14.662
2025-07-14 09:00:00,806.08,14.662
2025-07-14 09:30:00,806.34,14.658
2025-07-14 10:00:00,806.56,14.647
2025-07-14 10:30:00,806.82,14.628
2025-07-14 11:00:00,807.05,14.602
2025-07-14 11:30:00,807.15,14.569
2025-07-14 12:00:00,807.34,14.529
2025-07-14 12:30:00,807.32,14.483
2025-07-14 13:00:00,807.49,14.432
2025-07-14 13:30:00,807.52,14.375
2025-07-14 14:00:00,807.68,14.319
2025-07-14 14:30:00,807.47,14.261
2025-07-14 15:00:00,807.44,14.209
2025-07-14 15:30:00,807.28,14.158
2025-07-14 16:00:00,807.01,14.113
2025-07-14 16:30:00,806.63,14.077
2025-07-14 17:00:00,806.5,14.048
2025-07-14 17:30:00,806.27,14.024
2025-07-14 18:00:00,806.16,14.007
2025-07-14 18:30:00,806.12,13.995
2025-07-14 19:00:00,805.8,13.991
2025-07-14 19:30:00,805.62,13.99
2025-07-14 20:00:00,805.31,13.998
2025-07-14 20:30:00,805.13,14.013
2025-07-14 21:00:00,804.95,14.038
2025-07-14 21:30:00,804.65,14.066
2025-07-14 22:00:00,804.46,14.11
2025-07-14 22:30:00,804.11,14.158
2025-07-14 23:00:00,803.89,14.212
2025-07-14 23:30:00,803.63,14.273
2025-07-15 00:00:00,803.24,14.335
2025-07-15 00:30:00,802.92,14.402
2025-07-15 01:00:00,802.67,14.473
2025-07-15 01:30:00,802.48,14.54
2025-07-15 02:00:00,802.38,14.608
2025-07-15 02:30:00,802.31,14.671
2025-07-15 03:00:00,802.22,14.733
2025-07-15 03:30:00,802.24,14.788
2025-07-15 04:00:00,802.24,14.838
2025-07-15 04:30:00,802.33,14.882
2025-07-15 05:00:00,802.46,14.915
2025-07-15 05:30:00,802.4,14.945
2025-07-15 06:00:00,802.48,14.97
2025-07-15 06:30:00,802.47,14.992
2025-07-15 07:00:00,802.49,15.005
2025-07-15 07:30:00,802.68,15.017
2025-07-15 08:00:00,802.79,15.023
2025-07-15 08:30:00,802.99,15.023
2025-07-15 09:00:00,803.33,15.019
2025-07-15 09:30:00,803.42,15.01
2025-07-15 10:00:00,803.57,14.995
2025-07-15 10:30:00,803.59,14.972
2025-07-15 11:00:00,803.71,14.943
2025-07-15 11:30:00,803.71,14.905
2025-07-15 12:00:00,803.82,14.864
2025-07-15 12:30:00,803.66,14.811
2025-07-15 13:00:00,803.91,14.749
2025-07-15 13:30:00,804.0,14.686
2025-07-15 14:00:00,804.1,14.619
2025-07-15 14:30:00,804.21,14.554
2025-07-15 15:00:00,804.19,14.488
2025-07-15 15:30:00,804.07,14.427
2025-07-15 16:00:00,803.75,14.374
2025-07-15 16:30:00,803.52,14.331
2025-07-15 17:00:00,803.32,14.296
2025-07-15 17:30:00,803.19,14.268
2025-07-15 18:00:00,803.06,14.249
2025-07-15 18:30:00,802.87,14.235
2025-07-15 19:00:00,802.75,14.227
2025-07-15 19:30:00,802.62,14.226
2025-07-15 20:00:00,802.4,14.233
2025-07-15 20:30:00,802.16,14.246
2025-07-15 21:00:00,802.03,14.268
2025-07-15 21:30:00,801.83,14.297
2025-07-15 22:00:00,801.52,14.332
2025-07-15 22:30:00,801.14,14.374
2025-07-15 23:00:00,800.82,14.423
2025-07-15 23:30:00,800.6,14.477
2025-07-16 00:00:00,800.49,14.533
2025-07-16 00:30:00,800.17,14.598
2025-07-16 01:00:00,799.94,14.659
2025-07-16 01:30:00,799.82,14.728
2025-07-16 02:00:00,799.72,14.791
2025-07-16 02:30:00,799.73,14.855
2025-07-16 03:00:00,799.6,14.913
2025-07-16 03:30:00,799.48,14.968
2025-07-16 04:00:00,799.5,15.013
2025-07-16 04:30:00,799.56,15.053
2025-07-16 05:00:00,799.47,15.084
2025-07-16 05:30:00,799.36,15.113
2025-07-16 06:00:00,799.32,15.13
2025-07-16 06:30:00,799.13,15.144
2025-07-16 07:00:00,799.01,15.154
2025-07-16 07:30:00,798.85,15.155
2025-07-16 08:00:00,798.68,15.153
2025-07-16 08:30:00,798.58,15.142
2025-07-16 09:00:00,798.64,15.124
2025-07-16 09:30:00,798.81,15.106
2025-07-16 10:00:00,798.82,15.074
2025-07-16 10:30:00,799.05,15.041
2025-07-16 11:00:00,799.33,15.0
2025-07-16 11:30:00,799.52,14.956
2025-07-16 12:00:00,799.83,14.907
2025-07-16 12:30:00,800.17,14.853
2025-07-16 13:00:00,800.42,14.794
2025-07-16 13:30:00,800.62,14.731
2025-07-16 14:00:00,800.7,14.667
2025-07-16 14:30:00,800.86,14.6
2025-07-16 15:00:00,800.76,14.531
2025-07-16 15:30:00,800.71,14.467
2025-07-16 16:00:00,800.62,14.405
2025-07-16 16:30:00,800.54,14.351
2025-07-16 17:00:00,800.41,14.307
2025-07-16 17:30:00,800.44,14.273
2025-07-16 18:00:00,800.41,14.246
2025-07-16 18:30:00,800.2,14.227
2025-07-16 19:00:00,800.22,14.216
2025-07-16 19:30:00,800.09,14.212
2025-07-16 20:00:00,800.08,14.216
2025-07-16 20:30:00,800.01,14.227
2025-07-16 21:00:00,799.9,14.248
2025-07-16 21:30:00,799.78,14.279
2025-07-16 22:00:00,799.5,14.316
2025-07-16 22:30:00,799.4,14.361
2025-07-16 23:00:00,799.16,14.414
2025-07-16 23:30:00,798.84,14.475
2025-07-17 00:00:00,798.7,14.54
2025-07-17 00:30:00,798.51,14.608
2025-07-17 01:00:00,798.32,14.681
2025-07-17 01:30:00,798.14,14.751
2025-07-17 02:00:00,798.16,14.822
2025-07-17 02:30:00,798.32,14.888
2025-07-17 03:00:00,798.33,14.949
2025-07-17 03:30:00,798.29,15.003
2025-07-17 04:00:00,798.15,15.053
2025-07-17 04:30:00,798.32,15.096
2025-07-17 05:00:00,798.38,15.133
2025-07-17 05:30:00,798.37,15.162
2025-07-17 06:00:00,798.16,15.185
2025-07-17 06:30:00,798.13,15.2
2025-07-17 07:00:00,798.06,15.209
2025-07-17 07:30:00,798.01,15.212
2025-07-17 08:00:00,797.83,15.211
2025-07-17 08:30:00,797.69,15.202
2025-07-17 09:00:00,797.62,15.189
2025-07-17 09:30:00,797.69,15.169
2025-07-17 10:00:00,797.73,15.143
2025-07-17 10:30:00,797.84,15.116
2025-07-17 11:00:00,797.91,15.081
2025-07-17 11:30:00,798.07,15.041
2025-07-17 12:00:00,798.32,14.996
2025-07-17 12:30:00,798.44,14.947
2025-07-17 13:00:00,798.74,14.893
2025-07-17 13:30:00,798.96,14.836
2025-07-17 14:00:00,799.21,14.775
2025-07-17 14:30:00,799.25,14.711
2025-07-17 15:00:00,799.23,14.652
2025-07-17 15:30:00,799.31,14.593
2025-07-17 16:00:00,799.27,14.541
2025-07-17 16:30:00,799.22,14.494
2025-07-17 17:00:00,799.13,14.455
2025-07-17 17:30:00,799.12,14.423
2025-07-17 18:00:00,799.22,14.399
2025-07-17 18:30:00,799.1,14.382
2025-07-17 19:00:00,799.22,14.371
2025-07-17 19:30:00,799.32,14.365
2025-07-17 20:00:00,799.21,14.373
2025-07-17 20:30:00,799.11,14.386
2025-07-17 21:00:00,799.11,14.404
2025-07-17 21:30:00,799.01,14.431
2025-07-17 22:00:00,798.73,14.466
2025-07-17 22:30:00,798.82,14.509
2025-07-17 23:00:00,798.54,14.558
2025-07-17 23:30:00,798.41,14.611
2025-07-18 00:00:00,798.19,14.672
2025-07-18 00:30:00,797.96,14.734
2025-07-18 01:00:00,797.8,14.797
2025-07-18 01:30:00,797.67,14.863
2025-07-18 02:00:00,797.66,14.924
2025-07-18 02:30:00,797.71,14.983
2025-07-18 03:00:00,797.73,15.041
2025-07-18 03:30:00,797.85,15.093
2025-07-18 04:00:00,798.04,15.14
2025-07-18 04:30:00,798.17,15.183
2025-07-18 05:00:00,798.28,15.216
2025-07-18 05:30:00,798.33,15.244
2025-07-18 06:00:00,798.22,15.264
2025-07-18 06:30:00,798.05,15.278
2025-07-18 07:00:00,798.03,15.288
2025-07-18 07:30:00,797.95,15.29
2025-07-18 08:00:00,797.9,15.285
2025-07-18 08:30:00,797.85,15.272
2025-07-18 09:00:00,797.69,15.252
2025-07-18 09:30:00,797.66,15.226
2025-07-18 10:00:00,797.72,15.194
2025-07-18 10:30:00,797.71,15.153
2025-07-18 11:00:00,797.7,15.111
2025-07-18 11:30:00,797.86,15.064
2025-07-18 12:00:00,798.13,15.009
2025-07-18 12:30:00,798.28,14.956
2025-07-18 13:00:00,798.69,14.892
2025-07-18 13:30:00,798.91,14.83
2025-07-18 14:00:00,799.12,14.763
2025-07-18 14:30:00,799.21,14.697
2025-07-18 15:00:00,799.27,14.631
2025-07-18 15:30:00,799.28,14.567
2025-07-18 16:00:00,799.23,14.509
2025-07-18 16:30:00,799.23,14.457
2025-07-18 17:00:00,799.28,14.411
2025-07-18 17:30:00,799.42,14.376
2025-07-18 18:00:00,799.39,14.346
2025-07-18 18:30:00,799.36,14.326
2025-07-18 19:00:00,799.29,14.309
2025-07-18 19:30:00,799.35,14.304
2025-07-18 20:00:00,799.27,14.303
2025-07-18 20:30:00,799.24,14.31
2025-07-18 21:00:00,799.22,14.323
2025-07-18 21:30:00,799.17,14.344
2025-07-18 22:00:00,798.93,14.377
2025-07-18 22:30:00,798.84,14.41
2025-07-18 23:00:00,798.75,14.451
2025-07-18 23:30:00,798.73,14.496
2025-07-19 00:00:00,798.64,14.545
2025-07-19 00:30:00,798.38,14.598
2025-07-19 01:00:00,798.38,14.656
2025-07-19 01:30:00,798.43,14.713
2025-07-19 02:00:00,798.4,14.773
2025-07-19 02:30:00,798.53,14.83
2025-07-19 03:00:00,798.54,14.887
2025-07-19 03:30:00,798.62,14.941
2025-07-19 04:00:00,798.76,14.993
2025-07-19 04:30:00,798.88,15.044
2025-07-19 05:00:00,798.99,15.087
2025-07-19 05:30:00,798.91,15.124
2025-07-19 06:00:00,798.9,15.155
2025-07-19 06:30:00,798.81,15.175
2025-07-19 07:00:00,798.82,15.189
2025-07-19 07:30:00,798.81,15.2
2025-07-19 08:00:00,798.75,15.205
2025-07-19 08:30:00,798.59,15.2
2025-07-19 09:00:00,798.49,15.189
2025-07-19 09:30:00,798.38,15.173
2025-07-19 10:00:00,798.39,15.149
2025-07-19 10:30:00,798.21,15.119
2025-07-19 11:00:00,798.16,15.083
2025-07-19 11:30:00,798.16,15.045
2025-07-19 12:00:00,798.36,15.003
2025-07-19 12:30:00,798.64,14.955
2025-07-19 13:00:00,798.88,14.907
2025-07-19 13:30:00,799.12,14.853
2025-07-19 14:00:00,799.22,14.797
2025-07-19 14:30:00,799.39,14.739
2025-07-19 15:00:00,799.51,14.684
2025-07-19 15:30:00,799.68,14.629
2025-07-19 16:00:00,799.74,14.581
2025-07-19 16:30:00,799.64,14.538
2025-07-19 17:00:00,799.63,14.499
2025-07-19 17:30:00,799.68,14.468
2025-07-19 18:00:00,799.77,14.439
2025-07-19 18:30:00,799.71,14.41
2025-07-19 19:00:00,799.63,14.389
2025-07-19 19:30:00,799.68,14.37
2025-07-19 20:00:00,799.58,14.357
2025-07-19 20:30:00,799.38,14.35
2025-07-19 21:00:00,799.23,14.345
2025-07-19 21:30:00,799.16,14.347
2025-07-19 22:00:00,799.21,14.357
2025-07-19 22:30:00,799.11,14.371
2025-07-19 23:00:00,798.89,14.393
2025-07-19 23:30:00,798.77,14.421
2025-07-20 00:00:00,798.53,14.452
2025-07-20 00:30:00,798.49,14.492
2025-07-20 01:00:00,798.39,14.533
2025-07-20 01:30:00,798.34,14.575
2025-07-20 02:00:00,798.35,14.622
2025-07-20 02:30:00,798.39,14.667
2025-07-20 03:00:00,798.43,14.711
2025-07-20 03:30:00,798.39,14.755
2025-07-20 04:00:00,798.49,14.796
2025-07-20 04:30:00,798.62,14.835
2025-07-20 05:00:00,798.66,14.867
2025-07-20 05:30:00,798.52,14.898
2025-07-20 06:00:00,798.48,14.92
2025-07-20 06:30:00,798.41,14.935
2025-07-20 07:00:00,798.3,14.947
2025-07-20 07:30:00,798.14,14.955
2025-07-20 08:00:00,797.95,14.956
2025-07-20 08:30:00,797.82,14.951
2025-07-20 09:00:00,797.62,14.941
2025-07-20 09:30:00,797.48,14.927
2025-07-20 10:00:00,797.32,14.908
2025-07-20 10:30:00,797.16,14.881
2025-07-20 11:00:00,797.08,14.852
2025-07-20 11:30:00,796.99,14.818
2025-07-20 12:00:00,797.1,14.779
2025-07-20 12:30:00,797.17,14.735
2025-07-20 13:00:00,797.34,14.691
2025-07-20 13:30:00,797.48,14.643
2025-07-20 14:00:00,797.54,14.59
2025-07-20 14:30:00,797.66,14.536
2025-07-20 15:00:00,797.7,14.485
2025-07-20 15:30:00,797.74,14.434
2025-07-20 16:00:00,797.78,14.388
2025-07-20 16:30:00,797.7,14.347
2025-07-20 17:00:00,797.73,14.314
2025-07-20 17:30:00,797.63,14.285
2025-07-20 18:00:00,797.63,14.262
2025-07-20 18:30:00,797.47,14.247
2025-07-20 19:00:00,797.46,14.234
2025-07-20 19:30:00,797.41,14.229
2025-07-20 20:00:00,797.3,14.229
2025-07-20 20:30:00,797.19,14.24
2025-07-20 21:00:00,797.11,14.254
2025-07-20 21:30:00,797.0,14.277
2025-07-20 22:00:00,796.93,14.307
2025-07-20 22:30:00,796.82,14.344
2025-07-20 23:00:00,796.69,14.389
2025-07-20 23:30:00,796.55,14.439
2025-07-21 00:00:00,796.42,14.496
2025-07-21 00:30:00,796.23,14.556
2025-07-21 01:00:00,796.14,14.621
2025-07-21 01:30:00,796.21,14.686
2025-07-21 02:00:00,796.2,14.752
2025-07-21 02:30:00,796.24,14.818
2025-07-21 03:00:00,796.21,14.879
2025-07-21 03:30:00,796.25,14.938
2025-07-21 04:00:00,796.31,14.992
2025-07-21 04:30:00,796.41,15.044
2025-07-21 05:00:00,796.41,15.093
2025-07-21 05:30:00,796.29,15.134
2025-07-21 06:00:00,796.15,15.17
2025-07-21 06:30:00,796.07,15.198
2025-07-21 07:00:00,795.92,15.219
2025-07-21 07:30:00,795.77,15.229
2025-07-21 08:00:00,795.56,15.236
2025-07-21 08:30:00,795.31,15.23
2025-07-21 09:00:00,795.13,15.216
2025-07-21 09:30:00,794.89,15.196
2025-07-21 10:00:00,794.72,15.168
2025-07-21 10:30:00,794.57,15.132
2025-07-21 11:00:00,794.67,15.089
2025-07-21 11:30:00,794.57,15.041
2025-07-21 12:00:00,794.59,14.991
2025-07-21 12:30:00,794.71,14.934
2025-07-21 13:00:00,794.89,14.874
2025-07-21 13:30:00,795.08,14.81
2025-07-21 14:00:00,795.07,14.745
2025-07-21 14:30:00,795.1,14.678
2025-07-21 15:00:00,795.17,14.615
2025-07-21 15:30:00,795.17,14.554
2025-07-21 16:00:00,795.08,14.5
2025-07-21 16:30:00,795.09,14.45
2025-07-21 17:00:00,795.18,14.41
2025-07-21 17:30:00,795.2,14.374
2025-07-21 18:00:00,795.19,14.344
2025-07-21 18:30:00,795.15,14.32
2025-07-21 19:00:00,795.14,14.304
2025-07-21 19:30:00,795.0,14.295
2025-07-21 20:00:00,794.96,14.289
2025-07-21 20:30:00,794.89,14.296
2025-07-21 21:00:00,794.83,14.303
2025-07-21 21:30:00,794.77,14.32
2025-07-21 22:00:00,794.69,14.341
2025-07-21 22:30:00,794.5,14.368
2025-07-21 23:00:00,794.3,14.402
2025-07-21 23:30:00,794.23,14.442
2025-07-22 00:00:00,794.11,14.487
2025-07-22 00:30:00,794.04,14.538
2025-07-22 01:00:00,793.95,14.593
2025-07-22 01:30:00,794.04,14.651
2025-07-22 02:00:00,794.02,14.707
2025-07-22 02:30:00,793.96,14.761
2025-07-22 03:00:00,794.0,14.817
2025-07-22 03:30:00,794.08,14.871
2025-07-22 04:00:00,794.15,14.923
2025-07-22 04:30:00,794.18,14.968
2025-07-22 05:00:00,794.2,15.008
2025-07-22 05:30:00,794.16,15.04
2025-07-22 06:00:00,794.12,15.066
2025-07-22 06:30:00,794.04,15.086
2025-07-22 07:00:00,793.98,15.096
2025-07-22 07:30:00,793.82,15.103
2025-07-22 08:00:00,793.63,15.101
2025-07-22 08:30:00,793.38,15.089
2025-07-22 09:00:00,793.14,15.071
2025-07-22 09:30:00,793.0,15.045
2025-07-22 10:00:00,792.74,15.012
2025-07-22 10:30:00,792.62,14.974
2025-07-22 11:00:00,792.56,14.93
2025-07-22 11:30:00,792.43,14.879
2025-07-22 12:00:00,792.44,14.83
2025-07-22 12:30:00,792.49,14.772
2025-07-22 13:00:00,792.49,14.715
2025-07-22 13:30:00,792.56,14.653
2025-07-22 14:00:00,792.53,14.59
2025-07-22 14:30:00,792.56,14.526
2025-07-22 15:00:00,792.7,14.466
2025-07-22 15:30:00,792.71,14.412
2025-07-22 16:00:00,792.68,14.363
2025-07-22 16:30:00,792.66,14.319
2025-07-22 17:00:00,792.75,14.284
2025-07-22 17:30:00,792.76,14.255
2025-07-22 18:00:00,792.78,14.231
2025-07-22 18:30:00,792.9,14.213
2025-07-22 19:00:00,792.96,14.204
2025-07-22 19:30:00,793.02,14.198
2025-07-22 20:00:00,793.04,14.197
2025-07-22 20:30:00,792.93,14.205
2025-07-22 21:00:00,792.86,14.216
2025-07-22 21:30:00,792.77,14.235
2025-07-22 22:00:00,792.76,14.257
2025-07-22 22:30:00,792.79,14.285
2025-07-22 23:00:00,792.76,14.319
2025-07-22 23:30:00,792.86,14.355
2025-07-23 00:00:00,792.78,14.397
2025-07-23 00:30:00,792.79,14.445
2025-07-23 01:00:00,792.84,14.492
2025-07-23 01:30:00,792.87,14.54
2025-07-23 02:00:00,792.91,14.593
2025-07-23 02:30:00,793.09,14.642
2025-07-23 03:00:00,793.35,14.69
2025-07-23 03:30:00,793.38,14.739
2025-07-23 04:00:00,793.56,14.786
2025-07-23 04:30:00,793.69,14.83
2025-07-23 05:00:00,793.74,14.869
2025-07-23 05:30:00,793.7,14.902
2025-07-23 06:00:00,793.67,14.93
2025-07-23 06:30:00,793.65,14.95
2025-07-23 07:00:00,793.56,14.963
2025-07-23 07:30:00,793.47,14.972
2025-07-23 08:00:00,793.42,14.973
2025-07-23 08:30:00,793.3,14.963
2025-07-23 09:00:00,793.19,14.948
2025-07-23 09:30:00,793.08,14.922
2025-07-23 10:00:00,793.01,14.892
2025-07-23 10:30:00,792.95,14.852
2025-07-23 11:00:00,792.79,14.81
2025-07-23 11:30:00,792.81,14.765
2025-07-23 12:00:00,792.75,14.712
2025-07-23 12:30:00,792.76,14.659
2025-07-23 13:00:00,792.82,14.603
2025-07-23 13:30:00,792.89,14.543
2025-07-23 14:00:00,792.88,14.484
2025-07-23 14:30:00,793.03,14.423
2025-07-23 15:00:00,793.08,14.367
2025-07-23 15:30:00,793.05,14.317
2025-07-23 16:00:00,792.93,14.271
2025-07-23 16:30:00,793.08,14.235
2025-07-23 17:00:00,793.13,14.198
2025-07-23 17:30:00,793.25,14.167
2025-07-23 18:00:00,793.32,14.141
2025-07-23 18:30:00,793.42,14.122
2025-07-23 19:00:00,793.44,14.109
2025-07-23 19:30:00,793.43,14.104
2025-07-23 20:00:00,793.5,14.104
2025-07-23 20:30:00,793.57,14.113
2025-07-23 21:00:00,793.71,14.125
2025-07-23 21:30:00,793.81,14.144
2025-07-23 22:00:00,793.89,14.163
2025-07-23 22:30:00,793.96,14.189
2025-07-23 23:00:00,794.01,14.216
2025-07-23 23:30:00,794.06,14.246
2025-07-24 00:00:00,794.12,14.28
2025-07-24 00:30:00,794.16,14.314
2025-07-24 01:00:00,794.18,14.349
2025-07-24 01:30:00,794.19,14.379
2025-07-24 02:00:00,794.36,14.416
2025-07-24 02:30:00,794.47,14.452
2025-07-24 03:00:00,794.65,14.487
2025-07-24 03:30:00,794.76,14.516
2025-07-24 04:00:00,794.82,14.544
2025-07-24 04:30:00,795.04,14.57
2025-07-24 05:00:00,795.14,14.593
2025-07-24 05:30:00,795.21,14.609
2025-07-24 06:00:00,795.26,14.624
2025-07-24 06:30:00,795.36,14.632
2025-07-24 07:00:00,795.44,14.636
2025-07-24 07:30:00,795.48,14.633
2025-07-24 08:00:00,795.47,14.622
2025-07-24 08:30:00,795.31,14.606
2025-07-24 09:00:00,795.18,14.583
2025-07-24 09:30:00,795.09,14.555
2025-07-24 10:00:00,795.04,14.52
2025-07-24 10:30:00,795.03,14.479
2025-07-24 11:00:00,795.0,14.436
2025-07-24 11:30:00,795.22,14.388
2025-07-24 12:00:00,795.39,14.338
2025-07-24 12:30:00,795.64,14.281
2025-07-24 13:00:00,795.91,14.225
2025-07-24 13:30:00,796.21,14.167
2025-07-24 14:00:00,796.35,14.104
2025-07-24 14:30:00,796.42,14.042
2025-07-24 15:00:00,796.43,13.984
2025-07-24 15:30:00,796.37,13.923
2025-07-24 16:00:00,796.35,13.874
2025-07-24 16:30:00,796.23,13.826
2025-07-24 17:00:00,796.26,13.787
2025-07-24 17:30:00,796.26,13.752
2025-07-24 18:00:00,796.22,13.722
2025-07-24 18:30:00,796.2,13.7
2025-07-24 19:00:00,796.07,13.685
2025-07-24 19:30:00,796.0,13.68
2025-07-24 20:00:00,795.87,13.68
2025-07-24 20:30:00,795.74,13.688
2025-07-24 21:00:00,795.69,13.702
2025-07-24 21:30:00,795.53,13.72
2025-07-24 22:00:00,795.64,13.744
2025-07-24 22:30:00,795.67,13.771
2025-07-24 23:00:00,795.8,13.802
2025-07-24 23:30:00,795.88,13.835
2025-07-25 00:00:00,795.96,13.872
2025-07-25 00:30:00,795.8,13.908
2025-07-25 01:00:00,795.56,13.946
2025-07-25 01:30:00,795.3,13.986
2025-07-25 02:00:00,795.2,14.022
2025-07-25 02:30:00,795.19,14.06
2025-07-25 03:00:00,795.24,14.096
2025-07-25 03:30:00,795.42,14.128
2025-07-25 04:00:00,795.38,14.162
2025-07-25 04:30:00,795.51,14.189
2025-07-25 05:00:00,795.47,14.215
2025-07-25 05:30:00,795.47,14.234
2025-07-25 06:00:00,795.45,14.251
2025-07-25 06:30:00,795.37,14.262
2025-07-25 07:00:00,795.4,14.27
2025-07-25 07:30:00,795.33,14.271
2025-07-25 08:00:00,795.2,14.265
2025-07-25 08:30:00,795.01,14.25
2025-07-25 09:00:00,794.85,14.233
2025-07-25 09:30:00,794.58,14.208
2025-07-25 10:00:00,794.35,14.176
2025-07-25 10:30:00,793.91,14.141
2025-07-25 11:00:00,793.68,14.103
2025-07-25 11:30:00,793.45,14.06
2025-07-25 12:00:00,793.36,14.014
2025-07-25 12:30:00,793.18,13.966
2025-07-25 13:00:00,792.96,13.917
2025-07-25 13:30:00,792.75,13.864
2025-07-25 14:00:00,792.68,13.81
2025-07-25 14:30:00,792.68,13.759
2025-07-25 15:00:00,792.62,13.709
2025-07-25 15:30:00,792.51,13.664
2025-07-25 16:00:00,792.56,13.631
2025-07-25 16:30:00,792.49,13.601
2025-07-25 17:00:00,792.4,13.575
2025-07-25 17:30:00,792.38,13.555
2025-07-25 18:00:00,792.4,13.539
2025-07-25 18:30:00,792.26,13.53
2025-07-25 19:00:00,792.18,13.522
2025-07-25 19:30:00,792.23,13.52
2025-07-25 20:00:00,792.25,13.522
2025-07-25 20:30:00,792.25,13.525
2025-07-25 21:00:00,792.19,13.531
2025-07-25 21:30:00,792.11,13.541
2025-07-25 22:00:00,792.0,13.554
2025-07-25 22:30:00,791.84,13.567
2025-07-25 23:00:00,791.87,13.585
2025-07-25 23:30:00,791.73,13.604
2025-07-26 00:00:00,791.61,13.625
2025-07-26 00:30:00,791.57,13.649
2025-07-26 01:00:00,791.59,13.673
2025-07-26 01:30:00,791.69,13.703
2025-07-26 02:00:00,791.7,13.732
2025-07-26 02:30:00,791.81,13.761
2025-07-26 03:00:00,791.74,13.791
2025-07-26 03:30:00,791.88,13.818
2025-07-26 04:00:00,791.98,13.844
2025-07-26 04:30:00,792.08,13.872
2025-07-26 05:00:00,792.14,13.895
2025-07-26 05:30:00,792.24,13.916
2025-07-26 06:00:00,792.14,13.93
2025-07-26 06:30:00,792.11,13.949
2025-07-26 07:00:00,792.1,13.958
2025-07-26 07:30:00,792.01,13.962
2025-07-26 08:00:00,791.84,13.962
2025-07-26 08:30:00,791.69,13.957
2025-07-26 09:00:00,791.47,13.945
2025-07-26 09:30:00,791.26,13.928
2025-07-26 10:00:00,791.06,13.904
2025-07-26 10:30:00,790.81,13.874
2025-07-26 11:00:00,790.49,13.841
2025-07-26 11:30:00,790.31,13.802
2025-07-26 12:00:00,790.29,13.763
2025-07-26 12:30:00,790.34,13.718
2025-07-26 13:00:00,790.38,13.672
2025-07-26 13:30:00,790.37,13.625
2025-07-26 14:00:00,790.53,13.575
2025-07-26 14:30:00,790.56,13.531
2025-07-26 15:00:00,790.67,13.48
2025-07-26 15:30:00,790.72,13.435
2025-07-26 16:00:00,790.67,13.394
2025-07-26 16:30:00,790.55,13.363
2025-07-26 17:00:00,790.51,13.336
2025-07-26 17:30:00,790.53,13.32
2025-07-26 18:00:00,790.61,13.306
2025-07-26 18:30:00,790.67,13.3
2025-07-26 19:00:00,790.77,13.299
2025-07-26 19:30:00,790.88,13.297
2025-07-26 20:00:00,790.94,13.299
2025-07-26 20:30:00,790.98,13.304
2025-07-26 21:00:00,790.99,13.313
2025-07-26 21:30:00,791.0,13.325
2025-07-26 22:00:00,791.03,13.339
2025-07-26 22:30:00,791.02,13.354
2025-07-26 23:00:00,791.02,13.373
2025-07-26 23:30:00,791.05,13.395
2025-07-27 00:00:00,791.07,13.416
2025-07-27 00:30:00,791.16,13.439
2025-07-27 01:00:00,791.16,13.462
2025-07-27 01:30:00,791.31,13.481
2025-07-27 02:00:00,791.35,13.503
2025-07-27 02:30:00,791.49,13.524
2025-07-27 03:00:00,791.57,13.542
2025-07-27 03:30:00,791.68,13.558
2025-07-27 04:00:00,791.86,13.573
2025-07-27 04:30:00,792.08,13.58
2025-07-27 05:00:00,792.22,13.586
2025-07-27 05:30:00,792.26,13.588
2025-07-27 06:00:00,792.24,13.582
2025-07-27 06:30:00,792.23,13.574
2025-07-27 07:00:00,792.15,13.559
2025-07-27 07:30:00,792.11,13.542
2025-07-27 08:00:00,792.07,13.519
2025-07-27 08:30:00,791.94,13.491
2025-07-27 09:00:00,791.85,13.464
2025-07-27 09:30:00,791.66,13.431
2025-07-27 10:00:00,791.54,13.397
2025-07-27 10:30:00,791.35,13.357
2025-07-27 11:00:00,791.17,13.316
2025-07-27 11:30:00,791.06,13.275
2025-07-27 12:00:00,791.09,13.231
2025-07-27 12:30:00,791.01,13.186
2025-07-27 13:00:00,791.05,13.136
2025-07-27 13:30:00,791.0,13.087
2025-07-27 14:00:00,791.0,13.037
2025-07-27 14:30:00,790.92,12.985
2025-07-27 15:00:00,790.94,12.936
2025-07-27 15:30:00,790.89,12.893
2025-07-27 16:00:00,790.87,12.856
2025-07-27 16:30:00,790.84,12.83
2025-07-27 17:00:00,790.89,12.812
2025-07-27 17:30:00,791.0,12.796
2025-07-27 18:00:00,791.13,12.788
2025-07-27 18:30:00,791.23,12.782
2025-07-27 19:00:00,791.34,12.783
2025-07-27 19:30:00,791.52,12.792
2025-07-27 20:00:00,791.53,12.807
2025-07-27 20:30:00,791.68,12.828
2025-07-27 21:00:00,791.82,12.857
2025-07-27 21:30:00,791.97,12.889
2025-07-27 22:00:00,792.02,12.932
2025-07-27 22:30:00,792.04,12.978
2025-07-27 23:00:00,792.17,13.032
2025-07-27 23:30:00,792.21,13.088
2025-07-28 00:00:00,792.29,13.15
2025-07-28 00:30:00,792.39,13.218
2025-07-28 01:00:00,792.51,13.286
2025-07-28 01:30:00,792.5,13.355
2025-07-28 02:00:00,792.68,13.428
2025-07-28 02:30:00,792.91,13.496
2025-07-28 03:00:00,793.11,13.561
2025-07-28 03:30:00,793.31,13.624
2025-07-28 04:00:00,793.5,13.684
2025-07-28 04:30:00,793.76,13.738
2025-07-28 05:00:00,793.97,13.787
2025-07-28 05:30:00,794.0,13.833
2025-07-28 06:00:00,794.01,13.869
2025-07-28 06:30:00,793.96,13.903
2025-07-28 07:00:00,793.99,13.925
2025-07-28 07:30:00,794.04,13.945
2025-07-28 08:00:00,794.06,13.955
2025-07-28 08:30:00,793.99,13.959
2025-07-28 09:00:00,793.96,13.954
2025-07-28 09:30:00,793.91,13.942
2025-07-28 10:00:00,793.77,13.923
2025-07-28 10:30:00,793.69,13.895
2025-07-28 11:00:00,793.58,13.864
2025-07-28 11:30:00,793.58,13.825
2025-07-28 12:00:00,793.51,13.784
2025-07-28 12:30:00,793.4,13.738
2025-07-28 13:00:00,793.41,13.687
2025-07-28 13:30:00,793.44,13.634
2025-07-28 14:00:00,793.39,13.575
2025-07-28 14:30:00,793.36,13.519
2025-07-28 15:00:00,793.31,13.461
2025-07-28 15:30:00,793.34,13.411
2025-07-28 16:00:00,793.32,13.367
2025-07-28 16:30:00,793.29,13.335
2025-07-28 17:00:00,793.34,13.31
2025-07-28 17:30:00,793.5,13.292
2025-07-28 18:00:00,793.65,13.283
2025-07-28 18:30:00,793.72,13.275
2025-07-28 19:00:00,793.81,13.277
2025-07-28 19:30:00,793.99,13.281
2025-07-28 20:00:00,794.08,13.294
2025-07-28 20:30:00,794.14,13.314
2025-07-28 21:00:00,794.37,13.339
2025-07-28 21:30:00,794.5,13.372
2025-07-28 22:00:00,794.59,13.411
2025-07-28 22:30:00,794.53,13.452
2025-07-28 23:00:00,794.55,13.5
2025-07-28 23:30:00,794.55,13.553
2025-07-29 00:00:00,794.64,13.606
2025-07-29 00:30:00,794.79,13.665
2025-07-29 01:00:00,794.8,13.727
2025-07-29 01:30:00,794.72,13.786
2025-07-29 02:00:00,794.58,13.846
2025-07-29 02:30:00,794.7,13.904
2025-07-29 03:00:00,794.82,13.959
2025-07-29 03:30:00,795.13,14.009
2025-07-29 04:00:00,795.28,14.059
2025-07-29 04:30:00,795.53,14.1
2025-07-29 05:00:00,795.66,14.14
2025-07-29 05:30:00,795.67,14.173
2025-07-29 06:00:00,795.66,14.201
2025-07-29 06:30:00,795.81,14.225
2025-07-29 07:00:00,795.87,14.242
2025-07-29 07:30:00,795.87,14.255
2025-07-29 08:00:00,795.78,14.259
2025-07-29 08:30:00,795.66,14.259
2025-07-29 09:00:00,795.51,14.251
2025-07-29 09:30:00,795.32,14.238
2025-07-29 10:00:00,795.21,14.217
2025-07-29 10:30:00,795.05,14.192
2025-07-29 11:00:00,794.96,14.161
2025-07-29 11:30:00,794.91,14.125
2025-07-29 12:00:00,794.85,14.082
2025-07-29 12:30:00,794.78,14.039
2025-07-29 13:00:00,794.75,13.991
2025-07-29 13:30:00,794.69,13.94
2025-07-29 14:00:00,794.59,13.885
2025-07-29 14:30:00,794.5,13.832
2025-07-29 15:00:00,794.45,13.775
2025-07-29 15:30:00,794.4,13.728
2025-07-29 16:00:00,794.33,13.692
2025-07-29 16:30:00,794.26,13.662
2025-07-29 17:00:00,794.27,13.639
2025-07-29 17:30:00,794.35,13.623
2025-07-29 18:00:00,794.4,13.612
2025-07-29 18:30:00,794.65,13.604
2025-07-29 19:00:00,794.75,13.606
2025-07-29 19:30:00,794.77,13.613
2025-07-29 20:00:00,794.77,13.626
2025-07-29 20:30:00,794.85,13.646
2025-07-29 21:00:00,794.91,13.674
2025-07-29 21:30:00,794.82,13.709
2025-07-29 22:00:00,794.84,13.748
2025-07-29 22:30:00,794.83,13.792
2025-07-29 23:00:00,794.67,13.838
2025-07-29 23:30:00,794.48,13.89
2025-07-30 00:00:00,794.55,13.944
2025-07-30 00:30:00,794.5,14.002
2025-07-30 01:00:00,794.41,14.06
2025-07-30 01:30:00,794.39,14.12
2025-07-30 02:00:00,793.92,14.184
2025-07-30 02:30:00,793.97,14.242
2025-07-30 03:00:00,794.23,14.297
2025-07-30 03:30:00,794.4,14.347
2025-07-30 04:00:00,794.49,14.395
2025-07-30 04:30:00,794.63,14.437
2025-07-30 05:00:00,794.68,14.474
2025-07-30 05:30:00,794.62,14.505
2025-07-30 06:00:00,794.59,14.529
2025-07-30 06:30:00,794.55,14.547
2025-07-30 07:00:00,794.51,14.561
2025-07-30 07:30:00,794.41,14.568
2025-07-30 08:00:00,794.29,14.57
2025-07-30 08:30:00,794.07,14.567
2025-07-30 09:00:00,793.75,14.558
2025-07-30 09:30:00,793.53,14.544
2025-07-30 10:00:00,793.42,14.521
2025-07-30 10:30:00,793.21,14.493
2025-07-30 11:00:00,793.02,14.461
2025-07-30 11:30:00,792.94,14.429
2025-07-30 12:00:00,792.92,14.386
2025-07-30 12:30:00,792.85,14.344
2025-07-30 13:00:00,792.83,14.3
2025-07-30 13:30:00,792.76,14.25
2025-07-30 14:00:00,792.53,14.2
2025-07-30 14:30:00,792.41,14.147
2025-07-30 15:00:00,792.38,14.096
2025-07-30 15:30:00,792.31,14.05
2025-07-30 16:00:00,792.28,14.015
2025-07-30 16:30:00,792.22,13.984
2025-07-30 17:00:00,792.31,13.964
2025-07-30 17:30:00,792.47,13.951
2025-07-30 18:00:00,792.72,13.94
2025-07-30 18:30:00,792.84,13.932
2025-07-30 19:00:00,792.89,13.924
2025-07-30 19:30:00,793.33,13.917
2025-07-30 20:00:00,793.29,13.908
2025-07-30 20:30:00,793.52,13.895
2025-07-30 21:00:00,793.98,13.883
2025-07-30 21:30:00,794.26,13.869
2025-07-30 22:00:00,794.42,13.857
2025-07-30 22:30:00,794.31,13.844
2025-07-30 23:00:00,794.21,13.835
2025-07-30 23:30:00,794.15,13.827
2025-07-31 00:00:00,793.99,13.824
2025-07-31 00:30:00,793.94,13.822
2025-07-31 01:00:00,793.77,13.824
2025-07-31 01:30:00,793.79,13.828
2025-07-31 02:00:00,793.92,13.836
2025-07-31 02:30:00,794.06,13.843
2025-07-31 03:00:00,794.18,13.852
2025-07-31 03:30:00,794.32,13.862
2025-07-31 04:00:00,794.53,13.867
2025-07-31 04:30:00,794.69,13.876
2025-07-31 05:00:00,794.84,13.881
2025-07-31 05:30:00,794.97,13.884
2025-07-31 06:00:00,794.99,13.881
2025-07-31 06:30:00,795.02,13.873
2025-07-31 07:00:00,795.11,13.86
2025-07-31 07:30:00,795.09,13.839
2025-07-31 08:00:00,795.04,13.815
2025-07-31 08:30:00,794.97,13.785
2025-07-31 09:00:00,794.9,13.752
2025-07-31 09:30:00,794.84,13.713
2025-07-31 10:00:00,794.79,13.672
2025-07-31 10:30:00,794.8,13.626
2025-07-31 11:00:00,794.77,13.579
2025-07-31 11:30:00,794.82,13.527
2025-07-31 12:00:00,794.98,13.475
2025-07-31 12:30:00,795.07,13.417
2025-07-31 13:00:00,795.28,13.36
2025-07-31 13:30:00,795.43,13.301
2025-07-31 14:00:00,795.47,13.242
2025-07-31 14:30:00,795.59,13.18
2025-07-31 15:00:00,795.6,13.119
2025-07-31 15:30:00,795.63,13.065
2025-07-31 16:00:00,795.55,13.019
2025-07-31 16:30:00,795.51,12.978
2025-07-31 17:00:00,795.47,12.95
2025-07-31 17:30:00,795.41,12.924
2025-07-31 18:00:00,795.37,12.909
2025-07-31 18:30:00,795.31,12.896
2025-07-31 19:00:00,795.24,12.893
2025-07-31 19:30:00,795.18,12.896
2025-07-31 20:00:00,795.13,12.906
2025-07-31 20:30:00,795.12,12.925
2025-07-31 21:00:00,795.13,12.945
2025-07-31 21:30:00,795.11,12.972
2025-07-31 22:00:00,795.14,13.008
2025-07-31 22:30:00,795.15,13.045
2025-07-31 23:00:00,795.04,13.088
2025-07-31 23:30:00,795.04,13.136
2025-08-01 00:00:00,794.97,13.186
2025-08-01 00:30:00,795.01,13.24
2025-08-01 01:00:00,794.99,13.298
2025-08-01 01:30:00,795.05,13.354
2025-08-01 02:00:00,795.14,13.415
2025-08-01 02:30:00,795.26,13.473
2025-08-01 03:00:00,795.42,13.533
2025-08-01 03:30:00,795.55,13.588
2025-08-01 04:00:00,795.69,13.637
2025-08-01 04:30:00,795.8,13.685
2025-08-01 05:00:00,795.94,13.728
2025-08-01 05:30:00,796.04,13.766
2025-08-01 06:00:00,796.07,13.797
2025-08-01 06:30:00,796.13,13.825
2025-08-01 07:00:00,796.16,13.846
2025-08-01 07:30:00,796.08,13.863
2025-08-01 08:00:00,795.95,13.871
2025-08-01 08:30:00,795.79,13.873
2025-08-01 09:00:00,795.68,13.868
2025-08-01 09:30:00,795.5,13.858
2025-08-01 10:00:00,795.26,13.843
2025-08-01 10:30:00,794.88,13.82
2025-08-01 11:00:00,794.67,13.794
2025-08-01 11:30:00,794.62,13.763
2025-08-01 12:00:00,794.59,13.729
2025-08-01 12:30:00,794.55,13.693
2025-08-01 13:00:00,794.57,13.652
2025-08-01 13:30:00,794.43,13.606
2025-08-01 14:00:00,794.33,13.557
2025-08-01 14:30:00,794.28,13.508
2025-08-01 15:00:00,794.22,13.458
2025-08-01 15:30:00,794.19,13.416
2025-08-01 16:00:00,794.13,13.381
2025-08-01 16:30:00,794.05,13.354
2025-08-01 17:00:00,794.09,13.334
2025-08-01 17:30:00,794.2,13.322
2025-08-01 18:00:00,794.39,13.317
2025-08-01 18:30:00,794.38,13.316
2025-08-01 19:00:00,794.44,13.321
2025-08-01 19:30:00,794.63,13.333
2025-08-01 20:00:00,794.71,13.353
2025-08-01 20:30:00,794.91,13.376
2025-08-01 21:00:00,795.01,13.411
2025-08-01 21:30:00,795.11,13.447
2025-08-01 22:00:00,795.29,13.492
2025-08-01 22:30:00,795.45,13.54
2025-08-01 23:00:00,795.54,13.592
2025-08-01 23:30:00,795.47,13.647
2025-08-02 00:00:00,795.46,13.704
2025-08-02 00:30:00,795.55,13.761
2025-08-02 01:00:00,795.55,13.824
2025-08-02 01:30:00,795.64,13.885
2025-08-02 02:00:00,795.81,13.947
2025-08-02 02:30:00,795.87,14.005
2025-08-02 03:00:00,795.98,14.065
2025-08-02 03:30:00,796.11,14.116
2025-08-02 04:00:00,796.33,14.168
2025-08-02 04:30:00,796.51,14.211
2025-08-02 05:00:00,796.67,14.249
2025-08-02 05:30:00,796.85,14.283
2025-08-02 06:00:00,796.99,14.311
2025-08-02 06:30:00,797.02,14.334
2025-08-02 07:00:00,797.07,14.346
2025-08-02 07:30:00,797.06,14.356
2025-08-02 08:00:00,796.98,14.359
2025-08-02 08:30:00,796.89,14.354
2025-08-02 09:00:00,796.8,14.343
2025-08-02 09:30:00,796.55,14.322
2025-08-02 10:00:00,795.92,14.299
2025-08-02 10:30:00,795.98,14.265
2025-08-02 11:00:00,795.98,14.23
2025-08-02 11:30:00,795.93,14.184
2025-08-02 12:00:00,795.83,14.136
2025-08-02 12:30:00,795.76,14.08
2025-08-02 13:00:00,795.75,14.022
2025-08-02 13:30:00,795.85,13.959
2025-08-02 14:00:00,795.76,13.891
2025-08-02 14:30:00,795.7,13.821
2025-08-02 15:00:00,795.62,13.755
2025-08-02 15:30:00,795.58,13.694
2025-08-02 16:00:00,795.49,13.652
2025-08-02 16:30:00,795.44,13.614
2025-08-02 17:00:00,795.43,13.587
2025-08-02 17:30:00,795.54,13.572
2025-08-02 18:00:00,795.57,13.556
2025-08-02 18:30:00,795.67,13.551
2025-08-02 19:00:00,795.85,13.554
2025-08-02 19:30:00,796.0,13.563
2025-08-02 20:00:00,796.05,13.574
2025-08-02 20:30:00,796.11,13.594
2025-08-02 21:00:00,796.11,13.618
2025-08-02 21:30:00,796.15,13.651
2025-08-02 22:00:00,796.13,13.685
2025-08-02 22:30:00,796.2,13.723
2025-08-02 23:00:00,796.25,13.767
2025-08-02 23:30:00,796.37,13.812
2025-08-03 00:00:00,796.42,13.858
2025-08-03 00:30:00,796.43,13.909
2025-08-03 01:00:00,796.4,13.959
2025-08-03 01:30:00,796.46,14.014
2025-08-03 02:00:00,795.48,14.068
2025-08-03 02:30:00,795.75,14.124
2025-08-03 03:00:00,795.84,14.177
2025-08-03 03:30:00,795.93,14.229
2025-08-03 04:00:00,796.17,14.277
2025-08-03 04:30:00,796.39,14.318
2025-08-03 05:00:00,796.55,14.36
2025-08-03 05:30:00,796.52,14.393
2025-08-03 06:00:00,795.51,14.424
2025-08-03 06:30:00,795.65,14.447
2025-08-03 07:00:00,795.77,14.465
2025-08-03 07:30:00,795.8,14.477
2025-08-03 08:00:00,795.73,14.486
2025-08-03 08:30:00,795.61,14.484
2025-08-03 09:00:00,795.44,14.478
2025-08-03 09:30:00,795.31,14.465
2025-08-03 10:00:00,795.19,14.446
2025-08-03 10:30:00,795.08,14.419
2025-08-03 11:00:00,795.02,14.387
2025-08-03 11:30:00,794.14,14.351
2025-08-03 12:00:00,794.16,14.31
2025-08-03 12:30:00,794.11,14.263
2025-08-03 13:00:00,794.06,14.211
2025-08-03 13:30:00,794.02,14.159
2025-08-03 14:00:00,793.93,14.102
2025-08-03 14:30:00,793.85,14.043
2025-08-03 15:00:00,793.64,13.983
2025-08-03 15:30:00,793.47,13.928
2025-08-03 16:00:00,793.37,13.888
2025-08-03 16:30:00,793.28,13.856
2025-08-03 17:00:00,793.31,13.837
2025-08-03 17:30:00,793.33,13.823
2025-08-03 18:00:00,793.27,13.815
2025-08-03 18:30:00,793.24,13.815
2025-08-03 19:00:00,793.24,13.822
2025-08-03 19:30:00,793.21,13.833
2025-08-03 20:00:00,793.22,13.852
2025-08-03 20:30:00,793.28,13.877
2025-08-03 21:00:00,793.23,13.904
2025-08-03 21:30:00,793.25,13.941
2025-08-03 22:00:00,792.37,13.978
2025-08-03 22:30:00,792.49,14.02
2025-08-03 23:00:00,792.51,14.065
2025-08-03 23:30:00,792.55,14.111
2025-08-04 00:00:00,792.56,14.162
2025-08-04 00:30:00,792.61,14.211
2025-08-04 01:00:00,791.66,14.261
2025-08-04 01:30:00,791.89,14.314
2025-08-04 02:00:00,792.07,14.363
2025-08-04 02:30:00,792.28,14.416
2025-08-04 03:00:00,792.48,14.465
2025-08-04 03:30:00,792.65,14.514
2025-08-04 04:00:00,792.82,14.556
2025-08-04 04:30:00,792.94,14.595
2025-08-04 05:00:00,793.05,14.626
2025-08-04 05:30:00,793.03,14.653
2025-08-04 06:00:00,792.21,14.676
2025-08-04 06:30:00,792.19,14.693
2025-08-04 07:00:00,792.14,14.7
2025-08-04 07:30:00,792.22,14.7
2025-08-04 08:00:00,792.13,14.692
2025-08-04 08:30:00,792.0,14.676
2025-08-04 09:00:00,791.89,14.653
2025-08-04 09:30:00,791.73,14.624
2025-08-04 10:00:00,791.65,14.589
2025-08-04 10:30:00,791.52,14.547
2025-08-04 11:00:00,791.38,14.498
2025-08-04 11:30:00,791.29,14.445
2025-08-04 12:00:00,791.21,14.392
2025-08-04 12:30:00,791.07,14.333
2025-08-04 13:00:00,790.98,14.272
2025-08-04 13:30:00,790.84,14.206
2025-08-04 14:00:00,790.74,14.138
2025-08-04 14:30:00,790.58,14.07
2025-08-04 15:00:00,790.44,13.998
2025-08-04 15:30:00,790.32,13.938
2025-08-04 16:00:00,790.13,13.889
2025-08-04 16:30:00,789.96,13.851
2025-08-04 17:00:00,790.02,13.823
2025-08-04 17:30:00,790.08,13.803
2025-08-04 18:00:00,790.12,13.79
2025-08-04 18:30:00,790.21,13.784
2025-08-04 19:00:00,790.28,13.783
2025-08-04 19:30:00,790.35,13.79
2025-08-04 20:00:00,790.35,13.8
2025-08-04 20:30:00,790.5,13.818
2025-08-04 21:00:00,790.54,13.838
2025-08-04 21:30:00,790.66,13.864
2025-08-04 22:00:00,790.72,13.898
2025-08-04 22:30:00,790.77,13.933
2025-08-04 23:00:00,790.8,13.967
2025-08-04 23:30:00,789.92,14.006
2025-08-05 00:00:00,790.06,14.048
2025-08-05 00:30:00,790.22,14.091
2025-08-05 01:00:00,790.3,14.136
2025-08-05 01:30:00,790.43,14.181
2025-08-05 02:00:00,790.68,14.229
2025-08-05 02:30:00,790.9,14.276
2025-08-05 03:00:00,791.13,14.321
2025-08-05 03:30:00,791.19,14.363
2025-08-05 04:00:00,791.41,14.403
2025-08-05 04:30:00,791.55,14.44
2025-08-05 05:00:00,790.45,14.471
2025-08-05 05:30:00,790.66,14.498
2025-08-05 06:00:00,790.77,14.52
2025-08-05 06:30:00,790.92,14.534
2025-08-05 07:00:00,791.06,14.541
2025-08-05 07:30:00,791.09,14.544
2025-08-05 08:00:00,791.08,14.539
2025-08-05 08:30:00,791.01,14.527
2025-08-05 09:00:00,790.92,14.509
2025-08-05 09:30:00,790.86,14.483
2025-08-05 10:00:00,790.75,14.454
2025-08-05 10:30:00,790.72,14.417
2025-08-05 11:00:00,790.68,14.378
2025-08-05 11:30:00,790.57,14.332
2025-08-05 12:00:00,790.56,14.282
2025-08-05 12:30:00,790.48,14.228
2025-08-05 13:00:00,790.54,14.17
2025-08-05 13:30:00,790.54,14.11
2025-08-05 14:00:00,790.51,14.05
2025-08-05 14:30:00,790.45,13.984
2025-08-05 15:00:00,790.47,13.92
2025-08-05 15:30:00,790.47,13.865
2025-08-05 16:00:00,790.45,13.821
2025-08-05 16:30:00,790.35,13.789
2025-08-05 17:00:00,790.37,13.762
2025-08-05 17:30:00,790.34,13.746
2025-08-05 18:00:00,790.44,13.738
2025-08-05 18:30:00,790.51,13.735
2025-08-05 19:00:00,790.65,13.739
2025-08-05 19:30:00,790.74,13.752
2025-08-05 20:00:00,790.84,13.768
2025-08-05 20:30:00,790.98,13.79
2025-08-05 21:00:00,791.07,13.82
2025-08-05 21:30:00,791.23,13.854
2025-08-05 22:00:00,791.38,13.892
2025-08-05 22:30:00,791.38,13.935
2025-08-05 23:00:00,791.52,13.978
2025-08-05 23:30:00,791.59,14.022
2025-08-06 00:00:00,791.63,14.07
2025-08-06 00:30:00,791.75,14.122
2025-08-06 01:00:00,791.88,14.174
2025-08-06 01:30:00,792.01,14.227
2025-08-06 02:00:00,792.22,14.28
2025-08-06 02:30:00,792.38,14.333
2025-08-06 03:00:00,792.59,14.385
2025-08-06 03:30:00,792.78,14.436
2025-08-06 04:00:00,792.96,14.479
2025-08-06 04:30:00,793.17,14.522
2025-08-06 05:00:00,793.33,14.559
2025-08-06 05:30:00,793.42,14.59
2025-08-06 06:00:00,793.49,14.617
2025-08-06 06:30:00,793.61,14.637
2025-08-06 07:00:00,793.69,14.653
2025-08-06 07:30:00,793.69,14.663
2025-08-06 08:00:00,793.7,14.665
2025-08-06 08:30:00,793.62,14.662
2025-08-06 09:00:00,793.53,14.65
2025-08-06 09:30:00,793.48,14.633
2025-08-06 10:00:00,793.43,14.608
2025-08-06 10:30:00,793.37,14.576
2025-08-06 11:00:00,793.26,14.543
2025-08-06 11:30:00,793.13,14.499
2025-08-06 12:00:00,793.15,14.456
2025-08-06 12:30:00,793.09,14.404
2025-08-06 13:00:00,793.11,14.351
2025-08-06 13:30:00,793.03,14.295
2025-08-06 14:00:00,792.99,14.234
2025-08-06 14:30:00,792.91,14.176
2025-08-06 15:00:00,792.92,14.117
2025-08-06 15:30:00,792.93,14.066
2025-08-06 16:00:00,792.87,14.026
2025-08-06 16:30:00,792.83,13.998
2025-08-06 17:00:00,792.87,13.979
2025-08-06 17:30:00,792.85,13.966
2025-08-06 18:00:00,792.95,13.958
2025-08-06 18:30:00,793.05,13.957
2025-08-06 19:00:00,793.15,13.963
2025-08-06 19:30:00,793.24,13.977
2025-08-06 20:00:00,793.33,13.995
2025-08-06 20:30:00,793.42,14.02
2025-08-06 21:00:00,793.42,14.048
2025-08-06 21:30:00,793.4,14.084
2025-08-06 22:00:00,793.51,14.125
2025-08-06 22:30:00,793.61,14.167
2025-08-06 23:00:00,793.7,14.211
2025-08-06 23:30:00,793.85,14.258
2025-08-07 00:00:00,793.96,14.308
2025-08-07 00:30:00,794.04,14.359
2025-08-07 01:00:00,792.92,14.41
2025-08-07 01:30:00,793.15,14.463
2025-08-07 02:00:00,793.32,14.519
2025-08-07 02:30:00,793.49,14.572
2025-08-07 03:00:00,793.69,14.624
2025-08-07 03:30:00,793.91,14.674
2025-08-07 04:00:00,794.15,14.722
2025-08-07 04:30:00,794.45,14.761
2025-08-07 05:00:00,794.67,14.799
2025-08-07 05:30:00,794.79,14.83
2025-08-07 06:00:00,794.79,14.858
2025-08-07 06:30:00,794.78,14.88
2025-08-07 07:00:00,794.85,14.895
2025-08-07 07:30:00,794.8,14.907
2025-08-07 08:00:00,794.7,14.908
2025-08-07 08:30:00,794.69,14.909
2025-08-07 09:00:00,794.5,14.904
2025-08-07 09:30:00,794.45,14.89
2025-08-07 10:00:00,793.07,14.871
2025-08-07 10:30:00,793.09,14.845
2025-08-07 11:00:00,793.07,14.812
2025-08-07 11:30:00,792.98,14.776
2025-08-07 12:00:00,792.96,14.733
2025-08-07 12:30:00,792.86,14.687
2025-08-07 13:00:00,792.84,14.637
2025-08-07 13:30:00,792.79,14.586
2025-08-07 14:00:00,792.69,14.531
2025-08-07 14:30:00,792.62,14.478
2025-08-07 15:00:00,792.51,14.42
2025-08-07 15:30:00,792.42,14.37
2025-08-07 16:00:00,792.4,14.331
2025-08-07 16:30:00,792.31,14.299
2025-08-07 17:00:00,792.38,14.276
2025-08-07 17:30:00,792.42,14.262
2025-08-07 18:00:00,792.45,14.255
2025-08-07 18:30:00,792.49,14.251
2025-08-07 19:00:00,792.54,14.256
2025-08-07 19:30:00,792.53,14.267
2025-08-07 20:00:00,792.7,14.283
2025-08-07 20:30:00,792.73,14.308
2025-08-07 21:00:00,792.77,14.336
2025-08-07 21:30:00,792.79,14.37
2025-08-07 22:00:00,792.87,14.409
2025-08-07 22:30:00,792.81,14.449
2025-08-07 23:00:00,792.92,14.489
2025-08-07 23:30:00,793.0,14.534
2025-08-08 00:00:00,793.06,14.581
2025-08-08 00:30:00,793.17,14.628
2025-08-08 01:00:00,793.22,14.677
2025-08-08 01:30:00,793.34,14.727
2025-08-08 02:00:00,793.44,14.777
2025-08-08 02:30:00,793.6,14.83
2025-08-08 03:00:00,793.7,14.876
2025-08-08 03:30:00,793.87,14.922
2025-08-08 04:00:00,794.14,14.964
2025-08-08 04:30:00,794.37,15.003
2025-08-08 05:00:00,794.46,15.036
2025-08-08 05:30:00,794.46,15.064
2025-08-08 06:00:00,793.34,15.088
2025-08-08 06:30:00,793.35,15.105
2025-08-08 07:00:00,793.34,15.117
2025-08-08 07:30:00,793.39,15.124
2025-08-08 08:00:00,793.31,15.124
2025-08-08 08:30:00,793.21,15.116
2025-08-08 09:00:00,793.18,15.102
2025-08-08 09:30:00,793.07,15.082
2025-08-08 10:00:00,792.89,15.054
2025-08-08 10:30:00,792.78,15.022
2025-08-08 11:00:00,792.57,14.985
2025-08-08 11:30:00,792.39,14.943
2025-08-08 12:00:00,792.24,14.896
2025-08-08 12:30:00,792.14,14.843
2025-08-08 13:00:00,792.05,14.789
2025-08-08 13:30:00,792.07,14.73
2025-08-08 14:00:00,792.01,14.669
2025-08-08 14:30:00,791.95,14.605
2025-08-08 15:00:00,791.83,14.541
2025-08-08 15:30:00,791.7,14.487
2025-08-08 16:00:00,791.63,14.443
2025-08-08 16:30:00,791.53,14.411
2025-08-08 17:00:00,791.5,14.385
2025-08-08 17:30:00,791.48,14.368
2025-08-08 18:00:00,791.49,14.357
2025-08-08 18:30:00,791.57,14.349
2025-08-08 19:00:00,791.63,14.354
2025-08-08 19:30:00,791.67,14.361
2025-08-08 20:00:00,791.73,14.378
2025-08-08 20:30:00,791.73,14.398
2025-08-08 21:00:00,791.74,14.423
2025-08-08 21:30:00,791.86,14.455
2025-08-08 22:00:00,791.94,14.494
2025-08-08 22:30:00,791.94,14.532
2025-08-08 23:00:00,792.04,14.574
2025-08-08 23:30:00,792.19,14.621
2025-08-09 00:00:00,792.29,14.669
2025-08-09 00:30:00,792.56,14.721
2025-08-09 01:00:00,791.77,14.775
2025-08-09 01:30:00,792.02,14.83
2025-08-09 02:00:00,792.26,14.883
2025-08-09 02:30:00,792.49,14.938
2025-08-09 03:00:00,792.72,14.991
2025-08-09 03:30:00,792.94,15.044
2025-08-09 04:00:00,793.19,15.093
2025-08-09 04:30:00,793.44,15.135
2025-08-09 05:00:00,793.5,15.175
2025-08-09 05:30:00,793.55,15.208
2025-08-09 06:00:00,793.54,15.235
2025-08-09 06:30:00,793.47,15.256
2025-08-09 07:00:00,792.86,15.272
2025-08-09 07:30:00,792.93,15.283
2025-08-09 08:00:00,792.91,15.288
2025-08-09 08:30:00,792.84,15.285
2025-08-09 09:00:00,792.79,15.276
2025-08-09 09:30:00,792.66,15.261
2025-08-09 10:00:00,792.61,15.237
2025-08-09 10:30:00,792.58,15.208
2025-08-09 11:00:00,792.44,15.175
2025-08-09 11:30:00,792.3,15.137
2025-08-09 12:00:00,792.24,15.094
2025-08-09 12:30:00,792.18,15.045
2025-08-09 13:00:00,792.13,14.993
2025-08-09 13:30:00,792.13,14.936
2025-08-09 14:00:00,792.12,14.88
2025-08-09 14:30:00,792.02,14.823
2025-08-09 15:00:00,791.9,14.76
2025-08-09 15:30:00,791.84,14.71
2025-08-09 16:00:00,791.76,14.672
2025-08-09 16:30:00,791.65,14.641
2025-08-09 17:00:00,791.64,14.62
2025-08-09 17:30:00,791.65,14.606
2025-08-09 18:00:00,791.73,14.595
2025-08-09 18:30:00,791.74,14.593
2025-08-09 19:00:00,791.84,14.597
2025-08-09 19:30:00,791.74,14.606
2025-08-09 20:00:00,791.81,14.622
2025-08-09 20:30:00,791.8,14.644
2025-08-09 21:00:00,791.89,14.674
2025-08-09 21:30:00,791.98,14.708
2025-08-09 22:00:00,791.95,14.746
2025-08-09 22:30:00,790.97,14.788
2025-08-09 23:00:00,791.11,14.831
2025-08-09 23:30:00,791.25,14.878
2025-08-10 00:00:00,791.38,14.925
2025-08-10 00:30:00,791.48,14.975
2025-08-10 01:00:00,791.54,15.028
2025-08-10 01:30:00,791.63,15.08
2025-08-10 02:00:00,791.85,15.133
2025-08-10 02:30:00,792.08,15.186
2025-08-10 03:00:00,792.3,15.236
2025-08-10 03:30:00,792.58,15.281
2025-08-10 04:00:00,792.91,15.324
2025-08-10 04:30:00,793.18,15.365
2025-08-10 05:00:00,793.35,15.4
2025-08-10 05:30:00,793.43,15.431
2025-08-10 06:00:00,793.47,15.455
2025-08-10 06:30:00,793.54,15.476
2025-08-10 07:00:00,793.67,15.491
2025-08-10 07:30:00,793.67,15.502
2025-08-10 08:00:00,793.7,15.505
2025-08-10 08:30:00,793.7,15.505
2025-08-10 09:00:00,792.79,15.495
2025-08-10 09:30:00,791.92,15.482
2025-08-10 10:00:00,792.09,15.459
2025-08-10 10:30:00,792.12,15.43
2025-08-10 11:00:00,792.09,15.398
2025-08-10 11:30:00,792.14,15.363
2025-08-10 12:00:00,792.19,15.327
2025-08-10 12:30:00,792.28,15.286
2025-08-10 13:00:00,792.37,15.241
2025-08-10 13:30:00,792.41,15.195
2025-08-10 14:00:00,792.45,15.145
2025-08-10 14:30:00,792.53,15.095
2025-08-10 15:00:00,792.57,15.04
2025-08-10 15:30:00,792.58,14.998
2025-08-10 16:00:00,792.46,14.961
2025-08-10 16:30:00,792.43,14.931
2025-08-10 17:00:00,792.46,14.91
2025-08-10 17:30:00,792.47,14.893
2025-08-10 18:00:00,792.55,14.883
2025-08-10 18:30:00,792.61,14.881
2025-08-10 19:00:00,792.74,14.887
2025-08-10 19:30:00,792.68,14.894
2025-08-10 20:00:00,792.78,14.914
2025-08-10 20:30:00,792.86,14.94
2025-08-10 21:00:00,792.98,14.971
2025-08-10 21:30:00,792.98,15.007
2025-08-10 22:00:00,792.97,15.047
2025-08-10 22:30:00,792.91,15.092
2025-08-10 23:00:00,792.97,15.14
2025-08-10 23:30:00,793.07,15.19
2025-08-11 00:00:00,793.13,15.245
2025-08-11 00:30:00,793.19,15.297
2025-08-11 01:00:00,793.31,15.355
2025-08-11 01:30:00,793.52,15.413
2025-08-11 02:00:00,793.75,15.472
2025-08-11 02:30:00,794.03,15.53
2025-08-11 03:00:00,794.3,15.585
2025-08-11 03:30:00,794.51,15.637
2025-08-11 04:00:00,794.83,15.687
2025-08-11 04:30:00,795.1,15.731
2025-08-11 05:00:00,795.22,15.769
2025-08-11 05:30:00,795.12,15.803
2025-08-11 06:00:00,795.07,15.832
2025-08-11 06:30:00,795.12,15.854
2025-08-11 07:00:00,795.22,15.87
2025-08-11 07:30:00,795.13,15.881
2025-08-11 08:00:00,795.05,15.884
2025-08-11 08:30:00,794.98,15.883
2025-08-11 09:00:00,794.94,15.88
2025-08-11 09:30:00,794.88,15.868
2025-08-11 10:00:00,794.79,15.853
2025-08-11 10:30:00,794.79,15.828
2025-08-11 11:00:00,794.72,15.801
2025-08-11 11:30:00,794.66,15.768
2025-08-11 12:00:00,794.66,15.726
2025-08-11 12:30:00,794.5,15.683
2025-08-11 13:00:00,794.53,15.632
2025-08-11 13:30:00,794.5,15.578
2025-08-11 14:00:00,794.46,15.523
2025-08-11 14:30:00,794.45,15.465
2025-08-11 15:00:00,794.38,15.408
2025-08-11 15:30:00,794.29,15.357
2025-08-11 16:00:00,794.18,15.315
2025-08-11 16:30:00,794.15,15.282
2025-08-11 17:00:00,794.1,15.258
2025-08-11 17:30:00,794.12,15.238
2025-08-11 18:00:00,794.04,15.224
2025-08-11 18:30:00,794.03,15.222
2025-08-11 19:00:00,793.93,15.221
2025-08-11 19:30:00,793.94,15.23
2025-08-11 20:00:00,793.9,15.246
2025-08-11 20:30:00,793.99,15.266
2025-08-11 21:00:00,794.0,15.295
2025-08-11 21:30:00,793.98,15.326
2025-08-11 22:00:00,794.07,15.36
2025-08-11 22:30:00,794.14,15.396
2025-08-11 23:00:00,794.31,15.436
2025-08-11 23:30:00,794.38,15.48
2025-08-12 00:00:00,794.36,15.524
2025-08-12 00:30:00,794.41,15.57
2025-08-12 01:00:00,794.44,15.617
2025-08-12 01:30:00,794.59,15.671
2025-08-12 02:00:00,794.74,15.724
2025-08-12 02:30:00,794.88,15.776
2025-08-12 03:00:00,795.06,15.828
2025-08-12 03:30:00,795.24,15.879
2025-08-12 04:00:00,795.47,15.923
2025-08-12 04:30:00,795.63,15.966
2025-08-12 05:00:00,795.67,16.001
2025-08-12 05:30:00,795.68,16.031
2025-08-12 06:00:00,794.45,16.054
2025-08-12 06:30:00,794.55,16.074
2025-08-12 07:00:00,794.54,16.087
2025-08-12 07:30:00,794.47,16.096
2025-08-12 08:00:00,794.52,16.097
2025-08-12 08:30:00,794.48,16.092
2025-08-12 09:00:00,794.34,16.08
2025-08-12 09:30:00,794.24,16.066
2025-08-12 10:00:00,794.14,16.044
2025-08-12 10:30:00,794.0,16.018
2025-08-12 11:00:00,793.81,15.984
2025-08-12 11:30:00,793.76,15.945
2025-08-12 12:00:00,793.61,15.901
2025-08-12 12:30:00,793.47,15.854
2025-08-12 13:00:00,793.43,15.8
2025-08-12 13:30:00,793.36,15.743
2025-08-12 14:00:00,793.37,15.682
2025-08-12 14:30:00,793.31,15.62
2025-08-12 15:00:00,793.21,15.56
2025-08-12 15:30:00,793.13,15.507
2025-08-12 16:00:00,792.98,15.464
2025-08-12 16:30:00,792.88,15.43
2025-08-12 17:00:00,792.77,15.403
2025-08-12 17:30:00,792.72,15.385
2025-08-12 18:00:00,791.98,15.369
2025-08-12 18:30:00,792.08,15.363
2025-08-12 19:00:00,792.17,15.364
2025-08-12 19:30:00,792.13,15.371
2025-08-12 20:00:00,792.16,15.382
2025-08-12 20:30:00,792.22,15.396
2025-08-12 21:00:00,792.33,15.411
2025-08-12 21:30:00,792.44,15.428
2025-08-12 22:00:00,792.63,15.447
2025-08-12 22:30:00,792.83,15.466
2025-08-12 23:00:00,792.93,15.485
2025-08-12 23:30:00,792.69,15.503
2025-08-13 00:00:00,792.5,15.522
2025-08-13 00:30:00,792.68,15.544
2025-08-13 01:00:00,792.87,15.564
2025-08-13 01:30:00,792.88,15.586
2025-08-13 02:00:00,793.04,15.612
2025-08-13 02:30:00,793.16,15.632
2025-08-13 03:00:00,793.3,15.655
2025-08-13 03:30:00,793.49,15.669
2025-08-13 04:00:00,793.64,15.686
2025-08-13 04:30:00,793.74,15.694
2025-08-13 05:00:00,793.76,15.702
2025-08-13 05:30:00,793.65,15.702
2025-08-13 06:00:00,793.62,15.698
2025-08-13 06:30:00,793.56,15.686
2025-08-13 07:00:00,793.53,15.671
2025-08-13 07:30:00,793.41,15.651
2025-08-13 08:00:00,793.27,15.628
2025-08-13 08:30:00,793.16,15.599
2025-08-13 09:00:00,793.15,15.569
2025-08-13 09:30:00,793.09,15.532
2025-08-13 10:00:00,792.96,15.493
2025-08-13 10:30:00,792.93,15.452
2025-08-13 11:00:00,792.76,15.41
2025-08-13 11:30:00,792.71,15.364
2025-08-13 12:00:00,792.65,15.315
2025-08-13 12:30:00,792.55,15.263
2025-08-13 13:00:00,792.52,15.209
2025-08-13 13:30:00,792.47,15.153
2025-08-13 14:00:00,792.43,15.098
2025-08-13 14:30:00,792.37,15.041
2025-08-13 15:00:00,792.32,14.985
2025-08-13 15:30:00,792.14,14.935
2025-08-13 16:00:00,791.96,14.895
2025-08-13 16:30:00,791.83,14.862
2025-08-13 17:00:00,791.76,14.837
2025-08-13 17:30:00,791.68,14.818
2025-08-13 18:00:00,791.64,14.807
2025-08-13 18:30:00,791.61,14.801
2025-08-13 19:00:00,791.52,14.801
2025-08-13 19:30:00,791.48,14.809
2025-08-13 20:00:00,791.41,14.822
2025-08-13 20:30:00,791.41,14.842
2025-08-13 21:00:00,791.42,14.87
2025-08-13 21:30:00,791.42,14.903
2025-08-13 22:00:00,791.29,14.941
2025-08-13 22:30:00,791.27,14.981
2025-08-13 23:00:00,791.39,15.025
2025-08-13 23:30:00,791.48,15.07
2025-08-14 00:00:00,791.54,15.117
2025-08-14 00:30:00,791.54,15.169
2025-08-14 01:00:00,791.56,15.221
2025-08-14 01:30:00,791.62,15.272
2025-08-14 02:00:00,791.8,15.323
2025-08-14 02:30:00,791.98,15.375
2025-08-14 03:00:00,792.12,15.425
2025-08-14 03:30:00,792.3,15.471
2025-08-14 04:00:00,792.39,15.511
2025-08-14 04:30:00,792.52,15.548
2025-08-14 05:00:00,792.55,15.581
2025-08-14 05:30:00,792.49,15.606
2025-08-14 06:00:00,792.42,15.628
2025-08-14 06:30:00,792.42,15.644
2025-08-14 07:00:00,792.4,15.654
2025-08-14 07:30:00,791.4,15.661
2025-08-14 08:00:00,791.37,15.658
2025-08-14 08:30:00,791.21,15.648
2025-08-14 09:00:00,791.15,15.635
2025-08-14 09:30:00,791.0,15.612
2025-08-14 10:00:00,790.91,15.585
2025-08-14 10:30:00,790.85,15.555
2025-08-14 11:00:00,790.65,15.521
2025-08-14 11:30:00,790.59,15.484
2025-08-14 12:00:00,790.48,15.442
2025-08-14 12:30:00,790.4,15.394
2025-08-14 13:00:00,790.36,15.343
2025-08-14 13:30:00,790.31,15.285
2025-08-14 14:00:00,790.25,15.23
2025-08-14 14:30:00,790.12,15.173
2025-08-14 15:00:00,789.99,15.114
2025-08-14 15:30:00,789.9,15.065
2025-08-14 16:00:00,789.74,15.024
2025-08-14 16:30:00,789.64,14.993
2025-08-14 17:00:00,789.53,14.971
2025-08-14 17:30:00,789.49,14.957
2025-08-14 18:00:00,789.51,14.947
2025-08-14 18:30:00,789.45,14.943
2025-08-14 19:00:00,789.43,14.947
2025-08-14 19:30:00,789.4,14.957
2025-08-14 20:00:00,789.4,14.974
2025-08-14 20:30:00,789.43,14.997
2025-08-14 21:00:00,789.48,15.023
2025-08-14 21:30:00,789.51,15.055
2025-08-14 22:00:00,789.61,15.09
2025-08-14 22:30:00,789.65,15.131
2025-08-14 23:00:00,789.81,15.17
2025-08-14 23:30:00,789.83,15.212
2025-08-15 00:00:00,790.09,15.255
2025-08-15 00:30:00,790.28,15.301
2025-08-15 01:00:00,790.43,15.348
2025-08-15 01:30:00,790.59,15.397
2025-08-15 02:00:00,790.73,15.445
2025-08-15 02:30:00,790.96,15.493
2025-08-15 03:00:00,790.2,15.539
2025-08-15 03:30:00,790.3,15.582
2025-08-15 04:00:00,790.53,15.624
2025-08-15 04:30:00,790.64,15.66
2025-08-15 05:00:00,790.75,15.688
2025-08-15 05:30:00,790.83,15.717
2025-08-15 06:00:00,790.71,15.737
2025-08-15 06:30:00,790.67,15.751
2025-08-15 07:00:00,790.64,15.761
2025-08-15 07:30:00,790.5,15.766
2025-08-15 08:00:00,790.43,15.764
2025-08-15 08:30:00,789.16,15.754
2025-08-15 09:00:00,789.09,15.738
2025-08-15 09:30:00,788.86,15.715
2025-08-15 10:00:00,788.73,15.686
2025-08-15 10:30:00,788.66,15.653
2025-08-15 11:00:00,788.47,15.615
2025-08-15 11:30:00,788.33,15.574
2025-08-15 12:00:00,788.19,15.528
2025-08-15 12:30:00,788.15,15.477
2025-08-15 13:00:00,788.1,15.428
2025-08-15 13:30:00,788.06,15.374
2025-08-15 14:00:00,788.08,15.321
2025-08-15 14:30:00,787.93,15.263
2025-08-15 15:00:00,787.77,15.206
2025-08-15 15:30:00,787.68,15.157
2025-08-15 16:00:00,787.58,15.116
2025-08-15 16:30:00,787.54,15.085
2025-08-15 17:00:00,787.55,15.058
2025-08-15 17:30:00,787.59,15.038
2025-08-15 18:00:00,787.69,15.027
2025-08-15 18:30:00,787.77,15.019
2025-08-15 19:00:00,787.82,15.02
2025-08-15 19:30:00,787.86,15.025
2025-08-15 20:00:00,787.91,15.036
2025-08-15 20:30:00,787.99,15.05
2025-08-15 21:00:00,788.1,15.074
2025-08-15 21:30:00,788.58,15.097
2025-08-15 22:00:00,788.81,15.124
2025-08-15 22:30:00,788.89,15.155
2025-08-15 23:00:00,788.97,15.192
2025-08-15 23:30:00,789.12,15.225
2025-08-16 00:00:00,789.34,15.261
2025-08-16 00:30:00,789.52,15.299
2025-08-16 01:00:00,789.67,15.339
2025-08-16 01:30:00,789.8,15.379
2025-08-16 02:00:00,790.02,15.419
2025-08-16 02:30:00,790.24,15.454
2025-08-16 03:00:00,790.42,15.491
2025-08-16 03:30:00,790.65,15.525
2025-08-16 04:00:00,790.83,15.554
2025-08-16 04:30:00,791.02,15.581
2025-08-16 05:00:00,791.12,15.603
2025-08-16 05:30:00,791.19,15.621
2025-08-16 06:00:00,791.24,15.634
2025-08-16 06:30:00,791.25,15.643
2025-08-16 07:00:00,791.31,15.647
2025-08-16 07:30:00,791.21,15.646
2025-08-16 08:00:00,791.16,15.638
2025-08-16 08:30:00,790.96,15.623
2025-08-16 09:00:00,790.79,15.603
2025-08-16 09:30:00,790.74,15.579
2025-08-16 10:00:00,790.63,15.551
2025-08-16 10:30:00,790.43,15.516
2025-08-16 11:00:00,790.4,15.48
2025-08-16 11:30:00,790.23,15.437
2025-08-16 12:00:00,790.12,15.391
2025-08-16 12:30:00,790.08,15.343
2025-08-16 13:00:00,790.05,15.29
2025-08-16 13:30:00,790.06,15.238
2025-08-16 14:00:00,790.02,15.181
2025-08-16 14:30:00,789.97,15.125
2025-08-16 15:00:00,789.91,15.068
2025-08-16 15:30:00,789.8,15.018
2025-08-16 16:00:00,789.64,14.981
2025-08-16 16:30:00,789.64,14.948
2025-08-16 17:00:00,789.68,14.925
2025-08-16 17:30:00,789.62,14.909
2025-08-16 18:00:00,789.64,14.896
2025-08-16 18:30:00,789.68,14.891
2025-08-16 19:00:00,789.7,14.892
2025-08-16 19:30:00,789.63,14.898
2025-08-16 20:00:00,789.67,14.911
2025-08-16 20:30:00,789.81,14.929
2025-08-16 21:00:00,789.91,14.951
2025-08-16 21:30:00,789.91,14.979
2025-08-16 22:00:00,789.93,15.013
2025-08-16 22:30:00,790.1,15.046
2025-08-16 23:00:00,790.15,15.084
2025-08-16 23:30:00,790.29,15.125
2025-08-17 00:00:00,790.59,15.164
2025-08-17 00:30:00,790.86,15.205
2025-08-17 01:00:00,791.05,15.245
2025-08-17 01:30:00,791.2,15.285
2025-08-17 02:00:00,791.44,15.326
2025-08-17 02:30:00,791.74,15.366
2025-08-17 03:00:00,792.04,15.404
2025-08-17 03:30:00,792.19,15.44
2025-08-17 04:00:00,792.4,15.473
2025-08-17 04:30:00,792.48,15.501
2025-08-17 05:00:00,792.51,15.527
2025-08-17 05:30:00,792.59,15.551
2025-08-17 06:00:00,792.59,15.562
2025-08-17 06:30:00,792.56,15.576
2025-08-17 07:00:00,792.48,15.585
2025-08-17 07:30:00,792.34,15.586
2025-08-17 08:00:00,792.26,15.582
2025-08-17 08:30:00,791.05,15.568
2025-08-17 09:00:00,790.99,15.551
2025-08-17 09:30:00,790.94,15.53
2025-08-17 10:00:00,790.9,15.503
2025-08-17 10:30:00,790.81,15.472
2025-08-17 11:00:00,790.67,15.435
2025-08-17 11:30:00,790.54,15.395
2025-08-17 12:00:00,790.43,15.355
2025-08-17 12:30:00,790.33,15.308
2025-08-17 13:00:00,790.28,15.258
2025-08-17 13:30:00,790.29,15.207
2025-08-17 14:00:00,790.35,15.157
2025-08-17 14:30:00,790.28,15.102
2025-08-17 15:00:00,790.14,15.048
2025-08-17 15:30:00,790.0,14.999
2025-08-17 16:00:00,789.77,14.961
2025-08-17 16:30:00,789.64,14.93
2025-08-17 17:00:00,789.49,14.905
2025-08-17 17:30:00,789.39,14.888
2025-08-17 18:00:00,789.34,14.876
2025-08-17 18:30:00,789.31,14.87
2025-08-17 19:00:00,789.23,14.872
2025-08-17 19:30:00,789.25,14.875
2025-08-17 20:00:00,789.17,14.886
2025-08-17 20:30:00,789.13,14.903
2025-08-17 21:00:00,789.15,14.925
2025-08-17 21:30:00,789.11,14.949
2025-08-17 22:00:00,789.13,14.978
2025-08-17 22:30:00,789.11,15.005
2025-08-17 23:00:00,788.97,15.035
2025-08-17 23:30:00,789.08,15.065
2025-08-18 00:00:00,789.28,15.098
2025-08-18 00:30:00,789.43,15.129
2025-08-18 01:00:00,789.51,15.163
2025-08-18 01:30:00,789.63,15.2
2025-08-18 02:00:00,789.8,15.233
2025-08-18 02:30:00,790.02,15.268
2025-08-18 03:00:00,790.19,15.298
2025-08-18 03:30:00,790.34,15.328
2025-08-18 04:00:00,790.52,15.352
2025-08-18 04:30:00,790.66,15.375
2025-08-18 05:00:00,790.69,15.395
2025-08-18 05:30:00,789.55,15.407
2025-08-18 06:00:00,789.71,15.415
2025-08-18 06:30:00,789.79,15.419
2025-08-18 07:00:00,789.85,15.417
2025-08-18 07:30:00,789.91,15.409
2025-08-18 08:00:00,789.83,15.397
2025-08-18 08:30:00,789.85,15.377
2025-08-18 09:00:00,789.86,15.35
2025-08-18 09:30:00,789.87,15.323
2025-08-18 10:00:00,789.88,15.289
2025-08-18 10:30:00,789.82,15.252
2025-08-18 11:00:00,789.68,15.211
2025-08-18 11:30:00,789.65,15.165
2025-08-18 12:00:00,789.59,15.119
2025-08-18 12:30:00,789.53,15.066
2025-08-18 13:00:00,789.56,15.014
2025-08-18 13:30:00,789.64,14.957
2025-08-18 14:00:00,789.61,14.899
2025-08-18 14:30:00,789.53,14.839
2025-08-18 15:00:00,789.46,14.783
2025-08-18 15:30:00,789.43,14.728
2025-08-18 16:00:00,789.28,14.687
2025-08-18 16:30:00,789.22,14.652
2025-08-18 17:00:00,789.24,14.626
2025-08-18 17:30:00,789.21,14.609
2025-08-18 18:00:00,789.16,14.6
2025-08-18 18:30:00,789.18,14.594
2025-08-18 19:00:00,789.18,14.597
2025-08-18 19:30:00,789.21,14.607
2025-08-18 20:00:00,789.15,14.621
2025-08-18 20:30:00,789.27,14.638
2025-08-18 21:00:00,789.31,14.661
2025-08-18 21:30:00,789.43,14.69
2025-08-18 22:00:00,789.37,14.722
2025-08-18 22:30:00,789.4,14.756
2025-08-18 23:00:00,789.38,14.79
2025-08-18 23:30:00,789.39,14.828
2025-08-19 00:00:00,789.52,14.867
2025-08-19 00:30:00,789.6,14.907
2025-08-19 01:00:00,789.69,14.948
2025-08-19 01:30:00,789.88,14.991
2025-08-19 02:00:00,790.16,15.033
2025-08-19 02:30:00,790.38,15.076
2025-08-19 03:00:00,790.56,15.115
2025-08-19 03:30:00,790.77,15.154
2025-08-19 04:00:00,791.01,15.191
2025-08-19 04:30:00,791.13,15.223
2025-08-19 05:00:00,791.18,15.249
2025-08-19 05:30:00,791.22,15.276
2025-08-19 06:00:00,791.32,15.294
2025-08-19 06:30:00,791.5,15.31
2025-08-19 07:00:00,791.65,15.318
2025-08-19 07:30:00,791.77,15.319
2025-08-19 08:00:00,791.77,15.319
2025-08-19 08:30:00,790.52,15.308
2025-08-19 09:00:00,790.62,15.293
2025-08-19 09:30:00,790.76,15.274
2025-08-19 10:00:00,790.78,15.247
2025-08-19 10:30:00,790.81,15.216
2025-08-19 11:00:00,790.81,15.181
2025-08-19 11:30:00,790.65,15.143
2025-08-19 12:00:00,790.68,15.099
2025-08-19 12:30:00,790.7,15.05
2025-08-19 13:00:00,790.62,15.0
2025-08-19 13:30:00,790.66,14.948
2025-08-19 14:00:00,790.64,14.892
2025-08-19 14:30:00,790.67,14.835
2025-08-19 15:00:00,790.6,14.778
2025-08-19 15:30:00,790.54,14.725
2025-08-19 16:00:00,790.44,14.685
2025-08-19 16:30:00,790.35,14.652
2025-08-19 17:00:00,790.38,14.629
2025-08-19 17:30:00,790.36,14.612
2025-08-19 18:00:00,790.13,14.605
2025-08-19 18:30:00,790.08,14.604
2025-08-19 19:00:00,790.09,14.61
2025-08-19 19:30:00,790.09,14.621
