datetime,lvl_cm,temp_C
2024-08-22 17:30:00,777.62,9.661
2024-08-22 18:00:00,777.42,9.586
2024-08-22 18:30:00,777.38,9.723
2024-08-22 19:00:00,777.45,9.934
2024-08-22 19:30:00,777.61,10.229
2024-08-22 20:00:00,777.81,10.623
2024-08-22 20:30:00,777.82,11.063
2024-08-22 21:00:00,778.02,11.537
2024-08-22 21:30:00,778.13,12.03
2024-08-22 22:00:00,778.14,12.469
2024-08-22 22:30:00,777.99,12.855
2024-08-22 23:00:00,778.2,13.189
2024-08-22 23:30:00,778.2,13.441
2024-08-23 00:00:00,777.13,13.619
2024-08-23 00:30:00,777.14,13.721
2024-08-23 01:00:00,777.05,13.749
2024-08-23 01:30:00,776.91,13.722
2024-08-23 02:00:00,776.68,13.637
2024-08-23 02:30:00,776.56,13.511
2024-08-23 03:00:00,776.49,13.359
2024-08-23 03:30:00,776.58,13.196
2024-08-23 04:00:00,776.14,13.029
2024-08-23 04:30:00,775.84,12.864
2024-08-23 05:00:00,775.73,12.703
2024-08-23 05:30:00,775.36,12.547
2024-08-23 06:00:00,775.24,12.396
2024-08-23 06:30:00,774.94,12.245
2024-08-23 07:00:00,774.78,12.096
2024-08-23 07:30:00,774.48,11.948
2024-08-23 08:00:00,774.13,11.799
2024-08-23 08:30:00,774.0,11.649
2024-08-23 09:00:00,773.91,11.5
2024-08-23 09:30:00,773.72,11.349
2024-08-23 10:00:00,773.68,11.201
2024-08-23 10:30:00,773.59,11.053
2024-08-23 11:00:00,773.57,10.906
2024-08-23 11:30:00,773.53,10.758
2024-08-23 12:00:00,773.47,10.613
2024-08-23 12:30:00,773.43,10.457
2024-08-23 13:00:00,773.64,10.306
2024-08-23 13:30:00,773.58,10.156
2024-08-23 14:00:00,773.54,10.009
2024-08-23 14:30:00,773.71,9.874
2024-08-23 15:00:00,773.72,9.737
2024-08-23 15:30:00,774.21,9.618
2024-08-23 16:00:00,774.37,9.51
2024-08-23 16:30:00,774.51,9.418
2024-08-23 17:00:00,774.74,9.392
2024-08-23 17:30:00,774.98,9.489
2024-08-23 18:00:00,775.52,9.597
2024-08-23 18:30:00,775.61,9.729
2024-08-23 19:00:00,775.66,9.907
2024-08-23 19:30:00,775.9,10.13
2024-08-23 20:00:00,776.19,10.421
2024-08-23 20:30:00,776.32,10.741
2024-08-23 21:00:00,776.29,11.061
2024-08-23 21:30:00,776.42,11.379
2024-08-23 22:00:00,776.41,11.656
2024-08-23 22:30:00,776.43,11.872
2024-08-23 23:00:00,776.09,12.026
2024-08-23 23:30:00,776.19,12.105
2024-08-24 00:00:00,776.12,12.131
2024-08-24 00:30:00,776.07,12.117
2024-08-24 01:00:00,775.78,12.06
2024-08-24 01:30:00,775.47,11.966
2024-08-24 02:00:00,775.23,11.847
2024-08-24 02:30:00,775.21,11.707
2024-08-24 03:00:00,774.98,11.561
2024-08-24 03:30:00,774.63,11.417
2024-08-24 04:00:00,774.61,11.272
2024-08-24 04:30:00,774.56,11.132
2024-08-24 05:00:00,774.37,10.992
2024-08-24 05:30:00,774.46,10.855
2024-08-24 06:00:00,774.66,10.725
2024-08-24 06:30:00,774.53,10.597
2024-08-24 07:00:00,774.66,10.47
2024-08-24 07:30:00,774.6,10.347
2024-08-24 08:00:00,774.63,10.232
2024-08-24 08:30:00,774.65,10.123
2024-08-24 09:00:00,774.3,10.026
2024-08-24 09:30:00,774.06,9.934
2024-08-24 10:00:00,774.26,9.847
2024-08-24 10:30:00,774.01,9.764
2024-08-24 11:00:00,774.44,9.684
2024-08-24 11:30:00,774.33,9.604
2024-08-24 12:00:00,774.21,9.524
2024-08-24 12:30:00,774.2,9.443
2024-08-24 13:00:00,774.36,9.355
2024-08-24 13:30:00,774.81,9.269
2024-08-24 14:00:00,774.53,9.173
2024-08-24 14:30:00,774.68,9.074
2024-08-24 15:00:00,775.12,8.975
2024-08-24 15:30:00,775.49,8.875
2024-08-24 16:00:00,776.17,8.776
2024-08-24 16:30:00,775.83,8.677
2024-08-24 17:00:00,775.92,8.593
2024-08-24 17:30:00,776.38,8.522
2024-08-24 18:00:00,776.32,8.478
2024-08-24 18:30:00,776.43,8.469
2024-08-24 19:00:00,776.41,8.491
2024-08-24 19:30:00,776.41,8.533
2024-08-24 20:00:00,776.55,8.605
2024-08-24 20:30:00,777.31,8.703
2024-08-24 21:00:00,777.39,8.845
2024-08-24 21:30:00,777.44,9.003
2024-08-24 22:00:00,777.19,9.178
2024-08-24 22:30:00,777.38,9.349
2024-08-24 23:00:00,777.48,9.519
2024-08-24 23:30:00,777.8,9.678
2024-08-25 00:00:00,778.08,9.814
2024-08-25 00:30:00,778.21,9.91
2024-08-25 01:00:00,778.15,9.961
2024-08-25 01:30:00,778.13,9.968
2024-08-25 02:00:00,778.04,9.934
2024-08-25 02:30:00,778.04,9.865
2024-08-25 03:00:00,777.98,9.762
2024-08-25 03:30:00,777.82,9.638
2024-08-25 04:00:00,777.79,9.509
2024-08-25 04:30:00,778.34,9.386
2024-08-25 05:00:00,778.5,9.265
2024-08-25 05:30:00,778.66,9.141
2024-08-25 06:00:00,778.75,9.015
2024-08-25 06:30:00,778.9,8.887
2024-08-25 07:00:00,778.69,8.762
2024-08-25 07:30:00,778.42,8.641
2024-08-25 08:00:00,778.12,8.513
2024-08-25 08:30:00,777.87,8.387
2024-08-25 09:00:00,777.74,8.255
2024-08-25 09:30:00,778.61,8.125
2024-08-25 10:00:00,778.81,7.988
2024-08-25 10:30:00,779.03,7.849
2024-08-25 11:00:00,779.39,7.709
2024-08-25 11:30:00,779.43,7.566
2024-08-25 12:00:00,779.18,7.426
2024-08-25 12:30:00,778.95,7.285
2024-08-25 13:00:00,778.74,7.144
2024-08-25 13:30:00,779.54,7.009
2024-08-25 14:00:00,779.79,6.872
2024-08-25 14:30:00,779.97,6.743
2024-08-25 15:00:00,780.11,6.617
2024-08-25 15:30:00,780.02,6.498
2024-08-25 16:00:00,779.7,6.389
2024-08-25 16:30:00,779.49,6.306
2024-08-25 17:00:00,779.45,6.309
2024-08-25 17:30:00,779.54,6.412
2024-08-25 18:00:00,779.68,6.534
2024-08-25 18:30:00,779.86,6.699
2024-08-25 19:00:00,780.19,6.936
2024-08-25 19:30:00,780.64,7.244
2024-08-25 20:00:00,781.17,7.622
2024-08-25 20:30:00,781.67,8.046
2024-08-25 21:00:00,782.01,8.507
2024-08-25 21:30:00,782.23,8.981
2024-08-25 22:00:00,782.51,9.42
2024-08-25 22:30:00,782.38,9.805
2024-08-25 23:00:00,782.59,10.142
2024-08-25 23:30:00,782.71,10.423
2024-08-26 00:00:00,782.91,10.656
2024-08-26 00:30:00,782.47,10.804
2024-08-26 01:00:00,782.6,10.901
2024-08-26 01:30:00,782.65,10.94
2024-08-26 02:00:00,782.68,10.931
2024-08-26 02:30:00,782.77,10.885
2024-08-26 03:00:00,782.94,10.814
2024-08-26 03:30:00,782.98,10.732
2024-08-26 04:00:00,783.13,10.641
2024-08-26 04:30:00,783.14,10.549
2024-08-26 05:00:00,783.18,10.45
2024-08-26 05:30:00,783.17,10.346
2024-08-26 06:00:00,783.07,10.243
2024-08-26 06:30:00,782.99,10.138
2024-08-26 07:00:00,783.04,10.032
2024-08-26 07:30:00,783.08,9.922
2024-08-26 08:00:00,783.16,9.818
2024-08-26 08:30:00,782.99,9.713
2024-08-26 09:00:00,782.94,9.612
2024-08-26 09:30:00,782.94,9.509
2024-08-26 10:00:00,782.96,9.405
2024-08-26 10:30:00,782.97,9.301
2024-08-26 11:00:00,782.89,9.193
2024-08-26 11:30:00,782.67,9.082
2024-08-26 12:00:00,782.51,8.968
2024-08-26 12:30:00,782.34,8.851
2024-08-26 13:00:00,782.28,8.735
2024-08-26 13:30:00,782.28,8.619
2024-08-26 14:00:00,783.14,8.5
2024-08-26 14:30:00,783.28,8.385
2024-08-26 15:00:00,783.4,8.276
2024-08-26 15:30:00,783.37,8.171
2024-08-26 16:00:00,783.52,8.076
2024-08-26 16:30:00,783.62,8.003
2024-08-26 17:00:00,783.68,8.013
2024-08-26 17:30:00,783.8,8.136
2024-08-26 18:00:00,783.99,8.28
2024-08-26 18:30:00,784.24,8.468
2024-08-26 19:00:00,784.42,8.725
2024-08-26 19:30:00,784.79,9.052
2024-08-26 20:00:00,785.06,9.445
2024-08-26 20:30:00,785.14,9.896
2024-08-26 21:00:00,785.05,10.381
2024-08-26 21:30:00,785.2,10.877
2024-08-26 22:00:00,784.82,11.342
2024-08-26 22:30:00,784.58,11.774
2024-08-26 23:00:00,784.49,12.131
2024-08-26 23:30:00,784.67,12.421
2024-08-27 00:00:00,784.83,12.614
2024-08-27 00:30:00,784.94,12.747
2024-08-27 01:00:00,784.93,12.819
2024-08-27 01:30:00,784.91,12.835
2024-08-27 02:00:00,784.77,12.791
2024-08-27 02:30:00,784.74,12.714
2024-08-27 03:00:00,784.57,12.607
2024-08-27 03:30:00,784.43,12.494
2024-08-27 04:00:00,784.39,12.371
2024-08-27 04:30:00,784.22,12.248
2024-08-27 05:00:00,784.13,12.122
2024-08-27 05:30:00,784.05,11.988
2024-08-27 06:00:00,783.94,11.849
2024-08-27 06:30:00,783.76,11.712
2024-08-27 07:00:00,783.62,11.572
2024-08-27 07:30:00,783.61,11.432
2024-08-27 08:00:00,783.48,11.291
2024-08-27 08:30:00,783.33,11.152
2024-08-27 09:00:00,783.09,11.025
2024-08-27 09:30:00,782.97,10.899
2024-08-27 10:00:00,782.86,10.777
2024-08-27 10:30:00,782.61,10.655
2024-08-27 11:00:00,782.53,10.537
2024-08-27 11:30:00,782.71,10.419
2024-08-27 12:00:00,782.71,10.304
2024-08-27 12:30:00,782.72,10.182
2024-08-27 13:00:00,782.93,10.061
2024-08-27 13:30:00,782.77,9.934
2024-08-27 14:00:00,782.66,9.808
2024-08-27 14:30:00,782.6,9.679
2024-08-27 15:00:00,782.54,9.55
2024-08-27 15:30:00,782.49,9.427
2024-08-27 16:00:00,782.16,9.321
2024-08-27 16:30:00,782.02,9.238
2024-08-27 17:00:00,781.97,9.24
2024-08-27 17:30:00,782.11,9.368
2024-08-27 18:00:00,782.22,9.505
2024-08-27 18:30:00,782.37,9.676
2024-08-27 19:00:00,782.62,9.921
2024-08-27 19:30:00,782.96,10.228
2024-08-27 20:00:00,783.42,10.621
2024-08-27 20:30:00,783.34,11.102
2024-08-27 21:00:00,783.63,11.576
2024-08-27 21:30:00,783.46,12.082
2024-08-27 22:00:00,783.3,12.538
2024-08-27 22:30:00,783.28,12.932
2024-08-27 23:00:00,783.43,13.261
2024-08-27 23:30:00,783.4,13.532
2024-08-28 00:00:00,783.4,13.752
2024-08-28 00:30:00,783.37,13.888
2024-08-28 01:00:00,783.34,13.94
2024-08-28 01:30:00,783.28,13.936
2024-08-28 02:00:00,783.22,13.875
2024-08-28 02:30:00,783.05,13.768
2024-08-28 03:00:00,782.91,13.635
2024-08-28 03:30:00,782.78,13.49
2024-08-28 04:00:00,782.78,13.339
2024-08-28 04:30:00,782.68,13.186
2024-08-28 05:00:00,782.55,13.036
2024-08-28 05:30:00,782.48,12.883
2024-08-28 06:00:00,782.29,12.73
2024-08-28 06:30:00,782.06,12.574
2024-08-28 07:00:00,781.93,12.421
2024-08-28 07:30:00,781.86,12.272
2024-08-28 08:00:00,781.71,12.124
2024-08-28 08:30:00,781.57,11.979
2024-08-28 09:00:00,781.46,11.83
2024-08-28 09:30:00,781.36,11.684
2024-08-28 10:00:00,781.35,11.548
2024-08-28 10:30:00,781.28,11.406
2024-08-28 11:00:00,781.11,11.27
2024-08-28 11:30:00,780.95,11.133
2024-08-28 12:00:00,781.21,10.999
2024-08-28 12:30:00,781.09,10.863
2024-08-28 13:00:00,781.07,10.727
2024-08-28 13:30:00,781.16,10.594
2024-08-28 14:00:00,781.32,10.46
2024-08-28 14:30:00,781.1,10.334
2024-08-28 15:00:00,780.95,10.209
2024-08-28 15:30:00,780.95,10.096
2024-08-28 16:00:00,780.64,9.999
2024-08-28 16:30:00,780.44,9.922
2024-08-28 17:00:00,780.32,9.929
2024-08-28 17:30:00,780.43,10.052
2024-08-28 18:00:00,780.59,10.184
2024-08-28 18:30:00,780.81,10.357
2024-08-28 19:00:00,781.0,10.585
2024-08-28 19:30:00,781.25,10.888
2024-08-28 20:00:00,781.75,11.274
2024-08-28 20:30:00,782.23,11.687
2024-08-28 21:00:00,782.36,12.155
2024-08-28 21:30:00,782.22,12.651
2024-08-28 22:00:00,782.22,13.076
2024-08-28 22:30:00,782.21,13.465
2024-08-28 23:00:00,781.4,13.783
2024-08-28 23:30:00,781.36,14.048
2024-08-29 00:00:00,781.55,14.246
2024-08-29 00:30:00,781.65,14.372
2024-08-29 01:00:00,781.51,14.433
2024-08-29 01:30:00,781.61,14.433
2024-08-29 02:00:00,781.63,14.37
2024-08-29 02:30:00,781.49,14.265
2024-08-29 03:00:00,781.43,14.132
2024-08-29 03:30:00,781.45,13.984
2024-08-29 04:00:00,781.52,13.831
2024-08-29 04:30:00,781.39,13.676
2024-08-29 05:00:00,781.35,13.524
2024-08-29 05:30:00,781.28,13.371
2024-08-29 06:00:00,781.24,13.218
2024-08-29 06:30:00,781.03,13.063
2024-08-29 07:00:00,781.01,12.909
2024-08-29 07:30:00,781.13,12.758
2024-08-29 08:00:00,781.02,12.608
2024-08-29 08:30:00,780.98,12.465
2024-08-29 09:00:00,781.01,12.324
2024-08-29 09:30:00,781.17,12.184
2024-08-29 10:00:00,780.84,12.049
2024-08-29 10:30:00,780.6,11.916
2024-08-29 11:00:00,780.52,11.784
2024-08-29 11:30:00,780.66,11.652
2024-08-29 12:00:00,780.48,11.519
2024-08-29 12:30:00,780.74,11.384
2024-08-29 13:00:00,780.52,11.251
2024-08-29 13:30:00,781.0,11.117
2024-08-29 14:00:00,781.4,10.987
2024-08-29 14:30:00,781.65,10.859
2024-08-29 15:00:00,781.87,10.736
2024-08-29 15:30:00,781.87,10.622
2024-08-29 16:00:00,782.07,10.524
2024-08-29 16:30:00,782.0,10.446
2024-08-29 17:00:00,781.96,10.471
2024-08-29 17:30:00,782.15,10.621
2024-08-29 18:00:00,782.28,10.754
2024-08-29 18:30:00,782.44,10.896
2024-08-29 19:00:00,782.63,11.095
2024-08-29 19:30:00,782.84,11.374
2024-08-29 20:00:00,783.3,11.709
2024-08-29 20:30:00,783.63,12.135
2024-08-29 21:00:00,783.56,12.601
2024-08-29 21:30:00,783.6,13.076
2024-08-29 22:00:00,783.62,13.519
2024-08-29 22:30:00,782.79,13.936
2024-08-29 23:00:00,782.81,14.303
2024-08-29 23:30:00,783.02,14.614
2024-08-30 00:00:00,783.17,14.841
2024-08-30 00:30:00,783.44,14.998
2024-08-30 01:00:00,783.64,15.078
2024-08-30 01:30:00,783.68,15.081
2024-08-30 02:00:00,783.64,15.031
2024-08-30 02:30:00,783.54,14.927
2024-08-30 03:00:00,783.4,14.793
2024-08-30 03:30:00,783.35,14.639
2024-08-30 04:00:00,783.27,14.473
2024-08-30 04:30:00,783.24,14.307
2024-08-30 05:00:00,783.17,14.142
2024-08-30 05:30:00,783.09,13.976
2024-08-30 06:00:00,782.98,13.808
2024-08-30 06:30:00,782.93,13.643
2024-08-30 07:00:00,782.91,13.48
2024-08-30 07:30:00,782.82,13.322
2024-08-30 08:00:00,782.67,13.167
2024-08-30 08:30:00,782.57,13.017
2024-08-30 09:00:00,782.53,12.865
2024-08-30 09:30:00,782.64,12.716
2024-08-30 10:00:00,782.47,12.569
2024-08-30 10:30:00,782.3,12.419
2024-08-30 11:00:00,782.25,12.278
2024-08-30 11:30:00,782.32,12.135
2024-08-30 12:00:00,782.14,11.995
2024-08-30 12:30:00,781.99,11.852
2024-08-30 13:00:00,782.16,11.715
2024-08-30 13:30:00,781.99,11.575
2024-08-30 14:00:00,782.74,11.434
2024-08-30 14:30:00,783.25,11.294
2024-08-30 15:00:00,783.42,11.161
2024-08-30 15:30:00,783.55,11.036
2024-08-30 16:00:00,783.79,10.929
2024-08-30 16:30:00,783.57,10.844
2024-08-30 17:00:00,783.52,10.861
2024-08-30 17:30:00,783.64,10.991
2024-08-30 18:00:00,783.83,11.116
2024-08-30 18:30:00,783.99,11.261
2024-08-30 19:00:00,784.22,11.464
2024-08-30 19:30:00,784.4,11.729
2024-08-30 20:00:00,784.85,12.076
2024-08-30 20:30:00,785.24,12.481
2024-08-30 21:00:00,785.29,12.905
2024-08-30 21:30:00,785.36,13.27
2024-08-30 22:00:00,785.34,13.545
2024-08-30 22:30:00,785.34,13.77
2024-08-30 23:00:00,785.21,13.961
2024-08-30 23:30:00,784.26,14.119
2024-08-31 00:00:00,784.37,14.234
2024-08-31 00:30:00,784.37,14.312
2024-08-31 01:00:00,784.4,14.35
2024-08-31 01:30:00,784.33,14.347
2024-08-31 02:00:00,784.36,14.307
2024-08-31 02:30:00,784.38,14.229
2024-08-31 03:00:00,784.45,14.118
2024-08-31 03:30:00,784.49,13.985
2024-08-31 04:00:00,784.56,13.845
2024-08-31 04:30:00,784.44,13.706
2024-08-31 05:00:00,784.4,13.567
2024-08-31 05:30:00,784.39,13.431
2024-08-31 06:00:00,784.26,13.288
2024-08-31 06:30:00,783.99,13.149
2024-08-31 07:00:00,783.95,13.008
2024-08-31 07:30:00,783.88,12.866
2024-08-31 08:00:00,783.89,12.725
2024-08-31 08:30:00,783.7,12.588
2024-08-31 09:00:00,783.32,12.449
2024-08-31 09:30:00,782.96,12.315
2024-08-31 10:00:00,782.71,12.183
2024-08-31 10:30:00,782.41,12.055
2024-08-31 11:00:00,782.13,11.929
2024-08-31 11:30:00,782.64,11.805
2024-08-31 12:00:00,782.67,11.681
2024-08-31 12:30:00,782.7,11.56
2024-08-31 13:00:00,782.89,11.439
2024-08-31 13:30:00,783.27,11.318
2024-08-31 14:00:00,783.47,11.199
2024-08-31 14:30:00,783.2,11.082
2024-08-31 15:00:00,782.94,10.965
2024-08-31 15:30:00,782.7,10.858
2024-08-31 16:00:00,782.54,10.764
2024-08-31 16:30:00,783.18,10.689
2024-08-31 17:00:00,783.3,10.719
2024-08-31 17:30:00,783.41,10.865
2024-08-31 18:00:00,783.58,11.004
2024-08-31 18:30:00,783.46,11.155
2024-08-31 19:00:00,783.26,11.361
2024-08-31 19:30:00,782.94,11.646
2024-08-31 20:00:00,783.35,12.008
2024-08-31 20:30:00,783.82,12.372
2024-08-31 21:00:00,784.22,12.779
2024-08-31 21:30:00,784.2,13.181
2024-08-31 22:00:00,784.15,13.543
2024-08-31 22:30:00,783.52,13.883
2024-08-31 23:00:00,783.63,14.192
2024-08-31 23:30:00,783.67,14.41
2024-09-01 00:00:00,783.77,14.543
2024-09-01 00:30:00,783.81,14.615
2024-09-01 01:00:00,784.0,14.625
2024-09-01 01:30:00,783.83,14.566
2024-09-01 02:00:00,783.59,14.469
2024-09-01 02:30:00,783.46,14.345
2024-09-01 03:00:00,783.37,14.196
2024-09-01 03:30:00,783.45,14.034
2024-09-01 04:00:00,783.42,13.855
2024-09-01 04:30:00,783.34,13.684
2024-09-01 05:00:00,783.16,13.518
2024-09-01 05:30:00,783.01,13.356
2024-09-01 06:00:00,782.86,13.194
2024-09-01 06:30:00,782.64,13.039
2024-09-01 07:00:00,782.57,12.887
2024-09-01 07:30:00,782.83,12.741
2024-09-01 08:00:00,782.55,12.595
2024-09-01 08:30:00,782.18,12.453
2024-09-01 09:00:00,781.97,12.311
2024-09-01 09:30:00,781.74,12.174
2024-09-01 10:00:00,781.78,12.037
2024-09-01 10:30:00,781.46,11.901
2024-09-01 11:00:00,781.19,11.771
2024-09-01 11:30:00,781.17,11.642
2024-09-01 12:00:00,781.04,11.513
2024-09-01 12:30:00,780.78,11.385
2024-09-01 13:00:00,781.32,11.26
2024-09-01 13:30:00,781.43,11.135
2024-09-01 14:00:00,781.66,11.01
2024-09-01 14:30:00,781.76,10.889
2024-09-01 15:00:00,781.96,10.771
2024-09-01 15:30:00,782.0,10.661
2024-09-01 16:00:00,781.74,10.562
2024-09-01 16:30:00,781.6,10.489
2024-09-01 17:00:00,781.6,10.529
2024-09-01 17:30:00,781.69,10.665
2024-09-01 18:00:00,781.84,10.778
2024-09-01 18:30:00,781.95,10.92
2024-09-01 19:00:00,782.1,11.118
2024-09-01 19:30:00,782.42,11.378
2024-09-01 20:00:00,782.72,11.696
2024-09-01 20:30:00,783.19,12.078
2024-09-01 21:00:00,783.7,12.505
2024-09-01 21:30:00,783.72,12.947
2024-09-01 22:00:00,783.62,13.36
2024-09-01 22:30:00,782.71,13.702
2024-09-01 23:00:00,782.68,14.021
2024-09-01 23:30:00,782.65,14.261
2024-09-02 00:00:00,782.67,14.445
2024-09-02 00:30:00,782.7,14.568
2024-09-02 01:00:00,782.68,14.626
2024-09-02 01:30:00,782.58,14.625
2024-09-02 02:00:00,782.46,14.571
2024-09-02 02:30:00,782.27,14.47
2024-09-02 03:00:00,782.1,14.341
2024-09-02 03:30:00,781.9,14.196
2024-09-02 04:00:00,781.83,14.039
2024-09-02 04:30:00,781.7,13.878
2024-09-02 05:00:00,781.6,13.714
2024-09-02 05:30:00,781.63,13.556
2024-09-02 06:00:00,781.55,13.395
2024-09-02 06:30:00,781.55,13.24
2024-09-02 07:00:00,781.46,13.079
2024-09-02 07:30:00,781.28,12.923
2024-09-02 08:00:00,781.09,12.771
2024-09-02 08:30:00,781.0,12.621
2024-09-02 09:00:00,780.82,12.478
2024-09-02 09:30:00,780.47,12.334
2024-09-02 10:00:00,780.2,12.198
2024-09-02 10:30:00,779.92,12.061
2024-09-02 11:00:00,779.97,11.928
2024-09-02 11:30:00,779.71,11.797
2024-09-02 12:00:00,779.43,11.667
2024-09-02 12:30:00,779.25,11.542
2024-09-02 13:00:00,779.4,11.418
2024-09-02 13:30:00,779.66,11.296
2024-09-02 14:00:00,780.09,11.174
2024-09-02 14:30:00,780.34,11.055
2024-09-02 15:00:00,780.59,10.943
2024-09-02 15:30:00,780.81,10.843
2024-09-02 16:00:00,780.94,10.76
2024-09-02 16:30:00,780.81,10.69
2024-09-02 17:00:00,780.77,10.691
2024-09-02 17:30:00,780.82,10.774
2024-09-02 18:00:00,780.83,10.847
2024-09-02 18:30:00,780.95,10.952
2024-09-02 19:00:00,781.08,11.074
2024-09-02 19:30:00,781.17,11.258
2024-09-02 20:00:00,781.59,11.516
2024-09-02 20:30:00,781.95,11.804
2024-09-02 21:00:00,782.3,12.066
2024-09-02 21:30:00,782.5,12.313
2024-09-02 22:00:00,782.44,12.572
2024-09-02 22:30:00,782.58,12.826
2024-09-02 23:00:00,782.61,13.043
2024-09-02 23:30:00,782.53,13.219
2024-09-03 00:00:00,782.57,13.349
2024-09-03 00:30:00,782.48,13.43
2024-09-03 01:00:00,781.42,13.464
2024-09-03 01:30:00,781.27,13.456
2024-09-03 02:00:00,781.12,13.404
2024-09-03 02:30:00,781.06,13.326
2024-09-03 03:00:00,781.01,13.215
2024-09-03 03:30:00,781.08,13.092
2024-09-03 04:00:00,781.13,12.963
2024-09-03 04:30:00,781.14,12.832
2024-09-03 05:00:00,781.1,12.7
2024-09-03 05:30:00,781.19,12.573
2024-09-03 06:00:00,781.15,12.45
2024-09-03 06:30:00,781.05,12.327
2024-09-03 07:00:00,780.83,12.21
2024-09-03 07:30:00,780.57,12.097
2024-09-03 08:00:00,780.25,11.984
2024-09-03 08:30:00,779.99,11.872
2024-09-03 09:00:00,779.7,11.764
2024-09-03 09:30:00,779.51,11.653
2024-09-03 10:00:00,780.0,11.543
2024-09-03 10:30:00,780.26,11.427
2024-09-03 11:00:00,780.36,11.318
2024-09-03 11:30:00,780.46,11.204
2024-09-03 12:00:00,780.62,11.087
2024-09-03 12:30:00,780.89,10.973
2024-09-03 13:00:00,780.94,10.856
2024-09-03 13:30:00,780.78,10.744
2024-09-03 14:00:00,780.65,10.634
2024-09-03 14:30:00,780.96,10.524
2024-09-03 15:00:00,781.21,10.413
2024-09-03 15:30:00,781.31,10.31
2024-09-03 16:00:00,781.55,10.224
2024-09-03 16:30:00,781.73,10.159
2024-09-03 17:00:00,781.96,10.218
2024-09-03 17:30:00,782.02,10.37
2024-09-03 18:00:00,782.18,10.498
2024-09-03 18:30:00,782.08,10.639
2024-09-03 19:00:00,782.1,10.835
2024-09-03 19:30:00,782.05,11.107
2024-09-03 20:00:00,782.09,11.454
2024-09-03 20:30:00,782.13,11.834
2024-09-03 21:00:00,782.33,12.267
2024-09-03 21:30:00,783.0,12.708
2024-09-03 22:00:00,783.57,13.144
2024-09-03 22:30:00,783.56,13.511
2024-09-03 23:00:00,783.59,13.839
2024-09-03 23:30:00,783.66,14.117
2024-09-04 00:00:00,782.86,14.307
2024-09-04 00:30:00,782.99,14.439
2024-09-04 01:00:00,783.15,14.512
2024-09-04 01:30:00,783.13,14.517
2024-09-04 02:00:00,783.09,14.466
2024-09-04 02:30:00,783.06,14.364
2024-09-04 03:00:00,782.86,14.235
2024-09-04 03:30:00,782.72,14.083
2024-09-04 04:00:00,782.68,13.925
2024-09-04 04:30:00,782.68,13.764
2024-09-04 05:00:00,782.61,13.602
2024-09-04 05:30:00,782.52,13.44
2024-09-04 06:00:00,782.49,13.277
2024-09-04 06:30:00,782.58,13.112
2024-09-04 07:00:00,782.58,12.953
2024-09-04 07:30:00,782.5,12.799
2024-09-04 08:00:00,782.16,12.65
2024-09-04 08:30:00,781.86,12.503
2024-09-04 09:00:00,781.56,12.359
2024-09-04 09:30:00,781.36,12.221
2024-09-04 10:00:00,781.92,12.084
2024-09-04 10:30:00,781.96,11.95
2024-09-04 11:00:00,782.01,11.817
2024-09-04 11:30:00,782.02,11.686
2024-09-04 12:00:00,782.24,11.556
2024-09-04 12:30:00,782.43,11.426
2024-09-04 13:00:00,782.33,11.301
2024-09-04 13:30:00,782.13,11.179
2024-09-04 14:00:00,782.12,11.056
2024-09-04 14:30:00,782.83,10.936
2024-09-04 15:00:00,782.98,10.82
2024-09-04 15:30:00,783.13,10.71
2024-09-04 16:00:00,783.28,10.617
2024-09-04 16:30:00,783.29,10.539
2024-09-04 17:00:00,783.5,10.594
2024-09-04 17:30:00,783.53,10.741
2024-09-04 18:00:00,783.51,10.869
2024-09-04 18:30:00,783.49,11.003
2024-09-04 19:00:00,783.58,11.19
2024-09-04 19:30:00,783.62,11.451
2024-09-04 20:00:00,783.66,11.775
2024-09-04 20:30:00,783.86,12.151
2024-09-04 21:00:00,783.94,12.602
2024-09-04 21:30:00,784.49,13.082
2024-09-04 22:00:00,785.05,13.49
2024-09-04 22:30:00,785.56,13.872
2024-09-04 23:00:00,785.68,14.204
2024-09-04 23:30:00,785.83,14.47
2024-09-05 00:00:00,785.92,14.688
2024-09-05 00:30:00,785.33,14.829
2024-09-05 01:00:00,785.41,14.908
2024-09-05 01:30:00,785.48,14.933
2024-09-05 02:00:00,785.47,14.895
2024-09-05 02:30:00,785.44,14.813
2024-09-05 03:00:00,785.4,14.696
2024-09-05 03:30:00,785.33,14.56
2024-09-05 04:00:00,785.4,14.414
2024-09-05 04:30:00,785.39,14.265
2024-09-05 05:00:00,785.31,14.11
2024-09-05 05:30:00,785.32,13.959
2024-09-05 06:00:00,785.31,13.806
2024-09-05 06:30:00,785.13,13.654
2024-09-05 07:00:00,784.96,13.5
2024-09-05 07:30:00,784.91,13.348
2024-09-05 08:00:00,784.77,13.196
2024-09-05 08:30:00,784.46,13.042
2024-09-05 09:00:00,784.17,12.89
2024-09-05 09:30:00,784.01,12.738
2024-09-05 10:00:00,784.55,12.585
2024-09-05 10:30:00,784.67,12.436
2024-09-05 11:00:00,784.62,12.288
2024-09-05 11:30:00,784.64,12.139
2024-09-05 12:00:00,784.81,11.995
2024-09-05 12:30:00,784.85,11.851
2024-09-05 13:00:00,785.02,11.714
2024-09-05 13:30:00,785.03,11.583
2024-09-05 14:00:00,785.33,11.456
2024-09-05 14:30:00,785.33,11.328
2024-09-05 15:00:00,785.47,11.21
2024-09-05 15:30:00,785.5,11.101
2024-09-05 16:00:00,785.52,11.005
2024-09-05 16:30:00,785.86,10.927
2024-09-05 17:00:00,785.85,10.987
2024-09-05 17:30:00,786.02,11.142
2024-09-05 18:00:00,786.14,11.261
2024-09-05 18:30:00,786.24,11.375
2024-09-05 19:00:00,786.42,11.559
2024-09-05 19:30:00,786.74,11.818
2024-09-05 20:00:00,787.03,12.139
2024-09-05 20:30:00,787.29,12.521
2024-09-05 21:00:00,787.36,12.969
2024-09-05 21:30:00,786.51,13.409
2024-09-05 22:00:00,786.53,13.824
2024-09-05 22:30:00,786.77,14.193
2024-09-05 23:00:00,786.93,14.537
2024-09-05 23:30:00,787.04,14.831
2024-09-06 00:00:00,787.1,15.053
2024-09-06 00:30:00,787.08,15.221
2024-09-06 01:00:00,787.0,15.315
2024-09-06 01:30:00,786.86,15.345
2024-09-06 02:00:00,786.8,15.314
2024-09-06 02:30:00,786.74,15.234
2024-09-06 03:00:00,786.69,15.118
2024-09-06 03:30:00,786.71,14.979
2024-09-06 04:00:00,786.54,14.824
2024-09-06 04:30:00,786.36,14.664
2024-09-06 05:00:00,786.17,14.5
2024-09-06 05:30:00,786.02,14.335
2024-09-06 06:00:00,785.83,14.167
2024-09-06 06:30:00,785.81,14.001
2024-09-06 07:00:00,785.66,13.835
2024-09-06 07:30:00,785.49,13.674
2024-09-06 08:00:00,785.31,13.518
2024-09-06 08:30:00,785.2,13.367
2024-09-06 09:00:00,785.11,13.222
2024-09-06 09:30:00,784.94,13.078
2024-09-06 10:00:00,784.77,12.939
2024-09-06 10:30:00,784.78,12.803
2024-09-06 11:00:00,784.62,12.673
2024-09-06 11:30:00,784.4,12.543
2024-09-06 12:00:00,784.32,12.421
2024-09-06 12:30:00,784.26,12.301
2024-09-06 13:00:00,784.28,12.182
2024-09-06 13:30:00,784.51,12.065
2024-09-06 14:00:00,784.39,11.949
2024-09-06 14:30:00,784.3,11.836
2024-09-06 15:00:00,784.12,11.73
2024-09-06 15:30:00,784.23,11.638
2024-09-06 16:00:00,783.96,11.561
2024-09-06 16:30:00,783.75,11.5
2024-09-06 17:00:00,783.88,11.565
2024-09-06 17:30:00,784.05,11.675
2024-09-06 18:00:00,784.02,11.755
2024-09-06 18:30:00,784.17,11.846
2024-09-06 19:00:00,784.26,11.976
2024-09-06 19:30:00,784.54,12.154
2024-09-06 20:00:00,784.61,12.344
2024-09-06 20:30:00,784.94,12.573
2024-09-06 21:00:00,785.24,12.849
2024-09-06 21:30:00,785.34,13.146
2024-09-06 22:00:00,785.82,13.423
2024-09-06 22:30:00,785.52,13.64
2024-09-06 23:00:00,785.54,13.801
2024-09-06 23:30:00,785.2,13.943
2024-09-07 00:00:00,785.04,14.059
2024-09-07 00:30:00,784.87,14.122
2024-09-07 01:00:00,784.53,14.147
2024-09-07 01:30:00,784.43,14.133
2024-09-07 02:00:00,784.39,14.088
2024-09-07 02:30:00,784.25,14.014
2024-09-07 03:00:00,784.16,13.914
2024-09-07 03:30:00,784.07,13.804
2024-09-07 04:00:00,783.95,13.682
2024-09-07 04:30:00,783.93,13.556
2024-09-07 05:00:00,783.77,13.43
2024-09-07 05:30:00,783.68,13.299
2024-09-07 06:00:00,783.68,13.163
2024-09-07 06:30:00,783.58,13.027
2024-09-07 07:00:00,783.68,12.888
2024-09-07 07:30:00,783.56,12.75
2024-09-07 08:00:00,783.18,12.611
2024-09-07 08:30:00,782.98,12.476
2024-09-07 09:00:00,782.68,12.341
2024-09-07 09:30:00,782.37,12.212
2024-09-07 10:00:00,782.02,12.082
2024-09-07 10:30:00,781.73,11.956
2024-09-07 11:00:00,781.42,11.829
2024-09-07 11:30:00,781.25,11.705
2024-09-07 12:00:00,781.26,11.585
2024-09-07 12:30:00,781.03,11.462
2024-09-07 13:00:00,781.34,11.342
2024-09-07 13:30:00,781.55,11.22
2024-09-07 14:00:00,781.78,11.101
2024-09-07 14:30:00,782.0,10.984
2024-09-07 15:00:00,782.08,10.871
2024-09-07 15:30:00,782.33,10.765
2024-09-07 16:00:00,782.1,10.677
2024-09-07 16:30:00,781.88,10.601
2024-09-07 17:00:00,782.15,10.668
2024-09-07 17:30:00,782.22,10.771
2024-09-07 18:00:00,782.18,10.829
2024-09-07 18:30:00,782.24,10.906
2024-09-07 19:00:00,782.32,11.031
2024-09-07 19:30:00,782.44,11.201
2024-09-07 20:00:00,782.67,11.396
2024-09-07 20:30:00,782.86,11.634
2024-09-07 21:00:00,783.12,11.945
2024-09-07 21:30:00,783.45,12.28
2024-09-07 22:00:00,783.35,12.606
2024-09-07 22:30:00,783.25,12.92
2024-09-07 23:00:00,783.13,13.201
2024-09-07 23:30:00,782.15,13.451
2024-09-08 00:00:00,781.98,13.676
2024-09-08 00:30:00,781.93,13.824
2024-09-08 01:00:00,781.79,13.921
2024-09-08 01:30:00,781.68,13.968
2024-09-08 02:00:00,781.56,13.953
2024-09-08 02:30:00,781.53,13.892
2024-09-08 03:00:00,781.46,13.796
2024-09-08 03:30:00,781.34,13.677
2024-09-08 04:00:00,781.31,13.544
2024-09-08 04:30:00,781.29,13.399
2024-09-08 05:00:00,781.22,13.249
2024-09-08 05:30:00,781.27,13.091
2024-09-08 06:00:00,780.97,12.933
2024-09-08 06:30:00,780.77,12.773
2024-09-08 07:00:00,780.58,12.615
2024-09-08 07:30:00,780.49,12.455
2024-09-08 08:00:00,780.32,12.299
2024-09-08 08:30:00,780.13,12.151
2024-09-08 09:00:00,779.78,12.001
2024-09-08 09:30:00,779.65,11.862
2024-09-08 10:00:00,779.54,11.725
2024-09-08 10:30:00,779.72,11.591
2024-09-08 11:00:00,779.39,11.462
2024-09-08 11:30:00,779.22,11.333
2024-09-08 12:00:00,779.06,11.204
2024-09-08 12:30:00,778.9,11.078
2024-09-08 13:00:00,778.77,10.953
2024-09-08 13:30:00,778.97,10.831
2024-09-08 14:00:00,779.42,10.704
2024-09-08 14:30:00,779.78,10.583
2024-09-08 15:00:00,779.97,10.462
2024-09-08 15:30:00,780.04,10.345
2024-09-08 16:00:00,780.35,10.248
2024-09-08 16:30:00,780.21,10.175
2024-09-08 17:00:00,780.27,10.25
2024-09-08 17:30:00,780.46,10.377
2024-09-08 18:00:00,780.52,10.476
2024-09-08 18:30:00,780.68,10.597
2024-09-08 19:00:00,780.91,10.793
2024-09-08 19:30:00,781.27,11.041
2024-09-08 20:00:00,781.73,11.338
2024-09-08 20:30:00,782.08,11.673
2024-09-08 21:00:00,782.79,12.053
2024-09-08 21:30:00,782.42,12.437
2024-09-08 22:00:00,782.18,12.781
2024-09-08 22:30:00,781.42,13.076
2024-09-08 23:00:00,781.53,13.366
2024-09-08 23:30:00,781.55,13.621
2024-09-09 00:00:00,781.35,13.791
2024-09-09 00:30:00,781.24,13.9
2024-09-09 01:00:00,781.27,13.957
2024-09-09 01:30:00,781.26,13.967
2024-09-09 02:00:00,781.16,13.927
2024-09-09 02:30:00,781.14,13.833
2024-09-09 03:00:00,781.02,13.711
2024-09-09 03:30:00,781.05,13.568
2024-09-09 04:00:00,781.12,13.414
2024-09-09 04:30:00,781.05,13.255
2024-09-09 05:00:00,781.17,13.09
2024-09-09 05:30:00,781.09,12.928
2024-09-09 06:00:00,780.95,12.766
2024-09-09 06:30:00,780.78,12.599
2024-09-09 07:00:00,780.6,12.431
2024-09-09 07:30:00,780.58,12.267
2024-09-09 08:00:00,780.62,12.104
2024-09-09 08:30:00,780.45,11.95
2024-09-09 09:00:00,780.28,11.794
2024-09-09 09:30:00,780.27,11.645
2024-09-09 10:00:00,780.07,11.504
2024-09-09 10:30:00,779.73,11.362
2024-09-09 11:00:00,779.57,11.225
2024-09-09 11:30:00,779.38,11.085
2024-09-09 12:00:00,779.52,10.95
2024-09-09 12:30:00,779.28,10.816
2024-09-09 13:00:00,779.54,10.683
2024-09-09 13:30:00,780.07,10.55
2024-09-09 14:00:00,780.45,10.418
2024-09-09 14:30:00,780.84,10.289
2024-09-09 15:00:00,780.66,10.158
2024-09-09 15:30:00,780.4,10.037
2024-09-09 16:00:00,780.24,9.93
2024-09-09 16:30:00,780.31,9.849
2024-09-09 17:00:00,780.52,9.919
2024-09-09 17:30:00,780.68,10.031
2024-09-09 18:00:00,780.84,10.098
2024-09-09 18:30:00,780.89,10.187
2024-09-09 19:00:00,780.82,10.338
2024-09-09 19:30:00,780.92,10.556
2024-09-09 20:00:00,780.98,10.833
2024-09-09 20:30:00,781.41,11.171
2024-09-09 21:00:00,781.9,11.553
2024-09-09 21:30:00,782.33,11.95
2024-09-09 22:00:00,782.52,12.35
2024-09-09 22:30:00,782.47,12.695
2024-09-09 23:00:00,782.42,13.002
2024-09-09 23:30:00,782.38,13.287
2024-09-10 00:00:00,781.35,13.502
2024-09-10 00:30:00,781.39,13.651
2024-09-10 01:00:00,781.45,13.748
2024-09-10 01:30:00,781.45,13.787
2024-09-10 02:00:00,781.44,13.764
2024-09-10 02:30:00,781.36,13.69
2024-09-10 03:00:00,781.23,13.57
2024-09-10 03:30:00,781.18,13.429
2024-09-10 04:00:00,781.24,13.268
2024-09-10 04:30:00,781.23,13.099
2024-09-10 05:00:00,780.94,12.925
2024-09-10 05:30:00,780.72,12.746
2024-09-10 06:00:00,780.57,12.563
2024-09-10 06:30:00,780.4,12.376
2024-09-10 07:00:00,780.14,12.186
2024-09-10 07:30:00,779.86,12.0
2024-09-10 08:00:00,779.61,11.818
2024-09-10 08:30:00,779.57,11.639
2024-09-10 09:00:00,779.37,11.462
2024-09-10 09:30:00,779.2,11.29
2024-09-10 10:00:00,778.78,11.123
2024-09-10 10:30:00,778.46,10.958
2024-09-10 11:00:00,778.01,10.795
2024-09-10 11:30:00,777.72,10.636
2024-09-10 12:00:00,778.0,10.481
2024-09-10 12:30:00,778.02,10.328
2024-09-10 13:00:00,777.99,10.178
2024-09-10 13:30:00,778.03,10.029
2024-09-10 14:00:00,778.41,9.887
2024-09-10 14:30:00,778.3,9.752
2024-09-10 15:00:00,778.1,9.615
2024-09-10 15:30:00,777.92,9.483
2024-09-10 16:00:00,777.76,9.372
2024-09-10 16:30:00,777.6,9.287
2024-09-10 17:00:00,777.94,9.364
2024-09-10 17:30:00,777.78,9.477
2024-09-10 18:00:00,777.8,9.548
2024-09-10 18:30:00,777.83,9.619
2024-09-10 19:00:00,777.71,9.755
2024-09-10 19:30:00,777.77,9.961
2024-09-10 20:00:00,777.75,10.246
2024-09-10 20:30:00,778.05,10.565
2024-09-10 21:00:00,778.44,10.94
2024-09-10 21:30:00,778.87,11.359
2024-09-10 22:00:00,779.02,11.732
2024-09-10 22:30:00,778.88,12.056
2024-09-10 23:00:00,778.8,12.338
2024-09-10 23:30:00,778.48,12.607
2024-09-11 00:00:00,777.71,12.803
2024-09-11 00:30:00,777.71,12.928
2024-09-11 01:00:00,777.7,13.008
2024-09-11 01:30:00,777.58,13.032
2024-09-11 02:00:00,777.48,12.998
2024-09-11 02:30:00,777.26,12.909
2024-09-11 03:00:00,777.08,12.779
2024-09-11 03:30:00,776.96,12.62
2024-09-11 04:00:00,776.91,12.444
2024-09-11 04:30:00,776.61,12.256
2024-09-11 05:00:00,776.63,12.064
2024-09-11 05:30:00,776.32,11.865
2024-09-11 06:00:00,776.08,11.663
2024-09-11 06:30:00,776.0,11.455
2024-09-11 07:00:00,775.63,11.247
2024-09-11 07:30:00,775.28,11.039
2024-09-11 08:00:00,775.13,10.839
2024-09-11 08:30:00,774.95,10.646
2024-09-11 09:00:00,774.71,10.449
2024-09-11 09:30:00,774.45,10.26
2024-09-11 10:00:00,774.55,10.074
2024-09-11 10:30:00,774.08,9.891
2024-09-11 11:00:00,773.68,9.715
2024-09-11 11:30:00,773.27,9.54
2024-09-11 12:00:00,772.84,9.369
2024-09-11 12:30:00,773.48,9.204
2024-09-11 13:00:00,773.52,9.042
2024-09-11 13:30:00,774.35,8.881
2024-09-11 14:00:00,774.15,8.726
2024-09-11 14:30:00,773.97,8.575
2024-09-11 15:00:00,773.68,8.428
2024-09-11 15:30:00,773.49,8.294
2024-09-11 16:00:00,773.46,8.178
2024-09-11 16:30:00,773.33,8.093
2024-09-11 17:00:00,773.34,8.174
2024-09-11 17:30:00,773.58,8.298
2024-09-11 18:00:00,773.26,8.351
2024-09-11 18:30:00,773.25,8.402
2024-09-11 19:00:00,773.14,8.506
2024-09-11 19:30:00,773.23,8.691
2024-09-11 20:00:00,773.33,8.937
2024-09-11 20:30:00,773.57,9.225
2024-09-11 21:00:00,773.98,9.565
2024-09-11 21:30:00,774.51,9.934
2024-09-11 22:00:00,774.89,10.298
2024-09-11 22:30:00,775.06,10.623
2024-09-11 23:00:00,774.95,10.922
2024-09-11 23:30:00,774.7,11.174
2024-09-12 00:00:00,774.58,11.381
2024-09-12 00:30:00,773.75,11.528
2024-09-12 01:00:00,773.76,11.622
2024-09-12 01:30:00,773.64,11.662
2024-09-12 02:00:00,773.47,11.648
2024-09-12 02:30:00,773.4,11.583
2024-09-12 03:00:00,773.28,11.471
2024-09-12 03:30:00,773.25,11.331
2024-09-12 04:00:00,773.23,11.167
2024-09-12 04:30:00,773.18,11.001
2024-09-12 05:00:00,772.92,10.826
2024-09-12 05:30:00,772.66,10.649
2024-09-12 06:00:00,772.58,10.466
2024-09-12 06:30:00,772.21,10.283
2024-09-12 07:00:00,771.92,10.1
2024-09-12 07:30:00,771.73,9.914
2024-09-12 08:00:00,771.52,9.732
2024-09-12 08:30:00,771.3,9.552
2024-09-12 09:00:00,771.11,9.369
2024-09-12 09:30:00,770.92,9.191
2024-09-12 10:00:00,770.78,9.014
2024-09-12 10:30:00,770.5,8.846
2024-09-12 11:00:00,770.19,8.679
2024-09-12 11:30:00,769.83,8.514
2024-09-12 12:00:00,769.59,8.343
2024-09-12 12:30:00,770.04,8.183
2024-09-12 13:00:00,770.04,8.021
2024-09-12 13:30:00,770.9,7.858
2024-09-12 14:00:00,771.05,7.699
2024-09-12 14:30:00,771.29,7.546
2024-09-12 15:00:00,771.24,7.398
2024-09-12 15:30:00,771.02,7.258
2024-09-12 16:00:00,770.96,7.138
2024-09-12 16:30:00,770.97,7.054
2024-09-12 17:00:00,771.18,7.14
2024-09-12 17:30:00,771.33,7.277
2024-09-12 18:00:00,771.43,7.326
2024-09-12 18:30:00,771.6,7.36
2024-09-12 19:00:00,771.67,7.453
2024-09-12 19:30:00,771.88,7.618
2024-09-12 20:00:00,772.19,7.851
2024-09-12 20:30:00,772.58,8.145
2024-09-12 21:00:00,772.93,8.491
2024-09-12 21:30:00,773.37,8.874
2024-09-12 22:00:00,773.5,9.255
2024-09-12 22:30:00,773.59,9.614
2024-09-12 23:00:00,773.61,9.949
2024-09-12 23:30:00,773.68,10.259
2024-09-13 00:00:00,773.14,10.521
2024-09-13 00:30:00,773.43,10.729
2024-09-13 01:00:00,773.57,10.881
2024-09-13 01:30:00,773.68,10.977
2024-09-13 02:00:00,773.76,11.016
2024-09-13 02:30:00,773.75,11.006
2024-09-13 03:00:00,773.78,10.945
2024-09-13 03:30:00,773.68,10.849
2024-09-13 04:00:00,773.63,10.727
2024-09-13 04:30:00,773.5,10.588
2024-09-13 05:00:00,773.53,10.441
2024-09-13 05:30:00,773.67,10.287
2024-09-13 06:00:00,773.46,10.127
2024-09-13 06:30:00,773.34,9.97
2024-09-13 07:00:00,773.3,9.816
2024-09-13 07:30:00,773.3,9.657
2024-09-13 08:00:00,773.14,9.508
2024-09-13 08:30:00,772.99,9.363
2024-09-13 09:00:00,772.88,9.223
2024-09-13 09:30:00,772.73,9.09
2024-09-13 10:00:00,772.58,8.963
2024-09-13 10:30:00,772.48,8.839
2024-09-13 11:00:00,772.47,8.721
2024-09-13 11:30:00,772.45,8.603
2024-09-13 12:00:00,772.72,8.482
2024-09-13 12:30:00,772.72,8.361
2024-09-13 13:00:00,772.6,8.241
2024-09-13 13:30:00,772.59,8.119
2024-09-13 14:00:00,772.53,8.002
2024-09-13 14:30:00,772.68,7.884
2024-09-13 15:00:00,772.49,7.773
2024-09-13 15:30:00,772.75,7.663
2024-09-13 16:00:00,772.94,7.576
2024-09-13 16:30:00,773.54,7.525
2024-09-13 17:00:00,774.15,7.639
2024-09-13 17:30:00,774.3,7.796
2024-09-13 18:00:00,774.35,7.874
2024-09-13 18:30:00,774.42,7.926
2024-09-13 19:00:00,774.49,8.027
2024-09-13 19:30:00,774.62,8.205
2024-09-13 20:00:00,774.71,8.46
2024-09-13 20:30:00,774.74,8.762
2024-09-13 21:00:00,774.69,9.11
2024-09-13 21:30:00,774.71,9.489
2024-09-13 22:00:00,774.79,9.86
2024-09-13 22:30:00,774.9,10.225
2024-09-13 23:00:00,775.05,10.571
2024-09-13 23:30:00,775.16,10.889
2024-09-14 00:00:00,775.33,11.162
2024-09-14 00:30:00,775.35,11.384
2024-09-14 01:00:00,775.35,11.55
2024-09-14 01:30:00,775.36,11.659
2024-09-14 02:00:00,775.33,11.713
2024-09-14 02:30:00,775.6,11.711
2024-09-14 03:00:00,775.77,11.666
2024-09-14 03:30:00,775.99,11.584
2024-09-14 04:00:00,776.04,11.477
2024-09-14 04:30:00,776.05,11.346
2024-09-14 05:00:00,776.17,11.202
2024-09-14 05:30:00,776.16,11.053
2024-09-14 06:00:00,776.15,10.895
2024-09-14 06:30:00,776.06,10.73
2024-09-14 07:00:00,776.04,10.562
2024-09-14 07:30:00,775.95,10.395
2024-09-14 08:00:00,775.82,10.227
2024-09-14 08:30:00,775.81,10.062
2024-09-14 09:00:00,775.7,9.903
2024-09-14 09:30:00,775.64,9.748
2024-09-14 10:00:00,775.58,9.601
2024-09-14 10:30:00,775.5,9.46
2024-09-14 11:00:00,775.34,9.321
2024-09-14 11:30:00,775.29,9.186
2024-09-14 12:00:00,775.25,9.055
2024-09-14 12:30:00,775.24,8.93
2024-09-14 13:00:00,775.3,8.805
2024-09-14 13:30:00,775.53,8.68
2024-09-14 14:00:00,775.77,8.557
2024-09-14 14:30:00,775.96,8.437
2024-09-14 15:00:00,775.92,8.321
2024-09-14 15:30:00,775.9,8.213
2024-09-14 16:00:00,775.83,8.122
2024-09-14 16:30:00,775.84,8.064
2024-09-14 17:00:00,775.86,8.16
2024-09-14 17:30:00,775.78,8.301
2024-09-14 18:00:00,775.77,8.363
2024-09-14 18:30:00,775.84,8.418
2024-09-14 19:00:00,775.79,8.509
2024-09-14 19:30:00,775.85,8.679
2024-09-14 20:00:00,775.94,8.929
2024-09-14 20:30:00,775.98,9.217
2024-09-14 21:00:00,775.86,9.533
2024-09-14 21:30:00,776.02,9.889
2024-09-14 22:00:00,775.97,10.233
2024-09-14 22:30:00,776.01,10.573
2024-09-14 23:00:00,775.91,10.897
2024-09-14 23:30:00,775.97,11.19
2024-09-15 00:00:00,775.9,11.443
2024-09-15 00:30:00,775.77,11.633
2024-09-15 01:00:00,775.74,11.782
2024-09-15 01:30:00,775.72,11.872
2024-09-15 02:00:00,775.71,11.906
2024-09-15 02:30:00,775.79,11.89
2024-09-15 03:00:00,775.91,11.825
2024-09-15 03:30:00,776.13,11.725
2024-09-15 04:00:00,776.14,11.592
2024-09-15 04:30:00,776.21,11.449
2024-09-15 05:00:00,776.12,11.294
2024-09-15 05:30:00,776.07,11.13
2024-09-15 06:00:00,775.92,10.962
2024-09-15 06:30:00,775.67,10.792
2024-09-15 07:00:00,775.63,10.619
2024-09-15 07:30:00,775.5,10.449
2024-09-15 08:00:00,775.51,10.28
2024-09-15 08:30:00,775.3,10.112
2024-09-15 09:00:00,775.03,9.953
2024-09-15 09:30:00,774.9,9.796
2024-09-15 10:00:00,774.69,9.641
2024-09-15 10:30:00,774.35,9.493
2024-09-15 11:00:00,774.1,9.348
2024-09-15 11:30:00,774.04,9.203
2024-09-15 12:00:00,773.92,9.063
2024-09-15 12:30:00,773.92,8.921
2024-09-15 13:00:00,773.84,8.783
2024-09-15 13:30:00,773.78,8.649
2024-09-15 14:00:00,773.67,8.516
2024-09-15 14:30:00,773.6,8.382
2024-09-15 15:00:00,773.43,8.25
2024-09-15 15:30:00,773.27,8.132
2024-09-15 16:00:00,773.08,8.027
2024-09-15 16:30:00,772.85,7.972
2024-09-15 17:00:00,772.68,8.062
2024-09-15 17:30:00,772.71,8.195
2024-09-15 18:00:00,772.62,8.25
2024-09-15 18:30:00,772.52,8.312
2024-09-15 19:00:00,772.38,8.434
2024-09-15 19:30:00,772.06,8.608
2024-09-15 20:00:00,771.81,8.809
2024-09-15 20:30:00,771.59,9.067
2024-09-15 21:00:00,771.21,9.371
2024-09-15 21:30:00,771.13,9.692
2024-09-15 22:00:00,771.09,10.013
2024-09-15 22:30:00,771.02,10.31
2024-09-15 23:00:00,770.89,10.576
2024-09-15 23:30:00,770.62,10.815
2024-09-16 00:00:00,770.35,11.017
2024-09-16 00:30:00,770.07,11.166
2024-09-16 01:00:00,769.89,11.265
2024-09-16 01:30:00,769.79,11.309
2024-09-16 02:00:00,769.66,11.3
2024-09-16 02:30:00,769.58,11.239
2024-09-16 03:00:00,769.47,11.13
2024-09-16 03:30:00,769.43,10.986
2024-09-16 04:00:00,769.36,10.817
2024-09-16 04:30:00,768.92,10.631
2024-09-16 05:00:00,768.44,10.442
2024-09-16 05:30:00,768.34,10.259
2024-09-16 06:00:00,768.22,10.078
2024-09-16 06:30:00,768.1,9.896
2024-09-16 07:00:00,767.83,9.716
2024-09-16 07:30:00,767.78,9.544
2024-09-16 08:00:00,767.68,9.378
2024-09-16 08:30:00,767.39,9.219
2024-09-16 09:00:00,767.29,9.068
2024-09-16 09:30:00,766.98,8.934
2024-09-16 10:00:00,766.81,8.808
2024-09-16 10:30:00,766.6,8.688
2024-09-16 11:00:00,766.42,8.576
2024-09-16 11:30:00,766.46,8.466
2024-09-16 12:00:00,766.35,8.362
2024-09-16 12:30:00,766.36,8.259
2024-09-16 13:00:00,766.27,8.161
2024-09-16 13:30:00,766.35,8.063
2024-09-16 14:00:00,766.39,7.965
2024-09-16 14:30:00,766.29,7.871
2024-09-16 15:00:00,766.37,7.777
2024-09-16 15:30:00,766.52,7.682
2024-09-16 16:00:00,766.71,7.589
2024-09-16 16:30:00,766.78,7.533
2024-09-16 17:00:00,766.88,7.619
2024-09-16 17:30:00,767.13,7.737
2024-09-16 18:00:00,767.33,7.76
2024-09-16 18:30:00,767.44,7.763
2024-09-16 19:00:00,767.29,7.799
2024-09-16 19:30:00,767.2,7.909
2024-09-16 20:00:00,767.48,8.102
2024-09-16 20:30:00,767.94,8.302
2024-09-16 21:00:00,768.42,8.476
2024-09-16 21:30:00,768.56,8.598
2024-09-16 22:00:00,768.64,8.67
2024-09-16 22:30:00,768.84,8.726
2024-09-16 23:00:00,769.13,8.784
2024-09-16 23:30:00,769.46,8.82
2024-09-17 00:00:00,769.61,8.813
2024-09-17 00:30:00,769.83,8.758
2024-09-17 01:00:00,770.02,8.65
2024-09-17 01:30:00,770.29,8.53
2024-09-17 02:00:00,770.47,8.391
2024-09-17 02:30:00,770.5,8.242
2024-09-17 03:00:00,770.75,8.078
2024-09-17 03:30:00,770.95,7.899
2024-09-17 04:00:00,770.97,7.711
2024-09-17 04:30:00,771.09,7.529
2024-09-17 05:00:00,771.25,7.354
2024-09-17 05:30:00,771.13,7.189
2024-09-17 06:00:00,771.21,7.04
2024-09-17 06:30:00,771.26,6.894
2024-09-17 07:00:00,771.46,6.756
2024-09-17 07:30:00,771.69,6.625
2024-09-17 08:00:00,771.76,6.494
2024-09-17 08:30:00,771.75,6.367
2024-09-17 09:00:00,772.05,6.244
2024-09-17 09:30:00,771.79,6.125
2024-09-17 10:00:00,772.0,6.008
2024-09-17 10:30:00,772.55,5.89
2024-09-17 11:00:00,772.26,5.775
2024-09-17 11:30:00,772.11,5.668
2024-09-17 12:00:00,772.22,5.57
2024-09-17 12:30:00,772.53,5.481
2024-09-17 13:00:00,772.54,5.398
2024-09-17 13:30:00,772.86,5.325
2024-09-17 14:00:00,773.19,5.258
2024-09-17 14:30:00,773.43,5.203
2024-09-17 15:00:00,773.71,5.15
2024-09-17 15:30:00,773.86,5.108
2024-09-17 16:00:00,774.04,5.069
2024-09-17 16:30:00,773.96,5.047
2024-09-17 17:00:00,774.16,5.116
2024-09-17 17:30:00,774.22,5.275
2024-09-17 18:00:00,774.34,5.39
2024-09-17 18:30:00,774.36,5.506
2024-09-17 19:00:00,774.43,5.663
2024-09-17 19:30:00,774.3,5.862
2024-09-17 20:00:00,774.43,6.097
2024-09-17 20:30:00,774.34,6.342
2024-09-17 21:00:00,774.44,6.58
2024-09-17 21:30:00,774.23,6.836
2024-09-17 22:00:00,774.24,7.104
2024-09-17 22:30:00,774.15,7.376
2024-09-17 23:00:00,774.19,7.638
2024-09-17 23:30:00,774.41,7.882
2024-09-18 00:00:00,774.54,8.102
2024-09-18 00:30:00,774.69,8.277
2024-09-18 01:00:00,774.62,8.415
2024-09-18 01:30:00,774.74,8.504
2024-09-18 02:00:00,774.76,8.538
2024-09-18 02:30:00,774.83,8.517
2024-09-18 03:00:00,775.02,8.461
2024-09-18 03:30:00,775.14,8.378
2024-09-18 04:00:00,775.28,8.272
2024-09-18 04:30:00,775.12,8.157
2024-09-18 05:00:00,774.96,8.032
2024-09-18 05:30:00,774.87,7.906
2024-09-18 06:00:00,774.81,7.781
2024-09-18 06:30:00,774.94,7.659
2024-09-18 07:00:00,775.12,7.54
2024-09-18 07:30:00,775.24,7.433
2024-09-18 08:00:00,775.39,7.327
2024-09-18 08:30:00,775.35,7.231
2024-09-18 09:00:00,775.26,7.13
2024-09-18 09:30:00,774.97,7.035
2024-09-18 10:00:00,774.76,6.941
2024-09-18 10:30:00,774.59,6.849
2024-09-18 11:00:00,774.31,6.759
2024-09-18 11:30:00,773.91,6.676
2024-09-18 12:00:00,773.63,6.602
2024-09-18 12:30:00,773.69,6.531
2024-09-18 13:00:00,773.58,6.471
2024-09-18 13:30:00,773.49,6.416
2024-09-18 14:00:00,773.6,6.363
2024-09-18 14:30:00,773.66,6.309
2024-09-18 15:00:00,773.7,6.256
2024-09-18 15:30:00,773.73,6.21
2024-09-18 16:00:00,773.71,6.177
2024-09-18 16:30:00,773.65,6.168
2024-09-18 17:00:00,773.48,6.197
2024-09-18 17:30:00,773.42,6.273
2024-09-18 18:00:00,773.39,6.347
2024-09-18 18:30:00,773.35,6.433
2024-09-18 19:00:00,773.46,6.531
2024-09-18 19:30:00,773.95,6.638
2024-09-18 20:00:00,774.04,6.747
2024-09-18 20:30:00,773.72,6.849
2024-09-18 21:00:00,773.43,6.964
2024-09-18 21:30:00,773.22,7.092
2024-09-18 22:00:00,773.33,7.226
2024-09-18 22:30:00,773.37,7.349
2024-09-18 23:00:00,773.12,7.448
2024-09-18 23:30:00,773.03,7.533
2024-09-19 00:00:00,773.3,7.609
2024-09-19 00:30:00,773.3,7.668
2024-09-19 01:00:00,773.33,7.706
2024-09-19 01:30:00,773.65,7.725
2024-09-19 02:00:00,774.09,7.723
2024-09-19 02:30:00,774.28,7.703
2024-09-19 03:00:00,774.69,7.662
2024-09-19 03:30:00,774.82,7.604
2024-09-19 04:00:00,774.97,7.532
2024-09-19 04:30:00,774.79,7.456
2024-09-19 05:00:00,774.91,7.375
2024-09-19 05:30:00,774.78,7.296
2024-09-19 06:00:00,774.77,7.216
2024-09-19 06:30:00,774.79,7.133
2024-09-19 07:00:00,774.75,7.052
2024-09-19 07:30:00,774.7,6.977
2024-09-19 08:00:00,774.72,6.901
2024-09-19 08:30:00,774.75,6.827
2024-09-19 09:00:00,774.64,6.761
2024-09-19 09:30:00,774.39,6.699
2024-09-19 10:00:00,774.56,6.642
2024-09-19 10:30:00,774.72,6.587
2024-09-19 11:00:00,774.82,6.54
2024-09-19 11:30:00,774.8,6.489
2024-09-19 12:00:00,774.74,6.441
2024-09-19 12:30:00,774.43,6.391
2024-09-19 13:00:00,774.45,6.336
2024-09-19 13:30:00,774.39,6.274
2024-09-19 14:00:00,774.47,6.208
2024-09-19 14:30:00,774.68,6.147
2024-09-19 15:00:00,774.88,6.088
2024-09-19 15:30:00,775.03,6.045
2024-09-19 16:00:00,775.15,6.018
2024-09-19 16:30:00,775.14,6.036
2024-09-19 17:00:00,775.13,6.148
2024-09-19 17:30:00,775.25,6.291
2024-09-19 18:00:00,775.21,6.375
2024-09-19 18:30:00,775.19,6.472
2024-09-19 19:00:00,775.41,6.612
2024-09-19 19:30:00,775.41,6.815
2024-09-19 20:00:00,775.41,7.058
2024-09-19 20:30:00,775.41,7.309
2024-09-19 21:00:00,775.3,7.544
2024-09-19 21:30:00,775.33,7.742
2024-09-19 22:00:00,775.09,7.895
2024-09-19 22:30:00,775.38,8.001
2024-09-19 23:00:00,775.42,8.062
2024-09-19 23:30:00,775.4,8.084
2024-09-20 00:00:00,775.59,8.076
2024-09-20 00:30:00,775.48,8.045
2024-09-20 01:00:00,775.43,7.995
2024-09-20 01:30:00,775.37,7.933
2024-09-20 02:00:00,775.7,7.86
2024-09-20 02:30:00,775.84,7.785
2024-09-20 03:00:00,776.14,7.703
2024-09-20 03:30:00,776.36,7.625
2024-09-20 04:00:00,776.37,7.55
2024-09-20 04:30:00,776.27,7.48
2024-09-20 05:00:00,776.38,7.412
2024-09-20 05:30:00,776.65,7.342
2024-09-20 06:00:00,777.03,7.272
2024-09-20 06:30:00,776.91,7.197
2024-09-20 07:00:00,776.93,7.128
2024-09-20 07:30:00,776.75,7.062
2024-09-20 08:00:00,776.77,6.999
2024-09-20 08:30:00,776.62,6.938
2024-09-20 09:00:00,776.69,6.881
2024-09-20 09:30:00,776.71,6.822
2024-09-20 10:00:00,776.68,6.755
2024-09-20 10:30:00,776.61,6.681
2024-09-20 11:00:00,776.45,6.601
2024-09-20 11:30:00,776.39,6.515
2024-09-20 12:00:00,776.43,6.428
2024-09-20 12:30:00,776.52,6.332
2024-09-20 13:00:00,776.49,6.235
2024-09-20 13:30:00,776.89,6.139
2024-09-20 14:00:00,777.06,6.043
2024-09-20 14:30:00,777.23,5.946
2024-09-20 15:00:00,777.2,5.855
2024-09-20 15:30:00,777.15,5.765
2024-09-20 16:00:00,777.15,5.69
2024-09-20 16:30:00,777.19,5.661
2024-09-20 17:00:00,777.24,5.733
2024-09-20 17:30:00,777.3,5.848
2024-09-20 18:00:00,777.42,5.922
2024-09-20 18:30:00,777.68,6.014
2024-09-20 19:00:00,777.51,6.155
2024-09-20 19:30:00,777.48,6.324
2024-09-20 20:00:00,777.39,6.503
2024-09-20 20:30:00,777.33,6.708
2024-09-20 21:00:00,777.33,6.964
2024-09-20 21:30:00,777.37,7.235
2024-09-20 22:00:00,777.25,7.484
2024-09-20 22:30:00,777.09,7.686
2024-09-20 23:00:00,777.02,7.865
2024-09-20 23:30:00,777.0,8.018
2024-09-21 00:00:00,776.9,8.127
2024-09-21 00:30:00,777.04,8.2
2024-09-21 01:00:00,777.24,8.256
2024-09-21 01:30:00,777.4,8.291
2024-09-21 02:00:00,777.65,8.301
2024-09-21 02:30:00,777.91,8.289
2024-09-21 03:00:00,778.07,8.258
2024-09-21 03:30:00,778.18,8.212
2024-09-21 04:00:00,778.44,8.152
2024-09-21 04:30:00,778.4,8.083
2024-09-21 05:00:00,778.42,8.004
2024-09-21 05:30:00,778.45,7.917
2024-09-21 06:00:00,778.32,7.823
2024-09-21 06:30:00,778.35,7.725
2024-09-21 07:00:00,778.2,7.621
2024-09-21 07:30:00,778.24,7.515
2024-09-21 08:00:00,778.22,7.408
2024-09-21 08:30:00,778.16,7.302
2024-09-21 09:00:00,778.12,7.194
2024-09-21 09:30:00,778.16,7.085
2024-09-21 10:00:00,778.04,6.981
2024-09-21 10:30:00,777.8,6.876
2024-09-21 11:00:00,777.68,6.776
2024-09-21 11:30:00,777.71,6.683
2024-09-21 12:00:00,777.67,6.593
2024-09-21 12:30:00,777.84,6.51
2024-09-21 13:00:00,777.89,6.424
2024-09-21 13:30:00,777.94,6.338
2024-09-21 14:00:00,778.19,6.256
2024-09-21 14:30:00,778.39,6.166
2024-09-21 15:00:00,778.54,6.083
2024-09-21 15:30:00,778.48,5.998
2024-09-21 16:00:00,778.38,5.93
2024-09-21 16:30:00,778.4,5.911
2024-09-21 17:00:00,778.29,5.998
2024-09-21 17:30:00,778.32,6.133
2024-09-21 18:00:00,778.26,6.214
2024-09-21 18:30:00,778.12,6.314
2024-09-21 19:00:00,777.92,6.455
2024-09-21 19:30:00,777.95,6.661
2024-09-21 20:00:00,778.02,6.925
2024-09-21 20:30:00,778.08,7.242
2024-09-21 21:00:00,778.08,7.598
2024-09-21 21:30:00,778.04,7.978
2024-09-21 22:00:00,778.1,8.341
2024-09-21 22:30:00,778.11,8.653
2024-09-21 23:00:00,778.17,8.911
2024-09-21 23:30:00,778.24,9.135
2024-09-22 00:00:00,778.36,9.326
2024-09-22 00:30:00,778.63,9.474
2024-09-22 01:00:00,778.57,9.591
2024-09-22 01:30:00,778.7,9.677
2024-09-22 02:00:00,778.89,9.726
2024-09-22 02:30:00,779.03,9.746
2024-09-22 03:00:00,779.3,9.739
2024-09-22 03:30:00,779.36,9.704
2024-09-22 04:00:00,779.53,9.653
2024-09-22 04:30:00,779.62,9.585
2024-09-22 05:00:00,779.62,9.504
2024-09-22 05:30:00,779.68,9.414
2024-09-22 06:00:00,779.62,9.316
2024-09-22 06:30:00,779.62,9.214
2024-09-22 07:00:00,779.86,9.109
2024-09-22 07:30:00,779.94,9.005
2024-09-22 08:00:00,780.0,8.899
2024-09-22 08:30:00,779.99,8.798
2024-09-22 09:00:00,779.9,8.695
2024-09-22 09:30:00,779.8,8.598
2024-09-22 10:00:00,779.86,8.502
2024-09-22 10:30:00,779.76,8.409
2024-09-22 11:00:00,779.66,8.316
2024-09-22 11:30:00,779.64,8.227
2024-09-22 12:00:00,779.64,8.143
2024-09-22 12:30:00,779.73,8.056
2024-09-22 13:00:00,779.85,7.971
2024-09-22 13:30:00,779.97,7.886
2024-09-22 14:00:00,780.06,7.8
2024-09-22 14:30:00,780.41,7.716
2024-09-22 15:00:00,780.48,7.637
2024-09-22 15:30:00,780.56,7.559
2024-09-22 16:00:00,780.49,7.491
2024-09-22 16:30:00,780.46,7.471
2024-09-22 17:00:00,780.58,7.557
2024-09-22 17:30:00,780.59,7.677
2024-09-22 18:00:00,780.57,7.738
2024-09-22 18:30:00,780.47,7.818
2024-09-22 19:00:00,780.41,7.955
2024-09-22 19:30:00,780.19,8.15
2024-09-22 20:00:00,780.19,8.386
2024-09-22 20:30:00,779.96,8.667
2024-09-22 21:00:00,779.75,8.959
2024-09-22 21:30:00,779.59,9.261
2024-09-22 22:00:00,779.49,9.555
2024-09-22 22:30:00,779.47,9.793
2024-09-22 23:00:00,779.6,9.988
2024-09-22 23:30:00,779.56,10.164
2024-09-23 00:00:00,779.61,10.286
2024-09-23 00:30:00,779.62,10.365
2024-09-23 01:00:00,779.7,10.399
2024-09-23 01:30:00,779.77,10.396
2024-09-23 02:00:00,779.86,10.356
2024-09-23 02:30:00,780.03,10.3
2024-09-23 03:00:00,780.32,10.228
2024-09-23 03:30:00,780.61,10.148
2024-09-23 04:00:00,780.79,10.069
2024-09-23 04:30:00,780.91,9.987
2024-09-23 05:00:00,780.86,9.904
2024-09-23 05:30:00,780.76,9.819
2024-09-23 06:00:00,780.78,9.73
2024-09-23 06:30:00,780.73,9.641
2024-09-23 07:00:00,780.73,9.55
2024-09-23 07:30:00,780.6,9.455
2024-09-23 08:00:00,780.54,9.361
2024-09-23 08:30:00,780.58,9.265
2024-09-23 09:00:00,780.61,9.166
2024-09-23 09:30:00,780.71,9.068
2024-09-23 10:00:00,780.5,8.968
2024-09-23 10:30:00,780.52,8.862
2024-09-23 11:00:00,780.39,8.759
2024-09-23 11:30:00,780.48,8.655
2024-09-23 12:00:00,780.44,8.554
2024-09-23 12:30:00,780.52,8.451
2024-09-23 13:00:00,780.65,8.351
2024-09-23 13:30:00,780.78,8.252
2024-09-23 14:00:00,781.04,8.155
2024-09-23 14:30:00,781.32,8.055
2024-09-23 15:00:00,781.42,7.959
2024-09-23 15:30:00,781.26,7.868
2024-09-23 16:00:00,781.21,7.79
2024-09-23 16:30:00,781.25,7.764
2024-09-23 17:00:00,781.09,7.852
2024-09-23 17:30:00,781.17,7.984
2024-09-23 18:00:00,781.02,8.041
2024-09-23 18:30:00,780.91,8.094
2024-09-23 19:00:00,780.77,8.197
2024-09-23 19:30:00,780.63,8.352
2024-09-23 20:00:00,780.42,8.574
2024-09-23 20:30:00,780.26,8.85
2024-09-23 21:00:00,780.0,9.17
2024-09-23 21:30:00,779.73,9.512
2024-09-23 22:00:00,779.6,9.84
2024-09-23 22:30:00,779.56,10.153
2024-09-23 23:00:00,779.49,10.441
2024-09-23 23:30:00,779.49,10.7
2024-09-24 00:00:00,779.45,10.908
2024-09-24 00:30:00,779.57,11.058
2024-09-24 01:00:00,779.6,11.149
2024-09-24 01:30:00,779.64,11.189
2024-09-24 02:00:00,779.69,11.182
2024-09-24 02:30:00,779.75,11.131
2024-09-24 03:00:00,779.98,11.045
2024-09-24 03:30:00,780.27,10.938
2024-09-24 04:00:00,780.41,10.817
2024-09-24 04:30:00,780.43,10.685
2024-09-24 05:00:00,780.33,10.544
2024-09-24 05:30:00,780.36,10.4
2024-09-24 06:00:00,780.35,10.248
2024-09-24 06:30:00,780.23,10.096
2024-09-24 07:00:00,780.25,9.946
2024-09-24 07:30:00,780.21,9.799
2024-09-24 08:00:00,780.15,9.653
2024-09-24 08:30:00,780.1,9.516
2024-09-24 09:00:00,780.04,9.381
2024-09-24 09:30:00,779.98,9.251
2024-09-24 10:00:00,779.86,9.127
2024-09-24 10:30:00,779.74,9.003
2024-09-24 11:00:00,779.66,8.879
2024-09-24 11:30:00,779.64,8.762
2024-09-24 12:00:00,779.6,8.643
2024-09-24 12:30:00,779.58,8.524
2024-09-24 13:00:00,779.63,8.406
2024-09-24 13:30:00,779.69,8.292
2024-09-24 14:00:00,779.85,8.176
2024-09-24 14:30:00,780.08,8.064
2024-09-24 15:00:00,780.12,7.954
2024-09-24 15:30:00,780.02,7.849
2024-09-24 16:00:00,779.98,7.755
2024-09-24 16:30:00,779.91,7.725
2024-09-24 17:00:00,779.9,7.81
2024-09-24 17:30:00,779.92,7.927
2024-09-24 18:00:00,779.85,7.988
2024-09-24 18:30:00,779.67,8.029
2024-09-24 19:00:00,779.55,8.131
2024-09-24 19:30:00,779.39,8.312
2024-09-24 20:00:00,779.24,8.546
2024-09-24 20:30:00,779.1,8.824
2024-09-24 21:00:00,778.87,9.14
2024-09-24 21:30:00,778.63,9.472
2024-09-24 22:00:00,778.63,9.792
2024-09-24 22:30:00,778.55,10.09
2024-09-24 23:00:00,778.62,10.371
2024-09-24 23:30:00,778.55,10.623
2024-09-25 00:00:00,778.61,10.834
2024-09-25 00:30:00,778.48,10.988
2024-09-25 01:00:00,778.47,11.097
2024-09-25 01:30:00,778.61,11.152
2024-09-25 02:00:00,778.67,11.154
2024-09-25 02:30:00,778.75,11.107
2024-09-25 03:00:00,778.66,11.027
2024-09-25 03:30:00,778.82,10.922
2024-09-25 04:00:00,779.14,10.801
2024-09-25 04:30:00,779.24,10.672
2024-09-25 05:00:00,779.17,10.531
2024-09-25 05:30:00,779.05,10.383
2024-09-25 06:00:00,779.01,10.23
2024-09-25 06:30:00,778.85,10.083
2024-09-25 07:00:00,778.76,9.939
2024-09-25 07:30:00,778.69,9.795
2024-09-25 08:00:00,778.55,9.654
2024-09-25 08:30:00,778.46,9.522
2024-09-25 09:00:00,778.41,9.395
2024-09-25 09:30:00,778.21,9.273
2024-09-25 10:00:00,778.06,9.149
2024-09-25 10:30:00,777.94,9.026
2024-09-25 11:00:00,777.85,8.906
2024-09-25 11:30:00,777.76,8.788
2024-09-25 12:00:00,777.57,8.672
2024-09-25 12:30:00,777.46,8.555
2024-09-25 13:00:00,777.48,8.443
2024-09-25 13:30:00,777.43,8.331
2024-09-25 14:00:00,777.64,8.22
2024-09-25 14:30:00,777.83,8.112
2024-09-25 15:00:00,777.82,8.003
2024-09-25 15:30:00,777.7,7.902
2024-09-25 16:00:00,777.67,7.81
2024-09-25 16:30:00,777.62,7.78
2024-09-25 17:00:00,777.78,7.858
2024-09-25 17:30:00,777.68,7.975
2024-09-25 18:00:00,777.58,8.037
2024-09-25 18:30:00,777.76,8.092
2024-09-25 19:00:00,777.72,8.182
2024-09-25 19:30:00,777.5,8.334
2024-09-25 20:00:00,777.42,8.547
2024-09-25 20:30:00,777.22,8.803
2024-09-25 21:00:00,776.97,9.095
2024-09-25 21:30:00,776.76,9.407
2024-09-25 22:00:00,776.6,9.717
2024-09-25 22:30:00,776.57,10.004
2024-09-25 23:00:00,776.47,10.269
2024-09-25 23:30:00,776.45,10.507
2024-09-26 00:00:00,776.49,10.706
2024-09-26 00:30:00,776.57,10.853
2024-09-26 01:00:00,776.57,10.955
2024-09-26 01:30:00,776.69,11.009
2024-09-26 02:00:00,776.87,11.015
2024-09-26 02:30:00,777.0,10.979
2024-09-26 03:00:00,777.36,10.904
2024-09-26 03:30:00,777.47,10.807
2024-09-26 04:00:00,777.62,10.689
2024-09-26 04:30:00,777.68,10.556
2024-09-26 05:00:00,777.74,10.413
2024-09-26 05:30:00,777.68,10.261
2024-09-26 06:00:00,777.76,10.103
2024-09-26 06:30:00,777.78,9.939
2024-09-26 07:00:00,777.77,9.774
2024-09-26 07:30:00,777.72,9.607
2024-09-26 08:00:00,777.78,9.449
2024-09-26 08:30:00,777.83,9.288
2024-09-26 09:00:00,777.94,9.126
2024-09-26 09:30:00,777.87,8.966
2024-09-26 10:00:00,777.7,8.808
2024-09-26 10:30:00,777.66,8.652
2024-09-26 11:00:00,777.71,8.501
2024-09-26 11:30:00,777.6,8.343
2024-09-26 12:00:00,777.58,8.188
2024-09-26 12:30:00,777.56,8.031
2024-09-26 13:00:00,777.63,7.879
2024-09-26 13:30:00,777.72,7.727
2024-09-26 14:00:00,777.98,7.578
2024-09-26 14:30:00,778.0,7.423
2024-09-26 15:00:00,778.09,7.28
2024-09-26 15:30:00,778.02,7.136
2024-09-26 16:00:00,777.93,7.008
2024-09-26 16:30:00,778.06,6.95
2024-09-26 17:00:00,778.19,7.013
2024-09-26 17:30:00,778.29,7.104
2024-09-26 18:00:00,778.38,7.122
2024-09-26 18:30:00,778.42,7.124
2024-09-26 19:00:00,778.51,7.194
2024-09-26 19:30:00,778.58,7.343
2024-09-26 20:00:00,778.48,7.551
2024-09-26 20:30:00,778.44,7.802
2024-09-26 21:00:00,778.36,8.097
2024-09-26 21:30:00,778.42,8.412
2024-09-26 22:00:00,778.51,8.723
2024-09-26 22:30:00,778.58,9.015
2024-09-26 23:00:00,778.71,9.292
2024-09-26 23:30:00,778.87,9.56
2024-09-27 00:00:00,778.93,9.796
2024-09-27 00:30:00,779.05,9.978
2024-09-27 01:00:00,779.17,10.111
2024-09-27 01:30:00,779.34,10.191
2024-09-27 02:00:00,779.56,10.222
2024-09-27 02:30:00,779.66,10.206
2024-09-27 03:00:00,779.7,10.15
2024-09-27 03:30:00,780.01,10.067
2024-09-27 04:00:00,780.21,9.967
2024-09-27 04:30:00,780.29,9.849
2024-09-27 05:00:00,780.32,9.72
2024-09-27 05:30:00,780.38,9.584
2024-09-27 06:00:00,780.36,9.438
2024-09-27 06:30:00,780.45,9.286
2024-09-27 07:00:00,780.36,9.134
2024-09-27 07:30:00,780.13,8.985
2024-09-27 08:00:00,779.92,8.837
2024-09-27 08:30:00,779.85,8.694
2024-09-27 09:00:00,779.8,8.557
2024-09-27 09:30:00,779.81,8.424
2024-09-27 10:00:00,779.76,8.296
2024-09-27 10:30:00,779.63,8.17
2024-09-27 11:00:00,779.5,8.048
2024-09-27 11:30:00,779.41,7.93
2024-09-27 12:00:00,779.45,7.813
2024-09-27 12:30:00,779.45,7.703
2024-09-27 13:00:00,779.54,7.588
2024-09-27 13:30:00,779.65,7.477
2024-09-27 14:00:00,779.73,7.37
2024-09-27 14:30:00,779.85,7.265
2024-09-27 15:00:00,779.9,7.159
2024-09-27 15:30:00,779.98,7.06
2024-09-27 16:00:00,779.84,6.968
2024-09-27 16:30:00,779.85,6.949
2024-09-27 17:00:00,779.86,7.041
2024-09-27 17:30:00,779.86,7.142
2024-09-27 18:00:00,779.79,7.198
2024-09-27 18:30:00,779.64,7.254
2024-09-27 19:00:00,779.52,7.365
2024-09-27 19:30:00,779.4,7.52
2024-09-27 20:00:00,779.14,7.746
2024-09-27 20:30:00,779.26,8.016
2024-09-27 21:00:00,779.12,8.324
2024-09-27 21:30:00,779.07,8.648
2024-09-27 22:00:00,779.03,8.965
2024-09-27 22:30:00,779.0,9.26
2024-09-27 23:00:00,778.97,9.54
2024-09-27 23:30:00,778.94,9.799
2024-09-28 00:00:00,778.97,10.027
2024-09-28 00:30:00,779.02,10.201
2024-09-28 01:00:00,779.0,10.331
2024-09-28 01:30:00,779.07,10.416
2024-09-28 02:00:00,779.14,10.45
2024-09-28 02:30:00,779.26,10.436
2024-09-28 03:00:00,779.4,10.383
2024-09-28 03:30:00,779.49,10.296
2024-09-28 04:00:00,779.49,10.187
2024-09-28 04:30:00,779.43,10.063
2024-09-28 05:00:00,779.3,9.924
2024-09-28 05:30:00,779.32,9.776
2024-09-28 06:00:00,779.16,9.618
2024-09-28 06:30:00,779.12,9.459
2024-09-28 07:00:00,779.16,9.296
2024-09-28 07:30:00,779.25,9.139
2024-09-28 08:00:00,779.2,8.984
2024-09-28 08:30:00,779.13,8.833
2024-09-28 09:00:00,779.11,8.685
2024-09-28 09:30:00,779.13,8.543
2024-09-28 10:00:00,779.13,8.404
2024-09-28 10:30:00,778.96,8.274
2024-09-28 11:00:00,778.83,8.145
2024-09-28 11:30:00,778.66,8.017
2024-09-28 12:00:00,778.66,7.894
2024-09-28 12:30:00,778.68,7.778
2024-09-28 13:00:00,778.72,7.664
2024-09-28 13:30:00,778.84,7.558
2024-09-28 14:00:00,778.85,7.451
2024-09-28 14:30:00,778.93,7.348
2024-09-28 15:00:00,778.95,7.246
2024-09-28 15:30:00,778.97,7.148
2024-09-28 16:00:00,778.86,7.063
2024-09-28 16:30:00,778.87,7.03
2024-09-28 17:00:00,778.93,7.115
2024-09-28 17:30:00,778.87,7.194
2024-09-28 18:00:00,778.86,7.25
2024-09-28 18:30:00,778.81,7.29
2024-09-28 19:00:00,778.9,7.383
2024-09-28 19:30:00,778.9,7.585
2024-09-28 20:00:00,778.54,7.815
2024-09-28 20:30:00,778.41,8.078
2024-09-28 21:00:00,778.36,8.366
2024-09-28 21:30:00,778.14,8.674
2024-09-28 22:00:00,777.99,8.969
2024-09-28 22:30:00,777.85,9.244
2024-09-28 23:00:00,778.23,9.503
2024-09-28 23:30:00,778.3,9.746
2024-09-29 00:00:00,778.38,9.963
2024-09-29 00:30:00,778.33,10.139
2024-09-29 01:00:00,778.38,10.27
2024-09-29 01:30:00,778.5,10.361
2024-09-29 02:00:00,778.81,10.405
2024-09-29 02:30:00,778.95,10.404
2024-09-29 03:00:00,779.04,10.364
2024-09-29 03:30:00,779.25,10.293
2024-09-29 04:00:00,779.32,10.2
2024-09-29 04:30:00,779.26,10.088
2024-09-29 05:00:00,779.3,9.964
2024-09-29 05:30:00,779.2,9.829
2024-09-29 06:00:00,779.13,9.687
2024-09-29 06:30:00,778.99,9.54
2024-09-29 07:00:00,778.94,9.393
2024-09-29 07:30:00,778.81,9.24
2024-09-29 08:00:00,778.67,9.091
2024-09-29 08:30:00,778.51,8.944
2024-09-29 09:00:00,778.35,8.801
2024-09-29 09:30:00,778.11,8.663
2024-09-29 10:00:00,777.82,8.53
2024-09-29 10:30:00,777.63,8.403
2024-09-29 11:00:00,777.62,8.28
2024-09-29 11:30:00,778.03,8.159
2024-09-29 12:00:00,777.83,8.038
2024-09-29 12:30:00,777.76,7.917
2024-09-29 13:00:00,777.63,7.8
2024-09-29 13:30:00,777.8,7.682
2024-09-29 14:00:00,777.98,7.569
2024-09-29 14:30:00,778.33,7.455
2024-09-29 15:00:00,778.55,7.344
2024-09-29 15:30:00,778.54,7.236
2024-09-29 16:00:00,778.59,7.14
2024-09-29 16:30:00,778.64,7.092
2024-09-29 17:00:00,778.76,7.169
2024-09-29 17:30:00,778.87,7.232
2024-09-29 18:00:00,778.91,7.271
2024-09-29 18:30:00,778.89,7.303
2024-09-29 19:00:00,778.87,7.394
2024-09-29 19:30:00,779.07,7.556
2024-09-29 20:00:00,779.27,7.771
2024-09-29 20:30:00,779.5,8.024
2024-09-29 21:00:00,779.7,8.304
2024-09-29 21:30:00,779.86,8.605
2024-09-29 22:00:00,779.87,8.898
2024-09-29 22:30:00,780.03,9.17
2024-09-29 23:00:00,780.14,9.425
2024-09-29 23:30:00,780.18,9.667
2024-09-30 00:00:00,780.29,9.887
2024-09-30 00:30:00,780.3,10.065
2024-09-30 01:00:00,780.28,10.199
2024-09-30 01:30:00,780.37,10.292
2024-09-30 02:00:00,780.43,10.341
2024-09-30 02:30:00,780.58,10.347
2024-09-30 03:00:00,780.67,10.313
2024-09-30 03:30:00,780.61,10.248
2024-09-30 04:00:00,780.57,10.16
2024-09-30 04:30:00,780.42,10.055
2024-09-30 05:00:00,780.49,9.93
2024-09-30 05:30:00,780.45,9.796
2024-09-30 06:00:00,780.33,9.651
2024-09-30 06:30:00,780.14,9.501
2024-09-30 07:00:00,780.02,9.348
2024-09-30 07:30:00,779.68,9.193
2024-09-30 08:00:00,779.51,9.042
2024-09-30 08:30:00,779.4,8.897
2024-09-30 09:00:00,779.57,8.752
2024-09-30 09:30:00,779.4,8.616
2024-09-30 10:00:00,779.27,8.481
2024-09-30 10:30:00,779.14,8.351
2024-09-30 11:00:00,779.09,8.224
2024-09-30 11:30:00,779.69,8.103
2024-09-30 12:00:00,779.92,7.985
2024-09-30 12:30:00,780.02,7.872
2024-09-30 13:00:00,779.96,7.76
2024-09-30 13:30:00,779.93,7.651
2024-09-30 14:00:00,779.93,7.542
2024-09-30 14:30:00,780.17,7.441
2024-09-30 15:00:00,780.28,7.344
2024-09-30 15:30:00,780.23,7.248
2024-09-30 16:00:00,780.21,7.163
2024-09-30 16:30:00,780.3,7.135
2024-09-30 17:00:00,780.53,7.23
2024-09-30 17:30:00,780.72,7.302
2024-09-30 18:00:00,780.87,7.377
2024-09-30 18:30:00,780.95,7.418
2024-09-30 19:00:00,781.01,7.512
2024-09-30 19:30:00,781.13,7.654
2024-09-30 20:00:00,781.27,7.846
2024-09-30 20:30:00,781.53,8.088
2024-09-30 21:00:00,781.85,8.378
2024-09-30 21:30:00,782.26,8.696
2024-09-30 22:00:00,782.65,8.989
2024-09-30 22:30:00,782.85,9.26
2024-09-30 23:00:00,783.09,9.509
2024-09-30 23:30:00,783.34,9.751
2024-10-01 00:00:00,783.42,9.972
2024-10-01 00:30:00,783.56,10.155
2024-10-01 01:00:00,783.82,10.293
2024-10-01 01:30:00,784.08,10.395
2024-10-01 02:00:00,784.22,10.446
2024-10-01 02:30:00,784.44,10.453
2024-10-01 03:00:00,784.6,10.421
2024-10-01 03:30:00,784.77,10.353
2024-10-01 04:00:00,784.87,10.261
2024-10-01 04:30:00,784.81,10.15
2024-10-01 05:00:00,784.78,10.022
2024-10-01 05:30:00,784.73,9.886
2024-10-01 06:00:00,784.82,9.737
2024-10-01 06:30:00,784.69,9.58
2024-10-01 07:00:00,784.63,9.423
2024-10-01 07:30:00,784.39,9.266
2024-10-01 08:00:00,784.17,9.112
2024-10-01 08:30:00,783.95,8.963
2024-10-01 09:00:00,783.81,8.82
2024-10-01 09:30:00,783.69,8.683
2024-10-01 10:00:00,783.62,8.547
2024-10-01 10:30:00,783.48,8.414
2024-10-01 11:00:00,783.43,8.288
2024-10-01 11:30:00,783.39,8.167
2024-10-01 12:00:00,783.34,8.047
2024-10-01 12:30:00,783.36,7.931
2024-10-01 13:00:00,784.45,7.817
2024-10-01 13:30:00,784.51,7.701
2024-10-01 14:00:00,784.59,7.592
2024-10-01 14:30:00,784.64,7.485
2024-10-01 15:00:00,784.74,7.385
2024-10-01 15:30:00,784.95,7.289
2024-10-01 16:00:00,784.99,7.203
2024-10-01 16:30:00,784.99,7.172
2024-10-01 17:00:00,785.11,7.255
2024-10-01 17:30:00,785.12,7.292
2024-10-01 18:00:00,785.07,7.326
2024-10-01 18:30:00,785.04,7.378
2024-10-01 19:00:00,785.19,7.506
2024-10-01 19:30:00,785.33,7.68
2024-10-01 20:00:00,785.53,7.898
2024-10-01 20:30:00,785.74,8.151
2024-10-01 21:00:00,785.93,8.434
2024-10-01 21:30:00,786.1,8.734
2024-10-01 22:00:00,786.21,9.01
2024-10-01 22:30:00,786.07,9.27
2024-10-01 23:00:00,785.93,9.53
2024-10-01 23:30:00,785.9,9.771
2024-10-02 00:00:00,785.73,9.99
2024-10-02 00:30:00,785.26,10.167
2024-10-02 01:00:00,785.28,10.306
2024-10-02 01:30:00,785.38,10.403
2024-10-02 02:00:00,785.53,10.457
2024-10-02 02:30:00,785.59,10.47
2024-10-02 03:00:00,785.62,10.445
2024-10-02 03:30:00,785.79,10.386
2024-10-02 04:00:00,785.72,10.299
2024-10-02 04:30:00,785.63,10.198
2024-10-02 05:00:00,785.56,10.077
2024-10-02 05:30:00,785.48,9.946
2024-10-02 06:00:00,785.33,9.804
2024-10-02 06:30:00,785.22,9.661
2024-10-02 07:00:00,784.93,9.513
2024-10-02 07:30:00,784.63,9.361
2024-10-02 08:00:00,784.32,9.216
2024-10-02 08:30:00,784.22,9.076
2024-10-02 09:00:00,784.07,8.937
2024-10-02 09:30:00,783.95,8.806
2024-10-02 10:00:00,783.72,8.68
2024-10-02 10:30:00,783.66,8.559
2024-10-02 11:00:00,783.66,8.442
2024-10-02 11:30:00,783.46,8.327
2024-10-02 12:00:00,783.45,8.214
2024-10-02 12:30:00,783.3,8.107
2024-10-02 13:00:00,783.31,7.999
2024-10-02 13:30:00,783.29,7.896
2024-10-02 14:00:00,783.09,7.796
2024-10-02 14:30:00,782.92,7.697
2024-10-02 15:00:00,782.72,7.604
2024-10-02 15:30:00,782.49,7.509
2024-10-02 16:00:00,782.34,7.43
2024-10-02 16:30:00,782.32,7.406
2024-10-02 17:00:00,782.4,7.487
2024-10-02 17:30:00,782.36,7.499
2024-10-02 18:00:00,782.26,7.518
2024-10-02 18:30:00,782.23,7.56
2024-10-02 19:00:00,782.27,7.67
2024-10-02 19:30:00,782.32,7.829
2024-10-02 20:00:00,782.4,8.046
2024-10-02 20:30:00,782.63,8.288
2024-10-02 21:00:00,782.71,8.558
2024-10-02 21:30:00,782.75,8.843
2024-10-02 22:00:00,782.7,9.118
2024-10-02 22:30:00,782.66,9.371
2024-10-02 23:00:00,782.57,9.61
2024-10-02 23:30:00,782.4,9.832
2024-10-03 00:00:00,782.28,10.036
2024-10-03 00:30:00,781.58,10.209
2024-10-03 01:00:00,781.63,10.338
2024-10-03 01:30:00,781.76,10.426
2024-10-03 02:00:00,781.9,10.476
2024-10-03 02:30:00,781.97,10.485
2024-10-03 03:00:00,781.92,10.459
2024-10-03 03:30:00,781.88,10.402
2024-10-03 04:00:00,781.85,10.322
2024-10-03 04:30:00,781.8,10.225
2024-10-03 05:00:00,781.76,10.107
2024-10-03 05:30:00,781.6,9.979
2024-10-03 06:00:00,781.46,9.844
2024-10-03 06:30:00,781.38,9.704
2024-10-03 07:00:00,781.2,9.557
2024-10-03 07:30:00,781.02,9.41
2024-10-03 08:00:00,780.93,9.264
2024-10-03 08:30:00,780.94,9.118
2024-10-03 09:00:00,780.84,8.98
2024-10-03 09:30:00,780.73,8.84
2024-10-03 10:00:00,780.61,8.708
2024-10-03 10:30:00,780.42,8.579
2024-10-03 11:00:00,780.26,8.455
2024-10-03 11:30:00,780.26,8.333
2024-10-03 12:00:00,780.34,8.213
2024-10-03 12:30:00,780.11,8.1
2024-10-03 13:00:00,779.91,7.98
2024-10-03 13:30:00,779.68,7.864
2024-10-03 14:00:00,779.53,7.748
2024-10-03 14:30:00,779.48,7.633
2024-10-03 15:00:00,779.39,7.524
2024-10-03 15:30:00,779.26,7.426
2024-10-03 16:00:00,779.72,7.34
2024-10-03 16:30:00,779.77,7.307
2024-10-03 17:00:00,779.88,7.37
2024-10-03 17:30:00,779.89,7.37
2024-10-03 18:00:00,779.84,7.379
2024-10-03 18:30:00,779.85,7.418
2024-10-03 19:00:00,779.92,7.527
2024-10-03 19:30:00,780.0,7.692
2024-10-03 20:00:00,780.15,7.897
2024-10-03 20:30:00,780.33,8.138
2024-10-03 21:00:00,780.55,8.405
2024-10-03 21:30:00,780.67,8.679
2024-10-03 22:00:00,780.74,8.941
2024-10-03 22:30:00,780.67,9.191
2024-10-03 23:00:00,780.81,9.427
2024-10-03 23:30:00,780.79,9.656
2024-10-04 00:00:00,780.81,9.865
2024-10-04 00:30:00,780.77,10.035
2024-10-04 01:00:00,780.86,10.165
2024-10-04 01:30:00,780.92,10.255
2024-10-04 02:00:00,781.12,10.306
2024-10-04 02:30:00,781.22,10.319
2024-10-04 03:00:00,781.24,10.291
2024-10-04 03:30:00,781.31,10.233
2024-10-04 04:00:00,781.3,10.149
2024-10-04 04:30:00,781.31,10.047
2024-10-04 05:00:00,781.28,9.934
2024-10-04 05:30:00,781.21,9.805
2024-10-04 06:00:00,781.2,9.674
2024-10-04 06:30:00,781.35,9.532
2024-10-04 07:00:00,781.23,9.384
2024-10-04 07:30:00,781.31,9.233
2024-10-04 08:00:00,781.2,9.086
2024-10-04 08:30:00,781.26,8.942
2024-10-04 09:00:00,781.08,8.8
2024-10-04 09:30:00,780.85,8.671
2024-10-04 10:00:00,780.54,8.542
2024-10-04 10:30:00,780.25,8.42
2024-10-04 11:00:00,779.95,8.304
2024-10-04 11:30:00,779.76,8.19
2024-10-04 12:00:00,779.54,8.077
2024-10-04 12:30:00,779.39,7.966
2024-10-04 13:00:00,779.3,7.858
2024-10-04 13:30:00,779.27,7.751
2024-10-04 14:00:00,779.75,7.647
2024-10-04 14:30:00,780.05,7.547
2024-10-04 15:00:00,780.42,7.454
2024-10-04 15:30:00,780.35,7.375
2024-10-04 16:00:00,780.37,7.318
2024-10-04 16:30:00,780.43,7.303
2024-10-04 17:00:00,780.68,7.354
2024-10-04 17:30:00,780.81,7.364
2024-10-04 18:00:00,780.94,7.395
2024-10-04 18:30:00,781.14,7.466
2024-10-04 19:00:00,781.35,7.585
2024-10-04 19:30:00,781.61,7.766
2024-10-04 20:00:00,781.9,7.979
2024-10-04 20:30:00,782.24,8.212
2024-10-04 21:00:00,782.39,8.439
2024-10-04 21:30:00,782.55,8.686
2024-10-04 22:00:00,782.84,8.938
2024-10-04 22:30:00,783.12,9.169
2024-10-04 23:00:00,783.25,9.375
2024-10-04 23:30:00,783.37,9.555
2024-10-05 00:00:00,783.4,9.722
2024-10-05 00:30:00,783.46,9.865
2024-10-05 01:00:00,783.66,9.975
2024-10-05 01:30:00,783.77,10.044
2024-10-05 02:00:00,783.85,10.077
2024-10-05 02:30:00,784.01,10.078
2024-10-05 03:00:00,784.12,10.049
2024-10-05 03:30:00,784.12,9.989
2024-10-05 04:00:00,784.11,9.903
2024-10-05 04:30:00,784.01,9.797
2024-10-05 05:00:00,783.98,9.678
2024-10-05 05:30:00,784.04,9.549
2024-10-05 06:00:00,783.92,9.409
2024-10-05 06:30:00,783.81,9.263
2024-10-05 07:00:00,783.6,9.112
2024-10-05 07:30:00,783.38,8.963
2024-10-05 08:00:00,783.11,8.817
2024-10-05 08:30:00,782.91,8.677
2024-10-05 09:00:00,782.75,8.542
2024-10-05 09:30:00,782.53,8.412
2024-10-05 10:00:00,782.29,8.283
2024-10-05 10:30:00,782.06,8.161
2024-10-05 11:00:00,781.97,8.045
2024-10-05 11:30:00,782.11,7.933
2024-10-05 12:00:00,782.15,7.826
2024-10-05 12:30:00,782.13,7.72
2024-10-05 13:00:00,782.16,7.622
2024-10-05 13:30:00,783.05,7.526
2024-10-05 14:00:00,783.07,7.431
2024-10-05 14:30:00,783.12,7.337
2024-10-05 15:00:00,783.23,7.252
2024-10-05 15:30:00,783.5,7.171
2024-10-05 16:00:00,783.43,7.107
2024-10-05 16:30:00,783.49,7.091
2024-10-05 17:00:00,783.56,7.137
2024-10-05 17:30:00,783.52,7.132
2024-10-05 18:00:00,783.54,7.142
2024-10-05 18:30:00,783.59,7.203
2024-10-05 19:00:00,783.68,7.358
2024-10-05 19:30:00,783.82,7.576
2024-10-05 20:00:00,784.09,7.79
2024-10-05 20:30:00,784.4,8.02
2024-10-05 21:00:00,784.56,8.263
2024-10-05 21:30:00,784.75,8.481
2024-10-05 22:00:00,784.81,8.673
2024-10-05 22:30:00,784.94,8.87
2024-10-05 23:00:00,784.96,9.103
2024-10-05 23:30:00,785.02,9.324
2024-10-06 00:00:00,784.98,9.521
2024-10-06 00:30:00,785.11,9.693
2024-10-06 01:00:00,784.41,9.828
2024-10-06 01:30:00,784.61,9.934
2024-10-06 02:00:00,784.75,10.009
2024-10-06 02:30:00,784.88,10.045
2024-10-06 03:00:00,785.03,10.053
2024-10-06 03:30:00,785.14,10.028
2024-10-06 04:00:00,785.07,9.974
2024-10-06 04:30:00,785.06,9.896
2024-10-06 05:00:00,784.96,9.804
2024-10-06 05:30:00,784.89,9.697
2024-10-06 06:00:00,784.91,9.578
2024-10-06 06:30:00,784.89,9.453
2024-10-06 07:00:00,784.84,9.321
2024-10-06 07:30:00,784.74,9.191
2024-10-06 08:00:00,784.67,9.061
2024-10-06 08:30:00,784.55,8.929
2024-10-06 09:00:00,784.42,8.798
2024-10-06 09:30:00,784.21,8.67
2024-10-06 10:00:00,784.03,8.545
2024-10-06 10:30:00,783.79,8.427
2024-10-06 11:00:00,783.58,8.32
2024-10-06 11:30:00,783.78,8.211
2024-10-06 12:00:00,783.57,8.113
2024-10-06 12:30:00,783.46,8.015
2024-10-06 13:00:00,783.38,7.926
2024-10-06 13:30:00,783.32,7.835
2024-10-06 14:00:00,783.26,7.744
2024-10-06 14:30:00,783.19,7.657
2024-10-06 15:00:00,783.51,7.572
2024-10-06 15:30:00,783.44,7.488
2024-10-06 16:00:00,783.39,7.417
2024-10-06 16:30:00,783.38,7.393
2024-10-06 17:00:00,783.43,7.42
2024-10-06 17:30:00,783.47,7.411
2024-10-06 18:00:00,783.4,7.429
2024-10-06 18:30:00,783.41,7.496
2024-10-06 19:00:00,783.48,7.609
2024-10-06 19:30:00,783.55,7.773
2024-10-06 20:00:00,783.62,7.952
2024-10-06 20:30:00,783.86,8.135
2024-10-06 21:00:00,784.07,8.336
2024-10-06 21:30:00,784.16,8.537
2024-10-06 22:00:00,784.24,8.722
2024-10-06 22:30:00,784.59,8.924
2024-10-06 23:00:00,784.72,9.133
2024-10-06 23:30:00,785.19,9.309
2024-10-07 00:00:00,785.52,9.456
2024-10-07 00:30:00,785.41,9.572
2024-10-07 01:00:00,785.23,9.659
2024-10-07 01:30:00,785.05,9.724
2024-10-07 02:00:00,784.91,9.764
2024-10-07 02:30:00,784.63,9.764
2024-10-07 03:00:00,784.69,9.73
2024-10-07 03:30:00,784.65,9.656
2024-10-07 04:00:00,784.68,9.562
2024-10-07 04:30:00,784.56,9.452
2024-10-07 05:00:00,784.39,9.33
2024-10-07 05:30:00,784.24,9.199
2024-10-07 06:00:00,784.05,9.064
2024-10-07 06:30:00,783.84,8.929
2024-10-07 07:00:00,783.66,8.795
2024-10-07 07:30:00,783.48,8.668
2024-10-07 08:00:00,783.19,8.544
2024-10-07 08:30:00,783.02,8.429
2024-10-07 09:00:00,782.87,8.315
2024-10-07 09:30:00,782.64,8.21
2024-10-07 10:00:00,782.41,8.109
2024-10-07 10:30:00,782.12,8.013
2024-10-07 11:00:00,781.97,7.921
2024-10-07 11:30:00,781.81,7.83
2024-10-07 12:00:00,781.62,7.741
2024-10-07 12:30:00,781.48,7.662
2024-10-07 13:00:00,781.34,7.581
2024-10-07 13:30:00,781.26,7.501
2024-10-07 14:00:00,781.08,7.423
2024-10-07 14:30:00,781.11,7.346
2024-10-07 15:00:00,781.05,7.273
2024-10-07 15:30:00,781.18,7.203
2024-10-07 16:00:00,781.17,7.151
2024-10-07 16:30:00,781.16,7.131
2024-10-07 17:00:00,781.14,7.151
2024-10-07 17:30:00,781.14,7.158
2024-10-07 18:00:00,781.04,7.189
2024-10-07 18:30:00,781.05,7.263
2024-10-07 19:00:00,781.12,7.393
2024-10-07 19:30:00,781.17,7.58
2024-10-07 20:00:00,781.39,7.829
2024-10-07 20:30:00,781.5,8.077
2024-10-07 21:00:00,781.61,8.314
2024-10-07 21:30:00,781.7,8.535
2024-10-07 22:00:00,782.07,8.758
2024-10-07 22:30:00,782.15,8.974
2024-10-07 23:00:00,781.88,9.169
2024-10-07 23:30:00,782.33,9.336
2024-10-08 00:00:00,782.3,9.47
2024-10-08 00:30:00,781.94,9.581
2024-10-08 01:00:00,781.51,9.662
2024-10-08 01:30:00,781.26,9.711
2024-10-08 02:00:00,781.35,9.725
2024-10-08 02:30:00,781.36,9.708
2024-10-08 03:00:00,781.31,9.65
2024-10-08 03:30:00,781.12,9.565
2024-10-08 04:00:00,781.05,9.459
2024-10-08 04:30:00,781.04,9.336
2024-10-08 05:00:00,781.06,9.196
2024-10-08 05:30:00,781.05,9.053
2024-10-08 06:00:00,780.83,8.902
2024-10-08 06:30:00,780.77,8.748
2024-10-08 07:00:00,780.51,8.596
2024-10-08 07:30:00,780.27,8.444
2024-10-08 08:00:00,780.09,8.296
2024-10-08 08:30:00,779.96,8.156
2024-10-08 09:00:00,779.78,8.021
2024-10-08 09:30:00,779.69,7.894
2024-10-08 10:00:00,779.66,7.77
2024-10-08 10:30:00,779.57,7.651
2024-10-08 11:00:00,779.35,7.533
2024-10-08 11:30:00,779.12,7.423
2024-10-08 12:00:00,778.92,7.32
2024-10-08 12:30:00,778.72,7.222
2024-10-08 13:00:00,778.58,7.127
2024-10-08 13:30:00,778.41,7.036
2024-10-08 14:00:00,778.37,6.95
2024-10-08 14:30:00,778.26,6.869
2024-10-08 15:00:00,778.07,6.795
2024-10-08 15:30:00,778.01,6.728
2024-10-08 16:00:00,777.98,6.683
2024-10-08 16:30:00,778.22,6.683
2024-10-08 17:00:00,778.33,6.707
2024-10-08 17:30:00,778.42,6.718
2024-10-08 18:00:00,778.52,6.759
2024-10-08 18:30:00,778.53,6.81
2024-10-08 19:00:00,778.52,6.873
2024-10-08 19:30:00,778.47,6.952
2024-10-08 20:00:00,778.56,7.051
2024-10-08 20:30:00,778.53,7.173
2024-10-08 21:00:00,778.66,7.325
2024-10-08 21:30:00,778.82,7.514
2024-10-08 22:00:00,778.99,7.702
2024-10-08 22:30:00,779.08,7.878
2024-10-08 23:00:00,779.23,8.035
2024-10-08 23:30:00,779.38,8.191
2024-10-09 00:00:00,779.58,8.341
2024-10-09 00:30:00,779.77,8.476
2024-10-09 01:00:00,779.87,8.578
2024-10-09 01:30:00,779.96,8.651
2024-10-09 02:00:00,780.05,8.699
2024-10-09 02:30:00,780.21,8.718
2024-10-09 03:00:00,780.34,8.713
2024-10-09 03:30:00,780.45,8.687
2024-10-09 04:00:00,780.51,8.636
2024-10-09 04:30:00,780.54,8.572
2024-10-09 05:00:00,780.53,8.491
2024-10-09 05:30:00,780.49,8.397
2024-10-09 06:00:00,780.32,8.293
2024-10-09 06:30:00,780.17,8.179
2024-10-09 07:00:00,780.03,8.062
2024-10-09 07:30:00,779.9,7.941
2024-10-09 08:00:00,779.72,7.82
2024-10-09 08:30:00,779.49,7.699
2024-10-09 09:00:00,779.23,7.578
2024-10-09 09:30:00,778.99,7.463
2024-10-09 10:00:00,778.78,7.353
2024-10-09 10:30:00,778.6,7.247
2024-10-09 11:00:00,778.55,7.14
2024-10-09 11:30:00,778.69,7.039
2024-10-09 12:00:00,778.74,6.938
2024-10-09 12:30:00,778.72,6.839
2024-10-09 13:00:00,778.67,6.74
2024-10-09 13:30:00,778.78,6.642
2024-10-09 14:00:00,778.78,6.545
2024-10-09 14:30:00,778.89,6.45
2024-10-09 15:00:00,779.81,6.364
2024-10-09 15:30:00,779.79,6.281
2024-10-09 16:00:00,779.69,6.206
2024-10-09 16:30:00,779.67,6.179
2024-10-09 17:00:00,779.63,6.174
2024-10-09 17:30:00,779.68,6.158
2024-10-09 18:00:00,779.72,6.166
2024-10-09 18:30:00,779.73,6.214
2024-10-09 19:00:00,779.85,6.332
2024-10-09 19:30:00,779.95,6.485
2024-10-09 20:00:00,780.1,6.667
2024-10-09 20:30:00,780.29,6.876
2024-10-09 21:00:00,780.46,7.1
2024-10-09 21:30:00,780.76,7.337
2024-10-09 22:00:00,780.92,7.577
2024-10-09 22:30:00,781.12,7.789
2024-10-09 23:00:00,781.22,7.988
2024-10-09 23:30:00,781.26,8.179
2024-10-10 00:00:00,781.43,8.362
2024-10-10 00:30:00,781.63,8.524
2024-10-10 01:00:00,781.69,8.656
2024-10-10 01:30:00,781.86,8.757
2024-10-10 02:00:00,782.07,8.826
2024-10-10 02:30:00,782.22,8.859
2024-10-10 03:00:00,782.31,8.852
2024-10-10 03:30:00,782.42,8.818
2024-10-10 04:00:00,782.33,8.76
2024-10-10 04:30:00,782.21,8.681
2024-10-10 05:00:00,782.2,8.586
2024-10-10 05:30:00,782.13,8.476
2024-10-10 06:00:00,782.04,8.357
2024-10-10 06:30:00,781.93,8.234
2024-10-10 07:00:00,781.83,8.103
2024-10-10 07:30:00,781.6,7.966
2024-10-10 08:00:00,781.32,7.831
2024-10-10 08:30:00,781.14,7.699
2024-10-10 09:00:00,780.91,7.571
2024-10-10 09:30:00,780.72,7.453
2024-10-10 10:00:00,780.46,7.338
2024-10-10 10:30:00,780.25,7.233
2024-10-10 11:00:00,780.15,7.135
2024-10-10 11:30:00,780.06,7.04
2024-10-10 12:00:00,779.91,6.948
2024-10-10 12:30:00,779.9,6.858
2024-10-10 13:00:00,779.68,6.767
2024-10-10 13:30:00,779.6,6.676
2024-10-10 14:00:00,779.55,6.58
2024-10-10 14:30:00,779.5,6.489
2024-10-10 15:00:00,779.4,6.396
2024-10-10 15:30:00,779.35,6.303
2024-10-10 16:00:00,779.2,6.222
2024-10-10 16:30:00,779.2,6.191
2024-10-10 17:00:00,779.21,6.172
2024-10-10 17:30:00,779.21,6.156
2024-10-10 18:00:00,779.27,6.161
2024-10-10 18:30:00,779.3,6.189
2024-10-10 19:00:00,779.37,6.253
2024-10-10 19:30:00,779.51,6.345
2024-10-10 20:00:00,779.44,6.477
2024-10-10 20:30:00,779.64,6.632
2024-10-10 21:00:00,779.68,6.803
2024-10-10 21:30:00,779.91,6.981
2024-10-10 22:00:00,780.18,7.161
2024-10-10 22:30:00,780.53,7.33
2024-10-10 23:00:00,780.77,7.498
2024-10-10 23:30:00,781.01,7.653
2024-10-11 00:00:00,781.12,7.795
2024-10-11 00:30:00,781.23,7.917
2024-10-11 01:00:00,781.38,8.013
2024-10-11 01:30:00,781.45,8.086
2024-10-11 02:00:00,781.56,8.134
2024-10-11 02:30:00,781.6,8.155
2024-10-11 03:00:00,781.7,8.149
2024-10-11 03:30:00,781.74,8.12
2024-10-11 04:00:00,781.74,8.067
2024-10-11 04:30:00,781.61,7.989
2024-10-11 05:00:00,781.43,7.892
2024-10-11 05:30:00,781.21,7.785
2024-10-11 06:00:00,780.96,7.664
2024-10-11 06:30:00,780.83,7.535
2024-10-11 07:00:00,780.6,7.402
2024-10-11 07:30:00,780.4,7.265
2024-10-11 08:00:00,780.17,7.124
2024-10-11 08:30:00,779.94,6.987
2024-10-11 09:00:00,779.81,6.852
2024-10-11 09:30:00,779.66,6.713
2024-10-11 10:00:00,779.42,6.583
2024-10-11 10:30:00,779.1,6.455
2024-10-11 11:00:00,778.89,6.332
2024-10-11 11:30:00,778.72,6.212
2024-10-11 12:00:00,778.56,6.091
2024-10-11 12:30:00,778.39,5.973
2024-10-11 13:00:00,778.25,5.86
2024-10-11 13:30:00,778.74,5.75
2024-10-11 14:00:00,778.78,5.639
2024-10-11 14:30:00,779.12,5.531
2024-10-11 15:00:00,779.28,5.429
2024-10-11 15:30:00,779.41,5.33
2024-10-11 16:00:00,779.4,5.24
2024-10-11 16:30:00,779.36,5.193
2024-10-11 17:00:00,779.34,5.157
2024-10-11 17:30:00,779.25,5.147
2024-10-11 18:00:00,779.08,5.148
2024-10-11 18:30:00,779.03,5.179
2024-10-11 19:00:00,779.04,5.251
2024-10-11 19:30:00,779.14,5.378
2024-10-11 20:00:00,779.09,5.546
2024-10-11 20:30:00,779.05,5.733
2024-10-11 21:00:00,779.1,5.942
2024-10-11 21:30:00,779.43,6.156
2024-10-11 22:00:00,779.54,6.371
2024-10-11 22:30:00,779.61,6.574
2024-10-11 23:00:00,779.74,6.768
2024-10-11 23:30:00,779.83,6.955
2024-10-12 00:00:00,780.13,7.134
2024-10-12 00:30:00,780.34,7.291
2024-10-12 01:00:00,780.63,7.424
2024-10-12 01:30:00,780.86,7.525
2024-10-12 02:00:00,781.06,7.598
2024-10-12 02:30:00,781.22,7.641
2024-10-12 03:00:00,781.26,7.652
2024-10-12 03:30:00,781.34,7.631
2024-10-12 04:00:00,781.37,7.583
2024-10-12 04:30:00,781.26,7.515
2024-10-12 05:00:00,781.17,7.432
2024-10-12 05:30:00,780.97,7.331
2024-10-12 06:00:00,780.85,7.221
2024-10-12 06:30:00,780.67,7.098
2024-10-12 07:00:00,780.54,6.97
2024-10-12 07:30:00,780.27,6.833
2024-10-12 08:00:00,780.08,6.696
2024-10-12 08:30:00,779.81,6.562
2024-10-12 09:00:00,779.69,6.427
2024-10-12 09:30:00,779.66,6.295
2024-10-12 10:00:00,779.5,6.158
2024-10-12 10:30:00,779.35,6.032
2024-10-12 11:00:00,779.29,5.907
2024-10-12 11:30:00,779.14,5.785
2024-10-12 12:00:00,779.07,5.664
2024-10-12 12:30:00,779.14,5.543
2024-10-12 13:00:00,779.17,5.428
2024-10-12 13:30:00,779.23,5.312
2024-10-12 14:00:00,779.43,5.201
2024-10-12 14:30:00,779.44,5.09
2024-10-12 15:00:00,779.61,4.975
2024-10-12 15:30:00,779.57,4.863
2024-10-12 16:00:00,779.66,4.759
2024-10-12 16:30:00,779.73,4.692
2024-10-12 17:00:00,779.72,4.644
2024-10-12 17:30:00,779.8,4.653
2024-10-12 18:00:00,779.74,4.661
2024-10-12 18:30:00,779.69,4.703
2024-10-12 19:00:00,779.68,4.789
2024-10-12 19:30:00,779.65,4.913
2024-10-12 20:00:00,779.36,5.065
2024-10-12 20:30:00,779.36,5.234
2024-10-12 21:00:00,779.4,5.435
2024-10-12 21:30:00,779.28,5.656
2024-10-12 22:00:00,779.26,5.865
2024-10-12 22:30:00,779.36,6.06
2024-10-12 23:00:00,779.41,6.241
2024-10-12 23:30:00,779.49,6.409
2024-10-13 00:00:00,779.55,6.567
2024-10-13 00:30:00,779.67,6.711
2024-10-13 01:00:00,779.83,6.833
2024-10-13 01:30:00,779.87,6.932
2024-10-13 02:00:00,780.16,7.0
2024-10-13 02:30:00,780.42,7.044
2024-10-13 03:00:00,780.38,7.057
2024-10-13 03:30:00,780.27,7.044
2024-10-13 04:00:00,780.13,7.002
2024-10-13 04:30:00,780.05,6.936
2024-10-13 05:00:00,779.94,6.856
2024-10-13 05:30:00,779.91,6.76
2024-10-13 06:00:00,779.81,6.652
2024-10-13 06:30:00,779.56,6.535
2024-10-13 07:00:00,779.5,6.412
2024-10-13 07:30:00,779.27,6.282
2024-10-13 08:00:00,778.99,6.15
2024-10-13 08:30:00,778.74,6.017
2024-10-13 09:00:00,778.54,5.883
2024-10-13 09:30:00,778.38,5.748
2024-10-13 10:00:00,778.25,5.62
2024-10-13 10:30:00,777.97,5.497
2024-10-13 11:00:00,777.93,5.375
2024-10-13 11:30:00,777.79,5.255
2024-10-13 12:00:00,777.78,5.136
2024-10-13 12:30:00,777.77,5.024
2024-10-13 13:00:00,777.71,4.917
2024-10-13 13:30:00,777.79,4.809
2024-10-13 14:00:00,777.84,4.698
2024-10-13 14:30:00,777.81,4.583
2024-10-13 15:00:00,777.85,4.467
2024-10-13 15:30:00,777.88,4.357
2024-10-13 16:00:00,777.86,4.26
2024-10-13 16:30:00,777.81,4.202
2024-10-13 17:00:00,777.71,4.169
2024-10-13 17:30:00,777.54,4.189
2024-10-13 18:00:00,777.38,4.199
2024-10-13 18:30:00,777.32,4.231
2024-10-13 19:00:00,777.32,4.304
2024-10-13 19:30:00,777.37,4.429
2024-10-13 20:00:00,777.25,4.586
2024-10-13 20:30:00,777.24,4.767
2024-10-13 21:00:00,777.16,4.968
2024-10-13 21:30:00,777.24,5.178
2024-10-13 22:00:00,777.27,5.395
2024-10-13 22:30:00,777.36,5.601
2024-10-13 23:00:00,777.46,5.79
2024-10-13 23:30:00,777.62,5.971
2024-10-14 00:00:00,777.75,6.146
2024-10-14 00:30:00,777.9,6.305
2024-10-14 01:00:00,778.18,6.444
2024-10-14 01:30:00,778.46,6.555
2024-10-14 02:00:00,778.75,6.641
2024-10-14 02:30:00,778.92,6.697
2024-10-14 03:00:00,779.06,6.723
2024-10-14 03:30:00,779.1,6.719
2024-10-14 04:00:00,779.09,6.691
2024-10-14 04:30:00,779.05,6.639
2024-10-14 05:00:00,779.05,6.567
2024-10-14 05:30:00,779.12,6.481
2024-10-14 06:00:00,779.06,6.385
2024-10-14 06:30:00,779.02,6.276
2024-10-14 07:00:00,778.87,6.161
2024-10-14 07:30:00,778.64,6.043
2024-10-14 08:00:00,778.69,5.927
2024-10-14 08:30:00,778.7,5.814
2024-10-14 09:00:00,778.66,5.701
2024-10-14 09:30:00,778.6,5.589
2024-10-14 10:00:00,778.55,5.488
2024-10-14 10:30:00,778.45,5.39
2024-10-14 11:00:00,778.31,5.291
2024-10-14 11:30:00,778.3,5.194
2024-10-14 12:00:00,778.31,5.099
2024-10-14 12:30:00,778.34,5.002
2024-10-14 13:00:00,778.4,4.911
2024-10-14 13:30:00,778.46,4.81
2024-10-14 14:00:00,778.63,4.714
2024-10-14 14:30:00,778.8,4.623
2024-10-14 15:00:00,778.99,4.535
2024-10-14 15:30:00,779.15,4.45
2024-10-14 16:00:00,779.15,4.362
2024-10-14 16:30:00,779.07,4.301
2024-10-14 17:00:00,779.05,4.273
2024-10-14 17:30:00,779.18,4.308
2024-10-14 18:00:00,779.24,4.348
2024-10-14 18:30:00,779.25,4.41
2024-10-14 19:00:00,779.18,4.483
2024-10-14 19:30:00,779.03,4.604
2024-10-14 20:00:00,778.7,4.758
2024-10-14 20:30:00,778.6,4.94
2024-10-14 21:00:00,778.59,5.15
2024-10-14 21:30:00,778.62,5.374
2024-10-14 22:00:00,778.7,5.593
2024-10-14 22:30:00,778.8,5.8
2024-10-14 23:00:00,778.97,6.002
2024-10-14 23:30:00,778.96,6.192
2024-10-15 00:00:00,779.14,6.375
2024-10-15 00:30:00,779.42,6.542
2024-10-15 01:00:00,779.65,6.69
2024-10-15 01:30:00,779.93,6.806
2024-10-15 02:00:00,780.08,6.901
2024-10-15 02:30:00,780.2,6.964
2024-10-15 03:00:00,780.34,6.999
2024-10-15 03:30:00,780.37,7.005
2024-10-15 04:00:00,780.42,6.987
2024-10-15 04:30:00,780.43,6.945
2024-10-15 05:00:00,780.41,6.884
2024-10-15 05:30:00,780.42,6.804
2024-10-15 06:00:00,780.48,6.709
2024-10-15 06:30:00,780.47,6.599
2024-10-15 07:00:00,780.42,6.487
2024-10-15 07:30:00,780.37,6.368
2024-10-15 08:00:00,780.36,6.241
2024-10-15 08:30:00,780.26,6.116
2024-10-15 09:00:00,780.13,5.997
2024-10-15 09:30:00,779.99,5.881
2024-10-15 10:00:00,779.82,5.762
2024-10-15 10:30:00,779.69,5.647
2024-10-15 11:00:00,779.55,5.54
2024-10-15 11:30:00,779.6,5.431
2024-10-15 12:00:00,779.62,5.325
2024-10-15 12:30:00,779.64,5.219
2024-10-15 13:00:00,779.67,5.117
2024-10-15 13:30:00,779.7,5.013
2024-10-15 14:00:00,779.68,4.915
2024-10-15 14:30:00,779.71,4.819
2024-10-15 15:00:00,779.8,4.731
2024-10-15 15:30:00,779.89,4.65
2024-10-15 16:00:00,779.95,4.575
2024-10-15 16:30:00,779.91,4.519
2024-10-15 17:00:00,779.78,4.485
2024-10-15 17:30:00,779.76,4.499
2024-10-15 18:00:00,779.64,4.514
2024-10-15 18:30:00,779.56,4.552
2024-10-15 19:00:00,779.46,4.627
2024-10-15 19:30:00,779.27,4.758
2024-10-15 20:00:00,779.12,4.911
2024-10-15 20:30:00,778.94,5.089
2024-10-15 21:00:00,778.77,5.289
2024-10-15 21:30:00,778.76,5.497
2024-10-15 22:00:00,778.72,5.711
2024-10-15 22:30:00,778.67,5.91
2024-10-15 23:00:00,778.77,6.087
2024-10-15 23:30:00,778.84,6.253
2024-10-16 00:00:00,778.86,6.41
2024-10-16 00:30:00,778.88,6.555
2024-10-16 01:00:00,778.97,6.677
2024-10-16 01:30:00,779.18,6.776
2024-10-16 02:00:00,779.34,6.849
2024-10-16 02:30:00,779.43,6.898
2024-10-16 03:00:00,779.49,6.915
2024-10-16 03:30:00,779.53,6.905
2024-10-16 04:00:00,779.57,6.869
2024-10-16 04:30:00,779.6,6.813
2024-10-16 05:00:00,779.48,6.737
2024-10-16 05:30:00,779.31,6.648
2024-10-16 06:00:00,779.1,6.544
2024-10-16 06:30:00,778.89,6.43
2024-10-16 07:00:00,778.7,6.307
2024-10-16 07:30:00,778.47,6.184
2024-10-16 08:00:00,778.28,6.059
2024-10-16 08:30:00,778.16,5.93
2024-10-16 09:00:00,777.96,5.804
2024-10-16 09:30:00,777.75,5.679
2024-10-16 10:00:00,777.47,5.553
2024-10-16 10:30:00,777.26,5.43
2024-10-16 11:00:00,777.04,5.317
2024-10-16 11:30:00,776.73,5.198
2024-10-16 12:00:00,776.52,5.086
2024-10-16 12:30:00,776.41,4.973
2024-10-16 13:00:00,776.41,4.862
2024-10-16 13:30:00,776.36,4.748
2024-10-16 14:00:00,776.21,4.633
2024-10-16 14:30:00,775.94,4.523
2024-10-16 15:00:00,775.91,4.409
2024-10-16 15:30:00,775.9,4.298
2024-10-16 16:00:00,775.75,4.195
2024-10-16 16:30:00,775.49,4.116
2024-10-16 17:00:00,775.21,4.058
2024-10-16 17:30:00,775.06,4.058
2024-10-16 18:00:00,774.93,4.069
2024-10-16 18:30:00,774.72,4.113
2024-10-16 19:00:00,774.5,4.2
2024-10-16 19:30:00,774.28,4.324
2024-10-16 20:00:00,773.9,4.46
2024-10-16 20:30:00,773.87,4.629
2024-10-16 21:00:00,773.77,4.811
2024-10-16 21:30:00,774.15,4.975
2024-10-16 22:00:00,774.0,5.114
2024-10-16 22:30:00,773.57,5.236
2024-10-16 23:00:00,773.44,5.354
2024-10-16 23:30:00,773.63,5.476
2024-10-17 00:00:00,774.32,5.589
2024-10-17 00:30:00,774.73,5.663
2024-10-17 01:00:00,774.74,5.685
2024-10-17 01:30:00,774.88,5.668
2024-10-17 02:00:00,774.69,5.617
2024-10-17 02:30:00,774.65,5.552
2024-10-17 03:00:00,774.67,5.478
2024-10-17 03:30:00,774.42,5.377
2024-10-17 04:00:00,774.01,5.264
2024-10-17 04:30:00,773.92,5.133
2024-10-17 05:00:00,773.55,5.003
2024-10-17 05:30:00,773.59,4.875
2024-10-17 06:00:00,773.46,4.755
2024-10-17 06:30:00,773.48,4.64
2024-10-17 07:00:00,773.25,4.529
2024-10-17 07:30:00,773.21,4.416
2024-10-17 08:00:00,773.15,4.303
2024-10-17 08:30:00,772.93,4.194
2024-10-17 09:00:00,772.77,4.086
2024-10-17 09:30:00,772.57,3.991
2024-10-17 10:00:00,772.43,3.893
2024-10-17 10:30:00,772.33,3.799
2024-10-17 11:00:00,772.65,3.704
2024-10-17 11:30:00,772.7,3.607
2024-10-17 12:00:00,772.51,3.506
2024-10-17 12:30:00,772.52,3.401
2024-10-17 13:00:00,772.51,3.296
2024-10-17 13:30:00,772.39,3.199
2024-10-17 14:00:00,772.29,3.106
2024-10-17 14:30:00,772.16,3.015
2024-10-17 15:00:00,771.84,2.926
2024-10-17 15:30:00,771.59,2.838
2024-10-17 16:00:00,771.36,2.756
2024-10-17 16:30:00,771.31,2.689
2024-10-17 17:00:00,771.25,2.638
2024-10-17 17:30:00,771.55,2.646
2024-10-17 18:00:00,771.22,2.662
2024-10-17 18:30:00,771.15,2.704
2024-10-17 19:00:00,771.08,2.781
2024-10-17 19:30:00,771.01,2.898
2024-10-17 20:00:00,770.67,3.041
2024-10-17 20:30:00,770.95,3.194
2024-10-17 21:00:00,771.04,3.36
2024-10-17 21:30:00,770.83,3.539
2024-10-17 22:00:00,770.58,3.708
2024-10-17 22:30:00,770.32,3.868
2024-10-17 23:00:00,770.6,4.028
2024-10-17 23:30:00,770.48,4.17
2024-10-18 00:00:00,770.13,4.292
2024-10-18 00:30:00,769.36,4.38
2024-10-18 01:00:00,769.48,4.444
2024-10-18 01:30:00,769.78,4.49
2024-10-18 02:00:00,769.84,4.514
2024-10-18 02:30:00,769.84,4.519
2024-10-18 03:00:00,769.94,4.509
2024-10-18 03:30:00,770.42,4.471
2024-10-18 04:00:00,770.88,4.408
2024-10-18 04:30:00,771.08,4.32
2024-10-18 05:00:00,771.34,4.213
2024-10-18 05:30:00,771.75,4.094
2024-10-18 06:00:00,771.62,3.972
2024-10-18 06:30:00,771.45,3.841
2024-10-18 07:00:00,771.72,3.707
2024-10-18 07:30:00,771.78,3.577
2024-10-18 08:00:00,771.56,3.447
2024-10-18 08:30:00,771.19,3.316
2024-10-18 09:00:00,770.83,3.173
2024-10-18 09:30:00,771.03,3.019
2024-10-18 10:00:00,771.15,2.871
2024-10-18 10:30:00,771.38,2.722
2024-10-18 11:00:00,771.53,2.573
2024-10-18 11:30:00,771.49,2.422
2024-10-18 12:00:00,771.26,2.281
2024-10-18 12:30:00,771.79,2.14
2024-10-18 13:00:00,772.05,2.008
2024-10-18 13:30:00,772.4,1.89
2024-10-18 14:00:00,772.9,1.775
2024-10-18 14:30:00,772.86,1.659
2024-10-18 15:00:00,772.79,1.561
2024-10-18 15:30:00,772.91,1.47
2024-10-18 16:00:00,773.02,1.397
2024-10-18 16:30:00,773.29,1.352
2024-10-18 17:00:00,773.52,1.334
2024-10-18 17:30:00,773.56,1.366
2024-10-18 18:00:00,773.46,1.383
2024-10-18 18:30:00,773.49,1.409
2024-10-18 19:00:00,773.51,1.454
2024-10-18 19:30:00,773.44,1.513
2024-10-18 20:00:00,773.78,1.597
2024-10-18 20:30:00,774.13,1.705
2024-10-18 21:00:00,774.32,1.842
2024-10-18 21:30:00,774.56,1.994
2024-10-18 22:00:00,774.76,2.15
2024-10-18 22:30:00,774.95,2.281
2024-10-18 23:00:00,775.31,2.383
2024-10-18 23:30:00,775.34,2.46
2024-10-19 00:00:00,775.27,2.522
2024-10-19 00:30:00,776.64,2.573
2024-10-19 01:00:00,777.72,2.617
2024-10-19 01:30:00,777.61,2.679
2024-10-19 02:00:00,777.47,2.754
2024-10-19 02:30:00,777.6,2.808
2024-10-19 03:00:00,777.63,2.819
2024-10-19 03:30:00,777.68,2.791
2024-10-19 04:00:00,777.94,2.737
2024-10-19 04:30:00,778.23,2.672
2024-10-19 05:00:00,779.67,2.594
2024-10-19 05:30:00,780.44,2.498
2024-10-19 06:00:00,780.63,2.397
2024-10-19 06:30:00,780.54,2.287
2024-10-19 07:00:00,780.49,2.175
2024-10-19 07:30:00,780.43,2.066
2024-10-19 08:00:00,780.24,1.97
2024-10-19 08:30:00,780.25,1.882
2024-10-19 09:00:00,779.96,1.81
2024-10-19 09:30:00,779.6,1.736
2024-10-19 10:00:00,779.33,1.666
2024-10-19 10:30:00,779.11,1.605
2024-10-19 11:00:00,779.01,1.548
2024-10-19 11:30:00,778.87,1.489
2024-10-19 12:00:00,778.92,1.432
2024-10-19 12:30:00,778.74,1.378
2024-10-19 13:00:00,778.71,1.326
2024-10-19 13:30:00,778.63,1.284
2024-10-19 14:00:00,778.33,1.24
2024-10-19 14:30:00,778.06,1.202
2024-10-19 15:00:00,777.96,1.164
2024-10-19 15:30:00,777.87,1.129
2024-10-19 16:00:00,777.8,1.105
2024-10-19 16:30:00,777.6,1.095
2024-10-19 17:00:00,777.55,1.131
2024-10-19 17:30:00,777.72,1.211
2024-10-19 18:00:00,777.73,1.267
2024-10-19 18:30:00,777.66,1.321
2024-10-19 19:00:00,777.57,1.38
2024-10-19 19:30:00,777.6,1.447
2024-10-19 20:00:00,777.67,1.542
2024-10-19 20:30:00,777.74,1.682
2024-10-19 21:00:00,778.56,1.845
2024-10-19 21:30:00,778.9,2.042
2024-10-19 22:00:00,779.32,2.264
2024-10-19 22:30:00,779.7,2.452
2024-10-19 23:00:00,780.04,2.588
2024-10-19 23:30:00,780.17,2.69
2024-10-20 00:00:00,780.26,2.779
2024-10-20 00:30:00,780.32,2.878
2024-10-20 01:00:00,780.6,2.984
2024-10-20 01:30:00,781.04,3.098
2024-10-20 02:00:00,781.23,3.202
2024-10-20 02:30:00,781.3,3.277
2024-10-20 03:00:00,781.31,3.318
2024-10-20 03:30:00,781.22,3.32
2024-10-20 04:00:00,781.74,3.289
2024-10-20 04:30:00,781.58,3.228
2024-10-20 05:00:00,781.42,3.141
2024-10-20 05:30:00,781.17,3.036
2024-10-20 06:00:00,781.03,2.924
2024-10-20 06:30:00,781.04,2.805
2024-10-20 07:00:00,780.93,2.69
2024-10-20 07:30:00,780.66,2.586
2024-10-20 08:00:00,780.46,2.487
2024-10-20 08:30:00,780.31,2.398
2024-10-20 09:00:00,780.21,2.318
2024-10-20 09:30:00,780.15,2.239
2024-10-20 10:00:00,780.07,2.156
2024-10-20 10:30:00,780.06,2.076
2024-10-20 11:00:00,779.94,1.997
2024-10-20 11:30:00,780.12,1.919
2024-10-20 12:00:00,780.06,1.843
2024-10-20 12:30:00,780.05,1.764
2024-10-20 13:00:00,780.24,1.687
2024-10-20 13:30:00,780.27,1.609
2024-10-20 14:00:00,780.19,1.536
2024-10-20 14:30:00,780.13,1.468
2024-10-20 15:00:00,780.14,1.398
2024-10-20 15:30:00,780.29,1.334
2024-10-20 16:00:00,780.32,1.279
2024-10-20 16:30:00,780.17,1.245
2024-10-20 17:00:00,780.01,1.237
2024-10-20 17:30:00,779.96,1.275
2024-10-20 18:00:00,779.83,1.301
2024-10-20 18:30:00,779.55,1.348
2024-10-20 19:00:00,779.39,1.429
2024-10-20 19:30:00,779.22,1.54
2024-10-20 20:00:00,779.06,1.676
2024-10-20 20:30:00,778.77,1.827
2024-10-20 21:00:00,778.57,1.989
2024-10-20 21:30:00,778.56,2.151
2024-10-20 22:00:00,778.63,2.315
2024-10-20 22:30:00,778.67,2.467
2024-10-20 23:00:00,778.77,2.605
2024-10-20 23:30:00,778.85,2.722
2024-10-21 00:00:00,778.85,2.825
2024-10-21 00:30:00,778.96,2.913
2024-10-21 01:00:00,779.34,2.992
2024-10-21 01:30:00,779.61,3.058
2024-10-21 02:00:00,780.19,3.119
2024-10-21 02:30:00,780.6,3.174
2024-10-21 03:00:00,780.74,3.231
2024-10-21 03:30:00,780.81,3.29
2024-10-21 04:00:00,781.47,3.33
2024-10-21 04:30:00,782.24,3.338
2024-10-21 05:00:00,782.14,3.304
2024-10-21 05:30:00,782.03,3.229
2024-10-21 06:00:00,781.82,3.126
2024-10-21 06:30:00,781.51,3.005
2024-10-21 07:00:00,781.16,2.881
2024-10-21 07:30:00,780.79,2.762
2024-10-21 08:00:00,780.5,2.651
2024-10-21 08:30:00,780.16,2.548
2024-10-21 09:00:00,780.03,2.458
2024-10-21 09:30:00,779.79,2.371
2024-10-21 10:00:00,779.5,2.288
2024-10-21 10:30:00,779.43,2.209
2024-10-21 11:00:00,779.51,2.134
2024-10-21 11:30:00,779.44,2.06
2024-10-21 12:00:00,779.57,1.985
2024-10-21 12:30:00,779.44,1.909
2024-10-21 13:00:00,779.39,1.834
2024-10-21 13:30:00,779.55,1.762
2024-10-21 14:00:00,779.59,1.691
2024-10-21 14:30:00,779.62,1.619
2024-10-21 15:00:00,779.64,1.55
2024-10-21 15:30:00,779.82,1.485
2024-10-21 16:00:00,779.84,1.427
2024-10-21 16:30:00,779.67,1.382
2024-10-21 17:00:00,779.65,1.37
2024-10-21 17:30:00,779.53,1.405
2024-10-21 18:00:00,779.4,1.437
2024-10-21 18:30:00,779.28,1.492
2024-10-21 19:00:00,779.32,1.575
2024-10-21 19:30:00,779.38,1.692
2024-10-21 20:00:00,779.24,1.827
2024-10-21 20:30:00,779.1,1.986
2024-10-21 21:00:00,778.96,2.154
2024-10-21 21:30:00,778.85,2.329
2024-10-21 22:00:00,778.86,2.506
2024-10-21 22:30:00,778.95,2.671
2024-10-21 23:00:00,779.1,2.829
2024-10-21 23:30:00,779.18,2.978
2024-10-22 00:00:00,779.29,3.114
2024-10-22 00:30:00,779.5,3.238
2024-10-22 01:00:00,779.93,3.35
2024-10-22 01:30:00,780.31,3.447
2024-10-22 02:00:00,780.52,3.531
2024-10-22 02:30:00,780.69,3.6
2024-10-22 03:00:00,780.76,3.645
2024-10-22 03:30:00,780.8,3.658
2024-10-22 04:00:00,780.89,3.649
2024-10-22 04:30:00,780.95,3.608
2024-10-22 05:00:00,780.99,3.543
2024-10-22 05:30:00,780.93,3.457
2024-10-22 06:00:00,780.78,3.353
2024-10-22 06:30:00,780.66,3.239
2024-10-22 07:00:00,780.42,3.118
2024-10-22 07:30:00,780.18,2.997
2024-10-22 08:00:00,780.02,2.883
2024-10-22 08:30:00,779.9,2.774
2024-10-22 09:00:00,779.84,2.671
2024-10-22 09:30:00,779.96,2.574
2024-10-22 10:00:00,779.88,2.487
2024-10-22 10:30:00,779.83,2.398
2024-10-22 11:00:00,779.7,2.314
2024-10-22 11:30:00,779.62,2.229
2024-10-22 12:00:00,779.63,2.145
2024-10-22 12:30:00,779.61,2.068
2024-10-22 13:00:00,779.89,1.993
2024-10-22 13:30:00,779.79,1.919
2024-10-22 14:00:00,779.78,1.848
2024-10-22 14:30:00,779.77,1.778
2024-10-22 15:00:00,779.92,1.711
2024-10-22 15:30:00,780.23,1.648
2024-10-22 16:00:00,780.22,1.59
2024-10-22 16:30:00,780.17,1.55
2024-10-22 17:00:00,780.36,1.542
2024-10-22 17:30:00,780.23,1.582
2024-10-22 18:00:00,780.1,1.613
2024-10-22 18:30:00,780.3,1.665
2024-10-22 19:00:00,780.3,1.747
2024-10-22 19:30:00,780.27,1.861
2024-10-22 20:00:00,780.17,2.002
2024-10-22 20:30:00,779.99,2.162
2024-10-22 21:00:00,779.99,2.331
2024-10-22 21:30:00,779.9,2.512
2024-10-22 22:00:00,779.93,2.698
2024-10-22 22:30:00,779.96,2.877
2024-10-22 23:00:00,780.07,3.055
2024-10-22 23:30:00,780.21,3.227
2024-10-23 00:00:00,780.41,3.394
2024-10-23 00:30:00,780.85,3.551
2024-10-23 01:00:00,781.25,3.689
2024-10-23 01:30:00,781.5,3.804
2024-10-23 02:00:00,781.71,3.893
2024-10-23 02:30:00,781.8,3.956
2024-10-23 03:00:00,781.87,3.99
2024-10-23 03:30:00,781.88,3.999
2024-10-23 04:00:00,781.85,3.982
2024-10-23 04:30:00,781.99,3.946
2024-10-23 05:00:00,782.07,3.887
2024-10-23 05:30:00,782.03,3.81
2024-10-23 06:00:00,781.84,3.713
2024-10-23 06:30:00,781.72,3.602
2024-10-23 07:00:00,781.68,3.486
2024-10-23 07:30:00,781.77,3.367
2024-10-23 08:00:00,781.76,3.247
2024-10-23 08:30:00,781.66,3.129
2024-10-23 09:00:00,781.59,3.015
2024-10-23 09:30:00,781.57,2.905
2024-10-23 10:00:00,781.52,2.802
2024-10-23 10:30:00,781.29,2.699
2024-10-23 11:00:00,781.27,2.601
2024-10-23 11:30:00,781.11,2.508
2024-10-23 12:00:00,781.17,2.418
2024-10-23 12:30:00,781.24,2.332
2024-10-23 13:00:00,781.35,2.242
2024-10-23 13:30:00,781.35,2.156
2024-10-23 14:00:00,781.27,2.072
2024-10-23 14:30:00,781.21,1.988
2024-10-23 15:00:00,781.34,1.905
2024-10-23 15:30:00,781.51,1.833
2024-10-23 16:00:00,781.48,1.763
2024-10-23 16:30:00,781.34,1.709
2024-10-23 17:00:00,781.26,1.691
2024-10-23 17:30:00,781.13,1.725
2024-10-23 18:00:00,780.95,1.754
2024-10-23 18:30:00,780.91,1.798
2024-10-23 19:00:00,780.76,1.875
2024-10-23 19:30:00,780.73,1.995
2024-10-23 20:00:00,780.63,2.141
2024-10-23 20:30:00,780.4,2.297
2024-10-23 21:00:00,780.24,2.464
2024-10-23 21:30:00,780.17,2.638
2024-10-23 22:00:00,780.24,2.819
2024-10-23 22:30:00,780.04,2.989
2024-10-23 23:00:00,780.14,3.158
2024-10-23 23:30:00,780.35,3.321
2024-10-24 00:00:00,780.57,3.481
2024-10-24 00:30:00,780.73,3.622
2024-10-24 01:00:00,780.9,3.744
2024-10-24 01:30:00,781.05,3.844
2024-10-24 02:00:00,781.21,3.92
2024-10-24 02:30:00,781.38,3.975
2024-10-24 03:00:00,781.35,4.006
2024-10-24 03:30:00,781.33,4.013
2024-10-24 04:00:00,781.37,3.992
2024-10-24 04:30:00,781.21,3.956
2024-10-24 05:00:00,781.11,3.902
2024-10-24 05:30:00,780.95,3.831
2024-10-24 06:00:00,780.75,3.744
2024-10-24 06:30:00,780.48,3.64
2024-10-24 07:00:00,780.31,3.528
2024-10-24 07:30:00,780.18,3.413
2024-10-24 08:00:00,779.95,3.296
2024-10-24 08:30:00,779.73,3.183
2024-10-24 09:00:00,779.41,3.071
2024-10-24 09:30:00,779.23,2.957
2024-10-24 10:00:00,779.0,2.847
2024-10-24 10:30:00,778.78,2.737
2024-10-24 11:00:00,778.43,2.631
2024-10-24 11:30:00,778.28,2.532
2024-10-24 12:00:00,778.26,2.435
2024-10-24 12:30:00,778.13,2.339
2024-10-24 13:00:00,777.86,2.25
2024-10-24 13:30:00,777.81,2.164
2024-10-24 14:00:00,777.74,2.08
2024-10-24 14:30:00,777.66,1.997
2024-10-24 15:00:00,777.76,1.917
2024-10-24 15:30:00,777.89,1.846
2024-10-24 16:00:00,777.96,1.782
2024-10-24 16:30:00,777.92,1.735
2024-10-24 17:00:00,777.71,1.719
2024-10-24 17:30:00,777.47,1.747
2024-10-24 18:00:00,777.4,1.777
2024-10-24 18:30:00,777.35,1.82
2024-10-24 19:00:00,777.39,1.89
2024-10-24 19:30:00,777.31,1.992
2024-10-24 20:00:00,777.22,2.129
2024-10-24 20:30:00,777.1,2.289
2024-10-24 21:00:00,776.98,2.458
2024-10-24 21:30:00,776.99,2.626
2024-10-24 22:00:00,777.13,2.798
2024-10-24 22:30:00,777.31,2.967
2024-10-24 23:00:00,777.48,3.133
2024-10-24 23:30:00,777.65,3.298
2024-10-25 00:00:00,777.76,3.455
2024-10-25 00:30:00,777.97,3.611
2024-10-25 01:00:00,778.1,3.748
2024-10-25 01:30:00,778.25,3.862
2024-10-25 02:00:00,778.53,3.948
2024-10-25 02:30:00,778.76,4.009
2024-10-25 03:00:00,778.77,4.046
2024-10-25 03:30:00,778.76,4.06
2024-10-25 04:00:00,778.82,4.051
2024-10-25 04:30:00,778.82,4.016
2024-10-25 05:00:00,778.86,3.964
2024-10-25 05:30:00,778.83,3.898
2024-10-25 06:00:00,778.79,3.816
2024-10-25 06:30:00,778.76,3.719
2024-10-25 07:00:00,778.63,3.61
2024-10-25 07:30:00,778.59,3.494
2024-10-25 08:00:00,778.53,3.372
2024-10-25 08:30:00,778.47,3.256
2024-10-25 09:00:00,778.42,3.14
2024-10-25 09:30:00,778.28,3.025
2024-10-25 10:00:00,778.09,2.909
2024-10-25 10:30:00,777.92,2.802
2024-10-25 11:00:00,777.79,2.701
2024-10-25 11:30:00,777.78,2.601
2024-10-25 12:00:00,777.8,2.505
2024-10-25 12:30:00,777.86,2.417
2024-10-25 13:00:00,777.92,2.327
2024-10-25 13:30:00,777.97,2.243
2024-10-25 14:00:00,778.05,2.157
2024-10-25 14:30:00,777.96,2.075
2024-10-25 15:00:00,778.14,1.995
2024-10-25 15:30:00,778.32,1.919
2024-10-25 16:00:00,778.67,1.853
2024-10-25 16:30:00,778.59,1.801
2024-10-25 17:00:00,778.27,1.788
2024-10-25 17:30:00,778.19,1.816
2024-10-25 18:00:00,778.39,1.834
2024-10-25 18:30:00,778.41,1.865
2024-10-25 19:00:00,778.49,1.934
2024-10-25 19:30:00,778.23,2.035
2024-10-25 20:00:00,778.46,2.149
2024-10-25 20:30:00,778.1,2.29
2024-10-25 21:00:00,778.28,2.439
2024-10-25 21:30:00,778.29,2.583
2024-10-25 22:00:00,778.33,2.728
2024-10-25 22:30:00,778.19,2.879
2024-10-25 23:00:00,778.38,3.025
2024-10-25 23:30:00,778.39,3.175
2024-10-26 00:00:00,778.38,3.322
2024-10-26 00:30:00,778.54,3.463
2024-10-26 01:00:00,778.9,3.586
2024-10-26 01:30:00,779.34,3.688
2024-10-26 02:00:00,779.61,3.762
2024-10-26 02:30:00,779.68,3.812
2024-10-26 03:00:00,779.82,3.84
2024-10-26 03:30:00,779.85,3.836
2024-10-26 04:00:00,779.89,3.81
2024-10-26 04:30:00,779.99,3.761
2024-10-26 05:00:00,780.06,3.683
2024-10-26 05:30:00,780.19,3.586
2024-10-26 06:00:00,780.41,3.473
2024-10-26 06:30:00,780.87,3.347
2024-10-26 07:00:00,780.85,3.22
2024-10-26 07:30:00,780.8,3.09
2024-10-26 08:00:00,780.89,2.95
2024-10-26 08:30:00,780.86,2.807
2024-10-26 09:00:00,780.85,2.661
2024-10-26 09:30:00,780.87,2.518
2024-10-26 10:00:00,780.84,2.382
2024-10-26 10:30:00,780.52,2.258
2024-10-26 11:00:00,780.2,2.137
2024-10-26 11:30:00,780.12,2.02
2024-10-26 12:00:00,780.06,1.918
2024-10-26 12:30:00,780.11,1.829
2024-10-26 13:00:00,780.3,1.746
2024-10-26 13:30:00,780.31,1.674
2024-10-26 14:00:00,780.36,1.609
2024-10-26 14:30:00,780.51,1.545
2024-10-26 15:00:00,780.67,1.481
2024-10-26 15:30:00,780.96,1.419
2024-10-26 16:00:00,781.06,1.36
2024-10-26 16:30:00,780.88,1.313
2024-10-26 17:00:00,780.81,1.306
2024-10-26 17:30:00,780.81,1.335
2024-10-26 18:00:00,780.66,1.353
2024-10-26 18:30:00,780.42,1.382
2024-10-26 19:00:00,780.38,1.441
2024-10-26 19:30:00,780.23,1.53
2024-10-26 20:00:00,780.02,1.642
2024-10-26 20:30:00,779.95,1.767
2024-10-26 21:00:00,779.6,1.908
2024-10-26 21:30:00,779.3,2.055
2024-10-26 22:00:00,779.07,2.216
2024-10-26 22:30:00,778.96,2.38
2024-10-26 23:00:00,779.13,2.533
2024-10-26 23:30:00,778.94,2.674
2024-10-27 00:00:00,778.85,2.8
2024-10-27 00:30:00,778.81,2.912
2024-10-27 01:00:00,779.25,3.004
2024-10-27 01:30:00,780.11,3.087
2024-10-27 02:00:00,780.58,3.165
2024-10-27 02:30:00,780.92,3.239
2024-10-27 03:00:00,780.88,3.311
2024-10-27 03:30:00,780.62,3.367
2024-10-27 04:00:00,780.66,3.402
2024-10-27 04:30:00,780.77,3.413
2024-10-27 05:00:00,780.65,3.391
2024-10-27 05:30:00,780.63,3.343
2024-10-27 06:00:00,781.47,3.278
2024-10-27 06:30:00,781.25,3.202
2024-10-27 07:00:00,780.96,3.113
2024-10-27 07:30:00,780.74,3.009
2024-10-27 08:00:00,780.59,2.889
2024-10-27 08:30:00,780.38,2.766
2024-10-27 09:00:00,780.18,2.646
2024-10-27 09:30:00,780.05,2.535
2024-10-27 10:00:00,779.55,2.429
2024-10-27 10:30:00,779.16,2.332
2024-10-27 11:00:00,779.02,2.245
2024-10-27 11:30:00,778.87,2.166
2024-10-27 12:00:00,779.1,2.09
2024-10-27 12:30:00,778.88,2.027
2024-10-27 13:00:00,779.0,1.971
2024-10-27 13:30:00,778.87,1.917
2024-10-27 14:00:00,778.89,1.866
2024-10-27 14:30:00,778.91,1.813
2024-10-27 15:00:00,778.71,1.759
2024-10-27 15:30:00,778.67,1.712
2024-10-27 16:00:00,778.78,1.659
2024-10-27 16:30:00,778.79,1.622
2024-10-27 17:00:00,778.6,1.617
2024-10-27 17:30:00,778.59,1.657
2024-10-27 18:00:00,778.36,1.694
2024-10-27 18:30:00,778.13,1.753
2024-10-27 19:00:00,778.03,1.836
2024-10-27 19:30:00,777.94,1.937
2024-10-27 20:00:00,777.85,2.058
2024-10-27 20:30:00,777.71,2.192
2024-10-27 21:00:00,777.67,2.34
2024-10-27 21:30:00,777.82,2.489
2024-10-27 22:00:00,777.94,2.636
2024-10-27 22:30:00,778.05,2.773
2024-10-27 23:00:00,778.03,2.908
2024-10-27 23:30:00,777.9,3.03
2024-10-28 00:00:00,777.57,3.146
2024-10-28 00:30:00,777.4,3.246
2024-10-28 01:00:00,777.33,3.331
2024-10-28 01:30:00,777.14,3.401
2024-10-28 02:00:00,777.14,3.46
2024-10-28 02:30:00,777.07,3.503
2024-10-28 03:00:00,776.91,3.529
2024-10-28 03:30:00,775.71,3.539
2024-10-28 04:00:00,775.64,3.532
2024-10-28 04:30:00,775.52,3.507
2024-10-28 05:00:00,775.34,3.467
2024-10-28 05:30:00,775.12,3.412
2024-10-28 06:00:00,774.99,3.336
2024-10-28 06:30:00,774.83,3.259
2024-10-28 07:00:00,774.4,3.181
2024-10-28 07:30:00,774.1,3.102
2024-10-28 08:00:00,773.96,3.016
2024-10-28 08:30:00,773.69,2.933
2024-10-28 09:00:00,773.33,2.843
2024-10-28 09:30:00,773.16,2.745
2024-10-28 10:00:00,772.81,2.652
2024-10-28 10:30:00,772.53,2.565
2024-10-28 11:00:00,772.14,2.49
2024-10-28 11:30:00,771.69,2.421
2024-10-28 12:00:00,771.42,2.36
2024-10-28 12:30:00,771.22,2.3
2024-10-28 13:00:00,770.82,2.242
2024-10-28 13:30:00,770.47,2.183
2024-10-28 14:00:00,770.24,2.131
2024-10-28 14:30:00,770.15,2.081
2024-10-28 15:00:00,770.19,2.032
2024-10-28 15:30:00,770.36,1.99
2024-10-28 16:00:00,770.26,1.946
2024-10-28 16:30:00,770.49,1.919
2024-10-28 17:00:00,770.59,1.887
2024-10-28 17:30:00,770.65,1.855
2024-10-28 18:00:00,770.78,1.823
2024-10-28 18:30:00,770.7,1.803
2024-10-28 19:00:00,770.63,1.798
2024-10-28 19:30:00,770.39,1.81
2024-10-28 20:00:00,770.14,1.833
2024-10-28 20:30:00,769.83,1.872
2024-10-28 21:00:00,769.5,1.917
2024-10-28 21:30:00,769.35,1.982
2024-10-28 22:00:00,769.19,2.076
2024-10-28 22:30:00,769.21,2.18
2024-10-28 23:00:00,769.04,2.276
2024-10-28 23:30:00,769.0,2.367
2024-10-29 00:00:00,768.85,2.442
2024-10-29 00:30:00,768.72,2.521
2024-10-29 01:00:00,768.77,2.589
2024-10-29 01:30:00,768.78,2.636
2024-10-29 02:00:00,768.73,2.67
2024-10-29 02:30:00,768.59,2.683
2024-10-29 03:00:00,768.44,2.677
2024-10-29 03:30:00,768.47,2.647
2024-10-29 04:00:00,768.27,2.598
2024-10-29 04:30:00,768.19,2.535
2024-10-29 05:00:00,768.16,2.462
2024-10-29 05:30:00,768.0,2.385
2024-10-29 06:00:00,768.04,2.315
2024-10-29 06:30:00,767.9,2.229
2024-10-29 07:00:00,767.79,2.148
2024-10-29 07:30:00,767.62,2.065
2024-10-29 08:00:00,767.64,1.982
2024-10-29 08:30:00,767.53,1.895
2024-10-29 09:00:00,767.41,1.805
2024-10-29 09:30:00,767.44,1.722
2024-10-29 10:00:00,767.33,1.64
2024-10-29 10:30:00,767.36,1.551
2024-10-29 11:00:00,767.39,1.468
2024-10-29 11:30:00,767.43,1.384
2024-10-29 12:00:00,767.35,1.301
2024-10-29 12:30:00,767.33,1.22
2024-10-29 13:00:00,767.06,1.136
2024-10-29 13:30:00,766.93,1.06
2024-10-29 14:00:00,766.62,0.994
2024-10-29 14:30:00,766.6,0.931
2024-10-29 15:00:00,766.58,0.879
2024-10-29 15:30:00,766.75,0.835
2024-10-29 16:00:00,766.92,0.799
2024-10-29 16:30:00,766.97,0.768
2024-10-29 17:00:00,767.22,0.763
2024-10-29 17:30:00,767.71,0.767
2024-10-29 18:00:00,767.87,0.783
2024-10-29 18:30:00,767.7,0.812
2024-10-29 19:00:00,767.62,0.858
2024-10-29 19:30:00,767.37,0.902
2024-10-29 20:00:00,767.23,0.944
2024-10-29 20:30:00,767.35,0.985
2024-10-29 21:00:00,768.03,1.025
2024-10-29 21:30:00,768.11,1.07
2024-10-29 22:00:00,768.14,1.126
2024-10-29 22:30:00,768.1,1.182
2024-10-29 23:00:00,768.44,1.222
2024-10-29 23:30:00,769.05,1.246
2024-10-30 00:00:00,769.58,1.25
2024-10-30 00:30:00,770.12,1.247
2024-10-30 01:00:00,770.17,1.251
2024-10-30 01:30:00,770.14,1.268
2024-10-30 02:00:00,770.15,1.291
2024-10-30 02:30:00,770.17,1.311
2024-10-30 03:00:00,770.11,1.321
2024-10-30 03:30:00,770.09,1.316
2024-10-30 04:00:00,770.2,1.3
2024-10-30 04:30:00,770.35,1.269
2024-10-30 05:00:00,770.44,1.222
2024-10-30 05:30:00,770.53,1.169
2024-10-30 06:00:00,770.49,1.111
2024-10-30 06:30:00,770.52,1.048
2024-10-30 07:00:00,770.72,0.983
2024-10-30 07:30:00,770.89,0.916
2024-10-30 08:00:00,771.13,0.85
2024-10-30 08:30:00,770.71,0.789
2024-10-30 09:00:00,770.27,0.735
2024-10-30 09:30:00,770.13,0.686
2024-10-30 10:00:00,770.47,0.644
2024-10-30 10:30:00,770.5,0.611
2024-10-30 11:00:00,770.13,0.581
2024-10-30 11:30:00,770.01,0.562
2024-10-30 12:00:00,770.12,0.547
2024-10-30 12:30:00,770.25,0.529
2024-10-30 13:00:00,770.4,0.518
2024-10-30 13:30:00,770.06,0.508
2024-10-30 14:00:00,770.02,0.501
2024-10-30 14:30:00,770.13,0.497
2024-10-30 15:00:00,770.14,0.494
2024-10-30 15:30:00,770.42,0.491
2024-10-30 16:00:00,771.06,0.491
2024-10-30 16:30:00,771.54,0.492
2024-10-30 17:00:00,771.54,0.513
2024-10-30 17:30:00,771.62,0.56
2024-10-30 18:00:00,771.74,0.588
2024-10-30 18:30:00,771.74,0.615
2024-10-30 19:00:00,772.06,0.649
2024-10-30 19:30:00,772.37,0.702
2024-10-30 20:00:00,772.26,0.77
2024-10-30 20:30:00,771.83,0.837
2024-10-30 21:00:00,771.76,0.886
2024-10-30 21:30:00,772.62,0.93
2024-10-30 22:00:00,773.2,0.967
2024-10-30 22:30:00,773.1,0.993
2024-10-30 23:00:00,772.76,1.002
2024-10-30 23:30:00,772.77,1.0
2024-10-31 00:00:00,772.93,0.987
2024-10-31 00:30:00,773.77,0.969
2024-10-31 01:00:00,773.87,0.94
2024-10-31 01:30:00,773.75,0.902
2024-10-31 02:00:00,773.8,0.867
2024-10-31 02:30:00,773.65,0.827
2024-10-31 03:00:00,773.23,0.786
2024-10-31 03:30:00,772.99,0.744
2024-10-31 04:00:00,772.88,0.704
2024-10-31 04:30:00,772.73,0.665
2024-10-31 05:00:00,772.81,0.63
2024-10-31 05:30:00,772.46,0.601
2024-10-31 06:00:00,772.27,0.571
2024-10-31 06:30:00,772.08,0.543
2024-10-31 07:00:00,772.3,0.516
2024-10-31 07:30:00,774.1,0.48
2024-10-31 08:00:00,774.15,0.44
2024-10-31 08:30:00,773.92,0.407
2024-10-31 09:00:00,773.64,0.381
2024-10-31 09:30:00,773.39,0.361
2024-10-31 10:00:00,773.25,0.345
2024-10-31 10:30:00,773.15,0.332
2024-10-31 11:00:00,772.93,0.321
2024-10-31 11:30:00,772.46,0.314
2024-10-31 12:00:00,772.5,0.303
2024-10-31 12:30:00,772.78,0.298
2024-10-31 13:00:00,772.62,0.29
2024-10-31 13:30:00,772.04,0.287
2024-10-31 14:00:00,771.88,0.288
2024-10-31 14:30:00,771.55,0.29
2024-10-31 15:00:00,771.35,0.288
2024-10-31 15:30:00,771.3,0.292
2024-10-31 16:00:00,771.61,0.297
2024-10-31 16:30:00,771.66,0.302
2024-10-31 17:00:00,771.49,0.312
2024-10-31 17:30:00,771.76,0.324
2024-10-31 18:00:00,771.4,0.343
2024-10-31 18:30:00,771.65,0.365
2024-10-31 19:00:00,771.71,0.392
2024-10-31 19:30:00,771.35,0.444
2024-10-31 20:00:00,771.22,0.517
2024-10-31 20:30:00,771.1,0.608
2024-10-31 21:00:00,771.0,0.703
2024-10-31 21:30:00,771.04,0.795
2024-10-31 22:00:00,771.07,0.877
2024-10-31 22:30:00,771.27,0.944
2024-10-31 23:00:00,771.55,0.992
2024-10-31 23:30:00,771.72,1.021
2024-11-01 00:00:00,771.86,1.044
2024-11-01 00:30:00,772.03,1.056
2024-11-01 01:00:00,772.84,1.068
2024-11-01 01:30:00,773.61,1.083
2024-11-01 02:00:00,774.17,1.099
2024-11-01 02:30:00,774.53,1.098
2024-11-01 03:00:00,774.49,1.061
2024-11-01 03:30:00,774.01,0.997
2024-11-01 04:00:00,773.41,0.924
2024-11-01 04:30:00,773.39,0.853
2024-11-01 05:00:00,773.68,0.784
2024-11-01 05:30:00,773.68,0.719
2024-11-01 06:00:00,773.93,0.656
2024-11-01 06:30:00,773.79,0.603
2024-11-01 07:00:00,773.14,0.552
2024-11-01 07:30:00,772.46,0.506
2024-11-01 08:00:00,771.92,0.467
2024-11-01 08:30:00,771.66,0.434
2024-11-01 09:00:00,771.4,0.409
2024-11-01 09:30:00,771.0,0.394
2024-11-01 10:00:00,770.97,0.379
2024-11-01 10:30:00,771.34,0.369
2024-11-01 11:00:00,771.67,0.363
2024-11-01 11:30:00,771.85,0.358
2024-11-01 12:00:00,771.85,0.357
2024-11-01 12:30:00,771.88,0.357
2024-11-01 13:00:00,771.68,0.361
2024-11-01 13:30:00,771.43,0.364
2024-11-01 14:00:00,771.09,0.368
2024-11-01 14:30:00,770.93,0.369
2024-11-01 15:00:00,770.82,0.371
2024-11-01 15:30:00,770.73,0.371
2024-11-01 16:00:00,770.65,0.374
2024-11-01 16:30:00,770.58,0.374
2024-11-01 17:00:00,770.54,0.382
2024-11-01 17:30:00,770.54,0.401
2024-11-01 18:00:00,770.61,0.422
2024-11-01 18:30:00,770.71,0.449
2024-11-01 19:00:00,770.71,0.483
2024-11-01 19:30:00,770.76,0.524
2024-11-01 20:00:00,770.85,0.574
2024-11-01 20:30:00,770.56,0.63
2024-11-01 21:00:00,770.17,0.682
2024-11-01 21:30:00,770.4,0.719
2024-11-01 22:00:00,770.74,0.741
2024-11-01 22:30:00,770.59,0.759
2024-11-01 23:00:00,770.5,0.771
2024-11-01 23:30:00,770.43,0.776
2024-11-02 00:00:00,771.12,0.769
2024-11-02 00:30:00,771.41,0.752
2024-11-02 01:00:00,771.19,0.73
2024-11-02 01:30:00,771.04,0.708
2024-11-02 02:00:00,770.86,0.688
2024-11-02 02:30:00,771.02,0.666
2024-11-02 03:00:00,771.0,0.641
2024-11-02 03:30:00,770.8,0.613
2024-11-02 04:00:00,770.8,0.578
2024-11-02 04:30:00,771.12,0.543
2024-11-02 05:00:00,771.08,0.502
2024-11-02 05:30:00,771.55,0.462
2024-11-02 06:00:00,771.61,0.421
2024-11-02 06:30:00,771.32,0.383
2024-11-02 07:00:00,770.95,0.352
2024-11-02 07:30:00,770.83,0.329
2024-11-02 08:00:00,771.11,0.308
2024-11-02 08:30:00,770.54,0.288
2024-11-02 09:00:00,770.13,0.271
2024-11-02 09:30:00,769.71,0.258
2024-11-02 10:00:00,769.22,0.25
2024-11-02 10:30:00,769.01,0.245
2024-11-02 11:00:00,768.77,0.24
2024-11-02 11:30:00,768.82,0.238
2024-11-02 12:00:00,768.55,0.236
2024-11-02 12:30:00,768.33,0.237
2024-11-02 13:00:00,768.19,0.238
2024-11-02 13:30:00,767.96,0.238
2024-11-02 14:00:00,767.83,0.236
2024-11-02 14:30:00,767.83,0.235
2024-11-02 15:00:00,767.83,0.236
2024-11-02 15:30:00,767.86,0.237
2024-11-02 16:00:00,767.93,0.24
2024-11-02 16:30:00,768.01,0.247
2024-11-02 17:00:00,768.09,0.276
2024-11-02 17:30:00,768.18,0.314
2024-11-02 18:00:00,768.15,0.337
2024-11-02 18:30:00,768.25,0.356
2024-11-02 19:00:00,768.31,0.383
2024-11-02 19:30:00,768.26,0.424
2024-11-02 20:00:00,768.27,0.477
2024-11-02 20:30:00,768.19,0.538
2024-11-02 21:00:00,768.24,0.601
2024-11-02 21:30:00,768.3,0.663
2024-11-02 22:00:00,768.42,0.715
2024-11-02 22:30:00,768.56,0.753
2024-11-02 23:00:00,768.71,0.772
2024-11-02 23:30:00,768.93,0.78
2024-11-03 00:00:00,769.17,0.782
2024-11-03 00:30:00,769.47,0.781
2024-11-03 01:00:00,769.72,0.783
2024-11-03 01:30:00,769.79,0.793
2024-11-03 02:00:00,769.89,0.796
2024-11-03 02:30:00,769.85,0.788
2024-11-03 03:00:00,769.81,0.768
2024-11-03 03:30:00,769.56,0.744
2024-11-03 04:00:00,769.44,0.719
2024-11-03 04:30:00,769.87,0.695
2024-11-03 05:00:00,770.09,0.674
2024-11-03 05:30:00,770.3,0.651
2024-11-03 06:00:00,770.1,0.626
2024-11-03 06:30:00,769.81,0.597
2024-11-03 07:00:00,769.61,0.564
2024-11-03 07:30:00,769.46,0.528
2024-11-03 08:00:00,769.23,0.49
2024-11-03 08:30:00,769.11,0.456
2024-11-03 09:00:00,768.9,0.426
2024-11-03 09:30:00,768.62,0.394
2024-11-03 10:00:00,768.67,0.364
2024-11-03 10:30:00,768.4,0.337
2024-11-03 11:00:00,768.3,0.316
2024-11-03 11:30:00,767.95,0.296
2024-11-03 12:00:00,767.89,0.279
2024-11-03 12:30:00,767.98,0.267
2024-11-03 13:00:00,768.13,0.259
2024-11-03 13:30:00,768.24,0.252
2024-11-03 14:00:00,768.62,0.248
2024-11-03 14:30:00,768.92,0.248
2024-11-03 15:00:00,769.22,0.25
2024-11-03 15:30:00,769.0,0.253
2024-11-03 16:00:00,768.62,0.258
2024-11-03 16:30:00,768.44,0.273
2024-11-03 17:00:00,768.73,0.301
2024-11-03 17:30:00,768.97,0.338
2024-11-03 18:00:00,769.54,0.357
2024-11-03 18:30:00,770.13,0.376
2024-11-03 19:00:00,770.21,0.399
2024-11-03 19:30:00,770.62,0.44
2024-11-03 20:00:00,770.06,0.487
2024-11-03 20:30:00,770.09,0.527
2024-11-03 21:00:00,769.41,0.567
2024-11-03 21:30:00,769.6,0.598
2024-11-03 22:00:00,769.67,0.624
2024-11-03 22:30:00,769.5,0.649
2024-11-03 23:00:00,769.27,0.66
2024-11-03 23:30:00,769.4,0.665
2024-11-04 00:00:00,769.53,0.659
2024-11-04 00:30:00,769.64,0.645
2024-11-04 01:00:00,771.55,0.622
2024-11-04 01:30:00,772.29,0.592
2024-11-04 02:00:00,772.33,0.568
2024-11-04 02:30:00,772.27,0.545
2024-11-04 03:00:00,772.12,0.511
2024-11-04 03:30:00,771.72,0.47
2024-11-04 04:00:00,771.45,0.427
2024-11-04 04:30:00,771.17,0.39
2024-11-04 05:00:00,771.22,0.357
2024-11-04 05:30:00,770.68,0.332
2024-11-04 06:00:00,770.28,0.315
2024-11-04 06:30:00,771.15,0.305
2024-11-04 07:00:00,771.76,0.299
2024-11-04 07:30:00,772.15,0.295
2024-11-04 08:00:00,772.36,0.293
2024-11-04 08:30:00,772.87,0.293
2024-11-04 09:00:00,773.23,0.292
2024-11-04 09:30:00,773.22,0.295
2024-11-04 10:00:00,773.21,0.294
2024-11-04 10:30:00,773.18,0.295
2024-11-04 11:00:00,773.64,0.292
2024-11-04 11:30:00,773.98,0.288
2024-11-04 12:00:00,774.55,0.28
2024-11-04 12:30:00,775.01,0.271
2024-11-04 13:00:00,774.84,0.262
2024-11-04 13:30:00,774.84,0.253
2024-11-04 14:00:00,775.03,0.244
2024-11-04 14:30:00,775.46,0.24
2024-11-04 15:00:00,775.49,0.232
2024-11-04 15:30:00,775.46,0.228
2024-11-04 16:00:00,775.5,0.226
2024-11-04 16:30:00,775.47,0.234
2024-11-04 17:00:00,775.68,0.261
2024-11-04 17:30:00,775.95,0.292
2024-11-04 18:00:00,776.21,0.311
2024-11-04 18:30:00,776.19,0.327
2024-11-04 19:00:00,776.42,0.349
2024-11-04 19:30:00,776.21,0.375
2024-11-04 20:00:00,775.63,0.409
2024-11-04 20:30:00,775.02,0.45
2024-11-04 21:00:00,774.31,0.496
2024-11-04 21:30:00,774.44,0.546
2024-11-04 22:00:00,774.15,0.598
2024-11-04 22:30:00,773.49,0.648
2024-11-04 23:00:00,773.57,0.691
2024-11-04 23:30:00,773.61,0.725
2024-11-05 00:00:00,773.77,0.752
2024-11-05 00:30:00,773.77,0.77
2024-11-05 01:00:00,773.95,0.774
2024-11-05 01:30:00,776.88,0.76
2024-11-05 02:00:00,777.4,0.718
2024-11-05 02:30:00,777.67,0.673
2024-11-05 03:00:00,778.06,0.638
2024-11-05 03:30:00,778.7,0.6
2024-11-05 04:00:00,779.24,0.55
2024-11-05 04:30:00,780.41,0.488
2024-11-05 05:00:00,780.46,0.425
2024-11-05 05:30:00,780.16,0.365
2024-11-05 06:00:00,779.76,0.315
2024-11-05 06:30:00,779.54,0.279
2024-11-05 07:00:00,779.37,0.249
2024-11-05 07:30:00,779.27,0.223
2024-11-05 08:00:00,779.03,0.207
2024-11-05 08:30:00,778.9,0.197
2024-11-05 09:00:00,778.66,0.184
2024-11-05 09:30:00,778.5,0.177
2024-11-05 10:00:00,777.75,0.173
2024-11-05 10:30:00,777.28,0.167
2024-11-05 11:00:00,776.98,0.166
2024-11-05 11:30:00,776.22,0.162
2024-11-05 12:00:00,775.88,0.163
2024-11-05 12:30:00,775.72,0.164
2024-11-05 13:00:00,775.77,0.167
2024-11-05 13:30:00,776.12,0.167
2024-11-05 14:00:00,776.21,0.169
2024-11-05 14:30:00,776.1,0.174
2024-11-05 15:00:00,776.03,0.177
2024-11-05 15:30:00,775.81,0.185
2024-11-05 16:00:00,775.68,0.2
2024-11-05 16:30:00,775.6,0.217
2024-11-05 17:00:00,775.15,0.231
2024-11-05 17:30:00,774.95,0.252
2024-11-05 18:00:00,774.94,0.271
2024-11-05 18:30:00,774.85,0.292
2024-11-05 19:00:00,774.51,0.321
2024-11-05 19:30:00,773.98,0.355
2024-11-05 20:00:00,773.38,0.396
2024-11-05 20:30:00,772.84,0.44
2024-11-05 21:00:00,772.19,0.486
2024-11-05 21:30:00,771.82,0.535
2024-11-05 22:00:00,771.55,0.588
2024-11-05 22:30:00,771.35,0.638
2024-11-05 23:00:00,770.36,0.684
2024-11-05 23:30:00,770.87,0.728
2024-11-06 00:00:00,773.27,0.76
2024-11-06 00:30:00,773.61,0.764
2024-11-06 01:00:00,773.41,0.761
2024-11-06 01:30:00,773.76,0.755
2024-11-06 02:00:00,773.92,0.752
2024-11-06 02:30:00,773.69,0.743
2024-11-06 03:00:00,773.55,0.724
2024-11-06 03:30:00,773.7,0.696
2024-11-06 04:00:00,773.74,0.663
2024-11-06 04:30:00,773.92,0.632
2024-11-06 05:00:00,774.9,0.598
2024-11-06 05:30:00,775.03,0.561
2024-11-06 06:00:00,774.92,0.519
2024-11-06 06:30:00,774.7,0.469
2024-11-06 07:00:00,774.11,0.419
2024-11-06 07:30:00,773.49,0.373
2024-11-06 08:00:00,772.82,0.334
2024-11-06 08:30:00,772.22,0.301
2024-11-06 09:00:00,771.19,0.273
2024-11-06 09:30:00,771.5,0.251
2024-11-06 10:00:00,772.33,0.235
2024-11-06 10:30:00,772.4,0.225
2024-11-06 11:00:00,772.94,0.22
2024-11-06 11:30:00,773.13,0.217
2024-11-06 12:00:00,772.82,0.217
2024-11-06 12:30:00,772.57,0.214
2024-11-06 13:00:00,772.26,0.215
2024-11-06 13:30:00,771.97,0.218
2024-11-06 14:00:00,771.37,0.22
2024-11-06 14:30:00,771.43,0.227
2024-11-06 15:00:00,770.66,0.229
2024-11-06 15:30:00,770.99,0.235
2024-11-06 16:00:00,770.74,0.239
2024-11-06 16:30:00,770.02,0.245
2024-11-06 17:00:00,770.04,0.262
2024-11-06 17:30:00,769.89,0.293
2024-11-06 18:00:00,770.51,0.317
2024-11-06 18:30:00,770.75,0.336
2024-11-06 19:00:00,770.82,0.351
2024-11-06 19:30:00,770.78,0.368
2024-11-06 20:00:00,771.01,0.391
2024-11-06 20:30:00,771.77,0.427
2024-11-06 21:00:00,772.4,0.466
2024-11-06 21:30:00,772.38,0.498
2024-11-06 22:00:00,772.33,0.524
2024-11-06 22:30:00,772.22,0.543
2024-11-06 23:00:00,772.21,0.55
2024-11-06 23:30:00,772.45,0.549
2024-11-07 00:00:00,772.75,0.54
2024-11-07 00:30:00,772.66,0.522
2024-11-07 01:00:00,772.72,0.499
2024-11-07 01:30:00,772.76,0.471
2024-11-07 02:00:00,772.76,0.444
2024-11-07 02:30:00,772.74,0.417
2024-11-07 03:00:00,773.08,0.395
2024-11-07 03:30:00,773.38,0.374
2024-11-07 04:00:00,773.75,0.349
2024-11-07 04:30:00,773.86,0.329
2024-11-07 05:00:00,773.91,0.309
2024-11-07 05:30:00,774.05,0.288
2024-11-07 06:00:00,774.18,0.269
2024-11-07 06:30:00,774.44,0.252
2024-11-07 07:00:00,774.64,0.238
2024-11-07 07:30:00,774.67,0.225
2024-11-07 08:00:00,774.95,0.212
2024-11-07 08:30:00,774.82,0.202
2024-11-07 09:00:00,774.98,0.192
2024-11-07 09:30:00,775.13,0.183
2024-11-07 10:00:00,775.32,0.177
2024-11-07 10:30:00,775.33,0.169
2024-11-07 11:00:00,775.44,0.162
2024-11-07 11:30:00,775.57,0.157
2024-11-07 12:00:00,775.63,0.152
2024-11-07 12:30:00,775.51,0.147
2024-11-07 13:00:00,775.74,0.141
2024-11-07 13:30:00,776.04,0.136
2024-11-07 14:00:00,776.28,0.131
2024-11-07 14:30:00,776.59,0.129
2024-11-07 15:00:00,776.85,0.127
2024-11-07 15:30:00,776.78,0.125
2024-11-07 16:00:00,776.79,0.127
2024-11-07 16:30:00,776.84,0.133
2024-11-07 17:00:00,776.65,0.15
2024-11-07 17:30:00,775.88,0.178
2024-11-07 18:00:00,775.94,0.197
2024-11-07 18:30:00,775.48,0.22
2024-11-07 19:00:00,775.46,0.243
2024-11-07 19:30:00,775.43,0.27
2024-11-07 20:00:00,775.3,0.309
2024-11-07 20:30:00,775.19,0.355
2024-11-07 21:00:00,775.06,0.411
2024-11-07 21:30:00,775.0,0.471
2024-11-07 22:00:00,774.99,0.528
2024-11-07 22:30:00,775.09,0.58
2024-11-07 23:00:00,775.09,0.625
2024-11-07 23:30:00,775.13,0.66
2024-11-08 00:00:00,775.2,0.686
2024-11-08 00:30:00,775.71,0.695
2024-11-08 01:00:00,775.92,0.681
2024-11-08 01:30:00,776.34,0.649
2024-11-08 02:00:00,776.82,0.611
2024-11-08 02:30:00,777.23,0.566
2024-11-08 03:00:00,777.62,0.522
2024-11-08 03:30:00,778.0,0.476
2024-11-08 04:00:00,778.36,0.438
2024-11-08 04:30:00,778.66,0.397
2024-11-08 05:00:00,778.94,0.357
2024-11-08 05:30:00,780.43,0.32
2024-11-08 06:00:00,781.09,0.278
2024-11-08 06:30:00,780.95,0.244
2024-11-08 07:00:00,780.66,0.216
2024-11-08 07:30:00,780.68,0.194
2024-11-08 08:00:00,780.41,0.175
2024-11-08 08:30:00,780.29,0.161
2024-11-08 09:00:00,780.27,0.151
2024-11-08 09:30:00,780.12,0.143
2024-11-08 10:00:00,780.01,0.136
2024-11-08 10:30:00,779.84,0.13
2024-11-08 11:00:00,779.72,0.126
2024-11-08 11:30:00,779.61,0.124
2024-11-08 12:00:00,779.4,0.119
2024-11-08 12:30:00,779.31,0.115
2024-11-08 13:00:00,779.18,0.114
2024-11-08 13:30:00,779.0,0.111
2024-11-08 14:00:00,778.95,0.111
2024-11-08 14:30:00,778.82,0.111
2024-11-08 15:00:00,778.59,0.111
2024-11-08 15:30:00,778.28,0.114
2024-11-08 16:00:00,777.96,0.119
2024-11-08 16:30:00,777.6,0.128
2024-11-08 17:00:00,777.38,0.144
2024-11-08 17:30:00,777.13,0.169
2024-11-08 18:00:00,777.41,0.192
2024-11-08 18:30:00,777.4,0.211
2024-11-08 19:00:00,777.4,0.234
2024-11-08 19:30:00,776.98,0.27
2024-11-08 20:00:00,776.37,0.316
2024-11-08 20:30:00,776.03,0.372
2024-11-08 21:00:00,775.62,0.433
2024-11-08 21:30:00,774.77,0.492
2024-11-08 22:00:00,774.53,0.55
2024-11-08 22:30:00,774.54,0.603
2024-11-08 23:00:00,774.36,0.647
2024-11-08 23:30:00,774.62,0.681
2024-11-09 00:00:00,775.47,0.698
2024-11-09 00:30:00,775.96,0.692
2024-11-09 01:00:00,776.03,0.668
2024-11-09 01:30:00,776.02,0.634
2024-11-09 02:00:00,776.2,0.598
2024-11-09 02:30:00,776.7,0.566
2024-11-09 03:00:00,776.99,0.534
2024-11-09 03:30:00,777.17,0.497
2024-11-09 04:00:00,777.3,0.45
2024-11-09 04:30:00,777.43,0.399
2024-11-09 05:00:00,777.59,0.349
2024-11-09 05:30:00,777.81,0.304
2024-11-09 06:00:00,777.88,0.267
2024-11-09 06:30:00,777.82,0.233
2024-11-09 07:00:00,777.75,0.208
2024-11-09 07:30:00,777.75,0.186
2024-11-09 08:00:00,777.54,0.166
2024-11-09 08:30:00,777.35,0.153
2024-11-09 09:00:00,777.15,0.146
2024-11-09 09:30:00,777.03,0.135
2024-11-09 10:00:00,776.92,0.131
2024-11-09 10:30:00,776.79,0.125
2024-11-09 11:00:00,776.57,0.121
2024-11-09 11:30:00,776.21,0.119
2024-11-09 12:00:00,775.57,0.118
2024-11-09 12:30:00,775.12,0.118
2024-11-09 13:00:00,774.8,0.121
2024-11-09 13:30:00,774.73,0.124
2024-11-09 14:00:00,775.0,0.128
2024-11-09 14:30:00,775.37,0.13
2024-11-09 15:00:00,775.72,0.132
2024-11-09 15:30:00,776.05,0.133
2024-11-09 16:00:00,775.92,0.139
2024-11-09 16:30:00,775.37,0.148
2024-11-09 17:00:00,774.89,0.168
2024-11-09 17:30:00,774.64,0.189
2024-11-09 18:00:00,774.97,0.208
2024-11-09 18:30:00,775.18,0.225
2024-11-09 19:00:00,774.99,0.244
2024-11-09 19:30:00,774.67,0.272
2024-11-09 20:00:00,774.16,0.311
2024-11-09 20:30:00,773.79,0.356
2024-11-09 21:00:00,773.08,0.407
2024-11-09 21:30:00,773.04,0.462
2024-11-09 22:00:00,772.93,0.513
2024-11-09 22:30:00,772.84,0.563
2024-11-09 23:00:00,772.57,0.603
2024-11-09 23:30:00,772.46,0.632
2024-11-10 00:00:00,772.33,0.646
2024-11-10 00:30:00,772.21,0.655
2024-11-10 01:00:00,772.11,0.661
2024-11-10 01:30:00,773.4,0.663
2024-11-10 02:00:00,774.69,0.65
2024-11-10 02:30:00,775.15,0.631
2024-11-10 03:00:00,775.39,0.611
2024-11-10 03:30:00,775.68,0.587
2024-11-10 04:00:00,775.81,0.545
2024-11-10 04:30:00,775.8,0.488
2024-11-10 05:00:00,775.96,0.424
2024-11-10 05:30:00,776.12,0.362
2024-11-10 06:00:00,776.1,0.312
2024-11-10 06:30:00,776.01,0.27
2024-11-10 07:00:00,776.0,0.236
2024-11-10 07:30:00,775.97,0.207
2024-11-10 08:00:00,776.06,0.187
2024-11-10 08:30:00,776.15,0.17
2024-11-10 09:00:00,776.12,0.156
2024-11-10 09:30:00,775.94,0.144
2024-11-10 10:00:00,775.92,0.135
2024-11-10 10:30:00,775.8,0.127
2024-11-10 11:00:00,775.54,0.122
2024-11-10 11:30:00,775.14,0.119
2024-11-10 12:00:00,774.51,0.119
2024-11-10 12:30:00,774.11,0.118
2024-11-10 13:00:00,774.1,0.121
2024-11-10 13:30:00,774.3,0.122
2024-11-10 14:00:00,774.7,0.122
2024-11-10 14:30:00,774.93,0.12
2024-11-10 15:00:00,775.31,0.122
2024-11-10 15:30:00,775.73,0.124
2024-11-10 16:00:00,775.25,0.13
2024-11-10 16:30:00,774.76,0.142
2024-11-10 17:00:00,774.48,0.16
2024-11-10 17:30:00,774.45,0.182
2024-11-10 18:00:00,774.64,0.198
2024-11-10 18:30:00,775.0,0.213
2024-11-10 19:00:00,774.82,0.233
2024-11-10 19:30:00,774.59,0.261
2024-11-10 20:00:00,774.18,0.295
2024-11-10 20:30:00,773.96,0.336
2024-11-10 21:00:00,773.64,0.384
2024-11-10 21:30:00,773.48,0.434
2024-11-10 22:00:00,774.08,0.484
2024-11-10 22:30:00,774.17,0.527
2024-11-10 23:00:00,774.03,0.563
2024-11-10 23:30:00,773.91,0.585
2024-11-11 00:00:00,773.82,0.594
2024-11-11 00:30:00,773.74,0.594
2024-11-11 01:00:00,773.69,0.591
2024-11-11 01:30:00,775.25,0.577
2024-11-11 02:00:00,776.09,0.554
2024-11-11 02:30:00,776.48,0.534
2024-11-11 03:00:00,776.68,0.518
2024-11-11 03:30:00,776.82,0.495
2024-11-11 04:00:00,776.78,0.454
2024-11-11 04:30:00,776.62,0.397
2024-11-11 05:00:00,776.59,0.338
2024-11-11 05:30:00,776.47,0.289
2024-11-11 06:00:00,776.25,0.248
2024-11-11 06:30:00,775.98,0.217
2024-11-11 07:00:00,775.72,0.19
2024-11-11 07:30:00,776.09,0.172
2024-11-11 08:00:00,776.22,0.157
2024-11-11 08:30:00,776.22,0.143
2024-11-11 09:00:00,776.09,0.134
2024-11-11 09:30:00,776.06,0.125
2024-11-11 10:00:00,776.11,0.119
2024-11-11 10:30:00,775.54,0.114
2024-11-11 11:00:00,774.82,0.112
2024-11-11 11:30:00,774.15,0.11
2024-11-11 12:00:00,773.4,0.111
2024-11-11 12:30:00,772.95,0.113
2024-11-11 13:00:00,772.82,0.116
2024-11-11 13:30:00,772.95,0.116
2024-11-11 14:00:00,772.72,0.12
2024-11-11 14:30:00,772.69,0.122
2024-11-11 15:00:00,772.67,0.127
2024-11-11 15:30:00,772.57,0.13
2024-11-11 16:00:00,772.85,0.133
2024-11-11 16:30:00,772.92,0.138
2024-11-11 17:00:00,771.97,0.159
2024-11-11 17:30:00,772.06,0.185
2024-11-11 18:00:00,772.53,0.199
2024-11-11 18:30:00,772.2,0.216
2024-11-11 19:00:00,771.06,0.228
2024-11-11 19:30:00,769.74,0.247
2024-11-11 20:00:00,768.88,0.271
2024-11-11 20:30:00,767.97,0.301
2024-11-11 21:00:00,767.9,0.328
2024-11-11 21:30:00,766.89,0.355
2024-11-11 22:00:00,766.5,0.378
2024-11-11 22:30:00,766.84,0.398
2024-11-11 23:00:00,767.01,0.412
2024-11-11 23:30:00,767.73,0.414
2024-11-12 00:00:00,767.89,0.415
2024-11-12 00:30:00,768.26,0.41
2024-11-12 01:00:00,767.77,0.405
2024-11-12 01:30:00,767.35,0.4
2024-11-12 02:00:00,768.8,0.382
2024-11-12 02:30:00,770.0,0.348
2024-11-12 03:00:00,770.09,0.317
2024-11-12 03:30:00,770.32,0.285
2024-11-12 04:00:00,770.14,0.256
2024-11-12 04:30:00,770.43,0.235
2024-11-12 05:00:00,770.73,0.215
2024-11-12 05:30:00,771.07,0.196
2024-11-12 06:00:00,771.2,0.181
2024-11-12 06:30:00,771.14,0.167
2024-11-12 07:00:00,771.23,0.157
2024-11-12 07:30:00,771.21,0.146
2024-11-12 08:00:00,771.56,0.138
2024-11-12 08:30:00,771.76,0.13
2024-11-12 09:00:00,771.7,0.122
2024-11-12 09:30:00,771.74,0.114
2024-11-12 10:00:00,771.96,0.109
2024-11-12 10:30:00,772.08,0.106
2024-11-12 11:00:00,772.2,0.099
2024-11-12 11:30:00,772.4,0.098
2024-11-12 12:00:00,772.5,0.094
2024-11-12 12:30:00,772.86,0.09
2024-11-12 13:00:00,773.08,0.086
2024-11-12 13:30:00,773.34,0.083
2024-11-12 14:00:00,773.22,0.081
2024-11-12 14:30:00,772.77,0.081
2024-11-12 15:00:00,772.38,0.08
2024-11-12 15:30:00,772.38,0.082
2024-11-12 16:00:00,772.29,0.082
2024-11-12 16:30:00,772.09,0.084
2024-11-12 17:00:00,772.05,0.086
2024-11-12 17:30:00,772.15,0.091
2024-11-12 18:00:00,772.39,0.094
2024-11-12 18:30:00,772.59,0.096
2024-11-12 19:00:00,772.93,0.099
2024-11-12 19:30:00,773.16,0.102
2024-11-12 20:00:00,773.3,0.112
2024-11-12 20:30:00,773.42,0.124
2024-11-12 21:00:00,773.27,0.138
2024-11-12 21:30:00,773.27,0.152
2024-11-12 22:00:00,773.21,0.162
2024-11-12 22:30:00,773.19,0.167
2024-11-12 23:00:00,772.99,0.166
2024-11-12 23:30:00,772.92,0.162
2024-11-13 00:00:00,773.06,0.16
2024-11-13 00:30:00,773.01,0.154
2024-11-13 01:00:00,773.03,0.148
2024-11-13 01:30:00,773.21,0.144
2024-11-13 02:00:00,773.63,0.136
2024-11-13 02:30:00,773.76,0.131
2024-11-13 03:00:00,774.26,0.125
2024-11-13 03:30:00,774.61,0.116
2024-11-13 04:00:00,774.86,0.112
2024-11-13 04:30:00,775.42,0.106
2024-11-13 05:00:00,775.68,0.098
2024-11-13 05:30:00,775.87,0.092
2024-11-13 06:00:00,776.09,0.089
2024-11-13 06:30:00,776.07,0.086
2024-11-13 07:00:00,776.14,0.079
2024-11-13 07:30:00,776.24,0.076
2024-11-13 08:00:00,776.52,0.072
2024-11-13 08:30:00,776.42,0.067
2024-11-13 09:00:00,776.24,0.065
2024-11-13 09:30:00,776.15,0.062
2024-11-13 10:00:00,776.09,0.06
2024-11-13 10:30:00,776.04,0.058
2024-11-13 11:00:00,776.22,0.055
2024-11-13 11:30:00,776.16,0.052
2024-11-13 12:00:00,776.32,0.05
2024-11-13 12:30:00,776.51,0.05
2024-11-13 13:00:00,776.62,0.047
2024-11-13 13:30:00,776.71,0.045
2024-11-13 14:00:00,776.67,0.042
2024-11-13 14:30:00,776.94,0.041
2024-11-13 15:00:00,777.24,0.039
2024-11-13 15:30:00,777.61,0.036
2024-11-13 16:00:00,777.82,0.038
2024-11-13 16:30:00,777.92,0.036
2024-11-13 17:00:00,777.84,0.042
2024-11-13 17:30:00,777.79,0.046
2024-11-13 18:00:00,777.67,0.054
2024-11-13 18:30:00,777.79,0.065
2024-11-13 19:00:00,777.6,0.075
2024-11-13 19:30:00,777.61,0.088
2024-11-13 20:00:00,777.77,0.1
2024-11-13 20:30:00,777.72,0.108
2024-11-13 21:00:00,777.78,0.114
2024-11-13 21:30:00,777.83,0.113
2024-11-13 22:00:00,777.65,0.112
2024-11-13 22:30:00,777.24,0.109
2024-11-13 23:00:00,776.77,0.108
2024-11-13 23:30:00,776.48,0.105
2024-11-14 00:00:00,776.32,0.102
2024-11-14 00:30:00,776.17,0.098
2024-11-14 01:00:00,776.08,0.093
2024-11-14 01:30:00,776.05,0.087
2024-11-14 02:00:00,776.14,0.081
2024-11-14 02:30:00,776.14,0.071
2024-11-14 03:00:00,776.09,0.067
2024-11-14 03:30:00,775.96,0.062
2024-11-14 04:00:00,776.09,0.057
2024-11-14 04:30:00,776.02,0.051
2024-11-14 05:00:00,776.11,0.049
2024-11-14 05:30:00,776.19,0.044
2024-11-14 06:00:00,776.22,0.041
2024-11-14 06:30:00,776.04,0.038
2024-11-14 07:00:00,776.04,0.037
2024-11-14 07:30:00,775.94,0.033
2024-11-14 08:00:00,775.81,0.032
2024-11-14 08:30:00,775.75,0.031
2024-11-14 09:00:00,775.7,0.028
2024-11-14 09:30:00,775.57,0.026
2024-11-14 10:00:00,775.55,0.027
2024-11-14 10:30:00,775.37,0.023
2024-11-14 11:00:00,775.25,0.022
2024-11-14 11:30:00,775.08,0.02
2024-11-14 12:00:00,775.04,0.02
2024-11-14 12:30:00,774.99,0.019
2024-11-14 13:00:00,774.99,0.017
2024-11-14 13:30:00,774.86,0.014
2024-11-14 14:00:00,774.65,0.015
2024-11-14 14:30:00,774.35,0.015
2024-11-14 15:00:00,774.2,0.017
2024-11-14 15:30:00,774.11,0.018
2024-11-14 16:00:00,773.98,0.018
2024-11-14 16:30:00,773.84,0.022
2024-11-14 17:00:00,773.76,0.028
2024-11-14 17:30:00,773.56,0.032
2024-11-14 18:00:00,773.23,0.04
2024-11-14 18:30:00,772.86,0.052
2024-11-14 19:00:00,772.39,0.062
2024-11-14 19:30:00,771.96,0.076
2024-11-14 20:00:00,771.5,0.089
2024-11-14 20:30:00,771.21,0.1
2024-11-14 21:00:00,770.8,0.117
2024-11-14 21:30:00,770.38,0.133
2024-11-14 22:00:00,769.75,0.148
2024-11-14 22:30:00,769.38,0.151
2024-11-14 23:00:00,769.35,0.152
2024-11-14 23:30:00,768.81,0.148
2024-11-15 00:00:00,768.84,0.138
2024-11-15 00:30:00,768.92,0.126
2024-11-15 01:00:00,768.84,0.117
2024-11-15 01:30:00,768.56,0.104
2024-11-15 02:00:00,768.39,0.092
2024-11-15 02:30:00,768.17,0.082
2024-11-15 03:00:00,768.12,0.073
2024-11-15 03:30:00,768.09,0.065
2024-11-15 04:00:00,768.13,0.057
2024-11-15 04:30:00,767.96,0.051
2024-11-15 05:00:00,767.78,0.046
2024-11-15 05:30:00,767.61,0.042
2024-11-15 06:00:00,767.52,0.038
2024-11-15 06:30:00,767.25,0.035
2024-11-15 07:00:00,767.08,0.03
2024-11-15 07:30:00,766.85,0.029
2024-11-15 08:00:00,766.42,0.028
2024-11-15 08:30:00,766.06,0.025
2024-11-15 09:00:00,765.75,0.025
2024-11-15 09:30:00,765.55,0.024
2024-11-15 10:00:00,765.45,0.025
2024-11-15 10:30:00,765.32,0.023
2024-11-15 11:00:00,765.08,0.022
2024-11-15 11:30:00,764.84,0.025
2024-11-15 12:00:00,764.91,0.022
2024-11-15 12:30:00,764.64,0.022
2024-11-15 13:00:00,764.48,0.022
2024-11-15 13:30:00,764.33,0.022
2024-11-15 14:00:00,764.24,0.022
2024-11-15 14:30:00,764.23,0.021
2024-11-15 15:00:00,764.37,0.021
2024-11-15 15:30:00,764.48,0.021
2024-11-15 16:00:00,764.63,0.021
2024-11-15 16:30:00,764.64,0.022
2024-11-15 17:00:00,764.67,0.022
2024-11-15 17:30:00,764.77,0.022
2024-11-15 18:00:00,764.92,0.025
2024-11-15 18:30:00,764.86,0.024
2024-11-15 19:00:00,764.78,0.028
2024-11-15 19:30:00,764.63,0.03
2024-11-15 20:00:00,764.41,0.034
2024-11-15 20:30:00,764.38,0.038
2024-11-15 21:00:00,764.41,0.039
2024-11-15 21:30:00,764.48,0.038
2024-11-15 22:00:00,764.53,0.039
2024-11-15 22:30:00,764.53,0.041
2024-11-15 23:00:00,764.59,0.039
2024-11-15 23:30:00,764.72,0.038
2024-11-16 00:00:00,764.93,0.037
2024-11-16 00:30:00,765.05,0.035
2024-11-16 01:00:00,765.41,0.033
2024-11-16 01:30:00,765.75,0.029
2024-11-16 02:00:00,765.96,0.026
2024-11-16 02:30:00,766.03,0.021
2024-11-16 03:00:00,766.01,0.019
2024-11-16 03:30:00,765.98,0.018
2024-11-16 04:00:00,765.99,0.015
2024-11-16 04:30:00,766.03,0.011
2024-11-16 05:00:00,766.26,0.012
2024-11-16 05:30:00,766.48,0.01
2024-11-16 06:00:00,766.53,0.007
2024-11-16 06:30:00,766.65,0.006
2024-11-16 07:00:00,766.66,0.006
2024-11-16 07:30:00,766.73,0.005
2024-11-16 08:00:00,766.87,0.005
2024-11-16 08:30:00,766.98,0.004
2024-11-16 09:00:00,767.12,0.002
2024-11-16 09:30:00,767.16,0.003
2024-11-16 10:00:00,767.42,0.0
2024-11-16 10:30:00,767.54,0.0
2024-11-16 11:00:00,767.61,0.001
2024-11-16 11:30:00,767.66,-0.003
2024-11-16 12:00:00,767.62,-0.0
2024-11-16 12:30:00,767.72,-0.001
2024-11-16 13:00:00,767.86,-0.002
2024-11-16 13:30:00,767.84,-0.003
2024-11-16 14:00:00,768.01,-0.001
2024-11-16 14:30:00,768.09,-0.002
2024-11-16 15:00:00,768.31,-0.004
2024-11-16 15:30:00,768.59,-0.001
2024-11-16 16:00:00,768.91,-0.003
2024-11-16 16:30:00,769.03,-0.004
2024-11-16 17:00:00,769.27,-0.003
2024-11-16 17:30:00,769.46,-0.001
2024-11-16 18:00:00,769.83,-0.001
2024-11-16 18:30:00,770.12,0.0
2024-11-16 19:00:00,770.39,0.001
2024-11-16 19:30:00,770.29,0.005
2024-11-16 20:00:00,770.14,0.009
2024-11-16 20:30:00,769.77,0.014
2024-11-16 21:00:00,769.72,0.018
2024-11-16 21:30:00,769.61,0.022
2024-11-16 22:00:00,769.58,0.023
2024-11-16 22:30:00,769.65,0.026
2024-11-16 23:00:00,769.73,0.023
2024-11-16 23:30:00,769.8,0.022
2024-11-17 00:00:00,770.0,0.021
2024-11-17 00:30:00,770.21,0.016
2024-11-17 01:00:00,770.32,0.016
2024-11-17 01:30:00,770.48,0.011
2024-11-17 02:00:00,770.54,0.009
2024-11-17 02:30:00,770.72,0.007
2024-11-17 03:00:00,770.83,0.007
2024-11-17 03:30:00,771.0,0.003
2024-11-17 04:00:00,771.11,0.001
2024-11-17 04:30:00,771.2,-0.002
2024-11-17 05:00:00,771.35,-0.002
2024-11-17 05:30:00,771.54,-0.003
2024-11-17 06:00:00,771.54,-0.005
2024-11-17 06:30:00,771.69,-0.006
2024-11-17 07:00:00,771.88,-0.008
2024-11-17 07:30:00,772.02,-0.007
2024-11-17 08:00:00,772.14,-0.008
2024-11-17 08:30:00,772.18,-0.009
2024-11-17 09:00:00,772.05,-0.01
2024-11-17 09:30:00,771.88,-0.01
2024-11-17 10:00:00,771.98,-0.011
2024-11-17 10:30:00,772.23,-0.012
2024-11-17 11:00:00,772.19,-0.009
2024-11-17 11:30:00,772.02,-0.013
2024-11-17 12:00:00,772.22,-0.011
2024-11-17 12:30:00,772.4,-0.011
2024-11-17 13:00:00,772.47,-0.012
2024-11-17 13:30:00,772.48,-0.012
2024-11-17 14:00:00,772.3,-0.013
2024-11-17 14:30:00,772.52,-0.011
2024-11-17 15:00:00,772.86,-0.013
2024-11-17 15:30:00,773.1,-0.011
2024-11-17 16:00:00,773.06,-0.013
2024-11-17 16:30:00,773.1,-0.013
2024-11-17 17:00:00,773.26,-0.011
2024-11-17 17:30:00,773.32,-0.007
2024-11-17 18:00:00,773.46,-0.004
2024-11-17 18:30:00,773.1,-0.002
2024-11-17 19:00:00,772.73,0.003
2024-11-17 19:30:00,772.51,0.008
2024-11-17 20:00:00,772.23,0.011
2024-11-17 20:30:00,772.11,0.014
2024-11-17 21:00:00,772.08,0.023
2024-11-17 21:30:00,772.02,0.027
2024-11-17 22:00:00,771.92,0.031
2024-11-17 22:30:00,771.75,0.034
2024-11-17 23:00:00,771.83,0.033
2024-11-17 23:30:00,772.03,0.032
2024-11-18 00:00:00,771.93,0.03
2024-11-18 00:30:00,771.93,0.027
2024-11-18 01:00:00,771.95,0.024
2024-11-18 01:30:00,771.99,0.02
2024-11-18 02:00:00,772.12,0.02
2024-11-18 02:30:00,772.35,0.015
2024-11-18 03:00:00,772.35,0.015
2024-11-18 03:30:00,772.49,0.01
2024-11-18 04:00:00,772.62,0.009
2024-11-18 04:30:00,772.72,0.006
2024-11-18 05:00:00,773.05,0.005
2024-11-18 05:30:00,772.81,0.002
2024-11-18 06:00:00,772.55,0.002
2024-11-18 06:30:00,772.56,0.001
2024-11-18 07:00:00,772.79,-0.002
2024-11-18 07:30:00,772.66,-0.004
2024-11-18 08:00:00,772.28,-0.004
2024-11-18 08:30:00,772.33,-0.008
2024-11-18 09:00:00,772.29,-0.006
2024-11-18 09:30:00,772.08,-0.01
2024-11-18 10:00:00,772.19,-0.011
2024-11-18 10:30:00,772.1,-0.012
2024-11-18 11:00:00,772.04,-0.013
2024-11-18 11:30:00,771.77,-0.015
2024-11-18 12:00:00,771.72,-0.014
2024-11-18 12:30:00,771.6,-0.015
2024-11-18 13:00:00,771.54,-0.016
2024-11-18 13:30:00,771.17,-0.017
2024-11-18 14:00:00,770.72,-0.016
2024-11-18 14:30:00,770.6,-0.016
2024-11-18 15:00:00,770.66,-0.017
2024-11-18 15:30:00,770.86,-0.018
2024-11-18 16:00:00,770.92,-0.019
2024-11-18 16:30:00,770.91,-0.015
2024-11-18 17:00:00,770.97,-0.016
2024-11-18 17:30:00,770.95,-0.011
2024-11-18 18:00:00,770.79,-0.006
2024-11-18 18:30:00,770.71,-0.001
2024-11-18 19:00:00,770.42,0.003
2024-11-18 19:30:00,770.2,0.009
2024-11-18 20:00:00,770.13,0.017
2024-11-18 20:30:00,770.08,0.025
2024-11-18 21:00:00,770.0,0.033
2024-11-18 21:30:00,769.97,0.041
2024-11-18 22:00:00,770.11,0.046
2024-11-18 22:30:00,770.08,0.05
2024-11-18 23:00:00,770.13,0.049
2024-11-18 23:30:00,770.05,0.044
2024-11-19 00:00:00,770.03,0.042
2024-11-19 00:30:00,770.17,0.035
2024-11-19 01:00:00,770.21,0.029
2024-11-19 01:30:00,770.21,0.023
2024-11-19 02:00:00,770.52,0.016
2024-11-19 02:30:00,770.7,0.011
2024-11-19 03:00:00,770.88,0.007
2024-11-19 03:30:00,771.18,0.001
2024-11-19 04:00:00,771.28,-0.002
2024-11-19 04:30:00,771.31,-0.006
2024-11-19 05:00:00,771.52,-0.011
2024-11-19 05:30:00,771.82,-0.016
2024-11-19 06:00:00,771.97,-0.016
2024-11-19 06:30:00,772.14,-0.02
2024-11-19 07:00:00,772.35,-0.022
2024-11-19 07:30:00,772.3,-0.024
2024-11-19 08:00:00,772.2,-0.023
2024-11-19 08:30:00,771.89,-0.024
2024-11-19 09:00:00,771.74,-0.026
2024-11-19 09:30:00,771.86,-0.027
2024-11-19 10:00:00,771.86,-0.026
2024-11-19 10:30:00,772.02,-0.026
2024-11-19 11:00:00,771.92,-0.025
2024-11-19 11:30:00,771.48,-0.026
2024-11-19 12:00:00,771.13,-0.025
2024-11-19 12:30:00,770.95,-0.024
2024-11-19 13:00:00,770.79,-0.026
2024-11-19 13:30:00,770.71,-0.024
2024-11-19 14:00:00,770.57,-0.022
2024-11-19 14:30:00,770.58,-0.023
2024-11-19 15:00:00,770.66,-0.022
2024-11-19 15:30:00,771.1,-0.022
2024-11-19 16:00:00,771.51,-0.021
2024-11-19 16:30:00,772.28,-0.021
2024-11-19 17:00:00,772.56,-0.02
2024-11-19 17:30:00,773.02,-0.016
2024-11-19 18:00:00,774.68,-0.017
2024-11-19 18:30:00,775.21,-0.017
2024-11-19 19:00:00,775.81,-0.012
2024-11-19 19:30:00,775.55,-0.006
2024-11-19 20:00:00,775.28,0.006
2024-11-19 20:30:00,774.24,0.027
2024-11-19 21:00:00,773.16,0.047
2024-11-19 21:30:00,772.61,0.061
2024-11-19 22:00:00,772.26,0.07
2024-11-19 22:30:00,772.08,0.074
2024-11-19 23:00:00,772.16,0.077
2024-11-19 23:30:00,772.26,0.076
2024-11-20 00:00:00,772.41,0.074
2024-11-20 00:30:00,772.56,0.071
2024-11-20 01:00:00,772.56,0.067
2024-11-20 01:30:00,772.69,0.06
2024-11-20 02:00:00,772.84,0.056
2024-11-20 02:30:00,773.03,0.048
2024-11-20 03:00:00,773.19,0.044
2024-11-20 03:30:00,773.21,0.035
2024-11-20 04:00:00,773.37,0.029
2024-11-20 04:30:00,773.73,0.025
2024-11-20 05:00:00,774.14,0.021
2024-11-20 05:30:00,774.33,0.016
2024-11-20 06:00:00,774.19,0.01
2024-11-20 06:30:00,774.25,0.009
2024-11-20 07:00:00,774.48,0.004
2024-11-20 07:30:00,774.48,0.002
2024-11-20 08:00:00,774.62,0.001
2024-11-20 08:30:00,774.6,-0.002
2024-11-20 09:00:00,774.89,-0.005
2024-11-20 09:30:00,774.95,-0.006
2024-11-20 10:00:00,774.91,-0.009
2024-11-20 10:30:00,774.87,-0.009
2024-11-20 11:00:00,775.06,-0.012
2024-11-20 11:30:00,775.27,-0.015
2024-11-20 12:00:00,775.38,-0.012
2024-11-20 12:30:00,775.4,-0.016
2024-11-20 13:00:00,775.72,-0.015
2024-11-20 13:30:00,775.77,-0.017
2024-11-20 14:00:00,775.99,-0.02
2024-11-20 14:30:00,776.06,-0.02
2024-11-20 15:00:00,776.15,-0.022
2024-11-20 15:30:00,776.37,-0.021
2024-11-20 16:00:00,776.68,-0.021
2024-11-20 16:30:00,776.73,-0.021
2024-11-20 17:00:00,776.82,-0.013
2024-11-20 17:30:00,776.88,-0.004
2024-11-20 18:00:00,776.93,0.005
2024-11-20 18:30:00,776.92,0.017
2024-11-20 19:00:00,776.55,0.027
2024-11-20 19:30:00,776.57,0.035
2024-11-20 20:00:00,776.25,0.044
2024-11-20 20:30:00,776.27,0.051
2024-11-20 21:00:00,776.33,0.06
2024-11-20 21:30:00,776.29,0.064
2024-11-20 22:00:00,776.22,0.07
2024-11-20 22:30:00,776.17,0.07
2024-11-20 23:00:00,776.15,0.068
2024-11-20 23:30:00,776.24,0.065
2024-11-21 00:00:00,776.22,0.06
2024-11-21 00:30:00,776.24,0.054
2024-11-21 01:00:00,776.36,0.044
2024-11-21 01:30:00,776.45,0.037
2024-11-21 02:00:00,776.5,0.029
2024-11-21 02:30:00,776.49,0.021
2024-11-21 03:00:00,776.66,0.015
2024-11-21 03:30:00,776.61,0.01
2024-11-21 04:00:00,776.71,0.006
2024-11-21 04:30:00,777.0,0.001
2024-11-21 05:00:00,777.2,-0.003
2024-11-21 05:30:00,777.31,-0.005
2024-11-21 06:00:00,777.59,-0.009
2024-11-21 06:30:00,777.75,-0.008
2024-11-21 07:00:00,777.9,-0.012
2024-11-21 07:30:00,777.86,-0.012
2024-11-21 08:00:00,777.79,-0.015
2024-11-21 08:30:00,777.87,-0.016
2024-11-21 09:00:00,777.73,-0.016
2024-11-21 09:30:00,777.73,-0.018
2024-11-21 10:00:00,777.71,-0.018
2024-11-21 10:30:00,777.76,-0.02
2024-11-21 11:00:00,777.8,-0.021
2024-11-21 11:30:00,777.59,-0.021
2024-11-21 12:00:00,777.53,-0.021
2024-11-21 12:30:00,777.5,-0.022
2024-11-21 13:00:00,777.42,-0.02
2024-11-21 13:30:00,777.47,-0.023
2024-11-21 14:00:00,777.57,-0.02
2024-11-21 14:30:00,777.59,-0.021
2024-11-21 15:00:00,777.69,-0.02
2024-11-21 15:30:00,777.6,-0.019
2024-11-21 16:00:00,777.71,-0.019
2024-11-21 16:30:00,777.82,-0.021
2024-11-21 17:00:00,777.9,-0.013
2024-11-21 17:30:00,778.05,-0.008
2024-11-21 18:00:00,778.12,-0.0
2024-11-21 18:30:00,778.09,0.01
2024-11-21 19:00:00,777.99,0.018
2024-11-21 19:30:00,777.85,0.03
2024-11-21 20:00:00,777.63,0.04
2024-11-21 20:30:00,777.49,0.053
2024-11-21 21:00:00,777.35,0.063
2024-11-21 21:30:00,777.26,0.068
2024-11-21 22:00:00,777.28,0.071
2024-11-21 22:30:00,777.26,0.07
2024-11-21 23:00:00,777.18,0.066
2024-11-21 23:30:00,777.11,0.059
2024-11-22 00:00:00,777.17,0.054
2024-11-22 00:30:00,777.18,0.046
2024-11-22 01:00:00,777.32,0.039
2024-11-22 01:30:00,777.48,0.033
2024-11-22 02:00:00,777.44,0.024
2024-11-22 02:30:00,777.32,0.017
2024-11-22 03:00:00,777.66,0.012
2024-11-22 03:30:00,777.45,0.006
2024-11-22 04:00:00,777.52,0.002
2024-11-22 04:30:00,777.54,-0.001
2024-11-22 05:00:00,777.63,-0.004
2024-11-22 05:30:00,777.55,-0.008
2024-11-22 06:00:00,777.53,-0.009
2024-11-22 06:30:00,777.52,-0.012
2024-11-22 07:00:00,777.47,-0.013
2024-11-22 07:30:00,777.49,-0.015
2024-11-22 08:00:00,777.56,-0.017
2024-11-22 08:30:00,777.51,-0.018
2024-11-22 09:00:00,777.29,-0.018
2024-11-22 09:30:00,777.04,-0.019
2024-11-22 10:00:00,776.94,-0.018
2024-11-22 10:30:00,776.9,-0.022
2024-11-22 11:00:00,776.78,-0.021
2024-11-22 11:30:00,776.67,-0.022
2024-11-22 12:00:00,776.55,-0.022
2024-11-22 12:30:00,776.39,-0.023
2024-11-22 13:00:00,776.34,-0.021
2024-11-22 13:30:00,776.25,-0.021
2024-11-22 14:00:00,776.17,-0.024
2024-11-22 14:30:00,776.21,-0.022
2024-11-22 15:00:00,776.22,-0.022
2024-11-22 15:30:00,776.34,-0.021
2024-11-22 16:00:00,776.32,-0.018
2024-11-22 16:30:00,776.27,-0.016
2024-11-22 17:00:00,776.16,-0.01
2024-11-22 17:30:00,775.96,-0.003
2024-11-22 18:00:00,775.79,0.008
2024-11-22 18:30:00,775.63,0.015
2024-11-22 19:00:00,775.14,0.026
2024-11-22 19:30:00,774.84,0.04
2024-11-22 20:00:00,774.83,0.049
2024-11-22 20:30:00,774.72,0.063
2024-11-22 21:00:00,774.53,0.073
2024-11-22 21:30:00,774.86,0.081
2024-11-22 22:00:00,775.1,0.084
2024-11-22 22:30:00,774.87,0.085
2024-11-22 23:00:00,774.64,0.077
2024-11-22 23:30:00,774.74,0.07
2024-11-23 00:00:00,774.5,0.062
2024-11-23 00:30:00,774.34,0.053
2024-11-23 01:00:00,774.12,0.043
2024-11-23 01:30:00,774.01,0.034
2024-11-23 02:00:00,773.86,0.024
2024-11-23 02:30:00,774.07,0.019
2024-11-23 03:00:00,773.89,0.013
2024-11-23 03:30:00,773.57,0.01
2024-11-23 04:00:00,773.58,0.006
2024-11-23 04:30:00,773.93,0.003
2024-11-23 05:00:00,773.76,-0.001
2024-11-23 05:30:00,773.45,-0.002
2024-11-23 06:00:00,773.09,-0.004
2024-11-23 06:30:00,772.66,-0.006
2024-11-23 07:00:00,772.47,-0.009
2024-11-23 07:30:00,771.72,-0.009
2024-11-23 08:00:00,771.43,-0.01
2024-11-23 08:30:00,771.2,-0.013
2024-11-23 09:00:00,771.46,-0.015
2024-11-23 09:30:00,771.7,-0.018
2024-11-23 10:00:00,771.63,-0.023
2024-11-23 10:30:00,772.14,-0.026
2024-11-23 11:00:00,772.52,-0.03
2024-11-23 11:30:00,772.76,-0.034
2024-11-23 12:00:00,773.0,-0.034
2024-11-23 12:30:00,773.16,-0.036
2024-11-23 13:00:00,773.14,-0.035
2024-11-23 13:30:00,773.01,-0.033
2024-11-23 14:00:00,772.64,-0.032
2024-11-23 14:30:00,772.22,-0.031
2024-11-23 15:00:00,772.44,-0.029
2024-11-23 15:30:00,772.48,-0.026
2024-11-23 16:00:00,771.93,-0.025
2024-11-23 16:30:00,770.96,-0.022
2024-11-23 17:00:00,770.45,-0.02
2024-11-23 17:30:00,770.2,-0.017
2024-11-23 18:00:00,769.6,-0.011
2024-11-23 18:30:00,769.45,-0.009
2024-11-23 19:00:00,769.16,-0.006
2024-11-23 19:30:00,767.84,-0.004
2024-11-23 20:00:00,767.06,0.0
2024-11-23 20:30:00,766.88,0.004
2024-11-23 21:00:00,766.57,0.007
2024-11-23 21:30:00,766.33,0.011
2024-11-23 22:00:00,766.09,0.012
2024-11-23 22:30:00,766.15,0.013
2024-11-23 23:00:00,766.07,0.016
2024-11-23 23:30:00,766.14,0.018
2024-11-24 00:00:00,766.01,0.019
2024-11-24 00:30:00,766.08,0.019
2024-11-24 01:00:00,766.12,0.019
2024-11-24 01:30:00,766.22,0.02
2024-11-24 02:00:00,766.88,0.017
2024-11-24 02:30:00,767.23,0.016
2024-11-24 03:00:00,767.59,0.012
2024-11-24 03:30:00,767.66,0.01
2024-11-24 04:00:00,767.83,0.006
2024-11-24 04:30:00,767.92,0.004
2024-11-24 05:00:00,768.22,0.002
2024-11-24 05:30:00,768.15,-0.001
2024-11-24 06:00:00,768.02,-0.002
2024-11-24 06:30:00,767.93,-0.003
2024-11-24 07:00:00,767.91,-0.003
2024-11-24 07:30:00,767.89,-0.007
2024-11-24 08:00:00,767.91,-0.008
2024-11-24 08:30:00,767.74,-0.008
2024-11-24 09:00:00,767.73,-0.009
2024-11-24 09:30:00,767.75,-0.011
2024-11-24 10:00:00,767.72,-0.011
2024-11-24 10:30:00,768.16,-0.014
2024-11-24 11:00:00,769.03,-0.017
2024-11-24 11:30:00,770.07,-0.021
2024-11-24 12:00:00,771.95,-0.026
2024-11-24 12:30:00,772.74,-0.031
2024-11-24 13:00:00,773.47,-0.036
2024-11-24 13:30:00,774.09,-0.04
2024-11-24 14:00:00,774.78,-0.044
2024-11-24 14:30:00,775.49,-0.045
2024-11-24 15:00:00,776.15,-0.049
2024-11-24 15:30:00,776.51,-0.05
2024-11-24 16:00:00,776.73,-0.05
2024-11-24 16:30:00,776.71,-0.049
2024-11-24 17:00:00,776.54,-0.048
2024-11-24 17:30:00,776.1,-0.045
2024-11-24 18:00:00,775.56,-0.043
2024-11-24 18:30:00,775.05,-0.041
2024-11-24 19:00:00,774.46,-0.037
2024-11-24 19:30:00,773.71,-0.035
2024-11-24 20:00:00,773.29,-0.033
2024-11-24 20:30:00,773.12,-0.031
2024-11-24 21:00:00,773.03,-0.031
2024-11-24 21:30:00,772.97,-0.03
2024-11-24 22:00:00,772.97,-0.032
2024-11-24 22:30:00,773.07,-0.033
2024-11-24 23:00:00,773.27,-0.034
2024-11-24 23:30:00,773.33,-0.034
2024-11-25 00:00:00,773.38,-0.035
2024-11-25 00:30:00,773.39,-0.039
2024-11-25 01:00:00,773.58,-0.042
2024-11-25 01:30:00,773.9,-0.041
2024-11-25 02:00:00,774.02,-0.045
2024-11-25 02:30:00,774.21,-0.047
2024-11-25 03:00:00,774.51,-0.049
2024-11-25 03:30:00,774.81,-0.047
2024-11-25 04:00:00,774.97,-0.049
2024-11-25 04:30:00,775.23,-0.052
2024-11-25 05:00:00,775.36,-0.05
2024-11-25 05:30:00,775.41,-0.052
2024-11-25 06:00:00,775.44,-0.051
2024-11-25 06:30:00,775.65,-0.053
2024-11-25 07:00:00,775.54,-0.054
2024-11-25 07:30:00,775.64,-0.054
2024-11-25 08:00:00,775.67,-0.054
2024-11-25 08:30:00,775.61,-0.056
2024-11-25 09:00:00,775.58,-0.057
2024-11-25 09:30:00,775.36,-0.056
2024-11-25 10:00:00,775.85,-0.056
2024-11-25 10:30:00,775.76,-0.056
2024-11-25 11:00:00,775.13,-0.057
2024-11-25 11:30:00,775.89,-0.056
2024-11-25 12:00:00,775.14,-0.058
2024-11-25 12:30:00,775.01,-0.056
2024-11-25 13:00:00,774.64,-0.057
2024-11-25 13:30:00,773.98,-0.054
2024-11-25 14:00:00,774.08,-0.056
2024-11-25 14:30:00,773.96,-0.055
2024-11-25 15:00:00,774.14,-0.054
2024-11-25 15:30:00,773.93,-0.054
2024-11-25 16:00:00,774.44,-0.054
2024-11-25 16:30:00,774.16,-0.054
2024-11-25 17:00:00,773.99,-0.056
2024-11-25 17:30:00,774.17,-0.055
2024-11-25 18:00:00,774.41,-0.055
2024-11-25 18:30:00,774.33,-0.055
2024-11-25 19:00:00,774.58,-0.053
2024-11-25 19:30:00,774.1,-0.053
2024-11-25 20:00:00,773.74,-0.053
2024-11-25 20:30:00,773.73,-0.053
2024-11-25 21:00:00,773.54,-0.052
2024-11-25 21:30:00,773.59,-0.053
2024-11-25 22:00:00,773.74,-0.051
2024-11-25 22:30:00,773.62,-0.054
2024-11-25 23:00:00,773.71,-0.052
2024-11-25 23:30:00,773.96,-0.052
2024-11-26 00:00:00,773.92,-0.054
2024-11-26 00:30:00,774.32,-0.053
2024-11-26 01:00:00,773.99,-0.053
2024-11-26 01:30:00,774.11,-0.053
2024-11-26 02:00:00,774.18,-0.054
2024-11-26 02:30:00,774.19,-0.054
2024-11-26 03:00:00,774.53,-0.053
2024-11-26 03:30:00,774.39,-0.055
2024-11-26 04:00:00,774.49,-0.054
2024-11-26 04:30:00,774.77,-0.054
2024-11-26 05:00:00,774.61,-0.054
2024-11-26 05:30:00,774.94,-0.056
2024-11-26 06:00:00,774.57,-0.056
2024-11-26 06:30:00,774.34,-0.055
2024-11-26 07:00:00,774.34,-0.058
2024-11-26 07:30:00,773.99,-0.058
2024-11-26 08:00:00,774.01,-0.059
2024-11-26 08:30:00,773.61,-0.058
2024-11-26 09:00:00,773.38,-0.058
2024-11-26 09:30:00,773.3,-0.061
2024-11-26 10:00:00,773.23,-0.061
2024-11-26 10:30:00,773.13,-0.061
2024-11-26 11:00:00,773.23,-0.062
2024-11-26 11:30:00,773.2,-0.063
2024-11-26 12:00:00,773.33,-0.062
2024-11-26 12:30:00,773.28,-0.061
2024-11-26 13:00:00,773.38,-0.063
2024-11-26 13:30:00,773.32,-0.062
2024-11-26 14:00:00,773.58,-0.063
2024-11-26 14:30:00,773.85,-0.06
2024-11-26 15:00:00,774.06,-0.062
2024-11-26 15:30:00,774.4,-0.063
2024-11-26 16:00:00,774.38,-0.061
2024-11-26 16:30:00,774.67,-0.062
2024-11-26 17:00:00,774.61,-0.063
2024-11-26 17:30:00,774.94,-0.062
2024-11-26 18:00:00,774.94,-0.063
2024-11-26 18:30:00,775.09,-0.064
2024-11-26 19:00:00,774.8,-0.062
2024-11-26 19:30:00,774.4,-0.062
2024-11-26 20:00:00,774.4,-0.061
2024-11-26 20:30:00,774.01,-0.061
2024-11-26 21:00:00,774.15,-0.06
2024-11-26 21:30:00,773.86,-0.061
2024-11-26 22:00:00,773.9,-0.059
2024-11-26 22:30:00,773.75,-0.058
2024-11-26 23:00:00,773.62,-0.059
2024-11-26 23:30:00,773.64,-0.06
2024-11-27 00:00:00,773.93,-0.058
2024-11-27 00:30:00,773.89,-0.06
2024-11-27 01:00:00,774.0,-0.06
2024-11-27 01:30:00,774.17,-0.058
2024-11-27 02:00:00,774.4,-0.06
2024-11-27 02:30:00,774.48,-0.06
2024-11-27 03:00:00,774.62,-0.062
2024-11-27 03:30:00,774.86,-0.059
2024-11-27 04:00:00,775.04,-0.061
2024-11-27 04:30:00,775.24,-0.061
2024-11-27 05:00:00,775.29,-0.062
2024-11-27 05:30:00,775.31,-0.061
2024-11-27 06:00:00,775.56,-0.063
2024-11-27 06:30:00,775.63,-0.061
2024-11-27 07:00:00,775.66,-0.063
2024-11-27 07:30:00,775.87,-0.063
2024-11-27 08:00:00,776.04,-0.063
2024-11-27 08:30:00,775.85,-0.062
2024-11-27 09:00:00,775.77,-0.063
2024-11-27 09:30:00,775.63,-0.066
2024-11-27 10:00:00,775.6,-0.064
2024-11-27 10:30:00,775.52,-0.066
2024-11-27 11:00:00,775.53,-0.066
2024-11-27 11:30:00,775.39,-0.065
2024-11-27 12:00:00,775.36,-0.065
2024-11-27 12:30:00,775.36,-0.065
2024-11-27 13:00:00,775.7,-0.065
2024-11-27 13:30:00,775.72,-0.066
2024-11-27 14:00:00,775.79,-0.065
2024-11-27 14:30:00,775.87,-0.066
2024-11-27 15:00:00,776.12,-0.066
2024-11-27 15:30:00,776.02,-0.067
2024-11-27 16:00:00,776.4,-0.068
2024-11-27 16:30:00,776.45,-0.069
2024-11-27 17:00:00,776.65,-0.069
2024-11-27 17:30:00,776.83,-0.069
2024-11-27 18:00:00,776.87,-0.07
2024-11-27 18:30:00,776.81,-0.07
2024-11-27 19:00:00,776.7,-0.069
2024-11-27 19:30:00,776.57,-0.068
2024-11-27 20:00:00,776.53,-0.069
2024-11-27 20:30:00,776.44,-0.07
2024-11-27 21:00:00,776.53,-0.07
2024-11-27 21:30:00,776.63,-0.072
2024-11-27 22:00:00,776.74,-0.072
2024-11-27 22:30:00,776.92,-0.073
2024-11-27 23:00:00,777.26,-0.074
2024-11-27 23:30:00,777.48,-0.075
2024-11-28 00:00:00,777.77,-0.073
2024-11-28 00:30:00,778.06,-0.077
2024-11-28 01:00:00,778.57,-0.077
2024-11-28 01:30:00,778.95,-0.078
2024-11-28 02:00:00,779.31,-0.078
2024-11-28 02:30:00,779.83,-0.082
2024-11-28 03:00:00,780.43,-0.081
2024-11-28 03:30:00,780.97,-0.083
2024-11-28 04:00:00,781.43,-0.083
2024-11-28 04:30:00,781.89,-0.085
2024-11-28 05:00:00,782.38,-0.086
2024-11-28 05:30:00,782.8,-0.085
2024-11-28 06:00:00,783.09,-0.087
2024-11-28 06:30:00,783.45,-0.086
2024-11-28 07:00:00,783.84,-0.087
2024-11-28 07:30:00,784.19,-0.088
2024-11-28 08:00:00,784.27,-0.091
2024-11-28 08:30:00,784.22,-0.09
2024-11-28 09:00:00,784.17,-0.09
2024-11-28 09:30:00,784.27,-0.09
2024-11-28 10:00:00,784.33,-0.089
2024-11-28 10:30:00,784.29,-0.09
2024-11-28 11:00:00,784.28,-0.091
2024-11-28 11:30:00,784.31,-0.091
2024-11-28 12:00:00,784.25,-0.09
2024-11-28 12:30:00,784.29,-0.089
2024-11-28 13:00:00,784.27,-0.09
2024-11-28 13:30:00,784.33,-0.09
2024-11-28 14:00:00,784.44,-0.089
2024-11-28 14:30:00,784.52,-0.09
2024-11-28 15:00:00,784.66,-0.09
2024-11-28 15:30:00,784.8,-0.088
2024-11-28 16:00:00,784.97,-0.089
2024-11-28 16:30:00,785.1,-0.09
2024-11-28 17:00:00,785.05,-0.089
2024-11-28 17:30:00,784.97,-0.089
2024-11-28 18:00:00,784.57,-0.087
2024-11-28 18:30:00,784.64,-0.088
2024-11-28 19:00:00,784.53,-0.087
2024-11-28 19:30:00,784.46,-0.088
2024-11-28 20:00:00,784.39,-0.086
2024-11-28 20:30:00,784.28,-0.088
2024-11-28 21:00:00,784.25,-0.087
2024-11-28 21:30:00,783.76,-0.086
2024-11-28 22:00:00,783.92,-0.088
2024-11-28 22:30:00,783.95,-0.085
2024-11-28 23:00:00,783.91,-0.087
2024-11-28 23:30:00,783.91,-0.087
2024-11-29 00:00:00,783.85,-0.088
2024-11-29 00:30:00,783.9,-0.086
2024-11-29 01:00:00,783.91,-0.088
2024-11-29 01:30:00,783.93,-0.088
2024-11-29 02:00:00,783.95,-0.087
2024-11-29 02:30:00,783.71,-0.089
2024-11-29 03:00:00,784.05,-0.087
2024-11-29 03:30:00,784.22,-0.089
2024-11-29 04:00:00,784.42,-0.086
2024-11-29 04:30:00,784.55,-0.088
2024-11-29 05:00:00,784.76,-0.087
2024-11-29 05:30:00,784.56,-0.089
2024-11-29 06:00:00,784.35,-0.087
2024-11-29 06:30:00,784.36,-0.086
2024-11-29 07:00:00,784.56,-0.087
2024-11-29 07:30:00,784.5,-0.087
2024-11-29 08:00:00,784.34,-0.089
2024-11-29 08:30:00,784.18,-0.088
2024-11-29 09:00:00,784.06,-0.085
2024-11-29 09:30:00,783.86,-0.086
2024-11-29 10:00:00,783.73,-0.086
2024-11-29 10:30:00,783.62,-0.086
2024-11-29 11:00:00,783.53,-0.083
2024-11-29 11:30:00,783.41,-0.084
2024-11-29 12:00:00,783.22,-0.085
2024-11-29 12:30:00,783.17,-0.086
2024-11-29 13:00:00,783.03,-0.084
2024-11-29 13:30:00,783.09,-0.085
2024-11-29 14:00:00,783.08,-0.086
2024-11-29 14:30:00,783.03,-0.085
2024-11-29 15:00:00,783.0,-0.086
2024-11-29 15:30:00,783.02,-0.084
2024-11-29 16:00:00,782.95,-0.084
2024-11-29 16:30:00,782.95,-0.084
2024-11-29 17:00:00,782.85,-0.085
2024-11-29 17:30:00,782.78,-0.082
2024-11-29 18:00:00,782.66,-0.084
2024-11-29 18:30:00,782.53,-0.081
2024-11-29 19:00:00,782.31,-0.083
2024-11-29 19:30:00,782.11,-0.079
2024-11-29 20:00:00,781.9,-0.08
2024-11-29 20:30:00,781.59,-0.08
2024-11-29 21:00:00,781.33,-0.08
2024-11-29 21:30:00,781.16,-0.081
2024-11-29 22:00:00,780.96,-0.081
2024-11-29 22:30:00,780.82,-0.08
2024-11-29 23:00:00,780.75,-0.082
2024-11-29 23:30:00,780.72,-0.083
2024-11-30 00:00:00,780.7,-0.081
2024-11-30 00:30:00,780.84,-0.082
2024-11-30 01:00:00,780.97,-0.081
2024-11-30 01:30:00,781.08,-0.083
2024-11-30 02:00:00,781.18,-0.084
2024-11-30 02:30:00,781.27,-0.084
2024-11-30 03:00:00,781.51,-0.085
2024-11-30 03:30:00,781.56,-0.084
2024-11-30 04:00:00,781.7,-0.082
2024-11-30 04:30:00,781.68,-0.083
2024-11-30 05:00:00,781.79,-0.085
2024-11-30 05:30:00,781.84,-0.085
2024-11-30 06:00:00,781.93,-0.084
2024-11-30 06:30:00,782.03,-0.086
2024-11-30 07:00:00,782.21,-0.085
2024-11-30 07:30:00,782.28,-0.087
2024-11-30 08:00:00,782.34,-0.084
2024-11-30 08:30:00,782.29,-0.087
2024-11-30 09:00:00,782.21,-0.085
2024-11-30 09:30:00,782.12,-0.085
2024-11-30 10:00:00,782.18,-0.086
2024-11-30 10:30:00,782.24,-0.084
2024-11-30 11:00:00,782.13,-0.086
2024-11-30 11:30:00,782.07,-0.086
2024-11-30 12:00:00,781.97,-0.085
2024-11-30 12:30:00,781.88,-0.087
2024-11-30 13:00:00,781.84,-0.085
2024-11-30 13:30:00,781.86,-0.087
2024-11-30 14:00:00,781.95,-0.086
2024-11-30 14:30:00,781.99,-0.087
2024-11-30 15:00:00,782.05,-0.086
2024-11-30 15:30:00,782.13,-0.084
2024-11-30 16:00:00,782.18,-0.085
2024-11-30 16:30:00,782.27,-0.084
2024-11-30 17:00:00,782.23,-0.087
2024-11-30 17:30:00,782.21,-0.086
2024-11-30 18:00:00,782.23,-0.087
2024-11-30 18:30:00,782.14,-0.087
2024-11-30 19:00:00,782.01,-0.085
2024-11-30 19:30:00,781.8,-0.087
2024-11-30 20:00:00,781.52,-0.083
2024-11-30 20:30:00,781.39,-0.084
2024-11-30 21:00:00,781.24,-0.084
2024-11-30 21:30:00,781.11,-0.084
2024-11-30 22:00:00,780.96,-0.084
2024-11-30 22:30:00,780.91,-0.084
2024-11-30 23:00:00,780.92,-0.085
2024-11-30 23:30:00,780.95,-0.085
2024-12-01 00:00:00,780.91,-0.082
2024-12-01 00:30:00,781.16,-0.085
2024-12-01 01:00:00,781.4,-0.084
2024-12-01 01:30:00,781.51,-0.085
2024-12-01 02:00:00,781.58,-0.087
2024-12-01 02:30:00,781.73,-0.085
2024-12-01 03:00:00,781.91,-0.086
2024-12-01 03:30:00,781.95,-0.087
2024-12-01 04:00:00,781.97,-0.087
2024-12-01 04:30:00,782.05,-0.088
2024-12-01 05:00:00,782.27,-0.087
2024-12-01 05:30:00,782.38,-0.09
2024-12-01 06:00:00,782.27,-0.088
2024-12-01 06:30:00,782.34,-0.089
2024-12-01 07:00:00,782.49,-0.089
2024-12-01 07:30:00,782.57,-0.089
2024-12-01 08:00:00,782.6,-0.09
2024-12-01 08:30:00,782.54,-0.089
2024-12-01 09:00:00,782.5,-0.089
2024-12-01 09:30:00,782.47,-0.087
2024-12-01 10:00:00,782.39,-0.09
2024-12-01 10:30:00,782.35,-0.088
2024-12-01 11:00:00,782.23,-0.089
2024-12-01 11:30:00,782.04,-0.089
2024-12-01 12:00:00,781.93,-0.088
2024-12-01 12:30:00,781.85,-0.087
2024-12-01 13:00:00,781.83,-0.088
2024-12-01 13:30:00,781.85,-0.089
2024-12-01 14:00:00,781.97,-0.089
2024-12-01 14:30:00,782.04,-0.089
2024-12-01 15:00:00,782.11,-0.089
2024-12-01 15:30:00,782.18,-0.09
2024-12-01 16:00:00,782.25,-0.089
2024-12-01 16:30:00,782.4,-0.089
2024-12-01 17:00:00,782.57,-0.089
2024-12-01 17:30:00,782.57,-0.089
2024-12-01 18:00:00,782.63,-0.089
2024-12-01 18:30:00,782.55,-0.088
2024-12-01 19:00:00,782.36,-0.086
2024-12-01 19:30:00,782.17,-0.085
2024-12-01 20:00:00,782.0,-0.084
2024-12-01 20:30:00,781.87,-0.086
2024-12-01 21:00:00,781.62,-0.084
2024-12-01 21:30:00,781.57,-0.084
2024-12-01 22:00:00,781.59,-0.085
2024-12-01 22:30:00,781.61,-0.086
2024-12-01 23:00:00,781.61,-0.086
2024-12-01 23:30:00,781.65,-0.087
2024-12-02 00:00:00,781.58,-0.087
2024-12-02 00:30:00,781.54,-0.089
2024-12-02 01:00:00,781.52,-0.087
2024-12-02 01:30:00,781.53,-0.088
2024-12-02 02:00:00,781.71,-0.089
2024-12-02 02:30:00,781.82,-0.09
2024-12-02 03:00:00,781.89,-0.089
2024-12-02 03:30:00,781.99,-0.089
2024-12-02 04:00:00,782.05,-0.087
2024-12-02 04:30:00,782.1,-0.09
2024-12-02 05:00:00,782.09,-0.09
2024-12-02 05:30:00,782.08,-0.09
2024-12-02 06:00:00,782.12,-0.089
2024-12-02 06:30:00,782.2,-0.089
2024-12-02 07:00:00,782.27,-0.09
2024-12-02 07:30:00,782.33,-0.091
2024-12-02 08:00:00,782.22,-0.09
2024-12-02 08:30:00,782.14,-0.089
2024-12-02 09:00:00,782.13,-0.09
2024-12-02 09:30:00,782.11,-0.091
2024-12-02 10:00:00,782.08,-0.09
2024-12-02 10:30:00,782.14,-0.09
2024-12-02 11:00:00,782.03,-0.092
2024-12-02 11:30:00,781.81,-0.091
2024-12-02 12:00:00,781.8,-0.091
2024-12-02 12:30:00,781.71,-0.09
2024-12-02 13:00:00,781.73,-0.09
2024-12-02 13:30:00,781.73,-0.09
2024-12-02 14:00:00,781.81,-0.09
2024-12-02 14:30:00,781.9,-0.092
2024-12-02 15:00:00,782.11,-0.089
2024-12-02 15:30:00,782.16,-0.089
2024-12-02 16:00:00,782.24,-0.09
2024-12-02 16:30:00,782.37,-0.09
2024-12-02 17:00:00,782.38,-0.091
2024-12-02 17:30:00,782.32,-0.09
2024-12-02 18:00:00,782.16,-0.089
2024-12-02 18:30:00,782.03,-0.089
2024-12-02 19:00:00,781.69,-0.087
2024-12-02 19:30:00,781.36,-0.087
2024-12-02 20:00:00,780.97,-0.086
2024-12-02 20:30:00,780.72,-0.084
2024-12-02 21:00:00,780.56,-0.085
2024-12-02 21:30:00,780.37,-0.085
2024-12-02 22:00:00,780.25,-0.084
2024-12-02 22:30:00,780.26,-0.085
2024-12-02 23:00:00,780.33,-0.086
2024-12-02 23:30:00,780.46,-0.086
2024-12-03 00:00:00,780.62,-0.088
2024-12-03 00:30:00,780.74,-0.088
2024-12-03 01:00:00,780.84,-0.088
2024-12-03 01:30:00,781.09,-0.087
2024-12-03 02:00:00,781.2,-0.088
2024-12-03 02:30:00,781.18,-0.09
2024-12-03 03:00:00,781.27,-0.091
2024-12-03 03:30:00,781.28,-0.09
2024-12-03 04:00:00,781.25,-0.088
2024-12-03 04:30:00,781.27,-0.09
2024-12-03 05:00:00,781.38,-0.09
2024-12-03 05:30:00,781.42,-0.091
2024-12-03 06:00:00,781.39,-0.091
2024-12-03 06:30:00,781.41,-0.091
2024-12-03 07:00:00,781.28,-0.091
2024-12-03 07:30:00,781.3,-0.091
2024-12-03 08:00:00,781.22,-0.09
2024-12-03 08:30:00,781.06,-0.091
2024-12-03 09:00:00,780.94,-0.093
2024-12-03 09:30:00,780.83,-0.092
2024-12-03 10:00:00,780.84,-0.093
2024-12-03 10:30:00,780.84,-0.091
2024-12-03 11:00:00,780.71,-0.093
2024-12-03 11:30:00,780.54,-0.092
2024-12-03 12:00:00,780.47,-0.092
2024-12-03 12:30:00,780.41,-0.092
2024-12-03 13:00:00,780.39,-0.092
2024-12-03 13:30:00,780.34,-0.093
2024-12-03 14:00:00,780.41,-0.092
2024-12-03 14:30:00,780.45,-0.093
2024-12-03 15:00:00,780.56,-0.091
2024-12-03 15:30:00,780.71,-0.092
2024-12-03 16:00:00,780.84,-0.092
2024-12-03 16:30:00,781.0,-0.093
2024-12-03 17:00:00,781.02,-0.092
2024-12-03 17:30:00,780.97,-0.092
2024-12-03 18:00:00,780.88,-0.092
2024-12-03 18:30:00,780.78,-0.091
2024-12-03 19:00:00,780.54,-0.091
2024-12-03 19:30:00,780.18,-0.088
2024-12-03 20:00:00,779.86,-0.086
2024-12-03 20:30:00,779.61,-0.088
2024-12-03 21:00:00,779.47,-0.086
2024-12-03 21:30:00,779.38,-0.086
2024-12-03 22:00:00,779.39,-0.085
2024-12-03 22:30:00,779.36,-0.087
2024-12-03 23:00:00,779.47,-0.087
2024-12-03 23:30:00,779.62,-0.086
2024-12-04 00:00:00,779.7,-0.087
2024-12-04 00:30:00,779.91,-0.089
2024-12-04 01:00:00,780.08,-0.09
2024-12-04 01:30:00,780.28,-0.088
2024-12-04 02:00:00,780.44,-0.089
2024-12-04 02:30:00,780.62,-0.093
2024-12-04 03:00:00,780.78,-0.09
2024-12-04 03:30:00,780.96,-0.09
2024-12-04 04:00:00,781.09,-0.092
2024-12-04 04:30:00,781.24,-0.092
2024-12-04 05:00:00,781.34,-0.093
2024-12-04 05:30:00,781.38,-0.093
2024-12-04 06:00:00,781.51,-0.094
2024-12-04 06:30:00,781.72,-0.094
2024-12-04 07:00:00,781.91,-0.093
2024-12-04 07:30:00,782.01,-0.092
2024-12-04 08:00:00,782.03,-0.096
2024-12-04 08:30:00,781.98,-0.095
2024-12-04 09:00:00,782.04,-0.094
2024-12-04 09:30:00,782.0,-0.094
2024-12-04 10:00:00,782.01,-0.094
2024-12-04 10:30:00,782.02,-0.094
2024-12-04 11:00:00,782.09,-0.095
2024-12-04 11:30:00,782.04,-0.096
2024-12-04 12:00:00,781.92,-0.096
2024-12-04 12:30:00,781.93,-0.096
2024-12-04 13:00:00,781.93,-0.094
2024-12-04 13:30:00,782.0,-0.094
2024-12-04 14:00:00,782.02,-0.095
2024-12-04 14:30:00,782.1,-0.095
2024-12-04 15:00:00,782.26,-0.097
2024-12-04 15:30:00,782.35,-0.093
2024-12-04 16:00:00,782.44,-0.096
2024-12-04 16:30:00,782.6,-0.094
2024-12-04 17:00:00,782.62,-0.095
2024-12-04 17:30:00,782.58,-0.096
2024-12-04 18:00:00,782.57,-0.093
2024-12-04 18:30:00,782.48,-0.092
2024-12-04 19:00:00,782.32,-0.09
2024-12-04 19:30:00,782.01,-0.091
2024-12-04 20:00:00,781.7,-0.09
2024-12-04 20:30:00,781.5,-0.089
2024-12-04 21:00:00,781.27,-0.088
2024-12-04 21:30:00,781.18,-0.088
2024-12-04 22:00:00,781.07,-0.087
2024-12-04 22:30:00,781.06,-0.09
2024-12-04 23:00:00,781.12,-0.087
2024-12-04 23:30:00,781.3,-0.088
2024-12-05 00:00:00,781.37,-0.089
2024-12-05 00:30:00,781.52,-0.09
2024-12-05 01:00:00,781.64,-0.09
2024-12-05 01:30:00,781.82,-0.091
2024-12-05 02:00:00,781.96,-0.092
2024-12-05 02:30:00,782.08,-0.093
2024-12-05 03:00:00,782.17,-0.09
2024-12-05 03:30:00,782.18,-0.092
2024-12-05 04:00:00,782.3,-0.091
2024-12-05 04:30:00,782.35,-0.093
2024-12-05 05:00:00,782.4,-0.094
2024-12-05 05:30:00,782.5,-0.094
2024-12-05 06:00:00,782.51,-0.093
2024-12-05 06:30:00,782.48,-0.095
2024-12-05 07:00:00,782.52,-0.097
2024-12-05 07:30:00,782.58,-0.095
2024-12-05 08:00:00,782.53,-0.095
2024-12-05 08:30:00,782.43,-0.096
2024-12-05 09:00:00,782.25,-0.095
2024-12-05 09:30:00,782.15,-0.096
2024-12-05 10:00:00,782.27,-0.098
2024-12-05 10:30:00,782.4,-0.096
2024-12-05 11:00:00,782.49,-0.097
2024-12-05 11:30:00,782.42,-0.097
2024-12-05 12:00:00,782.31,-0.097
2024-12-05 12:30:00,782.3,-0.097
2024-12-05 13:00:00,782.22,-0.097
2024-12-05 13:30:00,782.12,-0.096
2024-12-05 14:00:00,782.11,-0.095
2024-12-05 14:30:00,782.12,-0.096
2024-12-05 15:00:00,782.04,-0.096
2024-12-05 15:30:00,782.0,-0.098
2024-12-05 16:00:00,782.08,-0.095
2024-12-05 16:30:00,782.08,-0.098
2024-12-05 17:00:00,782.11,-0.096
2024-12-05 17:30:00,782.11,-0.096
2024-12-05 18:00:00,782.09,-0.094
2024-12-05 18:30:00,781.93,-0.094
2024-12-05 19:00:00,781.65,-0.094
2024-12-05 19:30:00,781.31,-0.093
2024-12-05 20:00:00,780.96,-0.091
2024-12-05 20:30:00,780.57,-0.089
2024-12-05 21:00:00,780.28,-0.089
2024-12-05 21:30:00,780.03,-0.089
2024-12-05 22:00:00,779.79,-0.09
2024-12-05 22:30:00,779.61,-0.089
2024-12-05 23:00:00,779.49,-0.089
2024-12-05 23:30:00,779.54,-0.089
2024-12-06 00:00:00,779.63,-0.091
2024-12-06 00:30:00,779.77,-0.092
2024-12-06 01:00:00,779.96,-0.092
2024-12-06 01:30:00,780.21,-0.092
2024-12-06 02:00:00,780.45,-0.091
2024-12-06 02:30:00,780.62,-0.094
2024-12-06 03:00:00,780.73,-0.094
2024-12-06 03:30:00,780.84,-0.093
2024-12-06 04:00:00,780.84,-0.094
2024-12-06 04:30:00,780.77,-0.094
2024-12-06 05:00:00,781.01,-0.094
2024-12-06 05:30:00,781.17,-0.095
2024-12-06 06:00:00,781.27,-0.096
2024-12-06 06:30:00,781.42,-0.097
2024-12-06 07:00:00,781.59,-0.096
2024-12-06 07:30:00,781.82,-0.096
2024-12-06 08:00:00,781.97,-0.095
2024-12-06 08:30:00,782.1,-0.097
2024-12-06 09:00:00,782.16,-0.098
2024-12-06 09:30:00,781.94,-0.096
2024-12-06 10:00:00,781.86,-0.097
2024-12-06 10:30:00,781.71,-0.097
2024-12-06 11:00:00,781.52,-0.096
2024-12-06 11:30:00,781.32,-0.097
2024-12-06 12:00:00,781.22,-0.098
2024-12-06 12:30:00,781.19,-0.099
2024-12-06 13:00:00,781.04,-0.098
2024-12-06 13:30:00,781.14,-0.098
2024-12-06 14:00:00,781.32,-0.098
2024-12-06 14:30:00,781.47,-0.097
2024-12-06 15:00:00,781.55,-0.098
2024-12-06 15:30:00,781.72,-0.097
2024-12-06 16:00:00,781.76,-0.095
2024-12-06 16:30:00,781.83,-0.096
2024-12-06 17:00:00,781.84,-0.098
2024-12-06 17:30:00,781.99,-0.096
2024-12-06 18:00:00,782.04,-0.096
2024-12-06 18:30:00,781.94,-0.094
2024-12-06 19:00:00,781.73,-0.094
2024-12-06 19:30:00,781.48,-0.093
2024-12-06 20:00:00,781.19,-0.093
2024-12-06 20:30:00,780.86,-0.092
2024-12-06 21:00:00,780.57,-0.091
2024-12-06 21:30:00,780.27,-0.088
2024-12-06 22:00:00,780.07,-0.09
2024-12-06 22:30:00,779.94,-0.09
2024-12-06 23:00:00,779.99,-0.091
2024-12-06 23:30:00,780.21,-0.091
2024-12-07 00:00:00,780.43,-0.091
2024-12-07 00:30:00,780.77,-0.091
2024-12-07 01:00:00,780.99,-0.091
2024-12-07 01:30:00,781.1,-0.093
2024-12-07 02:00:00,781.17,-0.093
2024-12-07 02:30:00,781.22,-0.094
2024-12-07 03:00:00,781.31,-0.093
2024-12-07 03:30:00,781.4,-0.094
2024-12-07 04:00:00,781.45,-0.095
2024-12-07 04:30:00,781.59,-0.095
2024-12-07 05:00:00,781.82,-0.096
2024-12-07 05:30:00,781.84,-0.096
2024-12-07 06:00:00,781.99,-0.097
2024-12-07 06:30:00,782.02,-0.096
2024-12-07 07:00:00,782.02,-0.097
2024-12-07 07:30:00,782.02,-0.098
2024-12-07 08:00:00,781.89,-0.097
2024-12-07 08:30:00,781.69,-0.098
2024-12-07 09:00:00,781.57,-0.098
2024-12-07 09:30:00,781.45,-0.098
2024-12-07 10:00:00,781.42,-0.099
2024-12-07 10:30:00,781.39,-0.099
2024-12-07 11:00:00,781.33,-0.098
2024-12-07 11:30:00,781.4,-0.098
2024-12-07 12:00:00,781.37,-0.098
2024-12-07 12:30:00,781.37,-0.099
2024-12-07 13:00:00,781.31,-0.099
2024-12-07 13:30:00,781.38,-0.1
2024-12-07 14:00:00,781.47,-0.099
2024-12-07 14:30:00,781.6,-0.098
2024-12-07 15:00:00,781.63,-0.1
2024-12-07 15:30:00,781.71,-0.099
2024-12-07 16:00:00,781.72,-0.097
2024-12-07 16:30:00,781.67,-0.097
2024-12-07 17:00:00,781.59,-0.098
2024-12-07 17:30:00,781.51,-0.098
2024-12-07 18:00:00,781.45,-0.097
2024-12-07 18:30:00,781.33,-0.095
2024-12-07 19:00:00,781.03,-0.096
2024-12-07 19:30:00,780.85,-0.094
2024-12-07 20:00:00,780.65,-0.094
2024-12-07 20:30:00,780.4,-0.092
2024-12-07 21:00:00,780.12,-0.092
2024-12-07 21:30:00,779.91,-0.09
2024-12-07 22:00:00,779.7,-0.091
2024-12-07 22:30:00,779.7,-0.092
2024-12-07 23:00:00,779.64,-0.093
2024-12-07 23:30:00,779.64,-0.091
2024-12-08 00:00:00,779.63,-0.092
2024-12-08 00:30:00,779.65,-0.09
2024-12-08 01:00:00,779.79,-0.09
2024-12-08 01:30:00,779.89,-0.091
2024-12-08 02:00:00,780.02,-0.092
2024-12-08 02:30:00,780.11,-0.095
2024-12-08 03:00:00,780.13,-0.094
2024-12-08 03:30:00,780.21,-0.093
2024-12-08 04:00:00,780.32,-0.095
2024-12-08 04:30:00,780.37,-0.092
2024-12-08 05:00:00,780.4,-0.097
2024-12-08 05:30:00,780.26,-0.094
2024-12-08 06:00:00,780.2,-0.095
2024-12-08 06:30:00,780.19,-0.097
2024-12-08 07:00:00,780.08,-0.095
2024-12-08 07:30:00,779.98,-0.097
2024-12-08 08:00:00,779.79,-0.096
2024-12-08 08:30:00,779.56,-0.096
2024-12-08 09:00:00,779.28,-0.097
2024-12-08 09:30:00,779.06,-0.098
2024-12-08 10:00:00,779.01,-0.098
2024-12-08 10:30:00,778.99,-0.098
2024-12-08 11:00:00,778.88,-0.098
2024-12-08 11:30:00,778.88,-0.097
2024-12-08 12:00:00,778.8,-0.098
2024-12-08 12:30:00,778.75,-0.099
2024-12-08 13:00:00,778.75,-0.1
2024-12-08 13:30:00,778.71,-0.1
2024-12-08 14:00:00,778.74,-0.1
2024-12-08 14:30:00,778.76,-0.098
2024-12-08 15:00:00,778.76,-0.099
2024-12-08 15:30:00,778.79,-0.098
2024-12-08 16:00:00,778.81,-0.099
2024-12-08 16:30:00,778.82,-0.101
2024-12-08 17:00:00,778.71,-0.1
2024-12-08 17:30:00,778.68,-0.098
2024-12-08 18:00:00,778.59,-0.098
2024-12-08 18:30:00,778.45,-0.098
2024-12-08 19:00:00,778.13,-0.096
2024-12-08 19:30:00,777.89,-0.095
2024-12-08 20:00:00,777.77,-0.094
2024-12-08 20:30:00,777.51,-0.093
2024-12-08 21:00:00,777.21,-0.092
2024-12-08 21:30:00,777.01,-0.091
2024-12-08 22:00:00,776.86,-0.092
2024-12-08 22:30:00,776.74,-0.092
2024-12-08 23:00:00,776.63,-0.094
2024-12-08 23:30:00,776.56,-0.093
2024-12-09 00:00:00,776.61,-0.094
2024-12-09 00:30:00,776.56,-0.093
2024-12-09 01:00:00,776.6,-0.094
2024-12-09 01:30:00,776.67,-0.095
2024-12-09 02:00:00,776.77,-0.093
2024-12-09 02:30:00,776.9,-0.095
2024-12-09 03:00:00,777.02,-0.096
2024-12-09 03:30:00,777.14,-0.096
2024-12-09 04:00:00,777.2,-0.096
2024-12-09 04:30:00,777.2,-0.096
2024-12-09 05:00:00,777.22,-0.097
2024-12-09 05:30:00,777.31,-0.096
2024-12-09 06:00:00,777.33,-0.097
2024-12-09 06:30:00,777.28,-0.099
2024-12-09 07:00:00,777.29,-0.097
2024-12-09 07:30:00,777.28,-0.097
2024-12-09 08:00:00,777.12,-0.097
2024-12-09 08:30:00,777.05,-0.097
2024-12-09 09:00:00,777.01,-0.098
2024-12-09 09:30:00,776.95,-0.1
2024-12-09 10:00:00,776.97,-0.1
2024-12-09 10:30:00,776.99,-0.099
2024-12-09 11:00:00,777.03,-0.099
2024-12-09 11:30:00,777.01,-0.101
2024-12-09 12:00:00,777.01,-0.1
2024-12-09 12:30:00,776.97,-0.099
2024-12-09 13:00:00,776.98,-0.1
2024-12-09 13:30:00,776.93,-0.1
2024-12-09 14:00:00,776.94,-0.1
2024-12-09 14:30:00,777.03,-0.1
2024-12-09 15:00:00,777.22,-0.099
2024-12-09 15:30:00,777.26,-0.099
2024-12-09 16:00:00,777.36,-0.1
2024-12-09 16:30:00,777.55,-0.1
2024-12-09 17:00:00,777.65,-0.1
2024-12-09 17:30:00,777.76,-0.1
2024-12-09 18:00:00,777.83,-0.099
2024-12-09 18:30:00,777.82,-0.1
2024-12-09 19:00:00,777.69,-0.097
2024-12-09 19:30:00,777.52,-0.098
2024-12-09 20:00:00,777.38,-0.095
2024-12-09 20:30:00,777.26,-0.092
2024-12-09 21:00:00,777.13,-0.093
2024-12-09 21:30:00,777.04,-0.092
2024-12-09 22:00:00,776.97,-0.093
2024-12-09 22:30:00,776.98,-0.094
2024-12-09 23:00:00,777.16,-0.092
2024-12-09 23:30:00,777.32,-0.093
2024-12-10 00:00:00,777.62,-0.094
2024-12-10 00:30:00,777.73,-0.095
2024-12-10 01:00:00,777.98,-0.094
2024-12-10 01:30:00,778.37,-0.095
2024-12-10 02:00:00,778.64,-0.092
2024-12-10 02:30:00,778.8,-0.092
2024-12-10 03:00:00,778.93,-0.094
2024-12-10 03:30:00,779.05,-0.095
2024-12-10 04:00:00,779.27,-0.097
2024-12-10 04:30:00,779.52,-0.097
2024-12-10 05:00:00,779.66,-0.096
2024-12-10 05:30:00,779.85,-0.097
2024-12-10 06:00:00,780.18,-0.099
2024-12-10 06:30:00,780.38,-0.097
2024-12-10 07:00:00,780.76,-0.098
2024-12-10 07:30:00,780.94,-0.099
2024-12-10 08:00:00,780.99,-0.099
2024-12-10 08:30:00,780.97,-0.099
2024-12-10 09:00:00,781.0,-0.099
2024-12-10 09:30:00,781.29,-0.099
2024-12-10 10:00:00,781.7,-0.1
2024-12-10 10:30:00,781.96,-0.1
2024-12-10 11:00:00,782.09,-0.1
2024-12-10 11:30:00,782.08,-0.1
2024-12-10 12:00:00,782.04,-0.102
2024-12-10 12:30:00,782.1,-0.102
2024-12-10 13:00:00,782.22,-0.101
2024-12-10 13:30:00,782.35,-0.102
2024-12-10 14:00:00,782.47,-0.103
2024-12-10 14:30:00,782.66,-0.103
2024-12-10 15:00:00,782.82,-0.101
2024-12-10 15:30:00,782.87,-0.103
2024-12-10 16:00:00,783.06,-0.103
2024-12-10 16:30:00,783.3,-0.103
2024-12-10 17:00:00,783.43,-0.1
2024-12-10 17:30:00,783.58,-0.101
2024-12-10 18:00:00,783.66,-0.101
2024-12-10 18:30:00,783.54,-0.1
2024-12-10 19:00:00,783.36,-0.099
2024-12-10 19:30:00,783.09,-0.1
2024-12-10 20:00:00,782.83,-0.098
2024-12-10 20:30:00,782.57,-0.095
2024-12-10 21:00:00,782.33,-0.097
2024-12-10 21:30:00,782.27,-0.094
2024-12-10 22:00:00,782.16,-0.096
2024-12-10 22:30:00,782.12,-0.097
2024-12-10 23:00:00,782.08,-0.094
2024-12-10 23:30:00,782.05,-0.095
2024-12-11 00:00:00,782.05,-0.098
2024-12-11 00:30:00,782.03,-0.094
2024-12-11 01:00:00,782.18,-0.096
2024-12-11 01:30:00,782.19,-0.096
2024-12-11 02:00:00,782.23,-0.096
2024-12-11 02:30:00,782.22,-0.095
2024-12-11 03:00:00,782.25,-0.095
2024-12-11 03:30:00,782.27,-0.096
2024-12-11 04:00:00,782.39,-0.096
2024-12-11 04:30:00,782.43,-0.099
2024-12-11 05:00:00,782.46,-0.097
2024-12-11 05:30:00,782.47,-0.098
2024-12-11 06:00:00,782.51,-0.099
2024-12-11 06:30:00,782.52,-0.099
2024-12-11 07:00:00,782.5,-0.101
2024-12-11 07:30:00,782.42,-0.101
2024-12-11 08:00:00,782.32,-0.101
2024-12-11 08:30:00,782.15,-0.101
2024-12-11 09:00:00,782.05,-0.101
2024-12-11 09:30:00,781.91,-0.102
2024-12-11 10:00:00,781.85,-0.102
2024-12-11 10:30:00,781.7,-0.102
2024-12-11 11:00:00,781.53,-0.103
2024-12-11 11:30:00,781.29,-0.102
2024-12-11 12:00:00,781.13,-0.103
2024-12-11 12:30:00,780.99,-0.105
2024-12-11 13:00:00,780.94,-0.103
2024-12-11 13:30:00,780.96,-0.105
2024-12-11 14:00:00,780.87,-0.102
2024-12-11 14:30:00,780.78,-0.103
2024-12-11 15:00:00,780.65,-0.103
2024-12-11 15:30:00,780.49,-0.104
2024-12-11 16:00:00,780.34,-0.105
2024-12-11 16:30:00,780.28,-0.104
2024-12-11 17:00:00,780.16,-0.105
2024-12-11 17:30:00,780.06,-0.104
2024-12-11 18:00:00,779.92,-0.103
2024-12-11 18:30:00,779.71,-0.101
2024-12-11 19:00:00,779.42,-0.104
2024-12-11 19:30:00,779.09,-0.101
2024-12-11 20:00:00,778.72,-0.101
2024-12-11 20:30:00,778.38,-0.098
2024-12-11 21:00:00,778.01,-0.099
2024-12-11 21:30:00,777.7,-0.098
2024-12-11 22:00:00,777.37,-0.097
2024-12-11 22:30:00,777.1,-0.098
2024-12-11 23:00:00,776.89,-0.097
2024-12-11 23:30:00,776.72,-0.097
2024-12-12 00:00:00,776.58,-0.099
2024-12-12 00:30:00,776.44,-0.099
2024-12-12 01:00:00,776.31,-0.098
2024-12-12 01:30:00,776.13,-0.097
2024-12-12 02:00:00,775.95,-0.098
2024-12-12 02:30:00,775.75,-0.099
2024-12-12 03:00:00,775.58,-0.099
2024-12-12 03:30:00,775.39,-0.097
2024-12-12 04:00:00,775.15,-0.101
2024-12-12 04:30:00,774.93,-0.1
2024-12-12 05:00:00,774.65,-0.101
2024-12-12 05:30:00,774.4,-0.102
2024-12-12 06:00:00,774.06,-0.101
2024-12-12 06:30:00,773.73,-0.103
2024-12-12 07:00:00,773.42,-0.103
2024-12-12 07:30:00,773.08,-0.104
2024-12-12 08:00:00,772.62,-0.103
2024-12-12 08:30:00,772.31,-0.102
2024-12-12 09:00:00,771.95,-0.105
2024-12-12 09:30:00,771.6,-0.104
2024-12-12 10:00:00,771.28,-0.104
2024-12-12 10:30:00,771.05,-0.105
2024-12-12 11:00:00,770.72,-0.105
2024-12-12 11:30:00,770.4,-0.106
2024-12-12 12:00:00,769.89,-0.105
2024-12-12 12:30:00,769.17,-0.104
2024-12-12 13:00:00,768.78,-0.104
2024-12-12 13:30:00,768.88,-0.104
2024-12-12 14:00:00,768.4,-0.104
2024-12-12 14:30:00,768.01,-0.106
2024-12-12 15:00:00,767.79,-0.106
2024-12-12 15:30:00,767.06,-0.104
2024-12-12 16:00:00,766.44,-0.104
2024-12-12 16:30:00,766.64,-0.103
2024-12-12 17:00:00,766.76,-0.104
2024-12-12 17:30:00,766.84,-0.104
2024-12-12 18:00:00,766.96,-0.102
2024-12-12 18:30:00,767.18,-0.104
2024-12-12 19:00:00,766.71,-0.102
2024-12-12 19:30:00,766.42,-0.103
2024-12-12 20:00:00,766.39,-0.102
2024-12-12 20:30:00,766.34,-0.103
2024-12-12 21:00:00,766.37,-0.103
2024-12-12 21:30:00,766.32,-0.102
2024-12-12 22:00:00,766.33,-0.103
2024-12-12 22:30:00,766.43,-0.1
2024-12-12 23:00:00,766.5,-0.101
2024-12-12 23:30:00,766.69,-0.1
2024-12-13 00:00:00,766.74,-0.101
2024-12-13 00:30:00,766.79,-0.102
2024-12-13 01:00:00,766.91,-0.102
2024-12-13 01:30:00,766.93,-0.101
2024-12-13 02:00:00,767.1,-0.103
2024-12-13 02:30:00,767.24,-0.102
2024-12-13 03:00:00,767.4,-0.1
2024-12-13 03:30:00,767.34,-0.101
2024-12-13 04:00:00,767.33,-0.101
2024-12-13 04:30:00,767.43,-0.099
2024-12-13 05:00:00,767.42,-0.099
2024-12-13 05:30:00,767.55,-0.099
2024-12-13 06:00:00,767.52,-0.1
2024-12-13 06:30:00,767.71,-0.1
2024-12-13 07:00:00,767.88,-0.098
2024-12-13 07:30:00,768.27,-0.099
2024-12-13 08:00:00,768.2,-0.097
2024-12-13 08:30:00,768.36,-0.098
2024-12-13 09:00:00,768.8,-0.098
2024-12-13 09:30:00,769.23,-0.098
2024-12-13 10:00:00,769.35,-0.098
2024-12-13 10:30:00,769.93,-0.097
2024-12-13 11:00:00,770.08,-0.098
2024-12-13 11:30:00,770.55,-0.097
2024-12-13 12:00:00,770.68,-0.1
2024-12-13 12:30:00,770.72,-0.098
2024-12-13 13:00:00,770.65,-0.097
2024-12-13 13:30:00,771.0,-0.1
2024-12-13 14:00:00,770.97,-0.101
2024-12-13 14:30:00,771.12,-0.099
2024-12-13 15:00:00,771.12,-0.1
2024-12-13 15:30:00,771.6,-0.102
2024-12-13 16:00:00,772.17,-0.102
2024-12-13 16:30:00,772.29,-0.1
2024-12-13 17:00:00,772.73,-0.102
2024-12-13 17:30:00,773.24,-0.105
2024-12-13 18:00:00,773.99,-0.104
2024-12-13 18:30:00,774.09,-0.103
2024-12-13 19:00:00,774.04,-0.105
2024-12-13 19:30:00,774.03,-0.101
2024-12-13 20:00:00,773.92,-0.103
2024-12-13 20:30:00,773.72,-0.103
2024-12-13 21:00:00,773.7,-0.104
2024-12-13 21:30:00,773.62,-0.103
2024-12-13 22:00:00,773.45,-0.104
2024-12-13 22:30:00,773.62,-0.106
2024-12-13 23:00:00,774.08,-0.104
2024-12-13 23:30:00,774.2,-0.105
2024-12-14 00:00:00,774.12,-0.106
2024-12-14 00:30:00,774.45,-0.106
2024-12-14 01:00:00,774.54,-0.105
2024-12-14 01:30:00,774.62,-0.103
2024-12-14 02:00:00,774.68,-0.104
2024-12-14 02:30:00,774.58,-0.106
2024-12-14 03:00:00,774.71,-0.107
2024-12-14 03:30:00,774.64,-0.106
2024-12-14 04:00:00,774.74,-0.105
2024-12-14 04:30:00,774.64,-0.105
2024-12-14 05:00:00,774.5,-0.106
2024-12-14 05:30:00,774.26,-0.107
2024-12-14 06:00:00,773.87,-0.107
2024-12-14 06:30:00,773.51,-0.106
2024-12-14 07:00:00,773.35,-0.107
2024-12-14 07:30:00,773.18,-0.108
2024-12-14 08:00:00,772.85,-0.107
2024-12-14 08:30:00,773.06,-0.108
2024-12-14 09:00:00,773.53,-0.108
2024-12-14 09:30:00,773.58,-0.109
2024-12-14 10:00:00,773.95,-0.108
2024-12-14 10:30:00,774.16,-0.108
2024-12-14 11:00:00,774.28,-0.107
2024-12-14 11:30:00,774.44,-0.107
2024-12-14 12:00:00,773.35,-0.106
2024-12-14 12:30:00,772.52,-0.107
2024-12-14 13:00:00,771.78,-0.108
2024-12-14 13:30:00,771.58,-0.111
2024-12-14 14:00:00,771.14,-0.109
2024-12-14 14:30:00,770.74,-0.107
2024-12-14 15:00:00,770.69,-0.108
2024-12-14 15:30:00,770.65,-0.109
2024-12-14 16:00:00,770.55,-0.109
2024-12-14 16:30:00,770.68,-0.109
2024-12-14 17:00:00,770.03,-0.108
2024-12-14 17:30:00,769.81,-0.11
2024-12-14 18:00:00,769.53,-0.109
2024-12-14 18:30:00,769.16,-0.109
2024-12-14 19:00:00,768.88,-0.109
2024-12-14 19:30:00,768.44,-0.11
2024-12-14 20:00:00,768.39,-0.11
2024-12-14 20:30:00,768.05,-0.11
2024-12-14 21:00:00,768.08,-0.113
2024-12-14 21:30:00,768.05,-0.11
2024-12-14 22:00:00,767.96,-0.111
2024-12-14 22:30:00,768.72,-0.113
2024-12-14 23:00:00,769.36,-0.111
2024-12-14 23:30:00,770.06,-0.11
2024-12-15 00:00:00,770.91,-0.11
2024-12-15 00:30:00,771.54,-0.109
2024-12-15 01:00:00,772.15,-0.11
2024-12-15 01:30:00,772.82,-0.112
2024-12-15 02:00:00,773.22,-0.11
2024-12-15 02:30:00,773.48,-0.113
2024-12-15 03:00:00,773.48,-0.11
2024-12-15 03:30:00,773.62,-0.111
2024-12-15 04:00:00,773.69,-0.111
2024-12-15 04:30:00,773.71,-0.111
2024-12-15 05:00:00,774.11,-0.111
2024-12-15 05:30:00,774.37,-0.112
2024-12-15 06:00:00,774.55,-0.113
2024-12-15 06:30:00,774.95,-0.111
2024-12-15 07:00:00,775.1,-0.112
2024-12-15 07:30:00,775.05,-0.111
2024-12-15 08:00:00,774.92,-0.111
2024-12-15 08:30:00,774.76,-0.111
2024-12-15 09:00:00,774.8,-0.111
2024-12-15 09:30:00,774.86,-0.111
2024-12-15 10:00:00,775.3,-0.111
2024-12-15 10:30:00,775.56,-0.112
2024-12-15 11:00:00,775.45,-0.112
2024-12-15 11:30:00,775.55,-0.112
2024-12-15 12:00:00,775.71,-0.113
2024-12-15 12:30:00,775.66,-0.111
2024-12-15 13:00:00,775.67,-0.111
2024-12-15 13:30:00,775.74,-0.112
2024-12-15 14:00:00,775.95,-0.111
2024-12-15 14:30:00,776.33,-0.111
2024-12-15 15:00:00,776.32,-0.112
2024-12-15 15:30:00,776.5,-0.112
2024-12-15 16:00:00,776.51,-0.112
2024-12-15 16:30:00,776.63,-0.112
2024-12-15 17:00:00,776.85,-0.112
2024-12-15 17:30:00,776.92,-0.113
2024-12-15 18:00:00,776.93,-0.114
2024-12-15 18:30:00,776.79,-0.114
2024-12-15 19:00:00,776.93,-0.114
2024-12-15 19:30:00,776.93,-0.114
2024-12-15 20:00:00,776.88,-0.115
2024-12-15 20:30:00,777.02,-0.117
2024-12-15 21:00:00,776.92,-0.117
2024-12-15 21:30:00,776.88,-0.116
2024-12-15 22:00:00,777.09,-0.116
2024-12-15 22:30:00,777.29,-0.117
2024-12-15 23:00:00,777.42,-0.116
2024-12-15 23:30:00,777.57,-0.119
2024-12-16 00:00:00,777.62,-0.119
2024-12-16 00:30:00,777.58,-0.118
2024-12-16 01:00:00,777.9,-0.118
2024-12-16 01:30:00,778.11,-0.118
2024-12-16 02:00:00,778.34,-0.12
2024-12-16 02:30:00,778.7,-0.12
2024-12-16 03:00:00,778.81,-0.118
2024-12-16 03:30:00,778.7,-0.119
2024-12-16 04:00:00,778.71,-0.121
2024-12-16 04:30:00,778.83,-0.12
2024-12-16 05:00:00,779.03,-0.119
2024-12-16 05:30:00,779.29,-0.12
2024-12-16 06:00:00,779.46,-0.12
2024-12-16 06:30:00,779.38,-0.119
2024-12-16 07:00:00,779.13,-0.121
2024-12-16 07:30:00,779.31,-0.12
2024-12-16 08:00:00,779.19,-0.121
2024-12-16 08:30:00,778.99,-0.121
2024-12-16 09:00:00,779.0,-0.122
2024-12-16 09:30:00,779.28,-0.123
2024-12-16 10:00:00,779.25,-0.123
2024-12-16 10:30:00,779.18,-0.122
2024-12-16 11:00:00,779.22,-0.122
2024-12-16 11:30:00,779.0,-0.122
2024-12-16 12:00:00,778.91,-0.122
2024-12-16 12:30:00,778.96,-0.122
2024-12-16 13:00:00,778.9,-0.122
2024-12-16 13:30:00,778.69,-0.124
2024-12-16 14:00:00,778.59,-0.123
2024-12-16 14:30:00,778.52,-0.123
2024-12-16 15:00:00,778.47,-0.125
2024-12-16 15:30:00,778.46,-0.125
2024-12-16 16:00:00,778.59,-0.122
2024-12-16 16:30:00,778.74,-0.125
2024-12-16 17:00:00,778.83,-0.126
2024-12-16 17:30:00,778.48,-0.123
2024-12-16 18:00:00,778.66,-0.124
2024-12-16 18:30:00,778.77,-0.124
2024-12-16 19:00:00,778.63,-0.124
2024-12-16 19:30:00,778.29,-0.124
2024-12-16 20:00:00,778.06,-0.123
2024-12-16 20:30:00,777.74,-0.123
2024-12-16 21:00:00,777.41,-0.124
2024-12-16 21:30:00,777.18,-0.124
2024-12-16 22:00:00,777.64,-0.126
2024-12-16 22:30:00,777.71,-0.125
2024-12-16 23:00:00,777.41,-0.124
2024-12-16 23:30:00,777.76,-0.124
2024-12-17 00:00:00,777.83,-0.124
2024-12-17 00:30:00,777.72,-0.124
2024-12-17 01:00:00,777.56,-0.124
2024-12-17 01:30:00,777.52,-0.124
2024-12-17 02:00:00,777.55,-0.126
2024-12-17 02:30:00,777.57,-0.125
2024-12-17 03:00:00,777.43,-0.125
2024-12-17 03:30:00,777.43,-0.123
2024-12-17 04:00:00,777.6,-0.124
2024-12-17 04:30:00,777.56,-0.125
2024-12-17 05:00:00,777.75,-0.124
2024-12-17 05:30:00,777.66,-0.126
2024-12-17 06:00:00,777.73,-0.126
2024-12-17 06:30:00,777.89,-0.125
2024-12-17 07:00:00,778.44,-0.125
2024-12-17 07:30:00,778.57,-0.125
2024-12-17 08:00:00,778.65,-0.126
2024-12-17 08:30:00,778.94,-0.124
2024-12-17 09:00:00,778.95,-0.124
2024-12-17 09:30:00,778.83,-0.127
2024-12-17 10:00:00,779.04,-0.125
2024-12-17 10:30:00,779.25,-0.124
2024-12-17 11:00:00,779.21,-0.124
2024-12-17 11:30:00,779.21,-0.123
2024-12-17 12:00:00,779.3,-0.124
2024-12-17 12:30:00,779.38,-0.123
2024-12-17 13:00:00,779.29,-0.125
2024-12-17 13:30:00,779.35,-0.123
2024-12-17 14:00:00,779.69,-0.125
2024-12-17 14:30:00,779.86,-0.123
2024-12-17 15:00:00,779.99,-0.124
2024-12-17 15:30:00,780.14,-0.124
2024-12-17 16:00:00,780.51,-0.124
2024-12-17 16:30:00,780.92,-0.124
2024-12-17 17:00:00,781.24,-0.123
2024-12-17 17:30:00,781.69,-0.124
2024-12-17 18:00:00,782.04,-0.124
2024-12-17 18:30:00,782.12,-0.122
2024-12-17 19:00:00,782.1,-0.124
2024-12-17 19:30:00,781.79,-0.124
2024-12-17 20:00:00,781.88,-0.122
2024-12-17 20:30:00,781.51,-0.124
2024-12-17 21:00:00,781.34,-0.123
2024-12-17 21:30:00,781.7,-0.121
2024-12-17 22:00:00,781.86,-0.124
2024-12-17 22:30:00,781.85,-0.125
2024-12-17 23:00:00,781.87,-0.123
2024-12-17 23:30:00,782.19,-0.124
2024-12-18 00:00:00,782.3,-0.124
2024-12-18 00:30:00,782.64,-0.123
2024-12-18 01:00:00,783.03,-0.124
2024-12-18 01:30:00,783.56,-0.123
2024-12-18 02:00:00,783.92,-0.126
2024-12-18 02:30:00,784.16,-0.125
2024-12-18 03:00:00,784.21,-0.123
2024-12-18 03:30:00,784.51,-0.124
2024-12-18 04:00:00,784.42,-0.126
2024-12-18 04:30:00,784.39,-0.125
2024-12-18 05:00:00,784.35,-0.125
2024-12-18 05:30:00,784.48,-0.125
2024-12-18 06:00:00,784.61,-0.125
2024-12-18 06:30:00,784.59,-0.125
2024-12-18 07:00:00,784.59,-0.123
2024-12-18 07:30:00,784.61,-0.126
2024-12-18 08:00:00,784.61,-0.125
2024-12-18 08:30:00,784.71,-0.125
2024-12-18 09:00:00,784.78,-0.125
2024-12-18 09:30:00,784.85,-0.126
2024-12-18 10:00:00,784.99,-0.125
2024-12-18 10:30:00,785.1,-0.125
2024-12-18 11:00:00,784.99,-0.124
2024-12-18 11:30:00,785.04,-0.125
2024-12-18 12:00:00,785.03,-0.125
2024-12-18 12:30:00,784.99,-0.125
2024-12-18 13:00:00,785.08,-0.125
2024-12-18 13:30:00,785.12,-0.125
2024-12-18 14:00:00,785.13,-0.126
2024-12-18 14:30:00,785.17,-0.125
2024-12-18 15:00:00,785.31,-0.124
2024-12-18 15:30:00,785.45,-0.125
2024-12-18 16:00:00,785.56,-0.123
2024-12-18 16:30:00,785.58,-0.125
2024-12-18 17:00:00,785.69,-0.124
2024-12-18 17:30:00,785.68,-0.125
2024-12-18 18:00:00,785.62,-0.124
2024-12-18 18:30:00,785.46,-0.125
2024-12-18 19:00:00,785.25,-0.125
2024-12-18 19:30:00,784.95,-0.124
2024-12-18 20:00:00,784.68,-0.126
2024-12-18 20:30:00,784.33,-0.124
2024-12-18 21:00:00,784.0,-0.124
2024-12-18 21:30:00,783.75,-0.124
2024-12-18 22:00:00,783.43,-0.124
2024-12-18 22:30:00,783.32,-0.125
2024-12-18 23:00:00,783.17,-0.124
2024-12-18 23:30:00,783.11,-0.123
2024-12-19 00:00:00,783.17,-0.123
2024-12-19 00:30:00,783.19,-0.124
2024-12-19 01:00:00,783.26,-0.125
2024-12-19 01:30:00,783.43,-0.123
2024-12-19 02:00:00,783.49,-0.123
2024-12-19 02:30:00,783.5,-0.124
2024-12-19 03:00:00,783.63,-0.125
2024-12-19 03:30:00,783.8,-0.123
2024-12-19 04:00:00,783.85,-0.122
2024-12-19 04:30:00,783.92,-0.124
2024-12-19 05:00:00,784.06,-0.123
2024-12-19 05:30:00,784.09,-0.125
2024-12-19 06:00:00,784.14,-0.122
2024-12-19 06:30:00,784.21,-0.124
2024-12-19 07:00:00,784.26,-0.123
2024-12-19 07:30:00,784.18,-0.126
2024-12-19 08:00:00,784.09,-0.125
2024-12-19 08:30:00,783.93,-0.126
2024-12-19 09:00:00,783.81,-0.125
2024-12-19 09:30:00,783.72,-0.125
2024-12-19 10:00:00,783.69,-0.123
2024-12-19 10:30:00,783.7,-0.125
2024-12-19 11:00:00,783.6,-0.124
2024-12-19 11:30:00,783.5,-0.125
2024-12-19 12:00:00,783.37,-0.125
2024-12-19 12:30:00,783.2,-0.124
2024-12-19 13:00:00,783.08,-0.123
2024-12-19 13:30:00,783.05,-0.124
2024-12-19 14:00:00,783.08,-0.124
2024-12-19 14:30:00,783.12,-0.125
2024-12-19 15:00:00,783.27,-0.123
2024-12-19 15:30:00,783.28,-0.124
2024-12-19 16:00:00,783.42,-0.125
2024-12-19 16:30:00,783.44,-0.124
2024-12-19 17:00:00,783.5,-0.125
2024-12-19 17:30:00,783.59,-0.123
2024-12-19 18:00:00,783.55,-0.125
2024-12-19 18:30:00,783.42,-0.125
2024-12-19 19:00:00,783.25,-0.124
2024-12-19 19:30:00,783.09,-0.126
2024-12-19 20:00:00,782.9,-0.125
2024-12-19 20:30:00,782.57,-0.123
2024-12-19 21:00:00,782.35,-0.123
2024-12-19 21:30:00,782.02,-0.126
2024-12-19 22:00:00,781.76,-0.124
2024-12-19 22:30:00,781.61,-0.125
2024-12-19 23:00:00,781.55,-0.126
2024-12-19 23:30:00,781.56,-0.124
2024-12-20 00:00:00,781.53,-0.124
2024-12-20 00:30:00,781.63,-0.123
2024-12-20 01:00:00,781.57,-0.124
2024-12-20 01:30:00,781.64,-0.124
2024-12-20 02:00:00,781.63,-0.125
2024-12-20 02:30:00,781.65,-0.125
2024-12-20 03:00:00,781.64,-0.124
2024-12-20 03:30:00,781.71,-0.124
2024-12-20 04:00:00,781.78,-0.124
2024-12-20 04:30:00,781.81,-0.124
2024-12-20 05:00:00,781.87,-0.125
2024-12-20 05:30:00,781.93,-0.125
2024-12-20 06:00:00,781.99,-0.122
2024-12-20 06:30:00,782.04,-0.123
2024-12-20 07:00:00,782.09,-0.125
2024-12-20 07:30:00,782.07,-0.122
2024-12-20 08:00:00,781.95,-0.124
2024-12-20 08:30:00,781.88,-0.124
2024-12-20 09:00:00,781.85,-0.124
2024-12-20 09:30:00,781.89,-0.125
2024-12-20 10:00:00,781.99,-0.125
2024-12-20 10:30:00,781.93,-0.124
2024-12-20 11:00:00,781.95,-0.125
2024-12-20 11:30:00,781.92,-0.124
2024-12-20 12:00:00,781.82,-0.126
2024-12-20 12:30:00,781.78,-0.126
2024-12-20 13:00:00,781.71,-0.125
2024-12-20 13:30:00,781.59,-0.126
2024-12-20 14:00:00,781.54,-0.125
2024-12-20 14:30:00,781.52,-0.124
2024-12-20 15:00:00,781.52,-0.125
2024-12-20 15:30:00,781.62,-0.124
2024-12-20 16:00:00,781.69,-0.125
2024-12-20 16:30:00,781.89,-0.126
2024-12-20 17:00:00,781.92,-0.124
2024-12-20 17:30:00,781.96,-0.124
2024-12-20 18:00:00,781.93,-0.125
2024-12-20 18:30:00,781.79,-0.124
2024-12-20 19:00:00,781.57,-0.124
2024-12-20 19:30:00,781.35,-0.123
2024-12-20 20:00:00,781.01,-0.124
2024-12-20 20:30:00,780.79,-0.123
2024-12-20 21:00:00,780.53,-0.123
2024-12-20 21:30:00,780.29,-0.123
2024-12-20 22:00:00,780.18,-0.125
2024-12-20 22:30:00,780.29,-0.123
2024-12-20 23:00:00,780.18,-0.122
2024-12-20 23:30:00,780.16,-0.121
2024-12-21 00:00:00,780.26,-0.123
2024-12-21 00:30:00,780.36,-0.122
2024-12-21 01:00:00,780.47,-0.122
2024-12-21 01:30:00,780.56,-0.123
2024-12-21 02:00:00,780.81,-0.121
2024-12-21 02:30:00,780.91,-0.123
2024-12-21 03:00:00,781.02,-0.123
2024-12-21 03:30:00,781.01,-0.123
2024-12-21 04:00:00,781.02,-0.124
2024-12-21 04:30:00,780.99,-0.122
2024-12-21 05:00:00,780.93,-0.121
2024-12-21 05:30:00,780.88,-0.123
2024-12-21 06:00:00,780.87,-0.123
2024-12-21 06:30:00,780.82,-0.123
2024-12-21 07:00:00,780.52,-0.123
2024-12-21 07:30:00,780.51,-0.123
2024-12-21 08:00:00,780.51,-0.122
2024-12-21 08:30:00,780.33,-0.123
2024-12-21 09:00:00,780.27,-0.123
2024-12-21 09:30:00,780.34,-0.122
2024-12-21 10:00:00,780.1,-0.124
2024-12-21 10:30:00,780.15,-0.122
2024-12-21 11:00:00,780.01,-0.123
2024-12-21 11:30:00,780.03,-0.124
2024-12-21 12:00:00,779.91,-0.125
2024-12-21 12:30:00,779.71,-0.124
2024-12-21 13:00:00,779.73,-0.123
2024-12-21 13:30:00,779.75,-0.125
2024-12-21 14:00:00,779.61,-0.122
2024-12-21 14:30:00,779.49,-0.123
2024-12-21 15:00:00,779.48,-0.124
2024-12-21 15:30:00,779.43,-0.123
2024-12-21 16:00:00,779.44,-0.125
2024-12-21 16:30:00,779.42,-0.124
2024-12-21 17:00:00,779.3,-0.123
2024-12-21 17:30:00,779.45,-0.123
2024-12-21 18:00:00,779.69,-0.123
2024-12-21 18:30:00,779.55,-0.123
2024-12-21 19:00:00,779.44,-0.123
2024-12-21 19:30:00,779.35,-0.122
2024-12-21 20:00:00,779.13,-0.126
2024-12-21 20:30:00,778.97,-0.122
2024-12-21 21:00:00,778.88,-0.123
2024-12-21 21:30:00,778.69,-0.123
2024-12-21 22:00:00,778.63,-0.122
2024-12-21 22:30:00,778.61,-0.122
2024-12-21 23:00:00,778.63,-0.123
2024-12-21 23:30:00,778.81,-0.123
2024-12-22 00:00:00,778.73,-0.122
2024-12-22 00:30:00,778.76,-0.122
2024-12-22 01:00:00,778.59,-0.12
2024-12-22 01:30:00,778.5,-0.121
2024-12-22 02:00:00,778.52,-0.12
2024-12-22 02:30:00,778.57,-0.122
2024-12-22 03:00:00,778.62,-0.122
2024-12-22 03:30:00,778.67,-0.123
2024-12-22 04:00:00,778.59,-0.121
2024-12-22 04:30:00,778.58,-0.121
2024-12-22 05:00:00,778.67,-0.121
2024-12-22 05:30:00,778.6,-0.121
2024-12-22 06:00:00,778.54,-0.122
2024-12-22 06:30:00,778.51,-0.12
2024-12-22 07:00:00,778.42,-0.121
2024-12-22 07:30:00,778.42,-0.122
2024-12-22 08:00:00,778.3,-0.121
2024-12-22 08:30:00,778.22,-0.12
2024-12-22 09:00:00,777.98,-0.12
2024-12-22 09:30:00,777.94,-0.12
2024-12-22 10:00:00,777.87,-0.123
2024-12-22 10:30:00,777.75,-0.121
2024-12-22 11:00:00,777.74,-0.121
2024-12-22 11:30:00,777.62,-0.121
2024-12-22 12:00:00,777.55,-0.12
2024-12-22 12:30:00,777.45,-0.12
2024-12-22 13:00:00,777.39,-0.122
2024-12-22 13:30:00,777.33,-0.122
2024-12-22 14:00:00,777.3,-0.122
2024-12-22 14:30:00,777.18,-0.122
2024-12-22 15:00:00,777.19,-0.123
2024-12-22 15:30:00,777.39,-0.121
2024-12-22 16:00:00,777.64,-0.122
2024-12-22 16:30:00,777.94,-0.119
2024-12-22 17:00:00,778.11,-0.12
2024-12-22 17:30:00,778.31,-0.119
2024-12-22 18:00:00,778.51,-0.121
2024-12-22 18:30:00,778.74,-0.121
2024-12-22 19:00:00,778.43,-0.121
2024-12-22 19:30:00,778.17,-0.122
2024-12-22 20:00:00,778.05,-0.121
2024-12-22 20:30:00,778.08,-0.122
2024-12-22 21:00:00,777.87,-0.121
2024-12-22 21:30:00,777.65,-0.122
2024-12-22 22:00:00,777.46,-0.121
2024-12-22 22:30:00,777.56,-0.12
2024-12-22 23:00:00,777.54,-0.121
2024-12-22 23:30:00,777.98,-0.12
2024-12-23 00:00:00,778.97,-0.12
2024-12-23 00:30:00,778.85,-0.121
2024-12-23 01:00:00,779.13,-0.12
2024-12-23 01:30:00,778.97,-0.123
2024-12-23 02:00:00,778.95,-0.121
2024-12-23 02:30:00,778.84,-0.12
2024-12-23 03:00:00,779.01,-0.12
2024-12-23 03:30:00,779.01,-0.122
2024-12-23 04:00:00,779.01,-0.12
2024-12-23 04:30:00,779.17,-0.12
2024-12-23 05:00:00,779.51,-0.122
2024-12-23 05:30:00,779.56,-0.12
2024-12-23 06:00:00,779.27,-0.122
2024-12-23 06:30:00,779.49,-0.123
2024-12-23 07:00:00,779.45,-0.124
2024-12-23 07:30:00,779.54,-0.124
2024-12-23 08:00:00,779.56,-0.124
2024-12-23 08:30:00,779.53,-0.123
2024-12-23 09:00:00,779.42,-0.124
2024-12-23 09:30:00,779.39,-0.126
2024-12-23 10:00:00,779.39,-0.125
2024-12-23 10:30:00,779.57,-0.125
2024-12-23 11:00:00,779.41,-0.126
2024-12-23 11:30:00,779.48,-0.126
2024-12-23 12:00:00,779.28,-0.127
2024-12-23 12:30:00,779.24,-0.125
2024-12-23 13:00:00,779.18,-0.127
2024-12-23 13:30:00,779.31,-0.126
2024-12-23 14:00:00,779.44,-0.127
2024-12-23 14:30:00,779.56,-0.128
2024-12-23 15:00:00,779.6,-0.126
2024-12-23 15:30:00,779.67,-0.127
2024-12-23 16:00:00,779.72,-0.126
2024-12-23 16:30:00,779.7,-0.126
2024-12-23 17:00:00,780.0,-0.125
2024-12-23 17:30:00,780.12,-0.126
2024-12-23 18:00:00,779.88,-0.125
2024-12-23 18:30:00,780.04,-0.126
2024-12-23 19:00:00,780.17,-0.125
2024-12-23 19:30:00,780.03,-0.127
2024-12-23 20:00:00,780.07,-0.124
2024-12-23 20:30:00,779.93,-0.125
2024-12-23 21:00:00,779.89,-0.124
2024-12-23 21:30:00,779.82,-0.123
2024-12-23 22:00:00,779.82,-0.124
2024-12-23 22:30:00,779.76,-0.123
2024-12-23 23:00:00,779.72,-0.123
2024-12-23 23:30:00,779.84,-0.124
2024-12-24 00:00:00,779.91,-0.121
2024-12-24 00:30:00,779.84,-0.124
2024-12-24 01:00:00,779.9,-0.122
2024-12-24 01:30:00,779.96,-0.122
2024-12-24 02:00:00,779.91,-0.121
2024-12-24 02:30:00,780.0,-0.121
2024-12-24 03:00:00,779.97,-0.121
2024-12-24 03:30:00,779.91,-0.119
2024-12-24 04:00:00,779.8,-0.117
2024-12-24 04:30:00,779.86,-0.121
2024-12-24 05:00:00,779.81,-0.121
2024-12-24 05:30:00,779.77,-0.123
2024-12-24 06:00:00,779.68,-0.124
2024-12-24 06:30:00,779.62,-0.123
2024-12-24 07:00:00,779.6,-0.124
2024-12-24 07:30:00,779.38,-0.125
2024-12-24 08:00:00,779.04,-0.126
2024-12-24 08:30:00,778.66,-0.125
2024-12-24 09:00:00,778.28,-0.126
2024-12-24 09:30:00,777.94,-0.127
2024-12-24 10:00:00,777.8,-0.126
2024-12-24 10:30:00,777.28,-0.127
2024-12-24 11:00:00,777.25,-0.125
2024-12-24 11:30:00,776.69,-0.127
2024-12-24 12:00:00,776.24,-0.125
2024-12-24 12:30:00,776.03,-0.126
2024-12-24 13:00:00,775.82,-0.127
2024-12-24 13:30:00,775.44,-0.127
2024-12-24 14:00:00,775.18,-0.126
2024-12-24 14:30:00,774.86,-0.125
2024-12-24 15:00:00,774.55,-0.128
2024-12-24 15:30:00,774.21,-0.127
2024-12-24 16:00:00,773.7,-0.126
2024-12-24 16:30:00,773.3,-0.127
2024-12-24 17:00:00,772.96,-0.126
2024-12-24 17:30:00,772.47,-0.124
2024-12-24 18:00:00,772.62,-0.124
2024-12-24 18:30:00,772.88,-0.124
2024-12-24 19:00:00,772.67,-0.124
2024-12-24 19:30:00,772.3,-0.125
2024-12-24 20:00:00,771.78,-0.124
2024-12-24 20:30:00,771.16,-0.125
2024-12-24 21:00:00,770.8,-0.126
2024-12-24 21:30:00,770.62,-0.127
2024-12-24 22:00:00,770.64,-0.127
2024-12-24 22:30:00,770.72,-0.126
2024-12-24 23:00:00,770.98,-0.128
2024-12-24 23:30:00,770.72,-0.127
2024-12-25 00:00:00,770.68,-0.126
2024-12-25 00:30:00,770.4,-0.129
2024-12-25 01:00:00,770.25,-0.127
2024-12-25 01:30:00,770.49,-0.129
2024-12-25 02:00:00,771.09,-0.128
2024-12-25 02:30:00,771.32,-0.129
2024-12-25 03:00:00,771.59,-0.129
2024-12-25 03:30:00,771.79,-0.128
2024-12-25 04:00:00,771.77,-0.127
2024-12-25 04:30:00,771.67,-0.131
2024-12-25 05:00:00,772.05,-0.127
2024-12-25 05:30:00,772.01,-0.127
2024-12-25 06:00:00,771.8,-0.128
2024-12-25 06:30:00,771.83,-0.128
2024-12-25 07:00:00,771.91,-0.127
2024-12-25 07:30:00,772.04,-0.126
2024-12-25 08:00:00,771.7,-0.128
2024-12-25 08:30:00,771.35,-0.127
2024-12-25 09:00:00,771.3,-0.125
2024-12-25 09:30:00,771.53,-0.126
2024-12-25 10:00:00,772.56,-0.126
2024-12-25 10:30:00,772.35,-0.125
2024-12-25 11:00:00,772.83,-0.125
2024-12-25 11:30:00,772.9,-0.127
2024-12-25 12:00:00,772.55,-0.126
2024-12-25 12:30:00,772.69,-0.127
2024-12-25 13:00:00,772.68,-0.127
2024-12-25 13:30:00,772.61,-0.128
2024-12-25 14:00:00,773.06,-0.127
2024-12-25 14:30:00,773.45,-0.129
2024-12-25 15:00:00,773.91,-0.127
2024-12-25 15:30:00,774.0,-0.128
2024-12-25 16:00:00,774.0,-0.129
2024-12-25 16:30:00,774.18,-0.13
2024-12-25 17:00:00,774.37,-0.131
2024-12-25 17:30:00,774.31,-0.132
2024-12-25 18:00:00,774.5,-0.13
2024-12-25 18:30:00,774.42,-0.132
2024-12-25 19:00:00,774.33,-0.134
2024-12-25 19:30:00,774.14,-0.131
2024-12-25 20:00:00,774.21,-0.134
2024-12-25 20:30:00,774.35,-0.135
2024-12-25 21:00:00,774.64,-0.134
2024-12-25 21:30:00,774.47,-0.133
2024-12-25 22:00:00,774.5,-0.134
2024-12-25 22:30:00,774.78,-0.136
2024-12-25 23:00:00,774.7,-0.135
2024-12-25 23:30:00,774.89,-0.134
2024-12-26 00:00:00,774.89,-0.135
2024-12-26 00:30:00,775.12,-0.134
2024-12-26 01:00:00,775.25,-0.135
2024-12-26 01:30:00,775.32,-0.136
2024-12-26 02:00:00,775.58,-0.135
2024-12-26 02:30:00,775.79,-0.135
2024-12-26 03:00:00,775.92,-0.134
2024-12-26 03:30:00,775.94,-0.135
2024-12-26 04:00:00,776.06,-0.135
2024-12-26 04:30:00,776.62,-0.135
2024-12-26 05:00:00,777.74,-0.134
2024-12-26 05:30:00,777.77,-0.135
2024-12-26 06:00:00,777.62,-0.135
2024-12-26 06:30:00,777.64,-0.134
2024-12-26 07:00:00,777.75,-0.134
2024-12-26 07:30:00,777.76,-0.133
2024-12-26 08:00:00,777.73,-0.136
2024-12-26 08:30:00,777.26,-0.134
2024-12-26 09:00:00,777.06,-0.134
2024-12-26 09:30:00,777.77,-0.134
2024-12-26 10:00:00,777.97,-0.134
2024-12-26 10:30:00,777.82,-0.135
2024-12-26 11:00:00,777.56,-0.134
2024-12-26 11:30:00,777.06,-0.133
2024-12-26 12:00:00,777.0,-0.134
2024-12-26 12:30:00,776.92,-0.133
2024-12-26 13:00:00,776.7,-0.134
2024-12-26 13:30:00,776.5,-0.134
2024-12-26 14:00:00,776.62,-0.132
2024-12-26 14:30:00,776.66,-0.134
2024-12-26 15:00:00,777.07,-0.134
2024-12-26 15:30:00,776.71,-0.134
2024-12-26 16:00:00,776.26,-0.132
2024-12-26 16:30:00,776.08,-0.135
2024-12-26 17:00:00,776.66,-0.134
2024-12-26 17:30:00,777.05,-0.134
2024-12-26 18:00:00,776.78,-0.133
2024-12-26 18:30:00,776.49,-0.133
2024-12-26 19:00:00,776.15,-0.132
2024-12-26 19:30:00,776.27,-0.132
2024-12-26 20:00:00,776.14,-0.134
2024-12-26 20:30:00,775.91,-0.133
2024-12-26 21:00:00,775.43,-0.132
2024-12-26 21:30:00,775.57,-0.13
2024-12-26 22:00:00,775.89,-0.13
2024-12-26 22:30:00,775.46,-0.129
2024-12-26 23:00:00,775.33,-0.129
2024-12-26 23:30:00,775.29,-0.13
2024-12-27 00:00:00,775.04,-0.13
2024-12-27 00:30:00,775.1,-0.132
2024-12-27 01:00:00,774.96,-0.132
2024-12-27 01:30:00,774.97,-0.13
2024-12-27 02:00:00,774.76,-0.13
2024-12-27 02:30:00,774.78,-0.131
2024-12-27 03:00:00,774.67,-0.131
2024-12-27 03:30:00,774.35,-0.131
2024-12-27 04:00:00,773.99,-0.13
2024-12-27 04:30:00,773.61,-0.131
2024-12-27 05:00:00,773.27,-0.13
2024-12-27 05:30:00,772.96,-0.13
2024-12-27 06:00:00,772.69,-0.129
2024-12-27 06:30:00,772.84,-0.13
2024-12-27 07:00:00,772.79,-0.13
2024-12-27 07:30:00,772.65,-0.129
2024-12-27 08:00:00,772.42,-0.13
2024-12-27 08:30:00,772.26,-0.131
2024-12-27 09:00:00,771.97,-0.131
2024-12-27 09:30:00,771.73,-0.129
2024-12-27 10:00:00,771.71,-0.131
2024-12-27 10:30:00,771.5,-0.131
2024-12-27 11:00:00,771.3,-0.133
2024-12-27 11:30:00,771.23,-0.133
2024-12-27 12:00:00,770.76,-0.131
2024-12-27 12:30:00,770.25,-0.131
2024-12-27 13:00:00,770.16,-0.132
2024-12-27 13:30:00,770.42,-0.132
2024-12-27 14:00:00,770.89,-0.13
2024-12-27 14:30:00,771.16,-0.13
2024-12-27 15:00:00,771.7,-0.131
2024-12-27 15:30:00,772.12,-0.132
2024-12-27 16:00:00,772.24,-0.13
2024-12-27 16:30:00,772.77,-0.129
2024-12-27 17:00:00,773.48,-0.132
2024-12-27 17:30:00,774.04,-0.13
2024-12-27 18:00:00,774.56,-0.131
2024-12-27 18:30:00,774.67,-0.131
2024-12-27 19:00:00,774.71,-0.131
2024-12-27 19:30:00,774.65,-0.131
2024-12-27 20:00:00,774.63,-0.132
2024-12-27 20:30:00,774.74,-0.13
2024-12-27 21:00:00,774.57,-0.13
2024-12-27 21:30:00,774.58,-0.129
2024-12-27 22:00:00,774.53,-0.128
2024-12-27 22:30:00,774.65,-0.127
2024-12-27 23:00:00,774.86,-0.127
2024-12-27 23:30:00,774.95,-0.126
2024-12-28 00:00:00,775.12,-0.126
2024-12-28 00:30:00,775.47,-0.124
2024-12-28 01:00:00,775.98,-0.123
2024-12-28 01:30:00,776.13,-0.123
2024-12-28 02:00:00,776.58,-0.123
2024-12-28 02:30:00,776.46,-0.123
2024-12-28 03:00:00,776.79,-0.123
2024-12-28 03:30:00,777.17,-0.123
2024-12-28 04:00:00,777.74,-0.124
2024-12-28 04:30:00,777.79,-0.126
2024-12-28 05:00:00,778.11,-0.124
2024-12-28 05:30:00,778.2,-0.128
2024-12-28 06:00:00,778.15,-0.129
2024-12-28 06:30:00,778.14,-0.127
2024-12-28 07:00:00,778.18,-0.129
2024-12-28 07:30:00,778.24,-0.134
2024-12-28 08:00:00,778.61,-0.13
2024-12-28 08:30:00,778.67,-0.132
2024-12-28 09:00:00,778.54,-0.134
2024-12-28 09:30:00,778.6,-0.134
2024-12-28 10:00:00,778.65,-0.137
2024-12-28 10:30:00,778.5,-0.135
2024-12-28 11:00:00,778.53,-0.136
2024-12-28 11:30:00,778.47,-0.137
2024-12-28 12:00:00,778.42,-0.138
2024-12-28 12:30:00,778.48,-0.137
2024-12-28 13:00:00,778.55,-0.137
2024-12-28 13:30:00,778.67,-0.138
2024-12-28 14:00:00,778.86,-0.139
2024-12-28 14:30:00,779.03,-0.137
2024-12-28 15:00:00,778.92,-0.138
2024-12-28 15:30:00,778.87,-0.139
2024-12-28 16:00:00,779.06,-0.14
2024-12-28 16:30:00,779.27,-0.137
2024-12-28 17:00:00,779.5,-0.136
2024-12-28 17:30:00,779.62,-0.139
2024-12-28 18:00:00,779.69,-0.138
2024-12-28 18:30:00,779.66,-0.137
2024-12-28 19:00:00,779.55,-0.137
2024-12-28 19:30:00,779.33,-0.138
2024-12-28 20:00:00,779.21,-0.138
2024-12-28 20:30:00,779.18,-0.137
2024-12-28 21:00:00,779.03,-0.136
2024-12-28 21:30:00,778.85,-0.135
2024-12-28 22:00:00,778.72,-0.136
2024-12-28 22:30:00,778.7,-0.136
2024-12-28 23:00:00,778.64,-0.135
2024-12-28 23:30:00,778.63,-0.134
2024-12-29 00:00:00,778.7,-0.136
2024-12-29 00:30:00,778.74,-0.135
2024-12-29 01:00:00,778.91,-0.136
2024-12-29 01:30:00,778.96,-0.135
2024-12-29 02:00:00,779.08,-0.136
2024-12-29 02:30:00,779.07,-0.137
2024-12-29 03:00:00,779.08,-0.138
2024-12-29 03:30:00,779.21,-0.137
2024-12-29 04:00:00,779.25,-0.138
2024-12-29 04:30:00,779.29,-0.138
2024-12-29 05:00:00,779.33,-0.138
2024-12-29 05:30:00,779.26,-0.138
2024-12-29 06:00:00,779.18,-0.138
2024-12-29 06:30:00,779.15,-0.138
2024-12-29 07:00:00,779.1,-0.138
2024-12-29 07:30:00,779.04,-0.141
2024-12-29 08:00:00,778.94,-0.137
2024-12-29 08:30:00,778.85,-0.138
2024-12-29 09:00:00,778.74,-0.14
2024-12-29 09:30:00,778.63,-0.141
2024-12-29 10:00:00,778.43,-0.141
2024-12-29 10:30:00,778.41,-0.14
2024-12-29 11:00:00,778.36,-0.14
2024-12-29 11:30:00,778.08,-0.141
2024-12-29 12:00:00,777.63,-0.141
2024-12-29 12:30:00,777.24,-0.141
2024-12-29 13:00:00,776.89,-0.141
2024-12-29 13:30:00,776.61,-0.142
2024-12-29 14:00:00,776.34,-0.14
2024-12-29 14:30:00,776.06,-0.139
2024-12-29 15:00:00,775.8,-0.14
2024-12-29 15:30:00,775.65,-0.141
2024-12-29 16:00:00,775.25,-0.141
2024-12-29 16:30:00,774.93,-0.139
2024-12-29 17:00:00,774.83,-0.138
2024-12-29 17:30:00,774.77,-0.14
2024-12-29 18:00:00,774.82,-0.14
2024-12-29 18:30:00,774.72,-0.14
2024-12-29 19:00:00,774.61,-0.139
2024-12-29 19:30:00,774.44,-0.141
2024-12-29 20:00:00,774.35,-0.136
2024-12-29 20:30:00,774.24,-0.141
2024-12-29 21:00:00,774.13,-0.141
2024-12-29 21:30:00,774.07,-0.14
2024-12-29 22:00:00,773.95,-0.137
2024-12-29 22:30:00,773.88,-0.139
2024-12-29 23:00:00,774.02,-0.138
2024-12-29 23:30:00,774.23,-0.138
2024-12-30 00:00:00,774.86,-0.138
2024-12-30 00:30:00,775.17,-0.138
2024-12-30 01:00:00,775.25,-0.138
2024-12-30 01:30:00,775.43,-0.136
2024-12-30 02:00:00,775.52,-0.137
2024-12-30 02:30:00,775.6,-0.137
2024-12-30 03:00:00,775.77,-0.137
2024-12-30 03:30:00,775.89,-0.136
2024-12-30 04:00:00,776.03,-0.137
2024-12-30 04:30:00,776.12,-0.133
2024-12-30 05:00:00,776.35,-0.134
2024-12-30 05:30:00,776.46,-0.136
2024-12-30 06:00:00,776.57,-0.135
2024-12-30 06:30:00,776.71,-0.135
2024-12-30 07:00:00,776.8,-0.134
2024-12-30 07:30:00,776.86,-0.133
2024-12-30 08:00:00,776.78,-0.133
2024-12-30 08:30:00,776.75,-0.132
2024-12-30 09:00:00,776.73,-0.133
2024-12-30 09:30:00,776.85,-0.134
2024-12-30 10:00:00,777.01,-0.136
2024-12-30 10:30:00,777.03,-0.133
2024-12-30 11:00:00,777.02,-0.135
2024-12-30 11:30:00,776.97,-0.134
2024-12-30 12:00:00,776.96,-0.136
2024-12-30 12:30:00,776.85,-0.135
2024-12-30 13:00:00,776.85,-0.137
2024-12-30 13:30:00,776.91,-0.137
2024-12-30 14:00:00,777.1,-0.137
2024-12-30 14:30:00,777.26,-0.139
2024-12-30 15:00:00,777.52,-0.139
2024-12-30 15:30:00,777.63,-0.139
2024-12-30 16:00:00,777.85,-0.139
2024-12-30 16:30:00,778.05,-0.14
2024-12-30 17:00:00,778.18,-0.141
2024-12-30 17:30:00,778.28,-0.14
2024-12-30 18:00:00,778.31,-0.141
2024-12-30 18:30:00,778.1,-0.141
2024-12-30 19:00:00,777.9,-0.143
2024-12-30 19:30:00,777.66,-0.142
2024-12-30 20:00:00,777.43,-0.142
2024-12-30 20:30:00,777.27,-0.143
2024-12-30 21:00:00,777.19,-0.143
2024-12-30 21:30:00,777.08,-0.144
2024-12-30 22:00:00,776.87,-0.142
2024-12-30 22:30:00,776.85,-0.144
2024-12-30 23:00:00,776.88,-0.144
2024-12-30 23:30:00,776.83,-0.143
2024-12-31 00:00:00,776.69,-0.145
2024-12-31 00:30:00,776.58,-0.143
2024-12-31 01:00:00,776.47,-0.144
2024-12-31 01:30:00,776.34,-0.141
2024-12-31 02:00:00,776.26,-0.142
2024-12-31 02:30:00,776.14,-0.143
2024-12-31 03:00:00,776.18,-0.142
2024-12-31 03:30:00,776.26,-0.142
2024-12-31 04:00:00,776.3,-0.142
2024-12-31 04:30:00,776.26,-0.143
2024-12-31 05:00:00,776.29,-0.142
2024-12-31 05:30:00,776.28,-0.142
2024-12-31 06:00:00,776.42,-0.142
2024-12-31 06:30:00,776.26,-0.143
2024-12-31 07:00:00,776.39,-0.143
2024-12-31 07:30:00,776.41,-0.144
2024-12-31 08:00:00,776.18,-0.143
2024-12-31 08:30:00,776.02,-0.144
2024-12-31 09:00:00,776.09,-0.142
2024-12-31 09:30:00,776.08,-0.142
2024-12-31 10:00:00,776.17,-0.142
2024-12-31 10:30:00,776.21,-0.144
2024-12-31 11:00:00,776.17,-0.143
2024-12-31 11:30:00,776.15,-0.141
2024-12-31 12:00:00,776.01,-0.143
2024-12-31 12:30:00,776.01,-0.141
2024-12-31 13:00:00,775.76,-0.142
2024-12-31 13:30:00,775.8,-0.143
2024-12-31 14:00:00,776.13,-0.143
2024-12-31 14:30:00,776.21,-0.145
2024-12-31 15:00:00,776.3,-0.143
2024-12-31 15:30:00,776.54,-0.142
2024-12-31 16:00:00,776.85,-0.143
2024-12-31 16:30:00,776.86,-0.141
2024-12-31 17:00:00,777.24,-0.142
2024-12-31 17:30:00,777.49,-0.14
2024-12-31 18:00:00,777.38,-0.142
2024-12-31 18:30:00,777.26,-0.143
2024-12-31 19:00:00,777.24,-0.141
2024-12-31 19:30:00,777.07,-0.142
2024-12-31 20:00:00,776.9,-0.142
2024-12-31 20:30:00,776.73,-0.143
2024-12-31 21:00:00,776.57,-0.141
2024-12-31 21:30:00,776.47,-0.143
2024-12-31 22:00:00,776.45,-0.141
2024-12-31 22:30:00,776.4,-0.142
2024-12-31 23:00:00,776.45,-0.141
2024-12-31 23:30:00,776.55,-0.143
2025-01-01 00:00:00,776.55,-0.143
2025-01-01 00:30:00,776.68,-0.143
2025-01-01 01:00:00,776.62,-0.14
2025-01-01 01:30:00,776.66,-0.141
2025-01-01 02:00:00,776.88,-0.141
2025-01-01 02:30:00,777.18,-0.141
2025-01-01 03:00:00,777.38,-0.14
2025-01-01 03:30:00,777.27,-0.142
2025-01-01 04:00:00,777.31,-0.142
2025-01-01 04:30:00,777.44,-0.141
2025-01-01 05:00:00,777.71,-0.14
2025-01-01 05:30:00,777.57,-0.141
2025-01-01 06:00:00,777.89,-0.139
2025-01-01 06:30:00,777.69,-0.141
2025-01-01 07:00:00,777.77,-0.14
2025-01-01 07:30:00,777.84,-0.14
2025-01-01 08:00:00,777.86,-0.141
2025-01-01 08:30:00,777.78,-0.141
2025-01-01 09:00:00,777.84,-0.14
2025-01-01 09:30:00,777.96,-0.141
2025-01-01 10:00:00,778.0,-0.142
2025-01-01 10:30:00,778.06,-0.141
2025-01-01 11:00:00,777.93,-0.14
2025-01-01 11:30:00,777.92,-0.142
2025-01-01 12:00:00,777.92,-0.141
2025-01-01 12:30:00,778.01,-0.141
2025-01-01 13:00:00,778.04,-0.141
2025-01-01 13:30:00,778.01,-0.139
2025-01-01 14:00:00,778.13,-0.14
2025-01-01 14:30:00,778.48,-0.14
2025-01-01 15:00:00,778.66,-0.14
2025-01-01 15:30:00,778.76,-0.139
2025-01-01 16:00:00,778.73,-0.14
2025-01-01 16:30:00,778.85,-0.138
2025-01-01 17:00:00,779.13,-0.14
2025-01-01 17:30:00,779.22,-0.141
2025-01-01 18:00:00,779.38,-0.138
2025-01-01 18:30:00,779.48,-0.139
2025-01-01 19:00:00,779.28,-0.139
2025-01-01 19:30:00,779.1,-0.137
2025-01-01 20:00:00,778.87,-0.138
2025-01-01 20:30:00,778.64,-0.137
2025-01-01 21:00:00,778.35,-0.137
2025-01-01 21:30:00,778.25,-0.137
2025-01-01 22:00:00,778.17,-0.138
2025-01-01 22:30:00,778.26,-0.138
2025-01-01 23:00:00,778.27,-0.136
2025-01-01 23:30:00,778.39,-0.136
2025-01-02 00:00:00,778.43,-0.134
2025-01-02 00:30:00,778.41,-0.136
2025-01-02 01:00:00,778.46,-0.134
2025-01-02 01:30:00,778.64,-0.134
2025-01-02 02:00:00,778.74,-0.135
2025-01-02 02:30:00,779.06,-0.136
2025-01-02 03:00:00,779.22,-0.135
2025-01-02 03:30:00,779.34,-0.136
2025-01-02 04:00:00,779.34,-0.136
2025-01-02 04:30:00,779.58,-0.136
2025-01-02 05:00:00,779.69,-0.136
2025-01-02 05:30:00,779.77,-0.136
2025-01-02 06:00:00,779.82,-0.136
2025-01-02 06:30:00,779.96,-0.135
2025-01-02 07:00:00,780.01,-0.136
2025-01-02 07:30:00,780.09,-0.134
2025-01-02 08:00:00,780.16,-0.135
2025-01-02 08:30:00,780.24,-0.135
2025-01-02 09:00:00,780.27,-0.134
2025-01-02 09:30:00,780.28,-0.135
2025-01-02 10:00:00,780.46,-0.135
2025-01-02 10:30:00,780.6,-0.135
2025-01-02 11:00:00,780.71,-0.135
2025-01-02 11:30:00,780.66,-0.135
2025-01-02 12:00:00,780.59,-0.136
2025-01-02 12:30:00,780.4,-0.136
2025-01-02 13:00:00,780.32,-0.134
2025-01-02 13:30:00,780.33,-0.135
2025-01-02 14:00:00,780.28,-0.136
2025-01-02 14:30:00,780.26,-0.136
2025-01-02 15:00:00,780.35,-0.133
2025-01-02 15:30:00,780.35,-0.135
2025-01-02 16:00:00,780.38,-0.137
2025-01-02 16:30:00,780.52,-0.136
2025-01-02 17:00:00,780.49,-0.135
2025-01-02 17:30:00,780.51,-0.138
2025-01-02 18:00:00,780.55,-0.139
2025-01-02 18:30:00,780.46,-0.137
2025-01-02 19:00:00,780.29,-0.135
2025-01-02 19:30:00,780.08,-0.136
2025-01-02 20:00:00,779.67,-0.134
2025-01-02 20:30:00,779.33,-0.134
2025-01-02 21:00:00,779.04,-0.135
2025-01-02 21:30:00,778.75,-0.136
2025-01-02 22:00:00,778.67,-0.134
2025-01-02 22:30:00,778.57,-0.133
2025-01-02 23:00:00,778.64,-0.133
2025-01-02 23:30:00,778.62,-0.133
2025-01-03 00:00:00,778.5,-0.134
2025-01-03 00:30:00,778.45,-0.134
2025-01-03 01:00:00,778.44,-0.136
2025-01-03 01:30:00,778.43,-0.134
2025-01-03 02:00:00,778.41,-0.135
2025-01-03 02:30:00,778.37,-0.135
2025-01-03 03:00:00,778.41,-0.134
2025-01-03 03:30:00,778.39,-0.135
2025-01-03 04:00:00,778.35,-0.135
2025-01-03 04:30:00,778.29,-0.136
2025-01-03 05:00:00,778.22,-0.136
2025-01-03 05:30:00,778.11,-0.134
2025-01-03 06:00:00,778.11,-0.136
2025-01-03 06:30:00,778.08,-0.136
2025-01-03 07:00:00,777.97,-0.135
2025-01-03 07:30:00,777.94,-0.137
2025-01-03 08:00:00,777.77,-0.136
2025-01-03 08:30:00,777.64,-0.137
2025-01-03 09:00:00,777.42,-0.137
2025-01-03 09:30:00,777.39,-0.138
2025-01-03 10:00:00,777.19,-0.138
2025-01-03 10:30:00,777.1,-0.139
2025-01-03 11:00:00,776.98,-0.138
2025-01-03 11:30:00,776.53,-0.139
2025-01-03 12:00:00,776.35,-0.139
2025-01-03 12:30:00,776.17,-0.139
2025-01-03 13:00:00,775.92,-0.138
2025-01-03 13:30:00,775.69,-0.137
2025-01-03 14:00:00,775.6,-0.141
2025-01-03 14:30:00,775.44,-0.138
2025-01-03 15:00:00,775.29,-0.138
2025-01-03 15:30:00,775.28,-0.138
2025-01-03 16:00:00,775.3,-0.139
2025-01-03 16:30:00,775.04,-0.138
2025-01-03 17:00:00,774.81,-0.137
2025-01-03 17:30:00,774.96,-0.14
2025-01-03 18:00:00,774.97,-0.138
2025-01-03 18:30:00,775.07,-0.135
2025-01-03 19:00:00,774.58,-0.136
2025-01-03 19:30:00,774.03,-0.135
2025-01-03 20:00:00,773.52,-0.133
2025-01-03 20:30:00,772.99,-0.134
2025-01-03 21:00:00,772.58,-0.136
2025-01-03 21:30:00,772.05,-0.137
2025-01-03 22:00:00,771.05,-0.137
2025-01-03 22:30:00,770.72,-0.137
2025-01-03 23:00:00,771.04,-0.134
2025-01-03 23:30:00,771.06,-0.134
2025-01-04 00:00:00,771.08,-0.134
2025-01-04 00:30:00,770.95,-0.132
2025-01-04 01:00:00,770.97,-0.133
2025-01-04 01:30:00,771.04,-0.132
2025-01-04 02:00:00,771.18,-0.134
2025-01-04 02:30:00,771.42,-0.136
2025-01-04 03:00:00,771.39,-0.135
2025-01-04 03:30:00,771.28,-0.136
2025-01-04 04:00:00,771.46,-0.136
2025-01-04 04:30:00,771.47,-0.137
2025-01-04 05:00:00,771.49,-0.137
2025-01-04 05:30:00,771.79,-0.139
2025-01-04 06:00:00,772.19,-0.136
2025-01-04 06:30:00,772.56,-0.139
2025-01-04 07:00:00,772.44,-0.138
2025-01-04 07:30:00,772.4,-0.139
2025-01-04 08:00:00,772.33,-0.141
2025-01-04 08:30:00,772.36,-0.141
2025-01-04 09:00:00,772.46,-0.139
2025-01-04 09:30:00,772.78,-0.139
2025-01-04 10:00:00,773.06,-0.14
2025-01-04 10:30:00,773.06,-0.139
2025-01-04 11:00:00,773.2,-0.142
2025-01-04 11:30:00,773.3,-0.141
2025-01-04 12:00:00,773.51,-0.141
2025-01-04 12:30:00,773.5,-0.139
2025-01-04 13:00:00,773.88,-0.139
2025-01-04 13:30:00,773.75,-0.139
2025-01-04 14:00:00,773.85,-0.14
2025-01-04 14:30:00,773.78,-0.139
2025-01-04 15:00:00,774.01,-0.139
2025-01-04 15:30:00,774.24,-0.138
2025-01-04 16:00:00,774.49,-0.138
2025-01-04 16:30:00,774.76,-0.138
2025-01-04 17:00:00,775.0,-0.139
2025-01-04 17:30:00,775.12,-0.139
2025-01-04 18:00:00,775.21,-0.139
2025-01-04 18:30:00,775.43,-0.139
2025-01-04 19:00:00,775.45,-0.14
2025-01-04 19:30:00,775.43,-0.139
2025-01-04 20:00:00,775.65,-0.14
2025-01-04 20:30:00,775.56,-0.141
2025-01-04 21:00:00,775.63,-0.14
2025-01-04 21:30:00,775.68,-0.141
2025-01-04 22:00:00,775.77,-0.14
2025-01-04 22:30:00,775.89,-0.143
2025-01-04 23:00:00,775.99,-0.143
2025-01-04 23:30:00,776.24,-0.144
2025-01-05 00:00:00,776.38,-0.144
2025-01-05 00:30:00,776.54,-0.144
2025-01-05 01:00:00,777.11,-0.144
2025-01-05 01:30:00,777.52,-0.145
2025-01-05 02:00:00,777.58,-0.143
2025-01-05 02:30:00,777.8,-0.145
2025-01-05 03:00:00,777.96,-0.145
2025-01-05 03:30:00,778.24,-0.146
2025-01-05 04:00:00,778.38,-0.145
2025-01-05 04:30:00,778.54,-0.144
2025-01-05 05:00:00,778.52,-0.147
2025-01-05 05:30:00,778.8,-0.144
2025-01-05 06:00:00,779.17,-0.146
2025-01-05 06:30:00,779.32,-0.145
2025-01-05 07:00:00,779.64,-0.145
2025-01-05 07:30:00,779.83,-0.145
2025-01-05 08:00:00,779.81,-0.146
2025-01-05 08:30:00,779.8,-0.146
2025-01-05 09:00:00,779.73,-0.146
2025-01-05 09:30:00,779.61,-0.147
2025-01-05 10:00:00,779.55,-0.146
2025-01-05 10:30:00,779.42,-0.147
2025-01-05 11:00:00,779.4,-0.146
2025-01-05 11:30:00,779.29,-0.147
2025-01-05 12:00:00,779.15,-0.147
2025-01-05 12:30:00,779.16,-0.146
2025-01-05 13:00:00,779.24,-0.146
2025-01-05 13:30:00,779.28,-0.145
2025-01-05 14:00:00,779.33,-0.145
2025-01-05 14:30:00,779.72,-0.145
2025-01-05 15:00:00,779.77,-0.144
2025-01-05 15:30:00,779.72,-0.144
2025-01-05 16:00:00,779.81,-0.145
2025-01-05 16:30:00,780.03,-0.144
2025-01-05 17:00:00,780.0,-0.143
2025-01-05 17:30:00,780.19,-0.145
2025-01-05 18:00:00,780.42,-0.145
2025-01-05 18:30:00,780.39,-0.146
2025-01-05 19:00:00,780.32,-0.142
2025-01-05 19:30:00,780.02,-0.144
2025-01-05 20:00:00,779.85,-0.142
2025-01-05 20:30:00,779.66,-0.143
2025-01-05 21:00:00,779.61,-0.142
2025-01-05 21:30:00,779.34,-0.143
2025-01-05 22:00:00,779.37,-0.142
2025-01-05 22:30:00,779.39,-0.143
2025-01-05 23:00:00,779.54,-0.143
2025-01-05 23:30:00,779.65,-0.143
2025-01-06 00:00:00,779.82,-0.141
2025-01-06 00:30:00,779.77,-0.141
2025-01-06 01:00:00,779.95,-0.142
2025-01-06 01:30:00,780.14,-0.142
2025-01-06 02:00:00,780.2,-0.14
2025-01-06 02:30:00,780.29,-0.14
2025-01-06 03:00:00,780.37,-0.142
2025-01-06 03:30:00,780.41,-0.142
2025-01-06 04:00:00,780.56,-0.14
2025-01-06 04:30:00,780.74,-0.142
2025-01-06 05:00:00,780.84,-0.142
2025-01-06 05:30:00,780.99,-0.142
2025-01-06 06:00:00,781.01,-0.141
2025-01-06 06:30:00,781.01,-0.141
2025-01-06 07:00:00,780.94,-0.141
2025-01-06 07:30:00,780.96,-0.14
2025-01-06 08:00:00,780.72,-0.141
2025-01-06 08:30:00,780.48,-0.142
2025-01-06 09:00:00,780.25,-0.142
2025-01-06 09:30:00,780.01,-0.142
2025-01-06 10:00:00,779.79,-0.143
2025-01-06 10:30:00,779.65,-0.143
2025-01-06 11:00:00,779.4,-0.143
2025-01-06 11:30:00,779.14,-0.143
2025-01-06 12:00:00,778.76,-0.143
2025-01-06 12:30:00,778.54,-0.143
2025-01-06 13:00:00,778.58,-0.143
2025-01-06 13:30:00,778.44,-0.141
2025-01-06 14:00:00,778.38,-0.143
2025-01-06 14:30:00,778.15,-0.141
2025-01-06 15:00:00,778.05,-0.143
2025-01-06 15:30:00,778.14,-0.143
2025-01-06 16:00:00,778.06,-0.144
2025-01-06 16:30:00,778.1,-0.141
2025-01-06 17:00:00,778.15,-0.143
2025-01-06 17:30:00,778.02,-0.144
2025-01-06 18:00:00,777.87,-0.142
2025-01-06 18:30:00,777.73,-0.142
2025-01-06 19:00:00,777.38,-0.142
2025-01-06 19:30:00,777.0,-0.141
2025-01-06 20:00:00,776.56,-0.139
2025-01-06 20:30:00,776.16,-0.141
2025-01-06 21:00:00,775.7,-0.14
2025-01-06 21:30:00,775.31,-0.14
2025-01-06 22:00:00,774.95,-0.14
2025-01-06 22:30:00,774.78,-0.141
2025-01-06 23:00:00,774.61,-0.139
2025-01-06 23:30:00,774.56,-0.14
2025-01-07 00:00:00,774.57,-0.14
2025-01-07 00:30:00,774.56,-0.139
2025-01-07 01:00:00,774.54,-0.138
2025-01-07 01:30:00,774.48,-0.14
2025-01-07 02:00:00,774.52,-0.139
2025-01-07 02:30:00,774.53,-0.138
2025-01-07 03:00:00,774.77,-0.139
2025-01-07 03:30:00,774.8,-0.138
2025-01-07 04:00:00,774.81,-0.138
2025-01-07 04:30:00,774.84,-0.139
2025-01-07 05:00:00,774.77,-0.139
2025-01-07 05:30:00,774.94,-0.139
2025-01-07 06:00:00,775.1,-0.139
2025-01-07 06:30:00,775.2,-0.139
2025-01-07 07:00:00,775.73,-0.139
2025-01-07 07:30:00,775.63,-0.14
2025-01-07 08:00:00,775.47,-0.139
2025-01-07 08:30:00,775.44,-0.139
2025-01-07 09:00:00,775.45,-0.14
2025-01-07 09:30:00,775.3,-0.14
2025-01-07 10:00:00,775.34,-0.139
2025-01-07 10:30:00,775.27,-0.138
2025-01-07 11:00:00,775.48,-0.14
2025-01-07 11:30:00,775.31,-0.139
2025-01-07 12:00:00,775.06,-0.141
2025-01-07 12:30:00,774.76,-0.143
2025-01-07 13:00:00,774.2,-0.143
2025-01-07 13:30:00,774.0,-0.143
2025-01-07 14:00:00,774.31,-0.141
2025-01-07 14:30:00,775.12,-0.142
2025-01-07 15:00:00,775.85,-0.141
2025-01-07 15:30:00,776.19,-0.144
2025-01-07 16:00:00,776.48,-0.145
2025-01-07 16:30:00,776.75,-0.142
2025-01-07 17:00:00,777.0,-0.145
2025-01-07 17:30:00,777.44,-0.144
2025-01-07 18:00:00,777.66,-0.141
2025-01-07 18:30:00,777.78,-0.142
2025-01-07 19:00:00,778.01,-0.141
2025-01-07 19:30:00,777.58,-0.142
2025-01-07 20:00:00,777.42,-0.142
2025-01-07 20:30:00,776.97,-0.141
2025-01-07 21:00:00,776.79,-0.141
2025-01-07 21:30:00,776.49,-0.14
2025-01-07 22:00:00,776.1,-0.141
2025-01-07 22:30:00,775.94,-0.14
2025-01-07 23:00:00,775.98,-0.14
2025-01-07 23:30:00,776.14,-0.14
2025-01-08 00:00:00,776.09,-0.139
2025-01-08 00:30:00,776.22,-0.14
2025-01-08 01:00:00,776.37,-0.14
2025-01-08 01:30:00,776.44,-0.139
2025-01-08 02:00:00,776.76,-0.141
2025-01-08 02:30:00,776.65,-0.14
2025-01-08 03:00:00,776.79,-0.14
2025-01-08 03:30:00,776.52,-0.138
2025-01-08 04:00:00,776.4,-0.14
2025-01-08 04:30:00,776.51,-0.14
2025-01-08 05:00:00,777.11,-0.141
2025-01-08 05:30:00,777.57,-0.142
2025-01-08 06:00:00,777.78,-0.143
2025-01-08 06:30:00,778.13,-0.146
2025-01-08 07:00:00,778.1,-0.145
2025-01-08 07:30:00,778.25,-0.146
2025-01-08 08:00:00,778.07,-0.146
2025-01-08 08:30:00,777.99,-0.147
2025-01-08 09:00:00,777.83,-0.147
2025-01-08 09:30:00,777.7,-0.147
2025-01-08 10:00:00,777.45,-0.146
2025-01-08 10:30:00,777.47,-0.147
2025-01-08 11:00:00,777.43,-0.149
2025-01-08 11:30:00,777.5,-0.146
2025-01-08 12:00:00,777.51,-0.148
2025-01-08 12:30:00,777.62,-0.146
2025-01-08 13:00:00,777.85,-0.147
2025-01-08 13:30:00,778.33,-0.149
2025-01-08 14:00:00,778.45,-0.145
2025-01-08 14:30:00,778.41,-0.147
2025-01-08 15:00:00,778.62,-0.147
2025-01-08 15:30:00,778.77,-0.147
2025-01-08 16:00:00,778.87,-0.145
2025-01-08 16:30:00,778.98,-0.148
2025-01-08 17:00:00,779.07,-0.146
2025-01-08 17:30:00,779.92,-0.146
2025-01-08 18:00:00,779.8,-0.145
2025-01-08 18:30:00,779.7,-0.145
2025-01-08 19:00:00,779.86,-0.145
2025-01-08 19:30:00,779.61,-0.143
2025-01-08 20:00:00,779.34,-0.142
2025-01-08 20:30:00,779.15,-0.14
2025-01-08 21:00:00,778.64,-0.139
2025-01-08 21:30:00,778.29,-0.137
2025-01-08 22:00:00,778.47,-0.137
2025-01-08 22:30:00,778.64,-0.137
2025-01-08 23:00:00,778.7,-0.135
2025-01-08 23:30:00,778.51,-0.135
2025-01-09 00:00:00,778.48,-0.134
2025-01-09 00:30:00,778.71,-0.136
2025-01-09 01:00:00,779.11,-0.134
2025-01-09 01:30:00,779.28,-0.134
2025-01-09 02:00:00,779.72,-0.134
2025-01-09 02:30:00,780.13,-0.136
2025-01-09 03:00:00,780.16,-0.135
2025-01-09 03:30:00,780.21,-0.138
2025-01-09 04:00:00,780.31,-0.136
2025-01-09 04:30:00,780.49,-0.139
2025-01-09 05:00:00,780.43,-0.139
2025-01-09 05:30:00,780.24,-0.14
2025-01-09 06:00:00,780.27,-0.141
2025-01-09 06:30:00,780.44,-0.143
2025-01-09 07:00:00,780.19,-0.141
2025-01-09 07:30:00,779.99,-0.143
2025-01-09 08:00:00,779.62,-0.144
2025-01-09 08:30:00,779.27,-0.144
2025-01-09 09:00:00,779.09,-0.145
2025-01-09 09:30:00,778.95,-0.144
2025-01-09 10:00:00,778.98,-0.144
2025-01-09 10:30:00,779.32,-0.143
2025-01-09 11:00:00,779.41,-0.144
2025-01-09 11:30:00,779.51,-0.145
2025-01-09 12:00:00,779.68,-0.141
2025-01-09 12:30:00,779.88,-0.144
2025-01-09 13:00:00,779.9,-0.144
2025-01-09 13:30:00,780.07,-0.143
2025-01-09 14:00:00,780.12,-0.144
2025-01-09 14:30:00,780.07,-0.145
2025-01-09 15:00:00,779.97,-0.143
2025-01-09 15:30:00,779.92,-0.142
2025-01-09 16:00:00,780.06,-0.144
2025-01-09 16:30:00,780.4,-0.146
2025-01-09 17:00:00,780.59,-0.144
2025-01-09 17:30:00,780.83,-0.145
2025-01-09 18:00:00,780.87,-0.146
2025-01-09 18:30:00,780.8,-0.147
2025-01-09 19:00:00,780.7,-0.145
2025-01-09 19:30:00,780.65,-0.146
2025-01-09 20:00:00,780.36,-0.144
2025-01-09 20:30:00,780.06,-0.145
2025-01-09 21:00:00,779.79,-0.145
2025-01-09 21:30:00,779.4,-0.144
2025-01-09 22:00:00,779.34,-0.143
2025-01-09 22:30:00,779.39,-0.142
2025-01-09 23:00:00,779.6,-0.143
2025-01-09 23:30:00,779.8,-0.143
2025-01-10 00:00:00,779.83,-0.143
2025-01-10 00:30:00,780.27,-0.14
2025-01-10 01:00:00,780.53,-0.142
2025-01-10 01:30:00,780.99,-0.143
2025-01-10 02:00:00,781.11,-0.141
2025-01-10 02:30:00,781.22,-0.139
2025-01-10 03:00:00,781.02,-0.141
2025-01-10 03:30:00,781.05,-0.141
2025-01-10 04:00:00,781.18,-0.142
2025-01-10 04:30:00,781.81,-0.14
2025-01-10 05:00:00,782.14,-0.142
2025-01-10 05:30:00,782.42,-0.142
2025-01-10 06:00:00,782.55,-0.144
2025-01-10 06:30:00,782.73,-0.144
2025-01-10 07:00:00,783.24,-0.143
2025-01-10 07:30:00,783.58,-0.144
2025-01-10 08:00:00,783.23,-0.144
2025-01-10 08:30:00,783.12,-0.145
2025-01-10 09:00:00,782.98,-0.146
2025-01-10 09:30:00,782.85,-0.146
2025-01-10 10:00:00,782.73,-0.145
2025-01-10 10:30:00,782.63,-0.144
2025-01-10 11:00:00,782.61,-0.145
2025-01-10 11:30:00,782.76,-0.145
2025-01-10 12:00:00,782.97,-0.144
2025-01-10 12:30:00,782.91,-0.144
2025-01-10 13:00:00,782.88,-0.143
2025-01-10 13:30:00,782.92,-0.142
2025-01-10 14:00:00,782.79,-0.144
2025-01-10 14:30:00,782.81,-0.143
2025-01-10 15:00:00,782.76,-0.141
2025-01-10 15:30:00,783.05,-0.142
2025-01-10 16:00:00,783.24,-0.143
2025-01-10 16:30:00,783.11,-0.142
2025-01-10 17:00:00,783.23,-0.143
2025-01-10 17:30:00,783.24,-0.144
2025-01-10 18:00:00,783.16,-0.143
2025-01-10 18:30:00,783.07,-0.142
2025-01-10 19:00:00,782.89,-0.141
2025-01-10 19:30:00,782.59,-0.143
2025-01-10 20:00:00,782.15,-0.142
2025-01-10 20:30:00,781.79,-0.142
2025-01-10 21:00:00,781.54,-0.142
2025-01-10 21:30:00,781.43,-0.142
2025-01-10 22:00:00,781.25,-0.14
2025-01-10 22:30:00,781.06,-0.14
2025-01-10 23:00:00,780.91,-0.139
2025-01-10 23:30:00,781.03,-0.139
2025-01-11 00:00:00,781.01,-0.139
2025-01-11 00:30:00,780.8,-0.138
2025-01-11 01:00:00,780.52,-0.138
2025-01-11 01:30:00,780.34,-0.138
2025-01-11 02:00:00,780.4,-0.14
2025-01-11 02:30:00,780.45,-0.139
2025-01-11 03:00:00,780.36,-0.14
2025-01-11 03:30:00,780.38,-0.139
2025-01-11 04:00:00,780.45,-0.139
2025-01-11 04:30:00,780.25,-0.14
2025-01-11 05:00:00,780.12,-0.142
2025-01-11 05:30:00,779.86,-0.143
2025-01-11 06:00:00,779.69,-0.141
2025-01-11 06:30:00,779.48,-0.142
2025-01-11 07:00:00,779.24,-0.139
2025-01-11 07:30:00,778.96,-0.141
2025-01-11 08:00:00,778.72,-0.142
2025-01-11 08:30:00,778.38,-0.141
2025-01-11 09:00:00,777.88,-0.141
2025-01-11 09:30:00,777.66,-0.14
2025-01-11 10:00:00,777.48,-0.141
2025-01-11 10:30:00,777.3,-0.142
2025-01-11 11:00:00,777.11,-0.14
2025-01-11 11:30:00,776.84,-0.14
2025-01-11 12:00:00,776.57,-0.14
2025-01-11 12:30:00,776.47,-0.139
2025-01-11 13:00:00,776.71,-0.141
2025-01-11 13:30:00,776.82,-0.143
2025-01-11 14:00:00,776.84,-0.142
2025-01-11 14:30:00,777.09,-0.142
2025-01-11 15:00:00,777.03,-0.142
2025-01-11 15:30:00,777.16,-0.144
2025-01-11 16:00:00,777.2,-0.143
2025-01-11 16:30:00,777.1,-0.143
2025-01-11 17:00:00,777.05,-0.143
2025-01-11 17:30:00,777.03,-0.146
2025-01-11 18:00:00,776.84,-0.143
2025-01-11 18:30:00,776.6,-0.144
2025-01-11 19:00:00,776.42,-0.145
2025-01-11 19:30:00,775.94,-0.146
2025-01-11 20:00:00,775.48,-0.144
2025-01-11 20:30:00,774.9,-0.145
2025-01-11 21:00:00,774.77,-0.145
2025-01-11 21:30:00,774.54,-0.146
2025-01-11 22:00:00,774.59,-0.145
2025-01-11 22:30:00,774.54,-0.147
2025-01-11 23:00:00,774.62,-0.145
2025-01-11 23:30:00,774.62,-0.146
2025-01-12 00:00:00,774.97,-0.145
2025-01-12 00:30:00,774.84,-0.144
2025-01-12 01:00:00,774.86,-0.145
2025-01-12 01:30:00,775.07,-0.143
2025-01-12 02:00:00,775.02,-0.145
2025-01-12 02:30:00,775.06,-0.143
2025-01-12 03:00:00,775.0,-0.143
2025-01-12 03:30:00,775.03,-0.145
2025-01-12 04:00:00,774.69,-0.143
2025-01-12 04:30:00,774.43,-0.144
2025-01-12 05:00:00,774.17,-0.144
2025-01-12 05:30:00,774.48,-0.144
2025-01-12 06:00:00,774.7,-0.143
2025-01-12 06:30:00,774.94,-0.142
2025-01-12 07:00:00,775.22,-0.142
2025-01-12 07:30:00,775.02,-0.144
2025-01-12 08:00:00,774.91,-0.144
2025-01-12 08:30:00,774.54,-0.144
2025-01-12 09:00:00,774.34,-0.144
2025-01-12 09:30:00,774.12,-0.143
2025-01-12 10:00:00,773.91,-0.144
2025-01-12 10:30:00,773.95,-0.144
2025-01-12 11:00:00,773.76,-0.146
2025-01-12 11:30:00,773.69,-0.144
2025-01-12 12:00:00,773.22,-0.145
2025-01-12 12:30:00,773.15,-0.146
2025-01-12 13:00:00,772.89,-0.143
2025-01-12 13:30:00,772.82,-0.143
2025-01-12 14:00:00,772.92,-0.144
2025-01-12 14:30:00,773.04,-0.145
2025-01-12 15:00:00,773.22,-0.147
2025-01-12 15:30:00,773.41,-0.146
2025-01-12 16:00:00,773.56,-0.146
2025-01-12 16:30:00,773.57,-0.147
2025-01-12 17:00:00,773.84,-0.147
2025-01-12 17:30:00,773.88,-0.145
2025-01-12 18:00:00,773.75,-0.145
2025-01-12 18:30:00,773.77,-0.145
2025-01-12 19:00:00,773.64,-0.145
2025-01-12 19:30:00,773.47,-0.143
2025-01-12 20:00:00,773.09,-0.145
2025-01-12 20:30:00,773.07,-0.145
2025-01-12 21:00:00,773.07,-0.144
2025-01-12 21:30:00,772.94,-0.145
2025-01-12 22:00:00,772.87,-0.144
2025-01-12 22:30:00,772.68,-0.144
2025-01-12 23:00:00,772.73,-0.142
2025-01-12 23:30:00,772.78,-0.142
2025-01-13 00:00:00,772.71,-0.144
2025-01-13 00:30:00,772.4,-0.145
2025-01-13 01:00:00,772.63,-0.143
2025-01-13 01:30:00,772.69,-0.142
2025-01-13 02:00:00,772.76,-0.141
2025-01-13 02:30:00,772.89,-0.144
2025-01-13 03:00:00,772.92,-0.144
2025-01-13 03:30:00,772.84,-0.142
2025-01-13 04:00:00,772.8,-0.144
2025-01-13 04:30:00,772.59,-0.144
2025-01-13 05:00:00,772.51,-0.143
2025-01-13 05:30:00,772.67,-0.144
2025-01-13 06:00:00,772.79,-0.142
2025-01-13 06:30:00,772.85,-0.143
2025-01-13 07:00:00,772.92,-0.144
2025-01-13 07:30:00,773.0,-0.143
2025-01-13 08:00:00,773.13,-0.144
2025-01-13 08:30:00,773.26,-0.145
2025-01-13 09:00:00,773.48,-0.145
2025-01-13 09:30:00,774.06,-0.143
2025-01-13 10:00:00,774.03,-0.144
2025-01-13 10:30:00,774.0,-0.146
2025-01-13 11:00:00,774.09,-0.145
2025-01-13 11:30:00,773.92,-0.144
2025-01-13 12:00:00,773.67,-0.146
2025-01-13 12:30:00,773.56,-0.145
2025-01-13 13:00:00,773.62,-0.145
2025-01-13 13:30:00,773.49,-0.148
2025-01-13 14:00:00,773.86,-0.146
2025-01-13 14:30:00,774.25,-0.144
2025-01-13 15:00:00,774.52,-0.144
2025-01-13 15:30:00,774.93,-0.145
2025-01-13 16:00:00,775.42,-0.145
2025-01-13 16:30:00,775.73,-0.145
2025-01-13 17:00:00,776.11,-0.146
2025-01-13 17:30:00,776.41,-0.145
2025-01-13 18:00:00,776.7,-0.146
2025-01-13 18:30:00,776.93,-0.146
2025-01-13 19:00:00,776.92,-0.145
2025-01-13 19:30:00,776.83,-0.145
2025-01-13 20:00:00,776.65,-0.145
2025-01-13 20:30:00,776.52,-0.145
2025-01-13 21:00:00,776.24,-0.145
2025-01-13 21:30:00,776.07,-0.146
2025-01-13 22:00:00,776.09,-0.144
2025-01-13 22:30:00,776.23,-0.144
2025-01-13 23:00:00,776.29,-0.143
2025-01-13 23:30:00,776.46,-0.143
2025-01-14 00:00:00,776.51,-0.142
2025-01-14 00:30:00,776.63,-0.143
2025-01-14 01:00:00,776.87,-0.143
2025-01-14 01:30:00,777.14,-0.141
2025-01-14 02:00:00,777.27,-0.143
2025-01-14 02:30:00,777.43,-0.142
2025-01-14 03:00:00,777.54,-0.142
2025-01-14 03:30:00,777.94,-0.144
2025-01-14 04:00:00,778.39,-0.143
2025-01-14 04:30:00,778.77,-0.145
2025-01-14 05:00:00,779.13,-0.144
2025-01-14 05:30:00,779.34,-0.142
2025-01-14 06:00:00,779.49,-0.143
2025-01-14 06:30:00,779.64,-0.146
2025-01-14 07:00:00,779.61,-0.145
2025-01-14 07:30:00,779.56,-0.145
2025-01-14 08:00:00,779.44,-0.144
2025-01-14 08:30:00,779.43,-0.143
2025-01-14 09:00:00,779.58,-0.144
2025-01-14 09:30:00,779.77,-0.145
2025-01-14 10:00:00,779.7,-0.145
2025-01-14 10:30:00,779.51,-0.148
2025-01-14 11:00:00,779.48,-0.144
2025-01-14 11:30:00,779.49,-0.146
2025-01-14 12:00:00,779.34,-0.147
2025-01-14 12:30:00,779.13,-0.144
2025-01-14 13:00:00,779.14,-0.146
2025-01-14 13:30:00,779.3,-0.148
2025-01-14 14:00:00,779.34,-0.146
2025-01-14 14:30:00,779.68,-0.145
2025-01-14 15:00:00,779.83,-0.147
2025-01-14 15:30:00,780.17,-0.144
2025-01-14 16:00:00,780.37,-0.146
2025-01-14 16:30:00,780.65,-0.146
2025-01-14 17:00:00,780.94,-0.144
2025-01-14 17:30:00,781.0,-0.145
2025-01-14 18:00:00,781.1,-0.144
2025-01-14 18:30:00,781.14,-0.144
2025-01-14 19:00:00,781.17,-0.145
2025-01-14 19:30:00,780.98,-0.143
2025-01-14 20:00:00,780.74,-0.143
2025-01-14 20:30:00,780.44,-0.143
2025-01-14 21:00:00,780.22,-0.143
2025-01-14 21:30:00,780.01,-0.143
2025-01-14 22:00:00,779.93,-0.141
2025-01-14 22:30:00,779.87,-0.143
2025-01-14 23:00:00,780.04,-0.143
2025-01-14 23:30:00,780.15,-0.143
2025-01-15 00:00:00,780.26,-0.143
2025-01-15 00:30:00,780.36,-0.142
2025-01-15 01:00:00,780.43,-0.144
2025-01-15 01:30:00,780.33,-0.143
2025-01-15 02:00:00,780.35,-0.144
2025-01-15 02:30:00,780.34,-0.143
2025-01-15 03:00:00,780.29,-0.143
2025-01-15 03:30:00,780.33,-0.143
2025-01-15 04:00:00,780.4,-0.142
2025-01-15 04:30:00,780.5,-0.143
2025-01-15 05:00:00,780.72,-0.143
2025-01-15 05:30:00,780.92,-0.143
2025-01-15 06:00:00,781.22,-0.143
2025-01-15 06:30:00,781.49,-0.143
2025-01-15 07:00:00,781.52,-0.143
2025-01-15 07:30:00,781.4,-0.143
2025-01-15 08:00:00,781.22,-0.144
2025-01-15 08:30:00,781.07,-0.142
2025-01-15 09:00:00,780.96,-0.144
2025-01-15 09:30:00,780.98,-0.142
2025-01-15 10:00:00,780.95,-0.144
2025-01-15 10:30:00,781.03,-0.143
2025-01-15 11:00:00,781.12,-0.144
2025-01-15 11:30:00,780.94,-0.143
2025-01-15 12:00:00,780.85,-0.145
2025-01-15 12:30:00,780.79,-0.144
2025-01-15 13:00:00,780.7,-0.144
2025-01-15 13:30:00,780.67,-0.144
2025-01-15 14:00:00,780.59,-0.145
2025-01-15 14:30:00,780.66,-0.145
2025-01-15 15:00:00,780.67,-0.144
2025-01-15 15:30:00,780.79,-0.146
2025-01-15 16:00:00,780.89,-0.147
2025-01-15 16:30:00,780.97,-0.144
2025-01-15 17:00:00,780.97,-0.146
2025-01-15 17:30:00,781.04,-0.147
2025-01-15 18:00:00,781.07,-0.144
2025-01-15 18:30:00,780.96,-0.145
2025-01-15 19:00:00,780.82,-0.145
2025-01-15 19:30:00,780.6,-0.145
2025-01-15 20:00:00,780.27,-0.143
2025-01-15 20:30:00,779.9,-0.144
2025-01-15 21:00:00,779.55,-0.142
2025-01-15 21:30:00,779.26,-0.144
2025-01-15 22:00:00,778.94,-0.141
2025-01-15 22:30:00,778.71,-0.142
2025-01-15 23:00:00,778.64,-0.141
2025-01-15 23:30:00,778.6,-0.14
2025-01-16 00:00:00,778.57,-0.141
2025-01-16 00:30:00,778.58,-0.142
2025-01-16 01:00:00,778.55,-0.141
2025-01-16 01:30:00,778.67,-0.143
2025-01-16 02:00:00,778.64,-0.142
2025-01-16 02:30:00,778.68,-0.141
2025-01-16 03:00:00,778.65,-0.142
2025-01-16 03:30:00,778.64,-0.142
2025-01-16 04:00:00,778.64,-0.143
2025-01-16 04:30:00,778.62,-0.143
2025-01-16 05:00:00,778.71,-0.142
2025-01-16 05:30:00,778.73,-0.143
2025-01-16 06:00:00,778.76,-0.143
2025-01-16 06:30:00,778.81,-0.142
2025-01-16 07:00:00,778.86,-0.143
2025-01-16 07:30:00,778.73,-0.143
2025-01-16 08:00:00,778.73,-0.143
2025-01-16 08:30:00,778.63,-0.144
2025-01-16 09:00:00,778.53,-0.146
2025-01-16 09:30:00,778.41,-0.145
2025-01-16 10:00:00,778.51,-0.145
2025-01-16 10:30:00,778.52,-0.146
2025-01-16 11:00:00,778.51,-0.146
2025-01-16 11:30:00,778.48,-0.148
2025-01-16 12:00:00,778.34,-0.149
2025-01-16 12:30:00,778.21,-0.147
2025-01-16 13:00:00,778.08,-0.151
2025-01-16 13:30:00,777.91,-0.15
2025-01-16 14:00:00,777.83,-0.15
2025-01-16 14:30:00,777.73,-0.15
2025-01-16 15:00:00,777.57,-0.151
2025-01-16 15:30:00,777.46,-0.149
2025-01-16 16:00:00,777.41,-0.15
2025-01-16 16:30:00,777.3,-0.15
2025-01-16 17:00:00,777.24,-0.149
2025-01-16 17:30:00,777.14,-0.151
2025-01-16 18:00:00,777.01,-0.149
2025-01-16 18:30:00,776.9,-0.151
2025-01-16 19:00:00,776.69,-0.15
2025-01-16 19:30:00,776.32,-0.152
2025-01-16 20:00:00,775.88,-0.151
2025-01-16 20:30:00,775.47,-0.149
2025-01-16 21:00:00,775.16,-0.149
2025-01-16 21:30:00,774.86,-0.149
2025-01-16 22:00:00,774.63,-0.15
2025-01-16 22:30:00,774.44,-0.151
2025-01-16 23:00:00,774.33,-0.152
2025-01-16 23:30:00,774.32,-0.152
2025-01-17 00:00:00,774.27,-0.152
2025-01-17 00:30:00,774.36,-0.152
2025-01-17 01:00:00,774.46,-0.151
2025-01-17 01:30:00,774.55,-0.152
2025-01-17 02:00:00,774.62,-0.153
2025-01-17 02:30:00,774.7,-0.152
2025-01-17 03:00:00,774.76,-0.152
2025-01-17 03:30:00,774.84,-0.153
2025-01-17 04:00:00,774.87,-0.154
2025-01-17 04:30:00,774.96,-0.153
2025-01-17 05:00:00,775.12,-0.153
2025-01-17 05:30:00,775.11,-0.152
2025-01-17 06:00:00,775.19,-0.155
2025-01-17 06:30:00,775.31,-0.154
2025-01-17 07:00:00,775.24,-0.153
2025-01-17 07:30:00,775.23,-0.156
2025-01-17 08:00:00,775.13,-0.154
2025-01-17 08:30:00,775.13,-0.152
2025-01-17 09:00:00,775.24,-0.153
2025-01-17 09:30:00,775.35,-0.153
2025-01-17 10:00:00,775.39,-0.154
2025-01-17 10:30:00,775.39,-0.153
2025-01-17 11:00:00,775.47,-0.154
2025-01-17 11:30:00,775.39,-0.154
2025-01-17 12:00:00,775.27,-0.156
2025-01-17 12:30:00,775.23,-0.156
2025-01-17 13:00:00,775.19,-0.154
2025-01-17 13:30:00,775.27,-0.155
2025-01-17 14:00:00,775.3,-0.153
2025-01-17 14:30:00,775.29,-0.154
2025-01-17 15:00:00,775.25,-0.156
2025-01-17 15:30:00,775.12,-0.156
2025-01-17 16:00:00,775.23,-0.154
2025-01-17 16:30:00,775.49,-0.153
2025-01-17 17:00:00,775.6,-0.154
2025-01-17 17:30:00,775.7,-0.154
2025-01-17 18:00:00,775.89,-0.155
2025-01-17 18:30:00,775.93,-0.154
2025-01-17 19:00:00,775.85,-0.154
2025-01-17 19:30:00,775.84,-0.154
2025-01-17 20:00:00,775.73,-0.153
2025-01-17 20:30:00,775.5,-0.154
2025-01-17 21:00:00,775.3,-0.151
2025-01-17 21:30:00,775.13,-0.152
2025-01-17 22:00:00,775.07,-0.153
2025-01-17 22:30:00,774.98,-0.153
2025-01-17 23:00:00,775.03,-0.151
2025-01-17 23:30:00,775.08,-0.151
2025-01-18 00:00:00,775.11,-0.151
2025-01-18 00:30:00,775.25,-0.152
2025-01-18 01:00:00,775.35,-0.151
2025-01-18 01:30:00,775.61,-0.152
2025-01-18 02:00:00,775.81,-0.152
2025-01-18 02:30:00,775.83,-0.152
2025-01-18 03:00:00,775.81,-0.151
2025-01-18 03:30:00,775.89,-0.153
2025-01-18 04:00:00,775.97,-0.151
2025-01-18 04:30:00,776.17,-0.151
2025-01-18 05:00:00,776.37,-0.15
2025-01-18 05:30:00,776.63,-0.151
2025-01-18 06:00:00,776.84,-0.151
2025-01-18 06:30:00,776.98,-0.154
2025-01-18 07:00:00,777.08,-0.153
2025-01-18 07:30:00,777.11,-0.153
2025-01-18 08:00:00,777.12,-0.152
2025-01-18 08:30:00,777.19,-0.153
2025-01-18 09:00:00,777.22,-0.154
2025-01-18 09:30:00,777.27,-0.153
2025-01-18 10:00:00,777.41,-0.152
2025-01-18 10:30:00,777.52,-0.152
2025-01-18 11:00:00,777.55,-0.152
2025-01-18 11:30:00,777.55,-0.153
2025-01-18 12:00:00,777.57,-0.153
2025-01-18 12:30:00,777.68,-0.154
2025-01-18 13:00:00,777.73,-0.153
2025-01-18 13:30:00,777.8,-0.152
2025-01-18 14:00:00,777.85,-0.155
2025-01-18 14:30:00,777.96,-0.152
2025-01-18 15:00:00,777.95,-0.154
2025-01-18 15:30:00,778.07,-0.152
2025-01-18 16:00:00,778.23,-0.154
2025-01-18 16:30:00,778.31,-0.155
2025-01-18 17:00:00,778.35,-0.154
2025-01-18 17:30:00,778.43,-0.154
2025-01-18 18:00:00,778.49,-0.154
2025-01-18 18:30:00,778.48,-0.153
2025-01-18 19:00:00,778.36,-0.152
2025-01-18 19:30:00,778.14,-0.154
2025-01-18 20:00:00,777.86,-0.154
2025-01-18 20:30:00,777.62,-0.151
2025-01-18 21:00:00,777.41,-0.151
2025-01-18 21:30:00,777.27,-0.152
2025-01-18 22:00:00,777.21,-0.151
2025-01-18 22:30:00,777.19,-0.152
2025-01-18 23:00:00,777.19,-0.15
2025-01-18 23:30:00,777.2,-0.151
2025-01-19 00:00:00,777.29,-0.15
2025-01-19 00:30:00,777.46,-0.149
2025-01-19 01:00:00,777.62,-0.15
2025-01-19 01:30:00,777.77,-0.149
2025-01-19 02:00:00,778.14,-0.15
2025-01-19 02:30:00,778.26,-0.149
2025-01-19 03:00:00,778.35,-0.149
2025-01-19 03:30:00,778.42,-0.15
2025-01-19 04:00:00,778.36,-0.151
2025-01-19 04:30:00,778.45,-0.151
2025-01-19 05:00:00,778.48,-0.152
2025-01-19 05:30:00,778.52,-0.149
2025-01-19 06:00:00,778.5,-0.149
2025-01-19 06:30:00,778.53,-0.149
2025-01-19 07:00:00,778.56,-0.152
2025-01-19 07:30:00,778.58,-0.151
2025-01-19 08:00:00,778.43,-0.151
2025-01-19 08:30:00,778.31,-0.151
2025-01-19 09:00:00,778.24,-0.151
2025-01-19 09:30:00,778.26,-0.151
2025-01-19 10:00:00,778.21,-0.153
2025-01-19 10:30:00,778.12,-0.154
2025-01-19 11:00:00,778.02,-0.151
2025-01-19 11:30:00,777.81,-0.153
2025-01-19 12:00:00,777.64,-0.152
2025-01-19 12:30:00,777.5,-0.151
2025-01-19 13:00:00,777.31,-0.154
2025-01-19 13:30:00,777.24,-0.155
2025-01-19 14:00:00,777.25,-0.153
2025-01-19 14:30:00,777.28,-0.155
2025-01-19 15:00:00,777.27,-0.153
2025-01-19 15:30:00,777.25,-0.155
2025-01-19 16:00:00,777.19,-0.153
2025-01-19 16:30:00,777.15,-0.154
2025-01-19 17:00:00,777.15,-0.153
2025-01-19 17:30:00,777.07,-0.153
2025-01-19 18:00:00,777.08,-0.153
2025-01-19 18:30:00,776.87,-0.151
2025-01-19 19:00:00,776.57,-0.151
2025-01-19 19:30:00,776.15,-0.152
2025-01-19 20:00:00,775.76,-0.152
2025-01-19 20:30:00,775.47,-0.15
2025-01-19 21:00:00,775.05,-0.152
2025-01-19 21:30:00,774.72,-0.149
2025-01-19 22:00:00,774.45,-0.152
2025-01-19 22:30:00,774.2,-0.151
2025-01-19 23:00:00,774.07,-0.152
2025-01-19 23:30:00,773.93,-0.15
2025-01-20 00:00:00,773.74,-0.151
2025-01-20 00:30:00,773.73,-0.151
2025-01-20 01:00:00,773.66,-0.15
2025-01-20 01:30:00,773.69,-0.15
2025-01-20 02:00:00,773.66,-0.15
2025-01-20 02:30:00,773.6,-0.151
2025-01-20 03:00:00,773.47,-0.149
2025-01-20 03:30:00,773.36,-0.15
2025-01-20 04:00:00,773.37,-0.15
2025-01-20 04:30:00,773.37,-0.15
2025-01-20 05:00:00,773.46,-0.15
2025-01-20 05:30:00,773.46,-0.15
2025-01-20 06:00:00,773.39,-0.15
2025-01-20 06:30:00,773.3,-0.151
2025-01-20 07:00:00,773.29,-0.15
2025-01-20 07:30:00,773.31,-0.152
2025-01-20 08:00:00,773.47,-0.15
2025-01-20 08:30:00,773.55,-0.151
2025-01-20 09:00:00,773.67,-0.151
2025-01-20 09:30:00,773.93,-0.152
2025-01-20 10:00:00,773.84,-0.151
2025-01-20 10:30:00,773.89,-0.152
2025-01-20 11:00:00,774.12,-0.151
2025-01-20 11:30:00,774.08,-0.151
2025-01-20 12:00:00,774.24,-0.152
2025-01-20 12:30:00,774.46,-0.152
2025-01-20 13:00:00,774.2,-0.153
2025-01-20 13:30:00,773.9,-0.154
2025-01-20 14:00:00,773.56,-0.154
2025-01-20 14:30:00,774.16,-0.154
2025-01-20 15:00:00,774.6,-0.154
2025-01-20 15:30:00,775.04,-0.153
2025-01-20 16:00:00,775.37,-0.153
2025-01-20 16:30:00,775.8,-0.155
2025-01-20 17:00:00,776.16,-0.154
2025-01-20 17:30:00,776.43,-0.154
2025-01-20 18:00:00,776.8,-0.155
2025-01-20 18:30:00,777.29,-0.153
2025-01-20 19:00:00,777.69,-0.152
2025-01-20 19:30:00,778.04,-0.152
2025-01-20 20:00:00,778.04,-0.152
2025-01-20 20:30:00,777.75,-0.153
2025-01-20 21:00:00,777.3,-0.15
2025-01-20 21:30:00,776.93,-0.152
2025-01-20 22:00:00,776.86,-0.152
2025-01-20 22:30:00,776.93,-0.151
2025-01-20 23:00:00,777.4,-0.152
2025-01-20 23:30:00,778.06,-0.153
2025-01-21 00:00:00,778.42,-0.151
2025-01-21 00:30:00,778.88,-0.154
2025-01-21 01:00:00,779.39,-0.151
2025-01-21 01:30:00,779.83,-0.152
2025-01-21 02:00:00,780.09,-0.152
2025-01-21 02:30:00,780.47,-0.152
2025-01-21 03:00:00,780.61,-0.151
2025-01-21 03:30:00,780.69,-0.153
2025-01-21 04:00:00,780.85,-0.152
2025-01-21 04:30:00,781.27,-0.151
2025-01-21 05:00:00,781.4,-0.15
2025-01-21 05:30:00,781.79,-0.15
2025-01-21 06:00:00,782.05,-0.152
2025-01-21 06:30:00,782.26,-0.153
2025-01-21 07:00:00,782.61,-0.151
2025-01-21 07:30:00,782.74,-0.155
2025-01-21 08:00:00,783.09,-0.152
2025-01-21 08:30:00,783.13,-0.153
2025-01-21 09:00:00,783.34,-0.152
2025-01-21 09:30:00,783.56,-0.151
2025-01-21 10:00:00,783.82,-0.151
2025-01-21 10:30:00,783.91,-0.151
2025-01-21 11:00:00,783.79,-0.152
2025-01-21 11:30:00,783.78,-0.152
2025-01-21 12:00:00,783.78,-0.154
2025-01-21 12:30:00,783.85,-0.153
2025-01-21 13:00:00,784.11,-0.153
2025-01-21 13:30:00,784.38,-0.155
2025-01-21 14:00:00,784.5,-0.155
2025-01-21 14:30:00,784.48,-0.155
2025-01-21 15:00:00,784.63,-0.154
2025-01-21 15:30:00,784.73,-0.154
2025-01-21 16:00:00,784.79,-0.155
2025-01-21 16:30:00,784.87,-0.153
2025-01-21 17:00:00,785.02,-0.156
2025-01-21 17:30:00,785.1,-0.155
2025-01-21 18:00:00,785.19,-0.153
2025-01-21 18:30:00,785.07,-0.154
2025-01-21 19:00:00,784.97,-0.153
2025-01-21 19:30:00,784.72,-0.153
2025-01-21 20:00:00,784.45,-0.153
2025-01-21 20:30:00,784.2,-0.154
2025-01-21 21:00:00,783.89,-0.154
2025-01-21 21:30:00,783.62,-0.152
2025-01-21 22:00:00,783.43,-0.152
2025-01-21 22:30:00,783.23,-0.153
2025-01-21 23:00:00,783.18,-0.151
2025-01-21 23:30:00,783.28,-0.151
2025-01-22 00:00:00,783.29,-0.153
2025-01-22 00:30:00,783.28,-0.152
2025-01-22 01:00:00,783.44,-0.152
2025-01-22 01:30:00,783.65,-0.152
2025-01-22 02:00:00,783.87,-0.152
2025-01-22 02:30:00,784.11,-0.15
2025-01-22 03:00:00,784.17,-0.153
2025-01-22 03:30:00,784.05,-0.151
2025-01-22 04:00:00,784.11,-0.151
2025-01-22 04:30:00,784.12,-0.152
2025-01-22 05:00:00,784.04,-0.152
2025-01-22 05:30:00,784.05,-0.152
2025-01-22 06:00:00,783.98,-0.153
2025-01-22 06:30:00,784.0,-0.152
2025-01-22 07:00:00,784.0,-0.153
2025-01-22 07:30:00,783.97,-0.153
2025-01-22 08:00:00,783.94,-0.152
2025-01-22 08:30:00,783.86,-0.153
2025-01-22 09:00:00,783.77,-0.151
2025-01-22 09:30:00,783.73,-0.152
2025-01-22 10:00:00,783.69,-0.152
2025-01-22 10:30:00,783.5,-0.152
2025-01-22 11:00:00,783.36,-0.152
2025-01-22 11:30:00,783.16,-0.153
2025-01-22 12:00:00,782.96,-0.153
2025-01-22 12:30:00,782.94,-0.154
2025-01-22 13:00:00,782.98,-0.154
2025-01-22 13:30:00,782.97,-0.155
2025-01-22 14:00:00,782.94,-0.155
2025-01-22 14:30:00,782.92,-0.155
2025-01-22 15:00:00,782.91,-0.154
2025-01-22 15:30:00,782.9,-0.154
2025-01-22 16:00:00,782.9,-0.155
2025-01-22 16:30:00,782.98,-0.155
2025-01-22 17:00:00,783.03,-0.156
2025-01-22 17:30:00,783.16,-0.154
2025-01-22 18:00:00,783.33,-0.154
2025-01-22 18:30:00,783.44,-0.152
2025-01-22 19:00:00,783.49,-0.155
2025-01-22 19:30:00,783.3,-0.152
2025-01-22 20:00:00,783.17,-0.155
2025-01-22 20:30:00,783.0,-0.151
2025-01-22 21:00:00,782.77,-0.152
2025-01-22 21:30:00,782.65,-0.153
2025-01-22 22:00:00,782.51,-0.151
2025-01-22 22:30:00,782.52,-0.151
2025-01-22 23:00:00,782.56,-0.152
2025-01-22 23:30:00,782.62,-0.151
2025-01-23 00:00:00,782.66,-0.151
2025-01-23 00:30:00,782.53,-0.151
2025-01-23 01:00:00,782.56,-0.153
2025-01-23 01:30:00,782.57,-0.151
2025-01-23 02:00:00,782.66,-0.151
2025-01-23 02:30:00,782.79,-0.154
2025-01-23 03:00:00,782.99,-0.152
2025-01-23 03:30:00,783.23,-0.152
2025-01-23 04:00:00,783.35,-0.152
2025-01-23 04:30:00,783.5,-0.153
2025-01-23 05:00:00,783.53,-0.151
2025-01-23 05:30:00,783.59,-0.153
2025-01-23 06:00:00,783.58,-0.151
2025-01-23 06:30:00,783.64,-0.154
2025-01-23 07:00:00,783.61,-0.153
2025-01-23 07:30:00,783.57,-0.151
2025-01-23 08:00:00,783.77,-0.153
2025-01-23 08:30:00,784.15,-0.153
2025-01-23 09:00:00,784.07,-0.154
2025-01-23 09:30:00,784.01,-0.152
2025-01-23 10:00:00,783.97,-0.153
2025-01-23 10:30:00,783.92,-0.154
2025-01-23 11:00:00,783.84,-0.154
2025-01-23 11:30:00,783.79,-0.155
2025-01-23 12:00:00,783.75,-0.154
2025-01-23 12:30:00,783.83,-0.154
2025-01-23 13:00:00,783.97,-0.154
2025-01-23 13:30:00,783.92,-0.155
2025-01-23 14:00:00,784.01,-0.154
2025-01-23 14:30:00,784.01,-0.154
2025-01-23 15:00:00,784.14,-0.154
2025-01-23 15:30:00,784.31,-0.155
2025-01-23 16:00:00,784.38,-0.154
2025-01-23 16:30:00,784.46,-0.154
2025-01-23 17:00:00,784.47,-0.153
2025-01-23 17:30:00,784.41,-0.153
2025-01-23 18:00:00,784.29,-0.155
2025-01-23 18:30:00,784.09,-0.155
2025-01-23 19:00:00,783.91,-0.152
2025-01-23 19:30:00,783.6,-0.153
2025-01-23 20:00:00,783.27,-0.153
2025-01-23 20:30:00,783.01,-0.15
2025-01-23 21:00:00,782.84,-0.152
2025-01-23 21:30:00,782.59,-0.152
2025-01-23 22:00:00,782.46,-0.151
2025-01-23 22:30:00,782.36,-0.149
2025-01-23 23:00:00,782.19,-0.149
2025-01-23 23:30:00,781.99,-0.15
2025-01-24 00:00:00,781.92,-0.152
2025-01-24 00:30:00,781.87,-0.151
2025-01-24 01:00:00,781.86,-0.151
2025-01-24 01:30:00,781.87,-0.152
2025-01-24 02:00:00,781.97,-0.151
2025-01-24 02:30:00,782.1,-0.15
2025-01-24 03:00:00,782.15,-0.152
2025-01-24 03:30:00,782.03,-0.152
2025-01-24 04:00:00,781.93,-0.153
2025-01-24 04:30:00,781.8,-0.152
2025-01-24 05:00:00,781.85,-0.152
2025-01-24 05:30:00,781.77,-0.153
2025-01-24 06:00:00,781.74,-0.153
2025-01-24 06:30:00,781.61,-0.152
2025-01-24 07:00:00,781.46,-0.153
2025-01-24 07:30:00,781.17,-0.152
2025-01-24 08:00:00,780.82,-0.153
2025-01-24 08:30:00,780.42,-0.152
2025-01-24 09:00:00,780.33,-0.152
2025-01-24 09:30:00,780.11,-0.152
2025-01-24 10:00:00,779.96,-0.154
2025-01-24 10:30:00,779.75,-0.153
2025-01-24 11:00:00,779.58,-0.152
2025-01-24 11:30:00,779.34,-0.153
2025-01-24 12:00:00,778.98,-0.154
2025-01-24 12:30:00,778.61,-0.156
2025-01-24 13:00:00,778.32,-0.155
2025-01-24 13:30:00,778.1,-0.155
2025-01-24 14:00:00,777.9,-0.155
2025-01-24 14:30:00,777.77,-0.155
2025-01-24 15:00:00,777.61,-0.155
2025-01-24 15:30:00,777.4,-0.155
2025-01-24 16:00:00,777.16,-0.154
2025-01-24 16:30:00,776.9,-0.154
2025-01-24 17:00:00,776.74,-0.156
2025-01-24 17:30:00,776.47,-0.155
2025-01-24 18:00:00,776.14,-0.153
2025-01-24 18:30:00,775.69,-0.155
2025-01-24 19:00:00,775.24,-0.153
2025-01-24 19:30:00,774.89,-0.153
2025-01-24 20:00:00,774.33,-0.152
2025-01-24 20:30:00,773.73,-0.152
2025-01-24 21:00:00,773.16,-0.151
2025-01-24 21:30:00,772.57,-0.152
2025-01-24 22:00:00,772.06,-0.153
2025-01-24 22:30:00,771.66,-0.154
2025-01-24 23:00:00,771.3,-0.152
2025-01-24 23:30:00,771.15,-0.152
2025-01-25 00:00:00,771.02,-0.151
2025-01-25 00:30:00,770.8,-0.154
2025-01-25 01:00:00,770.69,-0.153
2025-01-25 01:30:00,770.49,-0.151
2025-01-25 02:00:00,770.3,-0.154
2025-01-25 02:30:00,769.94,-0.15
2025-01-25 03:00:00,769.53,-0.153
2025-01-25 03:30:00,769.25,-0.151
2025-01-25 04:00:00,768.94,-0.153
2025-01-25 04:30:00,768.54,-0.153
2025-01-25 05:00:00,768.02,-0.153
2025-01-25 05:30:00,767.75,-0.154
2025-01-25 06:00:00,767.61,-0.153
2025-01-25 06:30:00,767.39,-0.156
2025-01-25 07:00:00,767.28,-0.155
2025-01-25 07:30:00,766.98,-0.154
2025-01-25 08:00:00,766.59,-0.154
2025-01-25 08:30:00,766.17,-0.154
2025-01-25 09:00:00,765.73,-0.154
2025-01-25 09:30:00,765.54,-0.153
2025-01-25 10:00:00,765.38,-0.153
2025-01-25 10:30:00,765.19,-0.155
2025-01-25 11:00:00,764.88,-0.154
2025-01-25 11:30:00,764.64,-0.155
2025-01-25 12:00:00,764.3,-0.156
2025-01-25 12:30:00,764.02,-0.155
2025-01-25 13:00:00,763.63,-0.155
2025-01-25 13:30:00,763.21,-0.155
2025-01-25 14:00:00,762.86,-0.156
2025-01-25 14:30:00,762.56,-0.158
2025-01-25 15:00:00,762.51,-0.156
2025-01-25 15:30:00,762.3,-0.155
2025-01-25 16:00:00,762.09,-0.156
2025-01-25 16:30:00,761.95,-0.156
2025-01-25 17:00:00,761.86,-0.155
2025-01-25 17:30:00,761.75,-0.155
2025-01-25 18:00:00,761.78,-0.157
2025-01-25 18:30:00,761.69,-0.155
2025-01-25 19:00:00,761.59,-0.156
2025-01-25 19:30:00,761.4,-0.155
2025-01-25 20:00:00,761.06,-0.155
2025-01-25 20:30:00,760.75,-0.155
2025-01-25 21:00:00,760.61,-0.154
2025-01-25 21:30:00,760.52,-0.153
2025-01-25 22:00:00,760.27,-0.152
2025-01-25 22:30:00,760.04,-0.152
2025-01-25 23:00:00,760.19,-0.153
2025-01-25 23:30:00,760.21,-0.153
2025-01-26 00:00:00,760.38,-0.153
2025-01-26 00:30:00,760.46,-0.153
2025-01-26 01:00:00,760.48,-0.153
2025-01-26 01:30:00,761.0,-0.152
2025-01-26 02:00:00,760.99,-0.154
2025-01-26 02:30:00,761.07,-0.153
2025-01-26 03:00:00,761.09,-0.153
2025-01-26 03:30:00,761.4,-0.153
2025-01-26 04:00:00,761.7,-0.155
2025-01-26 04:30:00,762.08,-0.152
2025-01-26 05:00:00,762.34,-0.153
2025-01-26 05:30:00,762.65,-0.154
2025-01-26 06:00:00,763.0,-0.154
2025-01-26 06:30:00,763.27,-0.153
2025-01-26 07:00:00,763.46,-0.152
2025-01-26 07:30:00,763.52,-0.152
2025-01-26 08:00:00,763.57,-0.153
2025-01-26 08:30:00,763.59,-0.153
2025-01-26 09:00:00,763.66,-0.156
2025-01-26 09:30:00,763.85,-0.154
2025-01-26 10:00:00,763.98,-0.153
2025-01-26 10:30:00,764.13,-0.155
2025-01-26 11:00:00,764.13,-0.155
2025-01-26 11:30:00,764.16,-0.155
2025-01-26 12:00:00,764.24,-0.155
2025-01-26 12:30:00,764.45,-0.155
2025-01-26 13:00:00,764.79,-0.156
2025-01-26 13:30:00,765.09,-0.156
2025-01-26 14:00:00,765.29,-0.156
2025-01-26 14:30:00,765.63,-0.155
2025-01-26 15:00:00,765.85,-0.156
2025-01-26 15:30:00,765.93,-0.157
2025-01-26 16:00:00,766.09,-0.156
2025-01-26 16:30:00,766.34,-0.155
2025-01-26 17:00:00,766.43,-0.157
2025-01-26 17:30:00,766.54,-0.155
2025-01-26 18:00:00,766.85,-0.154
2025-01-26 18:30:00,767.17,-0.155
2025-01-26 19:00:00,767.33,-0.154
2025-01-26 19:30:00,767.47,-0.154
2025-01-26 20:00:00,767.52,-0.154
2025-01-26 20:30:00,767.5,-0.153
2025-01-26 21:00:00,767.48,-0.155
2025-01-26 21:30:00,767.5,-0.153
2025-01-26 22:00:00,767.48,-0.154
2025-01-26 22:30:00,767.54,-0.153
2025-01-26 23:00:00,767.54,-0.153
2025-01-26 23:30:00,767.92,-0.153
2025-01-27 00:00:00,768.19,-0.155
2025-01-27 00:30:00,768.4,-0.152
2025-01-27 01:00:00,768.57,-0.155
2025-01-27 01:30:00,768.7,-0.155
2025-01-27 02:00:00,768.93,-0.155
2025-01-27 02:30:00,769.1,-0.156
2025-01-27 03:00:00,769.46,-0.158
2025-01-27 03:30:00,769.66,-0.158
2025-01-27 04:00:00,769.8,-0.16
2025-01-27 04:30:00,769.97,-0.158
2025-01-27 05:00:00,770.19,-0.159
2025-01-27 05:30:00,770.42,-0.158
2025-01-27 06:00:00,770.72,-0.159
2025-01-27 06:30:00,770.86,-0.159
2025-01-27 07:00:00,771.0,-0.158
2025-01-27 07:30:00,771.01,-0.158
2025-01-27 08:00:00,771.08,-0.16
2025-01-27 08:30:00,771.08,-0.16
2025-01-27 09:00:00,771.12,-0.16
2025-01-27 09:30:00,771.08,-0.16
2025-01-27 10:00:00,770.99,-0.161
2025-01-27 10:30:00,770.89,-0.16
2025-01-27 11:00:00,770.81,-0.16
2025-01-27 11:30:00,770.68,-0.161
2025-01-27 12:00:00,770.71,-0.159
2025-01-27 12:30:00,770.62,-0.16
2025-01-27 13:00:00,770.6,-0.158
2025-01-27 13:30:00,770.58,-0.16
2025-01-27 14:00:00,770.58,-0.159
2025-01-27 14:30:00,770.82,-0.16
2025-01-27 15:00:00,770.81,-0.16
2025-01-27 15:30:00,770.95,-0.16
2025-01-27 16:00:00,770.92,-0.159
2025-01-27 16:30:00,771.08,-0.162
2025-01-27 17:00:00,771.24,-0.16
2025-01-27 17:30:00,771.4,-0.16
2025-01-27 18:00:00,771.82,-0.16
2025-01-27 18:30:00,772.03,-0.158
2025-01-27 19:00:00,772.1,-0.162
2025-01-27 19:30:00,772.02,-0.16
2025-01-27 20:00:00,771.89,-0.158
2025-01-27 20:30:00,771.76,-0.161
2025-01-27 21:00:00,771.56,-0.16
2025-01-27 21:30:00,771.39,-0.161
2025-01-27 22:00:00,771.32,-0.158
2025-01-27 22:30:00,771.32,-0.159
2025-01-27 23:00:00,771.48,-0.159
2025-01-27 23:30:00,771.69,-0.16
2025-01-28 00:00:00,771.78,-0.16
2025-01-28 00:30:00,771.9,-0.159
2025-01-28 01:00:00,771.89,-0.159
2025-01-28 01:30:00,771.92,-0.159
2025-01-28 02:00:00,772.09,-0.16
2025-01-28 02:30:00,772.23,-0.16
2025-01-28 03:00:00,772.36,-0.16
2025-01-28 03:30:00,772.54,-0.16
2025-01-28 04:00:00,772.58,-0.16
2025-01-28 04:30:00,772.61,-0.16
2025-01-28 05:00:00,772.6,-0.158
2025-01-28 05:30:00,772.67,-0.16
2025-01-28 06:00:00,772.74,-0.16
2025-01-28 06:30:00,772.61,-0.16
2025-01-28 07:00:00,772.54,-0.159
2025-01-28 07:30:00,772.52,-0.158
2025-01-28 08:00:00,772.49,-0.158
2025-01-28 08:30:00,772.34,-0.16
2025-01-28 09:00:00,772.26,-0.161
2025-01-28 09:30:00,772.11,-0.161
2025-01-28 10:00:00,772.0,-0.161
2025-01-28 10:30:00,771.95,-0.16
2025-01-28 11:00:00,771.73,-0.162
2025-01-28 11:30:00,771.74,-0.162
2025-01-28 12:00:00,771.67,-0.161
2025-01-28 12:30:00,771.59,-0.162
2025-01-28 13:00:00,771.55,-0.162
2025-01-28 13:30:00,771.42,-0.162
2025-01-28 14:00:00,771.52,-0.164
2025-01-28 14:30:00,771.59,-0.162
2025-01-28 15:00:00,771.68,-0.162
2025-01-28 15:30:00,771.73,-0.162
2025-01-28 16:00:00,771.73,-0.161
2025-01-28 16:30:00,771.86,-0.162
2025-01-28 17:00:00,771.99,-0.163
2025-01-28 17:30:00,772.01,-0.161
2025-01-28 18:00:00,771.89,-0.162
2025-01-28 18:30:00,771.69,-0.162
2025-01-28 19:00:00,771.56,-0.162
2025-01-28 19:30:00,771.22,-0.161
2025-01-28 20:00:00,770.92,-0.161
2025-01-28 20:30:00,770.58,-0.16
2025-01-28 21:00:00,770.3,-0.161
2025-01-28 21:30:00,770.13,-0.16
2025-01-28 22:00:00,769.99,-0.16
2025-01-28 22:30:00,769.86,-0.16
2025-01-28 23:00:00,769.88,-0.158
2025-01-28 23:30:00,769.79,-0.16
2025-01-29 00:00:00,769.78,-0.16
2025-01-29 00:30:00,769.7,-0.159
2025-01-29 01:00:00,769.68,-0.158
2025-01-29 01:30:00,769.7,-0.159
2025-01-29 02:00:00,769.72,-0.16
2025-01-29 02:30:00,769.77,-0.159
2025-01-29 03:00:00,770.01,-0.158
2025-01-29 03:30:00,770.17,-0.159
2025-01-29 04:00:00,770.27,-0.162
2025-01-29 04:30:00,770.32,-0.16
2025-01-29 05:00:00,770.49,-0.16
2025-01-29 05:30:00,770.62,-0.16
2025-01-29 06:00:00,770.72,-0.16
2025-01-29 06:30:00,770.72,-0.161
2025-01-29 07:00:00,770.73,-0.161
2025-01-29 07:30:00,770.71,-0.16
2025-01-29 08:00:00,770.64,-0.159
2025-01-29 08:30:00,770.53,-0.161
2025-01-29 09:00:00,770.41,-0.159
2025-01-29 09:30:00,770.42,-0.161
2025-01-29 10:00:00,770.5,-0.161
2025-01-29 10:30:00,770.49,-0.16
2025-01-29 11:00:00,770.62,-0.161
2025-01-29 11:30:00,770.59,-0.16
2025-01-29 12:00:00,770.63,-0.16
2025-01-29 12:30:00,770.74,-0.162
2025-01-29 13:00:00,770.83,-0.161
2025-01-29 13:30:00,770.97,-0.161
2025-01-29 14:00:00,771.13,-0.162
2025-01-29 14:30:00,771.43,-0.163
2025-01-29 15:00:00,771.71,-0.162
2025-01-29 15:30:00,772.01,-0.163
2025-01-29 16:00:00,772.25,-0.164
2025-01-29 16:30:00,772.42,-0.161
2025-01-29 17:00:00,772.61,-0.163
2025-01-29 17:30:00,772.63,-0.162
2025-01-29 18:00:00,772.72,-0.161
2025-01-29 18:30:00,772.77,-0.163
2025-01-29 19:00:00,772.68,-0.163
2025-01-29 19:30:00,772.63,-0.161
2025-01-29 20:00:00,772.56,-0.162
2025-01-29 20:30:00,772.31,-0.162
2025-01-29 21:00:00,772.21,-0.162
2025-01-29 21:30:00,772.12,-0.16
2025-01-29 22:00:00,772.11,-0.16
2025-01-29 22:30:00,772.13,-0.159
2025-01-29 23:00:00,772.09,-0.159
2025-01-29 23:30:00,772.08,-0.16
2025-01-30 00:00:00,772.17,-0.159
2025-01-30 00:30:00,772.37,-0.157
2025-01-30 01:00:00,772.56,-0.158
2025-01-30 01:30:00,772.72,-0.158
2025-01-30 02:00:00,773.0,-0.158
2025-01-30 02:30:00,773.03,-0.159
2025-01-30 03:00:00,773.14,-0.159
2025-01-30 03:30:00,773.37,-0.158
2025-01-30 04:00:00,773.63,-0.159
2025-01-30 04:30:00,773.75,-0.159
2025-01-30 05:00:00,773.87,-0.158
2025-01-30 05:30:00,774.05,-0.157
2025-01-30 06:00:00,774.25,-0.159
2025-01-30 06:30:00,774.39,-0.158
2025-01-30 07:00:00,774.5,-0.16
2025-01-30 07:30:00,774.51,-0.157
2025-01-30 08:00:00,774.68,-0.159
2025-01-30 08:30:00,774.73,-0.159
2025-01-30 09:00:00,774.68,-0.157
2025-01-30 09:30:00,774.71,-0.159
2025-01-30 10:00:00,774.74,-0.159
2025-01-30 10:30:00,774.76,-0.16
2025-01-30 11:00:00,774.8,-0.16
2025-01-30 11:30:00,774.82,-0.163
2025-01-30 12:00:00,774.96,-0.16
2025-01-30 12:30:00,774.97,-0.162
2025-01-30 13:00:00,775.1,-0.162
2025-01-30 13:30:00,775.12,-0.161
2025-01-30 14:00:00,775.24,-0.16
2025-01-30 14:30:00,775.48,-0.16
2025-01-30 15:00:00,775.72,-0.162
2025-01-30 15:30:00,775.89,-0.161
2025-01-30 16:00:00,776.08,-0.162
2025-01-30 16:30:00,776.26,-0.163
2025-01-30 17:00:00,776.23,-0.16
2025-01-30 17:30:00,776.2,-0.162
2025-01-30 18:00:00,776.28,-0.161
2025-01-30 18:30:00,776.22,-0.161
2025-01-30 19:00:00,776.17,-0.162
2025-01-30 19:30:00,776.15,-0.161
2025-01-30 20:00:00,776.08,-0.16
2025-01-30 20:30:00,775.89,-0.159
2025-01-30 21:00:00,775.75,-0.158
2025-01-30 21:30:00,775.65,-0.16
2025-01-30 22:00:00,775.65,-0.159
2025-01-30 22:30:00,775.72,-0.157
2025-01-30 23:00:00,775.75,-0.158
2025-01-30 23:30:00,775.93,-0.157
2025-01-31 00:00:00,776.11,-0.157
2025-01-31 00:30:00,776.1,-0.158
2025-01-31 01:00:00,776.31,-0.157
2025-01-31 01:30:00,776.29,-0.158
2025-01-31 02:00:00,776.49,-0.157
2025-01-31 02:30:00,776.67,-0.157
2025-01-31 03:00:00,776.76,-0.157
2025-01-31 03:30:00,776.95,-0.157
2025-01-31 04:00:00,777.14,-0.158
2025-01-31 04:30:00,777.19,-0.158
2025-01-31 05:00:00,777.34,-0.161
2025-01-31 05:30:00,777.57,-0.159
2025-01-31 06:00:00,777.72,-0.159
2025-01-31 06:30:00,777.76,-0.159
2025-01-31 07:00:00,777.88,-0.159
2025-01-31 07:30:00,777.92,-0.16
2025-01-31 08:00:00,777.85,-0.159
2025-01-31 08:30:00,777.65,-0.16
2025-01-31 09:00:00,777.53,-0.159
2025-01-31 09:30:00,777.57,-0.159
2025-01-31 10:00:00,777.44,-0.159
2025-01-31 10:30:00,777.22,-0.158
2025-01-31 11:00:00,777.01,-0.16
2025-01-31 11:30:00,776.95,-0.161
2025-01-31 12:00:00,776.95,-0.162
2025-01-31 12:30:00,776.82,-0.161
2025-01-31 13:00:00,776.7,-0.162
2025-01-31 13:30:00,776.61,-0.163
2025-01-31 14:00:00,776.55,-0.162
2025-01-31 14:30:00,777.01,-0.163
2025-01-31 15:00:00,776.99,-0.163
2025-01-31 15:30:00,777.09,-0.162
2025-01-31 16:00:00,777.23,-0.163
2025-01-31 16:30:00,777.6,-0.161
2025-01-31 17:00:00,777.95,-0.162
2025-01-31 17:30:00,777.97,-0.163
2025-01-31 18:00:00,777.95,-0.162
2025-01-31 18:30:00,777.98,-0.162
2025-01-31 19:00:00,778.14,-0.161
2025-01-31 19:30:00,778.11,-0.161
2025-01-31 20:00:00,778.3,-0.16
2025-01-31 20:30:00,777.83,-0.159
2025-01-31 21:00:00,777.44,-0.158
2025-01-31 21:30:00,776.93,-0.158
2025-01-31 22:00:00,776.77,-0.159
2025-01-31 22:30:00,776.7,-0.159
2025-01-31 23:00:00,776.44,-0.156
2025-01-31 23:30:00,776.03,-0.158
2025-02-01 00:00:00,775.67,-0.158
2025-02-01 00:30:00,775.63,-0.158
2025-02-01 01:00:00,775.52,-0.158
2025-02-01 01:30:00,775.8,-0.159
2025-02-01 02:00:00,775.96,-0.16
2025-02-01 02:30:00,776.16,-0.16
2025-02-01 03:00:00,776.32,-0.158
2025-02-01 03:30:00,776.15,-0.157
2025-02-01 04:00:00,776.06,-0.16
2025-02-01 04:30:00,775.88,-0.157
2025-02-01 05:00:00,775.92,-0.159
2025-02-01 05:30:00,776.12,-0.159
2025-02-01 06:00:00,776.02,-0.159
2025-02-01 06:30:00,775.99,-0.16
2025-02-01 07:00:00,775.92,-0.158
2025-02-01 07:30:00,775.88,-0.158
2025-02-01 08:00:00,775.89,-0.16
2025-02-01 08:30:00,775.83,-0.16
2025-02-01 09:00:00,775.51,-0.162
2025-02-01 09:30:00,775.27,-0.16
2025-02-01 10:00:00,775.07,-0.163
2025-02-01 10:30:00,774.99,-0.162
2025-02-01 11:00:00,774.7,-0.161
2025-02-01 11:30:00,774.49,-0.159
2025-02-01 12:00:00,774.33,-0.16
2025-02-01 12:30:00,774.39,-0.16
2025-02-01 13:00:00,774.58,-0.16
2025-02-01 13:30:00,774.42,-0.16
2025-02-01 14:00:00,774.35,-0.161
2025-02-01 14:30:00,774.41,-0.158
2025-02-01 15:00:00,774.35,-0.161
2025-02-01 15:30:00,774.28,-0.159
2025-02-01 16:00:00,774.52,-0.159
2025-02-01 16:30:00,774.53,-0.16
2025-02-01 17:00:00,774.66,-0.161
2025-02-01 17:30:00,774.8,-0.158
2025-02-01 18:00:00,774.95,-0.159
2025-02-01 18:30:00,774.97,-0.158
2025-02-01 19:00:00,775.09,-0.159
2025-02-01 19:30:00,774.99,-0.16
2025-02-01 20:00:00,774.94,-0.159
2025-02-01 20:30:00,774.89,-0.158
2025-02-01 21:00:00,774.98,-0.158
2025-02-01 21:30:00,775.0,-0.158
2025-02-01 22:00:00,775.11,-0.16
2025-02-01 22:30:00,775.25,-0.158
2025-02-01 23:00:00,775.38,-0.16
2025-02-01 23:30:00,775.51,-0.16
2025-02-02 00:00:00,775.86,-0.161
2025-02-02 00:30:00,776.01,-0.162
2025-02-02 01:00:00,776.31,-0.164
2025-02-02 01:30:00,776.69,-0.164
2025-02-02 02:00:00,777.19,-0.166
2025-02-02 02:30:00,777.69,-0.167
2025-02-02 03:00:00,778.82,-0.168
2025-02-02 03:30:00,779.48,-0.167
2025-02-02 04:00:00,780.43,-0.168
2025-02-02 04:30:00,781.43,-0.169
2025-02-02 05:00:00,782.06,-0.17
2025-02-02 05:30:00,782.41,-0.171
2025-02-02 06:00:00,782.88,-0.173
2025-02-02 06:30:00,783.64,-0.171
2025-02-02 07:00:00,784.16,-0.171
2025-02-02 07:30:00,784.93,-0.172
2025-02-02 08:00:00,785.49,-0.174
2025-02-02 08:30:00,785.87,-0.174
2025-02-02 09:00:00,786.13,-0.173
2025-02-02 09:30:00,786.69,-0.173
2025-02-02 10:00:00,787.11,-0.173
2025-02-02 10:30:00,787.22,-0.175
2025-02-02 11:00:00,787.27,-0.174
2025-02-02 11:30:00,787.31,-0.172
2025-02-02 12:00:00,787.32,-0.174
2025-02-02 12:30:00,787.28,-0.175
2025-02-02 13:00:00,787.39,-0.175
2025-02-02 13:30:00,787.54,-0.174
2025-02-02 14:00:00,787.68,-0.174
2025-02-02 14:30:00,787.6,-0.174
2025-02-02 15:00:00,787.67,-0.175
2025-02-02 15:30:00,787.55,-0.175
2025-02-02 16:00:00,787.37,-0.174
2025-02-02 16:30:00,787.18,-0.174
2025-02-02 17:00:00,787.19,-0.173
2025-02-02 17:30:00,787.16,-0.173
2025-02-02 18:00:00,787.24,-0.173
2025-02-02 18:30:00,787.29,-0.173
2025-02-02 19:00:00,787.41,-0.172
2025-02-02 19:30:00,787.48,-0.173
2025-02-02 20:00:00,787.47,-0.173
2025-02-02 20:30:00,787.2,-0.171
2025-02-02 21:00:00,787.17,-0.172
2025-02-02 21:30:00,787.28,-0.174
2025-02-02 22:00:00,787.55,-0.173
2025-02-02 22:30:00,787.72,-0.174
2025-02-02 23:00:00,787.99,-0.174
2025-02-02 23:30:00,788.26,-0.174
2025-02-03 00:00:00,788.59,-0.177
2025-02-03 00:30:00,788.97,-0.174
2025-02-03 01:00:00,789.31,-0.178
2025-02-03 01:30:00,789.64,-0.178
2025-02-03 02:00:00,789.95,-0.179
2025-02-03 02:30:00,790.27,-0.181
2025-02-03 03:00:00,790.39,-0.181
2025-02-03 03:30:00,790.42,-0.181
2025-02-03 04:00:00,790.51,-0.18
2025-02-03 04:30:00,790.53,-0.182
2025-02-03 05:00:00,790.55,-0.182
2025-02-03 05:30:00,790.59,-0.18
2025-02-03 06:00:00,790.61,-0.183
2025-02-03 06:30:00,790.67,-0.181
2025-02-03 07:00:00,790.78,-0.183
2025-02-03 07:30:00,790.75,-0.183
2025-02-03 08:00:00,790.62,-0.184
2025-02-03 08:30:00,790.47,-0.183
2025-02-03 09:00:00,790.38,-0.182
2025-02-03 09:30:00,790.27,-0.182
2025-02-03 10:00:00,790.06,-0.182
2025-02-03 10:30:00,789.84,-0.183
2025-02-03 11:00:00,789.6,-0.182
2025-02-03 11:30:00,789.19,-0.182
2025-02-03 12:00:00,788.89,-0.182
2025-02-03 12:30:00,788.59,-0.184
2025-02-03 13:00:00,788.38,-0.182
2025-02-03 13:30:00,788.05,-0.181
2025-02-03 14:00:00,787.82,-0.182
2025-02-03 14:30:00,787.53,-0.184
2025-02-03 15:00:00,787.26,-0.18
2025-02-03 15:30:00,787.03,-0.179
2025-02-03 16:00:00,786.83,-0.182
2025-02-03 16:30:00,786.66,-0.179
2025-02-03 17:00:00,786.43,-0.18
2025-02-03 17:30:00,786.01,-0.182
2025-02-03 18:00:00,785.68,-0.181
2025-02-03 18:30:00,785.53,-0.18
2025-02-03 19:00:00,785.35,-0.18
2025-02-03 19:30:00,784.97,-0.179
2025-02-03 20:00:00,784.29,-0.178
2025-02-03 20:30:00,783.99,-0.179
2025-02-03 21:00:00,783.55,-0.176
2025-02-03 21:30:00,783.18,-0.178
2025-02-03 22:00:00,782.64,-0.178
2025-02-03 22:30:00,782.04,-0.176
2025-02-03 23:00:00,781.75,-0.178
2025-02-03 23:30:00,781.65,-0.177
2025-02-04 00:00:00,781.33,-0.176
2025-02-04 00:30:00,781.07,-0.177
2025-02-04 01:00:00,780.68,-0.176
2025-02-04 01:30:00,780.35,-0.175
2025-02-04 02:00:00,780.06,-0.176
2025-02-04 02:30:00,779.83,-0.176
2025-02-04 03:00:00,779.67,-0.175
2025-02-04 03:30:00,779.54,-0.177
2025-02-04 04:00:00,779.53,-0.177
2025-02-04 04:30:00,779.51,-0.177
2025-02-04 05:00:00,779.47,-0.174
2025-02-04 05:30:00,779.53,-0.178
2025-02-04 06:00:00,779.37,-0.176
2025-02-04 06:30:00,779.07,-0.175
2025-02-04 07:00:00,778.9,-0.174
2025-02-04 07:30:00,778.55,-0.174
2025-02-04 08:00:00,778.14,-0.177
2025-02-04 08:30:00,777.87,-0.174
2025-02-04 09:00:00,777.7,-0.176
2025-02-04 09:30:00,777.79,-0.175
2025-02-04 10:00:00,777.53,-0.176
2025-02-04 10:30:00,777.55,-0.176
2025-02-04 11:00:00,777.85,-0.175
2025-02-04 11:30:00,777.91,-0.177
2025-02-04 12:00:00,778.07,-0.176
2025-02-04 12:30:00,778.28,-0.176
2025-02-04 13:00:00,778.27,-0.176
2025-02-04 13:30:00,778.05,-0.176
2025-02-04 14:00:00,778.03,-0.178
2025-02-04 14:30:00,777.6,-0.177
2025-02-04 15:00:00,776.84,-0.177
2025-02-04 15:30:00,776.55,-0.177
2025-02-04 16:00:00,776.0,-0.178
2025-02-04 16:30:00,775.68,-0.176
2025-02-04 17:00:00,775.54,-0.177
2025-02-04 17:30:00,775.72,-0.175
2025-02-04 18:00:00,775.85,-0.176
2025-02-04 18:30:00,775.73,-0.174
2025-02-04 19:00:00,775.55,-0.175
2025-02-04 19:30:00,775.41,-0.174
2025-02-04 20:00:00,775.17,-0.173
2025-02-04 20:30:00,774.77,-0.173
2025-02-04 21:00:00,774.43,-0.173
2025-02-04 21:30:00,774.28,-0.172
2025-02-04 22:00:00,773.86,-0.173
2025-02-04 22:30:00,773.41,-0.172
2025-02-04 23:00:00,772.92,-0.173
2025-02-04 23:30:00,772.22,-0.173
2025-02-05 00:00:00,772.34,-0.173
2025-02-05 00:30:00,772.35,-0.172
2025-02-05 01:00:00,772.33,-0.171
2025-02-05 01:30:00,771.8,-0.172
2025-02-05 02:00:00,771.14,-0.172
2025-02-05 02:30:00,770.88,-0.173
2025-02-05 03:00:00,770.54,-0.171
2025-02-05 03:30:00,770.27,-0.172
2025-02-05 04:00:00,770.12,-0.171
2025-02-05 04:30:00,770.02,-0.171
2025-02-05 05:00:00,770.05,-0.171
2025-02-05 05:30:00,770.04,-0.172
2025-02-05 06:00:00,770.09,-0.171
2025-02-05 06:30:00,770.59,-0.173
2025-02-05 07:00:00,770.88,-0.174
2025-02-05 07:30:00,771.32,-0.172
2025-02-05 08:00:00,771.55,-0.173
2025-02-05 08:30:00,771.73,-0.174
2025-02-05 09:00:00,771.73,-0.173
2025-02-05 09:30:00,772.08,-0.172
2025-02-05 10:00:00,772.16,-0.175
2025-02-05 10:30:00,772.58,-0.176
2025-02-05 11:00:00,772.87,-0.175
2025-02-05 11:30:00,773.3,-0.175
2025-02-05 12:00:00,773.57,-0.174
2025-02-05 12:30:00,774.29,-0.175
2025-02-05 13:00:00,774.8,-0.174
2025-02-05 13:30:00,775.27,-0.176
2025-02-05 14:00:00,775.53,-0.173
2025-02-05 14:30:00,775.59,-0.175
2025-02-05 15:00:00,775.64,-0.174
2025-02-05 15:30:00,775.81,-0.173
2025-02-05 16:00:00,775.84,-0.173
2025-02-05 16:30:00,775.81,-0.172
2025-02-05 17:00:00,775.9,-0.173
2025-02-05 17:30:00,775.91,-0.171
2025-02-05 18:00:00,776.22,-0.169
2025-02-05 18:30:00,776.69,-0.169
2025-02-05 19:00:00,777.18,-0.17
2025-02-05 19:30:00,777.4,-0.172
2025-02-05 20:00:00,777.42,-0.172
2025-02-05 20:30:00,777.22,-0.172
2025-02-05 21:00:00,777.05,-0.172
2025-02-05 21:30:00,777.1,-0.173
2025-02-05 22:00:00,777.17,-0.172
2025-02-05 22:30:00,777.51,-0.172
2025-02-05 23:00:00,777.93,-0.174
2025-02-05 23:30:00,778.18,-0.175
2025-02-06 00:00:00,778.52,-0.175
2025-02-06 00:30:00,778.85,-0.175
2025-02-06 01:00:00,778.99,-0.176
2025-02-06 01:30:00,779.2,-0.177
2025-02-06 02:00:00,779.54,-0.177
2025-02-06 02:30:00,780.0,-0.176
2025-02-06 03:00:00,780.42,-0.178
2025-02-06 03:30:00,780.7,-0.18
2025-02-06 04:00:00,780.99,-0.181
2025-02-06 04:30:00,781.24,-0.18
2025-02-06 05:00:00,781.55,-0.18
2025-02-06 05:30:00,781.75,-0.179
2025-02-06 06:00:00,781.8,-0.179
2025-02-06 06:30:00,782.09,-0.182
2025-02-06 07:00:00,782.53,-0.184
2025-02-06 07:30:00,782.92,-0.183
2025-02-06 08:00:00,783.14,-0.183
2025-02-06 08:30:00,783.37,-0.184
2025-02-06 09:00:00,783.33,-0.187
2025-02-06 09:30:00,783.46,-0.187
2025-02-06 10:00:00,783.47,-0.186
2025-02-06 10:30:00,783.66,-0.187
2025-02-06 11:00:00,783.78,-0.186
2025-02-06 11:30:00,783.85,-0.185
2025-02-06 12:00:00,783.8,-0.188
2025-02-06 12:30:00,783.86,-0.189
2025-02-06 13:00:00,783.93,-0.188
2025-02-06 13:30:00,783.9,-0.188
2025-02-06 14:00:00,783.76,-0.189
2025-02-06 14:30:00,783.46,-0.189
2025-02-06 15:00:00,783.31,-0.187
2025-02-06 15:30:00,783.79,-0.189
2025-02-06 16:00:00,784.0,-0.188
2025-02-06 16:30:00,784.32,-0.188
2025-02-06 17:00:00,784.42,-0.189
2025-02-06 17:30:00,784.76,-0.19
2025-02-06 18:00:00,784.94,-0.189
2025-02-06 18:30:00,785.03,-0.191
2025-02-06 19:00:00,785.29,-0.19
2025-02-06 19:30:00,785.52,-0.19
2025-02-06 20:00:00,785.14,-0.191
2025-02-06 20:30:00,784.77,-0.192
2025-02-06 21:00:00,784.02,-0.191
2025-02-06 21:30:00,783.57,-0.19
2025-02-06 22:00:00,783.15,-0.192
2025-02-06 22:30:00,783.45,-0.191
2025-02-06 23:00:00,783.81,-0.191
2025-02-06 23:30:00,784.58,-0.193
2025-02-07 00:00:00,784.88,-0.192
2025-02-07 00:30:00,784.75,-0.192
2025-02-07 01:00:00,785.02,-0.192
2025-02-07 01:30:00,785.01,-0.193
2025-02-07 02:00:00,785.49,-0.194
2025-02-07 02:30:00,785.51,-0.194
2025-02-07 03:00:00,785.93,-0.191
2025-02-07 03:30:00,786.15,-0.194
2025-02-07 04:00:00,785.89,-0.192
2025-02-07 04:30:00,786.08,-0.195
2025-02-07 05:00:00,786.39,-0.191
2025-02-07 05:30:00,786.59,-0.193
2025-02-07 06:00:00,787.08,-0.194
2025-02-07 06:30:00,787.58,-0.193
2025-02-07 07:00:00,787.8,-0.195
2025-02-07 07:30:00,787.9,-0.195
2025-02-07 08:00:00,787.93,-0.195
2025-02-07 08:30:00,788.32,-0.194
2025-02-07 09:00:00,788.44,-0.196
2025-02-07 09:30:00,788.83,-0.196
2025-02-07 10:00:00,789.09,-0.194
2025-02-07 10:30:00,789.25,-0.194
2025-02-07 11:00:00,789.12,-0.194
2025-02-07 11:30:00,788.98,-0.194
2025-02-07 12:00:00,789.19,-0.194
2025-02-07 12:30:00,789.54,-0.194
2025-02-07 13:00:00,789.65,-0.195
2025-02-07 13:30:00,789.81,-0.193
2025-02-07 14:00:00,790.2,-0.194
2025-02-07 14:30:00,790.0,-0.193
2025-02-07 15:00:00,790.57,-0.194
2025-02-07 15:30:00,790.93,-0.194
2025-02-07 16:00:00,791.24,-0.195
2025-02-07 16:30:00,791.49,-0.194
2025-02-07 17:00:00,791.77,-0.194
2025-02-07 17:30:00,792.14,-0.194
2025-02-07 18:00:00,792.22,-0.195
2025-02-07 18:30:00,792.47,-0.193
2025-02-07 19:00:00,792.9,-0.196
2025-02-07 19:30:00,793.01,-0.195
2025-02-07 20:00:00,792.89,-0.196
2025-02-07 20:30:00,793.19,-0.195
2025-02-07 21:00:00,793.39,-0.196
2025-02-07 21:30:00,793.64,-0.195
2025-02-07 22:00:00,794.03,-0.194
2025-02-07 22:30:00,794.49,-0.195
2025-02-07 23:00:00,795.09,-0.196
2025-02-07 23:30:00,795.63,-0.196
2025-02-08 00:00:00,795.87,-0.195
2025-02-08 00:30:00,796.25,-0.196
2025-02-08 01:00:00,796.34,-0.196
2025-02-08 01:30:00,796.55,-0.197
2025-02-08 02:00:00,796.77,-0.196
2025-02-08 02:30:00,796.96,-0.197
2025-02-08 03:00:00,797.39,-0.197
2025-02-08 03:30:00,797.63,-0.198
2025-02-08 04:00:00,798.01,-0.196
2025-02-08 04:30:00,798.08,-0.196
2025-02-08 05:00:00,798.42,-0.197
2025-02-08 05:30:00,798.72,-0.197
2025-02-08 06:00:00,798.96,-0.197
2025-02-08 06:30:00,799.01,-0.199
2025-02-08 07:00:00,799.5,-0.198
2025-02-08 07:30:00,799.76,-0.197
2025-02-08 08:00:00,799.99,-0.196
2025-02-08 08:30:00,799.93,-0.198
2025-02-08 09:00:00,800.15,-0.198
2025-02-08 09:30:00,800.07,-0.197
2025-02-08 10:00:00,800.15,-0.198
2025-02-08 10:30:00,800.25,-0.199
2025-02-08 11:00:00,799.99,-0.199
2025-02-08 11:30:00,799.15,-0.199
2025-02-08 12:00:00,798.63,-0.2
2025-02-08 12:30:00,798.38,-0.197
2025-02-08 13:00:00,798.18,-0.196
2025-02-08 13:30:00,797.94,-0.196
2025-02-08 14:00:00,797.73,-0.198
2025-02-08 14:30:00,797.73,-0.195
2025-02-08 15:00:00,797.77,-0.195
2025-02-08 15:30:00,798.02,-0.195
2025-02-08 16:00:00,798.39,-0.195
2025-02-08 16:30:00,798.58,-0.194
2025-02-08 17:00:00,798.64,-0.195
2025-02-08 17:30:00,799.07,-0.193
2025-02-08 18:00:00,799.39,-0.195
2025-02-08 18:30:00,799.8,-0.194
2025-02-08 19:00:00,800.34,-0.196
2025-02-08 19:30:00,800.62,-0.195
2025-02-08 20:00:00,800.81,-0.196
2025-02-08 20:30:00,800.84,-0.196
2025-02-08 21:00:00,800.97,-0.197
2025-02-08 21:30:00,801.05,-0.197
2025-02-08 22:00:00,801.33,-0.2
2025-02-08 22:30:00,801.43,-0.199
2025-02-08 23:00:00,801.58,-0.2
2025-02-08 23:30:00,801.77,-0.199
2025-02-09 00:00:00,801.85,-0.199
2025-02-09 00:30:00,801.93,-0.201
2025-02-09 01:00:00,802.24,-0.2
2025-02-09 01:30:00,802.3,-0.198
2025-02-09 02:00:00,802.35,-0.201
2025-02-09 02:30:00,802.71,-0.2
2025-02-09 03:00:00,802.96,-0.201
2025-02-09 03:30:00,803.22,-0.2
2025-02-09 04:00:00,803.52,-0.202
2025-02-09 04:30:00,803.84,-0.202
2025-02-09 05:00:00,804.15,-0.201
2025-02-09 05:30:00,804.18,-0.203
2025-02-09 06:00:00,804.22,-0.202
2025-02-09 06:30:00,804.65,-0.202
2025-02-09 07:00:00,805.06,-0.202
2025-02-09 07:30:00,805.19,-0.203
2025-02-09 08:00:00,804.92,-0.202
2025-02-09 08:30:00,804.56,-0.203
2025-02-09 09:00:00,804.51,-0.203
2025-02-09 09:30:00,804.63,-0.204
2025-02-09 10:00:00,804.76,-0.201
2025-02-09 10:30:00,804.88,-0.205
2025-02-09 11:00:00,804.86,-0.203
2025-02-09 11:30:00,804.79,-0.203
2025-02-09 12:00:00,804.78,-0.204
2025-02-09 12:30:00,804.97,-0.203
2025-02-09 13:00:00,805.09,-0.205
2025-02-09 13:30:00,805.18,-0.204
2025-02-09 14:00:00,805.2,-0.206
2025-02-09 14:30:00,805.29,-0.203
2025-02-09 15:00:00,805.46,-0.204
2025-02-09 15:30:00,805.58,-0.203
2025-02-09 16:00:00,805.76,-0.203
2025-02-09 16:30:00,805.91,-0.203
2025-02-09 17:00:00,806.02,-0.204
2025-02-09 17:30:00,806.11,-0.206
2025-02-09 18:00:00,806.29,-0.204
2025-02-09 18:30:00,806.32,-0.204
2025-02-09 19:00:00,806.24,-0.205
2025-02-09 19:30:00,806.15,-0.204
2025-02-09 20:00:00,806.09,-0.204
2025-02-09 20:30:00,806.1,-0.206
2025-02-09 21:00:00,805.99,-0.206
2025-02-09 21:30:00,805.89,-0.205
2025-02-09 22:00:00,805.8,-0.205
2025-02-09 22:30:00,805.78,-0.206
2025-02-09 23:00:00,805.95,-0.205
2025-02-09 23:30:00,806.13,-0.206
2025-02-10 00:00:00,806.22,-0.207
2025-02-10 00:30:00,806.28,-0.206
2025-02-10 01:00:00,806.25,-0.206
2025-02-10 01:30:00,806.38,-0.208
2025-02-10 02:00:00,806.54,-0.207
2025-02-10 02:30:00,806.64,-0.207
2025-02-10 03:00:00,806.66,-0.207
2025-02-10 03:30:00,806.6,-0.207
2025-02-10 04:00:00,806.47,-0.206
2025-02-10 04:30:00,806.61,-0.207
2025-02-10 05:00:00,806.89,-0.208
2025-02-10 05:30:00,806.7,-0.207
2025-02-10 06:00:00,806.64,-0.206
2025-02-10 06:30:00,806.65,-0.207
2025-02-10 07:00:00,806.82,-0.207
2025-02-10 07:30:00,806.69,-0.207
2025-02-10 08:00:00,806.68,-0.207
2025-02-10 08:30:00,806.34,-0.207
2025-02-10 09:00:00,805.95,-0.206
2025-02-10 09:30:00,805.93,-0.208
2025-02-10 10:00:00,805.62,-0.205
2025-02-10 10:30:00,805.45,-0.204
2025-02-10 11:00:00,805.1,-0.205
2025-02-10 11:30:00,804.97,-0.205
2025-02-10 12:00:00,804.93,-0.204
2025-02-10 12:30:00,804.66,-0.206
2025-02-10 13:00:00,804.54,-0.205
2025-02-10 13:30:00,804.31,-0.206
2025-02-10 14:00:00,803.98,-0.206
2025-02-10 14:30:00,803.88,-0.203
2025-02-10 15:00:00,803.87,-0.205
2025-02-10 15:30:00,803.74,-0.204
2025-02-10 16:00:00,803.64,-0.205
2025-02-10 16:30:00,803.48,-0.203
2025-02-10 17:00:00,803.14,-0.203
2025-02-10 17:30:00,802.84,-0.203
2025-02-10 18:00:00,802.59,-0.204
2025-02-10 18:30:00,802.37,-0.203
2025-02-10 19:00:00,802.13,-0.203
2025-02-10 19:30:00,801.81,-0.201
2025-02-10 20:00:00,801.43,-0.201
2025-02-10 20:30:00,800.92,-0.202
2025-02-10 21:00:00,800.46,-0.201
2025-02-10 21:30:00,799.98,-0.202
2025-02-10 22:00:00,799.76,-0.203
2025-02-10 22:30:00,799.48,-0.201
2025-02-10 23:00:00,799.23,-0.201
2025-02-10 23:30:00,799.01,-0.2
2025-02-11 00:00:00,798.73,-0.202
2025-02-11 00:30:00,798.48,-0.201
2025-02-11 01:00:00,798.28,-0.201
2025-02-11 01:30:00,798.04,-0.201
2025-02-11 02:00:00,797.84,-0.2
2025-02-11 02:30:00,797.69,-0.199
2025-02-11 03:00:00,797.58,-0.202
2025-02-11 03:30:00,797.29,-0.199
2025-02-11 04:00:00,797.03,-0.2
2025-02-11 04:30:00,796.83,-0.199
2025-02-11 05:00:00,796.74,-0.199
2025-02-11 05:30:00,796.3,-0.2
2025-02-11 06:00:00,795.97,-0.198
2025-02-11 06:30:00,795.62,-0.199
2025-02-11 07:00:00,795.25,-0.198
2025-02-11 07:30:00,794.84,-0.197
2025-02-11 08:00:00,794.53,-0.198
2025-02-11 08:30:00,794.21,-0.196
2025-02-11 09:00:00,793.75,-0.196
2025-02-11 09:30:00,793.3,-0.196
2025-02-11 10:00:00,793.02,-0.197
2025-02-11 10:30:00,792.66,-0.197
2025-02-11 11:00:00,792.31,-0.196
2025-02-11 11:30:00,791.88,-0.193
2025-02-11 12:00:00,791.44,-0.195
2025-02-11 12:30:00,791.05,-0.195
2025-02-11 13:00:00,790.7,-0.195
2025-02-11 13:30:00,790.4,-0.195
2025-02-11 14:00:00,790.11,-0.195
2025-02-11 14:30:00,789.89,-0.194
2025-02-11 15:00:00,789.65,-0.193
2025-02-11 15:30:00,789.38,-0.192
2025-02-11 16:00:00,789.13,-0.194
2025-02-11 16:30:00,788.88,-0.195
2025-02-11 17:00:00,788.66,-0.193
2025-02-11 17:30:00,788.42,-0.194
2025-02-11 18:00:00,788.25,-0.192
2025-02-11 18:30:00,788.16,-0.194
2025-02-11 19:00:00,788.07,-0.192
2025-02-11 19:30:00,788.32,-0.192
2025-02-11 20:00:00,787.97,-0.19
2025-02-11 20:30:00,787.71,-0.191
2025-02-11 21:00:00,787.37,-0.192
2025-02-11 21:30:00,786.99,-0.192
2025-02-11 22:00:00,786.6,-0.191
2025-02-11 22:30:00,786.28,-0.192
2025-02-11 23:00:00,786.08,-0.191
2025-02-11 23:30:00,785.93,-0.192
2025-02-12 00:00:00,785.85,-0.19
2025-02-12 00:30:00,785.86,-0.191
2025-02-12 01:00:00,785.56,-0.191
2025-02-12 01:30:00,785.11,-0.19
2025-02-12 02:00:00,785.13,-0.191
2025-02-12 02:30:00,785.08,-0.19
2025-02-12 03:00:00,784.94,-0.19
2025-02-12 03:30:00,784.64,-0.191
2025-02-12 04:00:00,784.28,-0.191
2025-02-12 04:30:00,784.02,-0.19
2025-02-12 05:00:00,784.02,-0.192
2025-02-12 05:30:00,783.92,-0.191
2025-02-12 06:00:00,783.64,-0.19
2025-02-12 06:30:00,783.39,-0.19
2025-02-12 07:00:00,783.16,-0.191
2025-02-12 07:30:00,783.07,-0.188
2025-02-12 08:00:00,782.95,-0.189
2025-02-12 08:30:00,782.89,-0.188
2025-02-12 09:00:00,782.77,-0.19
2025-02-12 09:30:00,782.65,-0.188
2025-02-12 10:00:00,782.46,-0.19
2025-02-12 10:30:00,782.15,-0.188
2025-02-12 11:00:00,781.76,-0.188
2025-02-12 11:30:00,781.41,-0.187
2025-02-12 12:00:00,781.17,-0.188
2025-02-12 12:30:00,781.09,-0.188
2025-02-12 13:00:00,780.96,-0.188
2025-02-12 13:30:00,780.82,-0.188
2025-02-12 14:00:00,780.67,-0.186
2025-02-12 14:30:00,780.46,-0.187
2025-02-12 15:00:00,780.58,-0.186
2025-02-12 15:30:00,780.92,-0.187
2025-02-12 16:00:00,781.06,-0.187
2025-02-12 16:30:00,781.16,-0.187
2025-02-12 17:00:00,781.06,-0.188
2025-02-12 17:30:00,780.92,-0.187
2025-02-12 18:00:00,780.7,-0.187
2025-02-12 18:30:00,780.59,-0.189
2025-02-12 19:00:00,780.42,-0.187
2025-02-12 19:30:00,780.36,-0.189
2025-02-12 20:00:00,780.16,-0.187
2025-02-12 20:30:00,780.07,-0.187
2025-02-12 21:00:00,779.87,-0.186
2025-02-12 21:30:00,779.69,-0.187
2025-02-12 22:00:00,779.47,-0.187
2025-02-12 22:30:00,779.41,-0.187
2025-02-12 23:00:00,779.3,-0.186
2025-02-12 23:30:00,779.09,-0.185
2025-02-13 00:00:00,779.01,-0.185
2025-02-13 00:30:00,778.93,-0.185
2025-02-13 01:00:00,778.85,-0.186
2025-02-13 01:30:00,778.7,-0.184
2025-02-13 02:00:00,778.63,-0.185
2025-02-13 02:30:00,778.51,-0.186
2025-02-13 03:00:00,778.37,-0.184
2025-02-13 03:30:00,778.16,-0.184
2025-02-13 04:00:00,777.82,-0.184
2025-02-13 04:30:00,777.52,-0.183
2025-02-13 05:00:00,777.24,-0.184
2025-02-13 05:30:00,777.08,-0.182
2025-02-13 06:00:00,776.95,-0.183
2025-02-13 06:30:00,776.72,-0.183
2025-02-13 07:00:00,776.49,-0.183
2025-02-13 07:30:00,776.2,-0.182
2025-02-13 08:00:00,776.02,-0.183
2025-02-13 08:30:00,775.65,-0.183
2025-02-13 09:00:00,775.27,-0.182
2025-02-13 09:30:00,774.86,-0.182
2025-02-13 10:00:00,774.33,-0.18
2025-02-13 10:30:00,773.98,-0.181
2025-02-13 11:00:00,773.68,-0.179
2025-02-13 11:30:00,773.36,-0.179
2025-02-13 12:00:00,772.97,-0.181
2025-02-13 12:30:00,772.49,-0.181
2025-02-13 13:00:00,772.12,-0.182
2025-02-13 13:30:00,771.62,-0.18
2025-02-13 14:00:00,771.25,-0.18
2025-02-13 14:30:00,771.37,-0.179
2025-02-13 15:00:00,771.26,-0.181
2025-02-13 15:30:00,771.07,-0.181
2025-02-13 16:00:00,771.0,-0.182
2025-02-13 16:30:00,770.76,-0.181
2025-02-13 17:00:00,770.4,-0.18
2025-02-13 17:30:00,770.11,-0.181
2025-02-13 18:00:00,769.9,-0.181
2025-02-13 18:30:00,769.73,-0.181
2025-02-13 19:00:00,769.46,-0.182
2025-02-13 19:30:00,769.53,-0.182
2025-02-13 20:00:00,769.85,-0.182
2025-02-13 20:30:00,769.56,-0.181
2025-02-13 21:00:00,770.27,-0.182
2025-02-13 21:30:00,770.21,-0.184
2025-02-13 22:00:00,770.5,-0.183
2025-02-13 22:30:00,770.63,-0.184
2025-02-13 23:00:00,769.89,-0.183
2025-02-13 23:30:00,769.76,-0.185
2025-02-14 00:00:00,769.75,-0.184
2025-02-14 00:30:00,769.63,-0.183
2025-02-14 01:00:00,770.03,-0.186
2025-02-14 01:30:00,771.75,-0.185
2025-02-14 02:00:00,772.47,-0.185
2025-02-14 02:30:00,773.22,-0.186
2025-02-14 03:00:00,773.22,-0.185
2025-02-14 03:30:00,773.55,-0.186
2025-02-14 04:00:00,774.22,-0.188
2025-02-14 04:30:00,774.86,-0.187
2025-02-14 05:00:00,775.19,-0.188
2025-02-14 05:30:00,775.79,-0.187
2025-02-14 06:00:00,775.96,-0.187
2025-02-14 06:30:00,775.5,-0.187
2025-02-14 07:00:00,774.59,-0.188
2025-02-14 07:30:00,773.98,-0.186
2025-02-14 08:00:00,772.73,-0.186
2025-02-14 08:30:00,772.42,-0.184
2025-02-14 09:00:00,772.03,-0.184
2025-02-14 09:30:00,771.95,-0.186
2025-02-14 10:00:00,771.97,-0.185
2025-02-14 10:30:00,772.2,-0.183
2025-02-14 11:00:00,772.54,-0.181
2025-02-14 11:30:00,772.91,-0.182
2025-02-14 12:00:00,773.44,-0.183
2025-02-14 12:30:00,774.47,-0.185
2025-02-14 13:00:00,775.43,-0.186
2025-02-14 13:30:00,776.4,-0.186
2025-02-14 14:00:00,777.18,-0.186
2025-02-14 14:30:00,778.19,-0.188
2025-02-14 15:00:00,779.38,-0.186
2025-02-14 15:30:00,780.07,-0.19
2025-02-14 16:00:00,780.74,-0.19
2025-02-14 16:30:00,781.05,-0.19
2025-02-14 17:00:00,781.53,-0.192
2025-02-14 17:30:00,782.31,-0.191
2025-02-14 18:00:00,782.71,-0.191
2025-02-14 18:30:00,783.54,-0.192
2025-02-14 19:00:00,784.15,-0.191
2025-02-14 19:30:00,785.11,-0.193
2025-02-14 20:00:00,785.65,-0.193
2025-02-14 20:30:00,786.19,-0.195
2025-02-14 21:00:00,786.57,-0.195
2025-02-14 21:30:00,787.06,-0.196
2025-02-14 22:00:00,787.6,-0.196
2025-02-14 22:30:00,788.33,-0.197
2025-02-14 23:00:00,788.84,-0.198
2025-02-14 23:30:00,789.5,-0.2
2025-02-15 00:00:00,789.89,-0.199
2025-02-15 00:30:00,790.23,-0.199
2025-02-15 01:00:00,790.84,-0.2
2025-02-15 01:30:00,791.56,-0.198
2025-02-15 02:00:00,792.12,-0.199
2025-02-15 02:30:00,792.8,-0.198
2025-02-15 03:00:00,793.29,-0.202
2025-02-15 03:30:00,794.4,-0.201
2025-02-15 04:00:00,794.9,-0.201
2025-02-15 04:30:00,795.3,-0.202
2025-02-15 05:00:00,795.68,-0.202
2025-02-15 05:30:00,796.15,-0.2
2025-02-15 06:00:00,796.59,-0.2
2025-02-15 06:30:00,796.83,-0.202
2025-02-15 07:00:00,797.26,-0.203
2025-02-15 07:30:00,797.83,-0.202
2025-02-15 08:00:00,798.08,-0.202
2025-02-15 08:30:00,798.56,-0.202
2025-02-15 09:00:00,798.83,-0.202
2025-02-15 09:30:00,798.96,-0.202
2025-02-15 10:00:00,799.34,-0.203
2025-02-15 10:30:00,799.69,-0.201
2025-02-15 11:00:00,799.77,-0.205
2025-02-15 11:30:00,799.95,-0.203
2025-02-15 12:00:00,800.35,-0.203
2025-02-15 12:30:00,800.92,-0.204
2025-02-15 13:00:00,801.43,-0.205
2025-02-15 13:30:00,801.64,-0.204
2025-02-15 14:00:00,802.29,-0.205
2025-02-15 14:30:00,802.62,-0.205
2025-02-15 15:00:00,803.06,-0.204
2025-02-15 15:30:00,803.13,-0.206
2025-02-15 16:00:00,803.86,-0.205
2025-02-15 16:30:00,804.75,-0.206
2025-02-15 17:00:00,805.28,-0.206
2025-02-15 17:30:00,805.99,-0.207
2025-02-15 18:00:00,806.44,-0.206
2025-02-15 18:30:00,806.74,-0.207
2025-02-15 19:00:00,807.3,-0.209
2025-02-15 19:30:00,807.45,-0.21
2025-02-15 20:00:00,807.84,-0.208
2025-02-15 20:30:00,808.12,-0.21
2025-02-15 21:00:00,808.26,-0.21
2025-02-15 21:30:00,808.29,-0.211
2025-02-15 22:00:00,808.54,-0.21
2025-02-15 22:30:00,809.52,-0.211
2025-02-15 23:00:00,810.01,-0.209
2025-02-15 23:30:00,810.6,-0.213
2025-02-16 00:00:00,810.97,-0.212
2025-02-16 00:30:00,811.37,-0.214
2025-02-16 01:00:00,811.87,-0.212
2025-02-16 01:30:00,812.38,-0.213
2025-02-16 02:00:00,813.18,-0.213
2025-02-16 02:30:00,813.67,-0.213
2025-02-16 03:00:00,814.19,-0.215
2025-02-16 03:30:00,814.41,-0.214
2025-02-16 04:00:00,814.74,-0.215
2025-02-16 04:30:00,815.19,-0.215
2025-02-16 05:00:00,815.47,-0.217
2025-02-16 05:30:00,815.74,-0.217
2025-02-16 06:00:00,815.95,-0.216
2025-02-16 06:30:00,816.32,-0.217
2025-02-16 07:00:00,816.56,-0.217
2025-02-16 07:30:00,816.78,-0.217
2025-02-16 08:00:00,816.78,-0.214
2025-02-16 08:30:00,817.07,-0.217
2025-02-16 09:00:00,817.19,-0.218
2025-02-16 09:30:00,817.57,-0.218
2025-02-16 10:00:00,817.77,-0.217
2025-02-16 10:30:00,818.11,-0.215
2025-02-16 11:00:00,818.45,-0.218
2025-02-16 11:30:00,818.55,-0.219
2025-02-16 12:00:00,819.0,-0.218
2025-02-16 12:30:00,819.26,-0.221
2025-02-16 13:00:00,819.67,-0.219
2025-02-16 13:30:00,819.89,-0.22
2025-02-16 14:00:00,820.41,-0.221
2025-02-16 14:30:00,820.88,-0.22
2025-02-16 15:00:00,821.26,-0.22
2025-02-16 15:30:00,821.55,-0.22
2025-02-16 16:00:00,822.27,-0.22
2025-02-16 16:30:00,822.57,-0.221
2025-02-16 17:00:00,822.67,-0.222
2025-02-16 17:30:00,822.59,-0.221
2025-02-16 18:00:00,822.79,-0.223
2025-02-16 18:30:00,822.99,-0.222
2025-02-16 19:00:00,823.28,-0.222
2025-02-16 19:30:00,823.19,-0.224
2025-02-16 20:00:00,823.35,-0.224
2025-02-16 20:30:00,823.07,-0.223
2025-02-16 21:00:00,823.3,-0.224
2025-02-16 21:30:00,822.95,-0.223
2025-02-16 22:00:00,823.13,-0.224
2025-02-16 22:30:00,823.06,-0.224
2025-02-16 23:00:00,823.27,-0.225
2025-02-16 23:30:00,823.46,-0.223
2025-02-17 00:00:00,823.6,-0.225
2025-02-17 00:30:00,823.65,-0.226
2025-02-17 01:00:00,823.84,-0.223
2025-02-17 01:30:00,823.94,-0.226
2025-02-17 02:00:00,824.23,-0.225
2025-02-17 02:30:00,824.4,-0.225
2025-02-17 03:00:00,824.49,-0.225
2025-02-17 03:30:00,824.91,-0.225
2025-02-17 04:00:00,825.26,-0.226
2025-02-17 04:30:00,825.71,-0.227
2025-02-17 05:00:00,826.13,-0.228
2025-02-17 05:30:00,826.59,-0.226
2025-02-17 06:00:00,826.9,-0.227
2025-02-17 06:30:00,827.04,-0.226
2025-02-17 07:00:00,827.22,-0.227
2025-02-17 07:30:00,827.53,-0.225
2025-02-17 08:00:00,827.99,-0.227
2025-02-17 08:30:00,828.25,-0.226
2025-02-17 09:00:00,828.47,-0.229
2025-02-17 09:30:00,828.72,-0.228
2025-02-17 10:00:00,828.98,-0.228
2025-02-17 10:30:00,828.92,-0.226
2025-02-17 11:00:00,828.67,-0.229
2025-02-17 11:30:00,828.87,-0.227
2025-02-17 12:00:00,829.51,-0.229
2025-02-17 12:30:00,830.06,-0.228
2025-02-17 13:00:00,830.33,-0.227
2025-02-17 13:30:00,830.57,-0.228
2025-02-17 14:00:00,830.86,-0.227
2025-02-17 14:30:00,831.05,-0.228
2025-02-17 15:00:00,831.28,-0.228
2025-02-17 15:30:00,831.68,-0.228
2025-02-17 16:00:00,832.11,-0.228
2025-02-17 16:30:00,832.32,-0.228
2025-02-17 17:00:00,832.45,-0.229
2025-02-17 17:30:00,832.64,-0.227
2025-02-17 18:00:00,832.99,-0.227
2025-02-17 18:30:00,833.36,-0.228
2025-02-17 19:00:00,833.62,-0.227
2025-02-17 19:30:00,833.73,-0.227
2025-02-17 20:00:00,833.45,-0.229
2025-02-17 20:30:00,833.32,-0.228
2025-02-17 21:00:00,833.34,-0.227
2025-02-17 21:30:00,833.12,-0.228
2025-02-17 22:00:00,832.98,-0.227
2025-02-17 22:30:00,833.13,-0.225
2025-02-17 23:00:00,833.24,-0.227
2025-02-17 23:30:00,833.66,-0.225
2025-02-18 00:00:00,833.9,-0.227
2025-02-18 00:30:00,833.95,-0.226
2025-02-18 01:00:00,834.2,-0.225
2025-02-18 01:30:00,834.25,-0.226
2025-02-18 02:00:00,834.27,-0.225
2025-02-18 02:30:00,834.58,-0.225
2025-02-18 03:00:00,834.87,-0.224
2025-02-18 03:30:00,835.01,-0.225
2025-02-18 04:00:00,834.88,-0.226
2025-02-18 04:30:00,835.16,-0.224
2025-02-18 05:00:00,835.23,-0.225
2025-02-18 05:30:00,835.33,-0.224
2025-02-18 06:00:00,835.35,-0.225
2025-02-18 06:30:00,835.24,-0.223
2025-02-18 07:00:00,835.0,-0.224
2025-02-18 07:30:00,834.81,-0.224
2025-02-18 08:00:00,834.84,-0.222
2025-02-18 08:30:00,834.85,-0.223
2025-02-18 09:00:00,834.68,-0.221
2025-02-18 09:30:00,834.58,-0.221
2025-02-18 10:00:00,834.53,-0.221
2025-02-18 10:30:00,834.42,-0.221
2025-02-18 11:00:00,834.05,-0.22
2025-02-18 11:30:00,833.62,-0.221
2025-02-18 12:00:00,833.46,-0.221
2025-02-18 12:30:00,833.54,-0.221
2025-02-18 13:00:00,833.59,-0.219
2025-02-18 13:30:00,833.82,-0.219
2025-02-18 14:00:00,833.99,-0.221
2025-02-18 14:30:00,833.93,-0.219
2025-02-18 15:00:00,833.98,-0.22
2025-02-18 15:30:00,834.03,-0.219
2025-02-18 16:00:00,834.22,-0.219
2025-02-18 16:30:00,834.63,-0.218
2025-02-18 17:00:00,834.72,-0.218
2025-02-18 17:30:00,834.93,-0.218
2025-02-18 18:00:00,835.09,-0.218
2025-02-18 18:30:00,835.44,-0.218
2025-02-18 19:00:00,835.9,-0.218
2025-02-18 19:30:00,835.91,-0.217
2025-02-18 20:00:00,836.27,-0.219
2025-02-18 20:30:00,836.46,-0.217
2025-02-18 21:00:00,836.51,-0.217
2025-02-18 21:30:00,836.55,-0.216
2025-02-18 22:00:00,836.79,-0.218
2025-02-18 22:30:00,837.18,-0.216
2025-02-18 23:00:00,837.7,-0.219
2025-02-18 23:30:00,838.08,-0.218
2025-02-19 00:00:00,838.35,-0.219
2025-02-19 00:30:00,838.56,-0.22
2025-02-19 01:00:00,838.98,-0.219
2025-02-19 01:30:00,839.81,-0.217
2025-02-19 02:00:00,840.48,-0.219
2025-02-19 02:30:00,840.88,-0.217
2025-02-19 03:00:00,841.21,-0.219
2025-02-19 03:30:00,841.77,-0.22
2025-02-19 04:00:00,842.31,-0.22
2025-02-19 04:30:00,842.93,-0.218
2025-02-19 05:00:00,843.45,-0.219
2025-02-19 05:30:00,843.96,-0.218
2025-02-19 06:00:00,844.43,-0.219
2025-02-19 06:30:00,844.91,-0.22
2025-02-19 07:00:00,845.19,-0.22
2025-02-19 07:30:00,845.87,-0.221
2025-02-19 08:00:00,846.5,-0.22
2025-02-19 08:30:00,846.86,-0.22
2025-02-19 09:00:00,847.22,-0.219
2025-02-19 09:30:00,847.54,-0.219
2025-02-19 10:00:00,847.95,-0.219
2025-02-19 10:30:00,848.3,-0.219
2025-02-19 11:00:00,848.43,-0.219
2025-02-19 11:30:00,848.88,-0.219
2025-02-19 12:00:00,849.17,-0.217
2025-02-19 12:30:00,849.21,-0.218
2025-02-19 13:00:00,849.42,-0.216
2025-02-19 13:30:00,849.86,-0.215
2025-02-19 14:00:00,849.93,-0.215
2025-02-19 14:30:00,850.09,-0.213
2025-02-19 15:00:00,849.93,-0.216
2025-02-19 15:30:00,850.17,-0.215
2025-02-19 16:00:00,850.28,-0.214
2025-02-19 16:30:00,850.43,-0.214
2025-02-19 17:00:00,850.41,-0.212
2025-02-19 17:30:00,850.49,-0.212
2025-02-19 18:00:00,850.35,-0.211
2025-02-19 18:30:00,850.05,-0.211
2025-02-19 19:00:00,849.76,-0.211
2025-02-19 19:30:00,849.29,-0.211
2025-02-19 20:00:00,848.69,-0.211
2025-02-19 20:30:00,848.36,-0.208
2025-02-19 21:00:00,847.55,-0.21
2025-02-19 21:30:00,846.73,-0.21
2025-02-19 22:00:00,846.14,-0.208
2025-02-19 22:30:00,845.46,-0.209
2025-02-19 23:00:00,845.15,-0.207
2025-02-19 23:30:00,844.6,-0.208
2025-02-20 00:00:00,844.03,-0.206
2025-02-20 00:30:00,843.67,-0.207
2025-02-20 01:00:00,843.36,-0.204
2025-02-20 01:30:00,843.0,-0.207
2025-02-20 02:00:00,842.62,-0.207
2025-02-20 02:30:00,842.44,-0.207
2025-02-20 03:00:00,842.43,-0.206
2025-02-20 03:30:00,841.9,-0.207
2025-02-20 04:00:00,841.78,-0.206
2025-02-20 04:30:00,841.71,-0.206
2025-02-20 05:00:00,841.39,-0.206
2025-02-20 05:30:00,841.07,-0.206
2025-02-20 06:00:00,840.78,-0.206
2025-02-20 06:30:00,840.49,-0.205
2025-02-20 07:00:00,840.2,-0.205
2025-02-20 07:30:00,839.92,-0.207
2025-02-20 08:00:00,839.51,-0.205
2025-02-20 08:30:00,839.21,-0.205
2025-02-20 09:00:00,838.9,-0.205
2025-02-20 09:30:00,838.52,-0.204
2025-02-20 10:00:00,838.14,-0.205
2025-02-20 10:30:00,837.68,-0.205
2025-02-20 11:00:00,837.27,-0.206
2025-02-20 11:30:00,836.96,-0.207
2025-02-20 12:00:00,836.69,-0.205
2025-02-20 12:30:00,836.49,-0.207
2025-02-20 13:00:00,836.4,-0.205
2025-02-20 13:30:00,836.08,-0.204
2025-02-20 14:00:00,835.86,-0.205
2025-02-20 14:30:00,835.61,-0.205
2025-02-20 15:00:00,835.46,-0.205
2025-02-20 15:30:00,835.16,-0.205
2025-02-20 16:00:00,834.99,-0.204
2025-02-20 16:30:00,834.72,-0.207
2025-02-20 17:00:00,834.33,-0.204
2025-02-20 17:30:00,834.06,-0.204
2025-02-20 18:00:00,833.49,-0.205
2025-02-20 18:30:00,833.06,-0.204
2025-02-20 19:00:00,832.89,-0.206
2025-02-20 19:30:00,832.6,-0.204
2025-02-20 20:00:00,832.29,-0.204
2025-02-20 20:30:00,831.91,-0.206
2025-02-20 21:00:00,831.45,-0.206
2025-02-20 21:30:00,831.18,-0.205
2025-02-20 22:00:00,831.08,-0.205
2025-02-20 22:30:00,830.81,-0.206
2025-02-20 23:00:00,830.7,-0.206
2025-02-20 23:30:00,830.59,-0.203
2025-02-21 00:00:00,830.62,-0.205
2025-02-21 00:30:00,830.76,-0.207
2025-02-21 01:00:00,830.77,-0.204
2025-02-21 01:30:00,830.82,-0.205
2025-02-21 02:00:00,830.84,-0.207
2025-02-21 02:30:00,831.11,-0.206
2025-02-21 03:00:00,831.23,-0.206
2025-02-21 03:30:00,831.11,-0.207
2025-02-21 04:00:00,830.99,-0.206
2025-02-21 04:30:00,831.16,-0.206
2025-02-21 05:00:00,831.36,-0.206
2025-02-21 05:30:00,831.57,-0.206
2025-02-21 06:00:00,831.6,-0.207
2025-02-21 06:30:00,831.59,-0.206
2025-02-21 07:00:00,831.48,-0.206
2025-02-21 07:30:00,831.16,-0.205
2025-02-21 08:00:00,830.88,-0.207
2025-02-21 08:30:00,830.88,-0.206
2025-02-21 09:00:00,830.63,-0.208
2025-02-21 09:30:00,830.47,-0.206
2025-02-21 10:00:00,830.36,-0.207
2025-02-21 10:30:00,830.42,-0.207
2025-02-21 11:00:00,830.29,-0.207
2025-02-21 11:30:00,830.27,-0.205
2025-02-21 12:00:00,830.45,-0.206
2025-02-21 12:30:00,830.48,-0.207
2025-02-21 13:00:00,830.46,-0.206
2025-02-21 13:30:00,830.29,-0.208
2025-02-21 14:00:00,830.16,-0.206
2025-02-21 14:30:00,830.01,-0.208
2025-02-21 15:00:00,829.88,-0.207
2025-02-21 15:30:00,829.78,-0.206
2025-02-21 16:00:00,829.61,-0.208
2025-02-21 16:30:00,829.41,-0.206
2025-02-21 17:00:00,829.29,-0.208
2025-02-21 17:30:00,829.16,-0.208
2025-02-21 18:00:00,828.98,-0.209
2025-02-21 18:30:00,828.82,-0.207
2025-02-21 19:00:00,828.84,-0.207
2025-02-21 19:30:00,828.67,-0.209
2025-02-21 20:00:00,828.52,-0.207
2025-02-21 20:30:00,828.39,-0.207
2025-02-21 21:00:00,828.27,-0.207
2025-02-21 21:30:00,828.02,-0.207
2025-02-21 22:00:00,827.92,-0.207
2025-02-21 22:30:00,827.71,-0.206
2025-02-21 23:00:00,827.64,-0.209
2025-02-21 23:30:00,827.56,-0.209
2025-02-22 00:00:00,827.44,-0.208
2025-02-22 00:30:00,827.27,-0.206
2025-02-22 01:00:00,827.03,-0.206
2025-02-22 01:30:00,826.75,-0.207
2025-02-22 02:00:00,826.52,-0.207
2025-02-22 02:30:00,826.37,-0.206
2025-02-22 03:00:00,826.48,-0.205
2025-02-22 03:30:00,826.34,-0.206
2025-02-22 04:00:00,825.98,-0.206
2025-02-22 04:30:00,825.64,-0.206
2025-02-22 05:00:00,825.11,-0.204
2025-02-22 05:30:00,824.96,-0.205
2025-02-22 06:00:00,824.79,-0.204
2025-02-22 06:30:00,824.52,-0.205
2025-02-22 07:00:00,824.52,-0.205
2025-02-22 07:30:00,824.5,-0.203
2025-02-22 08:00:00,824.38,-0.203
2025-02-22 08:30:00,823.87,-0.203
2025-02-22 09:00:00,823.95,-0.203
2025-02-22 09:30:00,823.72,-0.203
2025-02-22 10:00:00,823.29,-0.201
2025-02-22 10:30:00,822.94,-0.201
2025-02-22 11:00:00,822.43,-0.203
2025-02-22 11:30:00,821.94,-0.201
2025-02-22 12:00:00,821.68,-0.203
2025-02-22 12:30:00,820.57,-0.2
2025-02-22 13:00:00,819.72,-0.2
2025-02-22 13:30:00,820.21,-0.2
2025-02-22 14:00:00,820.16,-0.201
2025-02-22 14:30:00,820.26,-0.2
2025-02-22 15:00:00,820.36,-0.199
2025-02-22 15:30:00,820.05,-0.198
2025-02-22 16:00:00,819.78,-0.199
2025-02-22 16:30:00,819.78,-0.198
2025-02-22 17:00:00,819.56,-0.196
2025-02-22 17:30:00,819.21,-0.198
2025-02-22 18:00:00,818.89,-0.198
2025-02-22 18:30:00,818.88,-0.196
2025-02-22 19:00:00,819.0,-0.197
2025-02-22 19:30:00,818.92,-0.197
2025-02-22 20:00:00,818.57,-0.196
2025-02-22 20:30:00,818.15,-0.196
2025-02-22 21:00:00,817.66,-0.196
2025-02-22 21:30:00,817.4,-0.197
2025-02-22 22:00:00,817.16,-0.197
2025-02-22 22:30:00,817.07,-0.195
2025-02-22 23:00:00,817.0,-0.195
2025-02-22 23:30:00,816.8,-0.196
2025-02-23 00:00:00,816.96,-0.197
2025-02-23 00:30:00,816.96,-0.194
2025-02-23 01:00:00,817.01,-0.196
2025-02-23 01:30:00,817.51,-0.197
2025-02-23 02:00:00,818.04,-0.197
2025-02-23 02:30:00,818.23,-0.196
2025-02-23 03:00:00,818.41,-0.197
2025-02-23 03:30:00,818.7,-0.197
2025-02-23 04:00:00,819.21,-0.197
2025-02-23 04:30:00,819.2,-0.198
2025-02-23 05:00:00,819.42,-0.198
2025-02-23 05:30:00,819.36,-0.197
2025-02-23 06:00:00,819.35,-0.198
2025-02-23 06:30:00,819.27,-0.197
2025-02-23 07:00:00,819.01,-0.2
2025-02-23 07:30:00,818.95,-0.198
2025-02-23 08:00:00,818.86,-0.198
2025-02-23 08:30:00,818.78,-0.198
2025-02-23 09:00:00,818.67,-0.196
2025-02-23 09:30:00,818.21,-0.199
2025-02-23 10:00:00,818.05,-0.198
2025-02-23 10:30:00,817.64,-0.198
2025-02-23 11:00:00,817.43,-0.199
2025-02-23 11:30:00,817.12,-0.197
2025-02-23 12:00:00,816.88,-0.198
2025-02-23 12:30:00,816.7,-0.199
2025-02-23 13:00:00,816.94,-0.199
2025-02-23 13:30:00,816.87,-0.198
2025-02-23 14:00:00,816.9,-0.199
2025-02-23 14:30:00,816.85,-0.199
2025-02-23 15:00:00,816.96,-0.198
2025-02-23 15:30:00,817.0,-0.199
2025-02-23 16:00:00,817.07,-0.2
2025-02-23 16:30:00,817.08,-0.198
2025-02-23 17:00:00,816.99,-0.199
2025-02-23 17:30:00,816.92,-0.197
2025-02-23 18:00:00,816.83,-0.199
2025-02-23 18:30:00,816.91,-0.199
2025-02-23 19:00:00,816.98,-0.199
2025-02-23 19:30:00,816.66,-0.199
2025-02-23 20:00:00,816.1,-0.198
2025-02-23 20:30:00,815.81,-0.198
2025-02-23 21:00:00,815.56,-0.198
2025-02-23 21:30:00,814.93,-0.198
2025-02-23 22:00:00,814.62,-0.198
2025-02-23 22:30:00,814.43,-0.198
2025-02-23 23:00:00,814.11,-0.198
2025-02-23 23:30:00,813.93,-0.197
2025-02-24 00:00:00,813.98,-0.198
2025-02-24 00:30:00,813.85,-0.199
2025-02-24 01:00:00,813.74,-0.197
2025-02-24 01:30:00,813.61,-0.199
2025-02-24 02:00:00,813.54,-0.197
2025-02-24 02:30:00,813.61,-0.197
2025-02-24 03:00:00,813.78,-0.198
2025-02-24 03:30:00,813.93,-0.197
2025-02-24 04:00:00,813.73,-0.197
2025-02-24 04:30:00,813.75,-0.197
2025-02-24 05:00:00,813.75,-0.197
2025-02-24 05:30:00,813.7,-0.199
2025-02-24 06:00:00,813.52,-0.199
2025-02-24 06:30:00,813.19,-0.197
2025-02-24 07:00:00,812.93,-0.199
2025-02-24 07:30:00,812.69,-0.198
2025-02-24 08:00:00,812.48,-0.197
2025-02-24 08:30:00,812.33,-0.198
2025-02-24 09:00:00,812.01,-0.198
2025-02-24 09:30:00,811.77,-0.198
2025-02-24 10:00:00,811.5,-0.197
2025-02-24 10:30:00,811.2,-0.196
2025-02-24 11:00:00,810.89,-0.197
2025-02-24 11:30:00,810.68,-0.195
2025-02-24 12:00:00,810.31,-0.197
2025-02-24 12:30:00,810.25,-0.197
2025-02-24 13:00:00,810.08,-0.197
2025-02-24 13:30:00,810.03,-0.197
2025-02-24 14:00:00,809.87,-0.196
2025-02-24 14:30:00,809.8,-0.196
2025-02-24 15:00:00,809.67,-0.196
2025-02-24 15:30:00,809.73,-0.197
2025-02-24 16:00:00,809.64,-0.197
2025-02-24 16:30:00,809.47,-0.197
2025-02-24 17:00:00,809.52,-0.197
2025-02-24 17:30:00,809.98,-0.195
2025-02-24 18:00:00,809.91,-0.195
2025-02-24 18:30:00,809.34,-0.195
2025-02-24 19:00:00,808.96,-0.194
2025-02-24 19:30:00,808.75,-0.194
2025-02-24 20:00:00,808.37,-0.195
2025-02-24 20:30:00,807.87,-0.193
2025-02-24 21:00:00,807.47,-0.195
2025-02-24 21:30:00,807.75,-0.194
2025-02-24 22:00:00,806.88,-0.196
2025-02-24 22:30:00,807.58,-0.195
2025-02-24 23:00:00,807.85,-0.195
2025-02-24 23:30:00,807.85,-0.197
2025-02-25 00:00:00,808.0,-0.196
2025-02-25 00:30:00,808.17,-0.196
2025-02-25 01:00:00,808.39,-0.197
2025-02-25 01:30:00,808.58,-0.197
2025-02-25 02:00:00,808.96,-0.198
2025-02-25 02:30:00,808.81,-0.199
2025-02-25 03:00:00,808.55,-0.198
2025-02-25 03:30:00,808.6,-0.199
2025-02-25 04:00:00,808.98,-0.199
2025-02-25 04:30:00,808.96,-0.199
2025-02-25 05:00:00,808.85,-0.199
2025-02-25 05:30:00,808.53,-0.197
2025-02-25 06:00:00,808.04,-0.198
2025-02-25 06:30:00,807.9,-0.198
2025-02-25 07:00:00,807.91,-0.198
2025-02-25 07:30:00,807.84,-0.197
2025-02-25 08:00:00,807.48,-0.196
2025-02-25 08:30:00,807.19,-0.198
2025-02-25 09:00:00,807.05,-0.197
2025-02-25 09:30:00,806.88,-0.197
2025-02-25 10:00:00,806.82,-0.197
2025-02-25 10:30:00,806.68,-0.196
2025-02-25 11:00:00,806.51,-0.198
2025-02-25 11:30:00,806.21,-0.198
2025-02-25 12:00:00,805.86,-0.197
2025-02-25 12:30:00,805.49,-0.196
2025-02-25 13:00:00,805.43,-0.197
2025-02-25 13:30:00,805.42,-0.195
2025-02-25 14:00:00,805.29,-0.196
2025-02-25 14:30:00,805.25,-0.195
2025-02-25 15:00:00,805.03,-0.195
2025-02-25 15:30:00,804.88,-0.197
2025-02-25 16:00:00,804.64,-0.197
2025-02-25 16:30:00,804.39,-0.197
2025-02-25 17:00:00,804.19,-0.197
2025-02-25 17:30:00,804.2,-0.198
2025-02-25 18:00:00,804.33,-0.196
2025-02-25 18:30:00,804.51,-0.196
2025-02-25 19:00:00,804.68,-0.196
2025-02-25 19:30:00,804.81,-0.197
2025-02-25 20:00:00,804.68,-0.198
2025-02-25 20:30:00,804.2,-0.197
2025-02-25 21:00:00,803.81,-0.196
2025-02-25 21:30:00,803.37,-0.197
2025-02-25 22:00:00,803.2,-0.197
2025-02-25 22:30:00,803.31,-0.197
2025-02-25 23:00:00,803.36,-0.198
2025-02-25 23:30:00,803.61,-0.198
2025-02-26 00:00:00,803.77,-0.2
2025-02-26 00:30:00,803.82,-0.201
2025-02-26 01:00:00,804.06,-0.199
2025-02-26 01:30:00,804.35,-0.199
2025-02-26 02:00:00,804.41,-0.199
2025-02-26 02:30:00,804.52,-0.198
2025-02-26 03:00:00,804.87,-0.199
2025-02-26 03:30:00,804.61,-0.201
2025-02-26 04:00:00,804.52,-0.199
2025-02-26 04:30:00,804.44,-0.199
2025-02-26 05:00:00,804.48,-0.2
2025-02-26 05:30:00,804.51,-0.2
2025-02-26 06:00:00,804.6,-0.201
2025-02-26 06:30:00,804.55,-0.2
2025-02-26 07:00:00,804.24,-0.201
2025-02-26 07:30:00,803.92,-0.199
2025-02-26 08:00:00,803.55,-0.199
2025-02-26 08:30:00,803.49,-0.199
2025-02-26 09:00:00,803.43,-0.199
2025-02-26 09:30:00,803.29,-0.199
2025-02-26 10:00:00,803.17,-0.198
2025-02-26 10:30:00,802.85,-0.199
2025-02-26 11:00:00,802.52,-0.198
2025-02-26 11:30:00,802.2,-0.198
2025-02-26 12:00:00,801.76,-0.198
2025-02-26 12:30:00,801.53,-0.198
2025-02-26 13:00:00,801.41,-0.199
2025-02-26 13:30:00,801.62,-0.197
2025-02-26 14:00:00,801.78,-0.198
2025-02-26 14:30:00,801.95,-0.198
2025-02-26 15:00:00,802.03,-0.196
2025-02-26 15:30:00,802.22,-0.197
2025-02-26 16:00:00,802.07,-0.197
2025-02-26 16:30:00,801.91,-0.197
2025-02-26 17:00:00,801.83,-0.196
2025-02-26 17:30:00,801.78,-0.197
2025-02-26 18:00:00,801.83,-0.196
2025-02-26 18:30:00,802.2,-0.195
2025-02-26 19:00:00,802.6,-0.197
2025-02-26 19:30:00,802.41,-0.196
2025-02-26 20:00:00,802.05,-0.198
2025-02-26 20:30:00,802.01,-0.197
2025-02-26 21:00:00,801.94,-0.195
2025-02-26 21:30:00,801.93,-0.194
2025-02-26 22:00:00,802.6,-0.196
2025-02-26 22:30:00,803.0,-0.198
2025-02-26 23:00:00,803.47,-0.197
2025-02-26 23:30:00,803.82,-0.199
2025-02-27 00:00:00,804.23,-0.197
2025-02-27 00:30:00,804.51,-0.198
2025-02-27 01:00:00,805.21,-0.2
2025-02-27 01:30:00,805.96,-0.2
2025-02-27 02:00:00,806.5,-0.2
2025-02-27 02:30:00,806.96,-0.201
2025-02-27 03:00:00,807.24,-0.203
2025-02-27 03:30:00,807.41,-0.202
2025-02-27 04:00:00,807.35,-0.202
2025-02-27 04:30:00,807.14,-0.203
2025-02-27 05:00:00,807.0,-0.201
2025-02-27 05:30:00,807.01,-0.202
2025-02-27 06:00:00,806.82,-0.2
2025-02-27 06:30:00,806.93,-0.201
2025-02-27 07:00:00,807.06,-0.203
2025-02-27 07:30:00,807.07,-0.201
2025-02-27 08:00:00,807.14,-0.201
2025-02-27 08:30:00,806.97,-0.202
2025-02-27 09:00:00,806.47,-0.202
2025-02-27 09:30:00,806.12,-0.202
2025-02-27 10:00:00,805.78,-0.203
2025-02-27 10:30:00,805.64,-0.202
2025-02-27 11:00:00,805.25,-0.2
2025-02-27 11:30:00,804.98,-0.201
2025-02-27 12:00:00,804.86,-0.201
2025-02-27 12:30:00,804.95,-0.2
2025-02-27 13:00:00,805.1,-0.201
2025-02-27 13:30:00,805.39,-0.202
2025-02-27 14:00:00,805.06,-0.201
2025-02-27 14:30:00,804.88,-0.199
2025-02-27 15:00:00,804.64,-0.201
2025-02-27 15:30:00,804.57,-0.199
2025-02-27 16:00:00,804.39,-0.199
2025-02-27 16:30:00,804.27,-0.2
2025-02-27 17:00:00,804.25,-0.2
2025-02-27 17:30:00,804.52,-0.2
2025-02-27 18:00:00,804.78,-0.199
2025-02-27 18:30:00,805.2,-0.2
2025-02-27 19:00:00,805.27,-0.202
2025-02-27 19:30:00,805.15,-0.201
2025-02-27 20:00:00,805.23,-0.202
2025-02-27 20:30:00,805.41,-0.2
2025-02-27 21:00:00,805.27,-0.201
2025-02-27 21:30:00,805.19,-0.201
2025-02-27 22:00:00,805.28,-0.202
2025-02-27 22:30:00,805.81,-0.203
2025-02-27 23:00:00,806.04,-0.203
2025-02-27 23:30:00,806.14,-0.203
2025-02-28 00:00:00,806.07,-0.203
2025-02-28 00:30:00,806.13,-0.205
2025-02-28 01:00:00,806.05,-0.202
2025-02-28 01:30:00,805.94,-0.204
2025-02-28 02:00:00,805.98,-0.206
2025-02-28 02:30:00,805.97,-0.204
2025-02-28 03:00:00,806.17,-0.204
2025-02-28 03:30:00,805.9,-0.205
2025-02-28 04:00:00,805.21,-0.204
2025-02-28 04:30:00,805.02,-0.204
2025-02-28 05:00:00,804.72,-0.204
2025-02-28 05:30:00,804.61,-0.203
2025-02-28 06:00:00,804.65,-0.205
2025-02-28 06:30:00,804.28,-0.203
2025-02-28 07:00:00,803.7,-0.204
2025-02-28 07:30:00,803.33,-0.201
2025-02-28 08:00:00,802.97,-0.202
2025-02-28 08:30:00,802.53,-0.202
2025-02-28 09:00:00,802.25,-0.202
2025-02-28 09:30:00,802.16,-0.202
2025-02-28 10:00:00,802.24,-0.203
2025-02-28 10:30:00,802.12,-0.203
2025-02-28 11:00:00,801.78,-0.203
2025-02-28 11:30:00,801.23,-0.202
2025-02-28 12:00:00,800.66,-0.202
2025-02-28 12:30:00,800.5,-0.201
2025-02-28 13:00:00,800.28,-0.201
2025-02-28 13:30:00,800.12,-0.203
2025-02-28 14:00:00,799.77,-0.201
2025-02-28 14:30:00,799.56,-0.203
2025-02-28 15:00:00,799.46,-0.203
2025-02-28 15:30:00,799.52,-0.202
2025-02-28 16:00:00,799.95,-0.202
2025-02-28 16:30:00,800.01,-0.201
2025-02-28 17:00:00,800.18,-0.201
2025-02-28 17:30:00,800.03,-0.199
2025-02-28 18:00:00,799.89,-0.201
2025-02-28 18:30:00,799.92,-0.201
2025-02-28 19:00:00,799.81,-0.2
2025-02-28 19:30:00,799.43,-0.2
2025-02-28 20:00:00,799.1,-0.201
2025-02-28 20:30:00,798.76,-0.199
2025-02-28 21:00:00,798.3,-0.2
2025-02-28 21:30:00,798.11,-0.199
2025-02-28 22:00:00,797.98,-0.2
2025-02-28 22:30:00,798.03,-0.199
2025-02-28 23:00:00,798.35,-0.2
2025-02-28 23:30:00,798.87,-0.2
2025-03-01 00:00:00,799.07,-0.2
2025-03-01 00:30:00,799.22,-0.201
2025-03-01 01:00:00,799.25,-0.202
2025-03-01 01:30:00,800.07,-0.201
2025-03-01 02:00:00,800.27,-0.2
2025-03-01 02:30:00,799.99,-0.202
2025-03-01 03:00:00,799.55,-0.201
2025-03-01 03:30:00,799.46,-0.202
2025-03-01 04:00:00,799.13,-0.201
2025-03-01 04:30:00,799.14,-0.201
2025-03-01 05:00:00,799.16,-0.201
2025-03-01 05:30:00,798.46,-0.2
2025-03-01 06:00:00,798.27,-0.2
2025-03-01 06:30:00,798.04,-0.2
2025-03-01 07:00:00,797.95,-0.203
2025-03-01 07:30:00,797.77,-0.201
2025-03-01 08:00:00,797.37,-0.199
2025-03-01 08:30:00,797.26,-0.2
2025-03-01 09:00:00,797.14,-0.2
2025-03-01 09:30:00,796.81,-0.2
2025-03-01 10:00:00,796.45,-0.2
2025-03-01 10:30:00,796.05,-0.199
2025-03-01 11:00:00,795.94,-0.2
2025-03-01 11:30:00,796.49,-0.199
2025-03-01 12:00:00,796.84,-0.198
2025-03-01 12:30:00,796.73,-0.2
2025-03-01 13:00:00,796.5,-0.2
2025-03-01 13:30:00,796.17,-0.199
2025-03-01 14:00:00,795.64,-0.198
2025-03-01 14:30:00,795.29,-0.199
2025-03-01 15:00:00,795.01,-0.198
2025-03-01 15:30:00,794.77,-0.197
2025-03-01 16:00:00,794.48,-0.199
2025-03-01 16:30:00,794.25,-0.196
2025-03-01 17:00:00,794.09,-0.199
2025-03-01 17:30:00,793.97,-0.196
2025-03-01 18:00:00,793.61,-0.197
2025-03-01 18:30:00,793.37,-0.196
2025-03-01 19:00:00,792.97,-0.196
2025-03-01 19:30:00,792.91,-0.195
2025-03-01 20:00:00,793.07,-0.197
2025-03-01 20:30:00,792.39,-0.197
2025-03-01 21:00:00,791.86,-0.196
2025-03-01 21:30:00,791.77,-0.196
2025-03-01 22:00:00,791.73,-0.198
2025-03-01 22:30:00,791.85,-0.195
2025-03-01 23:00:00,792.24,-0.197
2025-03-01 23:30:00,792.27,-0.196
2025-03-02 00:00:00,792.87,-0.195
2025-03-02 00:30:00,793.43,-0.195
2025-03-02 01:00:00,793.49,-0.197
2025-03-02 01:30:00,793.39,-0.197
2025-03-02 02:00:00,793.25,-0.195
2025-03-02 02:30:00,793.61,-0.197
2025-03-02 03:00:00,793.06,-0.198
2025-03-02 03:30:00,792.06,-0.197
2025-03-02 04:00:00,792.27,-0.198
2025-03-02 04:30:00,792.16,-0.197
2025-03-02 05:00:00,792.28,-0.199
2025-03-02 05:30:00,791.81,-0.198
2025-03-02 06:00:00,791.31,-0.195
2025-03-02 06:30:00,790.33,-0.197
2025-03-02 07:00:00,790.07,-0.196
2025-03-02 07:30:00,789.39,-0.196
2025-03-02 08:00:00,788.8,-0.195
2025-03-02 08:30:00,788.52,-0.196
2025-03-02 09:00:00,788.16,-0.198
2025-03-02 09:30:00,788.16,-0.197
2025-03-02 10:00:00,787.87,-0.196
2025-03-02 10:30:00,787.26,-0.194
2025-03-02 11:00:00,787.62,-0.197
2025-03-02 11:30:00,787.06,-0.198
2025-03-02 12:00:00,786.3,-0.196
2025-03-02 12:30:00,785.56,-0.197
2025-03-02 13:00:00,784.97,-0.196
2025-03-02 13:30:00,785.79,-0.198
2025-03-02 14:00:00,786.51,-0.198
2025-03-02 14:30:00,785.94,-0.197
2025-03-02 15:00:00,785.53,-0.197
2025-03-02 15:30:00,785.51,-0.196
2025-03-02 16:00:00,785.63,-0.197
2025-03-02 16:30:00,785.81,-0.199
2025-03-02 17:00:00,785.87,-0.196
2025-03-02 17:30:00,786.66,-0.197
2025-03-02 18:00:00,787.35,-0.197
2025-03-02 18:30:00,787.58,-0.197
2025-03-02 19:00:00,787.32,-0.199
2025-03-02 19:30:00,786.99,-0.199
2025-03-02 20:00:00,786.77,-0.197
2025-03-02 20:30:00,787.58,-0.198
2025-03-02 21:00:00,787.89,-0.198
2025-03-02 21:30:00,787.72,-0.198
2025-03-02 22:00:00,787.73,-0.199
2025-03-02 22:30:00,787.52,-0.199
2025-03-02 23:00:00,786.68,-0.2
2025-03-02 23:30:00,786.45,-0.198
2025-03-03 00:00:00,786.04,-0.198
2025-03-03 00:30:00,785.83,-0.197
2025-03-03 01:00:00,785.49,-0.197
2025-03-03 01:30:00,785.25,-0.199
2025-03-03 02:00:00,785.04,-0.197
2025-03-03 02:30:00,784.86,-0.196
2025-03-03 03:00:00,784.64,-0.195
2025-03-03 03:30:00,784.42,-0.196
2025-03-03 04:00:00,784.3,-0.196
2025-03-03 04:30:00,784.23,-0.195
2025-03-03 05:00:00,783.99,-0.194
2025-03-03 05:30:00,783.73,-0.195
2025-03-03 06:00:00,783.52,-0.195
2025-03-03 06:30:00,783.27,-0.193
2025-03-03 07:00:00,783.02,-0.195
2025-03-03 07:30:00,782.74,-0.194
2025-03-03 08:00:00,782.68,-0.194
2025-03-03 08:30:00,782.95,-0.195
2025-03-03 09:00:00,782.88,-0.195
2025-03-03 09:30:00,782.72,-0.196
2025-03-03 10:00:00,783.54,-0.194
2025-03-03 10:30:00,784.72,-0.195
2025-03-03 11:00:00,785.37,-0.194
2025-03-03 11:30:00,785.73,-0.197
2025-03-03 12:00:00,786.19,-0.198
2025-03-03 12:30:00,786.52,-0.198
2025-03-03 13:00:00,786.73,-0.198
2025-03-03 13:30:00,786.65,-0.199
2025-03-03 14:00:00,786.61,-0.2
2025-03-03 14:30:00,786.73,-0.199
2025-03-03 15:00:00,787.21,-0.199
2025-03-03 15:30:00,787.32,-0.2
2025-03-03 16:00:00,787.35,-0.199
2025-03-03 16:30:00,787.63,-0.2
2025-03-03 17:00:00,787.94,-0.198
2025-03-03 17:30:00,787.98,-0.199
2025-03-03 18:00:00,787.89,-0.2
2025-03-03 18:30:00,787.78,-0.198
2025-03-03 19:00:00,787.92,-0.2
2025-03-03 19:30:00,788.98,-0.197
2025-03-03 20:00:00,789.76,-0.199
2025-03-03 20:30:00,790.35,-0.2
2025-03-03 21:00:00,790.44,-0.201
2025-03-03 21:30:00,790.32,-0.201
2025-03-03 22:00:00,790.27,-0.201
2025-03-03 22:30:00,790.21,-0.2
2025-03-03 23:00:00,790.21,-0.2
2025-03-03 23:30:00,790.17,-0.2
2025-03-04 00:00:00,790.39,-0.2
2025-03-04 00:30:00,790.69,-0.198
2025-03-04 01:00:00,790.42,-0.198
2025-03-04 01:30:00,790.38,-0.196
2025-03-04 02:00:00,790.33,-0.195
2025-03-04 02:30:00,790.77,-0.194
2025-03-04 03:00:00,790.35,-0.195
2025-03-04 03:30:00,790.22,-0.195
2025-03-04 04:00:00,790.06,-0.195
2025-03-04 04:30:00,790.19,-0.195
2025-03-04 05:00:00,790.28,-0.195
2025-03-04 05:30:00,790.56,-0.191
2025-03-04 06:00:00,790.67,-0.194
2025-03-04 06:30:00,790.62,-0.194
2025-03-04 07:00:00,790.57,-0.194
2025-03-04 07:30:00,790.24,-0.195
2025-03-04 08:00:00,790.08,-0.194
2025-03-04 08:30:00,789.79,-0.195
2025-03-04 09:00:00,789.53,-0.195
2025-03-04 09:30:00,789.33,-0.194
2025-03-04 10:00:00,789.25,-0.194
2025-03-04 10:30:00,789.12,-0.195
2025-03-04 11:00:00,789.23,-0.193
2025-03-04 11:30:00,789.32,-0.196
2025-03-04 12:00:00,789.15,-0.195
2025-03-04 12:30:00,788.87,-0.192
2025-03-04 13:00:00,788.76,-0.195
2025-03-04 13:30:00,788.44,-0.195
2025-03-04 14:00:00,788.5,-0.194
2025-03-04 14:30:00,788.23,-0.194
2025-03-04 15:00:00,788.35,-0.194
2025-03-04 15:30:00,787.93,-0.193
2025-03-04 16:00:00,787.71,-0.192
2025-03-04 16:30:00,787.65,-0.192
2025-03-04 17:00:00,788.04,-0.193
2025-03-04 17:30:00,788.52,-0.193
2025-03-04 18:00:00,790.17,-0.193
2025-03-04 18:30:00,790.89,-0.194
2025-03-04 19:00:00,790.14,-0.195
2025-03-04 19:30:00,789.82,-0.195
2025-03-04 20:00:00,789.23,-0.193
2025-03-04 20:30:00,788.42,-0.194
2025-03-04 21:00:00,787.74,-0.193
2025-03-04 21:30:00,787.35,-0.193
2025-03-04 22:00:00,786.82,-0.193
2025-03-04 22:30:00,786.53,-0.19
2025-03-04 23:00:00,786.26,-0.191
2025-03-04 23:30:00,786.1,-0.188
2025-03-05 00:00:00,785.74,-0.187
2025-03-05 00:30:00,785.42,-0.187
2025-03-05 01:00:00,785.53,-0.185
2025-03-05 01:30:00,785.0,-0.183
2025-03-05 02:00:00,784.28,-0.183
2025-03-05 02:30:00,784.35,-0.181
2025-03-05 03:00:00,784.47,-0.18
2025-03-05 03:30:00,784.18,-0.18
2025-03-05 04:00:00,784.41,-0.179
2025-03-05 04:30:00,783.99,-0.18
2025-03-05 05:00:00,783.62,-0.18
2025-03-05 05:30:00,782.97,-0.18
2025-03-05 06:00:00,782.49,-0.182
2025-03-05 06:30:00,781.97,-0.18
2025-03-05 07:00:00,781.99,-0.178
2025-03-05 07:30:00,781.67,-0.179
2025-03-05 08:00:00,781.6,-0.179
2025-03-05 08:30:00,781.01,-0.18
2025-03-05 09:00:00,780.93,-0.18
2025-03-05 09:30:00,781.2,-0.181
2025-03-05 10:00:00,781.08,-0.182
2025-03-05 10:30:00,780.38,-0.181
2025-03-05 11:00:00,779.36,-0.183
2025-03-05 11:30:00,778.76,-0.181
2025-03-05 12:00:00,778.34,-0.183
2025-03-05 12:30:00,778.26,-0.184
2025-03-05 13:00:00,777.94,-0.184
2025-03-05 13:30:00,777.61,-0.184
2025-03-05 14:00:00,777.64,-0.184
2025-03-05 14:30:00,776.72,-0.184
2025-03-05 15:00:00,776.16,-0.184
2025-03-05 15:30:00,775.67,-0.185
2025-03-05 16:00:00,775.46,-0.183
2025-03-05 16:30:00,775.12,-0.184
2025-03-05 17:00:00,774.39,-0.183
2025-03-05 17:30:00,773.83,-0.183
2025-03-05 18:00:00,773.59,-0.181
2025-03-05 18:30:00,773.41,-0.182
2025-03-05 19:00:00,773.06,-0.183
2025-03-05 19:30:00,772.61,-0.182
2025-03-05 20:00:00,772.03,-0.182
2025-03-05 20:30:00,771.47,-0.181
2025-03-05 21:00:00,771.0,-0.183
2025-03-05 21:30:00,770.65,-0.183
2025-03-05 22:00:00,770.06,-0.183
2025-03-05 22:30:00,769.75,-0.183
2025-03-05 23:00:00,769.89,-0.183
2025-03-05 23:30:00,769.61,-0.183
2025-03-06 00:00:00,769.38,-0.184
2025-03-06 00:30:00,769.15,-0.184
2025-03-06 01:00:00,768.82,-0.185
2025-03-06 01:30:00,768.76,-0.184
2025-03-06 02:00:00,768.49,-0.184
2025-03-06 02:30:00,768.43,-0.186
2025-03-06 03:00:00,767.93,-0.184
2025-03-06 03:30:00,767.8,-0.186
2025-03-06 04:00:00,767.57,-0.184
2025-03-06 04:30:00,767.55,-0.186
2025-03-06 05:00:00,767.34,-0.187
2025-03-06 05:30:00,767.02,-0.185
2025-03-06 06:00:00,766.68,-0.187
2025-03-06 06:30:00,766.45,-0.187
2025-03-06 07:00:00,766.46,-0.188
2025-03-06 07:30:00,766.55,-0.189
2025-03-06 08:00:00,766.18,-0.188
2025-03-06 08:30:00,765.92,-0.188
2025-03-06 09:00:00,765.72,-0.187
2025-03-06 09:30:00,765.58,-0.188
2025-03-06 10:00:00,765.36,-0.189
2025-03-06 10:30:00,765.05,-0.189
2025-03-06 11:00:00,764.51,-0.19
2025-03-06 11:30:00,764.45,-0.189
2025-03-06 12:00:00,764.42,-0.19
2025-03-06 12:30:00,764.26,-0.19
2025-03-06 13:00:00,764.02,-0.189
2025-03-06 13:30:00,763.89,-0.189
2025-03-06 14:00:00,764.12,-0.19
2025-03-06 14:30:00,764.01,-0.191
2025-03-06 15:00:00,764.19,-0.191
2025-03-06 15:30:00,764.61,-0.191
2025-03-06 16:00:00,765.54,-0.19
2025-03-06 16:30:00,766.38,-0.192
2025-03-06 17:00:00,767.39,-0.194
2025-03-06 17:30:00,768.54,-0.194
2025-03-06 18:00:00,769.6,-0.195
2025-03-06 18:30:00,770.54,-0.196
2025-03-06 19:00:00,771.32,-0.199
2025-03-06 19:30:00,770.97,-0.2
2025-03-06 20:00:00,770.17,-0.198
2025-03-06 20:30:00,770.26,-0.199
2025-03-06 21:00:00,769.89,-0.199
2025-03-06 21:30:00,770.18,-0.2
2025-03-06 22:00:00,770.39,-0.199
2025-03-06 22:30:00,770.6,-0.2
2025-03-06 23:00:00,770.69,-0.199
2025-03-06 23:30:00,771.32,-0.198
2025-03-07 00:00:00,771.98,-0.201
2025-03-07 00:30:00,772.29,-0.199
2025-03-07 01:00:00,772.57,-0.201
2025-03-07 01:30:00,772.93,-0.2
2025-03-07 02:00:00,773.23,-0.199
2025-03-07 02:30:00,773.07,-0.201
2025-03-07 03:00:00,773.16,-0.201
2025-03-07 03:30:00,773.54,-0.201
2025-03-07 04:00:00,773.53,-0.201
2025-03-07 04:30:00,773.33,-0.201
2025-03-07 05:00:00,773.37,-0.199
2025-03-07 05:30:00,773.63,-0.199
2025-03-07 06:00:00,773.32,-0.2
2025-03-07 06:30:00,773.56,-0.202
2025-03-07 07:00:00,773.87,-0.201
2025-03-07 07:30:00,773.99,-0.201
2025-03-07 08:00:00,773.98,-0.2
2025-03-07 08:30:00,773.67,-0.2
2025-03-07 09:00:00,773.59,-0.2
2025-03-07 09:30:00,773.59,-0.2
2025-03-07 10:00:00,773.39,-0.2
2025-03-07 10:30:00,773.47,-0.2
2025-03-07 11:00:00,773.23,-0.201
2025-03-07 11:30:00,773.02,-0.199
2025-03-07 12:00:00,772.63,-0.201
2025-03-07 12:30:00,772.87,-0.2
2025-03-07 13:00:00,772.74,-0.199
2025-03-07 13:30:00,772.71,-0.198
2025-03-07 14:00:00,772.82,-0.197
2025-03-07 14:30:00,772.81,-0.199
2025-03-07 15:00:00,773.24,-0.199
2025-03-07 15:30:00,773.49,-0.197
2025-03-07 16:00:00,773.27,-0.199
2025-03-07 16:30:00,773.6,-0.196
2025-03-07 17:00:00,774.24,-0.2
2025-03-07 17:30:00,775.21,-0.197
2025-03-07 18:00:00,776.67,-0.199
2025-03-07 18:30:00,777.44,-0.2
2025-03-07 19:00:00,778.49,-0.202
2025-03-07 19:30:00,777.43,-0.202
2025-03-07 20:00:00,777.15,-0.202
2025-03-07 20:30:00,776.76,-0.203
2025-03-07 21:00:00,776.93,-0.203
2025-03-07 21:30:00,776.93,-0.201
2025-03-07 22:00:00,777.07,-0.2
2025-03-07 22:30:00,777.46,-0.2
2025-03-07 23:00:00,777.51,-0.201
2025-03-07 23:30:00,777.66,-0.2
2025-03-08 00:00:00,777.88,-0.198
2025-03-08 00:30:00,778.22,-0.198
2025-03-08 01:00:00,778.25,-0.198
2025-03-08 01:30:00,778.7,-0.198
2025-03-08 02:00:00,778.96,-0.199
2025-03-08 02:30:00,779.26,-0.198
2025-03-08 03:00:00,779.72,-0.198
2025-03-08 03:30:00,780.47,-0.199
2025-03-08 04:00:00,780.26,-0.198
2025-03-08 04:30:00,780.43,-0.198
2025-03-08 05:00:00,780.5,-0.199
2025-03-08 05:30:00,780.43,-0.198
2025-03-08 06:00:00,780.77,-0.198
2025-03-08 06:30:00,780.84,-0.2
2025-03-08 07:00:00,780.71,-0.197
2025-03-08 07:30:00,780.72,-0.199
2025-03-08 08:00:00,780.53,-0.197
2025-03-08 08:30:00,780.43,-0.2
2025-03-08 09:00:00,780.46,-0.196
2025-03-08 09:30:00,780.48,-0.198
2025-03-08 10:00:00,780.5,-0.196
2025-03-08 10:30:00,780.47,-0.197
2025-03-08 11:00:00,780.53,-0.197
2025-03-08 11:30:00,780.6,-0.197
2025-03-08 12:00:00,780.75,-0.196
2025-03-08 12:30:00,780.93,-0.197
2025-03-08 13:00:00,781.07,-0.198
2025-03-08 13:30:00,781.19,-0.196
2025-03-08 14:00:00,781.32,-0.197
2025-03-08 14:30:00,781.4,-0.196
2025-03-08 15:00:00,781.77,-0.197
2025-03-08 15:30:00,782.1,-0.197
2025-03-08 16:00:00,782.45,-0.198
2025-03-08 16:30:00,782.65,-0.198
2025-03-08 17:00:00,783.17,-0.197
2025-03-08 17:30:00,783.88,-0.197
2025-03-08 18:00:00,785.28,-0.2
2025-03-08 18:30:00,786.06,-0.2
2025-03-08 19:00:00,785.46,-0.202
2025-03-08 19:30:00,784.35,-0.202
2025-03-08 20:00:00,783.45,-0.202
2025-03-08 20:30:00,783.0,-0.201
2025-03-08 21:00:00,782.8,-0.202
2025-03-08 21:30:00,782.7,-0.199
2025-03-08 22:00:00,782.8,-0.198
2025-03-08 22:30:00,782.9,-0.198
2025-03-08 23:00:00,783.07,-0.197
2025-03-08 23:30:00,783.25,-0.196
2025-03-09 00:00:00,783.31,-0.196
2025-03-09 00:30:00,783.3,-0.197
2025-03-09 01:00:00,783.46,-0.196
2025-03-09 01:30:00,783.27,-0.195
2025-03-09 02:00:00,783.42,-0.193
2025-03-09 02:30:00,783.71,-0.193
2025-03-09 03:00:00,783.98,-0.193
2025-03-09 03:30:00,783.85,-0.194
2025-03-09 04:00:00,783.99,-0.194
2025-03-09 04:30:00,784.06,-0.196
2025-03-09 05:00:00,784.16,-0.194
2025-03-09 05:30:00,784.17,-0.197
2025-03-09 06:00:00,784.06,-0.194
2025-03-09 06:30:00,784.1,-0.196
2025-03-09 07:00:00,784.06,-0.195
2025-03-09 07:30:00,783.95,-0.195
2025-03-09 08:00:00,783.85,-0.197
2025-03-09 08:30:00,783.7,-0.197
2025-03-09 09:00:00,783.67,-0.197
2025-03-09 09:30:00,783.45,-0.195
2025-03-09 10:00:00,783.32,-0.198
2025-03-09 10:30:00,782.84,-0.198
2025-03-09 11:00:00,782.51,-0.198
2025-03-09 11:30:00,782.3,-0.198
2025-03-09 12:00:00,782.13,-0.197
2025-03-09 12:30:00,782.08,-0.199
2025-03-09 13:00:00,782.11,-0.198
2025-03-09 13:30:00,781.95,-0.197
2025-03-09 14:00:00,781.73,-0.2
2025-03-09 14:30:00,781.61,-0.199
2025-03-09 15:00:00,781.46,-0.2
2025-03-09 15:30:00,781.25,-0.199
2025-03-09 16:00:00,781.16,-0.199
2025-03-09 16:30:00,781.13,-0.201
2025-03-09 17:00:00,781.07,-0.198
2025-03-09 17:30:00,781.21,-0.199
2025-03-09 18:00:00,782.45,-0.199
2025-03-09 18:30:00,782.43,-0.2
2025-03-09 19:00:00,781.54,-0.2
2025-03-09 19:30:00,781.01,-0.201
2025-03-09 20:00:00,780.68,-0.201
2025-03-09 20:30:00,780.42,-0.199
2025-03-09 21:00:00,780.13,-0.198
2025-03-09 21:30:00,779.89,-0.196
2025-03-09 22:00:00,779.49,-0.194
2025-03-09 22:30:00,779.09,-0.191
2025-03-09 23:00:00,779.05,-0.186
2025-03-09 23:30:00,778.96,-0.186
2025-03-10 00:00:00,778.79,-0.181
2025-03-10 00:30:00,778.57,-0.179
2025-03-10 01:00:00,778.79,-0.177
2025-03-10 01:30:00,778.57,-0.174
2025-03-10 02:00:00,778.5,-0.177
2025-03-10 02:30:00,778.38,-0.176
2025-03-10 03:00:00,778.48,-0.177
2025-03-10 03:30:00,778.29,-0.175
2025-03-10 04:00:00,778.2,-0.177
2025-03-10 04:30:00,778.35,-0.179
2025-03-10 05:00:00,778.4,-0.18
2025-03-10 05:30:00,778.28,-0.182
2025-03-10 06:00:00,778.26,-0.183
2025-03-10 06:30:00,777.97,-0.186
2025-03-10 07:00:00,777.73,-0.189
2025-03-10 07:30:00,777.51,-0.191
2025-03-10 08:00:00,777.25,-0.191
2025-03-10 08:30:00,776.98,-0.192
2025-03-10 09:00:00,776.7,-0.192
2025-03-10 09:30:00,776.59,-0.193
2025-03-10 10:00:00,776.39,-0.194
2025-03-10 10:30:00,776.01,-0.196
2025-03-10 11:00:00,775.65,-0.197
2025-03-10 11:30:00,775.34,-0.199
2025-03-10 12:00:00,775.15,-0.2
2025-03-10 12:30:00,775.01,-0.197
2025-03-10 13:00:00,775.05,-0.196
2025-03-10 13:30:00,774.95,-0.2
2025-03-10 14:00:00,774.88,-0.197
2025-03-10 14:30:00,774.85,-0.2
2025-03-10 15:00:00,774.85,-0.199
2025-03-10 15:30:00,774.89,-0.197
2025-03-10 16:00:00,774.84,-0.198
2025-03-10 16:30:00,774.81,-0.199
2025-03-10 17:00:00,774.6,-0.199
2025-03-10 17:30:00,775.0,-0.197
2025-03-10 18:00:00,775.39,-0.198
2025-03-10 18:30:00,775.49,-0.201
2025-03-10 19:00:00,774.47,-0.201
2025-03-10 19:30:00,773.95,-0.2
2025-03-10 20:00:00,773.49,-0.202
2025-03-10 20:30:00,773.1,-0.2
2025-03-10 21:00:00,772.7,-0.199
2025-03-10 21:30:00,772.42,-0.197
2025-03-10 22:00:00,772.26,-0.196
2025-03-10 22:30:00,772.1,-0.192
2025-03-10 23:00:00,772.08,-0.19
2025-03-10 23:30:00,771.78,-0.185
2025-03-11 00:00:00,771.71,-0.182
2025-03-11 00:30:00,771.68,-0.176
2025-03-11 01:00:00,771.56,-0.173
2025-03-11 01:30:00,771.38,-0.168
2025-03-11 02:00:00,771.37,-0.166
2025-03-11 02:30:00,771.43,-0.164
2025-03-11 03:00:00,771.5,-0.163
2025-03-11 03:30:00,771.52,-0.162
2025-03-11 04:00:00,771.31,-0.165
2025-03-11 04:30:00,771.38,-0.163
2025-03-11 05:00:00,771.6,-0.166
2025-03-11 05:30:00,771.49,-0.169
2025-03-11 06:00:00,771.53,-0.172
2025-03-11 06:30:00,771.51,-0.174
2025-03-11 07:00:00,771.21,-0.176
2025-03-11 07:30:00,770.98,-0.181
2025-03-11 08:00:00,770.87,-0.182
2025-03-11 08:30:00,770.7,-0.184
2025-03-11 09:00:00,770.56,-0.186
2025-03-11 09:30:00,770.32,-0.186
2025-03-11 10:00:00,770.1,-0.189
2025-03-11 10:30:00,769.81,-0.19
2025-03-11 11:00:00,769.56,-0.189
2025-03-11 11:30:00,769.56,-0.19
2025-03-11 12:00:00,769.24,-0.192
2025-03-11 12:30:00,769.01,-0.194
2025-03-11 13:00:00,768.8,-0.194
2025-03-11 13:30:00,768.72,-0.195
2025-03-11 14:00:00,768.61,-0.194
2025-03-11 14:30:00,768.49,-0.196
2025-03-11 15:00:00,768.62,-0.197
2025-03-11 15:30:00,768.58,-0.197
2025-03-11 16:00:00,768.62,-0.197
2025-03-11 16:30:00,768.4,-0.195
2025-03-11 17:00:00,768.26,-0.196
2025-03-11 17:30:00,768.2,-0.196
2025-03-11 18:00:00,768.0,-0.196
2025-03-11 18:30:00,767.98,-0.194
2025-03-11 19:00:00,768.15,-0.193
2025-03-11 19:30:00,768.25,-0.193
2025-03-11 20:00:00,768.02,-0.191
2025-03-11 20:30:00,767.9,-0.187
2025-03-11 21:00:00,767.62,-0.182
2025-03-11 21:30:00,767.42,-0.178
2025-03-11 22:00:00,767.34,-0.172
2025-03-11 22:30:00,767.4,-0.165
2025-03-11 23:00:00,767.53,-0.163
2025-03-11 23:30:00,767.58,-0.154
2025-03-12 00:00:00,767.69,-0.15
2025-03-12 00:30:00,767.68,-0.146
2025-03-12 01:00:00,767.73,-0.142
2025-03-12 01:30:00,767.73,-0.14
2025-03-12 02:00:00,767.9,-0.142
2025-03-12 02:30:00,767.71,-0.144
2025-03-12 03:00:00,767.91,-0.146
2025-03-12 03:30:00,768.15,-0.149
2025-03-12 04:00:00,768.02,-0.152
2025-03-12 04:30:00,768.08,-0.155
2025-03-12 05:00:00,768.34,-0.159
2025-03-12 05:30:00,768.25,-0.159
2025-03-12 06:00:00,768.23,-0.16
2025-03-12 06:30:00,768.29,-0.161
2025-03-12 07:00:00,768.26,-0.164
2025-03-12 07:30:00,768.41,-0.166
2025-03-12 08:00:00,768.19,-0.167
2025-03-12 08:30:00,767.93,-0.169
2025-03-12 09:00:00,767.98,-0.17
2025-03-12 09:30:00,767.77,-0.172
2025-03-12 10:00:00,767.4,-0.172
2025-03-12 10:30:00,766.56,-0.175
2025-03-12 11:00:00,766.75,-0.175
2025-03-12 11:30:00,766.87,-0.177
2025-03-12 12:00:00,766.75,-0.177
2025-03-12 12:30:00,766.71,-0.181
2025-03-12 13:00:00,766.9,-0.183
2025-03-12 13:30:00,766.72,-0.185
2025-03-12 14:00:00,766.84,-0.184
2025-03-12 14:30:00,766.81,-0.185
2025-03-12 15:00:00,766.83,-0.187
2025-03-12 15:30:00,766.74,-0.188
2025-03-12 16:00:00,766.86,-0.188
2025-03-12 16:30:00,766.93,-0.188
2025-03-12 17:00:00,766.86,-0.19
2025-03-12 17:30:00,767.18,-0.188
2025-03-12 18:00:00,767.26,-0.189
2025-03-12 18:30:00,767.17,-0.189
2025-03-12 19:00:00,766.86,-0.187
2025-03-12 19:30:00,766.95,-0.186
2025-03-12 20:00:00,766.74,-0.182
2025-03-12 20:30:00,766.86,-0.178
2025-03-12 21:00:00,766.63,-0.173
2025-03-12 21:30:00,766.06,-0.169
2025-03-12 22:00:00,765.66,-0.166
2025-03-12 22:30:00,765.38,-0.164
2025-03-12 23:00:00,765.18,-0.159
2025-03-12 23:30:00,764.69,-0.159
2025-03-13 00:00:00,764.43,-0.157
2025-03-13 00:30:00,764.16,-0.156
2025-03-13 01:00:00,763.58,-0.155
2025-03-13 01:30:00,762.69,-0.155
2025-03-13 02:00:00,762.09,-0.16
2025-03-13 02:30:00,762.05,-0.162
2025-03-13 03:00:00,762.22,-0.165
2025-03-13 03:30:00,761.89,-0.166
2025-03-13 04:00:00,761.37,-0.168
2025-03-13 04:30:00,761.43,-0.172
2025-03-13 05:00:00,761.66,-0.176
2025-03-13 05:30:00,762.14,-0.178
2025-03-13 06:00:00,762.42,-0.182
2025-03-13 06:30:00,762.17,-0.185
2025-03-13 07:00:00,761.67,-0.188
2025-03-13 07:30:00,761.44,-0.187
2025-03-13 08:00:00,761.32,-0.191
2025-03-13 08:30:00,760.72,-0.191
2025-03-13 09:00:00,761.07,-0.192
2025-03-13 09:30:00,761.13,-0.194
2025-03-13 10:00:00,761.08,-0.194
2025-03-13 10:30:00,760.83,-0.194
2025-03-13 11:00:00,760.69,-0.194
2025-03-13 11:30:00,760.69,-0.195
2025-03-13 12:00:00,760.37,-0.194
2025-03-13 12:30:00,760.39,-0.194
2025-03-13 13:00:00,760.38,-0.195
2025-03-13 13:30:00,760.32,-0.194
2025-03-13 14:00:00,760.06,-0.196
2025-03-13 14:30:00,760.25,-0.195
2025-03-13 15:00:00,760.36,-0.196
2025-03-13 15:30:00,760.38,-0.196
2025-03-13 16:00:00,760.53,-0.197
2025-03-13 16:30:00,760.54,-0.197
2025-03-13 17:00:00,760.71,-0.198
2025-03-13 17:30:00,760.79,-0.196
2025-03-13 18:00:00,760.99,-0.198
2025-03-13 18:30:00,761.0,-0.197
2025-03-13 19:00:00,761.1,-0.197
2025-03-13 19:30:00,761.25,-0.197
2025-03-13 20:00:00,761.38,-0.198
2025-03-13 20:30:00,761.09,-0.199
2025-03-13 21:00:00,761.6,-0.2
2025-03-13 21:30:00,761.63,-0.2
2025-03-13 22:00:00,761.8,-0.198
2025-03-13 22:30:00,761.95,-0.2
2025-03-13 23:00:00,762.31,-0.201
2025-03-13 23:30:00,762.39,-0.2
2025-03-14 00:00:00,762.71,-0.201
2025-03-14 00:30:00,762.93,-0.201
2025-03-14 01:00:00,763.19,-0.201
2025-03-14 01:30:00,763.59,-0.205
2025-03-14 02:00:00,763.93,-0.202
2025-03-14 02:30:00,764.27,-0.203
2025-03-14 03:00:00,764.77,-0.201
2025-03-14 03:30:00,764.98,-0.202
2025-03-14 04:00:00,765.32,-0.203
2025-03-14 04:30:00,765.64,-0.204
2025-03-14 05:00:00,766.03,-0.203
2025-03-14 05:30:00,766.26,-0.204
2025-03-14 06:00:00,766.41,-0.206
2025-03-14 06:30:00,766.72,-0.202
2025-03-14 07:00:00,766.78,-0.205
2025-03-14 07:30:00,766.83,-0.204
2025-03-14 08:00:00,766.56,-0.205
2025-03-14 08:30:00,766.76,-0.206
2025-03-14 09:00:00,766.91,-0.204
2025-03-14 09:30:00,766.65,-0.203
2025-03-14 10:00:00,766.59,-0.204
2025-03-14 10:30:00,765.98,-0.205
2025-03-14 11:00:00,765.82,-0.207
2025-03-14 11:30:00,765.93,-0.205
2025-03-14 12:00:00,765.56,-0.205
2025-03-14 12:30:00,765.5,-0.204
2025-03-14 13:00:00,765.55,-0.206
2025-03-14 13:30:00,765.34,-0.205
2025-03-14 14:00:00,765.25,-0.206
2025-03-14 14:30:00,765.42,-0.204
2025-03-14 15:00:00,765.45,-0.204
2025-03-14 15:30:00,765.84,-0.204
2025-03-14 16:00:00,765.37,-0.205
2025-03-14 16:30:00,765.85,-0.206
2025-03-14 17:00:00,765.4,-0.204
2025-03-14 17:30:00,765.74,-0.207
2025-03-14 18:00:00,765.53,-0.205
2025-03-14 18:30:00,765.38,-0.205
2025-03-14 19:00:00,765.09,-0.207
2025-03-14 19:30:00,764.56,-0.207
2025-03-14 20:00:00,764.58,-0.205
2025-03-14 20:30:00,763.77,-0.207
2025-03-14 21:00:00,763.91,-0.207
2025-03-14 21:30:00,764.67,-0.205
2025-03-14 22:00:00,765.22,-0.207
2025-03-14 22:30:00,765.49,-0.208
2025-03-14 23:00:00,765.54,-0.207
2025-03-14 23:30:00,765.4,-0.206
2025-03-15 00:00:00,765.51,-0.209
2025-03-15 00:30:00,765.73,-0.207
2025-03-15 01:00:00,766.34,-0.206
2025-03-15 01:30:00,766.66,-0.206
2025-03-15 02:00:00,767.08,-0.208
2025-03-15 02:30:00,767.49,-0.209
2025-03-15 03:00:00,767.78,-0.208
2025-03-15 03:30:00,768.07,-0.207
2025-03-15 04:00:00,768.4,-0.206
2025-03-15 04:30:00,768.42,-0.207
2025-03-15 05:00:00,768.92,-0.208
2025-03-15 05:30:00,769.22,-0.207
2025-03-15 06:00:00,769.76,-0.209
2025-03-15 06:30:00,769.89,-0.208
2025-03-15 07:00:00,769.93,-0.207
2025-03-15 07:30:00,770.34,-0.208
2025-03-15 08:00:00,770.68,-0.208
2025-03-15 08:30:00,771.13,-0.208
2025-03-15 09:00:00,771.43,-0.207
2025-03-15 09:30:00,771.23,-0.208
2025-03-15 10:00:00,771.51,-0.209
2025-03-15 10:30:00,771.91,-0.209
2025-03-15 11:00:00,771.96,-0.208
2025-03-15 11:30:00,772.05,-0.211
2025-03-15 12:00:00,772.47,-0.209
2025-03-15 12:30:00,773.03,-0.209
2025-03-15 13:00:00,773.79,-0.209
2025-03-15 13:30:00,774.08,-0.211
2025-03-15 14:00:00,774.37,-0.209
2025-03-15 14:30:00,775.1,-0.21
2025-03-15 15:00:00,775.26,-0.208
2025-03-15 15:30:00,775.95,-0.21
2025-03-15 16:00:00,776.43,-0.211
2025-03-15 16:30:00,776.55,-0.209
2025-03-15 17:00:00,777.56,-0.211
2025-03-15 17:30:00,778.39,-0.21
2025-03-15 18:00:00,778.95,-0.213
2025-03-15 18:30:00,779.66,-0.213
2025-03-15 19:00:00,780.59,-0.213
2025-03-15 19:30:00,780.69,-0.214
2025-03-15 20:00:00,781.23,-0.213
2025-03-15 20:30:00,781.23,-0.212
2025-03-15 21:00:00,780.68,-0.213
2025-03-15 21:30:00,780.46,-0.212
2025-03-15 22:00:00,780.24,-0.212
2025-03-15 22:30:00,780.01,-0.212
2025-03-15 23:00:00,779.89,-0.213
2025-03-15 23:30:00,779.48,-0.211
2025-03-16 00:00:00,779.06,-0.21
2025-03-16 00:30:00,778.88,-0.211
2025-03-16 01:00:00,778.9,-0.21
2025-03-16 01:30:00,778.62,-0.21
2025-03-16 02:00:00,778.42,-0.209
2025-03-16 02:30:00,778.43,-0.209
2025-03-16 03:00:00,778.71,-0.207
2025-03-16 03:30:00,778.63,-0.207
2025-03-16 04:00:00,778.73,-0.207
2025-03-16 04:30:00,778.89,-0.207
2025-03-16 05:00:00,778.99,-0.206
2025-03-16 05:30:00,779.06,-0.208
2025-03-16 06:00:00,779.17,-0.207
2025-03-16 06:30:00,779.33,-0.208
2025-03-16 07:00:00,779.5,-0.207
2025-03-16 07:30:00,779.55,-0.209
2025-03-16 08:00:00,779.56,-0.208
2025-03-16 08:30:00,779.8,-0.208
2025-03-16 09:00:00,779.86,-0.207
2025-03-16 09:30:00,780.02,-0.209
2025-03-16 10:00:00,780.08,-0.21
2025-03-16 10:30:00,780.1,-0.208
2025-03-16 11:00:00,780.13,-0.211
2025-03-16 11:30:00,780.21,-0.21
2025-03-16 12:00:00,780.44,-0.209
2025-03-16 12:30:00,780.79,-0.209
2025-03-16 13:00:00,781.12,-0.21
2025-03-16 13:30:00,781.55,-0.209
2025-03-16 14:00:00,781.92,-0.21
2025-03-16 14:30:00,782.4,-0.211
2025-03-16 15:00:00,783.05,-0.211
2025-03-16 15:30:00,783.6,-0.21
2025-03-16 16:00:00,784.25,-0.212
2025-03-16 16:30:00,784.82,-0.211
2025-03-16 17:00:00,785.47,-0.212
2025-03-16 17:30:00,786.59,-0.213
2025-03-16 18:00:00,788.21,-0.214
2025-03-16 18:30:00,790.21,-0.215
2025-03-16 19:00:00,791.26,-0.216
2025-03-16 19:30:00,792.01,-0.217
2025-03-16 20:00:00,792.64,-0.22
2025-03-16 20:30:00,793.09,-0.221
2025-03-16 21:00:00,793.42,-0.22
2025-03-16 21:30:00,793.75,-0.219
2025-03-16 22:00:00,794.33,-0.222
2025-03-16 22:30:00,795.03,-0.223
2025-03-16 23:00:00,795.62,-0.222
2025-03-16 23:30:00,795.96,-0.221
2025-03-17 00:00:00,796.13,-0.224
2025-03-17 00:30:00,796.32,-0.225
2025-03-17 01:00:00,796.32,-0.225
2025-03-17 01:30:00,796.38,-0.222
2025-03-17 02:00:00,796.16,-0.223
2025-03-17 02:30:00,795.96,-0.225
2025-03-17 03:00:00,795.98,-0.223
2025-03-17 03:30:00,795.98,-0.223
2025-03-17 04:00:00,795.6,-0.225
2025-03-17 04:30:00,795.1,-0.223
2025-03-17 05:00:00,794.94,-0.223
2025-03-17 05:30:00,794.47,-0.224
2025-03-17 06:00:00,794.18,-0.221
2025-03-17 06:30:00,793.59,-0.222
2025-03-17 07:00:00,793.45,-0.22
2025-03-17 07:30:00,792.93,-0.221
2025-03-17 08:00:00,792.35,-0.22
2025-03-17 08:30:00,791.94,-0.219
2025-03-17 09:00:00,791.43,-0.22
2025-03-17 09:30:00,791.01,-0.221
2025-03-17 10:00:00,790.39,-0.22
2025-03-17 10:30:00,789.73,-0.219
2025-03-17 11:00:00,789.61,-0.218
2025-03-17 11:30:00,789.2,-0.217
2025-03-17 12:00:00,789.0,-0.219
2025-03-17 12:30:00,788.47,-0.219
2025-03-17 13:00:00,787.98,-0.219
2025-03-17 13:30:00,788.09,-0.217
2025-03-17 14:00:00,787.35,-0.218
2025-03-17 14:30:00,787.21,-0.218
2025-03-17 15:00:00,786.98,-0.219
2025-03-17 15:30:00,787.11,-0.217
2025-03-17 16:00:00,786.81,-0.218
2025-03-17 16:30:00,786.85,-0.217
2025-03-17 17:00:00,786.13,-0.217
2025-03-17 17:30:00,786.08,-0.216
2025-03-17 18:00:00,785.5,-0.216
2025-03-17 18:30:00,785.2,-0.216
2025-03-17 19:00:00,784.98,-0.217
2025-03-17 19:30:00,784.76,-0.216
2025-03-17 20:00:00,784.56,-0.216
2025-03-17 20:30:00,784.29,-0.215
2025-03-17 21:00:00,784.14,-0.216
2025-03-17 21:30:00,783.86,-0.215
2025-03-17 22:00:00,783.45,-0.215
2025-03-17 22:30:00,783.31,-0.212
2025-03-17 23:00:00,782.56,-0.215
2025-03-17 23:30:00,782.24,-0.213
2025-03-18 00:00:00,782.26,-0.214
2025-03-18 00:30:00,782.62,-0.214
2025-03-18 01:00:00,782.69,-0.214
2025-03-18 01:30:00,782.72,-0.213
2025-03-18 02:00:00,782.44,-0.214
2025-03-18 02:30:00,782.7,-0.212
2025-03-18 03:00:00,783.17,-0.212
2025-03-18 03:30:00,783.76,-0.212
2025-03-18 04:00:00,784.25,-0.214
2025-03-18 04:30:00,784.59,-0.214
2025-03-18 05:00:00,785.07,-0.213
2025-03-18 05:30:00,785.82,-0.211
2025-03-18 06:00:00,786.23,-0.212
2025-03-18 06:30:00,786.97,-0.213
2025-03-18 07:00:00,787.38,-0.216
2025-03-18 07:30:00,787.95,-0.213
2025-03-18 08:00:00,788.63,-0.214
2025-03-18 08:30:00,789.36,-0.213
2025-03-18 09:00:00,790.07,-0.213
2025-03-18 09:30:00,791.03,-0.214
2025-03-18 10:00:00,791.81,-0.216
2025-03-18 10:30:00,792.56,-0.215
2025-03-18 11:00:00,793.15,-0.216
2025-03-18 11:30:00,794.12,-0.217
2025-03-18 12:00:00,794.9,-0.218
2025-03-18 12:30:00,795.28,-0.215
2025-03-18 13:00:00,795.58,-0.218
2025-03-18 13:30:00,796.14,-0.218
2025-03-18 14:00:00,796.95,-0.219
2025-03-18 14:30:00,797.67,-0.218
2025-03-18 15:00:00,798.29,-0.218
2025-03-18 15:30:00,798.9,-0.22
2025-03-18 16:00:00,799.17,-0.218
2025-03-18 16:30:00,799.74,-0.219
2025-03-18 17:00:00,800.46,-0.221
2025-03-18 17:30:00,801.4,-0.22
2025-03-18 18:00:00,802.37,-0.222
2025-03-18 18:30:00,803.71,-0.223
2025-03-18 19:00:00,804.28,-0.224
2025-03-18 19:30:00,804.83,-0.223
2025-03-18 20:00:00,805.06,-0.223
2025-03-18 20:30:00,805.27,-0.224
2025-03-18 21:00:00,805.48,-0.223
2025-03-18 21:30:00,805.5,-0.225
2025-03-18 22:00:00,805.79,-0.222
2025-03-18 22:30:00,805.78,-0.223
2025-03-18 23:00:00,805.97,-0.224
2025-03-18 23:30:00,806.21,-0.225
2025-03-19 00:00:00,806.51,-0.224
2025-03-19 00:30:00,807.06,-0.222
2025-03-19 01:00:00,807.06,-0.225
2025-03-19 01:30:00,807.08,-0.222
2025-03-19 02:00:00,806.55,-0.224
2025-03-19 02:30:00,806.2,-0.223
2025-03-19 03:00:00,806.24,-0.221
2025-03-19 03:30:00,806.41,-0.223
2025-03-19 04:00:00,806.36,-0.222
2025-03-19 04:30:00,806.3,-0.223
2025-03-19 05:00:00,806.35,-0.222
2025-03-19 05:30:00,806.28,-0.222
2025-03-19 06:00:00,806.17,-0.222
2025-03-19 06:30:00,806.09,-0.221
2025-03-19 07:00:00,805.95,-0.22
2025-03-19 07:30:00,805.78,-0.219
2025-03-19 08:00:00,805.75,-0.22
2025-03-19 08:30:00,805.61,-0.22
2025-03-19 09:00:00,805.33,-0.22
2025-03-19 09:30:00,805.0,-0.219
2025-03-19 10:00:00,804.65,-0.217
2025-03-19 10:30:00,804.31,-0.218
2025-03-19 11:00:00,804.16,-0.22
2025-03-19 11:30:00,803.73,-0.219
2025-03-19 12:00:00,803.54,-0.218
2025-03-19 12:30:00,803.47,-0.218
2025-03-19 13:00:00,803.23,-0.217
2025-03-19 13:30:00,803.3,-0.219
2025-03-19 14:00:00,803.42,-0.218
2025-03-19 14:30:00,803.33,-0.218
2025-03-19 15:00:00,803.19,-0.218
2025-03-19 15:30:00,803.18,-0.218
2025-03-19 16:00:00,803.28,-0.216
2025-03-19 16:30:00,803.49,-0.218
2025-03-19 17:00:00,803.52,-0.216
2025-03-19 17:30:00,803.37,-0.217
2025-03-19 18:00:00,803.16,-0.217
2025-03-19 18:30:00,802.9,-0.215
2025-03-19 19:00:00,802.7,-0.216
2025-03-19 19:30:00,802.66,-0.218
2025-03-19 20:00:00,802.44,-0.217
2025-03-19 20:30:00,802.41,-0.215
2025-03-19 21:00:00,802.24,-0.217
2025-03-19 21:30:00,802.29,-0.216
2025-03-19 22:00:00,802.6,-0.217
2025-03-19 22:30:00,802.89,-0.216
2025-03-19 23:00:00,802.96,-0.216
2025-03-19 23:30:00,802.48,-0.217
2025-03-20 00:00:00,802.28,-0.217
2025-03-20 00:30:00,802.66,-0.216
2025-03-20 01:00:00,802.73,-0.217
2025-03-20 01:30:00,802.61,-0.218
2025-03-20 02:00:00,802.06,-0.217
2025-03-20 02:30:00,801.51,-0.217
2025-03-20 03:00:00,801.17,-0.215
2025-03-20 03:30:00,801.14,-0.215
2025-03-20 04:00:00,801.2,-0.217
2025-03-20 04:30:00,801.01,-0.216
2025-03-20 05:00:00,800.92,-0.217
2025-03-20 05:30:00,800.44,-0.215
2025-03-20 06:00:00,800.49,-0.214
2025-03-20 06:30:00,800.19,-0.215
2025-03-20 07:00:00,799.66,-0.216
2025-03-20 07:30:00,798.25,-0.215
2025-03-20 08:00:00,797.77,-0.216
2025-03-20 08:30:00,797.59,-0.214
2025-03-20 09:00:00,797.26,-0.215
2025-03-20 09:30:00,796.83,-0.213
2025-03-20 10:00:00,796.46,-0.214
2025-03-20 10:30:00,796.29,-0.216
2025-03-20 11:00:00,796.06,-0.214
2025-03-20 11:30:00,795.8,-0.212
2025-03-20 12:00:00,796.11,-0.212
2025-03-20 12:30:00,796.17,-0.212
2025-03-20 13:00:00,795.75,-0.213
2025-03-20 13:30:00,796.06,-0.212
2025-03-20 14:00:00,796.24,-0.213
2025-03-20 14:30:00,795.59,-0.212
2025-03-20 15:00:00,794.97,-0.213
2025-03-20 15:30:00,794.59,-0.209
2025-03-20 16:00:00,794.72,-0.212
2025-03-20 16:30:00,794.64,-0.21
2025-03-20 17:00:00,794.61,-0.209
2025-03-20 17:30:00,794.86,-0.209
2025-03-20 18:00:00,794.57,-0.212
2025-03-20 18:30:00,794.43,-0.21
2025-03-20 19:00:00,794.46,-0.208
2025-03-20 19:30:00,794.17,-0.207
2025-03-20 20:00:00,794.12,-0.208
2025-03-20 20:30:00,794.47,-0.21
2025-03-20 21:00:00,794.36,-0.211
2025-03-20 21:30:00,794.26,-0.21
2025-03-20 22:00:00,794.16,-0.209
2025-03-20 22:30:00,794.35,-0.21
2025-03-20 23:00:00,794.11,-0.208
2025-03-20 23:30:00,794.0,-0.208
2025-03-21 00:00:00,793.88,-0.208
2025-03-21 00:30:00,794.06,-0.208
2025-03-21 01:00:00,794.15,-0.209
2025-03-21 01:30:00,794.38,-0.207
2025-03-21 02:00:00,794.59,-0.208
2025-03-21 02:30:00,795.14,-0.209
2025-03-21 03:00:00,795.36,-0.209
2025-03-21 03:30:00,795.16,-0.207
2025-03-21 04:00:00,795.09,-0.209
2025-03-21 04:30:00,795.17,-0.208
2025-03-21 05:00:00,795.0,-0.209
2025-03-21 05:30:00,794.89,-0.208
2025-03-21 06:00:00,794.76,-0.208
2025-03-21 06:30:00,794.66,-0.208
2025-03-21 07:00:00,794.7,-0.209
2025-03-21 07:30:00,794.47,-0.209
2025-03-21 08:00:00,794.62,-0.21
2025-03-21 08:30:00,794.38,-0.207
2025-03-21 09:00:00,793.76,-0.209
2025-03-21 09:30:00,793.67,-0.208
2025-03-21 10:00:00,793.5,-0.208
2025-03-21 10:30:00,792.84,-0.208
2025-03-21 11:00:00,792.62,-0.208
2025-03-21 11:30:00,792.56,-0.208
2025-03-21 12:00:00,792.32,-0.208
2025-03-21 12:30:00,791.93,-0.209
2025-03-21 13:00:00,792.02,-0.207
2025-03-21 13:30:00,791.92,-0.207
2025-03-21 14:00:00,791.98,-0.207
2025-03-21 14:30:00,791.95,-0.208
2025-03-21 15:00:00,791.8,-0.207
2025-03-21 15:30:00,791.76,-0.207
2025-03-21 16:00:00,791.93,-0.206
2025-03-21 16:30:00,792.17,-0.209
2025-03-21 17:00:00,792.5,-0.208
2025-03-21 17:30:00,792.47,-0.205
2025-03-21 18:00:00,792.35,-0.203
2025-03-21 18:30:00,791.89,-0.206
2025-03-21 19:00:00,791.63,-0.204
2025-03-21 19:30:00,791.54,-0.204
2025-03-21 20:00:00,792.07,-0.203
2025-03-21 20:30:00,791.74,-0.202
2025-03-21 21:00:00,791.79,-0.198
2025-03-21 21:30:00,791.34,-0.198
2025-03-21 22:00:00,791.16,-0.196
2025-03-21 22:30:00,791.44,-0.194
2025-03-21 23:00:00,791.62,-0.192
2025-03-21 23:30:00,791.22,-0.193
2025-03-22 00:00:00,790.84,-0.19
2025-03-22 00:30:00,790.54,-0.189
2025-03-22 01:00:00,790.43,-0.187
2025-03-22 01:30:00,790.3,-0.186
2025-03-22 02:00:00,790.93,-0.185
2025-03-22 02:30:00,791.16,-0.187
2025-03-22 03:00:00,790.9,-0.188
2025-03-22 03:30:00,790.83,-0.189
2025-03-22 04:00:00,790.64,-0.189
2025-03-22 04:30:00,790.3,-0.189
2025-03-22 05:00:00,790.22,-0.189
2025-03-22 05:30:00,790.43,-0.19
2025-03-22 06:00:00,790.29,-0.192
2025-03-22 06:30:00,790.08,-0.191
2025-03-22 07:00:00,790.0,-0.192
2025-03-22 07:30:00,789.58,-0.193
2025-03-22 08:00:00,789.5,-0.192
2025-03-22 08:30:00,789.44,-0.193
2025-03-22 09:00:00,789.99,-0.192
2025-03-22 09:30:00,789.31,-0.194
2025-03-22 10:00:00,788.57,-0.19
2025-03-22 10:30:00,787.99,-0.192
2025-03-22 11:00:00,787.48,-0.191
2025-03-22 11:30:00,787.07,-0.187
2025-03-22 12:00:00,786.74,-0.188
2025-03-22 12:30:00,786.45,-0.187
2025-03-22 13:00:00,786.09,-0.186
2025-03-22 13:30:00,785.78,-0.185
2025-03-22 14:00:00,785.72,-0.185
2025-03-22 14:30:00,785.63,-0.186
2025-03-22 15:00:00,785.42,-0.184
2025-03-22 15:30:00,785.73,-0.185
2025-03-22 16:00:00,785.85,-0.185
2025-03-22 16:30:00,785.87,-0.184
2025-03-22 17:00:00,785.94,-0.182
2025-03-22 17:30:00,785.68,-0.182
2025-03-22 18:00:00,785.78,-0.18
2025-03-22 18:30:00,785.58,-0.179
2025-03-22 19:00:00,785.43,-0.176
2025-03-22 19:30:00,785.09,-0.174
2025-03-22 20:00:00,784.55,-0.17
2025-03-22 20:30:00,784.07,-0.164
2025-03-22 21:00:00,783.73,-0.159
2025-03-22 21:30:00,783.64,-0.155
2025-03-22 22:00:00,784.06,-0.149
2025-03-22 22:30:00,783.9,-0.144
2025-03-22 23:00:00,784.19,-0.138
2025-03-22 23:30:00,783.92,-0.137
2025-03-23 00:00:00,783.72,-0.134
2025-03-23 00:30:00,783.45,-0.133
2025-03-23 01:00:00,783.54,-0.135
2025-03-23 01:30:00,783.68,-0.142
2025-03-23 02:00:00,783.44,-0.147
2025-03-23 02:30:00,783.45,-0.15
2025-03-23 03:00:00,783.45,-0.152
2025-03-23 03:30:00,783.35,-0.156
2025-03-23 04:00:00,783.28,-0.16
2025-03-23 04:30:00,783.19,-0.161
2025-03-23 05:00:00,783.0,-0.166
2025-03-23 05:30:00,783.38,-0.168
2025-03-23 06:00:00,783.36,-0.174
2025-03-23 06:30:00,783.11,-0.176
2025-03-23 07:00:00,782.94,-0.179
2025-03-23 07:30:00,782.94,-0.179
2025-03-23 08:00:00,782.96,-0.182
2025-03-23 08:30:00,782.64,-0.182
2025-03-23 09:00:00,782.84,-0.18
2025-03-23 09:30:00,782.51,-0.181
2025-03-23 10:00:00,782.62,-0.181
2025-03-23 10:30:00,782.38,-0.182
2025-03-23 11:00:00,782.33,-0.178
2025-03-23 11:30:00,782.48,-0.181
2025-03-23 12:00:00,781.94,-0.178
2025-03-23 12:30:00,781.82,-0.178
2025-03-23 13:00:00,781.79,-0.178
2025-03-23 13:30:00,781.86,-0.182
2025-03-23 14:00:00,781.88,-0.181
2025-03-23 14:30:00,781.92,-0.182
2025-03-23 15:00:00,782.16,-0.179
2025-03-23 15:30:00,782.42,-0.182
2025-03-23 16:00:00,782.47,-0.182
2025-03-23 16:30:00,782.68,-0.184
2025-03-23 17:00:00,783.06,-0.184
2025-03-23 17:30:00,783.58,-0.184
2025-03-23 18:00:00,783.56,-0.182
2025-03-23 18:30:00,783.43,-0.179
2025-03-23 19:00:00,783.26,-0.17
2025-03-23 19:30:00,782.9,-0.163
2025-03-23 20:00:00,783.01,-0.149
2025-03-23 20:30:00,782.94,-0.138
2025-03-23 21:00:00,782.19,-0.124
2025-03-23 21:30:00,782.44,-0.112
2025-03-23 22:00:00,782.71,-0.113
2025-03-23 22:30:00,782.72,-0.11
2025-03-23 23:00:00,782.83,-0.098
2025-03-23 23:30:00,782.83,-0.087
2025-03-24 00:00:00,783.2,-0.083
2025-03-24 00:30:00,783.72,-0.085
2025-03-24 01:00:00,783.68,-0.098
2025-03-24 01:30:00,784.71,-0.106
2025-03-24 02:00:00,785.3,-0.115
2025-03-24 02:30:00,785.28,-0.13
2025-03-24 03:00:00,785.59,-0.14
2025-03-24 03:30:00,786.02,-0.144
2025-03-24 04:00:00,786.01,-0.148
2025-03-24 04:30:00,786.35,-0.156
2025-03-24 05:00:00,787.06,-0.158
2025-03-24 05:30:00,787.36,-0.165
2025-03-24 06:00:00,787.92,-0.168
2025-03-24 06:30:00,788.46,-0.174
2025-03-24 07:00:00,788.75,-0.181
2025-03-24 07:30:00,789.05,-0.183
2025-03-24 08:00:00,789.16,-0.187
2025-03-24 08:30:00,789.25,-0.19
2025-03-24 09:00:00,789.13,-0.189
2025-03-24 09:30:00,789.04,-0.192
2025-03-24 10:00:00,788.85,-0.193
2025-03-24 10:30:00,788.53,-0.191
2025-03-24 11:00:00,788.32,-0.193
2025-03-24 11:30:00,788.33,-0.195
2025-03-24 12:00:00,788.08,-0.194
2025-03-24 12:30:00,787.98,-0.194
2025-03-24 13:00:00,787.81,-0.194
2025-03-24 13:30:00,787.73,-0.193
2025-03-24 14:00:00,787.63,-0.194
2025-03-24 14:30:00,787.57,-0.194
2025-03-24 15:00:00,787.25,-0.194
2025-03-24 15:30:00,786.97,-0.193
2025-03-24 16:00:00,786.66,-0.193
2025-03-24 16:30:00,786.41,-0.194
2025-03-24 17:00:00,786.49,-0.191
2025-03-24 17:30:00,786.49,-0.187
2025-03-24 18:00:00,786.35,-0.183
2025-03-24 18:30:00,786.28,-0.174
2025-03-24 19:00:00,786.13,-0.164
2025-03-24 19:30:00,786.08,-0.153
2025-03-24 20:00:00,785.83,-0.134
2025-03-24 20:30:00,785.91,-0.114
2025-03-24 21:00:00,785.56,-0.1
2025-03-24 21:30:00,785.58,-0.085
2025-03-24 22:00:00,785.78,-0.066
2025-03-24 22:30:00,786.26,-0.06
2025-03-24 23:00:00,786.98,-0.071
2025-03-24 23:30:00,787.99,-0.09
2025-03-25 00:00:00,789.45,-0.109
2025-03-25 00:30:00,787.98,-0.127
2025-03-25 01:00:00,791.91,-0.141
2025-03-25 01:30:00,794.5,-0.155
2025-03-25 02:00:00,796.66,-0.167
2025-03-25 02:30:00,798.68,-0.178
2025-03-25 03:00:00,800.13,-0.186
2025-03-25 03:30:00,802.34,-0.191
2025-03-25 04:00:00,804.2,-0.198
2025-03-25 04:30:00,806.11,-0.2
2025-03-25 05:00:00,807.96,-0.204
2025-03-25 05:30:00,809.63,-0.208
2025-03-25 06:00:00,811.3,-0.21
2025-03-25 06:30:00,812.84,-0.214
2025-03-25 07:00:00,814.38,-0.216
2025-03-25 07:30:00,815.58,-0.218
2025-03-25 08:00:00,814.85,-0.219
2025-03-25 08:30:00,816.76,-0.222
2025-03-25 09:00:00,817.91,-0.222
2025-03-25 09:30:00,818.43,-0.223
2025-03-25 10:00:00,818.81,-0.224
2025-03-25 10:30:00,818.59,-0.224
2025-03-25 11:00:00,818.55,-0.226
2025-03-25 11:30:00,818.51,-0.225
2025-03-25 12:00:00,818.25,-0.224
2025-03-25 12:30:00,817.56,-0.226
2025-03-25 13:00:00,817.1,-0.226
2025-03-25 13:30:00,816.74,-0.224
2025-03-25 14:00:00,816.43,-0.224
2025-03-25 14:30:00,816.11,-0.224
2025-03-25 15:00:00,815.9,-0.225
2025-03-25 15:30:00,815.45,-0.224
2025-03-25 16:00:00,814.96,-0.223
2025-03-25 16:30:00,814.7,-0.222
2025-03-25 17:00:00,814.39,-0.22
2025-03-25 17:30:00,814.23,-0.22
2025-03-25 18:00:00,813.76,-0.216
2025-03-25 18:30:00,813.18,-0.217
2025-03-25 19:00:00,812.58,-0.213
2025-03-25 19:30:00,812.23,-0.203
2025-03-25 20:00:00,811.78,-0.197
2025-03-25 20:30:00,811.26,-0.184
2025-03-25 21:00:00,811.26,-0.164
2025-03-25 21:30:00,810.26,-0.151
2025-03-25 22:00:00,810.61,-0.134
2025-03-25 22:30:00,811.32,-0.123
2025-03-25 23:00:00,812.41,-0.121
2025-03-25 23:30:00,812.63,-0.121
2025-03-26 00:00:00,812.82,-0.113
2025-03-26 00:30:00,813.52,-0.112
2025-03-26 01:00:00,813.52,-0.123
2025-03-26 01:30:00,814.0,-0.14
2025-03-26 02:00:00,814.14,-0.152
2025-03-26 02:30:00,812.05,-0.164
2025-03-26 03:00:00,813.99,-0.174
2025-03-26 03:30:00,813.77,-0.183
2025-03-26 04:00:00,813.02,-0.187
2025-03-26 04:30:00,812.24,-0.19
2025-03-26 05:00:00,811.46,-0.193
2025-03-26 05:30:00,810.68,-0.194
2025-03-26 06:00:00,810.02,-0.195
2025-03-26 06:30:00,809.46,-0.197
2025-03-26 07:00:00,808.62,-0.195
2025-03-26 07:30:00,807.89,-0.197
2025-03-26 08:00:00,806.99,-0.197
2025-03-26 08:30:00,806.21,-0.198
2025-03-26 09:00:00,805.35,-0.196
2025-03-26 09:30:00,804.4,-0.197
2025-03-26 10:00:00,803.51,-0.194
2025-03-26 10:30:00,802.73,-0.196
2025-03-26 11:00:00,802.15,-0.194
2025-03-26 11:30:00,801.66,-0.194
2025-03-26 12:00:00,801.28,-0.195
2025-03-26 12:30:00,800.67,-0.196
2025-03-26 13:00:00,800.4,-0.195
2025-03-26 13:30:00,800.03,-0.196
2025-03-26 14:00:00,799.75,-0.196
2025-03-26 14:30:00,799.79,-0.196
2025-03-26 15:00:00,799.59,-0.196
2025-03-26 15:30:00,799.99,-0.198
2025-03-26 16:00:00,800.21,-0.199
2025-03-26 16:30:00,800.26,-0.199
2025-03-26 17:00:00,800.39,-0.198
2025-03-26 17:30:00,800.4,-0.194
2025-03-26 18:00:00,800.16,-0.185
2025-03-26 18:30:00,799.96,-0.172
2025-03-26 19:00:00,800.06,-0.155
2025-03-26 19:30:00,800.28,-0.132
2025-03-26 20:00:00,800.21,-0.105
2025-03-26 20:30:00,800.02,-0.074
2025-03-26 21:00:00,799.86,-0.043
2025-03-26 21:30:00,800.07,-0.025
2025-03-26 22:00:00,799.67,-0.013
2025-03-26 22:30:00,800.41,-0.026
2025-03-26 23:00:00,800.42,-0.053
2025-03-26 23:30:00,801.44,-0.072
2025-03-27 00:00:00,800.67,-0.086
2025-03-27 00:30:00,801.66,-0.093
2025-03-27 01:00:00,801.34,-0.103
2025-03-27 01:30:00,800.78,-0.115
2025-03-27 02:00:00,800.64,-0.126
2025-03-27 02:30:00,799.92,-0.136
2025-03-27 03:00:00,799.69,-0.145
2025-03-27 03:30:00,799.21,-0.152
2025-03-27 04:00:00,798.87,-0.158
2025-03-27 04:30:00,798.51,-0.166
2025-03-27 05:00:00,798.41,-0.167
2025-03-27 05:30:00,798.08,-0.17
2025-03-27 06:00:00,798.12,-0.172
2025-03-27 06:30:00,797.66,-0.173
2025-03-27 07:00:00,797.44,-0.177
2025-03-27 07:30:00,796.94,-0.176
2025-03-27 08:00:00,796.65,-0.18
2025-03-27 08:30:00,796.3,-0.18
2025-03-27 09:00:00,795.98,-0.183
2025-03-27 09:30:00,795.8,-0.183
2025-03-27 10:00:00,795.6,-0.185
2025-03-27 10:30:00,795.45,-0.186
2025-03-27 11:00:00,795.21,-0.187
2025-03-27 11:30:00,795.22,-0.186
2025-03-27 12:00:00,794.9,-0.187
2025-03-27 12:30:00,794.39,-0.187
2025-03-27 13:00:00,794.02,-0.185
2025-03-27 13:30:00,794.07,-0.183
2025-03-27 14:00:00,794.55,-0.185
2025-03-27 14:30:00,794.22,-0.184
2025-03-27 15:00:00,794.14,-0.186
2025-03-27 15:30:00,794.08,-0.184
2025-03-27 16:00:00,793.86,-0.187
2025-03-27 16:30:00,794.13,-0.187
2025-03-27 17:00:00,794.35,-0.183
2025-03-27 17:30:00,794.22,-0.178
2025-03-27 18:00:00,794.28,-0.166
2025-03-27 18:30:00,794.07,-0.153
2025-03-27 19:00:00,793.53,-0.135
2025-03-27 19:30:00,793.38,-0.111
2025-03-27 20:00:00,792.68,-0.083
2025-03-27 20:30:00,792.23,-0.059
2025-03-27 21:00:00,791.98,-0.046
2025-03-27 21:30:00,790.89,-0.029
2025-03-27 22:00:00,790.15,0.002
2025-03-27 22:30:00,789.49,0.021
2025-03-27 23:00:00,788.98,0.026
2025-03-27 23:30:00,787.99,0.019
2025-03-28 00:00:00,787.05,0.008
2025-03-28 00:30:00,786.63,0.008
2025-03-28 01:00:00,785.85,-0.001
2025-03-28 01:30:00,784.72,-0.023
2025-03-28 02:00:00,784.1,-0.043
2025-03-28 02:30:00,783.48,-0.058
2025-03-28 03:00:00,782.92,-0.074
2025-03-28 03:30:00,782.41,-0.089
2025-03-28 04:00:00,782.07,-0.106
2025-03-28 04:30:00,782.09,-0.116
2025-03-28 05:00:00,781.98,-0.128
2025-03-28 05:30:00,781.28,-0.14
2025-03-28 06:00:00,781.21,-0.147
2025-03-28 06:30:00,780.85,-0.152
2025-03-28 07:00:00,780.77,-0.157
2025-03-28 07:30:00,780.54,-0.159
2025-03-28 08:00:00,780.52,-0.162
2025-03-28 08:30:00,780.38,-0.166
2025-03-28 09:00:00,780.23,-0.167
2025-03-28 09:30:00,779.99,-0.17
2025-03-28 10:00:00,779.98,-0.173
2025-03-28 10:30:00,780.17,-0.174
2025-03-28 11:00:00,780.25,-0.173
2025-03-28 11:30:00,780.25,-0.176
2025-03-28 12:00:00,780.05,-0.178
2025-03-28 12:30:00,780.0,-0.178
2025-03-28 13:00:00,780.33,-0.179
2025-03-28 13:30:00,780.53,-0.181
2025-03-28 14:00:00,780.74,-0.18
2025-03-28 14:30:00,781.03,-0.183
2025-03-28 15:00:00,781.32,-0.182
2025-03-28 15:30:00,781.78,-0.185
2025-03-28 16:00:00,782.1,-0.182
2025-03-28 16:30:00,782.22,-0.181
2025-03-28 17:00:00,782.33,-0.176
2025-03-28 17:30:00,782.34,-0.167
2025-03-28 18:00:00,782.17,-0.153
2025-03-28 18:30:00,781.94,-0.14
2025-03-28 19:00:00,781.54,-0.115
2025-03-28 19:30:00,781.0,-0.089
2025-03-28 20:00:00,780.4,-0.057
2025-03-28 20:30:00,779.51,-0.02
2025-03-28 21:00:00,778.71,0.005
2025-03-28 21:30:00,777.91,0.02
2025-03-28 22:00:00,777.21,0.035
2025-03-28 22:30:00,776.4,0.041
2025-03-28 23:00:00,776.13,0.051
2025-03-28 23:30:00,775.52,0.054
2025-03-29 00:00:00,775.23,0.045
2025-03-29 00:30:00,775.23,0.04
2025-03-29 01:00:00,775.05,0.029
2025-03-29 01:30:00,774.84,0.012
2025-03-29 02:00:00,774.76,-0.004
2025-03-29 02:30:00,774.82,-0.021
2025-03-29 03:00:00,774.97,-0.04
2025-03-29 03:30:00,774.94,-0.053
2025-03-29 04:00:00,775.05,-0.072
2025-03-29 04:30:00,775.05,-0.087
2025-03-29 05:00:00,775.3,-0.099
2025-03-29 05:30:00,775.3,-0.111
2025-03-29 06:00:00,775.13,-0.119
2025-03-29 06:30:00,774.89,-0.13
2025-03-29 07:00:00,775.06,-0.136
2025-03-29 07:30:00,775.01,-0.146
2025-03-29 08:00:00,774.9,-0.154
2025-03-29 08:30:00,775.02,-0.16
2025-03-29 09:00:00,774.94,-0.164
2025-03-29 09:30:00,774.93,-0.17
2025-03-29 10:00:00,774.84,-0.172
2025-03-29 10:30:00,774.49,-0.173
2025-03-29 11:00:00,774.19,-0.176
2025-03-29 11:30:00,774.0,-0.177
2025-03-29 12:00:00,773.69,-0.178
2025-03-29 12:30:00,773.57,-0.179
2025-03-29 13:00:00,773.44,-0.178
2025-03-29 13:30:00,773.52,-0.178
2025-03-29 14:00:00,773.76,-0.179
2025-03-29 14:30:00,774.08,-0.179
2025-03-29 15:00:00,774.4,-0.182
2025-03-29 15:30:00,774.68,-0.181
2025-03-29 16:00:00,775.4,-0.184
2025-03-29 16:30:00,776.52,-0.186
2025-03-29 17:00:00,778.71,-0.187
2025-03-29 17:30:00,781.77,-0.189
2025-03-29 18:00:00,783.88,-0.191
2025-03-29 18:30:00,786.76,-0.191
2025-03-29 19:00:00,784.68,-0.19
2025-03-29 19:30:00,781.09,-0.181
2025-03-29 20:00:00,778.73,-0.164
2025-03-29 20:30:00,776.85,-0.141
2025-03-29 21:00:00,775.38,-0.102
2025-03-29 21:30:00,774.82,-0.048
2025-03-29 22:00:00,774.35,0.013
2025-03-29 22:30:00,774.1,0.071
2025-03-29 23:00:00,773.89,0.109
2025-03-29 23:30:00,775.84,0.138
2025-03-30 00:00:00,775.77,0.152
2025-03-30 00:30:00,775.36,0.154
2025-03-30 01:00:00,775.23,0.141
2025-03-30 01:30:00,775.27,0.12
2025-03-30 02:00:00,774.92,0.097
2025-03-30 02:30:00,775.25,0.067
2025-03-30 03:00:00,775.47,0.038
2025-03-30 03:30:00,775.51,0.009
2025-03-30 04:00:00,775.23,-0.016
2025-03-30 04:30:00,775.36,-0.037
2025-03-30 05:00:00,775.29,-0.056
2025-03-30 05:30:00,775.46,-0.07
2025-03-30 06:00:00,775.38,-0.084
2025-03-30 06:30:00,775.3,-0.092
2025-03-30 07:00:00,775.56,-0.101
2025-03-30 07:30:00,775.21,-0.11
2025-03-30 08:00:00,775.55,-0.117
2025-03-30 08:30:00,774.72,-0.124
2025-03-30 09:00:00,775.01,-0.131
2025-03-30 09:30:00,774.18,-0.134
2025-03-30 10:00:00,773.91,-0.14
2025-03-30 10:30:00,774.11,-0.147
2025-03-30 11:00:00,774.27,-0.149
2025-03-30 11:30:00,774.19,-0.156
2025-03-30 12:00:00,774.09,-0.162
2025-03-30 12:30:00,774.24,-0.167
2025-03-30 13:00:00,774.47,-0.17
2025-03-30 13:30:00,774.22,-0.176
2025-03-30 14:00:00,774.58,-0.179
2025-03-30 14:30:00,774.93,-0.18
2025-03-30 15:00:00,775.46,-0.182
2025-03-30 15:30:00,775.81,-0.184
2025-03-30 16:00:00,776.44,-0.186
2025-03-30 16:30:00,776.88,-0.186
2025-03-30 17:00:00,777.08,-0.186
2025-03-30 17:30:00,776.78,-0.18
2025-03-30 18:00:00,776.72,-0.166
2025-03-30 18:30:00,776.52,-0.154
2025-03-30 19:00:00,776.37,-0.135
2025-03-30 19:30:00,776.54,-0.096
2025-03-30 20:00:00,776.32,-0.052
2025-03-30 20:30:00,776.03,-0.024
2025-03-30 21:00:00,776.39,0.015
2025-03-30 21:30:00,776.36,0.041
2025-03-30 22:00:00,776.5,0.053
2025-03-30 22:30:00,776.36,0.085
2025-03-30 23:00:00,776.28,0.113
2025-03-30 23:30:00,776.22,0.132
2025-03-31 00:00:00,775.93,0.149
2025-03-31 00:30:00,775.93,0.157
2025-03-31 01:00:00,776.01,0.153
2025-03-31 01:30:00,776.07,0.136
2025-03-31 02:00:00,775.99,0.114
2025-03-31 02:30:00,775.69,0.09
2025-03-31 03:00:00,775.87,0.062
2025-03-31 03:30:00,775.85,0.032
2025-03-31 04:00:00,776.27,-0.0
2025-03-31 04:30:00,776.42,-0.029
2025-03-31 05:00:00,776.28,-0.051
2025-03-31 05:30:00,776.18,-0.07
2025-03-31 06:00:00,776.26,-0.084
2025-03-31 06:30:00,776.31,-0.094
2025-03-31 07:00:00,776.21,-0.108
2025-03-31 07:30:00,775.82,-0.115
2025-03-31 08:00:00,775.65,-0.128
2025-03-31 08:30:00,775.76,-0.136
2025-03-31 09:00:00,775.3,-0.143
2025-03-31 09:30:00,775.73,-0.153
2025-03-31 10:00:00,775.33,-0.158
2025-03-31 10:30:00,775.3,-0.165
2025-03-31 11:00:00,775.18,-0.169
2025-03-31 11:30:00,775.47,-0.172
2025-03-31 12:00:00,775.27,-0.176
2025-03-31 12:30:00,776.01,-0.177
2025-03-31 13:00:00,775.91,-0.182
2025-03-31 13:30:00,776.28,-0.182
2025-03-31 14:00:00,776.73,-0.185
2025-03-31 14:30:00,777.17,-0.188
2025-03-31 15:00:00,777.3,-0.188
2025-03-31 15:30:00,777.15,-0.189
2025-03-31 16:00:00,777.27,-0.19
2025-03-31 16:30:00,777.2,-0.191
2025-03-31 17:00:00,777.35,-0.192
2025-03-31 17:30:00,777.87,-0.192
2025-03-31 18:00:00,777.84,-0.195
2025-03-31 18:30:00,777.88,-0.195
2025-03-31 19:00:00,778.43,-0.196
2025-03-31 19:30:00,779.37,-0.196
2025-03-31 20:00:00,780.19,-0.198
2025-03-31 20:30:00,779.67,-0.199
2025-03-31 21:00:00,779.48,-0.199
2025-03-31 21:30:00,779.09,-0.198
2025-03-31 22:00:00,778.72,-0.2
2025-03-31 22:30:00,778.79,-0.203
2025-03-31 23:00:00,778.46,-0.201
2025-03-31 23:30:00,778.48,-0.202
2025-04-01 00:00:00,778.14,-0.203
2025-04-01 00:30:00,778.07,-0.203
2025-04-01 01:00:00,778.41,-0.205
2025-04-01 01:30:00,778.85,-0.204
2025-04-01 02:00:00,778.88,-0.204
2025-04-01 02:30:00,778.75,-0.205
2025-04-01 03:00:00,778.27,-0.205
2025-04-01 03:30:00,778.32,-0.205
2025-04-01 04:00:00,778.42,-0.205
2025-04-01 04:30:00,778.83,-0.204
2025-04-01 05:00:00,779.35,-0.207
2025-04-01 05:30:00,779.01,-0.206
2025-04-01 06:00:00,778.63,-0.206
2025-04-01 06:30:00,778.82,-0.204
2025-04-01 07:00:00,779.06,-0.205
2025-04-01 07:30:00,778.96,-0.205
2025-04-01 08:00:00,778.98,-0.207
2025-04-01 08:30:00,779.03,-0.206
2025-04-01 09:00:00,779.46,-0.206
2025-04-01 09:30:00,779.84,-0.208
2025-04-01 10:00:00,779.93,-0.207
2025-04-01 10:30:00,779.99,-0.207
2025-04-01 11:00:00,779.97,-0.206
2025-04-01 11:30:00,779.86,-0.206
2025-04-01 12:00:00,779.73,-0.206
2025-04-01 12:30:00,779.68,-0.208
2025-04-01 13:00:00,779.56,-0.208
2025-04-01 13:30:00,779.46,-0.208
2025-04-01 14:00:00,779.4,-0.208
2025-04-01 14:30:00,779.35,-0.208
2025-04-01 15:00:00,779.61,-0.208
2025-04-01 15:30:00,779.66,-0.208
2025-04-01 16:00:00,779.37,-0.208
2025-04-01 16:30:00,779.35,-0.207
2025-04-01 17:00:00,779.84,-0.207
2025-04-01 17:30:00,780.66,-0.209
2025-04-01 18:00:00,780.7,-0.208
2025-04-01 18:30:00,780.85,-0.209
2025-04-01 19:00:00,780.43,-0.209
2025-04-01 19:30:00,779.28,-0.209
2025-04-01 20:00:00,777.93,-0.207
2025-04-01 20:30:00,776.85,-0.209
2025-04-01 21:00:00,775.75,-0.209
2025-04-01 21:30:00,775.13,-0.208
2025-04-01 22:00:00,774.8,-0.207
2025-04-01 22:30:00,774.33,-0.205
2025-04-01 23:00:00,774.2,-0.206
2025-04-01 23:30:00,773.92,-0.204
2025-04-02 00:00:00,773.53,-0.204
2025-04-02 00:30:00,773.11,-0.203
2025-04-02 01:00:00,772.92,-0.204
2025-04-02 01:30:00,772.71,-0.204
2025-04-02 02:00:00,772.32,-0.203
2025-04-02 02:30:00,772.34,-0.206
2025-04-02 03:00:00,772.59,-0.204
2025-04-02 03:30:00,772.82,-0.206
2025-04-02 04:00:00,772.83,-0.205
2025-04-02 04:30:00,772.93,-0.205
2025-04-02 05:00:00,772.81,-0.204
2025-04-02 05:30:00,772.85,-0.206
2025-04-02 06:00:00,772.81,-0.204
2025-04-02 06:30:00,772.65,-0.204
2025-04-02 07:00:00,772.61,-0.203
2025-04-02 07:30:00,772.63,-0.204
2025-04-02 08:00:00,772.59,-0.204
2025-04-02 08:30:00,772.8,-0.206
2025-04-02 09:00:00,772.83,-0.205
2025-04-02 09:30:00,772.82,-0.206
2025-04-02 10:00:00,772.79,-0.204
2025-04-02 10:30:00,772.65,-0.205
2025-04-02 11:00:00,772.5,-0.206
2025-04-02 11:30:00,772.25,-0.207
2025-04-02 12:00:00,772.25,-0.206
2025-04-02 12:30:00,772.21,-0.207
2025-04-02 13:00:00,772.07,-0.204
2025-04-02 13:30:00,772.33,-0.205
2025-04-02 14:00:00,772.57,-0.207
2025-04-02 14:30:00,772.91,-0.208
2025-04-02 15:00:00,773.47,-0.207
2025-04-02 15:30:00,773.71,-0.206
2025-04-02 16:00:00,774.32,-0.206
2025-04-02 16:30:00,774.98,-0.207
2025-04-02 17:00:00,775.91,-0.208
2025-04-02 17:30:00,776.83,-0.208
2025-04-02 18:00:00,778.54,-0.21
2025-04-02 18:30:00,780.01,-0.211
2025-04-02 19:00:00,781.13,-0.213
2025-04-02 19:30:00,781.69,-0.213
2025-04-02 20:00:00,781.79,-0.213
2025-04-02 20:30:00,781.29,-0.215
2025-04-02 21:00:00,780.72,-0.215
2025-04-02 21:30:00,780.09,-0.214
2025-04-02 22:00:00,780.28,-0.214
2025-04-02 22:30:00,779.97,-0.214
2025-04-02 23:00:00,779.97,-0.214
2025-04-02 23:30:00,780.07,-0.214
2025-04-03 00:00:00,780.19,-0.213
2025-04-03 00:30:00,780.32,-0.214
2025-04-03 01:00:00,780.51,-0.216
2025-04-03 01:30:00,780.4,-0.214
2025-04-03 02:00:00,780.0,-0.213
2025-04-03 02:30:00,779.83,-0.213
2025-04-03 03:00:00,779.86,-0.215
2025-04-03 03:30:00,779.83,-0.213
2025-04-03 04:00:00,780.05,-0.212
2025-04-03 04:30:00,780.08,-0.213
2025-04-03 05:00:00,779.72,-0.213
2025-04-03 05:30:00,779.71,-0.211
2025-04-03 06:00:00,779.72,-0.214
2025-04-03 06:30:00,779.7,-0.213
2025-04-03 07:00:00,779.8,-0.21
2025-04-03 07:30:00,780.05,-0.213
2025-04-03 08:00:00,780.01,-0.212
2025-04-03 08:30:00,780.02,-0.213
2025-04-03 09:00:00,779.96,-0.212
2025-04-03 09:30:00,779.79,-0.214
2025-04-03 10:00:00,779.64,-0.211
2025-04-03 10:30:00,779.54,-0.211
2025-04-03 11:00:00,779.46,-0.212
2025-04-03 11:30:00,779.15,-0.212
2025-04-03 12:00:00,779.08,-0.211
2025-04-03 12:30:00,778.93,-0.211
2025-04-03 13:00:00,778.56,-0.21
2025-04-03 13:30:00,778.41,-0.211
2025-04-03 14:00:00,778.41,-0.209
2025-04-03 14:30:00,778.54,-0.209
2025-04-03 15:00:00,779.06,-0.21
2025-04-03 15:30:00,780.08,-0.209
2025-04-03 16:00:00,781.19,-0.211
2025-04-03 16:30:00,782.65,-0.211
2025-04-03 17:00:00,785.69,-0.213
2025-04-03 17:30:00,788.66,-0.214
2025-04-03 18:00:00,790.66,-0.215
2025-04-03 18:30:00,791.58,-0.219
2025-04-03 19:00:00,791.72,-0.221
2025-04-03 19:30:00,790.3,-0.22
2025-04-03 20:00:00,788.44,-0.222
2025-04-03 20:30:00,786.97,-0.218
2025-04-03 21:00:00,785.74,-0.218
2025-04-03 21:30:00,785.01,-0.215
2025-04-03 22:00:00,784.66,-0.215
2025-04-03 22:30:00,784.11,-0.214
2025-04-03 23:00:00,783.85,-0.213
2025-04-03 23:30:00,783.76,-0.212
2025-04-04 00:00:00,783.24,-0.212
2025-04-04 00:30:00,782.9,-0.21
2025-04-04 01:00:00,782.76,-0.21
2025-04-04 01:30:00,782.8,-0.208
2025-04-04 02:00:00,782.74,-0.21
2025-04-04 02:30:00,782.66,-0.21
2025-04-04 03:00:00,782.69,-0.21
2025-04-04 03:30:00,782.79,-0.21
2025-04-04 04:00:00,783.11,-0.207
2025-04-04 04:30:00,783.41,-0.21
2025-04-04 05:00:00,783.65,-0.209
2025-04-04 05:30:00,783.55,-0.208
2025-04-04 06:00:00,783.64,-0.212
2025-04-04 06:30:00,783.4,-0.21
2025-04-04 07:00:00,783.45,-0.21
2025-04-04 07:30:00,783.52,-0.208
2025-04-04 08:00:00,783.43,-0.21
2025-04-04 08:30:00,783.52,-0.21
2025-04-04 09:00:00,783.67,-0.209
2025-04-04 09:30:00,783.69,-0.207
2025-04-04 10:00:00,783.64,-0.209
2025-04-04 10:30:00,783.77,-0.209
2025-04-04 11:00:00,783.57,-0.208
2025-04-04 11:30:00,783.72,-0.209
2025-04-04 12:00:00,783.73,-0.209
2025-04-04 12:30:00,783.49,-0.207
2025-04-04 13:00:00,783.38,-0.21
2025-04-04 13:30:00,783.2,-0.208
2025-04-04 14:00:00,783.13,-0.207
2025-04-04 14:30:00,783.26,-0.207
2025-04-04 15:00:00,783.93,-0.21
2025-04-04 15:30:00,785.05,-0.208
2025-04-04 16:00:00,787.43,-0.207
2025-04-04 16:30:00,790.56,-0.209
2025-04-04 17:00:00,793.46,-0.211
2025-04-04 17:30:00,789.5,-0.213
2025-04-04 18:00:00,787.69,-0.212
2025-04-04 18:30:00,786.87,-0.211
2025-04-04 19:00:00,786.49,-0.206
2025-04-04 19:30:00,785.9,-0.202
2025-04-04 20:00:00,784.98,-0.197
2025-04-04 20:30:00,784.58,-0.191
2025-04-04 21:00:00,783.92,-0.183
2025-04-04 21:30:00,782.95,-0.171
2025-04-04 22:00:00,782.47,-0.157
2025-04-04 22:30:00,781.9,-0.148
2025-04-04 23:00:00,781.45,-0.133
2025-04-04 23:30:00,781.1,-0.12
2025-04-05 00:00:00,781.04,-0.106
2025-04-05 00:30:00,780.73,-0.097
2025-04-05 01:00:00,781.14,-0.091
2025-04-05 01:30:00,781.07,-0.089
2025-04-05 02:00:00,781.1,-0.093
2025-04-05 02:30:00,781.05,-0.099
2025-04-05 03:00:00,781.2,-0.104
2025-04-05 03:30:00,781.45,-0.111
2025-04-05 04:00:00,781.76,-0.118
2025-04-05 04:30:00,782.15,-0.127
2025-04-05 05:00:00,782.43,-0.137
2025-04-05 05:30:00,782.52,-0.145
2025-04-05 06:00:00,782.55,-0.153
2025-04-05 06:30:00,782.46,-0.158
2025-04-05 07:00:00,782.48,-0.166
2025-04-05 07:30:00,782.68,-0.173
2025-04-05 08:00:00,782.85,-0.178
2025-04-05 08:30:00,782.68,-0.182
2025-04-05 09:00:00,782.62,-0.186
2025-04-05 09:30:00,782.57,-0.19
2025-04-05 10:00:00,782.76,-0.194
2025-04-05 10:30:00,782.77,-0.192
2025-04-05 11:00:00,782.89,-0.196
2025-04-05 11:30:00,782.88,-0.195
2025-04-05 12:00:00,782.83,-0.196
2025-04-05 12:30:00,782.83,-0.198
2025-04-05 13:00:00,782.95,-0.198
2025-04-05 13:30:00,783.12,-0.199
2025-04-05 14:00:00,783.4,-0.197
2025-04-05 14:30:00,783.58,-0.198
2025-04-05 15:00:00,783.9,-0.199
2025-04-05 15:30:00,784.29,-0.197
2025-04-05 16:00:00,785.06,-0.199
2025-04-05 16:30:00,786.16,-0.198
2025-04-05 17:00:00,786.63,-0.199
2025-04-05 17:30:00,785.82,-0.197
2025-04-05 18:00:00,785.42,-0.192
2025-04-05 18:30:00,784.91,-0.178
2025-04-05 19:00:00,784.67,-0.161
2025-04-05 19:30:00,784.54,-0.14
2025-04-05 20:00:00,784.48,-0.106
2025-04-05 20:30:00,784.3,-0.067
2025-04-05 21:00:00,784.27,-0.023
2025-04-05 21:30:00,784.02,0.027
2025-04-05 22:00:00,784.06,0.073
2025-04-05 22:30:00,783.95,0.116
2025-04-05 23:00:00,783.88,0.154
2025-04-05 23:30:00,783.93,0.179
2025-04-06 00:00:00,784.05,0.195
2025-04-06 00:30:00,784.2,0.199
2025-04-06 01:00:00,784.48,0.192
2025-04-06 01:30:00,784.58,0.179
2025-04-06 02:00:00,784.91,0.162
2025-04-06 02:30:00,785.15,0.139
2025-04-06 03:00:00,785.43,0.113
2025-04-06 03:30:00,785.75,0.086
2025-04-06 04:00:00,785.89,0.06
2025-04-06 04:30:00,786.02,0.032
2025-04-06 05:00:00,786.41,0.007
2025-04-06 05:30:00,786.19,-0.02
2025-04-06 06:00:00,786.18,-0.043
2025-04-06 06:30:00,786.22,-0.065
2025-04-06 07:00:00,786.18,-0.083
2025-04-06 07:30:00,786.08,-0.099
2025-04-06 08:00:00,786.09,-0.116
2025-04-06 08:30:00,786.14,-0.127
2025-04-06 09:00:00,785.98,-0.14
2025-04-06 09:30:00,785.87,-0.149
2025-04-06 10:00:00,785.81,-0.158
2025-04-06 10:30:00,785.87,-0.167
2025-04-06 11:00:00,785.81,-0.172
2025-04-06 11:30:00,785.9,-0.176
2025-04-06 12:00:00,785.74,-0.177
2025-04-06 12:30:00,785.62,-0.179
2025-04-06 13:00:00,785.4,-0.179
2025-04-06 13:30:00,785.23,-0.181
2025-04-06 14:00:00,785.06,-0.181
2025-04-06 14:30:00,785.07,-0.183
2025-04-06 15:00:00,785.33,-0.185
2025-04-06 15:30:00,786.32,-0.184
2025-04-06 16:00:00,788.69,-0.185
2025-04-06 16:30:00,795.87,-0.189
2025-04-06 17:00:00,796.78,-0.196
2025-04-06 17:30:00,790.06,-0.193
2025-04-06 18:00:00,787.34,-0.186
2025-04-06 18:30:00,786.15,-0.164
2025-04-06 19:00:00,785.6,-0.135
2025-04-06 19:30:00,785.22,-0.091
2025-04-06 20:00:00,784.75,-0.032
2025-04-06 20:30:00,784.61,0.048
2025-04-06 21:00:00,784.47,0.13
2025-04-06 21:30:00,784.66,0.205
2025-04-06 22:00:00,784.69,0.273
2025-04-06 22:30:00,784.16,0.326
2025-04-06 23:00:00,783.86,0.358
2025-04-06 23:30:00,784.12,0.38
2025-04-07 00:00:00,783.87,0.397
2025-04-07 00:30:00,784.0,0.395
2025-04-07 01:00:00,784.32,0.384
2025-04-07 01:30:00,784.14,0.361
2025-04-07 02:00:00,784.27,0.331
2025-04-07 02:30:00,784.26,0.292
2025-04-07 03:00:00,784.37,0.252
2025-04-07 03:30:00,784.66,0.213
2025-04-07 04:00:00,784.97,0.175
2025-04-07 04:30:00,784.97,0.136
2025-04-07 05:00:00,784.79,0.094
2025-04-07 05:30:00,784.8,0.058
2025-04-07 06:00:00,784.75,0.026
2025-04-07 06:30:00,784.57,0.001
2025-04-07 07:00:00,784.46,-0.02
2025-04-07 07:30:00,784.07,-0.039
2025-04-07 08:00:00,784.01,-0.052
2025-04-07 08:30:00,783.64,-0.067
2025-04-07 09:00:00,783.42,-0.079
2025-04-07 09:30:00,783.51,-0.089
2025-04-07 10:00:00,783.61,-0.1
2025-04-07 10:30:00,783.13,-0.11
2025-04-07 11:00:00,783.07,-0.119
2025-04-07 11:30:00,783.07,-0.125
2025-04-07 12:00:00,783.59,-0.133
2025-04-07 12:30:00,783.67,-0.143
2025-04-07 13:00:00,783.7,-0.152
2025-04-07 13:30:00,783.8,-0.161
2025-04-07 14:00:00,784.23,-0.166
2025-04-07 14:30:00,784.35,-0.173
2025-04-07 15:00:00,784.49,-0.173
2025-04-07 15:30:00,784.5,-0.176
2025-04-07 16:00:00,784.5,-0.175
2025-04-07 16:30:00,784.83,-0.177
2025-04-07 17:00:00,784.23,-0.178
2025-04-07 17:30:00,783.86,-0.171
2025-04-07 18:00:00,783.54,-0.146
2025-04-07 18:30:00,783.05,-0.112
2025-04-07 19:00:00,782.65,-0.066
2025-04-07 19:30:00,782.44,0.006
2025-04-07 20:00:00,782.33,0.095
2025-04-07 20:30:00,782.86,0.19
2025-04-07 21:00:00,782.79,0.282
2025-04-07 21:30:00,782.37,0.364
2025-04-07 22:00:00,782.01,0.433
2025-04-07 22:30:00,782.33,0.499
2025-04-07 23:00:00,782.33,0.535
2025-04-07 23:30:00,782.07,0.531
2025-04-08 00:00:00,782.15,0.509
2025-04-08 00:30:00,782.03,0.487
2025-04-08 01:00:00,782.26,0.449
2025-04-08 01:30:00,782.19,0.401
2025-04-08 02:00:00,782.09,0.345
2025-04-08 02:30:00,781.87,0.285
2025-04-08 03:00:00,781.77,0.227
2025-04-08 03:30:00,781.93,0.173
2025-04-08 04:00:00,782.26,0.125
2025-04-08 04:30:00,782.65,0.08
2025-04-08 05:00:00,782.74,0.044
2025-04-08 05:30:00,782.89,0.009
2025-04-08 06:00:00,783.05,-0.021
2025-04-08 06:30:00,783.03,-0.045
2025-04-08 07:00:00,782.95,-0.065
2025-04-08 07:30:00,783.01,-0.084
2025-04-08 08:00:00,782.96,-0.097
2025-04-08 08:30:00,782.88,-0.107
2025-04-08 09:00:00,782.62,-0.114
2025-04-08 09:30:00,782.54,-0.122
2025-04-08 10:00:00,782.47,-0.128
2025-04-08 10:30:00,782.41,-0.136
2025-04-08 11:00:00,782.45,-0.14
2025-04-08 11:30:00,782.45,-0.149
2025-04-08 12:00:00,782.5,-0.154
2025-04-08 12:30:00,782.62,-0.16
2025-04-08 13:00:00,782.85,-0.166
2025-04-08 13:30:00,783.13,-0.166
2025-04-08 14:00:00,783.3,-0.174
2025-04-08 14:30:00,783.57,-0.175
2025-04-08 15:00:00,783.95,-0.175
2025-04-08 15:30:00,784.38,-0.177
2025-04-08 16:00:00,784.8,-0.177
2025-04-08 16:30:00,784.32,-0.178
2025-04-08 17:00:00,783.92,-0.175
2025-04-08 17:30:00,783.89,-0.153
2025-04-08 18:00:00,783.91,-0.113
2025-04-08 18:30:00,783.78,-0.052
2025-04-08 19:00:00,783.82,0.023
2025-04-08 19:30:00,783.62,0.11
2025-04-08 20:00:00,783.58,0.205
2025-04-08 20:30:00,783.41,0.305
2025-04-08 21:00:00,783.6,0.399
2025-04-08 21:30:00,783.34,0.494
2025-04-08 22:00:00,783.44,0.552
2025-04-08 22:30:00,783.46,0.586
2025-04-08 23:00:00,783.73,0.59
2025-04-08 23:30:00,783.77,0.582
2025-04-09 00:00:00,783.4,0.556
2025-04-09 00:30:00,783.97,0.492
2025-04-09 01:00:00,783.67,0.437
2025-04-09 01:30:00,783.67,0.372
2025-04-09 02:00:00,783.86,0.301
2025-04-09 02:30:00,784.09,0.24
2025-04-09 03:00:00,784.29,0.183
2025-04-09 03:30:00,784.65,0.13
2025-04-09 04:00:00,784.84,0.084
2025-04-09 04:30:00,785.11,0.047
2025-04-09 05:00:00,785.38,0.017
2025-04-09 05:30:00,785.38,-0.011
2025-04-09 06:00:00,785.59,-0.033
2025-04-09 06:30:00,785.51,-0.053
2025-04-09 07:00:00,785.61,-0.069
2025-04-09 07:30:00,785.65,-0.082
2025-04-09 08:00:00,785.71,-0.093
2025-04-09 08:30:00,785.66,-0.101
2025-04-09 09:00:00,785.56,-0.109
2025-04-09 09:30:00,785.57,-0.114
2025-04-09 10:00:00,785.57,-0.123
2025-04-09 10:30:00,785.62,-0.133
2025-04-09 11:00:00,785.85,-0.139
2025-04-09 11:30:00,786.05,-0.146
2025-04-09 12:00:00,786.15,-0.155
2025-04-09 12:30:00,786.31,-0.158
2025-04-09 13:00:00,786.41,-0.163
2025-04-09 13:30:00,786.51,-0.166
2025-04-09 14:00:00,786.76,-0.168
2025-04-09 14:30:00,787.02,-0.169
2025-04-09 15:00:00,787.38,-0.171
2025-04-09 15:30:00,788.12,-0.172
2025-04-09 16:00:00,790.06,-0.173
2025-04-09 16:30:00,788.06,-0.176
2025-04-09 17:00:00,787.25,-0.166
2025-04-09 17:30:00,787.17,-0.143
2025-04-09 18:00:00,787.15,-0.097
2025-04-09 18:30:00,787.24,-0.03
2025-04-09 19:00:00,786.97,0.052
2025-04-09 19:30:00,787.04,0.142
2025-04-09 20:00:00,786.72,0.244
2025-04-09 20:30:00,787.62,0.358
2025-04-09 21:00:00,787.27,0.455
2025-04-09 21:30:00,787.7,0.536
2025-04-09 22:00:00,787.85,0.594
2025-04-09 22:30:00,787.41,0.633
2025-04-09 23:00:00,787.58,0.62
2025-04-09 23:30:00,787.36,0.583
2025-04-10 00:00:00,787.56,0.525
2025-04-10 00:30:00,787.65,0.463
2025-04-10 01:00:00,787.58,0.366
2025-04-10 01:30:00,787.77,0.272
2025-04-10 02:00:00,787.85,0.182
2025-04-10 02:30:00,788.27,0.111
2025-04-10 03:00:00,788.52,0.06
2025-04-10 03:30:00,788.68,0.022
2025-04-10 04:00:00,789.08,-0.008
2025-04-10 04:30:00,789.24,-0.032
2025-04-10 05:00:00,789.48,-0.052
2025-04-10 05:30:00,789.3,-0.066
2025-04-10 06:00:00,789.34,-0.079
2025-04-10 06:30:00,789.39,-0.09
2025-04-10 07:00:00,789.44,-0.101
2025-04-10 07:30:00,789.43,-0.109
2025-04-10 08:00:00,789.55,-0.114
2025-04-10 08:30:00,789.8,-0.119
2025-04-10 09:00:00,790.03,-0.129
2025-04-10 09:30:00,790.04,-0.135
2025-04-10 10:00:00,790.14,-0.141
2025-04-10 10:30:00,790.31,-0.147
2025-04-10 11:00:00,790.45,-0.155
2025-04-10 11:30:00,790.6,-0.158
2025-04-10 12:00:00,790.64,-0.161
2025-04-10 12:30:00,790.87,-0.162
2025-04-10 13:00:00,791.11,-0.167
2025-04-10 13:30:00,791.52,-0.167
2025-04-10 14:00:00,792.08,-0.167
2025-04-10 14:30:00,792.5,-0.171
2025-04-10 15:00:00,793.29,-0.169
2025-04-10 15:30:00,793.99,-0.174
2025-04-10 16:00:00,795.34,-0.174
2025-04-10 16:30:00,794.44,-0.174
2025-04-10 17:00:00,791.63,-0.171
2025-04-10 17:30:00,790.65,-0.155
2025-04-10 18:00:00,790.34,-0.131
2025-04-10 18:30:00,790.4,-0.086
2025-04-10 19:00:00,790.12,-0.024
2025-04-10 19:30:00,790.26,0.051
2025-04-10 20:00:00,790.06,0.157
2025-04-10 20:30:00,790.09,0.267
2025-04-10 21:00:00,790.18,0.333
2025-04-10 21:30:00,790.55,0.343
2025-04-10 22:00:00,790.21,0.368
2025-04-10 22:30:00,790.16,0.358
2025-04-10 23:00:00,790.02,0.324
2025-04-10 23:30:00,789.84,0.301
2025-04-11 00:00:00,789.76,0.285
2025-04-11 00:30:00,789.47,0.263
2025-04-11 01:00:00,789.59,0.206
2025-04-11 01:30:00,789.74,0.143
2025-04-11 02:00:00,789.5,0.089
2025-04-11 02:30:00,789.51,0.051
2025-04-11 03:00:00,789.47,0.028
2025-04-11 03:30:00,789.71,-0.0
2025-04-11 04:00:00,790.08,-0.023
2025-04-11 04:30:00,790.43,-0.042
2025-04-11 05:00:00,790.66,-0.058
2025-04-11 05:30:00,790.44,-0.073
2025-04-11 06:00:00,790.24,-0.084
2025-04-11 06:30:00,790.22,-0.093
2025-04-11 07:00:00,790.12,-0.101
2025-04-11 07:30:00,790.16,-0.11
2025-04-11 08:00:00,790.0,-0.115
2025-04-11 08:30:00,789.92,-0.123
2025-04-11 09:00:00,789.67,-0.126
2025-04-11 09:30:00,789.57,-0.133
2025-04-11 10:00:00,789.43,-0.138
2025-04-11 10:30:00,789.25,-0.141
2025-04-11 11:00:00,789.05,-0.145
2025-04-11 11:30:00,789.1,-0.145
2025-04-11 12:00:00,789.02,-0.148
2025-04-11 12:30:00,789.03,-0.151
2025-04-11 13:00:00,789.25,-0.155
2025-04-11 13:30:00,789.73,-0.157
2025-04-11 14:00:00,790.13,-0.16
2025-04-11 14:30:00,790.24,-0.165
2025-04-11 15:00:00,790.8,-0.166
2025-04-11 15:30:00,790.81,-0.165
2025-04-11 16:00:00,789.65,-0.162
2025-04-11 16:30:00,788.61,-0.153
2025-04-11 17:00:00,787.66,-0.119
2025-04-11 17:30:00,787.14,-0.067
2025-04-11 18:00:00,787.27,-0.016
2025-04-11 18:30:00,787.25,0.03
2025-04-11 19:00:00,787.23,0.07
2025-04-11 19:30:00,787.47,0.122
2025-04-11 20:00:00,787.22,0.152
2025-04-11 20:30:00,787.23,0.165
2025-04-11 21:00:00,787.3,0.154
2025-04-11 21:30:00,786.95,0.128
2025-04-11 22:00:00,786.9,0.114
2025-04-11 22:30:00,786.49,0.101
2025-04-11 23:00:00,786.3,0.09
2025-04-11 23:30:00,785.92,0.09
2025-04-12 00:00:00,785.9,0.083
2025-04-12 00:30:00,785.71,0.081
2025-04-12 01:00:00,785.38,0.069
2025-04-12 01:30:00,785.39,0.047
2025-04-12 02:00:00,785.35,0.023
2025-04-12 02:30:00,785.04,0.0
2025-04-12 03:00:00,785.1,-0.022
2025-04-12 03:30:00,785.1,-0.044
2025-04-12 04:00:00,784.96,-0.059
2025-04-12 04:30:00,784.98,-0.072
2025-04-12 05:00:00,785.51,-0.082
2025-04-12 05:30:00,785.3,-0.089
2025-04-12 06:00:00,785.14,-0.097
2025-04-12 06:30:00,784.99,-0.103
2025-04-12 07:00:00,785.0,-0.108
2025-04-12 07:30:00,784.81,-0.113
2025-04-12 08:00:00,784.85,-0.118
2025-04-12 08:30:00,784.51,-0.125
2025-04-12 09:00:00,784.5,-0.131
2025-04-12 09:30:00,784.22,-0.136
2025-04-12 10:00:00,784.04,-0.144
2025-04-12 10:30:00,784.44,-0.146
2025-04-12 11:00:00,784.93,-0.151
2025-04-12 11:30:00,785.54,-0.155
2025-04-12 12:00:00,786.02,-0.159
2025-04-12 12:30:00,786.54,-0.161
2025-04-12 13:00:00,787.05,-0.162
2025-04-12 13:30:00,787.22,-0.164
2025-04-12 14:00:00,787.49,-0.163
2025-04-12 14:30:00,787.97,-0.163
2025-04-12 15:00:00,788.48,-0.165
2025-04-12 15:30:00,789.47,-0.163
2025-04-12 16:00:00,791.46,-0.164
2025-04-12 16:30:00,789.76,-0.163
2025-04-12 17:00:00,786.54,-0.139
2025-04-12 17:30:00,783.72,-0.103
2025-04-12 18:00:00,783.31,-0.061
2025-04-12 18:30:00,783.14,0.005
2025-04-12 19:00:00,783.01,0.087
2025-04-12 19:30:00,783.21,0.181
2025-04-12 20:00:00,782.81,0.268
2025-04-12 20:30:00,782.93,0.338
2025-04-12 21:00:00,782.92,0.407
2025-04-12 21:30:00,783.13,0.44
2025-04-12 22:00:00,782.86,0.409
2025-04-12 22:30:00,782.85,0.363
2025-04-12 23:00:00,782.65,0.326
2025-04-12 23:30:00,782.67,0.272
2025-04-13 00:00:00,782.57,0.218
2025-04-13 00:30:00,782.28,0.18
2025-04-13 01:00:00,782.3,0.14
2025-04-13 01:30:00,782.18,0.103
2025-04-13 02:00:00,782.29,0.065
2025-04-13 02:30:00,782.11,0.034
2025-04-13 03:00:00,782.44,0.006
2025-04-13 03:30:00,782.72,-0.019
2025-04-13 04:00:00,782.88,-0.036
2025-04-13 04:30:00,783.19,-0.048
2025-04-13 05:00:00,783.02,-0.055
2025-04-13 05:30:00,783.24,-0.063
2025-04-13 06:00:00,783.32,-0.07
2025-04-13 06:30:00,783.14,-0.078
2025-04-13 07:00:00,783.16,-0.084
2025-04-13 07:30:00,783.31,-0.087
2025-04-13 08:00:00,783.31,-0.094
2025-04-13 08:30:00,783.25,-0.098
2025-04-13 09:00:00,783.43,-0.102
2025-04-13 09:30:00,783.51,-0.107
2025-04-13 10:00:00,783.73,-0.113
2025-04-13 10:30:00,784.06,-0.116
2025-04-13 11:00:00,784.36,-0.12
2025-04-13 11:30:00,784.65,-0.125
2025-04-13 12:00:00,785.0,-0.126
2025-04-13 12:30:00,785.58,-0.13
2025-04-13 13:00:00,786.18,-0.131
2025-04-13 13:30:00,786.93,-0.133
2025-04-13 14:00:00,787.45,-0.135
2025-04-13 14:30:00,787.91,-0.136
2025-04-13 15:00:00,787.95,-0.135
2025-04-13 15:30:00,787.84,-0.133
2025-04-13 16:00:00,785.97,-0.126
2025-04-13 16:30:00,784.03,-0.108
2025-04-13 17:00:00,783.55,-0.063
2025-04-13 17:30:00,783.61,0.001
2025-04-13 18:00:00,783.76,0.056
2025-04-13 18:30:00,784.08,0.117
2025-04-13 19:00:00,784.18,0.183
2025-04-13 19:30:00,784.24,0.262
2025-04-13 20:00:00,784.05,0.34
2025-04-13 20:30:00,784.25,0.415
2025-04-13 21:00:00,784.24,0.485
2025-04-13 21:30:00,784.4,0.527
2025-04-13 22:00:00,784.47,0.555
2025-04-13 22:30:00,784.58,0.577
2025-04-13 23:00:00,784.38,0.589
2025-04-13 23:30:00,784.52,0.573
2025-04-14 00:00:00,784.52,0.522
2025-04-14 00:30:00,784.63,0.456
2025-04-14 01:00:00,784.82,0.389
2025-04-14 01:30:00,785.04,0.315
2025-04-14 02:00:00,785.13,0.245
2025-04-14 02:30:00,785.41,0.186
2025-04-14 03:00:00,785.57,0.138
2025-04-14 03:30:00,785.93,0.103
2025-04-14 04:00:00,786.2,0.073
2025-04-14 04:30:00,786.35,0.046
2025-04-14 05:00:00,786.45,0.025
2025-04-14 05:30:00,786.33,0.01
2025-04-14 06:00:00,786.22,-0.005
2025-04-14 06:30:00,786.19,-0.018
2025-04-14 07:00:00,786.12,-0.025
2025-04-14 07:30:00,786.18,-0.034
2025-04-14 08:00:00,786.19,-0.047
2025-04-14 08:30:00,786.04,-0.057
2025-04-14 09:00:00,786.02,-0.062
2025-04-14 09:30:00,786.05,-0.067
2025-04-14 10:00:00,786.19,-0.074
2025-04-14 10:30:00,786.26,-0.078
2025-04-14 11:00:00,786.49,-0.082
2025-04-14 11:30:00,786.92,-0.085
2025-04-14 12:00:00,787.04,-0.088
2025-04-14 12:30:00,787.37,-0.093
2025-04-14 13:00:00,787.74,-0.095
2025-04-14 13:30:00,788.12,-0.099
2025-04-14 14:00:00,788.47,-0.102
2025-04-14 14:30:00,789.2,-0.103
2025-04-14 15:00:00,789.84,-0.103
2025-04-14 15:30:00,791.59,-0.107
2025-04-14 16:00:00,789.55,-0.104
2025-04-14 16:30:00,786.75,-0.09
2025-04-14 17:00:00,786.33,-0.033
2025-04-14 17:30:00,786.5,0.052
2025-04-14 18:00:00,786.78,0.129
2025-04-14 18:30:00,786.82,0.206
2025-04-14 19:00:00,786.88,0.288
2025-04-14 19:30:00,786.85,0.382
2025-04-14 20:00:00,786.75,0.481
2025-04-14 20:30:00,786.87,0.58
2025-04-14 21:00:00,786.85,0.657
2025-04-14 21:30:00,787.14,0.695
2025-04-14 22:00:00,786.83,0.718
2025-04-14 22:30:00,787.0,0.707
2025-04-14 23:00:00,786.67,0.66
2025-04-14 23:30:00,787.06,0.601
2025-04-15 00:00:00,786.82,0.514
2025-04-15 00:30:00,786.88,0.418
2025-04-15 01:00:00,787.0,0.356
2025-04-15 01:30:00,787.17,0.304
2025-04-15 02:00:00,787.33,0.256
2025-04-15 02:30:00,787.3,0.209
2025-04-15 03:00:00,787.45,0.171
2025-04-15 03:30:00,787.74,0.14
2025-04-15 04:00:00,788.15,0.115
2025-04-15 04:30:00,788.51,0.096
2025-04-15 05:00:00,788.56,0.078
2025-04-15 05:30:00,788.46,0.064
2025-04-15 06:00:00,788.41,0.053
2025-04-15 06:30:00,788.39,0.042
2025-04-15 07:00:00,788.39,0.032
2025-04-15 07:30:00,788.19,0.021
2025-04-15 08:00:00,788.1,0.016
2025-04-15 08:30:00,787.89,0.009
2025-04-15 09:00:00,787.71,0.003
2025-04-15 09:30:00,787.33,-0.002
2025-04-15 10:00:00,787.15,-0.007
2025-04-15 10:30:00,787.11,-0.013
2025-04-15 11:00:00,786.94,-0.017
2025-04-15 11:30:00,786.93,-0.022
2025-04-15 12:00:00,786.85,-0.028
2025-04-15 12:30:00,786.87,-0.031
2025-04-15 13:00:00,786.82,-0.031
2025-04-15 13:30:00,786.93,-0.032
2025-04-15 14:00:00,787.05,-0.029
2025-04-15 14:30:00,787.19,-0.03
2025-04-15 15:00:00,787.09,-0.026
2025-04-15 15:30:00,786.94,-0.016
2025-04-15 16:00:00,787.0,0.011
2025-04-15 16:30:00,787.11,0.057
2025-04-15 17:00:00,787.2,0.134
2025-04-15 17:30:00,787.37,0.216
2025-04-15 18:00:00,787.32,0.277
2025-04-15 18:30:00,787.2,0.321
2025-04-15 19:00:00,787.0,0.378
2025-04-15 19:30:00,786.88,0.462
2025-04-15 20:00:00,786.77,0.563
2025-04-15 20:30:00,784.83,0.641
2025-04-15 21:00:00,786.67,0.659
2025-04-15 21:30:00,787.47,0.655
2025-04-15 22:00:00,787.05,0.618
2025-04-15 22:30:00,786.85,0.546
2025-04-15 23:00:00,787.03,0.479
2025-04-15 23:30:00,787.25,0.422
2025-04-16 00:00:00,787.21,0.365
2025-04-16 00:30:00,787.35,0.324
2025-04-16 01:00:00,786.58,0.296
2025-04-16 01:30:00,786.66,0.274
2025-04-16 02:00:00,786.48,0.242
2025-04-16 02:30:00,786.54,0.209
2025-04-16 03:00:00,786.64,0.177
2025-04-16 03:30:00,786.64,0.152
2025-04-16 04:00:00,786.88,0.131
2025-04-16 04:30:00,787.01,0.117
2025-04-16 05:00:00,786.95,0.101
2025-04-16 05:30:00,786.76,0.09
2025-04-16 06:00:00,786.64,0.086
2025-04-16 06:30:00,786.37,0.082
2025-04-16 07:00:00,786.26,0.079
2025-04-16 07:30:00,786.09,0.078
2025-04-16 08:00:00,785.93,0.078
2025-04-16 08:30:00,785.57,0.077
2025-04-16 09:00:00,785.32,0.076
2025-04-16 09:30:00,784.99,0.074
2025-04-16 10:00:00,784.85,0.067
2025-04-16 10:30:00,784.63,0.063
2025-04-16 11:00:00,784.56,0.055
2025-04-16 11:30:00,784.37,0.05
2025-04-16 12:00:00,784.19,0.04
2025-04-16 12:30:00,784.28,0.031
2025-04-16 13:00:00,784.12,0.025
2025-04-16 13:30:00,784.03,0.018
2025-04-16 14:00:00,784.02,0.015
2025-04-16 14:30:00,783.89,0.013
2025-04-16 15:00:00,783.94,0.02
2025-04-16 15:30:00,783.79,0.035
2025-04-16 16:00:00,783.59,0.059
2025-04-16 16:30:00,783.53,0.101
2025-04-16 17:00:00,783.5,0.16
2025-04-16 17:30:00,783.31,0.218
2025-04-16 18:00:00,783.24,0.265
2025-04-16 18:30:00,783.15,0.319
2025-04-16 19:00:00,782.87,0.389
2025-04-16 19:30:00,782.85,0.464
2025-04-16 20:00:00,782.89,0.521
2025-04-16 20:30:00,782.66,0.553
2025-04-16 21:00:00,782.32,0.554
2025-04-16 21:30:00,782.31,0.552
2025-04-16 22:00:00,782.11,0.555
2025-04-16 22:30:00,781.83,0.549
2025-04-16 23:00:00,781.99,0.544
2025-04-16 23:30:00,781.67,0.554
2025-04-17 00:00:00,781.69,0.578
2025-04-17 00:30:00,781.97,0.593
2025-04-17 01:00:00,781.51,0.586
2025-04-17 01:30:00,781.38,0.567
2025-04-17 02:00:00,781.33,0.53
2025-04-17 02:30:00,781.33,0.477
2025-04-17 03:00:00,781.17,0.421
2025-04-17 03:30:00,781.54,0.365
2025-04-17 04:00:00,781.69,0.314
2025-04-17 04:30:00,781.7,0.274
2025-04-17 05:00:00,781.62,0.239
2025-04-17 05:30:00,781.46,0.206
2025-04-17 06:00:00,781.37,0.179
2025-04-17 06:30:00,781.31,0.159
2025-04-17 07:00:00,781.25,0.138
2025-04-17 07:30:00,781.14,0.118
2025-04-17 08:00:00,780.94,0.101
2025-04-17 08:30:00,780.81,0.088
2025-04-17 09:00:00,780.57,0.074
2025-04-17 09:30:00,780.37,0.065
2025-04-17 10:00:00,780.38,0.054
2025-04-17 10:30:00,780.16,0.043
2025-04-17 11:00:00,779.96,0.037
2025-04-17 11:30:00,779.98,0.03
2025-04-17 12:00:00,779.8,0.022
2025-04-17 12:30:00,779.96,0.016
2025-04-17 13:00:00,779.81,0.011
2025-04-17 13:30:00,779.79,0.003
2025-04-17 14:00:00,780.17,-0.004
2025-04-17 14:30:00,780.22,-0.008
2025-04-17 15:00:00,780.24,-0.011
2025-04-17 15:30:00,779.97,-0.008
2025-04-17 16:00:00,779.75,0.005
2025-04-17 16:30:00,779.71,0.037
2025-04-17 17:00:00,779.94,0.1
2025-04-17 17:30:00,780.01,0.18
2025-04-17 18:00:00,780.17,0.28
2025-04-17 18:30:00,780.26,0.408
2025-04-17 19:00:00,780.36,0.546
2025-04-17 19:30:00,780.34,0.692
2025-04-17 20:00:00,780.36,0.84
2025-04-17 20:30:00,780.3,0.982
2025-04-17 21:00:00,780.63,1.115
2025-04-17 21:30:00,780.44,1.217
2025-04-17 22:00:00,780.72,1.282
2025-04-17 22:30:00,780.73,1.322
2025-04-17 23:00:00,780.91,1.327
2025-04-17 23:30:00,780.93,1.303
2025-04-18 00:00:00,780.69,1.237
2025-04-18 00:30:00,780.59,1.133
2025-04-18 01:00:00,780.72,1.03
2025-04-18 01:30:00,781.0,0.938
2025-04-18 02:00:00,780.95,0.855
2025-04-18 02:30:00,780.96,0.768
2025-04-18 03:00:00,781.1,0.678
2025-04-18 03:30:00,781.28,0.598
2025-04-18 04:00:00,781.52,0.533
2025-04-18 04:30:00,781.9,0.484
2025-04-18 05:00:00,782.0,0.437
2025-04-18 05:30:00,781.95,0.4
2025-04-18 06:00:00,781.87,0.368
2025-04-18 06:30:00,781.89,0.343
2025-04-18 07:00:00,782.03,0.315
2025-04-18 07:30:00,781.99,0.29
2025-04-18 08:00:00,781.92,0.264
2025-04-18 08:30:00,781.88,0.236
2025-04-18 09:00:00,781.66,0.208
2025-04-18 09:30:00,781.55,0.182
2025-04-18 10:00:00,781.51,0.155
2025-04-18 10:30:00,781.74,0.131
2025-04-18 11:00:00,781.82,0.113
2025-04-18 11:30:00,781.84,0.101
2025-04-18 12:00:00,781.91,0.092
2025-04-18 12:30:00,782.07,0.08
2025-04-18 13:00:00,782.38,0.072
2025-04-18 13:30:00,782.66,0.066
2025-04-18 14:00:00,783.06,0.058
2025-04-18 14:30:00,783.47,0.051
2025-04-18 15:00:00,783.98,0.046
2025-04-18 15:30:00,784.03,0.043
2025-04-18 16:00:00,784.41,0.04
2025-04-18 16:30:00,784.23,0.042
2025-04-18 17:00:00,782.72,0.058
2025-04-18 17:30:00,782.29,0.089
2025-04-18 18:00:00,782.39,0.151
2025-04-18 18:30:00,782.06,0.247
2025-04-18 19:00:00,782.77,0.367
2025-04-18 19:30:00,783.06,0.499
2025-04-18 20:00:00,783.03,0.615
2025-04-18 20:30:00,783.11,0.724
2025-04-18 21:00:00,783.09,0.828
2025-04-18 21:30:00,783.2,0.932
2025-04-18 22:00:00,783.41,1.018
2025-04-18 22:30:00,783.53,1.071
2025-04-18 23:00:00,783.52,1.087
2025-04-18 23:30:00,783.64,1.064
2025-04-19 00:00:00,784.0,1.018
2025-04-19 00:30:00,784.12,0.956
2025-04-19 01:00:00,784.35,0.88
2025-04-19 01:30:00,784.42,0.794
2025-04-19 02:00:00,784.37,0.703
2025-04-19 02:30:00,784.74,0.616
2025-04-19 03:00:00,784.88,0.536
2025-04-19 03:30:00,785.03,0.463
2025-04-19 04:00:00,785.5,0.397
2025-04-19 04:30:00,785.84,0.343
2025-04-19 05:00:00,785.92,0.296
2025-04-19 05:30:00,785.81,0.252
2025-04-19 06:00:00,786.02,0.214
2025-04-19 06:30:00,786.1,0.185
2025-04-19 07:00:00,786.6,0.162
2025-04-19 07:30:00,786.85,0.144
2025-04-19 08:00:00,787.47,0.129
2025-04-19 08:30:00,787.7,0.117
2025-04-19 09:00:00,787.86,0.102
2025-04-19 09:30:00,788.12,0.095
2025-04-19 10:00:00,788.25,0.085
2025-04-19 10:30:00,788.7,0.077
2025-04-19 11:00:00,788.91,0.07
2025-04-19 11:30:00,789.28,0.065
2025-04-19 12:00:00,789.59,0.058
2025-04-19 12:30:00,789.88,0.052
2025-04-19 13:00:00,790.51,0.049
2025-04-19 13:30:00,791.45,0.044
2025-04-19 14:00:00,792.0,0.039
2025-04-19 14:30:00,792.65,0.037
2025-04-19 15:00:00,793.15,0.032
2025-04-19 15:30:00,793.3,0.03
2025-04-19 16:00:00,794.07,0.032
2025-04-19 16:30:00,794.44,0.03
2025-04-19 17:00:00,794.02,0.046
2025-04-19 17:30:00,790.25,0.071
2025-04-19 18:00:00,788.13,0.092
2025-04-19 18:30:00,788.49,0.156
2025-04-19 19:00:00,787.75,0.298
2025-04-19 19:30:00,788.01,0.462
2025-04-19 20:00:00,788.1,0.636
2025-04-19 20:30:00,788.14,0.809
2025-04-19 21:00:00,788.09,0.97
2025-04-19 21:30:00,788.31,1.119
2025-04-19 22:00:00,787.99,1.254
2025-04-19 22:30:00,788.1,1.367
2025-04-19 23:00:00,788.06,1.456
2025-04-19 23:30:00,788.31,1.515
2025-04-20 00:00:00,788.26,1.534
2025-04-20 00:30:00,788.41,1.528
2025-04-20 01:00:00,788.27,1.488
2025-04-20 01:30:00,788.54,1.424
2025-04-20 02:00:00,788.67,1.344
2025-04-20 02:30:00,788.85,1.255
2025-04-20 03:00:00,789.01,1.161
2025-04-20 03:30:00,789.3,1.067
2025-04-20 04:00:00,789.66,0.975
2025-04-20 04:30:00,789.82,0.884
2025-04-20 05:00:00,790.04,0.782
2025-04-20 05:30:00,790.04,0.698
2025-04-20 06:00:00,790.18,0.624
2025-04-20 06:30:00,790.31,0.553
2025-04-20 07:00:00,790.24,0.492
2025-04-20 07:30:00,790.28,0.436
2025-04-20 08:00:00,790.15,0.39
2025-04-20 08:30:00,790.18,0.351
2025-04-20 09:00:00,790.06,0.319
2025-04-20 09:30:00,789.84,0.29
2025-04-20 10:00:00,789.77,0.269
2025-04-20 10:30:00,789.78,0.252
2025-04-20 11:00:00,789.74,0.233
2025-04-20 11:30:00,789.64,0.217
2025-04-20 12:00:00,789.64,0.201
2025-04-20 12:30:00,789.67,0.189
2025-04-20 13:00:00,789.56,0.177
2025-04-20 13:30:00,789.66,0.166
2025-04-20 14:00:00,789.65,0.158
2025-04-20 14:30:00,789.79,0.145
2025-04-20 15:00:00,789.66,0.14
2025-04-20 15:30:00,789.54,0.141
2025-04-20 16:00:00,789.52,0.154
2025-04-20 16:30:00,789.69,0.186
2025-04-20 17:00:00,789.95,0.251
2025-04-20 17:30:00,789.79,0.345
2025-04-20 18:00:00,789.71,0.445
2025-04-20 18:30:00,789.69,0.56
2025-04-20 19:00:00,789.6,0.685
2025-04-20 19:30:00,789.62,0.823
2025-04-20 20:00:00,789.55,0.975
2025-04-20 20:30:00,789.76,1.134
2025-04-20 21:00:00,789.54,1.303
2025-04-20 21:30:00,790.04,1.457
2025-04-20 22:00:00,789.89,1.599
2025-04-20 22:30:00,789.76,1.697
2025-04-20 23:00:00,790.22,1.727
2025-04-20 23:30:00,790.35,1.731
2025-04-21 00:00:00,790.29,1.674
2025-04-21 00:30:00,790.39,1.594
2025-04-21 01:00:00,790.74,1.504
2025-04-21 01:30:00,790.66,1.388
2025-04-21 02:00:00,790.51,1.257
2025-04-21 02:30:00,790.64,1.134
2025-04-21 03:00:00,791.18,1.028
2025-04-21 03:30:00,791.44,0.931
2025-04-21 04:00:00,792.26,0.833
2025-04-21 04:30:00,792.39,0.736
2025-04-21 05:00:00,792.31,0.655
2025-04-21 05:30:00,792.43,0.584
2025-04-21 06:00:00,792.27,0.531
2025-04-21 06:30:00,792.21,0.485
2025-04-21 07:00:00,792.51,0.447
2025-04-21 07:30:00,792.54,0.413
2025-04-21 08:00:00,792.41,0.383
2025-04-21 08:30:00,792.22,0.356
2025-04-21 09:00:00,792.03,0.329
2025-04-21 09:30:00,792.15,0.307
2025-04-21 10:00:00,791.89,0.291
2025-04-21 10:30:00,791.74,0.272
2025-04-21 11:00:00,791.49,0.252
2025-04-21 11:30:00,791.47,0.24
2025-04-21 12:00:00,791.28,0.223
2025-04-21 12:30:00,791.07,0.213
2025-04-21 13:00:00,791.01,0.199
2025-04-21 13:30:00,790.73,0.185
2025-04-21 14:00:00,790.83,0.177
2025-04-21 14:30:00,790.71,0.168
2025-04-21 15:00:00,790.64,0.16
2025-04-21 15:30:00,790.35,0.158
2025-04-21 16:00:00,790.34,0.173
2025-04-21 16:30:00,790.35,0.204
2025-04-21 17:00:00,790.69,0.267
2025-04-21 17:30:00,791.13,0.352
2025-04-21 18:00:00,791.11,0.44
2025-04-21 18:30:00,791.51,0.533
2025-04-21 19:00:00,791.56,0.634
2025-04-21 19:30:00,791.27,0.735
2025-04-21 20:00:00,790.53,0.836
2025-04-21 20:30:00,790.65,0.956
2025-04-21 21:00:00,790.44,1.094
2025-04-21 21:30:00,790.29,1.232
2025-04-21 22:00:00,790.41,1.357
2025-04-21 22:30:00,790.28,1.468
2025-04-21 23:00:00,790.59,1.501
2025-04-21 23:30:00,790.61,1.45
2025-04-22 00:00:00,790.89,1.387
2025-04-22 00:30:00,790.92,1.332
2025-04-22 01:00:00,790.89,1.273
2025-04-22 01:30:00,791.12,1.189
2025-04-22 02:00:00,791.86,1.094
2025-04-22 02:30:00,791.91,1.001
2025-04-22 03:00:00,791.99,0.903
2025-04-22 03:30:00,792.16,0.812
2025-04-22 04:00:00,793.15,0.729
2025-04-22 04:30:00,793.29,0.656
2025-04-22 05:00:00,792.83,0.592
2025-04-22 05:30:00,793.46,0.541
2025-04-22 06:00:00,793.56,0.499
2025-04-22 06:30:00,793.56,0.461
2025-04-22 07:00:00,793.57,0.426
2025-04-22 07:30:00,793.36,0.397
2025-04-22 08:00:00,793.38,0.374
2025-04-22 08:30:00,793.06,0.356
2025-04-22 09:00:00,792.9,0.34
2025-04-22 09:30:00,792.4,0.323
2025-04-22 10:00:00,792.25,0.31
2025-04-22 10:30:00,792.0,0.297
2025-04-22 11:00:00,791.61,0.287
2025-04-22 11:30:00,791.27,0.276
2025-04-22 12:00:00,791.06,0.267
2025-04-22 12:30:00,790.82,0.257
2025-04-22 13:00:00,790.73,0.247
2025-04-22 13:30:00,790.7,0.24
2025-04-22 14:00:00,790.49,0.231
2025-04-22 14:30:00,790.53,0.226
2025-04-22 15:00:00,790.37,0.224
2025-04-22 15:30:00,790.29,0.227
2025-04-22 16:00:00,790.06,0.244
2025-04-22 16:30:00,790.07,0.276
2025-04-22 17:00:00,790.09,0.338
2025-04-22 17:30:00,790.39,0.421
2025-04-22 18:00:00,790.79,0.515
2025-04-22 18:30:00,790.07,0.619
2025-04-22 19:00:00,789.66,0.729
2025-04-22 19:30:00,789.67,0.862
2025-04-22 20:00:00,789.4,1.014
2025-04-22 20:30:00,789.53,1.186
2025-04-22 21:00:00,789.54,1.356
2025-04-22 21:30:00,789.49,1.515
2025-04-22 22:00:00,789.63,1.637
2025-04-22 22:30:00,789.94,1.74
2025-04-22 23:00:00,790.06,1.788
2025-04-22 23:30:00,789.76,1.8
2025-04-23 00:00:00,790.14,1.762
2025-04-23 00:30:00,790.37,1.685
2025-04-23 01:00:00,790.34,1.575
2025-04-23 01:30:00,790.16,1.447
2025-04-23 02:00:00,790.24,1.308
2025-04-23 02:30:00,790.25,1.17
2025-04-23 03:00:00,790.74,1.052
2025-04-23 03:30:00,790.95,0.947
2025-04-23 04:00:00,791.4,0.855
2025-04-23 04:30:00,791.39,0.776
2025-04-23 05:00:00,791.23,0.704
2025-04-23 05:30:00,791.47,0.644
2025-04-23 06:00:00,791.44,0.59
2025-04-23 06:30:00,791.54,0.543
2025-04-23 07:00:00,791.27,0.503
2025-04-23 07:30:00,791.26,0.466
2025-04-23 08:00:00,791.17,0.436
2025-04-23 08:30:00,790.8,0.411
2025-04-23 09:00:00,790.56,0.388
2025-04-23 09:30:00,790.09,0.368
2025-04-23 10:00:00,789.95,0.348
2025-04-23 10:30:00,789.74,0.329
2025-04-23 11:00:00,789.54,0.31
2025-04-23 11:30:00,789.32,0.293
2025-04-23 12:00:00,789.11,0.275
2025-04-23 12:30:00,788.82,0.255
2025-04-23 13:00:00,788.66,0.237
2025-04-23 13:30:00,788.61,0.223
2025-04-23 14:00:00,788.41,0.212
2025-04-23 14:30:00,788.39,0.203
2025-04-23 15:00:00,788.32,0.195
2025-04-23 15:30:00,788.33,0.189
2025-04-23 16:00:00,787.61,0.188
2025-04-23 16:30:00,787.92,0.207
2025-04-23 17:00:00,788.1,0.262
2025-04-23 17:30:00,788.65,0.342
2025-04-23 18:00:00,789.34,0.433
2025-04-23 18:30:00,788.84,0.533
2025-04-23 19:00:00,788.51,0.639
2025-04-23 19:30:00,788.07,0.768
2025-04-23 20:00:00,787.66,0.935
2025-04-23 20:30:00,787.9,1.139
2025-04-23 21:00:00,788.0,1.353
2025-04-23 21:30:00,788.23,1.553
2025-04-23 22:00:00,788.3,1.733
2025-04-23 22:30:00,788.3,1.873
2025-04-23 23:00:00,788.81,1.961
2025-04-23 23:30:00,788.5,2.01
2025-04-24 00:00:00,788.78,2.004
2025-04-24 00:30:00,788.89,1.96
2025-04-24 01:00:00,788.96,1.894
2025-04-24 01:30:00,789.48,1.807
2025-04-24 02:00:00,789.48,1.72
2025-04-24 02:30:00,789.5,1.631
2025-04-24 03:00:00,789.67,1.551
2025-04-24 03:30:00,789.82,1.477
2025-04-24 04:00:00,789.74,1.404
2025-04-24 04:30:00,789.88,1.333
2025-04-24 05:00:00,790.03,1.26
2025-04-24 05:30:00,790.2,1.187
2025-04-24 06:00:00,789.89,1.109
2025-04-24 06:30:00,790.07,1.032
2025-04-24 07:00:00,790.08,0.958
2025-04-24 07:30:00,790.13,0.889
2025-04-24 08:00:00,790.02,0.825
2025-04-24 08:30:00,789.82,0.76
2025-04-24 09:00:00,789.83,0.699
2025-04-24 09:30:00,789.56,0.642
2025-04-24 10:00:00,788.99,0.585
2025-04-24 10:30:00,788.63,0.526
2025-04-24 11:00:00,788.34,0.472
2025-04-24 11:30:00,788.09,0.423
2025-04-24 12:00:00,787.76,0.386
2025-04-24 12:30:00,787.93,0.359
2025-04-24 13:00:00,787.83,0.334
2025-04-24 13:30:00,787.87,0.316
2025-04-24 14:00:00,787.83,0.296
2025-04-24 14:30:00,788.03,0.281
2025-04-24 15:00:00,787.94,0.266
2025-04-24 15:30:00,787.95,0.256
2025-04-24 16:00:00,788.14,0.248
2025-04-24 16:30:00,787.75,0.244
2025-04-24 17:00:00,788.1,0.275
2025-04-24 17:30:00,788.59,0.35
2025-04-24 18:00:00,788.93,0.442
2025-04-24 18:30:00,789.22,0.543
2025-04-24 19:00:00,788.28,0.649
2025-04-24 19:30:00,787.3,0.778
2025-04-24 20:00:00,787.1,0.93
2025-04-24 20:30:00,787.14,1.114
2025-04-24 21:00:00,787.25,1.317
2025-04-24 21:30:00,787.18,1.528
2025-04-24 22:00:00,786.92,1.74
2025-04-24 22:30:00,786.78,1.951
2025-04-24 23:00:00,786.76,2.157
2025-04-24 23:30:00,786.81,2.343
2025-04-25 00:00:00,787.02,2.483
2025-04-25 00:30:00,787.21,2.574
2025-04-25 01:00:00,787.38,2.613
2025-04-25 01:30:00,787.35,2.603
2025-04-25 02:00:00,787.23,2.568
2025-04-25 02:30:00,787.15,2.511
2025-04-25 03:00:00,787.22,2.437
2025-04-25 03:30:00,787.3,2.35
2025-04-25 04:00:00,787.48,2.255
2025-04-25 04:30:00,787.35,2.161
2025-04-25 05:00:00,787.1,2.062
2025-04-25 05:30:00,786.95,1.964
2025-04-25 06:00:00,786.96,1.861
2025-04-25 06:30:00,787.07,1.756
2025-04-25 07:00:00,786.9,1.651
2025-04-25 07:30:00,786.92,1.547
2025-04-25 08:00:00,786.49,1.452
2025-04-25 08:30:00,786.32,1.373
2025-04-25 09:00:00,785.96,1.304
2025-04-25 09:30:00,785.65,1.241
2025-04-25 10:00:00,785.32,1.189
2025-04-25 10:30:00,784.93,1.145
2025-04-25 11:00:00,784.71,1.101
2025-04-25 11:30:00,784.53,1.068
2025-04-25 12:00:00,784.55,1.034
2025-04-25 12:30:00,784.49,1.003
2025-04-25 13:00:00,784.2,0.976
2025-04-25 13:30:00,783.98,0.947
2025-04-25 14:00:00,784.0,0.917
2025-04-25 14:30:00,783.96,0.89
2025-04-25 15:00:00,783.92,0.871
2025-04-25 15:30:00,783.82,0.85
2025-04-25 16:00:00,783.88,0.843
2025-04-25 16:30:00,783.87,0.843
2025-04-25 17:00:00,783.54,0.863
2025-04-25 17:30:00,783.42,0.904
2025-04-25 18:00:00,783.42,0.974
2025-04-25 18:30:00,783.39,1.062
2025-04-25 19:00:00,783.34,1.169
2025-04-25 19:30:00,783.38,1.334
2025-04-25 20:00:00,783.48,1.481
2025-04-25 20:30:00,783.7,1.598
2025-04-25 21:00:00,783.64,1.712
2025-04-25 21:30:00,783.43,1.868
2025-04-25 22:00:00,783.53,2.044
2025-04-25 22:30:00,783.4,2.209
2025-04-25 23:00:00,783.68,2.361
2025-04-25 23:30:00,783.15,2.487
2025-04-26 00:00:00,783.21,2.585
2025-04-26 00:30:00,782.88,2.648
2025-04-26 01:00:00,783.02,2.652
2025-04-26 01:30:00,783.12,2.603
2025-04-26 02:00:00,782.98,2.525
2025-04-26 02:30:00,782.94,2.43
2025-04-26 03:00:00,782.85,2.327
2025-04-26 03:30:00,782.84,2.218
2025-04-26 04:00:00,782.85,2.115
2025-04-26 04:30:00,782.9,2.01
2025-04-26 05:00:00,782.85,1.891
2025-04-26 05:30:00,782.72,1.779
2025-04-26 06:00:00,782.55,1.671
2025-04-26 06:30:00,782.41,1.564
2025-04-26 07:00:00,782.09,1.462
2025-04-26 07:30:00,782.02,1.365
2025-04-26 08:00:00,781.82,1.271
2025-04-26 08:30:00,781.46,1.18
2025-04-26 09:00:00,781.31,1.093
2025-04-26 09:30:00,781.15,1.012
2025-04-26 10:00:00,780.6,0.932
2025-04-26 10:30:00,780.44,0.86
2025-04-26 11:00:00,780.34,0.795
2025-04-26 11:30:00,780.12,0.726
2025-04-26 12:00:00,779.89,0.658
2025-04-26 12:30:00,779.8,0.591
2025-04-26 13:00:00,779.76,0.527
2025-04-26 13:30:00,779.85,0.468
2025-04-26 14:00:00,779.85,0.417
2025-04-26 14:30:00,779.94,0.38
2025-04-26 15:00:00,779.63,0.349
2025-04-26 15:30:00,779.7,0.325
2025-04-26 16:00:00,779.51,0.304
2025-04-26 16:30:00,779.53,0.287
2025-04-26 17:00:00,779.36,0.268
2025-04-26 17:30:00,779.52,0.258
2025-04-26 18:00:00,779.62,0.245
2025-04-26 18:30:00,779.67,0.234
2025-04-26 19:00:00,779.86,0.225
2025-04-26 19:30:00,779.8,0.216
2025-04-26 20:00:00,779.89,0.209
2025-04-26 20:30:00,779.68,0.209
2025-04-26 21:00:00,779.81,0.235
2025-04-26 21:30:00,779.92,0.302
2025-04-26 22:00:00,780.16,0.375
2025-04-26 22:30:00,780.33,0.428
2025-04-26 23:00:00,779.95,0.458
2025-04-26 23:30:00,780.09,0.473
2025-04-27 00:00:00,780.19,0.476
2025-04-27 00:30:00,780.19,0.461
2025-04-27 01:00:00,780.18,0.447
2025-04-27 01:30:00,780.34,0.441
2025-04-27 02:00:00,780.35,0.428
2025-04-27 02:30:00,780.49,0.407
2025-04-27 03:00:00,780.59,0.38
2025-04-27 03:30:00,780.5,0.353
2025-04-27 04:00:00,780.69,0.318
2025-04-27 04:30:00,780.91,0.292
2025-04-27 05:00:00,781.0,0.276
2025-04-27 05:30:00,780.86,0.265
2025-04-27 06:00:00,780.78,0.244
2025-04-27 06:30:00,780.75,0.223
2025-04-27 07:00:00,780.73,0.21
2025-04-27 07:30:00,780.91,0.196
2025-04-27 08:00:00,780.79,0.177
2025-04-27 08:30:00,780.82,0.161
2025-04-27 09:00:00,780.64,0.15
2025-04-27 09:30:00,780.43,0.141
2025-04-27 10:00:00,780.12,0.135
2025-04-27 10:30:00,780.05,0.126
2025-04-27 11:00:00,780.13,0.117
2025-04-27 11:30:00,780.0,0.109
2025-04-27 12:00:00,780.16,0.102
2025-04-27 12:30:00,780.4,0.097
2025-04-27 13:00:00,780.55,0.091
2025-04-27 13:30:00,780.79,0.086
2025-04-27 14:00:00,781.17,0.084
2025-04-27 14:30:00,781.59,0.079
2025-04-27 15:00:00,781.68,0.08
2025-04-27 15:30:00,781.81,0.087
2025-04-27 16:00:00,781.88,0.112
2025-04-27 16:30:00,782.0,0.148
2025-04-27 17:00:00,782.3,0.186
2025-04-27 17:30:00,782.58,0.212
2025-04-27 18:00:00,782.88,0.243
2025-04-27 18:30:00,783.19,0.292
2025-04-27 19:00:00,783.37,0.36
2025-04-27 19:30:00,783.13,0.431
2025-04-27 20:00:00,783.56,0.512
2025-04-27 20:30:00,783.81,0.586
2025-04-27 21:00:00,783.96,0.638
2025-04-27 21:30:00,784.0,0.683
2025-04-27 22:00:00,784.16,0.723
2025-04-27 22:30:00,784.12,0.763
2025-04-27 23:00:00,784.3,0.79
2025-04-27 23:30:00,784.31,0.798
2025-04-28 00:00:00,784.24,0.793
2025-04-28 00:30:00,784.43,0.79
2025-04-28 01:00:00,784.65,0.791
2025-04-28 01:30:00,784.61,0.801
2025-04-28 02:00:00,784.75,0.82
2025-04-28 02:30:00,784.83,0.845
2025-04-28 03:00:00,785.07,0.866
2025-04-28 03:30:00,785.18,0.875
2025-04-28 04:00:00,785.15,0.871
2025-04-28 04:30:00,785.63,0.858
2025-04-28 05:00:00,785.61,0.835
2025-04-28 05:30:00,785.41,0.803
2025-04-28 06:00:00,785.43,0.76
2025-04-28 06:30:00,785.47,0.711
2025-04-28 07:00:00,785.56,0.658
2025-04-28 07:30:00,785.76,0.597
2025-04-28 08:00:00,785.71,0.533
2025-04-28 08:30:00,785.7,0.473
2025-04-28 09:00:00,785.46,0.418
2025-04-28 09:30:00,785.31,0.365
2025-04-28 10:00:00,785.24,0.318
2025-04-28 10:30:00,785.21,0.27
2025-04-28 11:00:00,785.37,0.228
2025-04-28 11:30:00,785.51,0.194
2025-04-28 12:00:00,785.6,0.172
2025-04-28 12:30:00,785.85,0.148
2025-04-28 13:00:00,786.2,0.134
2025-04-28 13:30:00,786.67,0.121
2025-04-28 14:00:00,787.07,0.111
2025-04-28 14:30:00,787.4,0.102
2025-04-28 15:00:00,787.75,0.094
2025-04-28 15:30:00,788.01,0.09
2025-04-28 16:00:00,788.01,0.09
2025-04-28 16:30:00,787.67,0.092
2025-04-28 17:00:00,787.4,0.111
2025-04-28 17:30:00,788.4,0.213
2025-04-28 18:00:00,789.11,0.387
2025-04-28 18:30:00,788.98,0.56
2025-04-28 19:00:00,788.37,0.724
2025-04-28 19:30:00,788.02,0.918
2025-04-28 20:00:00,787.89,1.163
2025-04-28 20:30:00,788.1,1.454
2025-04-28 21:00:00,788.08,1.775
2025-04-28 21:30:00,788.35,2.076
2025-04-28 22:00:00,788.56,2.33
2025-04-28 22:30:00,788.36,2.539
2025-04-28 23:00:00,788.35,2.719
2025-04-28 23:30:00,788.5,2.88
2025-04-29 00:00:00,788.57,3.016
2025-04-29 00:30:00,788.87,3.122
2025-04-29 01:00:00,788.93,3.177
2025-04-29 01:30:00,788.91,3.181
2025-04-29 02:00:00,789.04,3.149
2025-04-29 02:30:00,789.3,3.101
2025-04-29 03:00:00,789.43,3.04
2025-04-29 03:30:00,789.69,2.958
2025-04-29 04:00:00,789.86,2.862
2025-04-29 04:30:00,790.1,2.756
2025-04-29 05:00:00,790.33,2.654
2025-04-29 05:30:00,790.52,2.55
2025-04-29 06:00:00,790.62,2.446
2025-04-29 06:30:00,790.55,2.342
2025-04-29 07:00:00,790.75,2.234
2025-04-29 07:30:00,790.7,2.124
2025-04-29 08:00:00,790.46,2.008
2025-04-29 08:30:00,790.1,1.893
2025-04-29 09:00:00,789.99,1.781
2025-04-29 09:30:00,789.89,1.671
2025-04-29 10:00:00,789.84,1.566
2025-04-29 10:30:00,789.71,1.467
2025-04-29 11:00:00,789.66,1.367
2025-04-29 11:30:00,789.53,1.272
2025-04-29 12:00:00,789.4,1.185
2025-04-29 12:30:00,789.26,1.103
2025-04-29 13:00:00,789.34,1.02
2025-04-29 13:30:00,789.57,0.941
2025-04-29 14:00:00,789.53,0.866
2025-04-29 14:30:00,789.53,0.801
2025-04-29 15:00:00,789.24,0.744
2025-04-29 15:30:00,789.38,0.7
2025-04-29 16:00:00,789.3,0.687
2025-04-29 16:30:00,789.34,0.708
2025-04-29 17:00:00,789.74,0.764
2025-04-29 17:30:00,789.68,0.851
2025-04-29 18:00:00,789.44,0.997
2025-04-29 18:30:00,789.39,1.189
2025-04-29 19:00:00,789.09,1.4
2025-04-29 19:30:00,788.9,1.646
2025-04-29 20:00:00,788.91,1.927
2025-04-29 20:30:00,789.02,2.235
2025-04-29 21:00:00,789.29,2.558
2025-04-29 21:30:00,789.3,2.883
2025-04-29 22:00:00,789.09,3.196
2025-04-29 22:30:00,789.38,3.495
2025-04-29 23:00:00,789.38,3.754
2025-04-29 23:30:00,789.63,3.968
2025-04-30 00:00:00,789.98,4.128
2025-04-30 00:30:00,790.18,4.23
2025-04-30 01:00:00,790.14,4.262
2025-04-30 01:30:00,790.53,4.241
2025-04-30 02:00:00,790.88,4.177
2025-04-30 02:30:00,790.97,4.081
2025-04-30 03:00:00,791.43,3.957
2025-04-30 03:30:00,791.81,3.824
2025-04-30 04:00:00,792.07,3.685
2025-04-30 04:30:00,792.41,3.542
2025-04-30 05:00:00,792.47,3.398
2025-04-30 05:30:00,792.51,3.252
2025-04-30 06:00:00,792.51,3.105
2025-04-30 06:30:00,792.28,2.952
2025-04-30 07:00:00,792.26,2.795
2025-04-30 07:30:00,792.11,2.644
2025-04-30 08:00:00,792.2,2.499
2025-04-30 08:30:00,791.71,2.353
2025-04-30 09:00:00,791.61,2.212
2025-04-30 09:30:00,791.27,2.076
2025-04-30 10:00:00,791.04,1.949
2025-04-30 10:30:00,791.03,1.833
2025-04-30 11:00:00,790.93,1.725
2025-04-30 11:30:00,790.96,1.627
2025-04-30 12:00:00,790.7,1.533
2025-04-30 12:30:00,790.48,1.449
2025-04-30 13:00:00,790.42,1.368
2025-04-30 13:30:00,790.54,1.297
2025-04-30 14:00:00,790.54,1.23
2025-04-30 14:30:00,790.71,1.176
2025-04-30 15:00:00,790.67,1.14
2025-04-30 15:30:00,790.33,1.121
2025-04-30 16:00:00,790.09,1.119
2025-04-30 16:30:00,790.01,1.145
2025-04-30 17:00:00,790.05,1.204
2025-04-30 17:30:00,789.91,1.295
2025-04-30 18:00:00,790.04,1.394
2025-04-30 18:30:00,789.98,1.514
2025-04-30 19:00:00,789.85,1.655
2025-04-30 19:30:00,789.59,1.832
2025-04-30 20:00:00,789.46,2.035
2025-04-30 20:30:00,789.39,2.215
2025-04-30 21:00:00,790.1,2.335
2025-04-30 21:30:00,790.38,2.397
2025-04-30 22:00:00,790.12,2.435
2025-04-30 22:30:00,790.11,2.449
2025-04-30 23:00:00,789.98,2.476
2025-04-30 23:30:00,789.88,2.466
2025-05-01 00:00:00,789.88,2.38
2025-05-01 00:30:00,790.48,2.307
2025-05-01 01:00:00,791.01,2.196
2025-05-01 01:30:00,790.81,2.071
2025-05-01 02:00:00,790.72,1.973
2025-05-01 02:30:00,790.68,1.927
2025-05-01 03:00:00,790.65,1.906
2025-05-01 03:30:00,790.76,1.875
2025-05-01 04:00:00,790.84,1.831
2025-05-01 04:30:00,790.93,1.781
2025-05-01 05:00:00,791.21,1.719
2025-05-01 05:30:00,790.91,1.654
2025-05-01 06:00:00,790.8,1.585
2025-05-01 06:30:00,790.66,1.508
2025-05-01 07:00:00,790.69,1.429
2025-05-01 07:30:00,790.69,1.352
2025-05-01 08:00:00,790.64,1.28
2025-05-01 08:30:00,790.73,1.215
2025-05-01 09:00:00,790.49,1.156
2025-05-01 09:30:00,790.33,1.097
2025-05-01 10:00:00,790.36,1.043
2025-05-01 10:30:00,790.6,0.99
2025-05-01 11:00:00,790.45,0.941
2025-05-01 11:30:00,790.37,0.893
2025-05-01 12:00:00,790.32,0.847
2025-05-01 12:30:00,790.34,0.805
2025-05-01 13:00:00,790.31,0.766
2025-05-01 13:30:00,790.49,0.725
2025-05-01 14:00:00,790.34,0.686
2025-05-01 14:30:00,790.57,0.653
2025-05-01 15:00:00,790.25,0.624
2025-05-01 15:30:00,790.28,0.606
2025-05-01 16:00:00,790.41,0.61
2025-05-01 16:30:00,790.46,0.642
2025-05-01 17:00:00,790.61,0.709
2025-05-01 17:30:00,790.73,0.826
2025-05-01 18:00:00,790.55,0.993
2025-05-01 18:30:00,790.85,1.196
2025-05-01 19:00:00,790.93,1.409
2025-05-01 19:30:00,791.05,1.66
2025-05-01 20:00:00,790.84,1.948
2025-05-01 20:30:00,790.93,2.249
2025-05-01 21:00:00,791.04,2.518
2025-05-01 21:30:00,791.39,2.802
2025-05-01 22:00:00,791.5,3.102
2025-05-01 22:30:00,791.73,3.304
2025-05-01 23:00:00,791.85,3.428
2025-05-01 23:30:00,792.01,3.498
2025-05-02 00:00:00,792.56,3.496
2025-05-02 00:30:00,792.74,3.456
2025-05-02 01:00:00,793.25,3.415
2025-05-02 01:30:00,793.75,3.349
2025-05-02 02:00:00,794.32,3.219
2025-05-02 02:30:00,794.62,3.066
2025-05-02 03:00:00,795.39,2.896
2025-05-02 03:30:00,795.85,2.719
2025-05-02 04:00:00,796.54,2.535
2025-05-02 04:30:00,796.94,2.359
2025-05-02 05:00:00,797.0,2.189
2025-05-02 05:30:00,797.13,2.027
2025-05-02 06:00:00,797.52,1.869
2025-05-02 06:30:00,797.4,1.719
2025-05-02 07:00:00,797.59,1.589
2025-05-02 07:30:00,797.4,1.475
2025-05-02 08:00:00,797.36,1.376
2025-05-02 08:30:00,797.33,1.289
2025-05-02 09:00:00,797.17,1.209
2025-05-02 09:30:00,796.81,1.14
2025-05-02 10:00:00,796.6,1.077
2025-05-02 10:30:00,796.73,1.02
2025-05-02 11:00:00,796.72,0.959
2025-05-02 11:30:00,796.71,0.903
2025-05-02 12:00:00,796.39,0.855
2025-05-02 12:30:00,796.34,0.809
2025-05-02 13:00:00,796.25,0.767
2025-05-02 13:30:00,796.31,0.731
2025-05-02 14:00:00,796.15,0.699
2025-05-02 14:30:00,795.99,0.67
2025-05-02 15:00:00,795.66,0.65
2025-05-02 15:30:00,795.55,0.642
2025-05-02 16:00:00,795.69,0.656
2025-05-02 16:30:00,795.51,0.699
2025-05-02 17:00:00,795.28,0.776
2025-05-02 17:30:00,795.24,0.895
2025-05-02 18:00:00,795.48,1.063
2025-05-02 18:30:00,795.36,1.259
2025-05-02 19:00:00,795.34,1.474
2025-05-02 19:30:00,795.25,1.727
2025-05-02 20:00:00,795.35,2.025
2025-05-02 20:30:00,795.43,2.34
2025-05-02 21:00:00,795.59,2.662
2025-05-02 21:30:00,796.19,2.96
2025-05-02 22:00:00,796.95,3.169
2025-05-02 22:30:00,797.5,3.303
2025-05-02 23:00:00,798.1,3.377
2025-05-02 23:30:00,798.71,3.36
2025-05-03 00:00:00,799.3,3.254
2025-05-03 00:30:00,799.52,3.094
2025-05-03 01:00:00,800.57,2.894
2025-05-03 01:30:00,800.47,2.677
2025-05-03 02:00:00,800.55,2.453
2025-05-03 02:30:00,800.74,2.239
2025-05-03 03:00:00,800.65,2.047
2025-05-03 03:30:00,801.3,1.867
2025-05-03 04:00:00,801.02,1.715
2025-05-03 04:30:00,801.16,1.58
2025-05-03 05:00:00,801.23,1.458
2025-05-03 05:30:00,800.85,1.349
2025-05-03 06:00:00,800.9,1.256
2025-05-03 06:30:00,800.73,1.178
2025-05-03 07:00:00,800.78,1.111
2025-05-03 07:30:00,800.47,1.058
2025-05-03 08:00:00,800.09,1.018
2025-05-03 08:30:00,799.42,0.984
2025-05-03 09:00:00,799.18,0.953
2025-05-03 09:30:00,798.76,0.926
2025-05-03 10:00:00,798.73,0.895
2025-05-03 10:30:00,798.7,0.866
2025-05-03 11:00:00,798.03,0.839
2025-05-03 11:30:00,798.07,0.811
2025-05-03 12:00:00,797.39,0.793
2025-05-03 12:30:00,797.58,0.779
2025-05-03 13:00:00,797.01,0.763
2025-05-03 13:30:00,796.79,0.752
2025-05-03 14:00:00,796.71,0.745
2025-05-03 14:30:00,796.75,0.745
2025-05-03 15:00:00,796.48,0.749
2025-05-03 15:30:00,796.78,0.732
2025-05-03 16:00:00,796.15,0.719
2025-05-03 16:30:00,796.02,0.715
2025-05-03 17:00:00,795.73,0.726
2025-05-03 17:30:00,796.06,0.735
2025-05-03 18:00:00,795.88,0.749
2025-05-03 18:30:00,795.47,0.775
2025-05-03 19:00:00,795.58,0.8
2025-05-03 19:30:00,794.99,0.821
2025-05-03 20:00:00,794.62,0.851
2025-05-03 20:30:00,794.8,0.905
2025-05-03 21:00:00,794.65,0.957
2025-05-03 21:30:00,794.43,0.979
2025-05-03 22:00:00,794.36,0.979
2025-05-03 22:30:00,793.65,0.973
2025-05-03 23:00:00,793.53,0.978
2025-05-03 23:30:00,793.15,0.987
2025-05-04 00:00:00,792.92,1.001
2025-05-04 00:30:00,792.29,1.025
2025-05-04 01:00:00,791.71,1.059
2025-05-04 01:30:00,791.63,1.086
2025-05-04 02:00:00,791.29,1.106
2025-05-04 02:30:00,790.72,1.113
2025-05-04 03:00:00,790.74,1.114
2025-05-04 03:30:00,790.32,1.114
2025-05-04 04:00:00,790.46,1.104
2025-05-04 04:30:00,790.51,1.095
2025-05-04 05:00:00,789.87,1.083
2025-05-04 05:30:00,789.43,1.065
2025-05-04 06:00:00,789.1,1.045
2025-05-04 06:30:00,788.63,1.019
2025-05-04 07:00:00,788.27,0.99
2025-05-04 07:30:00,788.24,0.958
2025-05-04 08:00:00,787.89,0.929
2025-05-04 08:30:00,787.56,0.896
2025-05-04 09:00:00,787.2,0.872
2025-05-04 09:30:00,786.94,0.85
2025-05-04 10:00:00,786.46,0.835
2025-05-04 10:30:00,786.57,0.821
2025-05-04 11:00:00,786.21,0.809
2025-05-04 11:30:00,786.18,0.797
2025-05-04 12:00:00,785.81,0.777
2025-05-04 12:30:00,785.49,0.754
2025-05-04 13:00:00,785.4,0.735
2025-05-04 13:30:00,785.52,0.713
2025-05-04 14:00:00,785.66,0.691
2025-05-04 14:30:00,785.73,0.671
2025-05-04 15:00:00,785.38,0.657
2025-05-04 15:30:00,785.45,0.652
2025-05-04 16:00:00,785.56,0.665
2025-05-04 16:30:00,785.34,0.7
2025-05-04 17:00:00,785.2,0.764
2025-05-04 17:30:00,785.02,0.844
2025-05-04 18:00:00,785.12,0.945
2025-05-04 18:30:00,785.17,1.092
2025-05-04 19:00:00,784.93,1.223
2025-05-04 19:30:00,784.57,1.346
2025-05-04 20:00:00,784.69,1.513
2025-05-04 20:30:00,784.64,1.743
2025-05-04 21:00:00,784.79,1.966
2025-05-04 21:30:00,784.45,2.134
2025-05-04 22:00:00,784.6,2.261
2025-05-04 22:30:00,784.74,2.418
2025-05-04 23:00:00,784.43,2.56
2025-05-04 23:30:00,784.93,2.632
2025-05-05 00:00:00,784.91,2.64
2025-05-05 00:30:00,785.21,2.616
2025-05-05 01:00:00,785.44,2.602
2025-05-05 01:30:00,785.61,2.592
2025-05-05 02:00:00,785.76,2.561
2025-05-05 02:30:00,786.24,2.497
2025-05-05 03:00:00,786.38,2.419
2025-05-05 03:30:00,786.23,2.33
2025-05-05 04:00:00,786.31,2.241
2025-05-05 04:30:00,786.48,2.157
2025-05-05 05:00:00,786.67,2.074
2025-05-05 05:30:00,786.69,1.998
2025-05-05 06:00:00,786.65,1.92
2025-05-05 06:30:00,786.54,1.842
2025-05-05 07:00:00,786.27,1.767
2025-05-05 07:30:00,786.26,1.691
2025-05-05 08:00:00,786.29,1.617
2025-05-05 08:30:00,786.61,1.547
2025-05-05 09:00:00,787.05,1.484
2025-05-05 09:30:00,786.98,1.427
2025-05-05 10:00:00,787.0,1.375
2025-05-05 10:30:00,787.2,1.327
2025-05-05 11:00:00,787.27,1.28
2025-05-05 11:30:00,786.88,1.227
2025-05-05 12:00:00,786.57,1.174
2025-05-05 12:30:00,786.59,1.127
2025-05-05 13:00:00,786.88,1.092
2025-05-05 13:30:00,787.06,1.069
2025-05-05 14:00:00,787.16,1.047
2025-05-05 14:30:00,787.28,1.031
2025-05-05 15:00:00,787.27,1.02
2025-05-05 15:30:00,787.09,1.028
2025-05-05 16:00:00,787.01,1.058
2025-05-05 16:30:00,786.83,1.097
2025-05-05 17:00:00,786.47,1.155
2025-05-05 17:30:00,786.82,1.26
2025-05-05 18:00:00,787.06,1.406
2025-05-05 18:30:00,787.29,1.569
2025-05-05 19:00:00,787.46,1.756
2025-05-05 19:30:00,787.62,1.957
2025-05-05 20:00:00,787.59,2.147
2025-05-05 20:30:00,787.91,2.369
2025-05-05 21:00:00,788.01,2.625
2025-05-05 21:30:00,788.46,2.927
2025-05-05 22:00:00,788.48,3.236
2025-05-05 22:30:00,789.05,3.53
2025-05-05 23:00:00,789.53,3.787
2025-05-05 23:30:00,790.07,3.971
2025-05-06 00:00:00,790.59,4.076
2025-05-06 00:30:00,791.37,4.106
2025-05-06 01:00:00,791.74,4.079
2025-05-06 01:30:00,792.18,3.999
2025-05-06 02:00:00,792.32,3.871
2025-05-06 02:30:00,792.99,3.704
2025-05-06 03:00:00,793.31,3.515
2025-05-06 03:30:00,793.49,3.322
2025-05-06 04:00:00,793.81,3.124
2025-05-06 04:30:00,794.56,2.928
2025-05-06 05:00:00,794.47,2.731
2025-05-06 05:30:00,794.61,2.538
2025-05-06 06:00:00,794.43,2.346
2025-05-06 06:30:00,794.36,2.163
2025-05-06 07:00:00,794.12,1.989
2025-05-06 07:30:00,794.39,1.83
2025-05-06 08:00:00,794.1,1.686
2025-05-06 08:30:00,794.14,1.559
2025-05-06 09:00:00,793.72,1.448
2025-05-06 09:30:00,793.54,1.348
2025-05-06 10:00:00,793.92,1.255
2025-05-06 10:30:00,793.79,1.169
2025-05-06 11:00:00,793.65,1.088
2025-05-06 11:30:00,793.35,1.013
2025-05-06 12:00:00,792.94,0.945
2025-05-06 12:30:00,792.61,0.882
2025-05-06 13:00:00,792.38,0.824
2025-05-06 13:30:00,792.28,0.769
2025-05-06 14:00:00,792.28,0.718
2025-05-06 14:30:00,792.3,0.673
2025-05-06 15:00:00,792.33,0.637
2025-05-06 15:30:00,792.04,0.616
2025-05-06 16:00:00,791.85,0.621
2025-05-06 16:30:00,792.34,0.656
2025-05-06 17:00:00,791.87,0.726
2025-05-06 17:30:00,791.7,0.862
2025-05-06 18:00:00,791.85,1.029
2025-05-06 18:30:00,792.05,1.211
2025-05-06 19:00:00,792.28,1.423
2025-05-06 19:30:00,792.2,1.679
2025-05-06 20:00:00,792.28,1.988
2025-05-06 20:30:00,792.09,2.322
2025-05-06 21:00:00,792.4,2.668
2025-05-06 21:30:00,792.84,3.006
2025-05-06 22:00:00,793.25,3.318
2025-05-06 22:30:00,793.38,3.591
2025-05-06 23:00:00,793.94,3.807
2025-05-06 23:30:00,794.86,3.959
2025-05-07 00:00:00,795.44,4.045
2025-05-07 00:30:00,795.84,4.062
2025-05-07 01:00:00,796.72,3.997
2025-05-07 01:30:00,797.26,3.873
2025-05-07 02:00:00,798.15,3.707
2025-05-07 02:30:00,798.28,3.517
2025-05-07 03:00:00,798.69,3.309
2025-05-07 03:30:00,799.39,3.088
2025-05-07 04:00:00,799.57,2.857
2025-05-07 04:30:00,799.92,2.634
2025-05-07 05:00:00,800.08,2.417
2025-05-07 05:30:00,800.26,2.208
2025-05-07 06:00:00,800.5,2.023
2025-05-07 06:30:00,800.5,1.854
2025-05-07 07:00:00,800.0,1.702
2025-05-07 07:30:00,799.94,1.57
2025-05-07 08:00:00,800.08,1.454
2025-05-07 08:30:00,799.57,1.352
2025-05-07 09:00:00,799.65,1.263
2025-05-07 09:30:00,799.8,1.182
2025-05-07 10:00:00,799.8,1.106
2025-05-07 10:30:00,799.63,1.036
2025-05-07 11:00:00,799.6,0.971
2025-05-07 11:30:00,799.48,0.913
2025-05-07 12:00:00,799.04,0.857
2025-05-07 12:30:00,799.1,0.809
2025-05-07 13:00:00,799.17,0.762
2025-05-07 13:30:00,799.2,0.72
2025-05-07 14:00:00,799.25,0.682
2025-05-07 14:30:00,798.77,0.645
2025-05-07 15:00:00,798.96,0.622
2025-05-07 15:30:00,798.62,0.61
2025-05-07 16:00:00,798.7,0.619
2025-05-07 16:30:00,798.72,0.663
2025-05-07 17:00:00,798.92,0.746
2025-05-07 17:30:00,798.84,0.892
2025-05-07 18:00:00,798.97,1.072
2025-05-07 18:30:00,798.79,1.282
2025-05-07 19:00:00,798.92,1.534
2025-05-07 19:30:00,799.44,1.828
2025-05-07 20:00:00,799.37,2.163
2025-05-07 20:30:00,799.35,2.525
2025-05-07 21:00:00,799.76,2.893
2025-05-07 21:30:00,800.22,3.249
2025-05-07 22:00:00,800.86,3.573
2025-05-07 22:30:00,801.35,3.845
2025-05-07 23:00:00,802.42,4.055
2025-05-07 23:30:00,803.61,4.196
2025-05-08 00:00:00,804.64,4.251
2025-05-08 00:30:00,805.53,4.214
2025-05-08 01:00:00,806.22,4.086
2025-05-08 01:30:00,806.99,3.9
2025-05-08 02:00:00,807.64,3.661
2025-05-08 02:30:00,808.31,3.379
2025-05-08 03:00:00,808.7,3.098
2025-05-08 03:30:00,808.88,2.827
2025-05-08 04:00:00,809.39,2.571
2025-05-08 04:30:00,809.45,2.334
2025-05-08 05:00:00,810.08,2.13
2025-05-08 05:30:00,809.5,1.945
2025-05-08 06:00:00,809.68,1.79
2025-05-08 06:30:00,809.67,1.656
2025-05-08 07:00:00,809.74,1.542
2025-05-08 07:30:00,809.75,1.444
2025-05-08 08:00:00,809.85,1.358
2025-05-08 08:30:00,809.22,1.283
2025-05-08 09:00:00,809.36,1.22
2025-05-08 09:30:00,808.95,1.161
2025-05-08 10:00:00,808.97,1.107
2025-05-08 10:30:00,808.99,1.063
2025-05-08 11:00:00,808.87,1.015
2025-05-08 11:30:00,808.65,0.969
2025-05-08 12:00:00,808.56,0.932
2025-05-08 12:30:00,808.33,0.892
2025-05-08 13:00:00,808.77,0.857
2025-05-08 13:30:00,808.5,0.823
2025-05-08 14:00:00,808.42,0.793
2025-05-08 14:30:00,808.07,0.766
2025-05-08 15:00:00,808.23,0.749
2025-05-08 15:30:00,807.89,0.745
2025-05-08 16:00:00,807.94,0.761
2025-05-08 16:30:00,807.61,0.81
2025-05-08 17:00:00,807.69,0.896
2025-05-08 17:30:00,807.61,1.042
2025-05-08 18:00:00,807.44,1.233
2025-05-08 18:30:00,807.48,1.455
2025-05-08 19:00:00,807.53,1.709
2025-05-08 19:30:00,807.39,1.998
2025-05-08 20:00:00,807.38,2.314
2025-05-08 20:30:00,807.02,2.643
2025-05-08 21:00:00,807.64,2.967
2025-05-08 21:30:00,808.17,3.268
2025-05-08 22:00:00,808.94,3.539
2025-05-08 22:30:00,809.88,3.749
2025-05-08 23:00:00,810.75,3.896
2025-05-08 23:30:00,812.06,3.982
2025-05-09 00:00:00,813.43,3.992
2025-05-09 00:30:00,814.28,3.902
2025-05-09 01:00:00,815.45,3.736
2025-05-09 01:30:00,816.25,3.522
2025-05-09 02:00:00,816.73,3.268
2025-05-09 02:30:00,817.29,2.991
2025-05-09 03:00:00,817.95,2.717
2025-05-09 03:30:00,818.98,2.463
2025-05-09 04:00:00,818.9,2.231
2025-05-09 04:30:00,818.97,2.029
2025-05-09 05:00:00,818.82,1.853
2025-05-09 05:30:00,819.28,1.708
2025-05-09 06:00:00,819.62,1.584
2025-05-09 06:30:00,819.15,1.481
2025-05-09 07:00:00,819.23,1.398
2025-05-09 07:30:00,819.33,1.326
2025-05-09 08:00:00,818.85,1.267
2025-05-09 08:30:00,818.38,1.214
2025-05-09 09:00:00,817.36,1.168
2025-05-09 09:30:00,817.83,1.129
2025-05-09 10:00:00,817.71,1.09
2025-05-09 10:30:00,817.9,1.053
2025-05-09 11:00:00,817.39,1.02
2025-05-09 11:30:00,817.31,0.988
2025-05-09 12:00:00,816.63,0.956
2025-05-09 12:30:00,816.35,0.925
2025-05-09 13:00:00,816.24,0.899
2025-05-09 13:30:00,816.31,0.872
2025-05-09 14:00:00,816.26,0.848
2025-05-09 14:30:00,815.96,0.829
2025-05-09 15:00:00,815.67,0.82
2025-05-09 15:30:00,814.96,0.825
2025-05-09 16:00:00,814.98,0.852
2025-05-09 16:30:00,814.41,0.909
2025-05-09 17:00:00,814.7,1.007
2025-05-09 17:30:00,814.02,1.17
2025-05-09 18:00:00,813.87,1.37
2025-05-09 18:30:00,813.82,1.604
2025-05-09 19:00:00,813.61,1.872
2025-05-09 19:30:00,814.22,2.174
2025-05-09 20:00:00,814.02,2.492
2025-05-09 20:30:00,814.34,2.813
2025-05-09 21:00:00,814.7,3.124
2025-05-09 21:30:00,815.39,3.398
2025-05-09 22:00:00,816.03,3.629
2025-05-09 22:30:00,817.37,3.81
2025-05-09 23:00:00,818.29,3.915
2025-05-09 23:30:00,820.25,3.945
2025-05-10 00:00:00,820.92,3.889
2025-05-10 00:30:00,822.15,3.743
2025-05-10 01:00:00,822.47,3.532
2025-05-10 01:30:00,822.27,3.27
2025-05-10 02:00:00,823.18,3.002
2025-05-10 02:30:00,824.16,2.748
2025-05-10 03:00:00,824.09,2.503
2025-05-10 03:30:00,824.4,2.276
2025-05-10 04:00:00,824.7,2.067
2025-05-10 04:30:00,824.83,1.886
2025-05-10 05:00:00,824.75,1.73
2025-05-10 05:30:00,824.62,1.596
2025-05-10 06:00:00,825.26,1.489
2025-05-10 06:30:00,824.7,1.403
2025-05-10 07:00:00,824.05,1.333
2025-05-10 07:30:00,824.26,1.276
2025-05-10 08:00:00,823.6,1.229
2025-05-10 08:30:00,824.09,1.19
2025-05-10 09:00:00,823.68,1.156
2025-05-10 09:30:00,822.54,1.125
2025-05-10 10:00:00,822.71,1.096
2025-05-10 10:30:00,821.97,1.067
2025-05-10 11:00:00,821.7,1.044
2025-05-10 11:30:00,821.17,1.019
2025-05-10 12:00:00,820.67,0.994
2025-05-10 12:30:00,821.17,0.971
2025-05-10 13:00:00,819.42,0.944
2025-05-10 13:30:00,819.03,0.925
2025-05-10 14:00:00,819.26,0.905
2025-05-10 14:30:00,818.94,0.888
2025-05-10 15:00:00,817.9,0.886
2025-05-10 15:30:00,817.47,0.897
2025-05-10 16:00:00,817.0,0.935
2025-05-10 16:30:00,816.99,1.005
2025-05-10 17:00:00,816.77,1.118
2025-05-10 17:30:00,816.46,1.292
2025-05-10 18:00:00,816.86,1.502
2025-05-10 18:30:00,816.79,1.744
2025-05-10 19:00:00,816.42,2.014
2025-05-10 19:30:00,816.78,2.304
2025-05-10 20:00:00,816.45,2.613
2025-05-10 20:30:00,816.75,2.924
2025-05-10 21:00:00,817.65,3.223
2025-05-10 21:30:00,818.12,3.491
2025-05-10 22:00:00,819.45,3.703
2025-05-10 22:30:00,820.38,3.816
2025-05-10 23:00:00,821.95,3.854
2025-05-10 23:30:00,822.76,3.817
2025-05-11 00:00:00,823.88,3.709
2025-05-11 00:30:00,824.91,3.554
2025-05-11 01:00:00,825.88,3.348
2025-05-11 01:30:00,826.08,3.106
2025-05-11 02:00:00,826.64,2.847
2025-05-11 02:30:00,828.03,2.599
2025-05-11 03:00:00,827.74,2.364
2025-05-11 03:30:00,827.73,2.144
2025-05-11 04:00:00,827.98,1.944
2025-05-11 04:30:00,828.46,1.777
2025-05-11 05:00:00,827.64,1.638
2025-05-11 05:30:00,827.9,1.522
2025-05-11 06:00:00,827.47,1.426
2025-05-11 06:30:00,826.46,1.348
2025-05-11 07:00:00,826.53,1.291
2025-05-11 07:30:00,825.2,1.241
2025-05-11 08:00:00,824.45,1.197
2025-05-11 08:30:00,823.55,1.164
2025-05-11 09:00:00,823.92,1.148
2025-05-11 09:30:00,822.99,1.143
2025-05-11 10:00:00,822.3,1.146
2025-05-11 10:30:00,822.35,1.147
2025-05-11 11:00:00,821.46,1.147
2025-05-11 11:30:00,820.47,1.139
2025-05-11 12:00:00,820.52,1.136
2025-05-11 12:30:00,819.72,1.129
2025-05-11 13:00:00,819.05,1.115
2025-05-11 13:30:00,818.31,1.097
2025-05-11 14:00:00,817.86,1.072
2025-05-11 14:30:00,817.68,1.052
2025-05-11 15:00:00,816.87,1.043
2025-05-11 15:30:00,816.24,1.058
2025-05-11 16:00:00,816.22,1.094
2025-05-11 16:30:00,816.27,1.17
2025-05-11 17:00:00,815.81,1.287
2025-05-11 17:30:00,815.24,1.464
2025-05-11 18:00:00,816.12,1.671
2025-05-11 18:30:00,814.84,1.899
2025-05-11 19:00:00,814.88,2.163
2025-05-11 19:30:00,815.11,2.453
2025-05-11 20:00:00,815.54,2.755
2025-05-11 20:30:00,815.4,3.061
2025-05-11 21:00:00,815.98,3.351
2025-05-11 21:30:00,816.23,3.618
2025-05-11 22:00:00,817.68,3.841
2025-05-11 22:30:00,820.1,3.996
2025-05-11 23:00:00,820.33,4.069
2025-05-11 23:30:00,821.2,4.056
2025-05-12 00:00:00,822.02,3.96
2025-05-12 00:30:00,823.1,3.79
2025-05-12 01:00:00,823.56,3.567
2025-05-12 01:30:00,822.76,3.311
2025-05-12 02:00:00,823.27,2.973
2025-05-12 02:30:00,823.12,2.724
2025-05-12 03:00:00,823.19,2.337
2025-05-12 03:30:00,823.68,2.062
2025-05-12 04:00:00,821.74,1.866
2025-05-12 04:30:00,823.24,1.704
2025-05-12 05:00:00,820.67,1.562
2025-05-12 05:30:00,819.79,1.446
2025-05-12 06:00:00,819.67,1.339
2025-05-12 06:30:00,820.02,1.26
2025-05-12 07:00:00,817.2,1.198
2025-05-12 07:30:00,816.99,1.141
2025-05-12 08:00:00,817.43,1.084
2025-05-12 08:30:00,817.43,1.038
2025-05-12 09:00:00,817.07,1.005
2025-05-12 09:30:00,815.85,0.971
2025-05-12 10:00:00,815.2,0.949
2025-05-12 10:30:00,813.74,0.916
2025-05-12 11:00:00,813.35,0.898
2025-05-12 11:30:00,813.36,0.888
2025-05-12 12:00:00,811.59,0.868
2025-05-12 12:30:00,811.19,0.854
2025-05-12 13:00:00,810.02,0.839
2025-05-12 13:30:00,810.71,0.82
2025-05-12 14:00:00,810.04,0.805
2025-05-12 14:30:00,809.58,0.792
2025-05-12 15:00:00,808.4,0.785
2025-05-12 15:30:00,808.48,0.793
2025-05-12 16:00:00,807.91,0.825
2025-05-12 16:30:00,807.89,0.892
2025-05-12 17:00:00,807.25,1.006
2025-05-12 17:30:00,806.39,1.185
2025-05-12 18:00:00,807.32,1.399
2025-05-12 18:30:00,805.7,1.654
2025-05-12 19:00:00,805.87,1.923
2025-05-12 19:30:00,805.48,2.246
2025-05-12 20:00:00,805.09,2.552
2025-05-12 20:30:00,804.85,2.884
2025-05-12 21:00:00,805.01,3.215
2025-05-12 21:30:00,805.24,3.511
2025-05-12 22:00:00,805.31,3.76
2025-05-12 22:30:00,805.72,3.941
2025-05-12 23:00:00,806.43,4.063
2025-05-12 23:30:00,806.93,4.112
2025-05-13 00:00:00,807.97,4.072
2025-05-13 00:30:00,808.02,3.959
2025-05-13 01:00:00,808.34,3.766
2025-05-13 01:30:00,807.98,3.529
2025-05-13 02:00:00,808.34,3.287
2025-05-13 02:30:00,807.94,3.046
2025-05-13 03:00:00,807.54,2.813
2025-05-13 03:30:00,807.06,2.584
2025-05-13 04:00:00,807.03,2.358
2025-05-13 04:30:00,806.46,2.138
2025-05-13 05:00:00,806.08,1.949
2025-05-13 05:30:00,806.46,1.78
2025-05-13 06:00:00,805.93,1.627
2025-05-13 06:30:00,805.7,1.495
2025-05-13 07:00:00,805.49,1.38
2025-05-13 07:30:00,804.81,1.277
2025-05-13 08:00:00,804.28,1.182
2025-05-13 08:30:00,804.04,1.099
2025-05-13 09:00:00,803.43,1.019
2025-05-13 09:30:00,803.47,0.944
2025-05-13 10:00:00,802.68,0.879
2025-05-13 10:30:00,802.37,0.817
2025-05-13 11:00:00,802.07,0.759
2025-05-13 11:30:00,801.73,0.705
2025-05-13 12:00:00,801.69,0.658
2025-05-13 12:30:00,801.44,0.614
2025-05-13 13:00:00,800.79,0.576
2025-05-13 13:30:00,800.81,0.54
2025-05-13 14:00:00,801.14,0.508
2025-05-13 14:30:00,801.03,0.484
2025-05-13 15:00:00,800.92,0.471
2025-05-13 15:30:00,800.67,0.466
2025-05-13 16:00:00,800.76,0.473
2025-05-13 16:30:00,800.85,0.496
2025-05-13 17:00:00,801.47,0.542
2025-05-13 17:30:00,801.08,0.598
2025-05-13 18:00:00,801.11,0.654
2025-05-13 18:30:00,801.09,0.698
2025-05-13 19:00:00,801.54,0.715
2025-05-13 19:30:00,801.4,0.739
2025-05-13 20:00:00,801.24,0.774
2025-05-13 20:30:00,801.56,0.781
2025-05-13 21:00:00,801.4,0.779
2025-05-13 21:30:00,800.95,0.769
2025-05-13 22:00:00,800.81,0.801
2025-05-13 22:30:00,800.91,0.898
2025-05-13 23:00:00,801.11,0.941
2025-05-13 23:30:00,800.78,0.995
2025-05-14 00:00:00,800.94,1.064
2025-05-14 00:30:00,800.26,1.116
2025-05-14 01:00:00,800.56,1.17
2025-05-14 01:30:00,800.22,1.222
2025-05-14 02:00:00,800.4,1.246
2025-05-14 02:30:00,800.13,1.247
2025-05-14 03:00:00,800.45,1.233
2025-05-14 03:30:00,800.2,1.195
2025-05-14 04:00:00,800.36,1.137
2025-05-14 04:30:00,800.95,1.082
2025-05-14 05:00:00,800.57,1.026
2025-05-14 05:30:00,800.35,0.959
2025-05-14 06:00:00,800.15,0.877
2025-05-14 06:30:00,799.78,0.787
2025-05-14 07:00:00,800.15,0.698
2025-05-14 07:30:00,799.76,0.612
2025-05-14 08:00:00,799.58,0.527
2025-05-14 08:30:00,798.96,0.442
2025-05-14 09:00:00,798.46,0.363
2025-05-14 09:30:00,798.1,0.295
2025-05-14 10:00:00,798.5,0.259
2025-05-14 10:30:00,798.64,0.23
2025-05-14 11:00:00,798.75,0.204
2025-05-14 11:30:00,798.19,0.184
2025-05-14 12:00:00,797.64,0.164
2025-05-14 12:30:00,797.61,0.139
2025-05-14 13:00:00,797.69,0.131
2025-05-14 13:30:00,797.66,0.119
2025-05-14 14:00:00,797.96,0.117
2025-05-14 14:30:00,798.01,0.114
2025-05-14 15:00:00,798.05,0.107
2025-05-14 15:30:00,798.33,0.101
2025-05-14 16:00:00,799.2,0.097
2025-05-14 16:30:00,799.56,0.103
2025-05-14 17:00:00,800.03,0.159
2025-05-14 17:30:00,801.2,0.268
2025-05-14 18:00:00,801.58,0.407
2025-05-14 18:30:00,801.11,0.575
2025-05-14 19:00:00,800.49,0.787
2025-05-14 19:30:00,800.01,1.042
2025-05-14 20:00:00,800.3,1.365
2025-05-14 20:30:00,800.1,1.758
2025-05-14 21:00:00,800.3,2.208
2025-05-14 21:30:00,800.34,2.695
2025-05-14 22:00:00,800.58,3.163
2025-05-14 22:30:00,800.17,3.603
2025-05-14 23:00:00,800.51,3.99
2025-05-14 23:30:00,800.75,4.252
2025-05-15 00:00:00,800.81,4.394
2025-05-15 00:30:00,800.82,4.447
2025-05-15 01:00:00,801.12,4.404
2025-05-15 01:30:00,800.93,4.326
2025-05-15 02:00:00,801.0,4.221
2025-05-15 02:30:00,801.05,4.087
2025-05-15 03:00:00,801.2,3.932
2025-05-15 03:30:00,801.29,3.758
2025-05-15 04:00:00,801.33,3.581
2025-05-15 04:30:00,801.53,3.395
2025-05-15 05:00:00,801.71,3.195
2025-05-15 05:30:00,801.36,2.979
2025-05-15 06:00:00,801.06,2.772
2025-05-15 06:30:00,800.82,2.56
2025-05-15 07:00:00,800.57,2.362
2025-05-15 07:30:00,800.66,2.181
2025-05-15 08:00:00,800.7,2.017
2025-05-15 08:30:00,800.27,1.869
2025-05-15 09:00:00,800.06,1.732
2025-05-15 09:30:00,800.08,1.605
2025-05-15 10:00:00,799.9,1.492
2025-05-15 10:30:00,799.7,1.383
2025-05-15 11:00:00,799.54,1.283
2025-05-15 11:30:00,799.82,1.19
2025-05-15 12:00:00,799.35,1.102
2025-05-15 12:30:00,799.05,1.019
2025-05-15 13:00:00,799.25,0.941
2025-05-15 13:30:00,799.4,0.868
2025-05-15 14:00:00,799.4,0.802
2025-05-15 14:30:00,799.56,0.743
2025-05-15 15:00:00,799.4,0.696
2025-05-15 15:30:00,799.39,0.674
2025-05-15 16:00:00,799.52,0.677
2025-05-15 16:30:00,799.56,0.726
2025-05-15 17:00:00,799.35,0.818
2025-05-15 17:30:00,799.07,0.979
2025-05-15 18:00:00,798.84,1.202
2025-05-15 18:30:00,799.23,1.485
2025-05-15 19:00:00,799.57,1.826
2025-05-15 19:30:00,799.44,2.217
2025-05-15 20:00:00,799.79,2.649
2025-05-15 20:30:00,799.7,3.123
2025-05-15 21:00:00,800.44,3.599
2025-05-15 21:30:00,800.74,4.062
2025-05-15 22:00:00,800.8,4.497
2025-05-15 22:30:00,801.65,4.864
2025-05-15 23:00:00,802.44,5.173
2025-05-15 23:30:00,803.22,5.362
2025-05-16 00:00:00,803.92,5.431
2025-05-16 00:30:00,804.86,5.41
2025-05-16 01:00:00,805.16,5.323
2025-05-16 01:30:00,806.16,5.164
2025-05-16 02:00:00,806.98,4.972
2025-05-16 02:30:00,807.44,4.755
2025-05-16 03:00:00,807.51,4.514
2025-05-16 03:30:00,807.76,4.26
2025-05-16 04:00:00,808.21,4.009
2025-05-16 04:30:00,808.17,3.768
2025-05-16 05:00:00,808.18,3.533
2025-05-16 05:30:00,808.42,3.301
2025-05-16 06:00:00,807.71,3.078
2025-05-16 06:30:00,807.76,2.876
2025-05-16 07:00:00,807.07,2.687
2025-05-16 07:30:00,807.2,2.516
2025-05-16 08:00:00,806.74,2.358
2025-05-16 08:30:00,806.5,2.209
2025-05-16 09:00:00,805.94,2.066
2025-05-16 09:30:00,805.66,1.937
2025-05-16 10:00:00,805.39,1.815
2025-05-16 10:30:00,804.97,1.702
2025-05-16 11:00:00,804.67,1.607
2025-05-16 11:30:00,804.63,1.525
2025-05-16 12:00:00,803.69,1.46
2025-05-16 12:30:00,803.79,1.41
2025-05-16 13:00:00,803.82,1.37
2025-05-16 13:30:00,803.48,1.338
2025-05-16 14:00:00,803.33,1.318
2025-05-16 14:30:00,802.94,1.31
2025-05-16 15:00:00,802.33,1.32
2025-05-16 15:30:00,802.36,1.355
2025-05-16 16:00:00,801.9,1.412
2025-05-16 16:30:00,802.38,1.489
2025-05-16 17:00:00,802.21,1.592
2025-05-16 17:30:00,801.9,1.76
2025-05-16 18:00:00,801.91,1.958
2025-05-16 18:30:00,801.86,2.182
2025-05-16 19:00:00,801.46,2.477
2025-05-16 19:30:00,801.74,2.818
2025-05-16 20:00:00,801.67,3.182
2025-05-16 20:30:00,801.78,3.578
2025-05-16 21:00:00,801.93,3.975
2025-05-16 21:30:00,802.78,4.31
2025-05-16 22:00:00,803.22,4.609
2025-05-16 22:30:00,803.96,4.825
2025-05-16 23:00:00,804.56,5.038
2025-05-16 23:30:00,805.37,5.169
2025-05-17 00:00:00,805.64,5.225
2025-05-17 00:30:00,806.17,5.22
2025-05-17 01:00:00,807.47,5.13
2025-05-17 01:30:00,808.0,4.982
2025-05-17 02:00:00,809.31,4.812
2025-05-17 02:30:00,809.64,4.62
2025-05-17 03:00:00,810.06,4.394
2025-05-17 03:30:00,811.06,4.145
2025-05-17 04:00:00,810.87,3.866
2025-05-17 04:30:00,810.56,3.592
2025-05-17 05:00:00,811.37,3.318
2025-05-17 05:30:00,811.05,3.098
2025-05-17 06:00:00,811.2,2.891
2025-05-17 06:30:00,810.34,2.716
2025-05-17 07:00:00,810.54,2.548
2025-05-17 07:30:00,809.5,2.391
2025-05-17 08:00:00,809.92,2.25
2025-05-17 08:30:00,809.32,2.128
2025-05-17 09:00:00,808.37,2.013
2025-05-17 09:30:00,807.85,1.919
2025-05-17 10:00:00,806.76,1.835
2025-05-17 10:30:00,806.88,1.76
2025-05-17 11:00:00,806.55,1.695
2025-05-17 11:30:00,805.98,1.639
2025-05-17 12:00:00,805.4,1.589
2025-05-17 12:30:00,804.19,1.545
2025-05-17 13:00:00,804.32,1.507
2025-05-17 13:30:00,803.98,1.478
2025-05-17 14:00:00,803.09,1.455
2025-05-17 14:30:00,802.76,1.447
2025-05-17 15:00:00,802.71,1.446
2025-05-17 15:30:00,801.58,1.457
2025-05-17 16:00:00,800.72,1.493
2025-05-17 16:30:00,801.13,1.545
2025-05-17 17:00:00,801.85,1.593
2025-05-17 17:30:00,801.76,1.599
2025-05-17 18:00:00,800.89,1.617
2025-05-17 18:30:00,800.02,1.71
2025-05-17 19:00:00,799.62,1.873
2025-05-17 19:30:00,799.58,2.045
2025-05-17 20:00:00,799.6,2.257
2025-05-17 20:30:00,799.86,2.55
2025-05-17 21:00:00,799.92,2.862
2025-05-17 21:30:00,800.12,3.178
2025-05-17 22:00:00,799.97,3.434
2025-05-17 22:30:00,799.86,3.613
2025-05-17 23:00:00,800.27,3.733
2025-05-17 23:30:00,800.45,3.804
2025-05-18 00:00:00,800.28,3.8
2025-05-18 00:30:00,800.52,3.74
2025-05-18 01:00:00,800.66,3.651
2025-05-18 01:30:00,801.05,3.544
2025-05-18 02:00:00,801.16,3.415
2025-05-18 02:30:00,800.94,3.267
2025-05-18 03:00:00,800.75,3.111
2025-05-18 03:30:00,800.61,2.958
2025-05-18 04:00:00,800.84,2.804
2025-05-18 04:30:00,800.92,2.656
2025-05-18 05:00:00,800.75,2.514
2025-05-18 05:30:00,800.63,2.375
2025-05-18 06:00:00,800.57,2.243
2025-05-18 06:30:00,800.36,2.119
2025-05-18 07:00:00,800.37,1.997
2025-05-18 07:30:00,799.89,1.875
2025-05-18 08:00:00,800.15,1.753
2025-05-18 08:30:00,799.98,1.631
2025-05-18 09:00:00,799.44,1.517
2025-05-18 09:30:00,799.52,1.405
2025-05-18 10:00:00,799.3,1.298
2025-05-18 10:30:00,799.26,1.195
2025-05-18 11:00:00,799.09,1.093
2025-05-18 11:30:00,799.12,0.997
2025-05-18 12:00:00,799.3,0.905
2025-05-18 12:30:00,799.03,0.815
2025-05-18 13:00:00,798.63,0.729
2025-05-18 13:30:00,798.77,0.653
2025-05-18 14:00:00,798.7,0.583
2025-05-18 14:30:00,798.67,0.527
2025-05-18 15:00:00,798.38,0.492
2025-05-18 15:30:00,798.76,0.489
2025-05-18 16:00:00,798.79,0.514
2025-05-18 16:30:00,798.8,0.57
2025-05-18 17:00:00,798.92,0.668
2025-05-18 17:30:00,799.33,0.829
2025-05-18 18:00:00,799.03,1.038
2025-05-18 18:30:00,799.45,1.296
2025-05-18 19:00:00,799.35,1.634
2025-05-18 19:30:00,799.08,2.017
2025-05-18 20:00:00,799.34,2.455
2025-05-18 20:30:00,799.45,2.923
2025-05-18 21:00:00,799.84,3.408
2025-05-18 21:30:00,800.14,3.9
2025-05-18 22:00:00,800.54,4.375
2025-05-18 22:30:00,801.44,4.817
2025-05-18 23:00:00,802.05,5.209
2025-05-18 23:30:00,802.68,5.521
2025-05-19 00:00:00,804.01,5.73
2025-05-19 00:30:00,804.98,5.844
2025-05-19 01:00:00,805.48,5.855
2025-05-19 01:30:00,806.56,5.777
2025-05-19 02:00:00,806.65,5.63
2025-05-19 02:30:00,807.61,5.431
2025-05-19 03:00:00,808.04,5.185
2025-05-19 03:30:00,808.63,4.907
2025-05-19 04:00:00,809.17,4.617
2025-05-19 04:30:00,809.36,4.335
2025-05-19 05:00:00,809.4,4.068
2025-05-19 05:30:00,809.1,3.804
2025-05-19 06:00:00,809.19,3.544
2025-05-19 06:30:00,808.52,3.298
2025-05-19 07:00:00,808.31,3.068
2025-05-19 07:30:00,807.81,2.856
2025-05-19 08:00:00,807.83,2.659
2025-05-19 08:30:00,807.79,2.476
2025-05-19 09:00:00,807.31,2.304
2025-05-19 09:30:00,806.77,2.148
2025-05-19 10:00:00,806.55,2.002
2025-05-19 10:30:00,806.99,1.868
2025-05-19 11:00:00,806.32,1.743
2025-05-19 11:30:00,806.66,1.625
2025-05-19 12:00:00,806.24,1.514
2025-05-19 12:30:00,806.21,1.412
2025-05-19 13:00:00,805.82,1.312
2025-05-19 13:30:00,805.93,1.223
2025-05-19 14:00:00,806.19,1.14
2025-05-19 14:30:00,806.2,1.069
2025-05-19 15:00:00,805.93,1.014
2025-05-19 15:30:00,805.59,0.984
2025-05-19 16:00:00,805.86,0.995
2025-05-19 16:30:00,805.69,1.051
2025-05-19 17:00:00,805.82,1.167
2025-05-19 17:30:00,805.96,1.364
2025-05-19 18:00:00,805.93,1.625
2025-05-19 18:30:00,805.59,1.933
2025-05-19 19:00:00,806.23,2.297
2025-05-19 19:30:00,806.05,2.701
2025-05-19 20:00:00,806.14,3.146
2025-05-19 20:30:00,806.08,3.626
2025-05-19 21:00:00,806.62,4.119
2025-05-19 21:30:00,807.2,4.611
2025-05-19 22:00:00,807.88,5.083
2025-05-19 22:30:00,808.74,5.514
2025-05-19 23:00:00,810.1,5.886
2025-05-19 23:30:00,811.21,6.177
2025-05-20 00:00:00,812.67,6.351
2025-05-20 00:30:00,813.84,6.408
2025-05-20 01:00:00,815.36,6.355
2025-05-20 01:30:00,816.52,6.203
2025-05-20 02:00:00,816.6,5.968
2025-05-20 02:30:00,817.75,5.675
2025-05-20 03:00:00,818.52,5.34
2025-05-20 03:30:00,818.87,4.985
2025-05-20 04:00:00,817.6,4.629
2025-05-20 04:30:00,818.34,4.282
2025-05-20 05:00:00,817.67,3.949
2025-05-20 05:30:00,817.71,3.64
2025-05-20 06:00:00,817.61,3.354
2025-05-20 06:30:00,817.15,3.098
2025-05-20 07:00:00,816.79,2.876
2025-05-20 07:30:00,815.97,2.676
2025-05-20 08:00:00,815.53,2.499
2025-05-20 08:30:00,815.56,2.337
2025-05-20 09:00:00,814.84,2.19
2025-05-20 09:30:00,814.09,2.051
2025-05-20 10:00:00,813.67,1.923
2025-05-20 10:30:00,813.76,1.804
2025-05-20 11:00:00,812.58,1.691
2025-05-20 11:30:00,812.04,1.582
2025-05-20 12:00:00,812.16,1.48
2025-05-20 12:30:00,811.85,1.383
2025-05-20 13:00:00,811.44,1.288
2025-05-20 13:30:00,810.97,1.198
2025-05-20 14:00:00,810.66,1.114
2025-05-20 14:30:00,810.9,1.042
2025-05-20 15:00:00,810.69,0.985
2025-05-20 15:30:00,809.74,0.955
2025-05-20 16:00:00,809.69,0.961
2025-05-20 16:30:00,809.85,1.017
2025-05-20 17:00:00,810.04,1.13
2025-05-20 17:30:00,809.41,1.314
2025-05-20 18:00:00,809.4,1.567
2025-05-20 18:30:00,809.32,1.881
2025-05-20 19:00:00,809.03,2.251
2025-05-20 19:30:00,809.23,2.658
2025-05-20 20:00:00,809.28,3.102
2025-05-20 20:30:00,808.98,3.577
2025-05-20 21:00:00,809.37,4.07
2025-05-20 21:30:00,809.86,4.564
2025-05-20 22:00:00,810.46,5.033
2025-05-20 22:30:00,811.13,5.457
2025-05-20 23:00:00,812.48,5.802
2025-05-20 23:30:00,813.87,6.062
2025-05-21 00:00:00,815.4,6.221
2025-05-21 00:30:00,816.49,6.27
2025-05-21 01:00:00,817.1,6.217
2025-05-21 01:30:00,817.9,6.062
2025-05-21 02:00:00,818.68,5.832
2025-05-21 02:30:00,818.83,5.544
2025-05-21 03:00:00,819.07,5.22
2025-05-21 03:30:00,820.29,4.88
2025-05-21 04:00:00,820.91,4.534
2025-05-21 04:30:00,820.25,4.199
2025-05-21 05:00:00,820.76,3.876
2025-05-21 05:30:00,820.71,3.579
2025-05-21 06:00:00,819.36,3.314
2025-05-21 06:30:00,819.08,3.078
2025-05-21 07:00:00,817.84,2.876
2025-05-21 07:30:00,818.21,2.699
2025-05-21 08:00:00,818.04,2.541
2025-05-21 08:30:00,817.22,2.402
2025-05-21 09:00:00,816.56,2.276
2025-05-21 09:30:00,815.73,2.157
2025-05-21 10:00:00,815.52,2.049
2025-05-21 10:30:00,814.44,1.948
2025-05-21 11:00:00,814.54,1.853
2025-05-21 11:30:00,814.47,1.765
2025-05-21 12:00:00,814.09,1.679
2025-05-21 12:30:00,813.63,1.6
2025-05-21 13:00:00,812.81,1.523
2025-05-21 13:30:00,812.84,1.451
2025-05-21 14:00:00,812.6,1.382
2025-05-21 14:30:00,811.96,1.324
2025-05-21 15:00:00,811.61,1.277
2025-05-21 15:30:00,811.83,1.257
2025-05-21 16:00:00,811.55,1.27
2025-05-21 16:30:00,811.03,1.332
2025-05-21 17:00:00,810.62,1.445
2025-05-21 17:30:00,810.53,1.638
2025-05-21 18:00:00,810.42,1.899
2025-05-21 18:30:00,810.77,2.212
2025-05-21 19:00:00,810.59,2.581
2025-05-21 19:30:00,810.25,2.988
2025-05-21 20:00:00,810.47,3.438
2025-05-21 20:30:00,810.93,3.923
2025-05-21 21:00:00,810.89,4.424
2025-05-21 21:30:00,811.85,4.923
2025-05-21 22:00:00,812.84,5.396
2025-05-21 22:30:00,813.92,5.825
2025-05-21 23:00:00,815.06,6.186
2025-05-21 23:30:00,817.19,6.457
2025-05-22 00:00:00,818.88,6.611
2025-05-22 00:30:00,821.56,6.634
2025-05-22 01:00:00,821.4,6.535
2025-05-22 01:30:00,823.46,6.329
2025-05-22 02:00:00,824.77,6.039
2025-05-22 02:30:00,824.3,5.69
2025-05-22 03:00:00,825.73,5.298
2025-05-22 03:30:00,826.15,4.879
2025-05-22 04:00:00,825.78,4.468
2025-05-22 04:30:00,826.65,4.089
2025-05-22 05:00:00,826.04,3.738
2025-05-22 05:30:00,826.83,3.427
2025-05-22 06:00:00,824.15,3.162
2025-05-22 06:30:00,823.76,2.943
2025-05-22 07:00:00,824.01,2.756
2025-05-22 07:30:00,822.5,2.596
2025-05-22 08:00:00,822.33,2.462
2025-05-22 08:30:00,821.55,2.34
2025-05-22 09:00:00,821.0,2.231
2025-05-22 09:30:00,820.11,2.129
2025-05-22 10:00:00,818.44,2.038
2025-05-22 10:30:00,818.61,1.953
2025-05-22 11:00:00,818.18,1.87
2025-05-22 11:30:00,817.76,1.796
2025-05-22 12:00:00,816.61,1.726
2025-05-22 12:30:00,815.88,1.652
2025-05-22 13:00:00,815.64,1.584
2025-05-22 13:30:00,815.3,1.519
2025-05-22 14:00:00,815.13,1.464
2025-05-22 14:30:00,814.79,1.417
2025-05-22 15:00:00,814.15,1.388
2025-05-22 15:30:00,813.74,1.383
2025-05-22 16:00:00,814.41,1.416
2025-05-22 16:30:00,813.61,1.494
2025-05-22 17:00:00,813.49,1.622
2025-05-22 17:30:00,813.24,1.826
2025-05-22 18:00:00,813.56,2.088
2025-05-22 18:30:00,812.12,2.396
2025-05-22 19:00:00,812.82,2.749
2025-05-22 19:30:00,812.43,3.134
2025-05-22 20:00:00,811.79,3.56
2025-05-22 20:30:00,812.41,4.014
2025-05-22 21:00:00,812.66,4.49
2025-05-22 21:30:00,813.28,4.962
2025-05-22 22:00:00,814.18,5.408
2025-05-22 22:30:00,814.9,5.799
2025-05-22 23:00:00,816.58,6.117
2025-05-22 23:30:00,816.72,6.332
2025-05-23 00:00:00,819.09,6.428
2025-05-23 00:30:00,820.91,6.412
2025-05-23 01:00:00,821.32,6.296
2025-05-23 01:30:00,822.4,6.099
2025-05-23 02:00:00,823.35,5.837
2025-05-23 02:30:00,822.93,5.531
2025-05-23 03:00:00,822.95,5.199
2025-05-23 03:30:00,823.25,4.854
2025-05-23 04:00:00,822.8,4.516
2025-05-23 04:30:00,823.44,4.185
2025-05-23 05:00:00,822.25,3.874
2025-05-23 05:30:00,822.12,3.583
2025-05-23 06:00:00,821.59,3.322
2025-05-23 06:30:00,820.21,3.083
2025-05-23 07:00:00,819.58,2.87
2025-05-23 07:30:00,819.51,2.685
2025-05-23 08:00:00,819.51,2.515
2025-05-23 08:30:00,818.6,2.361
2025-05-23 09:00:00,817.26,2.219
2025-05-23 09:30:00,816.05,2.091
2025-05-23 10:00:00,816.13,1.974
2025-05-23 10:30:00,815.64,1.863
2025-05-23 11:00:00,814.82,1.763
2025-05-23 11:30:00,814.62,1.667
2025-05-23 12:00:00,813.32,1.578
2025-05-23 12:30:00,813.52,1.494
2025-05-23 13:00:00,813.14,1.414
2025-05-23 13:30:00,812.5,1.343
2025-05-23 14:00:00,812.49,1.278
2025-05-23 14:30:00,811.42,1.221
2025-05-23 15:00:00,811.24,1.18
2025-05-23 15:30:00,811.16,1.169
2025-05-23 16:00:00,811.13,1.195
2025-05-23 16:30:00,810.09,1.265
2025-05-23 17:00:00,810.24,1.399
2025-05-23 17:30:00,809.52,1.607
2025-05-23 18:00:00,809.56,1.882
2025-05-23 18:30:00,809.57,2.214
2025-05-23 19:00:00,809.24,2.589
2025-05-23 19:30:00,809.42,3.004
2025-05-23 20:00:00,809.02,3.46
2025-05-23 20:30:00,808.77,3.95
2025-05-23 21:00:00,809.17,4.457
2025-05-23 21:30:00,809.53,4.962
2025-05-23 22:00:00,810.16,5.44
2025-05-23 22:30:00,811.04,5.884
2025-05-23 23:00:00,812.42,6.257
2025-05-23 23:30:00,813.85,6.536
2025-05-24 00:00:00,815.61,6.697
2025-05-24 00:30:00,816.65,6.742
2025-05-24 01:00:00,818.08,6.677
2025-05-24 01:30:00,818.82,6.52
2025-05-24 02:00:00,819.66,6.289
2025-05-24 02:30:00,821.99,6.006
2025-05-24 03:00:00,822.27,5.684
2025-05-24 03:30:00,822.31,5.342
2025-05-24 04:00:00,821.26,4.993
2025-05-24 04:30:00,822.08,4.647
2025-05-24 05:00:00,821.8,4.315
2025-05-24 05:30:00,821.5,4.013
2025-05-24 06:00:00,821.29,3.745
2025-05-24 06:30:00,820.51,3.514
2025-05-24 07:00:00,819.1,3.308
2025-05-24 07:30:00,818.73,3.13
2025-05-24 08:00:00,817.98,2.97
2025-05-24 08:30:00,817.4,2.83
2025-05-24 09:00:00,816.75,2.707
2025-05-24 09:30:00,816.25,2.605
2025-05-24 10:00:00,815.73,2.509
2025-05-24 10:30:00,815.21,2.424
2025-05-24 11:00:00,813.9,2.348
2025-05-24 11:30:00,814.44,2.276
2025-05-24 12:00:00,813.56,2.209
2025-05-24 12:30:00,812.86,2.144
2025-05-24 13:00:00,813.44,2.084
2025-05-24 13:30:00,812.84,2.029
2025-05-24 14:00:00,812.51,1.98
2025-05-24 14:30:00,812.44,1.94
2025-05-24 15:00:00,811.99,1.92
2025-05-24 15:30:00,811.58,1.922
2025-05-24 16:00:00,811.88,1.947
2025-05-24 16:30:00,810.83,2.005
2025-05-24 17:00:00,811.41,2.106
2025-05-24 17:30:00,811.39,2.275
2025-05-24 18:00:00,811.2,2.501
2025-05-24 18:30:00,810.89,2.772
2025-05-24 19:00:00,810.53,3.093
2025-05-24 19:30:00,810.3,3.458
2025-05-24 20:00:00,809.93,3.88
2025-05-24 20:30:00,810.48,4.321
2025-05-24 21:00:00,810.33,4.732
2025-05-24 21:30:00,811.24,5.101
2025-05-24 22:00:00,811.96,5.479
2025-05-24 22:30:00,813.6,5.901
2025-05-24 23:00:00,814.95,6.26
2025-05-24 23:30:00,816.53,6.483
2025-05-25 00:00:00,818.38,6.557
2025-05-25 00:30:00,820.3,6.502
2025-05-25 01:00:00,822.43,6.32
2025-05-25 01:30:00,822.63,6.038
2025-05-25 02:00:00,823.13,5.71
2025-05-25 02:30:00,822.72,5.374
2025-05-25 03:00:00,823.81,5.044
2025-05-25 03:30:00,824.07,4.735
2025-05-25 04:00:00,822.03,4.451
2025-05-25 04:30:00,823.2,4.195
2025-05-25 05:00:00,822.34,3.971
2025-05-25 05:30:00,822.09,3.766
2025-05-25 06:00:00,822.17,3.578
2025-05-25 06:30:00,821.39,3.407
2025-05-25 07:00:00,820.52,3.248
2025-05-25 07:30:00,820.43,3.1
2025-05-25 08:00:00,820.0,2.961
2025-05-25 08:30:00,820.44,2.828
2025-05-25 09:00:00,819.45,2.702
2025-05-25 09:30:00,818.45,2.585
2025-05-25 10:00:00,818.39,2.473
2025-05-25 10:30:00,818.18,2.374
2025-05-25 11:00:00,817.2,2.278
2025-05-25 11:30:00,816.27,2.187
2025-05-25 12:00:00,816.5,2.107
2025-05-25 12:30:00,816.23,2.032
2025-05-25 13:00:00,815.45,1.962
2025-05-25 13:30:00,816.28,1.897
2025-05-25 14:00:00,815.1,1.838
2025-05-25 14:30:00,815.13,1.789
2025-05-25 15:00:00,814.36,1.756
2025-05-25 15:30:00,814.74,1.746
2025-05-25 16:00:00,814.61,1.769
2025-05-25 16:30:00,814.19,1.836
2025-05-25 17:00:00,813.69,1.959
2025-05-25 17:30:00,813.75,2.159
2025-05-25 18:00:00,813.17,2.425
2025-05-25 18:30:00,813.28,2.745
2025-05-25 19:00:00,813.26,3.113
2025-05-25 19:30:00,812.33,3.521
2025-05-25 20:00:00,812.53,3.977
2025-05-25 20:30:00,812.91,4.471
2025-05-25 21:00:00,812.86,4.989
2025-05-25 21:30:00,813.32,5.514
2025-05-25 22:00:00,814.52,6.023
2025-05-25 22:30:00,816.54,6.492
2025-05-25 23:00:00,817.96,6.876
2025-05-25 23:30:00,819.76,7.158
2025-05-26 00:00:00,822.05,7.323
2025-05-26 00:30:00,823.94,7.338
2025-05-26 01:00:00,825.58,7.24
2025-05-26 01:30:00,825.86,7.053
2025-05-26 02:00:00,826.92,6.76
2025-05-26 02:30:00,828.17,6.368
2025-05-26 03:00:00,828.22,5.911
2025-05-26 03:30:00,829.86,5.46
2025-05-26 04:00:00,829.34,5.03
2025-05-26 04:30:00,830.08,4.635
2025-05-26 05:00:00,829.27,4.284
2025-05-26 05:30:00,828.65,3.968
2025-05-26 06:00:00,828.02,3.697
2025-05-26 06:30:00,826.68,3.461
2025-05-26 07:00:00,826.84,3.263
2025-05-26 07:30:00,825.88,3.097
2025-05-26 08:00:00,824.58,2.954
2025-05-26 08:30:00,823.84,2.83
2025-05-26 09:00:00,822.48,2.72
2025-05-26 09:30:00,822.03,2.621
2025-05-26 10:00:00,821.24,2.533
2025-05-26 10:30:00,820.39,2.45
2025-05-26 11:00:00,819.79,2.373
2025-05-26 11:30:00,819.45,2.297
2025-05-26 12:00:00,818.2,2.227
2025-05-26 12:30:00,817.51,2.153
2025-05-26 13:00:00,817.05,2.081
2025-05-26 13:30:00,817.59,2.006
2025-05-26 14:00:00,816.23,1.949
2025-05-26 14:30:00,816.05,1.906
2025-05-26 15:00:00,815.61,1.883
2025-05-26 15:30:00,815.33,1.88
2025-05-26 16:00:00,814.96,1.899
2025-05-26 16:30:00,814.66,1.946
2025-05-26 17:00:00,813.81,2.027
2025-05-26 17:30:00,813.46,2.142
2025-05-26 18:00:00,813.19,2.295
2025-05-26 18:30:00,813.24,2.514
2025-05-26 19:00:00,813.01,2.803
2025-05-26 19:30:00,812.37,3.127
2025-05-26 20:00:00,811.9,3.499
2025-05-26 20:30:00,812.1,3.919
2025-05-26 21:00:00,811.58,4.356
2025-05-26 21:30:00,811.31,4.779
2025-05-26 22:00:00,811.65,5.151
2025-05-26 22:30:00,811.93,5.499
2025-05-26 23:00:00,812.36,5.817
2025-05-26 23:30:00,812.96,6.086
2025-05-27 00:00:00,813.79,6.295
2025-05-27 00:30:00,815.31,6.436
2025-05-27 01:00:00,816.82,6.508
2025-05-27 01:30:00,817.55,6.508
2025-05-27 02:00:00,818.98,6.438
2025-05-27 02:30:00,819.09,6.326
2025-05-27 03:00:00,820.79,6.164
2025-05-27 03:30:00,821.56,5.959
2025-05-27 04:00:00,822.7,5.725
2025-05-27 04:30:00,823.11,5.466
2025-05-27 05:00:00,823.08,5.188
2025-05-27 05:30:00,823.55,4.898
2025-05-27 06:00:00,822.81,4.604
2025-05-27 06:30:00,821.89,4.316
2025-05-27 07:00:00,821.74,4.046
2025-05-27 07:30:00,820.95,3.797
2025-05-27 08:00:00,821.13,3.577
2025-05-27 08:30:00,820.01,3.385
2025-05-27 09:00:00,819.54,3.224
2025-05-27 09:30:00,818.19,3.09
2025-05-27 10:00:00,817.92,2.98
2025-05-27 10:30:00,817.99,2.884
2025-05-27 11:00:00,817.51,2.8
2025-05-27 11:30:00,817.04,2.721
2025-05-27 12:00:00,817.22,2.651
2025-05-27 12:30:00,817.13,2.582
2025-05-27 13:00:00,816.08,2.516
2025-05-27 13:30:00,815.83,2.451
2025-05-27 14:00:00,816.51,2.392
2025-05-27 14:30:00,815.57,2.343
2025-05-27 15:00:00,815.21,2.311
2025-05-27 15:30:00,814.79,2.302
2025-05-27 16:00:00,814.58,2.323
2025-05-27 16:30:00,815.02,2.384
2025-05-27 17:00:00,814.43,2.505
2025-05-27 17:30:00,813.81,2.703
2025-05-27 18:00:00,814.42,2.967
2025-05-27 18:30:00,813.63,3.28
2025-05-27 19:00:00,813.53,3.647
2025-05-27 19:30:00,813.68,4.054
2025-05-27 20:00:00,813.27,4.513
2025-05-27 20:30:00,814.02,5.01
2025-05-27 21:00:00,814.22,5.528
2025-05-27 21:30:00,815.55,6.05
2025-05-27 22:00:00,817.24,6.546
2025-05-27 22:30:00,818.66,6.948
2025-05-27 23:00:00,820.31,7.291
2025-05-27 23:30:00,823.54,7.56
2025-05-28 00:00:00,824.66,7.695
2025-05-28 00:30:00,825.11,7.701
2025-05-28 01:00:00,827.74,7.596
2025-05-28 01:30:00,828.59,7.381
2025-05-28 02:00:00,829.49,7.083
2025-05-28 02:30:00,830.42,6.729
2025-05-28 03:00:00,829.94,6.339
2025-05-28 03:30:00,831.19,5.968
2025-05-28 04:00:00,830.64,5.596
2025-05-28 04:30:00,830.19,5.238
2025-05-28 05:00:00,829.72,4.904
2025-05-28 05:30:00,830.59,4.598
2025-05-28 06:00:00,828.03,4.317
2025-05-28 06:30:00,828.22,4.073
2025-05-28 07:00:00,827.41,3.856
2025-05-28 07:30:00,826.39,3.659
2025-05-28 08:00:00,825.8,3.483
2025-05-28 08:30:00,824.21,3.33
2025-05-28 09:00:00,822.39,3.189
2025-05-28 09:30:00,823.47,3.065
2025-05-28 10:00:00,822.77,2.951
2025-05-28 10:30:00,821.17,2.843
2025-05-28 11:00:00,820.31,2.74
2025-05-28 11:30:00,820.81,2.64
2025-05-28 12:00:00,819.44,2.547
2025-05-28 12:30:00,818.79,2.455
2025-05-28 13:00:00,819.17,2.37
2025-05-28 13:30:00,818.9,2.288
2025-05-28 14:00:00,817.62,2.212
2025-05-28 14:30:00,817.8,2.146
2025-05-28 15:00:00,816.38,2.099
2025-05-28 15:30:00,816.38,2.084
2025-05-28 16:00:00,816.29,2.113
2025-05-28 16:30:00,815.82,2.19
2025-05-28 17:00:00,815.59,2.335
2025-05-28 17:30:00,814.86,2.559
2025-05-28 18:00:00,814.82,2.847
2025-05-28 18:30:00,814.67,3.191
2025-05-28 19:00:00,814.3,3.584
2025-05-28 19:30:00,813.96,4.025
2025-05-28 20:00:00,813.8,4.493
2025-05-28 20:30:00,813.43,4.96
2025-05-28 21:00:00,814.41,5.465
2025-05-28 21:30:00,815.44,5.97
2025-05-28 22:00:00,817.18,6.393
2025-05-28 22:30:00,817.7,6.787
2025-05-28 23:00:00,818.99,7.096
2025-05-28 23:30:00,820.19,7.306
2025-05-29 00:00:00,821.56,7.419
2025-05-29 00:30:00,823.01,7.436
2025-05-29 01:00:00,824.15,7.358
2025-05-29 01:30:00,824.6,7.228
2025-05-29 02:00:00,825.36,7.028
2025-05-29 02:30:00,827.03,6.747
2025-05-29 03:00:00,827.45,6.442
2025-05-29 03:30:00,827.45,6.122
2025-05-29 04:00:00,827.34,5.796
2025-05-29 04:30:00,827.62,5.461
2025-05-29 05:00:00,827.73,5.141
2025-05-29 05:30:00,827.84,4.843
2025-05-29 06:00:00,826.8,4.566
2025-05-29 06:30:00,826.16,4.309
2025-05-29 07:00:00,826.27,4.076
2025-05-29 07:30:00,824.74,3.87
2025-05-29 08:00:00,823.73,3.683
2025-05-29 08:30:00,823.39,3.515
2025-05-29 09:00:00,823.25,3.372
2025-05-29 09:30:00,822.45,3.242
2025-05-29 10:00:00,822.46,3.129
2025-05-29 10:30:00,820.86,3.027
2025-05-29 11:00:00,820.42,2.934
2025-05-29 11:30:00,820.82,2.849
2025-05-29 12:00:00,819.15,2.769
2025-05-29 12:30:00,819.54,2.696
2025-05-29 13:00:00,818.96,2.631
2025-05-29 13:30:00,818.85,2.569
2025-05-29 14:00:00,818.4,2.512
2025-05-29 14:30:00,817.66,2.469
2025-05-29 15:00:00,817.79,2.446
2025-05-29 15:30:00,817.2,2.453
2025-05-29 16:00:00,816.73,2.496
2025-05-29 16:30:00,816.76,2.587
2025-05-29 17:00:00,816.65,2.742
2025-05-29 17:30:00,816.67,2.977
2025-05-29 18:00:00,816.49,3.277
2025-05-29 18:30:00,816.67,3.631
2025-05-29 19:00:00,816.04,4.033
2025-05-29 19:30:00,816.62,4.477
2025-05-29 20:00:00,816.61,4.972
2025-05-29 20:30:00,817.02,5.505
2025-05-29 21:00:00,817.36,6.065
2025-05-29 21:30:00,818.2,6.625
2025-05-29 22:00:00,820.2,7.145
2025-05-29 22:30:00,821.49,7.573
2025-05-29 23:00:00,824.37,7.97
2025-05-29 23:30:00,825.86,8.192
2025-05-30 00:00:00,828.27,8.289
2025-05-30 00:30:00,830.7,8.322
2025-05-30 01:00:00,832.14,8.221
2025-05-30 01:30:00,833.05,7.972
2025-05-30 02:00:00,833.84,7.653
2025-05-30 02:30:00,836.31,7.311
2025-05-30 03:00:00,834.51,6.945
2025-05-30 03:30:00,835.56,6.563
2025-05-30 04:00:00,835.43,6.182
2025-05-30 04:30:00,834.02,5.82
2025-05-30 05:00:00,834.17,5.495
2025-05-30 05:30:00,834.39,5.2
2025-05-30 06:00:00,833.57,4.93
2025-05-30 06:30:00,832.27,4.683
2025-05-30 07:00:00,831.25,4.457
2025-05-30 07:30:00,830.44,4.249
2025-05-30 08:00:00,830.75,4.066
2025-05-30 08:30:00,828.96,3.905
2025-05-30 09:00:00,828.66,3.764
2025-05-30 09:30:00,827.58,3.637
2025-05-30 10:00:00,827.2,3.525
2025-05-30 10:30:00,827.2,3.422
2025-05-30 11:00:00,826.56,3.329
2025-05-30 11:30:00,826.09,3.247
2025-05-30 12:00:00,825.53,3.174
2025-05-30 12:30:00,824.84,3.107
2025-05-30 13:00:00,824.56,3.042
2025-05-30 13:30:00,824.21,2.987
2025-05-30 14:00:00,823.7,2.934
2025-05-30 14:30:00,822.9,2.893
2025-05-30 15:00:00,823.38,2.877
2025-05-30 15:30:00,823.15,2.89
2025-05-30 16:00:00,822.48,2.94
2025-05-30 16:30:00,822.47,3.042
2025-05-30 17:00:00,822.0,3.207
2025-05-30 17:30:00,821.93,3.454
2025-05-30 18:00:00,822.06,3.765
2025-05-30 18:30:00,822.06,4.132
2025-05-30 19:00:00,821.56,4.547
2025-05-30 19:30:00,822.1,5.01
2025-05-30 20:00:00,822.4,5.526
2025-05-30 20:30:00,822.86,6.086
2025-05-30 21:00:00,824.13,6.672
2025-05-30 21:30:00,825.23,7.249
2025-05-30 22:00:00,827.56,7.788
2025-05-30 22:30:00,828.65,8.222
2025-05-30 23:00:00,831.52,8.59
2025-05-30 23:30:00,833.31,8.86
2025-05-31 00:00:00,834.17,8.987
2025-05-31 00:30:00,837.08,8.952
2025-05-31 01:00:00,838.69,8.816
2025-05-31 01:30:00,838.79,8.587
2025-05-31 02:00:00,839.54,8.273
2025-05-31 02:30:00,839.66,7.906
2025-05-31 03:00:00,840.98,7.531
2025-05-31 03:30:00,840.43,7.167
2025-05-31 04:00:00,840.7,6.817
2025-05-31 04:30:00,839.43,6.484
2025-05-31 05:00:00,839.12,6.168
2025-05-31 05:30:00,839.41,5.874
2025-05-31 06:00:00,837.47,5.593
2025-05-31 06:30:00,836.44,5.337
2025-05-31 07:00:00,836.77,5.106
2025-05-31 07:30:00,834.81,4.904
2025-05-31 08:00:00,833.3,4.724
2025-05-31 08:30:00,833.46,4.566
2025-05-31 09:00:00,832.85,4.424
2025-05-31 09:30:00,831.89,4.291
2025-05-31 10:00:00,830.96,4.173
2025-05-31 10:30:00,829.47,4.058
2025-05-31 11:00:00,828.46,3.955
2025-05-31 11:30:00,827.85,3.861
2025-05-31 12:00:00,827.45,3.774
2025-05-31 12:30:00,827.19,3.698
2025-05-31 13:00:00,827.02,3.624
2025-05-31 13:30:00,826.33,3.559
2025-05-31 14:00:00,825.29,3.502
2025-05-31 14:30:00,825.2,3.453
2025-05-31 15:00:00,824.37,3.422
2025-05-31 15:30:00,823.84,3.419
2025-05-31 16:00:00,823.55,3.455
2025-05-31 16:30:00,823.52,3.547
2025-05-31 17:00:00,822.92,3.7
2025-05-31 17:30:00,822.19,3.934
2025-05-31 18:00:00,822.2,4.196
2025-05-31 18:30:00,822.5,4.451
2025-05-31 19:00:00,822.49,4.789
2025-05-31 19:30:00,821.94,5.194
2025-05-31 20:00:00,822.18,5.611
2025-05-31 20:30:00,822.1,5.971
2025-05-31 21:00:00,823.13,6.235
2025-05-31 21:30:00,824.12,6.441
2025-05-31 22:00:00,826.5,6.618
2025-05-31 22:30:00,827.87,6.755
2025-05-31 23:00:00,827.83,6.811
2025-05-31 23:30:00,828.43,6.794
2025-06-01 00:00:00,829.66,6.796
2025-06-01 00:30:00,829.59,6.801
2025-06-01 01:00:00,828.36,6.779
2025-06-01 01:30:00,828.12,6.734
2025-06-01 02:00:00,830.49,6.684
2025-06-01 02:30:00,831.32,6.61
2025-06-01 03:00:00,831.11,6.505
2025-06-01 03:30:00,831.67,6.369
2025-06-01 04:00:00,830.07,6.201
2025-06-01 04:30:00,832.03,6.003
2025-06-01 05:00:00,830.74,5.791
2025-06-01 05:30:00,829.91,5.583
2025-06-01 06:00:00,829.1,5.384
2025-06-01 06:30:00,828.66,5.202
2025-06-01 07:00:00,827.53,5.038
2025-06-01 07:30:00,827.73,4.888
2025-06-01 08:00:00,827.09,4.753
2025-06-01 08:30:00,826.41,4.629
2025-06-01 09:00:00,826.27,4.513
2025-06-01 09:30:00,825.52,4.405
2025-06-01 10:00:00,824.97,4.298
2025-06-01 10:30:00,824.45,4.2
2025-06-01 11:00:00,824.51,4.1
2025-06-01 11:30:00,822.23,4.004
2025-06-01 12:00:00,822.59,3.915
2025-06-01 12:30:00,821.62,3.832
2025-06-01 13:00:00,821.75,3.753
2025-06-01 13:30:00,821.08,3.681
2025-06-01 14:00:00,820.97,3.622
2025-06-01 14:30:00,820.84,3.578
2025-06-01 15:00:00,819.37,3.554
2025-06-01 15:30:00,818.83,3.556
2025-06-01 16:00:00,819.34,3.595
2025-06-01 16:30:00,818.61,3.677
2025-06-01 17:00:00,818.23,3.812
2025-06-01 17:30:00,817.97,4.015
2025-06-01 18:00:00,817.77,4.27
2025-06-01 18:30:00,816.29,4.595
2025-06-01 19:00:00,816.68,4.965
2025-06-01 19:30:00,816.72,5.397
2025-06-01 20:00:00,816.88,5.875
2025-06-01 20:30:00,817.17,6.409
2025-06-01 21:00:00,817.99,6.972
2025-06-01 21:30:00,819.01,7.542
2025-06-01 22:00:00,820.13,8.094
2025-06-01 22:30:00,821.68,8.594
2025-06-01 23:00:00,823.88,9.003
2025-06-01 23:30:00,826.99,9.288
2025-06-02 00:00:00,828.89,9.435
2025-06-02 00:30:00,830.6,9.447
2025-06-02 01:00:00,832.62,9.339
2025-06-02 01:30:00,833.01,9.117
2025-06-02 02:00:00,834.96,8.804
2025-06-02 02:30:00,834.13,8.446
2025-06-02 03:00:00,834.94,8.079
2025-06-02 03:30:00,833.9,7.708
2025-06-02 04:00:00,834.49,7.339
2025-06-02 04:30:00,832.68,6.975
2025-06-02 05:00:00,832.05,6.621
2025-06-02 05:30:00,831.06,6.291
2025-06-02 06:00:00,829.94,5.981
2025-06-02 06:30:00,829.55,5.693
2025-06-02 07:00:00,828.63,5.428
2025-06-02 07:30:00,827.09,5.189
2025-06-02 08:00:00,825.97,4.97
2025-06-02 08:30:00,826.33,4.774
2025-06-02 09:00:00,824.27,4.598
2025-06-02 09:30:00,823.07,4.441
2025-06-02 10:00:00,822.89,4.298
2025-06-02 10:30:00,821.14,4.171
2025-06-02 11:00:00,821.67,4.06
2025-06-02 11:30:00,820.66,3.969
2025-06-02 12:00:00,819.93,3.89
2025-06-02 12:30:00,819.78,3.823
2025-06-02 13:00:00,819.87,3.76
2025-06-02 13:30:00,819.12,3.699
2025-06-02 14:00:00,817.77,3.648
2025-06-02 14:30:00,818.16,3.609
2025-06-02 15:00:00,817.37,3.589
2025-06-02 15:30:00,817.42,3.593
2025-06-02 16:00:00,816.48,3.637
2025-06-02 16:30:00,816.68,3.725
2025-06-02 17:00:00,816.75,3.876
2025-06-02 17:30:00,816.37,4.106
2025-06-02 18:00:00,815.98,4.398
2025-06-02 18:30:00,815.75,4.753
2025-06-02 19:00:00,815.88,5.151
2025-06-02 19:30:00,815.99,5.587
2025-06-02 20:00:00,816.3,6.022
2025-06-02 20:30:00,816.56,6.494
2025-06-02 21:00:00,816.4,6.978
2025-06-02 21:30:00,817.92,7.368
2025-06-02 22:00:00,818.56,7.74
2025-06-02 22:30:00,819.8,8.049
2025-06-02 23:00:00,821.95,8.195
2025-06-02 23:30:00,822.1,8.209
2025-06-03 00:00:00,823.39,8.112
2025-06-03 00:30:00,825.49,7.921
2025-06-03 01:00:00,827.28,7.639
2025-06-03 01:30:00,827.85,7.322
2025-06-03 02:00:00,830.19,7.031
2025-06-03 02:30:00,831.66,6.752
2025-06-03 03:00:00,830.42,6.47
2025-06-03 03:30:00,829.5,6.189
2025-06-03 04:00:00,829.5,5.928
2025-06-03 04:30:00,828.41,5.69
2025-06-03 05:00:00,828.68,5.482
2025-06-03 05:30:00,828.3,5.286
2025-06-03 06:00:00,827.7,5.105
2025-06-03 06:30:00,827.14,4.928
2025-06-03 07:00:00,825.41,4.759
2025-06-03 07:30:00,825.57,4.599
2025-06-03 08:00:00,823.88,4.452
2025-06-03 08:30:00,823.13,4.313
2025-06-03 09:00:00,822.58,4.19
2025-06-03 09:30:00,822.15,4.08
2025-06-03 10:00:00,821.02,3.974
2025-06-03 10:30:00,821.39,3.883
2025-06-03 11:00:00,819.97,3.8
2025-06-03 11:30:00,820.88,3.723
2025-06-03 12:00:00,819.74,3.653
2025-06-03 12:30:00,819.38,3.587
2025-06-03 13:00:00,818.61,3.523
2025-06-03 13:30:00,818.54,3.467
2025-06-03 14:00:00,818.56,3.415
2025-06-03 14:30:00,818.18,3.373
2025-06-03 15:00:00,817.28,3.343
2025-06-03 15:30:00,816.97,3.34
2025-06-03 16:00:00,816.5,3.376
2025-06-03 16:30:00,816.27,3.469
2025-06-03 17:00:00,816.04,3.62
2025-06-03 17:30:00,815.96,3.851
2025-06-03 18:00:00,815.55,4.147
2025-06-03 18:30:00,815.29,4.503
2025-06-03 19:00:00,815.4,4.91
2025-06-03 19:30:00,814.9,5.364
2025-06-03 20:00:00,815.23,5.879
2025-06-03 20:30:00,815.75,6.448
2025-06-03 21:00:00,815.86,7.051
2025-06-03 21:30:00,815.91,7.662
2025-06-03 22:00:00,816.21,8.243
2025-06-03 22:30:00,817.56,8.735
2025-06-03 23:00:00,818.9,9.161
2025-06-03 23:30:00,820.31,9.481
2025-06-04 00:00:00,821.16,9.671
2025-06-04 00:30:00,821.73,9.75
2025-06-04 01:00:00,823.05,9.764
2025-06-04 01:30:00,822.96,9.688
2025-06-04 02:00:00,824.4,9.521
2025-06-04 02:30:00,824.55,9.287
2025-06-04 03:00:00,825.86,9.013
2025-06-04 03:30:00,824.91,8.698
2025-06-04 04:00:00,824.47,8.365
2025-06-04 04:30:00,824.65,8.026
2025-06-04 05:00:00,824.1,7.692
2025-06-04 05:30:00,823.31,7.365
2025-06-04 06:00:00,822.67,7.043
2025-06-04 06:30:00,821.56,6.743
2025-06-04 07:00:00,821.03,6.458
2025-06-04 07:30:00,820.67,6.195
2025-06-04 08:00:00,819.85,5.95
2025-06-04 08:30:00,818.98,5.724
2025-06-04 09:00:00,817.69,5.512
2025-06-04 09:30:00,817.34,5.317
2025-06-04 10:00:00,817.29,5.136
2025-06-04 10:30:00,816.96,4.969
2025-06-04 11:00:00,815.64,4.817
2025-06-04 11:30:00,815.84,4.678
2025-06-04 12:00:00,815.58,4.547
2025-06-04 12:30:00,814.87,4.424
2025-06-04 13:00:00,814.38,4.308
2025-06-04 13:30:00,813.91,4.201
2025-06-04 14:00:00,813.29,4.104
2025-06-04 14:30:00,813.32,4.019
2025-06-04 15:00:00,812.97,3.955
2025-06-04 15:30:00,812.54,3.923
2025-06-04 16:00:00,811.71,3.926
2025-06-04 16:30:00,811.88,3.972
2025-06-04 17:00:00,811.31,4.079
2025-06-04 17:30:00,810.38,4.256
2025-06-04 18:00:00,810.59,4.524
2025-06-04 18:30:00,811.01,4.824
2025-06-04 19:00:00,810.69,5.161
2025-06-04 19:30:00,811.09,5.488
2025-06-04 20:00:00,810.54,5.786
2025-06-04 20:30:00,810.57,6.211
2025-06-04 21:00:00,810.48,6.675
2025-06-04 21:30:00,810.8,7.165
2025-06-04 22:00:00,810.86,7.608
2025-06-04 22:30:00,812.08,7.947
2025-06-04 23:00:00,812.96,8.145
2025-06-04 23:30:00,815.32,8.217
2025-06-05 00:00:00,815.61,8.226
2025-06-05 00:30:00,815.93,8.161
2025-06-05 01:00:00,815.73,8.052
2025-06-05 01:30:00,816.8,7.885
2025-06-05 02:00:00,815.77,7.687
2025-06-05 02:30:00,816.08,7.467
2025-06-05 03:00:00,815.63,7.244
2025-06-05 03:30:00,815.9,7.015
2025-06-05 04:00:00,815.69,6.782
2025-06-05 04:30:00,815.23,6.552
2025-06-05 05:00:00,815.69,6.325
2025-06-05 05:30:00,815.6,6.108
2025-06-05 06:00:00,814.26,5.899
2025-06-05 06:30:00,814.32,5.698
2025-06-05 07:00:00,813.38,5.501
2025-06-05 07:30:00,813.55,5.311
2025-06-05 08:00:00,813.13,5.126
2025-06-05 08:30:00,812.31,4.949
2025-06-05 09:00:00,812.16,4.78
2025-06-05 09:30:00,811.45,4.619
2025-06-05 10:00:00,810.75,4.467
2025-06-05 10:30:00,810.69,4.325
2025-06-05 11:00:00,810.9,4.193
2025-06-05 11:30:00,810.14,4.07
2025-06-05 12:00:00,810.3,3.957
2025-06-05 12:30:00,809.94,3.85
2025-06-05 13:00:00,809.87,3.752
2025-06-05 13:30:00,809.25,3.66
2025-06-05 14:00:00,809.91,3.58
2025-06-05 14:30:00,809.17,3.514
2025-06-05 15:00:00,808.78,3.468
2025-06-05 15:30:00,808.67,3.453
2025-06-05 16:00:00,808.46,3.479
2025-06-05 16:30:00,808.17,3.557
2025-06-05 17:00:00,807.81,3.695
2025-06-05 17:30:00,808.09,3.915
2025-06-05 18:00:00,808.11,4.214
2025-06-05 18:30:00,808.04,4.579
2025-06-05 19:00:00,807.95,4.975
2025-06-05 19:30:00,807.62,5.351
2025-06-05 20:00:00,807.69,5.693
2025-06-05 20:30:00,807.87,6.12
2025-06-05 21:00:00,807.64,6.569
2025-06-05 21:30:00,808.09,6.994
2025-06-05 22:00:00,808.23,7.338
2025-06-05 22:30:00,809.04,7.646
2025-06-05 23:00:00,809.98,7.891
2025-06-05 23:30:00,810.63,8.064
2025-06-06 00:00:00,811.23,8.22
2025-06-06 00:30:00,811.48,8.331
2025-06-06 01:00:00,811.95,8.359
2025-06-06 01:30:00,812.72,8.315
2025-06-06 02:00:00,812.47,8.213
2025-06-06 02:30:00,812.81,8.06
2025-06-06 03:00:00,812.16,7.874
2025-06-06 03:30:00,812.64,7.664
2025-06-06 04:00:00,812.17,7.44
2025-06-06 04:30:00,812.24,7.204
2025-06-06 05:00:00,812.76,6.962
2025-06-06 05:30:00,812.0,6.717
2025-06-06 06:00:00,812.17,6.477
2025-06-06 06:30:00,812.18,6.244
2025-06-06 07:00:00,811.34,6.022
2025-06-06 07:30:00,810.64,5.807
2025-06-06 08:00:00,811.15,5.605
2025-06-06 08:30:00,810.36,5.414
2025-06-06 09:00:00,810.03,5.231
2025-06-06 09:30:00,809.89,5.067
2025-06-06 10:00:00,809.67,4.917
2025-06-06 10:30:00,809.45,4.787
2025-06-06 11:00:00,808.85,4.668
2025-06-06 11:30:00,808.81,4.557
2025-06-06 12:00:00,808.86,4.451
2025-06-06 12:30:00,809.37,4.351
2025-06-06 13:00:00,808.68,4.256
2025-06-06 13:30:00,808.86,4.168
2025-06-06 14:00:00,808.94,4.086
2025-06-06 14:30:00,808.47,4.018
2025-06-06 15:00:00,808.59,3.976
2025-06-06 15:30:00,808.3,3.965
2025-06-06 16:00:00,808.51,3.998
2025-06-06 16:30:00,808.36,4.073
2025-06-06 17:00:00,808.07,4.211
2025-06-06 17:30:00,808.32,4.431
2025-06-06 18:00:00,808.29,4.733
2025-06-06 18:30:00,808.33,5.105
2025-06-06 19:00:00,808.13,5.484
2025-06-06 19:30:00,808.28,5.869
2025-06-06 20:00:00,807.85,6.32
2025-06-06 20:30:00,807.96,6.817
2025-06-06 21:00:00,808.42,7.257
2025-06-06 21:30:00,808.91,7.665
2025-06-06 22:00:00,810.67,8.11
2025-06-06 22:30:00,811.94,8.403
2025-06-06 23:00:00,813.87,8.493
2025-06-06 23:30:00,815.44,8.48
2025-06-07 00:00:00,818.1,8.423
2025-06-07 00:30:00,820.51,8.175
2025-06-07 01:00:00,821.53,7.84
2025-06-07 01:30:00,822.54,7.507
2025-06-07 02:00:00,823.41,7.199
2025-06-07 02:30:00,823.14,6.923
2025-06-07 03:00:00,823.09,6.682
2025-06-07 03:30:00,822.28,6.481
2025-06-07 04:00:00,820.5,6.307
2025-06-07 04:30:00,821.12,6.147
2025-06-07 05:00:00,820.02,5.999
2025-06-07 05:30:00,819.97,5.855
2025-06-07 06:00:00,819.84,5.712
2025-06-07 06:30:00,818.92,5.571
2025-06-07 07:00:00,818.51,5.429
2025-06-07 07:30:00,817.73,5.291
2025-06-07 08:00:00,816.91,5.154
2025-06-07 08:30:00,816.27,5.023
2025-06-07 09:00:00,815.98,4.898
2025-06-07 09:30:00,815.38,4.775
2025-06-07 10:00:00,815.22,4.66
2025-06-07 10:30:00,814.99,4.55
2025-06-07 11:00:00,814.6,4.446
2025-06-07 11:30:00,814.89,4.351
2025-06-07 12:00:00,813.72,4.263
2025-06-07 12:30:00,813.54,4.176
2025-06-07 13:00:00,813.72,4.098
2025-06-07 13:30:00,813.7,4.025
2025-06-07 14:00:00,813.8,3.955
2025-06-07 14:30:00,813.21,3.897
2025-06-07 15:00:00,813.15,3.859
2025-06-07 15:30:00,813.06,3.848
2025-06-07 16:00:00,813.1,3.873
2025-06-07 16:30:00,812.54,3.958
2025-06-07 17:00:00,812.71,4.11
2025-06-07 17:30:00,812.86,4.346
2025-06-07 18:00:00,812.56,4.652
2025-06-07 18:30:00,812.55,5.027
2025-06-07 19:00:00,812.59,5.453
2025-06-07 19:30:00,812.27,5.908
2025-06-07 20:00:00,812.01,6.395
2025-06-07 20:30:00,811.93,6.925
2025-06-07 21:00:00,812.13,7.465
2025-06-07 21:30:00,812.85,7.946
2025-06-07 22:00:00,813.15,8.374
2025-06-07 22:30:00,813.97,8.802
2025-06-07 23:00:00,815.2,9.226
2025-06-07 23:30:00,816.11,9.625
2025-06-08 00:00:00,816.47,9.857
2025-06-08 00:30:00,817.2,9.969
2025-06-08 01:00:00,818.6,10.009
2025-06-08 01:30:00,818.64,9.984
2025-06-08 02:00:00,819.24,9.862
2025-06-08 02:30:00,819.58,9.674
2025-06-08 03:00:00,819.2,9.444
2025-06-08 03:30:00,819.54,9.192
2025-06-08 04:00:00,819.29,8.919
2025-06-08 04:30:00,820.26,8.637
2025-06-08 05:00:00,820.61,8.364
2025-06-08 05:30:00,820.02,8.11
2025-06-08 06:00:00,820.07,7.882
2025-06-08 06:30:00,819.13,7.669
2025-06-08 07:00:00,818.72,7.47
2025-06-08 07:30:00,818.34,7.277
2025-06-08 08:00:00,817.73,7.09
2025-06-08 08:30:00,817.69,6.91
2025-06-08 09:00:00,817.11,6.738
2025-06-08 09:30:00,816.61,6.576
2025-06-08 10:00:00,816.25,6.418
2025-06-08 10:30:00,816.0,6.262
2025-06-08 11:00:00,815.93,6.11
2025-06-08 11:30:00,815.55,5.962
2025-06-08 12:00:00,814.95,5.82
2025-06-08 12:30:00,815.22,5.685
2025-06-08 13:00:00,814.86,5.555
2025-06-08 13:30:00,814.79,5.438
2025-06-08 14:00:00,815.18,5.324
2025-06-08 14:30:00,813.69,5.227
2025-06-08 15:00:00,813.85,5.149
2025-06-08 15:30:00,813.19,5.103
2025-06-08 16:00:00,813.4,5.097
2025-06-08 16:30:00,813.64,5.144
2025-06-08 17:00:00,812.85,5.261
2025-06-08 17:30:00,813.2,5.463
2025-06-08 18:00:00,813.19,5.744
2025-06-08 18:30:00,812.94,6.096
2025-06-08 19:00:00,812.6,6.501
2025-06-08 19:30:00,812.27,6.907
2025-06-08 20:00:00,811.99,7.355
2025-06-08 20:30:00,812.02,7.855
2025-06-08 21:00:00,813.01,8.398
2025-06-08 21:30:00,813.96,8.788
2025-06-08 22:00:00,815.56,9.055
2025-06-08 22:30:00,816.55,9.327
2025-06-08 23:00:00,816.72,9.561
2025-06-08 23:30:00,817.47,9.705
2025-06-09 00:00:00,818.13,9.749
2025-06-09 00:30:00,817.79,9.718
2025-06-09 01:00:00,817.45,9.636
2025-06-09 01:30:00,817.89,9.517
2025-06-09 02:00:00,817.4,9.373
2025-06-09 02:30:00,817.03,9.206
2025-06-09 03:00:00,817.41,9.027
2025-06-09 03:30:00,817.43,8.848
2025-06-09 04:00:00,817.12,8.658
2025-06-09 04:30:00,817.09,8.45
2025-06-09 05:00:00,817.53,8.239
2025-06-09 05:30:00,817.23,8.023
2025-06-09 06:00:00,816.84,7.811
2025-06-09 06:30:00,816.03,7.59
2025-06-09 07:00:00,816.08,7.377
2025-06-09 07:30:00,815.03,7.168
2025-06-09 08:00:00,815.48,6.967
2025-06-09 08:30:00,814.97,6.774
2025-06-09 09:00:00,814.61,6.594
2025-06-09 09:30:00,814.68,6.427
2025-06-09 10:00:00,814.72,6.28
2025-06-09 10:30:00,814.32,6.147
2025-06-09 11:00:00,813.85,6.026
2025-06-09 11:30:00,813.6,5.915
2025-06-09 12:00:00,813.3,5.81
2025-06-09 12:30:00,813.16,5.71
2025-06-09 13:00:00,813.23,5.617
2025-06-09 13:30:00,812.84,5.527
2025-06-09 14:00:00,812.68,5.445
2025-06-09 14:30:00,812.49,5.376
2025-06-09 15:00:00,812.1,5.318
2025-06-09 15:30:00,812.11,5.29
2025-06-09 16:00:00,812.09,5.307
2025-06-09 16:30:00,812.13,5.37
2025-06-09 17:00:00,812.29,5.492
2025-06-09 17:30:00,811.56,5.695
2025-06-09 18:00:00,811.15,5.969
2025-06-09 18:30:00,811.14,6.309
2025-06-09 19:00:00,811.23,6.705
2025-06-09 19:30:00,810.85,7.157
2025-06-09 20:00:00,810.71,7.652
2025-06-09 20:30:00,811.0,8.113
2025-06-09 21:00:00,811.51,8.637
2025-06-09 21:30:00,810.97,9.213
2025-06-09 22:00:00,811.83,9.771
2025-06-09 22:30:00,811.99,10.231
2025-06-09 23:00:00,812.2,10.593
2025-06-09 23:30:00,812.72,10.853
2025-06-10 00:00:00,813.21,11.04
2025-06-10 00:30:00,813.87,11.178
2025-06-10 01:00:00,814.2,11.227
2025-06-10 01:30:00,814.49,11.236
2025-06-10 02:00:00,815.44,11.211
2025-06-10 02:30:00,816.65,11.156
2025-06-10 03:00:00,817.2,11.047
2025-06-10 03:30:00,817.35,10.884
2025-06-10 04:00:00,817.95,10.677
2025-06-10 04:30:00,818.7,10.433
2025-06-10 05:00:00,819.12,10.153
2025-06-10 05:30:00,818.13,9.847
2025-06-10 06:00:00,818.27,9.529
2025-06-10 06:30:00,817.75,9.209
2025-06-10 07:00:00,817.65,8.887
2025-06-10 07:30:00,817.01,8.577
2025-06-10 08:00:00,817.13,8.279
2025-06-10 08:30:00,816.66,8.002
2025-06-10 09:00:00,816.15,7.754
2025-06-10 09:30:00,815.47,7.53
2025-06-10 10:00:00,815.68,7.331
2025-06-10 10:30:00,814.93,7.157
2025-06-10 11:00:00,814.67,7.003
2025-06-10 11:30:00,814.0,6.874
2025-06-10 12:00:00,813.99,6.759
2025-06-10 12:30:00,813.79,6.659
2025-06-10 13:00:00,813.73,6.566
2025-06-10 13:30:00,813.14,6.481
2025-06-10 14:00:00,812.99,6.399
2025-06-10 14:30:00,813.29,6.328
2025-06-10 15:00:00,812.77,6.27
2025-06-10 15:30:00,812.44,6.241
2025-06-10 16:00:00,812.4,6.248
2025-06-10 16:30:00,811.99,6.3
2025-06-10 17:00:00,811.86,6.407
2025-06-10 17:30:00,811.26,6.596
2025-06-10 18:00:00,811.34,6.858
2025-06-10 18:30:00,811.28,7.184
2025-06-10 19:00:00,810.92,7.563
2025-06-10 19:30:00,810.78,7.99
2025-06-10 20:00:00,811.04,8.476
2025-06-10 20:30:00,810.7,9.019
2025-06-10 21:00:00,811.24,9.604
2025-06-10 21:30:00,811.4,10.202
2025-06-10 22:00:00,812.34,10.791
2025-06-10 22:30:00,812.63,11.332
2025-06-10 23:00:00,813.41,11.805
2025-06-10 23:30:00,813.95,12.201
2025-06-11 00:00:00,815.04,12.492
2025-06-11 00:30:00,815.69,12.678
2025-06-11 01:00:00,816.08,12.776
2025-06-11 01:30:00,816.83,12.785
2025-06-11 02:00:00,817.33,12.7
2025-06-11 02:30:00,818.04,12.538
2025-06-11 03:00:00,818.44,12.314
2025-06-11 03:30:00,819.14,12.047
2025-06-11 04:00:00,818.9,11.757
2025-06-11 04:30:00,819.6,11.448
2025-06-11 05:00:00,820.54,11.123
2025-06-11 05:30:00,820.2,10.801
2025-06-11 06:00:00,819.8,10.482
2025-06-11 06:30:00,820.19,10.168
2025-06-11 07:00:00,818.45,9.863
2025-06-11 07:30:00,818.69,9.573
2025-06-11 08:00:00,818.1,9.289
2025-06-11 08:30:00,817.58,9.018
2025-06-11 09:00:00,817.26,8.751
2025-06-11 09:30:00,816.41,8.496
2025-06-11 10:00:00,816.11,8.243
2025-06-11 10:30:00,815.87,8.004
2025-06-11 11:00:00,815.44,7.766
2025-06-11 11:30:00,814.96,7.537
2025-06-11 12:00:00,814.43,7.315
2025-06-11 12:30:00,814.01,7.103
2025-06-11 13:00:00,814.13,6.896
2025-06-11 13:30:00,813.5,6.696
2025-06-11 14:00:00,813.18,6.505
2025-06-11 14:30:00,812.37,6.331
2025-06-11 15:00:00,812.09,6.177
2025-06-11 15:30:00,812.19,6.063
2025-06-11 16:00:00,811.64,5.996
2025-06-11 16:30:00,811.14,5.99
2025-06-11 17:00:00,811.07,6.051
2025-06-11 17:30:00,810.64,6.198
2025-06-11 18:00:00,810.65,6.424
2025-06-11 18:30:00,810.37,6.716
2025-06-11 19:00:00,810.15,7.065
2025-06-11 19:30:00,809.61,7.464
2025-06-11 20:00:00,809.55,7.934
2025-06-11 20:30:00,809.29,8.45
2025-06-11 21:00:00,809.08,9.001
2025-06-11 21:30:00,809.03,9.564
2025-06-11 22:00:00,808.8,10.125
2025-06-11 22:30:00,808.7,10.658
2025-06-11 23:00:00,808.68,11.144
2025-06-11 23:30:00,809.2,11.564
2025-06-12 00:00:00,809.43,11.906
2025-06-12 00:30:00,809.62,12.167
2025-06-12 01:00:00,810.65,12.327
2025-06-12 01:30:00,810.99,12.381
2025-06-12 02:00:00,811.16,12.337
2025-06-12 02:30:00,812.02,12.212
2025-06-12 03:00:00,812.19,12.024
2025-06-12 03:30:00,812.36,11.779
2025-06-12 04:00:00,812.76,11.496
2025-06-12 04:30:00,812.89,11.183
2025-06-12 05:00:00,813.14,10.842
2025-06-12 05:30:00,813.73,10.481
2025-06-12 06:00:00,812.77,10.114
2025-06-12 06:30:00,812.24,9.753
2025-06-12 07:00:00,812.28,9.402
2025-06-12 07:30:00,811.42,9.063
2025-06-12 08:00:00,811.1,8.735
2025-06-12 08:30:00,810.85,8.416
2025-06-12 09:00:00,810.13,8.108
2025-06-12 09:30:00,809.84,7.815
2025-06-12 10:00:00,809.79,7.531
2025-06-12 10:30:00,809.28,7.258
2025-06-12 11:00:00,808.7,6.999
2025-06-12 11:30:00,808.65,6.751
2025-06-12 12:00:00,808.26,6.514
2025-06-12 12:30:00,808.48,6.287
2025-06-12 13:00:00,807.96,6.072
2025-06-12 13:30:00,807.75,5.869
2025-06-12 14:00:00,807.73,5.686
2025-06-12 14:30:00,807.1,5.521
2025-06-12 15:00:00,806.98,5.392
2025-06-12 15:30:00,806.3,5.306
2025-06-12 16:00:00,806.29,5.272
2025-06-12 16:30:00,805.79,5.294
2025-06-12 17:00:00,805.54,5.382
2025-06-12 17:30:00,805.71,5.557
2025-06-12 18:00:00,805.46,5.811
2025-06-12 18:30:00,805.54,6.133
2025-06-12 19:00:00,804.89,6.504
2025-06-12 19:30:00,805.42,6.918
2025-06-12 20:00:00,804.7,7.388
2025-06-12 20:30:00,804.48,7.906
2025-06-12 21:00:00,804.41,8.46
2025-06-12 21:30:00,804.06,9.029
2025-06-12 22:00:00,803.81,9.593
2025-06-12 22:30:00,804.05,10.12
2025-06-12 23:00:00,803.7,10.602
2025-06-12 23:30:00,803.56,11.017
2025-06-13 00:00:00,803.93,11.356
2025-06-13 00:30:00,804.13,11.611
2025-06-13 01:00:00,804.34,11.772
2025-06-13 01:30:00,804.52,11.839
2025-06-13 02:00:00,804.96,11.828
2025-06-13 02:30:00,805.18,11.746
2025-06-13 03:00:00,805.81,11.601
2025-06-13 03:30:00,805.86,11.409
2025-06-13 04:00:00,806.54,11.183
2025-06-13 04:30:00,806.18,10.928
2025-06-13 05:00:00,806.12,10.641
2025-06-13 05:30:00,806.62,10.329
2025-06-13 06:00:00,806.45,10.0
2025-06-13 06:30:00,806.39,9.665
2025-06-13 07:00:00,806.19,9.332
2025-06-13 07:30:00,806.25,9.003
2025-06-13 08:00:00,805.74,8.675
2025-06-13 08:30:00,805.59,8.35
2025-06-13 09:00:00,805.53,8.036
2025-06-13 09:30:00,805.07,7.733
2025-06-13 10:00:00,804.64,7.434
2025-06-13 10:30:00,804.55,7.144
2025-06-13 11:00:00,804.35,6.868
2025-06-13 11:30:00,804.12,6.604
2025-06-13 12:00:00,803.79,6.35
2025-06-13 12:30:00,803.32,6.11
2025-06-13 13:00:00,803.46,5.888
2025-06-13 13:30:00,803.49,5.678
2025-06-13 14:00:00,803.22,5.489
2025-06-13 14:30:00,802.69,5.322
2025-06-13 15:00:00,802.95,5.191
2025-06-13 15:30:00,802.67,5.103
2025-06-13 16:00:00,802.33,5.072
2025-06-13 16:30:00,802.12,5.097
2025-06-13 17:00:00,802.14,5.181
2025-06-13 17:30:00,802.21,5.352
2025-06-13 18:00:00,802.12,5.605
2025-06-13 18:30:00,802.3,5.929
2025-06-13 19:00:00,802.46,6.311
2025-06-13 19:30:00,801.95,6.737
2025-06-13 20:00:00,802.02,7.219
2025-06-13 20:30:00,801.75,7.744
2025-06-13 21:00:00,801.54,8.293
2025-06-13 21:30:00,801.59,8.849
2025-06-13 22:00:00,800.92,9.395
2025-06-13 22:30:00,801.23,9.918
2025-06-13 23:00:00,801.1,10.399
2025-06-13 23:30:00,801.13,10.818
2025-06-14 00:00:00,801.14,11.167
2025-06-14 00:30:00,801.15,11.438
2025-06-14 01:00:00,801.19,11.628
2025-06-14 01:30:00,801.91,11.733
2025-06-14 02:00:00,801.92,11.756
2025-06-14 02:30:00,802.02,11.716
2025-06-14 03:00:00,802.49,11.615
2025-06-14 03:30:00,802.66,11.456
2025-06-14 04:00:00,803.2,11.26
2025-06-14 04:30:00,803.77,11.028
2025-06-14 05:00:00,803.67,10.766
2025-06-14 05:30:00,803.87,10.478
2025-06-14 06:00:00,803.92,10.166
2025-06-14 06:30:00,804.01,9.847
2025-06-14 07:00:00,803.68,9.524
2025-06-14 07:30:00,803.37,9.205
2025-06-14 08:00:00,803.61,8.889
2025-06-14 08:30:00,803.42,8.576
2025-06-14 09:00:00,803.23,8.272
2025-06-14 09:30:00,803.21,7.978
2025-06-14 10:00:00,802.75,7.693
2025-06-14 10:30:00,802.76,7.419
2025-06-14 11:00:00,802.75,7.157
2025-06-14 11:30:00,802.76,6.91
2025-06-14 12:00:00,802.57,6.675
2025-06-14 12:30:00,802.41,6.449
2025-06-14 13:00:00,802.21,6.235
2025-06-14 13:30:00,802.4,6.038
2025-06-14 14:00:00,802.43,5.853
2025-06-14 14:30:00,802.06,5.699
2025-06-14 15:00:00,802.44,5.58
2025-06-14 15:30:00,802.17,5.505
2025-06-14 16:00:00,802.0,5.492
2025-06-14 16:30:00,801.92,5.544
2025-06-14 17:00:00,801.85,5.657
2025-06-14 17:30:00,801.73,5.832
2025-06-14 18:00:00,801.92,6.084
2025-06-14 18:30:00,802.12,6.41
2025-06-14 19:00:00,801.95,6.801
2025-06-14 19:30:00,801.64,7.239
2025-06-14 20:00:00,801.77,7.735
2025-06-14 20:30:00,801.68,8.276
2025-06-14 21:00:00,801.59,8.83
2025-06-14 21:30:00,801.51,9.382
2025-06-14 22:00:00,801.58,9.923
2025-06-14 22:30:00,801.6,10.425
2025-06-14 23:00:00,801.37,10.873
2025-06-14 23:30:00,801.29,11.261
2025-06-15 00:00:00,801.72,11.584
2025-06-15 00:30:00,801.85,11.84
2025-06-15 01:00:00,801.77,12.026
2025-06-15 01:30:00,801.96,12.131
2025-06-15 02:00:00,802.44,12.162
2025-06-15 02:30:00,802.78,12.127
2025-06-15 03:00:00,803.23,12.031
2025-06-15 03:30:00,803.68,11.889
2025-06-15 04:00:00,803.68,11.701
2025-06-15 04:30:00,804.04,11.477
2025-06-15 05:00:00,804.8,11.224
2025-06-15 05:30:00,804.43,10.944
2025-06-15 06:00:00,804.42,10.641
2025-06-15 06:30:00,804.66,10.323
2025-06-15 07:00:00,804.41,9.994
2025-06-15 07:30:00,803.86,9.667
2025-06-15 08:00:00,804.01,9.341
2025-06-15 08:30:00,803.78,9.019
2025-06-15 09:00:00,803.48,8.703
2025-06-15 09:30:00,803.29,8.398
2025-06-15 10:00:00,803.14,8.098
2025-06-15 10:30:00,803.0,7.81
2025-06-15 11:00:00,802.87,7.531
2025-06-15 11:30:00,802.7,7.263
2025-06-15 12:00:00,802.97,7.011
2025-06-15 12:30:00,802.81,6.77
2025-06-15 13:00:00,802.65,6.54
2025-06-15 13:30:00,802.97,6.324
2025-06-15 14:00:00,802.83,6.129
2025-06-15 14:30:00,802.52,5.956
2025-06-15 15:00:00,802.45,5.817
2025-06-15 15:30:00,802.2,5.73
2025-06-15 16:00:00,802.34,5.695
2025-06-15 16:30:00,802.17,5.717
2025-06-15 17:00:00,802.03,5.799
2025-06-15 17:30:00,802.18,5.972
2025-06-15 18:00:00,802.13,6.223
2025-06-15 18:30:00,802.34,6.558
2025-06-15 19:00:00,802.21,6.952
2025-06-15 19:30:00,802.16,7.396
2025-06-15 20:00:00,801.9,7.9
2025-06-15 20:30:00,802.05,8.445
2025-06-15 21:00:00,801.79,9.024
2025-06-15 21:30:00,801.86,9.61
2025-06-15 22:00:00,801.91,10.178
2025-06-15 22:30:00,801.78,10.709
2025-06-15 23:00:00,801.58,11.188
2025-06-15 23:30:00,801.26,11.604
2025-06-16 00:00:00,801.26,11.944
2025-06-16 00:30:00,801.61,12.212
2025-06-16 01:00:00,801.45,12.406
2025-06-16 01:30:00,801.8,12.532
2025-06-16 02:00:00,801.95,12.587
2025-06-16 02:30:00,802.04,12.573
2025-06-16 03:00:00,802.6,12.494
2025-06-16 03:30:00,802.63,12.354
2025-06-16 04:00:00,803.25,12.177
2025-06-16 04:30:00,803.44,11.971
2025-06-16 05:00:00,803.93,11.743
2025-06-16 05:30:00,804.14,11.483
2025-06-16 06:00:00,803.9,11.195
2025-06-16 06:30:00,803.88,10.884
2025-06-16 07:00:00,803.94,10.557
2025-06-16 07:30:00,803.77,10.228
2025-06-16 08:00:00,803.77,9.898
2025-06-16 08:30:00,803.38,9.577
2025-06-16 09:00:00,803.17,9.257
2025-06-16 09:30:00,802.88,8.943
2025-06-16 10:00:00,802.86,8.632
2025-06-16 10:30:00,802.66,8.331
2025-06-16 11:00:00,802.47,8.035
2025-06-16 11:30:00,802.28,7.757
2025-06-16 12:00:00,802.1,7.486
2025-06-16 12:30:00,802.24,7.232
2025-06-16 13:00:00,802.08,6.988
2025-06-16 13:30:00,802.0,6.754
2025-06-16 14:00:00,801.76,6.535
2025-06-16 14:30:00,801.66,6.333
2025-06-16 15:00:00,801.5,6.167
2025-06-16 15:30:00,801.53,6.04
2025-06-16 16:00:00,800.9,5.974
2025-06-16 16:30:00,800.93,5.964
2025-06-16 17:00:00,800.8,6.015
2025-06-16 17:30:00,800.92,6.157
2025-06-16 18:00:00,800.74,6.386
2025-06-16 18:30:00,800.82,6.693
2025-06-16 19:00:00,800.75,7.067
2025-06-16 19:30:00,800.79,7.492
2025-06-16 20:00:00,800.4,7.975
2025-06-16 20:30:00,800.54,8.502
2025-06-16 21:00:00,800.2,9.048
2025-06-16 21:30:00,800.16,9.599
2025-06-16 22:00:00,799.95,10.13
2025-06-16 22:30:00,799.75,10.618
2025-06-16 23:00:00,799.37,11.05
2025-06-16 23:30:00,799.24,11.416
2025-06-17 00:00:00,799.13,11.704
2025-06-17 00:30:00,799.04,11.918
2025-06-17 01:00:00,798.9,12.049
2025-06-17 01:30:00,798.97,12.107
2025-06-17 02:00:00,798.91,12.123
2025-06-17 02:30:00,799.31,12.069
2025-06-17 03:00:00,799.71,11.966
2025-06-17 03:30:00,799.86,11.813
2025-06-17 04:00:00,800.33,11.617
2025-06-17 04:30:00,800.57,11.388
2025-06-17 05:00:00,800.89,11.13
2025-06-17 05:30:00,801.04,10.843
2025-06-17 06:00:00,800.71,10.536
2025-06-17 06:30:00,800.71,10.211
2025-06-17 07:00:00,800.8,9.883
2025-06-17 07:30:00,800.56,9.552
2025-06-17 08:00:00,800.68,9.228
2025-06-17 08:30:00,800.39,8.916
2025-06-17 09:00:00,800.2,8.615
2025-06-17 09:30:00,799.83,8.315
2025-06-17 10:00:00,799.92,8.029
2025-06-17 10:30:00,799.68,7.754
2025-06-17 11:00:00,799.52,7.484
2025-06-17 11:30:00,799.34,7.227
2025-06-17 12:00:00,799.18,6.977
2025-06-17 12:30:00,799.24,6.741
2025-06-17 13:00:00,799.21,6.517
2025-06-17 13:30:00,799.43,6.309
2025-06-17 14:00:00,799.2,6.121
2025-06-17 14:30:00,799.2,5.955
2025-06-17 15:00:00,798.94,5.822
2025-06-17 15:30:00,799.05,5.731
2025-06-17 16:00:00,798.9,5.697
2025-06-17 16:30:00,798.92,5.722
2025-06-17 17:00:00,798.73,5.809
2025-06-17 17:30:00,798.71,5.986
2025-06-17 18:00:00,798.62,6.242
2025-06-17 18:30:00,798.83,6.578
2025-06-17 19:00:00,798.7,6.982
2025-06-17 19:30:00,798.82,7.436
2025-06-17 20:00:00,798.58,7.959
2025-06-17 20:30:00,798.4,8.536
2025-06-17 21:00:00,798.26,9.137
2025-06-17 21:30:00,798.11,9.748
2025-06-17 22:00:00,798.0,10.342
2025-06-17 22:30:00,797.63,10.906
2025-06-17 23:00:00,797.7,11.41
2025-06-17 23:30:00,797.57,11.86
2025-06-18 00:00:00,797.33,12.24
2025-06-18 00:30:00,797.45,12.542
2025-06-18 01:00:00,797.39,12.769
2025-06-18 01:30:00,797.41,12.932
2025-06-18 02:00:00,797.66,13.038
2025-06-18 02:30:00,798.15,13.09
2025-06-18 03:00:00,798.39,13.091
2025-06-18 03:30:00,798.6,13.055
2025-06-18 04:00:00,798.91,12.975
2025-06-18 04:30:00,799.57,12.851
2025-06-18 05:00:00,799.83,12.688
2025-06-18 05:30:00,800.29,12.49
2025-06-18 06:00:00,800.21,12.259
2025-06-18 06:30:00,800.22,11.999
2025-06-18 07:00:00,800.2,11.717
2025-06-18 07:30:00,800.07,11.422
2025-06-18 08:00:00,799.76,11.123
2025-06-18 08:30:00,799.95,10.828
2025-06-18 09:00:00,799.82,10.535
2025-06-18 09:30:00,799.58,10.251
2025-06-18 10:00:00,799.58,9.969
2025-06-18 10:30:00,799.4,9.699
2025-06-18 11:00:00,799.07,9.438
2025-06-18 11:30:00,799.37,9.185
2025-06-18 12:00:00,799.21,8.946
2025-06-18 12:30:00,799.04,8.718
2025-06-18 13:00:00,799.03,8.501
2025-06-18 13:30:00,799.11,8.297
2025-06-18 14:00:00,799.06,8.109
2025-06-18 14:30:00,799.0,7.94
2025-06-18 15:00:00,798.94,7.799
2025-06-18 15:30:00,798.73,7.697
2025-06-18 16:00:00,798.58,7.651
2025-06-18 16:30:00,798.46,7.664
2025-06-18 17:00:00,798.34,7.748
2025-06-18 17:30:00,798.34,7.912
2025-06-18 18:00:00,798.37,8.16
2025-06-18 18:30:00,798.53,8.482
2025-06-18 19:00:00,798.51,8.868
2025-06-18 19:30:00,798.44,9.31
2025-06-18 20:00:00,798.37,9.82
2025-06-18 20:30:00,798.36,10.381
2025-06-18 21:00:00,798.1,10.969
2025-06-18 21:30:00,797.89,11.561
2025-06-18 22:00:00,797.96,12.135
2025-06-18 22:30:00,797.47,12.673
2025-06-18 23:00:00,797.21,13.154
2025-06-18 23:30:00,797.32,13.569
2025-06-19 00:00:00,797.39,13.915
2025-06-19 00:30:00,797.49,14.183
2025-06-19 01:00:00,797.54,14.373
2025-06-19 01:30:00,797.93,14.496
2025-06-19 02:00:00,798.3,14.563
2025-06-19 02:30:00,798.66,14.577
2025-06-19 03:00:00,799.24,14.546
2025-06-19 03:30:00,799.59,14.469
2025-06-19 04:00:00,799.57,14.345
2025-06-19 04:30:00,799.91,14.182
2025-06-19 05:00:00,800.37,13.974
2025-06-19 05:30:00,800.61,13.72
2025-06-19 06:00:00,800.68,13.426
2025-06-19 06:30:00,800.83,13.109
2025-06-19 07:00:00,800.56,12.772
2025-06-19 07:30:00,800.42,12.43
2025-06-19 08:00:00,800.18,12.094
2025-06-19 08:30:00,799.84,11.763
2025-06-19 09:00:00,799.39,11.443
2025-06-19 09:30:00,799.38,11.138
2025-06-19 10:00:00,799.21,10.842
2025-06-19 10:30:00,798.69,10.558
2025-06-19 11:00:00,798.39,10.284
2025-06-19 11:30:00,798.37,10.023
2025-06-19 12:00:00,798.28,9.768
2025-06-19 12:30:00,797.83,9.524
2025-06-19 13:00:00,798.04,9.29
2025-06-19 13:30:00,797.85,9.064
2025-06-19 14:00:00,797.75,8.851
2025-06-19 14:30:00,797.89,8.656
2025-06-19 15:00:00,797.59,8.489
2025-06-19 15:30:00,797.31,8.367
2025-06-19 16:00:00,797.1,8.299
2025-06-19 16:30:00,796.61,8.288
2025-06-19 17:00:00,796.35,8.337
2025-06-19 17:30:00,796.28,8.475
2025-06-19 18:00:00,796.01,8.69
2025-06-19 18:30:00,796.42,8.982
2025-06-19 19:00:00,796.29,9.342
2025-06-19 19:30:00,796.14,9.756
2025-06-19 20:00:00,795.5,10.229
2025-06-19 20:30:00,795.21,10.738
2025-06-19 21:00:00,794.97,11.279
2025-06-19 21:30:00,794.68,11.822
2025-06-19 22:00:00,794.42,12.353
2025-06-19 22:30:00,794.54,12.857
2025-06-19 23:00:00,794.54,13.316
2025-06-19 23:30:00,794.41,13.694
2025-06-20 00:00:00,794.47,13.97
2025-06-20 00:30:00,794.28,14.179
2025-06-20 01:00:00,794.6,14.316
2025-06-20 01:30:00,795.03,14.392
2025-06-20 02:00:00,795.38,14.394
2025-06-20 02:30:00,795.58,14.324
2025-06-20 03:00:00,795.91,14.18
2025-06-20 03:30:00,796.32,13.975
2025-06-20 04:00:00,796.41,13.73
2025-06-20 04:30:00,796.88,13.451
2025-06-20 05:00:00,796.88,13.142
2025-06-20 05:30:00,796.9,12.808
2025-06-20 06:00:00,796.82,12.453
2025-06-20 06:30:00,796.21,12.086
2025-06-20 07:00:00,796.09,11.721
2025-06-20 07:30:00,795.74,11.357
2025-06-20 08:00:00,795.55,11.003
2025-06-20 08:30:00,795.11,10.665
2025-06-20 09:00:00,794.88,10.345
2025-06-20 09:30:00,794.52,10.031
2025-06-20 10:00:00,794.26,9.734
2025-06-20 10:30:00,794.0,9.446
2025-06-20 11:00:00,794.06,9.171
2025-06-20 11:30:00,794.04,8.9
2025-06-20 12:00:00,793.85,8.64
2025-06-20 12:30:00,794.02,8.392
2025-06-20 13:00:00,793.8,8.151
2025-06-20 13:30:00,793.77,7.929
2025-06-20 14:00:00,793.63,7.718
2025-06-20 14:30:00,793.26,7.528
2025-06-20 15:00:00,793.43,7.367
2025-06-20 15:30:00,793.15,7.24
2025-06-20 16:00:00,793.11,7.155
2025-06-20 16:30:00,792.94,7.1
2025-06-20 17:00:00,792.73,7.103
2025-06-20 17:30:00,792.35,7.199
2025-06-20 18:00:00,792.45,7.38
2025-06-20 18:30:00,792.23,7.633
2025-06-20 19:00:00,792.17,7.946
2025-06-20 19:30:00,792.21,8.308
2025-06-20 20:00:00,791.92,8.733
2025-06-20 20:30:00,791.83,9.202
2025-06-20 21:00:00,791.64,9.705
2025-06-20 21:30:00,791.28,10.212
2025-06-20 22:00:00,791.05,10.696
2025-06-20 22:30:00,790.75,11.142
2025-06-20 23:00:00,790.49,11.533
2025-06-20 23:30:00,790.27,11.866
2025-06-21 00:00:00,790.19,12.12
2025-06-21 00:30:00,790.08,12.292
2025-06-21 01:00:00,789.46,12.383
2025-06-21 01:30:00,789.3,12.408
2025-06-21 02:00:00,789.52,12.378
2025-06-21 02:30:00,789.27,12.3
2025-06-21 03:00:00,789.41,12.176
2025-06-21 03:30:00,789.45,12.015
2025-06-21 04:00:00,789.67,11.826
2025-06-21 04:30:00,789.58,11.608
2025-06-21 05:00:00,790.17,11.373
2025-06-21 05:30:00,790.41,11.122
2025-06-21 06:00:00,790.15,10.856
2025-06-21 06:30:00,790.19,10.581
2025-06-21 07:00:00,790.21,10.298
2025-06-21 07:30:00,789.87,10.013
2025-06-21 08:00:00,789.63,9.723
2025-06-21 08:30:00,789.22,9.437
2025-06-21 09:00:00,789.12,9.157
2025-06-21 09:30:00,788.9,8.881
2025-06-21 10:00:00,788.65,8.616
2025-06-21 10:30:00,788.54,8.356
2025-06-21 11:00:00,788.45,8.098
2025-06-21 11:30:00,787.98,7.842
2025-06-21 12:00:00,788.09,7.587
2025-06-21 12:30:00,787.75,7.337
2025-06-21 13:00:00,787.79,7.093
2025-06-21 13:30:00,787.96,6.852
2025-06-21 14:00:00,787.39,6.624
2025-06-21 14:30:00,787.49,6.413
2025-06-21 15:00:00,787.4,6.233
2025-06-21 15:30:00,787.23,6.101
2025-06-21 16:00:00,787.35,6.011
2025-06-21 16:30:00,786.9,5.96
2025-06-21 17:00:00,787.16,5.96
2025-06-21 17:30:00,787.35,6.05
2025-06-21 18:00:00,787.21,6.209
2025-06-21 18:30:00,787.56,6.432
2025-06-21 19:00:00,787.74,6.712
2025-06-21 19:30:00,787.68,7.033
2025-06-21 20:00:00,787.72,7.417
2025-06-21 20:30:00,787.65,7.849
2025-06-21 21:00:00,787.6,8.327
2025-06-21 21:30:00,787.59,8.826
2025-06-21 22:00:00,787.56,9.32
2025-06-21 22:30:00,787.49,9.746
2025-06-21 23:00:00,787.53,10.137
2025-06-21 23:30:00,787.48,10.436
2025-06-22 00:00:00,787.83,10.621
2025-06-22 00:30:00,787.8,10.716
2025-06-22 01:00:00,787.48,10.701
2025-06-22 01:30:00,787.55,10.633
2025-06-22 02:00:00,787.55,10.537
2025-06-22 02:30:00,787.6,10.413
2025-06-22 03:00:00,787.78,10.263
2025-06-22 03:30:00,787.95,10.093
2025-06-22 04:00:00,787.9,9.896
2025-06-22 04:30:00,787.87,9.68
2025-06-22 05:00:00,788.2,9.453
2025-06-22 05:30:00,788.53,9.212
2025-06-22 06:00:00,788.61,8.962
2025-06-22 06:30:00,788.49,8.71
2025-06-22 07:00:00,788.31,8.457
2025-06-22 07:30:00,788.39,8.208
2025-06-22 08:00:00,787.99,7.96
2025-06-22 08:30:00,788.29,7.714
2025-06-22 09:00:00,788.32,7.474
2025-06-22 09:30:00,788.24,7.236
2025-06-22 10:00:00,788.02,7.0
2025-06-22 10:30:00,788.07,6.769
2025-06-22 11:00:00,787.95,6.548
2025-06-22 11:30:00,788.01,6.325
2025-06-22 12:00:00,788.14,6.115
2025-06-22 12:30:00,788.23,5.906
2025-06-22 13:00:00,788.36,5.705
2025-06-22 13:30:00,788.49,5.511
2025-06-22 14:00:00,788.37,5.33
2025-06-22 14:30:00,788.51,5.16
2025-06-22 15:00:00,788.56,5.011
2025-06-22 15:30:00,788.59,4.897
2025-06-22 16:00:00,788.72,4.828
2025-06-22 16:30:00,788.69,4.805
2025-06-22 17:00:00,788.65,4.839
2025-06-22 17:30:00,788.65,4.97
2025-06-22 18:00:00,788.77,5.179
2025-06-22 18:30:00,788.85,5.456
2025-06-22 19:00:00,789.0,5.786
2025-06-22 19:30:00,788.9,6.165
2025-06-22 20:00:00,789.24,6.617
2025-06-22 20:30:00,788.96,7.138
2025-06-22 21:00:00,789.02,7.705
2025-06-22 21:30:00,789.11,8.298
2025-06-22 22:00:00,789.06,8.889
2025-06-22 22:30:00,788.83,9.448
2025-06-22 23:00:00,788.75,9.957
2025-06-22 23:30:00,788.7,10.394
2025-06-23 00:00:00,788.53,10.755
2025-06-23 00:30:00,788.3,11.035
2025-06-23 01:00:00,788.17,11.241
2025-06-23 01:30:00,788.38,11.379
2025-06-23 02:00:00,788.63,11.45
2025-06-23 02:30:00,788.45,11.467
2025-06-23 03:00:00,788.37,11.448
2025-06-23 03:30:00,788.46,11.398
2025-06-23 04:00:00,788.67,11.316
2025-06-23 04:30:00,788.84,11.209
2025-06-23 05:00:00,789.1,11.078
2025-06-23 05:30:00,789.28,10.927
2025-06-23 06:00:00,789.31,10.757
2025-06-23 06:30:00,789.22,10.56
2025-06-23 07:00:00,789.29,10.342
2025-06-23 07:30:00,789.09,10.108
2025-06-23 08:00:00,788.89,9.866
2025-06-23 08:30:00,788.71,9.628
2025-06-23 09:00:00,788.61,9.392
2025-06-23 09:30:00,788.62,9.168
2025-06-23 10:00:00,788.61,8.947
2025-06-23 10:30:00,788.44,8.732
2025-06-23 11:00:00,788.4,8.521
2025-06-23 11:30:00,788.47,8.324
2025-06-23 12:00:00,788.55,8.128
2025-06-23 12:30:00,788.38,7.937
2025-06-23 13:00:00,788.55,7.753
2025-06-23 13:30:00,788.66,7.578
2025-06-23 14:00:00,788.81,7.417
2025-06-23 14:30:00,788.94,7.275
2025-06-23 15:00:00,789.0,7.149
2025-06-23 15:30:00,789.1,7.026
2025-06-23 16:00:00,789.04,6.924
2025-06-23 16:30:00,788.94,6.856
2025-06-23 17:00:00,788.87,6.836
2025-06-23 17:30:00,788.92,6.91
2025-06-23 18:00:00,788.96,7.065
2025-06-23 18:30:00,789.19,7.279
2025-06-23 19:00:00,789.07,7.549
2025-06-23 19:30:00,788.98,7.854
2025-06-23 20:00:00,789.18,8.125
2025-06-23 20:30:00,789.29,8.29
2025-06-23 21:00:00,789.45,8.432
2025-06-23 21:30:00,789.74,8.591
2025-06-23 22:00:00,789.84,8.727
2025-06-23 22:30:00,790.06,8.823
2025-06-23 23:00:00,790.41,8.901
2025-06-23 23:30:00,790.39,8.961
2025-06-24 00:00:00,790.37,8.993
2025-06-24 00:30:00,790.1,9.0
2025-06-24 01:00:00,789.93,9.0
2025-06-24 01:30:00,789.63,8.992
2025-06-24 02:00:00,789.46,8.972
2025-06-24 02:30:00,789.3,8.935
2025-06-24 03:00:00,789.18,8.891
2025-06-24 03:30:00,788.89,8.842
2025-06-24 04:00:00,789.04,8.777
2025-06-24 04:30:00,789.07,8.698
2025-06-24 05:00:00,789.28,8.601
2025-06-24 05:30:00,789.34,8.492
2025-06-24 06:00:00,789.5,8.369
2025-06-24 06:30:00,789.45,8.236
2025-06-24 07:00:00,789.43,8.093
2025-06-24 07:30:00,789.33,7.937
2025-06-24 08:00:00,789.2,7.772
2025-06-24 08:30:00,789.05,7.604
2025-06-24 09:00:00,789.12,7.429
2025-06-24 09:30:00,789.01,7.251
2025-06-24 10:00:00,788.86,7.066
2025-06-24 10:30:00,788.87,6.881
2025-06-24 11:00:00,788.92,6.702
2025-06-24 11:30:00,788.92,6.525
2025-06-24 12:00:00,789.01,6.353
2025-06-24 12:30:00,789.24,6.184
2025-06-24 13:00:00,789.18,6.018
2025-06-24 13:30:00,789.43,5.861
2025-06-24 14:00:00,789.47,5.713
2025-06-24 14:30:00,789.46,5.58
2025-06-24 15:00:00,789.58,5.467
2025-06-24 15:30:00,789.72,5.392
2025-06-24 16:00:00,789.77,5.36
2025-06-24 16:30:00,789.89,5.384
2025-06-24 17:00:00,790.06,5.47
2025-06-24 17:30:00,790.14,5.651
2025-06-24 18:00:00,790.21,5.907
2025-06-24 18:30:00,790.49,6.184
2025-06-24 19:00:00,790.51,6.414
2025-06-24 19:30:00,790.57,6.637
2025-06-24 20:00:00,790.44,6.893
2025-06-24 20:30:00,790.4,7.187
2025-06-24 21:00:00,790.21,7.516
2025-06-24 21:30:00,790.4,7.866
2025-06-24 22:00:00,790.29,8.191
2025-06-24 22:30:00,790.16,8.459
2025-06-24 23:00:00,790.11,8.717
2025-06-24 23:30:00,789.99,9.056
2025-06-25 00:00:00,789.95,9.355
2025-06-25 00:30:00,789.87,9.593
2025-06-25 01:00:00,790.1,9.796
2025-06-25 01:30:00,790.15,9.942
2025-06-25 02:00:00,790.44,10.02
2025-06-25 02:30:00,790.55,10.06
2025-06-25 03:00:00,790.64,10.075
2025-06-25 03:30:00,790.85,10.077
2025-06-25 04:00:00,791.0,10.067
2025-06-25 04:30:00,791.34,10.038
2025-06-25 05:00:00,791.53,9.99
2025-06-25 05:30:00,791.46,9.932
2025-06-25 06:00:00,791.49,9.856
2025-06-25 06:30:00,791.46,9.76
2025-06-25 07:00:00,791.88,9.641
2025-06-25 07:30:00,791.57,9.5
2025-06-25 08:00:00,791.75,9.341
2025-06-25 08:30:00,791.67,9.168
2025-06-25 09:00:00,791.53,8.982
2025-06-25 09:30:00,791.57,8.782
2025-06-25 10:00:00,791.57,8.575
2025-06-25 10:30:00,791.64,8.366
2025-06-25 11:00:00,791.6,8.155
2025-06-25 11:30:00,791.7,7.949
2025-06-25 12:00:00,791.7,7.745
2025-06-25 12:30:00,792.01,7.546
2025-06-25 13:00:00,792.11,7.348
2025-06-25 13:30:00,792.32,7.158
2025-06-25 14:00:00,792.53,6.976
2025-06-25 14:30:00,792.41,6.81
2025-06-25 15:00:00,792.5,6.66
2025-06-25 15:30:00,792.3,6.549
2025-06-25 16:00:00,792.36,6.489
2025-06-25 16:30:00,792.23,6.486
2025-06-25 17:00:00,792.34,6.556
2025-06-25 17:30:00,792.22,6.721
2025-06-25 18:00:00,792.36,6.957
2025-06-25 18:30:00,792.35,7.25
2025-06-25 19:00:00,792.33,7.586
2025-06-25 19:30:00,792.38,7.962
2025-06-25 20:00:00,792.26,8.401
2025-06-25 20:30:00,792.14,8.903
2025-06-25 21:00:00,792.12,9.455
2025-06-25 21:30:00,792.02,10.031
2025-06-25 22:00:00,792.04,10.61
2025-06-25 22:30:00,791.7,11.164
2025-06-25 23:00:00,791.62,11.656
2025-06-25 23:30:00,791.32,12.057
2025-06-26 00:00:00,791.19,12.426
2025-06-26 00:30:00,791.06,12.748
2025-06-26 01:00:00,790.81,12.982
2025-06-26 01:30:00,790.83,13.13
2025-06-26 02:00:00,790.9,13.2
2025-06-26 02:30:00,791.02,13.206
2025-06-26 03:00:00,791.2,13.159
2025-06-26 03:30:00,791.46,13.082
2025-06-26 04:00:00,791.67,12.973
2025-06-26 04:30:00,791.89,12.834
2025-06-26 05:00:00,792.24,12.675
2025-06-26 05:30:00,792.34,12.508
2025-06-26 06:00:00,792.62,12.331
2025-06-26 06:30:00,792.66,12.143
2025-06-26 07:00:00,792.83,11.941
2025-06-26 07:30:00,792.88,11.719
2025-06-26 08:00:00,792.97,11.478
2025-06-26 08:30:00,792.79,11.222
2025-06-26 09:00:00,792.67,10.952
2025-06-26 09:30:00,792.67,10.682
2025-06-26 10:00:00,792.52,10.411
2025-06-26 10:30:00,792.51,10.146
2025-06-26 11:00:00,792.35,9.884
2025-06-26 11:30:00,792.29,9.624
2025-06-26 12:00:00,792.29,9.369
2025-06-26 12:30:00,792.18,9.117
2025-06-26 13:00:00,792.22,8.868
2025-06-26 13:30:00,792.19,8.626
2025-06-26 14:00:00,791.99,8.392
2025-06-26 14:30:00,792.0,8.174
2025-06-26 15:00:00,791.69,7.978
2025-06-26 15:30:00,791.47,7.824
2025-06-26 16:00:00,791.3,7.722
2025-06-26 16:30:00,791.35,7.684
2025-06-26 17:00:00,791.1,7.717
2025-06-26 17:30:00,791.19,7.849
2025-06-26 18:00:00,791.1,8.058
2025-06-26 18:30:00,791.08,8.326
2025-06-26 19:00:00,790.99,8.643
2025-06-26 19:30:00,791.05,9.006
2025-06-26 20:00:00,791.02,9.434
2025-06-26 20:30:00,790.87,9.927
2025-06-26 21:00:00,790.89,10.468
2025-06-26 21:30:00,790.83,11.038
2025-06-26 22:00:00,790.78,11.612
2025-06-26 22:30:00,790.57,12.158
2025-06-26 23:00:00,790.4,12.663
2025-06-26 23:30:00,790.22,13.11
2025-06-27 00:00:00,790.05,13.474
2025-06-27 00:30:00,789.81,13.754
2025-06-27 01:00:00,789.77,13.946
2025-06-27 01:30:00,789.86,14.057
2025-06-27 02:00:00,789.92,14.095
2025-06-27 02:30:00,790.26,14.074
2025-06-27 03:00:00,790.41,14.012
2025-06-27 03:30:00,790.8,13.924
2025-06-27 04:00:00,790.98,13.809
2025-06-27 04:30:00,791.5,13.678
2025-06-27 05:00:00,791.72,13.531
2025-06-27 05:30:00,792.06,13.372
2025-06-27 06:00:00,792.03,13.195
2025-06-27 06:30:00,792.17,13.0
2025-06-27 07:00:00,792.17,12.783
2025-06-27 07:30:00,792.22,12.55
2025-06-27 08:00:00,792.24,12.297
2025-06-27 08:30:00,792.26,12.031
2025-06-27 09:00:00,792.1,11.754
2025-06-27 09:30:00,791.97,11.471
2025-06-27 10:00:00,791.7,11.186
2025-06-27 10:30:00,791.72,10.908
2025-06-27 11:00:00,791.45,10.628
2025-06-27 11:30:00,791.37,10.36
2025-06-27 12:00:00,791.38,10.099
2025-06-27 12:30:00,791.52,9.847
2025-06-27 13:00:00,791.46,9.604
2025-06-27 13:30:00,791.52,9.366
2025-06-27 14:00:00,791.63,9.144
2025-06-27 14:30:00,791.31,8.94
2025-06-27 15:00:00,791.46,8.761
2025-06-27 15:30:00,791.43,8.624
2025-06-27 16:00:00,791.55,8.539
2025-06-27 16:30:00,791.63,8.515
2025-06-27 17:00:00,791.64,8.557
2025-06-27 17:30:00,791.35,8.693
2025-06-27 18:00:00,791.6,8.907
2025-06-27 18:30:00,791.68,9.184
2025-06-27 19:00:00,791.63,9.508
2025-06-27 19:30:00,791.95,9.88
2025-06-27 20:00:00,791.71,10.322
2025-06-27 20:30:00,791.81,10.825
2025-06-27 21:00:00,791.69,11.381
2025-06-27 21:30:00,791.68,11.964
2025-06-27 22:00:00,791.58,12.546
2025-06-27 22:30:00,791.5,13.102
2025-06-27 23:00:00,791.42,13.612
2025-06-27 23:30:00,791.4,14.054
2025-06-28 00:00:00,791.33,14.422
2025-06-28 00:30:00,791.34,14.699
2025-06-28 01:00:00,791.29,14.888
2025-06-28 01:30:00,791.43,14.995
2025-06-28 02:00:00,791.82,15.033
2025-06-28 02:30:00,791.97,15.022
2025-06-28 03:00:00,792.26,14.975
2025-06-28 03:30:00,792.71,14.898
2025-06-28 04:00:00,793.11,14.798
2025-06-28 04:30:00,793.47,14.679
2025-06-28 05:00:00,793.83,14.543
2025-06-28 05:30:00,794.19,14.391
2025-06-28 06:00:00,794.05,14.224
2025-06-28 06:30:00,794.16,14.032
2025-06-28 07:00:00,794.39,13.824
2025-06-28 07:30:00,794.19,13.591
2025-06-28 08:00:00,794.21,13.337
2025-06-28 08:30:00,794.27,13.072
2025-06-28 09:00:00,794.05,12.794
2025-06-28 09:30:00,793.97,12.514
2025-06-28 10:00:00,793.96,12.233
2025-06-28 10:30:00,793.94,11.954
2025-06-28 11:00:00,793.76,11.679
2025-06-28 11:30:00,793.83,11.419
2025-06-28 12:00:00,793.83,11.169
2025-06-28 12:30:00,793.88,10.925
2025-06-28 13:00:00,793.76,10.693
2025-06-28 13:30:00,794.05,10.471
2025-06-28 14:00:00,794.08,10.26
2025-06-28 14:30:00,794.22,10.062
2025-06-28 15:00:00,794.13,9.89
2025-06-28 15:30:00,794.21,9.751
2025-06-28 16:00:00,794.14,9.669
2025-06-28 16:30:00,793.94,9.643
2025-06-28 17:00:00,793.86,9.678
2025-06-28 17:30:00,793.72,9.806
2025-06-28 18:00:00,793.77,10.009
2025-06-28 18:30:00,793.74,10.275
2025-06-28 19:00:00,793.71,10.587
2025-06-28 19:30:00,793.57,10.912
2025-06-28 20:00:00,793.72,11.267
2025-06-28 20:30:00,793.57,11.721
2025-06-28 21:00:00,793.57,12.241
2025-06-28 21:30:00,793.29,12.74
2025-06-28 22:00:00,793.14,13.228
2025-06-28 22:30:00,793.14,13.76
2025-06-28 23:00:00,793.07,14.272
2025-06-28 23:30:00,793.07,14.72
2025-06-29 00:00:00,792.84,15.105
2025-06-29 00:30:00,792.61,15.419
2025-06-29 01:00:00,792.69,15.649
2025-06-29 01:30:00,793.0,15.813
2025-06-29 02:00:00,792.95,15.914
2025-06-29 02:30:00,793.17,15.951
2025-06-29 03:00:00,793.47,15.93
2025-06-29 03:30:00,793.75,15.862
2025-06-29 04:00:00,794.2,15.763
2025-06-29 04:30:00,794.51,15.641
2025-06-29 05:00:00,794.68,15.509
2025-06-29 05:30:00,795.0,15.371
2025-06-29 06:00:00,795.17,15.212
2025-06-29 06:30:00,794.99,15.037
2025-06-29 07:00:00,795.37,14.828
2025-06-29 07:30:00,795.07,14.58
2025-06-29 08:00:00,795.08,14.3
2025-06-29 08:30:00,795.11,14.009
2025-06-29 09:00:00,795.07,13.709
2025-06-29 09:30:00,794.96,13.403
2025-06-29 10:00:00,794.86,13.099
2025-06-29 10:30:00,794.77,12.792
2025-06-29 11:00:00,794.49,12.488
2025-06-29 11:30:00,794.4,12.193
2025-06-29 12:00:00,794.79,11.906
2025-06-29 12:30:00,794.69,11.629
2025-06-29 13:00:00,794.57,11.364
2025-06-29 13:30:00,794.52,11.107
2025-06-29 14:00:00,794.66,10.867
2025-06-29 14:30:00,794.65,10.648
2025-06-29 15:00:00,794.57,10.458
2025-06-29 15:30:00,794.55,10.317
2025-06-29 16:00:00,794.29,10.236
2025-06-29 16:30:00,794.28,10.218
2025-06-29 17:00:00,794.14,10.263
2025-06-29 17:30:00,794.12,10.396
2025-06-29 18:00:00,794.06,10.606
2025-06-29 18:30:00,793.99,10.869
2025-06-29 19:00:00,793.99,11.179
2025-06-29 19:30:00,793.91,11.545
2025-06-29 20:00:00,793.54,11.973
2025-06-29 20:30:00,793.22,12.473
2025-06-29 21:00:00,793.05,13.001
2025-06-29 21:30:00,792.92,13.577
2025-06-29 22:00:00,792.47,14.145
2025-06-29 22:30:00,792.38,14.686
2025-06-29 23:00:00,792.06,15.178
2025-06-29 23:30:00,791.84,15.604
2025-06-30 00:00:00,791.85,15.956
2025-06-30 00:30:00,791.72,16.211
2025-06-30 01:00:00,791.67,16.364
2025-06-30 01:30:00,792.01,16.43
2025-06-30 02:00:00,792.07,16.431
2025-06-30 02:30:00,792.32,16.379
2025-06-30 03:00:00,792.44,16.287
2025-06-30 03:30:00,792.63,16.168
2025-06-30 04:00:00,792.94,16.026
2025-06-30 04:30:00,793.19,15.862
2025-06-30 05:00:00,793.31,15.684
2025-06-30 05:30:00,793.4,15.487
2025-06-30 06:00:00,793.42,15.272
2025-06-30 06:30:00,793.49,15.033
2025-06-30 07:00:00,793.39,14.769
2025-06-30 07:30:00,793.34,14.486
2025-06-30 08:00:00,793.14,14.193
2025-06-30 08:30:00,792.89,13.886
2025-06-30 09:00:00,792.58,13.58
2025-06-30 09:30:00,792.26,13.27
2025-06-30 10:00:00,792.2,12.967
2025-06-30 10:30:00,792.02,12.664
2025-06-30 11:00:00,792.04,12.36
2025-06-30 11:30:00,792.06,12.063
2025-06-30 12:00:00,792.06,11.769
2025-06-30 12:30:00,792.12,11.485
2025-06-30 13:00:00,792.19,11.21
2025-06-30 13:30:00,792.27,10.945
2025-06-30 14:00:00,792.37,10.688
2025-06-30 14:30:00,792.34,10.454
2025-06-30 15:00:00,792.37,10.241
2025-06-30 15:30:00,792.17,10.069
2025-06-30 16:00:00,791.97,9.96
2025-06-30 16:30:00,791.66,9.919
2025-06-30 17:00:00,791.48,9.945
2025-06-30 17:30:00,791.37,10.072
2025-06-30 18:00:00,791.33,10.281
2025-06-30 18:30:00,791.79,10.542
2025-06-30 19:00:00,791.51,10.845
2025-06-30 19:30:00,791.45,11.187
2025-06-30 20:00:00,791.24,11.601
2025-06-30 20:30:00,791.26,12.079
2025-06-30 21:00:00,790.96,12.609
2025-06-30 21:30:00,790.66,13.165
2025-06-30 22:00:00,790.45,13.723
2025-06-30 22:30:00,790.26,14.238
2025-06-30 23:00:00,790.3,14.703
2025-06-30 23:30:00,790.15,15.09
2025-07-01 00:00:00,789.77,15.401
2025-07-01 00:30:00,789.73,15.639
2025-07-01 01:00:00,789.42,15.802
2025-07-01 01:30:00,789.53,15.886
2025-07-01 02:00:00,789.57,15.898
2025-07-01 02:30:00,789.62,15.866
2025-07-01 03:00:00,789.6,15.791
2025-07-01 03:30:00,790.09,15.694
2025-07-01 04:00:00,790.21,15.57
2025-07-01 04:30:00,790.6,15.428
2025-07-01 05:00:00,790.77,15.274
2025-07-01 05:30:00,790.77,15.113
2025-07-01 06:00:00,790.78,14.945
2025-07-01 06:30:00,790.9,14.766
2025-07-01 07:00:00,790.99,14.572
2025-07-01 07:30:00,791.11,14.355
2025-07-01 08:00:00,790.94,14.123
2025-07-01 08:30:00,790.75,13.873
2025-07-01 09:00:00,790.79,13.61
2025-07-01 09:30:00,790.53,13.345
2025-07-01 10:00:00,790.5,13.083
2025-07-01 10:30:00,790.52,12.826
2025-07-01 11:00:00,790.55,12.571
2025-07-01 11:30:00,790.52,12.32
2025-07-01 12:00:00,790.48,12.072
2025-07-01 12:30:00,790.71,11.831
2025-07-01 13:00:00,790.61,11.592
2025-07-01 13:30:00,790.81,11.363
2025-07-01 14:00:00,790.74,11.143
2025-07-01 14:30:00,790.78,10.935
2025-07-01 15:00:00,790.62,10.744
2025-07-01 15:30:00,790.5,10.592
2025-07-01 16:00:00,790.2,10.486
2025-07-01 16:30:00,789.98,10.44
2025-07-01 17:00:00,789.94,10.46
2025-07-01 17:30:00,789.95,10.578
2025-07-01 18:00:00,789.82,10.766
2025-07-01 18:30:00,789.7,11.0
2025-07-01 19:00:00,789.82,11.265
2025-07-01 19:30:00,789.95,11.573
2025-07-01 20:00:00,789.87,11.95
2025-07-01 20:30:00,789.66,12.4
2025-07-01 21:00:00,789.53,12.875
2025-07-01 21:30:00,789.35,13.31
2025-07-01 22:00:00,789.3,13.693
2025-07-01 22:30:00,789.29,14.072
2025-07-01 23:00:00,788.99,14.362
2025-07-01 23:30:00,788.72,14.583
2025-07-02 00:00:00,788.76,14.756
2025-07-02 00:30:00,788.56,14.88
2025-07-02 01:00:00,788.3,14.954
2025-07-02 01:30:00,788.35,14.988
2025-07-02 02:00:00,788.28,14.99
2025-07-02 02:30:00,788.44,14.966
2025-07-02 03:00:00,788.57,14.917
2025-07-02 03:30:00,788.52,14.849
2025-07-02 04:00:00,788.58,14.772
2025-07-02 04:30:00,788.91,14.677
2025-07-02 05:00:00,788.96,14.567
2025-07-02 05:30:00,789.03,14.44
2025-07-02 06:00:00,789.18,14.288
2025-07-02 06:30:00,789.32,14.111
2025-07-02 07:00:00,789.49,13.91
2025-07-02 07:30:00,789.5,13.69
2025-07-02 08:00:00,789.55,13.448
2025-07-02 08:30:00,789.47,13.195
2025-07-02 09:00:00,789.35,12.939
2025-07-02 09:30:00,789.23,12.679
2025-07-02 10:00:00,788.99,12.417
2025-07-02 10:30:00,789.01,12.157
2025-07-02 11:00:00,788.89,11.894
2025-07-02 11:30:00,788.92,11.63
2025-07-02 12:00:00,788.92,11.364
2025-07-02 12:30:00,789.08,11.104
2025-07-02 13:00:00,789.16,10.841
2025-07-02 13:30:00,789.29,10.591
2025-07-02 14:00:00,789.31,10.341
2025-07-02 14:30:00,789.28,10.104
2025-07-02 15:00:00,789.19,9.89
2025-07-02 15:30:00,789.19,9.707
2025-07-02 16:00:00,789.09,9.591
2025-07-02 16:30:00,788.82,9.537
2025-07-02 17:00:00,788.75,9.563
2025-07-02 17:30:00,788.71,9.689
2025-07-02 18:00:00,788.87,9.893
2025-07-02 18:30:00,788.67,10.149
2025-07-02 19:00:00,788.81,10.445
2025-07-02 19:30:00,788.73,10.768
2025-07-02 20:00:00,788.4,11.057
2025-07-02 20:30:00,788.16,11.397
2025-07-02 21:00:00,788.11,11.854
2025-07-02 21:30:00,787.91,12.395
2025-07-02 22:00:00,787.94,12.941
2025-07-02 22:30:00,787.87,13.43
2025-07-02 23:00:00,787.63,13.864
2025-07-02 23:30:00,788.2,14.207
2025-07-03 00:00:00,789.0,14.387
2025-07-03 00:30:00,788.96,14.425
2025-07-03 01:00:00,788.99,14.39
2025-07-03 01:30:00,790.39,14.328
2025-07-03 02:00:00,791.63,14.228
2025-07-03 02:30:00,792.82,14.08
2025-07-03 03:00:00,793.38,13.895
2025-07-03 03:30:00,794.03,13.705
2025-07-03 04:00:00,795.09,13.528
2025-07-03 04:30:00,795.74,13.325
2025-07-03 05:00:00,796.71,13.069
2025-07-03 05:30:00,797.25,12.746
2025-07-03 06:00:00,797.69,12.378
2025-07-03 06:30:00,797.77,11.966
2025-07-03 07:00:00,797.69,11.559
2025-07-03 07:30:00,797.18,11.179
2025-07-03 08:00:00,796.6,10.845
2025-07-03 08:30:00,796.08,10.547
2025-07-03 09:00:00,795.23,10.288
2025-07-03 09:30:00,794.95,10.058
2025-07-03 10:00:00,794.61,9.857
2025-07-03 10:30:00,794.24,9.67
2025-07-03 11:00:00,793.9,9.5
2025-07-03 11:30:00,793.8,9.343
2025-07-03 12:00:00,793.49,9.194
2025-07-03 12:30:00,793.38,9.053
2025-07-03 13:00:00,793.17,8.919
2025-07-03 13:30:00,792.99,8.793
2025-07-03 14:00:00,793.12,8.676
2025-07-03 14:30:00,792.87,8.567
2025-07-03 15:00:00,792.74,8.475
2025-07-03 15:30:00,793.04,8.415
2025-07-03 16:00:00,792.94,8.4
2025-07-03 16:30:00,792.89,8.437
2025-07-03 17:00:00,792.93,8.532
2025-07-03 17:30:00,792.65,8.718
2025-07-03 18:00:00,792.39,8.976
2025-07-03 18:30:00,792.54,9.289
2025-07-03 19:00:00,792.49,9.65
2025-07-03 19:30:00,792.3,10.065
2025-07-03 20:00:00,792.51,10.522
2025-07-03 20:30:00,792.58,10.949
2025-07-03 21:00:00,792.72,11.327
2025-07-03 21:30:00,792.72,11.713
2025-07-03 22:00:00,792.73,12.204
2025-07-03 22:30:00,792.43,12.648
2025-07-03 23:00:00,792.19,13.018
2025-07-03 23:30:00,792.2,13.316
2025-07-04 00:00:00,791.98,13.519
2025-07-04 00:30:00,791.73,13.648
2025-07-04 01:00:00,791.66,13.735
2025-07-04 01:30:00,791.58,13.795
2025-07-04 02:00:00,791.24,13.83
2025-07-04 02:30:00,791.37,13.832
2025-07-04 03:00:00,791.27,13.8
2025-07-04 03:30:00,791.16,13.735
2025-07-04 04:00:00,791.32,13.644
2025-07-04 04:30:00,791.56,13.528
2025-07-04 05:00:00,791.65,13.392
2025-07-04 05:30:00,791.84,13.242
2025-07-04 06:00:00,791.48,13.075
2025-07-04 06:30:00,791.45,12.892
2025-07-04 07:00:00,791.24,12.692
2025-07-04 07:30:00,791.01,12.479
2025-07-04 08:00:00,790.91,12.263
2025-07-04 08:30:00,790.79,12.037
2025-07-04 09:00:00,790.73,11.804
2025-07-04 09:30:00,790.67,11.571
2025-07-04 10:00:00,790.58,11.343
2025-07-04 10:30:00,790.52,11.122
2025-07-04 11:00:00,790.64,10.901
2025-07-04 11:30:00,790.53,10.671
2025-07-04 12:00:00,790.6,10.443
2025-07-04 12:30:00,790.6,10.214
2025-07-04 13:00:00,790.58,9.984
2025-07-04 13:30:00,790.76,9.756
2025-07-04 14:00:00,790.8,9.532
2025-07-04 14:30:00,790.77,9.323
2025-07-04 15:00:00,790.93,9.128
2025-07-04 15:30:00,791.03,8.975
2025-07-04 16:00:00,791.32,8.864
2025-07-04 16:30:00,791.38,8.793
2025-07-04 17:00:00,791.49,8.768
2025-07-04 17:30:00,791.51,8.837
2025-07-04 18:00:00,791.67,8.987
2025-07-04 18:30:00,791.72,9.194
2025-07-04 19:00:00,791.81,9.45
2025-07-04 19:30:00,791.74,9.762
2025-07-04 20:00:00,791.89,10.137
2025-07-04 20:30:00,791.94,10.579
2025-07-04 21:00:00,791.95,11.075
2025-07-04 21:30:00,792.16,11.604
2025-07-04 22:00:00,792.02,12.132
2025-07-04 22:30:00,791.73,12.638
2025-07-04 23:00:00,791.89,13.09
2025-07-04 23:30:00,791.63,13.479
2025-07-05 00:00:00,791.51,13.793
2025-07-05 00:30:00,791.31,14.026
2025-07-05 01:00:00,791.26,14.17
2025-07-05 01:30:00,791.28,14.231
2025-07-05 02:00:00,791.01,14.216
2025-07-05 02:30:00,791.13,14.148
2025-07-05 03:00:00,791.13,14.047
2025-07-05 03:30:00,791.26,13.918
2025-07-05 04:00:00,791.47,13.763
2025-07-05 04:30:00,791.86,13.591
2025-07-05 05:00:00,791.99,13.405
2025-07-05 05:30:00,792.16,13.211
2025-07-05 06:00:00,792.32,13.009
2025-07-05 06:30:00,792.45,12.803
2025-07-05 07:00:00,792.37,12.586
2025-07-05 07:30:00,792.4,12.353
2025-07-05 08:00:00,792.4,12.113
2025-07-05 08:30:00,792.14,11.861
2025-07-05 09:00:00,792.22,11.597
2025-07-05 09:30:00,792.01,11.329
2025-07-05 10:00:00,791.96,11.054
2025-07-05 10:30:00,791.97,10.772
2025-07-05 11:00:00,791.7,10.495
2025-07-05 11:30:00,791.64,10.22
2025-07-05 12:00:00,791.59,9.95
2025-07-05 12:30:00,791.91,9.68
2025-07-05 13:00:00,791.85,9.417
2025-07-05 13:30:00,791.99,9.162
2025-07-05 14:00:00,792.06,8.913
2025-07-05 14:30:00,791.87,8.676
2025-07-05 15:00:00,791.96,8.463
2025-07-05 15:30:00,791.9,8.291
2025-07-05 16:00:00,792.05,8.175
2025-07-05 16:30:00,792.01,8.125
2025-07-05 17:00:00,792.09,8.144
2025-07-05 17:30:00,792.07,8.275
2025-07-05 18:00:00,792.08,8.482
2025-07-05 18:30:00,792.19,8.74
2025-07-05 19:00:00,792.16,9.037
2025-07-05 19:30:00,792.19,9.38
2025-07-05 20:00:00,792.03,9.788
2025-07-05 20:30:00,791.89,10.261
2025-07-05 21:00:00,791.99,10.782
2025-07-05 21:30:00,791.82,11.33
2025-07-05 22:00:00,791.67,11.885
2025-07-05 22:30:00,791.58,12.425
2025-07-05 23:00:00,791.36,12.937
2025-07-05 23:30:00,791.26,13.39
2025-07-06 00:00:00,791.17,13.773
2025-07-06 00:30:00,791.06,14.068
2025-07-06 01:00:00,790.83,14.289
2025-07-06 01:30:00,791.0,14.434
2025-07-06 02:00:00,790.82,14.505
2025-07-06 02:30:00,790.96,14.515
2025-07-06 03:00:00,790.87,14.482
2025-07-06 03:30:00,790.96,14.418
2025-07-06 04:00:00,791.15,14.323
2025-07-06 04:30:00,791.49,14.201
2025-07-06 05:00:00,791.52,14.062
2025-07-06 05:30:00,791.47,13.909
2025-07-06 06:00:00,791.46,13.753
2025-07-06 06:30:00,791.44,13.591
2025-07-06 07:00:00,791.36,13.429
2025-07-06 07:30:00,791.34,13.255
2025-07-06 08:00:00,791.16,13.077
2025-07-06 08:30:00,790.96,12.887
2025-07-06 09:00:00,790.63,12.679
2025-07-06 09:30:00,790.55,12.457
2025-07-06 10:00:00,790.46,12.228
2025-07-06 10:30:00,790.34,11.994
2025-07-06 11:00:00,790.3,11.759
2025-07-06 11:30:00,790.19,11.53
2025-07-06 12:00:00,790.34,11.299
2025-07-06 12:30:00,790.39,11.074
2025-07-06 13:00:00,790.32,10.846
2025-07-06 13:30:00,790.23,10.624
2025-07-06 14:00:00,790.24,10.413
2025-07-06 14:30:00,790.37,10.213
2025-07-06 15:00:00,790.29,10.029
2025-07-06 15:30:00,790.2,9.872
2025-07-06 16:00:00,790.13,9.774
2025-07-06 16:30:00,790.01,9.729
2025-07-06 17:00:00,789.94,9.741
2025-07-06 17:30:00,789.89,9.852
2025-07-06 18:00:00,789.88,10.043
2025-07-06 18:30:00,789.96,10.272
2025-07-06 19:00:00,789.8,10.541
2025-07-06 19:30:00,789.68,10.849
2025-07-06 20:00:00,789.48,11.217
2025-07-06 20:30:00,789.45,11.647
2025-07-06 21:00:00,789.19,12.118
2025-07-06 21:30:00,789.13,12.628
2025-07-06 22:00:00,789.01,13.142
2025-07-06 22:30:00,789.13,13.63
2025-07-06 23:00:00,788.92,14.117
2025-07-06 23:30:00,788.83,14.569
2025-07-07 00:00:00,788.54,14.946
2025-07-07 00:30:00,788.42,15.239
2025-07-07 01:00:00,788.35,15.458
2025-07-07 01:30:00,788.27,15.597
2025-07-07 02:00:00,788.19,15.666
2025-07-07 02:30:00,788.21,15.652
2025-07-07 03:00:00,788.28,15.59
2025-07-07 03:30:00,788.39,15.486
2025-07-07 04:00:00,788.58,15.347
2025-07-07 04:30:00,788.79,15.181
2025-07-07 05:00:00,788.88,14.994
2025-07-07 05:30:00,789.0,14.79
2025-07-07 06:00:00,788.98,14.578
2025-07-07 06:30:00,789.13,14.363
2025-07-07 07:00:00,789.0,14.145
2025-07-07 07:30:00,789.1,13.931
2025-07-07 08:00:00,789.1,13.715
2025-07-07 08:30:00,788.95,13.495
2025-07-07 09:00:00,788.88,13.272
2025-07-07 09:30:00,788.8,13.038
2025-07-07 10:00:00,788.68,12.795
2025-07-07 10:30:00,788.59,12.546
2025-07-07 11:00:00,788.38,12.293
2025-07-07 11:30:00,788.41,12.039
2025-07-07 12:00:00,788.54,11.785
2025-07-07 12:30:00,788.56,11.536
2025-07-07 13:00:00,788.63,11.287
2025-07-07 13:30:00,788.81,11.044
2025-07-07 14:00:00,788.98,10.807
2025-07-07 14:30:00,788.91,10.584
2025-07-07 15:00:00,789.03,10.377
2025-07-07 15:30:00,788.87,10.206
2025-07-07 16:00:00,788.49,10.089
2025-07-07 16:30:00,788.73,10.038
2025-07-07 17:00:00,788.92,10.052
2025-07-07 17:30:00,789.07,10.161
2025-07-07 18:00:00,789.09,10.343
2025-07-07 18:30:00,789.11,10.559
2025-07-07 19:00:00,789.18,10.804
2025-07-07 19:30:00,789.34,11.089
2025-07-07 20:00:00,789.42,11.433
2025-07-07 20:30:00,789.21,11.836
2025-07-07 21:00:00,789.24,12.282
2025-07-07 21:30:00,789.14,12.754
2025-07-07 22:00:00,789.25,13.237
2025-07-07 22:30:00,789.34,13.71
2025-07-07 23:00:00,789.38,14.152
2025-07-07 23:30:00,789.31,14.544
2025-07-08 00:00:00,789.36,14.864
2025-07-08 00:30:00,789.24,15.109
2025-07-08 01:00:00,789.09,15.273
2025-07-08 01:30:00,789.2,15.365
2025-07-08 02:00:00,789.03,15.395
2025-07-08 02:30:00,789.21,15.37
2025-07-08 03:00:00,789.39,15.314
2025-07-08 03:30:00,789.45,15.22
2025-07-08 04:00:00,789.64,15.096
2025-07-08 04:30:00,789.97,14.94
2025-07-08 05:00:00,790.26,14.762
2025-07-08 05:30:00,790.6,14.559
2025-07-08 06:00:00,790.57,14.345
2025-07-08 06:30:00,790.62,14.125
2025-07-08 07:00:00,790.68,13.9
2025-07-08 07:30:00,790.68,13.687
2025-07-08 08:00:00,790.73,13.489
2025-07-08 08:30:00,790.7,13.304
2025-07-08 09:00:00,790.51,13.12
2025-07-08 09:30:00,790.51,12.928
2025-07-08 10:00:00,790.43,12.729
2025-07-08 10:30:00,790.28,12.521
2025-07-08 11:00:00,790.35,12.298
2025-07-08 11:30:00,790.32,12.076
2025-07-08 12:00:00,790.42,11.855
2025-07-08 12:30:00,790.56,11.636
2025-07-08 13:00:00,790.62,11.419
2025-07-08 13:30:00,790.85,11.202
2025-07-08 14:00:00,790.94,10.987
2025-07-08 14:30:00,790.89,10.782
2025-07-08 15:00:00,791.02,10.59
2025-07-08 15:30:00,791.1,10.426
2025-07-08 16:00:00,791.23,10.317
2025-07-08 16:30:00,791.17,10.273
2025-07-08 17:00:00,791.29,10.29
2025-07-08 17:30:00,791.52,10.404
2025-07-08 18:00:00,791.61,10.599
2025-07-08 18:30:00,791.86,10.823
2025-07-08 19:00:00,791.77,11.072
2025-07-08 19:30:00,791.76,11.357
2025-07-08 20:00:00,792.21,11.704
2025-07-08 20:30:00,791.96,12.1
2025-07-08 21:00:00,791.97,12.53
2025-07-08 21:30:00,791.98,12.982
2025-07-08 22:00:00,791.99,13.44
2025-07-08 22:30:00,791.94,13.878
2025-07-08 23:00:00,791.59,14.281
2025-07-08 23:30:00,791.62,14.633
2025-07-09 00:00:00,791.35,14.918
2025-07-09 00:30:00,791.09,15.129
2025-07-09 01:00:00,790.86,15.274
2025-07-09 01:30:00,790.79,15.366
2025-07-09 02:00:00,790.79,15.392
2025-07-09 02:30:00,790.86,15.358
2025-07-09 03:00:00,790.89,15.282
2025-07-09 03:30:00,790.93,15.18
2025-07-09 04:00:00,791.19,15.053
2025-07-09 04:30:00,791.54,14.899
2025-07-09 05:00:00,791.59,14.725
2025-07-09 05:30:00,791.65,14.53
2025-07-09 06:00:00,791.53,14.32
2025-07-09 06:30:00,791.5,14.094
2025-07-09 07:00:00,791.55,13.853
2025-07-09 07:30:00,791.56,13.608
2025-07-09 08:00:00,791.5,13.356
2025-07-09 08:30:00,791.41,13.104
2025-07-09 09:00:00,791.45,12.85
2025-07-09 09:30:00,791.34,12.592
2025-07-09 10:00:00,791.27,12.329
2025-07-09 10:30:00,791.17,12.062
2025-07-09 11:00:00,791.25,11.792
2025-07-09 11:30:00,791.17,11.521
2025-07-09 12:00:00,791.33,11.251
2025-07-09 12:30:00,791.47,10.98
2025-07-09 13:00:00,791.51,10.717
2025-07-09 13:30:00,791.63,10.455
2025-07-09 14:00:00,791.56,10.197
2025-07-09 14:30:00,791.43,9.95
2025-07-09 15:00:00,791.51,9.723
2025-07-09 15:30:00,791.49,9.525
2025-07-09 16:00:00,791.59,9.384
2025-07-09 16:30:00,791.61,9.311
2025-07-09 17:00:00,791.4,9.314
2025-07-09 17:30:00,791.49,9.428
2025-07-09 18:00:00,791.51,9.639
2025-07-09 18:30:00,791.71,9.879
2025-07-09 19:00:00,791.72,10.14
2025-07-09 19:30:00,791.69,10.435
2025-07-09 20:00:00,791.48,10.787
2025-07-09 20:30:00,791.64,11.202
2025-07-09 21:00:00,791.53,11.656
2025-07-09 21:30:00,791.3,12.134
2025-07-09 22:00:00,791.15,12.614
2025-07-09 22:30:00,790.98,13.081
2025-07-09 23:00:00,790.78,13.514
2025-07-09 23:30:00,790.6,13.897
2025-07-10 00:00:00,790.44,14.226
2025-07-10 00:30:00,790.32,14.491
2025-07-10 01:00:00,790.01,14.695
2025-07-10 01:30:00,790.02,14.832
2025-07-10 02:00:00,790.0,14.902
2025-07-10 02:30:00,790.07,14.921
2025-07-10 03:00:00,790.14,14.904
2025-07-10 03:30:00,790.24,14.86
2025-07-10 04:00:00,790.45,14.787
2025-07-10 04:30:00,790.51,14.673
2025-07-10 05:00:00,790.64,14.534
2025-07-10 05:30:00,790.55,14.372
2025-07-10 06:00:00,790.56,14.193
2025-07-10 06:30:00,790.54,13.996
2025-07-10 07:00:00,790.52,13.787
2025-07-10 07:30:00,790.44,13.578
2025-07-10 08:00:00,790.42,13.365
2025-07-10 08:30:00,790.4,13.152
2025-07-10 09:00:00,790.26,12.935
2025-07-10 09:30:00,790.15,12.717
2025-07-10 10:00:00,789.94,12.496
2025-07-10 10:30:00,789.85,12.275
2025-07-10 11:00:00,789.91,12.046
2025-07-10 11:30:00,789.93,11.813
2025-07-10 12:00:00,789.93,11.571
2025-07-10 12:30:00,789.97,11.327
2025-07-10 13:00:00,789.93,11.086
2025-07-10 13:30:00,790.11,10.85
2025-07-10 14:00:00,790.12,10.622
2025-07-10 14:30:00,790.14,10.407
2025-07-10 15:00:00,790.15,10.204
2025-07-10 15:30:00,790.07,10.033
2025-07-10 16:00:00,789.98,9.917
2025-07-10 16:30:00,789.87,9.862
2025-07-10 17:00:00,789.77,9.885
2025-07-10 17:30:00,789.83,10.024
2025-07-10 18:00:00,789.74,10.255
2025-07-10 18:30:00,789.73,10.512
2025-07-10 19:00:00,789.7,10.784
2025-07-10 19:30:00,789.75,11.093
2025-07-10 20:00:00,789.63,11.461
2025-07-10 20:30:00,789.47,11.876
2025-07-10 21:00:00,789.46,12.329
2025-07-10 21:30:00,789.39,12.801
2025-07-10 22:00:00,789.13,13.286
2025-07-10 22:30:00,789.04,13.755
2025-07-10 23:00:00,788.95,14.195
2025-07-10 23:30:00,788.74,14.595
2025-07-11 00:00:00,788.52,14.942
2025-07-11 00:30:00,788.35,15.224
2025-07-11 01:00:00,788.28,15.452
2025-07-11 01:30:00,788.24,15.613
2025-07-11 02:00:00,788.23,15.716
2025-07-11 02:30:00,788.14,15.767
2025-07-11 03:00:00,788.05,15.778
2025-07-11 03:30:00,787.94,15.76
2025-07-11 04:00:00,788.04,15.711
2025-07-11 04:30:00,788.26,15.627
2025-07-11 05:00:00,788.45,15.515
2025-07-11 05:30:00,788.4,15.376
2025-07-11 06:00:00,788.32,15.218
2025-07-11 06:30:00,788.28,15.045
2025-07-11 07:00:00,788.27,14.86
2025-07-11 07:30:00,788.33,14.667
2025-07-11 08:00:00,788.35,14.466
2025-07-11 08:30:00,788.44,14.264
2025-07-11 09:00:00,788.4,14.06
2025-07-11 09:30:00,788.38,13.856
2025-07-11 10:00:00,788.16,13.649
2025-07-11 10:30:00,788.07,13.444
2025-07-11 11:00:00,787.96,13.24
2025-07-11 11:30:00,788.01,13.031
2025-07-11 12:00:00,788.01,12.818
2025-07-11 12:30:00,788.03,12.599
2025-07-11 13:00:00,788.07,12.378
2025-07-11 13:30:00,788.27,12.164
2025-07-11 14:00:00,788.31,11.957
2025-07-11 14:30:00,788.38,11.762
2025-07-11 15:00:00,788.32,11.582
2025-07-11 15:30:00,788.43,11.431
2025-07-11 16:00:00,788.34,11.326
2025-07-11 16:30:00,788.36,11.283
2025-07-11 17:00:00,788.28,11.305
2025-07-11 17:30:00,788.23,11.433
2025-07-11 18:00:00,788.25,11.649
2025-07-11 18:30:00,788.18,11.889
2025-07-11 19:00:00,788.09,12.151
2025-07-11 19:30:00,788.1,12.451
2025-07-11 20:00:00,787.98,12.803
2025-07-11 20:30:00,788.16,13.203
2025-07-11 21:00:00,788.13,13.636
2025-07-11 21:30:00,788.17,14.091
2025-07-11 22:00:00,788.11,14.548
2025-07-11 22:30:00,788.12,14.994
2025-07-11 23:00:00,787.99,15.407
2025-07-11 23:30:00,787.96,15.777
2025-07-12 00:00:00,787.83,16.091
2025-07-12 00:30:00,787.69,16.341
2025-07-12 01:00:00,787.54,16.535
2025-07-12 01:30:00,787.45,16.673
2025-07-12 02:00:00,787.58,16.753
2025-07-12 02:30:00,787.62,16.781
2025-07-12 03:00:00,787.78,16.774
2025-07-12 03:30:00,787.92,16.741
2025-07-12 04:00:00,788.05,16.683
2025-07-12 04:30:00,788.22,16.6
2025-07-12 05:00:00,788.5,16.493
2025-07-12 05:30:00,788.41,16.36
2025-07-12 06:00:00,788.72,16.212
2025-07-12 06:30:00,788.78,16.048
2025-07-12 07:00:00,788.82,15.87
2025-07-12 07:30:00,788.99,15.69
2025-07-12 08:00:00,789.04,15.501
2025-07-12 08:30:00,788.96,15.314
2025-07-12 09:00:00,788.96,15.122
2025-07-12 09:30:00,788.92,14.927
2025-07-12 10:00:00,788.89,14.727
2025-07-12 10:30:00,788.74,14.52
2025-07-12 11:00:00,788.76,14.306
2025-07-12 11:30:00,788.77,14.087
2025-07-12 12:00:00,788.84,13.862
2025-07-12 12:30:00,788.94,13.632
2025-07-12 13:00:00,789.03,13.403
2025-07-12 13:30:00,789.05,13.176
2025-07-12 14:00:00,789.08,12.956
2025-07-12 14:30:00,789.13,12.744
2025-07-12 15:00:00,789.0,12.546
2025-07-12 15:30:00,789.02,12.378
2025-07-12 16:00:00,788.94,12.26
2025-07-12 16:30:00,788.87,12.203
2025-07-12 17:00:00,788.93,12.217
2025-07-12 17:30:00,788.99,12.327
2025-07-12 18:00:00,789.09,12.522
2025-07-12 18:30:00,789.22,12.75
2025-07-12 19:00:00,789.07,12.99
2025-07-12 19:30:00,789.01,13.264
2025-07-12 20:00:00,788.95,13.593
2025-07-12 20:30:00,788.91,13.97
2025-07-12 21:00:00,788.96,14.382
2025-07-12 21:30:00,789.01,14.844
2025-07-12 22:00:00,789.04,15.318
2025-07-12 22:30:00,789.0,15.778
2025-07-12 23:00:00,788.81,16.193
2025-07-12 23:30:00,788.75,16.543
2025-07-13 00:00:00,788.65,16.83
2025-07-13 00:30:00,788.53,17.042
2025-07-13 01:00:00,788.46,17.179
2025-07-13 01:30:00,788.49,17.246
2025-07-13 02:00:00,788.7,17.261
2025-07-13 02:30:00,788.74,17.228
2025-07-13 03:00:00,788.72,17.161
2025-07-13 03:30:00,788.98,17.073
2025-07-13 04:00:00,789.27,16.968
2025-07-13 04:30:00,789.51,16.841
2025-07-13 05:00:00,789.82,16.693
2025-07-13 05:30:00,789.99,16.528
2025-07-13 06:00:00,790.17,16.352
2025-07-13 06:30:00,790.29,16.168
2025-07-13 07:00:00,790.4,15.977
2025-07-13 07:30:00,790.43,15.787
2025-07-13 08:00:00,790.37,15.601
2025-07-13 08:30:00,790.32,15.417
2025-07-13 09:00:00,790.29,15.235
2025-07-13 09:30:00,790.15,15.053
2025-07-13 10:00:00,790.04,14.862
2025-07-13 10:30:00,790.18,14.669
2025-07-13 11:00:00,790.1,14.473
2025-07-13 11:30:00,790.12,14.268
2025-07-13 12:00:00,790.19,14.059
2025-07-13 12:30:00,790.17,13.851
2025-07-13 13:00:00,790.16,13.637
2025-07-13 13:30:00,790.26,13.428
2025-07-13 14:00:00,790.3,13.219
2025-07-13 14:30:00,790.24,13.02
2025-07-13 15:00:00,790.2,12.835
2025-07-13 15:30:00,790.19,12.677
2025-07-13 16:00:00,790.22,12.569
2025-07-13 16:30:00,790.09,12.52
2025-07-13 17:00:00,790.06,12.538
2025-07-13 17:30:00,790.27,12.656
2025-07-13 18:00:00,790.29,12.858
2025-07-13 18:30:00,790.19,13.085
2025-07-13 19:00:00,790.19,13.326
2025-07-13 19:30:00,790.17,13.586
2025-07-13 20:00:00,790.14,13.826
2025-07-13 20:30:00,790.05,14.016
2025-07-13 21:00:00,790.03,14.158
2025-07-13 21:30:00,790.01,14.334
2025-07-13 22:00:00,789.85,14.624
2025-07-13 22:30:00,789.75,15.011
2025-07-13 23:00:00,789.71,15.428
2025-07-13 23:30:00,789.56,15.817
2025-07-14 00:00:00,789.39,16.148
2025-07-14 00:30:00,789.2,16.414
2025-07-14 01:00:00,789.05,16.63
2025-07-14 01:30:00,789.18,16.803
2025-07-14 02:00:00,789.19,16.933
2025-07-14 02:30:00,789.39,17.011
2025-07-14 03:00:00,789.48,17.051
2025-07-14 03:30:00,789.79,17.054
2025-07-14 04:00:00,789.92,17.02
2025-07-14 04:30:00,790.2,16.951
2025-07-14 05:00:00,790.46,16.851
2025-07-14 05:30:00,790.66,16.722
2025-07-14 06:00:00,790.79,16.569
2025-07-14 06:30:00,790.86,16.403
2025-07-14 07:00:00,790.87,16.223
2025-07-14 07:30:00,790.8,16.044
2025-07-14 08:00:00,790.7,15.862
2025-07-14 08:30:00,790.71,15.682
2025-07-14 09:00:00,790.61,15.508
2025-07-14 09:30:00,790.44,15.333
2025-07-14 10:00:00,790.29,15.153
2025-07-14 10:30:00,790.3,14.969
2025-07-14 11:00:00,790.2,14.778
2025-07-14 11:30:00,790.25,14.581
2025-07-14 12:00:00,790.29,14.375
2025-07-14 12:30:00,790.09,14.167
2025-07-14 13:00:00,790.14,13.961
2025-07-14 13:30:00,790.13,13.755
2025-07-14 14:00:00,790.12,13.558
2025-07-14 14:30:00,790.03,13.371
2025-07-14 15:00:00,789.95,13.198
2025-07-14 15:30:00,789.87,13.053
2025-07-14 16:00:00,789.69,12.954
2025-07-14 16:30:00,789.52,12.91
2025-07-14 17:00:00,789.33,12.932
2025-07-14 17:30:00,789.28,13.048
2025-07-14 18:00:00,789.45,13.252
2025-07-14 18:30:00,789.36,13.471
2025-07-14 19:00:00,789.31,13.708
2025-07-14 19:30:00,789.24,13.975
2025-07-14 20:00:00,789.03,14.283
2025-07-14 20:30:00,788.9,14.638
2025-07-14 21:00:00,788.96,15.023
2025-07-14 21:30:00,788.74,15.43
2025-07-14 22:00:00,788.66,15.844
2025-07-14 22:30:00,788.43,16.247
2025-07-14 23:00:00,788.12,16.619
2025-07-14 23:30:00,787.97,16.947
2025-07-15 00:00:00,787.65,17.223
2025-07-15 00:30:00,787.48,17.445
2025-07-15 01:00:00,787.33,17.609
2025-07-15 01:30:00,787.29,17.722
2025-07-15 02:00:00,787.14,17.785
2025-07-15 02:30:00,787.14,17.805
2025-07-15 03:00:00,787.16,17.789
2025-07-15 03:30:00,787.29,17.743
2025-07-15 04:00:00,787.52,17.675
2025-07-15 04:30:00,787.7,17.58
2025-07-15 05:00:00,787.86,17.463
2025-07-15 05:30:00,787.84,17.329
2025-07-15 06:00:00,787.96,17.177
2025-07-15 06:30:00,788.01,17.008
2025-07-15 07:00:00,787.98,16.827
2025-07-15 07:30:00,788.07,16.634
2025-07-15 08:00:00,787.99,16.432
2025-07-15 08:30:00,788.01,16.225
2025-07-15 09:00:00,788.05,16.015
2025-07-15 09:30:00,787.88,15.794
2025-07-15 10:00:00,787.75,15.568
2025-07-15 10:30:00,787.44,15.334
2025-07-15 11:00:00,787.41,15.091
2025-07-15 11:30:00,787.29,14.847
2025-07-15 12:00:00,787.17,14.599
2025-07-15 12:30:00,787.02,14.355
2025-07-15 13:00:00,787.14,14.111
2025-07-15 13:30:00,787.2,13.87
2025-07-15 14:00:00,787.3,13.631
2025-07-15 14:30:00,787.4,13.401
2025-07-15 15:00:00,787.36,13.187
2025-07-15 15:30:00,787.19,13.004
2025-07-15 16:00:00,787.06,12.869
2025-07-15 16:30:00,786.91,12.796
2025-07-15 17:00:00,786.83,12.797
2025-07-15 17:30:00,786.83,12.903
2025-07-15 18:00:00,786.79,13.101
2025-07-15 18:30:00,786.69,13.324
2025-07-15 19:00:00,786.81,13.565
2025-07-15 19:30:00,786.86,13.836
2025-07-15 20:00:00,786.68,14.151
2025-07-15 20:30:00,786.58,14.517
2025-07-15 21:00:00,786.41,14.911
2025-07-15 21:30:00,786.39,15.326
2025-07-15 22:00:00,786.11,15.738
2025-07-15 22:30:00,785.87,16.133
2025-07-15 23:00:00,785.62,16.494
2025-07-15 23:30:00,785.35,16.805
2025-07-16 00:00:00,785.42,17.063
2025-07-16 00:30:00,785.16,17.268
2025-07-16 01:00:00,784.94,17.416
2025-07-16 01:30:00,784.98,17.511
2025-07-16 02:00:00,784.88,17.553
2025-07-16 02:30:00,784.95,17.552
2025-07-16 03:00:00,784.93,17.516
2025-07-16 03:30:00,784.94,17.457
2025-07-16 04:00:00,785.0,17.378
2025-07-16 04:30:00,785.11,17.269
2025-07-16 05:00:00,785.31,17.136
2025-07-16 05:30:00,785.3,16.983
2025-07-16 06:00:00,785.33,16.809
2025-07-16 06:30:00,785.31,16.619
2025-07-16 07:00:00,785.41,16.415
2025-07-16 07:30:00,785.34,16.204
2025-07-16 08:00:00,785.21,15.985
2025-07-16 08:30:00,785.25,15.764
2025-07-16 09:00:00,785.28,15.535
2025-07-16 09:30:00,785.3,15.309
2025-07-16 10:00:00,785.21,15.073
2025-07-16 10:30:00,785.2,14.834
2025-07-16 11:00:00,785.15,14.592
2025-07-16 11:30:00,785.1,14.35
2025-07-16 12:00:00,785.12,14.102
2025-07-16 12:30:00,785.34,13.859
2025-07-16 13:00:00,785.33,13.615
2025-07-16 13:30:00,785.45,13.377
2025-07-16 14:00:00,785.51,13.14
2025-07-16 14:30:00,785.57,12.912
2025-07-16 15:00:00,785.39,12.698
2025-07-16 15:30:00,785.38,12.511
2025-07-16 16:00:00,785.19,12.373
2025-07-16 16:30:00,785.16,12.301
2025-07-16 17:00:00,785.13,12.301
2025-07-16 17:30:00,785.13,12.407
2025-07-16 18:00:00,785.3,12.611
2025-07-16 18:30:00,784.99,12.837
2025-07-16 19:00:00,785.18,13.087
2025-07-16 19:30:00,785.13,13.378
2025-07-16 20:00:00,785.2,13.718
2025-07-16 20:30:00,785.14,14.11
2025-07-16 21:00:00,784.98,14.53
2025-07-16 21:30:00,784.85,14.968
2025-07-16 22:00:00,784.69,15.404
2025-07-16 22:30:00,784.68,15.827
2025-07-16 23:00:00,784.47,16.216
2025-07-16 23:30:00,784.22,16.556
2025-07-17 00:00:00,784.08,16.848
2025-07-17 00:30:00,784.0,17.079
2025-07-17 01:00:00,783.79,17.249
2025-07-17 01:30:00,783.74,17.364
2025-07-17 02:00:00,783.83,17.425
2025-07-17 02:30:00,784.09,17.438
2025-07-17 03:00:00,784.17,17.415
2025-07-17 03:30:00,784.29,17.371
2025-07-17 04:00:00,784.2,17.308
2025-07-17 04:30:00,784.44,17.221
2025-07-17 05:00:00,784.71,17.112
2025-07-17 05:30:00,784.66,16.981
2025-07-17 06:00:00,784.6,16.83
2025-07-17 06:30:00,784.68,16.664
2025-07-17 07:00:00,784.72,16.483
2025-07-17 07:30:00,784.79,16.291
2025-07-17 08:00:00,784.71,16.094
2025-07-17 08:30:00,784.63,15.894
2025-07-17 09:00:00,784.59,15.692
2025-07-17 09:30:00,784.7,15.492
2025-07-17 10:00:00,784.71,15.292
2025-07-17 10:30:00,784.74,15.091
2025-07-17 11:00:00,784.66,14.889
2025-07-17 11:30:00,784.75,14.686
2025-07-17 12:00:00,784.74,14.485
2025-07-17 12:30:00,784.78,14.277
2025-07-17 13:00:00,784.91,14.07
2025-07-17 13:30:00,784.95,13.863
2025-07-17 14:00:00,785.13,13.654
2025-07-17 14:30:00,785.15,13.448
2025-07-17 15:00:00,785.13,13.253
2025-07-17 15:30:00,785.11,13.081
2025-07-17 16:00:00,785.14,12.951
2025-07-17 16:30:00,785.02,12.88
2025-07-17 17:00:00,784.94,12.878
2025-07-17 17:30:00,785.09,12.979
2025-07-17 18:00:00,785.11,13.174
2025-07-17 18:30:00,785.17,13.373
2025-07-17 19:00:00,785.36,13.587
2025-07-17 19:30:00,785.46,13.838
2025-07-17 20:00:00,785.35,14.133
2025-07-17 20:30:00,785.34,14.471
2025-07-17 21:00:00,785.39,14.847
2025-07-17 21:30:00,785.19,15.239
2025-07-17 22:00:00,785.06,15.638
2025-07-17 22:30:00,785.02,16.02
2025-07-17 23:00:00,784.83,16.372
2025-07-17 23:30:00,784.7,16.676
2025-07-18 00:00:00,784.44,16.925
2025-07-18 00:30:00,784.42,17.119
2025-07-18 01:00:00,784.13,17.25
2025-07-18 01:30:00,784.08,17.328
2025-07-18 02:00:00,784.16,17.35
2025-07-18 02:30:00,784.2,17.328
2025-07-18 03:00:00,784.19,17.276
2025-07-18 03:30:00,784.42,17.203
2025-07-18 04:00:00,784.61,17.119
2025-07-18 04:30:00,784.89,17.021
2025-07-18 05:00:00,785.04,16.895
2025-07-18 05:30:00,785.17,16.754
2025-07-18 06:00:00,785.23,16.595
2025-07-18 06:30:00,785.2,16.416
2025-07-18 07:00:00,785.22,16.218
2025-07-18 07:30:00,785.31,16.003
2025-07-18 08:00:00,785.4,15.772
2025-07-18 08:30:00,785.4,15.534
2025-07-18 09:00:00,785.39,15.288
2025-07-18 09:30:00,785.42,15.042
2025-07-18 10:00:00,785.51,14.794
2025-07-18 10:30:00,785.53,14.551
2025-07-18 11:00:00,785.49,14.31
2025-07-18 11:30:00,785.56,14.071
2025-07-18 12:00:00,785.69,13.832
2025-07-18 12:30:00,785.86,13.596
2025-07-18 13:00:00,786.12,13.36
2025-07-18 13:30:00,786.26,13.122
2025-07-18 14:00:00,786.41,12.89
2025-07-18 14:30:00,786.35,12.662
2025-07-18 15:00:00,786.36,12.447
2025-07-18 15:30:00,786.36,12.252
2025-07-18 16:00:00,786.39,12.106
2025-07-18 16:30:00,786.39,12.023
2025-07-18 17:00:00,786.36,12.016
2025-07-18 17:30:00,786.59,12.121
2025-07-18 18:00:00,786.62,12.333
2025-07-18 18:30:00,786.66,12.554
2025-07-18 19:00:00,786.64,12.793
2025-07-18 19:30:00,786.68,13.066
2025-07-18 20:00:00,786.57,13.379
2025-07-18 20:30:00,786.54,13.742
2025-07-18 21:00:00,786.53,14.138
2025-07-18 21:30:00,786.62,14.549
2025-07-18 22:00:00,786.33,14.959
2025-07-18 22:30:00,786.24,15.352
2025-07-18 23:00:00,786.08,15.711
2025-07-18 23:30:00,786.08,16.028
2025-07-19 00:00:00,786.06,16.288
2025-07-19 00:30:00,785.76,16.487
2025-07-19 01:00:00,785.68,16.631
2025-07-19 01:30:00,785.73,16.725
2025-07-19 02:00:00,785.66,16.774
2025-07-19 02:30:00,785.85,16.782
2025-07-19 03:00:00,785.77,16.763
2025-07-19 03:30:00,785.9,16.719
2025-07-19 04:00:00,786.03,16.663
2025-07-19 04:30:00,786.19,16.595
2025-07-19 05:00:00,786.38,16.505
2025-07-19 05:30:00,786.29,16.399
2025-07-19 06:00:00,786.3,16.272
2025-07-19 06:30:00,786.35,16.133
2025-07-19 07:00:00,786.43,15.979
2025-07-19 07:30:00,786.58,15.814
2025-07-19 08:00:00,786.64,15.638
2025-07-19 08:30:00,786.65,15.454
2025-07-19 09:00:00,786.59,15.266
2025-07-19 09:30:00,786.67,15.075
2025-07-19 10:00:00,786.75,14.886
2025-07-19 10:30:00,786.55,14.69
2025-07-19 11:00:00,786.55,14.492
2025-07-19 11:30:00,786.53,14.292
2025-07-19 12:00:00,786.72,14.089
2025-07-19 12:30:00,787.02,13.886
2025-07-19 13:00:00,787.07,13.68
2025-07-19 13:30:00,787.19,13.472
2025-07-19 14:00:00,787.1,13.272
2025-07-19 14:30:00,787.18,13.076
2025-07-19 15:00:00,787.18,12.894
2025-07-19 15:30:00,787.3,12.731
2025-07-19 16:00:00,787.22,12.611
2025-07-19 16:30:00,787.07,12.547
2025-07-19 17:00:00,787.06,12.559
2025-07-19 17:30:00,787.13,12.643
2025-07-19 18:00:00,787.18,12.748
2025-07-19 18:30:00,787.17,12.841
2025-07-19 19:00:00,787.13,12.952
2025-07-19 19:30:00,787.13,13.135
2025-07-19 20:00:00,786.88,13.347
2025-07-19 20:30:00,786.79,13.584
2025-07-19 21:00:00,786.83,13.872
2025-07-19 21:30:00,786.81,14.245
2025-07-19 22:00:00,786.83,14.671
2025-07-19 22:30:00,786.66,15.095
2025-07-19 23:00:00,786.32,15.466
2025-07-19 23:30:00,786.15,15.759
2025-07-20 00:00:00,786.04,15.975
2025-07-20 00:30:00,785.94,16.117
2025-07-20 01:00:00,785.77,16.195
2025-07-20 01:30:00,785.74,16.229
2025-07-20 02:00:00,785.71,16.224
2025-07-20 02:30:00,785.75,16.199
2025-07-20 03:00:00,785.78,16.159
2025-07-20 03:30:00,785.76,16.111
2025-07-20 04:00:00,785.87,16.05
2025-07-20 04:30:00,786.09,15.976
2025-07-20 05:00:00,786.15,15.884
2025-07-20 05:30:00,786.13,15.778
2025-07-20 06:00:00,786.15,15.657
2025-07-20 06:30:00,786.07,15.524
2025-07-20 07:00:00,786.05,15.384
2025-07-20 07:30:00,785.93,15.228
2025-07-20 08:00:00,785.8,15.069
2025-07-20 08:30:00,785.79,14.899
2025-07-20 09:00:00,785.62,14.724
2025-07-20 09:30:00,785.56,14.545
2025-07-20 10:00:00,785.53,14.368
2025-07-20 10:30:00,785.4,14.188
2025-07-20 11:00:00,785.32,14.008
2025-07-20 11:30:00,785.34,13.829
2025-07-20 12:00:00,785.42,13.651
2025-07-20 12:30:00,785.44,13.471
2025-07-20 13:00:00,785.53,13.29
2025-07-20 13:30:00,785.56,13.106
2025-07-20 14:00:00,785.53,12.925
2025-07-20 14:30:00,785.47,12.745
2025-07-20 15:00:00,785.39,12.575
2025-07-20 15:30:00,785.37,12.419
2025-07-20 16:00:00,785.28,12.305
2025-07-20 16:30:00,785.16,12.245
2025-07-20 17:00:00,785.07,12.253
2025-07-20 17:30:00,785.11,12.377
2025-07-20 18:00:00,784.94,12.609
2025-07-20 18:30:00,784.97,12.852
2025-07-20 19:00:00,784.8,13.094
2025-07-20 19:30:00,784.62,13.367
2025-07-20 20:00:00,784.58,13.684
2025-07-20 20:30:00,784.33,14.048
2025-07-20 21:00:00,784.21,14.446
2025-07-20 21:30:00,784.09,14.863
2025-07-20 22:00:00,783.91,15.274
2025-07-20 22:30:00,783.81,15.664
2025-07-20 23:00:00,783.69,16.018
2025-07-20 23:30:00,783.37,16.321
2025-07-21 00:00:00,783.36,16.556
2025-07-21 00:30:00,783.13,16.728
2025-07-21 01:00:00,783.05,16.841
2025-07-21 01:30:00,783.08,16.896
2025-07-21 02:00:00,783.08,16.9
2025-07-21 02:30:00,783.08,16.863
2025-07-21 03:00:00,783.1,16.79
2025-07-21 03:30:00,783.11,16.701
2025-07-21 04:00:00,783.27,16.604
2025-07-21 04:30:00,783.41,16.498
2025-07-21 05:00:00,783.39,16.383
2025-07-21 05:30:00,783.34,16.25
2025-07-21 06:00:00,783.3,16.108
2025-07-21 06:30:00,783.28,15.948
2025-07-21 07:00:00,783.2,15.776
2025-07-21 07:30:00,783.17,15.593
2025-07-21 08:00:00,783.02,15.398
2025-07-21 08:30:00,782.8,15.186
2025-07-21 09:00:00,782.79,14.966
2025-07-21 09:30:00,782.64,14.737
2025-07-21 10:00:00,782.48,14.498
2025-07-21 10:30:00,782.47,14.253
2025-07-21 11:00:00,782.63,14.002
2025-07-21 11:30:00,782.58,13.743
2025-07-21 12:00:00,782.57,13.488
2025-07-21 12:30:00,782.65,13.235
2025-07-21 13:00:00,782.8,12.979
2025-07-21 13:30:00,782.78,12.73
2025-07-21 14:00:00,782.81,12.49
2025-07-21 14:30:00,782.67,12.256
2025-07-21 15:00:00,782.67,12.035
2025-07-21 15:30:00,782.58,11.835
2025-07-21 16:00:00,782.44,11.681
2025-07-21 16:30:00,782.45,11.583
2025-07-21 17:00:00,782.51,11.559
2025-07-21 17:30:00,782.48,11.648
2025-07-21 18:00:00,782.55,11.852
2025-07-21 18:30:00,782.49,12.061
2025-07-21 19:00:00,782.45,12.281
2025-07-21 19:30:00,782.29,12.54
2025-07-21 20:00:00,782.34,12.84
2025-07-21 20:30:00,782.2,13.186
2025-07-21 21:00:00,782.02,13.567
2025-07-21 21:30:00,782.08,13.96
2025-07-21 22:00:00,781.9,14.353
2025-07-21 22:30:00,781.65,14.727
2025-07-21 23:00:00,781.43,15.068
2025-07-21 23:30:00,781.26,15.35
2025-07-22 00:00:00,781.19,15.578
2025-07-22 00:30:00,781.05,15.745
2025-07-22 01:00:00,780.99,15.851
2025-07-22 01:30:00,781.0,15.903
2025-07-22 02:00:00,780.92,15.909
2025-07-22 02:30:00,780.92,15.874
2025-07-22 03:00:00,780.99,15.812
2025-07-22 03:30:00,780.99,15.735
2025-07-22 04:00:00,781.03,15.646
2025-07-22 04:30:00,781.16,15.551
2025-07-22 05:00:00,781.18,15.447
2025-07-22 05:30:00,781.2,15.337
2025-07-22 06:00:00,781.29,15.215
2025-07-22 06:30:00,781.35,15.084
2025-07-22 07:00:00,781.3,14.941
2025-07-22 07:30:00,781.19,14.784
2025-07-22 08:00:00,781.09,14.616
2025-07-22 08:30:00,780.93,14.438
2025-07-22 09:00:00,780.85,14.252
2025-07-22 09:30:00,780.65,14.058
2025-07-22 10:00:00,780.6,13.856
2025-07-22 10:30:00,780.6,13.656
2025-07-22 11:00:00,780.65,13.446
2025-07-22 11:30:00,780.63,13.238
2025-07-22 12:00:00,780.73,13.027
2025-07-22 12:30:00,780.88,12.815
2025-07-22 13:00:00,780.91,12.6
2025-07-22 13:30:00,781.05,12.389
2025-07-22 14:00:00,781.06,12.178
2025-07-22 14:30:00,781.06,11.971
2025-07-22 15:00:00,781.17,11.775
2025-07-22 15:30:00,781.12,11.595
2025-07-22 16:00:00,781.0,11.453
2025-07-22 16:30:00,781.04,11.368
2025-07-22 17:00:00,781.1,11.357
2025-07-22 17:30:00,781.14,11.467
2025-07-22 18:00:00,781.24,11.703
2025-07-22 18:30:00,781.34,11.94
2025-07-22 19:00:00,781.37,12.176
2025-07-22 19:30:00,781.37,12.452
2025-07-22 20:00:00,781.39,12.771
2025-07-22 20:30:00,781.22,13.135
2025-07-22 21:00:00,781.19,13.53
2025-07-22 21:30:00,781.01,13.939
2025-07-22 22:00:00,780.99,14.342
2025-07-22 22:30:00,780.9,14.722
2025-07-22 23:00:00,780.82,15.066
2025-07-22 23:30:00,780.89,15.361
2025-07-23 00:00:00,780.72,15.595
2025-07-23 00:30:00,780.64,15.769
2025-07-23 01:00:00,780.59,15.888
2025-07-23 01:30:00,780.67,15.946
2025-07-23 02:00:00,780.7,15.959
2025-07-23 02:30:00,780.88,15.932
2025-07-23 03:00:00,781.09,15.868
2025-07-23 03:30:00,781.07,15.781
2025-07-23 04:00:00,781.14,15.685
2025-07-23 04:30:00,781.39,15.58
2025-07-23 05:00:00,781.4,15.461
2025-07-23 05:30:00,781.43,15.336
2025-07-23 06:00:00,781.44,15.203
2025-07-23 06:30:00,781.33,15.067
2025-07-23 07:00:00,781.33,14.921
2025-07-23 07:30:00,781.32,14.767
2025-07-23 08:00:00,781.36,14.601
2025-07-23 08:30:00,781.28,14.428
2025-07-23 09:00:00,781.23,14.247
2025-07-23 09:30:00,781.22,14.06
2025-07-23 10:00:00,781.31,13.867
2025-07-23 10:30:00,781.4,13.669
2025-07-23 11:00:00,781.33,13.469
2025-07-23 11:30:00,781.51,13.264
2025-07-23 12:00:00,781.5,13.063
2025-07-23 12:30:00,781.62,12.86
2025-07-23 13:00:00,781.72,12.661
2025-07-23 13:30:00,781.87,12.465
2025-07-23 14:00:00,781.9,12.273
2025-07-23 14:30:00,782.11,12.088
2025-07-23 15:00:00,782.08,11.914
2025-07-23 15:30:00,782.05,11.757
2025-07-23 16:00:00,781.86,11.641
2025-07-23 16:30:00,781.92,11.573
2025-07-23 17:00:00,781.9,11.582
2025-07-23 17:30:00,782.07,11.713
2025-07-23 18:00:00,782.17,11.964
2025-07-23 18:30:00,782.22,12.215
2025-07-23 19:00:00,782.33,12.465
2025-07-23 19:30:00,782.38,12.754
2025-07-23 20:00:00,782.35,13.07
2025-07-23 20:30:00,782.17,13.402
2025-07-23 21:00:00,782.52,13.747
2025-07-23 21:30:00,782.58,14.06
2025-07-23 22:00:00,782.54,14.342
2025-07-23 22:30:00,782.7,14.661
2025-07-23 23:00:00,782.76,14.981
2025-07-23 23:30:00,782.68,15.215
2025-07-24 00:00:00,782.7,15.33
2025-07-24 00:30:00,782.69,15.356
2025-07-24 01:00:00,782.65,15.334
2025-07-24 01:30:00,782.56,15.304
2025-07-24 02:00:00,782.71,15.282
2025-07-24 02:30:00,782.82,15.264
2025-07-24 03:00:00,782.98,15.243
2025-07-24 03:30:00,783.1,15.206
2025-07-24 04:00:00,783.15,15.145
2025-07-24 04:30:00,783.39,15.066
2025-07-24 05:00:00,783.53,14.964
2025-07-24 05:30:00,783.65,14.839
2025-07-24 06:00:00,783.75,14.701
2025-07-24 06:30:00,783.88,14.555
2025-07-24 07:00:00,784.09,14.408
2025-07-24 07:30:00,784.12,14.258
2025-07-24 08:00:00,784.12,14.106
2025-07-24 08:30:00,784.01,13.943
2025-07-24 09:00:00,783.85,13.779
2025-07-24 09:30:00,783.75,13.611
2025-07-24 10:00:00,783.68,13.439
2025-07-24 10:30:00,783.75,13.261
2025-07-24 11:00:00,783.44,13.084
2025-07-24 11:30:00,783.57,12.905
2025-07-24 12:00:00,783.51,12.725
2025-07-24 12:30:00,783.53,12.544
2025-07-24 13:00:00,783.66,12.363
2025-07-24 13:30:00,783.81,12.181
2025-07-24 14:00:00,783.87,12.002
2025-07-24 14:30:00,783.75,11.821
2025-07-24 15:00:00,783.72,11.651
2025-07-24 15:30:00,783.65,11.496
2025-07-24 16:00:00,783.62,11.378
2025-07-24 16:30:00,783.58,11.308
2025-07-24 17:00:00,783.54,11.31
2025-07-24 17:30:00,783.66,11.435
2025-07-24 18:00:00,783.7,11.687
2025-07-24 18:30:00,783.72,11.931
2025-07-24 19:00:00,783.71,12.169
2025-07-24 19:30:00,783.65,12.44
2025-07-24 20:00:00,783.72,12.763
2025-07-24 20:30:00,783.58,13.11
2025-07-24 21:00:00,783.46,13.451
2025-07-24 21:30:00,783.56,13.76
2025-07-24 22:00:00,783.65,14.033
2025-07-24 22:30:00,783.61,14.276
2025-07-24 23:00:00,783.72,14.469
2025-07-24 23:30:00,783.73,14.607
2025-07-25 00:00:00,783.77,14.683
2025-07-25 00:30:00,783.55,14.702
2025-07-25 01:00:00,783.32,14.685
2025-07-25 01:30:00,783.04,14.664
2025-07-25 02:00:00,782.96,14.647
2025-07-25 02:30:00,783.05,14.633
2025-07-25 03:00:00,783.01,14.612
2025-07-25 03:30:00,783.28,14.577
2025-07-25 04:00:00,783.16,14.527
2025-07-25 04:30:00,783.37,14.459
2025-07-25 05:00:00,783.35,14.368
2025-07-25 05:30:00,783.41,14.256
2025-07-25 06:00:00,783.45,14.127
2025-07-25 06:30:00,783.44,13.984
2025-07-25 07:00:00,783.54,13.836
2025-07-25 07:30:00,783.52,13.682
2025-07-25 08:00:00,783.47,13.525
2025-07-25 08:30:00,783.32,13.372
2025-07-25 09:00:00,783.18,13.211
2025-07-25 09:30:00,783.06,13.049
2025-07-25 10:00:00,782.89,12.884
2025-07-25 10:30:00,782.52,12.719
2025-07-25 11:00:00,782.35,12.553
2025-07-25 11:30:00,782.21,12.384
2025-07-25 12:00:00,782.16,12.213
2025-07-25 12:30:00,781.94,12.041
2025-07-25 13:00:00,781.87,11.865
2025-07-25 13:30:00,781.72,11.694
2025-07-25 14:00:00,781.61,11.527
2025-07-25 14:30:00,781.67,11.36
2025-07-25 15:00:00,781.64,11.203
2025-07-25 15:30:00,781.48,11.064
2025-07-25 16:00:00,781.51,10.955
2025-07-25 16:30:00,781.4,10.892
2025-07-25 17:00:00,781.38,10.897
2025-07-25 17:30:00,781.34,11.032
2025-07-25 18:00:00,781.35,11.272
2025-07-25 18:30:00,781.24,11.466
2025-07-25 19:00:00,781.09,11.624
2025-07-25 19:30:00,781.16,11.775
2025-07-25 20:00:00,781.11,11.927
2025-07-25 20:30:00,781.18,12.09
2025-07-25 21:00:00,781.06,12.241
2025-07-25 21:30:00,781.01,12.383
2025-07-25 22:00:00,780.89,12.529
2025-07-25 22:30:00,780.71,12.669
2025-07-25 23:00:00,780.61,12.825
2025-07-25 23:30:00,780.51,13.022
2025-07-26 00:00:00,780.54,13.21
2025-07-26 00:30:00,780.34,13.375
2025-07-26 01:00:00,780.26,13.519
2025-07-26 01:30:00,780.45,13.632
2025-07-26 02:00:00,780.41,13.713
2025-07-26 02:30:00,780.52,13.76
2025-07-26 03:00:00,780.32,13.775
2025-07-26 03:30:00,780.49,13.765
2025-07-26 04:00:00,780.54,13.735
2025-07-26 04:30:00,780.72,13.695
2025-07-26 05:00:00,780.75,13.639
2025-07-26 05:30:00,780.9,13.579
2025-07-26 06:00:00,780.81,13.506
2025-07-26 06:30:00,780.69,13.427
2025-07-26 07:00:00,780.85,13.335
2025-07-26 07:30:00,780.73,13.233
2025-07-26 08:00:00,780.57,13.121
2025-07-26 08:30:00,780.44,13.004
2025-07-26 09:00:00,780.27,12.874
2025-07-26 09:30:00,780.1,12.741
2025-07-26 10:00:00,779.91,12.605
2025-07-26 10:30:00,779.77,12.464
2025-07-26 11:00:00,779.54,12.319
2025-07-26 11:30:00,779.46,12.177
2025-07-26 12:00:00,779.55,12.032
2025-07-26 12:30:00,779.7,11.889
2025-07-26 13:00:00,779.84,11.75
2025-07-26 13:30:00,779.96,11.612
2025-07-26 14:00:00,780.21,11.477
2025-07-26 14:30:00,780.32,11.35
2025-07-26 15:00:00,780.5,11.235
2025-07-26 15:30:00,780.43,11.131
2025-07-26 16:00:00,780.37,11.05
2025-07-26 16:30:00,780.11,11.001
2025-07-26 17:00:00,780.09,11.0
2025-07-26 17:30:00,780.16,11.128
2025-07-26 18:00:00,780.25,11.391
2025-07-26 18:30:00,780.43,11.639
2025-07-26 19:00:00,780.42,11.814
2025-07-26 19:30:00,780.49,11.932
2025-07-26 20:00:00,780.46,12.032
2025-07-26 20:30:00,780.58,12.144
2025-07-26 21:00:00,780.58,12.254
2025-07-26 21:30:00,780.59,12.338
2025-07-26 22:00:00,780.51,12.49
2025-07-26 22:30:00,780.45,12.759
2025-07-26 23:00:00,780.38,13.105
2025-07-26 23:30:00,780.44,13.436
2025-07-27 00:00:00,780.55,13.687
2025-07-27 00:30:00,780.59,13.853
2025-07-27 01:00:00,780.5,13.948
2025-07-27 01:30:00,780.51,13.985
2025-07-27 02:00:00,780.46,13.964
2025-07-27 02:30:00,780.65,13.886
2025-07-27 03:00:00,780.65,13.771
2025-07-27 03:30:00,780.78,13.638
2025-07-27 04:00:00,780.95,13.504
2025-07-27 04:30:00,781.27,13.365
2025-07-27 05:00:00,781.45,13.22
2025-07-27 05:30:00,781.57,13.068
2025-07-27 06:00:00,781.46,12.912
2025-07-27 06:30:00,781.43,12.752
2025-07-27 07:00:00,781.36,12.6
2025-07-27 07:30:00,781.3,12.448
2025-07-27 08:00:00,781.33,12.298
2025-07-27 08:30:00,781.25,12.152
2025-07-27 09:00:00,781.16,12.003
2025-07-27 09:30:00,780.99,11.858
2025-07-27 10:00:00,780.86,11.711
2025-07-27 10:30:00,780.75,11.566
2025-07-27 11:00:00,780.6,11.423
2025-07-27 11:30:00,780.65,11.281
2025-07-27 12:00:00,780.79,11.142
2025-07-27 12:30:00,780.83,11.003
2025-07-27 13:00:00,781.0,10.866
2025-07-27 13:30:00,781.01,10.729
2025-07-27 14:00:00,781.03,10.594
2025-07-27 14:30:00,781.02,10.458
2025-07-27 15:00:00,781.1,10.333
2025-07-27 15:30:00,781.1,10.22
2025-07-27 16:00:00,781.08,10.139
2025-07-27 16:30:00,781.07,10.113
2025-07-27 17:00:00,781.07,10.157
2025-07-27 17:30:00,781.2,10.348
2025-07-27 18:00:00,781.39,10.64
2025-07-27 18:30:00,781.45,10.918
2025-07-27 19:00:00,781.52,11.19
2025-07-27 19:30:00,781.69,11.504
2025-07-27 20:00:00,781.71,11.87
2025-07-27 20:30:00,781.67,12.296
2025-07-27 21:00:00,781.76,12.757
2025-07-27 21:30:00,781.93,13.224
2025-07-27 22:00:00,781.97,13.678
2025-07-27 22:30:00,781.8,14.094
2025-07-27 23:00:00,781.95,14.464
2025-07-27 23:30:00,781.93,14.769
2025-07-28 00:00:00,782.0,15.007
2025-07-28 00:30:00,781.92,15.174
2025-07-28 01:00:00,781.9,15.269
2025-07-28 01:30:00,781.81,15.311
2025-07-28 02:00:00,781.91,15.301
2025-07-28 02:30:00,782.11,15.256
2025-07-28 03:00:00,782.28,15.185
2025-07-28 03:30:00,782.34,15.096
2025-07-28 04:00:00,782.61,14.998
2025-07-28 04:30:00,782.8,14.89
2025-07-28 05:00:00,782.98,14.77
2025-07-28 05:30:00,782.97,14.636
2025-07-28 06:00:00,782.96,14.495
2025-07-28 06:30:00,783.0,14.344
2025-07-28 07:00:00,782.98,14.188
2025-07-28 07:30:00,783.02,14.029
2025-07-28 08:00:00,783.02,13.863
2025-07-28 08:30:00,783.0,13.682
2025-07-28 09:00:00,783.05,13.498
2025-07-28 09:30:00,783.02,13.309
2025-07-28 10:00:00,782.94,13.115
2025-07-28 10:30:00,782.96,12.917
2025-07-28 11:00:00,782.95,12.72
2025-07-28 11:30:00,783.08,12.518
2025-07-28 12:00:00,783.01,12.318
2025-07-28 12:30:00,783.03,12.121
2025-07-28 13:00:00,783.15,11.917
2025-07-28 13:30:00,783.3,11.72
2025-07-28 14:00:00,783.32,11.523
2025-07-28 14:30:00,783.36,11.341
2025-07-28 15:00:00,783.35,11.169
2025-07-28 15:30:00,783.41,11.013
2025-07-28 16:00:00,783.37,10.894
2025-07-28 16:30:00,783.3,10.816
2025-07-28 17:00:00,783.34,10.81
2025-07-28 17:30:00,783.51,10.961
2025-07-28 18:00:00,783.56,11.241
2025-07-28 18:30:00,783.6,11.513
2025-07-28 19:00:00,783.64,11.781
2025-07-28 19:30:00,783.69,12.089
2025-07-28 20:00:00,783.78,12.446
2025-07-28 20:30:00,783.82,12.845
2025-07-28 21:00:00,783.95,13.264
2025-07-28 21:30:00,784.02,13.68
2025-07-28 22:00:00,784.21,14.075
2025-07-28 22:30:00,784.0,14.437
2025-07-28 23:00:00,783.94,14.762
2025-07-28 23:30:00,783.79,15.036
2025-07-29 00:00:00,783.87,15.252
2025-07-29 00:30:00,783.88,15.4
2025-07-29 01:00:00,783.78,15.479
2025-07-29 01:30:00,783.57,15.479
2025-07-29 02:00:00,783.52,15.428
2025-07-29 02:30:00,783.48,15.351
2025-07-29 03:00:00,783.5,15.256
2025-07-29 03:30:00,783.8,15.154
2025-07-29 04:00:00,783.91,15.056
2025-07-29 04:30:00,784.21,14.962
2025-07-29 05:00:00,784.26,14.867
2025-07-29 05:30:00,784.28,14.763
2025-07-29 06:00:00,784.14,14.653
2025-07-29 06:30:00,784.3,14.53
2025-07-29 07:00:00,784.41,14.4
2025-07-29 07:30:00,784.4,14.266
2025-07-29 08:00:00,784.37,14.127
2025-07-29 08:30:00,784.26,13.984
2025-07-29 09:00:00,784.17,13.838
2025-07-29 09:30:00,783.97,13.689
2025-07-29 10:00:00,783.88,13.538
2025-07-29 10:30:00,783.78,13.382
2025-07-29 11:00:00,783.88,13.222
2025-07-29 11:30:00,783.85,13.057
2025-07-29 12:00:00,783.93,12.887
2025-07-29 12:30:00,783.95,12.72
2025-07-29 13:00:00,784.14,12.546
2025-07-29 13:30:00,784.18,12.371
2025-07-29 14:00:00,784.14,12.198
2025-07-29 14:30:00,784.15,12.03
2025-07-29 15:00:00,784.21,11.87
2025-07-29 15:30:00,784.16,11.725
2025-07-29 16:00:00,784.15,11.611
2025-07-29 16:30:00,784.02,11.539
2025-07-29 17:00:00,784.13,11.539
2025-07-29 17:30:00,784.07,11.704
2025-07-29 18:00:00,784.37,12.012
2025-07-29 18:30:00,784.58,12.298
2025-07-29 19:00:00,784.64,12.568
2025-07-29 19:30:00,784.67,12.855
2025-07-29 20:00:00,784.61,13.188
2025-07-29 20:30:00,784.6,13.564
2025-07-29 21:00:00,784.52,13.98
2025-07-29 21:30:00,784.6,14.401
2025-07-29 22:00:00,784.3,14.787
2025-07-29 22:30:00,784.13,15.127
2025-07-29 23:00:00,784.11,15.421
2025-07-29 23:30:00,783.8,15.667
2025-07-30 00:00:00,783.72,15.852
2025-07-30 00:30:00,783.57,15.976
2025-07-30 01:00:00,783.3,16.046
2025-07-30 01:30:00,783.36,16.068
2025-07-30 02:00:00,783.37,16.043
2025-07-30 02:30:00,783.35,15.982
2025-07-30 03:00:00,783.53,15.895
2025-07-30 03:30:00,783.61,15.79
2025-07-30 04:00:00,783.62,15.678
2025-07-30 04:30:00,783.7,15.564
2025-07-30 05:00:00,783.75,15.445
2025-07-30 05:30:00,783.54,15.314
2025-07-30 06:00:00,783.47,15.18
2025-07-30 06:30:00,783.36,15.041
2025-07-30 07:00:00,783.3,14.903
2025-07-30 07:30:00,783.18,14.767
2025-07-30 08:00:00,783.06,14.631
2025-07-30 08:30:00,782.84,14.493
2025-07-30 09:00:00,782.48,14.352
2025-07-30 09:30:00,782.33,14.207
2025-07-30 10:00:00,782.27,14.061
2025-07-30 10:30:00,782.07,13.913
2025-07-30 11:00:00,781.96,13.762
2025-07-30 11:30:00,782.0,13.605
2025-07-30 12:00:00,782.19,13.446
2025-07-30 12:30:00,782.25,13.284
2025-07-30 13:00:00,782.38,13.122
2025-07-30 13:30:00,782.39,12.953
2025-07-30 14:00:00,782.08,12.786
2025-07-30 14:30:00,782.14,12.621
2025-07-30 15:00:00,782.2,12.466
2025-07-30 15:30:00,782.15,12.335
2025-07-30 16:00:00,782.13,12.228
2025-07-30 16:30:00,781.93,12.161
2025-07-30 17:00:00,782.06,12.155
2025-07-30 17:30:00,782.29,12.303
2025-07-30 18:00:00,782.49,12.506
2025-07-30 18:30:00,782.54,12.625
2025-07-30 19:00:00,782.44,12.71
2025-07-30 19:30:00,783.18,12.773
2025-07-30 20:00:00,782.9,12.786
2025-07-30 20:30:00,783.08,12.761
2025-07-30 21:00:00,783.45,12.718
2025-07-30 21:30:00,783.47,12.662
2025-07-30 22:00:00,783.26,12.615
2025-07-30 22:30:00,783.04,12.617
2025-07-30 23:00:00,782.88,12.736
2025-07-30 23:30:00,782.85,12.971
2025-07-31 00:00:00,782.96,13.27
2025-07-31 00:30:00,782.89,13.559
2025-07-31 01:00:00,782.79,13.787
2025-07-31 01:30:00,782.84,13.925
2025-07-31 02:00:00,782.98,13.968
2025-07-31 02:30:00,783.15,13.926
2025-07-31 03:00:00,783.26,13.824
2025-07-31 03:30:00,783.27,13.686
2025-07-31 04:00:00,783.48,13.541
2025-07-31 04:30:00,783.62,13.392
2025-07-31 05:00:00,783.75,13.242
2025-07-31 05:30:00,783.9,13.094
2025-07-31 06:00:00,783.73,12.949
2025-07-31 06:30:00,783.65,12.808
2025-07-31 07:00:00,783.68,12.673
2025-07-31 07:30:00,783.56,12.535
2025-07-31 08:00:00,783.39,12.398
2025-07-31 08:30:00,783.29,12.252
2025-07-31 09:00:00,783.17,12.104
2025-07-31 09:30:00,783.05,11.949
2025-07-31 10:00:00,783.02,11.788
2025-07-31 10:30:00,783.04,11.623
2025-07-31 11:00:00,782.96,11.452
2025-07-31 11:30:00,783.06,11.282
2025-07-31 12:00:00,783.15,11.107
2025-07-31 12:30:00,783.22,10.93
2025-07-31 13:00:00,783.44,10.751
2025-07-31 13:30:00,783.54,10.572
2025-07-31 14:00:00,783.58,10.392
2025-07-31 14:30:00,783.68,10.218
2025-07-31 15:00:00,783.79,10.047
2025-07-31 15:30:00,783.75,9.896
2025-07-31 16:00:00,783.79,9.777
2025-07-31 16:30:00,783.73,9.704
2025-07-31 17:00:00,783.81,9.699
2025-07-31 17:30:00,783.89,9.858
2025-07-31 18:00:00,783.88,10.152
2025-07-31 18:30:00,783.87,10.426
2025-07-31 19:00:00,783.88,10.701
2025-07-31 19:30:00,783.82,11.015
2025-07-31 20:00:00,783.89,11.387
2025-07-31 20:30:00,783.88,11.801
2025-07-31 21:00:00,784.03,12.24
2025-07-31 21:30:00,783.99,12.686
2025-07-31 22:00:00,784.08,13.112
2025-07-31 22:30:00,784.09,13.505
2025-07-31 23:00:00,783.91,13.858
2025-07-31 23:30:00,783.94,14.159
2025-08-01 00:00:00,783.8,14.392
2025-08-01 00:30:00,783.65,14.557
2025-08-01 01:00:00,783.65,14.662
2025-08-01 01:30:00,783.66,14.711
2025-08-01 02:00:00,783.71,14.712
2025-08-01 02:30:00,783.71,14.673
2025-08-01 03:00:00,783.85,14.606
2025-08-01 03:30:00,784.02,14.526
2025-08-01 04:00:00,784.24,14.438
2025-08-01 04:30:00,784.32,14.348
2025-08-01 05:00:00,784.55,14.249
2025-08-01 05:30:00,784.62,14.141
2025-08-01 06:00:00,784.61,14.023
2025-08-01 06:30:00,784.65,13.9
2025-08-01 07:00:00,784.67,13.773
2025-08-01 07:30:00,784.56,13.647
2025-08-01 08:00:00,784.43,13.515
2025-08-01 08:30:00,784.25,13.381
2025-08-01 09:00:00,784.21,13.243
2025-08-01 09:30:00,784.1,13.1
2025-08-01 10:00:00,783.89,12.952
2025-08-01 10:30:00,783.75,12.802
2025-08-01 11:00:00,783.66,12.647
2025-08-01 11:30:00,783.71,12.488
2025-08-01 12:00:00,783.81,12.328
2025-08-01 12:30:00,783.88,12.168
2025-08-01 13:00:00,784.03,12.008
2025-08-01 13:30:00,783.97,11.852
2025-08-01 14:00:00,783.99,11.702
2025-08-01 14:30:00,784.04,11.56
2025-08-01 15:00:00,784.08,11.427
2025-08-01 15:30:00,784.06,11.313
2025-08-01 16:00:00,783.98,11.225
2025-08-01 16:30:00,784.01,11.178
2025-08-01 17:00:00,784.11,11.195
2025-08-01 17:30:00,784.33,11.383
2025-08-01 18:00:00,784.62,11.683
2025-08-01 18:30:00,784.66,11.96
2025-08-01 19:00:00,784.59,12.234
2025-08-01 19:30:00,784.85,12.534
2025-08-01 20:00:00,784.84,12.886
2025-08-01 20:30:00,785.03,13.288
2025-08-01 21:00:00,785.09,13.713
2025-08-01 21:30:00,785.08,14.135
2025-08-01 22:00:00,785.28,14.534
2025-08-01 22:30:00,785.19,14.901
2025-08-01 23:00:00,785.22,15.215
2025-08-01 23:30:00,785.12,15.469
2025-08-02 00:00:00,784.97,15.649
2025-08-02 00:30:00,784.83,15.768
2025-08-02 01:00:00,784.63,15.821
2025-08-02 01:30:00,784.7,15.826
2025-08-02 02:00:00,784.78,15.78
2025-08-02 02:30:00,784.81,15.696
2025-08-02 03:00:00,784.81,15.58
2025-08-02 03:30:00,784.94,15.451
2025-08-02 04:00:00,785.15,15.315
2025-08-02 04:30:00,785.29,15.179
2025-08-02 05:00:00,785.49,15.043
2025-08-02 05:30:00,785.76,14.902
2025-08-02 06:00:00,785.81,14.752
2025-08-02 06:30:00,785.88,14.595
2025-08-02 07:00:00,785.88,14.442
2025-08-02 07:30:00,785.84,14.288
2025-08-02 08:00:00,785.69,14.135
2025-08-02 08:30:00,785.58,13.981
2025-08-02 09:00:00,785.53,13.821
2025-08-02 09:30:00,785.28,13.653
2025-08-02 10:00:00,785.23,13.474
2025-08-02 10:30:00,785.4,13.291
2025-08-02 11:00:00,785.45,13.102
2025-08-02 11:30:00,785.52,12.908
2025-08-02 12:00:00,785.37,12.705
2025-08-02 12:30:00,785.42,12.493
2025-08-02 13:00:00,785.57,12.274
2025-08-02 13:30:00,785.88,12.053
2025-08-02 14:00:00,785.86,11.828
2025-08-02 14:30:00,785.9,11.61
2025-08-02 15:00:00,785.88,11.395
2025-08-02 15:30:00,785.89,11.195
2025-08-02 16:00:00,785.76,11.03
2025-08-02 16:30:00,785.74,10.905
2025-08-02 17:00:00,785.69,10.842
2025-08-02 17:30:00,785.82,10.972
2025-08-02 18:00:00,785.89,11.247
2025-08-02 18:30:00,786.05,11.497
2025-08-02 19:00:00,786.09,11.763
2025-08-02 19:30:00,786.2,12.066
2025-08-02 20:00:00,786.21,12.426
2025-08-02 20:30:00,786.14,12.839
2025-08-02 21:00:00,786.03,13.283
2025-08-02 21:30:00,786.02,13.736
2025-08-02 22:00:00,785.92,14.161
2025-08-02 22:30:00,785.86,14.548
2025-08-02 23:00:00,785.77,14.882
2025-08-02 23:30:00,785.73,15.162
2025-08-03 00:00:00,785.69,15.365
2025-08-03 00:30:00,785.5,15.501
2025-08-03 01:00:00,785.25,15.575
2025-08-03 01:30:00,785.14,15.592
2025-08-03 02:00:00,785.15,15.553
2025-08-03 02:30:00,785.17,15.476
2025-08-03 03:00:00,784.97,15.378
2025-08-03 03:30:00,784.89,15.267
2025-08-03 04:00:00,785.02,15.148
2025-08-03 04:30:00,785.08,15.03
2025-08-03 05:00:00,785.2,14.907
2025-08-03 05:30:00,785.0,14.781
2025-08-03 06:00:00,784.77,14.652
2025-08-03 06:30:00,784.75,14.512
2025-08-03 07:00:00,784.73,14.37
2025-08-03 07:30:00,784.73,14.229
2025-08-03 08:00:00,784.6,14.087
2025-08-03 08:30:00,784.43,13.943
2025-08-03 09:00:00,784.23,13.803
2025-08-03 09:30:00,784.03,13.653
2025-08-03 10:00:00,783.94,13.508
2025-08-03 10:30:00,783.92,13.358
2025-08-03 11:00:00,783.91,13.206
2025-08-03 11:30:00,783.73,13.048
2025-08-03 12:00:00,783.75,12.887
2025-08-03 12:30:00,783.75,12.723
2025-08-03 13:00:00,783.87,12.558
2025-08-03 13:30:00,783.91,12.388
2025-08-03 14:00:00,783.87,12.217
2025-08-03 14:30:00,783.9,12.044
2025-08-03 15:00:00,783.71,11.872
2025-08-03 15:30:00,783.57,11.706
2025-08-03 16:00:00,783.42,11.566
2025-08-03 16:30:00,783.38,11.46
2025-08-03 17:00:00,783.47,11.413
2025-08-03 17:30:00,783.51,11.554
2025-08-03 18:00:00,783.4,11.826
2025-08-03 18:30:00,783.21,12.063
2025-08-03 19:00:00,783.18,12.317
2025-08-03 19:30:00,783.2,12.611
2025-08-03 20:00:00,783.13,12.969
2025-08-03 20:30:00,783.07,13.379
2025-08-03 21:00:00,782.79,13.826
2025-08-03 21:30:00,782.77,14.268
2025-08-03 22:00:00,782.74,14.679
2025-08-03 22:30:00,782.57,15.046
2025-08-03 23:00:00,782.42,15.363
2025-08-03 23:30:00,782.29,15.619
2025-08-04 00:00:00,782.13,15.801
2025-08-04 00:30:00,782.04,15.915
2025-08-04 01:00:00,781.74,15.962
2025-08-04 01:30:00,781.69,15.945
2025-08-04 02:00:00,781.76,15.866
2025-08-04 02:30:00,781.79,15.745
2025-08-04 03:00:00,781.81,15.598
2025-08-04 03:30:00,781.79,15.437
2025-08-04 04:00:00,781.86,15.272
2025-08-04 04:30:00,781.93,15.111
2025-08-04 05:00:00,781.95,14.955
2025-08-04 05:30:00,781.77,14.79
2025-08-04 06:00:00,781.64,14.618
2025-08-04 06:30:00,781.33,14.447
2025-08-04 07:00:00,781.19,14.275
2025-08-04 07:30:00,781.16,14.1
2025-08-04 08:00:00,781.04,13.922
2025-08-04 08:30:00,780.82,13.749
2025-08-04 09:00:00,780.68,13.573
2025-08-04 09:30:00,780.57,13.394
2025-08-04 10:00:00,780.52,13.21
2025-08-04 10:30:00,780.48,13.025
2025-08-04 11:00:00,780.41,12.835
2025-08-04 11:30:00,780.39,12.642
2025-08-04 12:00:00,780.48,12.445
2025-08-04 12:30:00,780.43,12.246
2025-08-04 13:00:00,780.48,12.045
2025-08-04 13:30:00,780.45,11.843
2025-08-04 14:00:00,780.48,11.643
2025-08-04 14:30:00,780.39,11.445
2025-08-04 15:00:00,780.33,11.253
2025-08-04 15:30:00,780.36,11.071
2025-08-04 16:00:00,780.15,10.914
2025-08-04 16:30:00,779.98,10.799
2025-08-04 17:00:00,780.08,10.734
2025-08-04 17:30:00,780.31,10.857
2025-08-04 18:00:00,780.24,11.119
2025-08-04 18:30:00,780.35,11.349
2025-08-04 19:00:00,780.39,11.591
2025-08-04 19:30:00,780.5,11.881
2025-08-04 20:00:00,780.45,12.236
2025-08-04 20:30:00,780.43,12.652
2025-08-04 21:00:00,780.51,13.105
2025-08-04 21:30:00,780.55,13.561
2025-08-04 22:00:00,780.47,13.997
2025-08-04 22:30:00,780.35,14.386
2025-08-04 23:00:00,780.24,14.722
2025-08-04 23:30:00,780.13,14.997
2025-08-05 00:00:00,780.01,15.198
2025-08-05 00:30:00,779.99,15.326
2025-08-05 01:00:00,779.82,15.394
2025-08-05 01:30:00,779.8,15.39
2025-08-05 02:00:00,780.02,15.325
2025-08-05 02:30:00,780.14,15.215
2025-08-05 03:00:00,780.22,15.073
2025-08-05 03:30:00,780.15,14.917
2025-08-05 04:00:00,780.32,14.758
2025-08-05 04:30:00,780.37,14.601
2025-08-05 05:00:00,780.4,14.442
2025-08-05 05:30:00,780.41,14.286
2025-08-05 06:00:00,780.41,14.126
2025-08-05 06:30:00,780.43,13.962
2025-08-05 07:00:00,780.53,13.798
2025-08-05 07:30:00,780.5,13.638
2025-08-05 08:00:00,780.46,13.48
2025-08-05 08:30:00,780.35,13.323
2025-08-05 09:00:00,780.23,13.168
2025-08-05 09:30:00,780.21,13.009
2025-08-05 10:00:00,780.16,12.851
2025-08-05 10:30:00,780.14,12.695
2025-08-05 11:00:00,780.22,12.53
2025-08-05 11:30:00,780.17,12.368
2025-08-05 12:00:00,780.3,12.206
2025-08-05 12:30:00,780.33,12.043
2025-08-05 13:00:00,780.48,11.877
2025-08-05 13:30:00,780.67,11.711
2025-08-05 14:00:00,780.76,11.542
2025-08-05 14:30:00,780.83,11.373
2025-08-05 15:00:00,780.98,11.209
2025-08-05 15:30:00,781.11,11.056
2025-08-05 16:00:00,781.16,10.925
2025-08-05 16:30:00,781.0,10.831
2025-08-05 17:00:00,781.09,10.795
2025-08-05 17:30:00,781.16,10.934
2025-08-05 18:00:00,781.4,11.218
2025-08-05 18:30:00,781.57,11.474
2025-08-05 19:00:00,781.75,11.748
2025-08-05 19:30:00,781.75,12.068
2025-08-05 20:00:00,781.76,12.451
2025-08-05 20:30:00,781.98,12.895
2025-08-05 21:00:00,781.99,13.381
2025-08-05 21:30:00,782.09,13.875
2025-08-05 22:00:00,782.08,14.341
2025-08-05 22:30:00,781.95,14.756
2025-08-05 23:00:00,781.94,15.116
2025-08-05 23:30:00,781.83,15.413
2025-08-06 00:00:00,781.79,15.637
2025-08-06 00:30:00,781.94,15.783
2025-08-06 01:00:00,781.91,15.864
2025-08-06 01:30:00,781.89,15.87
2025-08-06 02:00:00,782.03,15.813
2025-08-06 02:30:00,782.07,15.715
2025-08-06 03:00:00,782.22,15.584
2025-08-06 03:30:00,782.23,15.433
2025-08-06 04:00:00,782.45,15.278
2025-08-06 04:30:00,782.66,15.12
2025-08-06 05:00:00,782.75,14.966
2025-08-06 05:30:00,782.74,14.811
2025-08-06 06:00:00,782.81,14.657
2025-08-06 06:30:00,782.86,14.5
2025-08-06 07:00:00,782.83,14.346
2025-08-06 07:30:00,782.8,14.192
2025-08-06 08:00:00,782.76,14.041
2025-08-06 08:30:00,782.67,13.892
2025-08-06 09:00:00,782.69,13.741
2025-08-06 09:30:00,782.66,13.589
2025-08-06 10:00:00,782.63,13.437
2025-08-06 10:30:00,782.6,13.278
2025-08-06 11:00:00,782.55,13.118
2025-08-06 11:30:00,782.47,12.952
2025-08-06 12:00:00,782.64,12.783
2025-08-06 12:30:00,782.73,12.612
2025-08-06 13:00:00,782.9,12.438
2025-08-06 13:30:00,782.95,12.265
2025-08-06 14:00:00,783.0,12.09
2025-08-06 14:30:00,783.06,11.914
2025-08-06 15:00:00,783.18,11.745
2025-08-06 15:30:00,783.32,11.589
2025-08-06 16:00:00,783.3,11.453
2025-08-06 16:30:00,783.29,11.356
2025-08-06 17:00:00,783.4,11.308
2025-08-06 17:30:00,783.4,11.428
2025-08-06 18:00:00,783.56,11.695
2025-08-06 18:30:00,783.78,11.955
2025-08-06 19:00:00,783.76,12.22
2025-08-06 19:30:00,783.86,12.535
2025-08-06 20:00:00,783.95,12.924
2025-08-06 20:30:00,783.99,13.368
2025-08-06 21:00:00,784.05,13.855
2025-08-06 21:30:00,783.95,14.355
2025-08-06 22:00:00,783.84,14.825
2025-08-06 22:30:00,783.72,15.246
2025-08-06 23:00:00,783.52,15.606
2025-08-06 23:30:00,783.67,15.899
2025-08-07 00:00:00,783.62,16.109
2025-08-07 00:30:00,783.56,16.233
2025-08-07 01:00:00,783.44,16.291
2025-08-07 01:30:00,783.41,16.29
2025-08-07 02:00:00,783.21,16.223
2025-08-07 02:30:00,783.26,16.108
2025-08-07 03:00:00,783.3,15.964
2025-08-07 03:30:00,783.33,15.804
2025-08-07 04:00:00,783.41,15.64
2025-08-07 04:30:00,783.72,15.483
2025-08-07 05:00:00,783.84,15.329
2025-08-07 05:30:00,783.84,15.179
2025-08-07 06:00:00,783.68,15.026
2025-08-07 06:30:00,783.62,14.872
2025-08-07 07:00:00,783.61,14.716
2025-08-07 07:30:00,783.54,14.56
2025-08-07 08:00:00,783.34,14.401
2025-08-07 08:30:00,783.34,14.248
2025-08-07 09:00:00,783.1,14.099
2025-08-07 09:30:00,783.06,13.95
2025-08-07 10:00:00,782.89,13.801
2025-08-07 10:30:00,782.83,13.654
2025-08-07 11:00:00,782.85,13.5
2025-08-07 11:30:00,782.83,13.348
2025-08-07 12:00:00,782.8,13.196
2025-08-07 12:30:00,782.78,13.041
2025-08-07 13:00:00,782.83,12.885
2025-08-07 13:30:00,782.9,12.726
2025-08-07 14:00:00,782.87,12.566
2025-08-07 14:30:00,782.93,12.406
2025-08-07 15:00:00,782.87,12.252
2025-08-07 15:30:00,782.89,12.111
2025-08-07 16:00:00,782.84,11.99
2025-08-07 16:30:00,782.78,11.9
2025-08-07 17:00:00,782.9,11.86
2025-08-07 17:30:00,782.95,11.966
2025-08-07 18:00:00,783.09,12.211
2025-08-07 18:30:00,782.96,12.47
2025-08-07 19:00:00,783.01,12.721
2025-08-07 19:30:00,782.9,13.021
2025-08-07 20:00:00,783.01,13.389
2025-08-07 20:30:00,783.0,13.81
2025-08-07 21:00:00,783.15,14.266
2025-08-07 21:30:00,782.95,14.739
2025-08-07 22:00:00,782.94,15.172
2025-08-07 22:30:00,782.63,15.559
2025-08-07 23:00:00,782.6,15.882
2025-08-07 23:30:00,782.51,16.139
2025-08-08 00:00:00,782.54,16.327
2025-08-08 00:30:00,782.52,16.442
2025-08-08 01:00:00,782.44,16.493
2025-08-08 01:30:00,782.42,16.478
2025-08-08 02:00:00,782.28,16.401
2025-08-08 02:30:00,782.23,16.274
2025-08-08 03:00:00,782.18,16.119
2025-08-08 03:30:00,782.19,15.947
2025-08-08 04:00:00,782.39,15.773
2025-08-08 04:30:00,782.49,15.601
2025-08-08 05:00:00,782.46,15.432
2025-08-08 05:30:00,782.36,15.267
2025-08-08 06:00:00,782.25,15.103
2025-08-08 06:30:00,781.94,14.94
2025-08-08 07:00:00,781.81,14.776
2025-08-08 07:30:00,781.79,14.614
2025-08-08 08:00:00,781.68,14.453
2025-08-08 08:30:00,781.52,14.295
2025-08-08 09:00:00,781.41,14.138
2025-08-08 09:30:00,781.39,13.978
2025-08-08 10:00:00,781.19,13.812
2025-08-08 10:30:00,781.21,13.65
2025-08-08 11:00:00,780.98,13.484
2025-08-08 11:30:00,780.85,13.308
2025-08-08 12:00:00,780.76,13.128
2025-08-08 12:30:00,780.85,12.946
2025-08-08 13:00:00,780.92,12.766
2025-08-08 13:30:00,781.09,12.583
2025-08-08 14:00:00,781.24,12.398
2025-08-08 14:30:00,781.32,12.214
2025-08-08 15:00:00,781.31,12.033
2025-08-08 15:30:00,781.25,11.866
2025-08-08 16:00:00,781.29,11.719
2025-08-08 16:30:00,781.1,11.609
2025-08-08 17:00:00,781.16,11.545
2025-08-08 17:30:00,781.24,11.623
2025-08-08 18:00:00,781.19,11.849
2025-08-08 18:30:00,781.39,12.111
2025-08-08 19:00:00,781.33,12.373
2025-08-08 19:30:00,781.12,12.697
2025-08-08 20:00:00,781.32,13.088
2025-08-08 20:30:00,781.33,13.536
2025-08-08 21:00:00,781.41,14.028
2025-08-08 21:30:00,781.4,14.534
2025-08-08 22:00:00,781.31,15.024
2025-08-08 22:30:00,781.32,15.471
2025-08-08 23:00:00,781.23,15.859
2025-08-08 23:30:00,781.18,16.178
2025-08-09 00:00:00,781.32,16.413
2025-08-09 00:30:00,781.35,16.57
2025-08-09 01:00:00,781.28,16.651
2025-08-09 01:30:00,781.26,16.66
2025-08-09 02:00:00,781.18,16.597
2025-08-09 02:30:00,781.23,16.478
2025-08-09 03:00:00,781.22,16.329
2025-08-09 03:30:00,781.35,16.162
2025-08-09 04:00:00,781.47,15.987
2025-08-09 04:30:00,781.73,15.822
2025-08-09 05:00:00,781.72,15.661
2025-08-09 05:30:00,781.6,15.505
2025-08-09 06:00:00,781.43,15.347
2025-08-09 06:30:00,781.22,15.195
2025-08-09 07:00:00,781.26,15.039
2025-08-09 07:30:00,781.22,14.884
2025-08-09 08:00:00,781.16,14.729
2025-08-09 08:30:00,780.97,14.575
2025-08-09 09:00:00,780.93,14.425
2025-08-09 09:30:00,780.83,14.27
2025-08-09 10:00:00,780.92,14.12
2025-08-09 10:30:00,780.98,13.97
2025-08-09 11:00:00,780.87,13.823
2025-08-09 11:30:00,780.79,13.679
2025-08-09 12:00:00,780.9,13.534
2025-08-09 12:30:00,781.0,13.395
2025-08-09 13:00:00,781.12,13.257
2025-08-09 13:30:00,781.3,13.12
2025-08-09 14:00:00,781.43,12.981
2025-08-09 14:30:00,781.51,12.846
2025-08-09 15:00:00,781.52,12.713
2025-08-09 15:30:00,781.51,12.592
2025-08-09 16:00:00,781.44,12.492
2025-08-09 16:30:00,781.37,12.423
2025-08-09 17:00:00,781.44,12.4
2025-08-09 17:30:00,781.52,12.495
2025-08-09 18:00:00,781.69,12.715
2025-08-09 18:30:00,781.69,12.978
2025-08-09 19:00:00,781.7,13.236
2025-08-09 19:30:00,781.57,13.542
2025-08-09 20:00:00,781.66,13.913
2025-08-09 20:30:00,781.75,14.345
2025-08-09 21:00:00,781.71,14.821
2025-08-09 21:30:00,781.76,15.31
2025-08-09 22:00:00,781.49,15.779
2025-08-09 22:30:00,781.68,16.195
2025-08-09 23:00:00,781.59,16.562
2025-08-09 23:30:00,781.52,16.862
2025-08-10 00:00:00,782.38,17.082
2025-08-10 00:30:00,781.45,17.23
2025-08-10 01:00:00,781.3,17.304
2025-08-10 01:30:00,781.29,17.302
2025-08-10 02:00:00,781.37,17.226
2025-08-10 02:30:00,781.39,17.096
2025-08-10 03:00:00,781.44,16.931
2025-08-10 03:30:00,781.63,16.755
2025-08-10 04:00:00,781.93,16.573
2025-08-10 04:30:00,782.1,16.398
2025-08-10 05:00:00,782.12,16.231
2025-08-10 05:30:00,782.12,16.069
2025-08-10 06:00:00,782.08,15.907
2025-08-10 06:30:00,781.98,15.752
2025-08-10 07:00:00,782.13,15.595
2025-08-10 07:30:00,782.1,15.44
2025-08-10 08:00:00,782.13,15.289
2025-08-10 08:30:00,782.09,15.137
2025-08-10 09:00:00,782.1,14.988
2025-08-10 09:30:00,781.95,14.836
2025-08-10 10:00:00,782.03,14.683
2025-08-10 10:30:00,781.98,14.532
2025-08-10 11:00:00,781.98,14.383
2025-08-10 11:30:00,782.06,14.232
2025-08-10 12:00:00,782.11,14.082
2025-08-10 12:30:00,782.32,13.934
2025-08-10 13:00:00,782.56,13.783
2025-08-10 13:30:00,782.71,13.637
2025-08-10 14:00:00,782.87,13.492
2025-08-10 14:30:00,783.01,13.353
2025-08-10 15:00:00,783.11,13.222
2025-08-10 15:30:00,783.18,13.103
2025-08-10 16:00:00,783.03,13.008
2025-08-10 16:30:00,783.08,12.935
2025-08-10 17:00:00,783.15,12.909
2025-08-10 17:30:00,783.26,13.002
2025-08-10 18:00:00,783.39,13.218
2025-08-10 18:30:00,783.45,13.495
2025-08-10 19:00:00,783.59,13.765
2025-08-10 19:30:00,783.54,14.084
2025-08-10 20:00:00,783.56,14.479
2025-08-10 20:30:00,783.59,14.925
2025-08-10 21:00:00,783.68,15.406
2025-08-10 21:30:00,783.81,15.898
2025-08-10 22:00:00,783.67,16.368
2025-08-10 22:30:00,783.6,16.792
2025-08-10 23:00:00,783.53,17.162
2025-08-10 23:30:00,783.42,17.467
2025-08-11 00:00:00,783.41,17.698
2025-08-11 00:30:00,783.34,17.848
2025-08-11 01:00:00,783.22,17.912
2025-08-11 01:30:00,783.36,17.903
2025-08-11 02:00:00,783.4,17.83
2025-08-11 02:30:00,783.45,17.706
2025-08-11 03:00:00,783.5,17.544
2025-08-11 03:30:00,783.59,17.364
2025-08-11 04:00:00,783.77,17.178
2025-08-11 04:30:00,783.98,16.993
2025-08-11 05:00:00,784.0,16.815
2025-08-11 05:30:00,783.79,16.64
2025-08-11 06:00:00,783.7,16.47
2025-08-11 06:30:00,783.63,16.298
2025-08-11 07:00:00,783.73,16.132
2025-08-11 07:30:00,783.69,15.966
2025-08-11 08:00:00,783.55,15.803
2025-08-11 08:30:00,783.51,15.642
2025-08-11 09:00:00,783.41,15.481
2025-08-11 09:30:00,783.41,15.323
2025-08-11 10:00:00,783.41,15.165
2025-08-11 10:30:00,783.48,15.009
2025-08-11 11:00:00,783.51,14.855
2025-08-11 11:30:00,783.52,14.699
2025-08-11 12:00:00,783.63,14.547
2025-08-11 12:30:00,783.56,14.397
2025-08-11 13:00:00,783.76,14.243
2025-08-11 13:30:00,783.88,14.092
2025-08-11 14:00:00,784.0,13.941
2025-08-11 14:30:00,784.15,13.798
2025-08-11 15:00:00,784.15,13.656
2025-08-11 15:30:00,784.14,13.524
2025-08-11 16:00:00,784.1,13.422
2025-08-11 16:30:00,784.1,13.34
2025-08-11 17:00:00,784.07,13.305
2025-08-11 17:30:00,784.11,13.39
2025-08-11 18:00:00,783.92,13.591
2025-08-11 18:30:00,783.92,13.87
2025-08-11 19:00:00,783.79,14.14
2025-08-11 19:30:00,783.71,14.456
2025-08-11 20:00:00,783.58,14.836
2025-08-11 20:30:00,783.58,15.274
2025-08-11 21:00:00,783.51,15.748
2025-08-11 21:30:00,783.47,16.161
2025-08-11 22:00:00,783.25,16.508
2025-08-11 22:30:00,783.29,16.858
2025-08-11 23:00:00,783.25,17.164
2025-08-11 23:30:00,783.21,17.409
2025-08-12 00:00:00,783.15,17.588
2025-08-12 00:30:00,782.98,17.716
2025-08-12 01:00:00,782.82,17.794
2025-08-12 01:30:00,782.79,17.814
2025-08-12 02:00:00,782.72,17.775
2025-08-12 02:30:00,782.64,17.684
2025-08-12 03:00:00,782.66,17.56
2025-08-12 03:30:00,782.77,17.412
2025-08-12 04:00:00,782.94,17.255
2025-08-12 04:30:00,782.98,17.096
2025-08-12 05:00:00,782.93,16.944
2025-08-12 05:30:00,782.84,16.79
2025-08-12 06:00:00,782.74,16.637
2025-08-12 06:30:00,782.68,16.484
2025-08-12 07:00:00,782.52,16.33
2025-08-12 07:30:00,782.4,16.176
2025-08-12 08:00:00,782.42,16.02
2025-08-12 08:30:00,782.45,15.865
2025-08-12 09:00:00,782.28,15.712
2025-08-12 09:30:00,782.26,15.561
2025-08-12 10:00:00,782.16,15.407
2025-08-12 10:30:00,782.11,15.256
2025-08-12 11:00:00,781.99,15.104
2025-08-12 11:30:00,781.99,14.952
2025-08-12 12:00:00,781.96,14.807
2025-08-12 12:30:00,781.94,14.656
2025-08-12 13:00:00,782.0,14.508
2025-08-12 13:30:00,782.08,14.36
2025-08-12 14:00:00,782.31,14.213
2025-08-12 14:30:00,782.37,14.07
2025-08-12 15:00:00,782.38,13.93
2025-08-12 15:30:00,782.39,13.803
2025-08-12 16:00:00,782.31,13.704
2025-08-12 16:30:00,782.22,13.617
2025-08-12 17:00:00,782.16,13.58
2025-08-12 17:30:00,782.04,13.66
2025-08-12 18:00:00,782.09,13.862
2025-08-12 18:30:00,782.17,14.119
2025-08-12 19:00:00,782.18,14.408
2025-08-12 19:30:00,782.16,14.757
2025-08-12 20:00:00,782.1,15.144
2025-08-12 20:30:00,782.22,15.519
2025-08-12 21:00:00,782.13,15.816
2025-08-12 21:30:00,782.11,16.051
2025-08-12 22:00:00,782.26,16.25
2025-08-12 22:30:00,782.39,16.386
2025-08-12 23:00:00,782.39,16.458
2025-08-12 23:30:00,781.96,16.484
2025-08-13 00:00:00,781.68,16.478
2025-08-13 00:30:00,781.71,16.465
2025-08-13 01:00:00,781.82,16.457
2025-08-13 01:30:00,781.7,16.438
2025-08-13 02:00:00,781.71,16.406
2025-08-13 02:30:00,781.74,16.359
2025-08-13 03:00:00,781.85,16.294
2025-08-13 03:30:00,782.03,16.213
2025-08-13 04:00:00,782.16,16.122
2025-08-13 04:30:00,782.18,16.019
2025-08-13 05:00:00,782.21,15.905
2025-08-13 05:30:00,782.05,15.781
2025-08-13 06:00:00,782.16,15.644
2025-08-13 06:30:00,782.2,15.493
2025-08-13 07:00:00,782.27,15.336
2025-08-13 07:30:00,782.25,15.174
2025-08-13 08:00:00,782.11,15.013
2025-08-13 08:30:00,782.34,14.855
2025-08-13 09:00:00,782.56,14.698
2025-08-13 09:30:00,782.59,14.554
2025-08-13 10:00:00,782.46,14.409
2025-08-13 10:30:00,782.43,14.267
2025-08-13 11:00:00,782.29,14.128
2025-08-13 11:30:00,782.26,13.992
2025-08-13 12:00:00,782.22,13.861
2025-08-13 12:30:00,782.23,13.727
2025-08-13 13:00:00,782.21,13.589
2025-08-13 13:30:00,782.31,13.451
2025-08-13 14:00:00,782.36,13.312
2025-08-13 14:30:00,782.37,13.176
2025-08-13 15:00:00,782.33,13.044
2025-08-13 15:30:00,782.1,12.922
2025-08-13 16:00:00,781.9,12.832
2025-08-13 16:30:00,781.73,12.759
2025-08-13 17:00:00,781.7,12.725
2025-08-13 17:30:00,781.73,12.802
2025-08-13 18:00:00,781.72,12.99
2025-08-13 18:30:00,781.72,13.255
2025-08-13 19:00:00,781.6,13.52
2025-08-13 19:30:00,781.57,13.846
2025-08-13 20:00:00,781.41,14.239
2025-08-13 20:30:00,781.49,14.681
2025-08-13 21:00:00,781.44,15.163
2025-08-13 21:30:00,781.33,15.646
2025-08-13 22:00:00,781.08,16.108
2025-08-13 22:30:00,781.07,16.512
2025-08-13 23:00:00,781.07,16.854
2025-08-13 23:30:00,780.97,17.13
2025-08-14 00:00:00,780.88,17.335
2025-08-14 00:30:00,780.77,17.469
2025-08-14 01:00:00,780.67,17.533
2025-08-14 01:30:00,780.53,17.525
2025-08-14 02:00:00,780.64,17.448
2025-08-14 02:30:00,780.62,17.314
2025-08-14 03:00:00,780.71,17.138
2025-08-14 03:30:00,780.8,16.946
2025-08-14 04:00:00,780.88,16.746
2025-08-14 04:30:00,781.01,16.548
2025-08-14 05:00:00,781.0,16.353
2025-08-14 05:30:00,780.84,16.162
2025-08-14 06:00:00,780.65,15.974
2025-08-14 06:30:00,780.61,15.788
2025-08-14 07:00:00,780.5,15.607
2025-08-14 07:30:00,780.38,15.429
2025-08-14 08:00:00,780.26,15.255
2025-08-14 08:30:00,780.0,15.09
2025-08-14 09:00:00,779.89,14.928
2025-08-14 09:30:00,779.81,14.768
2025-08-14 10:00:00,779.73,14.612
2025-08-14 10:30:00,779.68,14.457
2025-08-14 11:00:00,779.61,14.3
2025-08-14 11:30:00,779.6,14.145
2025-08-14 12:00:00,779.56,13.99
2025-08-14 12:30:00,779.61,13.834
2025-08-14 13:00:00,779.72,13.674
2025-08-14 13:30:00,779.77,13.516
2025-08-14 14:00:00,779.86,13.358
2025-08-14 14:30:00,779.86,13.203
2025-08-14 15:00:00,779.8,13.047
2025-08-14 15:30:00,779.7,12.907
2025-08-14 16:00:00,779.56,12.804
2025-08-14 16:30:00,779.49,12.711
2025-08-14 17:00:00,779.37,12.653
2025-08-14 17:30:00,779.42,12.714
2025-08-14 18:00:00,779.55,12.88
2025-08-14 18:30:00,779.46,13.113
2025-08-14 19:00:00,779.25,13.349
2025-08-14 19:30:00,779.08,13.641
2025-08-14 20:00:00,779.04,13.998
2025-08-14 20:30:00,778.99,14.413
2025-08-14 21:00:00,778.99,14.868
2025-08-14 21:30:00,778.84,15.335
2025-08-14 22:00:00,778.71,15.787
2025-08-14 22:30:00,778.58,16.193
2025-08-14 23:00:00,778.49,16.541
2025-08-14 23:30:00,778.31,16.83
2025-08-15 00:00:00,778.34,17.042
2025-08-15 00:30:00,778.41,17.178
2025-08-15 01:00:00,778.19,17.237
2025-08-15 01:30:00,778.2,17.222
2025-08-15 02:00:00,778.27,17.144
2025-08-15 02:30:00,778.41,17.006
2025-08-15 03:00:00,778.49,16.831
2025-08-15 03:30:00,778.37,16.635
2025-08-15 04:00:00,778.5,16.431
2025-08-15 04:30:00,778.52,16.227
2025-08-15 05:00:00,778.54,16.032
2025-08-15 05:30:00,778.6,15.844
2025-08-15 06:00:00,778.36,15.665
2025-08-15 06:30:00,778.26,15.49
2025-08-15 07:00:00,778.21,15.32
2025-08-15 07:30:00,778.05,15.151
2025-08-15 08:00:00,777.95,14.987
2025-08-15 08:30:00,777.81,14.826
2025-08-15 09:00:00,777.61,14.669
2025-08-15 09:30:00,777.33,14.512
2025-08-15 10:00:00,777.32,14.358
2025-08-15 10:30:00,777.29,14.204
2025-08-15 11:00:00,777.1,14.047
2025-08-15 11:30:00,777.08,13.894
2025-08-15 12:00:00,777.09,13.741
2025-08-15 12:30:00,777.25,13.591
2025-08-15 13:00:00,777.32,13.437
2025-08-15 13:30:00,777.45,13.288
2025-08-15 14:00:00,777.64,13.138
2025-08-15 14:30:00,777.63,12.995
2025-08-15 15:00:00,777.55,12.861
2025-08-15 15:30:00,777.57,12.739
2025-08-15 16:00:00,777.57,12.639
2025-08-15 16:30:00,777.58,12.563
2025-08-15 17:00:00,777.7,12.522
2025-08-15 17:30:00,777.92,12.597
2025-08-15 18:00:00,778.05,12.75
2025-08-15 18:30:00,778.03,12.951
2025-08-15 19:00:00,778.2,13.197
2025-08-15 19:30:00,778.27,13.509
2025-08-15 20:00:00,778.29,13.892
2025-08-15 20:30:00,778.37,14.314
2025-08-15 21:00:00,778.62,14.754
2025-08-15 21:30:00,778.62,15.209
2025-08-15 22:00:00,778.47,15.658
2025-08-15 22:30:00,778.5,16.072
2025-08-15 23:00:00,778.49,16.433
2025-08-15 23:30:00,778.56,16.733
2025-08-16 00:00:00,778.7,16.961
2025-08-16 00:30:00,778.73,17.111
2025-08-16 01:00:00,778.64,17.186
2025-08-16 01:30:00,778.64,17.189
2025-08-16 02:00:00,778.77,17.113
2025-08-16 02:30:00,778.82,16.978
2025-08-16 03:00:00,778.89,16.797
2025-08-16 03:30:00,779.02,16.593
2025-08-16 04:00:00,779.14,16.38
2025-08-16 04:30:00,779.27,16.166
2025-08-16 05:00:00,779.29,15.965
2025-08-16 05:30:00,779.21,15.772
2025-08-16 06:00:00,779.16,15.587
2025-08-16 06:30:00,779.15,15.409
2025-08-16 07:00:00,779.16,15.236
2025-08-16 07:30:00,779.07,15.066
2025-08-16 08:00:00,778.98,14.899
2025-08-16 08:30:00,778.77,14.736
2025-08-16 09:00:00,778.74,14.576
2025-08-16 09:30:00,778.82,14.423
2025-08-16 10:00:00,778.74,14.272
2025-08-16 10:30:00,778.63,14.123
2025-08-16 11:00:00,778.71,13.98
2025-08-16 11:30:00,778.6,13.837
2025-08-16 12:00:00,778.56,13.696
2025-08-16 12:30:00,778.68,13.556
2025-08-16 13:00:00,778.86,13.417
2025-08-16 13:30:00,779.05,13.279
2025-08-16 14:00:00,779.14,13.137
2025-08-16 14:30:00,779.26,13.001
2025-08-16 15:00:00,779.33,12.865
2025-08-16 15:30:00,779.28,12.741
2025-08-16 16:00:00,779.16,12.635
2025-08-16 16:30:00,779.25,12.553
2025-08-16 17:00:00,779.32,12.509
2025-08-16 17:30:00,779.3,12.575
2025-08-16 18:00:00,779.39,12.73
2025-08-16 18:30:00,779.49,12.928
2025-08-16 19:00:00,779.49,13.161
2025-08-16 19:30:00,779.46,13.451
2025-08-16 20:00:00,779.39,13.803
2025-08-16 20:30:00,779.62,14.21
2025-08-16 21:00:00,779.64,14.671
2025-08-16 21:30:00,779.53,15.144
2025-08-16 22:00:00,779.5,15.58
2025-08-16 22:30:00,779.55,15.968
2025-08-16 23:00:00,779.24,16.311
2025-08-16 23:30:00,779.36,16.584
2025-08-17 00:00:00,779.38,16.768
2025-08-17 00:30:00,779.48,16.873
2025-08-17 01:00:00,779.43,16.916
2025-08-17 01:30:00,779.21,16.883
2025-08-17 02:00:00,779.3,16.788
2025-08-17 02:30:00,779.36,16.64
2025-08-17 03:00:00,779.43,16.455
2025-08-17 03:30:00,779.41,16.251
2025-08-17 04:00:00,779.63,16.037
2025-08-17 04:30:00,779.64,15.83
2025-08-17 05:00:00,779.55,15.629
2025-08-17 05:30:00,779.59,15.435
2025-08-17 06:00:00,779.56,15.248
2025-08-17 06:30:00,779.49,15.068
2025-08-17 07:00:00,779.34,14.89
2025-08-17 07:30:00,779.35,14.716
2025-08-17 08:00:00,779.31,14.546
2025-08-17 08:30:00,779.17,14.376
2025-08-17 09:00:00,779.0,14.211
2025-08-17 09:30:00,779.01,14.048
2025-08-17 10:00:00,779.03,13.891
2025-08-17 10:30:00,779.06,13.732
2025-08-17 11:00:00,779.08,13.579
2025-08-17 11:30:00,779.0,13.426
2025-08-17 12:00:00,778.94,13.277
2025-08-17 12:30:00,779.04,13.127
2025-08-17 13:00:00,779.16,12.977
2025-08-17 13:30:00,779.33,12.823
2025-08-17 14:00:00,779.58,12.675
2025-08-17 14:30:00,779.62,12.527
2025-08-17 15:00:00,779.49,12.381
2025-08-17 15:30:00,779.38,12.246
2025-08-17 16:00:00,779.1,12.131
2025-08-17 16:30:00,778.98,12.041
2025-08-17 17:00:00,778.81,11.997
2025-08-17 17:30:00,778.81,12.062
2025-08-17 18:00:00,778.82,12.205
2025-08-17 18:30:00,778.83,12.398
2025-08-17 19:00:00,778.7,12.625
2025-08-17 19:30:00,778.68,12.908
2025-08-17 20:00:00,778.64,13.26
2025-08-17 20:30:00,778.83,13.664
2025-08-17 21:00:00,778.75,14.117
2025-08-17 21:30:00,778.75,14.606
2025-08-17 22:00:00,778.64,15.077
2025-08-17 22:30:00,778.55,15.499
2025-08-17 23:00:00,778.32,15.846
2025-08-17 23:30:00,778.43,16.117
2025-08-18 00:00:00,778.54,16.307
2025-08-18 00:30:00,778.58,16.41
2025-08-18 01:00:00,778.61,16.44
2025-08-18 01:30:00,778.57,16.409
2025-08-18 02:00:00,778.7,16.33
2025-08-18 02:30:00,778.82,16.206
2025-08-18 03:00:00,778.76,16.045
2025-08-18 03:30:00,778.81,15.869
2025-08-18 04:00:00,778.9,15.685
2025-08-18 04:30:00,778.97,15.503
2025-08-18 05:00:00,778.86,15.328
2025-08-18 05:30:00,778.73,15.157
2025-08-18 06:00:00,778.74,14.99
2025-08-18 06:30:00,778.78,14.827
2025-08-18 07:00:00,778.74,14.664
2025-08-18 07:30:00,778.86,14.501
2025-08-18 08:00:00,778.71,14.339
2025-08-18 08:30:00,778.75,14.173
2025-08-18 09:00:00,778.83,14.007
2025-08-18 09:30:00,778.86,13.844
2025-08-18 10:00:00,779.03,13.682
2025-08-18 10:30:00,779.0,13.521
2025-08-18 11:00:00,778.84,13.36
2025-08-18 11:30:00,778.94,13.198
2025-08-18 12:00:00,778.95,13.035
2025-08-18 12:30:00,779.1,12.87
2025-08-18 13:00:00,779.24,12.704
2025-08-18 13:30:00,779.54,12.536
2025-08-18 14:00:00,779.64,12.366
2025-08-18 14:30:00,779.64,12.191
2025-08-18 15:00:00,779.64,12.018
2025-08-18 15:30:00,779.65,11.855
2025-08-18 16:00:00,779.53,11.706
2025-08-18 16:30:00,779.48,11.587
2025-08-18 17:00:00,779.55,11.52
2025-08-18 17:30:00,779.62,11.574
2025-08-18 18:00:00,779.73,11.7
2025-08-18 18:30:00,779.67,11.877
2025-08-18 19:00:00,779.68,12.105
2025-08-18 19:30:00,779.72,12.409
2025-08-18 20:00:00,779.77,12.779
2025-08-18 20:30:00,779.96,13.222
2025-08-18 21:00:00,780.07,13.719
2025-08-18 21:30:00,780.26,14.239
2025-08-18 22:00:00,779.93,14.747
2025-08-18 22:30:00,780.07,15.213
2025-08-18 23:00:00,779.9,15.622
2025-08-18 23:30:00,779.76,15.964
2025-08-19 00:00:00,779.83,16.233
2025-08-19 00:30:00,779.83,16.415
2025-08-19 01:00:00,779.86,16.52
2025-08-19 01:30:00,779.9,16.543
2025-08-19 02:00:00,780.01,16.495
2025-08-19 02:30:00,780.11,16.386
2025-08-19 03:00:00,780.19,16.235
2025-08-19 03:30:00,780.38,16.059
2025-08-19 04:00:00,780.51,15.868
2025-08-19 04:30:00,780.51,15.672
2025-08-19 05:00:00,780.39,15.473
2025-08-19 05:30:00,780.35,15.279
2025-08-19 06:00:00,780.37,15.087
2025-08-19 06:30:00,780.63,14.897
2025-08-19 07:00:00,780.76,14.709
2025-08-19 07:30:00,780.9,14.524
2025-08-19 08:00:00,780.73,14.343
2025-08-19 08:30:00,780.65,14.161
2025-08-19 09:00:00,780.54,13.985
2025-08-19 09:30:00,780.66,13.811
2025-08-19 10:00:00,780.68,13.638
2025-08-19 10:30:00,780.71,13.463
2025-08-19 11:00:00,780.72,13.288
2025-08-19 11:30:00,780.59,13.113
2025-08-19 12:00:00,780.64,12.94
2025-08-19 12:30:00,780.82,12.767
2025-08-19 13:00:00,780.77,12.594
2025-08-19 13:30:00,780.96,12.421
2025-08-19 14:00:00,781.11,12.249
2025-08-19 14:30:00,781.24,12.075
2025-08-19 15:00:00,781.33,11.912
2025-08-19 15:30:00,781.38,11.759
2025-08-19 16:00:00,781.29,11.63
2025-08-19 16:30:00,781.26,11.528
2025-08-19 17:00:00,781.38,11.48
2025-08-19 17:30:00,781.4,11.567
2025-08-19 18:00:00,781.43,11.718
2025-08-19 18:30:00,781.55,11.914
2025-08-19 19:00:00,781.47,12.159
2025-08-19 19:30:00,781.66,12.458
2025-08-19 20:00:00,781.68,12.817
2025-08-19 20:30:00,781.66,13.231
2025-08-19 21:00:00,781.76,13.682
2025-08-19 21:30:00,781.76,14.152
2025-08-19 22:00:00,781.76,14.621
2025-08-19 22:30:00,781.66,15.047
2025-08-19 23:00:00,781.56,15.418
2025-08-19 23:30:00,781.61,15.735
